gate_value,label,rsa
0.00011168908,0.0,0.0
0.00041817417,0.0,0.0
2.7993852e-05,0.0,1.0
0.00020628652,0.0,0.0
0.00013568229,0.0,0.0
0.00018376231,0.0,0.0
0.02847045,0.0,1.0
0.00016381187,0.0,0.0
0.5462609,0.0,0.0
0.0008528258,0.0,0.0
0.003864468,0.0,1.0
0.66206914,0.0,0.0
0.012320794,0.0,0.0
0.000609251,0.0,0.0
0.019350963,0.0,0.0
3.171481e-05,0.0,0.0
1.6713833e-05,0.0,0.0
0.0093657905,0.0,0.0
0.03295333,0.0,0.0
0.00040765863,0.0,0.0
0.61058617,0.0,0.0
0.037668567,0.0,0.0
0.0021419076,0.0,0.0
0.033525072,0.0,0.0
0.013096719,0.0,0.0
0.00025959028,0.0,0.0
0.002786572,0.0,0.0
4.3637803e-05,0.0,0.0
0.0039449306,0.0,0.0
0.022293445,0.0,0.0
9.126648e-05,0.0,0.0
0.01894781,0.0,0.0
7.71061e-05,0.0,0.0
0.0003667493,0.0,0.0
0.0026908643,0.0,0.0
0.0014281363,0.0,0.0
0.00024077116,0.0,0.0
0.0005688196,0.0,0.0
0.0050381115,0.0,0.0
5.709218e-05,0.0,0.0
0.0020566776,0.0,0.0
0.12016858,0.0,0.0
0.00010557303,0.0,0.0
0.0017988562,0.0,1.0
0.025769552,0.0,0.0
0.030561084,0.0,0.0
6.625263e-05,0.0,0.0
0.08112195,0.0,0.0
4.703736e-05,0.0,0.0
0.0016240599,0.0,0.0
0.000356484,0.0,0.0
0.00055852917,0.0,0.0
4.711282e-05,0.0,0.0
0.0020638392,0.0,0.0
0.00036696807,0.0,1.0
0.0008513035,0.0,0.0
2.7013497e-05,0.0,1.0
0.00010189494,0.0,1.0
9.2273716e-05,0.0,0.0
0.00026363216,0.0,0.0
0.0012077361,0.0,0.0
0.0048469827,0.0,0.0
0.98523116,0.0,0.0
0.0009599852,0.0,0.0
1.51567165e-05,0.0,0.0
6.6817185e-05,0.0,0.0
7.855788e-05,0.0,0.0
1.9126071e-05,0.0,1.0
0.0035615375,1.0,1.0
0.0010486037,0.0,0.0
0.010236894,1.0,0.0
0.00036662907,1.0,0.0
0.8391462,0.0,0.0
3.2457687e-05,0.0,0.0
4.562168e-05,0.0,0.0
5.1078234e-05,0.0,0.0
4.876227e-05,0.0,0.0
0.0006562471,0.0,0.0
0.0036074077,0.0,0.0
6.810817e-06,0.0,0.0
0.6941307,0.0,0.0
0.0037008354,0.0,0.0
0.0017331928,0.0,0.0
0.0047282274,0.0,0.0
0.00082807045,0.0,0.0
0.00016633605,0.0,0.0
0.00015060016,0.0,0.0
0.00015795096,0.0,0.0
7.315488e-05,0.0,0.0
0.24734877,0.0,0.0
0.007648859,0.0,0.0
0.00013808873,0.0,0.0
4.802949e-05,0.0,1.0
0.00030073329,0.0,0.0
0.014880725,0.0,0.0
0.0074195853,0.0,0.0
0.00022499527,0.0,0.0
0.002559765,0.0,0.0
0.0017446207,0.0,0.0
0.004402081,0.0,0.0
3.9695366e-05,0.0,0.0
8.3078594e-05,0.0,0.0
0.003168427,0.0,0.0
6.843957e-05,0.0,0.0
0.035856776,0.0,0.0
0.23356587,0.0,0.0
0.004798326,0.0,0.0
1.2953726e-05,0.0,0.0
1.1349151e-05,0.0,1.0
4.6895725e-06,0.0,0.0
2.2052067e-05,0.0,1.0
0.00014889355,0.0,0.0
0.0003672123,0.0,0.0
0.00043130186,0.0,0.0
0.0008685514,0.0,0.0
0.026446264,0.0,0.0
0.0037297409,0.0,0.0
0.08202546,0.0,0.0
1.4597781e-05,0.0,0.0
0.10471135,0.0,0.0
1.1261326e-05,0.0,0.0
9.617035e-05,0.0,0.0
1.788902e-06,1.0,0.0
0.000867658,0.0,0.0
6.32377e-05,1.0,0.0
0.9437996,0.0,0.0
0.0049475115,1.0,0.0
0.00080328947,0.0,1.0
0.0005236629,0.0,0.0
0.003983324,0.0,0.0
0.00038233912,0.0,0.0
0.00030357332,0.0,0.0
0.0018064738,0.0,0.0
0.00021618098,0.0,0.0
0.00037214495,0.0,0.0
0.00026505333,0.0,0.0
0.0024888597,0.0,1.0
0.013282166,0.0,0.0
0.00010733451,0.0,0.0
0.011479863,0.0,0.0
2.0166548e-05,0.0,0.0
0.000288814,0.0,0.0
0.001249237,0.0,0.0
6.318905e-05,0.0,0.0
0.0040491717,0.0,0.0
7.756037e-05,0.0,0.0
0.80326205,0.0,1.0
3.7943316e-06,0.0,1.0
0.00012594793,0.0,1.0
0.00032040942,0.0,1.0
0.72494775,0.0,0.0
0.00017567219,0.0,0.0
0.0003966251,0.0,1.0
1.3121125e-05,0.0,1.0
0.0038046371,0.0,1.0
0.00020455313,0.0,1.0
0.00020432507,0.0,0.0
0.00016008966,0.0,0.0
1.0085745e-05,0.0,0.0
0.004043314,0.0,0.0
0.0014416656,1.0,0.0
2.267949e-05,1.0,1.0
1.2761343e-05,1.0,0.0
2.6039746e-05,1.0,0.0
0.015930258,0.0,0.0
0.00010434798,0.0,0.0
0.0013710812,0.0,0.0
3.189698e-05,0.0,1.0
0.0002529216,0.0,1.0
0.00024041926,0.0,0.0
1.4233625e-05,0.0,0.0
0.000116988485,0.0,0.0
6.2499007e-06,0.0,1.0
2.6906875e-05,0.0,0.0
1.0286805e-05,0.0,0.0
1.7294738e-06,0.0,0.0
0.00019799721,0.0,0.0
3.2156557e-05,0.0,0.0
7.466551e-05,0.0,0.0
1.244003e-05,0.0,0.0
8.491826e-05,0.0,0.0
0.041418668,0.0,0.0
2.287424e-05,0.0,0.0
7.725249e-05,0.0,0.0
5.6077057e-05,0.0,0.0
5.379176e-05,0.0,0.0
0.0010806492,0.0,0.0
9.636004e-06,0.0,0.0
2.4329134e-05,0.0,0.0
0.0003998025,0.0,0.0
0.0049245567,0.0,0.0
0.07380244,0.0,0.0
4.8053265e-05,0.0,0.0
5.2168423e-05,0.0,0.0
0.00089982187,0.0,0.0
0.0025468003,1.0,0.0
3.8587328e-05,1.0,0.0
0.013464619,1.0,1.0
6.419944e-05,1.0,1.0
0.00087468186,0.0,0.0
0.00046284284,1.0,0.0
0.11557763,0.0,0.0
7.603052e-05,0.0,0.0
0.019972749,0.0,0.0
0.0004302002,0.0,1.0
0.17256673,0.0,0.0
0.00033529356,0.0,1.0
0.002039901,0.0,1.0
5.3172525e-06,0.0,0.0
0.0005896428,0.0,1.0
2.8681528e-05,0.0,1.0
0.00020665937,0.0,0.0
1.1925227e-05,0.0,0.0
0.00037629067,0.0,0.0
0.0038023153,0.0,0.0
0.004044728,0.0,0.0
6.099431e-05,0.0,0.0
4.3744338e-05,0.0,0.0
0.0053995526,0.0,0.0
0.00014135595,0.0,0.0
0.0001765033,0.0,0.0
0.014673084,0.0,0.0
7.318871e-05,0.0,0.0
0.0002736181,0.0,0.0
4.3231423e-05,0.0,0.0
0.020108666,0.0,0.0
1.1491726e-05,0.0,0.0
0.00039034718,0.0,0.0
7.765302e-05,0.0,0.0
0.0006539458,0.0,0.0
0.04015504,0.0,0.0
0.0004267203,0.0,0.0
0.0001631321,0.0,0.0
0.007266079,0.0,0.0
0.010303894,0.0,0.0
7.907724e-05,0.0,0.0
0.00011668879,0.0,0.0
0.08903404,0.0,0.0
8.172127e-06,0.0,0.0
0.034756575,0.0,0.0
0.0017767999,0.0,0.0
0.00010939127,0.0,0.0
8.789961e-06,0.0,0.0
0.0002987381,0.0,0.0
3.3607947e-05,1.0,0.0
1.7140512e-05,1.0,0.0
3.980906e-05,1.0,0.0
0.2446999,1.0,0.0
2.1049838e-05,0.0,0.0
0.000108077584,0.0,0.0
0.00019424352,0.0,1.0
0.0024491234,0.0,1.0
6.6362714e-05,0.0,0.0
0.00033889138,0.0,0.0
2.675271e-06,0.0,0.0
2.5277797e-05,0.0,0.0
0.9463979,0.0,0.0
2.6992639e-05,0.0,0.0
0.0031366288,0.0,0.0
6.631868e-05,0.0,0.0
2.0698413e-05,0.0,0.0
0.0029512725,0.0,0.0
2.2673561e-05,0.0,0.0
5.9477493e-06,0.0,1.0
0.00464812,0.0,0.0
9.172873e-05,0.0,0.0
0.025387134,0.0,0.0
0.00032606503,0.0,0.0
0.0011750264,0.0,0.0
0.00011413577,1.0,0.0
0.0004993627,0.0,0.0
0.0010517306,0.0,1.0
0.00015416421,0.0,0.0
2.3636323e-05,1.0,1.0
0.0067266235,1.0,1.0
0.00014422879,1.0,1.0
0.024474777,0.0,1.0
0.0071845036,0.0,0.0
0.00934441,1.0,0.0
0.00022323195,0.0,0.0
0.00078652514,0.0,0.0
0.0056185923,0.0,0.0
0.017071718,0.0,0.0
0.0004123348,0.0,0.0
0.00285288,0.0,0.0
0.00039577135,0.0,0.0
4.28359e-05,0.0,0.0
0.010066952,0.0,0.0
0.00020562042,0.0,0.0
0.0007513608,0.0,0.0
5.4434304e-06,0.0,0.0
0.0001547256,0.0,0.0
0.00029735797,0.0,0.0
0.46280432,0.0,0.0
7.093588e-05,0.0,0.0
0.00046206062,0.0,0.0
0.0019756537,0.0,0.0
0.0055520646,0.0,0.0
3.9830207e-05,0.0,0.0
0.00025158608,0.0,0.0
0.0011982722,0.0,0.0
2.6873691e-05,0.0,0.0
0.004649625,0.0,0.0
0.0001358823,0.0,0.0
0.0047877994,0.0,0.0
9.139895e-05,0.0,0.0
5.1897943e-05,0.0,0.0
0.0002450216,0.0,0.0
6.1198756e-05,0.0,0.0
0.15590133,0.0,0.0
0.09307006,0.0,0.0
0.00036338318,0.0,1.0
0.0023591646,0.0,0.0
0.017642215,0.0,0.0
0.0004104136,0.0,0.0
0.0020796857,0.0,0.0
0.27305135,0.0,0.0
0.03940511,0.0,0.0
0.0003094722,0.0,0.0
0.002344187,0.0,0.0
0.005565582,0.0,0.0
0.00022225546,1.0,0.0
0.0022384718,0.0,1.0
0.0019348641,1.0,0.0
0.0015922331,1.0,0.0
0.0008377523,0.0,0.0
0.00035455753,1.0,0.0
0.00087603385,1.0,0.0
0.00064239954,0.0,0.0
0.9843843,0.0,0.0
0.00041047952,0.0,0.0
0.00020475256,0.0,0.0
0.00018094319,0.0,0.0
0.15267563,0.0,0.0
0.00014878556,0.0,0.0
0.17429382,0.0,0.0
0.006748399,0.0,0.0
0.00405177,0.0,0.0
0.00034484628,0.0,0.0
0.0030223902,0.0,0.0
0.0026088008,0.0,0.0
5.102468e-05,0.0,0.0
0.0035231253,0.0,0.0
0.035734653,0.0,0.0
0.00018952866,0.0,0.0
0.0021185523,0.0,0.0
0.073386505,0.0,0.0
1.5812542e-05,0.0,0.0
0.00026330206,0.0,0.0
0.0036118322,0.0,0.0
0.0006502183,0.0,0.0
0.0019137602,0.0,0.0
0.15205336,0.0,0.0
0.0005202799,0.0,0.0
0.00018531248,0.0,0.0
0.017108677,0.0,0.0
0.001150511,1.0,1.0
0.00083117245,1.0,1.0
0.0029723125,1.0,1.0
0.005399248,0.0,0.0
0.009885259,0.0,0.0
0.00020893507,0.0,0.0
0.001852496,0.0,0.0
0.0061291014,0.0,0.0
0.007415681,0.0,0.0
0.0017001646,0.0,0.0
8.88917e-05,0.0,0.0
0.00021030456,0.0,0.0
8.502036e-05,0.0,0.0
0.0050798873,0.0,0.0
7.9652425e-05,0.0,0.0
4.941454e-05,0.0,0.0
0.00033240614,0.0,0.0
6.2982224e-05,0.0,0.0
0.00085540494,0.0,0.0
0.017069174,0.0,0.0
0.0021264155,0.0,0.0
1.898605e-05,0.0,0.0
2.9528414e-05,0.0,0.0
0.0015970529,0.0,0.0
0.013494874,0.0,0.0
0.0033621467,1.0,0.0
0.00026475757,0.0,0.0
0.0012428459,1.0,0.0
0.015484219,1.0,0.0
0.0016253105,1.0,0.0
0.012374148,1.0,1.0
0.00040379766,1.0,0.0
0.0006873197,1.0,0.0
0.013785968,1.0,0.0
0.0014889997,0.0,0.0
0.010907682,1.0,0.0
7.281906e-05,1.0,0.0
0.003396953,0.0,0.0
0.0029729598,0.0,0.0
0.0013364136,1.0,0.0
0.001832765,0.0,0.0
0.00014063076,0.0,0.0
0.00016016081,0.0,0.0
1.5750926e-05,0.0,0.0
0.0063823583,0.0,0.0
1.876613e-05,0.0,0.0
7.808117e-05,0.0,0.0
0.00019742339,0.0,0.0
0.0005735535,0.0,0.0
0.013284707,0.0,0.0
0.016181413,0.0,0.0
0.0018234643,0.0,0.0
0.00030296706,0.0,0.0
0.00013745237,0.0,1.0
0.0010373594,0.0,0.0
0.002884856,0.0,0.0
0.0010250029,0.0,0.0
0.0006889875,0.0,0.0
0.00098268,0.0,0.0
0.0075775,0.0,0.0
0.0020379655,0.0,0.0
0.00021241693,0.0,0.0
0.0049188444,0.0,0.0
0.010609769,0.0,0.0
0.00044479145,0.0,0.0
0.0010724533,0.0,0.0
0.00021647738,1.0,0.0
0.0048366687,1.0,0.0
0.03308319,1.0,0.0
0.0017268354,1.0,0.0
0.10576856,0.0,0.0
0.012719066,0.0,0.0
0.0062654684,1.0,0.0
0.0039813737,0.0,0.0
1.2380629e-05,0.0,0.0
0.00017017523,0.0,0.0
0.0007436713,0.0,0.0
0.007246843,0.0,0.0
0.0009387473,0.0,0.0
0.0015877942,0.0,0.0
0.00092065433,0.0,0.0
0.10869286,0.0,0.0
0.002535807,0.0,0.0
0.006651697,0.0,0.0
0.014937274,0.0,0.0
0.0063574202,0.0,0.0
0.00014285826,0.0,0.0
0.00079427694,0.0,0.0
0.036542885,0.0,0.0
0.0030984432,0.0,0.0
0.00063818245,0.0,0.0
0.0073755947,0.0,0.0
0.00036850513,0.0,0.0
0.0004091897,0.0,1.0
0.00023603452,0.0,1.0
0.03539544,0.0,0.0
7.335949e-05,0.0,0.0
0.000515249,0.0,0.0
0.0003084739,0.0,0.0
0.007362716,0.0,0.0
0.0035060914,0.0,0.0
1.9967847e-05,0.0,0.0
0.00022735445,0.0,0.0
0.0019452939,0.0,0.0
0.0013164118,0.0,1.0
0.00011090087,0.0,1.0
0.00082795764,0.0,1.0
0.00016993996,0.0,0.0
1.2604351e-05,0.0,0.0
0.0014878856,0.0,0.0
0.0027401156,0.0,0.0
0.02087747,0.0,0.0
0.03964564,0.0,0.0
0.00096900656,0.0,1.0
0.00019320655,0.0,1.0
0.0015019816,0.0,1.0
0.0067526703,0.0,0.0
0.023929432,0.0,0.0
0.0018689441,0.0,0.0
0.00027119444,0.0,0.0
0.0023614238,0.0,0.0
0.0003365916,0.0,0.0
4.204994e-05,0.0,0.0
5.343183e-05,0.0,0.0
3.946343e-05,0.0,0.0
9.458285e-05,0.0,0.0
0.00021694621,0.0,0.0
0.0006179959,0.0,0.0
0.0021362202,0.0,0.0
0.00022541678,0.0,0.0
0.0006952622,0.0,0.0
0.016130835,0.0,0.0
0.014651136,0.0,0.0
0.00033236938,0.0,0.0
0.002936843,0.0,0.0
0.7545932,0.0,0.0
0.0053176554,0.0,0.0
0.45010057,0.0,0.0
0.0025355453,0.0,0.0
0.0004897829,0.0,1.0
0.00027089647,0.0,1.0
0.0068886,0.0,0.0
0.03184657,0.0,0.0
0.12866056,0.0,0.0
0.07636287,0.0,0.0
0.0056867455,0.0,0.0
0.03208996,0.0,0.0
0.13979171,0.0,1.0
0.011695731,0.0,1.0
0.022666749,0.0,0.0
0.05784813,0.0,0.0
0.0007133101,0.0,0.0
2.8287384e-05,0.0,0.0
0.12732202,0.0,0.0
0.1589603,0.0,0.0
0.07315921,0.0,0.0
0.060125694,0.0,0.0
0.5934553,0.0,0.0
0.0045692837,0.0,0.0
2.2605813e-05,0.0,0.0
0.054162942,0.0,0.0
0.0014197418,0.0,0.0
0.27886698,0.0,0.0
0.09000766,0.0,0.0
4.960041e-05,0.0,0.0
0.0037355816,0.0,0.0
0.0025648982,0.0,0.0
0.022307996,0.0,0.0
0.29722452,0.0,0.0
0.22792311,0.0,0.0
0.0025884397,0.0,0.0
0.007279171,0.0,0.0
0.019393936,0.0,0.0
0.0022294312,0.0,0.0
0.0022245687,0.0,0.0
0.00029387645,0.0,0.0
0.0045977836,0.0,0.0
0.011647395,0.0,0.0
0.00019078114,0.0,0.0
0.054699834,0.0,0.0
0.052457668,0.0,0.0
0.00013935621,0.0,0.0
0.099468015,0.0,0.0
0.9773172,0.0,0.0
0.011536113,0.0,0.0
0.036640193,0.0,0.0
0.00717553,0.0,0.0
0.06043614,0.0,0.0
0.002653978,0.0,0.0
0.0118224975,0.0,0.0
0.0064785546,0.0,0.0
0.0031620807,0.0,0.0
3.346639e-05,0.0,0.0
0.00052927947,0.0,0.0
0.00024575018,1.0,0.0
0.00047657994,0.0,0.0
0.0008168619,1.0,0.0
0.016005369,0.0,0.0
0.08383691,0.0,0.0
0.0040885126,0.0,0.0
0.0018409226,0.0,0.0
0.0012925608,0.0,0.0
0.0061871354,0.0,0.0
0.058215853,0.0,0.0
0.036863033,0.0,0.0
0.031866983,0.0,0.0
0.043200202,0.0,0.0
0.015646895,0.0,0.0
0.000112253045,0.0,0.0
0.0017536944,0.0,0.0
0.027100522,0.0,0.0
0.13993716,0.0,0.0
0.0062545286,0.0,0.0
0.044635843,0.0,0.0
0.00070866616,0.0,0.0
0.0047418997,0.0,0.0
0.027399449,0.0,0.0
0.77761465,0.0,0.0
0.0006863425,0.0,0.0
0.003479411,0.0,0.0
0.029820347,0.0,0.0
0.016097594,0.0,0.0
0.000729543,1.0,0.0
0.005867079,0.0,0.0
0.02605748,0.0,0.0
0.0004762187,1.0,0.0
0.00072470354,1.0,0.0
1.3205131e-05,1.0,0.0
0.029286036,0.0,0.0
0.2323423,0.0,0.0
0.008528998,0.0,0.0
0.024659045,0.0,0.0
0.0014557483,0.0,0.0
0.028202513,0.0,0.0
0.0023837755,0.0,0.0
0.00028945407,0.0,0.0
0.015227928,0.0,0.0
0.75398797,0.0,0.0
0.013862057,0.0,0.0
0.0019027232,0.0,0.0
0.96882933,0.0,0.0
0.038376737,0.0,0.0
0.020077994,0.0,0.0
0.004044782,0.0,0.0
0.3348598,0.0,1.0
0.019533988,0.0,0.0
0.0028434994,0.0,0.0
0.012622886,0.0,0.0
0.01795219,0.0,0.0
0.00033896553,0.0,0.0
0.003754668,0.0,0.0
0.0045216377,0.0,0.0
0.0031519006,0.0,0.0
0.00025465994,0.0,0.0
0.021985503,0.0,1.0
0.0026397642,0.0,1.0
0.0011133724,0.0,1.0
0.0061989916,0.0,0.0
0.0047170077,0.0,0.0
0.001105045,0.0,0.0
0.000768839,0.0,0.0
0.0012188955,0.0,0.0
0.13778761,0.0,0.0
0.022741344,0.0,0.0
0.03379093,0.0,0.0
6.259895e-05,0.0,0.0
0.0033599043,0.0,0.0
0.0006852438,0.0,0.0
7.848704e-05,0.0,0.0
0.19867145,0.0,0.0
0.20359597,0.0,0.0
0.053759255,0.0,0.0
0.0062081637,0.0,0.0
0.044971704,0.0,0.0
0.0011382836,0.0,0.0
0.05995131,0.0,0.0
0.0023799164,0.0,0.0
0.0019339997,0.0,1.0
0.0156349,0.0,0.0
0.019548664,0.0,0.0
0.0074135405,0.0,1.0
0.0011564879,0.0,0.0
0.00011914361,0.0,0.0
0.029258167,0.0,0.0
0.00022019574,0.0,0.0
0.0004465873,0.0,0.0
0.07046698,0.0,0.0
0.0005678883,0.0,0.0
0.0022642144,0.0,0.0
0.0007152887,0.0,0.0
0.005823664,0.0,0.0
0.00023910892,1.0,0.0
0.005484375,0.0,0.0
0.117024474,0.0,0.0
0.002639214,1.0,0.0
0.010649536,0.0,0.0
0.00022458374,0.0,0.0
0.0065942933,0.0,0.0
5.006675e-05,0.0,0.0
0.26814085,0.0,0.0
0.00059491413,0.0,0.0
0.0007133071,0.0,0.0
0.0011720491,0.0,0.0
0.0015109516,0.0,0.0
0.0003803979,0.0,0.0
0.09733703,0.0,0.0
0.17630132,1.0,0.0
0.01469563,0.0,0.0
0.0074149477,0.0,0.0
0.0054756533,0.0,0.0
0.0012413126,0.0,0.0
0.00023991712,0.0,0.0
2.5717733e-05,0.0,0.0
0.06275455,0.0,0.0
0.013322866,0.0,0.0
1.0952016e-05,0.0,0.0
0.00013483646,0.0,0.0
0.0059807384,0.0,0.0
0.01048587,0.0,0.0
0.00096430234,0.0,0.0
0.98064524,0.0,0.0
7.730753e-05,1.0,0.0
0.0033512644,1.0,0.0
0.004870319,0.0,0.0
0.0045908317,0.0,0.0
0.0029462818,1.0,0.0
0.00070794823,0.0,0.0
0.0034909141,0.0,0.0
0.0004355913,1.0,0.0
0.00015134527,1.0,0.0
0.041010655,0.0,0.0
0.00020819173,0.0,0.0
0.026830066,0.0,0.0
0.0012012777,0.0,0.0
0.00010863336,0.0,0.0
5.7942445e-05,0.0,0.0
0.001959481,0.0,0.0
0.0003205503,0.0,0.0
0.0039687622,0.0,0.0
0.021369541,0.0,0.0
0.021299131,1.0,0.0
0.02789018,0.0,0.0
0.0032626048,0.0,0.0
0.00073433947,0.0,0.0
0.00065110595,0.0,0.0
4.5074463e-05,0.0,0.0
0.00014907411,0.0,0.0
0.027063621,0.0,0.0
0.101107106,0.0,0.0
0.0018286611,0.0,0.0
0.023898588,1.0,0.0
8.8879155e-05,0.0,0.0
0.019255774,1.0,0.0
9.1594644e-05,0.0,0.0
0.019741673,0.0,0.0
0.0034486954,1.0,0.0
0.0031155774,1.0,0.0
0.0015389279,0.0,0.0
0.007877384,0.0,0.0
0.000115046096,1.0,0.0
0.0012226758,0.0,0.0
0.15901835,0.0,0.0
4.7452348e-05,1.0,0.0
0.0012142378,1.0,0.0
0.019020697,0.0,0.0
0.029803861,1.0,0.0
0.008771013,0.0,0.0
0.0015088465,1.0,0.0
0.010187582,0.0,0.0
0.00037610345,0.0,0.0
0.0011595412,0.0,0.0
0.00027510463,0.0,0.0
0.000109476845,0.0,0.0
0.05511974,0.0,0.0
0.002639862,0.0,0.0
0.03294596,0.0,0.0
5.6714176e-05,0.0,0.0
0.00050666346,0.0,0.0
0.012561967,0.0,0.0
0.00016328275,0.0,0.0
8.933613e-05,0.0,0.0
0.026329577,0.0,0.0
0.006910916,0.0,0.0
0.00010176338,0.0,0.0
0.00012402072,0.0,0.0
0.004172798,0.0,0.0
0.0011409911,0.0,0.0
0.0015604405,0.0,1.0
0.0008157425,0.0,1.0
0.0026141491,0.0,1.0
1.7755337e-05,0.0,0.0
0.00030532826,0.0,0.0
0.00076959026,0.0,0.0
0.00076111185,0.0,0.0
0.001610865,0.0,0.0
0.0026203217,0.0,0.0
5.909973e-05,0.0,0.0
0.00010914391,1.0,0.0
0.00013226453,0.0,0.0
0.98561424,0.0,0.0
0.00060923444,1.0,0.0
0.0014870316,1.0,0.0
0.0031731804,0.0,0.0
0.2050137,1.0,0.0
0.02745602,1.0,0.0
0.0030690636,0.0,0.0
0.35244918,0.0,0.0
0.003450005,1.0,0.0
0.0034009588,1.0,0.0
0.007824954,0.0,0.0
0.05770258,1.0,0.0
0.17580187,1.0,0.0
0.0027242582,1.0,0.0
0.013992017,0.0,0.0
0.16620646,0.0,0.0
0.0029070931,1.0,0.0
0.004281342,0.0,0.0
0.054227915,0.0,0.0
0.024696771,0.0,0.0
0.0004130081,1.0,0.0
0.0041005155,0.0,0.0
0.0075465874,0.0,0.0
0.0046078525,0.0,0.0
0.25061774,0.0,0.0
0.0105323065,0.0,0.0
0.15379721,0.0,0.0
0.42806393,0.0,0.0
0.2881624,0.0,0.0
0.0522859,0.0,0.0
0.0051704478,0.0,0.0
0.20824069,0.0,0.0
0.055538107,0.0,0.0
0.057573467,0.0,0.0
0.003955522,0.0,0.0
0.0037081847,0.0,0.0
0.0007377487,0.0,0.0
0.0001785823,0.0,0.0
0.00023076443,0.0,0.0
0.00037353058,0.0,1.0
0.0034290452,0.0,1.0
0.00015653275,0.0,1.0
0.0017791222,0.0,0.0
0.0005827967,0.0,0.0
0.0033816674,0.0,1.0
0.04788292,0.0,1.0
0.044018544,0.0,0.0
0.00020235158,0.0,0.0
4.640177e-05,0.0,0.0
0.83116573,0.0,0.0
0.009131796,0.0,0.0
0.00028065828,0.0,0.0
0.027769221,0.0,0.0
0.007041172,0.0,0.0
0.0038269844,0.0,0.0
0.0014773612,0.0,0.0
0.00066224224,0.0,0.0
0.029930482,0.0,0.0
0.026083043,0.0,0.0
0.014779596,0.0,1.0
0.9984444,0.0,0.0
0.030260785,0.0,0.0
0.09924085,0.0,0.0
0.10238306,0.0,0.0
0.006535406,0.0,0.0
0.03549068,0.0,0.0
0.42912704,0.0,0.0
0.22907224,0.0,1.0
0.0011501642,0.0,1.0
0.0042000995,0.0,0.0
0.0015680217,0.0,0.0
0.005286487,0.0,0.0
0.015466188,0.0,0.0
0.14213756,0.0,0.0
0.05587997,0.0,0.0
0.0005061747,0.0,0.0
0.040279213,0.0,0.0
0.035015665,0.0,0.0
0.071238495,0.0,0.0
0.18532099,0.0,0.0
0.011811261,0.0,0.0
0.015090555,0.0,0.0
0.015324807,0.0,0.0
0.0007179689,0.0,0.0
0.0004016156,0.0,0.0
0.002905345,0.0,0.0
0.00032986703,0.0,0.0
0.0063498756,0.0,0.0
0.01358438,0.0,1.0
0.0008108779,0.0,0.0
0.0025700685,0.0,0.0
0.0012287912,0.0,0.0
0.0017127872,0.0,0.0
0.07063435,0.0,0.0
0.011015918,0.0,0.0
0.00020295502,0.0,1.0
0.00080653006,0.0,0.0
0.011704741,0.0,0.0
0.0017096204,0.0,0.0
0.025186755,0.0,0.0
0.041906785,0.0,0.0
0.0059270784,0.0,1.0
0.18373601,0.0,1.0
0.29912466,0.0,0.0
0.011676533,0.0,0.0
0.035327155,0.0,0.0
0.079020046,0.0,0.0
0.00012651317,0.0,0.0
0.008994724,0.0,0.0
0.99314356,0.0,0.0
0.38218442,0.0,0.0
0.021840844,0.0,0.0
0.3196083,0.0,0.0
0.21847215,0.0,0.0
0.06057493,0.0,0.0
0.0014557572,0.0,0.0
0.06353276,0.0,0.0
0.0011449325,0.0,0.0
0.0040477314,0.0,0.0
0.2148149,0.0,0.0
0.0023043468,1.0,0.0
0.01576327,1.0,0.0
0.01541517,1.0,0.0
0.002692147,1.0,1.0
0.03747818,1.0,1.0
0.01623491,1.0,0.0
0.0054544793,0.0,0.0
0.06375984,1.0,0.0
0.9794134,1.0,0.0
0.0012371242,0.0,0.0
0.020351486,0.0,0.0
0.008305184,0.0,0.0
0.003326618,0.0,0.0
3.9947943e-05,0.0,0.0
3.8745664e-05,0.0,0.0
0.002015255,0.0,0.0
0.0004272745,0.0,0.0
0.0028666991,0.0,0.0
0.0055312393,0.0,0.0
0.050249726,0.0,0.0
0.00051426375,0.0,0.0
0.13792154,0.0,0.0
0.0013456221,0.0,0.0
0.0016709261,0.0,0.0
0.0050038607,0.0,0.0
0.0008888672,0.0,0.0
0.043646235,0.0,0.0
0.0044907737,0.0,1.0
0.0055407584,0.0,0.0
0.0051575038,0.0,0.0
0.007381328,0.0,0.0
1.5744528e-05,0.0,0.0
2.2150478e-05,0.0,0.0
0.0013889148,0.0,0.0
0.0050271573,0.0,0.0
0.0002831079,0.0,0.0
0.00023014129,0.0,0.0
0.0021470003,0.0,0.0
0.00078166666,0.0,0.0
0.0061676153,0.0,0.0
0.08823533,0.0,0.0
0.08166477,0.0,1.0
0.008963295,0.0,0.0
7.758345e-05,0.0,0.0
0.0009595329,0.0,0.0
0.034287073,0.0,0.0
0.008554936,1.0,0.0
0.0004978656,1.0,0.0
0.013706389,0.0,0.0
0.06262832,1.0,0.0
4.4189444e-05,1.0,0.0
0.0020187737,1.0,0.0
0.0073678275,1.0,0.0
0.015343282,1.0,0.0
0.00013552466,1.0,0.0
8.759358e-05,0.0,0.0
3.757677e-05,0.0,0.0
0.0012950944,0.0,0.0
0.9784228,0.0,0.0
0.0002293737,0.0,0.0
0.2222365,0.0,0.0
0.9295668,0.0,0.0
0.00032050264,0.0,0.0
0.0014903196,0.0,0.0
0.0001074024,0.0,0.0
0.020422634,0.0,0.0
0.0003336148,0.0,0.0
6.194142e-05,0.0,0.0
0.0015025937,0.0,0.0
0.016773706,0.0,0.0
0.026464466,0.0,0.0
0.001303793,0.0,1.0
0.018259542,0.0,0.0
3.4092733e-05,0.0,0.0
0.00085238187,0.0,0.0
0.0011417462,0.0,0.0
6.934221e-05,0.0,0.0
0.006719815,0.0,0.0
0.024361217,0.0,1.0
0.014717138,0.0,1.0
0.009242207,0.0,0.0
0.34149268,0.0,0.0
0.00013818253,0.0,0.0
0.0013346635,0.0,1.0
0.15862402,0.0,0.0
0.024326552,0.0,0.0
0.053630136,1.0,0.0
3.4007462e-05,1.0,0.0
0.012759025,1.0,0.0
0.011415503,1.0,0.0
0.0004398924,0.0,0.0
8.281433e-05,0.0,0.0
0.0013352598,1.0,0.0
0.00028507892,0.0,0.0
0.013584234,1.0,0.0
0.14349718,0.0,1.0
0.005366675,1.0,0.0
0.3600533,1.0,0.0
0.0009028801,1.0,0.0
0.012968054,1.0,1.0
4.2146934e-05,1.0,0.0
0.00022861738,0.0,0.0
8.4242856e-05,0.0,0.0
0.0020966798,0.0,0.0
0.038516548,0.0,0.0
0.00019754464,0.0,0.0
0.029035076,0.0,0.0
0.0002713002,0.0,0.0
0.00010980136,0.0,0.0
0.0004491371,0.0,1.0
0.05243219,0.0,0.0
0.00024855218,0.0,0.0
0.003106915,0.0,1.0
0.015089293,0.0,1.0
0.3477107,0.0,0.0
0.00087905995,0.0,0.0
0.0030667651,0.0,1.0
0.0008188336,0.0,0.0
0.21811543,0.0,0.0
2.442696e-05,0.0,0.0
0.00014202228,0.0,0.0
0.0009494333,0.0,1.0
0.0001709779,0.0,0.0
0.00024049127,0.0,0.0
0.04772222,0.0,0.0
0.0007186185,0.0,0.0
0.00019975522,0.0,0.0
0.0002395612,0.0,0.0
0.0009783435,0.0,0.0
0.44539014,0.0,0.0
0.00083658396,0.0,0.0
0.0009131596,0.0,0.0
0.00013949195,0.0,0.0
3.365416e-05,0.0,1.0
0.002518967,0.0,0.0
3.9393006e-05,0.0,0.0
0.00067112717,0.0,0.0
4.2862543e-05,0.0,0.0
0.0001118692,0.0,0.0
0.00036695076,0.0,0.0
0.0010127969,0.0,0.0
5.0850635e-05,0.0,0.0
0.00014959714,0.0,0.0
0.001016988,0.0,0.0
1.2396165e-05,0.0,0.0
0.0027433555,0.0,0.0
0.020423163,0.0,0.0
0.0015581583,0.0,0.0
5.1293146e-06,0.0,0.0
8.778147e-05,0.0,0.0
0.005822799,0.0,0.0
0.0019568752,1.0,0.0
0.009744378,0.0,0.0
0.00019991814,0.0,0.0
9.959089e-05,1.0,0.0
0.3791222,0.0,0.0
0.00036592616,0.0,0.0
0.0008667644,0.0,0.0
0.025495876,0.0,0.0
0.008019115,1.0,0.0
0.0013686344,1.0,0.0
0.32133093,0.0,0.0
0.0016580186,1.0,0.0
0.00022871027,0.0,0.0
0.029569376,0.0,0.0
0.0021625287,0.0,0.0
0.36059248,0.0,0.0
0.02208305,0.0,0.0
0.022709219,0.0,0.0
0.0004281468,0.0,0.0
0.0073317057,0.0,1.0
0.09993124,0.0,0.0
2.2195749e-05,1.0,0.0
0.00028296543,1.0,0.0
0.0006326794,1.0,0.0
0.0015173367,1.0,0.0
0.001537816,1.0,0.0
0.004906539,1.0,0.0
0.00034688466,1.0,0.0
0.00012681585,0.0,0.0
0.002396552,0.0,0.0
2.7950186e-05,0.0,0.0
0.009474483,0.0,0.0
0.0072715976,0.0,0.0
0.99141407,0.0,0.0
0.0032949788,0.0,0.0
0.0009332404,0.0,0.0
0.0003162864,0.0,0.0
0.0008299387,0.0,0.0
0.024200622,0.0,0.0
0.0019432091,0.0,0.0
0.017028468,0.0,0.0
0.15787832,0.0,0.0
0.9969242,0.0,0.0
0.023071934,0.0,0.0
0.003573511,0.0,0.0
0.07647819,0.0,0.0
0.0017752707,0.0,0.0
0.044912547,0.0,1.0
0.98315513,1.0,0.0
0.0034277793,0.0,0.0
0.004264181,0.0,0.0
0.0047161034,1.0,0.0
0.9893727,1.0,1.0
0.02370229,0.0,0.0
3.4658508e-05,0.0,0.0
4.4724216e-05,0.0,0.0
0.032600496,0.0,0.0
0.04634847,0.0,0.0
0.016055897,0.0,0.0
0.076662354,0.0,0.0
0.00029462492,0.0,0.0
0.07612193,0.0,0.0
0.03069476,0.0,0.0
0.11374701,0.0,1.0
0.00025937552,0.0,1.0
0.0001889963,0.0,0.0
0.00013534553,0.0,0.0
0.01260129,0.0,0.0
0.0021007094,0.0,0.0
0.00016759535,0.0,0.0
3.6477144e-05,0.0,0.0
7.33532e-05,0.0,0.0
0.00019275665,1.0,1.0
1.0170588e-05,0.0,0.0
5.1092164e-05,0.0,0.0
0.0042588436,0.0,0.0
0.0006634684,0.0,0.0
0.0006658797,0.0,0.0
0.0042396705,0.0,0.0
0.000504981,0.0,0.0
0.00018715693,0.0,0.0
0.0002442095,0.0,0.0
0.00067018636,0.0,0.0
0.00021909102,0.0,0.0
0.0026948596,0.0,0.0
0.0006940944,0.0,0.0
0.00050102454,0.0,0.0
0.00017474632,0.0,0.0
4.2745756e-05,0.0,0.0
0.003439704,0.0,0.0
0.0008185371,0.0,0.0
0.00025549775,0.0,0.0
0.000659554,0.0,0.0
0.00011837187,0.0,0.0
0.00025001078,0.0,0.0
0.00039588546,0.0,1.0
0.0042309607,0.0,0.0
0.007260399,0.0,0.0
0.0031602746,0.0,0.0
0.00013488455,0.0,0.0
5.3511125e-05,0.0,0.0
0.00011048995,0.0,0.0
0.003248294,0.0,0.0
0.00082866795,0.0,0.0
0.9768838,0.0,0.0
0.00023236447,0.0,0.0
6.064456e-06,1.0,0.0
0.00037055928,1.0,0.0
0.04302896,0.0,0.0
6.510436e-05,0.0,0.0
1.1160633e-05,0.0,0.0
0.0011681487,0.0,0.0
0.0003970823,0.0,0.0
0.0011099074,0.0,0.0
0.0022482355,0.0,1.0
0.00056082726,0.0,0.0
0.047303557,0.0,0.0
0.0140340505,0.0,0.0
0.0013749066,0.0,0.0
0.00026260212,0.0,0.0
6.617275e-05,0.0,0.0
0.043851607,0.0,0.0
0.0021965245,0.0,0.0
0.00030292344,0.0,0.0
0.045228902,0.0,0.0
0.00013145717,0.0,0.0
0.00030126274,0.0,0.0
0.00054108043,1.0,0.0
1.001824e-05,1.0,0.0
0.006647313,1.0,0.0
0.00017420133,1.0,0.0
4.9963896e-06,0.0,0.0
9.8847995e-05,1.0,0.0
6.0372462e-05,1.0,0.0
5.3854956e-06,0.0,0.0
2.9705943e-06,0.0,0.0
0.005838718,0.0,0.0
0.9395129,0.0,0.0
0.0002404468,0.0,0.0
3.2946362e-05,0.0,0.0
0.00827021,0.0,0.0
5.6629915e-06,0.0,0.0
3.3855874e-06,0.0,0.0
0.012878003,0.0,0.0
0.00011875015,0.0,0.0
1.3372642e-05,0.0,0.0
1.4928712e-05,0.0,0.0
0.00022304474,0.0,0.0
0.00010033058,0.0,0.0
0.00074376806,0.0,0.0
8.641506e-05,0.0,0.0
0.00032947544,0.0,0.0
0.00039922373,0.0,0.0
3.3569442e-05,0.0,0.0
0.00019711885,0.0,0.0
0.0013124276,0.0,0.0
0.000932111,0.0,0.0
0.0006424822,0.0,0.0
0.00023766655,0.0,0.0
0.00065219926,0.0,0.0
0.8208911,0.0,0.0
5.409139e-05,0.0,0.0
1.0237159e-05,0.0,0.0
0.051053792,0.0,0.0
0.00016191097,0.0,0.0
7.240669e-06,0.0,1.0
1.0885998e-05,0.0,0.0
5.942896e-06,1.0,0.0
0.00040950617,1.0,0.0
0.000512152,1.0,0.0
0.00018598212,0.0,0.0
0.00019003858,1.0,0.0
8.170611e-05,1.0,0.0
9.454633e-05,1.0,0.0
1.4782521e-05,1.0,0.0
0.00011818938,1.0,0.0
0.0045527085,1.0,0.0
0.0009000701,1.0,0.0
2.19028e-05,0.0,0.0
0.0021333678,1.0,0.0
0.00020114433,0.0,0.0
0.00012258688,0.0,0.0
2.5365622e-05,0.0,0.0
0.0012633813,0.0,0.0
0.00035524231,0.0,0.0
9.1301816e-05,0.0,0.0
3.321103e-05,0.0,0.0
7.429413e-05,0.0,0.0
6.2192917e-06,0.0,0.0
4.5905745e-05,0.0,0.0
0.000381136,0.0,0.0
0.000808686,0.0,0.0
0.0002487468,0.0,0.0
0.0067163473,0.0,0.0
0.04258511,0.0,0.0
0.000117078656,0.0,0.0
3.668118e-05,0.0,0.0
0.00221186,0.0,0.0
0.024974972,0.0,0.0
0.00026522146,0.0,0.0
0.00018436201,1.0,0.0
5.23118e-05,0.0,0.0
0.1603083,0.0,0.0
0.00045967734,0.0,0.0
0.0003179092,1.0,0.0
0.002708012,0.0,0.0
8.469046e-05,1.0,0.0
2.2037104e-06,1.0,0.0
2.5884334e-05,1.0,0.0
1.2143103e-05,1.0,0.0
0.12339045,0.0,0.0
0.0051317927,0.0,0.0
0.002430811,1.0,0.0
0.042893052,0.0,0.0
0.0005439156,1.0,0.0
1.0213696e-05,1.0,0.0
0.0011536513,0.0,1.0
1.5869737e-05,0.0,0.0
3.3272718e-05,0.0,0.0
0.54701895,0.0,0.0
3.080367e-05,0.0,0.0
2.7590206e-05,0.0,0.0
0.0033198202,0.0,0.0
8.619828e-05,0.0,0.0
3.1152023e-05,0.0,0.0
9.9464605e-06,0.0,0.0
1.16083165e-05,0.0,0.0
2.1613594e-05,0.0,0.0
0.00021426761,0.0,0.0
0.0012959408,0.0,0.0
2.1415683e-05,0.0,0.0
3.1919164e-05,0.0,1.0
0.0007204384,0.0,0.0
0.0009079113,0.0,0.0
5.4538436e-06,0.0,0.0
0.004252761,0.0,0.0
0.00062573067,0.0,0.0
0.014225716,0.0,0.0
2.2738439e-05,0.0,0.0
0.021424409,0.0,0.0
3.5282923e-05,0.0,0.0
0.0010606247,0.0,0.0
5.6076682e-05,0.0,0.0
4.1109124e-05,0.0,0.0
0.00015126939,0.0,0.0
9.5328876e-05,0.0,0.0
0.9926125,0.0,0.0
0.011737342,0.0,0.0
5.7001384e-05,1.0,0.0
0.00010614245,0.0,0.0
0.0017115859,0.0,0.0
0.01985873,0.0,0.0
0.00010465319,0.0,1.0
0.0022726473,0.0,0.0
0.0005121627,0.0,0.0
0.051469944,0.0,0.0
0.00078643474,0.0,0.0
0.03708529,0.0,0.0
0.001539081,0.0,0.0
0.18456484,0.0,0.0
0.00011243409,0.0,0.0
0.02054877,0.0,0.0
0.003693709,0.0,0.0
0.1064543,0.0,0.0
0.0011328032,0.0,0.0
0.0016683898,0.0,0.0
0.05130432,0.0,0.0
0.037191954,0.0,0.0
0.015598922,0.0,0.0
0.006711828,0.0,0.0
0.0001111589,0.0,0.0
0.3801036,0.0,0.0
0.000148044,0.0,1.0
3.6831305e-05,0.0,1.0
0.8558319,0.0,0.0
0.0017083138,0.0,0.0
4.3050735e-05,0.0,0.0
0.45804095,0.0,0.0
0.021793026,0.0,0.0
0.0001596418,0.0,0.0
0.007961245,0.0,0.0
0.01031635,0.0,0.0
0.99531186,0.0,0.0
6.990002e-05,0.0,0.0
6.6784e-05,0.0,0.0
0.0011925482,0.0,0.0
0.0008848791,0.0,0.0
0.00020372785,0.0,0.0
0.00031583835,0.0,0.0
0.003183193,0.0,0.0
1.6490514e-05,0.0,0.0
0.027154665,0.0,0.0
0.0060227024,0.0,0.0
0.00040912963,0.0,0.0
0.0043965904,0.0,0.0
0.08134318,1.0,1.0
0.00021776045,1.0,0.0
0.010312937,1.0,0.0
0.000115463066,1.0,0.0
0.00052978925,1.0,0.0
0.0012415147,0.0,0.0
0.0001137302,1.0,0.0
0.000150678,1.0,0.0
0.001473489,0.0,0.0
0.00011108111,0.0,0.0
8.7630506e-05,1.0,0.0
0.03384567,0.0,0.0
0.0006347002,1.0,0.0
0.013310473,0.0,0.0
0.01927131,0.0,0.0
0.0020573218,1.0,0.0
0.004461919,1.0,0.0
0.0058978363,1.0,0.0
0.014667417,1.0,0.0
0.012453002,0.0,0.0
0.005859516,0.0,0.0
0.043277323,0.0,0.0
0.011264167,0.0,0.0
0.029568946,0.0,0.0
0.00020684744,1.0,0.0
0.071346104,0.0,0.0
0.001326535,1.0,0.0
0.0005950927,1.0,0.0
0.008910785,1.0,0.0
0.00011747387,0.0,0.0
0.00321324,0.0,0.0
0.08279135,0.0,0.0
0.030558676,0.0,0.0
0.00046222605,0.0,1.0
0.002662491,0.0,1.0
0.0007556577,0.0,0.0
0.000113286005,0.0,0.0
0.0003314587,0.0,0.0
0.0010495251,0.0,0.0
7.666897e-05,0.0,0.0
0.0012531799,0.0,0.0
0.0014998892,0.0,0.0
1.8571467e-05,0.0,0.0
0.1035126,0.0,0.0
0.0012604876,0.0,0.0
0.0005845992,0.0,0.0
0.00997671,0.0,0.0
0.0017276298,0.0,1.0
0.020804694,0.0,0.0
0.017369878,0.0,0.0
8.776005e-05,0.0,0.0
4.978708e-05,0.0,0.0
0.068819016,0.0,0.0
0.01470612,0.0,0.0
0.000149905,0.0,0.0
0.0017299503,0.0,0.0
0.0430618,0.0,0.0
0.00047705334,0.0,0.0
4.1072053e-05,0.0,0.0
0.0013645048,0.0,0.0
0.0055186823,0.0,0.0
0.015191396,0.0,0.0
0.000259691,0.0,0.0
0.00021088867,0.0,0.0
0.00011966452,0.0,0.0
0.00039524838,0.0,0.0
5.992683e-05,0.0,0.0
1.1506695e-05,0.0,0.0
8.481557e-05,0.0,0.0
2.0284776e-06,0.0,0.0
0.00012944295,0.0,0.0
2.134603e-05,0.0,0.0
2.0295212e-05,0.0,0.0
0.00025844364,0.0,0.0
7.587183e-05,0.0,0.0
0.002060845,0.0,0.0
2.2165414e-05,0.0,0.0
4.80292e-06,0.0,0.0
9.448213e-06,1.0,0.0
1.6070313e-05,1.0,0.0
0.00012014702,1.0,0.0
5.348699e-06,1.0,0.0
7.9970785e-05,1.0,0.0
7.168095e-05,1.0,0.0
5.945946e-06,1.0,0.0
6.341288e-05,1.0,0.0
2.453075e-05,1.0,0.0
2.961064e-05,1.0,0.0
2.5085756e-06,1.0,0.0
6.7103815e-06,1.0,0.0
1.716675e-05,1.0,0.0
2.1841392e-06,0.0,0.0
3.322788e-05,0.0,0.0
0.0014191131,1.0,0.0
0.00018484042,1.0,0.0
1.846762e-05,0.0,0.0
3.7734844e-05,1.0,0.0
7.666034e-05,0.0,0.0
1.704408e-05,0.0,1.0
0.00013584294,0.0,0.0
2.041623e-05,0.0,0.0
1.5126523e-05,1.0,0.0
0.000119537464,0.0,0.0
3.7115533e-05,0.0,0.0
7.0892015e-06,0.0,0.0
5.5615696e-05,0.0,1.0
5.855283e-05,0.0,1.0
1.10387755e-05,0.0,1.0
2.025484e-05,1.0,1.0
4.850866e-05,1.0,0.0
0.00019534511,1.0,0.0
5.428755e-05,1.0,0.0
3.7673864e-05,1.0,0.0
0.00023422156,1.0,0.0
0.00017359196,1.0,1.0
1.1641159e-06,1.0,0.0
0.00027211464,1.0,0.0
2.8842343e-05,0.0,0.0
5.1070296e-05,1.0,0.0
2.6841644e-06,1.0,0.0
2.0756132e-05,0.0,0.0
0.0023945144,1.0,0.0
2.210947e-05,0.0,0.0
5.5937493e-05,0.0,0.0
0.00081020204,0.0,0.0
0.00015752546,0.0,0.0
0.00020310293,0.0,1.0
9.808856e-05,0.0,0.0
1.2264864e-05,0.0,0.0
8.822775e-05,1.0,0.0
0.0012360887,1.0,1.0
0.00044406086,1.0,0.0
0.010651003,0.0,0.0
5.2904383e-05,0.0,0.0
0.0063577993,1.0,0.0
0.00069320103,1.0,0.0
0.059860744,0.0,0.0
0.0005123949,1.0,0.0
6.3015024e-05,1.0,0.0
0.0061710184,0.0,0.0
4.645871e-05,0.0,0.0
0.00041351788,1.0,0.0
0.0013300603,0.0,0.0
0.0040074717,0.0,0.0
1.06008265e-05,0.0,0.0
2.2646072e-05,0.0,0.0
0.00020833174,0.0,0.0
0.010314101,0.0,0.0
4.9751598e-06,0.0,0.0
0.000108830995,0.0,0.0
0.0005036581,0.0,0.0
9.273161e-06,0.0,0.0
0.0004226138,0.0,0.0
0.00034522853,0.0,0.0
0.0001639908,0.0,0.0
0.00057579484,0.0,0.0
0.0031546045,0.0,0.0
1.5450229e-05,0.0,0.0
0.24432865,0.0,0.0
0.003365667,0.0,0.0
0.78976095,0.0,0.0
0.0022902112,0.0,0.0
0.00017748348,0.0,0.0
0.0013790394,0.0,0.0
2.7189632e-05,0.0,1.0
0.0030506456,0.0,0.0
0.0002925793,0.0,0.0
8.819049e-05,0.0,0.0
0.000108088,0.0,1.0
1.398512e-05,0.0,0.0
2.0944976e-06,0.0,0.0
0.0026082874,0.0,0.0
0.0011948171,0.0,0.0
0.9908057,0.0,0.0
0.00020832161,0.0,0.0
7.999382e-05,0.0,0.0
4.2048894e-05,0.0,0.0
1.5390759e-05,0.0,0.0
0.0006363968,0.0,1.0
2.932846e-06,0.0,1.0
0.0036572462,0.0,0.0
5.8273148e-05,0.0,0.0
0.0039784494,0.0,0.0
0.0004309129,0.0,0.0
0.0005664229,0.0,0.0
0.022441372,0.0,0.0
0.00083758467,0.0,0.0
0.002082505,0.0,0.0
8.449693e-05,0.0,0.0
2.8100787e-05,0.0,0.0
3.8977916e-05,0.0,0.0
3.300303e-05,0.0,0.0
0.00014954494,0.0,0.0
6.656699e-05,0.0,1.0
2.3744224e-05,0.0,0.0
0.0011295,0.0,0.0
0.000320232,0.0,0.0
0.0015110738,0.0,0.0
6.8265275e-05,0.0,0.0
7.0574766e-05,0.0,0.0
0.0008733752,0.0,0.0
0.00010841254,0.0,0.0
4.742032e-05,0.0,0.0
0.010883467,0.0,0.0
0.0015387814,1.0,0.0
0.00086642336,0.0,0.0
0.00030345845,0.0,0.0
2.1411905e-05,0.0,0.0
0.00019691915,1.0,0.0
0.02694519,0.0,0.0
0.00042067564,1.0,1.0
0.0002878156,0.0,1.0
2.2811284e-05,0.0,0.0
0.0068605314,0.0,0.0
0.0005578814,0.0,0.0
5.489571e-05,0.0,1.0
0.00012482393,0.0,1.0
0.008872872,0.0,0.0
0.0013354288,0.0,0.0
0.00081988913,0.0,0.0
0.0036733784,0.0,0.0
0.0024329522,0.0,0.0
0.00060923264,0.0,0.0
0.0010653097,0.0,0.0
5.385761e-05,0.0,0.0
0.000491837,0.0,0.0
0.0054305736,0.0,1.0
8.302458e-05,0.0,1.0
0.0006699035,0.0,1.0
0.00043085354,0.0,1.0
0.0009944111,0.0,0.0
0.0002575618,0.0,0.0
0.00118911,0.0,0.0
0.00017183233,0.0,1.0
0.020964373,0.0,0.0
0.0003743346,0.0,1.0
2.8965056e-05,0.0,0.0
0.0016253942,0.0,0.0
0.00022762513,0.0,0.0
0.0016249013,1.0,0.0
1.735781e-05,1.0,0.0
8.635328e-05,1.0,0.0
0.00020001692,1.0,0.0
0.00010858066,1.0,0.0
0.002079554,1.0,0.0
0.01859513,1.0,0.0
0.062201805,1.0,0.0
0.0007614524,1.0,0.0
0.00040191054,1.0,0.0
0.013476,0.0,0.0
0.0014170712,1.0,0.0
0.00050235086,0.0,0.0
0.0007204799,0.0,0.0
0.00019670503,0.0,0.0
0.0010750399,0.0,0.0
0.00035178036,0.0,1.0
0.00042201596,0.0,1.0
0.0014449635,0.0,1.0
0.0011166183,0.0,0.0
0.0004977062,0.0,0.0
0.00010791148,0.0,0.0
0.01068323,0.0,0.0
0.0010010398,0.0,0.0
0.00033152473,0.0,0.0
0.013471582,0.0,0.0
0.009476735,0.0,0.0
0.0003042522,0.0,0.0
2.4596902e-05,0.0,0.0
3.5232679e-06,0.0,0.0
0.0012077343,0.0,0.0
7.661868e-05,0.0,0.0
0.0002877023,1.0,0.0
0.0022236302,1.0,0.0
0.000663188,1.0,0.0
0.00361865,1.0,0.0
0.0023212205,1.0,0.0
9.233098e-06,1.0,0.0
0.021268688,0.0,0.0
7.3219476e-06,0.0,0.0
9.6727694e-05,0.0,0.0
0.005185682,0.0,0.0
0.00010105301,1.0,0.0
0.006041343,0.0,0.0
0.0013767253,1.0,0.0
0.0015556234,0.0,0.0
0.0018763794,1.0,0.0
0.0017338102,1.0,0.0
0.0009464455,1.0,0.0
3.2360826e-06,1.0,0.0
0.0003852803,1.0,0.0
0.0001407966,0.0,1.0
2.9472314e-05,0.0,1.0
4.0891655e-06,0.0,1.0
9.235153e-05,0.0,0.0
5.470653e-05,0.0,0.0
0.00040472316,1.0,0.0
2.5048746e-05,0.0,0.0
0.00024449118,1.0,0.0
0.010988177,0.0,0.0
0.014842062,1.0,0.0
0.0023869185,1.0,0.0
5.9166498e-05,1.0,0.0
2.2094695e-05,1.0,0.0
1.476953e-05,1.0,0.0
8.0581965e-05,0.0,0.0
0.00032660668,0.0,0.0
0.00014439832,0.0,0.0
8.575161e-05,0.0,0.0
2.2107719e-05,0.0,0.0
0.00051217346,0.0,0.0
0.0001912465,0.0,0.0
3.711801e-05,0.0,0.0
7.5488904e-05,1.0,0.0
1.7604842e-05,0.0,0.0
7.901423e-05,0.0,1.0
0.00015145904,0.0,0.0
4.631799e-05,0.0,0.0
0.00030399128,0.0,0.0
0.00010248615,0.0,0.0
1.3397585e-05,0.0,0.0
0.00024023002,0.0,0.0
1.0058927e-05,0.0,0.0
1.882995e-05,0.0,0.0
5.9117274e-06,0.0,0.0
2.0345572e-06,0.0,0.0
5.362831e-05,0.0,0.0
0.0005030569,0.0,0.0
3.853635e-06,0.0,0.0
0.007859562,0.0,0.0
0.00032601715,0.0,0.0
0.0008243533,0.0,0.0
3.0337336e-05,0.0,1.0
1.587128e-05,0.0,0.0
0.014561326,0.0,0.0
0.0014099448,0.0,0.0
0.0031755418,0.0,0.0
9.598684e-05,0.0,0.0
0.0029843396,0.0,0.0
4.043763e-05,1.0,0.0
0.000108842716,0.0,0.0
8.701274e-05,1.0,0.0
0.00010585125,1.0,0.0
0.009283319,0.0,0.0
0.0021482531,0.0,0.0
0.001125512,0.0,0.0
2.4131888e-05,0.0,0.0
0.0034367742,0.0,0.0
0.00021847629,0.0,0.0
8.538737e-06,0.0,0.0
1.212371e-05,0.0,0.0
0.00033993815,0.0,0.0
0.0017843395,0.0,0.0
0.0001495103,0.0,0.0
0.0021077653,0.0,0.0
0.08057983,0.0,0.0
0.009048489,0.0,0.0
1.2630485e-05,0.0,0.0
0.001265396,0.0,0.0
0.007448909,0.0,0.0
0.014386663,0.0,0.0
0.007175061,0.0,0.0
0.00013775128,0.0,0.0
0.00016915202,0.0,0.0
0.000111598056,0.0,0.0
0.0001483672,0.0,0.0
3.5946123e-06,0.0,0.0
0.0012641088,0.0,0.0
0.00014734632,1.0,0.0
0.0002991223,1.0,0.0
0.001214716,1.0,0.0
0.00092707627,0.0,0.0
0.0014486966,0.0,0.0
0.00017395335,0.0,0.0
0.0002021308,0.0,0.0
0.07418176,0.0,0.0
1.0379128e-05,0.0,0.0
0.000566235,0.0,0.0
5.432312e-06,0.0,0.0
9.611709e-05,0.0,0.0
0.00010758792,0.0,0.0
0.00013173047,0.0,0.0
0.00035484697,0.0,0.0
0.00014318025,0.0,0.0
0.012480623,0.0,0.0
0.039546385,0.0,0.0
4.4866e-05,0.0,0.0
0.001099201,0.0,0.0
0.00044443354,0.0,0.0
0.00054435205,0.0,0.0
0.00031445056,0.0,0.0
0.020213064,0.0,0.0
0.00050107087,0.0,0.0
0.009481699,0.0,0.0
0.00033038034,0.0,0.0
0.0045600682,0.0,0.0
0.0013832335,0.0,0.0
0.00049283117,0.0,0.0
6.0594808e-05,0.0,0.0
0.00029720122,0.0,0.0
0.0852572,0.0,0.0
0.0007512577,0.0,0.0
0.00036085825,0.0,0.0
4.458985e-05,0.0,0.0
0.003133145,0.0,1.0
3.243318e-05,0.0,0.0
0.0011442282,0.0,0.0
0.3106209,0.0,0.0
0.046662055,0.0,1.0
1.6905864e-05,0.0,0.0
2.5935853e-05,0.0,0.0
0.0002619482,0.0,0.0
0.008424819,0.0,0.0
2.2990454e-05,0.0,0.0
0.00027850398,0.0,0.0
1.2315837e-05,0.0,0.0
0.022801144,0.0,0.0
0.001592202,0.0,0.0
0.0028390584,0.0,0.0
0.0010940937,0.0,0.0
0.0018498024,0.0,0.0
6.871286e-05,0.0,0.0
3.5313456e-05,0.0,1.0
0.0037734911,0.0,1.0
0.000117430856,0.0,1.0
0.0007813817,0.0,1.0
0.0004546066,1.0,0.0
0.00020707634,1.0,0.0
0.0017701515,0.0,0.0
5.156175e-05,1.0,0.0
0.0050325906,0.0,0.0
0.000103046,1.0,0.0
0.0054005235,0.0,0.0
0.013032886,1.0,1.0
0.0056475075,0.0,1.0
0.20013832,0.0,0.0
0.029424869,0.0,0.0
0.8204727,1.0,0.0
0.07028042,1.0,0.0
0.03403746,1.0,0.0
0.06817655,0.0,0.0
0.0094891945,0.0,0.0
0.026941184,0.0,0.0
0.004082899,0.0,0.0
0.11607751,0.0,0.0
0.0039340714,0.0,0.0
0.47151542,0.0,1.0
0.0063764006,0.0,0.0
0.20593563,0.0,0.0
0.14817747,0.0,0.0
0.00097468623,0.0,1.0
0.00034671836,0.0,1.0
0.12879543,0.0,0.0
0.048104655,0.0,0.0
0.011521815,0.0,0.0
0.0009237873,0.0,1.0
0.05042884,0.0,0.0
0.013998241,0.0,0.0
0.032444198,0.0,0.0
0.031504072,0.0,0.0
0.0073222895,0.0,0.0
0.0030837434,0.0,0.0
0.007699522,0.0,0.0
0.0009991426,0.0,0.0
0.00017905954,0.0,0.0
0.0009030939,0.0,0.0
0.054656297,0.0,0.0
0.012671337,0.0,0.0
0.008288898,0.0,0.0
0.006001997,0.0,0.0
0.024859982,0.0,0.0
0.02100491,0.0,0.0
0.04257127,0.0,0.0
0.0040409127,0.0,0.0
0.029419303,0.0,0.0
0.0012800759,0.0,0.0
0.022522388,0.0,0.0
0.06943232,0.0,0.0
0.06275166,0.0,0.0
0.008709058,0.0,0.0
0.12109644,0.0,0.0
0.046985228,0.0,0.0
0.0008608872,0.0,0.0
0.00091415585,0.0,0.0
0.0005103335,0.0,0.0
0.025725631,0.0,0.0
0.0048429426,0.0,0.0
9.789624e-05,0.0,0.0
8.1651735e-05,0.0,0.0
0.00081712106,0.0,0.0
0.002659115,0.0,0.0
0.00253232,0.0,0.0
0.0010339322,0.0,0.0
0.00010179366,0.0,0.0
8.62014e-05,1.0,0.0
0.010596532,1.0,0.0
0.00027686363,1.0,0.0
0.00040793384,1.0,0.0
0.0005887426,0.0,0.0
0.010976957,0.0,0.0
0.00022256358,0.0,0.0
0.0032089103,0.0,0.0
0.0010119134,0.0,0.0
0.004832413,0.0,0.0
0.018415347,0.0,0.0
0.10394745,0.0,0.0
0.20298809,0.0,0.0
0.005849578,0.0,0.0
0.08588198,0.0,0.0
0.0054956297,0.0,0.0
0.010074962,0.0,1.0
0.015908362,0.0,1.0
0.0023561365,0.0,0.0
0.012807052,0.0,0.0
0.094045095,0.0,0.0
0.032290164,0.0,0.0
0.025149552,0.0,0.0
0.0065830606,0.0,0.0
0.01538325,0.0,0.0
0.0012014117,0.0,0.0
0.00063416356,0.0,0.0
0.0001620934,0.0,0.0
0.0025096447,0.0,1.0
0.0009828658,0.0,0.0
0.005890638,0.0,0.0
0.008957799,0.0,0.0
0.020567734,0.0,0.0
0.01138156,0.0,0.0
0.03858767,0.0,0.0
0.007166391,0.0,0.0
0.04820541,0.0,0.0
0.009208413,0.0,0.0
0.006289649,0.0,0.0
8.759751e-05,0.0,0.0
0.060329914,0.0,0.0
0.028866062,0.0,0.0
0.020905333,0.0,0.0
0.0019946585,0.0,0.0
0.004124775,0.0,0.0
0.008017104,0.0,0.0
0.4917605,0.0,0.0
0.21348305,0.0,0.0
0.0013761735,0.0,0.0
0.00020306787,0.0,0.0
0.0017833367,0.0,0.0
0.0049046213,0.0,0.0
0.06324637,0.0,0.0
0.0029659013,0.0,0.0
1.6903028e-05,0.0,0.0
2.0399297e-05,0.0,0.0
0.002448959,0.0,0.0
0.009573405,0.0,0.0
0.0022625064,0.0,1.0
0.00097357354,0.0,1.0
0.026920965,0.0,0.0
0.0036087264,0.0,0.0
0.20631415,0.0,0.0
0.4825465,0.0,1.0
0.0393794,0.0,0.0
0.082982376,0.0,0.0
0.071502805,0.0,0.0
0.0019772942,0.0,0.0
0.03914996,0.0,0.0
0.0019363002,0.0,0.0
0.0032329257,0.0,0.0
0.0003976564,0.0,1.0
0.0049004527,0.0,0.0
0.0091964565,0.0,0.0
0.009021293,0.0,0.0
0.00033374553,0.0,1.0
0.004579312,0.0,0.0
0.014243085,0.0,0.0
0.0003108653,0.0,0.0
0.0048499643,0.0,0.0
0.0055297418,0.0,0.0
0.8686216,0.0,0.0
0.00030165163,0.0,0.0
0.009560704,0.0,1.0
0.00068631564,0.0,1.0
0.0011660424,0.0,0.0
0.015814502,0.0,0.0
0.0005583107,0.0,0.0
0.00031837812,0.0,0.0
0.011865359,0.0,0.0
0.0046323403,0.0,0.0
0.0037070524,0.0,0.0
0.024307167,0.0,0.0
0.0008531221,0.0,0.0
0.0050722053,0.0,0.0
0.00011318116,0.0,0.0
0.009054486,0.0,1.0
0.0005185362,0.0,0.0
0.003906994,0.0,0.0
0.0018447943,0.0,0.0
0.0012557069,0.0,0.0
0.036112495,0.0,0.0
0.0043114177,0.0,0.0
0.0007148113,0.0,0.0
0.010361691,0.0,1.0
7.413192e-05,0.0,1.0
0.00040093908,0.0,1.0
5.840416e-05,0.0,0.0
0.004974527,0.0,0.0
0.000775956,0.0,0.0
0.01008581,0.0,0.0
0.004149127,0.0,0.0
0.0027104355,0.0,0.0
0.0065097446,0.0,0.0
0.00902233,0.0,0.0
0.0014442668,0.0,0.0
0.0036510623,0.0,0.0
0.0011665624,0.0,0.0
0.0042837188,0.0,0.0
0.006273344,0.0,0.0
0.0049586585,0.0,0.0
0.0028812522,0.0,0.0
0.00021396914,0.0,0.0
0.0037983868,0.0,0.0
0.91635954,0.0,0.0
0.0040884404,0.0,0.0
0.0041181305,0.0,0.0
0.00020351195,0.0,0.0
0.015499458,0.0,1.0
0.00062380795,0.0,1.0
0.010178734,0.0,0.0
0.0012654111,0.0,0.0
0.0016524743,0.0,0.0
0.0042909086,0.0,0.0
0.054264676,0.0,0.0
0.0057821046,0.0,0.0
0.0062808637,0.0,0.0
0.00010681033,0.0,0.0
0.015617002,0.0,1.0
0.0016000561,0.0,0.0
0.0018231224,0.0,0.0
0.013938339,0.0,0.0
0.016173339,0.0,0.0
0.16783318,0.0,0.0
0.0017750105,0.0,0.0
0.014652704,0.0,0.0
0.00034619088,0.0,0.0
0.007058142,0.0,0.0
0.0010222971,0.0,0.0
0.00074392406,0.0,0.0
0.0029989604,0.0,0.0
0.0034733699,0.0,0.0
0.0014976863,0.0,0.0
0.012668821,0.0,0.0
0.012381603,0.0,0.0
0.04327293,0.0,0.0
0.04858033,0.0,0.0
0.025841346,0.0,0.0
0.040613126,0.0,0.0
0.18697885,0.0,0.0
0.0006806263,0.0,0.0
0.0037454062,0.0,0.0
0.0026007772,0.0,0.0
0.0142415585,0.0,1.0
0.028034903,0.0,0.0
0.007595607,0.0,0.0
0.022058882,0.0,0.0
0.001851878,0.0,0.0
0.05065564,0.0,0.0
0.00081109925,0.0,0.0
0.0025069867,0.0,0.0
0.0045222025,0.0,0.0
0.95052385,0.0,0.0
0.0033142383,0.0,0.0
0.0032129134,0.0,0.0
0.003356942,0.0,0.0
0.030766143,0.0,0.0
0.00016191237,0.0,0.0
0.15286142,0.0,0.0
0.0009771329,0.0,0.0
0.0012065265,0.0,0.0
0.00022944588,0.0,0.0
0.5359813,0.0,0.0
0.008576597,0.0,0.0
0.004399873,0.0,0.0
0.017380526,0.0,0.0
0.0008328072,0.0,0.0
0.02967447,0.0,0.0
0.008558221,0.0,0.0
0.03580636,0.0,1.0
0.0005794927,0.0,1.0
0.020173194,0.0,1.0
0.010811379,0.0,0.0
0.015971685,0.0,0.0
0.001210559,0.0,0.0
0.0034587723,0.0,0.0
0.0027808151,0.0,0.0
0.00093516964,0.0,0.0
0.021561755,0.0,0.0
0.021185584,0.0,0.0
0.021144526,0.0,0.0
0.061880313,0.0,0.0
0.008505088,0.0,0.0
0.016031817,0.0,0.0
0.0002164689,0.0,0.0
7.1748036e-05,0.0,0.0
0.0033518216,0.0,0.0
0.0676714,0.0,0.0
0.0799982,0.0,0.0
0.0026288894,0.0,0.0
0.09005688,0.0,0.0
0.74529135,0.0,0.0
0.116407,0.0,0.0
0.008566693,0.0,0.0
0.5429602,0.0,0.0
0.04409854,1.0,0.0
0.002427891,1.0,0.0
0.04168132,1.0,1.0
0.1645802,0.0,1.0
0.4782169,1.0,0.0
0.1065756,0.0,0.0
0.059441097,1.0,0.0
0.06821194,0.0,0.0
0.06441848,0.0,1.0
0.0068932343,0.0,1.0
0.18361153,0.0,1.0
0.0110016465,0.0,0.0
0.018648919,0.0,0.0
0.106612,0.0,0.0
0.040860888,0.0,0.0
0.31046635,0.0,0.0
0.03047111,0.0,0.0
0.0029645436,0.0,0.0
0.4810283,0.0,0.0
0.0009340819,0.0,0.0
2.0488415e-05,0.0,0.0
0.00030117316,0.0,0.0
0.9869675,0.0,0.0
0.00940324,0.0,0.0
0.0016261791,0.0,0.0
0.0013179459,0.0,0.0
0.0060199825,0.0,0.0
0.00747314,0.0,0.0
0.005120964,0.0,0.0
0.0045804013,0.0,0.0
0.012453335,0.0,0.0
0.008566381,0.0,0.0
0.012611445,0.0,0.0
0.0010036794,1.0,1.0
0.00020518778,1.0,0.0
9.465919e-05,0.0,0.0
0.0028689383,0.0,0.0
0.00038139045,0.0,0.0
0.0049077733,0.0,0.0
0.013610423,0.0,0.0
0.011712603,0.0,0.0
0.0066521442,0.0,0.0
0.0029237694,0.0,0.0
0.00068432395,0.0,0.0
0.006712213,0.0,1.0
0.00016517518,0.0,1.0
0.0016163683,0.0,0.0
0.9322648,0.0,0.0
0.00034493997,0.0,0.0
0.015389645,0.0,0.0
0.9392878,0.0,0.0
0.009873905,1.0,0.0
0.0074927416,0.0,0.0
0.00016011117,1.0,0.0
0.002810717,1.0,0.0
0.005787916,1.0,0.0
0.10775399,0.0,0.0
0.086224355,1.0,0.0
0.0034763303,0.0,0.0
0.0004885235,1.0,0.0
0.0043992084,1.0,0.0
0.12266592,1.0,0.0
0.0010234076,1.0,0.0
0.01300327,1.0,0.0
0.0018706546,1.0,0.0
0.005630286,0.0,0.0
0.0010504114,1.0,1.0
0.00017202825,1.0,0.0
0.00046266353,1.0,0.0
0.012805074,0.0,0.0
0.020020364,0.0,0.0
0.010244603,0.0,0.0
0.0034494004,0.0,0.0
0.074876815,0.0,0.0
0.0034666867,0.0,0.0
0.0010647781,0.0,0.0
0.002495137,0.0,0.0
0.0037505624,0.0,0.0
0.12320327,0.0,0.0
0.010557196,0.0,0.0
0.018887257,0.0,0.0
0.0031837272,0.0,0.0
0.0063235657,0.0,0.0
0.00032265115,0.0,0.0
0.008562596,0.0,0.0
0.0043378426,0.0,0.0
0.27366006,0.0,0.0
0.04632673,0.0,0.0
0.00021141798,0.0,0.0
8.635715e-05,0.0,0.0
0.008241318,0.0,0.0
0.009789989,0.0,0.0
0.09780915,0.0,0.0
0.008865763,0.0,0.0
0.09150659,0.0,0.0
0.014198638,0.0,0.0
0.081395864,0.0,0.0
0.00044384506,0.0,0.0
0.009152456,0.0,0.0
0.007050674,0.0,0.0
0.035777718,0.0,0.0
0.036395103,0.0,0.0
0.0034527243,0.0,0.0
0.0019750118,0.0,0.0
0.00067047257,0.0,0.0
0.030622303,0.0,1.0
0.001688563,0.0,0.0
0.009198638,0.0,0.0
0.019805769,0.0,0.0
0.12647533,0.0,0.0
0.8801181,1.0,0.0
0.0029779293,0.0,0.0
0.010310179,0.0,0.0
0.0032194776,0.0,0.0
0.026650533,0.0,0.0
0.0031564436,0.0,0.0
0.0083993925,0.0,1.0
0.0069211475,0.0,0.0
0.01310178,0.0,0.0
0.000550508,0.0,0.0
0.0062558474,0.0,0.0
0.035775308,0.0,0.0
0.011126147,0.0,0.0
0.008930519,0.0,0.0
0.021723269,0.0,0.0
0.003902441,0.0,0.0
0.032533746,0.0,0.0
0.0003465082,0.0,0.0
0.032477632,0.0,0.0
0.07854654,0.0,0.0
0.011662597,0.0,0.0
0.023746828,0.0,0.0
0.0003284803,0.0,0.0
0.01970293,0.0,0.0
0.00030982317,0.0,0.0
0.015514621,0.0,0.0
0.0011409237,0.0,0.0
0.009360916,0.0,0.0
0.0005536445,0.0,1.0
0.0008619283,0.0,1.0
0.0013787538,0.0,0.0
0.00035756838,0.0,0.0
0.00020511111,0.0,0.0
0.00038243097,0.0,0.0
6.4492684e-05,0.0,0.0
7.760757e-05,0.0,0.0
0.0003788092,0.0,0.0
0.013136791,0.0,0.0
0.041032385,0.0,0.0
0.0010087461,0.0,0.0
0.04179432,0.0,0.0
0.56653285,0.0,0.0
0.0038799236,0.0,0.0
0.03738281,0.0,0.0
0.016636379,0.0,1.0
0.41752565,0.0,0.0
0.06702461,0.0,0.0
8.384255e-05,0.0,0.0
0.15892139,0.0,0.0
0.024324728,0.0,0.0
0.00023123401,0.0,0.0
0.011864576,0.0,0.0
0.06734561,0.0,0.0
0.00015915331,0.0,0.0
0.12787582,0.0,0.0
0.0014972563,0.0,0.0
0.009464044,0.0,0.0
0.0047961795,0.0,0.0
0.040590603,0.0,0.0
0.053882226,0.0,0.0
0.3694685,0.0,0.0
0.5294317,0.0,0.0
0.48970553,0.0,1.0
0.40750557,0.0,1.0
0.0065262294,0.0,0.0
0.011804601,1.0,0.0
0.0033976985,0.0,0.0
0.030058393,0.0,0.0
3.4442066e-05,1.0,0.0
0.00043763424,1.0,0.0
0.7321206,1.0,0.0
0.015109497,1.0,0.0
0.008510265,1.0,0.0
0.4436019,1.0,0.0
0.000116869625,1.0,0.0
0.022396414,0.0,0.0
0.03108162,0.0,0.0
0.009324215,0.0,1.0
0.013272027,0.0,0.0
0.012250342,0.0,0.0
0.019511644,0.0,0.0
0.00089103635,0.0,0.0
0.000226304,0.0,0.0
0.0138513455,0.0,0.0
0.13814935,0.0,1.0
0.5166355,0.0,0.0
0.027179664,0.0,0.0
0.00062729535,1.0,0.0
0.87940085,0.0,0.0
0.023796815,0.0,0.0
0.014160739,0.0,0.0
0.0029128734,0.0,0.0
0.036289904,0.0,0.0
0.13509744,0.0,0.0
0.022097383,0.0,0.0
0.00022730826,0.0,0.0
0.0007306847,0.0,1.0
0.0008928265,1.0,1.0
0.06153956,1.0,0.0
0.021166354,1.0,0.0
0.017266598,1.0,1.0
0.0500532,0.0,0.0
0.04232804,1.0,0.0
0.00042576384,0.0,0.0
0.0013099238,0.0,0.0
0.024285778,0.0,0.0
0.072172254,0.0,0.0
1.9367175e-05,0.0,1.0
0.0048973216,0.0,1.0
0.050799094,0.0,0.0
0.010310125,0.0,0.0
5.561055e-06,0.0,0.0
0.010064,0.0,0.0
0.82959825,0.0,0.0
0.8031929,0.0,0.0
0.005199611,0.0,0.0
0.04742894,0.0,1.0
0.00025658408,1.0,1.0
0.056706775,1.0,0.0
0.030682815,1.0,0.0
2.1728085e-05,1.0,1.0
0.011203099,0.0,0.0
0.9274013,1.0,0.0
0.036454894,0.0,0.0
0.10570864,0.0,0.0
0.014238687,0.0,0.0
0.00022703927,0.0,0.0
0.0019698434,0.0,0.0
0.02695764,0.0,0.0
0.4420337,0.0,0.0
7.037966e-05,0.0,0.0
2.530751e-05,0.0,0.0
5.0347604e-05,0.0,0.0
3.51376e-05,0.0,0.0
0.00017789808,0.0,0.0
0.0015880973,0.0,0.0
6.58195e-05,0.0,0.0
0.003069386,0.0,0.0
0.01954575,0.0,0.0
0.0017203374,0.0,0.0
0.8296739,0.0,0.0
0.99725986,0.0,0.0
0.05967012,0.0,0.0
0.019251417,0.0,1.0
0.0004819301,0.0,0.0
0.0002517915,0.0,0.0
0.002598161,0.0,0.0
2.2430451e-05,0.0,0.0
0.0022651753,0.0,0.0
0.0008881421,0.0,0.0
0.19949353,0.0,0.0
0.007284559,0.0,0.0
4.6420802e-05,0.0,0.0
0.0016259467,0.0,0.0
0.037312128,0.0,0.0
9.678497e-06,0.0,0.0
0.00021456773,0.0,0.0
0.0031934802,0.0,1.0
0.000111861526,0.0,0.0
0.1991397,0.0,0.0
0.0006932347,0.0,1.0
0.013965996,0.0,0.0
0.0016734176,0.0,0.0
0.0068779546,0.0,0.0
0.0035925799,0.0,0.0
0.015134637,0.0,0.0
0.42479268,0.0,0.0
0.016032621,0.0,0.0
0.00014339245,0.0,0.0
0.0004227391,0.0,0.0
0.013374312,0.0,0.0
0.021593854,0.0,1.0
0.008914382,0.0,0.0
7.509445e-05,0.0,0.0
0.03696831,0.0,0.0
0.00049443735,0.0,0.0
0.0031227607,0.0,0.0
0.0011291911,0.0,0.0
0.18141954,0.0,0.0
0.000980442,0.0,0.0
0.026621172,0.0,0.0
0.00044344075,0.0,0.0
0.006603452,0.0,0.0
0.00016980908,0.0,0.0
0.0002813178,0.0,0.0
0.06273706,0.0,0.0
0.0012817327,0.0,0.0
0.010546408,0.0,0.0
0.0071755974,0.0,0.0
0.029185005,0.0,0.0
0.0038804011,0.0,0.0
0.005865853,0.0,0.0
0.00060198305,0.0,0.0
0.0019807543,0.0,0.0
0.059848644,0.0,0.0
0.095317386,0.0,0.0
0.1038179,0.0,0.0
0.0021501807,0.0,0.0
6.6910594e-05,0.0,0.0
0.038720157,0.0,0.0
0.00025805412,0.0,0.0
0.0036363201,0.0,0.0
0.007852225,0.0,0.0
0.017999245,0.0,0.0
0.24293645,0.0,0.0
0.025118876,0.0,0.0
0.00034945874,0.0,0.0
0.028673679,0.0,0.0
0.007744767,0.0,0.0
0.0008925131,0.0,1.0
0.00014465408,0.0,1.0
0.010829496,0.0,1.0
0.0013582484,0.0,1.0
0.14534546,0.0,0.0
0.0030606324,0.0,0.0
0.039772227,0.0,0.0
0.0054906467,0.0,0.0
0.00030272914,0.0,1.0
0.00011171145,0.0,0.0
0.0009800919,0.0,0.0
0.002296183,0.0,0.0
0.008026578,0.0,0.0
0.021230685,0.0,0.0
0.00014677293,0.0,0.0
0.05740452,0.0,0.0
0.019709079,0.0,0.0
0.003923875,0.0,0.0
0.006964135,0.0,0.0
0.0063985293,0.0,0.0
0.9758814,0.0,0.0
3.5234036e-05,0.0,0.0
2.516343e-05,0.0,0.0
0.2524101,0.0,0.0
0.0075841,0.0,1.0
0.006105167,0.0,1.0
0.0036159651,0.0,0.0
0.00044238416,0.0,0.0
0.0011023837,0.0,0.0
0.022888128,0.0,0.0
0.0072315624,0.0,0.0
0.00076938566,0.0,1.0
0.011535711,0.0,0.0
0.22348,0.0,0.0
0.048844345,0.0,0.0
0.056540415,0.0,0.0
0.005233519,0.0,0.0
0.00096892763,0.0,0.0
0.0051472452,0.0,0.0
0.06258104,0.0,0.0
0.09635214,0.0,0.0
0.0021010863,0.0,0.0
0.07198113,0.0,0.0
0.0006469939,0.0,0.0
0.021220962,0.0,0.0
0.52263105,0.0,0.0
0.15015721,0.0,0.0
0.015997598,0.0,0.0
0.00029852684,0.0,1.0
0.00054392056,0.0,1.0
0.0010074894,0.0,0.0
0.00055996276,0.0,0.0
0.0031108845,0.0,0.0
0.0070078527,0.0,0.0
0.0029125034,0.0,0.0
0.51824826,0.0,0.0
0.44154844,0.0,0.0
0.00018239251,0.0,0.0
0.0028800154,0.0,0.0
0.23919263,0.0,0.0
0.031493075,0.0,0.0
0.251859,0.0,0.0
0.00042208776,0.0,0.0
0.079488024,0.0,0.0
0.032304972,0.0,0.0
0.0059342408,0.0,0.0
0.003123812,0.0,0.0
0.00035649264,0.0,0.0
0.0002568122,0.0,0.0
0.00013689608,0.0,1.0
1.1523254e-05,0.0,1.0
0.00064660097,0.0,1.0
0.00023763935,0.0,1.0
0.0005662792,0.0,1.0
0.0017005379,0.0,0.0
0.013148263,0.0,0.0
0.10370795,0.0,0.0
0.007922054,0.0,0.0
0.0736608,0.0,0.0
0.013166553,0.0,0.0
0.061000045,0.0,0.0
0.017143656,0.0,0.0
0.00010723252,0.0,0.0
0.002164949,0.0,0.0
0.020809585,0.0,1.0
0.0012692943,0.0,1.0
0.0061371,0.0,1.0
0.0032804094,0.0,1.0
0.00013992583,0.0,0.0
0.00022318854,0.0,0.0
6.695763e-05,0.0,0.0
0.0025309776,0.0,0.0
4.5314646e-05,0.0,0.0
0.002093629,0.0,0.0
0.003550425,0.0,0.0
0.00039152676,0.0,0.0
0.0023884317,0.0,0.0
0.00093595637,0.0,0.0
3.1758424e-05,0.0,0.0
0.008801756,0.0,1.0
0.00064757385,0.0,0.0
0.0066036144,0.0,0.0
0.0003521241,0.0,1.0
0.27847007,0.0,0.0
0.00087223493,0.0,0.0
0.82954454,0.0,0.0
0.0007553955,0.0,0.0
0.01158531,0.0,0.0
0.4198009,0.0,0.0
0.5811442,0.0,0.0
3.064495e-05,0.0,1.0
7.349785e-05,0.0,0.0
0.0006092574,0.0,0.0
0.0001578105,1.0,0.0
0.039877325,1.0,0.0
0.05320331,0.0,1.0
0.0007135882,1.0,0.0
0.002554827,1.0,0.0
0.00014659669,1.0,0.0
0.0039842846,1.0,0.0
0.0019638108,1.0,0.0
0.5327621,0.0,0.0
2.4933015e-05,1.0,0.0
4.7804166e-05,1.0,0.0
0.0009738119,0.0,0.0
0.98370254,0.0,0.0
9.046619e-05,1.0,0.0
9.309958e-05,0.0,0.0
0.99336386,0.0,0.0
0.0023071165,0.0,0.0
0.00021705213,0.0,0.0
0.0009493347,0.0,0.0
0.00083016575,0.0,0.0
0.011623497,0.0,0.0
0.03231942,0.0,0.0
0.0005266615,0.0,1.0
0.0008830017,0.0,0.0
0.00055764907,0.0,0.0
0.021062251,0.0,0.0
0.00012765676,0.0,0.0
0.04713129,0.0,0.0
0.0026443978,0.0,0.0
0.0062078107,0.0,0.0
0.0010284602,0.0,0.0
0.0001979738,0.0,0.0
4.0085935e-05,1.0,0.0
4.4158143e-05,1.0,0.0
5.871846e-05,1.0,1.0
0.0003527507,1.0,0.0
0.0003749509,0.0,0.0
0.54223996,1.0,0.0
9.659799e-05,0.0,0.0
7.1289396e-05,1.0,0.0
0.072832145,1.0,0.0
0.0050630164,1.0,0.0
0.00010337975,1.0,0.0
0.0071581644,0.0,0.0
0.010757401,1.0,0.0
0.00017468103,1.0,0.0
0.0031240555,1.0,0.0
0.0016828256,0.0,0.0
0.013584239,0.0,0.0
0.0065442543,0.0,0.0
0.00053326116,1.0,0.0
0.009785433,0.0,0.0
0.00046464422,0.0,0.0
0.0005226556,0.0,0.0
0.040176418,0.0,1.0
0.0003725837,0.0,0.0
0.0003619565,0.0,0.0
0.64219403,0.0,0.0
0.05192196,0.0,0.0
0.059112936,0.0,0.0
0.018458761,0.0,0.0
0.10619076,0.0,0.0
0.17853355,0.0,0.0
0.9965706,0.0,0.0
0.00088200986,0.0,0.0
0.09278329,0.0,0.0
0.0015556166,0.0,0.0
0.0035713306,0.0,0.0
0.0034372008,0.0,0.0
0.00043544412,0.0,0.0
0.00028169117,0.0,0.0
0.0014723733,0.0,0.0
0.0052324813,0.0,0.0
0.6647072,0.0,0.0
0.011152141,0.0,0.0
0.0022804085,0.0,0.0
0.016269125,1.0,0.0
0.001355037,0.0,0.0
0.0006924136,0.0,0.0
0.0034563374,1.0,0.0
0.0014455635,1.0,0.0
0.0003495954,0.0,0.0
1.618579e-05,0.0,0.0
0.00014648575,0.0,0.0
4.3916457e-06,0.0,0.0
2.223476e-06,0.0,0.0
8.1488855e-05,0.0,0.0
3.598576e-05,0.0,0.0
5.66772e-05,0.0,0.0
0.0004612219,0.0,0.0
0.00995396,0.0,0.0
0.00021159423,0.0,0.0
0.010434166,0.0,0.0
0.00017997136,0.0,0.0
0.008687078,0.0,0.0
0.0011359714,0.0,0.0
0.00021266335,0.0,0.0
0.0008870896,0.0,0.0
2.3231656e-05,0.0,0.0
0.16122217,0.0,0.0
0.036892198,0.0,0.0
5.3634147e-05,0.0,0.0
0.0006547368,0.0,0.0
0.24252006,0.0,0.0
0.0015955772,0.0,0.0
0.026586352,0.0,0.0
0.0003203725,0.0,0.0
0.10930222,0.0,0.0
0.0003219696,0.0,0.0
0.01148632,0.0,0.0
0.048682433,0.0,0.0
9.4144096e-05,0.0,0.0
0.00055682,0.0,0.0
0.17225987,0.0,0.0
0.004416914,0.0,0.0
0.00010926232,0.0,0.0
1.4958825e-05,0.0,0.0
5.3660087e-06,0.0,0.0
0.00030436885,0.0,0.0
0.0020320553,0.0,1.0
0.0002403322,0.0,1.0
0.00040303124,0.0,0.0
6.317989e-05,0.0,1.0
0.00017901346,0.0,1.0
0.016552385,0.0,0.0
2.3660024e-05,0.0,0.0
9.775183e-06,0.0,0.0
0.00014759056,0.0,0.0
0.0017925611,0.0,0.0
0.0019764737,0.0,0.0
0.47355273,0.0,0.0
0.0028380004,0.0,0.0
0.007926073,0.0,0.0
0.0001036256,0.0,0.0
0.0009479171,0.0,0.0
4.7440594e-06,0.0,0.0
0.014607444,0.0,0.0
0.0017304238,0.0,0.0
3.0820636e-06,0.0,0.0
0.0004211228,0.0,0.0
0.00022958592,0.0,0.0
0.0011549757,0.0,0.0
0.00013395069,0.0,0.0
0.07822939,0.0,0.0
6.8096733e-06,0.0,0.0
0.12080572,0.0,0.0
0.0025113358,0.0,0.0
0.021944908,0.0,0.0
8.475327e-06,0.0,0.0
0.010278129,1.0,0.0
2.5589432e-06,0.0,1.0
1.9153998e-05,0.0,0.0
0.020647133,0.0,0.0
0.0004930595,0.0,0.0
0.0010975677,0.0,0.0
0.007243688,0.0,0.0
0.00017388801,0.0,0.0
0.0017804039,0.0,0.0
0.013648424,0.0,0.0
0.003721295,0.0,0.0
0.3057145,0.0,0.0
0.00011873745,0.0,0.0
5.4773347e-05,0.0,0.0
0.0019879749,0.0,0.0
0.003034833,0.0,1.0
2.7496292e-06,0.0,0.0
0.07997703,0.0,0.0
0.00020585778,0.0,0.0
0.0011843047,0.0,0.0
0.01219334,0.0,0.0
5.2934934e-06,0.0,0.0
0.0023533807,0.0,0.0
0.00014360945,0.0,0.0
5.311447e-05,0.0,0.0
0.0049631796,0.0,0.0
0.0017751439,0.0,0.0
0.13981804,0.0,0.0
5.5521643e-05,0.0,0.0
0.18883899,0.0,0.0
0.0002758592,1.0,0.0
0.27469403,0.0,0.0
0.00020123352,0.0,1.0
0.003741391,0.0,1.0
0.009212869,1.0,0.0
0.00227393,1.0,0.0
0.010087791,1.0,0.0
0.0008013262,1.0,1.0
0.00029390558,1.0,0.0
0.004304028,1.0,0.0
0.0025853626,1.0,0.0
0.00042551954,0.0,0.0
0.00060493994,1.0,0.0
0.00039864948,1.0,0.0
0.017761663,0.0,0.0
0.0009307603,0.0,0.0
0.0010699582,0.0,0.0
5.2645097e-05,1.0,0.0
0.00071300426,0.0,0.0
0.03959093,0.0,0.0
0.00084771554,0.0,0.0
0.00013314497,0.0,0.0
0.010186948,0.0,0.0
0.0043016053,0.0,0.0
0.03298592,0.0,0.0
0.0025693877,0.0,0.0
0.0001752927,0.0,0.0
4.652859e-05,0.0,0.0
0.0010502267,0.0,0.0
8.262434e-06,0.0,1.0
0.03575693,0.0,1.0
0.0001314563,0.0,1.0
0.0007431804,0.0,0.0
0.0062994706,0.0,0.0
0.0006118264,1.0,0.0
0.0003018415,0.0,0.0
0.011476232,0.0,0.0
0.028552068,1.0,0.0
0.0005070966,1.0,0.0
0.0049777827,0.0,0.0
0.00046758738,0.0,0.0
0.048349857,1.0,0.0
0.00061774004,1.0,0.0
0.00015941697,0.0,0.0
7.740048e-05,1.0,0.0
0.00152851,1.0,0.0
0.013103167,0.0,0.0
0.0005492697,1.0,0.0
0.00028002082,1.0,0.0
0.00023246596,1.0,0.0
0.00041011834,0.0,0.0
0.0190121,1.0,0.0
0.00054551475,1.0,0.0
0.0010408646,1.0,0.0
2.9502122e-05,1.0,0.0
0.0002694085,1.0,1.0
0.0052592205,1.0,0.0
0.00094904844,1.0,1.0
0.019450821,0.0,0.0
0.016721584,1.0,0.0
0.000494295,0.0,0.0
0.26919264,0.0,0.0
2.2505832e-05,0.0,0.0
0.0029999642,1.0,0.0
0.34722272,0.0,0.0
0.000627927,0.0,0.0
0.02772716,0.0,0.0
0.0018145597,1.0,0.0
0.00013862965,1.0,0.0
0.02989339,1.0,0.0
0.012582963,1.0,0.0
2.1913915e-05,1.0,0.0
3.2632895e-06,0.0,1.0
1.1909702e-05,0.0,1.0
0.0026530984,0.0,1.0
0.00013088719,0.0,1.0
9.538494e-06,0.0,0.0
0.00015125265,0.0,0.0
0.0031946022,0.0,0.0
1.5117351e-05,0.0,0.0
2.764881e-05,0.0,0.0
0.005378434,0.0,0.0
0.0062347446,0.0,0.0
0.0041631414,0.0,0.0
1.1554419e-05,0.0,0.0
0.0011726907,0.0,0.0
0.3287824,0.0,0.0
3.0181165e-05,0.0,0.0
7.148211e-05,0.0,0.0
0.0008719719,0.0,0.0
0.028485429,0.0,0.0
8.240668e-06,0.0,0.0
4.6510327e-06,0.0,1.0
0.0031579486,0.0,0.0
0.001562049,1.0,0.0
0.00016928527,1.0,0.0
5.9887978e-05,1.0,0.0
0.00044115365,1.0,0.0
6.928722e-05,0.0,0.0
0.004289271,0.0,0.0
0.64752173,0.0,0.0
0.011460987,0.0,0.0
0.012216773,0.0,0.0
0.022659082,0.0,0.0
0.52473694,0.0,0.0
0.023226792,0.0,0.0
0.009849955,0.0,0.0
0.00020453599,0.0,0.0
0.027021514,0.0,0.0
0.00025419297,0.0,0.0
0.025079334,0.0,0.0
0.045711406,0.0,0.0
0.013221478,0.0,0.0
0.06851854,0.0,0.0
0.004008482,0.0,0.0
0.0392158,0.0,0.0
0.00048671613,0.0,0.0
0.113907136,0.0,0.0
0.06466011,0.0,0.0
0.0017532504,0.0,0.0
0.012542404,0.0,0.0
0.0062529165,0.0,1.0
0.08092102,1.0,0.0
0.026912155,0.0,0.0
0.005455778,0.0,0.0
0.006253462,0.0,0.0
0.03190862,0.0,0.0
0.0054460997,0.0,0.0
7.986409e-05,0.0,0.0
0.000107627544,0.0,0.0
0.0024631757,0.0,0.0
0.0067180493,0.0,0.0
0.0013988954,0.0,0.0
9.008097e-05,0.0,0.0
0.00761117,0.0,0.0
0.00017654015,0.0,0.0
0.007395194,0.0,0.0
0.00027404964,0.0,1.0
0.024643602,0.0,1.0
0.038985603,1.0,1.0
0.00035576968,1.0,1.0
0.010870642,0.0,1.0
0.002333195,1.0,1.0
0.022561472,1.0,1.0
0.0011690792,1.0,1.0
0.00443812,0.0,0.0
0.04935564,0.0,0.0
0.00043796372,0.0,0.0
0.0019556603,0.0,0.0
0.0022826968,0.0,0.0
0.0053076013,0.0,0.0
0.00028305285,0.0,0.0
0.00084907893,0.0,0.0
0.023060462,0.0,1.0
0.00176531,0.0,0.0
4.431144e-05,0.0,0.0
0.0003351283,1.0,0.0
0.0012028413,0.0,0.0
0.0002915607,1.0,0.0
0.00012073688,1.0,0.0
0.0071201944,1.0,0.0
0.0033387137,1.0,0.0
0.0034623619,1.0,1.0
0.004207956,1.0,1.0
0.00505023,1.0,0.0
0.00086403004,1.0,0.0
0.0018976372,1.0,0.0
0.0009149292,1.0,0.0
0.0002114974,0.0,0.0
4.6001758e-05,0.0,0.0
0.000766284,0.0,0.0
0.055223294,0.0,0.0
0.047314305,0.0,0.0
6.7429624e-05,0.0,0.0
0.019429564,0.0,0.0
0.00024365228,0.0,0.0
0.016022155,0.0,0.0
0.00036624025,1.0,0.0
0.0031203644,0.0,0.0
0.009388309,0.0,0.0
0.014147492,0.0,0.0
0.00016716891,0.0,1.0
0.00018203566,0.0,1.0
9.426322e-05,0.0,0.0
4.5642915e-05,0.0,0.0
0.0008863444,0.0,0.0
0.00023977236,0.0,0.0
0.0012838066,0.0,0.0
0.0013881961,0.0,0.0
0.0022293217,0.0,0.0
0.0005211552,0.0,0.0
0.00020870272,1.0,0.0
2.3604673e-05,0.0,0.0
6.839729e-05,0.0,0.0
0.006754705,0.0,0.0
0.027200177,1.0,0.0
0.00042805867,0.0,0.0
0.00088682724,0.0,0.0
5.617623e-05,0.0,0.0
0.00012679833,0.0,0.0
0.0015260588,0.0,0.0
0.0002080467,0.0,0.0
0.0010386118,0.0,1.0
0.0015712148,0.0,1.0
0.00068403705,0.0,1.0
0.00031467908,0.0,1.0
2.7523982e-05,0.0,0.0
0.00021532601,0.0,0.0
2.8492197e-05,0.0,0.0
0.00018239982,0.0,0.0
0.00045582833,0.0,0.0
4.0916268e-05,0.0,0.0
0.4216952,0.0,0.0
0.031496484,0.0,0.0
0.16274077,0.0,0.0
0.45894992,0.0,0.0
0.046033252,0.0,0.0
0.0002420193,0.0,0.0
0.00026254004,0.0,0.0
3.5809092e-06,0.0,0.0
0.0037188015,0.0,0.0
6.9562034e-06,0.0,0.0
2.3612642e-05,1.0,0.0
0.00012502918,0.0,0.0
0.0023301768,0.0,0.0
0.0022208167,0.0,0.0
0.49821556,0.0,0.0
0.41465187,0.0,0.0
0.86783564,0.0,0.0
0.011549196,0.0,0.0
0.021479543,0.0,0.0
5.337443e-06,0.0,0.0
0.0010370377,0.0,0.0
0.00602664,0.0,1.0
7.554974e-06,0.0,1.0
0.00032732176,0.0,0.0
0.04348898,0.0,0.0
0.0001926699,0.0,0.0
0.00016574787,0.0,0.0
6.218597e-05,0.0,1.0
0.0034603043,0.0,0.0
7.398961e-05,0.0,0.0
5.9281934e-05,0.0,0.0
0.0077669537,0.0,0.0
0.9784656,0.0,0.0
0.00026221332,0.0,0.0
2.652889e-05,0.0,0.0
0.012253983,0.0,0.0
0.008142146,1.0,0.0
0.02007307,0.0,0.0
0.0014260841,0.0,0.0
0.0023468137,1.0,0.0
0.00024075624,0.0,0.0
0.0004415586,0.0,1.0
0.00064894604,0.0,0.0
8.128344e-06,0.0,0.0
0.0016565314,0.0,0.0
0.00014197394,0.0,0.0
0.004019167,0.0,0.0
4.5443478e-05,0.0,0.0
6.617932e-05,0.0,0.0
0.0021169542,0.0,0.0
0.0135644525,0.0,1.0
0.02852112,0.0,1.0
0.016291494,0.0,0.0
0.0007643408,0.0,0.0
9.181704e-05,0.0,0.0
0.0006760909,0.0,0.0
0.0028297335,0.0,0.0
0.00017436253,0.0,0.0
0.012324033,0.0,0.0
2.0450232e-05,0.0,0.0
0.00060069095,0.0,0.0
0.00044650814,0.0,0.0
0.007474855,0.0,0.0
0.00053808204,0.0,0.0
0.006667197,0.0,0.0
0.020707117,0.0,0.0
0.0031241179,0.0,0.0
0.99375206,0.0,0.0
5.9284953e-06,0.0,0.0
1.1981472e-05,0.0,0.0
2.9203698e-05,0.0,0.0
0.0005533688,0.0,1.0
0.014239651,0.0,0.0
9.7174234e-05,0.0,0.0
0.00023731828,0.0,0.0
0.15002394,0.0,0.0
0.02007243,0.0,0.0
0.0002125154,0.0,0.0
4.6172416e-05,0.0,0.0
0.014991381,0.0,1.0
2.3793275e-05,0.0,0.0
9.9943274e-05,0.0,0.0
0.00019958976,0.0,1.0
0.034139354,0.0,0.0
0.10293962,0.0,0.0
0.013804008,0.0,0.0
0.43065923,0.0,0.0
0.00011361347,0.0,0.0
5.6040546e-05,1.0,1.0
0.00015827149,1.0,1.0
0.0005578476,1.0,0.0
0.0006975975,1.0,0.0
2.6206557e-05,0.0,0.0
0.0017080145,1.0,0.0
6.7870074e-06,0.0,1.0
0.00044142688,0.0,1.0
0.00012241435,0.0,0.0
0.0005330096,0.0,0.0
0.005627823,0.0,0.0
0.005521962,0.0,0.0
0.0015471464,0.0,0.0
0.0003578419,0.0,0.0
0.00014442144,0.0,0.0
0.50047183,0.0,0.0
1.3900209e-05,0.0,0.0
0.3330205,0.0,0.0
0.0010461375,0.0,0.0
1.50901415e-05,0.0,0.0
0.0002895432,0.0,0.0
0.9222595,0.0,0.0
0.0116320895,0.0,0.0
4.5576548e-05,0.0,0.0
0.00027346864,0.0,0.0
0.09273297,0.0,0.0
0.04382797,0.0,0.0
4.944273e-05,0.0,0.0
0.12466986,0.0,0.0
0.0008123508,0.0,0.0
0.00031393682,0.0,0.0
7.2934134e-05,0.0,0.0
0.0013741833,0.0,0.0
1.4991043e-05,0.0,0.0
0.00066421373,0.0,0.0
0.24535601,0.0,0.0
0.044781588,0.0,0.0
7.299071e-05,0.0,0.0
0.0016731563,0.0,0.0
0.0066226632,0.0,0.0
0.00014557745,0.0,0.0
0.00096590765,1.0,0.0
0.06679696,1.0,0.0
0.00033011462,0.0,0.0
0.012456796,0.0,0.0
0.00055447547,0.0,0.0
0.18100345,0.0,0.0
1.5869813e-05,0.0,0.0
0.0027131757,0.0,0.0
1.6614256e-05,0.0,0.0
0.0010699027,0.0,0.0
0.0012706635,0.0,0.0
0.0015063653,0.0,0.0
1.4494546e-05,0.0,0.0
0.00012147862,0.0,0.0
0.0066017876,0.0,0.0
0.0008171686,0.0,0.0
0.0035098104,0.0,0.0
0.0003428996,0.0,1.0
0.00017380097,0.0,1.0
0.0002450174,0.0,0.0
1.1853274e-05,0.0,1.0
0.0023730462,0.0,1.0
0.000140553,0.0,0.0
0.015654035,0.0,0.0
0.0032610868,0.0,0.0
0.002333297,0.0,0.0
0.00023438108,0.0,0.0
0.0008266033,0.0,0.0
4.5152974e-05,0.0,0.0
0.0059483107,0.0,0.0
0.0001091258,0.0,1.0
0.025416793,0.0,0.0
0.00085811736,1.0,0.0
0.000206018,0.0,0.0
0.00096280087,0.0,0.0
0.006272224,0.0,0.0
0.067312375,0.0,0.0
0.0018663869,0.0,0.0
0.0007178409,0.0,0.0
0.006107375,0.0,0.0
0.00017464555,0.0,0.0
0.032989673,0.0,0.0
0.053508222,1.0,0.0
0.005117833,0.0,0.0
0.006758644,0.0,0.0
0.0017788911,0.0,0.0
0.0004660295,0.0,0.0
0.012975265,0.0,0.0
0.0007931065,0.0,0.0
1.02848935e-05,0.0,0.0
0.0004115655,0.0,1.0
0.0022057847,0.0,1.0
0.0001839704,0.0,1.0
0.0031925268,0.0,0.0
0.00014228851,0.0,0.0
0.00043811198,0.0,0.0
0.00091528444,0.0,1.0
0.0046856212,0.0,0.0
0.0002529537,0.0,0.0
2.3111777e-05,0.0,0.0
0.00010147742,0.0,0.0
0.20145193,0.0,0.0
0.00012192495,0.0,0.0
0.0005719971,0.0,0.0
0.003212869,0.0,0.0
1.731281e-05,0.0,0.0
1.304105e-05,0.0,0.0
0.000107422165,0.0,0.0
0.023144865,0.0,0.0
5.2149328e-05,0.0,0.0
0.00014593046,1.0,0.0
0.21188979,0.0,0.0
0.003880381,0.0,0.0
0.00031781284,0.0,0.0
0.0036073788,1.0,0.0
5.7190267e-05,0.0,0.0
5.7949073e-05,0.0,0.0
0.000103737024,0.0,0.0
0.2341837,0.0,0.0
0.011514378,0.0,0.0
5.92985e-05,0.0,0.0
0.00031481922,0.0,0.0
0.003609628,0.0,0.0
0.00027599998,0.0,0.0
0.00011152636,1.0,0.0
0.03734916,1.0,0.0
8.131567e-05,0.0,0.0
0.11007293,0.0,0.0
0.00012846196,1.0,0.0
0.02546518,1.0,0.0
0.008404271,0.0,0.0
0.00071460084,1.0,0.0
4.1470073e-05,1.0,0.0
0.008422458,1.0,0.0
0.027770398,0.0,0.0
1.9407093e-05,1.0,0.0
5.7650655e-06,1.0,0.0
0.00072738226,0.0,0.0
0.00020193912,0.0,0.0
0.0017062665,1.0,0.0
0.00024846997,1.0,0.0
0.005102006,0.0,0.0
0.0019982613,0.0,0.0
3.055277e-05,1.0,0.0
4.7035788e-05,1.0,0.0
3.3818433e-05,0.0,0.0
0.00042320928,0.0,0.0
0.0066016694,0.0,0.0
6.758245e-05,0.0,0.0
3.3519475e-05,1.0,0.0
0.027825978,1.0,0.0
0.0007466214,0.0,0.0
4.1431453e-05,0.0,0.0
0.03126524,0.0,0.0
1.9461397e-05,0.0,1.0
2.5167055e-05,0.0,0.0
0.006467812,1.0,0.0
5.0182466e-06,0.0,0.0
6.923048e-05,0.0,1.0
8.9082794e-05,0.0,1.0
2.654032e-06,1.0,1.0
8.381082e-05,1.0,0.0
0.022089824,1.0,1.0
0.118294746,0.0,1.0
0.0001128954,0.0,0.0
9.05544e-05,0.0,0.0
0.0015155078,0.0,0.0
0.00011610585,0.0,0.0
0.0058443584,0.0,0.0
0.00035296715,0.0,0.0
0.0001646456,0.0,0.0
2.1772328e-05,0.0,0.0
0.6388025,0.0,0.0
0.0015909229,0.0,0.0
2.337105e-05,0.0,0.0
0.004663701,0.0,1.0
0.0006015896,0.0,0.0
0.11566382,0.0,0.0
0.03037054,0.0,0.0
0.0049906634,0.0,0.0
3.2883177e-05,0.0,0.0
0.001640661,0.0,0.0
2.6933936e-05,0.0,0.0
0.007101514,0.0,0.0
0.0035299081,0.0,0.0
0.000103217215,0.0,0.0
0.00019317283,0.0,0.0
0.00015456692,0.0,1.0
0.0015956669,0.0,1.0
0.91075575,0.0,0.0
5.031367e-06,1.0,0.0
0.00020482187,0.0,1.0
0.035878,0.0,0.0
5.252495e-05,1.0,0.0
0.00013821691,1.0,0.0
2.8479946e-05,1.0,0.0
4.9714014e-05,0.0,0.0
2.9308967e-05,1.0,0.0
0.0004490566,1.0,0.0
1.7356255e-05,1.0,0.0
0.0645418,0.0,0.0
0.0016703974,1.0,0.0
6.1445586e-05,1.0,0.0
2.477027e-05,1.0,0.0
0.0017863085,0.0,0.0
0.0009782526,0.0,0.0
0.46665666,1.0,0.0
0.00023244272,0.0,0.0
0.00041816,0.0,1.0
0.050330043,0.0,0.0
0.0404859,0.0,0.0
0.0016844557,0.0,0.0
0.005645714,0.0,0.0
0.0067612627,0.0,0.0
0.0017950074,0.0,0.0
0.001581165,0.0,0.0
0.0001774987,0.0,0.0
0.004780183,0.0,0.0
0.006773276,0.0,0.0
1.093611e-05,0.0,0.0
9.1776856e-05,0.0,0.0
0.00041790836,0.0,0.0
0.013745396,0.0,0.0
0.005025607,0.0,0.0
0.00042015742,0.0,0.0
0.04504541,0.0,0.0
6.644092e-06,0.0,0.0
0.04859468,0.0,0.0
1.759925e-05,0.0,0.0
0.0029357933,0.0,0.0
9.794377e-06,0.0,0.0
2.4943505e-05,0.0,0.0
0.0016745076,0.0,0.0
0.0005613535,0.0,1.0
1.0148218e-05,1.0,0.0
0.0016819029,1.0,0.0
0.00011088998,0.0,0.0
0.9921256,0.0,0.0
0.000333112,0.0,0.0
0.0058967816,0.0,0.0
0.0001951087,0.0,0.0
0.00021314224,0.0,0.0
0.0020370046,0.0,0.0
0.9519889,0.0,0.0
8.169364e-05,0.0,0.0
3.9341612e-05,0.0,0.0
4.7899935e-06,0.0,0.0
0.0007426342,0.0,0.0
0.0044112774,0.0,0.0
0.90760666,0.0,1.0
0.0001880809,0.0,0.0
0.03996437,0.0,0.0
0.0008940072,0.0,0.0
2.4923293e-05,0.0,0.0
2.3127384e-05,0.0,0.0
0.28346348,0.0,0.0
0.00084254594,0.0,0.0
4.4587257e-05,0.0,0.0
0.00047493257,0.0,1.0
4.58018e-05,0.0,0.0
0.00031138645,0.0,0.0
0.009256886,0.0,0.0
2.0875736e-05,0.0,0.0
0.9902304,0.0,0.0
0.0022682487,0.0,0.0
0.0014114219,0.0,0.0
0.00026275514,0.0,0.0
0.000547148,0.0,0.0
6.819995e-05,0.0,0.0
0.00042759048,0.0,0.0
1.4063803e-05,0.0,1.0
4.4779266e-05,0.0,0.0
0.026312064,0.0,0.0
0.09130661,0.0,0.0
0.00010513221,0.0,0.0
0.00023557362,0.0,0.0
0.014651741,0.0,0.0
0.00037806874,0.0,0.0
0.037270524,0.0,0.0
3.7767575e-05,0.0,0.0
0.0004177066,0.0,0.0
0.0025909767,0.0,0.0
0.0014193206,0.0,0.0
0.58928406,0.0,0.0
9.991002e-05,0.0,0.0
0.019921115,0.0,0.0
7.3192205e-05,0.0,0.0
0.026140269,0.0,1.0
0.0001992494,0.0,1.0
0.001452474,0.0,0.0
0.0026680934,0.0,0.0
0.016306883,0.0,1.0
0.0004579369,0.0,1.0
3.4503708e-05,0.0,0.0
0.0016304742,0.0,0.0
0.0016474475,0.0,0.0
0.0028209798,0.0,0.0
0.0003433874,0.0,0.0
0.012996308,0.0,0.0
6.432072e-06,0.0,0.0
7.710795e-06,0.0,0.0
0.0034689512,0.0,0.0
0.0021841833,0.0,0.0
0.00021537325,0.0,0.0
0.004136,0.0,0.0
1.7427043e-05,0.0,0.0
1.1432e-05,0.0,0.0
4.9126506e-06,0.0,0.0
0.99515814,0.0,0.0
1.3745752e-05,0.0,0.0
5.75721e-05,0.0,0.0
0.0007581146,0.0,0.0
8.0836326e-05,0.0,0.0
0.0017161473,0.0,1.0
8.308794e-05,0.0,0.0
0.0117400065,0.0,0.0
2.6048114e-05,0.0,0.0
4.4659164e-06,0.0,0.0
9.631856e-05,0.0,0.0
0.00058796874,0.0,0.0
4.7159076e-05,0.0,1.0
0.0005490729,0.0,0.0
0.00029476595,0.0,0.0
6.232471e-05,0.0,0.0
0.08704871,0.0,0.0
0.7586405,0.0,0.0
0.21176751,0.0,0.0
0.0022561238,0.0,0.0
0.0072060446,0.0,1.0
0.03542891,0.0,1.0
0.0049620285,0.0,0.0
0.00011525823,0.0,0.0
0.0017907028,0.0,0.0
0.0032057164,0.0,0.0
0.010038313,0.0,0.0
0.00039671035,0.0,0.0
1.1530412e-05,0.0,0.0
0.00029113682,0.0,0.0
0.00065549766,0.0,0.0
0.005344551,0.0,0.0
5.1595005e-05,0.0,0.0
2.0865964e-05,0.0,0.0
6.778182e-05,0.0,0.0
7.4738105e-05,0.0,1.0
2.6671254e-05,0.0,0.0
0.00070503727,0.0,0.0
0.0011019355,1.0,0.0
0.0022207226,1.0,0.0
0.018385831,0.0,0.0
0.0042084097,1.0,0.0
0.9987207,0.0,0.0
0.0001258268,1.0,0.0
0.00512301,0.0,0.0
0.00036604842,0.0,1.0
8.315532e-05,0.0,1.0
1.0435006e-05,0.0,1.0
0.00031350943,1.0,0.0
0.00029732595,1.0,0.0
0.0006444953,1.0,0.0
0.0010247487,0.0,1.0
0.013238939,0.0,0.0
0.0038732672,1.0,0.0
0.40197626,0.0,0.0
0.004161064,1.0,0.0
0.00020191332,0.0,1.0
2.4634037e-05,0.0,1.0
0.00012082774,1.0,1.0
6.0820927e-05,0.0,1.0
0.0071007772,0.0,0.0
0.013647936,0.0,0.0
0.0003843159,0.0,0.0
3.0626397e-05,0.0,0.0
8.361503e-06,0.0,1.0
0.00010640837,0.0,0.0
0.0003104764,0.0,0.0
0.012817279,0.0,1.0
4.136797e-05,0.0,0.0
0.011574634,0.0,0.0
0.008229705,0.0,0.0
2.6665253e-05,0.0,0.0
3.3576613e-05,0.0,0.0
0.111109324,0.0,0.0
0.011619316,0.0,0.0
0.0047714124,0.0,0.0
0.013917109,0.0,0.0
0.0069348086,0.0,0.0
8.9961904e-05,0.0,0.0
0.0008463826,0.0,1.0
0.00028303204,0.0,0.0
5.228586e-05,0.0,0.0
0.0005704728,0.0,0.0
0.000113205024,0.0,0.0
0.0008809289,0.0,0.0
1.4677769e-05,0.0,0.0
0.00013297268,0.0,0.0
5.4180186e-05,0.0,0.0
0.31257173,0.0,0.0
0.0008402433,1.0,0.0
0.0004319501,0.0,0.0
0.0011025046,0.0,0.0
0.0002880506,0.0,0.0
0.06828402,1.0,0.0
0.0006921105,1.0,0.0
3.5418914e-06,1.0,1.0
6.8191875e-06,1.0,1.0
0.0027319097,1.0,0.0
2.4948878e-05,1.0,0.0
1.5549116e-05,1.0,0.0
0.00013338834,0.0,0.0
0.0027108646,0.0,0.0
0.00014490852,1.0,0.0
0.00040416582,0.0,0.0
0.0008840919,0.0,0.0
0.14777923,0.0,0.0
0.0023884168,0.0,0.0
0.016035294,0.0,0.0
0.0011867847,0.0,0.0
0.0015854306,0.0,0.0
0.0006273432,0.0,0.0
0.0026550689,0.0,0.0
0.00022727466,0.0,0.0
0.0005783238,0.0,0.0
0.059718914,0.0,0.0
0.008218612,0.0,0.0
0.22994483,0.0,0.0
0.062124774,0.0,0.0
0.00022640824,0.0,0.0
0.022512574,0.0,0.0
0.3048121,0.0,0.0
0.014555599,0.0,0.0
0.24784961,0.0,0.0
0.33606842,0.0,0.0
0.001616603,0.0,0.0
0.007911224,0.0,0.0
0.032490138,0.0,0.0
0.114194594,0.0,0.0
0.017346332,0.0,0.0
0.031025881,0.0,1.0
0.12789237,0.0,0.0
0.017613512,0.0,0.0
0.20838912,0.0,0.0
0.43843415,0.0,0.0
0.09741641,0.0,0.0
0.1327265,0.0,0.0
0.02335531,0.0,0.0
0.0118830325,0.0,0.0
0.019316355,0.0,0.0
0.020847756,0.0,0.0
0.0001866266,0.0,0.0
0.15737541,0.0,0.0
0.0028659673,0.0,0.0
0.019252565,0.0,0.0
0.6715989,0.0,0.0
0.21887293,0.0,0.0
0.0211929,0.0,0.0
0.8427665,0.0,0.0
0.17926227,0.0,1.0
0.0015455583,0.0,0.0
0.00087805325,0.0,0.0
0.00013673444,0.0,1.0
0.004358169,0.0,0.0
0.48022473,0.0,0.0
0.005437516,0.0,0.0
0.025823072,0.0,0.0
0.00027227917,0.0,0.0
0.005777137,1.0,0.0
0.016281951,0.0,0.0
0.2629967,0.0,0.0
0.0014734153,0.0,0.0
0.027434064,0.0,0.0
0.0033373858,0.0,0.0
0.029234238,0.0,0.0
0.0013371966,0.0,0.0
0.024057386,0.0,0.0
0.0052374722,0.0,0.0
0.00015041558,0.0,0.0
0.1004856,0.0,0.0
0.038863573,0.0,0.0
0.042605117,0.0,0.0
0.00031718204,0.0,0.0
3.752384e-05,0.0,0.0
0.00614718,0.0,0.0
0.056561023,0.0,0.0
0.00028120683,0.0,1.0
2.2003416e-05,0.0,0.0
0.052651923,0.0,0.0
0.17678145,0.0,0.0
0.00028394916,0.0,0.0
0.2751774,0.0,0.0
0.049623113,0.0,0.0
0.0012264993,0.0,0.0
0.017895954,0.0,0.0
0.5517485,0.0,0.0
0.037781592,1.0,0.0
0.018549591,1.0,0.0
0.0019096724,1.0,0.0
0.021218177,1.0,0.0
0.077864595,1.0,0.0
0.000575115,1.0,0.0
0.00045042761,1.0,1.0
0.9237139,1.0,0.0
0.032319974,1.0,0.0
0.11254211,1.0,0.0
0.0001038359,1.0,0.0
0.00031100077,0.0,0.0
0.00031633858,1.0,0.0
0.0051017883,1.0,0.0
0.09633636,1.0,0.0
0.11993178,0.0,0.0
0.08769806,1.0,0.0
0.0019792987,0.0,0.0
0.031470757,0.0,0.0
0.0006739978,0.0,0.0
0.0029957755,0.0,0.0
9.206576e-05,0.0,0.0
0.0825174,0.0,0.0
2.9045525e-05,0.0,0.0
0.015494946,0.0,0.0
0.0017882626,0.0,0.0
0.071190886,0.0,0.0
0.011219608,0.0,0.0
0.0022298724,0.0,0.0
0.00015052779,0.0,0.0
0.0028619037,0.0,0.0
0.002793941,1.0,0.0
0.0073411763,1.0,0.0
0.00069985987,0.0,0.0
0.00091480446,1.0,0.0
9.805629e-05,0.0,0.0
0.0005218837,0.0,0.0
0.00052297924,0.0,0.0
0.00023655697,0.0,0.0
0.005227589,0.0,0.0
0.00043858643,0.0,0.0
0.00019414742,0.0,0.0
0.0007534318,0.0,0.0
0.00015323666,0.0,0.0
1.8070474e-05,0.0,0.0
0.0075795366,0.0,0.0
0.002717773,0.0,0.0
0.0031355885,0.0,0.0
0.00057795487,0.0,0.0
0.0084249955,0.0,0.0
0.0015137483,0.0,0.0
0.00062738865,0.0,0.0
0.01919592,0.0,0.0
0.74743086,0.0,0.0
0.017709868,0.0,0.0
0.29396746,0.0,0.0
0.037625898,0.0,0.0
0.00059527095,0.0,0.0
0.012475699,0.0,0.0
0.00025465435,0.0,0.0
1.6898868e-05,0.0,1.0
5.253636e-05,0.0,1.0
0.009649269,0.0,0.0
0.037219234,0.0,0.0
0.06851544,0.0,0.0
0.0008303563,0.0,0.0
0.022756202,0.0,0.0
0.7111994,0.0,0.0
0.00040653397,0.0,0.0
0.007828383,1.0,0.0
0.0009809115,1.0,0.0
0.00220505,0.0,0.0
0.00012826172,1.0,0.0
6.739054e-05,1.0,0.0
0.0042634686,0.0,0.0
0.04900658,0.0,0.0
0.015154651,0.0,0.0
0.03840454,0.0,0.0
9.896957e-05,0.0,0.0
6.1587496e-05,0.0,0.0
0.008345784,0.0,0.0
0.00012567044,0.0,0.0
0.0014644789,0.0,0.0
0.0011147164,0.0,0.0
0.004756111,0.0,0.0
0.007891548,0.0,0.0
0.0066690166,0.0,0.0
0.00698811,0.0,0.0
0.00696372,0.0,0.0
0.009244605,0.0,0.0
0.0074771303,0.0,0.0
0.0059293043,0.0,0.0
0.028826194,0.0,0.0
0.018898316,0.0,0.0
0.012643531,0.0,0.0
0.013598751,0.0,0.0
0.05352274,0.0,0.0
0.061611254,0.0,0.0
0.039090388,0.0,1.0
0.013307674,0.0,1.0
0.0542556,0.0,1.0
0.006327774,0.0,1.0
0.00037901584,0.0,0.0
0.025025852,0.0,0.0
0.04474669,0.0,0.0
0.008440078,0.0,0.0
0.038588304,0.0,0.0
0.06474347,0.0,0.0
0.01096303,0.0,0.0
0.0962306,0.0,0.0
0.51531106,0.0,0.0
0.0219596,0.0,0.0
0.99242485,0.0,0.0
0.0006222786,0.0,0.0
0.0021161595,0.0,0.0
0.0029552432,0.0,0.0
0.0001450335,0.0,0.0
0.006466786,1.0,1.0
0.00032871022,1.0,1.0
0.027386615,0.0,1.0
0.0010626024,0.0,0.0
0.002962502,1.0,0.0
0.015553605,0.0,0.0
0.0018195319,0.0,0.0
0.25568303,0.0,0.0
0.0026550298,0.0,0.0
0.042905856,0.0,0.0
0.0071204645,0.0,1.0
0.018847166,0.0,0.0
0.00036965378,0.0,0.0
0.07746854,0.0,0.0
0.99817336,0.0,0.0
0.113965966,0.0,0.0
0.00042247243,0.0,0.0
0.54500693,0.0,0.0
0.00031854512,0.0,0.0
0.011746194,0.0,0.0
0.00081313215,1.0,0.0
0.043996383,1.0,0.0
0.010760496,1.0,0.0
0.017449163,1.0,0.0
5.185347e-05,1.0,1.0
0.002923026,0.0,0.0
0.026788179,0.0,0.0
0.011843512,0.0,0.0
0.018150285,1.0,0.0
0.004323103,0.0,0.0
0.0006703652,0.0,0.0
2.419286e-05,0.0,0.0
0.021022445,0.0,0.0
0.7517992,0.0,0.0
0.28327268,0.0,0.0
0.8486522,0.0,0.0
0.03483942,0.0,1.0
4.8906826e-05,0.0,0.0
0.000112936104,0.0,0.0
0.03531865,0.0,0.0
0.0012861688,0.0,0.0
0.00024300962,0.0,0.0
0.09437713,0.0,0.0
0.0074294102,0.0,0.0
0.005853317,0.0,0.0
0.0028180531,0.0,0.0
0.00087173894,0.0,0.0
0.25764117,0.0,0.0
0.0040906738,0.0,0.0
0.0027979782,0.0,0.0
0.0005967444,0.0,1.0
0.015752444,0.0,0.0
0.021853989,0.0,0.0
0.024442658,0.0,0.0
0.0012616972,0.0,0.0
0.0011522466,1.0,0.0
0.0029876414,0.0,0.0
0.0022095721,0.0,0.0
0.04053804,0.0,0.0
6.7443834e-05,1.0,0.0
0.033399213,0.0,0.0
0.09402009,0.0,0.0
0.0017690656,0.0,0.0
0.013409114,0.0,0.0
0.025540868,0.0,0.0
0.0009451858,0.0,0.0
0.00089025893,0.0,0.0
0.014820402,0.0,0.0
0.0680169,0.0,0.0
0.22354832,0.0,0.0
0.006777261,0.0,0.0
8.374786e-05,0.0,0.0
0.14771497,0.0,0.0
0.9477701,0.0,0.0
0.0023737631,0.0,0.0
0.022961915,0.0,0.0
0.0008093109,0.0,0.0
0.00015992214,0.0,0.0
0.00014273041,0.0,0.0
0.0022646766,0.0,0.0
0.008308912,0.0,0.0
0.011415761,0.0,0.0
0.5089185,0.0,0.0
9.897325e-05,0.0,0.0
3.3500553e-05,0.0,0.0
0.0032972612,0.0,0.0
0.03874979,0.0,0.0
0.003311003,0.0,0.0
0.009076915,0.0,0.0
0.01025208,0.0,0.0
0.23311391,0.0,0.0
0.0024212906,0.0,0.0
2.7432566e-06,0.0,0.0
0.0013125608,0.0,0.0
0.000116026065,0.0,0.0
1.704977e-05,0.0,1.0
0.0002389813,0.0,1.0
9.1450296e-05,0.0,0.0
0.0031835276,0.0,0.0
0.00011784636,0.0,1.0
3.9048347e-05,1.0,1.0
0.0077152587,0.0,0.0
0.0035822832,1.0,0.0
0.99924845,0.0,0.0
0.10912703,1.0,0.0
0.21456796,0.0,0.0
0.0005277681,0.0,0.0
0.0011130442,1.0,0.0
0.00023064323,1.0,0.0
0.005304669,1.0,0.0
0.013111037,0.0,0.0
0.032755837,0.0,0.0
0.00073803664,1.0,0.0
0.9372521,0.0,0.0
0.0001370242,1.0,0.0
8.588423e-06,0.0,0.0
0.0015363788,0.0,0.0
1.7404504e-05,1.0,0.0
0.0006968105,0.0,0.0
0.0041236468,1.0,0.0
0.00011343388,0.0,0.0
0.16318405,1.0,1.0
0.000107995686,1.0,0.0
0.00038502197,0.0,0.0
0.14077497,0.0,0.0
0.00055140024,0.0,0.0
7.80563e-05,0.0,0.0
0.056983687,0.0,0.0
0.00013299804,0.0,0.0
0.008086085,0.0,0.0
0.003102576,0.0,0.0
0.00027176566,0.0,0.0
0.00010278073,0.0,1.0
1.0684479e-05,0.0,1.0
2.7754562e-05,0.0,1.0
0.08244037,0.0,0.0
0.00034416575,0.0,0.0
0.018958192,0.0,0.0
0.015075106,0.0,0.0
0.0023026788,0.0,0.0
0.04486615,0.0,0.0
0.0028757327,0.0,1.0
0.00019029445,0.0,0.0
0.0013839079,0.0,0.0
0.00016460272,0.0,1.0
0.0002473977,0.0,1.0
0.0014694877,0.0,1.0
4.1503386e-05,0.0,0.0
0.00011779951,0.0,1.0
2.5036758e-05,0.0,0.0
0.41348845,0.0,0.0
4.70733e-05,0.0,0.0
0.0011941055,0.0,0.0
2.7829408e-05,1.0,0.0
0.005502963,0.0,0.0
0.0008153742,1.0,1.0
6.859875e-05,0.0,1.0
1.4738672e-05,1.0,1.0
0.00010474575,0.0,1.0
0.0026013956,1.0,1.0
0.0009277791,1.0,0.0
0.011031301,0.0,0.0
0.010838787,0.0,0.0
0.5770233,0.0,0.0
0.01744806,0.0,0.0
0.0041749524,0.0,0.0
0.010777488,0.0,0.0
0.0008805554,0.0,0.0
0.002159356,0.0,0.0
1.2438311e-05,0.0,0.0
7.8887664e-05,0.0,0.0
0.0023297279,0.0,0.0
0.0004051132,0.0,0.0
0.00039639513,0.0,0.0
0.0006205297,0.0,0.0
0.0034873725,0.0,0.0
0.00082755456,0.0,0.0
0.018831272,0.0,0.0
0.047204085,0.0,0.0
0.0013742907,0.0,0.0
0.006778121,0.0,0.0
0.00024396657,0.0,0.0
0.00047155854,0.0,0.0
0.00026527504,0.0,0.0
0.016443795,0.0,0.0
0.0006341789,0.0,0.0
0.0071046916,0.0,0.0
0.00041435522,0.0,0.0
0.017801346,0.0,1.0
0.0008328731,0.0,1.0
0.00037776915,0.0,0.0
0.15709922,0.0,0.0
0.00057674886,0.0,0.0
0.0053827064,0.0,0.0
8.957481e-06,0.0,1.0
0.00613196,1.0,1.0
0.00030502334,0.0,0.0
0.019141681,1.0,0.0
0.061125506,0.0,0.0
0.072378434,1.0,0.0
0.00023936578,0.0,0.0
0.0003145195,1.0,0.0
0.020675173,0.0,0.0
5.9970393e-05,1.0,0.0
0.0007913864,0.0,0.0
0.00043038005,0.0,0.0
0.06341621,0.0,0.0
0.0017729282,0.0,0.0
0.003853816,0.0,0.0
0.10068899,0.0,0.0
0.0015635295,0.0,0.0
0.06566794,0.0,0.0
0.008546856,0.0,0.0
0.008380077,0.0,0.0
0.011626323,0.0,1.0
0.009332535,0.0,1.0
0.19597079,0.0,0.0
0.010095074,0.0,0.0
0.010867986,0.0,0.0
0.17602013,0.0,0.0
0.00074379856,0.0,0.0
0.009883308,0.0,0.0
0.001424178,0.0,0.0
0.000359671,1.0,0.0
0.019217296,0.0,0.0
0.014933527,1.0,0.0
0.0013999495,0.0,0.0
0.21573468,1.0,0.0
0.001678185,0.0,0.0
0.00090672466,1.0,0.0
0.0007710643,0.0,0.0
0.0005269427,1.0,0.0
0.003082304,1.0,0.0
0.112297185,0.0,0.0
0.055688202,1.0,0.0
0.0029773093,0.0,0.0
0.6146976,1.0,0.0
0.0017336021,1.0,0.0
0.012632941,1.0,0.0
0.00064122974,0.0,0.0
0.0064707478,1.0,0.0
0.0016503093,1.0,1.0
0.0008554624,0.0,0.0
0.017658321,0.0,0.0
0.0006024116,0.0,0.0
0.069323875,0.0,0.0
0.0008300601,0.0,0.0
0.26784527,0.0,0.0
0.46694052,0.0,0.0
0.004100679,0.0,0.0
0.032339923,0.0,0.0
0.01494938,0.0,0.0
0.0107256975,0.0,0.0
0.0056467312,0.0,0.0
0.010687383,0.0,0.0
0.0020174214,0.0,0.0
0.00011509787,0.0,0.0
0.050761115,0.0,0.0
0.0038184552,0.0,0.0
7.23833e-05,0.0,0.0
0.00026781607,0.0,0.0
0.015900824,0.0,0.0
0.99562776,0.0,0.0
0.0001850771,0.0,0.0
0.04682431,0.0,0.0
0.014463939,0.0,0.0
0.00023030219,1.0,0.0
0.00027367938,0.0,0.0
0.0037716294,0.0,0.0
0.0018592541,0.0,0.0
0.19092722,0.0,0.0
0.62199223,0.0,0.0
0.0008948054,0.0,0.0
0.0038321817,0.0,0.0
0.13161851,0.0,0.0
0.6454246,0.0,0.0
0.0024148237,0.0,0.0
0.00038859123,0.0,0.0
0.0038507953,0.0,0.0
0.15482545,0.0,0.0
0.073089935,0.0,0.0
6.728164e-05,0.0,0.0
0.43260717,0.0,0.0
0.12844048,0.0,0.0
0.2126768,0.0,0.0
0.053787787,0.0,0.0
0.021228291,0.0,0.0
0.00040944823,0.0,0.0
0.0066720624,0.0,0.0
0.24660029,0.0,0.0
0.056867864,0.0,0.0
0.0387114,0.0,0.0
0.043490533,0.0,0.0
0.0013740335,0.0,1.0
0.0044805743,0.0,1.0
0.014866267,0.0,1.0
0.020170731,0.0,0.0
0.012852078,0.0,0.0
0.02705145,0.0,0.0
0.099677026,0.0,0.0
0.14114614,0.0,0.0
0.04409825,0.0,0.0
0.011164599,0.0,0.0
0.5878438,0.0,0.0
0.0027931533,0.0,0.0
0.27758303,0.0,0.0
0.00039358347,0.0,0.0
0.0015291586,0.0,0.0
3.0510344e-05,0.0,0.0
0.0041895146,0.0,0.0
0.048058342,0.0,1.0
0.0029372496,1.0,0.0
0.0067230654,0.0,0.0
0.084999055,0.0,0.0
0.0003084889,0.0,0.0
0.06227219,0.0,0.0
0.0061696554,0.0,0.0
0.010633948,0.0,0.0
0.018748328,0.0,0.0
0.0020607607,0.0,0.0
0.015749486,0.0,0.0
0.0063411505,0.0,0.0
0.0001312987,0.0,0.0
0.013809839,0.0,0.0
0.009941307,0.0,0.0
0.00013510839,0.0,0.0
0.017330628,0.0,0.0
2.1569118e-05,0.0,0.0
0.06975957,0.0,0.0
0.0073067057,0.0,0.0
0.00022397326,0.0,0.0
0.0013266841,0.0,0.0
0.009529414,0.0,0.0
0.0026042464,0.0,0.0
0.00032742912,0.0,0.0
0.114861235,0.0,0.0
0.627156,0.0,0.0
0.018609466,0.0,0.0
0.0048130336,0.0,0.0
0.0366941,0.0,0.0
0.8326887,0.0,0.0
0.0016633597,0.0,0.0
0.06564133,0.0,0.0
0.0040008617,0.0,0.0
0.0018752267,0.0,1.0
0.008251591,0.0,1.0
0.0063815624,0.0,0.0
0.02375602,0.0,0.0
0.30527222,0.0,0.0
0.03458869,0.0,0.0
0.0689939,0.0,0.0
0.008753154,0.0,0.0
0.013118752,0.0,0.0
0.19405168,0.0,0.0
0.00014523028,0.0,0.0
0.2468261,0.0,0.0
0.023773255,0.0,0.0
0.0010146188,0.0,0.0
0.0016460989,0.0,0.0
0.00016479181,0.0,0.0
0.020526733,0.0,0.0
0.035573,0.0,0.0
0.00076358294,0.0,0.0
0.034820132,0.0,0.0
0.07813311,0.0,0.0
0.47591925,0.0,0.0
0.009124723,0.0,0.0
0.061637424,0.0,0.0
0.032234255,0.0,0.0
0.48180595,0.0,0.0
0.036171626,0.0,0.0
0.08619516,0.0,0.0
0.015997194,0.0,0.0
0.0013562151,0.0,0.0
0.015508286,0.0,0.0
0.5489724,0.0,0.0
0.0027554515,0.0,0.0
3.701123e-05,0.0,0.0
0.024624074,0.0,0.0
0.0057568774,0.0,0.0
0.0041665565,0.0,0.0
0.001320845,0.0,0.0
0.0040770634,0.0,0.0
0.00036543547,0.0,1.0
0.0025054668,0.0,0.0
0.0016789504,0.0,0.0
0.0004629141,0.0,0.0
0.018383099,0.0,0.0
0.0003628364,0.0,0.0
8.7799555e-05,0.0,0.0
0.00015951977,0.0,0.0
0.00011892807,0.0,0.0
0.00039527644,0.0,0.0
0.0016221668,1.0,0.0
0.00071030174,1.0,0.0
0.018951267,1.0,0.0
0.4062859,0.0,0.0
0.00018717138,0.0,0.0
0.00028918678,0.0,0.0
1.0990373e-05,0.0,0.0
0.00018100617,1.0,0.0
0.07028729,0.0,0.0
0.00094146124,1.0,0.0
0.017527958,0.0,0.0
0.055945855,1.0,0.0
0.39533645,1.0,0.0
0.003816368,1.0,0.0
0.003418902,0.0,0.0
0.0069230553,0.0,0.0
6.4035696e-05,0.0,0.0
0.0025987816,0.0,0.0
0.0014994686,0.0,0.0
0.00063736556,0.0,0.0
0.0007146727,0.0,0.0
0.00046531728,0.0,0.0
0.00033741072,0.0,0.0
0.00021622427,0.0,0.0
0.0007280615,0.0,0.0
4.6424077e-05,0.0,0.0
0.014851267,0.0,0.0
1.769111e-05,0.0,0.0
0.001772346,0.0,0.0
0.00041594397,0.0,0.0
0.0032423923,0.0,0.0
0.0003247159,0.0,0.0
0.00036497816,0.0,0.0
0.0013069952,0.0,0.0
0.00029216672,0.0,1.0
0.00029823813,0.0,1.0
0.00044449032,0.0,0.0
5.4368735e-05,0.0,0.0
0.0008196056,0.0,0.0
0.007494561,0.0,0.0
1.1582507e-05,0.0,0.0
0.00032285083,0.0,0.0
0.013661911,0.0,0.0
0.0024693757,0.0,0.0
6.394849e-05,0.0,0.0
0.00014315227,0.0,0.0
0.00089354697,0.0,0.0
3.1599215e-05,0.0,0.0
0.00012921938,0.0,0.0
0.0073235063,0.0,0.0
0.0041914545,0.0,0.0
0.000116228824,0.0,0.0
0.0016314037,0.0,0.0
0.0071333977,0.0,0.0
0.0043598684,0.0,0.0
4.505684e-05,0.0,0.0
0.000508872,0.0,0.0
3.06304e-05,0.0,0.0
2.5307658e-05,0.0,0.0
0.0026216328,0.0,0.0
0.060170375,0.0,0.0
0.011650446,0.0,1.0
0.0011821634,0.0,1.0
0.0010109147,0.0,0.0
0.0004543605,0.0,0.0
0.9804299,0.0,0.0
3.9776005e-05,0.0,0.0
4.9461498e-05,0.0,0.0
0.00016918039,0.0,0.0
7.642771e-05,0.0,0.0
0.0002487729,0.0,0.0
1.1776419e-05,0.0,0.0
6.971876e-05,0.0,0.0
0.000115573,0.0,0.0
0.9834167,0.0,0.0
0.00075864187,0.0,0.0
6.0326245e-05,0.0,0.0
0.0004873874,0.0,0.0
0.000105017876,0.0,0.0
0.002747938,0.0,0.0
0.00017155928,0.0,0.0
0.000608153,0.0,0.0
9.252598e-05,0.0,0.0
1.3641489e-05,0.0,0.0
6.613989e-05,0.0,0.0
0.0006439731,0.0,0.0
0.0027449538,0.0,0.0
0.0008865977,0.0,0.0
0.0002941579,0.0,0.0
0.0066250707,0.0,0.0
2.9306479e-05,0.0,0.0
0.0010838205,0.0,0.0
0.00037101438,0.0,0.0
5.9346756e-05,0.0,0.0
0.00397542,0.0,0.0
8.684694e-05,0.0,0.0
0.00064967625,0.0,0.0
0.0041176043,0.0,0.0
0.0013981955,0.0,0.0
0.0026610836,0.0,0.0
2.9141658e-05,0.0,0.0
0.00078003365,0.0,0.0
0.000116117255,0.0,0.0
0.0016392275,0.0,0.0
0.0031259302,0.0,1.0
5.2276642e-05,0.0,1.0
0.00013925233,0.0,0.0
0.0014534384,0.0,0.0
1.6198901e-05,0.0,0.0
3.7473317e-05,0.0,0.0
0.98890454,0.0,0.0
2.542127e-05,0.0,0.0
0.00047064762,0.0,0.0
0.000103541934,0.0,0.0
0.002035532,0.0,0.0
0.0028585163,0.0,0.0
9.057814e-06,0.0,0.0
0.00059021043,0.0,0.0
8.924398e-06,0.0,1.0
0.011717865,0.0,1.0
0.0013281254,0.0,0.0
7.931975e-05,0.0,0.0
7.3146926e-05,0.0,0.0
5.343117e-05,0.0,0.0
0.8710463,0.0,1.0
0.00022477891,0.0,1.0
0.00088548637,0.0,0.0
0.0017050008,0.0,0.0
0.018079722,0.0,0.0
6.6387845e-05,0.0,0.0
0.0016437343,0.0,0.0
1.9390016e-05,0.0,0.0
0.0018269201,0.0,0.0
0.0004936229,0.0,0.0
9.202276e-05,0.0,0.0
0.0132786725,0.0,0.0
0.030604536,0.0,0.0
0.0035803162,0.0,0.0
0.004077491,0.0,0.0
1.3025588e-05,0.0,0.0
0.024506582,0.0,0.0
0.18530907,0.0,0.0
1.5070096e-05,0.0,0.0
0.0005322684,0.0,0.0
0.013226866,0.0,0.0
0.00057842216,0.0,0.0
0.043112736,0.0,0.0
0.0028285068,0.0,0.0
0.0011273035,0.0,0.0
0.00018063962,0.0,0.0
0.060507447,0.0,1.0
0.0003174988,0.0,0.0
6.531087e-05,0.0,0.0
2.908222e-05,0.0,1.0
1.6144106e-05,0.0,1.0
0.0013226634,0.0,0.0
0.0022925297,0.0,0.0
0.013596372,0.0,1.0
0.0016557476,0.0,0.0
0.001431629,0.0,0.0
0.00017892812,0.0,0.0
0.0009035583,0.0,0.0
7.239254e-06,0.0,0.0
9.152026e-05,0.0,0.0
0.9651119,0.0,0.0
4.719601e-05,0.0,0.0
0.00090966816,0.0,0.0
2.0384945e-05,0.0,0.0
0.0003421195,0.0,0.0
0.0001417809,0.0,1.0
8.1602004e-05,0.0,0.0
0.04901845,0.0,0.0
0.0023768842,0.0,0.0
0.020884834,0.0,0.0
5.337499e-06,0.0,0.0
0.0011713823,0.0,0.0
0.0031189942,0.0,0.0
0.0016449913,0.0,0.0
0.002441989,0.0,0.0
0.004902104,0.0,1.0
2.039146e-05,0.0,0.0
0.00021292611,0.0,0.0
0.0020555884,0.0,0.0
0.10888094,0.0,0.0
0.0011280752,0.0,0.0
0.00013840102,0.0,0.0
2.4256597e-05,0.0,0.0
4.755904e-05,0.0,0.0
0.00045716317,0.0,0.0
0.9764981,0.0,0.0
0.00029218761,0.0,0.0
1.8261134e-06,0.0,0.0
0.9798502,0.0,0.0
1.0671465e-05,0.0,0.0
2.9599827e-05,0.0,0.0
9.0692054e-05,0.0,0.0
5.5308672e-05,0.0,0.0
0.0077574123,0.0,0.0
0.00013315135,0.0,1.0
1.2233884e-05,0.0,0.0
0.028824525,0.0,0.0
3.188427e-05,0.0,0.0
0.00016257558,0.0,0.0
3.232107e-05,0.0,0.0
0.0002037226,0.0,0.0
0.00047994,0.0,0.0
3.1240947e-05,0.0,0.0
0.00074161927,0.0,0.0
0.0008723093,0.0,0.0
0.007988902,0.0,0.0
0.0004898494,0.0,0.0
0.00048569788,0.0,0.0
0.001948864,0.0,1.0
0.021281788,0.0,0.0
0.00052272656,0.0,0.0
9.219675e-05,0.0,0.0
0.00044092198,0.0,0.0
0.0010368999,0.0,0.0
0.0021831442,0.0,0.0
2.4949808e-05,0.0,0.0
0.9757496,0.0,0.0
6.7294925e-05,0.0,0.0
0.0002136947,0.0,0.0
0.0040652114,0.0,0.0
3.535861e-05,0.0,0.0
0.001808257,0.0,0.0
0.00015738298,0.0,0.0
4.4105916e-05,0.0,0.0
0.005900546,0.0,0.0
0.0003823679,0.0,0.0
1.35279115e-05,0.0,0.0
0.0031617098,0.0,0.0
0.00067869056,0.0,0.0
1.252468e-05,0.0,0.0
0.0011840065,0.0,1.0
0.0021908258,0.0,0.0
0.011701107,0.0,0.0
9.025308e-06,0.0,0.0
0.00016275782,0.0,0.0
0.0014291859,0.0,0.0
1.7404156e-05,0.0,0.0
0.0011290836,0.0,1.0
0.0013235183,0.0,0.0
2.782365e-05,0.0,0.0
5.1556945e-06,0.0,0.0
0.042796873,0.0,0.0
0.0018404768,0.0,0.0
0.00056941516,0.0,0.0
0.00025215716,0.0,0.0
2.3908686e-05,0.0,0.0
1.6893133e-05,0.0,0.0
6.839299e-05,0.0,0.0
0.00010372585,0.0,1.0
6.740063e-05,0.0,1.0
2.3653232e-05,0.0,1.0
0.00037648156,0.0,1.0
7.0504466e-05,0.0,0.0
0.001774213,0.0,0.0
8.80851e-05,0.0,0.0
0.006481102,0.0,0.0
2.9973047e-05,0.0,0.0
6.929257e-05,0.0,0.0
0.0022075926,0.0,0.0
5.251498e-06,0.0,0.0
2.0628437e-05,0.0,0.0
0.0041561015,0.0,0.0
0.0012184092,0.0,0.0
0.000178424,0.0,0.0
0.0007267246,0.0,0.0
9.144611e-05,0.0,0.0
0.00013460177,0.0,0.0
9.369129e-05,0.0,0.0
0.0015301295,0.0,0.0
0.003352314,0.0,0.0
4.5793415e-05,0.0,0.0
0.00063884974,0.0,0.0
0.022445375,0.0,0.0
0.00024527172,0.0,0.0
0.00023192466,0.0,1.0
3.2182602e-06,0.0,0.0
0.006711141,0.0,0.0
2.717934e-05,0.0,0.0
0.00013018269,0.0,0.0
8.792523e-05,0.0,0.0
2.1242838e-06,0.0,0.0
3.7587484e-05,0.0,0.0
0.08952242,0.0,0.0
0.0032829174,0.0,1.0
0.00022487216,0.0,1.0
0.003084028,0.0,1.0
0.0005782359,0.0,0.0
0.0015692121,0.0,0.0
1.1368746e-05,0.0,0.0
0.0001279966,0.0,0.0
2.5256062e-05,0.0,0.0
2.1674443e-05,0.0,0.0
0.00031953823,0.0,0.0
0.0064975526,0.0,0.0
2.1019267e-05,0.0,0.0
0.0013268807,0.0,0.0
0.0017922958,0.0,0.0
8.7012326e-05,0.0,0.0
0.00047184786,0.0,0.0
0.00025965783,0.0,0.0
6.7879073e-06,0.0,1.0
5.6836816e-06,0.0,1.0
0.00026113627,0.0,1.0
0.00026712602,0.0,0.0
0.00017221239,0.0,0.0
0.00039837064,0.0,0.0
0.00082822435,0.0,0.0
3.1669628e-05,0.0,0.0
0.00014627958,0.0,0.0
0.97905284,0.0,0.0
9.660574e-05,0.0,0.0
0.00014886261,0.0,0.0
1.0438578e-05,0.0,0.0
0.002594928,0.0,1.0
4.6705054e-06,0.0,0.0
3.1081338e-05,0.0,0.0
4.2360066e-06,0.0,0.0
0.13702929,0.0,0.0
0.00020023597,0.0,0.0
0.0029785167,0.0,0.0
5.8691978e-05,0.0,0.0
0.004275319,0.0,0.0
6.101042e-05,0.0,0.0
1.2011149e-05,0.0,0.0
0.0009086321,0.0,1.0
8.827014e-06,0.0,0.0
0.000535919,0.0,1.0
0.003601869,0.0,0.0
0.00025956772,0.0,0.0
0.0001221817,0.0,0.0
3.6889905e-05,0.0,0.0
0.0011094665,0.0,0.0
0.9525272,0.0,0.0
0.001839806,0.0,0.0
0.006414355,0.0,0.0
0.00027521563,0.0,0.0
9.5750154e-05,0.0,0.0
0.0003017549,0.0,0.0
0.005163002,0.0,0.0
0.049197093,0.0,0.0
0.00018333981,0.0,0.0
7.8318306e-05,0.0,1.0
0.00080628146,0.0,1.0
0.0014536378,0.0,0.0
0.0011326807,0.0,0.0
0.0011221225,0.0,0.0
0.00013732688,0.0,0.0
0.00011846874,0.0,0.0
0.005143091,0.0,0.0
0.0045822323,0.0,0.0
0.0004956427,0.0,0.0
0.009649055,0.0,0.0
0.00081103627,0.0,0.0
0.0001609325,0.0,1.0
0.00023498657,1.0,1.0
7.2566513e-06,1.0,1.0
0.00014471271,0.0,0.0
5.2640724e-05,0.0,0.0
0.006403339,0.0,0.0
6.823449e-05,0.0,0.0
0.039789576,0.0,0.0
0.0015744563,0.0,0.0
0.00027263843,0.0,0.0
0.009763953,0.0,0.0
0.0014112936,0.0,0.0
0.040619295,0.0,0.0
0.00019606634,0.0,0.0
0.010694878,0.0,0.0
0.0005935803,0.0,0.0
0.0073946337,0.0,0.0
0.0007278645,0.0,0.0
0.010280997,0.0,0.0
0.042399105,0.0,0.0
0.81009495,0.0,0.0
3.179118e-05,0.0,0.0
0.0005924454,0.0,0.0
0.00074830523,0.0,0.0
6.436501e-05,0.0,0.0
0.0059287306,0.0,0.0
0.0027150088,0.0,0.0
9.218044e-06,0.0,0.0
0.0013492472,0.0,0.0
0.0006166571,0.0,0.0
0.012523532,0.0,0.0
0.0046246164,0.0,0.0
0.0006154842,0.0,0.0
0.029389827,0.0,0.0
0.004135926,0.0,0.0
1.9781858e-06,0.0,0.0
2.9166822e-06,0.0,0.0
0.00080925913,0.0,0.0
1.2947661e-05,0.0,0.0
0.0040301783,0.0,0.0
4.5126544e-05,0.0,0.0
1.29459695e-05,0.0,0.0
0.009148237,0.0,0.0
0.0030782719,0.0,0.0
0.00086714065,0.0,0.0
6.732753e-05,0.0,0.0
2.7590182e-05,0.0,0.0
0.0003212729,0.0,0.0
2.3195846e-06,0.0,0.0
3.130874e-05,0.0,0.0
0.0126755675,0.0,0.0
0.0025357925,0.0,0.0
2.5533498e-05,0.0,0.0
0.00031508075,0.0,0.0
2.9236497e-05,0.0,0.0
1.4577862e-06,0.0,0.0
0.00044190537,0.0,0.0
4.04889e-06,0.0,0.0
9.0228066e-05,0.0,0.0
0.00039466645,0.0,0.0
3.3391378e-05,0.0,0.0
0.00033925197,0.0,0.0
1.0127469e-05,0.0,0.0
1.0701948e-05,0.0,0.0
0.0025967108,0.0,0.0
5.563087e-06,0.0,0.0
0.00037925856,1.0,0.0
2.8703475e-05,0.0,0.0
1.0405907e-05,1.0,1.0
8.345138e-05,0.0,0.0
0.0021043438,0.0,0.0
0.0073154434,0.0,0.0
1.00158795e-05,0.0,0.0
1.1877183e-05,0.0,0.0
0.0002837313,0.0,1.0
0.0032106878,0.0,0.0
7.8241665e-06,0.0,0.0
1.9969548e-06,0.0,0.0
0.00015173035,0.0,0.0
6.302993e-05,0.0,0.0
2.182126e-05,0.0,0.0
0.021442343,0.0,0.0
0.00035852464,0.0,0.0
5.507593e-05,0.0,0.0
0.017654186,0.0,0.0
0.009164286,0.0,0.0
0.00061791996,0.0,0.0
6.056388e-06,0.0,0.0
3.5532386e-05,0.0,0.0
3.0116416e-06,0.0,0.0
5.6816e-05,0.0,0.0
0.00048396667,1.0,0.0
6.6287885e-06,0.0,1.0
0.00039773452,1.0,0.0
1.1947733e-05,0.0,0.0
8.419475e-06,0.0,0.0
0.0027795525,0.0,0.0
0.0002894019,0.0,0.0
1.6614698e-05,0.0,1.0
4.50345e-06,0.0,0.0
8.1001774e-05,0.0,1.0
1.8393148e-05,0.0,0.0
7.69016e-06,0.0,0.0
0.00029623232,0.0,0.0
5.3003103e-05,0.0,0.0
0.0009746527,0.0,0.0
0.0015614503,0.0,0.0
1.3007141e-05,0.0,0.0
0.00017237636,0.0,0.0
0.036125172,0.0,0.0
0.00010643536,0.0,0.0
0.00013207622,0.0,0.0
0.002577863,0.0,0.0
2.8887902e-05,0.0,0.0
0.00010716025,0.0,0.0
1.0813527e-05,0.0,0.0
0.005858341,0.0,0.0
0.0052067516,0.0,1.0
0.9079612,0.0,1.0
0.00022934547,0.0,1.0
1.9086714e-05,0.0,0.0
0.0016821424,0.0,0.0
0.0001727306,0.0,0.0
2.3197606e-05,0.0,0.0
0.0010927093,0.0,0.0
0.00043309524,0.0,0.0
1.4400703e-05,0.0,0.0
3.281695e-05,0.0,0.0
0.84875524,0.0,0.0
0.0052513783,0.0,0.0
0.00031774287,0.0,0.0
8.687084e-06,0.0,0.0
0.00068590697,0.0,0.0
1.6806891e-05,0.0,0.0
0.2914132,0.0,0.0
0.002408788,0.0,0.0
0.0051694177,1.0,0.0
0.0013807603,1.0,0.0
3.3630004e-05,1.0,1.0
4.7423905e-06,1.0,0.0
0.00011787289,1.0,0.0
0.0086706355,1.0,0.0
0.00021478265,1.0,0.0
0.0042120246,1.0,0.0
2.2165593e-06,1.0,0.0
0.00092908175,1.0,0.0
0.00040252245,0.0,0.0
0.007994197,0.0,0.0
0.00017081447,0.0,0.0
0.0004733259,0.0,0.0
0.99479455,0.0,0.0
2.9945048e-05,0.0,0.0
2.2796474e-05,0.0,0.0
0.00017558862,0.0,0.0
2.0530037e-05,0.0,0.0
7.8017314e-05,0.0,0.0
0.0002779843,0.0,0.0
1.3822191e-05,0.0,0.0
0.00015890492,0.0,0.0
0.0004737342,0.0,0.0
0.9647259,0.0,0.0
5.9290833e-06,0.0,1.0
5.4045886e-06,0.0,0.0
0.00028463025,0.0,0.0
0.013218648,0.0,0.0
0.01867419,0.0,0.0
0.001155914,0.0,0.0
0.000349204,0.0,0.0
0.00074709434,0.0,0.0
0.0034720649,0.0,0.0
0.008868391,0.0,0.0
0.00165744,0.0,0.0
0.003694155,0.0,0.0
0.06326858,0.0,0.0
0.0051024705,0.0,0.0
0.20346811,0.0,0.0
0.0005509151,0.0,1.0
0.00069158536,0.0,0.0
0.056662466,0.0,0.0
0.006188026,0.0,1.0
0.012357918,0.0,0.0
0.01709295,0.0,0.0
0.00044886058,0.0,0.0
0.00066890946,0.0,0.0
0.0058813305,0.0,0.0
0.012966498,0.0,0.0
0.0030143491,0.0,0.0
0.0001601466,0.0,0.0
0.002773187,0.0,0.0
0.0008673571,0.0,0.0
0.0014136625,0.0,0.0
0.17463158,0.0,0.0
0.00949605,0.0,0.0
0.003940291,0.0,0.0
5.8895166e-05,0.0,0.0
2.4209407e-05,0.0,0.0
0.08916301,0.0,0.0
4.142786e-05,0.0,0.0
0.2795242,0.0,0.0
0.06782866,0.0,0.0
0.36338905,0.0,0.0
0.015914656,0.0,0.0
0.01566024,0.0,0.0
0.17066216,0.0,0.0
5.9099784e-05,1.0,1.0
3.581233e-05,1.0,0.0
0.060631573,0.0,0.0
4.4576846e-05,0.0,1.0
0.13574941,0.0,1.0
0.0025892498,0.0,0.0
0.0023387435,0.0,0.0
0.01295022,0.0,0.0
0.3434519,0.0,0.0
0.025123864,0.0,0.0
0.005195373,0.0,0.0
3.058262e-05,0.0,0.0
0.000354362,0.0,0.0
0.0013978134,0.0,0.0
0.023706654,0.0,0.0
0.009980399,0.0,1.0
0.0008733806,0.0,1.0
3.1012765e-05,0.0,0.0
0.051395427,0.0,0.0
0.0030405067,0.0,1.0
0.010607157,0.0,0.0
0.044655852,0.0,0.0
0.00029004773,0.0,0.0
0.0033970918,0.0,0.0
0.617846,0.0,0.0
0.017009426,0.0,0.0
0.001321622,0.0,0.0
0.0012713458,0.0,0.0
0.00011967411,0.0,0.0
0.012406456,0.0,0.0
0.0017519622,0.0,0.0
0.0009196653,0.0,0.0
0.014678861,0.0,0.0
0.00036341193,0.0,0.0
6.9493006e-05,0.0,0.0
0.008120767,0.0,0.0
0.059715733,0.0,0.0
0.0010747248,0.0,0.0
9.9114724e-05,0.0,0.0
0.0029800353,0.0,0.0
0.009134239,0.0,0.0
0.0035747173,0.0,0.0
0.0010878236,0.0,0.0
0.15699688,0.0,0.0
0.0021164848,0.0,1.0
0.36555612,1.0,1.0
0.04166521,0.0,0.0
9.76389e-06,0.0,0.0
0.00063862785,0.0,0.0
0.0023967093,0.0,0.0
0.00052669516,0.0,0.0
0.07333996,0.0,0.0
0.0004349098,0.0,0.0
1.6883358e-05,1.0,1.0
0.00017731331,1.0,1.0
0.000545665,0.0,0.0
0.29796705,0.0,0.0
0.0045876186,0.0,0.0
0.00014085567,0.0,0.0
6.0900325e-05,0.0,0.0
0.02165936,0.0,0.0
0.31845996,0.0,0.0
0.106627285,0.0,0.0
0.0002595368,0.0,0.0
0.0021047737,0.0,0.0
0.0005943839,0.0,0.0
0.019192053,0.0,0.0
0.054312255,0.0,0.0
0.022946108,0.0,0.0
0.0028834504,0.0,0.0
0.011261661,0.0,1.0
0.00017520899,0.0,0.0
0.0023261972,0.0,1.0
0.000112390146,0.0,0.0
0.035116043,0.0,0.0
0.0269969,0.0,0.0
0.00014811559,0.0,0.0
0.0030793166,0.0,0.0
0.021755336,0.0,0.0
0.025584593,0.0,0.0
0.0003778284,0.0,0.0
0.0002947474,0.0,0.0
0.005821118,0.0,0.0
0.00020354359,0.0,0.0
0.06314401,0.0,0.0
0.0046859086,0.0,0.0
0.0042817094,0.0,0.0
0.17184217,0.0,0.0
0.00045744146,0.0,0.0
0.0024135169,0.0,0.0
0.0660275,0.0,0.0
0.005566944,0.0,0.0
0.001385827,1.0,0.0
0.05576741,1.0,0.0
0.00025279194,1.0,0.0
0.012417679,0.0,0.0
0.0087133935,1.0,0.0
0.0006204392,1.0,0.0
0.0050503784,0.0,1.0
0.001524925,0.0,0.0
0.027885135,0.0,0.0
0.03376399,0.0,0.0
0.0023040571,0.0,0.0
0.0052242056,0.0,0.0
0.11774963,0.0,0.0
0.19287536,0.0,0.0
8.010969e-05,0.0,0.0
0.0058681527,0.0,0.0
0.00025970436,0.0,0.0
0.004492377,0.0,0.0
0.00035502444,0.0,0.0
2.3693376e-05,0.0,0.0
0.0014894983,0.0,0.0
2.3667584e-05,0.0,0.0
0.00023819787,0.0,0.0
1.8061635e-05,0.0,0.0
0.00059427373,0.0,0.0
7.383702e-05,0.0,1.0
0.0010552483,0.0,0.0
0.060458332,0.0,0.0
0.00033404218,0.0,0.0
0.003923606,0.0,0.0
0.0090852175,0.0,0.0
0.0023795066,0.0,1.0
0.019084774,0.0,0.0
0.0075641973,0.0,0.0
0.0005357455,1.0,0.0
0.04254574,1.0,0.0
0.009728126,1.0,0.0
0.008871246,1.0,0.0
0.039793067,1.0,0.0
8.077638e-05,0.0,0.0
0.255446,0.0,0.0
0.004847813,1.0,0.0
0.00021783728,0.0,0.0
0.000798961,0.0,0.0
0.03968251,0.0,0.0
0.032823298,0.0,0.0
0.008344226,0.0,0.0
0.0012948131,0.0,0.0
5.829838e-05,0.0,0.0
6.365383e-05,0.0,0.0
0.002009905,0.0,0.0
0.008814166,0.0,0.0
0.0011592502,0.0,0.0
0.0012676615,0.0,0.0
0.0038720255,0.0,0.0
0.02276491,0.0,0.0
0.00044918418,0.0,0.0
0.0004505775,0.0,0.0
0.0017829803,0.0,0.0
0.00086995243,0.0,0.0
0.0656718,0.0,0.0
0.00022222982,0.0,0.0
0.001192555,0.0,0.0
0.4250877,1.0,1.0
0.0020828806,0.0,0.0
0.00026458953,0.0,0.0
0.0001366952,1.0,0.0
0.024738118,0.0,0.0
0.00021072708,0.0,0.0
0.0006165763,0.0,0.0
5.1823514e-05,0.0,0.0
0.007615893,0.0,0.0
0.00011128573,0.0,0.0
0.000664815,0.0,1.0
0.15101698,0.0,0.0
0.00050547847,0.0,0.0
0.0007813348,0.0,0.0
0.0642705,0.0,0.0
0.06286988,0.0,0.0
0.00011544303,0.0,0.0
0.0006226102,0.0,0.0
0.0927312,0.0,0.0
0.00563655,0.0,0.0
0.0003818956,0.0,0.0
0.004284138,0.0,0.0
0.083848074,0.0,0.0
0.0017831704,0.0,0.0
0.010534702,0.0,0.0
0.00014995431,0.0,0.0
0.0021781123,0.0,0.0
0.00016313179,0.0,0.0
3.197376e-05,0.0,0.0
0.0339645,0.0,0.0
0.04183747,0.0,0.0
2.2750799e-05,0.0,0.0
0.0050487905,0.0,0.0
0.00018223208,0.0,1.0
0.00074980647,0.0,0.0
0.0008280421,1.0,0.0
0.0067558754,1.0,0.0
0.0010366519,1.0,0.0
0.00046117723,1.0,0.0
0.005767952,1.0,0.0
0.010528614,1.0,0.0
0.0034177369,1.0,0.0
0.01201242,0.0,0.0
0.053481568,1.0,0.0
0.005724764,1.0,0.0
0.0074610384,0.0,0.0
0.004408464,0.0,0.0
0.0030800616,1.0,0.0
0.015142955,0.0,0.0
0.004466713,0.0,0.0
0.075199544,0.0,0.0
0.00015605049,0.0,0.0
0.009221303,0.0,1.0
9.226105e-05,0.0,0.0
0.0001849215,0.0,0.0
0.0051497053,0.0,0.0
0.0006584587,0.0,1.0
0.0041011623,0.0,1.0
0.0005021419,0.0,1.0
0.00020181036,0.0,0.0
0.0015110831,1.0,1.0
0.0002553256,1.0,0.0
0.00020227888,0.0,0.0
0.2188617,1.0,0.0
0.062947094,1.0,0.0
0.00060557254,1.0,0.0
0.011111901,0.0,0.0
0.0008938497,1.0,0.0
0.0082252845,1.0,1.0
0.0004427797,1.0,0.0
0.0018396475,0.0,0.0
0.00012203509,0.0,0.0
3.0424953e-05,0.0,0.0
7.264836e-06,0.0,0.0
0.00014993301,0.0,0.0
0.00014362301,0.0,0.0
0.0006429946,0.0,0.0
0.014765555,0.0,0.0
8.2808256e-05,0.0,0.0
0.00015502065,0.0,0.0
0.008572309,0.0,0.0
0.0007157193,0.0,0.0
0.00019639527,0.0,0.0
0.000120973236,1.0,0.0
0.00044437867,1.0,0.0
0.00048102596,0.0,0.0
0.00071143307,1.0,0.0
0.0004536901,0.0,1.0
0.007676837,0.0,1.0
0.00022008868,0.0,1.0
0.008203429,0.0,1.0
0.0007941744,0.0,0.0
0.04536271,0.0,0.0
0.0071991025,0.0,1.0
0.036990114,1.0,0.0
0.0089727845,1.0,0.0
0.008331298,1.0,0.0
0.0006893848,1.0,0.0
0.0080303345,1.0,0.0
0.011094769,1.0,0.0
0.00017054267,1.0,0.0
0.00023400238,0.0,0.0
0.003393408,0.0,0.0
0.00042235505,1.0,0.0
0.00013278794,1.0,0.0
4.538506e-05,0.0,0.0
0.00038667984,0.0,0.0
0.009040758,0.0,0.0
0.00028313868,0.0,0.0
1.9189376e-05,0.0,0.0
0.000765687,0.0,0.0
0.0017832731,0.0,0.0
0.0038930357,0.0,0.0
0.00011272545,0.0,0.0
0.010230393,0.0,0.0
0.0031632052,0.0,1.0
0.017403986,0.0,1.0
0.016470253,0.0,0.0
4.164595e-06,0.0,0.0
0.0010725756,0.0,0.0
0.88708615,0.0,0.0
0.043087922,0.0,0.0
0.0020300208,0.0,0.0
0.0006488034,0.0,0.0
0.9629342,0.0,0.0
0.0012862821,0.0,0.0
0.0008008968,0.0,0.0
2.869632e-06,0.0,0.0
1.3078474e-06,0.0,0.0
0.0011801657,0.0,0.0
0.0042786165,0.0,0.0
0.019399622,0.0,0.0
0.001959108,0.0,0.0
7.544558e-05,0.0,0.0
0.0041004354,0.0,0.0
0.0030239972,0.0,0.0
0.001495562,0.0,0.0
0.0026318168,0.0,0.0
3.749269e-05,0.0,0.0
2.9093706e-05,1.0,0.0
0.0044964133,1.0,0.0
0.015354437,0.0,0.0
0.9631486,1.0,0.0
0.00031032576,1.0,0.0
0.00021164062,0.0,0.0
0.0002595405,0.0,0.0
0.0009906938,1.0,0.0
1.3229232e-05,1.0,0.0
0.00015118517,0.0,0.0
0.26384076,0.0,0.0
0.0003324917,1.0,0.0
0.00047193648,1.0,0.0
0.00062863244,0.0,0.0
0.00038880596,0.0,0.0
0.0024481579,0.0,0.0
0.025098076,0.0,0.0
0.0017232749,0.0,0.0
2.1023758e-05,0.0,0.0
0.0009533364,0.0,0.0
1.6832202e-05,0.0,0.0
0.0004903813,0.0,0.0
0.004210439,0.0,0.0
0.42124632,0.0,0.0
0.00028516183,0.0,0.0
0.0017192356,0.0,0.0
0.004851405,1.0,0.0
6.128133e-05,1.0,0.0
0.0006606442,1.0,0.0
0.0020946786,0.0,0.0
0.0048160995,0.0,0.0
2.5218733e-05,0.0,0.0
0.0011292229,0.0,0.0
0.00060615054,0.0,0.0
0.07225363,0.0,0.0
0.036864728,0.0,0.0
0.0009511817,0.0,0.0
0.0012003588,0.0,0.0
0.8887548,0.0,0.0
0.0009265826,0.0,0.0
0.0019173312,0.0,0.0
6.56162e-05,0.0,0.0
4.900697e-05,0.0,0.0
0.06297718,0.0,0.0
0.0019309167,0.0,0.0
3.298785e-06,0.0,0.0
0.0019808412,0.0,0.0
0.00870679,0.0,0.0
0.0012251928,0.0,0.0
0.008262861,0.0,0.0
0.48580733,0.0,0.0
4.8939393e-05,0.0,0.0
0.14682317,0.0,0.0
0.0040672976,0.0,0.0
8.3601635e-06,0.0,0.0
0.0038315242,0.0,0.0
0.00047895973,0.0,0.0
0.00021650502,0.0,0.0
1.8405712e-05,0.0,0.0
0.00019401123,0.0,0.0
0.7276506,0.0,0.0
4.3618315e-06,0.0,0.0
0.0002577104,0.0,0.0
0.0060132383,0.0,0.0
0.00040311436,0.0,0.0
0.00402935,0.0,0.0
0.026307253,0.0,0.0
0.0030733529,0.0,0.0
0.15253387,0.0,0.0
0.0022707852,0.0,0.0
0.3316975,0.0,0.0
0.0009801671,0.0,0.0
0.00019447146,0.0,0.0
0.050462086,0.0,0.0
0.0003892072,0.0,0.0
0.00084702275,0.0,0.0
0.3052633,0.0,0.0
0.0023695664,0.0,0.0
0.00399466,0.0,0.0
3.3624037e-05,0.0,0.0
1.0901654e-05,0.0,0.0
9.6041585e-05,0.0,0.0
0.003968336,0.0,0.0
0.0115723545,0.0,1.0
0.00015755159,0.0,1.0
0.0015642815,0.0,1.0
0.015249002,0.0,0.0
0.001117676,0.0,0.0
0.0061927615,0.0,0.0
0.00053574535,0.0,0.0
0.00047883237,0.0,0.0
0.027145717,0.0,0.0
0.021427825,0.0,0.0
0.0042220945,0.0,1.0
0.0006367129,0.0,0.0
0.0036283368,0.0,0.0
4.483734e-05,0.0,0.0
0.00014410958,0.0,0.0
8.323942e-05,0.0,0.0
5.370375e-05,0.0,0.0
0.00085454865,0.0,0.0
0.0020496782,0.0,0.0
0.00037805163,0.0,0.0
0.00047649184,0.0,0.0
0.00016781077,0.0,0.0
1.51225695e-05,0.0,0.0
0.0151163675,0.0,1.0
0.00012877386,0.0,0.0
0.014409548,0.0,0.0
0.001260095,0.0,0.0
0.010721675,0.0,0.0
0.007266722,0.0,0.0
0.0028166815,0.0,0.0
0.010132793,0.0,0.0
0.004638047,0.0,0.0
0.00023927746,0.0,0.0
0.007366864,0.0,0.0
0.00028352332,0.0,0.0
0.016861474,0.0,0.0
0.011296155,0.0,0.0
0.0002065916,0.0,0.0
0.0011341545,0.0,0.0
0.012261326,0.0,0.0
0.0038469562,0.0,0.0
0.007430809,0.0,0.0
0.005318697,0.0,0.0
0.0034735398,0.0,0.0
0.00073177146,0.0,0.0
0.0006868823,0.0,0.0
0.0048514283,0.0,0.0
0.0067173233,0.0,0.0
0.003211385,0.0,0.0
0.016323153,0.0,1.0
0.007559463,0.0,0.0
0.00029396024,0.0,0.0
0.0021131097,0.0,1.0
0.0024896956,0.0,0.0
0.00076817407,0.0,0.0
0.0035759606,0.0,0.0
0.14491852,0.0,0.0
9.8577744e-05,0.0,0.0
0.0006814496,0.0,0.0
0.0014655985,0.0,0.0
3.191131e-05,0.0,0.0
5.8815243e-05,0.0,0.0
0.0007567314,0.0,0.0
7.0671485e-06,0.0,0.0
1.2467085e-05,0.0,0.0
0.0010365093,0.0,0.0
0.000106445004,0.0,0.0
6.325488e-05,0.0,0.0
0.00013341162,0.0,0.0
2.3751198e-05,0.0,0.0
0.032286245,0.0,1.0
0.024902508,0.0,0.0
9.576703e-06,0.0,0.0
0.0011487281,0.0,0.0
0.041502506,0.0,0.0
0.00048053398,0.0,0.0
0.0011131163,0.0,0.0
0.0002800753,0.0,0.0
0.0017215327,0.0,0.0
5.503393e-05,0.0,0.0
0.24420449,0.0,0.0
0.0009443666,0.0,0.0
0.00038418148,0.0,0.0
0.0115319425,0.0,0.0
0.0014426481,0.0,0.0
7.99444e-05,0.0,0.0
5.2882184e-05,0.0,0.0
0.81084335,0.0,0.0
4.9596485e-05,0.0,0.0
7.952101e-06,0.0,0.0
0.00019284082,0.0,0.0
4.590811e-05,0.0,0.0
0.007860848,0.0,0.0
0.005792956,0.0,0.0
6.84967e-05,0.0,0.0
5.8562382e-05,0.0,0.0
3.261444e-05,0.0,0.0
0.0009153983,0.0,0.0
1.5733645e-05,0.0,0.0
7.467413e-05,0.0,0.0
5.505477e-05,0.0,0.0
0.00022857597,0.0,0.0
0.57968843,0.0,0.0
0.0033213196,0.0,0.0
0.0003946879,0.0,0.0
0.028788906,0.0,0.0
0.16707279,0.0,0.0
0.06390267,0.0,0.0
0.0005478888,0.0,0.0
0.016432725,0.0,0.0
0.00022921061,0.0,1.0
0.08823866,0.0,0.0
0.0012579892,0.0,1.0
4.966445e-05,0.0,1.0
0.08235342,0.0,0.0
0.00030294684,0.0,0.0
0.00040959148,0.0,0.0
5.711996e-05,0.0,0.0
1.5925378e-05,0.0,0.0
0.0026133223,0.0,0.0
0.05553826,0.0,0.0
0.00034760038,0.0,0.0
0.0013100524,0.0,0.0
6.2506486e-05,0.0,0.0
0.009135749,0.0,0.0
7.030674e-05,0.0,0.0
0.0039556627,0.0,1.0
0.00015298612,0.0,0.0
0.006950615,0.0,0.0
0.0107296845,0.0,0.0
0.0048916917,0.0,0.0
1.17454865e-05,0.0,0.0
1.4373235e-05,0.0,0.0
0.022086717,0.0,0.0
5.4268644e-06,0.0,1.0
0.0026405486,0.0,0.0
0.99171454,0.0,0.0
7.918206e-05,0.0,0.0
2.815669e-05,0.0,1.0
8.1935024e-05,0.0,1.0
5.6460644e-06,0.0,0.0
0.001923799,0.0,0.0
0.05446083,0.0,0.0
0.00042042928,0.0,0.0
2.1702841e-05,0.0,0.0
0.0005823456,0.0,0.0
0.016350646,0.0,0.0
2.3456994e-05,0.0,0.0
2.6904003e-05,0.0,0.0
0.008094446,0.0,0.0
0.0015919935,0.0,0.0
1.0611387e-05,0.0,0.0
0.0051004305,0.0,0.0
0.85984266,0.0,0.0
5.571938e-06,0.0,0.0
2.5193302e-05,0.0,1.0
2.4062212e-05,0.0,1.0
0.00011429489,0.0,0.0
2.0405523e-05,0.0,0.0
9.710429e-05,0.0,0.0
0.008776939,0.0,1.0
0.005540301,0.0,0.0
0.00022836468,0.0,0.0
0.00020001498,0.0,0.0
0.0010385796,0.0,0.0
0.015023467,0.0,0.0
2.6267659e-05,0.0,0.0
0.0011864371,0.0,0.0
0.00030074193,0.0,0.0
0.0004682596,0.0,0.0
0.018200902,0.0,0.0
0.00079465355,0.0,0.0
0.00016620493,0.0,0.0
0.012927055,0.0,0.0
0.0015350862,0.0,0.0
0.00013061664,0.0,0.0
3.5330802e-05,0.0,0.0
1.9522233e-06,0.0,0.0
0.00020640573,0.0,0.0
0.00038462906,0.0,0.0
0.0019133186,0.0,0.0
0.0004719554,0.0,0.0
0.015047766,0.0,0.0
0.0003672013,0.0,0.0
0.0020894522,0.0,0.0
0.00054843404,1.0,0.0
0.0014891196,1.0,0.0
0.014206483,1.0,0.0
0.0070118355,0.0,0.0
0.011696789,0.0,0.0
0.004076103,1.0,0.0
0.08469427,1.0,0.0
0.0010307486,0.0,0.0
0.011872108,0.0,0.0
0.0002063711,1.0,0.0
0.25650817,1.0,0.0
0.005065419,0.0,0.0
0.9817737,0.0,0.0
0.0042922003,0.0,0.0
4.730952e-05,0.0,0.0
9.430134e-05,0.0,0.0
4.1102616e-05,0.0,0.0
0.0033973728,0.0,0.0
0.0022402904,0.0,0.0
2.0769596e-05,0.0,0.0
0.0012449737,0.0,0.0
0.0018486336,0.0,0.0
0.00018669246,0.0,0.0
1.545204e-05,0.0,0.0
0.026240494,0.0,0.0
0.01544055,0.0,0.0
0.0071769156,0.0,0.0
0.09852614,0.0,0.0
0.11310549,0.0,0.0
0.044409975,1.0,0.0
0.009681658,1.0,0.0
0.0007552598,1.0,0.0
0.0028001,1.0,0.0
0.16364238,1.0,0.0
0.0010811646,0.0,0.0
0.0027738092,0.0,0.0
0.0010194401,1.0,0.0
0.00065983285,1.0,0.0
0.0023285344,1.0,1.0
0.06823218,1.0,0.0
0.0071460763,1.0,0.0
0.004092543,0.0,0.0
0.35898107,1.0,0.0
0.0062375753,0.0,0.0
0.0013702856,0.0,0.0
0.10908615,0.0,0.0
0.00015679895,0.0,0.0
0.00023177324,0.0,0.0
0.001968417,0.0,0.0
0.0014715462,0.0,0.0
0.0047428086,0.0,0.0
0.0032895238,0.0,0.0
0.44190368,0.0,0.0
0.034372874,0.0,0.0
0.00013141883,0.0,0.0
0.0033849347,0.0,0.0
0.0077873496,0.0,0.0
0.0009613082,0.0,0.0
0.20469624,0.0,0.0
6.876169e-05,0.0,0.0
0.0009466233,1.0,0.0
0.0015766992,0.0,0.0
0.0001618716,0.0,0.0
9.574021e-05,0.0,0.0
0.0012666337,0.0,0.0
0.001478544,0.0,0.0
0.022278264,0.0,0.0
1.0012862e-05,0.0,0.0
0.018491162,0.0,0.0
0.0017390968,1.0,0.0
0.07728492,1.0,0.0
0.003821208,0.0,0.0
0.013904117,0.0,0.0
0.003212996,1.0,0.0
0.002645769,0.0,0.0
0.008796853,1.0,0.0
0.001290665,1.0,0.0
0.00540672,1.0,0.0
0.033262394,1.0,0.0
0.9893994,1.0,0.0
0.0005581048,1.0,0.0
0.00056726055,1.0,0.0
0.002097093,1.0,0.0
0.020498762,1.0,0.0
0.10584199,1.0,0.0
0.007700761,0.0,0.0
0.0008307916,0.0,0.0
0.9330244,0.0,0.0
0.032161143,0.0,1.0
0.00031291012,0.0,0.0
0.0003942694,0.0,0.0
0.0016789648,1.0,0.0
0.000105621664,0.0,0.0
0.0051873773,1.0,0.0
7.094917e-06,0.0,0.0
0.00013242314,0.0,0.0
0.00016769877,1.0,0.0
0.00086900964,1.0,0.0
0.00033348662,0.0,1.0
3.697556e-05,0.0,0.0
0.00014037192,1.0,0.0
0.00036840118,0.0,0.0
0.009298967,0.0,0.0
0.0006509114,0.0,0.0
0.0056702844,0.0,1.0
0.0007170201,0.0,1.0
0.00010719233,0.0,0.0
0.000675035,0.0,0.0
3.4827714e-05,0.0,0.0
0.00087128056,0.0,0.0
0.019543922,0.0,0.0
0.00219885,0.0,0.0
0.0003331571,0.0,0.0
0.0021328705,0.0,0.0
0.013281171,0.0,0.0
7.249805e-05,0.0,0.0
0.0010225816,0.0,0.0
0.0015360329,0.0,0.0
0.0002745481,0.0,0.0
0.0031466344,0.0,0.0
5.822665e-05,0.0,0.0
0.3465599,0.0,0.0
0.11286997,0.0,0.0
0.0410023,0.0,0.0
8.260796e-06,0.0,0.0
0.002203022,0.0,0.0
0.40767714,0.0,0.0
0.005068525,0.0,0.0
1.215309e-05,0.0,0.0
0.0004943419,0.0,0.0
0.0005747895,0.0,0.0
9.098479e-06,0.0,0.0
3.2950164e-05,0.0,0.0
0.00012273496,0.0,1.0
8.5188585e-06,0.0,0.0
0.0003532348,0.0,0.0
0.00018598621,0.0,0.0
3.655327e-05,0.0,1.0
6.1899256e-05,0.0,0.0
2.9144578e-05,0.0,0.0
0.02687914,0.0,0.0
0.03426322,0.0,0.0
0.0060465825,0.0,0.0
0.004329403,0.0,0.0
0.00016413348,0.0,0.0
0.00073561666,0.0,0.0
0.00012841138,0.0,0.0
0.00043270073,0.0,0.0
0.00023936234,0.0,0.0
0.0012751325,0.0,0.0
0.0003602193,0.0,0.0
0.00023122784,0.0,0.0
0.00051518687,0.0,0.0
0.00015531537,0.0,0.0
0.0009475888,0.0,0.0
0.00025606574,0.0,0.0
0.01118404,0.0,0.0
0.0021901284,0.0,0.0
0.0034076774,0.0,0.0
0.0018085722,0.0,0.0
1.4178377e-05,0.0,0.0
0.0028163735,0.0,0.0
0.013692632,0.0,0.0
0.000110112254,0.0,0.0
0.00081968954,0.0,0.0
0.0040565105,0.0,0.0
0.0019797836,0.0,0.0
0.00035996837,0.0,0.0
0.0020689229,0.0,0.0
0.010720123,0.0,0.0
0.12671857,0.0,0.0
0.48465922,0.0,0.0
0.0007934444,0.0,0.0
0.00016259929,0.0,0.0
0.005809427,0.0,0.0
1.7306422e-05,0.0,0.0
2.9401519e-05,0.0,0.0
0.00075678003,0.0,0.0
0.0033734413,0.0,0.0
0.00065629964,0.0,0.0
0.0022717381,0.0,0.0
4.0252606e-05,0.0,0.0
1.616535e-05,0.0,0.0
0.0002310707,0.0,0.0
9.2887814e-05,0.0,0.0
0.0017075626,0.0,0.0
0.0020788624,0.0,0.0
0.022098528,0.0,0.0
1.1599818e-05,0.0,0.0
0.025923038,0.0,0.0
0.22366424,0.0,0.0
0.046019442,0.0,0.0
0.00028632782,0.0,0.0
0.0052051535,0.0,0.0
0.0010805838,0.0,0.0
0.007580978,0.0,0.0
0.00062813837,0.0,0.0
0.0005239834,0.0,0.0
0.018332891,0.0,0.0
0.00581684,0.0,1.0
0.0039132917,0.0,0.0
1.0822534e-05,0.0,0.0
0.0013854997,0.0,1.0
0.002338064,0.0,1.0
0.010799778,0.0,0.0
8.425347e-05,0.0,0.0
0.0018259275,0.0,0.0
0.0007027327,0.0,0.0
0.0015231261,0.0,0.0
0.0014403906,0.0,0.0
0.00014845026,0.0,0.0
0.0002969752,0.0,0.0
0.0011925754,0.0,0.0
0.035545565,0.0,0.0
1.5669124e-05,0.0,0.0
0.00046867644,0.0,0.0
4.415242e-05,0.0,0.0
0.0010764151,0.0,0.0
0.006103816,0.0,1.0
0.027316706,0.0,0.0
3.0145242e-05,0.0,0.0
0.0040187356,0.0,0.0
0.00077589805,0.0,0.0
0.00016569384,0.0,0.0
0.8063794,0.0,0.0
0.0014092696,0.0,0.0
0.0003098034,0.0,0.0
0.0003411839,0.0,0.0
1.2167156e-05,0.0,0.0
0.0031698926,0.0,0.0
7.77905e-06,0.0,0.0
0.0014137519,0.0,0.0
0.2792667,0.0,1.0
0.0026206307,0.0,1.0
0.00034217548,0.0,0.0
5.4402076e-06,0.0,0.0
0.00043627052,0.0,0.0
0.0010358918,0.0,0.0
2.668293e-05,0.0,0.0
0.0001563855,0.0,0.0
4.8457487e-06,0.0,0.0
0.061441608,0.0,0.0
7.5367636e-05,0.0,0.0
0.00020481895,0.0,0.0
0.00091540965,0.0,0.0
0.0005090437,0.0,0.0
0.0024682037,0.0,0.0
0.00029496863,0.0,0.0
0.00010605432,0.0,0.0
0.00018873734,0.0,0.0
0.011655274,0.0,0.0
0.004002338,0.0,0.0
5.2504565e-05,0.0,0.0
0.2799124,0.0,0.0
0.0019097659,0.0,0.0
0.0012586011,0.0,0.0
1.9019883e-05,0.0,0.0
0.003892729,0.0,0.0
0.0025622693,0.0,0.0
0.0005204327,0.0,0.0
0.023377618,0.0,0.0
0.00022981236,0.0,1.0
0.00026079666,0.0,0.0
0.00018495572,0.0,0.0
0.00037939395,0.0,0.0
0.021767313,0.0,0.0
0.03266369,0.0,0.0
0.00011918213,0.0,1.0
0.0028668123,0.0,1.0
0.00014627862,0.0,0.0
5.1834537e-05,0.0,0.0
0.0032341152,0.0,0.0
0.0028116608,0.0,0.0
0.002263048,0.0,0.0
5.1430634e-05,0.0,0.0
0.00015408573,0.0,0.0
0.00014991086,0.0,0.0
0.00026248195,0.0,0.0
0.0043325364,0.0,0.0
0.00027971316,0.0,0.0
0.001571555,0.0,0.0
1.7143471e-05,0.0,0.0
0.011273863,0.0,0.0
0.14085148,0.0,0.0
0.000504218,0.0,0.0
0.009087179,0.0,0.0
9.969384e-06,0.0,0.0
0.9854183,0.0,0.0
1.3640683e-05,0.0,1.0
2.9273242e-05,0.0,1.0
3.9435592e-05,0.0,0.0
0.5045112,0.0,0.0
0.0024127697,0.0,0.0
0.00045029065,1.0,0.0
3.4314206e-05,1.0,0.0
2.3084507e-05,1.0,0.0
0.0022424783,1.0,0.0
0.005959114,1.0,0.0
4.6134213e-05,1.0,0.0
0.005728853,0.0,0.0
1.665258e-05,0.0,0.0
0.559139,0.0,0.0
0.633017,1.0,0.0
0.00063078996,0.0,0.0
0.00014234835,0.0,0.0
1.833455e-05,0.0,0.0
0.00037191637,0.0,0.0
1.9560532e-05,0.0,0.0
1.2227002e-05,0.0,0.0
0.0025832804,0.0,0.0
8.7199136e-05,0.0,0.0
0.0054281554,0.0,0.0
0.0006909677,0.0,0.0
0.015867678,0.0,0.0
0.023875786,0.0,0.0
0.0019824198,1.0,0.0
0.0029114154,0.0,0.0
0.0005593246,0.0,0.0
0.0015373328,0.0,0.0
0.00038120357,0.0,0.0
0.43891975,0.0,0.0
0.033467274,0.0,0.0
0.07078807,0.0,0.0
0.021104245,0.0,0.0
0.0055594915,0.0,0.0
0.00383693,0.0,0.0
0.0005992288,0.0,0.0
1.1406887e-05,0.0,0.0
0.01739374,0.0,0.0
0.013034249,0.0,0.0
0.18859062,0.0,0.0
0.0026400127,1.0,0.0
0.00046110537,0.0,0.0
0.0125139775,0.0,0.0
0.006190728,0.0,0.0
0.046413936,0.0,0.0
0.00023941895,0.0,0.0
0.096187845,0.0,0.0
5.2775784e-05,0.0,0.0
0.0006561649,0.0,0.0
0.00014436625,0.0,0.0
4.905731e-06,0.0,0.0
0.00015635836,0.0,0.0
0.008612962,0.0,0.0
0.006670353,0.0,0.0
0.00020579204,0.0,0.0
0.0005700845,0.0,0.0
0.0016054307,0.0,0.0
0.13029055,0.0,0.0
0.008488774,1.0,1.0
0.0036914216,1.0,1.0
0.0010064882,0.0,0.0
0.002726096,0.0,0.0
0.020272644,0.0,0.0
0.0033372955,0.0,0.0
0.0033116923,0.0,0.0
0.002808936,0.0,0.0
0.021976858,0.0,0.0
0.00022559114,0.0,0.0
0.0014500099,0.0,0.0
0.0007539213,0.0,0.0
0.012202211,0.0,0.0
0.003157015,0.0,0.0
0.1999825,0.0,0.0
0.00014104196,0.0,0.0
6.753787e-05,0.0,0.0
0.0017235965,0.0,0.0
9.96918e-05,0.0,0.0
0.0010479845,0.0,0.0
0.9921212,0.0,0.0
0.00081655866,0.0,0.0
0.00019264419,0.0,0.0
4.7177607e-05,0.0,0.0
0.00011108694,0.0,0.0
0.0014524948,1.0,0.0
2.4027817e-05,0.0,0.0
0.0042228503,1.0,0.0
0.00018128009,0.0,0.0
0.00014071057,0.0,0.0
7.737395e-06,1.0,0.0
0.00019267084,0.0,0.0
0.14659242,0.0,0.0
0.0034767073,0.0,0.0
0.02059584,0.0,0.0
0.00013375311,0.0,0.0
0.05504584,0.0,0.0
2.0098294e-05,0.0,0.0
0.0004209735,0.0,0.0
7.738398e-06,0.0,0.0
1.965155e-05,0.0,0.0
4.3000557e-05,0.0,0.0
0.00090207654,0.0,0.0
6.5180895e-05,0.0,0.0
0.0088942135,0.0,0.0
5.9094036e-05,0.0,0.0
5.112418e-05,0.0,0.0
3.9128154e-05,0.0,0.0
0.0053856885,0.0,0.0
0.0008166887,0.0,0.0
0.00042384714,0.0,0.0
0.00016078097,0.0,0.0
0.0047708326,0.0,0.0
2.44894e-05,0.0,0.0
3.6465597e-05,0.0,0.0
2.6663114e-05,0.0,0.0
0.001353377,0.0,0.0
0.0060219946,0.0,0.0
0.00010488718,0.0,1.0
7.162308e-05,0.0,0.0
0.00046926335,0.0,0.0
0.0009728085,0.0,1.0
5.759209e-05,0.0,0.0
0.013229031,0.0,0.0
0.025443638,0.0,0.0
0.004865507,0.0,0.0
0.002925139,0.0,0.0
3.4110682e-05,0.0,0.0
8.163951e-05,0.0,1.0
0.0009897627,0.0,1.0
0.014218709,0.0,0.0
1.2758192e-05,0.0,0.0
0.09845209,0.0,0.0
0.00027760715,0.0,0.0
0.00060524215,0.0,1.0
0.09011209,0.0,0.0
0.007343647,0.0,0.0
0.0014648736,0.0,0.0
0.03324793,0.0,0.0
0.008968761,0.0,0.0
0.0018180687,0.0,0.0
0.0013251018,0.0,0.0
0.00022746003,0.0,0.0
0.00034896552,0.0,0.0
0.00030003538,0.0,0.0
8.869916e-06,0.0,0.0
9.436025e-05,0.0,1.0
1.1332754e-05,0.0,1.0
0.00352941,0.0,0.0
7.575414e-05,0.0,0.0
3.1043008e-05,0.0,1.0
0.00077300845,0.0,0.0
0.00028147234,0.0,0.0
0.00016345193,0.0,0.0
1.4623559e-05,0.0,0.0
0.00029472803,0.0,0.0
0.0011518862,1.0,0.0
3.6237586e-06,1.0,1.0
0.00012371692,1.0,0.0
0.00011711774,1.0,0.0
0.00043768974,1.0,0.0
0.007649631,1.0,0.0
0.0031080376,1.0,1.0
0.0025035844,1.0,0.0
4.4801265e-05,1.0,0.0
0.00013457083,1.0,1.0
0.0011951973,1.0,0.0
0.0022224784,1.0,0.0
0.068174414,0.0,0.0
0.0033018524,0.0,0.0
0.000100205805,0.0,0.0
9.5484815e-05,0.0,0.0
0.0011525408,1.0,1.0
0.023500483,0.0,0.0
0.0888042,0.0,0.0
0.002215506,0.0,0.0
0.007932533,0.0,0.0
0.0018650274,0.0,0.0
5.655998e-05,0.0,0.0
0.040120162,0.0,0.0
0.00011496363,0.0,0.0
6.3019535e-05,0.0,0.0
0.0012953491,0.0,0.0
0.0007136677,0.0,0.0
0.0132128885,0.0,0.0
0.00021862797,0.0,0.0
0.026046282,0.0,0.0
0.0050353035,0.0,0.0
0.3469746,0.0,0.0
0.0037196458,0.0,0.0
0.009902444,0.0,0.0
0.0016313733,0.0,0.0
0.0015961737,0.0,0.0
0.0007787087,0.0,1.0
3.2670764e-06,0.0,0.0
0.083784156,0.0,0.0
3.4774614e-05,0.0,0.0
0.00036304005,0.0,0.0
7.154539e-05,0.0,0.0
0.0029831226,0.0,0.0
0.0016752618,0.0,0.0
0.0013441548,0.0,0.0
0.02162029,0.0,0.0
0.028269649,0.0,0.0
0.07755852,0.0,0.0
0.00068399496,0.0,0.0
0.028611688,0.0,0.0
0.021751698,1.0,0.0
0.000114759234,0.0,0.0
0.0026886298,0.0,0.0
0.0009756395,0.0,0.0
0.0005876771,0.0,0.0
0.048112523,0.0,0.0
0.0043265778,0.0,0.0
0.50211567,0.0,0.0
0.0353366,0.0,0.0
0.013027748,0.0,0.0
0.06775271,0.0,0.0
0.0022853916,0.0,0.0
0.001925741,0.0,0.0
2.0538006e-05,0.0,0.0
0.005605513,0.0,0.0
0.0012606898,0.0,0.0
0.0003658187,0.0,0.0
0.11572218,0.0,0.0
0.00062811526,0.0,0.0
0.022153957,0.0,0.0
0.0060933074,0.0,0.0
0.0017335246,0.0,0.0
0.0052615134,0.0,0.0
0.018881321,0.0,0.0
0.03825041,0.0,0.0
0.027462004,0.0,0.0
0.003979988,0.0,0.0
0.9909231,0.0,0.0
0.34153822,0.0,0.0
0.35007432,0.0,0.0
0.47623953,0.0,0.0
3.2464435e-05,0.0,0.0
0.00010110352,0.0,0.0
0.0027870452,0.0,0.0
0.0026233527,0.0,0.0
0.004135926,0.0,0.0
0.03242887,0.0,0.0
0.0075460738,0.0,0.0
0.0015295314,0.0,0.0
0.0044307415,0.0,0.0
0.06340425,0.0,0.0
0.10247706,0.0,0.0
0.015346956,0.0,0.0
0.026681641,0.0,1.0
0.1657403,0.0,0.0
0.0038846815,0.0,0.0
0.5450724,0.0,0.0
0.011652434,0.0,0.0
0.035896372,0.0,0.0
0.008645983,0.0,0.0
0.0010892873,0.0,0.0
0.122744925,0.0,1.0
0.0009105821,0.0,1.0
0.03058331,0.0,0.0
0.007790201,0.0,0.0
0.015918758,0.0,0.0
0.004334304,0.0,0.0
0.023015833,0.0,0.0
0.014604673,0.0,0.0
0.0027952923,0.0,0.0
0.02805094,0.0,0.0
0.0062922095,0.0,0.0
0.045344964,0.0,0.0
0.0006265213,0.0,0.0
0.0060879462,0.0,0.0
0.1757901,0.0,0.0
0.052870188,0.0,0.0
0.12704638,0.0,0.0
0.6957316,0.0,0.0
0.077845514,0.0,0.0
0.6874972,0.0,0.0
0.0048212353,0.0,0.0
0.051759496,0.0,0.0
0.0012724003,0.0,0.0
0.0002298628,0.0,0.0
0.01898789,0.0,0.0
0.0034410658,0.0,0.0
0.07784577,0.0,0.0
0.026803285,0.0,0.0
0.03232446,0.0,0.0
0.21606104,0.0,0.0
0.010677098,0.0,0.0
0.069743104,0.0,0.0
0.016481435,0.0,0.0
0.014633344,0.0,0.0
0.13033749,0.0,0.0
0.032180116,0.0,0.0
0.23911282,0.0,0.0
0.011231399,0.0,0.0
0.4101021,0.0,0.0
0.0008139318,0.0,0.0
0.0044606044,0.0,0.0
0.005881743,0.0,0.0
7.2699506e-05,0.0,1.0
0.0017635428,0.0,1.0
0.0005203823,0.0,1.0
0.0012396206,0.0,1.0
0.011944564,0.0,0.0
0.0070971004,0.0,0.0
0.0068796086,0.0,0.0
0.0009913156,0.0,0.0
0.003009353,0.0,0.0
0.00018230749,0.0,0.0
0.0013391931,0.0,0.0
0.008836552,0.0,0.0
0.00458589,0.0,0.0
0.0598759,0.0,0.0
0.44676661,0.0,0.0
0.119710624,0.0,0.0
0.046113968,0.0,0.0
0.023991372,0.0,0.0
0.031908855,0.0,0.0
0.0041195075,0.0,0.0
0.06969396,0.0,0.0
0.48971257,0.0,0.0
0.1013375,0.0,0.0
0.0036214946,0.0,0.0
0.01793299,0.0,0.0
0.04313276,0.0,1.0
0.018265193,0.0,0.0
0.00015329891,0.0,0.0
0.06216624,0.0,0.0
0.01087734,0.0,0.0
0.111129366,0.0,0.0
0.13343208,0.0,0.0
0.073374264,0.0,0.0
0.47362417,0.0,0.0
0.023916982,0.0,0.0
0.53064865,0.0,0.0
0.32723865,0.0,1.0
0.38579747,0.0,1.0
0.0016519224,0.0,1.0
0.0020515858,0.0,0.0
0.04000759,0.0,0.0
0.0048851552,0.0,1.0
0.39709643,0.0,0.0
0.46997288,0.0,0.0
0.007528833,0.0,0.0
0.09019681,0.0,0.0
0.0002266897,0.0,0.0
0.035334837,0.0,0.0
0.00025330702,0.0,0.0
0.011072097,0.0,0.0
0.0049577174,0.0,0.0
0.00040502864,0.0,0.0
0.00035948964,0.0,0.0
0.019004732,0.0,0.0
0.0025543822,0.0,1.0
0.0019263956,0.0,0.0
0.40275648,0.0,0.0
0.07899128,0.0,0.0
0.2514742,0.0,0.0
0.52415574,0.0,0.0
0.04106015,0.0,0.0
0.03318166,0.0,0.0
0.083559446,1.0,1.0
0.0035937456,1.0,1.0
0.048062526,1.0,1.0
0.025757454,1.0,0.0
0.038991738,0.0,0.0
0.0013617254,0.0,0.0
0.12876663,0.0,0.0
0.007606399,0.0,0.0
0.06447689,0.0,0.0
0.0137811,0.0,1.0
0.004776544,0.0,0.0
0.0017519506,0.0,0.0
0.004579095,0.0,1.0
0.00018393411,0.0,0.0
0.008105667,0.0,1.0
0.010145475,0.0,0.0
0.002420542,1.0,0.0
0.00034030376,1.0,0.0
0.0025660624,1.0,0.0
0.000922519,0.0,0.0
0.0013962148,1.0,0.0
0.00027848035,1.0,0.0
0.0029624894,0.0,0.0
0.012841841,1.0,0.0
0.4520311,0.0,0.0
0.04729655,0.0,0.0
0.07733024,0.0,0.0
0.04172876,0.0,0.0
0.00096175703,0.0,0.0
0.012468445,0.0,0.0
0.0001593957,0.0,0.0
7.743067e-05,0.0,0.0
0.00037879552,0.0,0.0
0.0020609766,0.0,0.0
0.0038413764,0.0,0.0
0.020062542,0.0,1.0
0.8491196,0.0,0.0
0.56088537,0.0,0.0
0.0029776588,0.0,0.0
0.0017814601,0.0,0.0
0.094567895,0.0,0.0
0.0056609553,0.0,0.0
0.030464474,0.0,0.0
0.015174377,0.0,0.0
0.0021396037,0.0,0.0
6.9353984e-05,0.0,0.0
0.011966047,0.0,0.0
0.00026024002,0.0,0.0
0.010619585,0.0,0.0
0.011790159,0.0,0.0
0.0031785031,0.0,0.0
0.014903416,0.0,0.0
0.00018336746,0.0,0.0
0.009669289,0.0,0.0
3.171702e-05,0.0,0.0
0.004836593,0.0,0.0
0.0023379326,0.0,0.0
0.03795742,0.0,1.0
0.0013878517,0.0,0.0
0.0155429775,0.0,0.0
0.08270979,0.0,0.0
0.063086405,0.0,0.0
0.0029352321,0.0,0.0
0.038302243,0.0,0.0
0.027562166,0.0,0.0
0.12590854,0.0,0.0
0.010909971,0.0,1.0
0.08253596,0.0,1.0
0.1114486,0.0,0.0
0.023133138,0.0,1.0
0.1887211,0.0,1.0
0.0006053858,0.0,0.0
0.1411704,0.0,0.0
0.010673603,0.0,0.0
0.058141936,0.0,0.0
0.30662584,0.0,0.0
0.00017950914,0.0,0.0
0.005430133,0.0,0.0
0.84984636,0.0,0.0
0.05884856,0.0,0.0
0.022185998,0.0,0.0
0.1522243,0.0,0.0
0.00061709393,0.0,0.0
5.049108e-05,0.0,0.0
0.00045641488,0.0,0.0
0.04027419,0.0,0.0
0.0022319283,0.0,0.0
0.003792895,0.0,0.0
0.00040481923,0.0,0.0
0.01181836,0.0,0.0
0.009895101,0.0,0.0
0.01807152,0.0,0.0
0.00044221108,0.0,0.0
0.03373804,0.0,0.0
0.031987134,0.0,0.0
0.025934089,0.0,0.0
0.03379803,0.0,0.0
0.0004940079,0.0,0.0
0.0038508628,0.0,0.0
0.011808184,0.0,0.0
0.018599425,0.0,0.0
0.027790578,0.0,0.0
0.14467451,0.0,0.0
0.0043301103,0.0,1.0
0.0049663247,0.0,0.0
0.1252498,0.0,0.0
0.2875075,0.0,0.0
0.00051774184,0.0,0.0
0.29047483,0.0,0.0
0.04333302,0.0,0.0
0.042950694,0.0,0.0
0.011273438,0.0,0.0
0.0013653863,0.0,0.0
6.394173e-05,1.0,0.0
0.00010022912,1.0,0.0
0.05859109,1.0,0.0
0.0014507557,1.0,0.0
0.0021435134,1.0,0.0
0.0002245052,1.0,0.0
0.00054334744,0.0,0.0
0.00047802468,0.0,0.0
0.11148208,0.0,0.0
0.00041537476,1.0,0.0
0.013380492,0.0,0.0
0.008404183,1.0,0.0
0.3044258,0.0,0.0
0.01165868,0.0,0.0
0.016014578,0.0,0.0
7.0389455e-05,0.0,0.0
0.001946871,0.0,0.0
0.0027120574,1.0,1.0
0.00072800944,1.0,0.0
0.00020684309,1.0,0.0
0.98914766,0.0,0.0
0.029235002,1.0,0.0
0.008988049,0.0,0.0
0.008573865,1.0,0.0
0.048175216,0.0,0.0
0.004418584,1.0,0.0
0.0026602838,0.0,0.0
0.0039185593,0.0,0.0
0.008449433,1.0,0.0
0.029085316,0.0,0.0
0.00062255736,1.0,0.0
3.811539e-05,0.0,0.0
0.0033021807,0.0,0.0
0.0004020676,0.0,0.0
0.06243863,0.0,0.0
0.0014821028,0.0,0.0
0.016452141,0.0,0.0
0.24425068,0.0,0.0
0.07553233,0.0,0.0
0.104991846,0.0,1.0
0.5787269,0.0,0.0
0.00357506,0.0,0.0
0.00028750845,0.0,0.0
0.00017378772,0.0,0.0
0.00011403319,0.0,0.0
0.00083136774,0.0,0.0
0.003456313,0.0,0.0
0.0044994815,0.0,0.0
0.0055275294,0.0,0.0
0.00028099885,0.0,1.0
0.002051702,0.0,0.0
0.016961664,0.0,0.0
0.10499725,0.0,0.0
0.096811436,0.0,0.0
0.095691666,0.0,0.0
0.2339616,1.0,0.0
0.06130212,0.0,0.0
0.03317779,0.0,0.0
0.00011135017,1.0,0.0
0.00049021235,1.0,0.0
0.0015874723,0.0,0.0
0.0057866788,0.0,0.0
0.08331647,0.0,0.0
0.0005385556,0.0,0.0
0.25134414,0.0,0.0
0.022018323,0.0,0.0
9.999132e-05,0.0,0.0
2.2765906e-05,0.0,0.0
0.0012373138,0.0,0.0
0.033950564,0.0,0.0
0.08198504,0.0,0.0
0.14064085,0.0,0.0
0.084646806,0.0,0.0
0.67062235,0.0,0.0
0.009929736,1.0,0.0
0.0016878406,1.0,0.0
0.072311245,0.0,0.0
0.004286254,1.0,0.0
0.0054352167,1.0,0.0
0.00812145,1.0,0.0
0.00032873152,1.0,0.0
0.0048026047,1.0,0.0
0.026097644,0.0,1.0
0.0003906024,1.0,0.0
0.00024283452,1.0,0.0
0.00574,0.0,0.0
