gate_value,label,rsa
7.0076194e-06,0.0,0.0
0.004376297,0.0,0.0
7.1302646e-05,0.0,0.0
0.0002280707,0.0,0.0
0.0008818141,0.0,0.0
0.0003000128,0.0,0.0
0.010069347,0.0,0.0
0.0031855663,0.0,0.0
0.0001169121,1.0,0.0
1.3588487e-05,0.0,0.0
0.00028674115,0.0,0.0
0.00500264,0.0,0.0
0.001801931,0.0,0.0
0.0018085851,0.0,0.0
9.474642e-06,0.0,0.0
2.0542892e-09,0.0,0.0
0.00036755853,0.0,0.0
0.00018881635,0.0,0.0
0.0013982361,0.0,0.0
1.9808851e-05,0.0,0.0
2.02423e-06,0.0,0.0
0.00081022835,0.0,0.0
1.6663382e-05,0.0,0.0
1.11504205e-05,0.0,0.0
1.7322127e-05,0.0,0.0
1.9224374e-06,0.0,0.0
0.00041669997,0.0,0.0
0.001736563,0.0,0.0
1.1458709e-05,0.0,0.0
1.4949505e-06,0.0,0.0
4.801648e-05,0.0,0.0
4.6227533e-06,0.0,0.0
1.8899393e-05,0.0,0.0
2.4832589e-06,0.0,0.0
0.002977704,0.0,0.0
5.6576925e-09,0.0,0.0
5.403458e-05,0.0,0.0
0.00029205283,0.0,0.0
0.00010691438,0.0,0.0
0.008551018,0.0,0.0
0.008363336,0.0,0.0
0.0003060347,0.0,0.0
4.1408428e-05,0.0,0.0
0.00027443533,0.0,0.0
0.00070382585,0.0,0.0
0.00017431397,0.0,0.0
8.726876e-05,0.0,0.0
5.7679586e-05,0.0,0.0
1.9255534e-05,0.0,0.0
5.2496598e-05,0.0,0.0
3.408561e-05,0.0,0.0
0.00026954466,0.0,1.0
3.489455e-06,0.0,0.0
0.001668393,0.0,0.0
1.1581236e-05,0.0,0.0
0.00028358202,0.0,0.0
9.7078926e-05,0.0,0.0
0.00077366247,0.0,0.0
2.8904737e-05,0.0,0.0
5.273136e-05,0.0,1.0
1.5469777e-05,0.0,1.0
2.9463268e-05,0.0,0.0
0.00028821157,0.0,0.0
1.5781732e-05,0.0,0.0
0.00011842967,0.0,0.0
0.0001268213,0.0,0.0
4.3515003e-05,0.0,0.0
4.1417705e-05,0.0,0.0
1.2262456e-05,0.0,0.0
0.00023497244,0.0,0.0
0.00014094665,0.0,0.0
3.6257614e-05,0.0,0.0
0.000116844545,0.0,0.0
2.5714522e-05,0.0,0.0
7.661415e-05,0.0,0.0
4.7094945e-05,0.0,0.0
7.892491e-08,0.0,0.0
0.00018441492,0.0,0.0
3.8601637e-08,0.0,0.0
1.681068e-07,0.0,0.0
0.0001486565,0.0,0.0
0.00017413025,0.0,0.0
0.00074199255,0.0,0.0
0.00012666128,0.0,0.0
2.3789438e-05,0.0,0.0
8.046897e-06,0.0,0.0
0.000510372,0.0,0.0
0.0001472848,0.0,0.0
1.5676313e-05,0.0,0.0
0.00021895111,0.0,0.0
0.00017560922,0.0,0.0
0.00073846406,0.0,0.0
2.2838756e-05,0.0,0.0
0.0031013123,0.0,0.0
2.7807471e-05,0.0,0.0
3.973692e-05,0.0,0.0
0.000207437,0.0,0.0
6.2063045e-05,0.0,0.0
1.0356161e-05,0.0,0.0
0.017057298,0.0,0.0
0.00080791884,0.0,0.0
0.0028922625,0.0,1.0
0.0011644257,0.0,1.0
3.324408e-05,0.0,1.0
6.2449076e-06,0.0,1.0
0.00055591005,0.0,0.0
3.8048893e-05,0.0,0.0
5.404607e-05,0.0,0.0
4.852398e-05,0.0,0.0
7.453654e-05,0.0,0.0
0.00016090674,0.0,0.0
0.00015019716,0.0,0.0
4.8779013e-05,0.0,0.0
9.1025715e-05,0.0,0.0
4.6660112e-05,0.0,0.0
2.8762302e-05,0.0,0.0
0.00016781237,0.0,0.0
3.7754176e-05,0.0,0.0
0.00601792,0.0,0.0
0.0001226251,0.0,0.0
0.00015908004,0.0,0.0
8.790931e-07,0.0,0.0
2.505649e-06,0.0,0.0
0.00037671224,0.0,0.0
0.00067530625,0.0,0.0
0.00022516481,0.0,0.0
1.5909196e-05,0.0,1.0
0.0013830357,0.0,0.0
3.1325522e-05,0.0,0.0
8.605808e-05,0.0,0.0
0.0005042591,0.0,0.0
0.00131031,0.0,0.0
5.8512585e-05,0.0,0.0
0.002331198,0.0,0.0
0.006384451,0.0,0.0
0.000106782936,0.0,0.0
1.477779e-07,0.0,0.0
2.820235e-06,0.0,1.0
1.8795347e-06,0.0,1.0
2.0328446e-06,0.0,1.0
4.005712e-05,0.0,0.0
1.4195398e-05,0.0,0.0
0.0005061882,0.0,1.0
3.7691618e-05,0.0,0.0
4.4153353e-06,0.0,0.0
1.3490641e-05,0.0,0.0
4.9753144e-05,0.0,0.0
6.8043887e-06,0.0,0.0
0.0009093935,0.0,0.0
0.0008922669,0.0,0.0
0.00016885437,0.0,0.0
2.4356432e-05,0.0,0.0
0.0017852255,0.0,0.0
0.00052198174,0.0,0.0
7.2254894e-05,0.0,0.0
0.00027939893,0.0,1.0
0.005728071,0.0,0.0
1.0852224e-08,0.0,0.0
0.00012587012,0.0,0.0
4.445412e-05,0.0,0.0
1.2838859e-07,0.0,0.0
2.3260209e-05,0.0,0.0
4.9613423e-05,0.0,0.0
0.00012854346,1.0,1.0
2.7507922e-05,1.0,1.0
7.3936275e-07,1.0,1.0
0.00015119684,1.0,0.0
0.00019027357,0.0,0.0
0.00022821013,0.0,0.0
0.00021169188,0.0,0.0
7.173063e-08,0.0,0.0
1.0381769e-07,0.0,0.0
1.6356571e-05,0.0,1.0
4.5898423e-06,0.0,0.0
6.791812e-06,0.0,0.0
8.762567e-05,0.0,1.0
1.1051457e-06,0.0,0.0
0.000143396,0.0,1.0
3.2314057e-07,0.0,0.0
8.8194065e-07,1.0,0.0
6.054413e-06,1.0,0.0
3.0586864e-07,1.0,0.0
0.00041013554,0.0,0.0
8.376511e-05,1.0,0.0
3.057938e-05,1.0,0.0
0.00016608644,0.0,0.0
1.3023984e-05,1.0,0.0
5.223317e-09,0.0,0.0
0.012175342,0.0,0.0
0.00022733708,0.0,0.0
1.0800063e-06,0.0,0.0
9.393561e-06,0.0,0.0
0.00013490822,0.0,0.0
1.9298828e-05,0.0,0.0
4.9677146e-05,0.0,0.0
0.00015058536,0.0,0.0
5.2021005e-06,0.0,0.0
0.00035966633,0.0,0.0
1.857005e-05,0.0,1.0
1.2332854e-09,0.0,0.0
5.2471046e-07,0.0,0.0
0.0040063127,0.0,0.0
0.0074029267,0.0,0.0
0.0072851274,0.0,0.0
0.0014027936,0.0,0.0
0.0016391682,0.0,0.0
0.0056278626,0.0,0.0
0.033215836,0.0,0.0
0.018088412,0.0,0.0
0.00081390626,0.0,0.0
6.434512e-05,0.0,0.0
0.017225783,0.0,0.0
0.027645124,0.0,0.0
0.006558024,0.0,0.0
0.00053317804,0.0,0.0
0.0056043845,0.0,0.0
0.00035073457,0.0,0.0
0.00018566905,0.0,0.0
0.0002653861,0.0,0.0
0.013400235,0.0,0.0
2.1702447e-06,0.0,1.0
0.0002977625,0.0,0.0
2.95129e-05,0.0,0.0
0.00044067745,0.0,0.0
5.1325296e-05,0.0,0.0
0.0031883444,0.0,0.0
5.215355e-05,0.0,0.0
0.00031241798,0.0,0.0
1.8226932e-05,0.0,0.0
1.7284487e-05,0.0,1.0
1.2305952e-05,0.0,1.0
2.7236216e-05,0.0,0.0
5.5457236e-05,0.0,1.0
7.3666198e-09,0.0,1.0
0.030121183,0.0,0.0
0.00025354937,0.0,0.0
8.0206235e-05,0.0,0.0
0.00053666683,0.0,0.0
0.0021753998,0.0,0.0
0.0013275304,0.0,0.0
0.007279715,0.0,0.0
5.5612843e-09,0.0,0.0
0.0016721324,0.0,0.0
0.028229686,0.0,0.0
1.3028618e-05,0.0,0.0
0.18814495,0.0,0.0
0.002784148,0.0,0.0
0.009100401,0.0,0.0
1.6300106e-07,0.0,0.0
0.12334886,0.0,0.0
0.008099623,0.0,0.0
0.006626166,0.0,0.0
0.006287828,0.0,0.0
0.0020662802,0.0,0.0
0.0029787123,0.0,0.0
5.7382326e-06,0.0,0.0
0.00040892806,0.0,0.0
0.0011095089,0.0,0.0
0.031909067,0.0,0.0
0.009176665,0.0,0.0
4.2963664e-05,0.0,0.0
0.0041412436,0.0,0.0
0.0037221983,0.0,0.0
2.775347e-07,0.0,0.0
0.00012045676,0.0,0.0
5.5796443e-09,0.0,0.0
5.0493825e-05,0.0,1.0
0.0002863415,0.0,0.0
5.3922923e-07,0.0,0.0
1.2601149e-08,0.0,0.0
0.00472034,0.0,0.0
0.03923173,0.0,0.0
0.001821146,0.0,0.0
0.037609685,0.0,0.0
0.00023077895,0.0,0.0
0.001064117,0.0,0.0
0.004688324,1.0,0.0
0.000528814,1.0,0.0
0.00032965955,1.0,0.0
0.0008339472,1.0,0.0
0.006698249,1.0,0.0
2.0736763e-05,1.0,0.0
0.00335491,0.0,0.0
0.014456422,0.0,0.0
0.019458432,0.0,0.0
0.005316684,1.0,0.0
0.005185242,0.0,0.0
0.14140838,1.0,0.0
0.0005462481,0.0,0.0
0.11231178,0.0,0.0
4.6758418e-05,0.0,0.0
9.813871e-06,0.0,0.0
4.8756643e-05,0.0,0.0
0.000120940604,1.0,1.0
0.0020331736,1.0,0.0
0.007259134,1.0,0.0
1.529725e-07,0.0,0.0
0.00011040411,1.0,0.0
0.00075304415,0.0,0.0
0.00019498114,1.0,0.0
0.00014287421,0.0,0.0
6.8206123e-06,1.0,0.0
0.002487313,0.0,0.0
0.0018993682,0.0,0.0
0.00060553965,1.0,0.0
0.00024503097,0.0,0.0
1.7800505e-05,1.0,0.0
0.007864858,0.0,0.0
8.267526e-06,0.0,0.0
0.00022694965,0.0,0.0
0.00030272568,0.0,0.0
0.011497858,0.0,0.0
0.006616111,0.0,0.0
3.526301e-05,0.0,0.0
0.00011074869,0.0,0.0
0.0010781494,0.0,1.0
2.4593396e-07,0.0,0.0
0.00024871834,0.0,0.0
7.897173e-06,0.0,0.0
0.00036430208,0.0,0.0
0.00010833306,0.0,0.0
0.00032861932,0.0,0.0
3.7567129e-06,0.0,0.0
1.629947e-05,0.0,0.0
0.00040674195,0.0,0.0
0.01375174,0.0,1.0
0.011336995,0.0,0.0
0.00010312493,0.0,0.0
1.3742961e-05,0.0,0.0
3.679277e-06,0.0,0.0
0.00010658222,0.0,0.0
1.1366863e-06,1.0,0.0
0.0028321121,0.0,0.0
0.0001147413,0.0,0.0
7.507003e-05,1.0,0.0
0.0012054743,1.0,0.0
2.0573023e-07,0.0,0.0
1.764813e-07,0.0,0.0
4.22762e-06,0.0,0.0
0.00012791192,0.0,0.0
2.1211533e-09,0.0,0.0
1.0229772e-06,0.0,0.0
4.8931503e-05,0.0,0.0
1.0521431e-05,0.0,0.0
0.00016485389,0.0,0.0
3.9988117e-05,0.0,0.0
0.0012460534,0.0,0.0
6.292404e-06,0.0,0.0
0.00018141411,0.0,0.0
9.446075e-08,0.0,0.0
0.00039229452,1.0,0.0
4.7304834e-06,1.0,0.0
2.568356e-07,0.0,0.0
8.4166815e-05,1.0,0.0
2.4921982e-07,1.0,0.0
6.552485e-08,1.0,0.0
0.0018126622,1.0,0.0
0.00053998973,1.0,0.0
0.00015695527,0.0,1.0
9.95198e-05,1.0,0.0
0.00016969415,1.0,0.0
6.3247e-06,0.0,0.0
9.129276e-05,0.0,0.0
7.9077245e-06,0.0,0.0
2.667048e-06,0.0,0.0
1.8834924e-05,0.0,0.0
3.5482783e-05,0.0,0.0
2.1897538e-06,0.0,0.0
7.3502674e-06,0.0,0.0
4.4524354e-06,0.0,0.0
2.7266882e-05,0.0,0.0
5.10507e-06,0.0,0.0
3.150014e-05,0.0,0.0
0.0003911632,0.0,0.0
0.0001938999,0.0,0.0
8.017771e-05,0.0,1.0
0.0004643883,0.0,0.0
0.00019973998,0.0,0.0
0.013036511,0.0,0.0
1.640966e-05,0.0,0.0
0.0008638041,0.0,0.0
0.0396484,0.0,0.0
0.000335989,0.0,0.0
0.0088489605,0.0,0.0
1.2880184e-08,0.0,0.0
0.033408053,0.0,0.0
0.00023791185,1.0,0.0
0.00034874736,1.0,0.0
4.6273836e-08,0.0,0.0
1.8074446e-06,0.0,0.0
0.00037051638,0.0,0.0
2.24466e-06,0.0,0.0
1.9271132e-05,0.0,0.0
0.0008246581,0.0,0.0
6.814326e-05,0.0,1.0
0.00049931085,0.0,0.0
2.1495625e-08,0.0,0.0
0.00054236327,0.0,0.0
0.00023888901,0.0,0.0
0.0013783396,0.0,0.0
0.022464601,0.0,0.0
1.965765e-09,0.0,0.0
1.5870539e-05,0.0,0.0
0.00016635937,0.0,0.0
1.3314155e-09,0.0,0.0
1.010266e-05,0.0,0.0
4.798398e-05,0.0,0.0
0.0008854066,1.0,0.0
1.033094e-06,1.0,0.0
1.4294469e-09,1.0,0.0
5.20341e-06,1.0,0.0
3.0659196e-06,0.0,0.0
1.5713587e-07,1.0,0.0
3.0055303e-06,1.0,0.0
3.5243207e-05,0.0,0.0
0.00010410497,0.0,0.0
3.2228877e-09,0.0,0.0
2.3930284e-09,0.0,0.0
6.0085342e-05,0.0,0.0
0.001234628,0.0,0.0
5.3759095e-06,0.0,0.0
4.4664102e-06,0.0,0.0
0.00042339528,0.0,0.0
6.4696704e-10,0.0,0.0
1.0612408e-05,0.0,0.0
9.5309435e-05,0.0,0.0
0.0036968146,0.0,0.0
9.217042e-06,0.0,0.0
0.002392705,0.0,0.0
0.00038011314,0.0,0.0
3.457647e-05,0.0,0.0
1.4398053e-05,0.0,0.0
0.0002759079,0.0,0.0
0.018340565,0.0,0.0
0.002644822,0.0,0.0
0.00010585751,0.0,0.0
0.0005093713,0.0,0.0
6.28133e-06,0.0,0.0
0.00033640218,0.0,0.0
5.174618e-05,0.0,0.0
1.9297781e-09,0.0,0.0
0.00036911535,0.0,0.0
5.442948e-06,0.0,0.0
1.1365957e-09,0.0,0.0
0.00012762463,0.0,0.0
4.455247e-06,0.0,1.0
3.804334e-05,0.0,0.0
8.676516e-05,1.0,0.0
3.321413e-05,1.0,0.0
0.0012796712,1.0,0.0
2.2209002e-05,0.0,0.0
2.2367067e-06,1.0,0.0
0.00016399284,1.0,0.0
5.3487956e-06,1.0,0.0
0.00010838245,1.0,0.0
8.8743565e-07,1.0,0.0
5.927549e-09,1.0,0.0
1.8103798e-05,1.0,0.0
0.0008417431,0.0,0.0
3.2513886e-05,1.0,0.0
0.0001758495,0.0,0.0
2.5564319e-05,0.0,0.0
6.398845e-05,0.0,0.0
3.153281e-05,0.0,0.0
3.221057e-06,0.0,0.0
4.487404e-05,0.0,0.0
8.319045e-06,0.0,0.0
0.0017300664,0.0,0.0
1.8089071e-06,0.0,0.0
0.005354578,0.0,0.0
3.45175e-05,0.0,0.0
5.0912357e-05,0.0,0.0
2.5230544e-05,0.0,0.0
0.00011179392,0.0,0.0
1.8791266e-09,0.0,0.0
2.4448789e-06,0.0,0.0
0.0022375677,0.0,0.0
0.0022434518,0.0,0.0
7.050226e-07,0.0,0.0
3.5685913e-05,0.0,0.0
0.0003240488,1.0,0.0
0.0038846075,0.0,0.0
6.4145658e-09,0.0,0.0
0.0028724421,0.0,0.0
6.3697107e-06,1.0,0.0
1.7129449e-05,0.0,0.0
1.2100845e-07,1.0,0.0
7.510662e-05,1.0,0.0
3.2417813e-06,1.0,0.0
0.0032191179,1.0,0.0
1.5575773e-09,0.0,0.0
0.002216299,0.0,0.0
0.00032846868,1.0,0.0
1.5862694e-09,0.0,0.0
0.00048328444,1.0,0.0
0.00021654241,1.0,0.0
0.00026609222,0.0,1.0
2.7910206e-05,0.0,0.0
1.1334268e-06,0.0,0.0
3.3235763e-09,0.0,0.0
0.018644977,0.0,0.0
0.0009909587,0.0,0.0
1.7076163e-05,0.0,0.0
0.0038910445,0.0,0.0
0.00034304988,0.0,0.0
0.0010385168,0.0,0.0
0.0010309166,0.0,0.0
0.002375095,0.0,0.0
0.0005190312,0.0,0.0
0.00062807964,0.0,0.0
9.5768955e-05,0.0,1.0
0.00054108095,0.0,0.0
0.00012882212,0.0,0.0
0.00087225955,1.0,0.0
4.888023e-07,1.0,1.0
5.5985787e-05,1.0,0.0
0.0024041221,0.0,0.0
0.0003130438,0.0,0.0
0.00011700322,1.0,0.0
0.0022078583,1.0,0.0
1.5390356e-08,0.0,0.0
0.00015163157,1.0,0.0
3.9104775e-06,1.0,0.0
5.9707777e-06,0.0,0.0
0.0001833066,0.0,0.0
0.0017546352,1.0,0.0
0.00025757923,0.0,0.0
0.0005606287,0.0,0.0
9.1490074e-05,0.0,0.0
0.0002153675,0.0,0.0
1.1643463e-05,0.0,0.0
0.0029894104,0.0,0.0
9.498045e-05,0.0,0.0
5.8623955e-05,0.0,0.0
1.517537e-06,0.0,0.0
0.01822898,0.0,0.0
0.00025656648,0.0,0.0
0.00033943343,0.0,0.0
0.00028609697,0.0,0.0
0.00012295505,0.0,0.0
0.00058420846,0.0,0.0
0.0001294232,0.0,0.0
3.756528e-09,0.0,0.0
0.00020940535,0.0,0.0
2.3523539e-09,0.0,0.0
2.302328e-06,0.0,0.0
4.5188553e-05,0.0,0.0
0.00012320177,0.0,0.0
0.0015617723,0.0,1.0
0.0003013544,0.0,0.0
9.976026e-05,0.0,0.0
3.3553628e-05,0.0,0.0
8.619294e-05,0.0,1.0
0.00016285546,0.0,0.0
0.00013586288,0.0,0.0
0.0007078652,0.0,0.0
0.00018097131,0.0,0.0
1.1423095e-09,0.0,0.0
4.2123397e-06,0.0,0.0
0.00028443252,0.0,0.0
1.910281e-05,0.0,0.0
0.0014109195,0.0,0.0
0.00015351408,0.0,1.0
0.00027320333,0.0,1.0
3.2026615e-05,0.0,0.0
0.00053260964,0.0,0.0
0.0008650676,0.0,0.0
0.0009299151,0.0,0.0
0.0039701993,0.0,0.0
7.58272e-06,0.0,0.0
0.0033081353,0.0,0.0
0.00014874215,0.0,0.0
3.8459333e-05,0.0,0.0
0.0002224081,0.0,0.0
0.006165444,0.0,0.0
0.00053217425,0.0,0.0
0.0033531664,0.0,0.0
9.4246316e-05,0.0,1.0
0.00055523275,0.0,0.0
0.0018685635,0.0,0.0
7.757586e-07,0.0,0.0
0.0002720223,0.0,0.0
0.00040559372,0.0,0.0
0.0035506075,0.0,0.0
9.840269e-07,0.0,0.0
0.001385121,0.0,0.0
8.217305e-05,0.0,0.0
6.3599748e-09,0.0,0.0
8.3770625e-05,1.0,0.0
0.011340759,0.0,0.0
0.00010749205,0.0,0.0
0.0001500646,0.0,0.0
0.0016857906,1.0,0.0
2.3541928e-05,0.0,0.0
0.0004485118,1.0,1.0
0.00037244306,0.0,1.0
0.0003018435,0.0,0.0
0.0006566866,0.0,0.0
2.234096e-05,0.0,0.0
0.0034347367,0.0,1.0
0.013731905,0.0,1.0
4.80803e-08,0.0,0.0
0.00022226563,0.0,0.0
0.008997666,0.0,0.0
3.286932e-05,0.0,0.0
0.0011814681,0.0,0.0
8.6804575e-06,0.0,0.0
0.0038500892,0.0,0.0
3.2941905e-05,0.0,0.0
0.0029219408,0.0,0.0
7.5286676e-05,0.0,1.0
5.314274e-05,0.0,1.0
2.822358e-05,0.0,1.0
0.006194936,0.0,1.0
0.000322058,0.0,0.0
0.0012254117,0.0,0.0
2.7823358e-05,0.0,0.0
0.0010223833,0.0,1.0
7.486122e-05,0.0,0.0
8.5074214e-05,0.0,1.0
0.0006877099,0.0,0.0
0.00014697711,0.0,0.0
0.0001804172,0.0,0.0
0.00041177624,1.0,0.0
0.0017345927,1.0,0.0
0.0004806167,1.0,0.0
0.0005017149,1.0,0.0
0.0015575724,1.0,0.0
0.0010174362,1.0,0.0
8.600423e-06,1.0,0.0
3.6999616e-05,1.0,0.0
5.559273e-06,0.0,0.0
1.5384667e-06,0.0,0.0
1.9056349e-06,0.0,0.0
3.7001533e-07,0.0,1.0
1.4759265e-05,0.0,0.0
0.00024365622,0.0,0.0
1.1928878e-05,0.0,0.0
0.0001934768,0.0,0.0
0.004401713,0.0,0.0
1.5103359e-05,0.0,0.0
2.318425e-05,0.0,0.0
4.499076e-05,0.0,0.0
1.7873621e-06,0.0,0.0
0.0001642802,0.0,0.0
2.5954312e-05,0.0,0.0
8.472398e-05,0.0,0.0
2.3827994e-05,0.0,0.0
1.6402213e-05,0.0,0.0
3.153783e-09,0.0,0.0
1.548699e-05,0.0,0.0
0.00080748135,1.0,0.0
6.434212e-05,0.0,0.0
5.5743345e-05,0.0,0.0
5.2726034e-05,0.0,0.0
1.1280823e-05,0.0,1.0
1.6198885e-05,0.0,0.0
4.8795787e-06,0.0,0.0
2.201261e-05,0.0,0.0
0.004197073,0.0,0.0
0.0010906018,0.0,0.0
0.00051902555,0.0,0.0
1.2630051e-05,0.0,0.0
8.0519596e-05,0.0,0.0
0.00017167938,0.0,0.0
0.0008273192,0.0,0.0
0.0008783717,0.0,0.0
8.025882e-07,0.0,0.0
0.0002019372,0.0,0.0
2.2398574e-06,0.0,0.0
2.053779e-05,0.0,0.0
0.00014309426,0.0,0.0
6.880882e-06,0.0,0.0
9.739939e-07,0.0,0.0
1.4568815e-09,0.0,0.0
5.2998676e-06,0.0,1.0
3.988871e-05,0.0,1.0
1.9171835e-09,0.0,0.0
2.543925e-07,0.0,0.0
0.00022745396,0.0,0.0
1.5297689e-09,0.0,0.0
6.3433436e-07,0.0,0.0
5.5154665e-05,0.0,0.0
2.976687e-05,0.0,0.0
9.369667e-09,0.0,0.0
2.1535747e-09,0.0,0.0
1.1845214e-06,0.0,0.0
1.9350537e-06,0.0,0.0
6.069497e-05,0.0,0.0
0.0069820182,0.0,0.0
0.0010919627,0.0,0.0
1.1238797e-06,0.0,0.0
4.249239e-05,0.0,0.0
1.0928746e-06,0.0,0.0
7.089057e-05,0.0,0.0
0.0048318375,0.0,0.0
0.0017638634,0.0,0.0
0.0009727385,0.0,0.0
5.156431e-09,1.0,1.0
7.4012646e-06,1.0,0.0
2.9648276e-05,1.0,0.0
0.0001258561,1.0,0.0
1.1856316e-05,1.0,0.0
5.668001e-05,0.0,0.0
5.912476e-05,1.0,0.0
1.3033562e-06,1.0,0.0
0.00068345905,0.0,0.0
6.9944166e-05,0.0,0.0
4.470659e-06,1.0,0.0
5.73171e-05,0.0,0.0
1.1732468e-07,1.0,0.0
1.9996583e-05,0.0,0.0
1.6977665e-05,0.0,0.0
6.515186e-08,1.0,0.0
0.005489868,1.0,0.0
7.913495e-05,1.0,0.0
0.000121768324,1.0,0.0
3.0346541e-06,0.0,0.0
1.632688e-06,0.0,0.0
6.633513e-06,0.0,0.0
0.00056382205,0.0,0.0
0.0013041676,0.0,0.0
7.239067e-06,1.0,0.0
4.6775217e-06,0.0,0.0
0.0044203294,1.0,0.0
0.00032314216,1.0,0.0
1.5253907e-08,1.0,0.0
2.5848558e-07,0.0,0.0
4.4404507e-05,0.0,0.0
2.5604018e-08,0.0,0.0
2.0155866e-08,0.0,0.0
1.1552439e-06,0.0,1.0
2.5989726e-07,0.0,1.0
2.7580882e-06,0.0,0.0
4.91268e-05,0.0,0.0
6.067696e-06,0.0,0.0
1.4573968e-05,0.0,0.0
1.1550916e-05,0.0,0.0
3.2523228e-06,0.0,0.0
8.746379e-05,0.0,0.0
0.0011219681,0.0,0.0
6.7318635e-09,0.0,0.0
2.8689954e-05,0.0,0.0
2.7265763e-05,0.0,0.0
1.8555766e-06,0.0,0.0
1.4104927e-06,0.0,1.0
3.0273639e-05,0.0,0.0
0.0016803313,0.0,0.0
0.00023704919,0.0,0.0
0.0005510942,0.0,0.0
1.4695225e-06,0.0,0.0
1.3931343e-05,0.0,0.0
0.00026208034,0.0,0.0
1.2731829e-05,0.0,0.0
5.9503855e-09,0.0,0.0
9.099549e-08,0.0,0.0
3.0930557e-06,0.0,0.0
5.141024e-06,0.0,0.0
2.13185e-08,0.0,0.0
7.606657e-08,0.0,0.0
1.8125807e-05,0.0,0.0
2.3992322e-07,0.0,0.0
0.0003794486,0.0,0.0
0.00017835562,0.0,0.0
0.00068443484,0.0,1.0
0.0010896506,0.0,0.0
0.00013221356,0.0,0.0
0.000494229,0.0,0.0
9.465622e-09,0.0,1.0
8.0411915e-08,0.0,0.0
1.4405785e-09,0.0,0.0
2.8387045e-05,0.0,0.0
1.2753532e-05,0.0,1.0
7.4305273e-10,0.0,0.0
3.697796e-08,0.0,0.0
4.032009e-06,0.0,0.0
4.7018588e-08,0.0,0.0
1.3116629e-07,0.0,0.0
0.00017220927,0.0,0.0
3.1593802e-06,0.0,0.0
1.0961628e-08,0.0,0.0
0.0012001633,0.0,0.0
1.4732564e-09,0.0,0.0
6.4209785e-06,0.0,0.0
1.0651872e-07,0.0,0.0
3.188751e-06,0.0,0.0
0.00014560008,0.0,0.0
0.0015957822,0.0,0.0
0.00032194075,0.0,0.0
0.00011509821,0.0,0.0
3.729313e-06,0.0,0.0
0.0005243846,0.0,0.0
2.7186e-05,0.0,0.0
1.1182433e-06,0.0,0.0
0.007808278,0.0,0.0
1.5343772e-05,0.0,0.0
0.029112305,0.0,0.0
3.4537146e-07,0.0,0.0
0.0004393476,0.0,0.0
2.5959065e-05,0.0,0.0
2.326336e-05,0.0,0.0
8.27581e-06,0.0,0.0
8.088067e-05,0.0,0.0
6.315469e-08,0.0,0.0
2.659175e-07,0.0,0.0
7.448154e-05,0.0,1.0
2.795184e-07,0.0,0.0
3.506386e-05,0.0,0.0
2.5414954e-07,0.0,0.0
1.2570085e-08,0.0,0.0
8.332082e-05,0.0,0.0
2.7947065e-06,0.0,0.0
0.0003487658,0.0,0.0
2.5614279e-08,0.0,0.0
5.2969805e-05,0.0,0.0
0.00017628363,0.0,0.0
7.532582e-05,0.0,1.0
2.8672779e-05,0.0,0.0
3.582476e-05,0.0,1.0
1.8304747e-05,0.0,1.0
0.0042640897,0.0,0.0
0.0008088063,0.0,0.0
0.004635406,0.0,0.0
1.6486709e-05,0.0,0.0
1.142316e-09,0.0,0.0
3.4439042e-06,0.0,0.0
5.710221e-07,0.0,0.0
8.871635e-08,0.0,0.0
1.1851462e-06,0.0,0.0
1.5332157e-07,0.0,1.0
7.638231e-09,1.0,1.0
1.0139347e-06,0.0,0.0
2.8303316e-07,1.0,0.0
9.89442e-08,1.0,0.0
1.8193678e-09,0.0,0.0
5.026739e-05,0.0,0.0
1.0885176e-05,0.0,0.0
6.395242e-08,0.0,0.0
4.1551342e-08,0.0,0.0
9.640333e-06,0.0,0.0
1.5670578e-06,0.0,0.0
2.121585e-06,0.0,0.0
4.8218834e-10,0.0,0.0
1.4299993e-05,0.0,0.0
0.0027246354,0.0,0.0
9.960404e-09,0.0,0.0
0.003327657,0.0,0.0
0.0047051357,0.0,0.0
0.09198249,0.0,0.0
0.00066027,0.0,0.0
0.0014769813,0.0,0.0
2.6037004e-08,0.0,0.0
0.010129221,0.0,0.0
0.0024844997,0.0,0.0
3.3755932e-06,0.0,1.0
0.0013311342,0.0,0.0
0.006812508,0.0,0.0
0.02469254,0.0,0.0
0.05635243,0.0,0.0
0.014109799,0.0,0.0
0.0001943054,0.0,0.0
4.0281062e-05,0.0,0.0
3.0464262e-05,0.0,0.0
0.0008467258,0.0,0.0
1.1477028e-05,0.0,0.0
2.1052486e-07,0.0,0.0
2.540386e-06,0.0,0.0
5.651187e-10,0.0,0.0
1.7923771e-06,0.0,0.0
1.902298e-07,0.0,0.0
9.9175836e-08,0.0,1.0
6.710304e-08,0.0,0.0
4.893349e-06,0.0,1.0
3.8087205e-08,0.0,0.0
0.00014216293,0.0,0.0
1.6669188e-07,0.0,0.0
6.384589e-07,0.0,0.0
7.8393436e-10,0.0,0.0
6.9398775e-06,0.0,0.0
5.8838073e-10,0.0,0.0
0.0005798333,0.0,0.0
1.211789e-07,0.0,0.0
7.9481855e-05,0.0,0.0
0.00044628643,0.0,0.0
5.54294e-07,1.0,0.0
2.1423935e-05,0.0,0.0
1.767373e-07,1.0,0.0
1.3161826e-09,0.0,0.0
4.0860874e-07,1.0,0.0
3.8230114e-06,0.0,1.0
3.3866404e-06,0.0,0.0
1.4984739e-05,0.0,0.0
2.661269e-05,0.0,0.0
9.186234e-07,0.0,0.0
2.7163176e-06,0.0,0.0
1.077441e-05,0.0,0.0
6.493633e-05,0.0,0.0
1.7045575e-05,0.0,0.0
8.0803943e-07,0.0,1.0
3.5641935e-07,0.0,0.0
9.3067666e-07,0.0,0.0
1.2520404e-05,0.0,0.0
0.0011041721,0.0,0.0
1.2808188e-07,0.0,0.0
0.017755017,0.0,0.0
1.8682545e-06,0.0,0.0
4.681949e-06,0.0,0.0
9.434354e-08,0.0,0.0
6.7468475e-10,0.0,1.0
3.7146495e-07,0.0,1.0
3.95013e-08,0.0,1.0
2.545798e-08,0.0,1.0
9.496794e-10,0.0,0.0
1.4747559e-05,0.0,0.0
7.2069774e-08,0.0,1.0
1.9064684e-05,0.0,1.0
2.6016762e-06,0.0,1.0
7.979335e-06,0.0,1.0
1.6892327e-05,0.0,0.0
1.2442688e-05,0.0,0.0
1.3428294e-07,0.0,0.0
9.918668e-06,0.0,0.0
2.8939237e-06,1.0,0.0
1.5647474e-06,1.0,1.0
4.7584705e-09,1.0,0.0
1.9638942e-06,1.0,0.0
6.516447e-10,0.0,0.0
6.2787217e-07,0.0,0.0
6.635391e-08,0.0,0.0
3.7749822e-07,0.0,1.0
8.140911e-09,0.0,1.0
1.6575594e-05,0.0,0.0
6.511061e-08,0.0,0.0
4.145219e-06,0.0,0.0
4.2257866e-06,0.0,1.0
0.0078666415,0.0,0.0
6.201654e-06,0.0,0.0
5.5835285e-06,0.0,0.0
0.002290819,0.0,0.0
0.04931856,0.0,0.0
1.2950108e-05,0.0,0.0
6.3292555e-06,0.0,0.0
0.0002219634,0.0,0.0
1.41126435e-08,0.0,0.0
6.827205e-05,0.0,0.0
0.00053335645,0.0,0.0
0.0006239073,0.0,0.0
0.00015974534,0.0,0.0
0.004197332,0.0,0.0
0.00026834029,0.0,0.0
0.0011680095,0.0,0.0
1.1917265e-06,0.0,0.0
0.003037724,0.0,0.0
1.1004104e-09,0.0,0.0
7.534905e-08,0.0,0.0
2.4151734e-05,0.0,0.0
8.881179e-09,0.0,0.0
3.2756535e-08,1.0,0.0
1.019825e-05,1.0,0.0
2.0712068e-09,1.0,1.0
5.3479293e-05,1.0,1.0
4.305109e-07,0.0,0.0
1.9537774e-07,1.0,0.0
7.945629e-08,0.0,0.0
1.0889389e-06,0.0,0.0
6.808424e-09,0.0,0.0
1.1196603e-05,0.0,1.0
7.157899e-10,0.0,0.0
5.6794984e-06,0.0,1.0
3.488377e-09,0.0,1.0
1.4500864e-05,0.0,0.0
7.3538257e-07,0.0,1.0
6.0132993e-07,0.0,1.0
4.268599e-06,0.0,0.0
7.862526e-05,0.0,0.0
7.949876e-05,0.0,0.0
7.883613e-07,0.0,0.0
3.6315264e-09,0.0,0.0
0.00011183977,0.0,0.0
1.5925962e-06,0.0,0.0
1.1883967e-06,0.0,0.0
7.642951e-06,0.0,0.0
0.0013628873,0.0,0.0
0.004385267,0.0,0.0
1.4923901e-05,0.0,0.0
0.0002572364,0.0,0.0
0.0024936777,0.0,0.0
0.00065742334,0.0,0.0
0.003418216,0.0,0.0
2.8727354e-05,0.0,0.0
0.0021600667,0.0,0.0
1.1202029e-06,0.0,0.0
2.995092e-06,0.0,0.0
0.00045148618,0.0,0.0
3.133913e-07,0.0,0.0
1.0388098e-09,0.0,0.0
1.6199745e-07,0.0,0.0
2.888509e-05,0.0,0.0
2.2085486e-07,0.0,0.0
6.743284e-10,0.0,0.0
1.3364598e-06,0.0,0.0
8.385053e-09,0.0,0.0
8.0258513e-07,0.0,0.0
1.970466e-06,0.0,0.0
2.4522906e-06,0.0,0.0
1.01478115e-08,0.0,0.0
4.0426022e-07,1.0,0.0
1.7350627e-06,1.0,0.0
1.7304572e-07,1.0,0.0
2.587234e-09,1.0,0.0
3.7983907e-07,0.0,0.0
1.6765722e-06,0.0,0.0
4.8471037e-07,0.0,1.0
3.8830157e-07,0.0,1.0
1.0414734e-05,0.0,0.0
4.8009337e-05,0.0,0.0
8.505882e-07,0.0,0.0
1.5718383e-07,0.0,0.0
5.6730776e-10,0.0,0.0
3.4675664e-05,0.0,0.0
3.4797714e-09,0.0,0.0
3.434681e-06,0.0,0.0
0.00010141782,0.0,0.0
1.7397351e-05,0.0,0.0
1.878966e-05,0.0,0.0
1.0467381e-06,0.0,1.0
5.4659974e-09,0.0,0.0
0.0011699153,0.0,0.0
9.318688e-10,0.0,0.0
0.0011999906,0.0,0.0
1.7845464e-08,0.0,0.0
2.5677534e-07,1.0,0.0
5.198963e-07,0.0,0.0
7.85948e-06,0.0,1.0
1.1181301e-06,0.0,0.0
0.0005217071,1.0,1.0
5.4191582e-06,1.0,1.0
5.580903e-07,1.0,1.0
1.2753694e-09,0.0,1.0
1.6314648e-06,0.0,0.0
1.5185562e-09,1.0,0.0
2.619417e-06,0.0,0.0
2.2807766e-08,0.0,0.0
5.777322e-07,0.0,0.0
3.1192776e-05,0.0,0.0
5.4553057e-06,0.0,0.0
4.6493508e-08,0.0,0.0
2.4865435e-06,0.0,0.0
2.3369591e-06,0.0,0.0
4.2646807e-06,0.0,0.0
8.365474e-06,0.0,0.0
8.8386463e-07,0.0,0.0
0.00037764886,0.0,0.0
7.814808e-08,0.0,0.0
0.00027344702,0.0,0.0
1.23562645e-08,0.0,0.0
0.0153652765,0.0,0.0
0.004131152,0.0,0.0
8.97323e-06,0.0,0.0
0.0006010108,0.0,0.0
0.002032362,0.0,0.0
4.543295e-08,0.0,0.0
0.019332882,0.0,0.0
2.1202259e-06,0.0,0.0
8.103081e-09,0.0,0.0
4.2344098e-05,0.0,0.0
0.00835261,0.0,0.0
0.0023472302,0.0,0.0
4.827295e-06,0.0,0.0
4.420112e-05,0.0,0.0
8.7984296e-07,0.0,0.0
1.640714e-05,0.0,0.0
1.3834099e-05,0.0,0.0
6.4752835e-06,0.0,0.0
2.1660597e-05,0.0,0.0
8.425635e-06,0.0,0.0
3.0308886e-08,0.0,1.0
1.4085048e-06,0.0,1.0
2.4720237e-06,0.0,1.0
5.9758655e-08,0.0,1.0
6.803818e-07,0.0,0.0
5.1687703e-06,0.0,0.0
2.3051285e-07,0.0,0.0
6.1060014e-06,0.0,0.0
2.2270571e-05,0.0,0.0
1.4961145e-06,0.0,0.0
3.1509868e-09,0.0,0.0
5.0008435e-05,0.0,0.0
4.656718e-06,0.0,0.0
1.2055945e-09,0.0,0.0
1.3717755e-07,0.0,0.0
3.8779606e-07,0.0,0.0
3.8122005e-05,0.0,0.0
2.9657687e-07,0.0,0.0
3.622668e-05,0.0,0.0
3.113115e-07,0.0,0.0
1.2003729e-05,1.0,0.0
3.1541208e-06,0.0,0.0
6.8087878e-09,0.0,0.0
2.625928e-09,0.0,0.0
9.822918e-10,0.0,0.0
2.640538e-09,0.0,0.0
8.2723256e-10,0.0,0.0
2.1169608e-06,0.0,0.0
9.861645e-10,0.0,0.0
2.1339314e-05,0.0,0.0
0.00017990924,0.0,0.0
5.4283864e-06,0.0,1.0
7.235335e-07,0.0,1.0
1.8622048e-05,0.0,0.0
0.001623113,0.0,0.0
0.0008234739,0.0,0.0
3.4493176e-05,0.0,0.0
2.6945468e-06,0.0,1.0
0.0035469667,0.0,0.0
2.049203e-05,0.0,0.0
1.8591278e-06,0.0,0.0
1.240409e-06,0.0,0.0
1.6360988e-09,0.0,0.0
6.700762e-07,0.0,0.0
4.0746503e-08,0.0,0.0
7.472276e-08,0.0,0.0
9.9957106e-08,1.0,0.0
1.1339518e-07,0.0,0.0
1.668471e-07,0.0,0.0
4.2655724e-08,1.0,0.0
1.2352983e-07,0.0,0.0
3.9372117e-07,0.0,1.0
1.3057e-06,0.0,0.0
1.0574429e-06,0.0,0.0
2.2576207e-06,0.0,0.0
6.1003226e-07,0.0,0.0
4.2161807e-09,0.0,0.0
7.087466e-08,0.0,0.0
1.7478421e-06,0.0,0.0
3.8265935e-06,0.0,0.0
3.5046394e-06,0.0,1.0
1.6273843e-05,0.0,1.0
1.6164648e-08,0.0,0.0
2.037629e-06,0.0,0.0
0.0001602297,0.0,0.0
0.0216508,0.0,0.0
2.3237449e-06,0.0,0.0
9.5639e-05,0.0,0.0
4.3826376e-06,0.0,0.0
1.4360342e-05,0.0,0.0
0.00034292886,0.0,0.0
1.5129158e-06,0.0,0.0
4.5723482e-07,0.0,0.0
7.2330735e-08,0.0,0.0
4.229754e-06,0.0,0.0
2.3570697e-09,0.0,0.0
1.3650846e-05,0.0,0.0
2.1626017e-09,0.0,0.0
1.6527434e-05,0.0,0.0
4.2217693e-05,0.0,0.0
4.697786e-06,0.0,0.0
0.0040401607,0.0,1.0
3.7605226e-08,0.0,0.0
0.00059352454,0.0,0.0
1.9211639e-07,0.0,0.0
9.3073566e-10,0.0,0.0
1.2786335e-06,0.0,0.0
1.3089024e-07,0.0,0.0
1.6369756e-07,0.0,0.0
4.40679e-07,0.0,1.0
1.23969585e-05,0.0,0.0
8.8778273e-07,0.0,0.0
5.272704e-05,0.0,1.0
2.5167486e-07,0.0,0.0
1.2446117e-09,0.0,0.0
4.3679486e-07,0.0,0.0
7.547771e-10,0.0,0.0
2.1392658e-05,0.0,0.0
6.8736413e-06,1.0,1.0
3.2190733e-06,1.0,1.0
6.4319856e-06,1.0,0.0
5.3144623e-07,1.0,0.0
0.00014167224,0.0,0.0
4.788116e-07,1.0,0.0
1.1937991e-06,0.0,1.0
1.4445228e-05,0.0,1.0
4.7773383e-06,0.0,0.0
1.6929379e-06,0.0,0.0
1.372376e-05,0.0,0.0
0.00029283352,0.0,0.0
4.371961e-05,0.0,0.0
8.913172e-08,0.0,0.0
0.00093083555,0.0,0.0
1.1938442e-09,0.0,0.0
0.00050935015,0.0,0.0
1.0690498e-08,0.0,0.0
1.2441964e-05,0.0,0.0
1.7286626e-06,0.0,0.0
0.0018322625,0.0,0.0
2.3154025e-09,0.0,0.0
1.4588341e-08,0.0,0.0
1.7900824e-05,0.0,0.0
0.004411508,0.0,0.0
2.4866575e-09,0.0,0.0
1.4920484e-05,0.0,0.0
3.6966933e-06,0.0,0.0
1.585405e-08,0.0,0.0
0.00016021657,0.0,0.0
0.00020862711,0.0,0.0
5.2564432e-05,0.0,0.0
0.0005409106,0.0,0.0
0.001374377,0.0,0.0
3.6547794e-05,0.0,0.0
2.4129303e-08,0.0,0.0
1.1285749e-09,0.0,0.0
1.535815e-05,0.0,0.0
3.6329122e-05,0.0,0.0
1.5363773e-06,0.0,0.0
8.841751e-08,0.0,0.0
8.2989436e-07,1.0,0.0
7.70429e-10,1.0,0.0
1.3829733e-05,0.0,0.0
8.33559e-07,0.0,0.0
1.8657492e-08,0.0,0.0
1.4267693e-09,0.0,0.0
7.4634045e-06,0.0,0.0
8.159254e-06,0.0,0.0
1.8791854e-07,0.0,0.0
1.7221548e-07,0.0,0.0
0.00035655414,0.0,0.0
2.9006906e-06,0.0,0.0
5.195355e-07,0.0,0.0
0.0006618797,0.0,0.0
9.322119e-05,0.0,0.0
0.00010935477,0.0,0.0
4.1592084e-06,0.0,0.0
5.1372892e-05,0.0,1.0
8.175326e-05,0.0,1.0
0.0003195568,0.0,0.0
0.00016452679,0.0,1.0
5.39086e-06,0.0,1.0
0.00011144045,0.0,0.0
2.1060505e-06,0.0,0.0
0.0026720706,0.0,0.0
9.838156e-05,0.0,0.0
0.003173627,0.0,0.0
0.00015450607,0.0,0.0
3.606835e-05,0.0,0.0
6.472614e-07,0.0,0.0
1.649566e-07,0.0,1.0
7.8081393e-07,0.0,0.0
3.390927e-08,1.0,0.0
1.2733163e-05,0.0,0.0
4.284339e-07,0.0,0.0
2.2925803e-06,0.0,0.0
2.0164218e-07,0.0,0.0
5.157936e-05,0.0,0.0
3.0239258e-07,0.0,0.0
6.6700384e-10,0.0,0.0
6.4211315e-05,0.0,0.0
1.2674499e-08,0.0,0.0
2.9216891e-09,1.0,0.0
3.0241372e-09,0.0,0.0
3.701579e-06,0.0,0.0
2.2496525e-07,0.0,0.0
1.7880287e-06,0.0,0.0
2.5140866e-06,0.0,0.0
1.633766e-06,0.0,0.0
1.2833755e-07,0.0,0.0
0.00016870277,0.0,1.0
1.233582e-05,0.0,1.0
4.0030153e-09,0.0,1.0
1.6065886e-05,0.0,0.0
0.0016401799,0.0,0.0
1.3850013e-06,0.0,0.0
7.8913175e-08,0.0,1.0
1.5015896e-05,0.0,0.0
4.5047174e-05,0.0,0.0
8.135248e-08,0.0,0.0
2.677701e-07,0.0,0.0
2.5168981e-06,0.0,0.0
2.962643e-05,0.0,0.0
4.9639973e-05,0.0,0.0
1.552304e-07,0.0,0.0
5.7207575e-07,0.0,0.0
3.3653807e-05,0.0,0.0
1.406788e-05,0.0,0.0
2.0122498e-05,0.0,0.0
1.0203602e-06,0.0,0.0
0.0002576819,1.0,0.0
1.0432267e-07,0.0,0.0
4.5364544e-05,0.0,0.0
4.444638e-06,0.0,0.0
6.2187183e-07,1.0,0.0
4.294306e-06,0.0,0.0
6.489413e-07,0.0,0.0
0.00019584887,0.0,0.0
5.1210797e-08,0.0,0.0
1.0684628e-08,0.0,0.0
8.26535e-06,0.0,0.0
7.884322e-08,0.0,0.0
1.2564641e-06,0.0,0.0
6.314906e-06,0.0,0.0
4.2828523e-07,1.0,0.0
7.6829735e-07,1.0,0.0
7.4800206e-05,0.0,0.0
1.7660872e-05,0.0,0.0
1.8801156e-06,1.0,0.0
4.8075955e-05,1.0,0.0
8.289237e-06,0.0,0.0
5.4404442e-08,1.0,0.0
5.9459182e-08,1.0,0.0
7.6186035e-09,1.0,0.0
7.667574e-08,0.0,0.0
8.868265e-07,1.0,0.0
4.01929e-06,1.0,0.0
7.847167e-06,0.0,0.0
4.4190784e-07,0.0,0.0
3.2632386e-07,1.0,0.0
5.3956256e-07,1.0,0.0
8.3301195e-05,0.0,0.0
3.3430756e-09,0.0,0.0
1.7960627e-06,1.0,0.0
1.8647388e-05,1.0,0.0
0.00012923675,0.0,0.0
3.040022e-06,0.0,0.0
1.7426314e-07,0.0,0.0
6.6176594e-06,0.0,0.0
1.3366264e-07,1.0,0.0
8.9878005e-10,1.0,0.0
1.0065081e-07,0.0,0.0
1.6120455e-06,0.0,0.0
2.3996058e-06,0.0,0.0
4.3859418e-05,0.0,1.0
1.0410086e-05,0.0,0.0
2.7632599e-05,1.0,0.0
1.4148375e-06,0.0,0.0
2.629643e-05,0.0,1.0
8.220231e-07,0.0,1.0
7.981877e-07,1.0,1.0
4.297434e-07,1.0,0.0
8.024635e-06,1.0,1.0
1.0396126e-09,0.0,1.0
3.1033684e-07,0.0,0.0
8.8429977e-07,0.0,0.0
2.478439e-07,0.0,0.0
1.6255848e-06,0.0,0.0
1.2316364e-07,0.0,0.0
6.8156055e-06,0.0,0.0
1.1336241e-07,0.0,0.0
0.00021306562,0.0,0.0
9.307569e-10,0.0,0.0
1.1358495e-05,0.0,0.0
0.00015750773,0.0,0.0
1.4844403e-06,0.0,1.0
2.515535e-06,0.0,0.0
1.8838024e-07,0.0,0.0
0.00014672003,0.0,0.0
0.00091273803,0.0,0.0
1.8380416e-06,0.0,0.0
3.22114e-06,0.0,0.0
8.806121e-06,0.0,0.0
2.1377447e-07,0.0,0.0
7.486178e-05,0.0,0.0
2.1630177e-07,0.0,0.0
0.00013335602,0.0,0.0
1.8872357e-05,0.0,1.0
1.0376622e-07,0.0,1.0
6.003438e-10,0.0,0.0
1.5766785e-06,1.0,0.0
4.7008875e-06,0.0,1.0
1.2058624e-07,0.0,0.0
7.47008e-07,1.0,0.0
6.4231386e-08,1.0,0.0
1.5327977e-06,1.0,0.0
2.2123982e-05,0.0,0.0
2.5602898e-08,1.0,0.0
1.652203e-06,1.0,0.0
1.1508396e-05,1.0,0.0
2.902925e-09,0.0,0.0
1.1288547e-07,1.0,0.0
1.5936415e-07,1.0,0.0
2.1721848e-06,1.0,0.0
2.3475776e-07,0.0,0.0
4.925063e-08,0.0,0.0
2.2918651e-09,1.0,0.0
3.1533266e-06,0.0,0.0
9.662819e-08,0.0,1.0
1.6172194e-06,0.0,0.0
1.4277057e-09,0.0,0.0
2.1047198e-08,0.0,0.0
1.3468147e-06,0.0,0.0
3.0009705e-06,0.0,0.0
0.00021110191,0.0,0.0
0.0063971286,0.0,0.0
2.3717605e-06,0.0,0.0
0.00078740664,0.0,0.0
2.661957e-05,0.0,0.0
9.1627764e-05,0.0,0.0
3.4873843e-05,0.0,0.0
9.079072e-06,0.0,0.0
2.2216056e-05,0.0,0.0
0.00014898786,0.0,0.0
4.6137557e-05,0.0,0.0
1.0208955e-06,0.0,0.0
2.3919561e-05,0.0,0.0
1.2604963e-09,0.0,0.0
1.6572812e-06,0.0,0.0
2.2806881e-07,0.0,0.0
2.8309873e-07,0.0,0.0
2.052407e-07,0.0,0.0
3.1491684e-08,0.0,0.0
9.38515e-10,0.0,1.0
4.7338358e-07,1.0,0.0
7.087344e-07,1.0,0.0
1.3181614e-06,0.0,0.0
8.9096625e-10,0.0,0.0
6.135147e-07,0.0,0.0
1.6650472e-07,0.0,0.0
2.910966e-08,0.0,0.0
9.57399e-08,0.0,0.0
4.340058e-05,0.0,0.0
1.5658941e-09,0.0,0.0
8.7908964e-05,0.0,0.0
4.4054028e-07,0.0,0.0
0.004045462,0.0,0.0
0.00041659453,0.0,0.0
4.2263815e-05,0.0,0.0
1.7239114e-07,0.0,1.0
3.4042085e-05,0.0,0.0
2.0174337e-05,0.0,0.0
0.002362707,0.0,0.0
0.0001714806,0.0,0.0
2.209468e-06,0.0,0.0
1.4900939e-09,0.0,0.0
0.00042112562,0.0,0.0
0.00081164116,0.0,0.0
0.00037651978,0.0,1.0
1.0634535e-05,0.0,0.0
1.0133961e-05,0.0,0.0
4.3491105e-05,0.0,0.0
7.816268e-06,0.0,0.0
8.4008045e-09,0.0,0.0
1.5416376e-06,0.0,0.0
1.6857012e-07,0.0,0.0
1.9923968e-06,0.0,0.0
6.465981e-07,0.0,0.0
8.193978e-06,0.0,0.0
1.5933907e-06,0.0,0.0
2.0176027e-07,0.0,1.0
1.47818155e-05,0.0,0.0
8.8427965e-05,0.0,0.0
3.7585405e-06,0.0,0.0
6.198635e-08,0.0,0.0
0.0009317643,0.0,0.0
1.01004525e-05,0.0,0.0
0.000165956,0.0,0.0
6.748237e-07,0.0,0.0
1.6777665e-05,0.0,0.0
3.4451625e-06,0.0,0.0
4.1636845e-09,0.0,0.0
0.0004170062,0.0,0.0
6.9038547e-10,0.0,0.0
0.00091355335,0.0,0.0
2.6877738e-06,0.0,0.0
3.31689e-05,0.0,0.0
1.9077504e-09,0.0,1.0
8.722473e-08,0.0,1.0
1.9321296e-05,0.0,0.0
6.5252675e-06,0.0,0.0
7.177617e-09,0.0,1.0
6.735116e-08,0.0,1.0
3.65457e-07,0.0,0.0
4.631575e-06,0.0,0.0
3.9404884e-09,0.0,0.0
1.4312619e-08,0.0,0.0
1.8935846e-07,0.0,0.0
3.096678e-05,0.0,0.0
1.1059637e-06,0.0,0.0
0.0024662039,0.0,0.0
6.7213527e-06,0.0,0.0
7.284861e-07,0.0,0.0
1.7295351e-05,0.0,0.0
9.714801e-05,0.0,0.0
4.3332468e-05,0.0,0.0
2.2953543e-06,0.0,0.0
0.0001417475,0.0,0.0
7.1821225e-09,0.0,0.0
8.166977e-06,0.0,0.0
6.349608e-07,0.0,0.0
0.000119445176,0.0,0.0
3.6179175e-05,0.0,0.0
1.56249e-06,0.0,1.0
1.3421831e-05,0.0,0.0
3.3674063e-05,0.0,0.0
7.194531e-06,0.0,0.0
4.5413715e-05,0.0,0.0
7.8982583e-07,0.0,0.0
6.9174064e-05,0.0,0.0
0.00011894938,0.0,0.0
0.00018509792,0.0,0.0
9.7813545e-06,0.0,0.0
1.1222943e-05,0.0,0.0
5.1000796e-05,0.0,0.0
1.0735815e-05,0.0,0.0
8.77788e-07,0.0,0.0
6.4951428e-06,0.0,0.0
8.2107574e-05,1.0,0.0
5.0307768e-05,1.0,0.0
0.00015525201,0.0,0.0
0.00028978652,1.0,0.0
7.021241e-05,0.0,1.0
7.9428886e-05,0.0,1.0
8.999296e-05,0.0,1.0
9.488937e-05,0.0,1.0
0.00011163733,0.0,0.0
0.00010261896,0.0,0.0
7.4184286e-06,0.0,1.0
0.007987666,1.0,0.0
7.407506e-06,1.0,0.0
1.8730147e-07,1.0,0.0
0.00031615497,1.0,0.0
1.3607568e-06,1.0,0.0
5.607673e-05,1.0,0.0
0.010398894,1.0,0.0
0.0032970433,0.0,0.0
0.00076739694,0.0,0.0
0.0017947791,1.0,0.0
5.077475e-05,1.0,0.0
0.000633184,0.0,0.0
4.4258228e-05,0.0,0.0
4.70571e-05,0.0,0.0
0.00015501355,0.0,0.0
8.030988e-06,0.0,0.0
0.0056593525,0.0,0.0
0.0013015002,0.0,0.0
0.00036627552,0.0,0.0
6.7325665e-05,0.0,0.0
3.937864e-06,0.0,0.0
2.1652706e-06,0.0,1.0
1.0739625e-09,0.0,1.0
1.0744223e-05,0.0,0.0
8.844669e-06,0.0,0.0
0.00011788998,0.0,0.0
7.488909e-09,0.0,0.0
0.00082771905,0.0,0.0
0.0017951551,0.0,0.0
3.7565304e-05,0.0,0.0
1.0860011e-08,0.0,0.0
0.00012149241,0.0,0.0
0.00045228653,0.0,0.0
7.131862e-06,0.0,0.0
5.04688e-06,0.0,0.0
0.0024829886,0.0,0.0
0.0010751622,0.0,0.0
0.0033869748,0.0,0.0
2.3399218e-05,0.0,0.0
0.016705502,0.0,0.0
8.0452685e-09,0.0,0.0
3.725683e-06,0.0,0.0
0.00011702821,0.0,0.0
7.3333125e-05,0.0,0.0
1.7572187e-07,0.0,0.0
3.7971843e-06,1.0,0.0
0.005160186,1.0,0.0
1.1683172e-05,0.0,0.0
1.2966449e-09,1.0,0.0
0.0013066828,1.0,0.0
0.0047505423,0.0,0.0
2.809741e-06,0.0,0.0
0.00025466504,1.0,0.0
0.0017081755,1.0,0.0
0.009651653,0.0,0.0
1.3752862e-09,0.0,0.0
0.0053199986,1.0,0.0
0.007154123,1.0,0.0
0.0024242532,0.0,0.0
0.0019604547,0.0,0.0
0.00042390678,0.0,0.0
0.00086785643,0.0,0.0
2.1754609e-08,0.0,0.0
9.748407e-06,0.0,0.0
0.00038041224,0.0,0.0
5.9777296e-05,0.0,0.0
7.102202e-07,0.0,0.0
0.0018999189,0.0,0.0
1.2383556e-09,0.0,0.0
2.645122e-06,0.0,0.0
0.0008952134,0.0,0.0
0.0004208046,1.0,0.0
6.3361163e-06,1.0,0.0
0.00033247747,1.0,0.0
0.0011866513,0.0,0.0
4.591984e-05,0.0,0.0
0.00015079988,0.0,0.0
0.0002464036,0.0,0.0
0.00028864166,0.0,0.0
1.504818e-05,0.0,0.0
0.0006568969,0.0,0.0
2.9605331e-05,0.0,0.0
2.4177828e-06,0.0,0.0
4.320918e-09,0.0,0.0
8.2446695e-06,0.0,0.0
0.00011366104,0.0,0.0
0.0028788175,0.0,0.0
0.00020889424,0.0,0.0
7.475505e-10,0.0,0.0
2.3170345e-07,0.0,0.0
0.0056083794,0.0,0.0
2.720473e-06,0.0,0.0
9.057573e-07,0.0,0.0
1.1508933e-05,0.0,0.0
5.64908e-07,0.0,0.0
9.011648e-09,0.0,0.0
1.467609e-05,0.0,0.0
1.6654301e-09,0.0,0.0
1.2586744e-06,0.0,0.0
0.0008657257,0.0,0.0
0.00015148747,0.0,0.0
9.979252e-08,0.0,0.0
1.8845208e-06,0.0,0.0
0.0002700187,0.0,0.0
0.0017961909,0.0,0.0
4.6481867e-09,0.0,0.0
9.579863e-06,0.0,0.0
0.0003720293,0.0,0.0
0.00010258344,0.0,0.0
3.9817984e-05,0.0,0.0
9.980328e-05,0.0,0.0
8.3886135e-07,0.0,0.0
0.0017656913,0.0,0.0
1.6834434e-05,0.0,0.0
0.0060864147,0.0,0.0
0.00019025434,0.0,0.0
0.00026010533,0.0,0.0
0.024992228,0.0,0.0
3.4137793e-05,0.0,0.0
1.7796605e-06,0.0,0.0
0.00029166244,0.0,0.0
1.7837185e-09,0.0,0.0
2.365201e-06,0.0,0.0
3.0013943e-08,0.0,0.0
3.2272805e-05,0.0,0.0
5.515357e-07,0.0,0.0
1.1360913e-06,0.0,0.0
2.5337553e-05,0.0,0.0
9.415535e-06,0.0,1.0
1.7338489e-05,0.0,1.0
6.193244e-05,0.0,1.0
2.6162934e-07,0.0,0.0
6.0650113e-06,0.0,0.0
0.0001147192,0.0,0.0
0.002714845,0.0,0.0
7.0151887e-06,0.0,0.0
0.0006289605,0.0,0.0
1.0581136e-08,0.0,0.0
3.3061213e-05,0.0,1.0
3.6915534e-07,0.0,0.0
1.1825107e-07,0.0,0.0
8.92736e-06,0.0,0.0
0.0022781217,0.0,0.0
0.00023298897,0.0,0.0
3.5819132e-06,0.0,0.0
4.7990572e-05,0.0,0.0
1.7069904e-06,0.0,0.0
0.008024028,0.0,0.0
0.00017389795,0.0,0.0
0.000113329006,0.0,0.0
0.00019938397,0.0,0.0
5.0263363e-05,0.0,1.0
0.0012569298,0.0,0.0
0.0023245078,0.0,0.0
0.0004557717,0.0,0.0
4.8029524e-06,0.0,0.0
0.0017911402,0.0,0.0
7.680732e-07,0.0,0.0
3.38202e-08,0.0,0.0
1.3638666e-05,0.0,0.0
4.5095643e-08,0.0,0.0
8.247807e-06,0.0,0.0
4.3305285e-05,0.0,0.0
0.0043092524,0.0,0.0
1.9222357e-06,0.0,0.0
6.0380307e-06,0.0,0.0
8.407361e-05,0.0,0.0
3.8306698e-05,0.0,0.0
2.8721106e-05,0.0,0.0
6.461777e-05,0.0,0.0
4.049258e-05,0.0,0.0
4.2891775e-06,0.0,0.0
5.337917e-05,0.0,0.0
1.66638e-06,0.0,0.0
3.0925406e-05,0.0,0.0
7.654646e-05,0.0,0.0
0.00032798774,0.0,0.0
0.0011878472,0.0,1.0
0.00010044593,0.0,0.0
0.0031078306,0.0,0.0
6.785988e-05,0.0,1.0
8.9471155e-07,0.0,0.0
0.00017233526,0.0,0.0
0.00079121673,0.0,0.0
9.61789e-10,0.0,0.0
2.3014452e-05,0.0,0.0
1.5460737e-05,0.0,0.0
0.00026510312,0.0,0.0
1.0107651e-06,0.0,0.0
0.00013276591,0.0,0.0
4.0861014e-06,0.0,0.0
4.8019724e-06,0.0,0.0
1.019264e-05,0.0,0.0
0.00066719303,0.0,0.0
1.8538944e-05,0.0,0.0
1.3181275e-05,0.0,0.0
1.1684531e-05,0.0,0.0
4.2360753e-06,0.0,0.0
9.3578055e-06,0.0,1.0
3.415626e-08,0.0,0.0
1.2564888e-07,0.0,0.0
0.0029641998,0.0,0.0
5.6292007e-09,0.0,0.0
0.0041746763,0.0,0.0
9.520052e-05,0.0,0.0
0.00012677559,0.0,0.0
7.217431e-07,0.0,0.0
0.000330444,0.0,0.0
8.766848e-10,0.0,0.0
0.00061283895,0.0,0.0
1.1022744e-05,0.0,0.0
3.960786e-06,0.0,0.0
8.804616e-07,0.0,0.0
6.605366e-05,0.0,0.0
1.3642071e-08,0.0,0.0
2.5470452e-09,0.0,0.0
3.392214e-08,0.0,0.0
0.00023416462,0.0,0.0
3.089042e-05,0.0,0.0
2.4011188e-05,0.0,0.0
0.001145689,0.0,0.0
0.00042488115,0.0,0.0
7.558629e-05,0.0,0.0
0.00018391937,0.0,0.0
0.000119198725,0.0,0.0
3.9731876e-05,0.0,0.0
1.3014027e-05,0.0,0.0
0.00019453786,0.0,0.0
0.00025571196,0.0,0.0
5.7506354e-06,0.0,0.0
2.7328722e-09,0.0,0.0
7.926924e-05,0.0,0.0
2.5065496e-05,0.0,0.0
5.8340258e-05,0.0,0.0
1.6877314e-09,0.0,0.0
3.3621077e-08,0.0,0.0
5.7765676e-05,0.0,0.0
6.963005e-05,0.0,0.0
0.00017122964,0.0,1.0
7.636408e-06,0.0,0.0
5.9008166e-06,0.0,1.0
1.5659043e-07,0.0,1.0
4.699566e-05,0.0,0.0
0.00040262722,0.0,0.0
2.522049e-05,0.0,0.0
3.6799752e-06,0.0,0.0
1.8443507e-05,0.0,0.0
0.00028126902,0.0,0.0
5.063052e-05,0.0,0.0
5.680669e-06,0.0,0.0
0.00035704637,0.0,0.0
0.00034417477,0.0,0.0
8.796984e-05,0.0,0.0
6.4365327e-06,0.0,0.0
0.00015644083,0.0,1.0
7.954835e-05,0.0,0.0
0.00011734243,0.0,0.0
1.411568e-06,0.0,0.0
0.00012084053,0.0,0.0
3.7446847e-05,0.0,0.0
7.403202e-07,0.0,0.0
7.0233174e-05,0.0,0.0
2.3782159e-05,0.0,1.0
3.1404338e-06,0.0,0.0
1.3095576e-08,0.0,0.0
7.8099714e-05,0.0,0.0
0.000107004234,0.0,1.0
9.775151e-07,0.0,1.0
1.0848674e-06,0.0,0.0
0.0031840543,0.0,0.0
1.0635752e-07,0.0,0.0
8.453804e-05,0.0,0.0
0.00017322457,0.0,0.0
1.216656e-07,0.0,0.0
2.624653e-06,0.0,0.0
0.00032602056,0.0,0.0
0.00075215095,0.0,0.0
4.167003e-05,0.0,0.0
4.1646155e-05,0.0,0.0
2.4373446e-07,0.0,0.0
5.7803976e-05,0.0,0.0
5.179615e-09,0.0,0.0
3.877524e-07,0.0,0.0
4.591978e-08,0.0,1.0
4.2372308e-06,0.0,1.0
0.0017395539,0.0,0.0
6.1745427e-06,0.0,0.0
0.00043711934,0.0,0.0
2.0732057e-06,0.0,1.0
1.1865395e-06,0.0,0.0
0.0011549691,0.0,0.0
0.0028938104,0.0,0.0
5.5803275e-07,0.0,0.0
0.0020726179,0.0,0.0
0.06148096,0.0,0.0
0.0029820066,0.0,0.0
0.0013964509,0.0,0.0
0.0004103049,0.0,0.0
0.00010906276,0.0,0.0
0.0006781834,0.0,0.0
0.005286461,0.0,0.0
9.780966e-05,0.0,0.0
0.0060249036,0.0,0.0
0.0020910057,0.0,0.0
0.0022162877,0.0,0.0
4.7852194e-05,0.0,0.0
0.00069184933,0.0,0.0
1.920437e-05,1.0,0.0
1.2291909e-07,1.0,0.0
6.0204775e-07,0.0,0.0
7.1282234e-06,1.0,0.0
2.5410637e-07,0.0,0.0
3.425512e-06,0.0,0.0
2.6195319e-06,0.0,0.0
8.475465e-06,0.0,0.0
4.2203856e-06,0.0,1.0
7.946272e-06,0.0,1.0
3.7274212e-06,0.0,1.0
4.140383e-06,0.0,0.0
1.4175889e-05,0.0,0.0
7.2430794e-06,0.0,0.0
2.37286e-06,0.0,0.0
5.7957263e-06,0.0,0.0
6.0190873e-06,0.0,0.0
6.0359827e-07,0.0,0.0
2.0099606e-06,0.0,0.0
2.772001e-07,0.0,0.0
4.371647e-06,0.0,0.0
1.4004788e-06,0.0,0.0
3.7236125e-06,0.0,0.0
4.8054353e-06,0.0,0.0
6.3798905e-07,1.0,0.0
5.4304883e-06,1.0,0.0
2.4447204e-06,1.0,0.0
4.137397e-05,1.0,0.0
1.6212497e-06,1.0,0.0
5.0809075e-07,1.0,0.0
2.6245677e-06,0.0,0.0
2.9888347e-06,0.0,0.0
1.627052e-06,0.0,0.0
1.2531311e-05,0.0,0.0
7.864412e-07,1.0,0.0
3.524656e-06,0.0,0.0
6.017843e-08,1.0,0.0
7.594471e-07,0.0,0.0
1.5729839e-07,1.0,0.0
2.3393718e-06,1.0,0.0
3.6688004e-06,1.0,0.0
3.7224584e-07,1.0,0.0
3.2378668e-06,1.0,0.0
7.106686e-06,0.0,1.0
5.0187155e-06,0.0,1.0
1.8583766e-07,0.0,1.0
1.413954e-06,0.0,0.0
8.335007e-06,0.0,0.0
5.3147498e-05,1.0,0.0
1.0686645e-06,0.0,0.0
4.5993506e-06,1.0,0.0
1.2344802e-06,0.0,0.0
3.641426e-07,1.0,0.0
8.601224e-07,1.0,0.0
1.0110072e-06,1.0,0.0
4.4403183e-08,1.0,0.0
2.9702514e-06,1.0,0.0
2.5581626e-06,0.0,0.0
1.3022748e-07,0.0,0.0
2.2182849e-06,0.0,0.0
1.1378888e-05,0.0,0.0
5.3567516e-07,0.0,0.0
6.2741185e-07,0.0,0.0
1.4160454e-07,0.0,0.0
1.1588761e-05,0.0,0.0
3.1607392e-06,1.0,0.0
6.633947e-07,0.0,0.0
2.457436e-07,0.0,1.0
1.9448724e-05,0.0,0.0
1.0187489e-05,0.0,0.0
3.3466008e-06,0.0,0.0
2.916023e-06,0.0,0.0
2.1522066e-05,0.0,0.0
6.395502e-05,0.0,0.0
1.7657674e-06,0.0,0.0
9.64604e-05,0.0,0.0
5.7882585e-06,0.0,0.0
4.2562456e-06,0.0,0.0
2.9363835e-06,0.0,0.0
0.00012788778,0.0,0.0
8.569439e-07,0.0,0.0
5.709709e-07,0.0,0.0
9.8323435e-06,0.0,0.0
3.7676095e-05,0.0,0.0
4.1075796e-07,0.0,1.0
1.7486742e-05,0.0,0.0
7.34283e-07,0.0,0.0
3.9876388e-05,0.0,0.0
7.11957e-07,0.0,0.0
2.32271e-06,0.0,0.0
0.00025551824,0.0,0.0
3.0867685e-07,1.0,0.0
4.0469636e-06,0.0,0.0
1.887827e-06,1.0,0.0
2.8432427e-05,1.0,0.0
2.0611749e-07,0.0,0.0
3.6597703e-06,0.0,0.0
2.8223258e-06,0.0,0.0
4.1654343e-07,0.0,0.0
3.833213e-05,0.0,0.0
5.020837e-05,0.0,0.0
7.177537e-07,0.0,0.0
8.094378e-07,0.0,0.0
2.30957e-06,0.0,0.0
5.3853205e-06,0.0,0.0
0.0001463079,0.0,0.0
1.1256354e-05,0.0,0.0
7.0735678e-06,0.0,0.0
4.2885153e-05,0.0,0.0
1.0883091e-05,0.0,0.0
8.4359264e-05,0.0,0.0
1.0772156e-06,0.0,0.0
0.00033456742,0.0,0.0
3.8327844e-06,0.0,0.0
3.5711316e-06,0.0,0.0
6.138368e-05,0.0,0.0
3.9781276e-06,0.0,0.0
7.8991185e-08,0.0,0.0
6.5945113e-07,0.0,0.0
2.9069934e-06,0.0,0.0
7.6538896e-07,1.0,0.0
1.0314637e-06,1.0,0.0
1.5874209e-06,1.0,0.0
1.235151e-07,0.0,0.0
6.272515e-05,0.0,0.0
2.9876188e-05,0.0,0.0
1.4174038e-05,0.0,0.0
2.4801514e-06,0.0,0.0
5.2385843e-07,0.0,0.0
0.0011629997,0.0,0.0
9.911815e-08,0.0,0.0
2.3777533e-05,0.0,0.0
1.2106598e-06,0.0,0.0
8.118954e-06,0.0,0.0
7.975851e-06,0.0,0.0
5.120312e-06,0.0,0.0
3.4367586e-05,0.0,0.0
5.600829e-06,0.0,0.0
3.2136531e-06,0.0,0.0
1.1177581e-06,0.0,0.0
1.5415392e-06,0.0,0.0
2.6594996e-06,0.0,0.0
4.5813103e-06,0.0,0.0
3.6522808e-06,0.0,0.0
1.3391272e-07,0.0,0.0
3.7171123e-06,0.0,0.0
1.7374238e-06,0.0,0.0
2.2179032e-07,0.0,0.0
2.8427771e-06,0.0,0.0
2.8471214e-07,0.0,0.0
6.098339e-07,0.0,0.0
6.6504174e-07,0.0,0.0
1.2631176e-06,0.0,0.0
7.585301e-08,0.0,0.0
6.6924613e-06,0.0,0.0
5.7540245e-07,0.0,0.0
1.2927854e-06,0.0,1.0
1.2456435e-07,0.0,0.0
1.0822161e-05,0.0,0.0
1.6525702e-07,0.0,0.0
4.1979524e-07,0.0,1.0
1.2942755e-06,0.0,0.0
1.039821e-05,0.0,0.0
1.5818112e-07,0.0,0.0
3.1449176e-06,0.0,0.0
3.9524855e-07,0.0,0.0
1.0865956e-06,0.0,0.0
1.8014252e-06,0.0,0.0
1.4676023e-06,0.0,0.0
2.342568e-07,0.0,0.0
3.171351e-05,0.0,0.0
5.229488e-06,0.0,0.0
6.9578493e-07,0.0,0.0
1.7594064e-05,0.0,0.0
1.0280588e-05,0.0,0.0
6.1343267e-06,0.0,0.0
3.3980044e-07,0.0,0.0
9.1521565e-07,0.0,0.0
3.672174e-05,0.0,0.0
5.6328618e-06,0.0,0.0
1.4190699e-06,0.0,0.0
2.274273e-05,0.0,0.0
6.003707e-07,0.0,0.0
5.7025045e-07,0.0,0.0
5.1077727e-06,0.0,0.0
8.2436645e-07,1.0,0.0
9.194857e-06,1.0,0.0
1.2636726e-05,1.0,0.0
2.1960843e-06,1.0,0.0
8.233686e-07,1.0,0.0
1.4377142e-05,1.0,0.0
3.0725434e-06,1.0,0.0
3.24515e-06,1.0,0.0
4.2770526e-07,1.0,0.0
3.5527876e-07,1.0,0.0
4.004468e-06,1.0,0.0
1.1491959e-06,1.0,0.0
3.3190565e-06,1.0,0.0
1.1894289e-05,0.0,0.0
3.8128496e-07,0.0,0.0
1.610045e-06,1.0,0.0
3.0286677e-07,1.0,0.0
6.4471703e-07,0.0,0.0
3.3882642e-07,1.0,0.0
9.697686e-06,0.0,0.0
9.477447e-07,0.0,1.0
7.603793e-06,0.0,0.0
1.6084367e-06,0.0,0.0
2.1109367e-06,1.0,0.0
9.144548e-07,0.0,0.0
2.6927998e-07,0.0,0.0
4.4264866e-06,0.0,0.0
1.0863262e-06,0.0,1.0
2.0778375e-06,0.0,1.0
1.8790238e-06,0.0,1.0
3.7917055e-06,1.0,1.0
9.2021555e-06,1.0,0.0
5.962084e-07,1.0,0.0
1.9003379e-07,1.0,0.0
1.3442842e-06,1.0,0.0
2.3193448e-07,1.0,0.0
5.4625416e-06,1.0,1.0
6.479772e-07,1.0,0.0
2.2876377e-05,1.0,0.0
1.3733782e-06,0.0,0.0
1.4002785e-06,1.0,0.0
3.912791e-06,1.0,0.0
1.2184632e-05,0.0,0.0
2.9629775e-06,1.0,0.0
1.2430922e-05,0.0,0.0
1.661614e-05,0.0,0.0
3.944187e-05,1.0,0.0
8.286724e-06,0.0,0.0
2.8565394e-06,1.0,0.0
6.960577e-07,0.0,0.0
1.442583e-05,0.0,0.0
5.4303257e-07,1.0,0.0
8.5556474e-07,1.0,0.0
2.3318844e-05,0.0,1.0
3.443319e-07,0.0,0.0
5.8559185e-06,1.0,0.0
8.895321e-06,0.0,0.0
4.992005e-05,0.0,0.0
9.104129e-06,0.0,0.0
9.223646e-06,0.0,1.0
2.8111376e-06,0.0,1.0
2.6831688e-06,0.0,0.0
5.1650833e-05,0.0,0.0
3.6702143e-06,0.0,0.0
0.000630503,0.0,0.0
1.1942674e-05,0.0,0.0
4.001768e-05,0.0,0.0
3.2139513e-05,0.0,0.0
6.709519e-05,0.0,0.0
1.8834915e-07,0.0,0.0
0.007238539,0.0,0.0
4.8269817e-07,0.0,0.0
0.00014603933,0.0,0.0
4.955603e-07,0.0,0.0
0.0039172806,0.0,0.0
2.4172013e-07,0.0,0.0
3.8652086e-09,0.0,0.0
2.4355459e-05,0.0,0.0
7.742698e-09,0.0,0.0
1.3337794e-05,0.0,0.0
1.1574285e-06,0.0,0.0
1.1023095e-09,0.0,0.0
1.1105668e-05,0.0,0.0
0.00019436804,0.0,0.0
5.4983888e-05,0.0,0.0
0.0038385054,0.0,0.0
7.595747e-05,0.0,0.0
1.8901922e-06,0.0,0.0
0.0004753753,0.0,1.0
0.0033534418,0.0,0.0
0.00083600706,0.0,0.0
4.4275675e-06,0.0,0.0
5.0856117e-05,0.0,1.0
5.6167473e-06,0.0,0.0
2.519717e-05,0.0,0.0
9.557455e-09,0.0,0.0
2.9086502e-09,0.0,0.0
1.7100754e-05,0.0,0.0
0.00018752669,0.0,0.0
2.610312e-07,0.0,0.0
0.00012697205,0.0,0.0
6.2073223e-06,0.0,0.0
9.657558e-06,0.0,0.0
2.8483137e-07,0.0,0.0
0.00021515672,0.0,0.0
1.7326599e-06,0.0,0.0
4.0495594e-05,0.0,0.0
4.939052e-06,0.0,0.0
1.9642202e-06,0.0,0.0
5.546839e-06,0.0,0.0
3.2999415e-07,0.0,0.0
2.537214e-06,0.0,0.0
1.3493433e-05,0.0,0.0
6.316929e-05,0.0,0.0
0.00026572513,0.0,0.0
9.836216e-07,0.0,0.0
0.00021832468,0.0,0.0
1.9808843e-09,0.0,0.0
1.01169e-06,0.0,0.0
7.827465e-06,0.0,0.0
0.00015822153,0.0,0.0
4.503348e-09,0.0,0.0
3.983473e-06,0.0,0.0
0.0002723441,0.0,0.0
2.0201956e-06,0.0,0.0
3.3111513e-07,0.0,0.0
1.3305549e-09,0.0,0.0
3.578536e-07,0.0,0.0
2.4433566e-06,0.0,0.0
3.973601e-08,0.0,0.0
0.00043814292,0.0,0.0
8.714315e-06,0.0,0.0
6.656104e-06,0.0,0.0
3.673604e-06,0.0,0.0
7.564384e-05,0.0,0.0
1.264043e-06,0.0,0.0
1.1917985e-05,0.0,0.0
1.0446837e-06,0.0,0.0
2.6610928e-06,0.0,0.0
0.0001769718,0.0,0.0
5.5453893e-06,0.0,0.0
9.639207e-05,0.0,0.0
1.7888983e-08,0.0,0.0
8.246462e-06,0.0,0.0
5.216194e-06,0.0,0.0
1.1574336e-09,0.0,0.0
3.3187243e-06,0.0,0.0
1.5030619e-06,0.0,0.0
2.7951359e-07,0.0,0.0
0.00047757517,0.0,0.0
2.2098119e-08,0.0,0.0
1.472145e-05,0.0,0.0
1.6408347e-05,0.0,0.0
1.183809e-08,0.0,0.0
7.062365e-06,0.0,1.0
7.807469e-05,0.0,0.0
9.088124e-06,0.0,0.0
8.195286e-08,0.0,1.0
6.976872e-06,0.0,1.0
8.650167e-09,0.0,0.0
0.00016502515,0.0,0.0
5.3360127e-06,0.0,0.0
3.1419255e-05,0.0,0.0
5.2023708e-05,0.0,0.0
9.693267e-06,0.0,0.0
0.00011570907,0.0,0.0
4.948977e-07,0.0,0.0
1.1573012e-05,0.0,0.0
2.9773939e-09,0.0,0.0
0.00010630776,0.0,0.0
4.0167342e-06,0.0,0.0
6.987806e-06,0.0,0.0
1.6114804e-05,0.0,0.0
3.8624837e-08,0.0,1.0
9.196331e-07,0.0,0.0
8.680976e-05,0.0,0.0
1.9887957e-06,0.0,0.0
9.650098e-07,0.0,0.0
5.932058e-06,0.0,0.0
1.0160628e-09,0.0,0.0
8.633072e-05,0.0,0.0
0.00013966537,0.0,0.0
0.00064425974,0.0,0.0
0.0020630066,0.0,0.0
0.00023823738,0.0,0.0
7.688316e-07,0.0,0.0
2.4190639e-08,0.0,0.0
1.2632763e-09,0.0,1.0
2.6937496e-08,0.0,1.0
4.877441e-05,0.0,0.0
3.302618e-07,0.0,0.0
0.0007352109,0.0,0.0
5.398725e-07,0.0,0.0
0.00010201034,0.0,0.0
0.03729057,0.0,0.0
2.5630326e-05,0.0,0.0
7.9723016e-08,0.0,0.0
0.00015400539,0.0,0.0
6.773119e-06,0.0,0.0
0.0006196045,0.0,0.0
3.0428697e-05,0.0,0.0
2.9113766e-08,0.0,0.0
0.010690454,0.0,0.0
0.00039903828,0.0,0.0
1.7469472e-05,0.0,0.0
0.0047191554,0.0,0.0
1.3855151e-06,0.0,0.0
5.7597907e-05,0.0,0.0
6.9685253e-09,0.0,0.0
2.569871e-05,0.0,0.0
6.086161e-07,0.0,0.0
1.9819658e-05,0.0,0.0
2.1881879e-05,0.0,0.0
4.1987914e-06,0.0,0.0
8.180903e-08,0.0,0.0
0.00016540229,0.0,0.0
7.543977e-07,0.0,1.0
1.2974632e-05,0.0,0.0
1.3725461e-05,0.0,0.0
3.922527e-06,0.0,0.0
3.036075e-05,0.0,0.0
3.0433805e-05,0.0,0.0
3.2518142e-06,0.0,1.0
6.4596577e-07,0.0,1.0
0.0005303392,0.0,0.0
4.8935934e-05,0.0,0.0
0.0016594518,0.0,0.0
3.2850344e-06,0.0,0.0
0.0005493344,0.0,0.0
0.002957848,0.0,0.0
0.00043834173,0.0,0.0
4.9703604e-06,0.0,0.0
1.6172886e-06,0.0,0.0
2.1801334e-06,0.0,0.0
2.3010853e-05,0.0,0.0
6.743914e-07,0.0,0.0
0.00028072036,0.0,0.0
3.7495e-08,0.0,0.0
2.475074e-09,0.0,0.0
2.0137672e-06,0.0,0.0
7.2663395e-05,0.0,0.0
6.9682883e-06,0.0,0.0
3.1312102e-09,0.0,0.0
0.0003035091,0.0,1.0
4.0544904e-07,0.0,1.0
0.00016851517,0.0,0.0
1.9237585e-09,0.0,0.0
2.2334595e-07,0.0,0.0
4.0116258e-05,1.0,0.0
5.233596e-07,1.0,0.0
1.4497948e-05,1.0,0.0
0.0010016016,1.0,0.0
6.734293e-08,1.0,0.0
4.9790565e-06,1.0,0.0
2.9125797e-06,0.0,0.0
8.012445e-06,0.0,0.0
9.549056e-09,0.0,0.0
1.3990671e-08,1.0,0.0
0.0038813837,0.0,0.0
3.1717213e-06,0.0,0.0
5.3359922e-06,0.0,0.0
1.2876226e-06,0.0,0.0
1.3151842e-06,0.0,0.0
4.5635472e-05,0.0,0.0
0.01894422,0.0,0.0
0.00024828783,0.0,0.0
0.063577,0.0,0.0
0.0005483086,0.0,0.0
4.524104e-06,0.0,0.0
3.2746833e-05,0.0,0.0
1.2341431e-07,1.0,0.0
0.0017854457,0.0,0.0
8.586253e-06,0.0,0.0
0.00029728145,0.0,0.0
1.0296102e-06,0.0,0.0
1.4996427e-09,0.0,0.0
1.1871716e-07,0.0,0.0
2.3659786e-07,0.0,0.0
0.00035262227,0.0,0.0
3.9368285e-07,0.0,0.0
5.1859803e-05,0.0,0.0
5.223169e-05,0.0,0.0
4.536139e-07,0.0,0.0
0.00010926085,0.0,0.0
9.035193e-06,0.0,0.0
5.380879e-05,0.0,0.0
9.083488e-09,1.0,0.0
0.00013331076,0.0,0.0
3.4240365e-05,0.0,0.0
0.00066600787,0.0,0.0
1.9765166e-05,0.0,0.0
6.1262836e-07,0.0,0.0
1.3848598e-09,0.0,0.0
4.6233086e-05,0.0,0.0
6.1182436e-07,0.0,0.0
6.249938e-07,0.0,0.0
1.214139e-05,0.0,0.0
6.884465e-06,0.0,0.0
4.7520875e-06,0.0,0.0
5.554553e-09,0.0,0.0
1.775583e-05,0.0,0.0
0.00015152273,0.0,0.0
8.497973e-06,0.0,0.0
0.0014679009,0.0,0.0
6.533652e-08,1.0,1.0
2.3796973e-05,1.0,1.0
8.8941415e-06,0.0,0.0
1.2456773e-06,0.0,0.0
4.4105287e-05,0.0,0.0
1.0170764e-06,0.0,0.0
2.5500733e-06,0.0,0.0
0.0018270217,0.0,0.0
0.00039187327,0.0,0.0
8.375561e-05,0.0,0.0
6.2797866e-05,0.0,0.0
0.011024156,0.0,0.0
0.00019000762,0.0,0.0
2.729381e-05,0.0,0.0
3.4526285e-05,0.0,0.0
1.7251072e-05,0.0,0.0
0.008112041,0.0,0.0
0.00063900446,0.0,0.0
3.5147073e-06,0.0,0.0
0.0003744158,0.0,0.0
2.5927812e-07,0.0,0.0
0.032042947,0.0,0.0
7.3309144e-05,0.0,0.0
0.00039733946,0.0,0.0
0.0011005129,0.0,0.0
8.052175e-05,1.0,0.0
5.0879687e-05,0.0,0.0
1.4329151e-05,1.0,0.0
0.0020256485,0.0,0.0
0.00038065325,0.0,0.0
4.9985303e-08,1.0,0.0
4.67249e-05,0.0,0.0
4.380108e-08,0.0,0.0
2.4694389e-06,0.0,0.0
0.00020175744,0.0,0.0
0.00014294153,0.0,0.0
6.480134e-09,0.0,0.0
5.1435003e-05,0.0,0.0
6.783834e-05,0.0,0.0
4.697702e-05,0.0,0.0
8.9804365e-05,0.0,0.0
5.686099e-05,0.0,0.0
1.4816379e-08,0.0,0.0
2.2815177e-05,0.0,0.0
0.00030190797,0.0,0.0
6.429017e-05,0.0,0.0
1.2389692e-06,0.0,0.0
0.022555899,0.0,0.0
2.9855339e-05,0.0,0.0
4.666668e-06,0.0,0.0
0.00014811728,0.0,0.0
0.0007139277,0.0,0.0
1.5859229e-06,0.0,0.0
3.691362e-05,0.0,0.0
7.770951e-07,0.0,0.0
6.864718e-06,0.0,0.0
0.00012074136,0.0,0.0
3.80363e-09,0.0,0.0
3.92405e-06,0.0,1.0
5.708125e-07,0.0,0.0
5.864648e-07,0.0,0.0
0.00017468286,0.0,1.0
6.969595e-05,0.0,0.0
1.1974276e-08,0.0,0.0
6.758554e-05,0.0,0.0
6.8953756e-05,0.0,0.0
1.1957064e-06,0.0,0.0
0.00034896337,0.0,0.0
4.6713785e-06,0.0,1.0
2.7238298e-06,0.0,1.0
1.6219487e-06,0.0,0.0
9.396697e-06,0.0,0.0
1.3382518e-06,0.0,0.0
0.0018651009,0.0,0.0
1.951034e-06,0.0,1.0
8.1527905e-06,0.0,0.0
3.4012035e-05,0.0,0.0
3.5402707e-06,0.0,0.0
3.003404e-08,0.0,0.0
4.747679e-05,0.0,0.0
4.9280894e-05,0.0,0.0
3.32046e-05,0.0,0.0
2.61367e-06,0.0,0.0
1.1195396e-05,0.0,0.0
0.00026066517,0.0,0.0
1.9606064e-06,0.0,0.0
1.0826567e-06,0.0,1.0
6.3524726e-07,0.0,1.0
3.8035702e-07,0.0,0.0
0.0006569129,0.0,0.0
3.362879e-06,0.0,1.0
0.00027614683,0.0,0.0
5.4932105e-05,0.0,0.0
5.2130163e-06,0.0,0.0
1.6971562e-05,0.0,0.0
9.364583e-05,0.0,0.0
2.3088144e-06,1.0,0.0
0.00020976487,1.0,1.0
1.1984409e-05,1.0,0.0
1.453308e-07,1.0,0.0
2.4941315e-05,1.0,0.0
1.2096765e-06,1.0,0.0
8.6063517e-07,1.0,1.0
0.00070061965,1.0,0.0
5.9050606e-05,1.0,0.0
4.507038e-06,1.0,1.0
1.2194846e-07,1.0,0.0
4.9876107e-06,1.0,0.0
3.6558854e-09,0.0,0.0
4.1325643e-06,0.0,0.0
1.509259e-05,0.0,0.0
2.3412638e-07,0.0,0.0
7.523488e-08,1.0,1.0
3.9938923e-06,0.0,0.0
2.332103e-09,0.0,0.0
6.443163e-08,0.0,0.0
1.069674e-08,0.0,0.0
8.175214e-06,0.0,0.0
2.067697e-05,0.0,0.0
6.2553203e-09,0.0,0.0
1.7095559e-08,0.0,0.0
2.5065395e-08,0.0,0.0
3.5725761e-06,0.0,0.0
0.00010916651,0.0,0.0
8.59893e-06,0.0,0.0
2.2436393e-06,0.0,0.0
8.418376e-05,0.0,0.0
9.9454555e-06,0.0,0.0
4.505667e-09,0.0,0.0
4.7325e-06,0.0,0.0
1.2226363e-05,0.0,0.0
4.2235166e-05,0.0,0.0
1.3105355e-05,0.0,0.0
2.6272794e-05,0.0,1.0
0.0002460634,0.0,0.0
0.00036512644,0.0,0.0
0.00701599,0.0,0.0
0.0020852329,0.0,0.0
0.00095428975,0.0,0.0
9.8351935e-05,0.0,0.0
0.0045085363,0.0,0.0
8.361452e-05,0.0,0.0
1.9189487e-05,0.0,1.0
0.00015440077,0.0,1.0
0.00012656265,0.0,1.0
0.00084195007,0.0,1.0
0.0001428215,1.0,0.0
9.709634e-05,1.0,0.0
0.0045202193,0.0,0.0
0.000355137,1.0,0.0
0.0002571594,0.0,0.0
0.00071299745,1.0,0.0
0.0012188891,0.0,0.0
0.0032420163,1.0,1.0
1.19836095e-05,0.0,1.0
2.6422727e-08,0.0,0.0
0.0011923653,0.0,0.0
7.156633e-09,1.0,0.0
8.3628234e-05,1.0,0.0
0.0049393116,1.0,0.0
2.2918042e-05,0.0,0.0
0.0011414336,0.0,0.0
0.0019787683,0.0,0.0
0.0012207882,0.0,0.0
0.00014175981,0.0,0.0
0.00017313095,0.0,0.0
6.4904504e-09,0.0,1.0
0.0013802206,0.0,0.0
0.00017449375,0.0,0.0
0.0005016645,0.0,0.0
0.00048923603,0.0,1.0
0.00011230883,0.0,1.0
6.073544e-05,0.0,0.0
0.0009304371,0.0,0.0
0.00024547032,0.0,0.0
1.2676489e-06,0.0,1.0
0.00021153351,0.0,0.0
0.002359325,0.0,0.0
5.0670806e-05,0.0,0.0
7.0413094e-05,0.0,0.0
6.503319e-05,0.0,0.0
0.0023511392,0.0,0.0
0.001900258,0.0,0.0
0.0014208516,0.0,0.0
5.5373166e-05,0.0,0.0
8.6637505e-05,0.0,0.0
2.7819882e-09,0.0,0.0
3.6587167e-05,0.0,0.0
8.972391e-07,0.0,0.0
0.00010664434,0.0,0.0
8.107997e-09,0.0,0.0
0.0061088083,0.0,0.0
0.0012481196,0.0,0.0
4.2103332e-07,0.0,0.0
0.0008748573,0.0,0.0
0.011938949,0.0,0.0
0.0006675228,0.0,0.0
2.0359391e-06,0.0,0.0
1.10368006e-07,0.0,0.0
0.0043172347,0.0,0.0
5.222951e-08,0.0,0.0
6.0317278e-05,0.0,0.0
0.015071941,0.0,0.0
3.286293e-05,0.0,0.0
0.0054474426,0.0,0.0
0.00018492715,0.0,0.0
3.4660523e-05,0.0,0.0
0.0003823065,0.0,0.0
0.0013977528,0.0,0.0
0.0019686578,0.0,0.0
0.00022277399,0.0,0.0
0.00011833937,0.0,0.0
0.003336704,0.0,0.0
0.010632765,0.0,0.0
0.0028653678,1.0,0.0
0.016023492,1.0,0.0
0.001938643,1.0,0.0
0.00030365962,1.0,0.0
0.00018234279,0.0,0.0
0.0008091732,0.0,0.0
0.00025010016,0.0,0.0
0.00020227654,0.0,0.0
0.0020170931,0.0,0.0
0.0006964805,0.0,0.0
0.00095375435,0.0,0.0
2.3965827e-06,0.0,0.0
8.882827e-08,0.0,0.0
0.0007653244,0.0,0.0
6.7500664e-06,0.0,0.0
0.00012545733,0.0,0.0
1.3181564e-05,0.0,1.0
1.6452016e-07,0.0,1.0
9.747372e-05,0.0,0.0
0.00010023084,0.0,0.0
4.195093e-06,0.0,0.0
1.3102169e-05,0.0,0.0
0.000109205655,0.0,0.0
0.00039067928,0.0,0.0
4.842709e-07,0.0,0.0
0.000101964346,0.0,0.0
0.002719081,0.0,0.0
3.9400957e-06,0.0,0.0
2.6731848e-06,0.0,1.0
6.923166e-07,0.0,0.0
5.699655e-05,0.0,0.0
1.4461505e-05,0.0,0.0
8.956533e-05,0.0,0.0
0.0041296827,0.0,0.0
3.6909747e-05,0.0,0.0
2.8155537e-05,0.0,0.0
6.2638514e-06,0.0,0.0
5.1453153e-05,0.0,0.0
0.0002547476,0.0,0.0
2.612541e-05,0.0,0.0
2.8736247e-08,0.0,0.0
0.0005202648,0.0,0.0
0.0007509141,0.0,0.0
5.5471774e-06,0.0,0.0
0.0028550322,0.0,0.0
0.0003855904,0.0,0.0
4.1786814e-09,0.0,0.0
5.309125e-09,0.0,0.0
9.7243965e-06,0.0,0.0
0.0013150182,0.0,0.0
0.002390795,0.0,0.0
0.011240099,0.0,0.0
1.7200843e-08,0.0,0.0
0.00079016405,0.0,0.0
0.0055115134,0.0,0.0
4.498553e-05,0.0,0.0
0.0023008448,0.0,0.0
3.965496e-05,0.0,0.0
0.0018308373,0.0,1.0
0.008138327,0.0,1.0
0.00387735,0.0,0.0
0.0017659585,0.0,0.0
0.0003194965,0.0,0.0
1.0617916e-07,0.0,1.0
0.00155591,0.0,0.0
1.7612133e-07,0.0,0.0
4.4203275e-06,0.0,0.0
0.00039169326,0.0,0.0
0.0002660945,0.0,0.0
6.2580686e-05,0.0,0.0
0.00055079744,0.0,0.0
0.0010537213,0.0,1.0
0.0032682011,0.0,0.0
6.0202918e-05,0.0,0.0
0.0008305427,0.0,0.0
1.2940341e-05,0.0,1.0
5.195365e-05,0.0,0.0
2.1558687e-06,0.0,0.0
1.7449225e-05,0.0,0.0
2.4756973e-05,0.0,0.0
0.00021931551,0.0,0.0
1.7870772e-08,0.0,0.0
4.469217e-07,0.0,0.0
7.0035644e-06,0.0,1.0
0.0010486096,0.0,1.0
2.6456055e-05,0.0,0.0
0.0002862184,0.0,0.0
0.0005975563,0.0,0.0
0.00025601743,0.0,0.0
0.00032084502,0.0,0.0
2.8338847e-05,0.0,0.0
0.00048512526,0.0,0.0
3.1938256e-05,0.0,0.0
4.0007148e-05,0.0,0.0
0.0010006565,0.0,0.0
5.852139e-06,0.0,0.0
4.606036e-06,0.0,1.0
1.965768e-05,0.0,0.0
0.00015056238,0.0,0.0
0.0028406533,0.0,0.0
0.012899879,0.0,0.0
2.0740144e-05,0.0,0.0
3.8005464e-06,0.0,0.0
0.00020948364,0.0,0.0
0.0043395273,0.0,1.0
3.2302305e-05,0.0,1.0
0.0122430865,0.0,1.0
0.0010945033,0.0,0.0
0.00047456016,0.0,0.0
0.002444162,0.0,0.0
0.00084642693,0.0,0.0
0.0005489251,0.0,0.0
0.016710674,0.0,0.0
0.00044768784,0.0,0.0
0.00093556405,0.0,0.0
0.0017489619,0.0,0.0
0.003250555,0.0,0.0
0.00045582812,0.0,0.0
0.0006454216,0.0,0.0
0.00022792352,0.0,0.0
9.106583e-05,0.0,0.0
0.0007169597,0.0,0.0
0.0008211213,0.0,0.0
0.00010645454,0.0,0.0
4.2583848e-09,0.0,0.0
4.828929e-05,0.0,0.0
0.00013646104,0.0,0.0
2.2689612e-05,0.0,0.0
2.583425e-05,0.0,1.0
3.2846292e-05,0.0,1.0
1.1410774e-06,0.0,0.0
3.9865285e-05,0.0,0.0
0.0003648724,0.0,0.0
0.0006771039,0.0,0.0
3.2965316e-05,0.0,0.0
6.0342377e-06,0.0,0.0
0.00235143,0.0,0.0
0.0010294905,0.0,0.0
1.0312009e-05,0.0,1.0
0.0021835307,0.0,0.0
0.0013081826,0.0,0.0
0.005246476,0.0,0.0
8.2472e-05,0.0,0.0
8.7958125e-07,0.0,0.0
1.4348773e-05,0.0,0.0
0.00011480739,0.0,0.0
0.004171651,0.0,0.0
3.1238053e-06,0.0,0.0
0.0033590372,0.0,0.0
0.0013774604,0.0,0.0
0.004055368,0.0,0.0
0.0003959453,0.0,0.0
0.0060270256,0.0,0.0
0.00068909454,0.0,0.0
0.0018580819,0.0,0.0
0.00068422157,0.0,0.0
9.02634e-06,0.0,0.0
9.963141e-06,0.0,0.0
1.3066754e-06,0.0,0.0
3.411622e-08,0.0,0.0
1.6128469e-06,0.0,0.0
0.00055172114,0.0,0.0
1.4593911e-05,0.0,0.0
1.1375495e-06,0.0,1.0
0.00012370112,0.0,0.0
6.241417e-05,0.0,0.0
1.5510611e-06,0.0,0.0
0.0022814537,0.0,0.0
1.3173882e-07,0.0,0.0
8.568704e-05,0.0,0.0
0.0006138623,0.0,0.0
2.5211424e-05,0.0,0.0
7.1788087e-09,0.0,0.0
3.438303e-05,0.0,0.0
8.698208e-06,0.0,0.0
0.00021308413,0.0,0.0
3.1227607e-08,0.0,0.0
5.42281e-05,0.0,0.0
7.0055193e-09,0.0,0.0
2.906578e-05,0.0,0.0
0.0021759775,0.0,0.0
0.00060964277,0.0,0.0
1.3020302e-09,0.0,0.0
0.0014398325,0.0,0.0
0.030311173,0.0,0.0
0.00010348607,0.0,0.0
0.00045946834,0.0,0.0
1.2263672e-05,0.0,0.0
0.00033464943,0.0,0.0
3.7343678e-05,0.0,1.0
0.00012853598,0.0,1.0
0.0004240882,0.0,1.0
0.00039387567,0.0,0.0
0.00025401634,0.0,0.0
1.7640403e-05,0.0,0.0
1.3199012e-05,0.0,0.0
9.0589376e-05,0.0,0.0
0.0012538233,0.0,0.0
0.003159073,0.0,0.0
0.00024643508,0.0,0.0
5.0009916e-05,0.0,0.0
0.000580142,0.0,0.0
0.0005378741,0.0,0.0
0.0010812444,0.0,0.0
0.000890404,0.0,0.0
0.0014025539,0.0,0.0
0.008988508,0.0,0.0
2.6422116e-05,0.0,0.0
0.0062919324,0.0,0.0
0.0037435174,0.0,0.0
0.00041301342,0.0,0.0
4.3654953e-08,0.0,0.0
0.0005030207,0.0,0.0
0.00063595653,0.0,0.0
4.692683e-09,0.0,0.0
9.15171e-06,1.0,0.0
2.9901415e-07,1.0,0.0
0.0035453239,1.0,1.0
1.764052e-05,0.0,1.0
4.992651e-08,1.0,0.0
1.6742022e-05,0.0,0.0
1.7408105e-05,1.0,0.0
6.209383e-05,0.0,0.0
9.979747e-05,0.0,1.0
5.0980593e-06,0.0,1.0
2.7049407e-05,0.0,1.0
0.0001558973,0.0,0.0
2.9775827e-06,0.0,0.0
3.17746e-07,0.0,0.0
7.5725717e-07,0.0,0.0
3.0671583e-09,0.0,0.0
4.2749216e-06,0.0,0.0
0.0013938308,0.0,0.0
6.140524e-09,0.0,0.0
0.0004141183,0.0,0.0
0.00012976774,0.0,0.0
4.959352e-06,0.0,0.0
9.117566e-08,0.0,0.0
5.7530604e-05,0.0,0.0
0.000121973564,0.0,0.0
4.7615355e-05,0.0,0.0
7.3246497e-06,0.0,0.0
0.0014877609,0.0,0.0
0.0011121724,0.0,0.0
9.922518e-05,0.0,0.0
0.00138151,0.0,0.0
0.0009126094,0.0,0.0
0.00055734144,0.0,0.0
0.0031779893,1.0,1.0
1.8592484e-06,1.0,0.0
0.00038568524,0.0,0.0
0.00044997144,0.0,0.0
0.0011338925,0.0,0.0
4.7603926e-06,0.0,0.0
5.9647293e-05,0.0,0.0
0.0007446166,0.0,0.0
4.9066497e-05,0.0,0.0
0.0015061086,0.0,0.0
0.00090304273,0.0,0.0
0.0009789501,0.0,1.0
0.00018632415,0.0,1.0
0.00039411025,0.0,0.0
5.1988486e-08,0.0,0.0
9.6760605e-06,0.0,0.0
0.0018854709,0.0,0.0
3.6885595e-09,0.0,0.0
0.00011347196,1.0,0.0
1.524218e-05,0.0,0.0
2.5790428e-06,1.0,0.0
1.08598066e-07,1.0,0.0
0.0021867934,1.0,0.0
1.494391e-05,0.0,0.0
5.7586978e-05,1.0,0.0
0.0025874795,0.0,0.0
1.7063443e-06,1.0,0.0
7.235535e-07,1.0,0.0
8.546215e-06,1.0,0.0
0.00026765908,1.0,0.0
0.00026295762,1.0,0.0
7.515946e-06,1.0,0.0
2.6748254e-05,0.0,0.0
4.889036e-05,1.0,1.0
4.2074976e-06,1.0,0.0
1.8593086e-05,1.0,0.0
0.0012463181,0.0,0.0
2.1580124e-08,0.0,0.0
0.00060272537,0.0,0.0
3.285663e-05,0.0,0.0
0.00032083705,0.0,0.0
6.59444e-05,0.0,0.0
0.0008310537,0.0,0.0
0.0009715641,0.0,0.0
8.176839e-05,0.0,0.0
4.875462e-08,0.0,0.0
0.00037174285,0.0,0.0
0.019781442,0.0,0.0
0.0108090835,0.0,0.0
0.00014596553,0.0,0.0
8.3356035e-06,0.0,0.0
0.00012311497,0.0,0.0
0.025763186,0.0,0.0
7.0018374e-05,0.0,0.0
0.0011749404,0.0,0.0
0.0008225893,0.0,0.0
1.1833881e-05,0.0,0.0
3.798567e-05,0.0,0.0
0.0054597924,0.0,0.0
0.00019753637,0.0,0.0
4.005502e-05,0.0,0.0
0.0070421463,0.0,0.0
0.002972885,0.0,0.0
0.000128704,0.0,0.0
0.0001663519,0.0,0.0
3.7474852e-05,0.0,0.0
1.2767748e-07,0.0,0.0
3.074305e-06,0.0,0.0
4.4222757e-06,0.0,0.0
0.00023346685,0.0,0.0
0.00067639566,0.0,0.0
1.6821274e-05,0.0,0.0
1.7157587e-05,0.0,1.0
1.5385622e-05,0.0,0.0
2.0954426e-06,0.0,0.0
2.4656836e-05,0.0,0.0
0.00028670643,0.0,0.0
9.686022e-10,1.0,0.0
3.108982e-07,0.0,0.0
0.000810038,0.0,0.0
0.004323489,0.0,0.0
6.498626e-05,0.0,0.0
0.00100587,0.0,0.0
1.5464249e-06,0.0,1.0
0.0013353614,0.0,0.0
0.004722736,0.0,0.0
0.0028268464,0.0,0.0
0.00040771303,0.0,0.0
0.00016509331,0.0,0.0
0.00038346465,0.0,0.0
0.001774806,0.0,0.0
0.012449495,0.0,0.0
0.06783947,0.0,0.0
0.008993031,0.0,0.0
8.907499e-05,0.0,0.0
0.0039682006,0.0,0.0
0.00063220435,0.0,0.0
0.018242856,0.0,0.0
0.0032869468,0.0,0.0
5.641766e-05,0.0,0.0
0.0031586573,0.0,0.0
8.2533355e-05,0.0,0.0
0.00082605495,0.0,0.0
0.05513782,0.0,0.0
0.0223278,0.0,0.0
0.0013557224,0.0,1.0
0.0011890358,0.0,1.0
0.00061781507,0.0,0.0
0.0010438578,0.0,0.0
9.348344e-05,0.0,0.0
0.00042706312,0.0,0.0
1.3438711e-05,0.0,0.0
0.00018110077,0.0,0.0
3.0512e-09,0.0,0.0
0.004792046,0.0,0.0
1.29248265e-08,0.0,0.0
7.897942e-05,0.0,0.0
7.085518e-06,0.0,1.0
1.38760115e-05,0.0,1.0
4.1029157e-06,0.0,0.0
5.0288872e-05,0.0,0.0
7.537547e-09,0.0,0.0
3.1914144e-05,0.0,0.0
0.0033603527,0.0,0.0
6.192501e-07,0.0,0.0
5.4260436e-05,0.0,1.0
9.6494205e-06,0.0,1.0
0.00013789425,0.0,0.0
7.3351436e-09,0.0,0.0
0.00021005927,0.0,0.0
0.0011207195,0.0,0.0
9.546434e-07,0.0,0.0
1.990148e-05,0.0,0.0
0.00031718018,0.0,0.0
9.188187e-06,0.0,0.0
8.516855e-09,0.0,0.0
0.0002654051,0.0,0.0
0.0009769659,0.0,0.0
0.00022657843,0.0,0.0
4.45071e-05,0.0,0.0
1.0234535e-06,0.0,0.0
7.155713e-05,0.0,0.0
0.0010999559,0.0,0.0
0.00080285745,0.0,0.0
0.00040763998,0.0,0.0
0.001091583,0.0,0.0
3.0399313e-05,0.0,0.0
3.480873e-09,0.0,0.0
4.0484048e-07,0.0,0.0
5.882298e-05,0.0,0.0
0.0003040623,0.0,0.0
0.0008193014,0.0,0.0
0.0024347191,0.0,0.0
0.014136217,0.0,0.0
6.915995e-05,0.0,0.0
3.032516e-05,0.0,0.0
5.3037206e-06,0.0,0.0
3.4130666e-05,0.0,0.0
8.586601e-05,0.0,0.0
0.00038537834,0.0,0.0
0.00022435645,0.0,0.0
3.3644283e-09,0.0,0.0
1.01869894e-07,0.0,0.0
9.2635275e-07,0.0,0.0
2.3544611e-07,0.0,0.0
6.2622507e-06,0.0,0.0
6.799579e-05,0.0,0.0
0.015629461,0.0,0.0
0.000100909536,0.0,0.0
4.053855e-06,0.0,0.0
7.487587e-06,0.0,0.0
1.2748832e-06,0.0,0.0
4.3829846e-06,1.0,0.0
0.001910877,0.0,0.0
2.1265057e-08,1.0,0.0
7.601588e-05,0.0,0.0
0.003806213,0.0,0.0
5.729256e-05,0.0,0.0
1.7480439e-06,0.0,0.0
0.08350485,0.0,0.0
0.009873612,0.0,0.0
1.1129009e-07,0.0,0.0
1.1177185e-05,0.0,0.0
0.00026485452,0.0,0.0
0.00047412654,0.0,0.0
0.00017156074,0.0,0.0
2.099321e-06,0.0,0.0
0.0007574676,0.0,0.0
8.562679e-06,0.0,0.0
9.813104e-05,0.0,0.0
5.754798e-07,0.0,0.0
4.574071e-07,0.0,0.0
0.00013766067,0.0,0.0
2.9402702e-06,0.0,0.0
0.0041515455,0.0,0.0
1.15678695e-05,0.0,0.0
1.4290899e-05,0.0,0.0
0.0026691037,0.0,0.0
6.087402e-06,0.0,0.0
1.9489962e-05,0.0,0.0
0.00029904844,1.0,0.0
0.0012243172,0.0,0.0
7.0167396e-09,0.0,0.0
0.0004711908,1.0,0.0
7.91419e-06,1.0,0.0
6.3713655e-05,1.0,0.0
0.00023893436,0.0,0.0
1.8222761e-05,0.0,0.0
9.074433e-07,0.0,0.0
3.0101198e-06,0.0,0.0
0.0002743121,0.0,0.0
0.0016424115,0.0,0.0
0.00047024048,0.0,0.0
0.0014486642,0.0,0.0
0.003943284,0.0,0.0
1.6854097e-08,0.0,0.0
0.00016985086,0.0,0.0
3.2272717e-05,0.0,0.0
7.865784e-09,0.0,0.0
0.0003219874,0.0,0.0
0.00022685078,0.0,0.0
0.0001572024,0.0,0.0
4.254931e-06,0.0,1.0
1.7964972e-05,0.0,0.0
5.017759e-05,0.0,0.0
5.3499284e-06,0.0,0.0
1.5501353e-05,0.0,0.0
1.0076487e-06,0.0,0.0
0.00037525003,0.0,0.0
1.1619908e-06,0.0,0.0
3.060451e-06,0.0,0.0
7.729547e-06,0.0,0.0
6.4784433e-07,0.0,1.0
2.494122e-06,0.0,1.0
2.7278484e-05,0.0,1.0
1.4276284e-05,0.0,0.0
8.005273e-07,0.0,0.0
0.000144988,0.0,0.0
6.1637065e-06,0.0,0.0
1.2976428e-05,0.0,0.0
2.5197074e-05,0.0,0.0
3.7190555e-06,0.0,0.0
9.4462433e-07,0.0,0.0
7.1981412e-06,0.0,0.0
0.00071083364,0.0,0.0
1.5038969e-05,0.0,0.0
4.9371767e-05,0.0,0.0
0.0012857383,0.0,0.0
5.834204e-09,0.0,0.0
3.7234826e-05,0.0,0.0
0.0006385515,0.0,0.0
0.00017575664,0.0,0.0
0.00023113877,0.0,0.0
3.408181e-05,0.0,0.0
0.00028837018,0.0,0.0
3.8576836e-06,0.0,1.0
0.00043531362,0.0,0.0
0.00085848983,0.0,0.0
0.0013833223,0.0,1.0
0.0061490624,0.0,0.0
8.860456e-06,0.0,0.0
0.0007642515,0.0,0.0
3.2132396e-06,0.0,0.0
0.015315773,0.0,0.0
8.836676e-08,0.0,0.0
0.00051531655,0.0,0.0
0.0020353952,0.0,0.0
2.2018088e-05,0.0,0.0
1.3216168e-05,0.0,0.0
0.0011010871,1.0,0.0
1.49969055e-05,0.0,0.0
4.4112527e-09,0.0,0.0
1.064139e-08,1.0,0.0
0.00010985843,0.0,0.0
0.0016639086,0.0,0.0
1.8925273e-05,0.0,0.0
9.7952625e-06,0.0,0.0
4.1988226e-09,0.0,0.0
8.4391046e-05,0.0,0.0
0.00041037923,0.0,0.0
0.0012666502,0.0,0.0
0.0054524126,0.0,0.0
0.0005655708,0.0,0.0
4.773547e-05,0.0,0.0
3.2027208e-09,1.0,0.0
0.00023074949,0.0,0.0
0.006174374,0.0,0.0
0.0006665032,0.0,0.0
0.0005191089,0.0,0.0
0.009529644,0.0,0.0
0.027422952,0.0,0.0
1.09342545e-05,0.0,0.0
0.00013635114,0.0,0.0
4.2292536e-06,0.0,0.0
9.476199e-07,0.0,0.0
7.2860496e-07,0.0,0.0
0.00010914923,0.0,0.0
5.556812e-07,0.0,0.0
4.952523e-08,0.0,0.0
1.2359828e-07,1.0,0.0
3.997822e-07,1.0,0.0
7.110138e-07,0.0,0.0
3.1182842e-06,0.0,0.0
6.810524e-06,1.0,0.0
0.00033688213,0.0,0.0
7.2105495e-06,0.0,0.0
6.2047357e-06,1.0,0.0
4.8912684e-06,1.0,0.0
0.0005275028,0.0,0.0
0.0036776701,0.0,0.0
0.00056716433,0.0,0.0
5.871812e-05,0.0,0.0
3.7871625e-05,0.0,0.0
0.00040533202,0.0,0.0
0.00035617026,0.0,0.0
4.369935e-05,0.0,0.0
0.020831643,0.0,0.0
0.037554592,0.0,0.0
5.547174e-09,1.0,0.0
1.3653215e-05,0.0,0.0
0.00063690555,0.0,0.0
0.00038401745,0.0,0.0
9.36427e-05,0.0,0.0
1.8536168e-06,0.0,0.0
0.00071588944,0.0,0.0
5.8891914e-08,0.0,0.0
5.362453e-05,0.0,0.0
0.00033840822,0.0,0.0
4.4722155e-09,1.0,0.0
5.152956e-05,0.0,0.0
1.2434123e-05,1.0,0.0
0.00013723708,0.0,0.0
4.5884735e-05,0.0,0.0
2.1227937e-08,1.0,0.0
2.9634643e-07,1.0,0.0
3.6999666e-06,0.0,0.0
4.739542e-06,0.0,0.0
1.0590631e-05,1.0,0.0
0.00059160887,0.0,0.0
2.8883385e-05,0.0,0.0
9.4521096e-07,1.0,0.0
8.737358e-06,1.0,0.0
0.0001477539,0.0,0.0
1.3666358e-05,1.0,0.0
0.0057188286,0.0,0.0
7.072973e-09,1.0,0.0
0.00033418523,0.0,0.0
3.0328196e-05,0.0,0.0
0.000122956,0.0,0.0
0.0018254764,0.0,0.0
0.0011052403,0.0,0.0
3.5012008e-07,0.0,0.0
1.3113826e-07,0.0,0.0
3.844078e-05,0.0,0.0
0.0022228537,0.0,0.0
0.0015489114,0.0,0.0
5.6629966e-07,0.0,0.0
0.0023347973,0.0,0.0
0.0021072498,0.0,0.0
8.9670266e-07,0.0,0.0
0.0011182858,0.0,0.0
0.00015744526,0.0,0.0
0.0002230507,0.0,0.0
0.00042260633,0.0,0.0
0.0004487034,0.0,0.0
3.2549593e-05,0.0,1.0
3.3706428e-06,0.0,1.0
0.00013176,0.0,1.0
1.0199262e-05,0.0,0.0
0.00082532875,0.0,0.0
0.001323231,0.0,0.0
0.002084112,0.0,0.0
0.00022897864,0.0,0.0
0.0016153828,0.0,0.0
2.9940982e-06,0.0,0.0
0.00088982517,1.0,0.0
0.00069717877,0.0,0.0
5.3379217e-09,0.0,0.0
5.0228482e-05,1.0,0.0
0.00018574766,1.0,0.0
1.2405059e-05,0.0,0.0
0.0007075482,1.0,0.0
1.3994114e-05,1.0,0.0
0.0012903756,0.0,0.0
1.7432247e-07,0.0,0.0
0.0002072569,1.0,0.0
0.00026010213,1.0,0.0
3.3262972e-06,0.0,0.0
0.0002054648,1.0,0.0
0.00022810245,1.0,0.0
9.679761e-06,1.0,0.0
2.2728615e-05,0.0,0.0
4.1387582e-05,0.0,0.0
0.005824688,1.0,0.0
0.00215133,0.0,0.0
0.0028043785,0.0,0.0
0.0023037372,0.0,0.0
0.0022930969,1.0,0.0
0.017637117,0.0,0.0
0.022074012,0.0,0.0
0.00013638832,0.0,0.0
2.7649681e-05,0.0,0.0
0.00047139812,0.0,0.0
0.009240666,0.0,0.0
6.5942884e-05,0.0,0.0
0.00032619623,0.0,0.0
0.0030066993,0.0,0.0
0.00022203158,0.0,0.0
5.1046854e-06,0.0,0.0
0.00045080154,0.0,0.0
0.00038983757,0.0,0.0
0.00010250208,0.0,0.0
0.00018864559,0.0,0.0
2.0837747e-06,0.0,0.0
1.0986883e-05,0.0,0.0
4.8434486e-06,0.0,0.0
1.655517e-07,0.0,0.0
0.00019080316,0.0,0.0
0.0019538975,0.0,0.0
0.00066192826,0.0,0.0
1.0592268e-07,0.0,0.0
4.305946e-08,0.0,0.0
2.7311852e-08,0.0,0.0
1.1909949e-06,0.0,0.0
2.5114714e-05,0.0,1.0
1.3383614e-05,0.0,1.0
0.0002851398,0.0,0.0
3.929399e-05,0.0,0.0
4.0528535e-06,0.0,0.0
0.0003922947,0.0,0.0
1.1502408e-06,0.0,0.0
0.009690998,0.0,0.0
1.9104522e-09,0.0,0.0
6.196564e-05,0.0,0.0
3.830365e-06,0.0,0.0
4.8127968e-06,0.0,0.0
0.00032568196,0.0,0.0
5.7373203e-05,0.0,0.0
0.00019111305,0.0,0.0
0.000114310475,0.0,0.0
0.00062749773,0.0,0.0
0.00011346622,0.0,0.0
0.0005896346,0.0,0.0
7.453018e-08,0.0,0.0
2.3124609e-05,0.0,0.0
1.675792e-07,0.0,0.0
2.0477522e-09,0.0,0.0
1.6498035e-06,0.0,0.0
8.112723e-05,0.0,0.0
2.7638015e-08,0.0,0.0
7.382426e-10,0.0,0.0
2.0030195e-05,0.0,1.0
7.908978e-08,0.0,1.0
1.7551616e-05,0.0,0.0
1.7440276e-06,0.0,0.0
1.919174e-09,0.0,0.0
8.388326e-07,0.0,0.0
2.9159597e-07,0.0,0.0
3.3563214e-08,0.0,0.0
4.5645584e-07,0.0,0.0
0.0001352231,0.0,0.0
2.5746331e-08,0.0,0.0
1.2567298e-05,0.0,0.0
4.2351965e-07,0.0,0.0
8.724961e-10,0.0,0.0
1.9497864e-05,0.0,0.0
0.00032865725,0.0,0.0
1.253045e-05,0.0,0.0
0.0060492684,0.0,0.0
1.1994872e-05,0.0,0.0
0.0026732143,0.0,0.0
0.0010206064,0.0,0.0
1.984175e-06,0.0,0.0
1.7820811e-07,0.0,0.0
0.010794176,0.0,0.0
0.007150774,0.0,0.0
0.00016160696,0.0,0.0
2.841504e-07,0.0,0.0
0.0015700109,0.0,0.0
3.5488196e-05,0.0,0.0
0.0015014746,0.0,0.0
8.852837e-06,0.0,0.0
0.09309933,0.0,0.0
2.2157476e-06,0.0,0.0
0.0001436126,0.0,0.0
0.0007401532,0.0,0.0
8.689471e-06,0.0,0.0
0.0006813522,0.0,0.0
0.00023841097,0.0,0.0
1.4088647e-06,0.0,0.0
9.796794e-07,0.0,0.0
6.6270254e-06,0.0,0.0
2.3390136e-08,0.0,0.0
4.9127728e-08,0.0,0.0
9.6070075e-08,0.0,1.0
3.90047e-08,0.0,1.0
3.037454e-06,0.0,0.0
5.4195276e-05,0.0,0.0
2.4202596e-05,0.0,0.0
0.0011169332,0.0,0.0
9.518265e-10,0.0,0.0
1.4231897e-07,0.0,0.0
0.00021145526,0.0,0.0
3.8811046e-05,0.0,0.0
8.34755e-05,0.0,0.0
7.6669545e-05,0.0,0.0
0.002028804,0.0,0.0
0.0053472817,0.0,0.0
8.414883e-06,0.0,1.0
3.3568977e-08,0.0,1.0
1.589053e-05,0.0,0.0
9.221944e-05,0.0,0.0
3.937997e-05,0.0,0.0
0.00017724773,0.0,0.0
6.8000143e-09,0.0,1.0
6.692274e-07,0.0,1.0
1.1907655e-06,0.0,0.0
6.2366205e-05,0.0,0.0
5.109056e-07,0.0,0.0
0.00010824457,0.0,0.0
5.284139e-07,0.0,0.0
8.476673e-05,0.0,0.0
2.3051058e-08,0.0,0.0
0.00020676384,0.0,0.0
1.6133068e-07,0.0,0.0
4.09842e-07,0.0,0.0
0.00011019344,0.0,0.0
0.00012933758,0.0,0.0
0.0006229465,0.0,0.0
0.0009196737,0.0,0.0
0.00017976778,0.0,0.0
1.3851648e-07,0.0,0.0
0.00030228266,0.0,0.0
6.0754846e-05,0.0,0.0
4.279204e-09,0.0,0.0
9.6604446e-05,0.0,0.0
8.4937955e-07,0.0,0.0
3.348494e-05,0.0,0.0
0.000846131,0.0,0.0
0.00732239,0.0,0.0
9.092026e-07,0.0,1.0
1.1483534e-06,0.0,0.0
2.4769274e-06,0.0,0.0
5.1231364e-05,0.0,1.0
1.4222605e-06,0.0,1.0
0.00016758226,0.0,0.0
2.1809106e-09,0.0,0.0
2.309748e-09,0.0,1.0
8.3095065e-06,0.0,0.0
3.1726457e-05,0.0,0.0
1.1324413e-05,0.0,0.0
1.1359537e-06,0.0,0.0
3.9669103e-06,0.0,0.0
0.008836494,0.0,0.0
2.1507054e-09,0.0,0.0
3.8093298e-05,0.0,0.0
5.3310145e-05,0.0,0.0
0.0002014255,0.0,0.0
6.976575e-08,0.0,0.0
0.0038051214,0.0,1.0
8.876887e-05,0.0,0.0
4.9243354e-05,0.0,0.0
0.0058184974,0.0,0.0
1.5568627e-05,0.0,0.0
8.436868e-05,0.0,0.0
0.0127733,0.0,0.0
0.00042258136,0.0,0.0
2.9713463e-05,0.0,0.0
0.00216697,0.0,0.0
0.001330937,0.0,1.0
8.9159534e-05,0.0,0.0
1.22419615e-05,0.0,0.0
0.00019362131,0.0,0.0
8.358881e-09,0.0,0.0
5.22691e-06,0.0,0.0
0.0001912434,0.0,0.0
0.00021479698,0.0,0.0
1.6799316e-07,0.0,0.0
7.575898e-05,0.0,0.0
9.703885e-10,0.0,0.0
8.453617e-07,0.0,0.0
0.00012936485,0.0,0.0
5.8697514e-10,0.0,0.0
0.0039379294,0.0,0.0
2.111494e-05,0.0,0.0
0.00011629588,0.0,0.0
0.0015847576,0.0,0.0
5.774921e-05,0.0,0.0
3.5928322e-05,0.0,1.0
0.0010999071,0.0,0.0
1.3749479e-09,0.0,0.0
0.0004113929,0.0,0.0
0.00015450518,0.0,0.0
1.0435272e-07,0.0,0.0
1.5947615e-08,0.0,0.0
8.731061e-06,0.0,0.0
9.2142926e-07,0.0,0.0
4.2104348e-05,0.0,0.0
3.8704227e-05,0.0,0.0
4.2679353e-06,0.0,0.0
5.6547997e-06,0.0,0.0
2.1910323e-06,0.0,0.0
2.5250526e-07,0.0,1.0
1.2643924e-09,0.0,0.0
3.6837733e-05,0.0,0.0
5.865795e-08,0.0,0.0
1.4354694e-08,0.0,0.0
0.0014080837,0.0,0.0
1.3226746e-05,0.0,0.0
4.8158912e-05,0.0,0.0
1.1494344e-09,0.0,0.0
7.897988e-08,0.0,0.0
3.661048e-06,0.0,0.0
4.0761574e-06,0.0,0.0
0.00051961857,0.0,0.0
7.3770802e-06,0.0,0.0
7.227384e-07,0.0,0.0
0.00025959965,0.0,0.0
3.3165408e-09,0.0,0.0
2.3451337e-05,0.0,0.0
0.00011681659,0.0,0.0
0.000880113,0.0,0.0
0.011553214,0.0,0.0
6.178414e-05,0.0,0.0
0.0019832673,0.0,1.0
5.4685195e-05,0.0,0.0
0.0008083378,0.0,0.0
8.116477e-06,0.0,0.0
0.00011360404,0.0,0.0
0.008038836,0.0,0.0
7.195744e-05,0.0,0.0
5.93308e-05,0.0,1.0
0.0034029712,0.0,0.0
4.894526e-07,0.0,0.0
0.00026611023,0.0,0.0
2.8007612e-09,0.0,0.0
2.1527443e-05,0.0,0.0
2.3016922e-08,0.0,0.0
0.01890577,0.0,0.0
9.399314e-06,0.0,0.0
0.00013618702,0.0,0.0
0.0010759583,0.0,0.0
0.0012120527,0.0,1.0
3.2357696e-07,0.0,1.0
4.161721e-05,0.0,1.0
2.422079e-05,0.0,1.0
0.00067846326,0.0,0.0
0.00012173629,0.0,0.0
0.0006606118,0.0,0.0
0.00023829099,0.0,0.0
0.00066341774,0.0,0.0
0.0016268634,0.0,0.0
4.516998e-05,0.0,0.0
0.00010113775,0.0,0.0
0.000102730075,0.0,0.0
1.944726e-07,0.0,0.0
3.2596795e-08,0.0,0.0
1.6778054e-07,0.0,0.0
1.4186381e-06,0.0,0.0
2.5039196e-06,0.0,0.0
4.2776824e-06,0.0,0.0
3.0645122e-05,0.0,0.0
6.329503e-09,0.0,0.0
5.5448913e-07,0.0,0.0
8.7399584e-08,0.0,0.0
0.0017726313,0.0,0.0
1.2579756e-05,0.0,0.0
1.1138986e-08,0.0,0.0
1.6462891e-07,0.0,1.0
0.0007013127,0.0,0.0
0.00025246025,0.0,0.0
2.0538535e-05,0.0,0.0
0.004091467,0.0,0.0
1.5024185e-06,0.0,0.0
0.0001738696,0.0,0.0
0.00057547825,0.0,0.0
9.663456e-10,0.0,0.0
1.0724328e-06,0.0,1.0
8.532954e-07,0.0,1.0
6.7677524e-07,0.0,1.0
2.0248235e-05,0.0,0.0
9.327567e-09,0.0,0.0
3.513792e-06,0.0,0.0
1.2886865e-06,0.0,0.0
1.7198718e-07,0.0,0.0
6.9241827e-07,0.0,0.0
0.013692517,0.0,0.0
1.9688805e-05,0.0,0.0
5.699911e-07,0.0,0.0
2.9973103e-07,0.0,0.0
4.977613e-06,0.0,0.0
6.830572e-05,0.0,0.0
6.3954126e-08,0.0,0.0
0.00038971458,0.0,0.0
8.361176e-06,0.0,1.0
2.7354341e-05,0.0,1.0
5.9435562e-05,0.0,1.0
1.8517385e-05,0.0,0.0
9.484427e-07,0.0,0.0
0.00014668422,0.0,0.0
9.0501046e-05,0.0,0.0
4.627932e-06,0.0,0.0
0.00022815313,0.0,0.0
1.7211667e-09,0.0,0.0
6.752801e-05,0.0,0.0
5.467235e-07,0.0,0.0
0.00028167502,0.0,0.0
0.00015724452,0.0,1.0
3.598476e-05,0.0,0.0
0.000867251,0.0,0.0
0.00057443016,0.0,0.0
5.4525207e-10,0.0,0.0
6.922546e-05,0.0,0.0
1.7687337e-06,0.0,0.0
2.3762561e-07,0.0,0.0
2.8479385e-06,0.0,0.0
5.5785087e-05,0.0,0.0
4.205824e-05,0.0,0.0
2.3782678e-09,0.0,1.0
2.1796719e-05,0.0,0.0
1.9320707e-05,0.0,1.0
1.947803e-06,0.0,0.0
0.000539264,0.0,0.0
0.00034673852,0.0,0.0
2.7510243e-06,0.0,0.0
0.00034002855,0.0,0.0
9.446175e-10,0.0,0.0
9.24658e-06,0.0,0.0
5.7866628e-06,0.0,0.0
6.905376e-08,0.0,0.0
1.0589378e-07,0.0,0.0
5.8577502e-06,0.0,0.0
1.5416214e-05,0.0,0.0
1.3057088e-06,0.0,0.0
3.3527166e-07,0.0,0.0
8.077514e-05,0.0,1.0
1.3712864e-07,0.0,1.0
1.4357344e-05,0.0,0.0
1.9430796e-05,0.0,0.0
6.931014e-06,0.0,0.0
0.0034698034,0.0,0.0
4.1550934e-06,0.0,0.0
5.7658526e-05,0.0,0.0
2.6680862e-06,0.0,0.0
0.0003748617,0.0,0.0
0.00037351958,0.0,0.0
0.0001298555,0.0,0.0
0.0034877157,0.0,1.0
7.730978e-06,1.0,1.0
2.660816e-06,1.0,1.0
0.00014845861,0.0,0.0
1.8899561e-06,0.0,0.0
0.00020779333,0.0,0.0
0.0038860396,0.0,0.0
2.4475404e-09,0.0,0.0
7.572191e-08,0.0,0.0
7.5923595e-06,0.0,0.0
7.057019e-06,0.0,0.0
5.6757734e-05,0.0,0.0
2.3335447e-09,0.0,0.0
0.0015766458,0.0,0.0
5.444202e-07,0.0,0.0
7.664393e-07,0.0,0.0
8.612428e-07,0.0,0.0
4.943127e-05,0.0,0.0
5.9546986e-05,0.0,0.0
1.8956898e-09,0.0,0.0
4.9281526e-09,0.0,0.0
8.600574e-05,0.0,0.0
1.7270031e-06,0.0,0.0
2.6904173e-08,0.0,0.0
0.0015783847,0.0,0.0
0.0025891415,0.0,0.0
0.0009857321,0.0,0.0
0.01539575,0.0,0.0
1.5564146e-06,0.0,0.0
1.393314e-07,0.0,0.0
3.531345e-06,0.0,0.0
0.00012303363,0.0,0.0
0.00041940872,0.0,0.0
1.0171607e-05,0.0,0.0
1.6798333e-05,0.0,0.0
0.001786561,0.0,0.0
0.0006397174,0.0,0.0
0.0003404603,0.0,0.0
4.390762e-06,0.0,0.0
1.3150623e-07,0.0,0.0
7.3820206e-06,0.0,0.0
0.00044627045,0.0,0.0
1.2293539e-07,0.0,0.0
0.000106247564,0.0,0.0
1.1094363e-05,0.0,0.0
1.5829838e-07,0.0,0.0
2.7436176e-06,0.0,0.0
3.1971858e-06,0.0,0.0
9.095901e-06,0.0,0.0
0.0057735858,0.0,0.0
1.5818159e-09,0.0,0.0
9.943074e-07,0.0,0.0
0.004290265,0.0,0.0
1.0794616e-06,0.0,0.0
9.069622e-07,0.0,0.0
0.0020115,0.0,0.0
4.7098618e-07,0.0,0.0
2.2387971e-07,0.0,0.0
0.00766359,0.0,0.0
2.9349021e-05,0.0,0.0
8.9942085e-05,0.0,0.0
0.00046191268,0.0,0.0
5.759532e-06,0.0,0.0
0.003335415,0.0,0.0
7.1005825e-06,0.0,0.0
0.00018862796,0.0,0.0
7.965696e-06,1.0,0.0
0.015310207,0.0,0.0
1.7426395e-07,1.0,1.0
0.023923561,0.0,0.0
2.4788842e-06,0.0,0.0
4.5306655e-07,0.0,0.0
0.0022725002,0.0,0.0
2.3957205e-07,0.0,0.0
3.3588724e-06,0.0,1.0
1.1353678e-06,0.0,0.0
0.001143204,0.0,0.0
0.00029532434,0.0,0.0
3.7557747e-06,0.0,0.0
1.1595907e-06,0.0,0.0
4.280596e-06,0.0,0.0
2.4282016e-09,0.0,0.0
1.43866055e-05,0.0,0.0
7.1233325e-07,0.0,0.0
2.3891384e-06,0.0,0.0
2.0996025e-09,0.0,0.0
1.6066022e-05,0.0,0.0
0.0055749402,0.0,0.0
4.2291953e-07,0.0,0.0
0.00034805614,0.0,0.0
6.169571e-05,0.0,0.0
3.192847e-06,1.0,0.0
0.007214545,0.0,1.0
0.0005403676,1.0,0.0
0.0018283606,0.0,0.0
2.0227853e-05,0.0,0.0
0.0012945439,0.0,0.0
1.4209308e-05,0.0,0.0
4.73315e-06,0.0,1.0
3.1740623e-05,0.0,0.0
3.1238262e-06,0.0,1.0
7.814644e-08,0.0,0.0
0.00024827814,0.0,0.0
2.09901e-05,0.0,0.0
0.00033914344,0.0,0.0
3.203639e-05,0.0,0.0
5.011762e-07,0.0,0.0
0.0019425128,0.0,0.0
0.00012355483,0.0,0.0
2.3599622e-09,0.0,0.0
1.6505022e-05,0.0,0.0
0.00077942736,0.0,0.0
3.667737e-06,0.0,0.0
8.028837e-06,0.0,0.0
0.0007199583,0.0,0.0
0.0045633623,0.0,0.0
3.36016e-05,0.0,0.0
2.8871656e-09,0.0,1.0
6.5754147e-10,0.0,1.0
0.00046704945,0.0,1.0
2.116541e-06,0.0,0.0
0.00016102707,0.0,0.0
8.3421386e-05,0.0,0.0
0.0006492544,0.0,0.0
0.00014051293,0.0,0.0
0.00021899163,0.0,0.0
0.0005766494,0.0,0.0
0.0009581083,0.0,0.0
9.74706e-06,0.0,0.0
1.534474e-05,0.0,0.0
0.00092727103,0.0,0.0
5.7677266e-06,0.0,0.0
0.0011358036,0.0,0.0
1.2906506e-06,0.0,0.0
9.0357216e-10,0.0,0.0
2.7351322e-07,0.0,0.0
0.00013172481,1.0,0.0
0.0005372177,1.0,0.0
9.780341e-05,1.0,1.0
3.0318046e-05,1.0,0.0
1.0883361e-05,1.0,0.0
1.0137896e-05,1.0,0.0
9.5898824e-05,1.0,0.0
0.023309402,1.0,0.0
2.8552842e-07,1.0,0.0
4.5521465e-05,1.0,0.0
0.00035126947,0.0,0.0
5.883126e-09,0.0,0.0
0.0015210682,0.0,0.0
0.00057653204,0.0,0.0
1.5003494e-09,0.0,0.0
0.0028351073,0.0,0.0
8.95801e-05,0.0,0.0
0.00094758155,0.0,0.0
0.0003631607,0.0,0.0
1.6069378e-05,0.0,0.0
0.0003936788,0.0,0.0
0.00025789696,0.0,0.0
9.317596e-05,0.0,0.0
1.6842287e-05,0.0,0.0
5.4493547e-08,0.0,0.0
1.0067228e-05,0.0,1.0
2.111754e-05,0.0,0.0
3.032422e-07,0.0,0.0
0.011230261,0.0,0.0
0.00027963077,0.0,0.0
0.0015993348,0.0,0.0
0.004075205,0.0,0.0
0.000110751556,0.0,0.0
0.00504149,0.0,0.0
0.004954402,0.0,0.0
0.007983442,0.0,0.0
8.3036066e-05,0.0,0.0
0.00039427163,0.0,0.0
0.0022240502,0.0,1.0
0.0018558804,0.0,0.0
0.0002054131,0.0,0.0
4.0928617e-07,0.0,0.0
0.0047916956,0.0,0.0
0.007488157,0.0,0.0
0.0006829472,0.0,0.0
0.053655133,0.0,0.0
0.00046210602,0.0,0.0
0.006779344,0.0,0.0
0.000118346354,0.0,0.0
0.00045746856,0.0,0.0
0.0013777962,0.0,0.0
0.006106301,0.0,0.0
9.4957904e-05,0.0,0.0
7.328307e-05,0.0,0.0
0.00010808027,0.0,0.0
3.0827947e-09,0.0,0.0
1.7946745e-07,0.0,1.0
2.0909663e-09,0.0,1.0
0.00015153544,0.0,0.0
0.00089586957,1.0,0.0
3.8696844e-06,0.0,0.0
0.00011840404,0.0,0.0
0.0009780895,1.0,0.0
0.0010052406,1.0,0.0
1.1979409e-09,1.0,0.0
3.7222646e-05,1.0,0.0
1.4765816e-06,1.0,0.0
2.3276648e-08,1.0,0.0
5.420513e-06,1.0,0.0
0.00356586,0.0,0.0
3.6392569e-06,0.0,0.0
5.359429e-07,0.0,1.0
0.00018018308,0.0,0.0
0.0010484663,0.0,0.0
1.0542719e-06,0.0,0.0
0.0017086772,0.0,0.0
0.0004229062,0.0,0.0
0.0020145723,0.0,0.0
6.562701e-09,0.0,1.0
1.1980139e-09,0.0,0.0
6.465964e-08,0.0,0.0
1.7683673e-05,1.0,0.0
3.0542104e-09,0.0,0.0
0.0072869346,0.0,0.0
0.0086884005,0.0,0.0
9.520497e-05,0.0,0.0
0.00343847,0.0,0.0
0.00064945215,0.0,0.0
0.0058884467,0.0,0.0
0.00091834355,0.0,0.0
0.00017083107,0.0,1.0
6.4961896e-06,1.0,1.0
2.3236644e-05,1.0,0.0
0.00044935205,1.0,0.0
0.019811912,1.0,1.0
1.673302e-05,0.0,0.0
1.5151858e-06,1.0,0.0
0.0002575829,0.0,0.0
0.008249374,0.0,0.0
0.0035852748,0.0,0.0
1.4870142e-05,0.0,0.0
2.780998e-06,0.0,1.0
0.001962276,0.0,1.0
0.01923287,0.0,0.0
0.021237314,0.0,0.0
0.00010118897,0.0,0.0
3.1550306e-07,0.0,0.0
8.3684487e-10,0.0,0.0
5.27366e-09,0.0,0.0
0.00096648955,0.0,0.0
6.7074634e-06,0.0,1.0
4.8121404e-07,1.0,1.0
2.0765322e-08,1.0,0.0
1.1911474e-08,1.0,0.0
0.006124865,1.0,1.0
0.00058306893,0.0,0.0
3.2458984e-09,1.0,0.0
0.0011277555,0.0,0.0
0.009333218,0.0,0.0
1.409428e-05,0.0,0.0
0.00044955107,0.0,0.0
2.2414088e-06,0.0,0.0
0.0002651643,0.0,0.0
5.6367106e-05,0.0,0.0
6.517325e-06,0.0,0.0
2.3038694e-05,0.0,0.0
0.0005073952,0.0,0.0
0.00030860244,0.0,0.0
0.00022418135,0.0,0.0
5.350388e-05,0.0,0.0
3.351094e-05,1.0,0.0
0.0007140988,1.0,0.0
7.770427e-05,1.0,0.0
0.0010062016,0.0,0.0
0.0022255722,0.0,0.0
0.0001403339,1.0,0.0
1.4582299e-06,1.0,0.0
0.00890222,0.0,0.0
3.0151477e-06,0.0,0.0
3.596769e-06,1.0,0.0
1.7614229e-06,1.0,0.0
6.0587816e-05,0.0,0.0
1.1478904e-08,0.0,0.0
0.0039126244,0.0,0.0
0.00024451147,0.0,0.0
0.0046662544,0.0,0.0
0.005581214,0.0,0.0
0.00353286,0.0,0.0
0.0015365568,0.0,0.0
0.0007750117,0.0,0.0
0.053118467,0.0,0.0
0.007111068,0.0,0.0
0.0029042703,0.0,0.0
0.0031563276,0.0,0.0
0.000111711124,0.0,0.0
0.0039156214,0.0,0.0
0.004877338,0.0,0.0
3.474713e-05,0.0,0.0
0.0006538695,0.0,0.0
0.00013761526,1.0,0.0
2.4889944e-06,1.0,0.0
1.8233761e-06,1.0,0.0
0.00024177667,1.0,0.0
7.788275e-07,1.0,0.0
7.76591e-05,0.0,0.0
0.000359399,0.0,0.0
0.0001992956,1.0,0.0
0.0002854937,1.0,0.0
0.004425419,1.0,1.0
2.8368942e-05,1.0,0.0
1.7769908e-05,1.0,0.0
7.929698e-05,0.0,0.0
5.8767252e-08,1.0,0.0
8.986896e-05,0.0,0.0
0.00044651964,0.0,0.0
1.0615207e-06,0.0,0.0
2.57152e-06,0.0,0.0
4.390645e-06,0.0,0.0
0.004406635,0.0,0.0
0.010899957,0.0,0.0
0.0010294964,0.0,0.0
0.0019103787,0.0,0.0
1.8091214e-09,0.0,0.0
0.00025868227,0.0,0.0
0.04699718,0.0,0.0
0.0017006771,0.0,0.0
0.0005124291,0.0,0.0
1.7069635e-05,0.0,0.0
2.0119675e-09,0.0,0.0
0.0018110365,0.0,0.0
0.003152786,1.0,0.0
0.16540347,0.0,0.0
9.846053e-06,0.0,0.0
4.680861e-05,0.0,0.0
9.6889984e-05,0.0,0.0
0.00010566549,0.0,0.0
9.224583e-05,0.0,0.0
5.741606e-05,0.0,0.0
0.00041861608,0.0,0.0
0.0024220862,1.0,0.0
2.3963426e-06,1.0,0.0
0.0065575666,0.0,0.0
0.00013315222,0.0,0.0
2.9529905e-05,1.0,0.0
0.0026460371,0.0,0.0
5.1348892e-05,1.0,0.0
2.1669791e-06,1.0,0.0
8.2808954e-05,1.0,0.0
4.0851587e-06,1.0,0.0
3.0202978e-09,1.0,0.0
0.00013622196,1.0,0.0
1.8633648e-06,1.0,0.0
3.6901946e-07,1.0,0.0
0.00026622316,1.0,0.0
1.021885e-05,1.0,0.0
2.4403329e-05,0.0,0.0
0.0054281144,0.0,0.0
2.2464704e-08,0.0,0.0
3.9436156e-05,0.0,1.0
0.0009533855,0.0,0.0
6.5072763e-06,0.0,0.0
9.014038e-06,0.0,0.0
3.530129e-06,0.0,0.0
1.0311136e-06,0.0,0.0
1.50773985e-05,0.0,0.0
4.9134578e-05,0.0,1.0
0.00049984845,0.0,0.0
8.9815085e-06,0.0,0.0
1.2432503e-06,0.0,0.0
0.01243552,0.0,0.0
2.84736e-08,0.0,0.0
0.01455421,0.0,0.0
6.80108e-07,0.0,0.0
9.714969e-06,0.0,1.0
7.393169e-07,0.0,1.0
6.4960255e-07,0.0,0.0
3.9584825e-06,0.0,0.0
0.00048243153,0.0,0.0
1.8317266e-07,0.0,0.0
4.0190025e-06,0.0,0.0
1.1739495e-05,0.0,0.0
0.00030524906,0.0,0.0
7.5346936e-05,0.0,0.0
6.964049e-06,0.0,0.0
8.910534e-09,0.0,0.0
2.4737175e-05,0.0,0.0
0.00015216805,0.0,0.0
5.0963215e-05,0.0,0.0
2.466819e-06,0.0,1.0
2.0312536e-06,0.0,0.0
1.1924963e-06,0.0,0.0
7.2864657e-07,1.0,0.0
4.6833055e-08,1.0,0.0
1.1745794e-06,0.0,0.0
5.4584593e-06,1.0,0.0
1.3040938e-08,0.0,0.0
1.2692453e-07,1.0,0.0
9.836538e-08,0.0,0.0
8.566302e-05,0.0,1.0
2.4906301e-05,0.0,1.0
7.393601e-05,0.0,1.0
8.8342995e-06,1.0,0.0
8.6332275e-06,1.0,0.0
7.842804e-07,1.0,0.0
5.0615176e-06,0.0,1.0
2.2133687e-05,0.0,0.0
7.818461e-08,1.0,0.0
3.2569638e-08,0.0,0.0
1.1690316e-07,1.0,0.0
1.852219e-05,0.0,1.0
5.3309236e-07,0.0,1.0
5.198423e-07,1.0,1.0
1.937748e-06,0.0,1.0
5.1380784e-06,0.0,0.0
1.18902996e-07,0.0,0.0
3.0869393e-07,0.0,0.0
6.012772e-07,0.0,0.0
1.1403376e-06,0.0,1.0
1.9060484e-05,0.0,0.0
3.1818843e-05,0.0,0.0
1.2552975e-06,0.0,1.0
8.016472e-07,0.0,0.0
9.047472e-06,0.0,0.0
3.7230596e-09,0.0,0.0
4.2677398e-06,0.0,0.0
3.815363e-06,0.0,0.0
2.0055305e-07,0.0,0.0
0.00021353013,0.0,0.0
2.297446e-06,0.0,0.0
0.00014908207,0.0,0.0
0.00020331761,0.0,0.0
0.000610072,0.0,0.0
7.2712332e-06,0.0,1.0
0.011130119,0.0,0.0
4.625717e-06,0.0,0.0
0.0009808294,0.0,0.0
0.0014750592,0.0,0.0
2.5819884e-07,0.0,0.0
0.0033582696,0.0,0.0
9.876853e-06,0.0,0.0
7.6015017e-06,0.0,0.0
1.2775165e-09,0.0,0.0
7.3481933e-06,1.0,0.0
0.00014395687,0.0,0.0
0.00019165777,0.0,0.0
0.003961158,0.0,0.0
8.7496455e-09,1.0,0.0
3.41409e-07,1.0,0.0
4.621973e-05,1.0,1.0
1.2549082e-05,1.0,1.0
2.617047e-07,1.0,0.0
5.244293e-07,1.0,0.0
0.00059139513,1.0,0.0
6.389003e-05,0.0,0.0
7.477311e-05,0.0,0.0
1.4301289e-06,1.0,0.0
0.002542956,0.0,0.0
2.8735374e-07,0.0,0.0
3.5367846e-06,0.0,0.0
4.5245697e-06,0.0,0.0
0.00034184664,0.0,0.0
4.5284764e-06,0.0,0.0
5.5014414e-05,0.0,0.0
7.848499e-06,0.0,0.0
5.323414e-05,0.0,0.0
6.972806e-05,0.0,0.0
0.00020441627,0.0,0.0
0.0006746288,0.0,0.0
0.0003126665,0.0,0.0
7.0231625e-05,0.0,0.0
0.00022701957,0.0,0.0
0.00029442838,0.0,0.0
0.00061102543,0.0,0.0
0.00068496016,0.0,0.0
0.0002414012,0.0,0.0
0.011660174,0.0,0.0
6.357504e-05,0.0,0.0
0.0012798997,0.0,0.0
0.0007981654,0.0,0.0
3.538398e-05,0.0,0.0
3.4480647e-06,0.0,0.0
0.023329679,0.0,0.0
0.0027984283,0.0,0.0
0.0001716771,0.0,0.0
0.0025856774,0.0,0.0
0.0021334419,0.0,0.0
2.0270223e-05,0.0,0.0
5.0040416e-09,0.0,0.0
9.597714e-06,0.0,0.0
1.8821481e-06,0.0,0.0
0.00011387921,0.0,0.0
0.00021728073,0.0,0.0
2.9509329e-05,0.0,0.0
3.2102755e-05,0.0,0.0
2.3607216e-05,0.0,0.0
1.7934997e-05,0.0,0.0
0.0014595198,0.0,0.0
4.5599617e-09,0.0,0.0
1.0804775e-05,0.0,0.0
0.006827016,0.0,0.0
0.00015771408,0.0,0.0
0.00088206824,0.0,0.0
8.501769e-05,0.0,0.0
5.3139524e-06,0.0,1.0
0.00070471916,0.0,1.0
0.0007510104,0.0,0.0
9.724711e-06,0.0,1.0
0.0002778669,0.0,1.0
0.006918438,0.0,0.0
1.2443471e-05,0.0,0.0
0.0005707913,0.0,0.0
0.00092836097,0.0,0.0
0.000492437,0.0,0.0
0.00031047728,0.0,0.0
1.7796269e-09,0.0,0.0
8.508011e-06,0.0,0.0
1.3452028e-08,0.0,0.0
5.5133576e-05,0.0,0.0
0.00014473824,0.0,0.0
0.00017500279,0.0,0.0
3.068803e-05,0.0,0.0
2.1429507e-06,0.0,0.0
0.00014128815,0.0,0.0
0.00021664667,0.0,0.0
0.006489195,0.0,0.0
0.0012895892,0.0,0.0
0.00028962246,0.0,0.0
1.6777526e-06,0.0,0.0
2.2300773e-07,0.0,0.0
1.3707139e-09,0.0,0.0
1.1577034e-06,0.0,0.0
9.573192e-07,0.0,0.0
1.2719523e-05,0.0,0.0
3.372735e-05,1.0,0.0
6.0363334e-07,0.0,1.0
4.977314e-06,0.0,0.0
3.761369e-08,0.0,0.0
2.615657e-05,0.0,0.0
9.6849624e-05,0.0,0.0
0.0019831962,0.0,0.0
0.0037475135,0.0,0.0
2.6494065e-06,0.0,0.0
3.087215e-08,0.0,0.0
0.0006612738,0.0,0.0
2.8594458e-09,0.0,0.0
0.0009678916,0.0,0.0
7.872572e-05,0.0,0.0
4.2976617e-06,0.0,0.0
2.2930061e-07,0.0,1.0
3.2632556e-06,0.0,0.0
8.8916545e-09,0.0,0.0
0.02076118,0.0,0.0
0.0019371527,0.0,0.0
3.1860076e-05,0.0,0.0
0.00040142843,0.0,0.0
2.3563666e-06,0.0,0.0
0.00020914116,0.0,0.0
0.00022152577,0.0,0.0
0.00037437014,0.0,0.0
1.3527925e-06,0.0,0.0
5.1546533e-07,0.0,0.0
0.00013134054,0.0,0.0
1.2318866e-09,0.0,0.0
1.1932577e-05,1.0,0.0
3.5980312e-07,0.0,0.0
0.0005595461,0.0,1.0
3.985083e-09,0.0,1.0
4.07141e-06,1.0,0.0
2.5824738e-06,1.0,0.0
0.00021291617,1.0,0.0
5.4829732e-05,1.0,1.0
1.6529312e-07,1.0,0.0
2.5753616e-05,1.0,0.0
1.247948e-05,1.0,0.0
8.873766e-06,0.0,0.0
1.23574155e-05,1.0,0.0
2.8446027e-07,1.0,0.0
6.377235e-06,0.0,0.0
1.210505e-06,0.0,0.0
1.0781698e-05,0.0,0.0
5.3316506e-07,1.0,0.0
0.0023539057,0.0,0.0
1.7008393e-08,0.0,0.0
3.626401e-05,0.0,0.0
5.3529904e-05,0.0,0.0
0.00015589493,0.0,0.0
1.8474449e-08,0.0,0.0
5.7977322e-05,0.0,0.0
0.008574116,0.0,0.0
0.0026743093,0.0,0.0
0.00011028258,0.0,0.0
0.0013299804,0.0,0.0
0.0071965703,0.0,1.0
1.9567715e-06,0.0,1.0
2.7544724e-05,0.0,1.0
5.8594546e-06,0.0,0.0
0.00014233247,0.0,0.0
1.3762714e-07,1.0,0.0
0.0023693014,0.0,0.0
0.00033681936,0.0,0.0
1.1535811e-09,1.0,0.0
5.17269e-06,1.0,0.0
2.2853037e-07,0.0,0.0
4.1381227e-05,0.0,0.0
1.2102945e-09,1.0,0.0
8.613706e-05,1.0,0.0
2.5227393e-05,0.0,0.0
1.0986998e-05,1.0,0.0
5.941978e-06,1.0,0.0
1.9037553e-07,0.0,0.0
3.9341257e-06,1.0,0.0
0.00014139773,1.0,0.0
0.00019157429,1.0,0.0
6.2448875e-05,0.0,0.0
1.1045789e-08,1.0,0.0
1.6280814e-05,1.0,0.0
0.0006503496,1.0,0.0
0.00027052377,1.0,0.0
0.0024903482,1.0,1.0
0.0030956725,1.0,0.0
0.0001297316,1.0,1.0
0.00025556696,0.0,0.0
3.5868314e-05,1.0,0.0
0.009574969,0.0,0.0
0.0001264103,0.0,0.0
0.00086222857,0.0,0.0
0.0066422736,1.0,0.0
1.803984e-09,0.0,0.0
0.009373301,0.0,0.0
0.0005433228,0.0,0.0
2.9764542e-05,1.0,0.0
1.6662924e-06,1.0,0.0
0.000175341,1.0,0.0
0.0001270818,1.0,0.0
0.0006505269,1.0,0.0
3.693846e-06,0.0,1.0
1.3227313e-05,0.0,1.0
0.00020704733,0.0,1.0
0.0022622729,0.0,1.0
0.000105796964,0.0,0.0
1.6018505e-05,0.0,0.0
0.0004812505,0.0,0.0
0.005472665,0.0,0.0
3.929019e-06,0.0,0.0
3.3166565e-08,0.0,0.0
9.401295e-05,0.0,0.0
0.0067653083,0.0,0.0
0.0019054074,0.0,0.0
5.410625e-05,0.0,0.0
2.1547744e-09,0.0,0.0
1.5773203e-05,0.0,0.0
0.003052234,0.0,0.0
2.0715634e-05,0.0,0.0
0.0012152212,0.0,0.0
0.0031851183,0.0,0.0
6.856793e-05,0.0,1.0
0.00027823247,0.0,0.0
2.5220952e-06,1.0,0.0
0.00058537844,1.0,0.0
0.0012698142,1.0,0.0
0.00013061851,1.0,0.0
7.115865e-05,0.0,0.0
0.00058154075,0.0,0.0
0.00030439903,0.0,0.0
1.8008748e-05,0.0,0.0
6.683821e-05,0.0,0.0
3.8057287e-08,0.0,0.0
0.015401098,0.0,0.0
6.982767e-05,0.0,0.0
0.0001839015,0.0,0.0
1.6620786e-06,0.0,0.0
5.783419e-05,0.0,0.0
4.640081e-06,0.0,0.0
0.012317702,0.0,0.0
0.0034657414,0.0,0.0
6.3705943e-07,0.0,0.0
5.9823604e-05,0.0,0.0
0.016669283,0.0,0.0
0.00025086274,0.0,0.0
1.5517594e-06,0.0,0.0
4.04634e-05,0.0,1.0
1.3673622e-05,0.0,1.0
0.00021023159,0.0,0.0
1.5022537e-06,0.0,0.0
7.790236e-07,0.0,1.0
3.2523324e-08,1.0,1.0
6.16296e-06,0.0,0.0
6.3619973e-07,1.0,0.0
3.336209e-09,0.0,0.0
5.1731902e-08,1.0,0.0
2.3289793e-08,0.0,0.0
5.5124715e-06,0.0,0.0
2.7211006e-05,1.0,0.0
1.7536945e-07,1.0,0.0
1.546969e-05,1.0,0.0
0.0009481284,0.0,0.0
5.9203364e-07,0.0,0.0
1.5099818e-08,1.0,0.0
1.3889661e-08,0.0,0.0
2.9709966e-08,1.0,0.0
2.1203059e-05,0.0,0.0
2.5764418e-06,0.0,0.0
1.6392143e-07,1.0,0.0
1.5430776e-07,0.0,0.0
4.2492192e-07,1.0,0.0
2.7519873e-06,0.0,0.0
1.1070798e-09,1.0,1.0
3.1801444e-06,1.0,0.0
0.00029205644,0.0,0.0
2.1204536e-09,0.0,0.0
2.6031353e-06,0.0,0.0
0.00014700067,0.0,0.0
2.2128053e-05,0.0,0.0
8.759074e-05,0.0,0.0
6.2148742e-06,0.0,0.0
1.1947344e-05,0.0,0.0
4.4185728e-07,0.0,0.0
0.00010685169,0.0,1.0
5.6256144e-06,0.0,1.0
2.0057127e-05,0.0,1.0
7.895895e-08,0.0,0.0
3.844584e-05,0.0,0.0
5.363172e-07,0.0,0.0
9.666785e-05,0.0,0.0
1.7203083e-05,0.0,0.0
2.9843557e-05,0.0,0.0
1.0693067e-06,0.0,1.0
0.0022900747,0.0,0.0
0.00013090104,0.0,0.0
2.1393942e-05,0.0,1.0
0.0002759563,0.0,1.0
3.2311124e-08,0.0,1.0
7.758152e-05,0.0,0.0
1.983034e-05,0.0,1.0
4.1121655e-07,0.0,0.0
1.0996384e-09,0.0,0.0
1.7675363e-06,0.0,0.0
1.2113147e-05,0.0,0.0
1.035351e-07,1.0,0.0
4.346582e-07,0.0,0.0
3.6084507e-06,1.0,1.0
4.8980837e-08,0.0,1.0
1.2075511e-06,1.0,1.0
2.5710763e-06,0.0,1.0
8.1688185e-08,1.0,1.0
3.5199948e-05,1.0,0.0
3.349471e-05,0.0,0.0
6.5403065e-06,0.0,0.0
1.8648171e-08,0.0,0.0
1.1315163e-06,0.0,0.0
8.900888e-06,0.0,0.0
7.8435005e-06,0.0,0.0
0.00017828813,0.0,0.0
0.0001764375,0.0,0.0
7.522108e-05,0.0,0.0
0.00023044716,0.0,0.0
1.6433998e-05,0.0,0.0
8.9733825e-05,0.0,0.0
6.747285e-05,0.0,0.0
1.7426428e-05,0.0,1.0
8.182025e-05,0.0,1.0
3.8929367e-05,0.0,1.0
5.0237344e-07,0.0,0.0
4.41254e-06,0.0,0.0
0.00041531044,0.0,1.0
0.0001160784,0.0,1.0
1.0270318e-05,0.0,0.0
1.1576835e-06,0.0,0.0
2.9024254e-06,0.0,0.0
9.5625104e-08,0.0,0.0
0.0029173808,0.0,0.0
7.16666e-06,0.0,0.0
4.077503e-08,0.0,0.0
4.5061355e-05,0.0,0.0
2.641014e-06,0.0,0.0
1.0758769e-06,0.0,0.0
2.0390546e-05,0.0,0.0
3.969374e-05,0.0,0.0
0.001809856,0.0,0.0
0.000855888,0.0,1.0
1.6981483e-09,0.0,0.0
0.0012488877,0.0,0.0
0.00010165745,0.0,0.0
1.1380439e-05,0.0,0.0
1.392398e-06,0.0,0.0
4.5817504e-07,0.0,0.0
1.8549375e-08,0.0,0.0
3.173511e-07,0.0,1.0
0.000105691084,0.0,1.0
0.00025436148,0.0,0.0
1.1069738e-05,0.0,0.0
3.3732336e-05,0.0,0.0
0.000115877796,0.0,0.0
4.615748e-08,0.0,0.0
0.0023927893,0.0,0.0
3.499958e-05,0.0,0.0
8.867658e-06,0.0,0.0
1.4513373e-06,0.0,0.0
6.919102e-05,0.0,0.0
5.6308745e-06,0.0,0.0
0.0009830035,0.0,0.0
7.0832634e-08,0.0,0.0
2.7454693e-05,0.0,0.0
4.6185407e-05,0.0,0.0
7.169388e-06,0.0,0.0
5.1703723e-06,0.0,0.0
5.1482457e-06,0.0,0.0
1.0530567e-05,0.0,0.0
1.5727359e-05,0.0,1.0
6.703993e-05,0.0,0.0
1.455909e-05,0.0,0.0
0.00013367266,0.0,0.0
3.8418198e-06,0.0,0.0
5.179578e-08,0.0,0.0
0.0001029047,0.0,0.0
0.000912716,0.0,1.0
0.0013643716,0.0,0.0
0.0007805638,0.0,0.0
5.428336e-05,0.0,0.0
6.8261365e-06,0.0,0.0
0.0008628807,0.0,0.0
3.249101e-05,0.0,1.0
4.6016634e-05,0.0,1.0
2.9574543e-09,0.0,0.0
2.5243596e-06,0.0,0.0
0.0015542923,0.0,0.0
1.5887015e-05,0.0,0.0
0.0002641862,0.0,0.0
0.009494597,0.0,0.0
1.891089e-09,0.0,0.0
0.00042665235,0.0,0.0
1.1940849e-06,0.0,0.0
1.4299543e-06,0.0,0.0
1.5159233e-05,0.0,0.0
0.000546446,0.0,0.0
6.659976e-05,0.0,0.0
6.165295e-05,0.0,0.0
2.333355e-07,0.0,0.0
1.6875154e-06,0.0,0.0
4.4413778e-08,0.0,0.0
4.137206e-08,1.0,0.0
3.3963522e-07,1.0,0.0
0.000117357304,1.0,0.0
3.5998748e-06,1.0,1.0
2.0435789e-07,1.0,1.0
5.282673e-07,1.0,0.0
5.0087697e-06,0.0,0.0
5.83974e-07,1.0,0.0
1.7207136e-09,1.0,0.0
9.9592035e-05,0.0,0.0
1.597989e-08,0.0,0.0
5.683172e-06,0.0,0.0
0.00011890708,0.0,0.0
0.0007435186,0.0,0.0
5.343017e-07,0.0,0.0
0.00059422926,0.0,0.0
0.00013776415,0.0,0.0
2.3109684e-05,0.0,0.0
4.195987e-07,0.0,0.0
1.582968e-05,0.0,0.0
1.0016577e-05,0.0,0.0
7.99778e-06,0.0,0.0
0.00023058937,0.0,0.0
3.2881126e-06,0.0,0.0
7.1025905e-05,0.0,0.0
0.00081592286,0.0,0.0
4.4810486e-06,0.0,0.0
9.841426e-06,0.0,1.0
9.321554e-06,0.0,0.0
0.007939004,0.0,0.0
0.0014897167,0.0,0.0
1.6307957e-06,0.0,0.0
0.0015312358,0.0,0.0
2.3533266e-05,0.0,0.0
0.0006782099,0.0,0.0
7.274684e-07,0.0,0.0
5.592187e-08,0.0,0.0
3.0695137e-05,0.0,0.0
1.201006e-05,0.0,0.0
1.0502038e-06,0.0,0.0
4.021322e-06,0.0,0.0
4.943203e-05,0.0,1.0
0.00032869485,0.0,0.0
3.869419e-05,0.0,0.0
7.2321254e-06,0.0,0.0
1.4374332e-05,0.0,0.0
5.17754e-05,1.0,0.0
1.3670035e-07,1.0,0.0
5.9958897e-05,0.0,0.0
1.8755654e-07,1.0,0.0
1.7833611e-07,1.0,0.0
1.2007206e-06,1.0,0.0
1.825642e-07,1.0,0.0
4.2969193e-09,1.0,0.0
0.00017721561,1.0,0.0
1.2381529e-06,0.0,0.0
2.8970226e-05,0.0,0.0
0.00022147613,0.0,0.0
5.044133e-10,0.0,0.0
1.2333432e-05,0.0,0.0
7.749801e-10,0.0,0.0
5.34899e-09,0.0,0.0
0.00011545183,0.0,0.0
2.4412464e-06,0.0,0.0
7.234561e-06,0.0,0.0
5.8883597e-06,0.0,0.0
0.00017408111,0.0,0.0
0.00041170203,0.0,0.0
2.1271119e-06,0.0,0.0
1.6572576e-06,0.0,0.0
3.4113796e-06,0.0,0.0
2.5246381e-05,0.0,1.0
1.2293546e-08,0.0,0.0
1.1366187e-05,0.0,0.0
0.00041666208,0.0,0.0
1.1932107e-06,0.0,0.0
6.186503e-05,0.0,0.0
0.00022941154,0.0,0.0
5.0711765e-06,0.0,1.0
0.00047751784,0.0,1.0
0.010765598,0.0,0.0
1.8123715e-09,0.0,0.0
0.004423268,0.0,0.0
7.1525284e-07,0.0,1.0
3.7026846e-06,0.0,0.0
0.00026730052,0.0,0.0
7.1461807e-07,1.0,0.0
1.2968582e-05,1.0,0.0
2.7667951e-07,1.0,0.0
1.0071722e-08,1.0,0.0
0.001238681,0.0,0.0
2.2314186e-06,0.0,0.0
4.34183e-05,1.0,0.0
7.784594e-05,0.0,0.0
8.43779e-07,1.0,0.0
5.148471e-05,0.0,1.0
0.0007349993,1.0,0.0
4.8041616e-06,1.0,0.0
4.950293e-05,1.0,0.0
1.0536112e-05,1.0,1.0
1.9936331e-07,1.0,0.0
2.2475548e-05,0.0,0.0
4.747467e-06,0.0,0.0
0.0041862275,0.0,0.0
0.00024519127,0.0,0.0
7.267358e-05,0.0,0.0
1.0837705e-05,0.0,0.0
0.0013445492,0.0,0.0
0.00025919135,0.0,0.0
1.6224099e-06,0.0,1.0
2.6973777e-05,0.0,0.0
2.4482279e-05,0.0,0.0
4.5666297e-05,0.0,1.0
0.00029858266,0.0,1.0
5.5818155e-09,0.0,0.0
4.331484e-06,0.0,0.0
0.009537969,0.0,1.0
0.00059213344,0.0,0.0
2.2396465e-08,0.0,0.0
2.0986563e-06,0.0,0.0
0.00010962121,0.0,0.0
3.4307914e-07,0.0,1.0
0.00036014602,0.0,0.0
1.0288292e-07,0.0,0.0
1.9009228e-08,0.0,0.0
0.004617058,0.0,0.0
2.260566e-06,0.0,0.0
5.535627e-05,0.0,0.0
5.8957314e-05,0.0,0.0
8.088103e-09,0.0,0.0
2.2897616e-06,0.0,0.0
0.0012969706,0.0,0.0
0.00075938145,0.0,0.0
0.0216923,0.0,1.0
9.841085e-05,0.0,0.0
0.0001838021,0.0,0.0
0.0005144493,0.0,0.0
7.485922e-05,0.0,0.0
0.00025458445,0.0,0.0
0.010749608,0.0,0.0
0.0406784,0.0,0.0
2.2343318e-06,0.0,0.0
7.1874747e-06,0.0,0.0
2.1455154e-08,0.0,0.0
0.01410165,0.0,0.0
1.0160792e-07,0.0,0.0
2.838841e-07,0.0,0.0
0.00022156019,0.0,0.0
0.0005709273,0.0,0.0
8.910469e-08,0.0,0.0
1.7726796e-05,0.0,0.0
2.858087e-06,1.0,0.0
6.7363204e-09,0.0,0.0
3.738172e-06,0.0,0.0
1.3990229e-05,1.0,0.0
2.2695317e-09,0.0,0.0
1.3302151e-05,0.0,0.0
7.815611e-07,0.0,0.0
4.281e-09,0.0,0.0
1.7348011e-06,1.0,0.0
1.8351516e-06,1.0,0.0
1.7816001e-09,0.0,0.0
0.0033308023,1.0,0.0
0.0019034558,0.0,0.0
4.5986444e-06,0.0,0.0
0.00015553858,0.0,0.0
3.2287821e-09,0.0,0.0
0.00064651406,0.0,0.0
4.108071e-09,0.0,0.0
0.000102924816,0.0,0.0
8.80581e-06,0.0,1.0
1.4804394e-06,0.0,0.0
5.7498283e-08,1.0,0.0
1.0065211e-06,1.0,0.0
7.4529163e-07,1.0,0.0
4.3733135e-07,1.0,0.0
5.056612e-08,1.0,0.0
1.3563534e-08,1.0,0.0
2.539959e-07,1.0,0.0
0.0001117918,0.0,0.0
0.00036146393,0.0,0.0
0.0002005,0.0,0.0
6.808738e-06,0.0,0.0
1.4901927e-05,0.0,0.0
1.6310137e-09,0.0,0.0
3.4874122e-06,0.0,0.0
1.0940555e-05,0.0,0.0
7.6410095e-07,0.0,0.0
0.00017867732,0.0,0.0
4.5696615e-05,0.0,0.0
0.0046141623,0.0,0.0
3.66488e-05,0.0,0.0
2.295706e-07,0.0,0.0
1.3416175e-09,0.0,0.0
3.7832247e-06,0.0,0.0
0.00020870513,0.0,0.0
0.00026317258,0.0,0.0
1.0954082e-06,0.0,0.0
1.4653897e-07,0.0,1.0
1.3390278e-09,1.0,0.0
8.586737e-06,0.0,0.0
0.00013857865,0.0,0.0
1.7787828e-08,1.0,0.0
4.3574326e-09,1.0,1.0
1.4248182e-05,0.0,0.0
2.0065092e-06,0.0,0.0
1.9679888e-05,0.0,0.0
1.6742314e-06,0.0,0.0
1.643766e-08,0.0,0.0
1.0103468e-08,0.0,0.0
3.4310997e-06,0.0,0.0
3.569528e-06,0.0,0.0
0.00026794354,0.0,0.0
6.1532455e-06,0.0,0.0
2.5464353e-06,0.0,1.0
0.0012204843,0.0,1.0
7.876955e-07,0.0,0.0
9.534882e-08,0.0,0.0
7.73569e-06,0.0,0.0
9.4892494e-07,0.0,0.0
3.5545978e-05,0.0,0.0
1.9553096e-07,0.0,0.0
2.2369826e-05,0.0,0.0
5.733716e-09,1.0,1.0
1.6323473e-05,0.0,0.0
1.2289792e-06,0.0,0.0
8.4091635e-06,0.0,0.0
4.602462e-05,0.0,0.0
6.772473e-08,0.0,0.0
0.00020185095,0.0,0.0
1.8859278e-05,0.0,0.0
0.00013609084,0.0,0.0
6.991482e-05,0.0,0.0
0.002251617,0.0,0.0
0.004236551,0.0,0.0
1.6888787e-08,0.0,0.0
4.785201e-05,0.0,0.0
0.00056074763,0.0,0.0
0.0033846756,0.0,0.0
4.143003e-05,0.0,0.0
2.9332456e-05,0.0,0.0
1.4323004e-05,0.0,0.0
1.8202649e-05,0.0,0.0
3.6439043e-05,0.0,0.0
1.0301354e-05,0.0,0.0
0.00019418205,0.0,0.0
0.00014974784,0.0,0.0
7.5309945e-05,0.0,0.0
7.508982e-06,0.0,0.0
4.6133287e-06,0.0,0.0
3.2941713e-05,0.0,0.0
4.0572277e-06,0.0,0.0
0.0009831066,0.0,0.0
0.00015378746,0.0,0.0
0.006137618,0.0,0.0
1.2826773e-06,0.0,0.0
5.188289e-07,0.0,1.0
4.997691e-08,1.0,0.0
0.00042224274,0.0,0.0
4.433593e-06,0.0,0.0
2.906434e-07,0.0,0.0
0.0023013963,0.0,0.0
0.0047598802,0.0,0.0
4.2131208e-07,0.0,0.0
0.00028321048,0.0,0.0
0.00109265,0.0,0.0
2.797325e-05,0.0,0.0
1.046108e-05,0.0,0.0
5.870591e-06,0.0,0.0
1.5958879e-06,0.0,0.0
6.7478204e-06,0.0,0.0
4.182804e-09,0.0,0.0
9.934782e-06,0.0,1.0
2.8022274e-07,0.0,1.0
7.0873157e-06,1.0,1.0
8.761263e-06,1.0,1.0
1.05831805e-05,0.0,1.0
4.2448914e-06,1.0,1.0
6.4288616e-07,1.0,1.0
0.00019647187,1.0,1.0
8.487293e-05,0.0,0.0
7.7047366e-07,0.0,0.0
0.0019547811,0.0,0.0
0.0045958003,0.0,0.0
1.5762531e-06,0.0,0.0
0.001775765,0.0,0.0
0.00057377387,0.0,0.0
0.00047134937,0.0,0.0
5.7443907e-07,0.0,1.0
3.9810842e-05,0.0,0.0
0.0025264001,0.0,0.0
3.6074048e-06,1.0,0.0
0.0004545828,0.0,0.0
0.00016206806,1.0,0.0
0.00012012067,1.0,0.0
0.0037393651,1.0,0.0
0.000104182735,1.0,0.0
1.3377643e-05,1.0,1.0
4.3712532e-07,1.0,1.0
3.141315e-06,1.0,0.0
2.9131405e-05,1.0,0.0
4.2225663e-05,1.0,0.0
1.4330709e-05,1.0,0.0
0.0022808134,0.0,0.0
2.877325e-05,0.0,0.0
0.00047845984,0.0,0.0
3.793054e-05,0.0,0.0
1.3625083e-09,0.0,0.0
0.000104834275,0.0,0.0
2.253234e-07,0.0,0.0
0.00073293835,0.0,0.0
1.12752e-06,0.0,0.0
3.415531e-05,1.0,0.0
0.0024798573,0.0,0.0
4.3090765e-08,0.0,0.0
0.013505098,0.0,0.0
0.03987849,0.0,1.0
0.0014550374,0.0,1.0
6.5692955e-05,0.0,0.0
0.0174129,0.0,0.0
0.0009254885,0.0,0.0
2.7395246e-05,0.0,0.0
7.377142e-05,0.0,0.0
1.647959e-06,0.0,0.0
2.2999222e-07,0.0,0.0
1.4703342e-06,0.0,0.0
1.9293689e-06,1.0,0.0
3.051888e-06,0.0,0.0
2.4927667e-06,0.0,0.0
3.5525e-06,0.0,0.0
1.9093989e-06,1.0,0.0
0.011981249,0.0,0.0
6.5218206e-05,0.0,0.0
0.00010419048,0.0,0.0
0.019639023,0.0,1.0
0.01556209,0.0,0.0
9.2219405e-09,0.0,0.0
2.8253692e-07,0.0,0.0
1.5934218e-05,0.0,0.0
6.8022707e-09,0.0,0.0
6.729048e-07,0.0,0.0
4.940389e-05,0.0,0.0
1.000679e-06,0.0,0.0
3.0629806e-07,0.0,0.0
0.00014824515,1.0,0.0
1.0436329e-05,0.0,1.0
2.8075825e-05,1.0,0.0
1.1651243e-06,1.0,0.0
1.6983868e-05,0.0,0.0
1.40635075e-05,1.0,0.0
0.000941748,1.0,0.0
4.1767464e-05,0.0,0.0
2.6590055e-09,0.0,0.0
6.5866465e-05,0.0,0.0
2.253754e-07,0.0,0.0
3.0500947e-05,0.0,0.0
2.2387667e-08,0.0,0.0
0.00023670633,0.0,0.0
2.1380466e-09,0.0,0.0
0.00090258557,0.0,0.0
0.0015435853,0.0,0.0
0.0016297038,0.0,0.0
8.448792e-05,0.0,0.0
0.032083888,0.0,0.0
8.168402e-06,0.0,0.0
7.931884e-05,0.0,0.0
2.4719176e-09,0.0,0.0
0.01092141,0.0,0.0
0.00045877555,0.0,0.0
0.00041446977,0.0,0.0
1.7587878e-06,0.0,0.0
3.3324795e-05,0.0,0.0
7.441268e-05,0.0,0.0
0.0003153864,0.0,0.0
0.00031705957,0.0,0.0
9.556544e-09,0.0,0.0
0.00010060678,0.0,0.0
0.00070029724,0.0,0.0
4.9775974e-09,0.0,0.0
5.87277e-05,1.0,1.0
6.6658044e-06,1.0,1.0
3.652549e-06,1.0,1.0
0.00021257822,0.0,0.0
8.542434e-05,0.0,0.0
0.06333393,0.0,0.0
9.786786e-06,0.0,0.0
2.554374e-06,0.0,0.0
0.0020606264,0.0,0.0
2.204948e-05,0.0,0.0
0.00035827284,0.0,0.0
5.164985e-05,0.0,0.0
0.00011088131,0.0,0.0
0.0013784985,0.0,0.0
0.0001782222,0.0,0.0
0.00052027695,0.0,0.0
0.00095784455,0.0,0.0
0.0028296907,0.0,0.0
6.021021e-05,0.0,0.0
0.0009121496,0.0,0.0
9.74931e-08,0.0,0.0
3.112729e-07,0.0,0.0
1.1344367e-05,0.0,0.0
4.703389e-06,0.0,0.0
1.1136244e-05,0.0,0.0
1.103966e-05,1.0,0.0
0.00029997303,0.0,0.0
8.578126e-06,1.0,0.0
1.2550255e-05,1.0,0.0
9.526925e-07,1.0,0.0
1.710822e-07,1.0,1.0
1.6097763e-07,1.0,0.0
5.385906e-06,1.0,0.0
2.7314353e-08,1.0,0.0
6.59533e-08,0.0,0.0
1.42391015e-08,1.0,0.0
1.8944576e-05,1.0,0.0
1.9566036e-05,0.0,0.0
1.12888806e-07,0.0,0.0
5.5931905e-06,1.0,0.0
5.1620205e-05,0.0,0.0
5.565772e-05,0.0,0.0
1.5128062e-06,0.0,0.0
3.3906929e-06,0.0,0.0
5.14074e-08,0.0,0.0
0.00012679167,0.0,0.0
0.000107132146,0.0,0.0
0.00019547535,0.0,0.0
3.8355815e-06,0.0,0.0
1.315158e-05,0.0,0.0
7.726393e-06,0.0,0.0
4.984779e-05,0.0,0.0
0.00014812138,0.0,0.0
0.0009549787,0.0,1.0
0.0010641732,0.0,0.0
0.005257482,0.0,0.0
4.743529e-05,0.0,0.0
0.0004484879,0.0,0.0
2.2411714e-06,0.0,0.0
5.0572667e-06,0.0,0.0
3.7125865e-05,0.0,0.0
5.2020685e-05,0.0,0.0
3.6917504e-07,0.0,0.0
7.732407e-07,0.0,0.0
7.0441897e-06,0.0,0.0
5.67066e-08,0.0,0.0
2.2766895e-07,1.0,0.0
9.650806e-07,1.0,0.0
7.9139575e-08,1.0,0.0
2.9552752e-05,1.0,0.0
2.4577785e-06,0.0,0.0
2.3305872e-06,0.0,0.0
1.7398963e-07,1.0,0.0
0.00047953078,0.0,0.0
7.035711e-06,0.0,0.0
0.00010389393,0.0,0.0
1.4045895e-05,0.0,0.0
0.00011836306,0.0,0.0
1.6536484e-05,0.0,0.0
2.7679731e-05,0.0,0.0
0.00037225653,0.0,0.0
3.6948045e-06,0.0,0.0
0.00022445017,0.0,0.0
3.6740275e-07,0.0,0.0
8.4470685e-06,0.0,0.0
0.00013970186,0.0,0.0
6.8399904e-06,0.0,0.0
0.00015332829,0.0,0.0
1.9379556e-09,0.0,0.0
3.6954378e-05,0.0,0.0
0.00021954019,0.0,0.0
1.1156227e-05,0.0,0.0
1.9406463e-05,0.0,0.0
1.694469e-06,0.0,1.0
4.4303806e-06,0.0,1.0
1.6122608e-09,0.0,0.0
1.4092464e-06,0.0,0.0
1.1488734e-05,0.0,0.0
0.0052076285,0.0,0.0
2.9733462e-06,0.0,0.0
1.7024935e-06,0.0,0.0
9.150682e-05,0.0,0.0
0.029137587,0.0,0.0
7.880089e-06,0.0,0.0
4.7178688e-05,0.0,1.0
7.999077e-07,0.0,1.0
5.1221934e-05,0.0,1.0
0.0021766338,0.0,0.0
2.5482972e-05,0.0,0.0
2.1810629e-05,0.0,0.0
0.0001308334,0.0,0.0
4.2570933e-09,0.0,0.0
0.00045764667,0.0,0.0
2.2980568e-05,0.0,1.0
6.3314855e-07,0.0,1.0
1.405096e-05,0.0,1.0
2.123752e-05,0.0,0.0
5.9473897e-09,0.0,0.0
7.978696e-06,0.0,0.0
0.0006563169,0.0,0.0
1.6099714e-06,0.0,0.0
5.0979448e-05,0.0,0.0
0.0012221099,0.0,0.0
0.0006372602,0.0,0.0
0.0006309478,0.0,0.0
1.8088043e-05,0.0,0.0
0.0058862367,0.0,0.0
0.000109809946,0.0,0.0
0.00023939979,0.0,0.0
0.0012612711,0.0,0.0
2.1643047e-05,0.0,0.0
0.00055576436,0.0,0.0
0.00017122817,0.0,0.0
0.005827279,0.0,0.0
0.00703601,0.0,0.0
0.0023732472,0.0,0.0
6.0494687e-05,0.0,0.0
0.004120439,0.0,0.0
0.009437542,0.0,0.0
0.002844528,0.0,0.0
0.00014664717,0.0,0.0
0.0054626567,0.0,0.0
0.045497265,0.0,0.0
2.0591813e-09,0.0,0.0
8.737505e-09,0.0,0.0
1.5537154e-05,0.0,0.0
0.0007408826,0.0,1.0
5.411407e-06,0.0,0.0
1.1901595e-05,0.0,0.0
4.519787e-06,0.0,0.0
6.575122e-06,0.0,0.0
0.0029091157,0.0,0.0
0.000105863364,0.0,0.0
0.00012439903,0.0,0.0
0.015193208,0.0,0.0
1.572571e-05,0.0,0.0
0.00024290029,0.0,0.0
9.714364e-07,0.0,0.0
1.3386587e-05,0.0,0.0
0.00039972473,0.0,0.0
0.00014659949,0.0,1.0
3.832197e-05,0.0,0.0
2.9746943e-07,0.0,0.0
0.001547979,0.0,1.0
3.5379726e-05,0.0,0.0
0.022658499,0.0,0.0
7.045507e-05,0.0,0.0
0.00016796043,0.0,0.0
5.0368064e-05,0.0,0.0
6.1370704e-09,0.0,0.0
5.589537e-05,0.0,0.0
2.9896765e-07,0.0,0.0
7.73986e-06,0.0,0.0
4.840493e-08,0.0,0.0
1.1380865e-06,0.0,1.0
5.438027e-07,0.0,0.0
1.1121682e-05,0.0,0.0
1.2959088e-05,0.0,0.0
4.0960153e-06,0.0,0.0
3.1825883e-05,0.0,0.0
2.1715947e-05,0.0,0.0
5.2739597e-07,0.0,0.0
5.4309235e-06,0.0,0.0
3.3781977e-05,0.0,0.0
2.2877512e-05,0.0,0.0
0.00074518664,0.0,0.0
1.6052095e-06,0.0,0.0
4.086265e-05,0.0,0.0
0.00010836943,0.0,0.0
0.0023718162,0.0,0.0
0.0028784575,0.0,0.0
3.0452933e-05,0.0,0.0
0.010662743,0.0,0.0
0.018133659,0.0,0.0
5.7494086e-05,0.0,0.0
0.0078053977,0.0,0.0
0.11096739,0.0,0.0
0.0005058696,0.0,0.0
5.8733127e-05,0.0,0.0
7.2464927e-06,0.0,0.0
0.008561486,0.0,0.0
0.0013828283,0.0,0.0
0.00020263424,0.0,0.0
0.017162178,0.0,0.0
0.00021010495,0.0,0.0
0.006377905,0.0,0.0
5.400678e-06,0.0,0.0
0.0002368951,0.0,0.0
0.00019715549,0.0,0.0
0.0001545021,0.0,0.0
7.544164e-07,0.0,0.0
6.3717825e-06,0.0,0.0
1.17381525e-07,0.0,1.0
7.5204484e-06,0.0,1.0
1.9328078e-05,0.0,1.0
9.23426e-06,0.0,1.0
4.3125345e-07,0.0,0.0
3.7738842e-05,0.0,0.0
4.144738e-05,0.0,0.0
0.000104764935,0.0,0.0
1.4083828e-05,0.0,1.0
7.935609e-06,0.0,0.0
6.4863925e-05,0.0,0.0
0.0005007438,0.0,0.0
0.017702486,0.0,0.0
8.856847e-05,0.0,0.0
5.7935817e-05,0.0,0.0
2.0425441e-05,0.0,0.0
0.00022182654,0.0,0.0
5.7063227e-07,0.0,0.0
1.3475192e-08,0.0,0.0
0.00030414521,0.0,0.0
2.2051163e-09,0.0,0.0
7.672849e-06,0.0,0.0
0.0027487236,0.0,0.0
4.0168433e-09,0.0,0.0
3.5457876e-07,0.0,1.0
0.00019109009,0.0,1.0
0.00019918161,0.0,0.0
1.658236e-05,0.0,0.0
1.2310602e-06,0.0,0.0
0.00020081624,0.0,0.0
7.349295e-05,0.0,0.0
2.8068062e-05,0.0,1.0
0.0011743294,0.0,0.0
1.3638783e-05,0.0,0.0
0.00010655407,0.0,0.0
4.6762537e-08,0.0,0.0
6.2022687e-06,0.0,0.0
1.5796088e-06,0.0,0.0
0.0020016036,0.0,0.0
1.3693678e-05,0.0,0.0
0.0005627759,0.0,0.0
6.510607e-07,0.0,0.0
1.6667519e-06,0.0,0.0
0.0005573085,0.0,0.0
4.4220716e-08,0.0,0.0
2.4664658e-07,0.0,0.0
1.9041524e-08,0.0,0.0
2.1809497e-07,0.0,0.0
1.0672697e-07,0.0,1.0
7.324255e-08,0.0,1.0
4.1614703e-06,0.0,0.0
5.790301e-06,0.0,0.0
4.285608e-06,0.0,0.0
1.6759994e-05,0.0,0.0
2.863503e-07,0.0,0.0
1.5420244e-07,0.0,0.0
3.0156747e-07,0.0,0.0
0.00021467516,0.0,0.0
1.0043091e-05,0.0,0.0
0.00022048125,0.0,0.0
0.0482507,0.0,0.0
8.774741e-07,0.0,0.0
3.9828952e-05,0.0,0.0
0.0009749013,0.0,0.0
1.660483e-05,0.0,0.0
4.9915843e-06,0.0,0.0
2.0453295e-05,0.0,0.0
0.0010465975,0.0,0.0
7.3970776e-05,0.0,0.0
0.00050686346,0.0,1.0
0.00091655605,0.0,1.0
3.9092087e-05,0.0,1.0
3.0653515e-05,0.0,1.0
0.00056008366,0.0,1.0
0.00014621236,0.0,0.0
0.0018410935,0.0,0.0
3.8796435e-07,0.0,0.0
3.116786e-08,0.0,0.0
1.5095943e-05,0.0,0.0
2.9610697e-05,0.0,0.0
0.0011535739,0.0,0.0
0.0022048182,0.0,0.0
0.005130819,0.0,0.0
1.9616299e-07,0.0,0.0
7.3051797e-06,0.0,1.0
1.2607204e-06,0.0,1.0
2.4302787e-08,0.0,1.0
9.914961e-06,0.0,1.0
1.1951402e-05,0.0,0.0
1.3990506e-06,0.0,0.0
3.6594631e-06,0.0,0.0
7.853419e-08,0.0,0.0
7.021281e-05,0.0,0.0
0.0001475872,0.0,0.0
0.00027906933,0.0,0.0
0.0014403125,0.0,0.0
1.0804569e-05,0.0,0.0
7.487357e-05,0.0,0.0
0.0043151425,0.0,0.0
0.0013359332,0.0,1.0
0.0003717767,0.0,0.0
1.8186836e-06,0.0,0.0
1.264952e-07,0.0,1.0
4.7815456e-06,0.0,0.0
0.00045336396,0.0,0.0
1.0403682e-09,0.0,0.0
0.00023664586,0.0,0.0
8.1838725e-06,0.0,0.0
1.1136457e-08,0.0,0.0
4.6130966e-09,0.0,0.0
1.4663584e-07,0.0,1.0
1.0694832e-06,0.0,0.0
2.1711877e-07,0.0,0.0
5.791665e-07,1.0,0.0
3.7595836e-07,1.0,0.0
0.0003668098,0.0,1.0
1.3043575e-05,1.0,0.0
2.0756775e-07,1.0,0.0
3.6078447e-06,1.0,0.0
1.2091459e-06,1.0,0.0
5.886479e-05,1.0,0.0
1.3539496e-08,0.0,0.0
5.317398e-07,1.0,0.0
0.0004883568,1.0,0.0
0.00027302836,0.0,0.0
1.469477e-08,0.0,0.0
0.00021301526,1.0,0.0
0.0012221023,0.0,0.0
9.6029185e-09,0.0,0.0
0.02558384,0.0,0.0
0.0042070076,0.0,0.0
0.0057845064,0.0,0.0
0.00022884658,0.0,0.0
0.00032563228,0.0,0.0
0.00017997994,0.0,0.0
0.11134126,0.0,1.0
0.0013391586,0.0,0.0
3.0173454e-05,0.0,0.0
2.7787343e-07,0.0,0.0
0.00044765623,0.0,0.0
0.0010608668,0.0,0.0
1.2234702e-05,0.0,0.0
4.933831e-05,0.0,0.0
0.001150237,0.0,0.0
8.206907e-07,0.0,0.0
3.7007217e-06,1.0,0.0
1.1538148e-06,1.0,0.0
5.3671806e-06,1.0,1.0
4.1210225e-07,1.0,0.0
1.0629769e-05,0.0,0.0
5.1526282e-08,1.0,0.0
0.00073473004,0.0,0.0
2.478515e-07,1.0,0.0
0.00077848916,1.0,0.0
3.8493047e-07,1.0,0.0
1.7413602e-05,1.0,0.0
0.0001368876,0.0,0.0
2.1394188e-05,1.0,0.0
2.9433471e-05,1.0,0.0
7.517527e-05,1.0,0.0
0.0011435183,0.0,0.0
0.00024121508,0.0,0.0
0.005439928,0.0,0.0
5.920713e-05,1.0,0.0
0.0029169424,0.0,0.0
0.0033994056,0.0,0.0
0.0035359382,0.0,0.0
7.945144e-08,0.0,1.0
1.4614775e-05,0.0,0.0
0.00037379737,0.0,0.0
3.58389e-08,0.0,0.0
0.03569715,0.0,0.0
3.7064878e-05,0.0,0.0
1.4463202e-06,0.0,0.0
9.502946e-05,0.0,0.0
1.9611916e-06,0.0,0.0
1.1445448e-09,0.0,0.0
1.0017648e-05,0.0,0.0
0.00026794864,0.0,0.0
3.3610502e-07,0.0,0.0
4.6441574e-08,0.0,0.0
3.8853486e-05,0.0,0.0
3.6853722e-05,0.0,0.0
7.039322e-05,0.0,0.0
1.8628014e-05,0.0,0.0
4.1580706e-06,0.0,0.0
8.235931e-09,0.0,0.0
0.00057666533,0.0,0.0
8.211038e-06,0.0,0.0
1.5068308e-06,1.0,0.0
0.0051649543,0.0,0.0
0.00055800745,0.0,0.0
1.7384317e-06,1.0,0.0
2.1212766e-07,1.0,0.0
0.000982422,0.0,0.0
0.0003011318,0.0,0.0
2.4891438e-05,0.0,0.0
1.6326057e-05,0.0,0.0
4.936137e-06,0.0,0.0
7.348174e-05,0.0,0.0
4.7204512e-08,0.0,0.0
0.0018596267,0.0,0.0
0.00020403617,0.0,0.0
0.0006480937,0.0,0.0
1.6602204e-05,0.0,0.0
0.0019325552,0.0,0.0
0.0015746197,0.0,0.0
9.612671e-05,0.0,0.0
1.1268186e-07,0.0,0.0
5.095551e-06,0.0,0.0
1.2333927e-05,0.0,0.0
1.956255e-07,0.0,0.0
0.0011033472,0.0,1.0
6.1896953e-06,0.0,1.0
1.2621783e-06,0.0,0.0
1.8009133e-06,0.0,0.0
0.0007498854,0.0,0.0
0.01574395,0.0,0.0
0.0005972233,0.0,1.0
0.00031332296,1.0,1.0
7.776039e-05,0.0,0.0
0.0030001737,1.0,0.0
1.4430645e-06,0.0,0.0
0.00047348047,1.0,0.0
1.099938e-05,0.0,0.0
1.4203089e-05,1.0,0.0
0.00075039436,0.0,0.0
0.0051844716,1.0,0.0
4.5150096e-06,0.0,0.0
2.6918402e-05,0.0,0.0
2.7442313e-05,0.0,0.0
1.3087807e-05,0.0,0.0
2.6155476e-06,0.0,0.0
8.97097e-09,0.0,0.0
0.0026756693,0.0,0.0
5.7874302e-05,0.0,0.0
6.499585e-06,0.0,0.0
5.949304e-06,0.0,0.0
0.0002195178,0.0,1.0
9.07445e-06,0.0,1.0
0.0021274711,0.0,0.0
2.2988876e-05,0.0,0.0
2.8728027e-06,0.0,0.0
7.5529165e-09,0.0,0.0
7.45461e-08,0.0,0.0
0.00021773906,0.0,0.0
0.0011015036,0.0,0.0
2.4961018e-06,1.0,0.0
1.1331393e-06,0.0,0.0
5.8354956e-09,1.0,0.0
4.1932412e-06,0.0,0.0
1.6142886e-09,1.0,0.0
6.080794e-05,0.0,0.0
0.00067870127,1.0,0.0
0.005140233,0.0,0.0
0.0001156237,1.0,0.0
6.4234376e-07,1.0,0.0
3.7145576e-06,0.0,0.0
5.399931e-06,1.0,0.0
0.0003819919,0.0,0.0
9.0997665e-10,1.0,0.0
0.0030875234,1.0,0.0
0.00022660694,1.0,0.0
4.7786893e-05,0.0,0.0
0.003238334,1.0,0.0
0.00046107834,1.0,1.0
0.0033882805,0.0,0.0
0.00013344748,0.0,0.0
1.0979874e-06,0.0,0.0
0.0012693529,0.0,0.0
0.00020944209,0.0,0.0
0.00012422523,0.0,0.0
1.5398546e-08,0.0,0.0
0.00066321774,0.0,0.0
3.8139367e-06,0.0,0.0
5.239937e-05,0.0,0.0
0.0006619251,0.0,0.0
4.8328084e-06,0.0,0.0
0.00048408573,0.0,0.0
2.4184214e-06,0.0,0.0
9.686623e-06,0.0,0.0
1.7539853e-05,0.0,0.0
5.0749304e-06,0.0,0.0
9.232257e-05,0.0,0.0
8.58097e-05,0.0,0.0
4.914277e-06,0.0,0.0
2.1939066e-09,0.0,0.0
6.466234e-05,0.0,0.0
1.9888726e-09,0.0,0.0
0.00034014662,0.0,0.0
0.00010348942,1.0,0.0
1.6711193e-06,0.0,0.0
0.00039116616,0.0,0.0
1.6625843e-05,0.0,0.0
5.4551647e-06,0.0,0.0
2.1002313e-09,0.0,0.0
0.00016624821,0.0,0.0
6.517627e-07,0.0,0.0
4.137839e-05,0.0,0.0
1.131504e-09,0.0,0.0
0.00015386198,0.0,0.0
0.00025749748,0.0,0.0
5.3715226e-05,0.0,0.0
2.1026484e-05,0.0,0.0
4.8463906e-05,0.0,0.0
5.261177e-05,0.0,0.0
2.3013926e-09,0.0,0.0
0.00016208892,0.0,0.0
8.548955e-06,0.0,0.0
1.8246865e-05,0.0,0.0
0.00021933744,0.0,0.0
6.3084954e-06,0.0,0.0
0.0028127949,0.0,0.0
0.00017349614,0.0,0.0
4.7113392e-08,0.0,0.0
7.4166295e-05,0.0,0.0
1.1822872e-05,0.0,0.0
1.0481811e-07,0.0,1.0
3.0954698e-06,0.0,1.0
9.098074e-08,0.0,1.0
0.00027440887,0.0,0.0
0.00020164515,0.0,0.0
0.00033209793,0.0,0.0
0.000112089176,0.0,0.0
6.353048e-05,0.0,0.0
9.359986e-07,0.0,0.0
0.00024331265,0.0,0.0
5.120833e-09,0.0,0.0
0.0008950377,0.0,0.0
0.0066828504,0.0,0.0
9.362681e-05,0.0,0.0
1.026043e-05,0.0,0.0
9.55432e-05,0.0,0.0
3.216527e-08,0.0,0.0
0.00010890958,0.0,1.0
1.2671119e-07,1.0,0.0
5.891814e-07,0.0,0.0
0.00088342663,0.0,0.0
0.0014351419,0.0,0.0
3.4225508e-05,0.0,0.0
0.008607528,0.0,0.0
1.6713966e-07,0.0,0.0
0.00012390155,0.0,0.0
5.382399e-06,0.0,0.0
0.004275605,0.0,0.0
2.3578821e-05,0.0,0.0
0.0037178774,0.0,0.0
0.00073662156,0.0,0.0
2.4200756e-06,0.0,0.0
0.00019272337,0.0,0.0
7.019387e-05,0.0,0.0
1.5565316e-05,0.0,0.0
3.9941206e-06,0.0,0.0
0.00012181281,0.0,0.0
0.00012548377,0.0,0.0
0.0028542709,0.0,0.0
4.892892e-07,0.0,0.0
0.00080553227,0.0,0.0
1.5841875e-06,0.0,0.0
0.00043597873,0.0,0.0
2.3931974e-09,0.0,0.0
0.00019049595,0.0,0.0
4.377469e-07,0.0,0.0
3.2203354e-06,0.0,0.0
1.3682376e-09,0.0,0.0
1.1685825e-05,0.0,0.0
3.7042625e-08,0.0,0.0
8.4973755e-05,0.0,0.0
0.0003708199,0.0,1.0
0.00054734887,0.0,1.0
2.5995507e-05,0.0,0.0
2.4823044e-07,0.0,0.0
1.9374675e-05,0.0,0.0
6.616335e-05,0.0,0.0
6.614717e-07,0.0,0.0
0.0006111819,0.0,0.0
5.5283185e-06,0.0,0.0
5.211537e-05,0.0,0.0
4.195729e-06,0.0,0.0
2.0785095e-08,0.0,0.0
0.00021819753,0.0,0.0
0.0002042861,0.0,0.0
2.1849224e-05,0.0,0.0
2.8016177e-06,0.0,0.0
3.118516e-06,0.0,0.0
1.4176956e-06,0.0,0.0
0.0011096267,0.0,0.0
6.365098e-07,0.0,0.0
0.00315299,0.0,0.0
3.570216e-09,0.0,0.0
9.267318e-05,0.0,0.0
3.038188e-07,0.0,0.0
5.6981016e-06,0.0,0.0
4.787623e-07,0.0,0.0
4.050736e-06,0.0,0.0
1.442641e-06,0.0,0.0
9.359057e-05,0.0,0.0
2.3424282e-06,0.0,0.0
2.8457629e-05,0.0,0.0
1.9332376e-09,0.0,0.0
1.8640509e-05,0.0,0.0
1.7266871e-06,0.0,0.0
0.0038047307,0.0,0.0
3.8229115e-05,0.0,0.0
1.3827035e-06,0.0,0.0
1.2694559e-05,0.0,0.0
6.7552166e-05,0.0,0.0
0.00029582452,0.0,1.0
0.00028142595,0.0,0.0
9.483365e-05,0.0,0.0
5.3745094e-05,0.0,0.0
0.000242626,0.0,0.0
0.00033116175,0.0,0.0
0.00053658424,0.0,0.0
0.00018909814,0.0,0.0
0.0003654522,0.0,0.0
1.2336774e-05,0.0,0.0
1.4204942e-06,1.0,0.0
0.00026944806,1.0,0.0
1.6059252e-05,1.0,0.0
5.5659326e-09,0.0,0.0
2.7731905e-06,0.0,0.0
0.00049165555,0.0,0.0
2.5123364e-07,0.0,0.0
2.6198063e-06,1.0,0.0
0.013481841,0.0,0.0
4.0292278e-05,1.0,0.0
2.3592474e-05,0.0,0.0
2.8056336e-06,1.0,0.0
4.0990704e-09,1.0,0.0
0.000114284754,1.0,0.0
1.1823323e-05,0.0,0.0
2.028602e-07,0.0,0.0
0.00015414569,0.0,0.0
7.949303e-06,0.0,0.0
9.092277e-06,0.0,0.0
0.00063251116,0.0,0.0
0.0003246094,0.0,0.0
7.312775e-05,0.0,0.0
6.838164e-05,0.0,0.0
5.698905e-05,0.0,0.0
0.00018539502,0.0,0.0
0.00060943415,0.0,0.0
0.012732108,0.0,0.0
4.4350927e-05,0.0,0.0
0.00033349523,0.0,0.0
0.05568867,0.0,0.0
0.0044035777,0.0,0.0
0.011703715,0.0,0.0
0.0004943143,0.0,0.0
0.00040056126,0.0,0.0
0.0037134981,0.0,0.0
0.019420441,0.0,0.0
0.036932204,0.0,0.0
0.00017547433,0.0,0.0
9.451632e-05,0.0,0.0
0.0515542,0.0,1.0
0.00014121422,0.0,0.0
0.001369476,0.0,0.0
0.00023004103,0.0,0.0
0.026592206,0.0,0.0
8.456484e-06,0.0,0.0
0.1120493,0.0,0.0
4.844852e-05,0.0,0.0
9.758383e-05,0.0,0.0
0.02459201,0.0,0.0
0.012936033,0.0,0.0
0.0013769771,0.0,0.0
0.0026192488,0.0,0.0
0.00036388045,0.0,0.0
0.011647882,0.0,0.0
0.0003360031,0.0,0.0
6.531728e-05,0.0,0.0
0.003533827,0.0,0.0
1.2134056e-07,0.0,0.0
0.0002346212,0.0,1.0
0.026895441,0.0,0.0
5.093537e-05,0.0,0.0
4.8486477e-06,0.0,1.0
0.0008124398,0.0,0.0
2.132951e-09,0.0,0.0
0.00010776782,0.0,0.0
1.0435145e-05,0.0,0.0
0.000174702,0.0,0.0
0.000102291175,1.0,0.0
0.018456066,0.0,0.0
3.1164755e-09,0.0,0.0
3.9311253e-06,0.0,0.0
0.00016569432,0.0,0.0
2.5846866e-05,0.0,0.0
8.887737e-05,0.0,0.0
0.012762918,0.0,0.0
0.0018502313,0.0,0.0
0.0030925914,0.0,0.0
0.0012229413,0.0,0.0
1.4843188e-06,0.0,0.0
0.0045327586,0.0,0.0
0.000114215145,0.0,0.0
0.0040004756,0.0,0.0
7.7860044e-05,0.0,0.0
0.0036484387,0.0,0.0
2.5978701e-05,0.0,0.0
0.00042530685,0.0,1.0
2.8215504e-06,0.0,0.0
0.00044338434,0.0,0.0
0.00018738353,0.0,0.0
7.124832e-06,0.0,0.0
8.773804e-05,0.0,0.0
2.9981218e-05,0.0,0.0
0.002468307,0.0,0.0
4.189126e-07,0.0,0.0
3.8301966e-08,0.0,0.0
0.0016344547,1.0,0.0
0.0011466991,1.0,0.0
0.00061048,1.0,0.0
0.00013096933,1.0,0.0
0.0001576024,1.0,0.0
0.0074572153,1.0,0.0
0.0006817524,1.0,1.0
1.9672806e-09,1.0,0.0
4.6890233e-05,1.0,0.0
3.9361086e-05,1.0,0.0
0.00060662004,1.0,0.0
0.014721012,0.0,0.0
1.9692843e-05,1.0,0.0
0.00041267026,1.0,0.0
6.8362738e-06,1.0,0.0
0.011086481,0.0,0.0
0.00017495574,1.0,0.0
0.0005064363,0.0,0.0
2.049414e-05,0.0,0.0
9.188807e-05,0.0,0.0
0.025052305,0.0,0.0
0.0013134724,0.0,0.0
0.00016029159,0.0,0.0
1.2853128e-05,0.0,0.0
1.616916e-05,0.0,0.0
0.0010516349,0.0,0.0
0.0005564921,0.0,0.0
0.0023604443,0.0,0.0
0.010966061,0.0,0.0
2.786425e-05,0.0,0.0
0.037274536,0.0,0.0
9.0734983e-07,1.0,0.0
4.9659354e-07,1.0,0.0
4.5377786e-07,0.0,0.0
1.9629786e-05,1.0,0.0
0.00034546095,0.0,0.0
0.00039701437,0.0,0.0
0.006880801,0.0,0.0
2.2975883e-06,0.0,0.0
2.5461983e-05,0.0,0.0
7.2936855e-05,0.0,0.0
2.578531e-07,0.0,0.0
0.0032869815,0.0,0.0
0.02580735,0.0,0.0
0.0027997617,0.0,0.0
0.00022877175,0.0,0.0
0.00018371818,0.0,0.0
0.011629738,0.0,0.0
0.004268222,0.0,0.0
0.027053848,0.0,0.0
0.00029867602,0.0,0.0
0.017429251,0.0,0.0
0.0039291973,0.0,0.0
5.4594023e-09,0.0,0.0
0.00020452545,0.0,0.0
4.745575e-06,0.0,0.0
0.00062774785,0.0,0.0
0.000115763585,0.0,0.0
0.0004138525,0.0,0.0
5.0069357e-06,0.0,0.0
3.2940538e-06,0.0,1.0
0.00037544002,0.0,1.0
0.0004866344,0.0,0.0
1.7429851e-05,0.0,0.0
0.00094974093,0.0,0.0
2.6045707e-06,0.0,0.0
8.636765e-07,0.0,0.0
3.9351573e-08,0.0,0.0
5.6809668e-06,0.0,0.0
0.0034374013,1.0,0.0
1.871748e-06,1.0,0.0
2.570018e-05,0.0,0.0
4.2295465e-05,1.0,0.0
1.5392033e-07,1.0,0.0
2.8167997e-05,0.0,0.0
1.601261e-05,0.0,0.0
0.003216362,0.0,0.0
2.8836983e-05,0.0,0.0
6.382606e-08,0.0,0.0
4.2398402e-05,0.0,0.0
3.5919015e-06,0.0,0.0
1.4469933e-05,0.0,0.0
6.1131905e-05,0.0,0.0
0.0005253537,0.0,0.0
0.02293621,0.0,0.0
0.00068689045,0.0,0.0
0.0030534966,0.0,0.0
0.01849292,0.0,0.0
0.00045037243,0.0,0.0
0.011890515,0.0,0.0
0.01060433,0.0,0.0
0.0062251203,0.0,0.0
4.4701657e-05,0.0,0.0
0.0033038633,0.0,0.0
0.013933353,0.0,0.0
1.1222858e-05,0.0,0.0
6.848749e-05,0.0,0.0
0.005504388,0.0,0.0
0.0006530729,0.0,1.0
8.089671e-05,0.0,1.0
0.00039352605,0.0,1.0
6.9736193e-06,0.0,1.0
0.0007705762,0.0,0.0
0.00033252055,0.0,0.0
5.894017e-06,0.0,0.0
0.02216877,0.0,0.0
0.04993065,0.0,0.0
9.917467e-05,0.0,0.0
0.01019294,0.0,0.0
1.50268415e-05,0.0,0.0
6.1249084e-05,0.0,0.0
3.288553e-05,0.0,0.0
1.7761758e-08,0.0,0.0
1.7361554e-05,0.0,0.0
0.00051036273,0.0,0.0
0.00040805052,0.0,0.0
1.2015022e-05,0.0,0.0
6.952761e-05,1.0,1.0
0.0007402728,1.0,1.0
0.00028778624,0.0,1.0
0.00026132382,0.0,0.0
0.00011953894,1.0,0.0
1.3738282e-05,0.0,0.0
2.6864749e-05,0.0,0.0
1.549349e-06,0.0,0.0
0.013087287,0.0,0.0
0.044219512,0.0,0.0
0.0009114676,0.0,1.0
0.00055333297,0.0,0.0
0.00010835879,0.0,0.0
9.790176e-05,0.0,0.0
2.1544704e-09,0.0,0.0
4.6722683e-08,0.0,0.0
0.0022788034,0.0,0.0
0.00031958055,0.0,0.0
1.1661409e-07,0.0,0.0
1.291781e-06,0.0,0.0
0.0001324546,1.0,0.0
1.6241869e-06,1.0,0.0
2.0108762e-05,1.0,0.0
0.0001486575,1.0,0.0
2.092102e-06,1.0,1.0
4.398216e-08,0.0,0.0
4.9285405e-05,0.0,0.0
1.8200879e-05,0.0,0.0
2.5898926e-06,1.0,0.0
0.00055505044,0.0,0.0
1.0420857e-06,0.0,0.0
0.00025585026,0.0,0.0
0.0023554682,0.0,0.0
0.0009841899,0.0,0.0
9.03617e-05,0.0,0.0
7.666895e-06,0.0,0.0
0.00014248266,0.0,1.0
0.0025333443,0.0,0.0
0.0015699898,0.0,0.0
8.4619205e-06,0.0,0.0
0.0012201238,0.0,0.0
0.0008979214,0.0,0.0
2.8195898e-06,0.0,0.0
0.0010498461,0.0,0.0
0.0030797531,0.0,0.0
0.008831367,0.0,0.0
0.00027046472,0.0,0.0
1.5803352e-09,0.0,0.0
0.0001537816,0.0,0.0
6.2098865e-05,0.0,0.0
4.7547244e-05,0.0,1.0
0.0064096614,0.0,0.0
2.7686703e-05,0.0,0.0
0.010629289,0.0,0.0
0.00014204191,0.0,0.0
1.639943e-05,1.0,0.0
0.00066752435,0.0,0.0
0.00041313528,0.0,0.0
0.0003144263,0.0,0.0
2.3666773e-05,1.0,0.0
0.006521313,0.0,0.0
0.13522771,0.0,0.0
0.0001051695,0.0,0.0
0.12384292,0.0,0.0
0.0007085922,0.0,0.0
0.0013497054,0.0,0.0
0.08317871,0.0,0.0
0.014596174,0.0,0.0
0.020621594,0.0,0.0
0.0046281912,0.0,0.0
0.0001371918,0.0,0.0
0.0008732686,0.0,0.0
5.4834334e-07,0.0,0.0
5.3149306e-06,0.0,0.0
0.005618174,0.0,0.0
8.079695e-05,0.0,0.0
0.0001938986,0.0,0.0
0.00047533293,0.0,0.0
6.214082e-07,0.0,0.0
9.828348e-05,0.0,0.0
0.0038780149,0.0,0.0
0.00023864087,0.0,0.0
0.031578507,0.0,0.0
0.0026010715,0.0,0.0
2.6020978e-05,0.0,0.0
3.7496653e-07,0.0,0.0
4.042466e-06,0.0,0.0
1.810523e-09,0.0,0.0
7.428437e-08,0.0,1.0
3.0803271e-06,0.0,0.0
3.0739287e-05,0.0,0.0
1.3184368e-05,0.0,1.0
2.948382e-06,0.0,0.0
3.0914283e-08,0.0,0.0
1.4757354e-07,0.0,0.0
3.5010195e-05,0.0,0.0
2.1957378e-07,0.0,0.0
0.0005544263,0.0,0.0
1.3140347e-05,0.0,0.0
2.0393342e-08,0.0,0.0
0.0062346645,0.0,0.0
0.0015923406,0.0,0.0
5.2528424e-08,0.0,0.0
1.4210132e-06,0.0,0.0
6.7207634e-06,0.0,0.0
0.018757578,0.0,0.0
1.7482956e-06,0.0,0.0
2.478449e-06,0.0,0.0
5.156432e-05,0.0,0.0
7.898455e-08,0.0,0.0
1.6170167e-08,0.0,0.0
3.391721e-06,0.0,0.0
4.342219e-08,0.0,0.0
7.5803196e-06,0.0,0.0
4.9401162e-05,0.0,0.0
5.221666e-08,0.0,0.0
1.8270697e-06,1.0,1.0
2.6093661e-05,1.0,0.0
1.0530682e-06,0.0,0.0
0.0010162649,0.0,1.0
1.0642043e-07,0.0,1.0
2.981067e-07,0.0,0.0
2.7243388e-07,0.0,0.0
0.0002522442,0.0,0.0
1.6658842e-07,0.0,0.0
9.0563204e-05,0.0,0.0
2.4940125e-06,0.0,0.0
0.00083921873,0.0,0.0
0.0003543049,0.0,0.0
0.0005218322,0.0,0.0
5.6088236e-05,0.0,0.0
9.716693e-08,0.0,1.0
2.7801226e-08,0.0,1.0
3.734569e-08,0.0,0.0
0.00013089931,0.0,0.0
1.1538654e-06,0.0,1.0
2.0583713e-05,0.0,0.0
1.3325972e-06,0.0,0.0
8.0078076e-05,0.0,0.0
0.00053671567,0.0,0.0
4.2745833e-06,0.0,0.0
2.367295e-06,0.0,0.0
1.4080336e-05,0.0,0.0
1.0216414e-05,0.0,0.0
3.5752478e-07,0.0,0.0
1.487678e-05,0.0,0.0
0.0002141263,0.0,0.0
1.6192611e-07,0.0,0.0
0.00015319121,0.0,0.0
2.6849682e-07,0.0,0.0
1.8153655e-07,0.0,0.0
1.4831951e-06,0.0,0.0
0.00016846295,0.0,0.0
0.00065827445,0.0,0.0
0.0011225599,0.0,0.0
0.00037710348,0.0,0.0
0.00010120952,0.0,0.0
6.301656e-08,0.0,0.0
0.028887877,0.0,0.0
1.5939486e-09,0.0,0.0
4.7037706e-06,0.0,1.0
1.6620726e-09,1.0,1.0
1.4074268e-05,0.0,0.0
2.120313e-08,0.0,0.0
3.1280192e-07,0.0,0.0
1.3642205e-07,0.0,0.0
5.6591065e-09,0.0,0.0
2.0590396e-09,0.0,0.0
2.0805319e-05,0.0,0.0
2.7810142e-07,1.0,1.0
1.11473155e-05,1.0,1.0
0.0005782615,0.0,0.0
9.144156e-09,0.0,0.0
3.7580892e-07,0.0,0.0
4.4693022e-07,0.0,0.0
0.00012376341,0.0,0.0
7.7785216e-07,0.0,0.0
2.0122515e-09,0.0,0.0
3.8852297e-05,0.0,0.0
7.1646373e-06,0.0,0.0
2.0288401e-07,0.0,0.0
5.836597e-05,0.0,0.0
1.4771788e-06,0.0,0.0
1.208137e-07,0.0,0.0
1.1604897e-05,0.0,0.0
1.1526314e-06,0.0,0.0
7.8788855e-07,0.0,1.0
2.542902e-06,0.0,0.0
0.0011977684,0.0,1.0
2.7035634e-07,0.0,0.0
2.274377e-05,0.0,0.0
0.0007412554,0.0,0.0
0.006827462,0.0,0.0
0.00021925152,0.0,0.0
1.3981995e-06,0.0,0.0
0.0016486533,0.0,0.0
6.5521112e-06,0.0,0.0
5.605574e-06,0.0,0.0
9.035696e-08,0.0,0.0
0.00013776125,0.0,0.0
1.0672468e-06,0.0,0.0
3.515193e-06,0.0,0.0
1.0136988e-05,0.0,0.0
3.8655866e-08,0.0,0.0
8.156041e-06,0.0,0.0
4.2673342e-05,0.0,0.0
3.1158347e-06,0.0,0.0
0.00043913262,0.0,0.0
5.485928e-07,1.0,0.0
6.939632e-06,1.0,0.0
5.205862e-06,1.0,0.0
0.00041408985,0.0,0.0
5.167901e-09,1.0,0.0
5.738944e-06,1.0,0.0
7.1311815e-06,0.0,1.0
1.4342631e-05,0.0,0.0
2.0239972e-07,0.0,0.0
2.1098008e-07,0.0,0.0
2.1780224e-08,0.0,0.0
4.2967924e-05,0.0,0.0
1.702478e-05,0.0,0.0
7.7325485e-06,0.0,0.0
2.9925119e-05,0.0,0.0
7.7509794e-05,0.0,0.0
5.885137e-07,0.0,0.0
6.879049e-05,0.0,0.0
0.002117608,0.0,0.0
0.0030985964,0.0,0.0
3.9531194e-05,0.0,0.0
0.0070613003,0.0,0.0
1.2424819e-05,0.0,0.0
3.092572e-08,0.0,0.0
0.0020231542,0.0,0.0
6.0999023e-06,0.0,1.0
1.3779918e-05,0.0,0.0
2.5826732e-06,0.0,0.0
0.00016325332,0.0,0.0
1.3590069e-07,0.0,0.0
1.3789726e-07,0.0,0.0
3.2608796e-08,0.0,1.0
0.0005104046,0.0,0.0
0.00023011936,0.0,0.0
1.2015995e-05,1.0,0.0
4.5360997e-05,1.0,0.0
8.802876e-05,1.0,0.0
1.2915037e-07,1.0,0.0
3.6742657e-07,1.0,0.0
6.392418e-07,0.0,0.0
0.003493129,0.0,0.0
1.2611689e-06,1.0,0.0
1.2532459e-05,0.0,0.0
1.5755678e-06,0.0,0.0
3.4245946e-05,0.0,0.0
2.87876e-07,0.0,0.0
5.1056116e-07,0.0,0.0
4.8504097e-07,0.0,0.0
0.0002832834,0.0,0.0
1.4698293e-07,0.0,0.0
8.474046e-07,0.0,0.0
9.966609e-06,0.0,0.0
6.083699e-06,0.0,0.0
0.00014196163,0.0,0.0
2.449587e-05,0.0,0.0
5.28214e-05,0.0,0.0
7.298124e-05,0.0,0.0
0.00848991,0.0,0.0
0.001134014,0.0,0.0
0.0002926334,0.0,0.0
5.628172e-07,0.0,0.0
0.000104019935,0.0,0.0
0.0005596806,0.0,0.0
1.6624444e-08,1.0,1.0
7.254709e-07,0.0,0.0
3.3759488e-08,0.0,0.0
1.0587581e-07,1.0,0.0
0.00021251863,0.0,0.0
7.0600217e-06,0.0,0.0
4.550563e-07,0.0,0.0
1.6542635e-05,0.0,0.0
7.721671e-08,0.0,0.0
5.1263614e-05,0.0,0.0
1.00925334e-07,0.0,1.0
2.530699e-06,0.0,0.0
9.0380286e-07,0.0,0.0
0.0024507956,0.0,0.0
0.0001474132,0.0,0.0
2.7928465e-06,0.0,0.0
9.4160315e-09,0.0,0.0
5.7996294e-07,0.0,0.0
0.00032405005,0.0,0.0
4.1095875e-05,0.0,0.0
0.037920296,0.0,0.0
0.00025495925,0.0,0.0
9.980143e-09,0.0,0.0
3.1161322e-05,0.0,0.0
0.0013184268,0.0,0.0
0.00047140734,0.0,0.0
0.0013016385,0.0,0.0
2.1855853e-06,0.0,0.0
7.2412164e-05,0.0,0.0
3.7877774e-07,0.0,0.0
2.8560248e-07,0.0,0.0
0.00010154692,0.0,0.0
7.879203e-05,0.0,0.0
3.6098827e-06,0.0,1.0
4.4578886e-05,0.0,0.0
3.3928358e-05,1.0,0.0
1.7741735e-06,1.0,0.0
1.504457e-07,1.0,0.0
8.2090514e-07,1.0,0.0
9.4346e-06,1.0,0.0
4.669067e-06,1.0,0.0
1.6198203e-06,1.0,0.0
3.0815904e-06,0.0,0.0
8.727648e-06,1.0,0.0
4.7462e-06,1.0,0.0
6.2154277e-07,0.0,0.0
4.2059432e-07,0.0,0.0
6.341329e-07,1.0,0.0
2.867821e-06,0.0,0.0
7.8210843e-07,0.0,0.0
2.2290812e-06,0.0,0.0
4.353063e-06,0.0,0.0
5.669179e-05,0.0,1.0
5.0987506e-08,0.0,0.0
1.7588299e-07,0.0,0.0
2.069484e-05,0.0,0.0
1.6494464e-07,0.0,1.0
0.0008493468,0.0,1.0
4.9555742e-06,0.0,1.0
2.6269645e-06,0.0,0.0
1.6576338e-06,1.0,1.0
1.6091702e-06,1.0,0.0
6.9226244e-06,0.0,0.0
1.434255e-05,1.0,0.0
0.000112366775,1.0,0.0
5.1523516e-06,1.0,0.0
7.121403e-05,0.0,0.0
2.283845e-05,1.0,0.0
0.00019905213,1.0,1.0
0.00034066275,1.0,0.0
4.646704e-05,0.0,0.0
