gate_value,label,rsa
6.6094094e-06,0.0,0.0
2.3376066e-05,0.0,0.0
0.00051578484,0.0,0.0
0.0003128985,0.0,0.0
0.00022769133,0.0,0.0
5.426048e-05,0.0,0.0
3.399057e-05,1.0,0.0
0.000725689,1.0,0.0
7.8875935e-05,1.0,0.0
0.0010201602,0.0,0.0
0.0022617467,0.0,0.0
0.0001426617,1.0,0.0
1.4768393e-06,1.0,0.0
0.009026108,0.0,0.0
3.0566591e-06,0.0,0.0
3.6464307e-06,1.0,0.0
1.7828459e-06,1.0,0.0
6.151671e-05,0.0,0.0
1.1589562e-08,0.0,0.0
0.0039713057,0.0,0.0
0.00024820716,0.0,0.0
0.0047376547,0.0,0.0
0.005665772,0.0,0.0
0.0035802245,0.0,0.0
0.0015616238,0.0,0.0
0.0007871005,0.0,0.0
0.053831145,0.0,0.0
0.0072151213,0.0,0.0
0.0029489808,0.0,0.0
0.0032051408,0.0,0.0
0.000113449125,0.0,0.0
0.003972219,0.0,0.0
0.004949298,0.0,0.0
3.5284065e-05,0.0,0.0
0.0006635443,0.0,0.0
0.00013963993,1.0,0.0
2.5216575e-06,1.0,0.0
1.8467316e-06,1.0,0.0
0.00024552838,1.0,0.0
7.8869004e-07,1.0,0.0
7.8827805e-05,0.0,0.0
0.00036495988,0.0,0.0
0.00020245601,1.0,0.0
0.00028998632,1.0,0.0
0.0044921106,1.0,1.0
2.8776927e-05,1.0,0.0
1.8028697e-05,1.0,0.0
8.05037e-05,0.0,0.0
5.9458053e-08,1.0,0.0
9.109918e-05,0.0,0.0
0.00045359242,0.0,0.0
1.075162e-06,0.0,0.0
2.6065659e-06,0.0,0.0
4.4486196e-06,0.0,0.0
0.004471338,0.0,0.0
0.01105668,0.0,0.0
0.0010441432,0.0,0.0
0.0019373832,0.0,0.0
1.8247615e-09,0.0,0.0
0.0002626602,0.0,0.0
0.047714937,0.0,0.0
0.0017277662,0.0,0.0
0.0005204773,0.0,0.0
1.7325016e-05,0.0,0.0
2.0288076e-09,0.0,0.0
0.0018361335,0.0,0.0
0.0031982257,1.0,0.0
0.16752681,0.0,0.0
9.976804e-06,0.0,0.0
4.7466965e-05,0.0,0.0
9.828555e-05,0.0,0.0
0.000107131134,0.0,0.0
9.3711846e-05,0.0,0.0
5.826509e-05,0.0,0.0
0.00042444575,0.0,0.0
0.0024557295,1.0,0.0
2.4262342e-06,1.0,0.0
0.0066517154,0.0,0.0
0.00013505302,0.0,0.0
2.9954273e-05,1.0,0.0
0.0026873653,0.0,0.0
5.2087842e-05,1.0,0.0
2.1958979e-06,1.0,0.0
8.400597e-05,1.0,0.0
4.148078e-06,1.0,0.0
3.0483147e-09,1.0,0.0
0.0001381982,1.0,0.0
1.8893198e-06,1.0,0.0
3.7376694e-07,1.0,0.0
0.00027031184,1.0,0.0
1.0363589e-05,1.0,0.0
2.4738329e-05,0.0,0.0
0.0055107344,0.0,0.0
2.2718547e-08,0.0,0.0
4.006774e-05,0.0,1.0
0.000968201,0.0,0.0
6.600094e-06,0.0,0.0
0.00052679004,0.0,0.0
0.00063731696,0.0,0.0
9.7196375e-05,0.0,1.0
0.0005492676,0.0,0.0
0.00013078153,0.0,0.0
0.0008864845,1.0,0.0
4.945231e-07,1.0,1.0
5.681752e-05,1.0,0.0
0.002438307,0.0,0.0
0.00031788615,0.0,0.0
0.000118720025,1.0,0.0
0.0022404555,1.0,0.0
1.554616e-08,0.0,0.0
0.00015401891,1.0,0.0
3.9645956e-06,1.0,0.0
6.0489183e-06,0.0,0.0
0.00018603001,0.0,0.0
0.0017827282,1.0,0.0
0.0002615514,0.0,0.0
0.0005683998,0.0,0.0
9.2865674e-05,0.0,0.0
0.0002186551,0.0,0.0
1.181007e-05,0.0,0.0
0.003037981,0.0,0.0
9.6378004e-05,0.0,0.0
5.9500893e-05,0.0,0.0
1.5375354e-06,0.0,0.0
0.018498791,0.0,0.0
0.0002605993,0.0,0.0
0.00034468342,0.0,0.0
0.0002901719,0.0,0.0
0.00012487988,0.0,0.0
0.0005932924,0.0,0.0
0.00013125213,0.0,0.0
3.7878327e-09,0.0,0.0
0.00021255288,0.0,0.0
2.3717899e-09,0.0,0.0
2.33605e-06,0.0,0.0
4.5800316e-05,0.0,0.0
0.00012510586,0.0,0.0
0.0015863971,0.0,1.0
0.00030624573,0.0,0.0
0.00010125153,0.0,0.0
3.4088574e-05,0.0,0.0
8.7557426e-05,0.0,1.0
0.00016537328,0.0,0.0
0.00013784588,0.0,0.0
0.0007188986,0.0,0.0
0.00018366422,0.0,0.0
1.1520002e-09,0.0,0.0
4.2706956e-06,0.0,0.0
0.00028839931,0.0,0.0
1.9369725e-05,0.0,0.0
0.0014310558,0.0,0.0
0.0001558169,0.0,1.0
0.0002772509,0.0,1.0
3.2522632e-05,0.0,0.0
0.000540903,0.0,0.0
0.00087806786,0.0,0.0
0.0009439713,0.0,0.0
0.0040282593,0.0,0.0
7.696528e-06,0.0,0.0
0.003360297,0.0,0.0
0.00015101889,0.0,0.0
3.9009563e-05,0.0,0.0
0.00022571358,0.0,0.0
0.0062636193,0.0,0.0
0.00054043386,0.0,0.0
0.003402336,0.0,0.0
9.557491e-05,0.0,1.0
0.0005625866,0.0,0.0
0.0018964579,0.0,0.0
7.846994e-07,0.0,0.0
0.00027618528,0.0,0.0
0.0004111943,0.0,0.0
0.0036066326,0.0,0.0
9.966542e-07,0.0,0.0
0.0014063416,0.0,0.0
8.335705e-05,0.0,0.0
6.4199877e-09,0.0,0.0
8.497278e-05,1.0,0.0
0.011521207,0.0,0.0
0.00010886971,0.0,0.0
0.00015217428,0.0,0.0
0.0017105369,1.0,0.0
2.3902643e-05,0.0,0.0
0.00045543205,1.0,1.0
0.00037788914,0.0,1.0
0.00030628717,0.0,0.0
0.00066623517,0.0,0.0
2.2644757e-05,0.0,0.0
0.0034869453,0.0,1.0
0.013936085,0.0,1.0
4.856473e-08,0.0,0.0
0.00022530397,0.0,0.0
0.009135887,0.0,0.0
3.3355445e-05,0.0,0.0
0.001199878,0.0,0.0
8.783835e-06,0.0,0.0
0.003910267,0.0,0.0
3.3383003e-05,0.0,0.0
0.002967272,0.0,0.0
7.641874e-05,0.0,1.0
5.3918866e-05,0.0,1.0
2.8610311e-05,0.0,1.0
0.006294765,0.0,1.0
0.00032656186,0.0,0.0
0.0012428369,0.0,0.0
2.8207915e-05,0.0,0.0
0.0010383461,0.0,1.0
7.581897e-05,0.0,0.0
8.630964e-05,0.0,1.0
0.0006983801,0.0,0.0
0.00014902423,0.0,0.0
0.00018300537,0.0,0.0
0.00041805994,1.0,0.0
0.0017617363,1.0,0.0
0.0004879436,1.0,0.0
0.00050987676,1.0,0.0
0.0015812997,1.0,0.0
0.0010319577,1.0,0.0
8.725617e-06,1.0,0.0
3.7475245e-05,1.0,0.0
1.9458019e-05,1.0,0.0
1.2431917e-07,1.0,0.0
6.090847e-07,0.0,0.0
7.2210637e-06,1.0,0.0
2.570088e-07,0.0,0.0
3.4703692e-06,0.0,0.0
2.6511025e-06,0.0,0.0
8.586974e-06,0.0,0.0
4.275484e-06,0.0,1.0
8.053437e-06,0.0,1.0
3.777939e-06,0.0,1.0
4.1943767e-06,0.0,0.0
1.4363602e-05,0.0,0.0
7.339369e-06,0.0,0.0
2.4018013e-06,0.0,0.0
5.882141e-06,0.0,0.0
6.0919547e-06,0.0,0.0
6.1064924e-07,0.0,0.0
2.0346715e-06,0.0,0.0
2.80435e-07,0.0,0.0
4.4309763e-06,0.0,0.0
1.4180565e-06,0.0,0.0
3.772294e-06,0.0,0.0
4.8702386e-06,0.0,0.0
6.45858e-07,1.0,0.0
5.4989678e-06,1.0,0.0
2.4754443e-06,1.0,0.0
4.1936208e-05,1.0,0.0
1.6404935e-06,1.0,0.0
5.1452827e-07,1.0,0.0
2.657527e-06,0.0,0.0
3.0275262e-06,0.0,0.0
1.6476477e-06,0.0,0.0
1.2720347e-05,0.0,0.0
7.9674504e-07,1.0,0.0
3.5709272e-06,0.0,0.0
6.0853196e-08,1.0,0.0
7.685451e-07,0.0,0.0
1.5907155e-07,1.0,0.0
2.3679952e-06,1.0,0.0
3.7175805e-06,1.0,0.0
3.76739e-07,1.0,0.0
3.279219e-06,1.0,0.0
7.1990466e-06,0.0,1.0
5.0855265e-06,0.0,1.0
1.8807346e-07,0.0,1.0
1.4327471e-06,0.0,0.0
8.440095e-06,0.0,0.0
5.38684e-05,1.0,0.0
1.0821653e-06,0.0,0.0
4.659383e-06,1.0,0.0
1.2491795e-06,0.0,0.0
3.6849758e-07,1.0,0.0
8.704297e-07,1.0,0.0
1.0242004e-06,1.0,0.0
4.4893273e-08,1.0,0.0
3.0093906e-06,1.0,0.0
2.5909646e-06,0.0,0.0
1.3164299e-07,0.0,0.0
2.2462834e-06,0.0,0.0
1.1529025e-05,0.0,0.0
5.4233027e-07,0.0,0.0
6.3520605e-07,0.0,0.0
1.4322757e-07,0.0,0.0
1.174692e-05,0.0,0.0
3.2051782e-06,1.0,0.0
6.7175193e-07,0.0,0.0
2.4854523e-07,0.0,1.0
1.9743802e-05,0.0,0.0
1.03206075e-05,0.0,0.0
3.390819e-06,0.0,0.0
2.953583e-06,0.0,0.0
2.1820782e-05,0.0,0.0
6.494977e-05,0.0,0.0
1.7891392e-06,0.0,0.0
9.780052e-05,0.0,0.0
5.86899e-06,0.0,0.0
4.3137825e-06,0.0,0.0
2.975244e-06,0.0,0.0
0.00012969821,0.0,0.0
8.679935e-07,0.0,0.0
5.777135e-07,0.0,0.0
9.965544e-06,0.0,0.0
3.8232723e-05,0.0,0.0
4.157469e-07,0.0,1.0
1.7745013e-05,0.0,0.0
7.4266933e-07,0.0,0.0
4.0451363e-05,0.0,0.0
7.201178e-07,0.0,0.0
2.355479e-06,0.0,0.0
0.00025897275,0.0,0.0
3.1273865e-07,1.0,0.0
4.097445e-06,0.0,0.0
1.9141264e-06,1.0,0.0
2.8835937e-05,1.0,0.0
2.084859e-07,0.0,0.0
3.7098985e-06,0.0,0.0
2.858545e-06,0.0,0.0
4.2183476e-07,0.0,0.0
3.893497e-05,0.0,0.0
5.0981198e-05,0.0,0.0
7.2685737e-07,0.0,0.0
8.1996234e-07,0.0,0.0
2.3388166e-06,0.0,0.0
5.4542134e-06,0.0,0.0
0.00014845833,0.0,0.0
1.142131e-05,0.0,0.0
7.161795e-06,0.0,0.0
4.3446544e-05,0.0,0.0
1.1030736e-05,0.0,0.0
8.554947e-05,0.0,0.0
1.0897731e-06,0.0,0.0
0.00033991985,0.0,0.0
3.8795283e-06,0.0,0.0
3.6238212e-06,0.0,0.0
6.221723e-05,0.0,0.0
4.034744e-06,0.0,0.0
7.9895024e-08,0.0,0.0
6.6823065e-07,0.0,0.0
2.9498049e-06,0.0,0.0
7.75093e-07,1.0,0.0
1.0453634e-06,1.0,0.0
1.6065574e-06,1.0,0.0
1.2490575e-07,0.0,0.0
6.363508e-05,0.0,0.0
3.0286114e-05,0.0,0.0
1.4381392e-05,0.0,0.0
2.5104664e-06,0.0,0.0
5.308297e-07,0.0,0.0
0.001181785,0.0,0.0
1.0032191e-07,0.0,0.0
2.4115578e-05,0.0,0.0
1.2268655e-06,0.0,0.0
8.230176e-06,0.0,0.0
8.091074e-06,0.0,0.0
5.1909105e-06,0.0,0.0
3.4814027e-05,0.0,0.0
5.6727054e-06,0.0,0.0
3.256323e-06,0.0,0.0
1.1318627e-06,0.0,0.0
1.5606253e-06,0.0,0.0
2.692589e-06,0.0,0.0
4.6416167e-06,0.0,0.0
3.6988797e-06,0.0,0.0
1.354255e-07,0.0,0.0
3.7660611e-06,0.0,0.0
1.7599201e-06,0.0,0.0
2.2434135e-07,0.0,0.0
2.8811053e-06,0.0,0.0
2.8809433e-07,0.0,0.0
6.1761403e-07,0.0,0.0
6.7360594e-07,0.0,0.0
1.2786163e-06,0.0,0.0
7.668247e-08,0.0,0.0
6.780952e-06,0.0,0.0
5.8255e-07,0.0,0.0
1.3110655e-06,0.0,1.0
1.2609266e-07,0.0,0.0
1.0989933e-05,0.0,0.0
1.6720612e-07,0.0,0.0
4.2491055e-07,0.0,1.0
1.3119634e-06,0.0,0.0
1.0545732e-05,0.0,0.0
1.6002282e-07,0.0,0.0
3.1863374e-06,0.0,0.0
4.0017392e-07,0.0,0.0
1.1009e-06,0.0,0.0
1.8253073e-06,0.0,0.0
1.4855083e-06,0.0,0.0
2.370168e-07,0.0,0.0
3.211788e-05,0.0,0.0
1.3638017e-05,0.0,0.0
0.00018400674,0.0,0.0
3.0785756e-09,0.0,0.0
0.0048643737,0.0,0.0
1.305368e-08,0.0,0.0
8.01343e-05,0.0,0.0
7.1830823e-06,0.0,1.0
1.4078698e-05,0.0,1.0
4.1557155e-06,0.0,0.0
5.0999486e-05,0.0,0.0
7.614739e-09,0.0,0.0
3.237731e-05,0.0,0.0
0.003412148,0.0,0.0
6.2676e-07,0.0,0.0
5.5040862e-05,0.0,1.0
9.782866e-06,0.0,1.0
0.00013982126,0.0,0.0
7.400602e-09,0.0,0.0
0.00021306361,0.0,0.0
0.0011370092,0.0,0.0
9.665922e-07,0.0,0.0
2.0157337e-05,0.0,0.0
0.00032193615,0.0,0.0
9.305478e-06,0.0,0.0
8.598597e-09,0.0,0.0
0.00026933735,0.0,0.0
0.0009912357,0.0,0.0
0.00023033842,0.0,0.0
4.5132092e-05,0.0,0.0
1.0360342e-06,0.0,0.0
7.2580435e-05,0.0,0.0
0.0011164864,0.0,0.0
0.00081398076,0.0,0.0
0.00041324127,0.0,0.0
0.0011074034,0.0,0.0
3.0793624e-05,0.0,0.0
3.508341e-09,0.0,0.0
4.0970164e-07,0.0,0.0
5.9652928e-05,0.0,0.0
0.00030824225,0.0,0.0
0.0008303231,0.0,0.0
0.0024698842,0.0,0.0
0.014342785,0.0,0.0
7.015472e-05,0.0,0.0
3.073923e-05,0.0,0.0
5.37911e-06,0.0,0.0
3.459105e-05,0.0,0.0
8.701132e-05,0.0,0.0
0.0003908067,0.0,0.0
0.00022742598,0.0,0.0
3.3933907e-09,0.0,0.0
1.0298325e-07,0.0,0.0
9.3732154e-07,0.0,0.0
2.3794128e-07,0.0,0.0
6.3468565e-06,0.0,0.0
6.893831e-05,0.0,0.0
0.015840804,0.0,0.0
0.00010219065,0.0,0.0
4.1037842e-06,0.0,0.0
7.585614e-06,0.0,0.0
1.2902088e-06,0.0,0.0
4.440719e-06,1.0,0.0
0.0019377347,0.0,0.0
2.1476813e-08,1.0,0.0
7.7092714e-05,0.0,0.0
0.0038615693,0.0,0.0
5.8033962e-05,0.0,0.0
1.7690422e-06,0.0,0.0
0.08467492,0.0,0.0
0.010007325,0.0,0.0
1.12382864e-07,0.0,0.0
1.1333078e-05,0.0,0.0
0.00026875097,0.0,0.0
0.00048035747,0.0,0.0
0.00017385186,0.0,0.0
2.1264668e-06,0.0,0.0
0.0007678088,0.0,0.0
8.684938e-06,0.0,0.0
9.954143e-05,0.0,0.0
5.830586e-07,0.0,0.0
4.6288582e-07,0.0,0.0
0.00013962956,0.0,0.0
2.9783157e-06,0.0,0.0
0.0042120265,0.0,0.0
1.1716645e-05,0.0,0.0
1.4486116e-05,0.0,0.0
0.002707483,0.0,0.0
6.1594164e-06,0.0,0.0
1.9748228e-05,0.0,0.0
0.00030330202,1.0,0.0
0.0012407475,0.0,0.0
7.0765895e-09,0.0,0.0
0.00047775934,1.0,0.0
8.0187365e-06,1.0,0.0
6.4574226e-05,1.0,0.0
0.00024257303,0.0,0.0
1.8468429e-05,0.0,0.0
9.1901154e-07,0.0,0.0
3.0520275e-06,0.0,0.0
0.00027825957,0.0,0.0
0.0016655688,0.0,0.0
0.0004767817,0.0,0.0
0.001470833,0.0,0.0
0.0039968486,0.0,0.0
1.7017156e-08,0.0,0.0
0.00017242288,0.0,0.0
3.2722546e-05,0.0,0.0
7.940625e-09,0.0,0.0
0.0003263502,0.0,0.0
0.00023019504,0.0,0.0
0.00015943126,0.0,0.0
4.3106897e-06,0.0,1.0
1.8212826e-05,0.0,0.0
5.089221e-05,0.0,0.0
5.4173397e-06,0.0,0.0
1.5709462e-05,0.0,0.0
1.0201315e-06,0.0,0.0
0.0003804949,0.0,0.0
1.1768432e-06,0.0,0.0
3.1006102e-06,0.0,0.0
7.828764e-06,0.0,0.0
6.5556594e-07,0.0,1.0
2.5280744e-06,0.0,1.0
2.7654429e-05,0.0,1.0
1.4461574e-05,0.0,0.0
8.102495e-07,0.0,0.0
0.00014701413,0.0,0.0
6.2444788e-06,0.0,0.0
1.3156636e-05,0.0,0.0
2.5554424e-05,0.0,0.0
3.7648617e-06,0.0,0.0
9.565572e-07,0.0,0.0
7.293513e-06,0.0,0.0
0.0007211249,0.0,0.0
1.5249827e-05,0.0,0.0
5.0055383e-05,0.0,0.0
0.0013029954,0.0,0.0
5.8872565e-09,0.0,0.0
3.775774e-05,0.0,0.0
0.0006481391,0.0,0.0
0.00017824156,0.0,0.0
0.00023448479,0.0,0.0
3.4571887e-05,0.0,0.0
0.00029229824,0.0,0.0
3.9102392e-06,0.0,1.0
0.0004418186,0.0,0.0
0.0008712258,0.0,0.0
0.0014038982,0.0,1.0
0.006239281,0.0,0.0
8.984027e-06,0.0,0.0
0.00077512657,0.0,0.0
3.2562455e-06,0.0,0.0
0.015537951,0.0,0.0
8.9299846e-08,0.0,0.0
0.00052249146,0.0,0.0
0.0020654653,0.0,0.0
2.2298902e-05,0.0,0.0
1.3385528e-05,0.0,0.0
0.0011168928,1.0,0.0
1.5185523e-05,0.0,0.0
4.4494812e-09,0.0,0.0
1.0740654e-08,1.0,0.0
0.000111382134,0.0,0.0
0.0016886265,0.0,0.0
1.921386e-05,0.0,0.0
9.924156e-06,0.0,0.0
4.236794e-09,0.0,0.0
8.562202e-05,0.0,0.0
0.00041648297,0.0,0.0
0.0012840012,0.0,0.0
0.0055318717,0.0,0.0
0.00057367026,0.0,0.0
4.831762e-05,0.0,0.0
3.2277476e-09,1.0,0.0
0.00023414074,0.0,0.0
0.0062657893,0.0,0.0
0.0006755171,0.0,0.0
0.00052615127,0.0,0.0
0.009670696,0.0,0.0
0.02782467,0.0,0.0
1.1084431e-05,0.0,0.0
0.00013828112,0.0,0.0
4.28515e-06,0.0,0.0
9.592503e-07,0.0,0.0
7.3620987e-07,0.0,0.0
0.00011056941,0.0,0.0
5.6185837e-07,0.0,0.0
4.9993982e-08,0.0,0.0
1.2493793e-07,1.0,0.0
4.0438397e-07,1.0,0.0
7.1921323e-07,0.0,0.0
3.1559891e-06,0.0,0.0
6.89434e-06,1.0,0.0
0.00034116962,0.0,0.0
7.298683e-06,0.0,0.0
6.279642e-06,1.0,0.0
4.9516343e-06,1.0,0.0
0.00053541805,0.0,0.0
0.003734467,0.0,0.0
0.00057547685,0.0,0.0
5.9498623e-05,0.0,0.0
3.8414615e-05,0.0,0.0
0.0004112094,0.0,0.0
0.00036081095,0.0,0.0
4.4271907e-05,0.0,0.0
0.021147793,0.0,0.0
0.0380632,0.0,0.0
5.589849e-09,1.0,0.0
1.38385585e-05,0.0,0.0
0.000646122,0.0,0.0
0.00038915974,0.0,0.0
9.489219e-05,0.0,0.0
1.8762787e-06,0.0,0.0
0.00072549743,0.0,0.0
5.9519543e-08,0.0,0.0
5.4389377e-05,0.0,0.0
0.00034372622,0.0,0.0
4.5130553e-09,1.0,0.0
5.22052e-05,0.0,0.0
1.2593849e-05,1.0,0.0
0.00013899617,0.0,0.0
4.6470723e-05,0.0,0.0
2.142334e-08,1.0,0.0
2.997053e-07,1.0,0.0
3.7426594e-06,0.0,0.0
4.8032452e-06,0.0,0.0
1.0723964e-05,1.0,0.0
0.00059940474,0.0,0.0
2.9228355e-05,0.0,0.0
9.566393e-07,1.0,0.0
8.850279e-06,1.0,0.0
0.00014972014,0.0,0.0
1.3876686e-05,1.0,0.0
0.005804565,0.0,0.0
7.141947e-09,1.0,0.0
0.00033933058,0.0,0.0
3.072768e-05,0.0,0.0
0.00012461604,0.0,0.0
0.0018522358,0.0,0.0
0.0011214644,0.0,0.0
3.5389363e-07,0.0,0.0
1.324262e-07,0.0,0.0
3.8963684e-05,0.0,0.0
0.0022553513,0.0,0.0
0.0015702957,0.0,0.0
5.7274553e-07,0.0,0.0
0.002370396,0.0,0.0
0.0021387301,0.0,0.0
9.075558e-07,0.0,0.0
0.0011356777,0.0,0.0
0.00015989957,0.0,0.0
0.00022640306,0.0,0.0
0.0004290211,0.0,0.0
0.00045584593,0.0,0.0
3.3018456e-05,0.0,1.0
3.4171364e-06,0.0,1.0
0.00013383386,0.0,1.0
1.0339552e-05,0.0,0.0
0.0008386648,0.0,0.0
0.0013443173,0.0,0.0
0.0021158122,0.0,0.0
0.00023221942,0.0,0.0
0.0016389443,0.0,0.0
3.033173e-06,0.0,0.0
0.0009024703,1.0,0.0
0.0007064706,0.0,0.0
5.388167e-09,0.0,0.0
5.094115e-05,1.0,0.0
0.00018821511,1.0,0.0
1.2556648e-05,0.0,0.0
0.0007178368,1.0,0.0
1.4174024e-05,1.0,0.0
0.0013086294,0.0,0.0
1.7615004e-07,0.0,0.0
0.00021020813,1.0,0.0
0.0002636739,1.0,0.0
3.3675228e-06,0.0,0.0
0.00020884885,1.0,0.0
0.00023131295,1.0,0.0
9.809295e-06,1.0,0.0
2.3052453e-05,0.0,0.0
4.1967494e-05,0.0,0.0
0.005908657,1.0,0.0
0.0021860057,0.0,0.0
0.0028469474,0.0,0.0
0.0023363084,0.0,0.0
0.002325031,1.0,0.0
0.01790702,0.0,0.0
0.022415295,0.0,0.0
0.00013831593,0.0,0.0
2.8016553e-05,0.0,0.0
0.00047846415,0.0,0.0
0.0093782125,0.0,0.0
6.681502e-05,0.0,0.0
0.000330856,0.0,0.0
0.0030525173,0.0,0.0
0.00022530137,0.0,0.0
5.1687603e-06,0.0,0.0
0.000458022,0.0,0.0
0.00039538194,0.0,0.0
0.00010402211,0.0,0.0
0.00019139389,0.0,0.0
9.257301e-05,0.0,0.0
8.0123455e-06,0.0,0.0
2.6995983e-06,0.0,0.0
1.911526e-05,0.0,0.0
3.5980953e-05,0.0,0.0
2.2177117e-06,0.0,0.0
7.4495733e-06,0.0,0.0
4.509867e-06,0.0,0.0
2.7633103e-05,0.0,0.0
5.1693314e-06,0.0,0.0
3.1932195e-05,0.0,0.0
0.00039694796,0.0,0.0
0.00019670655,0.0,0.0
8.136555e-05,0.0,1.0
0.00047086662,0.0,0.0
0.00020253555,0.0,0.0
0.0132224485,0.0,0.0
1.6629378e-05,0.0,0.0
0.00087585486,0.0,0.0
0.04018375,0.0,0.0
0.00034061697,0.0,0.0
0.008975014,0.0,0.0
1.300125e-08,0.0,0.0
0.03388123,0.0,0.0
0.0002412089,1.0,0.0
0.00035372595,1.0,0.0
4.6733646e-08,0.0,0.0
1.830125e-06,0.0,0.0
0.00037539654,0.0,0.0
2.2690758e-06,0.0,0.0
1.9494144e-05,0.0,0.0
0.0008365398,0.0,0.0
6.9058326e-05,0.0,1.0
0.0005064469,0.0,0.0
2.1704212e-08,0.0,0.0
0.0005503558,0.0,0.0
0.00024196508,0.0,0.0
0.0013976697,0.0,0.0
0.022781055,0.0,0.0
1.981285e-09,0.0,0.0
1.607557e-05,0.0,0.0
0.00016865533,0.0,0.0
1.3419015e-09,0.0,0.0
1.0214447e-05,0.0,0.0
4.86572e-05,0.0,0.0
0.0008977242,1.0,0.0
1.0444008e-06,1.0,0.0
1.4413755e-09,1.0,0.0
5.26565e-06,1.0,0.0
3.1048714e-06,0.0,0.0
1.589384e-07,1.0,0.0
3.0408191e-06,1.0,0.0
3.563633e-05,0.0,0.0
0.00010552592,0.0,0.0
3.249088e-09,0.0,0.0
2.4114937e-09,0.0,0.0
6.088721e-05,0.0,0.0
0.0012526875,0.0,0.0
5.4335346e-06,0.0,0.0
4.521641e-06,0.0,0.0
0.0004294014,0.0,0.0
6.514968e-10,0.0,0.0
1.0757992e-05,0.0,0.0
9.666822e-05,0.0,0.0
0.00374557,0.0,0.0
9.344064e-06,0.0,0.0
0.0024270779,0.0,0.0
0.00038544342,0.0,0.0
3.504196e-05,0.0,0.0
1.45957765e-05,0.0,0.0
0.0002795356,0.0,0.0
0.01860258,0.0,0.0
0.0026835764,0.0,0.0
0.000107348744,0.0,0.0
0.0005159774,0.0,0.0
6.368089e-06,0.0,0.0
0.00034139134,0.0,0.0
5.2362608e-05,0.0,0.0
1.945986e-09,0.0,0.0
0.0003744635,0.0,0.0
5.5121773e-06,0.0,0.0
1.1451563e-09,0.0,0.0
0.0001292254,0.0,0.0
4.5128227e-06,0.0,1.0
3.860102e-05,0.0,0.0
8.797773e-05,1.0,0.0
3.36394e-05,1.0,0.0
0.0012974043,1.0,0.0
2.251356e-05,0.0,0.0
2.262865e-06,1.0,0.0
0.00016604654,1.0,0.0
5.4142097e-06,1.0,0.0
0.00010971417,1.0,0.0
8.9843263e-07,1.0,0.0
5.9830705e-09,1.0,0.0
1.8340079e-05,1.0,0.0
0.000852245,0.0,0.0
3.297509e-05,1.0,0.0
0.0001782776,0.0,0.0
2.5897545e-05,0.0,0.0
6.4783184e-05,0.0,0.0
3.1974185e-05,0.0,0.0
3.263763e-06,0.0,0.0
4.547803e-05,0.0,0.0
8.414763e-06,0.0,0.0
0.0017549444,0.0,0.0
1.8318923e-06,0.0,0.0
0.0054330775,0.0,0.0
3.4977827e-05,0.0,0.0
5.160106e-05,0.0,0.0
2.5610365e-05,0.0,0.0
0.00011311329,0.0,0.0
1.8935866e-09,0.0,0.0
2.4763417e-06,0.0,0.0
0.0022689772,0.0,0.0
0.0022722883,0.0,0.0
7.1317135e-07,0.0,0.0
3.6203404e-05,0.0,0.0
0.0003286187,1.0,0.0
0.003935392,0.0,0.0
6.472476e-09,0.0,0.0
0.0029143754,0.0,0.0
6.4459196e-06,1.0,0.0
1.7329263e-05,0.0,0.0
1.2239597e-07,1.0,0.0
7.61281e-05,1.0,0.0
3.2841856e-06,1.0,0.0
0.003262479,1.0,0.0
1.5692607e-09,0.0,0.0
0.0022485135,0.0,0.0
0.00033322378,1.0,0.0
1.5986436e-09,0.0,0.0
0.0004896827,1.0,0.0
0.00021967712,1.0,0.0
0.00026971407,0.0,1.0
2.8284121e-05,0.0,0.0
1.1468289e-06,0.0,0.0
3.3495222e-09,0.0,0.0
0.01890967,0.0,0.0
0.0010055873,0.0,0.0
1.7281305e-05,0.0,0.0
0.0039445264,0.0,0.0
0.00034827524,0.0,0.0
0.0010546854,0.0,0.0
0.001046305,0.0,0.0
0.0024107196,0.0,0.0
0.0022862693,0.0,0.0
0.004299437,0.0,0.0
1.7041094e-08,0.0,0.0
4.8603033e-05,0.0,0.0
0.0005681135,0.0,0.0
0.003434678,0.0,0.0
4.196289e-05,0.0,0.0
2.974905e-05,0.0,0.0
1.4530031e-05,0.0,0.0
1.8460065e-05,0.0,0.0
3.696678e-05,0.0,0.0
1.044828e-05,0.0,0.0
0.00019730804,0.0,0.0
0.00015200244,0.0,0.0
7.646788e-05,0.0,0.0
7.6122537e-06,0.0,0.0
4.6780033e-06,0.0,0.0
3.337161e-05,0.0,0.0
4.1151225e-06,0.0,0.0
0.0009970109,0.0,0.0
0.00015619236,0.0,0.0
0.006232201,0.0,0.0
1.2998222e-06,0.0,0.0
5.2547466e-07,0.0,1.0
5.0534013e-08,1.0,0.0
0.00042793094,0.0,0.0
4.4883536e-06,0.0,0.0
2.9441847e-07,0.0,0.0
0.0023348294,0.0,0.0
0.0048268326,0.0,0.0
4.2648415e-07,0.0,0.0
0.0002875778,0.0,0.0
0.0011087375,0.0,0.0
2.8417031e-05,0.0,0.0
1.0595268e-05,0.0,0.0
5.9529925e-06,0.0,0.0
1.6140776e-06,0.0,0.0
6.8414524e-06,0.0,0.0
4.2231347e-09,0.0,0.0
1.0070925e-05,0.0,1.0
2.8326266e-07,0.0,1.0
7.184905e-06,1.0,1.0
8.882215e-06,1.0,1.0
1.0732508e-05,0.0,1.0
4.302829e-06,1.0,1.0
6.503657e-07,1.0,1.0
0.0001993241,1.0,1.0
8.6033135e-05,0.0,0.0
7.791269e-07,0.0,0.0
0.0019834784,0.0,0.0
0.004664819,0.0,0.0
1.5982532e-06,0.0,0.0
0.0017993862,0.0,0.0
0.0005822548,0.0,0.0
0.00047843816,0.0,0.0
5.8211793e-07,0.0,1.0
4.038383e-05,0.0,0.0
0.0025629203,0.0,0.0
3.6577185e-06,1.0,0.0
0.0004610476,0.0,0.0
0.00016444398,1.0,0.0
0.00012192263,1.0,0.0
0.0037968354,1.0,0.0
0.00010573987,1.0,0.0
1.3561819e-05,1.0,1.0
4.4242398e-07,1.0,1.0
3.1852378e-06,1.0,0.0
2.955777e-05,1.0,0.0
4.2847463e-05,1.0,0.0
1.4530947e-05,1.0,0.0
0.0023148903,0.0,0.0
2.9197377e-05,0.0,0.0
0.00048585926,0.0,0.0
3.8523314e-05,0.0,0.0
1.3751393e-09,0.0,0.0
0.00010634517,0.0,0.0
2.2780775e-07,0.0,0.0
0.0007433181,0.0,0.0
1.1402833e-06,0.0,0.0
3.4620516e-05,1.0,0.0
0.0025143237,0.0,0.0
4.3588976e-08,0.0,0.0
0.0136824995,0.0,0.0
0.04045207,0.0,1.0
0.0014757203,0.0,1.0
6.6589535e-05,0.0,0.0
0.017646711,0.0,0.0
0.0009391311,0.0,0.0
2.7743077e-05,0.0,0.0
7.485422e-05,0.0,0.0
1.6691633e-06,0.0,0.0
2.3290866e-07,0.0,0.0
1.4905914e-06,0.0,0.0
1.9555105e-06,1.0,0.0
3.0940055e-06,0.0,0.0
2.5272984e-06,0.0,0.0
3.5984467e-06,0.0,0.0
1.934203e-06,1.0,0.0
0.00020737272,0.0,0.0
0.0006843484,0.0,0.0
0.00031716237,0.0,0.0
7.121098e-05,0.0,0.0
0.00023050212,0.0,0.0
0.00029881188,0.0,0.0
0.000620493,0.0,0.0
0.00069468137,0.0,0.0
0.00024478204,0.0,0.0
0.011832646,0.0,0.0
6.446182e-05,0.0,0.0
0.0012987717,0.0,0.0
0.00081004336,0.0,0.0
3.5868583e-05,0.0,0.0
3.489029e-06,0.0,0.0
0.023674576,0.0,0.0
0.0028390018,0.0,0.0
0.00017412892,0.0,0.0
0.0026216018,0.0,0.0
0.002165451,0.0,0.0
2.054063e-05,0.0,0.0
5.046657e-09,0.0,0.0
9.718945e-06,0.0,0.0
1.9050025e-06,0.0,0.0
0.0001154635,0.0,0.0
0.00022005993,0.0,0.0
2.9921866e-05,0.0,0.0
3.254838e-05,0.0,0.0
2.392554e-05,0.0,0.0
1.8149574e-05,0.0,0.0
0.0014809719,0.0,0.0
4.600119e-09,0.0,0.0
1.0925925e-05,0.0,0.0
0.0069235926,0.0,0.0
0.00015991727,0.0,0.0
0.000894043,0.0,0.0
8.625049e-05,0.0,0.0
5.3750946e-06,0.0,1.0
0.00071402255,0.0,1.0
0.00076219765,0.0,0.0
9.853616e-06,0.0,1.0
0.00028162188,0.0,1.0
0.007013323,0.0,0.0
1.2603508e-05,0.0,0.0
0.0005784343,0.0,0.0
0.0009403814,0.0,0.0
0.0004989514,0.0,0.0
0.00031502606,0.0,0.0
1.7943308e-09,0.0,0.0
8.603163e-06,0.0,0.0
1.3574351e-08,0.0,0.0
5.5936103e-05,0.0,0.0
0.00014688788,0.0,0.0
0.0001774036,0.0,0.0
3.1158736e-05,0.0,0.0
2.1660928e-06,0.0,0.0
0.00014319281,0.0,0.0
0.0002196895,0.0,0.0
0.006580077,0.0,0.0
0.0013080257,0.0,0.0
0.0002931897,0.0,0.0
1.6989725e-06,0.0,0.0
2.2555172e-07,0.0,0.0
1.381185e-09,0.0,0.0
1.1698542e-06,0.0,0.0
9.693384e-07,0.0,0.0
1.2882691e-05,0.0,0.0
3.418995e-05,1.0,0.0
6.107517e-07,0.0,1.0
5.041242e-06,0.0,0.0
3.7992592e-08,0.0,0.0
2.646875e-05,0.0,0.0
9.811512e-05,0.0,0.0
0.0020119643,0.0,0.0
0.0037968121,0.0,0.0
2.6785106e-06,0.0,0.0
3.120587e-08,0.0,0.0
0.00067017163,0.0,0.0
2.882538e-09,0.0,0.0
0.0009804734,0.0,0.0
7.979756e-05,0.0,0.0
4.3492537e-06,0.0,0.0
2.3167473e-07,0.0,1.0
3.304525e-06,0.0,0.0
8.96943e-09,0.0,0.0
0.021046644,0.0,0.0
0.0019663584,0.0,0.0
3.2247674e-05,0.0,0.0
0.00040700877,0.0,0.0
2.382197e-06,0.0,0.0
0.00021201652,0.0,0.0
0.00022459403,0.0,0.0
0.0003792893,0.0,0.0
1.3673925e-06,0.0,0.0
5.215176e-07,0.0,0.0
0.00013300932,0.0,0.0
1.2413969e-09,0.0,0.0
1.2073312e-05,1.0,0.0
3.6396764e-07,0.0,0.0
0.00056698784,0.0,1.0
4.0169352e-09,0.0,1.0
4.122169e-06,1.0,0.0
2.6111265e-06,1.0,0.0
0.00021573025,1.0,0.0
5.557816e-05,1.0,1.0
1.6707766e-07,1.0,0.0
2.6072645e-05,1.0,0.0
1.2635135e-05,1.0,0.0
8.987053e-06,0.0,0.0
1.250123e-05,1.0,0.0
2.8772612e-07,1.0,0.0
6.455848e-06,0.0,0.0
1.2236394e-06,0.0,0.0
1.0911149e-05,0.0,0.0
5.3927084e-07,1.0,0.0
0.0023865837,0.0,0.0
1.7164139e-08,0.0,0.0
3.671334e-05,0.0,0.0
5.423229e-05,0.0,0.0
0.00015789585,0.0,0.0
1.862606e-08,0.0,0.0
5.8669597e-05,0.0,0.0
0.008696491,0.0,0.0
0.002711686,0.0,0.0
0.00011180937,0.0,0.0
0.0013511743,0.0,0.0
0.0072994423,0.0,1.0
1.9789047e-06,0.0,1.0
2.7905307e-05,0.0,1.0
5.934265e-06,0.0,0.0
0.00014425229,0.0,0.0
1.3924108e-07,1.0,0.0
0.002401507,0.0,0.0
0.00034103825,0.0,0.0
1.16254e-09,1.0,0.0
5.2386877e-06,1.0,0.0
2.309058e-07,0.0,0.0
4.1890085e-05,0.0,0.0
1.2197544e-09,1.0,0.0
8.721285e-05,1.0,0.0
2.5538588e-05,0.0,0.0
1.1116232e-05,1.0,0.0
6.012444e-06,1.0,0.0
1.9228779e-07,0.0,0.0
3.9795623e-06,1.0,0.0
0.00014320128,1.0,0.0
0.00019408838,1.0,0.0
6.317248e-05,0.0,0.0
1.11467635e-08,1.0,0.0
1.6483282e-05,1.0,0.0
0.0006593905,1.0,0.0
0.0002741615,1.0,0.0
0.0025239019,1.0,1.0
0.0031434188,1.0,0.0
0.000131521,1.0,1.0
0.00025931592,0.0,0.0
3.6289435e-05,1.0,0.0
0.009727763,0.0,0.0
0.0001280464,0.0,0.0
0.00087510445,0.0,0.0
0.0067438167,1.0,0.0
1.818091e-09,0.0,0.0
0.009505734,0.0,0.0
0.0005515082,0.0,0.0
3.0142655e-05,1.0,0.0
1.6844767e-06,1.0,0.0
0.00017785041,1.0,0.0
0.00012901881,1.0,0.0
0.0006588601,1.0,0.0
3.7402797e-06,0.0,1.0
1.3404524e-05,0.0,1.0
0.00021017506,0.0,1.0
0.0022973062,0.0,1.0
0.00010723743,0.0,0.0
1.6201126e-05,0.0,0.0
0.00048799365,0.0,0.0
0.00555181,0.0,0.0
3.979657e-06,0.0,0.0
3.348048e-08,0.0,0.0
9.516567e-05,0.0,0.0
0.0068683857,0.0,0.0
0.0019328144,0.0,0.0
5.474849e-05,0.0,0.0
2.172524e-09,0.0,0.0
1.5976915e-05,0.0,0.0
0.0030944648,0.0,0.0
2.09552e-05,0.0,0.0
0.0012329515,0.0,0.0
0.003232168,0.0,0.0
6.949175e-05,0.0,1.0
0.0002822226,0.0,0.0
2.5497036e-06,1.0,0.0
0.0005940883,1.0,0.0
0.0012869978,1.0,0.0
0.00013249123,1.0,0.0
0.0003053233,0.0,0.0
2.5231098e-05,0.0,0.0
1.6550242e-05,0.0,0.0
4.9992063e-06,0.0,0.0
7.4529715e-05,0.0,0.0
4.770277e-08,0.0,0.0
0.00188541,0.0,0.0
0.00020668599,0.0,0.0
0.00065782265,0.0,0.0
1.680713e-05,0.0,0.0
0.0019618585,0.0,0.0
0.0015989366,0.0,0.0
9.7567085e-05,0.0,0.0
1.13853005e-07,0.0,0.0
5.1556945e-06,0.0,0.0
1.2510199e-05,0.0,0.0
1.979704e-07,0.0,0.0
0.0011202274,0.0,1.0
6.272489e-06,0.0,1.0
1.2784323e-06,0.0,0.0
1.8203424e-06,0.0,0.0
0.0007604101,0.0,0.0
0.015987774,0.0,0.0
0.00060630764,0.0,1.0
0.0003185287,1.0,1.0
7.8826604e-05,0.0,0.0
0.0030420981,1.0,0.0
1.4599134e-06,0.0,0.0
0.00048025537,1.0,0.0
1.113805e-05,0.0,0.0
1.4383177e-05,1.0,0.0
0.0007614071,0.0,0.0
0.005260403,1.0,0.0
4.5700303e-06,0.0,0.0
2.7310576e-05,0.0,0.0
2.7828084e-05,0.0,0.0
1.3267678e-05,0.0,0.0
2.6470225e-06,0.0,0.0
9.065158e-09,0.0,0.0
0.0027149622,0.0,0.0
5.8790676e-05,0.0,0.0
6.5882086e-06,0.0,0.0
6.029774e-06,0.0,0.0
0.0002227727,0.0,1.0
9.192787e-06,0.0,1.0
0.0021598972,0.0,0.0
2.3305462e-05,0.0,0.0
2.9123405e-06,0.0,0.0
7.625916e-09,0.0,0.0
7.544065e-08,0.0,0.0
0.00022105714,0.0,0.0
0.0011166928,0.0,0.0
2.5285326e-06,1.0,0.0
1.146679e-06,0.0,0.0
5.894121e-09,1.0,0.0
4.2476327e-06,0.0,0.0
1.6280237e-09,1.0,0.0
6.161158e-05,0.0,0.0
0.0006885168,1.0,0.0
0.0052160416,0.0,0.0
0.000117330455,1.0,0.0
6.504376e-07,1.0,0.0
3.7663126e-06,0.0,0.0
5.4720786e-06,1.0,0.0
0.000387066,0.0,0.0
9.173866e-10,1.0,0.0
0.0031290716,1.0,0.0
0.00022971819,1.0,0.0
4.8397123e-05,0.0,0.0
0.0032848842,1.0,0.0
0.00046783348,1.0,1.0
0.0034349996,0.0,0.0
0.00013537832,0.0,0.0
1.1125437e-06,0.0,0.0
0.0012878432,0.0,0.0
0.0002123809,0.0,0.0
0.00012610163,0.0,0.0
1.5549897e-08,0.0,0.0
0.0006727961,0.0,0.0
3.858165e-06,0.0,0.0
5.310849e-05,0.0,0.0
0.0006711173,0.0,0.0
4.890228e-06,0.0,0.0
0.00049095287,0.0,0.0
2.4499527e-06,0.0,0.0
9.809641e-06,0.0,0.0
1.7783197e-05,0.0,0.0
5.149277e-06,0.0,0.0
9.357094e-05,0.0,0.0
8.692723e-05,0.0,0.0
4.9796786e-06,0.0,0.0
2.2130122e-09,0.0,0.0
6.552397e-05,0.0,0.0
2.005875e-09,0.0,0.0
0.00034491895,0.0,0.0
0.00010499185,1.0,0.0
1.6931752e-06,0.0,0.0
0.00039703384,0.0,0.0
1.6872813e-05,0.0,0.0
5.5405844e-06,0.0,0.0
2.1180526e-09,0.0,0.0
0.00016878982,0.0,0.0
6.597908e-07,0.0,0.0
4.1972053e-05,0.0,0.0
1.1406222e-09,0.0,0.0
0.00015603533,0.0,0.0
0.00026090335,0.0,0.0
5.440899e-05,0.0,0.0
2.1366091e-05,0.0,0.0
4.9193084e-05,0.0,0.0
5.3334956e-05,0.0,0.0
2.3203763e-09,0.0,0.0
0.00016428191,0.0,0.0
8.6543305e-06,0.0,0.0
1.8502806e-05,0.0,0.0
0.00022221732,0.0,0.0
6.3967204e-06,0.0,0.0
0.0028514345,0.0,0.0
0.00017612168,0.0,0.0
4.762722e-08,0.0,0.0
7.520897e-05,0.0,0.0
1.2001726e-05,0.0,0.0
1.0610101e-07,0.0,1.0
3.138446e-06,0.0,1.0
9.2142606e-08,0.0,1.0
0.00027843524,0.0,0.0
0.00020423371,0.0,0.0
0.000337116,0.0,0.0
0.00011357123,0.0,0.0
6.452264e-05,0.0,0.0
9.469668e-07,0.0,0.0
0.00024690636,0.0,0.0
5.1661075e-09,0.0,0.0
0.00090835895,0.0,0.0
0.006789784,0.0,0.0
9.487255e-05,0.0,0.0
1.0404251e-05,0.0,0.0
9.6846656e-05,0.0,0.0
3.251756e-08,0.0,0.0
0.00011062615,0.0,1.0
1.2817841e-07,1.0,0.0
5.956599e-07,0.0,0.0
0.0008966856,0.0,0.0
0.0014545837,0.0,0.0
3.4731496e-05,0.0,0.0
0.008727929,0.0,0.0
1.6923521e-07,0.0,0.0
0.0001255253,0.0,0.0
5.4588286e-06,0.0,0.0
0.0043445677,0.0,0.0
2.39181e-05,0.0,0.0
0.0037703146,0.0,0.0
0.0007471164,0.0,0.0
2.4518788e-06,0.0,0.0
0.00019525106,0.0,0.0
7.116502e-05,0.0,0.0
1.5773141e-05,0.0,0.0
4.0549994e-06,0.0,0.0
0.00012349992,0.0,0.0
0.00012729806,0.0,0.0
0.0028948628,0.0,0.0
4.956445e-07,0.0,0.0
0.00081654085,0.0,0.0
1.6053856e-06,0.0,0.0
0.00044264802,0.0,0.0
2.4144853e-09,0.0,0.0
0.00019317301,0.0,0.0
4.428343e-07,0.0,0.0
3.2632806e-06,0.0,0.0
1.3790266e-09,0.0,0.0
1.1842619e-05,0.0,0.0
3.7421554e-08,0.0,0.0
8.619942e-05,0.0,0.0
0.00037627667,0.0,1.0
0.0005554805,0.0,1.0
2.6361413e-05,0.0,0.0
2.509305e-07,0.0,0.0
1.9641151e-05,0.0,0.0
6.7015186e-05,0.0,0.0
6.6972865e-07,0.0,0.0
0.0006197318,0.0,0.0
5.599878e-06,0.0,0.0
5.2809664e-05,0.0,0.0
4.251487e-06,0.0,0.0
2.0984183e-08,0.0,0.0
0.00022132437,0.0,0.0
0.00020724701,0.0,0.0
2.217195e-05,0.0,0.0
2.839656e-06,0.0,0.0
3.160664e-06,0.0,0.0
1.436852e-06,0.0,0.0
0.0011262092,0.0,0.0
6.4411233e-07,0.0,0.0
0.0031976968,0.0,0.0
3.6039531e-09,0.0,0.0
9.396455e-05,0.0,0.0
3.0728668e-07,0.0,0.0
5.7769535e-06,0.0,0.0
4.8451346e-07,0.0,0.0
4.106192e-06,0.0,0.0
1.4602115e-06,0.0,0.0
9.4911e-05,0.0,0.0
2.3691653e-06,0.0,0.0
2.8853816e-05,0.0,0.0
1.9501998e-09,0.0,0.0
1.8906965e-05,0.0,0.0
1.7493747e-06,0.0,0.0
0.0038588077,0.0,0.0
3.8774568e-05,0.0,0.0
1.4008742e-06,0.0,0.0
1.2868496e-05,0.0,0.0
6.851957e-05,0.0,0.0
0.00030009745,0.0,1.0
0.00028541885,0.0,0.0
9.6148426e-05,0.0,0.0
5.4491546e-05,0.0,0.0
0.0002459895,0.0,0.0
0.00033603018,0.0,0.0
0.0005443661,0.0,0.0
0.00019192495,0.0,0.0
0.00037082715,0.0,0.0
1.2504307e-05,0.0,0.0
1.4384672e-06,1.0,0.0
0.00027310412,1.0,0.0
1.6277025e-05,1.0,0.0
5.614318e-09,0.0,0.0
2.8102077e-06,0.0,0.0
0.00049916643,0.0,0.0
2.5438814e-07,0.0,0.0
2.655075e-06,1.0,0.0
0.013691782,0.0,0.0
4.0828723e-05,1.0,0.0
2.388159e-05,0.0,0.0
2.843214e-06,1.0,0.0
4.1338915e-09,1.0,0.0
0.000115952294,1.0,0.0
1.1972906e-05,0.0,0.0
2.0534682e-07,0.0,0.0
0.00015623377,0.0,0.0
8.054882e-06,0.0,0.0
9.20909e-06,0.0,0.0
0.0006426166,0.0,0.0
0.00032935108,0.0,0.0
7.417506e-05,0.0,0.0
6.940492e-05,0.0,0.0
9.140668e-06,0.0,0.0
3.5765167e-06,0.0,0.0
1.0440642e-06,0.0,0.0
1.5274687e-05,0.0,0.0
4.98351e-05,0.0,1.0
0.0005071275,0.0,0.0
9.100362e-06,0.0,0.0
1.2590863e-06,0.0,0.0
0.012602274,0.0,0.0
2.8786388e-08,0.0,0.0
0.014776103,0.0,0.0
6.8854496e-07,0.0,0.0
9.830685e-06,0.0,1.0
7.4984877e-07,0.0,1.0
6.5781046e-07,0.0,0.0
4.0117156e-06,0.0,0.0
0.00048815695,0.0,0.0
1.8524385e-07,0.0,0.0
4.062896e-06,0.0,0.0
1.1895411e-05,0.0,0.0
0.00030909566,0.0,0.0
7.6377655e-05,0.0,0.0
7.0541123e-06,0.0,0.0
8.99614e-09,0.0,0.0
2.5058876e-05,0.0,0.0
0.00015432261,0.0,0.0
5.167128e-05,0.0,0.0
2.4991507e-06,0.0,1.0
2.0579098e-06,0.0,0.0
1.207247e-06,0.0,0.0
7.379257e-07,1.0,0.0
4.7369557e-08,1.0,0.0
1.1882245e-06,0.0,0.0
5.5315772e-06,1.0,0.0
1.31558355e-08,0.0,0.0
1.2851697e-07,1.0,0.0
9.9519184e-08,0.0,0.0
8.6852495e-05,0.0,1.0
2.524082e-05,0.0,1.0
7.500191e-05,0.0,1.0
8.962976e-06,1.0,0.0
8.7519775e-06,1.0,0.0
7.9429606e-07,1.0,0.0
5.124704e-06,0.0,1.0
2.2428698e-05,0.0,0.0
7.9067306e-08,1.0,0.0
3.2897916e-08,0.0,0.0
1.1833804e-07,1.0,0.0
1.8794464e-05,0.0,1.0
5.401433e-07,0.0,1.0
5.2669276e-07,1.0,1.0
1.9627166e-06,0.0,1.0
5.202755e-06,0.0,0.0
1.2024265e-07,0.0,0.0
3.1249834e-07,0.0,0.0
6.086074e-07,0.0,0.0
1.1556406e-06,0.0,1.0
1.9325367e-05,0.0,0.0
3.223347e-05,0.0,0.0
1.2682741e-06,0.0,1.0
8.118266e-07,0.0,0.0
9.15832e-06,0.0,0.0
3.759123e-09,0.0,0.0
4.327768e-06,0.0,0.0
3.8654944e-06,0.0,0.0
2.0321748e-07,0.0,0.0
0.00021614924,0.0,0.0
2.3228142e-06,0.0,0.0
0.00015128062,0.0,0.0
0.00020584247,0.0,0.0
0.00061923603,0.0,0.0
7.3688957e-06,0.0,1.0
0.011277669,0.0,0.0
4.691809e-06,0.0,0.0
0.0009940986,0.0,0.0
0.0014974168,0.0,0.0
2.6121225e-07,0.0,0.0
0.0034077566,0.0,0.0
1.001459e-05,0.0,0.0
7.693394e-06,0.0,0.0
1.2875043e-09,0.0,0.0
7.4497157e-06,1.0,0.0
0.00014580472,0.0,0.0
0.00019441918,0.0,0.0
0.004014947,0.0,0.0
8.833607e-09,1.0,0.0
3.4575376e-07,1.0,0.0
4.6867124e-05,1.0,1.0
1.2730128e-05,1.0,1.0
2.6530904e-07,1.0,0.0
5.311721e-07,1.0,0.0
0.0005994241,1.0,0.0
6.4756256e-05,0.0,0.0
7.5782096e-05,0.0,0.0
1.4476146e-06,1.0,0.0
0.0025804646,0.0,0.0
2.908239e-07,0.0,0.0
3.5758278e-06,0.0,0.0
4.582582e-06,0.0,0.0
0.0003459875,0.0,0.0
4.588599e-06,0.0,0.0
5.571518e-05,0.0,0.0
7.945369e-06,0.0,0.0
5.400341e-05,0.0,0.0
7.072662e-05,0.0,0.0
1.666111e-05,0.0,0.0
9.104933e-05,0.0,0.0
6.843957e-05,0.0,0.0
1.7670254e-05,0.0,1.0
8.30283e-05,0.0,1.0
3.9476457e-05,0.0,1.0
5.084175e-07,0.0,0.0
4.4705057e-06,0.0,0.0
0.00042133304,0.0,1.0
0.000117719224,0.0,1.0
1.0412768e-05,0.0,0.0
1.1720115e-06,0.0,0.0
2.9418745e-06,0.0,0.0
9.6669474e-08,0.0,0.0
0.002957952,0.0,0.0
7.2675243e-06,0.0,0.0
4.1222638e-08,0.0,0.0
4.5633296e-05,0.0,0.0
2.6731518e-06,0.0,0.0
1.0905259e-06,0.0,0.0
2.0674504e-05,0.0,0.0
4.0255833e-05,0.0,0.0
0.0018344955,0.0,0.0
0.00086792646,0.0,1.0
1.7115976e-09,0.0,0.0
0.0012673337,0.0,0.0
0.0001029791,0.0,0.0
1.1558253e-05,0.0,0.0
1.4095757e-06,0.0,0.0
4.6388456e-07,0.0,0.0
1.8750853e-08,0.0,0.0
3.2104907e-07,0.0,1.0
0.00010717977,0.0,1.0
0.0002580352,0.0,0.0
1.1220878e-05,0.0,0.0
3.4204237e-05,0.0,0.0
0.00011756778,0.0,0.0
4.6663374e-08,0.0,0.0
0.0024267894,0.0,0.0
3.5517314e-05,0.0,0.0
8.993045e-06,0.0,0.0
1.4686441e-06,0.0,0.0
7.011218e-05,0.0,0.0
5.7140182e-06,0.0,0.0
0.0009967667,0.0,0.0
7.164572e-08,0.0,0.0
2.7841672e-05,0.0,0.0
4.6899986e-05,0.0,0.0
7.275611e-06,0.0,0.0
5.242736e-06,0.0,0.0
5.221754e-06,0.0,0.0
1.0680119e-05,0.0,0.0
1.5950549e-05,0.0,1.0
6.7995265e-05,0.0,0.0
1.4769148e-05,0.0,0.0
0.00013564283,0.0,0.0
3.89443e-06,0.0,0.0
5.2409735e-08,0.0,0.0
0.000104411665,0.0,0.0
0.00092681614,0.0,1.0
0.0013853175,0.0,0.0
0.000791653,0.0,0.0
5.5104614e-05,0.0,0.0
6.9111857e-06,0.0,0.0
0.0008747635,0.0,0.0
3.2969027e-05,0.0,1.0
4.6659847e-05,0.0,1.0
2.9811955e-09,0.0,0.0
2.5569136e-06,0.0,0.0
0.0015754957,0.0,0.0
1.6089343e-05,0.0,0.0
0.00026803705,0.0,0.0
0.009636274,0.0,0.0
1.907474e-09,0.0,0.0
0.00043297082,0.0,0.0
1.209921e-06,0.0,0.0
1.4453757e-06,0.0,0.0
1.5375324e-05,0.0,0.0
0.000553991,0.0,0.0
6.746654e-05,0.0,0.0
6.2584026e-05,0.0,0.0
2.3616707e-07,0.0,0.0
1.7075945e-06,0.0,0.0
4.4929774e-08,0.0,0.0
4.184753e-08,1.0,0.0
3.436748e-07,1.0,0.0
0.00011920065,1.0,0.0
3.649238e-06,1.0,1.0
2.064401e-07,1.0,1.0
5.3522325e-07,1.0,0.0
5.0710023e-06,0.0,0.0
5.9047966e-07,1.0,0.0
1.7343946e-09,1.0,0.0
0.0001009026,0.0,0.0
1.6134829e-08,0.0,0.0
5.7616526e-06,0.0,0.0
0.00012046434,0.0,0.0
0.0007536792,0.0,0.0
5.4071023e-07,0.0,0.0
0.0006021331,0.0,0.0
0.00013952081,0.0,0.0
2.3418595e-05,0.0,0.0
4.2444643e-07,0.0,0.0
1.6031036e-05,0.0,0.0
1.0144762e-05,0.0,0.0
8.087996e-06,0.0,0.0
0.00023363852,0.0,0.0
3.3314466e-06,0.0,0.0
7.199251e-05,0.0,0.0
0.0008285049,0.0,0.0
4.5462393e-06,0.0,0.0
9.972864e-06,0.0,1.0
9.450989e-06,0.0,0.0
0.008057668,0.0,0.0
0.0015115767,0.0,0.0
1.6523463e-06,0.0,0.0
0.0015527479,0.0,0.0
2.3853208e-05,0.0,0.0
0.0006880419,0.0,0.0
7.3670714e-07,0.0,0.0
5.6548153e-08,0.0,0.0
3.1079857e-05,0.0,0.0
1.2157541e-05,0.0,0.0
1.0638162e-06,0.0,0.0
4.0692403e-06,0.0,0.0
5.0060826e-05,0.0,1.0
0.00033394285,0.0,0.0
3.9254515e-05,0.0,0.0
7.3327365e-06,0.0,0.0
1.4567604e-05,0.0,0.0
5.2572403e-05,1.0,0.0
1.383289e-07,1.0,0.0
6.087339e-05,0.0,0.0
1.8956408e-07,1.0,0.0
1.8054587e-07,1.0,0.0
1.2169106e-06,1.0,0.0
1.849217e-07,1.0,0.0
4.338739e-09,1.0,0.0
0.00017973111,1.0,0.0
1.2547997e-06,0.0,0.0
2.938649e-05,0.0,0.0
0.00022455012,0.0,0.0
5.0820853e-10,0.0,0.0
1.2513027e-05,0.0,0.0
7.8122375e-10,0.0,0.0
5.3985776e-09,0.0,0.0
0.000117117284,0.0,0.0
2.4754775e-06,0.0,0.0
7.3385013e-06,0.0,0.0
5.9704357e-06,0.0,0.0
0.00017638822,0.0,0.0
0.0004176047,0.0,0.0
2.1538362e-06,0.0,0.0
1.6807007e-06,0.0,0.0
3.4618142e-06,0.0,0.0
2.5604186e-05,0.0,1.0
1.2422335e-08,0.0,0.0
1.1531037e-05,0.0,0.0
0.00042276652,0.0,0.0
1.2086871e-06,0.0,0.0
6.2789004e-05,0.0,0.0
0.00023309675,0.0,0.0
5.1319416e-06,0.0,1.0
0.00048462363,0.0,1.0
0.010926269,0.0,0.0
1.82858e-09,0.0,0.0
0.0044895266,0.0,0.0
7.241535e-07,0.0,1.0
3.7527636e-06,0.0,0.0
0.0002712839,0.0,0.0
7.230783e-07,1.0,0.0
1.3151718e-05,1.0,0.0
2.8014819e-07,1.0,0.0
1.0180808e-08,1.0,0.0
0.0012577131,0.0,0.0
2.2617755e-06,0.0,0.0
4.410886e-05,1.0,0.0
7.896142e-05,0.0,0.0
8.548038e-07,1.0,0.0
5.2224274e-05,0.0,1.0
0.00074629136,1.0,0.0
4.867156e-06,1.0,0.0
5.0220435e-05,1.0,0.0
1.069856e-05,1.0,1.0
2.0186903e-07,1.0,0.0
2.2823688e-05,0.0,0.0
4.8138477e-06,0.0,0.0
0.0042477283,0.0,0.0
0.00024874872,0.0,0.0
7.376791e-05,0.0,0.0
1.0972853e-05,0.0,0.0
0.0013652542,0.0,0.0
0.00026322776,0.0,0.0
1.6438465e-06,0.0,1.0
2.7324983e-05,0.0,0.0
2.4836027e-05,0.0,0.0
4.6326386e-05,0.0,1.0
0.00030349783,0.0,1.0
5.635969e-09,0.0,0.0
4.391696e-06,0.0,0.0
0.00968334,0.0,1.0
0.0006008386,0.0,0.0
2.2631916e-08,0.0,0.0
2.1278302e-06,0.0,0.0
0.000111256035,0.0,0.0
3.4724408e-07,0.0,1.0
0.00036553427,0.0,0.0
1.04059346e-07,0.0,0.0
1.9204636e-08,0.0,0.0
0.0046887915,0.0,0.0
2.2893446e-06,0.0,0.0
5.6143508e-05,0.0,0.0
5.9762762e-05,0.0,0.0
8.165683e-09,0.0,0.0
2.3210362e-06,0.0,0.0
0.0013157643,0.0,0.0
0.0007704958,0.0,0.0
0.02201737,0.0,1.0
9.9869154e-05,0.0,0.0
0.00018625293,0.0,0.0
0.0005225674,0.0,0.0
7.5940814e-05,0.0,0.0
0.0002578001,0.0,0.0
0.010902564,0.0,0.0
0.041279443,0.0,0.0
2.2613203e-06,0.0,0.0
7.2707758e-06,0.0,0.0
2.1676575e-08,0.0,0.0
0.014319569,0.0,0.0
1.02840545e-07,0.0,0.0
2.873417e-07,0.0,0.0
0.00022442406,0.0,0.0
0.00057833374,0.0,0.0
9.009074e-08,0.0,0.0
1.7962317e-05,0.0,0.0
2.895638e-06,1.0,0.0
6.795346e-09,0.0,0.0
3.7871628e-06,0.0,0.0
1.4171455e-05,1.0,0.0
2.2908948e-09,0.0,0.0
1.3491386e-05,0.0,0.0
7.9146804e-07,0.0,0.0
4.3209836e-09,0.0,0.0
1.7575754e-06,1.0,0.0
1.858832e-06,1.0,0.0
1.7968618e-09,0.0,0.0
0.0033844167,1.0,0.0
0.0019326092,0.0,0.0
4.663607e-06,0.0,0.0
0.00015772176,0.0,0.0
3.2569436e-09,0.0,0.0
0.0006559757,0.0,0.0
4.1465107e-09,0.0,0.0
0.00010445777,0.0,0.0
8.9253335e-06,0.0,1.0
1.5013943e-06,0.0,0.0
5.817716e-08,1.0,0.0
1.0198163e-06,1.0,0.0
7.55039e-07,1.0,0.0
4.4305983e-07,1.0,0.0
5.1195656e-08,1.0,0.0
1.3690215e-08,1.0,0.0
2.5684537e-07,1.0,0.0
0.0001132522,0.0,0.0
0.00036642147,0.0,0.0
0.00020303788,0.0,0.0
6.8909685e-06,0.0,0.0
1.5107348e-05,0.0,0.0
1.6439156e-09,0.0,0.0
3.5373212e-06,0.0,0.0
1.1091686e-05,0.0,0.0
7.7381316e-07,0.0,0.0
0.00018145857,0.0,0.0
4.6416815e-05,0.0,0.0
0.0046833092,0.0,0.0
3.7184363e-05,0.0,0.0
2.3203849e-07,0.0,0.0
1.3514617e-09,0.0,0.0
3.829854e-06,0.0,0.0
0.00021151315,0.0,0.0
0.00026686813,0.0,0.0
1.1084918e-06,0.0,0.0
1.4806355e-07,0.0,1.0
1.349746e-09,1.0,0.0
8.706317e-06,0.0,0.0
0.00014062459,0.0,0.0
1.799133e-08,1.0,0.0
4.395077e-09,1.0,1.0
1.4451869e-05,0.0,0.0
2.032544e-06,0.0,0.0
1.9967505e-05,0.0,0.0
1.6963704e-06,0.0,0.0
1.6596534e-08,0.0,0.0
1.019721e-08,0.0,0.0
3.478746e-06,0.0,0.0
3.6132785e-06,0.0,0.0
0.00027165868,0.0,0.0
6.231391e-06,0.0,0.0
2.5843067e-06,0.0,1.0
0.001238595,0.0,1.0
7.98171e-07,0.0,0.0
9.6435784e-08,0.0,0.0
7.825823e-06,0.0,0.0
9.625437e-07,0.0,0.0
3.5993722e-05,0.0,0.0
1.9784318e-07,0.0,0.0
2.2682409e-05,0.0,0.0
5.7932423e-09,1.0,1.0
1.6541548e-05,0.0,0.0
1.2448103e-06,0.0,0.0
8.519265e-06,0.0,0.0
4.671844e-05,0.0,0.0
6.853311e-08,0.0,0.0
0.0002046651,0.0,0.0
1.9137073e-05,0.0,0.0
0.00013807122,0.0,0.0
7.098305e-05,0.0,0.0
0.012156666,0.0,0.0
6.5999506e-05,0.0,0.0
0.000105689775,0.0,0.0
0.019938761,0.0,1.0
0.015794994,0.0,0.0
9.310148e-09,0.0,0.0
2.8577472e-07,0.0,0.0
1.6116202e-05,0.0,0.0
6.857766e-09,0.0,0.0
6.7944023e-07,0.0,0.0
4.999871e-05,0.0,0.0
1.011255e-06,0.0,0.0
3.0977859e-07,0.0,0.0
0.00015030117,1.0,0.0
1.0559136e-05,0.0,1.0
2.8479404e-05,1.0,0.0
1.1784786e-06,1.0,0.0
1.7197393e-05,0.0,0.0
1.425434e-05,1.0,0.0
0.0009554842,1.0,0.0
4.231011e-05,0.0,0.0
2.6818852e-09,0.0,0.0
6.675248e-05,0.0,0.0
2.2793597e-07,0.0,0.0
3.0893454e-05,0.0,0.0
2.2595252e-08,0.0,0.0
0.00024002416,0.0,0.0
2.1555309e-09,0.0,0.0
0.00091422687,0.0,0.0
0.0015653321,0.0,0.0
0.0016520119,0.0,0.0
8.549761e-05,0.0,0.0
0.032514945,0.0,0.0
8.273623e-06,0.0,0.0
8.0367856e-05,0.0,0.0
2.4919276e-09,0.0,0.0
0.011071032,0.0,0.0
0.00046542377,0.0,0.0
0.0004204195,0.0,0.0
1.7813007e-06,0.0,0.0
3.3749453e-05,0.0,0.0
7.541854e-05,0.0,0.0
0.00031934545,0.0,0.0
0.0003212956,0.0,0.0
9.646572e-09,0.0,0.0
0.00010185192,0.0,0.0
0.0007098751,0.0,0.0
5.019374e-09,0.0,0.0
5.9513604e-05,1.0,1.0
6.7536143e-06,1.0,1.0
3.69936e-06,1.0,1.0
0.00021538064,0.0,0.0
8.658069e-05,0.0,0.0
0.06418889,0.0,0.0
9.909535e-06,0.0,0.0
2.5821805e-06,0.0,0.0
0.0020907621,0.0,0.0
2.2313494e-05,0.0,0.0
0.00036294782,0.0,0.0
5.239947e-05,0.0,0.0
0.00011238424,0.0,0.0
0.0013986464,0.0,0.0
0.00018101101,0.0,0.0
0.0005279457,0.0,0.0
0.0009705348,0.0,0.0
0.0028714421,0.0,0.0
6.110737e-05,0.0,0.0
0.0009253691,0.0,0.0
9.854378e-08,0.0,0.0
3.1518908e-07,0.0,0.0
1.1499399e-05,0.0,0.0
4.7569756e-06,0.0,0.0
1.12915e-05,0.0,0.0
1.1191072e-05,1.0,0.0
0.00030410607,0.0,0.0
8.691882e-06,1.0,0.0
1.27011945e-05,1.0,0.0
9.646942e-07,1.0,0.0
1.7327461e-07,1.0,1.0
1.6273762e-07,1.0,0.0
5.449248e-06,1.0,0.0
2.760219e-08,1.0,0.0
6.659697e-08,0.0,0.0
1.4378974e-08,1.0,0.0
1.9182698e-05,1.0,0.0
1.9823457e-05,0.0,0.0
1.13996634e-07,0.0,0.0
5.668784e-06,1.0,0.0
5.2302024e-05,0.0,0.0
5.635969e-05,0.0,0.0
1.5308622e-06,0.0,0.0
3.4354773e-06,0.0,0.0
5.19415e-08,0.0,0.0
0.00012842963,0.0,0.0
0.000108630156,0.0,0.0
0.00019839559,0.0,0.0
3.886453e-06,0.0,0.0
1.333871e-05,0.0,0.0
7.83595e-06,0.0,0.0
5.053212e-05,0.0,0.0
0.0001502791,0.0,0.0
0.0009685349,0.0,1.0
0.0010790835,0.0,0.0
0.0053313533,0.0,0.0
4.8014652e-05,0.0,0.0
0.0004540451,0.0,0.0
2.2653999e-06,0.0,0.0
5.11648e-06,0.0,0.0
3.754994e-05,0.0,0.0
5.265539e-05,0.0,0.0
3.7327288e-07,0.0,0.0
7.8284575e-07,0.0,0.0
7.136392e-06,0.0,0.0
5.7308654e-08,0.0,0.0
2.303645e-07,1.0,0.0
9.780243e-07,1.0,0.0
8.0050455e-08,1.0,0.0
2.9946845e-05,1.0,0.0
2.4895428e-06,0.0,0.0
2.3612931e-06,0.0,0.0
1.7596503e-07,1.0,0.0
0.00048605152,0.0,0.0
7.1287745e-06,0.0,0.0
0.00010539318,0.0,0.0
1.4209104e-05,0.0,0.0
0.00011988987,0.0,0.0
1.6772674e-05,0.0,0.0
2.8054761e-05,0.0,0.0
0.00037686146,0.0,0.0
3.7415712e-06,0.0,0.0
0.00022768027,0.0,0.0
3.7154928e-07,0.0,0.0
8.567367e-06,0.0,0.0
0.00014146301,0.0,0.0
6.9283046e-06,0.0,0.0
0.00015521204,0.0,0.0
1.9534496e-09,0.0,0.0
3.7399845e-05,0.0,0.0
0.00022226413,0.0,0.0
1.13023825e-05,0.0,0.0
1.9649284e-05,0.0,0.0
1.7153556e-06,0.0,1.0
4.4899202e-06,0.0,1.0
1.6263166e-09,0.0,0.0
1.4268525e-06,0.0,0.0
1.1632321e-05,0.0,0.0
0.005288109,0.0,0.0
3.0096865e-06,0.0,0.0
1.7207724e-06,0.0,0.0
9.275469e-05,0.0,0.0
0.029571088,0.0,0.0
7.969343e-06,0.0,0.0
4.7781425e-05,0.0,1.0
8.102325e-07,0.0,1.0
5.1921656e-05,0.0,1.0
0.0022100685,0.0,0.0
2.583972e-05,0.0,0.0
2.2087028e-05,0.0,0.0
0.00013248011,0.0,0.0
4.292627e-09,0.0,0.0
0.00046381517,0.0,0.0
2.3268329e-05,0.0,1.0
6.4117177e-07,0.0,1.0
1.4248892e-05,0.0,1.0
2.1534343e-05,0.0,0.0
6.0004184e-09,0.0,0.0
8.0771815e-06,0.0,0.0
0.00066554366,0.0,0.0
1.6279894e-06,0.0,0.0
5.1699222e-05,0.0,0.0
0.00124103,0.0,0.0
0.0006458831,0.0,0.0
0.00063931174,0.0,0.0
1.833165e-05,0.0,0.0
0.005971577,0.0,0.0
0.000111162495,0.0,0.0
0.00024252308,0.0,0.0
0.0012801255,0.0,0.0
2.1945536e-05,0.0,0.0
0.0005633125,0.0,0.0
0.00017331295,0.0,0.0
0.00019664636,0.0,0.0
0.0004825693,0.0,0.0
6.280806e-07,0.0,0.0
9.969941e-05,0.0,0.0
0.003932199,0.0,0.0
0.00024229704,0.0,0.0
0.03204529,0.0,0.0
0.0026347032,0.0,0.0
2.638123e-05,0.0,0.0
3.7903283e-07,0.0,0.0
4.097109e-06,0.0,0.0
1.8256282e-09,0.0,0.0
7.518467e-08,0.0,1.0
3.1229742e-06,0.0,0.0
3.123198e-05,0.0,0.0
1.3356607e-05,0.0,1.0
2.987977e-06,0.0,0.0
3.1241065e-08,0.0,0.0
1.4926498e-07,0.0,0.0
3.5527883e-05,0.0,0.0
2.2246354e-07,0.0,0.0
0.0005619424,0.0,0.0
1.329411e-05,0.0,0.0
2.0624642e-08,0.0,0.0
0.0063307695,0.0,0.0
0.0016134738,0.0,0.0
5.312673e-08,0.0,0.0
1.4367206e-06,0.0,0.0
6.819806e-06,0.0,0.0
0.019001318,0.0,0.0
1.7728086e-06,0.0,0.0
2.5103682e-06,0.0,0.0
5.2431657e-05,0.0,0.0
7.990874e-08,0.0,0.0
1.6342874e-08,0.0,0.0
3.4266166e-06,0.0,0.0
4.3917357e-08,0.0,0.0
7.673515e-06,0.0,0.0
5.006064e-05,0.0,0.0
5.2836707e-08,0.0,0.0
1.851389e-06,1.0,1.0
2.643704e-05,1.0,0.0
1.0677325e-06,0.0,0.0
0.0010300478,0.0,1.0
1.07725214e-07,0.0,1.0
3.0172743e-07,0.0,0.0
2.7554302e-07,0.0,0.0
0.0002555945,0.0,0.0
1.682359e-07,0.0,0.0
9.173765e-05,0.0,0.0
2.529068e-06,0.0,0.0
0.00084946246,0.0,0.0
0.00035887997,0.0,0.0
0.0005293258,0.0,0.0
5.7022047e-05,0.0,0.0
9.8318864e-08,0.0,1.0
2.8120299e-08,0.0,1.0
3.7790233e-08,0.0,0.0
0.00013277351,0.0,0.0
1.1676104e-06,0.0,1.0
2.087241e-05,0.0,0.0
1.3506399e-06,0.0,0.0
8.122213e-05,0.0,0.0
0.00054382614,0.0,0.0
4.3292953e-06,0.0,0.0
2.3957346e-06,0.0,0.0
1.4282303e-05,0.0,0.0
1.0373063e-05,0.0,0.0
3.6226598e-07,0.0,0.0
1.5094806e-05,0.0,0.0
0.0002174739,0.0,0.0
1.6406563e-07,0.0,0.0
0.00015569883,0.0,0.0
2.7173954e-07,0.0,0.0
1.8386994e-07,0.0,0.0
1.5026678e-06,0.0,0.0
0.00017098573,0.0,0.0
0.0006683341,0.0,0.0
0.0011395139,0.0,0.0
0.00038218912,0.0,0.0
0.000102777594,0.0,0.0
6.3724485e-08,0.0,0.0
0.029303312,0.0,0.0
1.6081454e-09,0.0,0.0
4.7645576e-06,0.0,1.0
1.6780313e-09,1.0,1.0
1.4264171e-05,0.0,0.0
2.1438545e-08,0.0,0.0
3.1653317e-07,0.0,0.0
1.3801764e-07,0.0,0.0
5.7146208e-09,0.0,0.0
2.0778863e-09,0.0,0.0
2.1091353e-05,0.0,0.0
2.815871e-07,1.0,1.0
1.1303396e-05,1.0,1.0
0.0005862251,0.0,0.0
9.240586e-09,0.0,0.0
3.8065315e-07,0.0,0.0
4.5220145e-07,0.0,0.0
0.00012537673,0.0,0.0
7.8784274e-07,0.0,0.0
2.0296747e-09,0.0,0.0
3.939635e-05,0.0,0.0
7.261532e-06,0.0,0.0
2.0551333e-07,0.0,0.0
5.918794e-05,0.0,0.0
1.494664e-06,0.0,0.0
1.2229003e-07,0.0,0.0
1.1766182e-05,0.0,0.0
1.1681718e-06,0.0,0.0
7.9823724e-07,0.0,1.0
2.5771546e-06,0.0,0.0
0.0012153862,0.0,1.0
2.7391235e-07,0.0,0.0
2.3080212e-05,0.0,0.0
0.0007519821,0.0,0.0
0.0069227046,0.0,0.0
0.0002226663,0.0,0.0
1.4177862e-06,0.0,0.0
0.0016716548,0.0,0.0
6.633513e-06,0.0,0.0
5.6850695e-06,0.0,0.0
9.1396785e-08,0.0,0.0
0.00013960652,0.0,0.0
1.0833166e-06,0.0,0.0
3.5568867e-06,0.0,0.0
1.0282529e-05,0.0,0.0
3.9050853e-08,0.0,0.0
8.2670695e-06,0.0,0.0
4.3290176e-05,0.0,0.0
3.1516313e-06,0.0,0.0
0.00044543343,0.0,0.0
5.559145e-07,1.0,0.0
7.0378446e-06,1.0,0.0
5.276795e-06,1.0,0.0
0.00041978835,0.0,0.0
5.219453e-09,1.0,0.0
5.813829e-06,1.0,0.0
7.2128873e-06,0.0,1.0
1.4529366e-05,0.0,0.0
2.050169e-07,0.0,0.0
2.1353912e-07,0.0,0.0
2.2008653e-08,0.0,0.0
4.360344e-05,0.0,0.0
1.7263417e-05,0.0,0.0
7.836951e-06,0.0,0.0
3.030365e-05,0.0,0.0
7.863275e-05,0.0,0.0
5.9561677e-07,0.0,0.0
6.9696755e-05,0.0,0.0
0.0021488091,0.0,0.0
0.0031443841,0.0,0.0
4.005426e-05,0.0,0.0
0.007160652,0.0,0.0
1.2591615e-05,0.0,0.0
3.129731e-08,0.0,0.0
0.0020529765,0.0,0.0
6.186231e-06,0.0,1.0
1.3942852e-05,0.0,0.0
2.6104915e-06,0.0,0.0
0.0001652998,0.0,0.0
1.37282e-07,0.0,0.0
1.3942991e-07,0.0,0.0
3.2952677e-08,0.0,1.0
0.000517303,0.0,0.0
0.00023350112,0.0,0.0
1.2185457e-05,1.0,0.0
4.6074598e-05,1.0,0.0
8.9159534e-05,1.0,0.0
1.3069504e-07,1.0,0.0
3.722327e-07,1.0,0.0
6.475614e-07,0.0,0.0
0.0035491853,0.0,0.0
1.2788286e-06,1.0,0.0
1.2709107e-05,0.0,0.0
1.5967936e-06,0.0,0.0
3.4660523e-05,0.0,0.0
2.9146946e-07,0.0,0.0
5.1773264e-07,0.0,0.0
4.910258e-07,0.0,0.0
0.00028729005,0.0,0.0
1.4890213e-07,0.0,0.0
8.587355e-07,0.0,0.0
1.00898915e-05,0.0,0.0
6.1691867e-06,0.0,0.0
0.00014402675,0.0,0.0
2.4825846e-05,0.0,0.0
5.366167e-05,0.0,0.0
7.405477e-05,0.0,0.0
0.008604936,0.0,0.0
0.0011496986,0.0,0.0
0.00029650444,0.0,0.0
5.693777e-07,0.0,0.0
0.000105416504,0.0,0.0
0.0005677939,0.0,0.0
1.6801074e-08,1.0,1.0
7.353342e-07,0.0,0.0
3.41474e-08,0.0,0.0
1.0721664e-07,1.0,0.0
0.00021563789,0.0,0.0
7.1589143e-06,0.0,0.0
4.6111026e-07,0.0,0.0
1.679063e-05,0.0,0.0
7.810546e-08,0.0,0.0
5.200679e-05,0.0,0.0
1.0220385e-07,0.0,1.0
2.5644597e-06,0.0,0.0
9.1554654e-07,0.0,0.0
0.002484514,0.0,0.0
0.00014954238,0.0,0.0
2.8241889e-06,0.0,0.0
9.521793e-09,0.0,0.0
5.880952e-07,0.0,0.0
0.00032919162,0.0,0.0
4.1733543e-05,0.0,0.0
0.03845995,0.0,0.0
0.00025867735,0.0,0.0
1.0076449e-08,0.0,0.0
3.1555614e-05,0.0,0.0
0.0013389622,0.0,0.0
0.00047831892,0.0,0.0
0.0013220577,0.0,0.0
2.2166207e-06,0.0,0.0
7.346464e-05,0.0,0.0
3.829263e-07,0.0,0.0
2.890807e-07,0.0,0.0
0.00010305159,0.0,0.0
7.9969264e-05,0.0,0.0
3.6595468e-06,0.0,1.0
4.524077e-05,0.0,0.0
3.4429522e-05,1.0,0.0
1.7988826e-06,1.0,0.0
1.522348e-07,1.0,0.0
8.3114907e-07,1.0,0.0
9.562921e-06,1.0,0.0
4.7335925e-06,1.0,0.0
1.6422716e-06,1.0,0.0
3.123031e-06,0.0,0.0
8.843369e-06,1.0,0.0
4.812705e-06,1.0,0.0
6.2957264e-07,0.0,0.0
4.2607434e-07,0.0,0.0
6.427145e-07,1.0,0.0
2.9050977e-06,0.0,0.0
7.926434e-07,0.0,0.0
2.2582365e-06,0.0,0.0
4.416405e-06,0.0,0.0
5.760659e-05,0.0,1.0
5.161786e-08,0.0,0.0
1.780457e-07,0.0,0.0
2.0997208e-05,0.0,0.0
1.6693224e-07,0.0,1.0
0.000861829,0.0,1.0
5.0249796e-06,0.0,1.0
2.6634234e-06,0.0,0.0
1.6812955e-06,1.0,1.0
1.6315938e-06,1.0,0.0
7.0190563e-06,0.0,0.0
1.4524379e-05,1.0,0.0
0.000113820905,1.0,0.0
5.222695e-06,1.0,0.0
7.229239e-05,0.0,0.0
2.3147133e-05,1.0,0.0
0.00020180958,1.0,1.0
0.00034569702,1.0,0.0
4.7133584e-05,0.0,0.0
0.011405423,0.0,0.0
0.00028403685,0.0,0.0
0.0016237283,0.0,0.0
0.004145523,0.0,0.0
0.00011238167,0.0,0.0
0.005118501,0.0,0.0
0.005028402,0.0,0.0
0.008100306,0.0,0.0
8.42873e-05,0.0,0.0
0.00040033588,0.0,0.0
0.002254407,0.0,1.0
0.0018827665,0.0,0.0
0.00020853108,0.0,0.0
4.1433032e-07,0.0,0.0
0.004858376,0.0,0.0
0.007591749,0.0,0.0
0.00069303554,0.0,0.0
0.054368984,0.0,0.0
0.00046835284,0.0,0.0
0.006885078,0.0,0.0
0.00011996202,0.0,0.0
0.00046363304,0.0,0.0
0.0013996951,0.0,0.0
0.006197018,0.0,0.0
9.637204e-05,0.0,0.0
7.4380325e-05,0.0,0.0
0.00010962017,0.0,0.0
3.1091787e-09,0.0,0.0
1.8167147e-07,0.0,1.0
2.1103506e-09,0.0,1.0
0.00015375638,0.0,0.0
0.0009092916,1.0,0.0
3.920489e-06,0.0,0.0
0.00012030614,0.0,0.0
0.0009926411,1.0,0.0
0.0010205052,1.0,0.0
1.2079792e-09,1.0,0.0
3.7765734e-05,1.0,0.0
1.4952814e-06,1.0,0.0
2.3544738e-08,1.0,0.0
5.4932125e-06,1.0,0.0
0.0036240711,0.0,0.0
3.6893082e-06,0.0,0.0
5.4210534e-07,0.0,1.0
0.00018278616,0.0,0.0
0.0010643187,0.0,0.0
1.067542e-06,0.0,0.0
0.0017349981,0.0,0.0
0.00042934515,0.0,0.0
0.00204706,0.0,0.0
6.6272174e-09,0.0,1.0
1.208281e-09,0.0,0.0
6.541908e-08,0.0,0.0
1.7915238e-05,1.0,0.0
3.0808374e-09,0.0,0.0
0.007391954,0.0,0.0
0.008810896,0.0,0.0
9.661882e-05,0.0,0.0
0.0034872002,0.0,0.0
0.0006590683,0.0,0.0
0.0059877103,0.0,0.0
0.0009321101,0.0,0.0
0.00017347696,0.0,1.0
6.582952e-06,1.0,1.0
2.3553966e-05,1.0,0.0
0.00045631482,1.0,0.0
0.020104231,1.0,1.0
1.6955128e-05,0.0,0.0
1.5330403e-06,1.0,0.0
0.00026103097,0.0,0.0
0.008364206,0.0,0.0
0.0036366796,0.0,0.0
1.509082e-05,0.0,0.0
2.8187912e-06,0.0,1.0
0.00199357,0.0,1.0
0.01952472,0.0,0.0
0.02156607,0.0,0.0
0.00010257874,0.0,0.0
3.1906293e-07,0.0,0.0
8.4341956e-10,0.0,0.0
5.3212705e-09,0.0,0.0
0.0009791235,0.0,0.0
6.8074396e-06,0.0,1.0
4.8720506e-07,1.0,1.0
2.097598e-08,1.0,0.0
1.2024466e-08,1.0,0.0
0.0062165777,1.0,1.0
0.0005914234,0.0,0.0
3.2746086e-09,1.0,0.0
0.0011442798,0.0,0.0
0.009465783,0.0,0.0
1.4278013e-05,0.0,0.0
0.00045634506,0.0,0.0
2.2715224e-06,0.0,0.0
0.00026922443,0.0,0.0
5.7152214e-05,0.0,0.0
0.0059160357,0.0,0.0
0.007151068,0.0,0.0
0.002411855,0.0,0.0
6.1429004e-05,0.0,0.0
0.0041845366,0.0,0.0
0.009600771,0.0,0.0
0.002889787,0.0,0.0
0.00014870371,0.0,0.0
0.005544043,0.0,0.0
0.046163276,0.0,0.0
2.077276e-09,0.0,0.0
8.820508e-09,0.0,0.0
1.577594e-05,0.0,0.0
0.0007524238,0.0,1.0
5.4895363e-06,0.0,0.0
1.2079578e-05,0.0,0.0
4.585301e-06,0.0,0.0
6.6656257e-06,0.0,0.0
0.0029588845,0.0,0.0
0.000107464075,0.0,0.0
0.00012599069,0.0,0.0
0.015432998,0.0,0.0
1.5946182e-05,0.0,0.0
0.00024623144,0.0,0.0
9.820169e-07,0.0,0.0
1.3572725e-05,0.0,0.0
0.0004056608,0.0,0.0
0.00014893289,0.0,1.0
3.8864673e-05,0.0,0.0
3.0066033e-07,0.0,0.0
0.0015715206,0.0,1.0
3.588114e-05,0.0,0.0
0.022972206,0.0,0.0
7.1451235e-05,0.0,0.0
0.00017021953,0.0,0.0
5.1054565e-05,0.0,0.0
6.1942353e-09,0.0,0.0
5.6618643e-05,0.0,0.0
3.027781e-07,0.0,0.0
7.851411e-06,0.0,0.0
4.89572e-08,0.0,0.0
1.1541647e-06,0.0,1.0
5.510646e-07,0.0,0.0
1.1284578e-05,0.0,0.0
1.3159998e-05,0.0,0.0
4.1548833e-06,0.0,0.0
3.2274285e-05,0.0,0.0
2.2036553e-05,0.0,0.0
5.3388857e-07,0.0,0.0
5.5093396e-06,0.0,0.0
3.4252775e-05,0.0,0.0
2.3211018e-05,0.0,0.0
0.0007576809,0.0,0.0
1.6267293e-06,0.0,0.0
4.1479605e-05,0.0,0.0
0.00010997237,0.0,0.0
0.0024086242,0.0,0.0
0.0029237845,0.0,0.0
3.0889798e-05,0.0,0.0
0.010832592,0.0,0.0
0.018423226,0.0,0.0
5.830555e-05,0.0,0.0
0.007909229,0.0,0.0
0.11255279,0.0,0.0
0.0005123219,0.0,0.0
5.941828e-05,0.0,0.0
7.339677e-06,0.0,0.0
0.0086922655,0.0,0.0
0.0014035753,0.0,0.0
0.00020589744,0.0,0.0
0.01740604,0.0,0.0
0.00021333802,0.0,0.0
0.0064632175,0.0,0.0
5.4728503e-06,0.0,0.0
0.00023995739,0.0,0.0
0.00019982476,0.0,0.0
0.00015648887,0.0,0.0
7.6487595e-07,0.0,0.0
6.466422e-06,0.0,0.0
1.1880245e-07,0.0,1.0
7.6330725e-06,0.0,1.0
1.960253e-05,0.0,1.0
9.374401e-06,0.0,1.0
4.3656294e-07,0.0,0.0
3.8286827e-05,0.0,0.0
4.1969895e-05,0.0,0.0
0.00010633958,0.0,0.0
1.4279102e-05,0.0,1.0
8.041488e-06,0.0,0.0
6.5822634e-05,0.0,0.0
0.00050767645,0.0,0.0
0.017964376,0.0,0.0
8.980754e-05,0.0,0.0
5.8790345e-05,0.0,0.0
2.0692965e-05,0.0,0.0
0.00022491974,0.0,0.0
5.7812025e-07,0.0,0.0
1.3616309e-08,0.0,0.0
0.0003081679,0.0,0.0
2.2240991e-09,0.0,0.0
7.782596e-06,0.0,0.0
0.002788388,0.0,0.0
4.0516235e-09,0.0,0.0
3.5880532e-07,0.0,1.0
0.00019413761,0.0,1.0
0.0002023653,0.0,0.0
1.6818081e-05,0.0,0.0
1.2479317e-06,0.0,0.0
0.00020385298,0.0,0.0
7.458695e-05,0.0,0.0
2.8466155e-05,0.0,1.0
0.0011918191,0.0,0.0
1.3825461e-05,0.0,0.0
0.00010797921,0.0,0.0
4.723928e-08,0.0,0.0
6.2913664e-06,0.0,0.0
1.6003091e-06,0.0,0.0
0.0020295118,0.0,0.0
1.3887079e-05,0.0,0.0
0.0005699685,0.0,0.0
6.591053e-07,0.0,0.0
1.6893413e-06,0.0,0.0
0.00056478777,0.0,0.0
4.472627e-08,0.0,0.0
2.4923477e-07,0.0,0.0
1.9244311e-08,0.0,0.0
2.2056501e-07,0.0,0.0
1.0799986e-07,0.0,1.0
7.409602e-08,0.0,1.0
4.2228053e-06,0.0,0.0
5.869225e-06,0.0,0.0
4.3452533e-06,0.0,0.0
1.7003364e-05,0.0,0.0
2.9003536e-07,0.0,0.0
1.5609363e-07,0.0,0.0
3.0498032e-07,0.0,0.0
0.00021783459,0.0,0.0
1.0185265e-05,0.0,0.0
0.00022341742,0.0,0.0
0.048959367,0.0,0.0
8.888544e-07,0.0,0.0
4.0388146e-05,0.0,0.0
0.0009878493,0.0,0.0
1.6847796e-05,0.0,0.0
5.0637773e-06,0.0,0.0
2.0723814e-05,0.0,0.0
0.0010618152,0.0,0.0
7.502788e-05,0.0,0.0
0.00051474734,0.0,1.0
0.00093111413,0.0,1.0
3.9701008e-05,0.0,1.0
3.10953e-05,0.0,1.0
0.0005692852,0.0,1.0
0.00014844276,0.0,0.0
0.0018700075,0.0,0.0
3.924361e-07,0.0,0.0
3.15174e-08,0.0,0.0
1.5284537e-05,0.0,0.0
3.0009884e-05,0.0,0.0
0.0011701527,0.0,0.0
0.0022361893,0.0,0.0
0.0052075987,0.0,0.0
1.9866052e-07,0.0,0.0
7.4031136e-06,0.0,1.0
1.2784591e-06,0.0,1.0
2.4562823e-08,0.0,1.0
1.005488e-05,0.0,1.0
1.2124612e-05,0.0,0.0
1.4180579e-06,0.0,0.0
3.71004e-06,0.0,0.0
7.947205e-08,0.0,0.0
7.125792e-05,0.0,0.0
0.00015000996,0.0,0.0
0.00028335743,0.0,0.0
0.0014623209,0.0,0.0
1.0948465e-05,0.0,0.0
7.600094e-05,0.0,0.0
0.0043799635,0.0,0.0
0.0013584625,0.0,1.0
0.00037698218,0.0,0.0
1.840055e-06,0.0,0.0
1.280687e-07,0.0,1.0
4.8447696e-06,0.0,0.0
0.00045990216,0.0,0.0
1.0492003e-09,0.0,0.0
0.00024002626,0.0,0.0
8.301326e-06,0.0,0.0
1.124761e-08,0.0,0.0
4.6558357e-09,0.0,0.0
1.4850009e-07,0.0,1.0
1.0835212e-06,0.0,0.0
2.1988663e-07,0.0,0.0
5.8679154e-07,1.0,0.0
3.8073412e-07,1.0,0.0
0.0003721272,0.0,1.0
1.3230241e-05,1.0,0.0
2.1010504e-07,1.0,0.0
3.6581584e-06,1.0,0.0
1.2251993e-06,1.0,0.0
5.9794223e-05,1.0,0.0
1.3686403e-08,0.0,0.0
5.38782e-07,1.0,0.0
0.0004964044,1.0,0.0
0.00027696526,0.0,0.0
1.4842683e-08,0.0,0.0
0.00021627334,1.0,0.0
0.0012411801,0.0,0.0
9.695972e-09,0.0,0.0
0.025941437,0.0,0.0
0.004272612,0.0,0.0
0.0058719898,0.0,0.0
0.00023201184,0.0,0.0
0.00033060566,0.0,0.0
0.00018275966,0.0,0.0
0.1128809,0.0,1.0
0.0013602977,0.0,0.0
3.057087e-05,0.0,0.0
2.8106444e-07,0.0,0.0
0.00045396484,0.0,0.0
0.0010775904,0.0,0.0
1.2394535e-05,0.0,0.0
5.001468e-05,0.0,0.0
0.0011675189,0.0,0.0
8.3153435e-07,0.0,0.0
3.7520297e-06,1.0,0.0
1.1698183e-06,1.0,0.0
5.442558e-06,1.0,1.0
4.1745534e-07,1.0,0.0
1.07835585e-05,0.0,0.0
5.2117947e-08,1.0,0.0
0.00074573996,0.0,0.0
2.5094485e-07,1.0,0.0
0.0007901807,1.0,0.0
3.9006565e-07,1.0,0.0
1.7662858e-05,1.0,0.0
0.00013883151,0.0,0.0
2.1687489e-05,1.0,0.0
2.9854258e-05,1.0,0.0
7.634336e-05,1.0,0.0
0.0011604561,0.0,0.0
0.00024481426,0.0,0.0
0.005523764,0.0,0.0
6.0053833e-05,1.0,0.0
0.0029611643,0.0,0.0
0.003450938,0.0,0.0
0.0035931894,0.0,0.0
8.042265e-08,0.0,1.0
1.482882e-05,0.0,0.0
0.0003795669,0.0,0.0
3.6180115e-08,0.0,0.0
0.0362482,0.0,0.0
3.7605736e-05,0.0,0.0
1.4640713e-06,0.0,0.0
9.6368545e-05,0.0,0.0
1.984143e-06,0.0,0.0
1.1539177e-09,0.0,0.0
1.0158084e-05,0.0,0.0
0.0002718398,0.0,0.0
3.402314e-07,0.0,0.0
4.6945384e-08,0.0,0.0
3.9395487e-05,0.0,0.0
3.7400558e-05,0.0,0.0
7.139314e-05,0.0,0.0
1.888995e-05,0.0,0.0
4.2165475e-06,0.0,0.0
8.313328e-09,0.0,0.0
0.00058476307,0.0,0.0
8.326546e-06,0.0,0.0
1.5261231e-06,1.0,0.0
0.0052371593,0.0,0.0
0.0005668171,0.0,0.0
1.7603784e-06,1.0,0.0
2.1456387e-07,1.0,0.0
0.0009969011,0.0,0.0
9.969113e-05,0.0,0.0
0.004579034,0.0,0.0
8.4805135e-05,0.0,0.0
1.945813e-05,0.0,1.0
0.00015658619,0.0,1.0
0.00012834823,0.0,1.0
0.00085425074,0.0,1.0
0.00014485368,1.0,0.0
9.8458244e-05,1.0,0.0
0.0045896657,0.0,0.0
0.00036032544,1.0,0.0
0.00026089489,0.0,0.0
0.0007234497,1.0,0.0
0.0012364879,0.0,0.0
0.003292089,1.0,1.0
1.2141911e-05,0.0,1.0
2.6666049e-08,0.0,0.0
0.0012093292,0.0,0.0
7.2177726e-09,1.0,0.0
8.475162e-05,1.0,0.0
0.00501216,1.0,0.0
2.3207298e-05,0.0,0.0
0.0011585067,0.0,0.0
0.0020086828,0.0,0.0
0.0012374682,0.0,0.0
0.00014382214,0.0,0.0
0.00017542865,0.0,0.0
6.5521695e-09,0.0,1.0
0.0014008445,0.0,0.0
0.00017698479,0.0,0.0
0.00050879386,0.0,0.0
0.00049627386,0.0,1.0
0.000113864226,0.0,1.0
6.155238e-05,0.0,0.0
0.00094408065,0.0,0.0
0.00024901493,0.0,0.0
1.2832535e-06,0.0,1.0
0.00021455648,0.0,0.0
0.0023921828,0.0,0.0
5.1337192e-05,0.0,0.0
7.1287286e-05,0.0,0.0
6.582383e-05,0.0,0.0
0.0023845253,0.0,0.0
0.0019253626,0.0,0.0
0.0014405437,0.0,0.0
5.609529e-05,0.0,0.0
8.782401e-05,0.0,0.0
2.8072216e-09,0.0,0.0
3.7108948e-05,0.0,0.0
9.070833e-07,0.0,0.0
0.000108029366,0.0,0.0
8.179401e-09,0.0,0.0
0.006193075,0.0,0.0
0.0012661067,0.0,0.0
4.2640565e-07,0.0,0.0
0.00088797585,0.0,0.0
0.012119073,0.0,0.0
0.00067774655,0.0,0.0
2.0587754e-06,0.0,0.0
1.1160554e-07,0.0,0.0
0.0043756175,0.0,0.0
5.275927e-08,0.0,0.0
6.116065e-05,0.0,0.0
0.015277231,0.0,0.0
3.3339576e-05,0.0,0.0
0.005527495,0.0,0.0
0.00018730386,0.0,0.0
3.5120447e-05,0.0,0.0
0.00038779964,0.0,0.0
0.0014182586,0.0,0.0
0.0019973952,0.0,0.0
0.00022608662,0.0,0.0
0.000120029305,0.0,0.0
0.003389659,0.0,0.0
0.010786683,0.0,0.0
0.002908156,1.0,0.0
0.016257407,1.0,0.0
0.0019675684,1.0,0.0
0.00030822106,1.0,0.0
0.00018497935,0.0,0.0
0.0008213154,0.0,0.0
0.00025376873,0.0,0.0
0.00020526214,0.0,0.0
0.0020461602,0.0,0.0
0.00070644525,0.0,0.0
0.00096831715,0.0,0.0
2.42635e-06,0.0,0.0
8.984502e-08,0.0,0.0
0.00077592244,0.0,0.0
6.8415693e-06,0.0,0.0
0.00012718848,0.0,0.0
1.3364241e-05,0.0,1.0
1.6633473e-07,0.0,1.0
9.887976e-05,0.0,0.0
0.00010150595,0.0,0.0
4.244798e-06,0.0,0.0
1.3262631e-05,0.0,0.0
0.0001105323,0.0,0.0
0.0003959549,0.0,0.0
4.895081e-07,0.0,0.0
0.00010325808,0.0,0.0
0.0027566967,0.0,0.0
3.989503e-06,0.0,0.0
2.7055262e-06,0.0,1.0
7.0067847e-07,0.0,0.0
5.7668145e-05,0.0,0.0
1.4626849e-05,0.0,0.0
9.063578e-05,0.0,0.0
0.0041853827,0.0,0.0
3.7369005e-05,0.0,0.0
2.8531296e-05,0.0,0.0
6.3476004e-06,0.0,0.0
5.2145544e-05,0.0,0.0
0.000258353,0.0,0.0
2.647496e-05,0.0,0.0
2.9048431e-08,0.0,0.0
0.0005279724,0.0,0.0
0.00076164183,0.0,0.0
5.617846e-06,0.0,0.0
0.0028931084,0.0,0.0
0.00039081916,0.0,0.0
4.2148867e-09,0.0,0.0
5.3565454e-09,0.0,0.0
9.85415e-06,0.0,0.0
0.0013322758,0.0,0.0
0.0024264362,0.0,0.0
0.011402585,0.0,0.0
1.7372958e-08,0.0,0.0
0.0008011246,0.0,0.0
0.0055932635,0.0,0.0
4.5605848e-05,0.0,0.0
0.0023357992,0.0,0.0
4.0221526e-05,0.0,0.0
0.0018576726,0.0,1.0
0.008258028,0.0,1.0
0.00393606,0.0,0.0
0.0017917772,0.0,0.0
0.00032380948,0.0,0.0
1.073085e-07,0.0,1.0
0.0015775717,0.0,0.0
1.780681e-07,0.0,0.0
4.473179e-06,0.0,0.0
0.00039736953,0.0,0.0
0.00026973363,0.0,0.0
6.343713e-05,0.0,0.0
0.0005591617,0.0,0.0
0.0010694767,0.0,1.0
0.0033172339,0.0,0.0
6.110119e-05,0.0,0.0
0.00084309326,0.0,0.0
1.3115547e-05,0.0,1.0
5.2616433e-05,0.0,0.0
2.1807841e-06,0.0,0.0
1.7673288e-05,0.0,0.0
2.5063562e-05,0.0,0.0
0.00022226223,0.0,0.0
1.8031935e-08,0.0,0.0
4.519777e-07,0.0,0.0
7.0926576e-06,0.0,1.0
0.0010630115,0.0,1.0
2.680571e-05,0.0,0.0
0.00029017357,0.0,0.0
0.0006057616,0.0,0.0
0.00025921827,0.0,0.0
0.0003246348,0.0,0.0
2.8673241e-05,0.0,0.0
0.00049143814,0.0,0.0
3.2322827e-05,0.0,0.0
4.0530093e-05,0.0,0.0
0.0010153033,0.0,0.0
5.931662e-06,0.0,0.0
4.669334e-06,0.0,1.0
1.9909585e-05,0.0,0.0
0.00015234924,0.0,0.0
0.0028810315,0.0,0.0
0.013069801,0.0,0.0
2.0995969e-05,0.0,0.0
3.848449e-06,0.0,0.0
0.00021225617,0.0,0.0
0.004401519,0.0,1.0
3.2736403e-05,0.0,1.0
0.012419913,0.0,1.0
0.0011099644,0.0,0.0
0.00048121283,0.0,0.0
0.0024786736,0.0,0.0
0.0008579337,0.0,0.0
0.0005564831,0.0,0.0
0.016951673,0.0,0.0
0.00045372735,0.0,0.0
0.0009495482,0.0,0.0
0.0017746844,0.0,0.0
0.0032975054,0.0,0.0
0.00046244968,0.0,0.0
0.000655014,0.0,0.0
0.00023093722,0.0,0.0
9.2238086e-05,0.0,0.0
0.0007266007,0.0,0.0
0.0008318658,0.0,0.0
0.000107789405,0.0,0.0
4.2939043e-09,0.0,0.0
4.8901366e-05,0.0,0.0
0.00013824749,0.0,0.0
2.299144e-05,0.0,0.0
2.6183176e-05,0.0,1.0
3.3286844e-05,0.0,1.0
1.1533527e-06,0.0,0.0
4.0328647e-05,0.0,0.0
0.00036943215,0.0,0.0
0.0006856906,0.0,0.0
3.3396187e-05,0.0,0.0
6.11107e-06,0.0,0.0
0.002385646,0.0,0.0
0.0010443671,0.0,0.0
1.0447601e-05,0.0,1.0
0.0022131125,0.0,0.0
0.0013248431,0.0,0.0
0.005320009,0.0,0.0
8.346045e-05,0.0,0.0
8.892173e-07,0.0,0.0
1.4527662e-05,0.0,0.0
0.00011625631,0.0,0.0
0.004230446,0.0,0.0
3.1611555e-06,0.0,0.0
0.003406521,0.0,0.0
0.0013963791,0.0,0.0
0.0041131726,0.0,0.0
0.00040137218,0.0,0.0
0.006114804,0.0,0.0
0.0006980607,0.0,0.0
0.0018846835,0.0,0.0
0.0006934653,0.0,0.0
9.1362235e-06,0.0,0.0
1.0090604e-05,0.0,0.0
1.3229192e-06,0.0,0.0
3.447823e-08,0.0,0.0
1.6336039e-06,0.0,0.0
0.0005598275,0.0,0.0
1.4794382e-05,0.0,0.0
1.1516995e-06,0.0,1.0
0.00012541331,0.0,0.0
6.32301e-05,0.0,0.0
1.5712403e-06,0.0,0.0
0.0023122367,0.0,0.0
1.3314383e-07,0.0,0.0
8.683386e-05,0.0,0.0
0.0006218683,0.0,0.0
2.5536761e-05,0.0,0.0
7.239972e-09,0.0,0.0
3.4830173e-05,0.0,0.0
8.8153965e-06,0.0,0.0
0.00021593359,0.0,0.0
3.155162e-08,0.0,0.0
5.4962708e-05,0.0,0.0
7.0632122e-09,0.0,0.0
2.9431028e-05,0.0,0.0
0.0022040883,0.0,0.0
0.0006177748,0.0,0.0
1.3127178e-09,0.0,0.0
0.0014602329,0.0,0.0
0.030755319,0.0,0.0
0.00010497233,0.0,0.0
0.00046628682,0.0,0.0
1.2442143e-05,0.0,0.0
0.000339361,0.0,0.0
3.784545e-05,0.0,1.0
0.000130328,0.0,1.0
0.00043017618,0.0,1.0
0.0003993768,0.0,0.0
0.000257402,0.0,0.0
1.7864788e-05,0.0,0.0
1.335527e-05,0.0,0.0
9.1749556e-05,0.0,0.0
0.0012706213,0.0,0.0
0.0032019524,0.0,0.0
0.00024976037,0.0,0.0
5.0639355e-05,0.0,0.0
0.00058819685,0.0,0.0
0.0005457467,0.0,0.0
0.001097731,0.0,0.0
0.0009034688,0.0,0.0
0.0014228827,0.0,0.0
0.009128263,0.0,0.0
2.6778755e-05,0.0,0.0
0.006383819,0.0,0.0
0.0037949728,0.0,0.0
0.0004187877,0.0,0.0
4.4112124e-08,0.0,0.0
0.00051022024,0.0,0.0
0.00064545113,0.0,0.0
4.7362314e-09,0.0,0.0
9.273929e-06,1.0,0.0
3.0258008e-07,1.0,0.0
0.0035950437,1.0,1.0
1.7853872e-05,0.0,1.0
5.0450808e-08,1.0,0.0
1.697527e-05,0.0,0.0
1.7629622e-05,1.0,0.0
6.294614e-05,0.0,0.0
0.00010116361,0.0,1.0
5.163838e-06,0.0,1.0
2.7410977e-05,0.0,1.0
0.00015802267,0.0,0.0
3.012417e-06,0.0,0.0
3.2103253e-07,0.0,0.0
7.6506274e-07,0.0,0.0
3.0919516e-09,0.0,0.0
4.3226737e-06,0.0,0.0
0.0014129868,0.0,0.0
6.1958536e-09,0.0,0.0
0.00041954368,0.0,0.0
0.00013159237,0.0,0.0
5.020874e-06,0.0,0.0
9.210693e-08,0.0,0.0
5.8324462e-05,0.0,0.0
0.00012345354,0.0,0.0
4.820615e-05,0.0,0.0
7.407867e-06,0.0,0.0
0.0015068257,0.0,0.0
0.0011269957,0.0,0.0
0.00010046078,0.0,0.0
0.0014007805,0.0,0.0
0.00092496484,0.0,0.0
0.0005648378,0.0,0.0
0.0032219482,1.0,1.0
1.882035e-06,1.0,0.0
0.0003907236,0.0,0.0
0.00045599477,0.0,0.0
0.0011483331,0.0,0.0
4.8129295e-06,0.0,0.0
6.0438873e-05,0.0,0.0
0.0007553844,0.0,0.0
4.9758266e-05,0.0,0.0
0.0015291643,0.0,0.0
0.0009165306,0.0,0.0
0.0009936364,0.0,1.0
0.00018892062,0.0,1.0
0.0003996447,0.0,0.0
5.253634e-08,0.0,0.0
9.800159e-06,0.0,0.0
0.0019121707,0.0,0.0
3.7225198e-09,0.0,0.0
0.000114967566,1.0,0.0
1.543656e-05,0.0,0.0
2.6117366e-06,1.0,0.0
1.0987043e-07,1.0,0.0
0.0022172167,1.0,0.0
1.5133852e-05,0.0,0.0
5.8349826e-05,1.0,0.0
0.0026218537,0.0,0.0
1.7268468e-06,1.0,0.0
7.313729e-07,1.0,0.0
8.653414e-06,1.0,0.0
0.00027119546,1.0,0.0
0.00026680098,1.0,0.0
7.6186875e-06,1.0,0.0
2.7122893e-05,0.0,0.0
4.9559607e-05,1.0,1.0
4.2606803e-06,1.0,0.0
1.8836308e-05,1.0,0.0
0.0012623258,0.0,0.0
2.1778563e-08,0.0,0.0
0.0006104111,0.0,0.0
3.324677e-05,0.0,0.0
0.00032542684,0.0,0.0
6.6766544e-05,0.0,0.0
0.00084251864,0.0,0.0
0.000984052,0.0,0.0
8.2800194e-05,0.0,0.0
4.9257775e-08,0.0,0.0
0.000376525,0.0,0.0
0.020060541,0.0,0.0
0.010961065,0.0,0.0
0.00014794621,0.0,0.0
8.446569e-06,0.0,0.0
0.00012464552,0.0,0.0
0.026142443,0.0,0.0
7.095834e-05,0.0,0.0
0.0011922063,0.0,0.0
0.00083501113,0.0,0.0
1.1995626e-05,0.0,0.0
3.8532755e-05,0.0,0.0
0.0055407793,0.0,0.0
0.00020016171,0.0,0.0
4.0597635e-05,0.0,0.0
0.0071440437,0.0,0.0
0.0030116115,0.0,0.0
0.00013027196,0.0,0.0
0.00016844414,0.0,0.0
3.7922797e-05,0.0,0.0
1.2900915e-07,0.0,0.0
3.1081004e-06,0.0,0.0
4.47184e-06,0.0,0.0
0.00023651028,0.0,0.0
0.00068551354,0.0,0.0
1.7043625e-05,0.0,0.0
1.7380571e-05,0.0,1.0
1.5578415e-05,0.0,0.0
2.119488e-06,0.0,0.0
2.4956375e-05,0.0,0.0
0.0002903651,0.0,0.0
9.758362e-10,1.0,0.0
3.1428712e-07,0.0,0.0
0.0008203178,0.0,0.0
0.004381519,0.0,0.0
6.5799795e-05,0.0,0.0
0.0010196514,0.0,0.0
1.5647624e-06,0.0,1.0
0.0013547434,0.0,0.0
0.004795538,0.0,0.0
0.0028641585,0.0,0.0
0.0004137456,0.0,0.0
0.00016730763,0.0,0.0
0.0003884868,0.0,0.0
0.0017984427,0.0,0.0
0.012635741,0.0,0.0
0.0687579,0.0,0.0
0.009120658,0.0,0.0
9.032534e-05,0.0,0.0
0.004027379,0.0,0.0
0.00064042315,0.0,0.0
0.018504173,0.0,0.0
0.0033339807,0.0,0.0
5.7203302e-05,0.0,0.0
0.0032085471,0.0,0.0
8.3676096e-05,0.0,0.0
0.00083851424,0.0,0.0
0.055916544,0.0,0.0
0.022659095,0.0,0.0
0.0013763806,0.0,1.0
0.0012061232,0.0,1.0
0.00062692,0.0,0.0
0.0010602677,0.0,0.0
9.4789255e-05,0.0,0.0
0.00043296316,0.0,0.0
7.215533e-05,0.0,0.0
0.0005898255,0.0,0.0
0.00030874106,0.0,0.0
1.8248447e-05,0.0,0.0
6.7717534e-05,0.0,0.0
3.8467576e-08,0.0,0.0
0.015636882,0.0,0.0
7.078519e-05,0.0,0.0
0.0001865124,0.0,0.0
1.6845521e-06,0.0,0.0
5.8759968e-05,0.0,0.0
4.7001563e-06,0.0,0.0
0.012477431,0.0,0.0
0.0035117136,0.0,0.0
6.4392316e-07,0.0,0.0
6.06525e-05,0.0,0.0
0.016898707,0.0,0.0
0.00025456044,0.0,0.0
1.5715101e-06,0.0,0.0
4.1045194e-05,0.0,1.0
1.3854841e-05,0.0,1.0
0.00021332988,0.0,0.0
1.5216209e-06,0.0,0.0
7.893861e-07,0.0,1.0
3.2884866e-08,1.0,1.0
6.2443e-06,0.0,0.0
6.4411233e-07,1.0,0.0
3.3645948e-09,0.0,0.0
5.2342703e-08,1.0,0.0
2.3533378e-08,0.0,0.0
5.588547e-06,0.0,0.0
2.7613267e-05,1.0,0.0
1.7746322e-07,1.0,0.0
1.5687127e-05,1.0,0.0
0.0009615353,0.0,0.0
5.995205e-07,0.0,0.0
1.5255447e-08,1.0,0.0
1.40368845e-08,0.0,0.0
3.0049573e-08,1.0,0.0
2.152063e-05,0.0,0.0
2.612626e-06,0.0,0.0
1.6600289e-07,1.0,0.0
1.5613621e-07,0.0,0.0
4.3048914e-07,1.0,0.0
2.7891094e-06,0.0,0.0
1.1169041e-09,1.0,1.0
3.2231928e-06,1.0,0.0
0.00029625607,0.0,0.0
2.1387074e-09,0.0,0.0
2.638003e-06,0.0,0.0
0.00014917352,0.0,0.0
2.242703e-05,0.0,0.0
8.878978e-05,0.0,0.0
6.2921945e-06,0.0,0.0
1.2091079e-05,0.0,0.0
4.4735873e-07,0.0,0.0
0.000108353524,0.0,1.0
5.7046045e-06,0.0,1.0
2.0340109e-05,0.0,1.0
7.994899e-08,0.0,0.0
3.8969778e-05,0.0,0.0
5.421022e-07,0.0,0.0
9.802451e-05,0.0,0.0
1.7404354e-05,0.0,0.0
3.0232499e-05,0.0,0.0
1.0834572e-06,0.0,1.0
0.0023197785,0.0,0.0
0.00013272642,0.0,0.0
2.168265e-05,0.0,1.0
0.0002799992,0.0,1.0
3.2656473e-08,0.0,1.0
7.8626086e-05,0.0,0.0
2.0111598e-05,0.0,1.0
4.1608726e-07,0.0,0.0
1.1081003e-09,0.0,0.0
1.7906464e-06,0.0,0.0
1.2270948e-05,0.0,0.0
1.0479073e-07,1.0,0.0
4.398149e-07,0.0,0.0
3.655919e-06,1.0,1.0
4.9557542e-08,0.0,1.0
1.2237491e-06,1.0,1.0
2.6049631e-06,0.0,1.0
8.267412e-08,1.0,1.0
3.568506e-05,1.0,0.0
3.3951823e-05,0.0,0.0
6.632697e-06,0.0,0.0
1.8832287e-08,0.0,0.0
1.1458822e-06,0.0,0.0
9.006538e-06,0.0,0.0
7.9446045e-06,0.0,0.0
0.00018067923,0.0,0.0
0.00017901279,0.0,0.0
7.628361e-05,0.0,0.0
0.00023373523,0.0,0.0
8.916698e-07,0.0,0.0
1.6630584e-05,0.0,0.0
1.4041984e-05,0.0,0.0
6.567094e-06,0.0,0.0
2.1970936e-05,0.0,0.0
8.549802e-06,0.0,0.0
3.066148e-08,0.0,1.0
1.4267531e-06,0.0,1.0
2.508908e-06,0.0,1.0
6.0473106e-08,0.0,1.0
6.894176e-07,0.0,0.0
5.2397263e-06,0.0,0.0
2.3347886e-07,0.0,0.0
6.1885203e-06,0.0,0.0
2.2583337e-05,0.0,0.0
1.5139104e-06,0.0,0.0
3.1822855e-09,0.0,0.0
5.064153e-05,0.0,0.0
4.7259923e-06,0.0,0.0
1.2153769e-09,0.0,0.0
1.3861322e-07,0.0,0.0
3.9291956e-07,0.0,0.0
3.8664977e-05,0.0,0.0
3.0036426e-07,0.0,0.0
3.676835e-05,0.0,0.0
3.152877e-07,0.0,0.0
1.2179463e-05,1.0,0.0
3.197585e-06,0.0,0.0
6.877467e-09,0.0,0.0
2.6485734e-09,0.0,0.0
9.898298e-10,0.0,0.0
2.6617508e-09,0.0,0.0
8.33956e-10,0.0,0.0
2.1430121e-06,0.0,0.0
9.93865e-10,0.0,0.0
2.1650643e-05,0.0,0.0
0.00018231288,0.0,0.0
5.501658e-06,0.0,1.0
7.333369e-07,0.0,1.0
1.8890509e-05,0.0,0.0
0.0016468483,0.0,0.0
0.00083650067,0.0,0.0
3.5026194e-05,0.0,0.0
2.7284186e-06,0.0,1.0
0.0036010137,0.0,0.0
2.0759733e-05,0.0,0.0
1.8820332e-06,0.0,0.0
1.2538522e-06,0.0,0.0
1.6490377e-09,0.0,0.0
6.770057e-07,0.0,0.0
4.1182403e-08,0.0,0.0
7.556551e-08,0.0,0.0
1.0110876e-07,1.0,0.0
1.1460488e-07,0.0,0.0
1.6892626e-07,0.0,0.0
4.310153e-08,1.0,0.0
1.2491088e-07,0.0,0.0
3.982904e-07,0.0,1.0
1.321168e-06,0.0,0.0
1.0700209e-06,0.0,0.0
2.28771e-06,0.0,0.0
6.172166e-07,0.0,0.0
4.253814e-09,0.0,0.0
7.1625635e-08,0.0,0.0
1.7697713e-06,0.0,0.0
3.872173e-06,0.0,0.0
3.5529915e-06,0.0,1.0
1.6498301e-05,0.0,1.0
1.6329942e-08,0.0,0.0
2.0642922e-06,0.0,0.0
0.0001623542,0.0,0.0
0.02201747,0.0,0.0
2.355843e-06,0.0,0.0
9.710559e-05,0.0,0.0
4.444019e-06,0.0,0.0
1.4577486e-05,0.0,0.0
0.0003479742,0.0,0.0
1.5341036e-06,0.0,0.0
4.6360154e-07,0.0,0.0
7.316702e-08,0.0,0.0
4.2874926e-06,0.0,0.0
2.379579e-09,0.0,0.0
1.382914e-05,0.0,0.0
2.1802824e-09,0.0,0.0
1.6742437e-05,0.0,0.0
4.2821073e-05,0.0,0.0
4.761932e-06,0.0,0.0
0.004095934,0.0,1.0
3.8026233e-08,0.0,0.0
0.00060162717,0.0,0.0
1.9431725e-07,0.0,0.0
9.381446e-10,0.0,0.0
1.2935933e-06,0.0,0.0
1.3237897e-07,0.0,0.0
1.6543994e-07,0.0,0.0
4.457341e-07,0.0,1.0
1.2562085e-05,0.0,0.0
8.998098e-07,0.0,0.0
5.3416246e-05,0.0,1.0
2.548087e-07,0.0,0.0
1.2553356e-09,0.0,0.0
4.4181434e-07,0.0,0.0
7.6115697e-10,0.0,0.0
2.1701684e-05,0.0,0.0
6.976313e-06,1.0,1.0
3.2642579e-06,1.0,1.0
6.523562e-06,1.0,0.0
5.389038e-07,1.0,0.0
0.00014373411,0.0,0.0
4.848814e-07,1.0,0.0
1.2090318e-06,0.0,1.0
1.4624005e-05,0.0,1.0
4.845259e-06,0.0,0.0
1.7164912e-06,0.0,0.0
1.3900394e-05,0.0,0.0
0.00029726696,0.0,0.0
4.43968e-05,0.0,0.0
9.0218506e-08,0.0,0.0
0.0009435415,0.0,0.0
1.2042408e-09,0.0,0.0
0.00051669247,0.0,0.0
1.0787217e-08,0.0,0.0
1.2592432e-05,0.0,0.0
1.7526228e-06,0.0,0.0
0.0018600826,0.0,0.0
2.3339277e-09,0.0,0.0
1.4739487e-08,0.0,0.0
1.8155477e-05,0.0,0.0
0.0044766515,0.0,0.0
2.5093316e-09,0.0,0.0
1.5126927e-05,0.0,0.0
3.7468199e-06,0.0,0.0
1.6001971e-08,0.0,0.0
0.00016266629,0.0,0.0
0.00021174923,0.0,0.0
5.3365125e-05,0.0,0.0
0.000549799,0.0,0.0
0.0013946109,0.0,0.0
3.7102793e-05,0.0,0.0
2.4355643e-08,0.0,0.0
1.1383119e-09,0.0,0.0
1.5542e-05,0.0,0.0
3.67856e-05,0.0,0.0
1.5561014e-06,0.0,0.0
8.932215e-08,0.0,0.0
8.3937994e-07,1.0,0.0
7.761369e-10,1.0,0.0
1.40018565e-05,0.0,0.0
8.4375637e-07,0.0,0.0
1.8834369e-08,0.0,0.0
1.4378609e-09,0.0,0.0
7.5513e-06,0.0,0.0
8.259425e-06,0.0,0.0
1.902055e-07,0.0,0.0
1.7399942e-07,0.0,0.0
0.0003614098,0.0,0.0
2.939233e-06,0.0,0.0
5.2602115e-07,0.0,0.0
0.0006708739,0.0,0.0
9.449658e-05,0.0,0.0
0.00011100795,0.0,0.0
4.217545e-06,0.0,0.0
5.2159023e-05,0.0,1.0
8.297219e-05,0.0,1.0
0.00032440276,0.0,0.0
0.00016695292,0.0,1.0
5.4562834e-06,0.0,1.0
0.00011306218,0.0,0.0
2.1284675e-06,0.0,0.0
0.0027137215,0.0,0.0
9.968895e-05,0.0,0.0
0.0032168543,0.0,0.0
0.000156522,0.0,0.0
3.6511217e-05,0.0,0.0
6.552778e-07,0.0,0.0
1.6674578e-07,0.0,1.0
7.907784e-07,0.0,0.0
3.4246938e-08,1.0,0.0
1.28873235e-05,0.0,0.0
4.3405876e-07,0.0,0.0
2.3204143e-06,0.0,0.0
2.0406654e-07,0.0,0.0
5.227998e-05,0.0,0.0
3.0589084e-07,0.0,0.0
6.726405e-10,0.0,0.0
6.515536e-05,0.0,0.0
1.2805399e-08,0.0,0.0
2.9479308e-09,1.0,0.0
3.0539133e-09,0.0,0.0
3.7527636e-06,0.0,0.0
2.2756065e-07,0.0,0.0
1.810291e-06,0.0,0.0
2.5461266e-06,0.0,0.0
1.6577872e-06,0.0,0.0
1.2990064e-07,0.0,0.0
0.00017148026,0.0,1.0
1.2524859e-05,0.0,1.0
4.0443275e-09,0.0,1.0
1.6298754e-05,0.0,0.0
0.0016652024,0.0,0.0
1.4027994e-06,0.0,0.0
7.9776406e-08,0.0,1.0
1.5235509e-05,0.0,0.0
4.569936e-05,0.0,0.0
8.234709e-08,0.0,0.0
2.709844e-07,0.0,0.0
2.5466175e-06,0.0,0.0
3.0060155e-05,0.0,0.0
5.0381754e-05,0.0,0.0
1.5705602e-07,0.0,0.0
5.7972903e-07,0.0,0.0
3.415873e-05,0.0,0.0
1.4267029e-05,0.0,0.0
2.0397625e-05,0.0,0.0
1.0339535e-06,0.0,0.0
0.00026156212,1.0,0.0
1.0543952e-07,0.0,0.0
4.6002377e-05,0.0,0.0
4.511063e-06,0.0,0.0
6.2967047e-07,1.0,0.0
4.3478813e-06,0.0,0.0
6.5752386e-07,0.0,0.0
0.00019879056,0.0,0.0
5.17701e-08,0.0,0.0
1.0797674e-08,0.0,0.0
8.381678e-06,0.0,0.0
7.977868e-08,0.0,0.0
1.2739231e-06,0.0,0.0
6.402885e-06,0.0,0.0
4.3378938e-07,1.0,0.0
7.7834414e-07,1.0,0.0
7.589296e-05,0.0,0.0
1.7881832e-05,0.0,0.0
1.9055605e-06,1.0,0.0
4.877441e-05,1.0,0.0
8.399049e-06,0.0,0.0
5.5020028e-08,1.0,0.0
6.0160296e-08,1.0,0.0
7.6960545e-09,1.0,0.0
7.750814e-08,0.0,0.0
8.9821503e-07,1.0,0.0
4.0753566e-06,1.0,0.0
7.959142e-06,0.0,0.0
4.471924e-07,0.0,0.0
3.3025262e-07,1.0,0.0
5.468721e-07,1.0,0.0
8.4498315e-05,0.0,0.0
3.3748848e-09,0.0,0.0
1.8196673e-06,1.0,0.0
1.891526e-05,1.0,0.0
0.00013106666,0.0,0.0
3.0843044e-06,0.0,0.0
1.7640826e-07,0.0,0.0
6.707579e-06,0.0,0.0
1.3525138e-07,1.0,0.0
9.062388e-10,1.0,0.0
1.01831425e-07,0.0,0.0
1.6322679e-06,0.0,0.0
2.4303959e-06,0.0,0.0
4.4523527e-05,0.0,1.0
1.0560375e-05,0.0,0.0
2.8011476e-05,1.0,0.0
1.4338337e-06,0.0,0.0
2.6702048e-05,0.0,1.0
8.337077e-07,0.0,1.0
8.087549e-07,1.0,1.0
4.3506913e-07,1.0,0.0
8.1287235e-06,1.0,1.0
1.0486021e-09,0.0,1.0
3.143072e-07,0.0,0.0
8.954841e-07,0.0,0.0
2.5082258e-07,0.0,0.0
1.6473698e-06,0.0,0.0
1.246989e-07,0.0,0.0
6.9030575e-06,0.0,0.0
1.14761285e-07,0.0,0.0
0.00021627748,0.0,0.0
9.380534e-10,0.0,0.0
1.1495858e-05,0.0,0.0
0.00015979685,0.0,0.0
1.5023309e-06,0.0,1.0
2.5505135e-06,0.0,0.0
1.9076647e-07,0.0,0.0
0.00014860633,0.0,0.0
0.0009269795,0.0,0.0
1.8633863e-06,0.0,0.0
3.2656683e-06,0.0,0.0
8.919709e-06,0.0,0.0
2.1671414e-07,0.0,0.0
7.591468e-05,0.0,0.0
2.1906573e-07,0.0,0.0
0.00013535368,0.0,0.0
1.9146255e-05,0.0,1.0
1.0507212e-07,0.0,1.0
6.05057e-10,0.0,0.0
1.597659e-06,1.0,0.0
4.76573e-06,0.0,1.0
1.2193823e-07,0.0,0.0
7.566783e-07,1.0,0.0
6.494763e-08,1.0,0.0
1.5529793e-06,1.0,0.0
2.2427586e-05,0.0,0.0
2.588736e-08,1.0,0.0
1.6742362e-06,1.0,0.0
1.1671924e-05,1.0,0.0
2.9289482e-09,0.0,0.0
1.142256e-07,1.0,0.0
1.612336e-07,1.0,0.0
2.2015322e-06,1.0,0.0
2.3794128e-07,0.0,0.0
4.981189e-08,0.0,0.0
2.3148419e-09,1.0,0.0
3.1935472e-06,0.0,0.0
9.7797056e-08,0.0,1.0
1.6392111e-06,0.0,0.0
1.440257e-09,0.0,0.0
2.1278973e-08,0.0,0.0
1.3639334e-06,0.0,0.0
3.0428178e-06,0.0,0.0
0.00021400361,0.0,0.0
0.006497895,0.0,0.0
2.4048154e-06,0.0,0.0
0.0007979669,0.0,0.0
2.6966727e-05,0.0,0.0
9.298663e-05,0.0,0.0
3.5379355e-05,0.0,0.0
9.214168e-06,0.0,0.0
2.249075e-05,0.0,0.0
0.00015126058,0.0,0.0
4.6726593e-05,0.0,0.0
1.0319911e-06,0.0,0.0
2.4215711e-05,0.0,0.0
1.26945e-09,0.0,0.0
1.6769718e-06,0.0,0.0
2.3087519e-07,0.0,0.0
2.866394e-07,0.0,0.0
2.0783e-07,0.0,0.0
3.1829064e-08,0.0,0.0
9.464878e-10,0.0,1.0
4.785697e-07,1.0,0.0
7.163806e-07,1.0,0.0
1.3341357e-06,0.0,0.0
8.978754e-10,0.0,0.0
6.209734e-07,0.0,0.0
1.685555e-07,0.0,0.0
2.9417876e-08,0.0,0.0
9.6916494e-08,0.0,0.0
4.4001943e-05,0.0,0.0
1.5784345e-09,0.0,0.0
8.907489e-05,0.0,0.0
4.4653402e-07,0.0,0.0
0.0041089226,0.0,0.0
0.00042222926,0.0,0.0
4.2913587e-05,0.0,0.0
1.7436086e-07,0.0,1.0
3.4552242e-05,0.0,0.0
2.0466328e-05,0.0,0.0
0.0023989961,0.0,0.0
0.00017410037,0.0,0.0
2.2404406e-06,0.0,0.0
1.5025258e-09,0.0,0.0
0.00042774866,0.0,0.0
0.0008241369,0.0,0.0
0.00038198117,0.0,1.0
1.0794794e-05,0.0,0.0
1.0282069e-05,0.0,0.0
4.4149052e-05,0.0,0.0
7.928074e-06,0.0,0.0
8.482534e-09,0.0,0.0
1.5621099e-06,0.0,0.0
1.707142e-07,0.0,0.0
2.0192633e-06,0.0,0.0
6.5509477e-07,0.0,0.0
8.3116465e-06,0.0,0.0
1.6159814e-06,0.0,0.0
2.042628e-07,0.0,1.0
1.49945745e-05,0.0,0.0
8.974461e-05,0.0,0.0
3.8126493e-06,0.0,0.0
6.271535e-08,0.0,0.0
0.00094516866,0.0,0.0
1.0250592e-05,0.0,0.0
0.00016849651,0.0,0.0
6.8326233e-07,0.0,0.0
1.7033015e-05,0.0,0.0
3.4947432e-06,0.0,0.0
4.2014343e-09,0.0,0.0
0.00042290014,0.0,0.0
6.956636e-10,0.0,0.0
0.00092557276,0.0,0.0
2.7218175e-06,0.0,0.0
3.359468e-05,0.0,0.0
1.9252673e-09,0.0,1.0
8.8312675e-08,0.0,1.0
1.9601968e-05,0.0,0.0
6.6124926e-06,0.0,0.0
7.245304e-09,0.0,1.0
6.8057645e-08,0.0,1.0
3.695301e-07,0.0,0.0
4.6899613e-06,0.0,0.0
3.9755474e-09,0.0,0.0
1.4468494e-08,0.0,0.0
1.9171522e-07,0.0,0.0
3.139179e-05,0.0,0.0
1.1211712e-06,0.0,0.0
0.002502688,0.0,0.0
6.8086083e-06,0.0,0.0
7.370648e-07,0.0,0.0
1.7545375e-05,0.0,0.0
9.8408964e-05,0.0,0.0
4.3904656e-05,0.0,0.0
2.3281145e-06,0.0,0.0
0.0001439102,0.0,0.0
7.2472943e-09,0.0,0.0
8.26986e-06,0.0,0.0
6.436284e-07,0.0,0.0
0.00012145175,0.0,0.0
3.6763475e-05,0.0,0.0
1.5825824e-06,0.0,1.0
1.3613262e-05,0.0,0.0
3.4135708e-05,0.0,0.0
3.997698e-05,1.0,0.0
8.399041e-06,0.0,0.0
2.8933773e-06,1.0,0.0
7.048855e-07,0.0,0.0
1.4640218e-05,0.0,0.0
5.495762e-07,1.0,0.0
8.6596685e-07,1.0,0.0
2.3646127e-05,0.0,1.0
3.486204e-07,0.0,0.0
5.93615e-06,1.0,0.0
9.01851e-06,0.0,0.0
5.0616472e-05,0.0,0.0
9.230386e-06,0.0,0.0
9.345516e-06,0.0,1.0
2.8472434e-06,0.0,1.0
2.7178928e-06,0.0,0.0
5.245732e-05,0.0,0.0
3.7207053e-06,0.0,0.0
0.00063983817,0.0,0.0
1.2108066e-05,0.0,0.0
4.0527004e-05,0.0,0.0
3.2565833e-05,0.0,0.0
6.806656e-05,0.0,0.0
1.9037428e-07,0.0,0.0
0.007342357,0.0,0.0
4.8872215e-07,0.0,0.0
0.0001481629,0.0,0.0
5.0150226e-07,0.0,0.0
0.0039746515,0.0,0.0
2.4478666e-07,0.0,0.0
3.898579e-09,0.0,0.0
2.4685869e-05,0.0,0.0
7.817369e-09,0.0,0.0
1.3524531e-05,0.0,0.0
1.1700025e-06,0.0,0.0
1.11083e-09,0.0,0.0
1.1264118e-05,0.0,0.0
0.00019720102,0.0,0.0
5.567763e-05,0.0,0.0
0.003896173,0.0,0.0
7.706302e-05,0.0,0.0
1.914276e-06,0.0,0.0
0.0004824527,0.0,1.0
0.003404621,0.0,0.0
0.0008481175,0.0,0.0
4.4847893e-06,0.0,0.0
5.158197e-05,0.0,1.0
5.6871136e-06,0.0,0.0
2.5515752e-05,0.0,0.0
9.645212e-09,0.0,0.0
2.9336333e-09,0.0,0.0
1.7308437e-05,0.0,0.0
0.00018996577,0.0,0.0
2.6380408e-07,0.0,0.0
0.00012883231,0.0,0.0
6.2759113e-06,0.0,0.0
9.78157e-06,0.0,0.0
2.8799982e-07,0.0,0.0
0.00021797068,0.0,0.0
1.7521915e-06,0.0,0.0
4.107115e-05,0.0,0.0
5.0001554e-06,0.0,0.0
1.9869265e-06,0.0,0.0
5.6153226e-06,0.0,0.0
3.3382065e-07,0.0,0.0
2.5708948e-06,0.0,0.0
1.366103e-05,0.0,0.0
6.412498e-05,0.0,0.0
0.00026987048,0.0,0.0
9.957051e-07,0.0,0.0
0.00022120663,0.0,0.0
1.998848e-09,0.0,0.0
1.0247368e-06,0.0,0.0
7.929308e-06,0.0,0.0
0.00016029894,0.0,0.0
4.548452e-09,0.0,0.0
4.037149e-06,0.0,0.0
0.00027611025,0.0,0.0
2.0434984e-06,0.0,0.0
3.353923e-07,0.0,0.0
1.341986e-09,0.0,0.0
3.624636e-07,0.0,0.0
2.4760134e-06,0.0,0.0
4.0182247e-08,0.0,0.0
0.00044470708,0.0,0.0
8.834721e-06,0.0,0.0
6.747756e-06,0.0,0.0
3.7217555e-06,0.0,0.0
7.6711156e-05,0.0,0.0
1.2814546e-06,0.0,0.0
1.2077377e-05,0.0,0.0
1.0580147e-06,0.0,0.0
2.6959758e-06,0.0,0.0
0.00017950725,0.0,0.0
5.6178833e-06,0.0,0.0
9.7729746e-05,0.0,0.0
1.8071256e-08,0.0,0.0
8.358409e-06,0.0,0.0
5.286521e-06,0.0,0.0
1.1666027e-09,0.0,0.0
3.3616795e-06,0.0,0.0
1.5227139e-06,0.0,0.0
2.825644e-07,0.0,0.0
0.00048401766,0.0,0.0
2.2329752e-08,0.0,0.0
1.4918634e-05,0.0,0.0
1.6608505e-05,0.0,0.0
1.1959028e-08,0.0,0.0
7.153502e-06,0.0,1.0
7.918424e-05,0.0,0.0
9.208529e-06,0.0,0.0
8.284712e-08,0.0,1.0
7.073183e-06,0.0,1.0
8.730642e-09,0.0,0.0
0.00016723554,0.0,0.0
5.3956796e-06,0.0,0.0
3.184993e-05,0.0,0.0
5.2704418e-05,0.0,0.0
9.823121e-06,0.0,0.0
0.00011727419,0.0,0.0
5.011829e-07,0.0,0.0
1.1711596e-05,0.0,0.0
3.0028873e-09,0.0,0.0
0.00010774254,0.0,0.0
4.07016e-06,0.0,0.0
7.0867004e-06,0.0,0.0
1.6345126e-05,0.0,0.0
3.9017277e-08,0.0,1.0
9.319201e-07,0.0,0.0
8.794644e-05,0.0,0.0
2.014985e-06,0.0,0.0
9.772252e-07,0.0,0.0
6.014876e-06,0.0,0.0
1.0236686e-09,0.0,0.0
8.7591245e-05,0.0,0.0
0.00014160661,0.0,0.0
0.0006539898,0.0,0.0
0.0020919621,0.0,0.0
0.00024184791,0.0,0.0
7.784948e-07,0.0,0.0
2.443353e-08,0.0,0.0
1.2731308e-09,0.0,1.0
2.723637e-08,0.0,1.0
4.9441598e-05,0.0,0.0
3.3451892e-07,0.0,0.0
0.00074573077,0.0,0.0
5.4685233e-07,0.0,0.0
0.00010346218,0.0,0.0
0.03782559,0.0,0.0
2.5997142e-05,0.0,0.0
8.0528565e-08,0.0,0.0
0.00015622677,0.0,0.0
6.865452e-06,0.0,0.0
0.0006288065,0.0,0.0
3.087066e-05,0.0,0.0
2.9418047e-08,0.0,0.0
0.010844642,0.0,0.0
0.00040494272,0.0,0.0
1.7717923e-05,0.0,0.0
0.004782225,0.0,0.0
1.4024168e-06,0.0,0.0
5.8435802e-05,0.0,0.0
7.0336363e-09,0.0,0.0
2.6025247e-05,0.0,0.0
6.163872e-07,0.0,0.0
2.0108453e-05,0.0,0.0
2.2167931e-05,0.0,0.0
4.246843e-06,0.0,0.0
8.280337e-08,0.0,0.0
0.00016803715,0.0,0.0
7.637818e-07,0.0,1.0
1.3131114e-05,0.0,0.0
1.3927637e-05,0.0,0.0
3.9761935e-06,0.0,0.0
3.076263e-05,0.0,0.0
3.081589e-05,0.0,0.0
3.2961718e-06,0.0,1.0
6.5444465e-07,0.0,1.0
0.0005374431,0.0,0.0
4.9629605e-05,0.0,0.0
0.0016844815,0.0,0.0
3.3302206e-06,0.0,0.0
0.0005571181,0.0,0.0
0.0030026238,0.0,0.0
0.00044404267,0.0,0.0
5.0333874e-06,0.0,0.0
1.636654e-06,0.0,0.0
2.2058402e-06,0.0,0.0
2.3316708e-05,0.0,0.0
6.81974e-07,0.0,0.0
0.00028424952,0.0,0.0
3.7840433e-08,0.0,0.0
2.4945623e-09,0.0,0.0
2.0405928e-06,0.0,0.0
7.37061e-05,0.0,0.0
7.0585397e-06,0.0,0.0
3.1565452e-09,0.0,0.0
0.00030791652,0.0,1.0
4.1027997e-07,0.0,1.0
0.00017102502,0.0,0.0
1.9393536e-09,0.0,0.0
2.2618823e-07,0.0,0.0
4.069617e-05,1.0,0.0
5.2996074e-07,1.0,0.0
1.4694436e-05,1.0,0.0
0.0010149988,1.0,0.0
6.811323e-08,1.0,0.0
5.04559e-06,1.0,0.0
2.9521213e-06,0.0,0.0
8.120612e-06,0.0,0.0
9.6331325e-09,0.0,0.0
1.4141932e-08,1.0,0.0
0.0039334283,0.0,0.0
3.2136807e-06,0.0,0.0
5.4076354e-06,0.0,0.0
1.3048075e-06,0.0,0.0
1.3308229e-06,0.0,0.0
4.6273977e-05,0.0,0.0
0.019209811,0.0,0.0
0.00025211243,0.0,0.0
0.06441824,0.0,0.0
0.00055627705,0.0,0.0
4.5757824e-06,0.0,0.0
3.3145345e-05,0.0,0.0
1.2485062e-07,1.0,0.0
0.0018110763,0.0,0.0
8.703727e-06,0.0,0.0
0.0003019549,0.0,0.0
1.0421761e-06,0.0,0.0
1.5118456e-09,0.0,0.0
1.2009515e-07,0.0,0.0
2.3941146e-07,0.0,0.0
0.00035766742,0.0,0.0
3.98374e-07,0.0,0.0
5.2569892e-05,0.0,0.0
5.2971878e-05,0.0,0.0
4.5901217e-07,0.0,0.0
0.000110696106,0.0,0.0
9.164217e-06,0.0,0.0
5.440639e-05,0.0,0.0
9.178298e-09,1.0,0.0
0.00013503988,0.0,0.0
3.465302e-05,0.0,0.0
0.0006758129,0.0,0.0
1.9997366e-05,0.0,0.0
6.2047906e-07,0.0,0.0
1.3954632e-09,0.0,0.0
4.6875884e-05,0.0,0.0
6.201774e-07,0.0,0.0
6.336221e-07,0.0,0.0
1.2286639e-05,0.0,0.0
6.974744e-06,0.0,0.0
4.8067277e-06,0.0,0.0
5.6055756e-09,0.0,0.0
1.7962024e-05,0.0,0.0
0.00015349637,0.0,0.0
8.6043365e-06,0.0,0.0
0.0014885155,0.0,0.0
6.609749e-08,1.0,1.0
2.4146299e-05,1.0,1.0
9.014056e-06,0.0,0.0
1.2616681e-06,0.0,0.0
4.4761164e-05,0.0,0.0
1.0288201e-06,0.0,0.0
2.5862073e-06,0.0,0.0
0.0018529993,0.0,0.0
0.0003968216,0.0,0.0
8.4867585e-05,0.0,0.0
6.372319e-05,0.0,0.0
0.011189347,0.0,0.0
0.00019234026,0.0,0.0
2.767519e-05,0.0,0.0
3.501437e-05,0.0,0.0
1.7498252e-05,0.0,0.0
0.008227915,0.0,0.0
0.0006477966,0.0,0.0
3.561435e-06,0.0,0.0
0.00038003305,0.0,0.0
2.6208158e-07,0.0,0.0
0.032505438,0.0,0.0
7.441091e-05,0.0,0.0
0.0004030506,0.0,0.0
0.001115452,0.0,0.0
8.1673774e-05,1.0,0.0
5.1578674e-05,0.0,0.0
1.4530046e-05,1.0,0.0
0.0020541258,0.0,0.0
0.00038582188,0.0,0.0
5.0551947e-08,1.0,0.0
4.7311732e-05,0.0,0.0
4.430277e-08,0.0,0.0
2.496121e-06,0.0,0.0
0.00020431161,0.0,0.0
0.0001449001,0.0,0.0
6.532304e-09,0.0,0.0
5.217534e-05,0.0,0.0
6.865339e-05,0.0,0.0
4.7614216e-05,0.0,0.0
9.1090325e-05,0.0,0.0
5.763186e-05,0.0,0.0
1.494954e-08,0.0,0.0
2.3132636e-05,0.0,0.0
0.00030576784,0.0,0.0
6.5223736e-05,0.0,0.0
1.2557131e-06,0.0,0.0
0.022878885,0.0,0.0
3.0212586e-05,0.0,0.0
4.733042e-06,0.0,0.0
0.0001501655,0.0,0.0
0.000723602,0.0,0.0
1.6086377e-06,0.0,0.0
3.737439e-05,0.0,0.0
7.872862e-07,0.0,0.0
6.955839e-06,0.0,0.0
0.00012229697,0.0,0.0
3.836e-09,0.0,0.0
3.977923e-06,0.0,1.0
5.783231e-07,0.0,0.0
5.9388344e-07,0.0,0.0
0.00017727527,0.0,1.0
7.063805e-05,0.0,0.0
1.2087242e-08,0.0,0.0
6.849938e-05,0.0,0.0
7.0014634e-05,0.0,0.0
1.2096131e-06,0.0,0.0
0.00035384687,0.0,0.0
4.734676e-06,0.0,1.0
2.7591957e-06,0.0,1.0
1.6442305e-06,0.0,0.0
9.5136475e-06,0.0,0.0
1.3563465e-06,0.0,0.0
0.0018903473,0.0,0.0
1.9773504e-06,0.0,1.0
8.264523e-06,0.0,0.0
3.445866e-05,0.0,0.0
3.5885978e-06,0.0,0.0
3.0352332e-08,0.0,0.0
4.815005e-05,0.0,0.0
4.99937e-05,0.0,0.0
3.366257e-05,0.0,0.0
2.6442042e-06,0.0,0.0
1.1353837e-05,0.0,0.0
0.00026397168,0.0,0.0
1.9865683e-06,0.0,0.0
1.0955795e-06,0.0,1.0
6.433958e-07,0.0,1.0
3.8534995e-07,0.0,0.0
0.0006653896,0.0,0.0
3.407533e-06,0.0,1.0
0.00027999785,0.0,0.0
5.5670247e-05,0.0,0.0
5.2793016e-06,0.0,0.0
1.7202772e-05,0.0,0.0
9.4903226e-05,0.0,0.0
2.3393295e-06,1.0,0.0
0.00021274835,1.0,1.0
1.2165161e-05,1.0,0.0
1.4704952e-07,1.0,0.0
2.5294774e-05,1.0,0.0
1.225127e-06,1.0,0.0
8.7133327e-07,1.0,1.0
0.0007105816,1.0,0.0
5.987274e-05,1.0,0.0
4.5672073e-06,1.0,1.0
1.23391e-07,1.0,0.0
5.056394e-06,1.0,0.0
3.6863652e-09,0.0,0.0
4.185418e-06,0.0,0.0
1.527141e-05,0.0,0.0
2.369029e-07,0.0,0.0
7.6097336e-08,1.0,1.0
4.041641e-06,0.0,0.0
2.3513624e-09,0.0,0.0
6.508391e-08,0.0,0.0
1.079749e-08,0.0,0.0
8.273711e-06,0.0,0.0
2.0919917e-05,0.0,0.0
6.3166103e-09,0.0,0.0
1.7277623e-08,0.0,0.0
2.5341517e-08,0.0,0.0
3.6200386e-06,0.0,0.0
0.00011069263,0.0,0.0
8.717449e-06,0.0,0.0
2.271689e-06,0.0,0.0
8.5256856e-05,0.0,0.0
1.00597035e-05,0.0,0.0
4.5431108e-09,0.0,0.0
4.789048e-06,0.0,0.0
1.2390706e-05,0.0,0.0
4.2800864e-05,0.0,0.0
1.32566365e-05,0.0,0.0
2.663135e-05,0.0,1.0
0.00024957064,0.0,0.0
0.00036979312,0.0,0.0
0.0071170465,0.0,0.0
0.002116639,0.0,0.0
0.0009682969,0.0,0.0
7.2884372e-06,0.0,0.0
4.605439e-05,0.0,0.0
7.999443e-07,0.0,0.0
7.025078e-05,0.0,0.0
0.00012059811,0.0,0.0
0.0001877779,0.0,0.0
9.909648e-06,0.0,0.0
1.1384924e-05,0.0,0.0
5.1738185e-05,0.0,0.0
1.0878317e-05,0.0,0.0
8.8877306e-07,0.0,0.0
6.5820036e-06,0.0,0.0
8.3314466e-05,1.0,0.0
5.1027066e-05,1.0,0.0
0.00015748882,0.0,0.0
0.00029410684,1.0,0.0
7.120575e-05,0.0,1.0
8.067284e-05,0.0,1.0
9.123724e-05,0.0,1.0
9.633693e-05,0.0,1.0
0.00011314932,0.0,0.0
0.00010423072,0.0,0.0
7.512886e-06,0.0,1.0
0.008107684,1.0,0.0
7.5009584e-06,1.0,0.0
1.8945022e-07,1.0,0.0
0.00032060346,1.0,0.0
1.3772604e-06,1.0,0.0
5.6877205e-05,1.0,0.0
0.010543821,1.0,0.0
0.003342246,0.0,0.0
0.0007784921,0.0,0.0
0.0018227267,1.0,0.0
5.146626e-05,1.0,0.0
0.0006412645,0.0,0.0
4.4892404e-05,0.0,0.0
4.766296e-05,0.0,0.0
0.00015721485,0.0,0.0
8.1389935e-06,0.0,0.0
0.005738914,0.0,0.0
0.0013180966,0.0,0.0
0.00037161636,0.0,0.0
6.828807e-05,0.0,0.0
3.9886922e-06,0.0,0.0
2.1925957e-06,0.0,1.0
1.0830423e-09,0.0,1.0
1.0890026e-05,0.0,0.0
8.957703e-06,0.0,0.0
0.00011938414,0.0,0.0
7.562993e-09,0.0,0.0
0.0008398887,0.0,0.0
0.0018214086,0.0,0.0
3.812655e-05,0.0,0.0
1.0964325e-08,0.0,0.0
0.0001232819,0.0,0.0
0.000459568,0.0,0.0
7.2273883e-06,0.0,0.0
5.111632e-06,0.0,0.0
0.0025161372,0.0,0.0
0.0010892734,0.0,0.0
0.003432648,0.0,0.0
2.3701034e-05,0.0,0.0
0.01694003,0.0,0.0
8.120734e-09,0.0,0.0
3.7744676e-06,0.0,0.0
0.000118668766,0.0,0.0
7.439863e-05,0.0,0.0
1.777766e-07,0.0,0.0
3.8466296e-06,1.0,0.0
0.0052394853,1.0,0.0
1.184131e-05,0.0,0.0
1.3077746e-09,1.0,0.0
0.0013250073,1.0,0.0
0.004819394,0.0,0.0
2.8433167e-06,0.0,0.0
0.00025806372,1.0,0.0
0.001732162,1.0,0.0
0.0097823795,0.0,0.0
1.3864958e-09,0.0,0.0
0.0053941654,1.0,0.0
0.0072544045,1.0,0.0
0.0024574506,0.0,0.0
0.001988359,0.0,0.0
0.0004293615,0.0,0.0
0.0008808945,0.0,0.0
2.1964787e-08,0.0,0.0
9.87497e-06,0.0,0.0
0.00038535666,0.0,0.0
6.050981e-05,0.0,0.0
7.1821256e-07,0.0,0.0
0.0019302884,0.0,0.0
1.2477064e-09,0.0,0.0
2.6775454e-06,0.0,0.0
0.0009080743,0.0,0.0
0.00042657243,1.0,0.0
6.4165774e-06,1.0,0.0
0.000337111,1.0,0.0
0.0012043151,0.0,0.0
4.6556906e-05,0.0,0.0
0.0001530102,0.0,0.0
0.00025031966,0.0,0.0
0.0002927015,0.0,0.0
1.52531575e-05,0.0,0.0
0.0006658959,0.0,0.0
2.9988769e-05,0.0,0.0
2.4454946e-06,0.0,0.0
4.362339e-09,0.0,0.0
8.343612e-06,0.0,0.0
0.00011516793,0.0,0.0
0.0029184015,0.0,0.0
0.00021195566,0.0,0.0
7.5328854e-10,0.0,0.0
2.3395943e-07,0.0,0.0
0.005689455,0.0,0.0
2.7560768e-06,0.0,0.0
9.177293e-07,0.0,0.0
1.1649028e-05,0.0,0.0
5.709448e-07,0.0,0.0
9.096266e-09,0.0,0.0
1.4871787e-05,0.0,0.0
1.6781048e-09,0.0,0.0
1.2727512e-06,0.0,0.0
0.000877893,0.0,0.0
0.00015367533,0.0,0.0
1.00893e-07,0.0,0.0
1.9076497e-06,0.0,0.0
0.00027367938,0.0,0.0
0.00182306,0.0,0.0
4.695557e-09,0.0,0.0
9.709403e-06,0.0,0.0
0.00037751519,0.0,0.0
0.00010395667,0.0,0.0
4.0334187e-05,0.0,0.0
0.00010125499,0.0,0.0
8.481088e-07,0.0,0.0
0.0017896574,0.0,0.0
1.7039854e-05,0.0,0.0
0.006176952,0.0,0.0
0.000192615,0.0,0.0
0.00026348236,0.0,0.0
0.025340842,0.0,0.0
3.459705e-05,0.0,0.0
1.799049e-06,0.0,0.0
0.00029566465,0.0,0.0
1.7986106e-09,0.0,0.0
2.3915118e-06,0.0,0.0
3.0314148e-08,0.0,0.0
3.2693504e-05,0.0,0.0
5.58168e-07,0.0,0.0
1.1497078e-06,0.0,0.0
2.5687657e-05,0.0,0.0
9.551521e-06,0.0,1.0
1.7559234e-05,0.0,1.0
6.278775e-05,0.0,1.0
2.6518813e-07,0.0,0.0
6.1454634e-06,0.0,0.0
0.000116257404,0.0,0.0
0.0027556797,0.0,0.0
7.095722e-06,0.0,0.0
0.0006371196,0.0,0.0
1.0674586e-08,0.0,0.0
3.3478933e-05,0.0,1.0
3.7325825e-07,0.0,0.0
1.1942666e-07,0.0,0.0
9.040874e-06,0.0,0.0
0.0023089007,0.0,0.0
0.00023639262,0.0,0.0
3.623683e-06,0.0,0.0
4.856916e-05,0.0,0.0
1.7257883e-06,0.0,0.0
0.008129359,0.0,0.0
0.0001765373,0.0,0.0
0.00011507012,0.0,0.0
0.00020239096,0.0,0.0
5.1046925e-05,0.0,1.0
0.0012739846,0.0,0.0
0.0023547916,0.0,0.0
0.00046165206,0.0,0.0
4.8590396e-06,0.0,0.0
0.0018147056,0.0,0.0
7.769017e-07,0.0,0.0
3.4144083e-08,0.0,0.0
1.38231135e-05,0.0,0.0
4.5559823e-08,0.0,0.0
8.350315e-06,0.0,0.0
4.3912652e-05,0.0,0.0
0.004374928,0.0,0.0
1.9458034e-06,0.0,0.0
6.120209e-06,0.0,0.0
8.528857e-05,0.0,0.0
3.8862676e-05,0.0,0.0
2.9117688e-05,0.0,0.0
6.554872e-05,0.0,0.0
4.1064457e-05,0.0,0.0
4.3478353e-06,0.0,0.0
5.4139695e-05,0.0,0.0
1.6885523e-06,0.0,0.0
3.137108e-05,0.0,0.0
7.7654506e-05,0.0,0.0
0.00033283676,0.0,0.0
0.0012053296,0.0,1.0
0.00010186901,0.0,0.0
0.0031537274,0.0,0.0
6.88355e-05,0.0,1.0
9.048568e-07,0.0,0.0
0.00017481032,0.0,0.0
0.0008023867,0.0,0.0
9.694376e-10,0.0,0.0
2.3314798e-05,0.0,0.0
1.5662283e-05,0.0,0.0
0.0002686685,0.0,0.0
1.0228104e-06,0.0,0.0
0.00013459407,0.0,0.0
4.134969e-06,0.0,0.0
4.866348e-06,0.0,0.0
1.0334189e-05,0.0,0.0
0.00067698903,0.0,0.0
1.8791596e-05,0.0,0.0
1.335801e-05,0.0,0.0
1.1840791e-05,0.0,0.0
4.2948136e-06,0.0,0.0
9.4858615e-06,0.0,1.0
3.4518568e-08,0.0,0.0
1.2714358e-07,0.0,0.0
0.0030067218,0.0,0.0
5.6820584e-09,0.0,0.0
0.004235644,0.0,0.0
9.649378e-05,0.0,0.0
0.00012849798,0.0,0.0
7.2993885e-07,0.0,0.0
0.0003346922,0.0,0.0
8.8321184e-10,0.0,0.0
0.00062097725,0.0,0.0
1.11484005e-05,0.0,0.0
4.011761e-06,0.0,0.0
8.9032125e-07,0.0,0.0
6.686754e-05,0.0,0.0
1.3767225e-08,0.0,0.0
2.5666007e-09,0.0,0.0
3.4275295e-08,0.0,0.0
0.00023702162,0.0,0.0
3.127782e-05,0.0,0.0
2.4327044e-05,0.0,0.0
0.0011625129,0.0,0.0
0.0004305257,0.0,0.0
7.666312e-05,0.0,0.0
0.00018654832,0.0,0.0
0.00012103911,0.0,0.0
4.0348612e-05,0.0,0.0
1.3188116e-05,0.0,0.0
0.00019737706,0.0,0.0
0.00025940966,0.0,0.0
5.826328e-06,0.0,0.0
2.7579758e-09,0.0,0.0
8.0384416e-05,0.0,0.0
2.5387355e-05,0.0,0.0
5.9103564e-05,0.0,0.0
1.7018252e-09,0.0,0.0
3.3970185e-08,0.0,0.0
5.859031e-05,0.0,0.0
7.0548595e-05,0.0,0.0
0.00017361813,0.0,1.0
7.7420445e-06,0.0,0.0
5.9778536e-06,0.0,1.0
1.5839548e-07,0.0,1.0
4.762239e-05,0.0,0.0
0.00040849403,0.0,0.0
2.5558615e-05,0.0,0.0
3.7288685e-06,0.0,0.0
1.8681207e-05,0.0,0.0
0.00028494062,0.0,0.0
5.13273e-05,0.0,0.0
5.762372e-06,0.0,0.0
0.00036226475,0.0,0.0
0.0003489765,0.0,0.0
8.916132e-05,0.0,0.0
6.522287e-06,0.0,0.0
0.00015870474,0.0,1.0
8.074296e-05,0.0,0.0
0.000118918535,0.0,0.0
1.4292372e-06,0.0,0.0
0.00012245195,0.0,0.0
3.7957165e-05,0.0,0.0
7.4940766e-07,0.0,0.0
7.124066e-05,0.0,0.0
2.411459e-05,0.0,1.0
3.1814395e-06,0.0,0.0
1.3226938e-08,0.0,0.0
7.917042e-05,0.0,0.0
0.00010854277,0.0,1.0
9.89034e-07,0.0,1.0
1.0984628e-06,0.0,0.0
0.0032312542,0.0,0.0
1.0754803e-07,0.0,0.0
8.5782696e-05,0.0,0.0
0.00017573954,0.0,0.0
1.2298909e-07,0.0,0.0
2.6609202e-06,0.0,0.0
0.00033091937,0.0,0.0
0.0007614191,0.0,0.0
4.2194388e-05,0.0,0.0
4.2246847e-05,0.0,0.0
2.4651817e-07,0.0,0.0
5.8455702e-05,0.0,0.0
5.2246123e-09,0.0,0.0
3.9237173e-07,0.0,0.0
4.6426248e-08,0.0,1.0
4.2933193e-06,0.0,1.0
0.0017660519,0.0,0.0
6.259629e-06,0.0,0.0
0.00044354302,0.0,0.0
2.097398e-06,0.0,1.0
1.2000589e-06,0.0,0.0
0.0011710599,0.0,0.0
0.0029316829,0.0,0.0
5.643512e-07,0.0,0.0
0.0021034952,0.0,0.0
0.0622582,0.0,0.0
0.0030239683,0.0,0.0
0.0014172926,0.0,0.0
0.0004162117,0.0,0.0
0.00011036738,0.0,0.0
0.000688,0.0,0.0
0.0053659393,0.0,0.0
9.909365e-05,0.0,0.0
0.0061126254,0.0,0.0
0.0021216583,0.0,0.0
0.0022493259,0.0,0.0
4.8529622e-05,0.0,0.0
0.0007029782,0.0,0.0
5.636188e-06,0.0,0.0
1.5588018e-06,0.0,0.0
1.9314732e-06,0.0,0.0
3.7498012e-07,0.0,1.0
1.497214e-05,0.0,0.0
0.00024765162,0.0,0.0
1.210421e-05,0.0,0.0
0.00019644339,0.0,0.0
0.0044668783,0.0,0.0
1.5334412e-05,0.0,0.0
2.3536091e-05,0.0,0.0
4.5725345e-05,0.0,0.0
1.8127339e-06,0.0,0.0
0.00016684532,0.0,0.0
2.633892e-05,0.0,0.0
8.606669e-05,0.0,0.0
2.4189814e-05,0.0,0.0
1.6649641e-05,0.0,0.0
3.1827168e-09,0.0,0.0
1.5690388e-05,0.0,0.0
0.0008199883,1.0,0.0
6.531829e-05,0.0,0.0
5.658394e-05,0.0,0.0
5.3563814e-05,0.0,0.0
1.14496e-05,0.0,1.0
1.6447106e-05,0.0,0.0
4.9463483e-06,0.0,0.0
2.2347993e-05,0.0,0.0
0.004258823,0.0,0.0
0.0011069436,0.0,0.0
0.00052605546,0.0,0.0
1.2803009e-05,0.0,0.0
8.171662e-05,0.0,0.0
0.0001742824,0.0,0.0
0.00083848136,0.0,0.0
0.0008907757,0.0,0.0
8.1355967e-07,0.0,0.0
0.0002051641,0.0,0.0
2.2657134e-06,0.0,0.0
2.0825308e-05,0.0,0.0
0.0001452217,0.0,0.0
6.981126e-06,0.0,0.0
9.869996e-07,0.0,0.0
1.4686607e-09,0.0,0.0
5.3788535e-06,0.0,1.0
4.046714e-05,0.0,1.0
1.9340085e-09,0.0,0.0
2.577631e-07,0.0,0.0
0.00023076597,0.0,0.0
1.5430145e-09,0.0,0.0
6.423511e-07,0.0,0.0
5.601212e-05,0.0,0.0
3.0213998e-05,0.0,0.0
9.462662e-09,0.0,0.0
2.173589e-09,0.0,0.0
1.2009336e-06,0.0,0.0
1.9608458e-06,0.0,0.0
6.150104e-05,0.0,0.0
0.0070869667,0.0,0.0
0.0011100576,0.0,0.0
1.1381235e-06,0.0,0.0
4.3120956e-05,0.0,0.0
1.1073929e-06,0.0,0.0
7.179568e-05,0.0,0.0
0.004901511,0.0,0.0
0.0017928375,0.0,0.0
0.0009872077,0.0,0.0
5.202804e-09,1.0,1.0
7.5021244e-06,1.0,0.0
3.0092851e-05,1.0,0.0
0.00012775882,1.0,0.0
1.2022828e-05,1.0,0.0
5.7468536e-05,0.0,0.0
6.001307e-05,1.0,0.0
1.3212034e-06,1.0,0.0
0.0006931231,0.0,0.0
7.103837e-05,0.0,0.0
4.536118e-06,1.0,0.0
5.8201058e-05,0.0,0.0
1.1878897e-07,1.0,0.0
2.0266047e-05,0.0,0.0
1.7203232e-05,0.0,0.0
6.595279e-08,1.0,0.0
0.0055711637,1.0,0.0
8.033177e-05,1.0,0.0
0.00012362517,1.0,0.0
3.0788058e-06,0.0,0.0
1.655817e-06,0.0,0.0
6.728414e-06,0.0,0.0
0.00057229865,0.0,0.0
0.0013256617,0.0,0.0
7.3485508e-06,1.0,0.0
4.7445387e-06,0.0,0.0
0.0044882204,1.0,0.0
0.00032816193,1.0,0.0
1.5416678e-08,1.0,0.0
2.616256e-07,0.0,0.0
4.497982e-05,0.0,0.0
2.587176e-08,0.0,0.0
2.036151e-08,0.0,0.0
1.1702368e-06,0.0,1.0
2.6328303e-07,0.0,1.0
2.794653e-06,0.0,0.0
4.9769424e-05,0.0,0.0
6.1518203e-06,0.0,0.0
1.4778519e-05,0.0,0.0
1.1712712e-05,0.0,0.0
3.2979199e-06,0.0,0.0
8.8835855e-05,0.0,0.0
0.0011377768,0.0,0.0
6.797265e-09,0.0,0.0
2.910042e-05,0.0,0.0
2.7650207e-05,0.0,0.0
1.8818934e-06,0.0,0.0
1.4295697e-06,0.0,1.0
3.066831e-05,0.0,0.0
0.001705241,0.0,0.0
0.0002403125,0.0,0.0
0.0005589118,0.0,0.0
1.4869199e-06,0.0,0.0
1.4114471e-05,0.0,0.0
0.00026611658,0.0,0.0
1.29127775e-05,0.0,0.0
6.0075416e-09,0.0,0.0
9.206356e-08,0.0,0.0
3.1367524e-06,0.0,0.0
5.2078735e-06,0.0,0.0
2.1545125e-08,0.0,0.0
7.697716e-08,0.0,0.0
1.8416335e-05,0.0,0.0
2.4307985e-07,0.0,0.0
2.112687e-06,0.0,0.0
1.1148581e-05,0.0,0.0
4.913049e-06,0.0,0.0
1.673028e-07,0.0,0.0
0.00019319972,0.0,0.0
0.0019804386,0.0,0.0
0.00067128777,0.0,0.0
1.0703214e-07,0.0,0.0
4.3523592e-08,0.0,0.0
2.7569044e-08,0.0,0.0
1.2062757e-06,0.0,0.0
2.5433275e-05,0.0,1.0
1.3560216e-05,0.0,1.0
0.00028906108,0.0,0.0
3.9781276e-05,0.0,0.0
4.101171e-06,0.0,0.0
0.00039744587,0.0,0.0
1.1641325e-06,0.0,0.0
0.009821593,0.0,0.0
1.9272586e-09,0.0,0.0
6.2889376e-05,0.0,0.0
3.8819526e-06,0.0,0.0
4.8805096e-06,0.0,0.0
0.00033039012,0.0,0.0
5.8238315e-05,0.0,0.0
0.00019369922,0.0,0.0
0.00011576447,0.0,0.0
0.0006363185,0.0,0.0
0.00011509514,0.0,0.0
0.00059800275,0.0,0.0
7.53847e-08,0.0,0.0
2.3459299e-05,0.0,0.0
1.6953955e-07,0.0,0.0
2.064687e-09,0.0,0.0
1.6712754e-06,0.0,0.0
8.2163264e-05,0.0,0.0
2.7950469e-08,0.0,0.0
7.443165e-10,0.0,0.0
2.0299065e-05,0.0,1.0
8.005352e-08,0.0,1.0
1.7790526e-05,0.0,0.0
1.7678027e-06,0.0,0.0
1.936053e-09,0.0,0.0
8.484324e-07,0.0,0.0
2.9498986e-07,0.0,0.0
3.3912503e-08,0.0,0.0
4.6217784e-07,0.0,0.0
0.00013698671,0.0,0.0
2.6054195e-08,0.0,0.0
1.2739358e-05,0.0,0.0
4.281133e-07,0.0,0.0
8.794078e-10,0.0,0.0
1.9782441e-05,0.0,0.0
0.0003333007,0.0,0.0
1.2689003e-05,0.0,0.0
0.0061386335,0.0,0.0
1.2169466e-05,0.0,0.0
0.0027092474,0.0,0.0
0.00103449,0.0,0.0
2.01245e-06,0.0,0.0
1.8048424e-07,0.0,0.0
0.010940227,0.0,0.0
0.007249043,0.0,0.0
0.00016411752,0.0,0.0
2.8802125e-07,0.0,0.0
0.0015917927,0.0,0.0
3.6008005e-05,0.0,0.0
0.0015212173,0.0,0.0
8.97858e-06,0.0,0.0
0.09440687,0.0,0.0
2.2462211e-06,0.0,0.0
0.00014561479,0.0,0.0
0.0007493993,0.0,0.0
8.811396e-06,0.0,0.0
0.00069072307,0.0,0.0
0.00024124475,0.0,0.0
1.4276011e-06,0.0,0.0
9.898218e-07,0.0,0.0
6.7048545e-06,0.0,0.0
2.361242e-08,0.0,0.0
4.9628767e-08,0.0,0.0
9.710931e-08,0.0,1.0
3.9401595e-08,0.0,1.0
3.072678e-06,0.0,0.0
5.4839988e-05,0.0,0.0
2.4483914e-05,0.0,0.0
0.0011314799,0.0,0.0
9.59107e-10,0.0,0.0
1.4407185e-07,0.0,0.0
0.00021464097,0.0,0.0
3.9420593e-05,0.0,0.0
8.4674306e-05,0.0,0.0
7.78472e-05,0.0,0.0
0.002059266,0.0,0.0
0.005419957,0.0,0.0
8.519305e-06,0.0,1.0
3.392124e-08,0.0,1.0
1.6095959e-05,0.0,0.0
9.33784e-05,0.0,0.0
3.9856008e-05,0.0,0.0
0.00017953038,0.0,0.0
6.8610633e-09,0.0,1.0
6.7726654e-07,0.0,1.0
1.2050408e-06,0.0,0.0
6.3235224e-05,0.0,0.0
5.167963e-07,0.0,0.0
0.00010960877,0.0,0.0
5.350706e-07,0.0,0.0
8.6003274e-05,0.0,0.0
2.3292813e-08,0.0,0.0
0.00020943349,0.0,0.0
1.6337488e-07,0.0,0.0
4.154382e-07,0.0,0.0
0.00011154815,0.0,0.0
0.00013131536,0.0,0.0
0.0006325823,0.0,0.0
0.00093354774,0.0,0.0
0.00018276993,0.0,0.0
1.4021344e-07,0.0,0.0
0.00030676997,0.0,0.0
6.167954e-05,0.0,0.0
4.3221706e-09,0.0,0.0
9.783102e-05,0.0,0.0
8.605736e-07,0.0,0.0
3.3980847e-05,0.0,0.0
0.00085846527,0.0,0.0
0.0074218325,0.0,0.0
9.219769e-07,0.0,1.0
1.1614833e-06,0.0,0.0
2.5106172e-06,0.0,0.0
5.1897998e-05,0.0,1.0
1.439756e-06,0.0,1.0
0.000169852,0.0,0.0
2.2004023e-09,0.0,0.0
2.329107e-09,0.0,1.0
8.4109115e-06,0.0,0.0
3.2189942e-05,0.0,0.0
1.1457802e-05,0.0,0.0
1.1500972e-06,0.0,0.0
4.0156006e-06,0.0,0.0
0.008975307,0.0,0.0
2.1693356e-09,0.0,0.0
3.856033e-05,0.0,0.0
5.3999393e-05,0.0,0.0
0.0002044683,0.0,0.0
7.058583e-08,0.0,0.0
0.003859446,0.0,1.0
9.005271e-05,0.0,0.0
5.00341e-05,0.0,0.0
0.005896611,0.0,0.0
1.5783207e-05,0.0,0.0
8.559745e-05,0.0,0.0
0.012964381,0.0,0.0
0.00042857885,0.0,0.0
3.0149293e-05,0.0,0.0
0.0022003036,0.0,0.0
0.0013521248,0.0,1.0
9.0416084e-05,0.0,0.0
1.2388674e-05,0.0,0.0
0.00019603643,0.0,0.0
8.430355e-09,0.0,0.0
5.2965584e-06,0.0,0.0
0.00019367023,0.0,0.0
0.00021756848,0.0,0.0
1.6989985e-07,0.0,0.0
7.671745e-05,0.0,0.0
9.777477e-10,0.0,0.0
8.544314e-07,0.0,0.0
0.00013098508,0.0,0.0
5.916962e-10,0.0,0.0
0.0039956262,0.0,0.0
2.1391883e-05,0.0,0.0
0.00011786175,0.0,0.0
0.0016091396,0.0,0.0
5.8663103e-05,0.0,0.0
3.6466645e-05,0.0,1.0
0.0011160047,0.0,0.0
1.3867312e-09,0.0,0.0
0.00041690943,0.0,0.0
0.00015649857,0.0,0.0
1.0555038e-07,0.0,0.0
1.6098925e-08,0.0,0.0
8.835159e-06,0.0,0.0
9.3208e-07,0.0,0.0
4.2634496e-05,0.0,0.0
3.9191524e-05,0.0,0.0
4.3212394e-06,0.0,0.0
5.7215548e-06,0.0,0.0
2.217257e-06,0.0,0.0
2.5518634e-07,0.0,1.0
1.2741852e-09,0.0,0.0
3.735817e-05,0.0,0.0
5.9264668e-08,0.0,0.0
1.45108885e-08,0.0,0.0
0.0014291437,0.0,0.0
1.3404805e-05,0.0,0.0
4.8864404e-05,0.0,0.0
1.1589268e-09,0.0,0.0
7.991865e-08,0.0,0.0
3.7128716e-06,0.0,0.0
4.135726e-06,0.0,0.0
0.0005266289,0.0,0.0
7.4643367e-06,0.0,0.0
7.3308865e-07,0.0,0.0
0.00026340553,0.0,0.0
3.3456782e-09,0.0,0.0
2.3797586e-05,0.0,0.0
0.000118349744,0.0,0.0
0.0008929775,0.0,0.0
0.011731978,0.0,0.0
6.267983e-05,0.0,0.0
0.0020099853,0.0,1.0
5.535088e-05,0.0,0.0
0.0008192054,0.0,0.0
8.230537e-06,0.0,0.0
0.00011502152,0.0,0.0
0.0081566805,0.0,0.0
7.301416e-05,0.0,0.0
6.0091705e-05,0.0,1.0
0.0034503953,0.0,0.0
4.957636e-07,0.0,0.0
0.00026987251,0.0,0.0
2.8240632e-09,0.0,0.0
2.1838956e-05,0.0,0.0
2.328624e-08,0.0,0.0
0.019169636,0.0,0.0
9.5326195e-06,0.0,0.0
0.00013812773,0.0,0.0
0.0010936356,0.0,0.0
0.0012312223,0.0,1.0
3.276901e-07,0.0,1.0
4.2280462e-05,0.0,1.0
2.461166e-05,0.0,1.0
0.00068797276,0.0,0.0
0.00012362188,0.0,0.0
0.0006688891,0.0,0.0
0.00024161859,0.0,0.0
0.00067173055,0.0,0.0
0.0016476176,0.0,0.0
4.5793415e-05,0.0,0.0
0.0001023664,0.0,0.0
0.00010402538,0.0,0.0
1.9681379e-07,0.0,0.0
3.294237e-08,0.0,0.0
1.6957691e-07,0.0,0.0
1.4350637e-06,0.0,0.0
2.5326426e-06,0.0,0.0
4.3291216e-06,0.0,0.0
3.1015075e-05,0.0,0.0
6.384843e-09,0.0,0.0
5.6133507e-07,0.0,0.0
8.828152e-08,0.0,0.0
0.0017982116,0.0,0.0
1.2726476e-05,0.0,0.0
1.1258406e-08,0.0,0.0
1.6677502e-07,0.0,1.0
0.00071156997,0.0,0.0
0.00025654054,0.0,0.0
2.0806629e-05,0.0,0.0
0.0041464837,0.0,0.0
1.5194747e-06,0.0,0.0
0.00017605536,0.0,0.0
0.0005828014,0.0,0.0
9.732357e-10,0.0,0.0
1.0857244e-06,0.0,1.0
8.629307e-07,0.0,1.0
6.850729e-07,0.0,1.0
2.0500553e-05,0.0,0.0
9.413751e-09,0.0,0.0
3.554903e-06,0.0,0.0
1.3036507e-06,0.0,0.0
1.7378731e-07,0.0,0.0
7.0082683e-07,0.0,0.0
0.013877416,0.0,0.0
1.9989548e-05,0.0,0.0
5.775961e-07,0.0,0.0
3.0369887e-07,0.0,0.0
5.0420063e-06,0.0,0.0
6.925036e-05,0.0,0.0
6.4758254e-08,0.0,0.0
0.00039518622,0.0,0.0
8.477825e-06,0.0,1.0
2.774525e-05,0.0,1.0
6.0398314e-05,0.0,1.0
1.8746205e-05,0.0,0.0
9.594195e-07,0.0,0.0
0.00014863737,0.0,0.0
9.1694455e-05,0.0,0.0
4.685947e-06,0.0,0.0
0.00023124214,0.0,0.0
1.736397e-09,0.0,0.0
6.85922e-05,0.0,0.0
5.5386914e-07,0.0,0.0
0.00028595325,0.0,0.0
0.00015982428,0.0,1.0
3.65116e-05,0.0,0.0
0.00088023924,0.0,0.0
0.0005831053,0.0,0.0
5.4942684e-10,0.0,0.0
7.013358e-05,0.0,0.0
1.7892211e-06,0.0,0.0
2.4035447e-07,0.0,0.0
2.884993e-06,0.0,0.0
5.6523364e-05,0.0,0.0
4.2614578e-05,0.0,0.0
2.3992213e-09,0.0,1.0
2.2100194e-05,0.0,0.0
1.9571728e-05,0.0,1.0
1.9740492e-06,0.0,0.0
0.0005470242,0.0,0.0
0.0003516192,0.0,0.0
2.7844958e-06,0.0,0.0
0.0003448088,0.0,0.0
9.52762e-10,0.0,0.0
9.3539875e-06,0.0,0.0
5.86268e-06,0.0,0.0
6.987001e-08,0.0,0.0
1.0721705e-07,0.0,0.0
5.9340787e-06,0.0,0.0
1.5654145e-05,0.0,0.0
1.3212234e-06,0.0,0.0
3.3936388e-07,0.0,0.0
8.199943e-05,0.0,1.0
1.3891997e-07,0.0,1.0
1.4541621e-05,0.0,0.0
1.9713136e-05,0.0,0.0
7.0229735e-06,0.0,0.0
0.0035171607,0.0,0.0
4.207758e-06,0.0,0.0
5.8482015e-05,0.0,0.0
2.7018573e-06,0.0,0.0
0.0003800622,0.0,0.0
0.0003791546,0.0,0.0
0.00013188193,0.0,0.0
0.003538192,0.0,1.0
7.840921e-06,1.0,1.0
2.6967216e-06,1.0,1.0
0.00015045315,0.0,0.0
1.9156512e-06,0.0,0.0
0.00021107616,0.0,0.0
0.0039395457,0.0,0.0
2.4689302e-09,0.0,0.0
7.6579866e-08,0.0,0.0
7.687454e-06,0.0,0.0
7.1431946e-06,0.0,0.0
5.748827e-05,0.0,0.0
2.3537452e-09,0.0,0.0
0.001597707,0.0,0.0
5.515625e-07,0.0,0.0
7.7533406e-07,0.0,0.0
8.725898e-07,0.0,0.0
5.0046605e-05,0.0,0.0
6.0303246e-05,0.0,0.0
1.9113198e-09,0.0,0.0
4.974522e-09,0.0,0.0
8.720354e-05,0.0,0.0
1.7480639e-06,0.0,0.0
2.7202367e-08,0.0,0.0
0.0015998359,0.0,0.0
0.0026281006,0.0,0.0
0.0010005482,0.0,0.0
0.015614554,0.0,0.0
1.5756112e-06,0.0,0.0
1.4087153e-07,0.0,0.0
3.5808475e-06,0.0,0.0
0.00012459597,0.0,0.0
0.00042537742,0.0,0.0
1.03076145e-05,0.0,0.0
1.7068169e-05,0.0,0.0
0.0018121569,0.0,0.0
0.00064964587,0.0,0.0
0.00034563127,0.0,0.0
4.4507883e-06,0.0,0.0
1.3300334e-07,0.0,0.0
7.470525e-06,0.0,0.0
0.00045167687,0.0,0.0
1.2423799e-07,0.0,0.0
0.00010766162,0.0,0.0
1.1224763e-05,0.0,0.0
1.5994577e-07,0.0,0.0
2.777102e-06,0.0,0.0
3.2371381e-06,0.0,0.0
9.209328e-06,0.0,0.0
0.005852338,0.0,0.0
1.5936934e-09,0.0,0.0
1.0061987e-06,0.0,0.0
0.004348078,0.0,0.0
1.0928236e-06,0.0,0.0
9.178869e-07,0.0,0.0
0.0020393778,0.0,0.0
4.7600523e-07,0.0,0.0
2.2668189e-07,0.0,0.0
0.0077697425,0.0,0.0
2.9706805e-05,0.0,0.0
9.1224705e-05,0.0,0.0
0.00046871955,0.0,0.0
5.831648e-06,0.0,0.0
0.003381404,0.0,0.0
7.2115877e-06,0.0,0.0
0.00019118669,0.0,0.0
8.084425e-06,1.0,0.0
0.015524478,0.0,0.0
1.7655553e-07,1.0,1.0
0.02428413,0.0,0.0
2.5049587e-06,0.0,0.0
4.5866648e-07,0.0,0.0
0.00230206,0.0,0.0
2.42225e-07,0.0,0.0
3.406068e-06,0.0,1.0
1.1505514e-06,0.0,0.0
0.001158956,0.0,0.0
0.00029932312,0.0,0.0
3.8076535e-06,0.0,0.0
1.1732752e-06,0.0,0.0
4.3373248e-06,0.0,0.0
2.4488387e-09,0.0,0.0
1.4552648e-05,0.0,0.0
7.206564e-07,0.0,0.0
2.4208284e-06,0.0,0.0
2.1161992e-09,0.0,0.0
1.6251555e-05,0.0,0.0
0.0056532733,0.0,0.0
4.278615e-07,0.0,0.0
0.0003523276,0.0,0.0
6.243964e-05,0.0,0.0
3.243201e-06,1.0,0.0
0.00731254,0.0,1.0
0.0005486714,1.0,0.0
0.0018526113,0.0,0.0
2.050374e-05,0.0,0.0
0.0013122988,0.0,0.0
1.4388678e-05,0.0,0.0
4.7992303e-06,0.0,1.0
3.2180826e-05,0.0,0.0
3.1668765e-06,0.0,1.0
7.898531e-08,0.0,0.0
0.0002516602,0.0,0.0
2.124145e-05,0.0,0.0
0.00034344962,0.0,0.0
3.2422853e-05,0.0,0.0
5.074269e-07,0.0,0.0
0.0019687235,0.0,0.0
0.00012515,0.0,0.0
2.380219e-09,0.0,0.0
1.6706312e-05,0.0,0.0
0.00078970793,0.0,0.0
3.7162442e-06,0.0,0.0
8.130569e-06,0.0,0.0
0.00073027925,0.0,0.0
0.0046270797,0.0,0.0
3.4134373e-05,0.0,0.0
2.9125418e-09,0.0,1.0
6.6303496e-10,0.0,1.0
0.00047406825,0.0,1.0
2.146176e-06,0.0,0.0
0.00016323884,0.0,0.0
8.4659536e-05,0.0,0.0
0.00065826566,0.0,0.0
0.00014234781,0.0,0.0
0.00022236863,0.0,0.0
0.0005854244,0.0,0.0
0.0009726426,0.0,0.0
9.8783985e-06,0.0,0.0
1.5571983e-05,0.0,0.0
0.00094119995,0.0,0.0
5.848557e-06,0.0,0.0
0.0011527225,0.0,0.0
1.3080131e-06,0.0,0.0
9.10428e-10,0.0,0.0
2.7720537e-07,0.0,0.0
0.00013347167,1.0,0.0
0.00054609217,1.0,0.0
9.909772e-05,1.0,1.0
3.0768086e-05,1.0,0.0
1.102594e-05,1.0,0.0
1.0279647e-05,1.0,0.0
9.721353e-05,1.0,0.0
0.023640977,1.0,0.0
2.8915463e-07,1.0,0.0
4.6157096e-05,1.0,0.0
0.00035624637,0.0,0.0
5.935921e-09,0.0,0.0
0.0015442682,0.0,0.0
0.0005855263,0.0,0.0
1.5125149e-09,0.0,0.0
0.0028759404,0.0,0.0
9.092994e-05,0.0,0.0
0.00096056616,0.0,0.0
0.00036794716,0.0,0.0
1.6311056e-05,0.0,0.0
0.00039951538,0.0,0.0
0.00026137265,0.0,0.0
9.441092e-05,0.0,0.0
1.708856e-05,0.0,0.0
5.5132638e-08,0.0,0.0
1.0210473e-05,0.0,1.0
2.1429554e-05,0.0,0.0
3.0733855e-07,0.0,0.0
5.7813293e-05,0.0,0.0
0.00018809132,0.0,0.0
0.0006184012,0.0,0.0
0.012918867,0.0,0.0
4.497043e-05,0.0,0.0
0.00033842825,0.0,0.0
0.05647826,0.0,0.0
0.004463669,0.0,0.0
0.0118918875,0.0,0.0
0.0005014082,0.0,0.0
0.0004061538,0.0,0.0
0.003767908,0.0,0.0
0.01971652,0.0,0.0
0.037481986,0.0,0.0
0.00017783414,0.0,0.0
9.5932664e-05,0.0,0.0
0.05233308,0.0,1.0
0.00014325113,0.0,0.0
0.0013889769,0.0,0.0
0.00023348065,0.0,0.0
0.026956508,0.0,0.0
8.558319e-06,0.0,0.0
0.113489546,0.0,0.0
4.914545e-05,0.0,0.0
9.902121e-05,0.0,0.0
0.024939453,0.0,0.0
0.01313987,0.0,0.0
0.0013983427,0.0,0.0
0.0026625558,0.0,0.0
0.00036922566,0.0,0.0
0.011813638,0.0,0.0
0.00034056712,0.0,0.0
6.623734e-05,0.0,0.0
0.0035864231,0.0,0.0
1.2267013e-07,0.0,0.0
0.00023807796,0.0,1.0
0.027293729,0.0,0.0
5.1676354e-05,0.0,0.0
4.9106275e-06,0.0,1.0
0.00082386757,0.0,0.0
2.1507915e-09,0.0,0.0
0.000109218876,0.0,0.0
1.05617455e-05,0.0,0.0
0.00017707946,0.0,0.0
0.0001036087,1.0,0.0
0.018699009,0.0,0.0
3.1423981e-09,0.0,0.0
3.9827323e-06,0.0,0.0
0.0001678698,0.0,0.0
2.6190392e-05,0.0,0.0
8.9968424e-05,0.0,0.0
0.012933884,0.0,0.0
0.001879012,0.0,0.0
0.00313852,0.0,0.0
0.0012389808,0.0,0.0
1.5007215e-06,0.0,0.0
0.004604429,0.0,0.0
0.00011585337,0.0,0.0
0.004058364,0.0,0.0
7.89484e-05,0.0,0.0
0.003705494,0.0,0.0
2.6381858e-05,0.0,0.0
0.00043161976,0.0,1.0
2.855815e-06,0.0,0.0
0.00044985904,0.0,0.0
0.0001898095,0.0,0.0
7.2240673e-06,0.0,0.0
8.8950714e-05,0.0,0.0
3.0394589e-05,0.0,0.0
0.0025000945,0.0,0.0
4.2416156e-07,0.0,0.0
3.8690384e-08,0.0,0.0
0.001659443,1.0,0.0
0.001164026,1.0,0.0
0.0006197536,1.0,0.0
0.00013283025,1.0,0.0
0.00015977248,1.0,0.0
0.0075694425,1.0,0.0
0.00069212663,1.0,1.0
1.9861166e-09,1.0,0.0
4.752766e-05,1.0,0.0
3.9902745e-05,1.0,0.0
0.0006153522,1.0,0.0
0.014932707,0.0,0.0
1.9966019e-05,1.0,0.0
0.00041899775,1.0,0.0
6.927941e-06,1.0,0.0
0.011248761,0.0,0.0
0.00017764431,1.0,0.0
0.00051406724,0.0,0.0
2.0807996e-05,0.0,0.0
9.3134295e-05,0.0,0.0
0.02542329,0.0,0.0
0.0013316243,0.0,0.0
0.00016291402,0.0,0.0
1.30338385e-05,0.0,0.0
1.6363108e-05,0.0,0.0
0.0010649196,0.0,0.0
0.00056500774,0.0,0.0
0.0023951808,0.0,0.0
0.011117262,0.0,0.0
2.8217548e-05,0.0,0.0
0.037816085,0.0,0.0
9.185655e-07,1.0,0.0
5.022906e-07,1.0,0.0
4.5922755e-07,0.0,0.0
1.9895486e-05,1.0,0.0
0.00035020564,0.0,0.0
0.00040225167,0.0,0.0
0.006979109,0.0,0.0
2.3259088e-06,0.0,0.0
2.5789694e-05,0.0,0.0
7.382013e-05,0.0,0.0
2.606434e-07,0.0,0.0
0.0033393595,0.0,0.0
0.026172433,0.0,0.0
0.0028393595,0.0,0.0
0.00023225637,0.0,0.0
0.00018653336,0.0,0.0
0.011806893,0.0,0.0
0.0043341103,0.0,0.0
0.02747833,0.0,0.0
0.00030265294,0.0,0.0
0.017678415,0.0,0.0
0.003991207,0.0,0.0
5.510013e-09,0.0,0.0
0.00020719899,0.0,0.0
4.808938e-06,0.0,0.0
0.00063728687,0.0,0.0
0.000117289856,0.0,0.0
0.00042050745,0.0,0.0
5.069358e-06,0.0,0.0
3.339364e-06,0.0,1.0
0.0003810299,0.0,1.0
0.0004929296,0.0,0.0
1.7662722e-05,0.0,0.0
0.00096228864,0.0,0.0
2.637593e-06,0.0,0.0
8.74224e-07,0.0,0.0
3.9802757e-08,0.0,0.0
5.7517427e-06,0.0,0.0
0.0034882044,1.0,0.0
1.8970562e-06,1.0,0.0
2.6034977e-05,0.0,0.0
4.286414e-05,1.0,0.0
1.5573231e-07,1.0,0.0
2.8548036e-05,0.0,0.0
1.6226993e-05,0.0,0.0
0.0032642318,0.0,0.0
2.9265508e-05,0.0,0.0
6.4564006e-08,0.0,0.0
4.2991454e-05,0.0,0.0
3.6383685e-06,0.0,0.0
1.4651114e-05,0.0,0.0
6.188787e-05,0.0,0.0
0.0005317364,0.0,0.0
0.023243658,0.0,0.0
0.00069558166,0.0,0.0
0.0030985272,0.0,0.0
0.018764885,0.0,0.0
0.0004565857,0.0,0.0
0.012059817,0.0,0.0
0.010763547,0.0,0.0
0.006311212,0.0,0.0
4.52696e-05,0.0,0.0
0.003354499,0.0,0.0
0.014154017,0.0,0.0
1.1363901e-05,0.0,0.0
6.9462265e-05,0.0,0.0
0.0055912,0.0,0.0
0.0006631245,0.0,1.0
8.211305e-05,0.0,1.0
0.0003992704,0.0,1.0
7.058393e-06,0.0,1.0
0.00078175747,0.0,0.0
0.000337555,0.0,0.0
5.9764857e-06,0.0,0.0
0.022469794,0.0,0.0
0.05064861,0.0,0.0
0.00010067214,0.0,0.0
0.010334969,0.0,0.0
1.5205158e-05,0.0,0.0
6.2101404e-05,0.0,0.0
3.3380205e-05,0.0,0.0
1.7931512e-08,0.0,0.0
1.7593025e-05,0.0,0.0
0.00051809946,0.0,0.0
0.00041428156,0.0,0.0
1.2177616e-05,0.0,0.0
7.056602e-05,1.0,1.0
0.00075114815,1.0,1.0
0.0002920921,0.0,1.0
0.00026544355,0.0,0.0
0.00012130511,1.0,0.0
1.3918688e-05,0.0,0.0
2.7217495e-05,0.0,0.0
1.5693325e-06,0.0,0.0
0.013283696,0.0,0.0
0.044892415,0.0,0.0
0.0009242421,0.0,1.0
0.00056172226,0.0,0.0
0.000109960616,0.0,0.0
9.949787e-05,0.0,0.0
2.1730087e-09,0.0,0.0
4.7262713e-08,0.0,0.0
0.0023103752,0.0,0.0
0.00032435547,0.0,0.0
1.1789536e-07,0.0,0.0
1.3076602e-06,0.0,0.0
0.00013417081,1.0,0.0
1.6448752e-06,1.0,0.0
2.0378862e-05,1.0,0.0
0.0001508334,1.0,0.0
2.11871e-06,1.0,1.0
4.4485418e-08,0.0,0.0
5.0042498e-05,0.0,0.0
1.8452636e-05,0.0,0.0
2.6220112e-06,1.0,0.0
0.00056350156,0.0,0.0
1.0544328e-06,0.0,0.0
0.0002593451,0.0,0.0
0.0023894464,0.0,0.0
0.0009978389,0.0,0.0
9.152131e-05,0.0,0.0
7.783354e-06,0.0,0.0
0.00014453635,0.0,1.0
0.0025718063,0.0,0.0
0.0015946401,0.0,0.0
8.588161e-06,0.0,0.0
0.0012380324,0.0,0.0
0.00091149315,0.0,0.0
2.8558557e-06,0.0,0.0
0.0010644565,0.0,0.0
0.0031241002,0.0,0.0
0.008956004,0.0,0.0
0.00027404807,0.0,0.0
1.5935687e-09,0.0,0.0
0.00015584647,0.0,0.0
6.3007035e-05,0.0,0.0
4.8248647e-05,0.0,1.0
0.0065046796,0.0,0.0
2.808964e-05,0.0,0.0
0.010791652,0.0,0.0
0.00014419579,0.0,0.0
1.6626476e-05,1.0,0.0
0.0006777953,0.0,0.0
0.00041909897,0.0,0.0
0.00031895717,0.0,0.0
2.399022e-05,1.0,0.0
0.0066204458,0.0,0.0
0.1370352,0.0,0.0
0.00010653507,0.0,0.0
0.12553848,0.0,0.0
0.0007206388,0.0,0.0
0.0013681991,0.0,0.0
0.08437099,0.0,0.0
0.01482107,0.0,0.0
0.02093646,0.0,0.0
0.0046907724,0.0,0.0
0.00013914536,0.0,0.0
0.0008867143,0.0,0.0
5.550108e-07,0.0,0.0
5.3854696e-06,0.0,0.0
0.005703127,0.0,0.0
8.201992e-05,0.0,0.0
7.103549e-06,0.0,0.0
0.0044419435,0.0,0.0
7.231004e-05,0.0,0.0
0.00023132484,0.0,0.0
0.0008948748,0.0,0.0
0.00030459295,0.0,0.0
0.010216627,0.0,0.0
0.0032326323,0.0,0.0
0.00011864817,1.0,0.0
1.3772769e-05,0.0,0.0
0.00029092398,0.0,0.0
0.005078916,0.0,0.0
0.0018288611,0.0,0.0
0.0018352694,0.0,0.0
9.596634e-06,0.0,0.0
2.0721986e-09,0.0,0.0
0.00037262207,0.0,0.0
0.00019142858,0.0,0.0
0.0014202826,0.0,0.0
2.0070845e-05,0.0,0.0
2.0519424e-06,0.0,0.0
0.0008221062,0.0,0.0
1.6919897e-05,0.0,0.0
1.1307513e-05,0.0,0.0
1.7566033e-05,0.0,0.0
1.9452875e-06,0.0,0.0
0.00042288224,0.0,0.0
0.0017602578,0.0,0.0
1.1619149e-05,0.0,0.0
1.5139508e-06,0.0,0.0
4.871212e-05,0.0,0.0
4.690185e-06,0.0,0.0
1.9160467e-05,0.0,0.0
2.514168e-06,0.0,0.0
0.0030189322,0.0,0.0
5.7110245e-09,0.0,0.0
5.475351e-05,0.0,0.0
0.00029622755,0.0,0.0
0.0001083468,0.0,0.0
0.008683749,0.0,0.0
0.0084985765,0.0,0.0
0.00031086706,0.0,0.0
4.1999483e-05,0.0,0.0
0.00027850745,0.0,0.0
0.0007144762,0.0,0.0
0.0001769048,0.0,0.0
8.851579e-05,0.0,0.0
5.849719e-05,0.0,0.0
1.953367e-05,0.0,0.0
5.3218253e-05,0.0,0.0
3.4579734e-05,0.0,0.0
0.0002733816,0.0,1.0
3.5360256e-06,0.0,0.0
0.0016933993,0.0,0.0
1.1724156e-05,0.0,0.0
0.00028778985,0.0,0.0
9.848454e-05,0.0,0.0
0.00078520045,0.0,0.0
2.9318555e-05,0.0,0.0
5.3489337e-05,0.0,1.0
1.5683177e-05,0.0,1.0
2.9894256e-05,0.0,0.0
0.00029253913,0.0,0.0
1.6012165e-05,0.0,0.0
0.00012028826,0.0,0.0
0.00012860486,0.0,0.0
4.4144253e-05,0.0,0.0
4.2018753e-05,0.0,0.0
1.2435606e-05,0.0,0.0
0.00023840483,0.0,0.0
0.00014294084,0.0,0.0
3.679276e-05,0.0,0.0
0.00011854525,0.0,0.0
2.6082418e-05,0.0,0.0
7.770317e-05,0.0,0.0
4.777436e-05,0.0,0.0
7.9795576e-08,0.0,0.0
0.00018717976,0.0,0.0
3.9020176e-08,0.0,0.0
1.7017649e-07,0.0,0.0
0.00015076034,0.0,0.0
0.0001766353,0.0,0.0
0.0007533579,0.0,0.0
0.00012864829,0.0,0.0
2.4114242e-05,0.0,0.0
8.1514145e-06,0.0,0.0
0.00051766116,0.0,0.0
0.00014948648,0.0,0.0
1.5906511e-05,0.0,0.0
0.00022203856,0.0,0.0
0.00017798919,0.0,0.0
0.000749143,0.0,0.0
2.3156408e-05,0.0,0.0
0.003147813,0.0,0.0
2.820598e-05,0.0,0.0
4.0238523e-05,0.0,0.0
0.00021053287,0.0,0.0
6.2888066e-05,0.0,0.0
1.049915e-05,0.0,0.0
0.017305188,0.0,0.0
0.00081882963,0.0,0.0
0.0029361998,0.0,1.0
0.0011834083,0.0,1.0
3.3708442e-05,0.0,1.0
6.333301e-06,0.0,1.0
0.0005638922,0.0,0.0
3.860411e-05,0.0,0.0
5.4819906e-05,0.0,0.0
4.9237013e-05,0.0,0.0
7.561845e-05,0.0,0.0
0.00016324835,0.0,0.0
0.00015242539,0.0,0.0
4.95417e-05,0.0,0.0
9.233154e-05,0.0,0.0
4.7305864e-05,0.0,0.0
2.9160785e-05,0.0,0.0
0.00017025866,0.0,0.0
3.819544e-05,0.0,0.0
0.0061065652,0.0,0.0
0.00012442392,0.0,0.0
0.00016138045,0.0,0.0
8.908836e-07,0.0,0.0
2.5380127e-06,0.0,0.0
0.00038218097,0.0,0.0
0.00068553706,0.0,0.0
0.00022845223,0.0,0.0
1.6120413e-05,0.0,1.0
0.0014031897,0.0,0.0
3.1773936e-05,0.0,0.0
8.738543e-05,0.0,0.0
0.00051120867,0.0,0.0
0.0013292655,0.0,0.0
5.9382644e-05,0.0,0.0
0.0023641752,0.0,0.0
0.006474556,0.0,0.0
0.00010835569,0.0,0.0
1.4938944e-07,0.0,0.0
2.8579236e-06,0.0,1.0
1.9042034e-06,0.0,1.0
2.0594784e-06,0.0,1.0
4.067836e-05,0.0,0.0
1.438566e-05,0.0,0.0
0.0005135586,0.0,1.0
3.8175378e-05,0.0,0.0
4.4741396e-06,0.0,0.0
1.3681356e-05,0.0,0.0
5.0421502e-05,0.0,0.0
6.890856e-06,0.0,0.0
0.0009223823,0.0,0.0
0.00090517994,0.0,0.0
0.00017137305,0.0,0.0
2.4690624e-05,0.0,0.0
0.0018128572,0.0,0.0
0.00052938185,0.0,0.0
7.3309835e-05,0.0,0.0
0.0002835847,0.0,1.0
0.005814083,0.0,0.0
1.0953205e-08,0.0,0.0
0.00012761222,0.0,0.0
4.5008182e-05,0.0,0.0
1.297726e-07,0.0,0.0
2.356131e-05,0.0,0.0
5.034031e-05,0.0,0.0
0.0001304307,1.0,1.0
2.7930946e-05,1.0,1.0
7.498996e-07,1.0,1.0
0.00015342818,1.0,0.0
0.00019314428,0.0,0.0
0.00023157048,0.0,0.0
0.00021462831,0.0,0.0
7.258544e-08,0.0,0.0
1.0497337e-07,0.0,0.0
1.6602758e-05,0.0,1.0
4.6576242e-06,0.0,0.0
6.8944587e-06,0.0,0.0
8.890026e-05,0.0,1.0
1.1198002e-06,0.0,0.0
0.00014551582,0.0,1.0
3.2721513e-07,0.0,0.0
8.936729e-07,1.0,0.0
6.137288e-06,1.0,0.0
3.0956093e-07,1.0,0.0
0.0004162276,0.0,0.0
8.50078e-05,1.0,0.0
3.1013715e-05,1.0,0.0
0.00016840656,0.0,0.0
1.321008e-05,1.0,0.0
5.273469e-09,0.0,0.0
0.012342859,0.0,0.0
0.00023071845,0.0,0.0
1.0927246e-06,0.0,0.0
9.529302e-06,0.0,0.0
0.00013693656,0.0,0.0
1.958222e-05,0.0,0.0
5.0442086e-05,0.0,0.0
0.00015295127,0.0,0.0
5.2726546e-06,0.0,0.0
0.00036512275,0.0,0.0
1.8836308e-05,0.0,1.0
1.2439092e-09,0.0,0.0
5.3115684e-07,0.0,0.0
0.0040615993,0.0,0.0
0.007514734,0.0,0.0
0.007391037,0.0,0.0
0.0014243672,0.0,0.0
0.0016637698,0.0,0.0
0.005701867,0.0,0.0
0.03370422,0.0,0.0
0.018336976,0.0,0.0
0.0008272727,0.0,0.0
6.531797e-05,0.0,0.0
0.017477512,0.0,0.0
0.028070359,0.0,0.0
0.0066499165,0.0,0.0
0.00054112944,0.0,0.0
0.0056860177,0.0,0.0
0.00035587535,0.0,0.0
0.00018837849,0.0,0.0
0.00026963154,0.0,0.0
0.013602045,0.0,0.0
2.1981273e-06,0.0,1.0
0.00030228615,0.0,0.0
2.9924147e-05,0.0,0.0
0.0004476394,0.0,0.0
5.2108466e-05,0.0,0.0
0.0032336032,0.0,0.0
5.289792e-05,0.0,0.0
0.00031649604,0.0,0.0
1.848314e-05,0.0,0.0
1.7513543e-05,0.0,1.0
1.2474329e-05,0.0,1.0
2.760555e-05,0.0,0.0
5.623825e-05,0.0,1.0
7.437465e-09,0.0,1.0
0.03053256,0.0,0.0
0.0002571601,0.0,0.0
8.126111e-05,0.0,0.0
0.00054454897,0.0,0.0
0.0022086021,0.0,0.0
0.0013479468,0.0,0.0
0.007382915,0.0,0.0
5.6077787e-09,0.0,0.0
0.0016981668,0.0,0.0
0.028650135,0.0,0.0
1.317807e-05,0.0,0.0
0.1904415,0.0,0.0
0.002826884,0.0,0.0
0.009236891,0.0,0.0
1.6462438e-07,0.0,0.0
0.12502253,0.0,0.0
0.008227891,0.0,0.0
0.006728918,0.0,0.0
0.0063780053,0.0,0.0
0.002098154,0.0,0.0
0.0030253027,0.0,0.0
5.814882e-06,0.0,0.0
0.00041509632,0.0,0.0
0.0011263711,0.0,0.0
0.032402713,0.0,0.0
0.009319838,0.0,0.0
4.3589724e-05,0.0,0.0
0.004205691,0.0,0.0
0.0037799932,0.0,0.0
2.8103898e-07,0.0,0.0
0.00012217995,0.0,0.0
5.6357754e-09,0.0,0.0
5.1287578e-05,0.0,1.0
0.00029044456,0.0,0.0
5.449947e-07,0.0,0.0
1.272867e-08,0.0,0.0
0.004792731,0.0,0.0
0.039815817,0.0,0.0
0.0018500517,0.0,0.0
0.03816571,0.0,0.0
0.00023415902,0.0,0.0
0.00108125,0.0,0.0
0.0047602803,1.0,0.0
0.0005369211,1.0,0.0
0.00033453363,1.0,0.0
0.0008475254,1.0,0.0
0.0068089664,1.0,0.0
2.1032181e-05,1.0,0.0
0.0034075915,0.0,0.0
0.014673159,0.0,0.0
0.019755173,0.0,0.0
0.005398232,1.0,0.0
0.0052574645,0.0,0.0
0.14329393,1.0,0.0
0.0005532098,0.0,0.0
0.1140287,0.0,0.0
4.7368256e-05,0.0,0.0
9.952049e-06,0.0,0.0
4.955394e-05,0.0,0.0
0.00012290652,1.0,1.0
0.0020624246,1.0,0.0
0.0073672584,1.0,0.0
1.5467049e-07,0.0,0.0
0.00011204217,1.0,0.0
0.0007633316,0.0,0.0
0.0001978802,1.0,0.0
0.00014518113,0.0,0.0
6.921172e-06,1.0,0.0
0.0025252984,0.0,0.0
0.001926127,0.0,0.0
0.00061422604,1.0,0.0
0.0002486368,0.0,0.0
1.8062272e-05,1.0,0.0
0.007986431,0.0,0.0
8.384555e-06,0.0,0.0
0.00023039398,0.0,0.0
0.00030769026,0.0,0.0
0.011665467,0.0,0.0
0.006715135,0.0,0.0
3.5696194e-05,0.0,0.0
0.0001122979,0.0,0.0
0.00109373,0.0,1.0
2.487696e-07,0.0,0.0
0.00025242197,0.0,0.0
8.009129e-06,0.0,0.0
0.00036981024,0.0,0.0
0.00010999313,0.0,0.0
0.0003340218,0.0,0.0
3.8090911e-06,0.0,0.0
1.6535523e-05,0.0,0.0
0.0004129081,0.0,0.0
0.0139558865,0.0,1.0
0.011500308,0.0,0.0
0.00010455893,0.0,0.0
1.3916444e-05,0.0,0.0
3.730081e-06,0.0,0.0
0.00010829226,0.0,0.0
1.1514525e-06,1.0,0.0
0.0028725143,0.0,0.0
0.0001162194,0.0,0.0
7.6157e-05,1.0,0.0
0.0012240871,1.0,0.0
2.0806638e-07,0.0,0.0
1.787197e-07,0.0,0.0
4.278731e-06,0.0,0.0
0.00012977615,0.0,0.0
2.1380997e-09,0.0,0.0
1.0361172e-06,0.0,0.0
4.9600934e-05,0.0,0.0
1.0667466e-05,0.0,0.0
0.00016741041,0.0,0.0
4.059299e-05,0.0,0.0
0.0012640277,0.0,0.0
6.366243e-06,0.0,0.0
0.00018417295,0.0,0.0
9.5388835e-08,0.0,0.0
0.0003981034,1.0,0.0
4.796727e-06,1.0,0.0
2.600014e-07,0.0,0.0
8.5410255e-05,1.0,0.0
2.5231435e-07,1.0,0.0
6.630343e-08,1.0,0.0
0.0018403805,1.0,0.0
0.00054872397,1.0,0.0
0.00015916591,0.0,1.0
0.00010111905,1.0,0.0
0.0001724727,1.0,0.0
6.406232e-06,0.0,0.0
5.299797e-06,0.0,0.0
7.043116e-07,0.0,0.0
1.7857787e-05,0.0,0.0
1.0421569e-05,0.0,0.0
6.2176314e-06,0.0,0.0
3.4382032e-07,0.0,0.0
9.258706e-07,0.0,0.0
3.7232978e-05,0.0,0.0
5.7119923e-06,0.0,0.0
1.4365918e-06,0.0,0.0
2.3090166e-05,0.0,0.0
6.076302e-07,0.0,0.0
5.7773275e-07,0.0,0.0
5.1765787e-06,0.0,0.0
8.348359e-07,1.0,0.0
9.317892e-06,1.0,0.0
1.2829897e-05,1.0,0.0
2.224876e-06,1.0,0.0
8.335908e-07,1.0,0.0
1.4584408e-05,1.0,0.0
3.1128377e-06,1.0,0.0
3.2869368e-06,1.0,0.0
4.3279312e-07,1.0,0.0
3.5969026e-07,1.0,0.0
4.058582e-06,1.0,0.0
1.1645224e-06,1.0,0.0
3.3654233e-06,1.0,0.0
1.2060676e-05,0.0,0.0
3.8586995e-07,0.0,0.0
1.6307118e-06,1.0,0.0
3.0634624e-07,1.0,0.0
6.531048e-07,0.0,0.0
3.4290088e-07,1.0,0.0
9.83136e-06,0.0,0.0
9.602342e-07,0.0,1.0
7.70795e-06,0.0,0.0
1.6294994e-06,0.0,0.0
2.138023e-06,1.0,0.0
9.256005e-07,0.0,0.0
2.7258463e-07,0.0,0.0
4.483485e-06,0.0,0.0
1.1002263e-06,0.0,1.0
2.1057215e-06,0.0,1.0
1.9037294e-06,0.0,1.0
3.8426842e-06,1.0,1.0
9.321109e-06,1.0,0.0
6.032047e-07,1.0,0.0
1.9219885e-07,1.0,0.0
1.361942e-06,1.0,0.0
2.3467496e-07,1.0,0.0
5.544184e-06,1.0,1.0
6.5627216e-07,1.0,0.0
2.3189998e-05,1.0,0.0
1.3921124e-06,0.0,0.0
1.4179645e-06,1.0,0.0
3.9656657e-06,1.0,0.0
1.2354423e-05,0.0,0.0
3.0004126e-06,1.0,0.0
1.2602871e-05,0.0,0.0
1.6837917e-05,0.0,0.0
0.00038498253,0.0,0.0
0.00018099029,0.0,0.0
0.00069475296,0.0,1.0
0.0011060138,0.0,0.0
0.00013424338,0.0,0.0
0.0005016998,0.0,0.0
9.555049e-09,0.0,1.0
8.136382e-08,0.0,0.0
1.4528079e-09,0.0,0.0
2.880106e-05,0.0,0.0
1.2930473e-05,0.0,1.0
7.4869205e-10,0.0,0.0
3.7367844e-08,0.0,0.0
4.0835384e-06,0.0,0.0
4.748119e-08,0.0,0.0
1.3277953e-07,0.0,0.0
0.00017471517,0.0,0.0
3.1972834e-06,0.0,0.0
1.1081155e-08,0.0,0.0
0.0012186994,0.0,0.0
1.4862279e-09,0.0,0.0
6.4954215e-06,0.0,0.0
1.07877575e-07,0.0,0.0
3.2315431e-06,0.0,0.0
0.00014744794,0.0,0.0
0.0016195463,0.0,0.0
0.0003268057,0.0,0.0
0.00011674198,0.0,0.0
3.776909e-06,0.0,0.0
0.00053194526,0.0,0.0
2.7575083e-05,0.0,0.0
1.131183e-06,0.0,0.0
0.007916836,0.0,0.0
1.5561427e-05,0.0,0.0
0.029558267,0.0,0.0
3.4984672e-07,0.0,0.0
0.0004455228,0.0,0.0
2.6296932e-05,0.0,0.0
2.361253e-05,0.0,0.0
8.394189e-06,0.0,0.0
8.189058e-05,0.0,0.0
6.383835e-08,0.0,0.0
2.6909132e-07,0.0,0.0
7.567833e-05,0.0,1.0
2.8272532e-07,0.0,0.0
3.5575787e-05,0.0,0.0
2.5699924e-07,0.0,0.0
1.27024515e-08,0.0,0.0
8.4496045e-05,0.0,0.0
2.8268348e-06,0.0,0.0
0.00035418858,0.0,0.0
2.5867912e-08,0.0,0.0
5.3719832e-05,0.0,0.0
0.00017881556,0.0,0.0
7.653207e-05,0.0,1.0
2.9124214e-05,0.0,0.0
3.6352685e-05,0.0,1.0
1.8579827e-05,0.0,1.0
0.004331146,0.0,0.0
0.0008211596,0.0,0.0
0.004707901,0.0,0.0
1.6700817e-05,0.0,0.0
1.1517826e-09,0.0,0.0
3.4849254e-06,0.0,0.0
5.7731194e-07,0.0,0.0
8.9645425e-08,0.0,0.0
1.20081e-06,0.0,0.0
1.5485779e-07,0.0,1.0
7.707659e-09,1.0,1.0
1.0257194e-06,0.0,0.0
2.86323e-07,1.0,0.0
1.0004447e-07,1.0,0.0
1.834858e-09,0.0,0.0
5.0900846e-05,0.0,0.0
1.1019212e-05,0.0,0.0
6.46457e-08,0.0,0.0
4.200611e-08,0.0,0.0
9.762046e-06,0.0,0.0
1.5889703e-06,0.0,0.0
2.1476646e-06,0.0,0.0
4.8608606e-10,0.0,0.0
1.44639735e-05,0.0,0.0
0.0027630185,0.0,0.0
1.007372e-08,0.0,0.0
0.003378927,0.0,0.0
0.00476799,0.0,0.0
0.09319159,0.0,0.0
0.000669996,0.0,0.0
0.0014995722,0.0,0.0
2.6286703e-08,0.0,0.0
0.010288506,0.0,0.0
0.0025202995,0.0,0.0
3.4218294e-06,0.0,1.0
0.0013511145,0.0,0.0
0.006916371,0.0,0.0
0.025036367,0.0,0.0
0.05712599,0.0,0.0
0.014322341,0.0,0.0
0.00019687224,0.0,0.0
4.079996e-05,0.0,0.0
3.090701e-05,0.0,0.0
0.0008591449,0.0,0.0
1.1619836e-05,0.0,0.0
2.1304199e-07,0.0,0.0
2.5682434e-06,0.0,0.0
5.694749e-10,0.0,0.0
1.8147507e-06,0.0,0.0
1.9236188e-07,0.0,0.0
1.0033187e-07,0.0,1.0
6.782504e-08,0.0,0.0
4.9505725e-06,0.0,1.0
3.8470287e-08,0.0,0.0
0.00014405917,0.0,0.0
1.6856193e-07,0.0,0.0
6.4670166e-07,0.0,0.0
7.8983575e-10,0.0,0.0
7.0371398e-06,0.0,0.0
5.928292e-10,0.0,0.0
0.0005875304,0.0,0.0
1.2257073e-07,0.0,0.0
8.0627935e-05,0.0,0.0
0.00045273497,0.0,0.0
5.610156e-07,1.0,0.0
2.1713751e-05,0.0,0.0
1.7880323e-07,1.0,0.0
1.3273864e-09,0.0,0.0
4.1338387e-07,1.0,0.0
3.8747844e-06,0.0,1.0
3.4285713e-06,0.0,0.0
1.5179456e-05,0.0,0.0
2.697069e-05,0.0,0.0
9.307184e-07,0.0,0.0
2.752586e-06,0.0,0.0
1.0925685e-05,0.0,0.0
6.594717e-05,0.0,0.0
1.7282064e-05,0.0,0.0
8.183601e-07,0.0,1.0
3.6033776e-07,0.0,0.0
9.420344e-07,0.0,0.0
1.27057265e-05,0.0,0.0
0.0011196608,0.0,0.0
1.2953682e-07,0.0,0.0
0.018001629,0.0,0.0
1.8896297e-06,0.0,0.0
4.740355e-06,0.0,0.0
9.53741e-08,0.0,0.0
6.8011263e-10,0.0,1.0
3.761983e-07,0.0,1.0
3.9954887e-08,0.0,1.0
2.5766079e-08,0.0,1.0
9.576282e-10,0.0,0.0
1.4981339e-05,0.0,0.0
7.295186e-08,0.0,1.0
1.933147e-05,0.0,1.0
2.6393518e-06,0.0,1.0
8.086885e-06,0.0,1.0
1.7119339e-05,0.0,0.0
1.2615726e-05,0.0,0.0
1.3586221e-07,0.0,0.0
1.0052848e-05,0.0,0.0
2.9295893e-06,1.0,0.0
1.5845079e-06,1.0,1.0
4.805763e-09,1.0,0.0
1.9871957e-06,1.0,0.0
6.567731e-10,0.0,0.0
6.3508134e-07,0.0,0.0
6.712621e-08,0.0,0.0
3.8216885e-07,0.0,1.0
8.222715e-09,0.0,1.0
1.6802931e-05,0.0,0.0
6.5873586e-08,0.0,0.0
4.1961453e-06,0.0,0.0
4.275533e-06,0.0,1.0
0.007984224,0.0,0.0
6.277438e-06,0.0,0.0
5.6580466e-06,0.0,0.0
0.0023262636,0.0,0.0
0.050001744,0.0,0.0
1.3119123e-05,0.0,0.0
6.4182914e-06,0.0,0.0
0.00022536928,0.0,0.0
1.4243284e-08,0.0,0.0
6.920976e-05,0.0,0.0
0.00054174924,0.0,0.0
0.0006334824,0.0,0.0
0.00016196625,0.0,0.0
0.0042653475,0.0,0.0
0.00027241523,0.0,0.0
0.0011835606,0.0,0.0
1.2076616e-06,0.0,0.0
0.0030805918,0.0,0.0
1.1095384e-09,0.0,0.0
7.617343e-08,0.0,0.0
2.4481391e-05,0.0,0.0
8.967514e-09,0.0,0.0
3.309162e-08,1.0,0.0
1.0322478e-05,1.0,0.0
2.0891602e-09,1.0,1.0
5.4195636e-05,1.0,1.0
4.3571856e-07,0.0,0.0
1.9760934e-07,1.0,0.0
8.0297575e-08,0.0,0.0
1.102001e-06,0.0,0.0
6.873428e-09,0.0,0.0
1.1344021e-05,0.0,1.0
7.2158834e-10,0.0,0.0
5.7588395e-06,0.0,1.0
3.5213403e-09,0.0,1.0
1.4712174e-05,0.0,0.0
7.4481136e-07,0.0,1.0
6.0924737e-07,0.0,1.0
4.328354e-06,0.0,0.0
7.9744226e-05,0.0,0.0
8.063524e-05,0.0,0.0
7.981611e-07,0.0,0.0
3.6678567e-09,0.0,0.0
0.00011348829,0.0,0.0
1.6128605e-06,0.0,0.0
1.2022882e-06,0.0,0.0
7.74955e-06,0.0,0.0
0.0013823537,0.0,0.0
0.0044459263,0.0,0.0
1.5125903e-05,0.0,0.0
0.00026125158,0.0,0.0
0.0025314677,0.0,0.0
0.0006669937,0.0,0.0
0.0034704795,0.0,0.0
2.9140796e-05,0.0,0.0
0.0021925902,0.0,0.0
1.1333923e-06,0.0,0.0
3.0374222e-06,0.0,0.0
0.000458347,0.0,0.0
3.1709212e-07,0.0,0.0
1.0478343e-09,0.0,0.0
1.6417455e-07,0.0,0.0
2.9251416e-05,0.0,0.0
2.2367739e-07,0.0,0.0
6.795395e-10,0.0,0.0
1.3539518e-06,0.0,0.0
8.467113e-09,0.0,0.0
8.1382893e-07,0.0,0.0
1.9955708e-06,0.0,0.0
2.4852325e-06,0.0,0.0
1.0255628e-08,0.0,0.0
4.0955246e-07,1.0,0.0
1.7579323e-06,1.0,0.0
1.7510608e-07,1.0,0.0
2.6120257e-09,1.0,0.0
3.8459402e-07,0.0,0.0
1.697275e-06,0.0,0.0
4.9034446e-07,0.0,1.0
3.932787e-07,0.0,1.0
1.05522e-05,0.0,0.0
4.8618047e-05,0.0,0.0
8.612411e-07,0.0,0.0
1.5898402e-07,0.0,0.0
5.7161437e-10,0.0,0.0
3.5104942e-05,0.0,0.0
3.5100949e-09,0.0,0.0
3.4807867e-06,0.0,0.0
0.00010272783,0.0,0.0
1.7664475e-05,0.0,0.0
1.9038449e-05,0.0,0.0
1.0607001e-06,0.0,1.0
5.5137135e-09,0.0,0.0
0.0011868344,0.0,0.0
9.388785e-10,0.0,0.0
0.0012169998,0.0,0.0
1.8013854e-08,0.0,0.0
2.5971045e-07,1.0,0.0
5.257493e-07,0.0,0.0
7.958345e-06,0.0,1.0
1.1320658e-06,0.0,0.0
0.0005292456,1.0,1.0
5.497662e-06,1.0,1.0
5.650357e-07,1.0,1.0
1.28665e-09,0.0,1.0
1.6541595e-06,0.0,0.0
1.5313718e-09,1.0,0.0
2.651087e-06,0.0,0.0
2.303216e-08,0.0,0.0
5.8488916e-07,0.0,0.0
3.1642216e-05,0.0,0.0
5.5304067e-06,0.0,0.0
4.6982642e-08,0.0,0.0
2.515751e-06,0.0,0.0
2.3672906e-06,0.0,0.0
4.321425e-06,0.0,0.0
8.463317e-06,0.0,0.0
8.9511093e-07,0.0,0.0
0.000383353,0.0,0.0
7.903504e-08,0.0,0.0
0.00027704056,0.0,0.0
1.2481759e-08,0.0,0.0
0.015589705,0.0,0.0
0.004192217,0.0,0.0
9.08601e-06,0.0,0.0
0.0006096128,0.0,0.0
0.0020619438,0.0,0.0
4.5937202e-08,0.0,0.0
0.01960931,0.0,0.0
2.1482647e-06,0.0,0.0
8.189533e-09,0.0,0.0
4.290348e-05,0.0,0.0
0.008475629,0.0,0.0
0.0023836973,0.0,0.0
4.892915e-06,0.0,0.0
4.4840846e-05,0.0,0.0
