gate_value,label,rsa
0.0055220663,0.0,0.0
0.0012289468,0.0,0.0
0.0010124799,0.0,1.0
0.0011879575,0.0,0.0
0.0015712051,0.0,0.0
0.0041806796,0.0,0.0
0.0010527391,0.0,1.0
0.00304839,0.0,0.0
0.00047074247,0.0,0.0
0.00042039625,0.0,0.0
0.0005896071,0.0,1.0
0.000723988,0.0,0.0
0.0027119853,0.0,0.0
0.0010826167,0.0,0.0
0.0006130125,0.0,0.0
0.011595416,0.0,0.0
0.0077909753,0.0,0.0
0.0021513882,0.0,0.0
0.001751301,0.0,0.0
0.009292859,0.0,0.0
0.0031619892,0.0,0.0
0.002213976,0.0,0.0
0.004786137,0.0,0.0
0.015380781,0.0,0.0
0.0047679916,0.0,0.0
0.0052326825,0.0,0.0
0.0072623035,0.0,0.0
0.0059735817,0.0,0.0
0.0035257046,0.0,0.0
0.028590381,0.0,0.0
0.02403584,0.0,0.0
0.0044241524,0.0,0.0
0.0043366053,0.0,0.0
0.0018991351,0.0,0.0
0.0077385106,0.0,0.0
0.001119085,0.0,0.0
0.0023458994,0.0,0.0
0.000428167,0.0,0.0
0.0019681857,0.0,0.0
0.003031626,0.0,0.0
0.001968538,0.0,0.0
0.00011962469,0.0,0.0
0.0004839595,0.0,0.0
0.0036420187,0.0,1.0
0.002824479,0.0,0.0
0.0077961525,0.0,0.0
0.0012930902,0.0,0.0
0.0059286742,0.0,0.0
0.005034876,0.0,0.0
0.0015870746,0.0,0.0
0.012713022,0.0,0.0
0.0005952016,0.0,0.0
0.00997931,0.0,0.0
0.0011573872,0.0,0.0
0.0042859544,0.0,1.0
0.004132033,0.0,0.0
0.0047783274,0.0,1.0
0.011412258,0.0,1.0
0.0080363,0.0,0.0
0.004747033,0.0,0.0
0.015394008,0.0,0.0
0.0019466114,0.0,0.0
0.001739832,0.0,0.0
0.0023439953,0.0,0.0
0.00074280263,0.0,0.0
0.00022434107,0.0,0.0
0.0027181671,0.0,0.0
0.0033062634,0.0,1.0
0.0006146002,1.0,1.0
0.0019129725,0.0,0.0
0.005018168,1.0,0.0
0.002212621,1.0,0.0
0.0042120563,0.0,0.0
0.0014586701,0.0,0.0
0.005458381,0.0,0.0
0.008557396,0.0,0.0
0.0019446848,0.0,0.0
0.0009163914,0.0,0.0
0.004476131,0.0,0.0
0.0011289201,0.0,0.0
0.0014183249,0.0,0.0
0.0011892086,0.0,0.0
0.0010895837,0.0,0.0
0.007922332,0.0,0.0
0.005764792,0.0,0.0
0.0003653571,0.0,0.0
0.0034041053,0.0,0.0
0.012243253,0.0,0.0
0.025784265,0.0,0.0
0.008618888,0.0,0.0
0.012794548,0.0,0.0
0.002746419,0.0,0.0
0.0065941648,0.0,1.0
0.009688738,0.0,0.0
0.0067020436,0.0,0.0
0.00079249794,0.0,0.0
0.0041727307,0.0,0.0
0.012453887,0.0,0.0
0.00077748456,0.0,0.0
0.00168094,0.0,0.0
0.0027929447,0.0,0.0
0.000635782,0.0,0.0
0.00040991607,0.0,0.0
0.008845323,0.0,0.0
0.0007243316,0.0,0.0
0.0044290195,0.0,0.0
0.002588266,0.0,0.0
0.0005824774,0.0,0.0
0.00038758013,0.0,1.0
0.00089206087,0.0,0.0
0.000951896,0.0,1.0
0.00034877827,0.0,0.0
0.00039029698,0.0,0.0
0.0026263476,0.0,0.0
0.001148819,0.0,0.0
0.0004227512,0.0,0.0
0.0059341285,0.0,0.0
0.00058583193,0.0,0.0
0.0009593324,0.0,0.0
0.0041068178,0.0,0.0
0.0021994244,0.0,0.0
0.0002771803,0.0,0.0
0.00029621876,1.0,0.0
0.0020884215,0.0,0.0
0.0014011799,1.0,0.0
0.001749194,0.0,0.0
0.00042602874,1.0,0.0
0.000904022,0.0,1.0
0.0020440833,0.0,0.0
0.0039580795,0.0,0.0
0.0025514658,0.0,0.0
0.0028326323,0.0,0.0
0.00046486908,0.0,0.0
0.00019410356,0.0,0.0
0.0001698052,0.0,0.0
0.0001167814,0.0,0.0
6.529904e-05,0.0,1.0
0.00046126297,0.0,0.0
0.00016891412,0.0,0.0
0.0009992936,0.0,0.0
0.00023830461,0.0,0.0
0.00073910085,0.0,0.0
0.0014831821,0.0,0.0
0.0005325249,0.0,0.0
0.0007116941,0.0,0.0
0.00028713426,0.0,0.0
0.00047095233,0.0,1.0
0.00040260228,0.0,1.0
0.00014781789,0.0,1.0
0.00024928243,0.0,1.0
0.0003113001,0.0,0.0
0.00044355146,0.0,0.0
0.00022927858,0.0,1.0
9.770227e-05,0.0,1.0
0.00061013596,0.0,1.0
0.00015115994,0.0,1.0
0.00030145323,0.0,0.0
0.00021845107,0.0,0.0
0.00024593933,0.0,0.0
0.0005181481,0.0,0.0
0.00051501405,1.0,0.0
0.00027526493,1.0,1.0
0.00017341545,1.0,0.0
0.0002195247,1.0,0.0
0.00023644535,0.0,0.0
0.0010278049,0.0,0.0
0.0014503718,0.0,0.0
0.00070845,0.0,1.0
0.0006603232,0.0,1.0
0.00019107552,0.0,0.0
0.00043148978,0.0,0.0
0.015228986,0.0,0.0
0.0016149024,0.0,1.0
0.005117282,0.0,0.0
0.0020575486,0.0,0.0
0.004220463,0.0,0.0
0.011140521,0.0,0.0
0.019554272,0.0,0.0
0.0025615846,0.0,0.0
0.0010066638,0.0,0.0
0.013338558,0.0,0.0
0.0013264061,0.0,0.0
0.0005487734,0.0,0.0
0.0013177841,0.0,0.0
0.012829208,0.0,0.0
0.0010400009,0.0,0.0
0.009789546,0.0,0.0
0.0050665103,0.0,0.0
0.0014529326,0.0,0.0
0.00072625664,0.0,0.0
0.0011958437,0.0,0.0
0.00045743037,0.0,0.0
0.00011083649,0.0,0.0
0.002084463,0.0,0.0
0.00016723746,0.0,0.0
0.00057204696,1.0,0.0
0.0010942181,1.0,0.0
0.00012213149,1.0,1.0
0.0010027784,1.0,1.0
0.0003352488,0.0,0.0
0.00013344418,1.0,0.0
0.0010776073,0.0,0.0
0.0011151354,0.0,0.0
0.0006557538,0.0,0.0
0.00050870876,0.0,1.0
0.00027841213,0.0,0.0
0.0013619174,0.0,1.0
0.00029233532,0.0,1.0
0.0006575659,0.0,0.0
0.00014432482,0.0,1.0
0.00064976665,0.0,1.0
0.002228381,0.0,0.0
0.0017959918,0.0,0.0
0.0031087438,0.0,0.0
0.002368187,0.0,0.0
0.00073566363,0.0,0.0
0.0068619032,0.0,0.0
0.0047665285,0.0,0.0
0.0012274139,0.0,0.0
0.0016893316,0.0,0.0
0.012444191,0.0,0.0
0.0013456983,0.0,0.0
0.0012024146,0.0,0.0
0.003723944,0.0,0.0
0.0066293394,0.0,0.0
0.0024515942,0.0,0.0
0.0006954143,0.0,0.0
0.0048768613,0.0,0.0
0.0029803042,0.0,0.0
0.00081106793,0.0,0.0
0.0010372526,0.0,0.0
0.0037743573,0.0,0.0
0.00011746457,0.0,0.0
0.00031031363,0.0,0.0
0.00044959586,0.0,0.0
0.0003482525,0.0,0.0
0.00066784,0.0,0.0
0.00027131184,0.0,0.0
0.00073791115,0.0,0.0
0.0010371414,0.0,0.0
0.0024282986,0.0,0.0
0.0036153505,0.0,0.0
0.001838625,0.0,0.0
0.00058324734,0.0,0.0
0.0018540969,1.0,0.0
0.00080643897,1.0,0.0
0.00026941698,1.0,0.0
0.0011611206,1.0,0.0
0.0006214133,0.0,0.0
0.0012112568,0.0,0.0
0.0011141393,0.0,1.0
0.0014138651,0.0,1.0
0.0005168363,0.0,0.0
0.0009913415,0.0,0.0
0.0008552032,0.0,0.0
0.0008698865,0.0,0.0
0.0010916298,0.0,0.0
0.0053317323,0.0,0.0
0.0005525231,0.0,0.0
0.00086272537,0.0,0.0
0.0016078263,0.0,0.0
0.012623783,0.0,0.0
0.004334888,0.0,0.0
0.006032347,0.0,1.0
0.002932459,0.0,0.0
0.00064365123,0.0,0.0
0.00041599158,0.0,0.0
0.0009453385,0.0,0.0
0.00035088253,0.0,0.0
0.0011443322,1.0,0.0
0.00022126632,0.0,0.0
0.00040264163,0.0,1.0
0.0002087905,0.0,0.0
0.00016889028,1.0,1.0
0.0006431739,1.0,1.0
0.0001227311,1.0,1.0
0.00016604734,0.0,1.0
0.00054373266,0.0,0.0
0.00029408693,1.0,0.0
7.253255e-05,0.0,0.0
0.00011764483,0.0,0.0
0.0018052018,0.0,0.0
0.0005030677,0.0,0.0
0.0020734495,0.0,0.0
0.0006751263,0.0,0.0
0.0056100497,0.0,0.0
0.0064776884,0.0,0.0
0.0036353304,0.0,0.0
0.0025778594,0.0,0.0
0.0017672282,0.0,0.0
0.0029803072,0.0,0.0
0.0013731635,0.0,0.0
0.0026877373,0.0,0.0
0.0019391646,0.0,0.0
0.01722556,0.0,0.0
0.0026226505,0.0,0.0
0.00095687027,0.0,0.0
0.040293004,0.0,0.0
0.004405292,0.0,0.0
0.0013065446,0.0,0.0
0.0046562147,0.0,0.0
0.062293082,0.0,0.0
0.0044896975,0.0,0.0
0.0017974508,0.0,0.0
0.0039419,0.0,0.0
0.013130548,0.0,0.0
0.0057937633,0.0,0.0
0.004035451,0.0,0.0
0.0144276945,0.0,0.0
0.0056293923,0.0,0.0
0.009407317,0.0,0.0
0.01926521,0.0,0.0
0.002282966,0.0,0.0
0.0023486507,0.0,0.0
0.00061289535,0.0,0.0
0.0062374985,0.0,0.0
0.0015216708,0.0,0.0
0.0021137653,0.0,0.0
0.00023433683,0.0,0.0
0.0004940797,0.0,0.0
0.0044254926,0.0,0.0
0.0010481043,0.0,0.0
0.011591045,0.0,0.0
0.001610974,0.0,0.0
0.010895563,0.0,0.0
0.0007721242,0.0,0.0
0.006729252,0.0,0.0
0.0015882041,0.0,0.0
0.0056956313,0.0,0.0
0.0017317729,0.0,0.0
0.00078557315,0.0,0.0
0.0020072362,0.0,1.0
0.0004982461,1.0,0.0
0.00033069676,0.0,0.0
0.0002549189,0.0,0.0
0.00048515585,0.0,0.0
0.0021438121,0.0,0.0
0.00019864182,0.0,0.0
0.00036319965,0.0,0.0
0.0023409398,0.0,0.0
0.004941255,0.0,0.0
0.005652632,0.0,0.0
0.00060093834,0.0,0.0
0.00038515177,0.0,0.0
0.0003427774,0.0,0.0
0.00024859555,0.0,0.0
0.00025436995,0.0,0.0
0.0005336155,0.0,1.0
0.0002907856,0.0,1.0
0.0005608096,1.0,1.0
0.00029204143,1.0,1.0
0.00093718246,0.0,1.0
0.00010261846,1.0,1.0
0.00020695555,1.0,1.0
0.0006980501,1.0,1.0
0.0003641612,0.0,0.0
0.00040091117,0.0,0.0
0.0003508374,0.0,0.0
0.00377121,0.0,0.0
0.00080194604,0.0,0.0
0.0005757567,0.0,0.0
0.0007369533,0.0,0.0
0.0007072483,0.0,0.0
0.0035933482,0.0,1.0
0.001063634,0.0,0.0
0.00011268589,0.0,0.0
0.0011121363,1.0,0.0
0.00033724762,0.0,0.0
0.0009673762,1.0,0.0
0.00023141353,1.0,0.0
0.0005217318,1.0,0.0
0.00042719807,1.0,0.0
0.0002818588,1.0,1.0
0.00025573515,1.0,1.0
0.00034300558,1.0,0.0
0.00048720624,1.0,0.0
0.00021025243,1.0,0.0
0.00038260422,1.0,0.0
0.0002023487,0.0,0.0
0.0008887275,0.0,0.0
0.00046861815,0.0,0.0
0.0023481168,0.0,0.0
0.00062876963,0.0,0.0
0.000551422,0.0,0.0
0.00037806874,0.0,0.0
0.00023550108,0.0,0.0
0.00032077986,0.0,0.0
0.00027907174,1.0,0.0
0.0009023078,0.0,0.0
0.000934252,0.0,0.0
0.0010616351,0.0,0.0
0.0009827769,0.0,1.0
0.009662972,0.0,1.0
0.010322972,0.0,0.0
0.0020097883,0.0,0.0
0.0033881033,0.0,0.0
0.00083685905,0.0,0.0
0.0043264003,0.0,0.0
0.00030721657,0.0,0.0
0.0004191929,0.0,0.0
0.0006998102,0.0,0.0
0.00023359175,1.0,0.0
0.00027178563,0.0,0.0
0.0002936871,0.0,0.0
0.00016416823,0.0,0.0
0.000264228,1.0,0.0
0.0024095825,0.0,0.0
0.0021987674,0.0,0.0
0.005047284,0.0,0.0
0.002958471,0.0,0.0
0.0019142039,0.0,0.0
0.0011996878,0.0,0.0
0.00084732106,0.0,0.0
0.00024335789,0.0,0.0
0.0017609886,0.0,0.0
0.0018433005,0.0,0.0
0.0008174186,0.0,0.0
0.0007084065,0.0,0.0
0.0016322862,0.0,0.0
0.00028251094,0.0,1.0
0.00049533404,0.0,0.0
0.0007760485,0.0,0.0
0.00025906484,0.0,0.0
0.00030825692,0.0,0.0
0.0015415438,0.0,0.0
0.0036795207,0.0,0.0
0.00020730078,0.0,0.0
0.0056660892,0.0,0.0
0.0032997348,0.0,0.0
0.00029801327,0.0,0.0
0.0021317482,0.0,0.0
0.0048963707,0.0,0.0
0.0018375857,0.0,0.0
0.002727547,0.0,1.0
0.0003305174,0.0,0.0
0.0010968753,0.0,0.0
0.0014109227,0.0,1.0
0.0009495527,0.0,0.0
0.004242834,0.0,0.0
0.0012645666,0.0,0.0
0.00075757696,0.0,0.0
0.0015946857,0.0,0.0
0.00078444544,0.0,0.0
0.0003419666,0.0,0.0
0.0003713534,0.0,0.0
0.00048041585,0.0,0.0
0.00052426994,0.0,0.0
0.00039300945,0.0,1.0
0.00018833196,0.0,0.0
0.0010469372,0.0,0.0
0.0023989768,0.0,0.0
0.001593869,0.0,0.0
0.0015207133,0.0,0.0
0.010526483,0.0,0.0
0.0013658225,0.0,0.0
0.00091572193,0.0,0.0
0.00026010384,0.0,0.0
0.00031963357,0.0,0.0
0.0005746098,0.0,0.0
0.00016857125,0.0,0.0
0.0005409551,0.0,0.0
0.00043726567,0.0,0.0
0.0012658824,0.0,0.0
0.00033316822,0.0,0.0
0.0004968634,0.0,0.0
0.004205861,0.0,0.0
0.0039619314,0.0,0.0
0.002391335,0.0,0.0
0.0008196454,0.0,0.0
0.0052893534,0.0,0.0
0.010989398,0.0,0.0
0.0011868016,0.0,0.0
0.0043772464,0.0,0.0
0.0034766905,0.0,0.0
0.0027104716,0.0,0.0
0.0037020065,0.0,0.0
0.0010268962,0.0,0.0
0.000757066,0.0,0.0
0.0010991064,0.0,0.0
0.001037511,0.0,0.0
0.0014709618,0.0,0.0
0.0059036594,0.0,0.0
0.001360126,0.0,0.0
0.001151981,0.0,0.0
0.0004973675,0.0,0.0
0.00021742705,0.0,1.0
0.00023506812,0.0,1.0
0.00018395043,0.0,1.0
0.00021575144,0.0,1.0
0.0001435165,0.0,0.0
0.00023261807,0.0,0.0
0.00023673793,0.0,0.0
0.00025570346,0.0,0.0
0.00024244124,0.0,1.0
0.001672731,0.0,0.0
0.0012017643,0.0,0.0
0.0011600622,0.0,0.0
0.0002509967,0.0,0.0
0.0005175479,0.0,0.0
0.00063272944,0.0,0.0
0.0005116184,0.0,0.0
0.0018568434,0.0,0.0
0.0008893602,0.0,0.0
0.00051400013,0.0,0.0
0.0004916865,0.0,0.0
0.00078054296,0.0,0.0
0.0029255298,0.0,0.0
0.0004399509,0.0,0.0
0.00017832467,0.0,0.0
0.00046191417,0.0,1.0
0.0011512784,0.0,1.0
0.004319767,0.0,0.0
0.000309835,0.0,0.0
0.0016621407,0.0,0.0
0.0019569972,0.0,0.0
0.0016854159,0.0,0.0
0.00023623875,0.0,1.0
0.0007410831,0.0,0.0
0.005419844,0.0,0.0
0.0019000436,0.0,0.0
0.0005843555,0.0,0.0
0.0042122304,0.0,0.0
0.0014955179,0.0,0.0
0.0020399496,0.0,0.0
0.002122857,0.0,0.0
0.0013530084,0.0,0.0
0.001764578,0.0,0.0
0.001326055,0.0,0.0
0.002011346,0.0,0.0
0.0018641151,0.0,0.0
0.0002287757,0.0,0.0
0.0021112242,0.0,0.0
0.000463143,0.0,0.0
0.0008727887,0.0,1.0
0.00015780523,0.0,1.0
0.00014877704,0.0,0.0
0.0001844756,0.0,0.0
0.00060259644,0.0,0.0
0.0005043081,0.0,0.0
0.0007227282,0.0,0.0
0.0009858833,0.0,0.0
0.00014613362,0.0,0.0
0.0027385629,0.0,0.0
0.0030311448,0.0,0.0
0.0004495813,0.0,0.0
0.0007620535,0.0,0.0
0.0012690525,0.0,0.0
0.003899639,0.0,0.0
0.00021169956,0.0,0.0
0.00043674326,0.0,0.0
0.0038861558,0.0,0.0
0.0013771233,0.0,0.0
0.00042232542,0.0,0.0
0.00042439922,0.0,0.0
0.0004947572,0.0,1.0
0.00031833106,0.0,1.0
0.0006805839,0.0,1.0
0.0012631196,0.0,1.0
0.0010029925,0.0,1.0
0.0012450711,0.0,0.0
0.0017103422,0.0,0.0
0.00016274712,0.0,0.0
0.00094288687,0.0,0.0
0.0003784914,0.0,0.0
0.0022224835,0.0,0.0
0.0005333768,0.0,0.0
0.0012762083,0.0,0.0
0.00042613997,0.0,0.0
0.0005384499,0.0,0.0
0.00085650437,0.0,1.0
0.0003531924,0.0,1.0
0.00014691631,0.0,1.0
0.0002414544,0.0,1.0
0.00032339577,0.0,0.0
0.00015979868,0.0,0.0
0.00020761111,0.0,0.0
0.00030603292,0.0,0.0
0.0001764831,0.0,0.0
0.0012459293,0.0,0.0
0.0011543285,0.0,0.0
0.0004914763,0.0,0.0
0.00016282054,0.0,0.0
0.0012681077,0.0,0.0
0.0008221889,0.0,0.0
0.0030695305,0.0,1.0
0.0005355881,0.0,0.0
0.0027724602,0.0,0.0
0.00095232064,0.0,1.0
0.00017898204,0.0,0.0
0.0003397624,0.0,0.0
0.0021875997,0.0,0.0
0.000779169,0.0,0.0
0.00072296656,0.0,0.0
0.00048811856,0.0,0.0
0.00032279143,0.0,0.0
0.00023457692,0.0,1.0
0.00017167217,0.0,0.0
0.00014368766,0.0,0.0
0.00028482897,1.0,0.0
0.0002786296,1.0,0.0
0.0004955834,0.0,1.0
0.0002995975,1.0,0.0
8.437334e-05,1.0,0.0
0.00032861435,1.0,0.0
0.00013730567,1.0,0.0
0.00023499239,1.0,0.0
8.233762e-05,0.0,0.0
0.00074093655,1.0,0.0
0.00041592296,1.0,0.0
0.00031761566,0.0,0.0
0.00022217049,0.0,0.0
0.002318596,1.0,0.0
0.0009253276,0.0,0.0
0.00038278697,0.0,0.0
0.0022870274,0.0,0.0
0.0052057444,0.0,0.0
0.00037277237,0.0,0.0
0.0010872125,0.0,0.0
0.016410451,0.0,0.0
0.00081519276,0.0,0.0
0.0005860385,0.0,1.0
0.0009820024,0.0,0.0
0.00027311794,0.0,0.0
0.0010772712,0.0,0.0
0.001444264,0.0,0.0
0.0030651721,0.0,0.0
0.000350546,0.0,0.0
0.00027291643,0.0,0.0
0.00038950267,0.0,0.0
0.00015496508,0.0,0.0
0.00015986421,1.0,0.0
0.0003014452,1.0,0.0
0.00014834286,1.0,1.0
0.00016297524,1.0,0.0
0.00023749121,0.0,0.0
0.00036900854,1.0,0.0
0.00045622024,0.0,0.0
0.00092659885,1.0,0.0
0.00013320569,1.0,0.0
0.00024146658,1.0,0.0
0.0005267396,1.0,0.0
0.00011534532,0.0,0.0
0.00023286015,1.0,0.0
0.00052164646,1.0,0.0
0.00039054116,1.0,0.0
0.00015596079,0.0,0.0
0.00092081487,0.0,0.0
0.0032133898,0.0,0.0
0.0019024623,1.0,0.0
0.00022420612,0.0,0.0
0.00067310844,0.0,0.0
0.014088913,0.0,0.0
0.0026571127,0.0,1.0
0.0010687872,0.0,0.0
0.0008489786,0.0,0.0
0.00022417858,0.0,0.0
0.0022379775,0.0,0.0
0.0014332073,0.0,0.0
0.00018212106,0.0,0.0
0.004534431,0.0,0.0
0.0005095129,0.0,0.0
0.00037392054,0.0,0.0
0.00074837013,0.0,0.0
0.0003540856,0.0,0.0
0.0001932714,0.0,0.0
0.00020226999,0.0,0.0
0.0009759458,0.0,0.0
0.00048768762,0.0,0.0
0.00043558676,0.0,0.0
0.00044309132,0.0,0.0
0.005081664,0.0,0.0
0.00026875816,0.0,0.0
0.0034238382,0.0,0.0
0.00041294965,0.0,0.0
0.00020025084,1.0,0.0
8.266324e-05,0.0,0.0
0.0006449401,0.0,0.0
0.0004280503,1.0,0.0
0.0001563761,1.0,0.0
0.0005917247,0.0,0.0
0.0038396537,0.0,0.0
0.0017277432,0.0,0.0
0.000649351,0.0,0.0
0.0007756205,0.0,1.0
0.0012537427,0.0,0.0
0.00073990884,0.0,0.0
0.00044522944,0.0,0.0
0.000884324,0.0,0.0
0.00078277796,0.0,0.0
0.0019941546,0.0,0.0
0.0009340895,0.0,0.0
0.001730961,0.0,0.0
0.001145576,0.0,0.0
0.0033978599,0.0,0.0
0.00049316953,0.0,0.0
0.0014076795,0.0,0.0
0.0031023165,0.0,0.0
0.0031218494,0.0,0.0
0.0067634215,0.0,0.0
0.00087748456,0.0,0.0
0.001220907,1.0,0.0
0.004041043,0.0,0.0
0.0007456008,0.0,0.0
0.0019370817,0.0,0.0
0.0015676499,0.0,1.0
0.0031556576,0.0,0.0
0.0031386514,0.0,0.0
0.003968962,0.0,0.0
0.002065075,0.0,0.0
0.003219147,0.0,0.0
0.0029551475,0.0,0.0
0.014107935,0.0,0.0
0.0030472223,0.0,0.0
0.017227981,0.0,0.0
0.0065109776,0.0,0.0
0.00555335,0.0,0.0
0.015552844,0.0,0.0
0.014464592,0.0,0.0
0.004993255,0.0,0.0
0.0063166628,0.0,0.0
0.0068963785,0.0,0.0
0.006453512,0.0,0.0
0.007281146,0.0,0.0
0.0054080742,0.0,0.0
0.006409294,0.0,1.0
0.00135623,0.0,1.0
0.00029333646,0.0,0.0
0.0008353095,0.0,0.0
0.0058792424,0.0,0.0
0.0015301069,0.0,0.0
0.0008822771,0.0,0.0
0.0025685702,0.0,0.0
0.013685936,0.0,0.0
0.00047508362,0.0,0.0
0.0038574918,0.0,0.0
0.0046991794,0.0,0.0
0.009455063,0.0,0.0
0.0014450666,0.0,0.0
0.007861287,0.0,0.0
0.021696536,0.0,0.0
0.0045291926,0.0,0.0
0.0056894664,0.0,0.0
0.006428517,0.0,0.0
0.0006909364,0.0,0.0
0.0010326775,0.0,0.0
0.008028975,0.0,0.0
0.008768957,0.0,0.0
0.0015222795,1.0,1.0
0.00078851124,1.0,0.0
0.00068482076,1.0,0.0
0.00037132297,1.0,0.0
0.00055603246,1.0,0.0
0.0062492853,0.0,0.0
0.0008103919,1.0,0.0
0.00033257192,1.0,0.0
0.00039625983,0.0,0.0
0.0005812864,0.0,0.0
0.00024555344,1.0,0.0
0.0004614356,0.0,0.0
0.0002338538,1.0,0.0
0.00058613793,0.0,0.0
0.00039811383,0.0,0.0
0.00035862686,1.0,0.0
0.0003992584,1.0,0.0
0.0004567535,1.0,0.0
0.00035750755,1.0,0.0
0.002070535,0.0,0.0
0.0010171768,0.0,0.0
0.0009421352,0.0,0.0
0.00052093645,0.0,0.0
0.0013649683,0.0,0.0
0.0030786842,1.0,0.0
0.0006930804,0.0,0.0
0.0012279722,1.0,0.0
0.0023082418,1.0,0.0
0.0019743002,1.0,0.0
0.0010770044,0.0,0.0
0.0013937551,0.0,0.0
0.0026567741,0.0,0.0
0.0008115272,0.0,0.0
0.0019349498,0.0,1.0
0.0020207094,0.0,1.0
0.0018813835,0.0,0.0
0.0007393675,0.0,0.0
0.000896583,0.0,0.0
0.008822936,0.0,0.0
0.0020414598,0.0,0.0
0.0017082145,0.0,0.0
0.01748908,0.0,0.0
0.007070829,0.0,0.0
0.0031901638,0.0,0.0
0.010525272,0.0,0.0
0.0008154782,0.0,0.0
0.0019953619,0.0,0.0
0.002229257,0.0,1.0
0.0042698113,0.0,0.0
0.0013643163,0.0,0.0
0.0018304083,0.0,0.0
0.0023322683,0.0,0.0
0.0015011015,0.0,0.0
0.00037697481,0.0,0.0
0.00032854415,0.0,0.0
0.00038210227,0.0,0.0
0.00066445646,0.0,0.0
0.00025923186,0.0,0.0
0.000639636,0.0,0.0
0.001043006,0.0,0.0
0.0043661054,0.0,0.0
0.0003240964,0.0,0.0
0.0005408672,0.0,0.0
0.0020005829,0.0,0.0
0.0032551188,0.0,0.0
0.004262517,0.0,0.0
0.004024582,0.0,0.0
0.00092378334,0.0,0.0
0.007805224,0.0,1.0
0.0022681311,0.0,0.0
0.0037143484,0.0,0.0
0.0024570941,0.0,0.0
0.001956096,0.0,0.0
0.0011656681,0.0,0.0
0.012019824,0.0,0.0
0.0011486429,0.0,0.0
0.0014864518,0.0,1.0
0.005473413,0.0,1.0
0.007967944,0.0,0.0
0.0056323214,0.0,0.0
0.0034920934,0.0,0.0
0.0062028794,0.0,0.0
0.0010018307,0.0,0.0
0.007463773,0.0,0.0
0.0018002678,0.0,0.0
0.0062894044,0.0,0.0
0.0038651843,0.0,0.0
0.0009760528,0.0,0.0
0.007315811,0.0,0.0
0.0025334791,0.0,0.0
0.0014480229,0.0,0.0
0.0013017426,0.0,1.0
0.0013549377,0.0,0.0
0.00035024688,0.0,0.0
0.0003881971,1.0,0.0
0.00023348107,1.0,0.0
0.0010339366,0.0,0.0
0.0004625632,1.0,0.0
0.0026199229,0.0,0.0
0.005625486,1.0,0.0
0.008461258,0.0,0.0
0.0013535654,0.0,1.0
0.0016018389,0.0,1.0
0.0008425002,0.0,1.0
0.0025981637,1.0,0.0
0.001109954,1.0,0.0
0.003032776,1.0,0.0
0.0007675718,0.0,1.0
0.0014508552,0.0,0.0
0.0017947288,1.0,0.0
0.0020823176,0.0,0.0
0.00066715677,1.0,0.0
0.0011189767,0.0,1.0
0.0013116779,0.0,1.0
0.00051131396,1.0,1.0
0.0010906616,0.0,1.0
0.00039341388,0.0,0.0
0.00072443456,0.0,0.0
0.00081689836,0.0,0.0
0.00036877047,0.0,0.0
0.0035862732,0.0,1.0
0.00052390527,0.0,0.0
0.0008903896,0.0,0.0
0.00087588903,0.0,1.0
0.0015905639,0.0,0.0
0.0007522255,0.0,0.0
0.0024265782,0.0,0.0
0.0024183115,0.0,0.0
0.006380272,0.0,0.0
0.002117871,0.0,0.0
0.007173227,0.0,0.0
0.0011069415,0.0,0.0
0.009445208,0.0,0.0
0.006235406,0.0,0.0
0.040271424,0.0,0.0
0.025237005,0.0,1.0
0.0022028396,0.0,0.0
0.004977844,0.0,0.0
0.0023788714,0.0,0.0
0.004033631,0.0,0.0
0.010209242,0.0,0.0
0.005712539,0.0,0.0
0.07359715,0.0,0.0
0.0020189215,0.0,0.0
0.0026336785,0.0,0.0
0.009033301,1.0,0.0
0.0022878784,0.0,0.0
0.0048358035,0.0,0.0
0.0016474631,0.0,0.0
0.0017211288,1.0,0.0
0.0021879799,1.0,0.0
0.00056618726,1.0,1.0
0.0009968542,1.0,1.0
0.00047796703,1.0,0.0
0.0014096509,1.0,0.0
0.0044302554,1.0,0.0
0.00039074745,0.0,0.0
0.0031312185,0.0,0.0
0.004284325,1.0,0.0
0.0026558696,0.0,0.0
0.0033380615,0.0,0.0
0.00078433746,0.0,0.0
0.003166909,0.0,0.0
0.001490143,0.0,0.0
0.00088480226,0.0,0.0
0.0013806183,0.0,0.0
0.00069603726,0.0,0.0
0.0136537785,0.0,0.0
0.0034963225,0.0,0.0
0.0076614036,0.0,0.0
0.004768728,0.0,0.0
0.0057471804,0.0,0.0
0.00614832,0.0,0.0
0.0019622003,0.0,0.0
0.0021690836,0.0,0.0
0.0018053581,0.0,0.0
0.0023471978,0.0,0.0
0.0005470975,0.0,0.0
0.0017978786,0.0,0.0
0.0030414287,0.0,0.0
0.002445084,0.0,0.0
0.015799377,0.0,0.0
0.0019606592,0.0,0.0
0.0005310868,0.0,0.0
0.001548093,0.0,0.0
0.005358971,0.0,0.0
0.0011198673,0.0,1.0
0.00018831545,0.0,1.0
0.0003094778,0.0,0.0
0.000679884,0.0,0.0
0.00046526606,0.0,0.0
0.0052894587,0.0,0.0
0.00045144922,0.0,1.0
0.0018509192,1.0,1.0
0.0035353568,0.0,0.0
0.0011122423,1.0,0.0
0.00061777444,0.0,0.0
0.0011108848,1.0,0.0
0.00032895504,0.0,0.0
0.00068147527,1.0,0.0
0.00063646806,0.0,0.0
0.0012624377,1.0,0.0
0.00026006714,0.0,0.0
0.0012696015,0.0,0.0
0.001672169,0.0,0.0
0.002447599,0.0,0.0
0.0005352267,0.0,0.0
0.0026865043,0.0,0.0
0.00082733104,0.0,0.0
0.003777514,0.0,0.0
0.0012674399,0.0,0.0
0.0023423654,0.0,0.0
0.0074305497,0.0,1.0
0.0031413885,0.0,1.0
0.0041365563,0.0,0.0
0.0021518406,0.0,0.0
0.00531022,0.0,0.0
0.00087353284,0.0,0.0
0.004208474,0.0,0.0
0.006122711,0.0,0.0
0.00039905804,0.0,0.0
0.00069098646,1.0,0.0
0.00031076808,0.0,0.0
0.0005993864,1.0,0.0
0.0012825332,0.0,0.0
0.00015421979,1.0,0.0
0.00030854007,0.0,0.0
0.00058478786,1.0,0.0
0.0011675695,0.0,0.0
0.0010727932,1.0,0.0
0.0018800471,1.0,0.0
0.0024690256,0.0,0.0
0.00036529335,1.0,0.0
0.0018100007,0.0,0.0
0.0004540609,1.0,0.0
0.000875665,1.0,0.0
0.0037222959,1.0,0.0
0.0006315293,0.0,0.0
0.0032779283,1.0,0.0
0.0020042183,1.0,1.0
0.0006172277,0.0,0.0
0.00718977,0.0,0.0
0.0011110975,0.0,0.0
0.003244643,0.0,0.0
0.00022251882,0.0,0.0
0.0015657704,0.0,0.0
0.00039585662,0.0,0.0
0.0028700666,0.0,0.0
0.00022044635,0.0,0.0
0.0013539625,0.0,0.0
0.0008738239,0.0,0.0
0.00020206529,0.0,0.0
0.00091842323,0.0,0.0
0.00041418837,0.0,0.0
0.000151304,0.0,0.0
0.0013212614,0.0,0.0
0.0013988994,0.0,0.0
0.0002717895,0.0,0.0
0.00011255025,0.0,0.0
0.0020070176,0.0,0.0
0.0021917422,0.0,0.0
0.0011402657,0.0,0.0
0.0012407169,0.0,0.0
0.0023317635,0.0,0.0
0.002152527,1.0,0.0
0.0037958024,0.0,0.0
0.006133698,0.0,0.0
0.01046011,0.0,0.0
0.011972035,0.0,0.0
0.00044430667,0.0,0.0
0.0017230101,0.0,0.0
0.0034478419,0.0,0.0
0.0023374066,0.0,0.0
0.0005367676,0.0,0.0
0.00247518,0.0,0.0
0.00055498857,0.0,0.0
0.00048325883,0.0,0.0
0.010064956,0.0,0.0
0.0014338543,0.0,0.0
0.0051352293,0.0,0.0
0.0007406397,0.0,0.0
0.011221511,0.0,0.0
0.0038522938,0.0,0.0
0.008909715,0.0,0.0
0.0006055996,0.0,0.0
0.01254277,0.0,0.0
0.005927275,0.0,0.0
0.013740549,0.0,0.0
0.0016471753,0.0,0.0
0.0030648604,0.0,0.0
0.0031626069,0.0,0.0
0.00045326736,0.0,1.0
0.0037670815,0.0,1.0
0.0018199526,0.0,1.0
0.023686135,0.0,0.0
0.0005716488,0.0,0.0
0.02410162,0.0,0.0
0.00079085556,0.0,0.0
0.0282009,0.0,0.0
0.00050245185,0.0,0.0
0.011261071,0.0,0.0
0.0002858276,0.0,0.0
0.0031967228,0.0,0.0
0.0038978574,0.0,0.0
0.00013240105,0.0,0.0
0.0022244703,0.0,0.0
0.0013167365,0.0,0.0
0.0007111531,0.0,0.0
0.0016996184,0.0,1.0
0.00090049003,1.0,0.0
0.00029727208,0.0,0.0
0.0023054366,0.0,0.0
0.0007108115,0.0,0.0
0.00443419,0.0,0.0
0.00071346684,0.0,0.0
0.003850393,0.0,0.0
0.00028597505,0.0,0.0
0.0058613694,0.0,0.0
0.007882618,0.0,0.0
0.0015095925,0.0,0.0
0.00026946887,0.0,0.0
0.0023541946,0.0,0.0
0.0006025143,0.0,0.0
0.0003190609,0.0,0.0
0.003624512,0.0,0.0
0.0009748385,0.0,0.0
0.012588096,0.0,0.0
0.0017376032,0.0,0.0
0.011999745,0.0,0.0
0.0009871281,0.0,0.0
0.013442305,0.0,0.0
0.00039580418,0.0,0.0
0.027587699,0.0,0.0
0.013136699,0.0,0.0
0.0001950265,0.0,0.0
0.0087628625,0.0,0.0
0.0014459656,0.0,0.0
0.010014284,0.0,0.0
0.0003387701,0.0,0.0
0.012178371,0.0,0.0
0.0005060107,0.0,0.0
0.008441028,0.0,0.0
0.0030011726,0.0,1.0
0.009340774,0.0,1.0
0.0015828393,0.0,0.0
0.00095916097,0.0,0.0
0.0029140508,0.0,0.0
0.0048381654,0.0,0.0
0.0021195526,0.0,0.0
0.005650084,0.0,0.0
0.002114732,0.0,0.0
0.0049117007,0.0,0.0
0.013035794,0.0,0.0
0.0032777975,0.0,0.0
0.012164938,0.0,0.0
0.0070094783,0.0,0.0
0.006678414,0.0,0.0
0.017448647,0.0,0.0
0.01327743,0.0,0.0
0.013957024,0.0,0.0
0.0069119404,0.0,0.0
0.025576442,0.0,0.0
0.013982087,0.0,0.0
0.011480788,0.0,0.0
0.02004731,0.0,0.0
0.0006841553,0.0,0.0
0.0067271236,0.0,0.0
0.0029008493,0.0,0.0
0.0032935604,0.0,0.0
0.0011521549,0.0,0.0
0.0080474075,0.0,0.0
0.001083929,0.0,0.0
0.003647132,0.0,0.0
0.0008210732,0.0,0.0
0.0021313587,0.0,0.0
0.0025122797,0.0,0.0
0.0013581598,0.0,0.0
0.0021433411,0.0,0.0
0.00046547988,0.0,0.0
0.001598162,0.0,0.0
0.004221018,0.0,0.0
0.0026912712,0.0,1.0
0.0013131152,0.0,0.0
0.010017344,0.0,0.0
0.0068876017,0.0,0.0
0.007046068,0.0,0.0
0.004345319,0.0,0.0
0.0022281902,0.0,0.0
0.001597561,0.0,0.0
0.0046613356,0.0,0.0
0.0014380477,0.0,0.0
0.0039006264,1.0,0.0
0.0012199014,1.0,0.0
0.0031329961,1.0,0.0
0.0006380913,0.0,0.0
0.005958885,0.0,0.0
0.0031771392,0.0,0.0
0.0035211255,0.0,0.0
0.0014909308,1.0,0.0
0.0071558943,0.0,0.0
0.0008022904,1.0,0.0
0.00074820407,0.0,0.0
0.00077647646,1.0,0.0
0.0008982076,1.0,0.0
0.0014798921,1.0,0.0
0.0004118182,0.0,0.0
0.0010309829,0.0,0.0
0.0013433408,0.0,0.0
0.0008028456,0.0,0.0
0.0005087737,0.0,0.0
0.0027401794,0.0,0.0
0.0021372857,0.0,0.0
0.00078532274,0.0,0.0
0.002811372,0.0,0.0
0.01180324,0.0,0.0
0.008068796,0.0,0.0
0.0036621124,0.0,0.0
0.009881171,0.0,0.0
0.002042792,0.0,0.0
0.0027382893,0.0,0.0
0.002096618,0.0,0.0
0.0012203337,0.0,0.0
0.0017059385,0.0,0.0
0.00043626118,0.0,0.0
0.0016000089,0.0,0.0
0.00089868315,0.0,1.0
0.0005463744,0.0,1.0
0.0017795423,0.0,0.0
0.0011970943,0.0,0.0
0.00052545714,0.0,0.0
0.0063297134,0.0,0.0
0.00044433653,0.0,0.0
0.002922305,0.0,0.0
0.0007369519,0.0,0.0
0.014441287,0.0,0.0
0.0010501777,0.0,0.0
0.0010803739,0.0,0.0
0.00047479567,0.0,0.0
0.0021631988,0.0,0.0
0.0002181316,0.0,0.0
0.0006082646,0.0,0.0
0.014549902,0.0,0.0
0.0002687174,0.0,0.0
0.008424688,0.0,0.0
0.00049648085,0.0,0.0
0.009196039,0.0,0.0
0.00076262304,0.0,0.0
0.00029812584,0.0,0.0
0.0020315235,0.0,0.0
0.00025978388,0.0,0.0
0.00061435014,0.0,0.0
0.00036717157,0.0,0.0
0.0011856073,0.0,1.0
0.00125625,0.0,1.0
0.0007397978,0.0,0.0
0.006242626,0.0,0.0
0.0073271743,0.0,0.0
0.0008765369,0.0,0.0
0.0014709025,0.0,0.0
0.0013190014,0.0,0.0
0.0017368953,0.0,0.0
0.00041696028,0.0,0.0
0.0034198374,0.0,0.0
0.004283015,0.0,0.0
0.0021392524,0.0,0.0
0.0015960064,0.0,0.0
0.0013173174,0.0,0.0
0.002011613,0.0,0.0
0.00048800968,0.0,0.0
0.0024087834,0.0,0.0
0.0042539486,0.0,0.0
0.0023826952,0.0,0.0
0.00035436658,0.0,0.0
0.0032681157,0.0,0.0
0.005060094,0.0,0.0
0.0034677577,0.0,0.0
0.0010972134,0.0,0.0
0.004434637,0.0,0.0
0.003279443,0.0,0.0
0.0027819355,0.0,0.0
0.0070338547,0.0,0.0
0.0018760392,0.0,0.0
0.0113444645,0.0,0.0
0.0007851746,0.0,0.0
0.00032681721,0.0,0.0
0.013648417,0.0,0.0
0.0017942111,0.0,0.0
0.0019936098,0.0,0.0
0.0028342204,0.0,0.0
0.0006620579,0.0,0.0
0.012922048,0.0,0.0
0.0008442545,0.0,0.0
0.0030500065,0.0,0.0
0.001024484,0.0,0.0
0.00088222,0.0,0.0
0.0013028254,0.0,1.0
0.0010665266,0.0,1.0
0.0010506981,0.0,0.0
0.00031966402,0.0,0.0
0.002061454,0.0,0.0
0.0025303795,0.0,0.0
0.0014823794,0.0,0.0
0.0060209674,0.0,0.0
0.00075793226,0.0,0.0
0.0071745855,0.0,0.0
0.006918179,0.0,0.0
0.0012665452,0.0,0.0
0.003965424,0.0,0.0
0.006375192,0.0,0.0
0.0031573994,0.0,1.0
0.0014078693,0.0,1.0
0.0022083006,0.0,0.0
0.0024074488,0.0,0.0
0.0005978859,0.0,0.0
0.0007751893,0.0,0.0
0.0009260781,0.0,1.0
0.0011292939,0.0,1.0
0.00064675533,0.0,0.0
0.0006839112,0.0,0.0
0.0026376094,0.0,0.0
0.0024034383,0.0,0.0
0.0017244526,0.0,0.0
0.0073873927,0.0,0.0
0.00078326144,0.0,0.0
0.0033266766,0.0,0.0
0.029425425,0.0,0.0
0.012659144,0.0,0.0
0.00035289218,0.0,0.0
0.0020488366,0.0,0.0
0.004449015,0.0,0.0
0.001922634,0.0,0.0
0.005038214,0.0,0.0
0.00042985255,0.0,0.0
0.002508072,0.0,0.0
0.0038549628,0.0,0.0
0.0010786086,0.0,0.0
0.0005144213,0.0,0.0
0.0012853415,0.0,0.0
0.0032509614,0.0,0.0
0.0006989141,0.0,0.0
0.001265037,0.0,0.0
0.0023062911,0.0,1.0
0.0004052799,0.0,0.0
0.00043335522,0.0,0.0
0.00070644764,0.0,1.0
0.0008062407,0.0,1.0
0.001423012,0.0,0.0
0.0001792919,0.0,0.0
0.00028635378,0.0,1.0
0.0011850771,0.0,0.0
0.0025690577,0.0,0.0
0.0008513911,0.0,0.0
0.0005414408,0.0,0.0
0.000854892,0.0,0.0
0.004015246,0.0,0.0
0.0026967123,0.0,0.0
0.00070249167,0.0,0.0
0.0012214541,0.0,0.0
0.023798654,0.0,0.0
0.0023784859,0.0,0.0
0.0015049845,0.0,1.0
0.0026350366,0.0,0.0
0.0041100387,0.0,0.0
0.0037506998,0.0,0.0
0.0017076584,0.0,0.0
0.0104752425,0.0,0.0
0.010045567,0.0,0.0
0.0038179834,0.0,0.0
0.0015816477,0.0,0.0
0.0072066993,0.0,0.0
0.0023482877,0.0,1.0
0.008292257,0.0,0.0
0.0006211826,0.0,0.0
0.00027360712,0.0,0.0
0.0004961816,0.0,0.0
0.00097644667,0.0,0.0
0.00068983797,0.0,0.0
0.000115085044,0.0,0.0
0.0004299593,0.0,0.0
0.0007437489,0.0,0.0
0.00041898395,0.0,0.0
0.00036537502,0.0,0.0
0.00096565194,0.0,0.0
0.001717827,0.0,0.0
0.017239166,0.0,0.0
0.00014103322,0.0,0.0
0.0011757476,0.0,0.0
0.0014985166,0.0,0.0
0.0029995763,0.0,0.0
0.00023928384,0.0,1.0
0.0007706647,0.0,0.0
0.00027251214,0.0,0.0
0.001289364,0.0,0.0
0.0013695831,0.0,0.0
0.000445381,0.0,0.0
0.00019063895,0.0,0.0
0.00044173392,0.0,0.0
0.00055023783,0.0,0.0
0.0010731703,0.0,0.0
0.0008088737,0.0,0.0
0.00053229375,0.0,0.0
0.00080971926,0.0,0.0
0.0010767006,0.0,0.0
0.0010307693,0.0,1.0
0.0015470071,0.0,0.0
0.0053170905,0.0,0.0
0.0017848739,0.0,0.0
0.00085806905,0.0,0.0
0.00066508783,0.0,0.0
0.0003019716,0.0,0.0
0.0003841377,0.0,0.0
0.0018199295,0.0,0.0
0.00049531733,0.0,0.0
0.0020167676,0.0,0.0
0.0023845967,0.0,0.0
0.00038463753,0.0,0.0
0.00077460485,0.0,0.0
0.0034186598,0.0,0.0
0.00011427941,0.0,0.0
9.0263435e-05,0.0,0.0
0.0015030811,0.0,0.0
8.407922e-05,0.0,0.0
0.0007128005,0.0,0.0
0.0016644172,0.0,0.0
0.0013746866,0.0,0.0
0.0008838131,0.0,1.0
0.0003868214,0.0,0.0
0.0016138216,0.0,0.0
0.0015450522,0.0,0.0
0.0010228528,0.0,0.0
0.009825861,0.0,0.0
0.001999102,0.0,0.0
0.0046495567,0.0,1.0
0.001175756,0.0,0.0
0.0034240722,0.0,0.0
0.0016190915,0.0,0.0
0.0005633163,0.0,0.0
0.0030050958,0.0,0.0
0.0008175701,0.0,0.0
0.00079049286,0.0,0.0
0.0005947491,0.0,0.0
0.00019245106,0.0,0.0
0.00044864754,0.0,0.0
0.00026809124,0.0,1.0
0.00030399533,0.0,1.0
0.00026050615,0.0,1.0
0.00018005958,0.0,1.0
0.0004248621,0.0,0.0
0.0007950914,0.0,0.0
0.00030607232,0.0,0.0
0.0007550644,0.0,0.0
0.00041339768,0.0,0.0
0.0021059026,0.0,0.0
0.002308032,0.0,0.0
0.00037952056,0.0,0.0
0.00089781877,0.0,0.0
0.001058682,0.0,0.0
0.0013710461,0.0,0.0
0.000337176,0.0,0.0
0.00046887618,0.0,0.0
0.0034696993,0.0,0.0
0.0017517394,0.0,0.0
0.00052853057,0.0,0.0
0.00029142672,0.0,0.0
0.0013783134,0.0,0.0
0.00036270535,0.0,0.0
0.00036144975,0.0,0.0
0.0009090317,0.0,0.0
0.0006812289,0.0,0.0
0.014861939,0.0,1.0
0.0051062843,0.0,0.0
0.0062864968,0.0,0.0
0.01556662,0.0,0.0
0.006416045,0.0,0.0
0.00044014826,0.0,0.0
0.0020673424,0.0,0.0
0.0019243933,0.0,0.0
0.0014948117,0.0,0.0
0.0013884612,0.0,1.0
0.00035436384,0.0,1.0
0.0006649167,0.0,1.0
0.00030563262,0.0,0.0
0.00024332447,0.0,0.0
0.000738242,0.0,0.0
0.00024196182,0.0,0.0
0.0016514024,0.0,0.0
0.0004755637,0.0,0.0
0.0009348147,0.0,0.0
0.0030285476,0.0,0.0
0.0012067076,0.0,0.0
0.0025419027,0.0,0.0
0.0011012057,0.0,0.0
0.00068953336,0.0,0.0
0.0005998602,0.0,0.0
0.0018812395,0.0,0.0
0.00054891827,0.0,1.0
0.00038646223,0.0,1.0
0.0005066883,0.0,1.0
0.00021022295,0.0,0.0
0.00023619886,0.0,0.0
0.0006638232,0.0,0.0
0.0003389904,0.0,0.0
0.00015163764,0.0,0.0
0.00035892354,0.0,0.0
0.0006790949,0.0,0.0
0.00069761777,0.0,0.0
0.00012412579,0.0,0.0
0.0006017387,0.0,0.0
0.00089662656,0.0,1.0
0.0003579792,0.0,0.0
7.944268e-05,0.0,0.0
0.0004070924,0.0,0.0
0.00016592798,0.0,0.0
0.00044255413,0.0,0.0
0.00021161883,0.0,0.0
0.0004705617,0.0,0.0
0.00079469103,0.0,0.0
0.0009000268,0.0,0.0
0.0002951076,0.0,0.0
0.00035621764,0.0,1.0
0.00037928566,0.0,0.0
0.0010992687,0.0,1.0
0.0010869805,0.0,0.0
0.00060819386,0.0,0.0
0.00022157414,0.0,0.0
0.00016062558,0.0,0.0
0.0024223432,0.0,0.0
0.0006708055,0.0,0.0
0.00027372583,0.0,0.0
0.0003604347,0.0,0.0
0.0010417873,0.0,0.0
0.0009683158,0.0,0.0
0.00016350523,0.0,0.0
0.0025344517,0.0,0.0
0.0003175224,0.0,0.0
0.00053953286,0.0,0.0
0.0013739223,0.0,1.0
0.0005286636,0.0,1.0
0.00042113065,0.0,0.0
0.0002731596,0.0,0.0
0.00269359,0.0,0.0
0.0016810168,0.0,0.0
0.0030520672,0.0,0.0
0.0010548151,0.0,0.0
0.0009271235,0.0,0.0
0.00074448646,0.0,0.0
0.0009388604,0.0,0.0
0.0035255437,0.0,0.0
0.0008517401,0.0,1.0
0.0033163435,1.0,1.0
0.0012615655,1.0,1.0
0.00082871807,0.0,0.0
0.0012634697,0.0,0.0
0.0005933778,0.0,0.0
0.00030223743,0.0,0.0
0.00067592564,0.0,0.0
0.00025991123,0.0,0.0
0.00027626773,0.0,0.0
0.00028527167,0.0,0.0
0.00029854395,0.0,0.0
0.00011041232,0.0,0.0
0.00027312312,0.0,0.0
0.0006739782,0.0,0.0
5.6993667e-05,0.0,0.0
0.00027545684,0.0,0.0
0.00029007206,0.0,0.0
0.00014319719,0.0,0.0
0.00017386745,0.0,0.0
0.00043444947,0.0,0.0
0.00039592208,0.0,0.0
0.00015136605,0.0,0.0
0.00029680762,0.0,0.0
0.0006579825,0.0,0.0
0.0003879483,0.0,0.0
0.00075509143,0.0,0.0
0.00059284753,0.0,0.0
0.00015837973,0.0,0.0
0.0003099727,0.0,0.0
0.0013172621,0.0,0.0
0.00011194104,0.0,0.0
0.00030158288,0.0,0.0
0.00014795904,0.0,0.0
0.00058917236,0.0,0.0
0.0005275767,0.0,0.0
0.0029704054,0.0,0.0
0.00018312057,0.0,0.0
0.0014779845,0.0,0.0
0.0065888325,0.0,0.0
0.00033429387,0.0,0.0
0.00017040597,0.0,0.0
0.0007764369,0.0,0.0
0.0017882065,0.0,0.0
0.00020978846,0.0,0.0
0.00019230762,0.0,0.0
0.0013981675,0.0,0.0
0.0009788922,0.0,0.0
0.0005770739,0.0,0.0
0.000645275,0.0,0.0
0.00020382462,0.0,0.0
0.0003232398,0.0,0.0
0.0002472791,0.0,0.0
0.0004260033,0.0,0.0
0.00039577304,0.0,0.0
0.0001833192,0.0,0.0
0.00016297975,0.0,0.0
0.0012634955,0.0,0.0
0.00023421083,0.0,0.0
0.00021378948,0.0,0.0
0.00064889377,0.0,0.0
0.00032591523,0.0,0.0
0.00033566356,0.0,0.0
0.0004331353,0.0,0.0
0.001669933,0.0,0.0
0.00027322417,0.0,0.0
0.0015053843,1.0,0.0
0.00042905565,0.0,0.0
0.0017772288,1.0,1.0
0.00082018063,0.0,0.0
0.0008849928,0.0,0.0
0.001896236,0.0,0.0
0.0019458197,0.0,0.0
0.0012602145,0.0,0.0
0.0008514917,0.0,1.0
0.0003714814,0.0,0.0
0.00045450585,0.0,0.0
0.00011583768,0.0,0.0
6.781848e-05,0.0,0.0
0.00067564036,0.0,0.0
0.00059006526,0.0,0.0
0.00019296001,0.0,0.0
9.4493065e-05,0.0,0.0
0.00091034535,0.0,0.0
0.00051301386,0.0,0.0
0.00028920913,0.0,0.0
0.00026067236,0.0,0.0
0.001816535,0.0,0.0
0.007856067,0.0,0.0
0.0002793824,0.0,0.0
0.00017989021,0.0,0.0
0.0014304359,1.0,0.0
0.0014773259,0.0,1.0
0.006770626,1.0,0.0
0.0002646748,0.0,0.0
0.0013485496,0.0,0.0
0.00029520356,0.0,0.0
0.0012629685,0.0,0.0
0.0010435266,0.0,1.0
0.0005670908,0.0,0.0
0.0003793316,0.0,1.0
0.00086928287,0.0,0.0
0.0005948392,0.0,0.0
0.0012489901,0.0,0.0
0.003119988,0.0,0.0
0.00035749664,0.0,0.0
0.0009873996,0.0,0.0
0.001869598,0.0,0.0
0.0012022405,0.0,0.0
0.00014837795,0.0,0.0
0.00015025602,0.0,0.0
0.004143787,0.0,0.0
0.0057219365,0.0,0.0
0.00018489541,0.0,0.0
0.0009073742,0.0,0.0
0.0015709415,0.0,0.0
0.006778994,0.0,0.0
0.0006879469,0.0,1.0
0.00077564636,0.0,1.0
0.004504611,0.0,1.0
0.0029710932,0.0,0.0
6.047664e-05,0.0,0.0
0.00043022784,0.0,0.0
0.0023955705,0.0,0.0
0.000111846166,0.0,0.0
0.00022380459,0.0,0.0
0.0011283917,0.0,0.0
0.00053830235,0.0,0.0
0.00041270998,0.0,0.0
0.0005625595,0.0,0.0
0.00021000681,0.0,0.0
0.00082971406,0.0,0.0
0.00032214707,0.0,0.0
0.0005955376,0.0,0.0
0.0011656615,0.0,0.0
0.001212111,0.0,0.0
0.0022154513,1.0,0.0
0.0010910882,1.0,0.0
0.001299196,1.0,1.0
0.011938724,1.0,0.0
0.0020833167,1.0,0.0
0.00057654554,1.0,0.0
0.002183484,1.0,0.0
0.0005028807,1.0,0.0
0.0011613121,1.0,0.0
0.0005895535,1.0,0.0
0.00047457035,0.0,0.0
0.0003263412,0.0,0.0
0.0010747587,0.0,0.0
0.00089378026,0.0,0.0
0.0010200805,0.0,0.0
0.003226032,0.0,0.0
0.004287241,0.0,0.0
0.0032267696,0.0,0.0
0.0024580564,0.0,0.0
0.0041880053,0.0,0.0
0.0022842686,0.0,0.0
0.0020163406,0.0,0.0
0.0060441294,0.0,0.0
0.004143675,0.0,0.0
0.0015245047,0.0,0.0
0.0014671318,0.0,1.0
0.0032507528,0.0,0.0
0.005462768,0.0,0.0
0.000688384,0.0,0.0
0.00058583333,0.0,0.0
0.00032594288,0.0,0.0
0.00017977465,0.0,0.0
0.0005039616,0.0,0.0
0.0017089052,0.0,0.0
0.00026499698,0.0,0.0
0.0004699151,0.0,0.0
0.0006961812,1.0,0.0
0.0003076436,0.0,0.0
0.00020396186,0.0,0.0
0.00011723774,0.0,0.0
0.00016888867,0.0,0.0
0.001637776,0.0,0.0
0.0001269579,0.0,0.0
0.00072905887,0.0,0.0
0.00078697345,0.0,0.0
0.00038553108,0.0,0.0
0.002558846,0.0,0.0
0.0014795751,0.0,0.0
0.0012020293,0.0,0.0
0.0004092484,0.0,0.0
0.00073223986,0.0,0.0
0.00029516302,0.0,0.0
0.0014958269,0.0,0.0
0.00035527736,0.0,0.0
0.0002868486,0.0,0.0
0.00014141835,0.0,0.0
0.00198285,0.0,0.0
0.000426113,0.0,0.0
0.0055038556,0.0,0.0
0.0012782594,0.0,0.0
0.0012383425,0.0,0.0
0.0005938808,0.0,0.0
0.0023309917,0.0,0.0
0.0008781194,0.0,0.0
0.0020696032,0.0,0.0
0.0007140532,0.0,0.0
0.0016751224,0.0,0.0
0.00033048086,0.0,0.0
0.0014162025,0.0,0.0
0.0007482269,0.0,0.0
0.00029194623,0.0,0.0
0.00090978865,0.0,0.0
0.0014737227,0.0,0.0
0.00028479067,0.0,0.0
0.000384363,0.0,0.0
0.00026912458,0.0,0.0
0.0007280302,0.0,0.0
0.0004915513,0.0,0.0
0.00023588874,0.0,0.0
0.0015079783,0.0,1.0
0.00025882488,0.0,0.0
0.00012308938,0.0,0.0
0.0003777418,0.0,0.0
0.00019708145,0.0,0.0
0.00020461771,0.0,0.0
0.000171011,0.0,0.0
0.00065932586,0.0,0.0
0.00022099393,0.0,1.0
0.0002460714,0.0,1.0
0.0004298798,0.0,0.0
0.00031435673,0.0,0.0
0.0004190978,0.0,0.0
0.00029385177,0.0,0.0
0.0007979878,0.0,0.0
0.0003786915,0.0,0.0
0.00072017167,0.0,0.0
0.00059750676,0.0,0.0
0.0002668656,0.0,0.0
0.0028998551,0.0,0.0
0.0014442,0.0,0.0
0.0016136827,0.0,0.0
0.0032962707,0.0,0.0
0.00068915985,0.0,0.0
0.0005043845,0.0,0.0
0.0019497483,0.0,0.0
0.00039285346,0.0,0.0
0.0002288204,0.0,0.0
0.000387791,0.0,0.0
0.0006825019,0.0,0.0
0.000189217,0.0,0.0
0.0017079227,0.0,0.0
0.0021246122,0.0,0.0
0.00046844574,0.0,0.0
0.0024272709,0.0,0.0
0.0017621415,0.0,0.0
0.0005909008,0.0,0.0
0.009131205,0.0,0.0
0.0014926282,0.0,0.0
0.0013521288,0.0,0.0
0.0053284485,0.0,0.0
0.00069935713,0.0,0.0
0.0013756506,0.0,0.0
0.00057817774,0.0,0.0
0.003428908,0.0,0.0
0.0028085355,0.0,0.0
0.0006719941,0.0,0.0
0.007943993,0.0,0.0
0.00044453458,0.0,0.0
0.0003253592,0.0,0.0
0.000292596,0.0,1.0
0.00044485403,0.0,1.0
0.00032222937,0.0,1.0
0.0015213152,0.0,1.0
0.0008003821,0.0,0.0
0.0007825923,0.0,0.0
0.0005811684,0.0,0.0
0.0010621176,0.0,0.0
0.00055859337,0.0,0.0
0.00071324786,0.0,0.0
0.00048720278,0.0,0.0
0.0002949577,0.0,0.0
0.00041257188,0.0,0.0
0.00075799436,0.0,0.0
0.0010936747,0.0,0.0
0.0024563628,0.0,0.0
0.001271763,0.0,0.0
0.0033828234,0.0,0.0
0.0031278788,0.0,0.0
0.0031769609,0.0,0.0
0.0053348285,0.0,0.0
0.00094945455,0.0,0.0
0.00033047865,0.0,0.0
0.00089208846,0.0,0.0
0.00018339735,0.0,0.0
0.000193484,0.0,1.0
0.000848928,0.0,0.0
0.001724794,0.0,0.0
0.0014210728,0.0,0.0
0.00043033718,0.0,0.0
0.0015935586,0.0,0.0
0.006563242,0.0,0.0
0.006372973,0.0,0.0
0.0035082977,0.0,0.0
0.0015719787,0.0,0.0
0.00076976116,0.0,0.0
0.001480539,0.0,1.0
0.00030446466,0.0,1.0
0.00046629366,0.0,1.0
0.00014040017,0.0,0.0
0.0001721226,0.0,0.0
0.0011067748,0.0,1.0
0.000293195,0.0,0.0
0.00062023074,0.0,0.0
0.0003051487,0.0,0.0
0.0010785285,0.0,0.0
0.00025814617,0.0,0.0
0.00045653433,0.0,0.0
0.0003679112,0.0,0.0
0.0005405405,0.0,0.0
0.0008680388,0.0,0.0
0.005051031,0.0,0.0
0.00056635076,0.0,0.0
0.0014076278,0.0,0.0
0.0011626641,0.0,1.0
0.00035129974,0.0,0.0
0.0009392,0.0,0.0
0.0019813285,0.0,0.0
0.00094546593,0.0,0.0
0.00071464275,0.0,0.0
0.00015440238,0.0,0.0
0.00016453024,0.0,0.0
0.00017463838,1.0,1.0
0.00017808424,1.0,1.0
0.00040757135,1.0,1.0
0.000185891,1.0,0.0
0.0019338202,0.0,0.0
0.0002814482,0.0,0.0
0.0011418571,0.0,0.0
0.0005369656,0.0,0.0
0.00026984757,0.0,0.0
0.00039405932,0.0,1.0
0.000110671106,0.0,0.0
0.00011986117,0.0,0.0
9.991059e-05,0.0,1.0
0.0001266992,0.0,0.0
0.0002164456,0.0,1.0
0.0009176172,0.0,0.0
0.00049546413,1.0,0.0
0.0003471179,1.0,0.0
0.00025811343,1.0,0.0
0.00011444702,0.0,0.0
0.00021480191,1.0,0.0
0.0001661053,1.0,0.0
0.0006129693,0.0,0.0
0.00038368755,1.0,0.0
0.00048231962,0.0,0.0
0.0009797286,0.0,0.0
0.0010072442,0.0,0.0
0.0002793542,0.0,0.0
0.00032581302,0.0,0.0
0.00080526486,0.0,0.0
0.00022508687,0.0,0.0
0.00050441286,0.0,0.0
0.0002539781,0.0,0.0
6.712002e-05,0.0,0.0
0.0005519939,0.0,0.0
0.00037636832,0.0,1.0
0.000705056,0.0,0.0
0.0006839363,0.0,0.0
0.0006657873,0.0,0.0
0.006670277,0.0,0.0
0.0010034513,0.0,0.0
0.0045780432,0.0,0.0
0.0012453308,0.0,0.0
0.0009267199,0.0,0.0
0.008091169,0.0,0.0
0.0008857073,0.0,0.0
0.001069356,0.0,0.0
0.00031407032,0.0,0.0
0.00036434614,0.0,0.0
0.00059182115,0.0,0.0
0.0008244421,0.0,0.0
0.005993247,0.0,0.0
0.0014670744,0.0,0.0
0.0054034595,0.0,0.0
0.00444782,0.0,0.0
0.001145082,0.0,0.0
0.0007349306,0.0,0.0
0.00025503463,0.0,1.0
0.00033445677,0.0,0.0
0.00028221912,0.0,0.0
0.0064160484,0.0,0.0
0.00094650197,0.0,0.0
0.0005843664,0.0,0.0
0.004652742,0.0,0.0
0.0005319894,0.0,0.0
0.003894408,0.0,0.0
0.0012404203,0.0,1.0
0.007092623,0.0,1.0
0.00092094345,0.0,0.0
0.002429663,0.0,1.0
0.00034497617,0.0,1.0
0.0033690084,0.0,0.0
0.00079420727,0.0,0.0
0.00036528168,0.0,0.0
0.007031667,0.0,0.0
0.0031353976,0.0,0.0
0.0011902925,0.0,0.0
0.0005687491,0.0,0.0
0.00048738625,0.0,0.0
0.0046564955,0.0,0.0
0.008535562,0.0,0.0
0.00016974562,0.0,0.0
0.00043099362,0.0,0.0
0.014912317,0.0,0.0
0.0033539585,0.0,0.0
0.0007001344,0.0,0.0
0.0014161405,0.0,0.0
0.012686076,0.0,0.0
0.0007669934,0.0,0.0
0.00033626493,0.0,0.0
0.005660644,0.0,0.0
0.013967972,0.0,0.0
0.0016330938,0.0,0.0
0.004473945,0.0,0.0
0.0031580313,0.0,0.0
0.0061740284,0.0,0.0
0.0010651874,0.0,0.0
0.0038307197,0.0,0.0
0.00075396366,0.0,0.0
0.0003907035,0.0,0.0
0.00039510935,0.0,0.0
0.00025126175,0.0,0.0
0.00020646658,0.0,0.0
0.0019076093,0.0,1.0
0.004640782,0.0,0.0
0.0005292141,0.0,0.0
0.001352358,0.0,0.0
0.0015729781,0.0,0.0
0.00026048132,0.0,0.0
0.00090976746,0.0,0.0
0.00046425528,0.0,0.0
7.924679e-05,0.0,0.0
0.0003467205,0.0,0.0
0.0006804357,1.0,0.0
0.0012368442,1.0,0.0
0.00015340946,1.0,0.0
0.0003010856,1.0,0.0
0.00026180115,1.0,0.0
7.886044e-05,1.0,0.0
0.0002331021,0.0,0.0
0.00013164873,0.0,0.0
0.00044691778,0.0,0.0
0.0012145697,1.0,0.0
0.0014102726,0.0,0.0
0.0038936185,1.0,0.0
0.0011989521,0.0,0.0
0.0038021384,0.0,0.0
0.00060236355,0.0,0.0
0.0031948937,0.0,0.0
0.00028407393,0.0,0.0
0.0012596648,1.0,1.0
0.0003186757,1.0,0.0
0.0019282372,1.0,0.0
0.00055115484,0.0,0.0
0.0013111901,1.0,0.0
0.00041166515,0.0,0.0
0.0001812979,1.0,0.0
0.00016349104,0.0,0.0
0.0003661149,1.0,0.0
0.00038763872,0.0,0.0
0.0010037869,0.0,0.0
0.0008793988,1.0,0.0
0.00043199415,0.0,0.0
0.00032851,1.0,0.0
0.00029804936,0.0,0.0
0.0017738946,0.0,0.0
0.0020773623,0.0,0.0
0.0008506337,0.0,0.0
0.00024211137,0.0,0.0
0.0004907923,0.0,0.0
0.0007519629,0.0,0.0
0.00044460752,0.0,0.0
0.0027774994,0.0,1.0
0.00074977713,0.0,0.0
0.002302647,0.0,0.0
0.0009280625,0.0,0.0
0.0005276544,0.0,0.0
0.0013942058,0.0,0.0
0.0005535366,0.0,0.0
0.00017252994,0.0,0.0
0.00012376046,0.0,0.0
0.0006716141,0.0,0.0
0.00043032118,0.0,1.0
0.0004624303,0.0,0.0
0.0035073562,0.0,0.0
0.001138212,0.0,0.0
0.00037270697,0.0,0.0
0.00035555978,0.0,0.0
0.00038899953,1.0,0.0
0.0007078143,0.0,0.0
0.0013769738,0.0,0.0
0.00028221938,1.0,0.0
0.0005176851,1.0,0.0
0.0009820211,0.0,0.0
0.0038401666,0.0,0.0
0.0023533572,0.0,0.0
0.0015037289,0.0,0.0
0.00095609983,0.0,0.0
0.0016060637,0.0,0.0
0.0017896728,0.0,0.0
0.0006458711,0.0,0.0
0.00056566077,0.0,0.0
0.00473826,0.0,0.0
0.00046216525,0.0,0.0
0.00044009936,0.0,0.0
0.0031547172,0.0,0.0
0.0004500332,0.0,0.0
0.00096371915,1.0,0.0
0.0004971388,1.0,0.0
0.0003302396,0.0,0.0
0.00015252802,1.0,0.0
0.00021138611,1.0,0.0
0.00032786455,1.0,0.0
0.00012755505,1.0,0.0
0.00037429683,1.0,0.0
0.0015836911,0.0,1.0
0.00024671317,1.0,0.0
0.00025527814,1.0,0.0
0.00016152424,0.0,0.0
0.001848748,0.0,0.0
0.0017781174,0.0,0.0
0.0016436575,0.0,0.0
0.0013424833,0.0,0.0
0.00089496386,0.0,0.0
0.0011321694,0.0,0.0
0.0013495184,0.0,0.0
0.0008778839,0.0,0.0
0.0006414515,0.0,0.0
0.0006171436,0.0,0.0
0.0010798918,0.0,0.0
0.00047570257,0.0,0.0
0.00052560994,0.0,0.0
0.00078557874,0.0,1.0
0.0015046255,0.0,0.0
0.010630055,0.0,0.0
0.0028069988,0.0,0.0
0.0054973736,0.0,0.0
0.0051199873,0.0,0.0
0.010789457,0.0,0.0
0.0059659476,0.0,0.0
0.0043844446,0.0,0.0
0.002296728,0.0,0.0
0.011840054,0.0,0.0
0.0016974725,1.0,0.0
0.014317368,1.0,0.0
0.0036993185,0.0,0.0
0.009380171,0.0,0.0
0.005356023,0.0,0.0
0.00062668405,0.0,0.0
0.0011201373,0.0,0.0
0.0015925901,0.0,0.0
0.010503935,0.0,1.0
0.0039161444,0.0,0.0
0.0027845043,0.0,0.0
0.004472973,0.0,0.0
0.0012380725,0.0,0.0
0.0074390364,0.0,0.0
0.0006396488,0.0,0.0
0.0012355674,0.0,0.0
0.0018878299,0.0,0.0
0.0027835802,0.0,0.0
0.0010663241,0.0,0.0
0.00074546755,0.0,0.0
0.0049374136,0.0,0.0
0.0048483834,1.0,0.0
0.00056153815,1.0,0.0
0.0004081799,1.0,0.0
0.000992382,1.0,0.0
0.0033149233,0.0,0.0
0.0012082113,1.0,0.0
0.00073086715,1.0,0.0
0.0017610899,0.0,0.0
0.0049904007,0.0,0.0
0.00047614038,0.0,0.0
0.0012392671,0.0,0.0
0.0024534585,0.0,0.0
0.008929254,0.0,0.0
0.0006177315,0.0,0.0
0.0008938952,0.0,0.0
0.005353174,0.0,0.0
0.001698752,0.0,0.0
0.0011916556,0.0,0.0
0.009007301,0.0,0.0
0.0018951342,0.0,0.0
0.0010473776,0.0,0.0
0.0058915652,0.0,0.0
0.0133165615,0.0,0.0
0.0057224166,0.0,0.0
0.00092111505,0.0,0.0
0.010534969,0.0,0.0
0.013406263,0.0,0.0
0.0032519612,0.0,0.0
0.0009765499,0.0,0.0
0.0016862634,0.0,0.0
0.003249395,0.0,0.0
0.0012479977,0.0,0.0
0.0011971057,0.0,0.0
0.0008721788,0.0,0.0
0.0020496342,0.0,0.0
0.00094711815,0.0,0.0
0.0009278145,0.0,0.0
0.00038769745,0.0,0.0
0.0068248985,0.0,1.0
0.0036749595,0.0,0.0
0.005048017,1.0,0.0
0.0052768947,1.0,0.0
0.0025127623,1.0,0.0
0.001164749,0.0,0.0
0.0010771414,1.0,0.0
0.00088421407,1.0,0.0
0.0013835409,1.0,0.0
0.00048540422,1.0,0.0
0.0008534811,1.0,0.0
0.0016739379,1.0,0.0
0.0017724725,1.0,0.0
0.0018993919,0.0,0.0
0.0020135983,1.0,0.0
0.002220262,0.0,0.0
0.0018972469,0.0,0.0
0.005615902,0.0,0.0
0.00079708116,0.0,0.0
0.009060691,0.0,0.0
0.0023571653,0.0,0.0
0.00035162026,0.0,0.0
0.0127181625,0.0,0.0
0.003634054,0.0,0.0
0.00063982926,0.0,0.0
0.004138957,0.0,0.0
0.0005565791,0.0,0.0
0.0020037577,0.0,0.0
0.0029012093,0.0,0.0
0.001385071,0.0,0.0
0.0011391335,0.0,0.0
0.002303221,0.0,0.0
0.010559533,0.0,0.0
0.0013994543,0.0,0.0
0.0026065202,0.0,0.0
0.0006926912,1.0,0.0
0.0013446752,0.0,0.0
0.00042551773,0.0,0.0
0.0042316196,0.0,0.0
0.00030004224,1.0,0.0
0.0006320839,0.0,0.0
0.00064176094,1.0,0.0
0.0008360481,1.0,0.0
0.0010658965,1.0,0.0
0.00069990725,1.0,0.0
0.00043579712,0.0,0.0
0.0019044245,0.0,0.0
0.0010717758,1.0,0.0
0.00048333025,0.0,0.0
0.0010181861,1.0,0.0
0.00088090624,1.0,0.0
0.00470665,0.0,1.0
0.0014167082,0.0,0.0
0.0009462937,0.0,0.0
0.0005414885,0.0,0.0
0.011467007,0.0,0.0
0.010949358,0.0,0.0
0.0012173471,0.0,0.0
0.0023377412,0.0,0.0
0.013353873,0.0,0.0
0.005076758,0.0,0.0
0.002601502,0.0,0.0
0.0030552172,0.0,0.0
0.0059530097,0.0,0.0
0.003560382,0.0,0.0
0.0037396492,0.0,0.0
0.009213326,0.0,0.0
0.0011818678,0.0,0.0
0.0028409045,0.0,0.0
0.0045388583,0.0,0.0
0.0007423313,0.0,0.0
0.0008309805,0.0,0.0
0.0052059074,0.0,0.0
0.00063784496,0.0,0.0
0.0017285674,0.0,0.0
0.0013919498,0.0,0.0
0.0022790278,0.0,0.0
0.0005112881,0.0,0.0
0.00066412915,0.0,0.0
0.0012709529,0.0,0.0
0.0027803353,0.0,0.0
0.00051459525,0.0,0.0
0.0007522725,0.0,0.0
0.0008607637,0.0,0.0
0.0002256785,0.0,0.0
0.000700421,0.0,0.0
0.00060351094,0.0,0.0
0.001583208,0.0,0.0
0.00062988943,0.0,0.0
0.00027687367,0.0,0.0
0.0011170864,0.0,0.0
0.0013724191,0.0,0.0
0.0009528652,0.0,0.0
0.0085537685,0.0,0.0
0.0016671068,0.0,0.0
0.00015446423,0.0,0.0
0.0009911243,0.0,0.0
0.0020620094,0.0,0.0
0.0006100487,0.0,0.0
0.0063622803,0.0,0.0
0.00079425686,0.0,1.0
0.00066418614,0.0,1.0
0.023432551,0.0,0.0
0.00075923995,0.0,1.0
0.0077283126,0.0,1.0
0.007074831,0.0,0.0
0.007381535,0.0,0.0
0.029616276,0.0,0.0
0.0013036925,0.0,0.0
0.004927025,0.0,0.0
0.0023035794,0.0,0.0
0.00041723525,0.0,0.0
0.00046833878,0.0,0.0
0.00031214496,0.0,0.0
0.0026590708,0.0,0.0
0.0004119433,0.0,0.0
0.0006728573,0.0,0.0
0.002371086,0.0,0.0
0.00029904474,0.0,0.0
0.0013995977,0.0,0.0
0.0010402784,0.0,0.0
0.00039873822,0.0,0.0
0.0004757266,0.0,0.0
0.0003163989,0.0,0.0
0.0023403496,0.0,0.0
0.0010069031,0.0,0.0
0.00038899155,0.0,0.0
0.0003118532,0.0,0.0
0.0020584792,0.0,0.0
0.0013711342,0.0,0.0
0.0012929986,1.0,0.0
0.004853699,0.0,1.0
0.020664385,0.0,0.0
0.0008875787,0.0,0.0
0.008241789,0.0,0.0
0.00214569,0.0,0.0
0.036318142,0.0,0.0
0.0034207671,0.0,0.0
0.00058426947,0.0,0.0
0.006530671,0.0,0.0
0.013120321,0.0,0.0
0.000630436,0.0,0.0
0.00072780484,0.0,0.0
0.0015820543,0.0,0.0
0.0048784353,0.0,0.0
0.0024862778,0.0,1.0
0.0037968121,0.0,0.0
0.00032564966,0.0,0.0
0.00046409137,0.0,0.0
0.0013939238,0.0,0.0
0.00087687484,0.0,0.0
0.0059481617,0.0,0.0
0.00016085964,0.0,0.0
0.00019718727,0.0,0.0
0.0032007073,0.0,0.0
0.0032237712,0.0,0.0
0.00015091266,0.0,0.0
0.0013496855,0.0,0.0
0.011819228,0.0,0.0
0.0002688735,0.0,0.0
0.00027370185,1.0,0.0
0.0023070232,0.0,0.0
0.0014003649,0.0,1.0
0.0004847948,0.0,1.0
0.00042083728,1.0,0.0
0.00028202435,1.0,0.0
0.00035880553,1.0,0.0
0.000511437,1.0,1.0
0.0009984715,1.0,0.0
0.002385753,1.0,0.0
0.0025169705,1.0,0.0
0.0010000679,0.0,0.0
0.00053665607,1.0,0.0
0.0013223056,1.0,0.0
0.0009319218,0.0,0.0
0.00095972733,0.0,0.0
0.0014083855,0.0,0.0
0.0017970591,1.0,0.0
0.0030604692,0.0,0.0
0.00071342604,0.0,0.0
0.0008831607,0.0,0.0
0.0054210164,0.0,0.0
0.0024945864,0.0,0.0
0.00022113937,0.0,0.0
0.001649023,0.0,0.0
0.018597957,0.0,0.0
0.004423581,0.0,0.0
0.0011958607,0.0,0.0
0.009012082,0.0,0.0
0.0011205161,0.0,1.0
0.00077985605,0.0,1.0
0.0009245961,0.0,1.0
0.0010550221,0.0,0.0
0.0006313963,0.0,0.0
0.0005112219,1.0,0.0
0.0012782734,0.0,0.0
0.0023217197,0.0,0.0
0.00024207537,1.0,0.0
0.00049877213,1.0,0.0
0.00025722632,0.0,0.0
0.00023984026,0.0,0.0
0.00024153889,1.0,0.0
0.0014942196,1.0,0.0
0.00040969497,0.0,0.0
0.00018474474,1.0,0.0
0.0014306537,1.0,0.0
0.00027098585,0.0,0.0
0.00071068626,1.0,0.0
0.0004675288,1.0,0.0
0.00038985634,1.0,0.0
0.00014684434,0.0,0.0
0.0006913409,1.0,0.0
0.0004358912,1.0,0.0
0.0005522983,1.0,0.0
0.00047075935,1.0,0.0
0.00021044616,1.0,1.0
0.0005010126,1.0,0.0
0.0005559241,1.0,1.0
0.0022682897,0.0,0.0
0.0032675099,1.0,0.0
0.0056787836,0.0,0.0
0.0003354745,0.0,0.0
0.009282354,0.0,0.0
0.0073513566,1.0,0.0
0.00023106651,0.0,0.0
0.00048393646,0.0,0.0
0.0004483872,0.0,0.0
0.0007892652,1.0,0.0
0.00039036284,1.0,0.0
0.00022997415,1.0,0.0
0.00077950716,1.0,0.0
0.00025837173,1.0,0.0
0.00041188145,0.0,1.0
0.00066619104,0.0,1.0
0.0009874296,0.0,1.0
0.0016811019,0.0,1.0
0.00013528387,0.0,0.0
0.00012738488,0.0,0.0
0.007984493,0.0,0.0
0.0022836397,0.0,0.0
0.008233994,0.0,0.0
0.00043720103,0.0,0.0
0.00090791157,0.0,0.0
0.0027644034,0.0,0.0
0.0016740868,0.0,0.0
0.00028818712,0.0,0.0
0.0015406015,0.0,0.0
0.0034721685,0.0,0.0
0.00088162336,0.0,0.0
0.0008110238,0.0,0.0
0.001648009,0.0,0.0
0.0046575363,0.0,0.0
0.0015638779,0.0,1.0
0.0018741835,0.0,0.0
0.00018306225,1.0,0.0
0.0004470415,1.0,0.0
0.0001615589,1.0,0.0
0.0014042178,1.0,0.0
0.0056607667,0.0,0.0
0.0013635824,0.0,0.0
0.0006258275,0.0,0.0
0.0004140766,0.0,1.0
0.0006202878,0.0,1.0
0.0003828729,0.0,1.0
0.000491727,0.0,0.0
0.00063691195,0.0,0.0
0.0010192727,0.0,1.0
0.00023792413,0.0,1.0
0.0017602744,0.0,0.0
0.0020839146,0.0,0.0
0.0024043405,0.0,0.0
0.0010868117,0.0,0.0
0.0005685231,0.0,0.0
0.002494698,0.0,0.0
0.00022719409,0.0,0.0
0.00035283918,0.0,0.0
0.00080894,0.0,0.0
0.006469072,0.0,0.0
0.0016987643,0.0,0.0
0.005491845,0.0,0.0
0.0022109624,0.0,0.0
0.004454554,0.0,1.0
0.0008564509,0.0,0.0
0.007653639,0.0,0.0
0.0027937153,0.0,0.0
0.0020381254,0.0,0.0
0.0014359875,0.0,0.0
0.00069531985,0.0,0.0
0.0009085295,0.0,0.0
0.00065456243,0.0,1.0
0.002537459,0.0,1.0
0.0007404971,0.0,0.0
0.007607608,0.0,0.0
0.0032689793,0.0,0.0
0.011791738,0.0,0.0
0.00065211044,0.0,0.0
0.00021128294,0.0,0.0
0.0004278616,0.0,0.0
0.00020409026,0.0,0.0
0.00012506208,0.0,0.0
0.000542828,0.0,0.0
0.0012856703,0.0,0.0
0.000652153,0.0,0.0
0.0008224529,0.0,0.0
0.00026032835,0.0,0.0
0.00090533,0.0,0.0
0.0004741442,0.0,0.0
0.0004549957,0.0,0.0
0.0007946607,0.0,0.0
0.0015174038,0.0,0.0
0.0014048315,0.0,1.0
0.0025826725,0.0,0.0
0.0013108555,0.0,0.0
0.0008694702,0.0,0.0
0.003767457,0.0,0.0
0.001580791,0.0,0.0
0.002762983,0.0,0.0
0.0032849526,0.0,1.0
0.008331081,0.0,0.0
0.0007822004,0.0,0.0
0.017684428,0.0,0.0
0.0005445142,0.0,0.0
0.0075417357,0.0,0.0
0.0018562337,0.0,1.0
0.004519784,0.0,1.0
0.0021328938,0.0,0.0
0.0029748543,0.0,0.0
0.0024420053,0.0,0.0
0.006268907,0.0,0.0
0.005592757,0.0,0.0
0.0010592141,0.0,0.0
0.0026989358,0.0,0.0
0.009716195,0.0,0.0
0.0016839147,0.0,0.0
0.002231942,0.0,0.0
0.0031534366,0.0,0.0
0.0012224488,0.0,0.0
0.0032101918,0.0,0.0
0.003504006,0.0,0.0
0.00027301587,0.0,0.0
0.001266664,0.0,0.0
0.0008130931,0.0,0.0
0.0002897343,1.0,0.0
0.0017615787,1.0,0.0
0.00048020383,1.0,0.0
0.00025009183,1.0,1.0
0.00047798097,1.0,1.0
0.0012054353,1.0,0.0
0.001700886,0.0,0.0
0.00735771,1.0,0.0
0.0011758734,1.0,0.0
0.008491351,0.0,0.0
0.0010306647,0.0,0.0
0.000987991,0.0,0.0
0.0009896684,0.0,0.0
0.001125928,0.0,0.0
0.00078590296,0.0,0.0
0.00065966556,0.0,0.0
0.00034843845,0.0,0.0
0.0013966917,0.0,0.0
0.0011849875,0.0,0.0
0.00064792234,0.0,0.0
0.00030504106,0.0,0.0
0.0018221595,0.0,0.0
0.00062608137,0.0,0.0
0.0005951007,0.0,0.0
0.0008422935,0.0,0.0
0.0019394414,0.0,0.0
0.0015290815,0.0,0.0
0.001043311,0.0,1.0
0.00024234742,0.0,0.0
0.0028926437,0.0,0.0
0.0009918455,0.0,0.0
0.0017446305,0.0,0.0
0.00033684968,0.0,0.0
0.00063783035,0.0,0.0
0.00034588805,0.0,0.0
0.0007332517,0.0,0.0
0.0008230162,0.0,0.0
0.0004218999,0.0,0.0
0.00029774688,0.0,0.0
0.0002654223,0.0,0.0
0.00034225738,0.0,0.0
0.0010492202,0.0,1.0
0.00042047034,0.0,0.0
6.301412e-05,0.0,0.0
0.00012022139,0.0,0.0
0.00032709682,0.0,0.0
0.0007485043,1.0,0.0
8.959753e-05,1.0,0.0
0.00045298188,0.0,0.0
0.00027536074,1.0,0.0
0.00023540233,1.0,0.0
0.00038183283,1.0,0.0
0.00040083687,1.0,0.0
0.00028435793,1.0,0.0
0.00082377257,1.0,0.0
0.00012411701,0.0,0.0
0.00029928776,0.0,0.0
0.0014791968,0.0,0.0
0.00055983604,0.0,0.0
0.0003215006,0.0,0.0
0.0016284435,0.0,0.0
0.00046634924,0.0,0.0
0.00019748305,0.0,0.0
0.00094391964,0.0,0.0
0.0010664423,0.0,0.0
0.0028144442,0.0,0.0
0.00047181215,0.0,0.0
0.00085898495,0.0,0.0
0.00082582387,0.0,0.0
0.00086674705,0.0,0.0
0.0012025211,0.0,0.0
0.001148233,0.0,1.0
0.00013657755,0.0,0.0
0.00075879984,0.0,0.0
0.0004807672,0.0,0.0
0.00019543548,0.0,0.0
0.00016541334,0.0,0.0
0.00058254536,0.0,0.0
0.00038627326,0.0,1.0
0.00033971865,0.0,1.0
0.0024999992,0.0,0.0
0.00031090205,0.0,0.0
0.000920001,0.0,0.0
0.0002297782,0.0,1.0
0.0012975853,0.0,0.0
0.00087409106,0.0,0.0
0.00049691857,1.0,0.0
0.0010497165,1.0,0.0
0.001109175,1.0,0.0
0.0004747633,1.0,0.0
0.0004845453,0.0,0.0
0.00403891,0.0,0.0
0.0009097431,1.0,0.0
0.00032586395,0.0,0.0
0.0002863759,1.0,0.0
0.0016229593,0.0,1.0
0.0011244157,1.0,0.0
0.00036623148,1.0,0.0
0.0008888316,1.0,0.0
0.0005010179,1.0,1.0
0.0004952059,1.0,0.0
0.00025448398,0.0,0.0
0.00025382076,0.0,0.0
0.0003276811,0.0,0.0
0.0006482864,0.0,0.0
0.00051591,0.0,0.0
0.000573174,0.0,0.0
0.00058560056,0.0,0.0
0.000486077,0.0,0.0
0.0004729498,0.0,1.0
0.00022300433,0.0,0.0
0.00040185224,0.0,0.0
0.0011119192,0.0,1.0
0.0015457673,0.0,1.0
0.000428215,0.0,0.0
0.0016463074,0.0,0.0
0.0014280791,0.0,1.0
0.0003843333,0.0,0.0
0.0004280013,0.0,0.0
0.0015227449,0.0,0.0
0.0013290921,0.0,0.0
0.00050614844,0.0,1.0
0.00038627032,0.0,0.0
0.00015602252,0.0,0.0
0.00010875059,0.0,0.0
0.00014174062,0.0,0.0
0.000112789094,0.0,0.0
0.00024586546,0.0,0.0
0.00017639277,0.0,0.0
0.00021777478,0.0,0.0
0.00018874183,0.0,0.0
0.0003640224,0.0,0.0
0.0005904245,0.0,0.0
0.00052492326,0.0,1.0
0.0015976712,0.0,0.0
0.00020679341,0.0,0.0
0.002091347,0.0,0.0
0.0012696093,0.0,0.0
0.00082938484,0.0,0.0
0.002212642,0.0,0.0
0.005420132,0.0,0.0
0.00089890795,0.0,0.0
0.0023884086,0.0,0.0
0.0033938321,0.0,0.0
0.0030846817,0.0,0.0
0.00080130016,0.0,0.0
0.008994589,0.0,0.0
0.0026970906,0.0,0.0
0.0077934125,0.0,0.0
0.0005053614,0.0,0.0
0.013817569,0.0,0.0
0.000556512,1.0,0.0
0.0007483681,0.0,0.0
0.00013938265,0.0,0.0
0.00018293767,1.0,0.0
0.00038725772,0.0,0.0
0.0002800096,0.0,0.0
0.0008654436,0.0,0.0
0.00016915314,0.0,0.0
0.00011908545,1.0,0.0
0.00040015575,1.0,0.0
0.00027167087,0.0,0.0
0.00032634803,1.0,0.0
0.0037515587,0.0,0.0
0.002611223,0.0,0.0
0.0014816052,0.0,0.0
0.0005712427,0.0,0.0
0.0006960558,0.0,0.0
0.0001319526,0.0,0.0
0.00016554334,0.0,0.0
0.00019639135,0.0,1.0
0.00049948104,0.0,0.0
0.00017240069,1.0,0.0
0.0002058878,1.0,0.0
0.00014715633,1.0,0.0
0.00069703365,1.0,0.0
0.0002536473,1.0,0.0
0.00037113097,1.0,0.0
0.0002880421,1.0,0.0
0.0007727319,0.0,0.0
0.0013959437,0.0,0.0
0.0006783104,0.0,0.0
0.0010292659,0.0,0.0
0.0037169433,0.0,0.0
0.00051005365,0.0,0.0
0.0064448505,0.0,0.0
0.00038500768,0.0,0.0
0.0016834993,0.0,0.0
0.0018125803,0.0,0.0
0.0013710702,0.0,0.0
0.00015041229,0.0,0.0
0.0011467182,0.0,0.0
0.003975684,0.0,0.0
0.0033349888,0.0,0.0
0.004801559,0.0,0.0
0.001753292,0.0,0.0
0.004559199,0.0,0.0
0.001652785,0.0,0.0
0.0022112338,0.0,1.0
0.00040109086,1.0,0.0
0.0030159398,0.0,0.0
8.787327e-05,0.0,0.0
0.000205342,1.0,0.0
0.00074996543,1.0,1.0
0.0012930502,0.0,0.0
0.0005986865,0.0,0.0
0.0008842532,0.0,0.0
0.0019203642,0.0,0.0
0.0015020818,0.0,0.0
0.001071934,0.0,0.0
0.007816347,0.0,0.0
0.0010462642,0.0,0.0
0.0050403015,0.0,0.0
0.0008624335,0.0,0.0
0.0023679188,0.0,1.0
0.00036342407,0.0,1.0
0.00084902963,0.0,0.0
0.00066061085,0.0,0.0
0.0002253725,0.0,0.0
0.0004307373,0.0,0.0
7.959965e-05,0.0,0.0
0.00042220167,0.0,0.0
0.00024865006,0.0,0.0
0.0002328586,1.0,1.0
0.00021957705,0.0,0.0
0.000213408,0.0,0.0
0.0006344014,0.0,0.0
0.00061456865,0.0,0.0
0.000117563075,0.0,0.0
0.00044380908,0.0,0.0
0.00034411752,0.0,0.0
0.00029111071,0.0,0.0
0.00064688415,0.0,0.0
0.0027215118,1.0,0.0
0.0031027852,0.0,0.0
0.0018612524,1.0,0.0
0.0016887005,0.0,0.0
0.0040418687,0.0,0.0
0.0016226373,1.0,0.0
0.00042651716,1.0,0.0
0.00086875336,0.0,1.0
0.0015185783,0.0,0.0
0.0013154767,1.0,0.0
0.0016854656,0.0,0.0
0.0015545951,0.0,0.0
0.0015719353,0.0,0.0
0.0005756433,0.0,1.0
0.0010641868,0.0,1.0
0.001721699,0.0,0.0
0.001968894,0.0,0.0
0.0046755117,0.0,0.0
0.0015479545,0.0,0.0
0.00046354023,0.0,0.0
0.00035338147,0.0,0.0
0.0034533872,0.0,0.0
0.0013464848,0.0,0.0
0.00011964603,0.0,0.0
0.0016979914,0.0,0.0
0.000757035,0.0,0.0
0.00046721552,0.0,0.0
0.00078777404,0.0,0.0
0.001244295,0.0,0.0
0.0013037731,0.0,0.0
0.0005839093,0.0,0.0
0.0045538777,0.0,0.0
0.0010756848,0.0,0.0
0.012033563,0.0,0.0
0.0004206969,0.0,0.0
0.0050103813,0.0,0.0
0.0054288995,0.0,0.0
0.003393084,0.0,0.0
0.00062083575,0.0,0.0
0.0009052253,0.0,0.0
0.006486942,0.0,0.0
0.0010397958,0.0,0.0
0.0014238098,0.0,1.0
0.006518459,0.0,0.0
0.0073594833,0.0,0.0
0.00093002897,0.0,0.0
0.0034610408,0.0,1.0
0.0010914464,0.0,0.0
0.0016220409,0.0,0.0
0.0013150057,0.0,0.0
0.00042893132,0.0,0.0
0.0015412956,0.0,0.0
0.0010232623,0.0,0.0
0.00013922671,0.0,0.0
0.007158839,0.0,0.0
0.0010139903,0.0,0.0
0.0004195081,0.0,0.0
0.00027494467,0.0,0.0
0.0009972374,0.0,0.0
0.0002959038,0.0,0.0
0.0014256557,0.0,0.0
0.0010995378,0.0,0.0
0.000627685,0.0,0.0
0.0023730348,0.0,0.0
0.00057107507,0.0,0.0
0.0012802515,0.0,0.0
0.0014103471,0.0,0.0
0.0013597737,0.0,0.0
0.0029168967,0.0,0.0
0.0017081414,0.0,0.0
0.00064362737,0.0,0.0
0.00065081776,0.0,0.0
0.0067075025,0.0,0.0
0.0020404798,0.0,0.0
0.000620093,0.0,0.0
0.0032475637,0.0,0.0
0.0040464033,0.0,0.0
0.0014739007,0.0,0.0
0.00038743106,0.0,0.0
0.0029020894,0.0,0.0
0.0008249403,0.0,0.0
0.0040304274,0.0,0.0
0.00051555654,0.0,0.0
0.00026106383,0.0,0.0
0.00048209255,0.0,0.0
0.011528204,0.0,0.0
0.002225238,0.0,0.0
0.0018417774,0.0,0.0
0.0016294755,0.0,0.0
0.0067825266,0.0,0.0
0.00028529833,0.0,0.0
0.004706898,0.0,0.0
0.0012893418,0.0,0.0
0.0012357233,0.0,0.0
0.0007868302,0.0,0.0
0.00066856184,0.0,0.0
0.0013075734,0.0,0.0
0.0013105845,0.0,0.0
0.0006739486,0.0,0.0
0.00036033642,0.0,0.0
0.00068395946,0.0,0.0
0.0013905672,0.0,0.0
0.00016013975,0.0,0.0
0.0004914133,0.0,0.0
0.0016606925,0.0,0.0
0.0004971846,0.0,0.0
0.0001677167,0.0,0.0
0.0003520182,0.0,0.0
0.00026523106,0.0,1.0
0.00022122436,0.0,0.0
0.0011059685,0.0,0.0
0.00021891501,0.0,1.0
0.00089326344,0.0,1.0
7.801501e-05,0.0,0.0
0.00042241986,0.0,0.0
0.00012372082,0.0,0.0
0.000291794,0.0,0.0
0.0002730859,0.0,0.0
0.00045398387,0.0,0.0
0.000841268,0.0,0.0
0.0018650859,0.0,0.0
0.00084297755,0.0,0.0
0.0019767042,0.0,0.0
0.0011427299,0.0,0.0
0.0019278895,0.0,0.0
0.0040600565,0.0,0.0
0.014240868,0.0,0.0
0.00044515092,0.0,1.0
0.0037293613,0.0,0.0
0.00030781582,0.0,0.0
0.002198443,0.0,0.0
0.012242947,0.0,0.0
0.004151648,0.0,0.0
0.00040940897,0.0,0.0
0.001977694,0.0,0.0
0.0067404867,0.0,0.0
0.0044482234,0.0,0.0
0.0012993156,0.0,0.0
0.0014666645,0.0,0.0
0.0038287393,0.0,0.0
0.0003208909,0.0,0.0
0.0012383761,0.0,1.0
0.0008206387,0.0,1.0
0.002174637,0.0,0.0
0.001007632,0.0,0.0
0.0005148349,0.0,0.0
0.0005712607,0.0,0.0
0.001000209,0.0,0.0
0.0029528053,0.0,0.0
0.0017186146,0.0,0.0
0.00044247674,0.0,0.0
0.00041301636,0.0,0.0
0.0045005605,0.0,0.0
0.003984154,0.0,0.0
0.003189213,0.0,0.0
0.005162512,0.0,0.0
0.0011104177,0.0,0.0
0.008093741,0.0,0.0
0.007818248,0.0,0.0
0.0059268703,0.0,0.0
0.0049710376,0.0,0.0
0.00790523,0.0,0.0
0.0028081108,0.0,0.0
0.0018372228,0.0,0.0
0.008738215,0.0,0.0
0.009869188,0.0,0.0
0.00023633492,0.0,0.0
0.0008180236,0.0,0.0
0.000793818,0.0,0.0
0.0043996284,0.0,0.0
0.00019927905,0.0,1.0
0.0023181548,0.0,0.0
0.0026377772,0.0,0.0
0.0028275952,0.0,0.0
0.0008179413,0.0,0.0
0.00039691236,0.0,0.0
0.0061555235,0.0,1.0
0.0011532437,0.0,1.0
0.0003496927,0.0,0.0
0.0014291662,0.0,0.0
0.0011536349,0.0,0.0
0.00030537922,0.0,0.0
0.0008292698,0.0,0.0
0.00056864286,0.0,0.0
0.00081323716,0.0,0.0
0.007248493,0.0,0.0
0.0013407002,0.0,0.0
0.002199637,0.0,0.0
0.00093437795,0.0,0.0
0.0020116016,0.0,0.0
0.0013834928,0.0,0.0
0.0004604255,0.0,0.0
0.00033395432,0.0,0.0
0.0007014484,0.0,0.0
0.0016735959,0.0,0.0
0.00019802178,0.0,0.0
0.00025132168,0.0,0.0
0.00010211584,0.0,1.0
0.00074422674,0.0,1.0
0.00041999147,0.0,0.0
0.00042903706,0.0,0.0
0.00093952345,0.0,0.0
0.00024922777,1.0,0.0
0.00033173052,1.0,0.0
0.0003920562,1.0,0.0
0.0019711356,1.0,0.0
0.0011659969,1.0,0.0
0.00071803766,1.0,0.0
0.0035069413,0.0,0.0
0.003700146,0.0,0.0
0.00051891396,0.0,0.0
0.0013211708,1.0,0.0
0.0007458026,0.0,0.0
0.0025275298,0.0,0.0
0.00074563385,0.0,0.0
0.00045526124,0.0,0.0
0.0004884907,0.0,0.0
0.0013405195,0.0,0.0
0.003346221,0.0,0.0
0.0066833664,0.0,0.0
0.004420921,0.0,0.0
0.003351737,0.0,0.0
0.001469468,0.0,0.0
0.0009695583,0.0,0.0
0.0004261392,1.0,0.0
0.0005379062,0.0,0.0
9.7800614e-05,0.0,0.0
0.00042723046,0.0,0.0
0.0002696863,0.0,0.0
0.0012714202,0.0,0.0
0.0018823417,0.0,0.0
0.00014690819,0.0,0.0
0.004101179,0.0,0.0
0.00027724984,0.0,0.0
0.0026614962,0.0,0.0
0.00048988604,0.0,0.0
0.0011242802,0.0,0.0
0.0002222671,0.0,0.0
0.0014900969,0.0,0.0
0.0056542573,0.0,0.0
0.0010077141,1.0,0.0
0.0018645746,0.0,0.0
0.00307874,0.0,0.0
0.004484698,0.0,0.0
0.0017830126,0.0,0.0
0.0010443238,0.0,0.0
0.00020134808,0.0,0.0
0.0001809444,0.0,0.0
0.0003349255,0.0,0.0
0.00051870674,0.0,0.0
9.2881884e-05,0.0,0.0
0.004576855,0.0,0.0
0.0062489416,0.0,0.0
0.0025328575,0.0,0.0
0.002245127,0.0,0.0
0.0035366826,0.0,0.0
0.001223859,0.0,0.0
0.002168738,0.0,0.0
0.0028378116,1.0,1.0
0.0024825626,1.0,1.0
0.0003516132,0.0,0.0
0.0007806539,0.0,0.0
0.0034316285,0.0,0.0
0.0025328659,0.0,0.0
0.0021156652,0.0,0.0
0.0018021642,0.0,0.0
0.00028389014,0.0,0.0
0.0054588346,0.0,0.0
0.0041093733,0.0,0.0
0.012007662,0.0,0.0
0.0004353599,0.0,0.0
0.0017116241,0.0,0.0
0.0006734498,0.0,0.0
0.0011952376,0.0,0.0
0.008527337,0.0,0.0
0.0007406591,0.0,0.0
0.0031902287,0.0,0.0
0.009057506,0.0,0.0
0.0042922287,0.0,0.0
0.0022279148,0.0,0.0
0.0025923846,0.0,0.0
0.003578724,0.0,0.0
0.0011657226,0.0,0.0
0.0013602555,1.0,0.0
0.0006585666,0.0,0.0
0.0003261045,1.0,0.0
0.00041291516,0.0,0.0
0.0025264265,0.0,0.0
0.0002222118,1.0,0.0
0.002098154,0.0,0.0
0.0010264458,0.0,0.0
0.00041123293,0.0,0.0
0.0010776602,0.0,0.0
0.0009562228,0.0,0.0
0.0011834055,0.0,0.0
0.0012664276,0.0,0.0
0.0011078565,0.0,0.0
0.0016839578,0.0,0.0
0.00057279906,0.0,0.0
0.0033107435,0.0,0.0
0.0005253089,0.0,0.0
0.00067466195,0.0,0.0
0.00056112296,0.0,0.0
0.00048518612,0.0,0.0
0.007160425,0.0,0.0
0.0029678985,0.0,0.0
0.0003990341,0.0,0.0
0.0041941702,0.0,0.0
0.0015118329,0.0,0.0
0.0009050498,0.0,0.0
0.004355712,0.0,0.0
0.00064456684,0.0,0.0
0.0021564201,0.0,0.0
0.0006543735,0.0,0.0
0.0004739853,0.0,0.0
0.00034416447,0.0,0.0
0.0006376356,0.0,1.0
0.00044385053,0.0,0.0
0.000822881,0.0,0.0
0.0030011695,0.0,1.0
0.00030078864,0.0,0.0
0.0005525769,0.0,0.0
0.0020993054,0.0,0.0
0.0005710579,0.0,0.0
0.00038676278,0.0,0.0
0.0006028478,0.0,0.0
0.001220447,0.0,1.0
0.0009399385,0.0,1.0
0.0013521435,0.0,0.0
0.0017244386,0.0,0.0
0.0009876691,0.0,0.0
0.0006557876,0.0,0.0
0.0015166253,0.0,1.0
0.0025632896,0.0,0.0
0.0016299745,0.0,0.0
0.0021443274,0.0,0.0
0.0076809176,0.0,0.0
0.0066460534,0.0,0.0
0.015990641,0.0,0.0
0.004437014,0.0,0.0
0.0010615693,0.0,0.0
0.0036519815,0.0,0.0
0.0009123982,0.0,0.0
0.0033425048,0.0,0.0
0.00043429772,0.0,1.0
0.00014103483,0.0,1.0
0.00044421837,0.0,0.0
0.0005483467,0.0,0.0
0.00043107825,0.0,1.0
0.0009127416,0.0,0.0
0.00023323945,0.0,0.0
0.0006949102,0.0,0.0
0.0015634217,0.0,0.0
0.0011612906,0.0,0.0
0.0015099297,1.0,0.0
0.00023605433,1.0,1.0
0.000549298,1.0,0.0
0.00021591257,1.0,0.0
0.00050876115,1.0,0.0
0.0005169705,1.0,0.0
0.00017495523,1.0,1.0
0.00054520444,1.0,0.0
0.000104659084,1.0,0.0
0.00022003056,1.0,1.0
0.00016824974,1.0,0.0
0.00030652175,1.0,0.0
0.00024794438,0.0,0.0
0.00035030546,0.0,0.0
0.00041597924,0.0,0.0
0.000883433,0.0,0.0
0.00033160186,1.0,1.0
0.0013082492,0.0,0.0
0.0016360655,0.0,0.0
0.00021655603,0.0,0.0
0.0006999226,0.0,0.0
0.002682493,0.0,0.0
0.00048327446,0.0,0.0
0.00089822296,0.0,0.0
0.00059131347,0.0,0.0
0.0003690372,0.0,0.0
0.00011206118,0.0,0.0
0.00017679959,0.0,0.0
0.0007000797,0.0,0.0
0.000696095,0.0,0.0
0.00016408139,0.0,0.0
0.00012249422,0.0,0.0
0.00017641782,0.0,0.0
0.00019270372,0.0,0.0
0.0009136769,0.0,0.0
0.00026226608,0.0,0.0
0.00019598428,0.0,0.0
0.00032902372,0.0,1.0
0.0002893677,0.0,0.0
0.0009198753,0.0,0.0
0.0042236224,0.0,0.0
0.001182842,0.0,0.0
0.00053759885,0.0,0.0
0.0012687843,0.0,0.0
0.00078021246,0.0,0.0
0.018569736,0.0,0.0
0.0016645137,0.0,0.0
0.0036700547,0.0,0.0
0.00044239787,0.0,0.0
0.006131286,0.0,0.0
0.0007795024,0.0,0.0
0.0029102403,0.0,0.0
0.017795686,0.0,0.0
0.008643965,0.0,0.0
0.008484019,0.0,0.0
0.0016353336,0.0,0.0
0.0065584118,0.0,0.0
0.003330147,0.0,0.0
0.008900828,0.0,0.0
0.0010437956,0.0,0.0
0.0043299966,0.0,0.0
0.0017028967,0.0,0.0
0.0014623057,0.0,1.0
0.0010564564,0.0,1.0
0.0040106494,0.0,0.0
0.0006927618,0.0,0.0
0.00076660607,0.0,1.0
0.00044453354,1.0,1.0
0.0030699682,0.0,0.0
0.00028669304,1.0,0.0
0.0016713239,0.0,0.0
0.0009229053,1.0,0.0
0.00068519806,0.0,0.0
0.0033786122,0.0,0.0
0.0012567269,1.0,0.0
0.00044284892,1.0,0.0
0.0004252041,1.0,0.0
0.0003049184,0.0,0.0
0.0012807833,0.0,0.0
0.00067580905,1.0,0.0
0.0008206156,0.0,0.0
0.00036637209,1.0,0.0
0.001376197,0.0,0.0
0.0023057582,0.0,0.0
0.00089203863,1.0,0.0
0.00050423713,0.0,0.0
0.00052711705,1.0,0.0
0.00022885336,0.0,0.0
0.00072572456,1.0,1.0
0.0013580549,1.0,0.0
0.0009588759,0.0,0.0
0.0004614554,0.0,0.0
0.0011637877,0.0,0.0
0.009934838,0.0,0.0
0.0011609078,0.0,0.0
0.0006269144,0.0,0.0
0.0021270714,0.0,0.0
0.00032830777,0.0,0.0
0.0058474713,0.0,0.0
0.00027146837,0.0,1.0
0.001164428,0.0,1.0
0.0050755343,0.0,1.0
0.0016744853,0.0,0.0
0.008378991,0.0,0.0
0.0014372666,0.0,0.0
0.007061408,0.0,0.0
0.001946139,0.0,0.0
0.005210411,0.0,0.0
0.016129725,0.0,1.0
0.0012978251,0.0,0.0
0.0060530906,0.0,0.0
0.00087205303,0.0,1.0
0.0025201808,0.0,1.0
0.0041248733,0.0,1.0
0.004797509,0.0,0.0
0.05948977,0.0,1.0
0.0021478003,0.0,0.0
0.0012979647,0.0,0.0
0.00083487347,0.0,0.0
0.0017001815,0.0,0.0
0.00042388166,1.0,0.0
0.0011288604,0.0,0.0
0.00040671925,1.0,1.0
0.0014842333,0.0,1.0
0.0019205643,1.0,1.0
0.00060989877,0.0,1.0
0.00027705086,1.0,1.0
0.0006065874,1.0,0.0
0.0016246963,0.0,0.0
0.0021158082,0.0,0.0
0.0012797407,0.0,0.0
0.00066052336,0.0,0.0
0.0017533771,0.0,0.0
0.00050587347,0.0,0.0
0.0015259142,0.0,0.0
0.0029525328,0.0,0.0
0.0059344713,0.0,0.0
0.0025652412,0.0,0.0
0.0044045476,0.0,0.0
0.010405436,0.0,0.0
0.005329965,0.0,0.0
0.006471607,0.0,0.0
0.00640998,0.0,0.0
0.0059276153,0.0,0.0
0.011728202,0.0,0.0
0.0025208176,0.0,0.0
0.0044457912,0.0,0.0
0.008467574,0.0,0.0
0.0016918111,0.0,0.0
0.00061403116,0.0,0.0
0.001181395,0.0,0.0
0.0024340947,0.0,0.0
0.00016968994,0.0,0.0
0.002014833,0.0,0.0
0.0017722035,0.0,1.0
0.0006727535,0.0,0.0
0.0005012481,0.0,0.0
0.0066808215,0.0,0.0
0.0015143667,0.0,0.0
0.006493002,0.0,0.0
0.0018012602,0.0,0.0
0.0074167755,0.0,0.0
0.009803488,0.0,0.0
0.0024536194,0.0,0.0
0.005609379,0.0,0.0
0.00257169,0.0,0.0
0.0043259324,0.0,0.0
0.0013818732,0.0,0.0
0.0013330766,0.0,0.0
0.00028133098,0.0,0.0
0.00032789362,0.0,0.0
0.001825314,0.0,0.0
0.00049518136,0.0,0.0
0.0013669227,0.0,1.0
0.0007207954,0.0,0.0
0.0049844356,0.0,0.0
0.0010734985,0.0,1.0
0.0003608505,0.0,0.0
0.002614971,0.0,0.0
0.0008942879,0.0,0.0
0.0011169257,0.0,0.0
0.0027660222,0.0,0.0
0.0025744825,1.0,0.0
0.0017652981,0.0,0.0
0.0019436586,0.0,0.0
0.00040312784,0.0,0.0
0.0028839835,0.0,0.0
0.00072521606,0.0,0.0
0.0025971716,0.0,0.0
0.0009300316,0.0,0.0
0.00093571655,0.0,0.0
0.0005614956,0.0,0.0
0.00058066123,0.0,0.0
0.00036314185,0.0,0.0
0.00089463394,0.0,0.0
0.0012718653,0.0,0.0
0.00033000356,0.0,0.0
0.00082728575,0.0,0.0
0.00053842604,0.0,0.0
0.0013019268,0.0,0.0
0.0020573374,0.0,1.0
0.00085500284,0.0,0.0
0.00059565454,0.0,0.0
0.00034083883,0.0,0.0
0.0021478045,0.0,0.0
0.0023434844,0.0,0.0
0.00093824253,0.0,0.0
0.00059941504,0.0,0.0
0.0017863357,0.0,0.0
0.00043465762,0.0,0.0
0.001784332,1.0,0.0
0.00016367932,1.0,0.0
0.0013545221,1.0,0.0
0.004137558,1.0,0.0
0.00029568354,1.0,0.0
0.00045062177,1.0,0.0
0.00018957294,1.0,1.0
0.00032998185,1.0,0.0
0.00083549577,1.0,0.0
0.0012744403,1.0,0.0
0.0003349935,1.0,0.0
0.00029076176,0.0,0.0
0.0017501968,1.0,0.0
0.0024505344,1.0,0.0
0.001206334,1.0,0.0
0.00038784955,0.0,0.0
0.0018020424,1.0,0.0
0.001416796,0.0,0.0
0.0014810157,0.0,0.0
0.0017291895,0.0,0.0
0.003939209,0.0,0.0
0.0012162357,0.0,0.0
0.0028684593,0.0,0.0
0.003908744,0.0,0.0
0.0007771053,0.0,0.0
0.0023722404,0.0,0.0
0.0019373014,0.0,0.0
0.001594931,0.0,0.0
0.0038851795,0.0,0.0
0.0025360254,0.0,0.0
0.0012230643,0.0,0.0
0.0006399379,1.0,0.0
0.0029722475,1.0,0.0
0.0010362738,0.0,0.0
0.00028039055,1.0,0.0
0.0006086485,0.0,0.0
0.0016475586,0.0,0.0
0.0006561314,0.0,0.0
0.0009085806,0.0,0.0
0.00040050226,0.0,0.0
0.0005506103,0.0,0.0
0.00020879427,0.0,0.0
0.0007076126,0.0,0.0
0.00021827868,0.0,0.0
0.00012189484,0.0,0.0
0.00046931123,0.0,0.0
0.0009034718,0.0,0.0
0.000284914,0.0,0.0
9.836618e-05,0.0,0.0
0.00085042947,0.0,0.0
0.00020019147,0.0,0.0
0.00083223917,0.0,0.0
0.00061456795,0.0,0.0
0.00082590495,0.0,0.0
0.0007772545,0.0,0.0
0.0013413413,0.0,0.0
0.0044505447,0.0,0.0
0.00070815504,0.0,0.0
0.010683471,0.0,0.0
0.0016649948,0.0,0.0
0.0021793644,0.0,1.0
0.00032139948,0.0,1.0
0.00068159774,0.0,0.0
0.00041358155,0.0,0.0
0.00014558467,0.0,0.0
0.00035865506,0.0,0.0
0.0002740358,0.0,0.0
0.00057417405,0.0,0.0
0.00033504146,0.0,0.0
0.00042745308,1.0,0.0
0.00087480765,1.0,0.0
0.00023346172,0.0,0.0
0.0012963767,1.0,0.0
0.00056137814,1.0,0.0
0.0005341043,0.0,0.0
0.0019253744,0.0,0.0
0.0011306701,0.0,0.0
0.0027544692,0.0,0.0
0.0007652639,0.0,0.0
0.0015061564,0.0,0.0
0.0021500224,0.0,0.0
0.0012747791,0.0,0.0
0.00048149552,0.0,0.0
0.0016320989,0.0,0.0
0.0022560572,0.0,0.0
0.003975803,0.0,0.0
0.001817393,0.0,0.0
0.0036790282,0.0,0.0
0.004216293,0.0,0.0
0.0067367875,0.0,0.0
0.0023424525,0.0,0.0
0.0008740878,0.0,0.0
0.00069732626,0.0,0.0
0.0045591122,0.0,0.0
0.0011565649,0.0,0.0
0.00036126803,0.0,0.0
0.0003069414,0.0,0.0
0.001299909,0.0,0.0
0.008365227,0.0,1.0
0.0067271837,0.0,1.0
0.0016160859,0.0,1.0
0.0016616485,0.0,1.0
0.0047731516,0.0,0.0
0.0028525274,0.0,0.0
0.0029882835,0.0,0.0
0.0028561454,0.0,0.0
0.007283104,0.0,0.0
0.006444135,0.0,0.0
0.00272726,0.0,0.0
0.0016974177,0.0,0.0
0.0005922531,0.0,0.0
0.022118827,0.0,0.0
0.008438354,0.0,0.0
0.008989671,0.0,0.0
0.00094390614,0.0,0.0
0.002057813,0.0,0.0
0.0021843517,0.0,0.0
0.004056306,1.0,1.0
0.00135974,1.0,1.0
0.0013563668,0.0,1.0
0.003445187,0.0,0.0
0.0071013384,1.0,0.0
0.00087332353,0.0,0.0
0.0011362355,0.0,0.0
0.0008307722,0.0,0.0
0.011751643,0.0,0.0
0.013850056,0.0,0.0
0.002258928,0.0,1.0
0.015191603,0.0,0.0
0.003742029,0.0,0.0
0.015152069,0.0,0.0
0.009349554,0.0,0.0
0.0018882585,0.0,0.0
0.002632926,0.0,0.0
0.0048824903,0.0,0.0
0.0011075035,0.0,0.0
0.00068390963,0.0,0.0
0.0025986678,1.0,0.0
0.0011679506,1.0,0.0
0.0007904484,1.0,0.0
0.0037297867,1.0,0.0
0.00078516896,1.0,1.0
0.0016295766,0.0,0.0
0.002391773,0.0,0.0
0.0006193846,0.0,0.0
0.00090712693,1.0,0.0
0.006462755,0.0,0.0
0.005637042,0.0,0.0
0.0046223165,0.0,0.0
0.0037736045,0.0,0.0
0.002228186,0.0,0.0
0.0023564682,0.0,0.0
0.002145898,0.0,0.0
0.0039442265,0.0,1.0
0.0036308786,0.0,0.0
0.007837491,0.0,0.0
0.007047353,0.0,0.0
0.0033200902,0.0,0.0
0.013673623,0.0,0.0
0.0056180037,0.0,0.0
0.004567399,0.0,0.0
0.0010577725,0.0,0.0
0.0045693894,0.0,0.0
0.0008056137,0.0,0.0
0.0031373417,0.0,0.0
0.002381699,0.0,0.0
0.0033834197,0.0,0.0
0.005237333,0.0,1.0
0.0027422872,0.0,0.0
0.0027544363,0.0,0.0
0.0053120437,0.0,0.0
0.002391326,0.0,0.0
0.00084550155,1.0,0.0
0.0014381793,0.0,0.0
0.003871814,0.0,0.0
0.0014376609,0.0,0.0
0.0027926804,1.0,0.0
0.008714645,0.0,0.0
0.0031640714,0.0,0.0
0.0014875982,0.0,0.0
0.008714445,0.0,0.0
0.0027157536,0.0,0.0
0.0006330238,0.0,0.0
0.002948036,0.0,0.0
0.004755915,0.0,0.0
0.005426609,0.0,0.0
0.00033970346,0.0,0.0
0.0012349996,0.0,0.0
0.011077707,0.0,0.0
0.008081332,0.0,0.0
0.0039550806,0.0,0.0
0.006090004,0.0,0.0
0.010095651,0.0,0.0
0.004235964,0.0,0.0
0.0027383687,0.0,0.0
0.0012015519,0.0,0.0
0.0046269963,0.0,1.0
0.004014434,0.0,1.0
0.0055380943,0.0,1.0
0.005642013,0.0,1.0
0.012559548,1.0,0.0
0.015942086,1.0,0.0
0.0030075696,0.0,0.0
0.00486095,1.0,0.0
0.00243334,0.0,0.0
0.0023741145,1.0,0.0
0.0027166216,0.0,0.0
0.0037828924,1.0,1.0
0.0015842295,0.0,1.0
0.00078545633,0.0,0.0
0.0019310988,0.0,0.0
0.00067718036,1.0,0.0
0.0020211018,1.0,0.0
0.00070957234,1.0,0.0
0.00067763415,0.0,0.0
0.0031743026,0.0,0.0
0.001535157,0.0,0.0
0.003190919,0.0,0.0
0.0036128126,0.0,0.0
0.0013067063,0.0,0.0
0.0013054569,0.0,1.0
0.006029949,0.0,0.0
0.0035752489,0.0,0.0
0.010055539,0.0,0.0
0.012326071,0.0,1.0
0.009551497,0.0,1.0
0.004958903,0.0,0.0
0.01571651,0.0,0.0
0.009263833,0.0,0.0
0.008260961,0.0,1.0
0.006034967,0.0,0.0
0.0053820144,0.0,0.0
0.008151177,0.0,0.0
0.0071729287,0.0,0.0
0.00072068867,0.0,0.0
0.0029850858,0.0,0.0
0.0005446393,0.0,0.0
0.0030193485,0.0,0.0
0.0032839938,0.0,0.0
0.0020724563,0.0,0.0
0.00080231024,0.0,0.0
0.010722322,0.0,0.0
0.0032489195,0.0,0.0
0.005333566,0.0,0.0
0.0038117769,0.0,0.0
0.009201111,0.0,0.0
0.030864127,0.0,0.0
0.017668307,0.0,0.0
0.0053110034,0.0,0.0
0.0066537387,0.0,0.0
0.008408679,0.0,0.0
0.0062071015,0.0,0.0
0.012716247,0.0,0.0
0.009969225,0.0,0.0
0.008526588,0.0,0.0
0.02142993,0.0,0.0
0.0020044832,0.0,0.0
0.009804584,0.0,0.0
0.027084438,0.0,0.0
0.008278403,0.0,0.0
0.011375097,0.0,0.0
0.021146793,0.0,0.0
0.0063045197,0.0,0.0
0.006222239,0.0,0.0
0.021567369,0.0,0.0
0.020148816,0.0,0.0
0.017407754,0.0,0.0
0.027772078,0.0,0.0
0.021008886,1.0,0.0
0.022792295,1.0,0.0
0.021931939,1.0,0.0
0.027045326,1.0,0.0
0.021403812,0.0,0.0
0.01763155,0.0,0.0
0.010676352,0.0,0.0
0.013114456,0.0,0.0
0.007740712,0.0,0.0
0.0062136883,0.0,0.0
0.004605662,0.0,0.0
0.001563864,0.0,0.0
0.0021015971,0.0,0.0
0.0011680636,0.0,0.0
0.016455082,0.0,0.0
0.0044004824,0.0,0.0
0.007602063,0.0,1.0
0.010843226,0.0,1.0
0.010663396,0.0,0.0
0.0044621034,0.0,0.0
0.016311144,0.0,0.0
0.0048492462,0.0,0.0
0.00071742374,0.0,0.0
0.004197318,0.0,0.0
0.0015934304,0.0,0.0
0.0020794452,0.0,0.0
0.0019700506,0.0,0.0
0.004317612,0.0,0.0
0.0062668165,0.0,1.0
0.010595433,0.0,0.0
0.0030293365,0.0,0.0
0.002664922,0.0,0.0
0.003445675,0.0,0.0
0.00748594,0.0,0.0
0.016223969,0.0,0.0
0.005775376,0.0,0.0
0.0141494805,0.0,0.0
0.008046124,0.0,0.0
0.00488656,0.0,0.0
0.0047729863,0.0,0.0
0.0041425987,0.0,0.0
0.020225866,0.0,0.0
0.020166697,0.0,0.0
0.0047969767,0.0,0.0
0.003792967,0.0,0.0
0.0050760303,0.0,0.0
0.007722223,0.0,0.0
0.0019762435,0.0,0.0
0.0044568214,0.0,0.0
0.0023364872,0.0,0.0
0.01042944,0.0,0.0
0.003606585,0.0,0.0
0.0017622815,0.0,0.0
0.008871875,0.0,0.0
0.008381468,0.0,0.0
0.009081509,0.0,0.0
0.006802159,0.0,0.0
0.021907551,0.0,0.0
0.016579092,0.0,1.0
0.012623041,0.0,1.0
0.0038088104,0.0,0.0
0.007286763,0.0,0.0
0.006667614,0.0,0.0
0.005218578,0.0,1.0
0.0058875205,0.0,0.0
0.004662639,0.0,0.0
0.008131824,0.0,0.0
0.005398027,0.0,0.0
0.006002625,0.0,0.0
0.046465866,0.0,0.0
0.012153489,0.0,0.0
0.026981032,0.0,1.0
0.019846795,0.0,0.0
0.050212935,0.0,0.0
0.048794497,0.0,0.0
0.018132228,0.0,1.0
0.013372859,0.0,0.0
0.04120196,0.0,0.0
0.009682777,0.0,0.0
0.002680393,0.0,0.0
0.018326974,0.0,0.0
0.002419751,0.0,0.0
0.003137922,0.0,0.0
0.0012413734,0.0,1.0
0.0028035599,0.0,1.0
0.00086759607,0.0,0.0
0.0057206294,0.0,0.0
0.020823333,0.0,0.0
0.0031899256,0.0,0.0
0.0026566968,0.0,0.0
0.004185057,0.0,0.0
0.0043864413,0.0,0.0
0.01593442,0.0,0.0
0.0052828165,0.0,0.0
0.015203521,0.0,0.0
0.0037916538,0.0,0.0
0.01477189,0.0,1.0
0.011270712,0.0,0.0
0.013199791,0.0,0.0
0.009319838,0.0,0.0
0.0018685999,0.0,0.0
0.0029954365,0.0,0.0
0.0048727533,0.0,0.0
0.0011716975,0.0,0.0
0.0045188954,0.0,1.0
0.005383735,0.0,1.0
0.0058084987,0.0,1.0
0.001966564,0.0,0.0
0.008465856,0.0,0.0
0.008951663,0.0,0.0
0.01867432,0.0,0.0
0.004252761,0.0,0.0
0.011172757,0.0,0.0
0.008607568,0.0,0.0
0.03745994,0.0,0.0
0.013389176,0.0,0.0
0.020795245,0.0,0.0
0.04317618,0.0,0.0
0.04463126,0.0,0.0
0.008897853,0.0,0.0
0.029360507,0.0,0.0
0.01800857,0.0,0.0
0.00205607,0.0,0.0
0.03762147,0.0,0.0
0.002993939,0.0,0.0
0.0042837593,0.0,0.0
0.0016314085,0.0,0.0
0.0030140795,0.0,0.0
0.02109495,0.0,1.0
0.009667665,0.0,1.0
0.006097606,0.0,0.0
0.002647651,0.0,0.0
0.0012065903,0.0,0.0
0.009889685,0.0,0.0
0.010712838,0.0,0.0
0.03840215,0.0,0.0
0.034361023,0.0,0.0
0.03812571,0.0,0.0
0.019271962,0.0,1.0
0.01705502,0.0,0.0
0.00416626,0.0,0.0
0.02990847,0.0,0.0
0.0010065468,0.0,0.0
0.024749417,0.0,0.0
0.011056576,0.0,0.0
0.010277238,0.0,0.0
0.026087403,0.0,0.0
0.004622121,0.0,0.0
0.020054305,0.0,0.0
0.010510577,0.0,0.0
0.009367069,0.0,0.0
0.0041586957,0.0,0.0
0.026668796,0.0,0.0
0.0083124405,0.0,0.0
0.039210893,0.0,0.0
0.010349742,0.0,0.0
0.005246175,0.0,0.0
0.015752599,0.0,0.0
0.0065868977,0.0,0.0
0.007384267,0.0,0.0
0.010440962,0.0,0.0
0.025070073,0.0,0.0
0.023036132,0.0,0.0
0.041743282,0.0,1.0
0.020594338,0.0,0.0
0.019053672,0.0,0.0
0.01564094,0.0,0.0
0.010679547,0.0,0.0
0.0069057867,0.0,0.0
0.0033594763,0.0,0.0
0.0015223846,0.0,0.0
0.0012372084,0.0,0.0
0.0031331705,0.0,0.0
0.00090960145,0.0,0.0
0.0013709983,0.0,0.0
0.0038128057,0.0,0.0
0.000982731,0.0,0.0
0.0027029803,0.0,0.0
0.0035703818,0.0,0.0
0.00068558217,0.0,0.0
0.004441572,0.0,0.0
0.002810884,0.0,0.0
0.0025616286,0.0,0.0
0.010779354,0.0,0.0
0.026254775,0.0,0.0
0.0038547777,0.0,0.0
0.011347818,0.0,0.0
0.0137002915,0.0,0.0
0.017689954,0.0,0.0
0.0036293147,0.0,1.0
0.0086569935,0.0,1.0
0.015268691,0.0,1.0
0.014038024,0.0,0.0
0.018016867,0.0,0.0
0.0029751388,0.0,0.0
0.00213731,0.0,0.0
0.0046495916,0.0,0.0
0.002396471,0.0,0.0
0.0050130947,0.0,0.0
0.0027714516,0.0,0.0
0.0032593838,0.0,0.0
0.012156987,0.0,0.0
0.008190063,0.0,0.0
0.011352291,0.0,0.0
0.020291183,0.0,0.0
0.020126654,0.0,0.0
0.025727117,0.0,0.0
0.025459008,0.0,0.0
0.013674575,0.0,0.0
0.005840393,0.0,0.0
0.023387821,0.0,0.0
0.00435114,0.0,0.0
0.003537333,0.0,0.0
0.004859757,0.0,0.0
0.0027024352,0.0,0.0
0.0054814313,1.0,0.0
0.0064599235,1.0,0.0
0.0067821257,1.0,1.0
0.002364894,0.0,1.0
0.0012302335,1.0,0.0
0.0037861424,0.0,0.0
0.0020824734,1.0,0.0
0.008433034,0.0,0.0
0.006878078,0.0,1.0
0.016834643,0.0,1.0
0.023881624,0.0,1.0
0.05055571,0.0,0.0
0.04279239,0.0,0.0
0.010263941,0.0,0.0
0.0071842517,0.0,0.0
0.0011999438,0.0,0.0
0.0005373847,0.0,0.0
0.002077388,0.0,0.0
0.00048003293,0.0,0.0
0.0017718248,0.0,0.0
0.002097058,0.0,0.0
0.004834539,0.0,0.0
0.0036912956,0.0,0.0
0.020119525,0.0,0.0
0.0020324122,0.0,0.0
0.0086473245,0.0,0.0
0.0006564517,0.0,0.0
0.0039742454,0.0,0.0
0.004157588,0.0,0.0
0.0155359525,0.0,0.0
0.00802304,0.0,0.0
0.0058245664,0.0,0.0
0.010291356,0.0,0.0
0.0074768895,1.0,1.0
0.0038460956,1.0,0.0
0.0021490485,0.0,0.0
0.005408213,0.0,0.0
0.0029220767,0.0,0.0
0.0018283537,0.0,0.0
0.011812396,0.0,0.0
0.010948666,0.0,0.0
0.008303467,0.0,0.0
0.02973096,0.0,0.0
0.03579873,0.0,0.0
0.016693944,0.0,1.0
0.012971845,0.0,1.0
0.019788414,0.0,0.0
0.007791616,0.0,0.0
0.0035182158,0.0,0.0
0.010275752,0.0,0.0
0.0064106546,0.0,0.0
0.008768998,1.0,0.0
0.003927503,0.0,0.0
0.0037158714,1.0,0.0
0.0022582125,1.0,0.0
0.007053518,1.0,0.0
0.0085672205,0.0,0.0
0.00811958,1.0,0.0
0.006118532,0.0,0.0
0.005144875,1.0,0.0
0.0027976409,1.0,0.0
0.010921921,1.0,0.0
0.0030989763,1.0,0.0
0.0039801127,1.0,0.0
0.0014286457,1.0,0.0
0.003104727,0.0,0.0
0.002295332,1.0,1.0
0.0031032013,1.0,0.0
0.002201797,1.0,0.0
0.011793849,0.0,0.0
0.001308144,0.0,0.0
0.005350118,0.0,0.0
0.0013048813,0.0,0.0
0.013747849,0.0,0.0
0.0018701098,0.0,0.0
0.027852574,0.0,0.0
0.00094129087,0.0,0.0
0.0017376239,0.0,0.0
0.00072035805,0.0,0.0
0.0036126783,0.0,0.0
0.011310041,0.0,0.0
0.012411208,0.0,0.0
0.011425327,0.0,0.0
0.019227082,0.0,0.0
0.00503549,0.0,0.0
0.01178632,0.0,0.0
0.0033581434,0.0,0.0
0.0038999226,0.0,0.0
0.0050830236,0.0,0.0
0.0033861427,0.0,0.0
0.003202666,0.0,0.0
0.0052930755,0.0,0.0
0.0017482858,0.0,0.0
0.030856544,0.0,0.0
0.011408493,0.0,0.0
0.005648512,0.0,0.0
0.0039899354,0.0,0.0
0.001244666,0.0,0.0
0.001676339,0.0,0.0
0.0033365136,0.0,0.0
0.0023136728,0.0,0.0
0.001328858,0.0,0.0
0.008730494,0.0,0.0
0.0025091781,0.0,0.0
0.00250183,0.0,0.0
0.0017324259,0.0,1.0
0.0037037497,0.0,0.0
0.0006891927,0.0,0.0
0.0077176755,0.0,0.0
0.010270599,0.0,0.0
0.0072327573,1.0,0.0
0.004887149,0.0,0.0
0.0027753462,0.0,0.0
0.0028247933,0.0,0.0
0.0055188336,0.0,0.0
0.0039868816,0.0,0.0
0.017362293,0.0,1.0
0.01883232,0.0,0.0
0.0275403,0.0,0.0
0.0032836976,0.0,0.0
0.020375486,0.0,0.0
0.026877575,0.0,0.0
0.0111504,0.0,0.0
0.02594852,0.0,0.0
0.014597441,0.0,0.0
0.01730389,0.0,0.0
0.0090122055,0.0,0.0
0.038558256,0.0,0.0
0.01668547,0.0,0.0
0.0064432407,0.0,0.0
0.028341731,0.0,0.0
0.008615467,0.0,0.0
0.00979393,0.0,0.0
0.025460692,0.0,0.0
0.008831814,0.0,0.0
0.010742153,0.0,0.0
0.016322426,0.0,0.0
0.022091039,0.0,0.0
0.008022047,0.0,1.0
0.012375465,0.0,1.0
0.017161727,0.0,0.0
0.014375111,0.0,0.0
0.013303548,0.0,0.0
0.010980297,0.0,0.0
0.002549845,0.0,0.0
0.0010557772,0.0,0.0
0.0016813267,0.0,0.0
0.0006530863,0.0,0.0
0.0005454742,0.0,0.0
0.0008912176,0.0,0.0
0.0011572962,0.0,0.0
0.0015008663,0.0,0.0
0.0013772604,0.0,0.0
0.000603324,0.0,0.0
0.002038368,0.0,0.0
0.00045789455,0.0,0.0
0.0005226907,1.0,0.0
0.00058664347,1.0,0.0
0.0006673879,0.0,0.0
0.00037783524,1.0,0.0
0.0002717123,0.0,1.0
0.0005969094,0.0,1.0
0.00028641737,0.0,1.0
0.0007360732,0.0,1.0
0.00033065828,0.0,0.0
0.00081298966,0.0,0.0
0.0001340754,0.0,1.0
0.0010943052,1.0,0.0
0.00025213938,1.0,0.0
0.00020468306,1.0,0.0
0.00063328625,1.0,0.0
0.0005340109,1.0,0.0
0.0006135725,1.0,0.0
0.00064127456,1.0,0.0
0.00036836675,0.0,0.0
0.00040549802,0.0,0.0
0.0009501753,1.0,0.0
0.0010163452,1.0,0.0
0.00041134466,0.0,0.0
0.001449303,0.0,0.0
0.0004113396,0.0,0.0
0.0025563682,0.0,0.0
0.00454919,0.0,0.0
0.0013167352,0.0,0.0
0.0006777804,0.0,0.0
0.0014706076,0.0,0.0
0.0008345204,0.0,0.0
0.0022590733,0.0,0.0
0.0006421042,0.0,1.0
0.0012113964,0.0,1.0
0.002678158,0.0,0.0
0.0008982517,0.0,0.0
0.0024456915,0.0,0.0
0.004349273,0.0,0.0
0.008081226,0.0,0.0
0.002881574,0.0,0.0
0.020006474,0.0,0.0
0.0013860574,0.0,0.0
0.0018368949,0.0,0.0
0.0032867407,0.0,0.0
0.004062687,0.0,0.0
0.0114946775,0.0,0.0
0.009610433,0.0,0.0
0.0010505179,0.0,0.0
0.0076419576,0.0,0.0
0.00069497636,0.0,0.0
0.01115357,0.0,0.0
0.0015220316,0.0,0.0
0.007087229,0.0,0.0
0.001472428,0.0,0.0
0.000857233,0.0,0.0
0.0020932625,0.0,0.0
0.0013409192,1.0,0.0
0.002438995,1.0,0.0
0.0014611835,0.0,0.0
0.00051633106,1.0,0.0
0.0007025757,1.0,0.0
0.0009943822,0.0,0.0
0.0013521294,0.0,0.0
0.00028414032,1.0,0.0
0.0009038768,1.0,0.0
0.0003616638,0.0,0.0
0.00054692716,0.0,0.0
0.0013389201,1.0,0.0
0.0020320795,1.0,0.0
0.0003223855,0.0,0.0
0.0012688767,0.0,0.0
0.00095347903,0.0,0.0
0.0015421574,0.0,0.0
0.0005510408,0.0,0.0
0.0006347477,0.0,0.0
0.0011375118,0.0,0.0
0.00037214265,0.0,0.0
0.0010730273,0.0,0.0
0.00078845903,0.0,0.0
0.00026192848,0.0,0.0
0.00010471459,0.0,0.0
0.00054535957,0.0,0.0
0.00022978171,1.0,0.0
0.0004990066,1.0,0.0
0.00044658218,1.0,0.0
0.0008046447,0.0,0.0
0.0014115208,0.0,0.0
0.0017480587,0.0,0.0
0.001353711,0.0,0.0
0.00096008985,0.0,0.0
0.00082600024,0.0,0.0
0.00060005207,0.0,0.0
0.0010381226,0.0,0.0
0.000954187,0.0,0.0
0.014532601,0.0,0.0
0.00027168743,0.0,0.0
0.000862699,0.0,0.0
0.0011545671,0.0,0.0
0.0026971432,0.0,0.0
0.00028957496,0.0,0.0
0.001827635,0.0,0.0
0.002379244,0.0,0.0
0.0013323963,0.0,0.0
0.005146626,0.0,0.0
0.0027340113,0.0,0.0
0.00036565625,0.0,0.0
0.0014066203,0.0,0.0
0.0006393544,0.0,0.0
0.0012048681,0.0,0.0
0.00055888493,0.0,0.0
0.0015692995,0.0,0.0
0.003272029,0.0,0.0
0.0018535833,0.0,0.0
0.0034712479,0.0,0.0
0.0018289586,0.0,0.0
0.0071757813,0.0,0.0
0.00040569867,0.0,0.0
0.0020246732,0.0,0.0
0.008671057,0.0,0.0
0.0031736617,0.0,0.0
0.0011608768,0.0,0.0
0.0033882984,0.0,0.0
0.004197583,0.0,0.0
0.003200788,0.0,0.0
0.005737347,0.0,0.0
0.022740867,0.0,0.0
0.003893698,0.0,0.0
0.0006662456,0.0,0.0
0.00077735604,0.0,0.0
0.0007078366,0.0,0.0
0.00064007594,0.0,0.0
0.002384803,0.0,0.0
0.0006426699,0.0,0.0
0.00029817244,0.0,0.0
0.00089513196,0.0,0.0
0.0009882292,0.0,0.0
0.0007693982,0.0,0.0
0.00025082708,0.0,0.0
0.0010857091,0.0,0.0
0.002390349,0.0,1.0
0.00024269472,0.0,1.0
0.00033880753,0.0,1.0
0.00039510147,0.0,0.0
0.00045300167,0.0,0.0
0.0022990226,0.0,0.0
0.0005870051,0.0,0.0
0.00021907181,0.0,0.0
0.0007450733,0.0,0.0
0.00047777416,0.0,0.0
0.0015432847,0.0,1.0
0.00211876,0.0,0.0
0.00017205598,0.0,0.0
0.0012510408,0.0,0.0
0.001762972,0.0,0.0
0.0009406292,0.0,0.0
0.0007786453,0.0,0.0
0.0051106247,0.0,0.0
0.00032090253,0.0,0.0
0.0037992927,0.0,0.0
0.00264517,0.0,0.0
0.0013208468,0.0,0.0
0.0047852946,0.0,0.0
0.0011530338,0.0,1.0
0.0006328657,0.0,0.0
0.0019005311,0.0,0.0
0.002730872,0.0,0.0
0.0020525525,0.0,0.0
0.003063896,0.0,0.0
0.0011691895,0.0,0.0
0.00018987559,0.0,0.0
0.001909276,0.0,0.0
0.0009961359,0.0,0.0
0.00059463404,0.0,0.0
0.0014432239,0.0,0.0
0.0011579153,0.0,0.0
0.0019686017,0.0,0.0
0.003471342,0.0,0.0
0.0064864317,0.0,0.0
0.0017247866,0.0,0.0
0.0013983765,0.0,0.0
0.0058029667,0.0,0.0
0.0029184723,0.0,0.0
0.008859774,0.0,0.0
0.0054856366,0.0,0.0
0.0053471546,0.0,0.0
0.0029948428,0.0,0.0
0.006429836,0.0,0.0
0.010444402,0.0,0.0
0.009496889,0.0,1.0
0.0014029199,0.0,0.0
0.0018286149,0.0,0.0
0.00067694776,0.0,1.0
0.00075288885,0.0,0.0
0.0006849787,0.0,0.0
0.00034513473,0.0,0.0
0.0009767336,0.0,0.0
0.0020382903,0.0,0.0
0.0020671573,0.0,0.0
0.00046430997,0.0,0.0
0.001813419,0.0,0.0
0.0025311185,0.0,0.0
0.0004031361,0.0,0.0
0.0031670644,0.0,0.0
0.00075617695,0.0,0.0
0.0010651473,0.0,0.0
0.0005602017,0.0,0.0
0.0023244007,0.0,0.0
0.0008494471,0.0,0.0
0.0025545936,0.0,0.0
0.011580331,0.0,1.0
0.00089386577,0.0,0.0
0.0047694203,0.0,0.0
0.0016476624,0.0,0.0
0.00047088883,0.0,0.0
0.004895028,0.0,0.0
0.0035342386,0.0,0.0
0.0026891,0.0,0.0
0.0011533579,0.0,0.0
0.0036549084,0.0,0.0
0.0014478099,0.0,0.0
0.004086511,0.0,0.0
0.004259794,0.0,0.0
0.002632843,0.0,0.0
0.0016101673,0.0,0.0
0.002944184,0.0,0.0
0.0038848086,0.0,0.0
0.0025680135,0.0,0.0
0.0023410576,0.0,0.0
0.000310873,0.0,0.0
0.0010272446,0.0,0.0
0.0013452459,0.0,0.0
0.0017344343,0.0,0.0
0.0013132497,0.0,0.0
0.0024108181,0.0,0.0
0.0015351024,0.0,0.0
0.00059925736,0.0,0.0
0.0024284972,0.0,0.0
0.001372332,0.0,0.0
0.00059255806,0.0,0.0
0.0042095394,0.0,0.0
0.005807585,0.0,0.0
0.0018690759,0.0,0.0
0.01312221,0.0,0.0
0.0015933355,0.0,0.0
0.002033759,0.0,0.0
0.00047062046,0.0,0.0
0.002819061,0.0,0.0
0.006791318,0.0,0.0
0.0011140428,0.0,0.0
0.0009229546,0.0,1.0
0.0058712717,0.0,0.0
0.00080916967,0.0,1.0
0.00028696706,0.0,1.0
0.0017708837,0.0,0.0
0.0011820946,0.0,0.0
0.00019146854,0.0,0.0
0.0019641453,0.0,0.0
0.02287824,0.0,0.0
0.0006990766,0.0,0.0
0.0006373133,0.0,0.0
0.008356838,0.0,0.0
0.0031730565,0.0,0.0
0.0008468425,0.0,0.0
0.0038260282,0.0,0.0
0.006280961,0.0,0.0
0.010046108,0.0,1.0
0.0032118387,0.0,0.0
0.009585887,0.0,0.0
0.0011616157,0.0,0.0
0.0029275431,0.0,0.0
0.0013071315,0.0,0.0
0.00086318416,0.0,0.0
0.0021433074,0.0,0.0
0.0056134714,0.0,1.0
0.0028775395,0.0,0.0
0.00440368,0.0,0.0
0.011049112,0.0,0.0
0.011002497,0.0,1.0
0.005151944,0.0,1.0
0.0035664071,0.0,0.0
0.0012371058,0.0,0.0
0.0018972118,0.0,0.0
0.009074119,0.0,0.0
0.0062516606,0.0,0.0
0.0017587376,0.0,0.0
0.003686336,0.0,0.0
0.012994093,0.0,0.0
0.0051322286,0.0,0.0
0.0108000375,0.0,0.0
0.008555827,0.0,0.0
0.0012987878,0.0,0.0
0.0019823178,0.0,0.0
0.0028582215,0.0,0.0
0.0008320021,0.0,0.0
0.0066220583,0.0,1.0
0.0014797603,0.0,1.0
0.0023489336,0.0,0.0
0.0032144042,0.0,0.0
0.0024177341,0.0,0.0
0.0014434094,0.0,1.0
0.0011659263,0.0,0.0
0.0014387367,0.0,0.0
0.0026756935,0.0,0.0
0.0007915481,0.0,0.0
0.00089472986,0.0,0.0
0.00425964,0.0,0.0
0.00066850486,0.0,0.0
0.0006756262,0.0,0.0
0.010145418,0.0,0.0
0.001372149,0.0,0.0
0.0014172345,0.0,0.0
0.0031037058,0.0,0.0
0.0022722872,0.0,0.0
0.0043346416,0.0,0.0
0.0015233387,0.0,0.0
0.0040914784,0.0,0.0
0.0023365181,0.0,0.0
0.002235096,0.0,0.0
0.008360269,0.0,0.0
0.010191443,0.0,0.0
0.0015267876,0.0,0.0
0.0002367375,0.0,0.0
0.0050813435,0.0,0.0
0.00074972934,0.0,0.0
0.0011135744,1.0,0.0
0.0017939737,1.0,0.0
0.00061993144,1.0,0.0
0.00025882316,0.0,0.0
0.010367365,0.0,0.0
0.00095957046,1.0,0.0
0.00066746236,1.0,0.0
0.0035351452,0.0,0.0
0.0013281335,0.0,0.0
0.0004295461,1.0,0.0
0.0005548769,1.0,0.0
0.0014080147,0.0,0.0
0.0025682563,0.0,0.0
0.002297103,0.0,0.0
0.0018453582,0.0,0.0
0.0013849204,0.0,0.0
0.0018351199,0.0,0.0
0.00078121014,0.0,0.0
0.0066069127,0.0,0.0
0.0035442612,0.0,0.0
0.0056385146,0.0,0.0
0.0010334197,0.0,0.0
0.0012154927,0.0,0.0
0.0030296033,0.0,0.0
0.007275864,0.0,0.0
0.0035440593,0.0,0.0
0.0018371729,0.0,0.0
0.0018902294,0.0,0.0
0.0050105816,0.0,0.0
0.004301344,1.0,0.0
0.0029988377,1.0,0.0
0.0013895325,1.0,0.0
0.0026172877,1.0,0.0
0.0020847835,1.0,0.0
0.0006540699,0.0,0.0
0.0017527796,0.0,0.0
0.0018609095,1.0,0.0
0.0016457041,1.0,0.0
0.0013249695,1.0,1.0
0.0028633426,1.0,0.0
0.0026409507,1.0,0.0
0.0026221953,0.0,0.0
0.00029421595,1.0,0.0
0.00041158532,0.0,0.0
0.002744334,0.0,0.0
0.0008465818,0.0,0.0
0.001129118,0.0,0.0
0.0010994085,0.0,0.0
0.0018940496,0.0,0.0
0.0013590241,0.0,0.0
0.001262873,0.0,0.0
0.00039259848,0.0,0.0
0.0023581795,0.0,0.0
0.0013650338,0.0,0.0
0.00860944,0.0,0.0
0.00080260925,0.0,0.0
0.001157262,0.0,0.0
0.00038616816,0.0,0.0
0.00043594127,0.0,0.0
0.0026170711,0.0,0.0
0.00061971997,1.0,0.0
0.0062258635,0.0,0.0
0.0010637348,0.0,0.0
0.001434829,0.0,0.0
0.00066205923,0.0,0.0
0.0022722182,0.0,0.0
0.0021447693,0.0,0.0
0.0029022498,0.0,0.0
0.0016822737,0.0,0.0
0.00066851627,1.0,0.0
0.0010392719,1.0,0.0
0.00040262856,0.0,0.0
0.0013085321,0.0,0.0
0.00061336084,1.0,0.0
0.0005751424,0.0,0.0
0.00047456694,1.0,0.0
0.0007952966,1.0,0.0
0.0028067972,1.0,0.0
0.0012113423,1.0,0.0
0.0021418445,1.0,0.0
0.0014904013,1.0,0.0
0.0011974256,1.0,0.0
0.0010771947,1.0,0.0
0.0046448656,1.0,0.0
0.0012554503,1.0,0.0
0.00039763385,0.0,0.0
0.0025096077,0.0,0.0
0.00078759907,0.0,0.0
0.00047350055,0.0,1.0
0.0016109692,0.0,0.0
0.0019881914,0.0,0.0
0.009517463,0.0,0.0
0.002160777,0.0,0.0
0.0004987678,0.0,0.0
0.0016022545,0.0,0.0
0.00026250546,0.0,0.0
0.00024060455,0.0,0.0
0.002959733,0.0,0.0
0.00041481602,0.0,0.0
0.0008537259,0.0,0.0
0.00269648,0.0,0.0
0.00032402598,0.0,1.0
0.004396394,0.0,0.0
0.00055211835,0.0,0.0
0.0014236884,0.0,0.0
0.0016373441,0.0,0.0
0.0024438633,0.0,0.0
0.00058956974,0.0,0.0
0.0002696547,0.0,0.0
0.0014269378,0.0,0.0
0.0012168665,0.0,0.0
0.00016577901,0.0,0.0
0.00020795822,0.0,0.0
0.0006385034,0.0,0.0
0.00024678188,0.0,0.0
0.0005219623,0.0,0.0
0.0014095522,0.0,0.0
0.0014100698,0.0,0.0
0.00022409714,0.0,0.0
0.0005534023,0.0,1.0
7.5549404e-05,0.0,1.0
0.00055876665,0.0,0.0
0.00042245266,1.0,0.0
0.00039792922,0.0,0.0
0.0005014732,0.0,0.0
0.00013164019,1.0,0.0
9.4328316e-05,1.0,0.0
0.00013643359,1.0,0.0
8.991816e-05,1.0,0.0
0.0003023314,1.0,0.0
0.000119302545,1.0,0.0
0.00026165938,1.0,0.0
0.000309768,0.0,0.0
0.00015946745,0.0,0.0
0.00032944558,0.0,1.0
0.0009655627,0.0,0.0
0.00028449975,0.0,0.0
0.0001649641,0.0,0.0
0.0016518923,0.0,0.0
9.914545e-05,0.0,0.0
0.00084549707,0.0,0.0
0.00026878584,0.0,1.0
0.0002455204,0.0,0.0
0.000155741,0.0,0.0
0.00024592315,1.0,0.0
0.00022832287,0.0,0.0
0.00033922412,0.0,0.0
0.00012593532,0.0,0.0
0.00036192112,0.0,0.0
0.000364637,0.0,0.0
0.00084583764,0.0,0.0
0.00187471,0.0,0.0
0.00033446922,0.0,0.0
0.00052357255,0.0,1.0
0.0007948618,1.0,1.0
0.00074092415,1.0,0.0
0.0019637519,1.0,0.0
0.000826714,1.0,1.0
0.0002333914,0.0,0.0
0.00059068453,1.0,0.0
0.0002391137,0.0,0.0
0.00042756906,0.0,0.0
0.00023520937,0.0,0.0
0.00200517,0.0,0.0
0.00084430113,0.0,1.0
0.0004229068,0.0,1.0
0.00067382405,0.0,0.0
0.0053291107,0.0,0.0
0.0009167594,0.0,0.0
0.00035049257,0.0,0.0
0.00056006556,0.0,0.0
0.00027322522,0.0,0.0
0.0037664962,0.0,0.0
0.00067037606,0.0,1.0
0.0016503675,1.0,1.0
0.00025484673,1.0,0.0
0.0007882355,1.0,0.0
0.0006089087,1.0,1.0
0.0004475677,0.0,0.0
0.00040027348,1.0,0.0
6.6157925e-05,0.0,0.0
0.0008099203,0.0,0.0
9.5990865e-05,0.0,0.0
0.0004491174,0.0,0.0
0.0001071202,0.0,0.0
0.0014671758,0.0,0.0
0.0034260303,0.0,0.0
0.0015991422,0.0,0.0
0.00071012566,0.0,0.0
0.00036508916,0.0,1.0
0.0019833625,0.0,0.0
0.0048004445,0.0,0.0
0.0065083597,1.0,0.0
0.00064220454,1.0,1.0
0.0040110783,1.0,0.0
0.0049095596,0.0,0.0
0.00608249,0.0,0.0
0.0022785529,1.0,0.0
0.00032061874,1.0,0.0
0.0013214011,0.0,0.0
0.010958491,1.0,0.0
0.0010503748,1.0,0.0
0.00016376378,0.0,0.0
0.021918824,0.0,0.0
0.010340911,1.0,0.0
0.0024123888,0.0,0.0
0.0005532504,0.0,0.0
0.03269451,0.0,0.0
0.0034667726,0.0,0.0
0.00436504,0.0,0.0
0.004757728,0.0,0.0
0.0040022507,0.0,0.0
0.0049837735,0.0,0.0
0.00060757744,0.0,0.0
0.0015608788,0.0,0.0
0.0026040706,0.0,0.0
0.001268057,0.0,0.0
0.00021099446,0.0,0.0
0.00798937,0.0,0.0
0.001148593,0.0,0.0
0.010772427,0.0,0.0
0.0015292227,0.0,0.0
0.017074294,0.0,0.0
0.0023524582,0.0,0.0
0.03771499,0.0,0.0
0.0008817035,0.0,0.0
0.005605537,0.0,0.0
0.0033703984,0.0,1.0
0.002867802,0.0,0.0
0.00346491,0.0,0.0
0.004153833,0.0,0.0
0.005043708,0.0,1.0
0.007517857,0.0,0.0
0.0055333143,0.0,0.0
0.014584703,0.0,0.0
0.009908256,0.0,0.0
0.015768554,0.0,0.0
0.003458355,0.0,0.0
0.0003161456,0.0,0.0
0.0012205417,0.0,0.0
0.00027104994,0.0,0.0
0.0012229879,0.0,1.0
0.0019794973,0.0,1.0
0.0024602318,0.0,0.0
0.0039123218,0.0,0.0
0.0017848704,0.0,0.0
0.011492785,0.0,0.0
0.0006043052,0.0,0.0
0.0068680076,0.0,0.0
0.0025643616,0.0,0.0
0.0136614675,0.0,0.0
0.0037039875,0.0,0.0
0.003552607,0.0,0.0
0.005576593,0.0,0.0
0.0062902723,0.0,0.0
0.0024066004,0.0,0.0
0.0021110857,0.0,1.0
0.00042707293,0.0,0.0
0.009471391,0.0,0.0
0.00029385823,0.0,0.0
0.0063266493,0.0,0.0
0.0011171396,0.0,0.0
0.0066935513,0.0,0.0
0.0012773478,0.0,0.0
0.02303676,0.0,0.0
0.0077096894,0.0,0.0
0.00059293205,0.0,0.0
0.0008878477,1.0,0.0
0.008561402,0.0,0.0
0.00025233993,0.0,0.0
0.00045445235,0.0,0.0
0.000673575,1.0,0.0
0.0011727567,0.0,0.0
0.004863492,1.0,1.0
0.008224121,0.0,1.0
0.0016200863,0.0,0.0
0.0002001176,0.0,0.0
0.00036120554,0.0,0.0
0.0013223226,0.0,1.0
0.007327283,0.0,1.0
0.00018447665,0.0,0.0
0.0006703199,0.0,0.0
0.00091499893,0.0,0.0
0.0006532905,0.0,0.0
0.0013245643,0.0,0.0
0.00032296227,0.0,0.0
0.00038313234,0.0,0.0
0.0003234818,0.0,0.0
0.0010524181,0.0,0.0
0.001189842,0.0,1.0
0.0008962645,0.0,1.0
0.00039908735,0.0,1.0
0.0006870866,0.0,1.0
0.0002076418,0.0,0.0
0.0002675236,0.0,0.0
0.000452899,0.0,0.0
0.00058922626,0.0,1.0
0.00012695027,0.0,0.0
0.00065267377,0.0,1.0
0.00076881074,0.0,0.0
0.00018561576,0.0,0.0
0.00048581153,0.0,0.0
0.0021353501,1.0,0.0
0.0015797227,1.0,0.0
0.0014235277,1.0,0.0
0.00057420984,1.0,0.0
0.001997188,1.0,0.0
0.00083428697,1.0,0.0
0.00061223825,1.0,0.0
0.00049324427,1.0,0.0
0.0014998341,0.0,0.0
0.002563259,0.0,0.0
0.001956151,0.0,0.0
0.011563729,0.0,1.0
0.0025631238,0.0,0.0
0.0017310986,0.0,0.0
0.001779362,0.0,0.0
0.00045417712,0.0,0.0
0.0026161077,0.0,0.0
0.00066805707,0.0,0.0
0.0023919337,0.0,0.0
0.00046349407,0.0,0.0
0.0022741344,0.0,0.0
0.0019286943,1.0,0.0
0.003529828,0.0,1.0
0.00088015787,1.0,0.0
0.0016525798,1.0,0.0
0.000515613,0.0,0.0
0.0009057442,1.0,0.0
0.0011398987,1.0,0.0
0.0007822739,0.0,0.0
0.00043822246,0.0,0.0
0.0048712017,0.0,0.0
0.0013490795,0.0,0.0
0.00094500434,0.0,0.0
0.0029370205,0.0,0.0
0.010389673,0.0,0.0
0.0009761573,0.0,0.0
0.0011053961,0.0,0.0
0.009474026,0.0,0.0
0.0057978574,0.0,0.0
0.0007046296,0.0,0.0
0.002310372,0.0,0.0
0.010957169,0.0,0.0
0.0019169772,0.0,0.0
0.0008970594,0.0,0.0
0.0012877856,0.0,0.0
0.0056143,0.0,0.0
0.01913145,0.0,0.0
0.0027566024,0.0,0.0
0.00091267936,0.0,0.0
0.0006579267,0.0,0.0
0.0011746304,0.0,0.0
0.0033299983,0.0,0.0
0.0010877541,0.0,0.0
0.0022465556,0.0,0.0
0.0007110765,0.0,0.0
0.00024760913,0.0,0.0
0.0018379913,1.0,1.0
0.0011824218,1.0,1.0
0.0010842915,1.0,1.0
0.00077213853,0.0,0.0
0.0010177653,0.0,0.0
0.0019207451,0.0,0.0
0.001418841,0.0,0.0
0.0014900031,0.0,0.0
0.0053264652,0.0,0.0
0.00030288097,0.0,0.0
0.0013250413,0.0,0.0
0.0006925298,0.0,0.0
0.0015570313,0.0,0.0
0.00043916947,0.0,0.0
0.0043272576,0.0,0.0
0.0019452003,0.0,0.0
0.0006674407,0.0,0.0
0.0045576864,0.0,0.0
0.002065198,0.0,0.0
0.0041515674,0.0,0.0
0.00076754944,0.0,0.0
0.007894979,0.0,0.0
0.002092197,0.0,0.0
0.00025694346,0.0,0.0
0.005564714,0.0,0.0
0.002131226,1.0,0.0
0.00028794268,0.0,0.0
0.00021058587,1.0,0.0
0.0005154168,1.0,0.0
0.0004182461,1.0,0.0
0.0007406619,1.0,1.0
0.00046811253,1.0,0.0
0.0005536252,1.0,0.0
0.0013015183,1.0,0.0
0.0006850603,0.0,0.0
0.0005871836,1.0,0.0
0.00096731214,1.0,0.0
0.0019809825,0.0,0.0
0.0013205789,0.0,0.0
0.0009762066,1.0,0.0
0.0008624804,0.0,0.0
0.0012306577,0.0,0.0
0.0013041253,0.0,0.0
0.0048325346,0.0,0.0
0.001125424,0.0,0.0
0.00068428443,0.0,0.0
0.007286763,0.0,0.0
0.010376918,0.0,0.0
0.0015977876,0.0,0.0
0.00397936,0.0,0.0
0.0036170217,0.0,0.0
0.0022075453,0.0,0.0
0.0017344638,0.0,0.0
0.0020343696,0.0,1.0
0.0018143671,0.0,0.0
0.0028154468,0.0,0.0
0.0030526884,0.0,0.0
0.0016401261,0.0,0.0
0.00080362556,0.0,0.0
0.006858823,0.0,0.0
0.000543729,0.0,0.0
0.0025369097,0.0,0.0
0.0017096204,0.0,0.0
0.0012035972,0.0,0.0
0.0006869484,0.0,0.0
0.00030291505,0.0,0.0
0.0003235105,1.0,0.0
0.0005657301,1.0,0.0
0.0004705119,1.0,0.0
0.0007203889,1.0,0.0
0.003929796,0.0,0.0
0.001406643,0.0,0.0
0.0013447508,1.0,0.0
0.008652522,0.0,0.0
0.0046411166,0.0,0.0
0.013371181,0.0,0.0
0.0044337483,0.0,0.0
0.003907853,0.0,0.0
0.034996726,0.0,0.0
0.020726968,0.0,0.0
0.0075318953,0.0,0.0
0.015265443,0.0,0.0
0.01867049,0.0,0.0
0.00265244,0.0,0.0
0.007890204,0.0,0.0
0.004311575,0.0,0.0
0.00984272,0.0,0.0
0.0011810558,0.0,0.0
0.0023550405,0.0,0.0
0.0064046923,0.0,0.0
0.00069187407,0.0,0.0
0.0085131815,0.0,0.0
0.00087465806,0.0,0.0
0.0008408496,0.0,1.0
0.001578531,0.0,1.0
0.0012441108,0.0,0.0
0.0020041582,0.0,0.0
0.0011719001,0.0,0.0
0.0064061703,0.0,0.0
0.00058401335,0.0,0.0
0.00074134296,0.0,0.0
0.015947616,0.0,0.0
0.008426537,0.0,0.0
0.0011059912,0.0,0.0
0.0007438177,0.0,1.0
0.0014812208,0.0,1.0
0.0009855382,0.0,1.0
0.0028653706,0.0,0.0
0.0023273039,0.0,0.0
0.0015873899,0.0,0.0
0.0010185122,0.0,0.0
0.0010503744,0.0,0.0
0.00071670284,0.0,0.0
0.00019168611,0.0,1.0
0.00086008076,0.0,1.0
0.0012894314,0.0,1.0
0.0013664139,0.0,0.0
0.000526834,0.0,0.0
0.0013312459,0.0,0.0
0.00073782785,0.0,0.0
0.0003311804,0.0,0.0
0.0045132963,0.0,0.0
0.008396969,0.0,0.0
0.0010687587,0.0,0.0
0.00046729995,0.0,0.0
0.0109931305,0.0,0.0
0.0040009315,0.0,0.0
0.0006845796,0.0,0.0
0.0008832899,0.0,0.0
0.0038430549,0.0,0.0
0.0028511905,0.0,0.0
0.0029845778,0.0,0.0
0.004146791,0.0,0.0
0.0025932256,1.0,0.0
0.000532939,1.0,0.0
0.00024555062,0.0,0.0
0.0004058747,1.0,0.0
0.00036775853,0.0,0.0
0.00046288146,0.0,0.0
0.00031370495,0.0,0.0
0.00027212864,0.0,0.0
0.0003815279,0.0,1.0
0.00047688826,0.0,1.0
0.00047417192,0.0,1.0
0.0003644356,0.0,0.0
0.00021247729,0.0,0.0
0.00034068353,0.0,0.0
0.00028095595,0.0,0.0
0.000303525,0.0,0.0
0.00022051991,0.0,0.0
0.00018696571,0.0,0.0
0.00024184836,0.0,0.0
0.0002577635,0.0,0.0
0.0003098486,0.0,0.0
0.00067434635,0.0,0.0
0.0006998595,0.0,0.0
0.00022752683,0.0,0.0
0.0003105578,1.0,0.0
0.00069971813,1.0,0.0
0.00038634526,1.0,0.0
0.00054107344,1.0,0.0
0.0004589997,1.0,0.0
0.0012741769,1.0,0.0
0.0002367754,0.0,0.0
0.00055930216,0.0,0.0
0.0007741259,0.0,0.0
0.00023761898,0.0,0.0
0.0005829864,1.0,0.0
0.0004973152,0.0,0.0
0.0005264432,1.0,0.0
0.00054180267,0.0,0.0
0.00062902615,1.0,0.0
0.00032259026,1.0,0.0
0.00073770864,1.0,0.0
0.00065883907,1.0,0.0
0.00031467187,1.0,0.0
0.00020575497,0.0,1.0
0.00039079957,0.0,1.0
0.0007261082,0.0,1.0
0.0005859807,0.0,0.0
0.0010985704,0.0,0.0
0.0003335025,1.0,0.0
0.00028775362,0.0,0.0
0.00024655467,1.0,0.0
0.00019476021,0.0,0.0
0.00021117218,1.0,0.0
0.00026010358,1.0,0.0
0.00029615866,1.0,0.0
0.00022423157,1.0,0.0
0.00017647755,1.0,0.0
0.00030601924,0.0,0.0
0.00019356611,0.0,0.0
0.00026052276,0.0,0.0
0.0003017172,0.0,0.0
0.00033744494,0.0,0.0
0.00015871292,0.0,0.0
0.00017318444,0.0,0.0
0.00021284635,0.0,0.0
0.00029692284,1.0,0.0
0.00020161495,0.0,0.0
0.00018412221,0.0,1.0
0.00026559163,0.0,0.0
0.00025061984,0.0,0.0
0.00017332552,0.0,0.0
0.00021367882,0.0,0.0
0.00031195665,0.0,0.0
0.00030795144,0.0,0.0
0.0008178214,0.0,0.0
0.0013775581,0.0,0.0
0.00092438026,0.0,0.0
0.0009432697,0.0,0.0
0.0005546253,0.0,0.0
0.00093008915,0.0,0.0
0.0007790965,0.0,0.0
0.00069907994,0.0,0.0
0.00056038913,0.0,0.0
0.0011719742,0.0,0.0
0.0005692508,0.0,1.0
0.001947365,0.0,0.0
0.0005011774,0.0,0.0
0.0022089814,0.0,0.0
0.00025658435,0.0,0.0
0.0016276583,0.0,0.0
0.00047777712,0.0,0.0
0.00080354593,1.0,0.0
0.0004405857,0.0,0.0
0.0009418937,1.0,0.0
0.000864834,1.0,0.0
0.00043040692,0.0,0.0
0.00067331374,0.0,0.0
0.00025937724,0.0,0.0
0.00034677685,0.0,0.0
0.00031942918,0.0,0.0
0.000163162,0.0,0.0
0.00021812723,0.0,0.0
0.00064905116,0.0,0.0
0.00013358868,0.0,0.0
8.735285e-05,0.0,0.0
0.0004285024,0.0,0.0
0.0003050274,0.0,0.0
8.749324e-05,0.0,0.0
0.00025751244,0.0,0.0
0.0015041592,0.0,0.0
0.00066582987,0.0,0.0
0.00024222177,0.0,0.0
0.005780964,0.0,0.0
0.0004440234,0.0,0.0
0.005909573,0.0,0.0
0.00040631232,0.0,0.0
0.0004259008,0.0,0.0
0.00038248807,0.0,0.0
0.00040360176,0.0,0.0
0.00055772165,0.0,0.0
0.00017149826,1.0,0.0
0.00038157482,1.0,0.0
0.00017654149,1.0,0.0
0.000172227,0.0,0.0
0.00042800952,0.0,0.0
0.00015776115,0.0,0.0
0.0008155156,0.0,0.0
0.0003458729,0.0,0.0
0.001869842,0.0,0.0
0.0021786988,0.0,0.0
0.00038402053,0.0,0.0
0.0006878007,0.0,0.0
0.0015196451,0.0,0.0
0.00021019271,0.0,0.0
0.00026839224,0.0,0.0
0.00029037672,0.0,0.0
0.00010496272,0.0,0.0
0.00012728058,0.0,0.0
0.0006128352,0.0,0.0
0.0002574459,0.0,0.0
0.00015416289,0.0,0.0
0.00013967269,0.0,0.0
0.00023835711,0.0,0.0
0.00012893222,0.0,0.0
0.00029920787,0.0,0.0
0.0004971791,0.0,0.0
0.00027499476,0.0,0.0
0.00014058103,0.0,0.0
0.00028815554,0.0,0.0
0.0001593723,0.0,0.0
0.00019480793,0.0,0.0
0.00045105582,0.0,0.0
0.0002222332,0.0,0.0
0.000394457,0.0,0.0
0.0006144643,0.0,0.0
0.00059029675,0.0,0.0
0.00033552395,0.0,1.0
0.00044021202,0.0,0.0
0.0005024074,0.0,0.0
0.0003295873,0.0,0.0
0.00031823548,0.0,1.0
0.000530808,0.0,0.0
0.0002326205,0.0,0.0
0.0007319831,0.0,0.0
0.00082036114,0.0,0.0
0.0008237526,0.0,0.0
0.00040073923,0.0,0.0
0.0009511712,0.0,0.0
0.0007183466,0.0,0.0
0.00040548874,0.0,0.0
0.00028380327,0.0,0.0
0.0013978506,0.0,0.0
0.00026242615,0.0,0.0
0.0003399921,0.0,0.0
0.0002927266,0.0,0.0
0.0009627596,0.0,0.0
0.0004812124,0.0,0.0
0.00043298915,0.0,0.0
0.00028820417,0.0,0.0
0.0009390568,0.0,0.0
0.00027508076,0.0,0.0
0.0004213242,0.0,0.0
0.00018131053,0.0,0.0
0.0006494893,0.0,0.0
0.0004623448,0.0,0.0
0.00030582206,1.0,0.0
0.00028027483,1.0,0.0
0.0005854585,1.0,0.0
0.00013494077,1.0,0.0
0.00031277025,1.0,0.0
0.00040479915,1.0,0.0
0.0003044739,1.0,0.0
0.00029827622,1.0,0.0
0.0005027367,1.0,0.0
0.0004874318,1.0,0.0
0.0006842728,1.0,0.0
0.00033973824,1.0,0.0
0.0008044392,1.0,0.0
0.000924397,0.0,0.0
0.00065150694,0.0,0.0
0.00031862225,1.0,0.0
0.0003748126,1.0,0.0
0.0002855743,0.0,0.0
0.00019360892,1.0,0.0
0.00035152907,0.0,0.0
0.00045905402,0.0,1.0
0.00044253576,0.0,0.0
0.00021195244,0.0,0.0
0.00035287614,1.0,0.0
0.00025079743,0.0,0.0
0.0006662631,0.0,0.0
0.00031236885,0.0,0.0
0.00038526062,0.0,1.0
0.0002102805,0.0,1.0
0.00019809598,0.0,1.0
0.00037519497,1.0,1.0
0.00021126965,1.0,0.0
0.00017103544,1.0,0.0
0.00014344945,1.0,0.0
0.00029536037,1.0,0.0
0.00020149846,1.0,0.0
0.00037845003,1.0,1.0
0.00041724637,1.0,0.0
0.0001899868,1.0,0.0
0.00073207484,0.0,0.0
0.00028470464,1.0,0.0
0.00045003896,1.0,0.0
0.00028744238,0.0,0.0
0.0002914406,1.0,0.0
0.00046492025,0.0,0.0
0.000968444,0.0,0.0
0.0040879785,0.0,0.0
0.0061828266,0.0,0.0
0.0007186667,0.0,0.0
0.0033176404,0.0,0.0
0.0009627976,0.0,0.0
0.0034158048,0.0,0.0
0.0036409616,0.0,0.0
0.0024969594,0.0,0.0
0.014382572,0.0,0.0
0.0025423514,0.0,0.0
0.011838915,0.0,0.0
0.0019214711,0.0,0.0
0.0007451291,0.0,1.0
0.00015344267,0.0,0.0
0.000780169,0.0,0.0
0.00028633903,0.0,1.0
0.00015603263,0.0,0.0
0.00023734476,0.0,0.0
0.00045363544,0.0,0.0
0.00094311946,0.0,0.0
0.0028168422,0.0,0.0
0.0009121565,0.0,0.0
0.0020383445,0.0,0.0
0.0039732545,0.0,0.0
0.0050277864,0.0,0.0
0.0019166799,0.0,0.0
0.0094988225,0.0,0.0
0.00031205988,0.0,0.0
0.0035989708,0.0,0.0
0.0009972559,0.0,0.0
0.009223055,0.0,0.0
0.0015017343,0.0,0.0
0.0025771777,0.0,0.0
0.002177297,0.0,0.0
0.0013541855,0.0,0.0
0.0024277049,0.0,0.0
0.0013439301,0.0,0.0
0.00039745405,0.0,0.0
0.0012421003,0.0,0.0
0.0034087284,0.0,0.0
0.0021805034,1.0,1.0
0.00056485564,1.0,0.0
0.0011507915,0.0,0.0
0.0008210451,0.0,1.0
0.0017420265,0.0,1.0
0.0002718976,0.0,0.0
0.00075690006,0.0,0.0
0.0002814238,0.0,0.0
0.00043859566,0.0,0.0
0.00011515959,0.0,0.0
0.00020140898,0.0,0.0
0.000548923,0.0,0.0
0.00011888508,0.0,0.0
0.00023083838,0.0,0.0
0.0008006064,0.0,0.0
0.00014476407,0.0,1.0
0.00040969285,0.0,1.0
0.00046217954,0.0,0.0
0.0004906015,0.0,0.0
0.0006629918,0.0,1.0
0.0012796146,0.0,0.0
0.00058601005,0.0,0.0
0.0011603418,0.0,0.0
0.0006303669,0.0,0.0
0.0020448754,0.0,0.0
0.00017051569,0.0,0.0
0.0006112151,0.0,0.0
0.00095684716,0.0,0.0
0.0009723221,0.0,0.0
0.0022540744,0.0,0.0
0.0004949466,0.0,0.0
0.0010468205,0.0,0.0
0.002523897,0.0,0.0
0.00020456211,0.0,0.0
0.0014524423,0.0,0.0
0.0005351242,0.0,0.0
0.0003136571,0.0,0.0
0.00033035988,0.0,0.0
0.0011161211,0.0,0.0
0.0003507207,0.0,0.0
0.0018716734,0.0,0.0
0.000565949,0.0,0.0
0.0016636961,0.0,0.0
0.00020277187,0.0,0.0
0.00081331306,0.0,1.0
0.00030654922,1.0,1.0
0.00033169767,0.0,0.0
0.00029231358,0.0,0.0
0.00011968197,0.0,0.0
0.00028200392,0.0,0.0
0.00025248987,0.0,0.0
0.00020871687,0.0,0.0
0.00053781614,0.0,0.0
0.00071558694,1.0,1.0
0.00064465136,1.0,1.0
0.0054264436,0.0,0.0
0.0041624433,0.0,0.0
0.00036018534,0.0,0.0
0.0006697308,0.0,0.0
0.0005532989,0.0,0.0
0.0022385516,0.0,0.0
0.0002974785,0.0,0.0
0.0017155649,0.0,0.0
0.00018036425,0.0,0.0
0.001306358,0.0,0.0
0.00020653135,0.0,0.0
0.00016947552,0.0,0.0
0.0024989424,0.0,0.0
0.0009288286,0.0,0.0
0.00055304397,0.0,0.0
0.00027198315,0.0,1.0
0.00072931626,0.0,0.0
0.0016549866,0.0,1.0
0.000561131,0.0,0.0
0.005331186,0.0,0.0
0.0022321355,0.0,0.0
0.00031428598,0.0,0.0
0.006324,0.0,0.0
0.0027857346,0.0,0.0
0.0006686221,0.0,0.0
0.0040012775,0.0,0.0
0.0118503,0.0,0.0
0.0005791432,0.0,0.0
0.0003147175,0.0,0.0
0.0028324476,0.0,0.0
0.00035909726,0.0,0.0
0.0025108543,0.0,0.0
0.0015079316,0.0,0.0
0.0038765783,0.0,0.0
0.00046980046,0.0,0.0
0.00088186865,0.0,0.0
0.002511682,0.0,0.0
0.00151154,1.0,0.0
0.000497172,1.0,0.0
0.0002486394,1.0,0.0
0.0003231708,0.0,0.0
0.0002458336,1.0,0.0
0.00037880434,1.0,0.0
0.00060244254,0.0,1.0
0.00073606684,0.0,0.0
0.000679071,0.0,0.0
0.00095383293,0.0,0.0
0.0027887407,0.0,0.0
0.00025540474,0.0,0.0
0.00028543765,0.0,0.0
0.0025863994,0.0,0.0
0.001223426,0.0,0.0
0.00085918384,0.0,0.0
0.00032948048,0.0,0.0
0.0007971092,0.0,0.0
0.0005779449,0.0,0.0
0.0001602155,0.0,0.0
0.00036703437,0.0,0.0
0.00059236324,0.0,0.0
0.00044482856,0.0,0.0
0.0009274827,0.0,0.0
0.0013730492,0.0,0.0
0.0003820595,0.0,1.0
0.00086823496,0.0,0.0
0.0003418755,0.0,0.0
0.00036657802,0.0,0.0
0.00013771818,0.0,0.0
0.00065159914,0.0,0.0
0.00039445996,0.0,1.0
0.00033921006,0.0,0.0
0.00050567463,0.0,0.0
0.00012670248,1.0,0.0
0.00075739325,1.0,0.0
0.00017620616,1.0,0.0
0.0006361215,1.0,0.0
0.00012220768,1.0,0.0
0.0002593258,0.0,0.0
0.0018442693,0.0,0.0
0.00020160995,1.0,0.0
0.00041014963,0.0,0.0
0.00046194944,0.0,0.0
0.00015801513,0.0,0.0
0.00064695446,0.0,0.0
0.0021037713,0.0,0.0
0.00038703496,0.0,0.0
9.1754104e-05,0.0,0.0
0.000949921,0.0,0.0
0.0017797194,0.0,0.0
0.00051189674,0.0,0.0
0.0010588326,0.0,0.0
0.0024319005,0.0,0.0
0.002355482,0.0,0.0
0.0018522888,0.0,0.0
0.0014027983,0.0,0.0
0.00809159,0.0,0.0
0.0023546987,0.0,0.0
0.0007480804,0.0,0.0
0.0005828606,0.0,0.0
0.0014762972,0.0,0.0
0.0031320343,0.0,0.0
0.0019027973,1.0,1.0
0.000849758,0.0,0.0
8.2082835e-05,0.0,0.0
0.0002311509,1.0,0.0
0.00014614114,0.0,0.0
0.00011580985,0.0,0.0
0.00015909201,0.0,0.0
0.0018336558,0.0,0.0
0.00023664496,0.0,0.0
0.00021830991,0.0,0.0
0.00073431496,0.0,1.0
0.00060725556,0.0,0.0
0.0005257557,0.0,0.0
0.00065049133,0.0,0.0
0.00059532333,0.0,0.0
0.00073027745,0.0,0.0
0.0010725576,0.0,0.0
0.000607136,0.0,0.0
0.0010115249,0.0,0.0
0.00058022304,0.0,0.0
0.0006543666,0.0,0.0
0.00074015814,0.0,0.0
0.0019452502,0.0,0.0
0.0009876902,0.0,0.0
0.006702199,0.0,0.0
0.0009941127,0.0,0.0
0.00023607345,0.0,0.0
0.00042224454,0.0,0.0
0.0029733328,0.0,0.0
0.00058148114,0.0,0.0
9.356523e-05,0.0,0.0
0.000876945,0.0,0.0
0.0045679584,0.0,0.0
0.00034489494,0.0,1.0
0.0006952622,0.0,0.0
0.00088865677,1.0,0.0
0.0004058859,1.0,0.0
0.00047847052,1.0,0.0
0.00061971013,1.0,0.0
0.00063403934,1.0,0.0
0.00024466676,1.0,0.0
0.00037753928,1.0,0.0
0.002211478,0.0,0.0
0.0017525327,1.0,0.0
0.00134781,1.0,0.0
0.0021899338,0.0,0.0
0.0011091918,0.0,0.0
0.0008125404,1.0,0.0
0.0006664403,0.0,0.0
0.001267271,0.0,0.0
0.0037969062,0.0,0.0
0.003282738,0.0,0.0
0.0026445312,0.0,1.0
0.0012358269,0.0,0.0
0.0004559459,0.0,0.0
0.0005891271,0.0,0.0
0.00036681554,0.0,1.0
0.0015885103,0.0,1.0
0.00055882015,0.0,1.0
0.00085507403,0.0,0.0
0.00027844266,1.0,1.0
0.0003215064,1.0,0.0
0.002945087,0.0,0.0
0.00068214035,1.0,0.0
0.00034633945,1.0,0.0
0.0022267937,1.0,0.0
0.0021851396,0.0,0.0
0.00030582468,1.0,0.0
0.0007384774,1.0,1.0
0.0026613798,1.0,0.0
0.0043917717,0.0,0.0
0.0043053734,0.0,0.0
0.0023113263,0.0,0.0
0.0012265478,0.0,0.0
0.001340985,0.0,0.0
0.0014535498,0.0,0.0
0.0013761714,0.0,0.0
0.0008359796,0.0,1.0
0.00035652134,0.0,1.0
0.0003095014,0.0,1.0
0.00015025359,0.0,1.0
0.00035987282,0.0,0.0
0.00039526515,0.0,0.0
0.0056763473,0.0,0.0
0.00030277416,0.0,0.0
0.0012466654,0.0,0.0
0.0014258593,0.0,0.0
0.0013585213,0.0,0.0
0.005584412,0.0,0.0
0.0071382895,0.0,0.0
0.0005588266,0.0,0.0
0.0057009184,0.0,0.0
0.0016836429,0.0,0.0
0.0034804794,0.0,0.0
0.0018652421,0.0,0.0
0.0023103368,0.0,0.0
0.0006545946,0.0,0.0
0.00028008517,1.0,0.0
0.001966304,0.0,0.0
0.00066704204,0.0,0.0
0.004996819,0.0,0.0
0.000473944,0.0,0.0
0.005685082,0.0,0.0
0.00035500954,0.0,0.0
0.00074664596,0.0,0.0
0.0004112208,0.0,0.0
0.0013786815,0.0,0.0
0.007247742,0.0,0.0
0.00062331674,0.0,1.0
0.0065824185,0.0,1.0
0.0048157084,0.0,0.0
0.0015167444,0.0,0.0
0.0063333013,0.0,0.0
0.0062822704,0.0,0.0
0.0034689675,0.0,1.0
0.0025101975,0.0,0.0
0.0015531855,0.0,0.0
0.0013291175,0.0,0.0
0.0008092861,0.0,0.0
0.0006351785,0.0,0.0
0.00037564355,0.0,0.0
0.0005651095,0.0,0.0
0.0008874142,0.0,0.0
0.00056745036,1.0,0.0
0.0001762512,0.0,0.0
0.0005765263,0.0,0.0
0.0004909992,1.0,0.0
0.0006681991,0.0,0.0
0.0013383917,0.0,1.0
0.0001844895,0.0,0.0
0.00012389022,0.0,0.0
0.00075294875,0.0,0.0
0.00015495592,0.0,0.0
0.00014703782,0.0,0.0
0.00022492446,0.0,0.0
0.00025716797,0.0,0.0
0.00038673385,0.0,0.0
0.0020588269,0.0,1.0
0.00040847165,0.0,1.0
0.0002803943,0.0,0.0
0.00042451776,0.0,0.0
0.00023862519,0.0,0.0
0.003261366,0.0,0.0
0.00028669386,0.0,0.0
0.0012617806,0.0,0.0
0.00037502794,0.0,0.0
0.0030189897,0.0,0.0
0.000411479,0.0,0.0
0.00087195495,0.0,0.0
0.0009992551,0.0,0.0
0.0013125506,0.0,0.0
0.008522997,0.0,0.0
0.002877928,0.0,0.0
0.010967974,0.0,0.0
0.001924822,0.0,0.0
0.010138218,0.0,0.0
0.0012811872,0.0,0.0
0.00598145,0.0,0.0
0.0036316584,0.0,1.0
0.0038722795,0.0,0.0
0.0006992485,0.0,0.0
0.0013147258,0.0,0.0
0.00033523855,0.0,0.0
0.0005470706,0.0,0.0
0.0011721178,0.0,0.0
0.00048510332,0.0,0.0
0.0014638465,0.0,1.0
0.0027904967,0.0,0.0
0.0022668475,0.0,0.0
0.0030692152,0.0,1.0
0.0014544112,0.0,0.0
0.0006480566,0.0,0.0
0.00299621,0.0,0.0
0.0005570448,0.0,0.0
0.007178931,0.0,0.0
0.0013214005,1.0,1.0
0.00038124082,1.0,1.0
0.0003567932,1.0,0.0
0.00080630794,1.0,0.0
0.00032128548,0.0,0.0
0.000119204065,1.0,0.0
0.0015180043,0.0,1.0
0.0005497906,0.0,1.0
0.00013216266,0.0,0.0
0.001411383,0.0,0.0
0.0008585332,0.0,0.0
0.0009018114,0.0,0.0
0.0051442725,0.0,0.0
0.0024422922,0.0,0.0
0.0002275572,0.0,0.0
0.002567652,0.0,0.0
0.004871752,0.0,0.0
0.00062494545,0.0,0.0
0.0002797126,0.0,0.0
0.004026312,0.0,0.0
0.0021139968,0.0,0.0
0.0014583145,0.0,0.0
0.001359327,0.0,0.0
0.0008682904,0.0,0.0
0.00063878373,0.0,0.0
0.0024177604,0.0,0.0
0.00870486,0.0,0.0
0.0043538306,0.0,0.0
0.0034199238,0.0,0.0
0.00065374264,0.0,0.0
0.0048200507,0.0,0.0
0.013527102,0.0,0.0
0.0019361232,0.0,0.0
0.0010743641,0.0,0.0
0.0034362876,0.0,0.0
0.0003243273,0.0,0.0
0.008606319,0.0,0.0
0.00086789986,0.0,0.0
0.0025258497,0.0,0.0
0.001532774,0.0,0.0
0.0011144558,0.0,0.0
0.0015902029,1.0,0.0
0.0003208438,1.0,0.0
0.001028039,0.0,0.0
0.0023154116,0.0,0.0
0.0009205964,0.0,0.0
0.00046179467,0.0,0.0
0.0035810613,0.0,0.0
0.00030061434,0.0,0.0
0.0026312286,0.0,0.0
0.001098662,0.0,0.0
0.0053727515,0.0,0.0
0.012693812,0.0,0.0
0.0023547872,0.0,0.0
0.00038052246,0.0,0.0
0.0023570678,0.0,0.0
0.015873844,0.0,0.0
0.00919345,0.0,0.0
0.0073654386,0.0,1.0
0.0037364443,0.0,1.0
0.0056104753,0.0,0.0
0.0054950565,0.0,1.0
0.0025530367,0.0,1.0
0.01251904,0.0,0.0
0.00031394372,0.0,0.0
0.0016788968,0.0,0.0
0.004395568,0.0,0.0
0.0003898725,0.0,0.0
0.0012576017,0.0,0.0
0.0008763061,0.0,0.0
0.0012369449,0.0,0.0
0.0013280514,0.0,1.0
0.0022108017,0.0,0.0
0.00010284868,1.0,0.0
0.0003539204,0.0,0.0
0.000908401,0.0,0.0
0.00015629813,0.0,0.0
0.0012200959,0.0,0.0
0.0010872948,0.0,0.0
0.0005632989,0.0,0.0
0.00079715066,0.0,0.0
0.008575,0.0,0.0
0.0025398217,0.0,0.0
0.00043748098,1.0,0.0
0.0060706763,0.0,0.0
0.0059140786,0.0,0.0
0.0007911613,0.0,0.0
0.0009701626,0.0,0.0
0.0053230706,0.0,0.0
0.001580703,0.0,0.0
0.0014346945,0.0,0.0
0.0011257699,0.0,1.0
0.00079634204,0.0,1.0
0.00031358533,0.0,1.0
0.0014022359,0.0,0.0
0.0023225879,0.0,0.0
0.00037769193,0.0,0.0
0.0001261175,0.0,1.0
0.0013832247,0.0,0.0
0.0030376043,0.0,0.0
0.0011086013,0.0,0.0
0.00065731304,0.0,0.0
0.007101937,0.0,0.0
0.0019533592,0.0,0.0
0.0003459388,0.0,0.0
0.0025803212,0.0,0.0
0.0029109712,0.0,0.0
0.00011912817,0.0,0.0
0.00021985693,0.0,0.0
0.00035461597,0.0,0.0
0.008035916,0.0,0.0
0.0005495638,1.0,0.0
0.0040611248,0.0,0.0
0.0013131727,0.0,0.0
0.00042597752,0.0,0.0
0.0003237607,1.0,0.0
0.00030442313,0.0,0.0
0.0005406845,0.0,0.0
0.00013538697,0.0,0.0
0.000351515,0.0,0.0
0.0003101734,0.0,0.0
0.0003410836,0.0,0.0
0.00013391531,0.0,0.0
0.00030215704,0.0,0.0
0.00045548132,0.0,0.0
0.00014062767,1.0,0.0
0.00023964756,1.0,0.0
0.00018262936,0.0,0.0
0.0007322521,0.0,0.0
0.00025570564,1.0,0.0
0.00046085185,1.0,0.0
0.00039621035,0.0,0.0
7.6567194e-05,1.0,0.0
0.00024592364,1.0,0.0
0.00018260708,1.0,0.0
0.0006668243,0.0,0.0
9.905785e-05,1.0,0.0
0.0001560249,1.0,0.0
0.00036216635,0.0,0.0
9.976379e-05,0.0,0.0
0.00014198532,1.0,0.0
0.0010111247,1.0,0.0
0.0031428314,0.0,0.0
0.00021623271,0.0,0.0
0.0003616354,1.0,0.0
0.00021874892,1.0,0.0
0.0005620736,0.0,0.0
0.00026864593,0.0,0.0
0.00057946536,0.0,0.0
0.0014380655,0.0,0.0
0.00042983104,1.0,0.0
0.00015897493,1.0,0.0
0.0010054805,0.0,0.0
0.0002026613,0.0,0.0
0.004657698,0.0,0.0
0.0019089617,0.0,1.0
0.001325391,0.0,0.0
0.0013851757,1.0,0.0
0.0016362384,0.0,0.0
0.00050430757,0.0,1.0
0.00020140648,0.0,1.0
0.00023628402,1.0,1.0
8.627837e-05,1.0,0.0
0.0050468864,1.0,1.0
0.0002584587,0.0,1.0
0.0002119779,0.0,0.0
0.00011563726,0.0,0.0
0.0002015492,0.0,0.0
0.0015280931,0.0,0.0
0.00037582745,0.0,0.0
7.7692646e-05,0.0,0.0
0.00021666031,0.0,0.0
0.0004430214,0.0,0.0
0.00015215846,0.0,0.0
0.00035326526,0.0,0.0
0.0015521456,0.0,0.0
0.0025620416,0.0,1.0
0.0031329691,0.0,0.0
0.00076138426,0.0,0.0
0.00025166647,0.0,0.0
0.0015282764,0.0,0.0
0.005135,0.0,0.0
0.00026967374,0.0,0.0
0.00059221615,0.0,0.0
0.006321822,0.0,0.0
0.002084225,0.0,0.0
0.0047642104,0.0,0.0
0.0013760088,0.0,0.0
0.006529242,0.0,1.0
0.002893323,0.0,1.0
0.00025355446,0.0,0.0
0.0006313482,1.0,0.0
8.1489794e-05,0.0,1.0
0.00019955495,0.0,0.0
0.0021389623,1.0,0.0
0.00012755748,1.0,0.0
0.00012661201,1.0,0.0
0.0003453212,0.0,0.0
0.0004106831,1.0,0.0
0.00025767626,1.0,0.0
0.0017860543,1.0,0.0
0.0010016351,0.0,0.0
0.0001551073,1.0,0.0
0.00026125257,1.0,0.0
0.000502822,1.0,0.0
0.00038965122,0.0,0.0
0.00026822597,0.0,0.0
0.00095402513,1.0,0.0
0.0009193132,0.0,0.0
0.00046241793,0.0,1.0
0.004127505,0.0,0.0
0.00071855646,0.0,0.0
0.00888663,0.0,0.0
0.0016298542,0.0,0.0
0.00020811155,0.0,0.0
0.0002734019,0.0,0.0
0.0009104238,0.0,0.0
0.0014436452,0.0,0.0
0.00038924525,0.0,0.0
0.0020330525,0.0,0.0
0.007848794,0.0,0.0
0.0012280834,0.0,0.0
0.0041506304,0.0,0.0
0.0018526687,0.0,0.0
0.004708464,0.0,0.0
0.0041827443,0.0,0.0
0.0029723507,0.0,0.0
0.0010080611,0.0,0.0
0.0026214048,0.0,0.0
0.0054552685,0.0,0.0
0.0026498036,0.0,0.0
0.0008944068,0.0,0.0
0.00078064826,0.0,0.0
0.0008020183,0.0,0.0
0.00092926144,0.0,1.0
0.0007737837,1.0,0.0
0.00084760203,1.0,0.0
0.0014445811,0.0,0.0
0.0043825987,0.0,0.0
0.0005244514,0.0,0.0
0.0014928664,0.0,0.0
0.00076875516,0.0,0.0
0.0011599825,0.0,0.0
0.0056719542,0.0,0.0
0.0009168364,0.0,0.0
0.0011868407,0.0,0.0
0.010852348,0.0,0.0
0.0011505306,0.0,0.0
0.0072585535,0.0,0.0
0.010332961,0.0,0.0
0.007459514,0.0,1.0
0.0064352024,0.0,0.0
0.0017743008,0.0,0.0
0.002903289,0.0,0.0
0.007222619,0.0,0.0
0.0043847607,0.0,0.0
0.0011612197,0.0,0.0
0.0016562208,0.0,0.0
0.0046753297,0.0,0.0
0.002857875,0.0,1.0
0.01753963,0.0,0.0
0.0012128962,0.0,0.0
0.0038597814,0.0,0.0
0.007306875,0.0,0.0
0.0011125855,0.0,0.0
0.0016467049,0.0,0.0
0.00048790063,0.0,0.0
0.0011371446,0.0,0.0
0.0003893447,0.0,0.0
0.0011201431,0.0,0.0
0.0027067645,0.0,0.0
0.00047146145,0.0,1.0
0.0034641146,0.0,0.0
0.0007294317,0.0,0.0
0.004548935,0.0,0.0
0.001045737,0.0,0.0
0.0012145546,0.0,0.0
0.010543512,0.0,0.0
0.0045095272,0.0,0.0
0.0009036792,0.0,0.0
0.004152226,0.0,0.0
0.0022659549,0.0,0.0
0.0002744149,0.0,0.0
0.0010630221,0.0,0.0
0.00033818182,0.0,0.0
0.008066843,0.0,0.0
0.0075114127,0.0,0.0
0.0030761375,0.0,0.0
0.0011537563,0.0,1.0
0.0059192055,0.0,1.0
0.0015032551,0.0,0.0
0.0006017479,0.0,0.0
0.00079041003,0.0,1.0
0.0009913009,0.0,1.0
0.0021714163,0.0,0.0
0.00043487,0.0,0.0
0.0005239525,0.0,0.0
0.0005978252,0.0,0.0
0.00093037466,0.0,0.0
0.0017455244,0.0,0.0
0.00074326707,0.0,0.0
0.0018285512,0.0,0.0
0.0005172249,0.0,0.0
0.0024265146,0.0,0.0
0.0031632204,0.0,0.0
0.0026971737,0.0,0.0
0.00029766458,0.0,0.0
0.004750364,0.0,0.0
0.0021224602,0.0,0.0
0.001251346,0.0,0.0
0.0024966674,0.0,0.0
0.0010926531,0.0,0.0
0.0033084953,0.0,0.0
0.0018437157,0.0,0.0
0.0010924074,0.0,1.0
0.00019527062,0.0,0.0
0.00033437836,0.0,0.0
0.0014298258,0.0,0.0
0.000928253,0.0,0.0
0.00012410566,0.0,0.0
0.0011280386,0.0,0.0
0.0002638904,0.0,0.0
0.0006369787,0.0,0.0
0.00045142573,0.0,1.0
0.0006216434,0.0,1.0
0.00066660007,0.0,0.0
0.00046830444,0.0,0.0
0.0003035916,0.0,0.0
0.00021356191,0.0,0.0
0.00084540696,0.0,0.0
0.00048555876,0.0,0.0
0.0032837223,0.0,1.0
0.0039421343,0.0,1.0
0.000531479,0.0,0.0
0.0005167437,0.0,0.0
0.004344003,0.0,0.0
0.001117502,0.0,0.0
0.0031419888,0.0,0.0
0.0020452412,0.0,0.0
0.029193748,0.0,0.0
0.0009795513,0.0,0.0
0.0007699038,0.0,0.0
0.0039544776,0.0,0.0
0.0017589217,0.0,0.0
0.0009834559,0.0,0.0
0.0011391535,0.0,0.0
0.00047598837,0.0,0.0
0.00044807018,0.0,0.0
0.0006485923,0.0,0.0
0.0010988702,0.0,0.0
0.00037954247,0.0,0.0
0.00023165172,0.0,0.0
0.0015774041,0.0,0.0
0.0005554958,0.0,0.0
0.0004373019,0.0,0.0
0.00055081845,0.0,0.0
0.0007646143,0.0,0.0
0.0014060028,0.0,0.0
0.0003640635,0.0,0.0
0.0006231843,0.0,0.0
0.00046709686,0.0,0.0
0.001284885,0.0,0.0
0.0026218474,0.0,0.0
0.0033842898,0.0,0.0
0.0046039745,0.0,0.0
0.002549828,0.0,0.0
0.0013024706,0.0,0.0
0.00046396995,0.0,0.0
0.00027163303,0.0,0.0
0.00055378437,0.0,0.0
0.0008908063,0.0,0.0
0.00248409,0.0,0.0
0.00059155613,0.0,0.0
0.00035138332,0.0,0.0
0.00075869606,0.0,0.0
0.00053591945,0.0,0.0
0.0006626614,0.0,0.0
0.0041821883,0.0,0.0
0.0011102617,1.0,0.0
0.0055054347,0.0,0.0
0.00051470584,1.0,0.0
0.0010894539,0.0,0.0
0.0007204473,0.0,0.0
0.0011996101,0.0,0.0
0.001354839,0.0,0.0
0.0011591436,0.0,0.0
0.007215466,0.0,0.0
0.00040598828,0.0,0.0
0.01044344,0.0,0.0
0.0023970467,0.0,0.0
0.013722739,0.0,0.0
0.003449423,0.0,0.0
0.0042571006,0.0,0.0
0.0033997179,0.0,0.0
0.0021877256,0.0,0.0
0.002900954,0.0,0.0
0.0021459535,0.0,0.0
0.004085779,0.0,0.0
0.0012531983,0.0,0.0
0.0004416272,0.0,0.0
0.0073176185,0.0,0.0
0.0020297281,0.0,0.0
0.00043184447,0.0,0.0
0.0003873705,0.0,0.0
0.0016591713,0.0,0.0
0.0014387148,0.0,0.0
0.0005034474,1.0,0.0
0.0018209604,0.0,0.0
0.001558375,0.0,0.0
0.00055790134,1.0,0.0
0.0007699262,1.0,0.0
0.00061282265,1.0,0.0
0.0010697285,0.0,0.0
0.0042702025,0.0,0.0
0.0015577548,0.0,0.0
0.0020198394,0.0,0.0
0.0019566584,0.0,0.0
0.0013579516,0.0,0.0
0.001762919,0.0,0.0
0.0043565435,0.0,0.0
0.012540313,0.0,0.0
0.001727064,0.0,0.0
0.0019160085,0.0,0.0
0.0011082329,0.0,0.0
0.002267265,0.0,0.0
0.0024860178,0.0,0.0
0.0043827523,0.0,0.0
0.0014150355,0.0,0.0
0.0006187609,0.0,1.0
0.0013393487,0.0,0.0
0.004002264,0.0,0.0
0.007221207,0.0,0.0
0.007437456,0.0,0.0
0.007556773,0.0,0.0
0.0023615977,0.0,0.0
0.0026483876,0.0,0.0
0.002379887,0.0,0.0
0.0007200945,0.0,0.0
0.0023984553,0.0,1.0
0.0013858507,0.0,1.0
0.00085600663,0.0,1.0
0.0009824028,0.0,0.0
0.0016180266,0.0,0.0
0.0007257664,0.0,0.0
0.001317141,0.0,0.0
0.0012634505,0.0,0.0
0.0047791237,0.0,0.0
0.0033868204,0.0,0.0
0.014484563,0.0,0.0
0.0025973173,0.0,0.0
0.0050392468,0.0,0.0
0.002709014,0.0,0.0
0.0027343766,0.0,0.0
0.00502461,0.0,0.0
0.0010842966,0.0,0.0
0.0040878854,0.0,0.0
0.0014887069,0.0,0.0
0.0005121149,0.0,0.0
0.0017540449,0.0,0.0
0.0025823396,0.0,0.0
0.0026608254,0.0,0.0
0.0018679962,0.0,1.0
0.00349655,0.0,0.0
0.0053066723,0.0,0.0
0.0043601766,0.0,1.0
0.0006516569,0.0,0.0
0.0023422963,0.0,0.0
0.0007229576,0.0,0.0
0.0009287228,0.0,0.0
0.000625731,0.0,0.0
0.00038629462,0.0,0.0
0.00024989637,0.0,0.0
0.0006465326,0.0,0.0
0.0003895368,0.0,0.0
0.0024940085,0.0,0.0
0.00039759596,1.0,0.0
0.00023078732,0.0,0.0
0.0006515004,0.0,0.0
0.00019271972,1.0,0.0
0.0005207434,0.0,0.0
0.00071040593,0.0,0.0
0.0006051865,0.0,0.0
0.0015201089,0.0,0.0
0.00017420563,0.0,0.0
0.002978123,0.0,0.0
0.0010836213,0.0,0.0
0.00069118803,0.0,0.0
0.0010416256,0.0,0.0
0.0012325587,0.0,0.0
0.0010672346,0.0,0.0
0.000298423,1.0,0.0
0.0022970801,0.0,0.0
0.00071434485,0.0,0.0
0.0005540546,0.0,0.0
0.002504592,0.0,0.0
0.014164813,0.0,0.0
0.0010826999,0.0,0.0
0.0009206503,0.0,0.0
0.0015725968,0.0,0.0
0.002898033,0.0,0.0
0.0019184027,0.0,0.0
0.0006961447,0.0,0.0
0.00093532604,0.0,0.0
0.0005199051,0.0,0.0
0.00054259907,0.0,0.0
0.00024509733,1.0,0.0
0.00029564634,1.0,0.0
0.0021466957,0.0,0.0
0.005543047,0.0,0.0
0.0007191398,1.0,0.0
0.0007586665,0.0,0.0
0.00027634806,0.0,0.0
0.00042305235,1.0,0.0
0.00090350356,1.0,0.0
0.0023247523,0.0,0.0
0.0006893271,0.0,0.0
0.014245328,0.0,0.0
0.00038028407,0.0,0.0
0.0035338288,0.0,0.0
0.009793739,0.0,0.0
0.00072859245,0.0,0.0
0.0012186401,0.0,0.0
0.004799299,0.0,0.0
0.013469435,0.0,0.0
0.00033508457,1.0,0.0
0.008264892,0.0,0.0
0.0022882638,0.0,0.0
0.0009317474,0.0,0.0
0.0021857114,0.0,0.0
0.005656748,0.0,0.0
0.00082053634,0.0,0.0
0.0005263735,0.0,0.0
0.0019370809,0.0,0.0
0.0010282081,0.0,0.0
0.00083772035,1.0,0.0
0.0016895207,0.0,0.0
0.00028990587,1.0,0.0
0.0009449837,0.0,0.0
0.0003756525,0.0,0.0
0.00014640014,1.0,0.0
0.000662837,1.0,0.0
0.0007420908,0.0,0.0
0.0042832103,0.0,0.0
0.0005018823,1.0,0.0
0.0013200571,0.0,0.0
0.0014702588,0.0,0.0
0.0002646039,1.0,0.0
0.0007064035,1.0,0.0
0.00078927417,0.0,0.0
0.00067286723,1.0,0.0
0.0017167822,0.0,0.0
0.00044796767,1.0,0.0
0.002040938,0.0,0.0
0.0016216139,0.0,0.0
0.0010346343,0.0,0.0
0.0004647565,0.0,0.0
0.0036926146,0.0,0.0
0.0021420706,0.0,0.0
0.00044731944,0.0,0.0
0.0014696766,0.0,0.0
0.0075654676,0.0,0.0
0.00055100804,0.0,0.0
0.00090410205,0.0,0.0
0.009846565,0.0,0.0
0.0020272173,0.0,0.0
0.0010413264,0.0,0.0
0.0018137573,0.0,0.0
0.003646898,0.0,0.0
0.0012037354,0.0,0.0
0.0012127772,0.0,0.0
0.004757737,0.0,0.0
0.0022548435,0.0,1.0
0.0011226898,0.0,1.0
0.00073110295,0.0,1.0
0.00093679986,0.0,0.0
0.00045788233,0.0,0.0
0.0006501885,0.0,0.0
0.0005829567,0.0,0.0
0.00044515138,0.0,0.0
0.00069554226,0.0,0.0
0.0012439515,0.0,0.0
0.0008760401,1.0,0.0
0.0011906747,0.0,0.0
0.0007866214,0.0,0.0
0.0017392938,1.0,0.0
0.00069625786,1.0,0.0
0.00068349845,0.0,0.0
0.0031781541,1.0,0.0
0.00042527015,1.0,0.0
0.0017920152,0.0,0.0
0.0037338748,0.0,0.0
0.0010956071,1.0,0.0
0.0011744479,1.0,0.0
0.008041924,0.0,0.0
0.0049523194,1.0,0.0
0.0148400115,1.0,0.0
0.0035601703,1.0,0.0
0.004023808,0.0,0.0
0.0036360058,0.0,0.0
0.002370484,1.0,0.0
0.01049312,0.0,0.0
0.0039859237,0.0,0.0
0.000731542,0.0,0.0
0.0007104161,1.0,0.0
0.00091942877,0.0,0.0
0.0010548945,0.0,0.0
0.00413799,0.0,0.0
0.0003670368,0.0,0.0
0.00433114,0.0,0.0
0.0036479984,0.0,0.0
0.00017681054,0.0,0.0
0.0019451828,0.0,0.0
0.004124638,0.0,0.0
0.0012607278,0.0,0.0
0.0014643088,0.0,0.0
0.0042343107,0.0,0.0
0.0006437936,0.0,0.0
0.002825207,0.0,0.0
0.0010559598,0.0,0.0
