gate_value,label,rsa
0.0005864115,0.0,0.0
0.0003349255,0.0,0.0
0.00012363272,0.0,0.0
0.00016725197,0.0,1.0
0.0002519315,0.0,0.0
0.0004961856,0.0,0.0
0.00028130013,0.0,0.0
0.0006838304,0.0,0.0
0.0002876088,0.0,0.0
0.00021192395,0.0,0.0
0.00055362255,0.0,0.0
0.0008390525,0.0,0.0
0.000184131,0.0,0.0
0.00033247552,0.0,0.0
0.0003326994,0.0,0.0
0.00010104665,0.0,0.0
0.0006584539,0.0,0.0
0.00066592346,0.0,0.0
0.0010855931,0.0,0.0
0.00023253004,0.0,0.0
0.00017926213,1.0,0.0
0.00013629693,0.0,0.0
0.0003462782,0.0,0.0
0.0008683184,0.0,0.0
0.00036608716,0.0,1.0
0.00021463935,0.0,0.0
0.00090614817,0.0,0.0
0.0011856762,0.0,0.0
0.0015825138,0.0,0.0
0.0009528184,0.0,0.0
0.0006368443,0.0,0.0
0.0005940025,0.0,0.0
0.00020547793,0.0,0.0
0.0032219833,0.0,0.0
0.0012751913,0.0,0.0
0.0002460864,0.0,0.0
0.00070532085,0.0,0.0
0.001602327,0.0,0.0
0.002109246,0.0,0.0
0.00073233165,0.0,0.0
0.0014043234,0.0,0.0
0.0020033915,0.0,0.0
0.0014157001,0.0,0.0
0.0065003885,0.0,0.0
0.0003983063,0.0,1.0
9.810465e-05,0.0,1.0
0.00036060222,0.0,0.0
0.0001750941,0.0,0.0
0.0003487028,0.0,0.0
0.0006358321,0.0,0.0
0.0004004402,0.0,0.0
0.0006182666,0.0,0.0
0.0022400154,0.0,0.0
0.0010158429,0.0,0.0
0.005350222,0.0,0.0
0.0009399143,0.0,0.0
0.0006541849,0.0,0.0
0.0018316155,0.0,0.0
0.0012612117,0.0,0.0
0.001047895,0.0,0.0
0.0003368619,0.0,0.0
0.0005982385,0.0,0.0
0.00024894517,0.0,0.0
0.00029641285,0.0,0.0
0.0010599531,0.0,0.0
0.0011443758,0.0,0.0
0.0037573036,0.0,0.0
0.0008513712,1.0,1.0
0.00026160156,1.0,0.0
0.003481111,1.0,0.0
0.002650754,1.0,0.0
0.000726002,1.0,0.0
0.00043467875,0.0,0.0
6.796512e-05,1.0,0.0
0.00032149264,1.0,0.0
0.00047585633,0.0,0.0
0.0006102968,0.0,0.0
0.0023084648,1.0,0.0
0.0014972256,0.0,0.0
0.00139026,1.0,0.0
0.000100089674,0.0,0.0
0.000110249355,0.0,0.0
0.0006783278,1.0,0.0
0.00035321966,1.0,0.0
0.00071910385,1.0,0.0
0.00048974785,1.0,0.0
0.00063346344,0.0,0.0
0.00045715098,0.0,0.0
0.0013433025,0.0,0.0
0.011234587,0.0,0.0
0.0008329446,0.0,0.0
0.00040274565,1.0,0.0
0.00082047057,0.0,0.0
0.0002779846,1.0,0.0
0.0005139771,1.0,0.0
0.00037587745,1.0,0.0
0.0009256216,0.0,0.0
0.0010714934,0.0,0.0
0.0076914527,0.0,0.0
0.00047665037,0.0,0.0
0.0053130696,0.0,1.0
0.015639398,0.0,1.0
0.00020893507,0.0,0.0
0.0013099917,0.0,0.0
0.0008114255,0.0,0.0
0.0007506912,0.0,0.0
0.00095217495,0.0,0.0
0.00488723,0.0,0.0
0.0011324767,0.0,0.0
0.0009922473,0.0,0.0
0.00086064107,0.0,0.0
3.4375556e-05,0.0,0.0
0.0005966338,0.0,0.0
0.0009292747,0.0,0.0
0.0007905724,0.0,1.0
0.012171024,0.0,0.0
0.011947986,0.0,0.0
0.000190839,0.0,0.0
0.00035790075,0.0,0.0
0.0006294565,0.0,0.0
8.540731e-05,0.0,0.0
0.0025390051,0.0,0.0
0.006479113,0.0,0.0
0.0008669111,0.0,0.0
0.0067908512,0.0,0.0
4.1751733e-05,0.0,0.0
0.00220704,0.0,0.0
0.0007037796,0.0,0.0
0.00041177508,0.0,0.0
0.0022719589,0.0,0.0
0.015885334,0.0,0.0
0.00046815645,0.0,0.0
0.0004088797,0.0,0.0
0.0017804056,0.0,0.0
0.0011332424,0.0,0.0
0.0011701839,0.0,0.0
0.0004831918,0.0,0.0
0.00026951407,0.0,1.0
0.00024299088,0.0,1.0
0.00022634739,0.0,0.0
9.807387e-05,0.0,0.0
0.0012211378,0.0,0.0
0.001023061,0.0,0.0
0.0014458451,0.0,0.0
0.0048797205,0.0,0.0
0.0001787092,0.0,1.0
0.0005144859,0.0,1.0
0.002068086,0.0,0.0
0.00056853256,0.0,0.0
0.00015571233,0.0,0.0
0.0031012886,0.0,0.0
0.0021429872,0.0,0.0
0.0013965633,0.0,0.0
0.0005954865,0.0,0.0
0.0027875088,0.0,0.0
0.0005680992,0.0,0.0
0.0018345489,0.0,0.0
0.0003659422,0.0,0.0
0.0067794346,0.0,0.0
0.00017341595,0.0,0.0
0.006455417,0.0,0.0
0.0025494823,0.0,0.0
0.0018234894,0.0,0.0
0.00026812777,0.0,0.0
0.0021651129,0.0,0.0
0.00022788919,0.0,0.0
0.0009622681,0.0,0.0
0.001007401,0.0,0.0
0.001000829,0.0,0.0
0.00030558687,0.0,0.0
0.020508092,0.0,0.0
0.00076536083,0.0,0.0
0.0026338561,0.0,0.0
0.010681143,0.0,0.0
0.00033062455,0.0,0.0
0.0003401252,0.0,0.0
0.0026936615,0.0,0.0
0.00080935203,0.0,0.0
0.000638662,0.0,0.0
9.3734096e-05,0.0,0.0
0.00032753777,0.0,0.0
0.014536092,0.0,0.0
0.012103857,0.0,0.0
0.0037023672,0.0,0.0
0.00812768,0.0,0.0
0.0022309632,0.0,0.0
0.0047294865,0.0,0.0
0.0014222737,0.0,0.0
0.043648258,0.0,0.0
0.0003566616,0.0,0.0
0.002131589,0.0,0.0
0.0043659187,0.0,0.0
0.0017840924,1.0,0.0
0.005469954,0.0,0.0
0.0072397455,1.0,0.0
0.0034929698,0.0,0.0
0.011854193,0.0,0.0
0.0015381925,0.0,0.0
0.008657173,0.0,0.0
0.004641,0.0,0.0
0.0013249895,0.0,0.0
0.001355765,0.0,0.0
0.0073307273,0.0,0.0
0.010208872,0.0,0.0
0.03040993,0.0,0.0
0.0012101319,0.0,0.0
9.141185e-05,0.0,0.0
0.0014769995,0.0,0.0
0.0053104362,0.0,0.0
0.00039999993,0.0,0.0
0.00015000293,0.0,0.0
0.00025246604,0.0,0.0
0.00053821155,0.0,0.0
0.00042459345,0.0,0.0
0.00019710023,0.0,0.0
0.0019666175,0.0,0.0
0.0013530917,0.0,0.0
0.0009805757,0.0,0.0
0.0030670087,0.0,0.0
0.0060905814,0.0,0.0
0.00708693,1.0,0.0
0.00085591245,0.0,0.0
0.0030544344,0.0,0.0
0.00090237916,1.0,0.0
0.00083340745,1.0,0.0
0.003204204,1.0,0.0
0.011989742,0.0,0.0
0.006672979,0.0,0.0
0.013242036,0.0,0.0
0.0018309322,0.0,0.0
0.0037016303,0.0,0.0
0.00066049123,0.0,0.0
0.00086873554,0.0,0.0
0.00041368208,0.0,0.0
0.008613979,0.0,0.0
0.0015668673,0.0,0.0
0.0025589373,0.0,0.0
0.00052778394,0.0,0.0
0.08142304,0.0,0.0
0.0010273708,0.0,0.0
0.0011385997,0.0,0.0
0.001657564,0.0,0.0
0.0062636454,0.0,1.0
0.00023248747,0.0,0.0
0.0017637158,0.0,0.0
0.0001717226,0.0,0.0
0.00038098652,0.0,0.0
0.00017268397,0.0,0.0
0.0011402924,0.0,0.0
0.0016620576,0.0,0.0
0.00083613413,0.0,0.0
0.0009809149,0.0,0.0
0.0054461276,0.0,1.0
0.0005859556,0.0,1.0
0.0017848391,0.0,1.0
0.00063138217,0.0,0.0
0.002465425,0.0,0.0
0.0014069706,0.0,0.0
0.0004974593,0.0,0.0
0.0038291665,0.0,0.0
0.0021266837,0.0,0.0
0.0032438522,0.0,0.0
0.0014681233,0.0,0.0
0.00018349706,0.0,0.0
0.0027306655,0.0,0.0
0.0025775612,0.0,0.0
0.00013594065,0.0,0.0
0.00044679278,0.0,0.0
0.0020409266,0.0,0.0
0.0003274922,0.0,0.0
0.00066456286,0.0,0.0
0.002113506,0.0,0.0
0.000544412,0.0,0.0
0.0006755862,0.0,0.0
0.00064504804,0.0,0.0
0.0007259152,0.0,1.0
0.0009446177,0.0,0.0
0.0029932174,0.0,0.0
0.0018214459,0.0,1.0
0.02234148,0.0,0.0
5.615524e-05,0.0,0.0
0.0014625778,0.0,0.0
0.0004145727,0.0,0.0
0.0006302993,0.0,0.0
0.0072037564,0.0,0.0
0.01262026,0.0,0.0
0.0032078521,0.0,0.0
0.002855005,0.0,0.0
0.0038401573,0.0,0.0
0.0038185422,1.0,0.0
0.0012381508,0.0,0.0
0.0022203836,0.0,0.0
0.0018872378,1.0,0.0
0.00089713716,0.0,0.0
0.0029725796,0.0,0.0
0.007620517,0.0,0.0
0.0005216137,0.0,0.0
0.005684834,0.0,0.0
0.0010588227,0.0,0.0
0.002516736,0.0,0.0
0.0014202157,0.0,0.0
0.010716791,0.0,0.0
0.00037268279,0.0,0.0
0.007791868,0.0,0.0
0.003143655,1.0,0.0
0.0031681904,0.0,0.0
0.0005197295,0.0,0.0
0.0022943714,0.0,0.0
0.00045775028,0.0,0.0
0.0027401573,0.0,0.0
0.014795433,0.0,0.0
0.014561647,0.0,0.0
0.0027286028,0.0,0.0
0.0018386311,0.0,0.0
0.00011329669,0.0,0.0
0.005914839,0.0,0.0
0.0010774626,0.0,0.0
0.0008425656,0.0,0.0
0.06782637,0.0,0.0
0.0016509623,1.0,0.0
0.0064866557,1.0,0.0
0.020837538,0.0,0.0
0.0033337257,0.0,0.0
0.0015459255,1.0,0.0
0.00035349303,0.0,0.0
0.007262647,0.0,0.0
0.00039915013,1.0,0.0
0.0024181101,1.0,0.0
0.0058871796,0.0,0.0
0.0036815351,0.0,0.0
0.006353135,0.0,0.0
0.009517503,0.0,0.0
0.0006742545,0.0,0.0
0.0017520004,0.0,0.0
0.0017427199,0.0,0.0
0.0018116721,0.0,0.0
0.001004869,0.0,0.0
0.0022049923,0.0,0.0
0.008381107,1.0,0.0
0.0021805728,0.0,0.0
0.022132527,0.0,0.0
0.0015999769,0.0,0.0
0.00033192287,0.0,0.0
0.00030072383,0.0,0.0
0.008207869,0.0,0.0
0.016074983,0.0,0.0
0.0053564375,0.0,0.0
0.007886979,0.0,0.0
0.011379323,1.0,0.0
0.0014729095,0.0,0.0
0.0029795095,1.0,0.0
0.0029941283,0.0,0.0
0.018246323,0.0,0.0
0.004405564,1.0,0.0
0.0022677083,1.0,0.0
0.005030604,0.0,0.0
0.0011227974,0.0,0.0
0.008100835,1.0,0.0
0.0015102805,0.0,0.0
0.008658917,0.0,0.0
0.00044664563,1.0,0.0
0.0023323938,1.0,0.0
0.00095433876,0.0,0.0
0.0066670296,1.0,0.0
0.0027914431,0.0,0.0
0.016920362,1.0,0.0
0.0018605528,0.0,0.0
0.0032036908,0.0,0.0
0.0005551023,0.0,0.0
0.0024866979,0.0,0.0
0.00025693222,0.0,0.0
0.0046977256,0.0,0.0
0.0029736934,0.0,0.0
0.0009208613,0.0,0.0
0.00034825766,0.0,0.0
0.001487154,0.0,0.0
0.00031756054,0.0,0.0
0.00024117921,0.0,0.0
0.0028340723,0.0,0.0
0.006233433,0.0,0.0
0.0018712647,0.0,0.0
0.0020088675,0.0,0.0
0.0026831399,0.0,0.0
0.003638247,0.0,0.0
0.00034738952,0.0,0.0
0.0012500278,0.0,1.0
0.0024251968,0.0,1.0
0.0014371845,0.0,1.0
0.0006937462,0.0,0.0
0.002538037,0.0,0.0
0.00074503536,0.0,0.0
0.0009883017,0.0,0.0
0.000693977,0.0,0.0
0.0003772689,0.0,0.0
0.00037915065,0.0,0.0
0.0011109404,1.0,0.0
0.0007467491,0.0,0.0
0.002937139,0.0,0.0
0.004438358,1.0,0.0
0.00034272787,1.0,0.0
0.0015881903,0.0,0.0
0.013128084,1.0,0.0
0.00042055675,1.0,0.0
0.00059450883,0.0,0.0
0.0032381709,0.0,0.0
0.00047046057,1.0,0.0
0.0042311396,1.0,0.0
0.0005512513,0.0,0.0
0.0019899833,1.0,0.0
0.01207718,1.0,0.0
0.0052488204,1.0,0.0
8.811987e-05,0.0,0.0
0.0011601374,0.0,0.0
0.0012448077,1.0,0.0
0.0008712926,0.0,0.0
0.0005135192,0.0,0.0
0.0016342464,0.0,0.0
0.0006465282,1.0,0.0
0.0009292039,0.0,0.0
0.0010675387,0.0,0.0
0.0005183922,0.0,0.0
0.0004663897,0.0,0.0
0.0045120926,0.0,0.0
0.0014509554,0.0,0.0
0.0006919235,0.0,0.0
0.002039106,0.0,0.0
0.00037767482,0.0,0.0
0.0010110529,0.0,0.0
0.0027491918,0.0,0.0
0.0003662013,0.0,0.0
0.0011415869,0.0,0.0
0.0016916791,0.0,0.0
0.0024411227,0.0,0.0
0.0016688092,1.0,0.0
0.00035144432,0.0,0.0
0.0016099518,1.0,0.0
0.0002935144,0.0,0.0
0.0006187812,0.0,0.0
0.021530384,1.0,0.0
0.0017054498,1.0,0.0
0.001089827,0.0,1.0
0.0005461763,0.0,0.0
0.00018664119,1.0,0.0
0.0003449564,0.0,0.0
0.00219528,0.0,0.0
0.0006948357,0.0,0.0
0.0011341176,0.0,1.0
0.0025418303,0.0,1.0
0.00203102,0.0,0.0
0.004365413,0.0,0.0
0.0020362504,0.0,0.0
0.00081269414,0.0,0.0
0.0016076595,0.0,0.0
0.0010462645,0.0,0.0
0.0009493017,0.0,0.0
0.0010339711,0.0,0.0
0.00049940246,0.0,0.0
0.00041689447,0.0,0.0
0.00034308893,0.0,0.0
5.438357e-05,0.0,0.0
0.0013216076,0.0,0.0
0.0001812312,0.0,0.0
0.00024100106,0.0,0.0
0.0020734011,0.0,0.0
0.0005729115,0.0,0.0
0.00054110755,0.0,0.0
0.00015859159,0.0,0.0
0.001488875,0.0,0.0
0.0023789417,0.0,0.0
0.0010139236,0.0,0.0
0.0023739382,0.0,0.0
0.002919301,0.0,0.0
0.0010827922,0.0,0.0
0.0004483517,0.0,0.0
0.0045648026,0.0,0.0
0.0045276494,0.0,1.0
0.00052806525,0.0,0.0
0.0018894289,0.0,0.0
0.00040557358,0.0,0.0
0.00012842631,0.0,1.0
0.00049558247,0.0,0.0
0.0015020374,0.0,0.0
0.010307103,0.0,0.0
0.0021761658,0.0,0.0
0.0063706147,0.0,0.0
0.0005031511,0.0,0.0
0.00061099225,0.0,0.0
0.00012927927,0.0,0.0
0.00079042057,0.0,0.0
0.000114791306,0.0,0.0
0.00033426232,0.0,0.0
0.00049166096,0.0,0.0
0.0008678069,0.0,0.0
0.00012161249,0.0,0.0
0.00023593417,0.0,0.0
0.0028770482,0.0,0.0
0.0009523424,0.0,0.0
0.00034826229,0.0,0.0
0.014683013,0.0,0.0
0.0013389654,0.0,0.0
0.048973646,0.0,0.0
0.01583361,0.0,0.0
0.00016378141,0.0,0.0
0.0018610443,0.0,0.0
0.0006499438,0.0,0.0
9.573463e-05,0.0,0.0
0.0001687166,0.0,0.0
0.00097654853,0.0,0.0
0.00012233442,0.0,0.0
0.0010877454,0.0,0.0
0.002947876,0.0,0.0
0.0006920386,0.0,0.0
0.0012276004,0.0,0.0
0.00079448364,0.0,0.0
0.0007463657,0.0,0.0
0.0001633181,0.0,0.0
0.00017590854,0.0,0.0
0.00063787843,0.0,0.0
0.00012567129,0.0,0.0
0.0007160331,0.0,0.0
0.007437375,0.0,0.0
0.0017422355,0.0,0.0
0.0010647761,0.0,0.0
0.00032053195,0.0,0.0
0.00025681537,0.0,0.0
0.0008352797,0.0,0.0
0.00047393815,0.0,0.0
0.00014016421,0.0,0.0
0.00093582046,0.0,0.0
0.00021755748,0.0,0.0
0.00021693339,0.0,0.0
0.000773936,0.0,0.0
0.0042201425,0.0,0.0
0.0007804951,0.0,0.0
0.0012480244,0.0,0.0
0.0010741552,0.0,0.0
0.0007018443,0.0,0.0
0.00035172503,0.0,0.0
0.001051382,0.0,0.0
0.002664347,0.0,0.0
0.0007639541,0.0,0.0
0.0014555216,0.0,1.0
0.002420405,0.0,0.0
0.001156278,0.0,0.0
0.0013823864,0.0,1.0
0.0012037073,0.0,1.0
0.004230015,0.0,0.0
0.0008285977,0.0,0.0
0.0018447953,0.0,0.0
0.0064218864,0.0,0.0
0.0074516376,0.0,0.0
0.01053933,0.0,0.0
0.0004842318,0.0,0.0
0.007127024,0.0,0.0
0.0029333222,0.0,0.0
0.012673026,0.0,0.0
0.009752424,0.0,0.0
0.0010134388,0.0,0.0
0.0011533733,0.0,0.0
0.0057292823,0.0,0.0
0.0016648427,0.0,1.0
0.0016606719,0.0,0.0
0.0030828787,0.0,0.0
0.00043086667,0.0,0.0
0.0007427513,0.0,0.0
0.00010221911,0.0,0.0
0.0011482637,0.0,0.0
0.00022399331,0.0,0.0
0.0004440566,0.0,0.0
0.0005276969,0.0,0.0
0.00041383313,0.0,0.0
0.00066673214,0.0,0.0
0.00066296145,0.0,0.0
0.00068339554,0.0,0.0
0.00807996,0.0,1.0
0.00076000905,0.0,1.0
0.0034053412,0.0,0.0
0.00031087594,0.0,0.0
0.00042548793,0.0,0.0
0.0041085305,0.0,0.0
0.0015232553,0.0,0.0
0.0097894855,0.0,0.0
9.642277e-05,0.0,0.0
0.0048163123,0.0,0.0
0.0067098765,0.0,0.0
0.00026057445,0.0,0.0
0.0006244485,0.0,0.0
0.0004856324,0.0,0.0
0.00014960655,0.0,0.0
0.0015215107,0.0,0.0
0.0015254151,0.0,0.0
0.00044353903,0.0,0.0
0.0014743606,0.0,0.0
0.0001596319,0.0,0.0
0.0002962778,0.0,0.0
0.006693377,0.0,0.0
0.015760489,0.0,0.0
0.0014427388,0.0,0.0
0.0018990827,0.0,0.0
0.02027872,0.0,0.0
0.0011724595,0.0,0.0
0.005055746,0.0,0.0
0.2461821,0.0,0.0
0.0012274979,0.0,1.0
0.009684895,0.0,0.0
0.00247385,0.0,0.0
0.0037409856,0.0,0.0
0.004708196,0.0,0.0
0.026462205,0.0,0.0
0.0010434894,0.0,1.0
0.0025838125,0.0,1.0
0.02413894,0.0,0.0
9.7667056e-05,0.0,0.0
0.0006010938,0.0,0.0
0.0007786704,0.0,0.0
0.00045547955,0.0,0.0
0.00045689545,0.0,0.0
0.000634357,0.0,0.0
8.458102e-05,0.0,0.0
0.004233981,0.0,0.0
0.00089915167,0.0,0.0
0.0005503339,0.0,0.0
0.0011255462,0.0,0.0
0.0026665486,0.0,0.0
0.0009717149,0.0,0.0
0.005856115,0.0,0.0
0.002874338,0.0,0.0
0.0050685396,0.0,0.0
0.0014579743,0.0,0.0
0.019452212,0.0,0.0
0.0019509001,0.0,1.0
0.0045199706,0.0,1.0
0.002342954,0.0,0.0
0.0062473337,0.0,0.0
0.0031821856,0.0,0.0
0.011018163,1.0,0.0
0.003302554,1.0,0.0
0.009265111,1.0,0.0
0.0016509002,1.0,0.0
0.022722166,1.0,0.0
0.0017482375,1.0,0.0
0.02793659,0.0,0.0
0.0019210442,0.0,0.0
0.01706443,0.0,0.0
0.11176165,1.0,0.0
0.011666979,0.0,0.0
0.00034288,0.0,0.0
0.00033589583,0.0,0.0
0.0017224507,0.0,0.0
0.0007721801,0.0,0.0
0.003595609,0.0,0.0
0.012223323,0.0,0.0
0.010038972,0.0,0.0
0.017438114,0.0,0.0
0.0082227215,0.0,0.0
0.0015355145,0.0,0.0
0.002077312,0.0,0.0
0.015911177,1.0,0.0
0.0029927164,0.0,0.0
0.0069699744,0.0,0.0
0.02300492,0.0,0.0
0.0032531347,0.0,0.0
0.034938503,0.0,0.0
0.022337096,0.0,0.0
0.0012071496,0.0,0.0
0.0027920152,0.0,0.0
0.00051561504,0.0,0.0
0.00039281245,0.0,0.0
0.0012444331,0.0,0.0
0.00050675037,0.0,0.0
0.0018828972,0.0,0.0
0.0007429368,0.0,0.0
0.0108675,0.0,0.0
0.0021935885,1.0,0.0
0.00038662416,0.0,0.0
0.0029893394,0.0,0.0
0.016477818,0.0,0.0
0.0006369013,0.0,0.0
0.007138674,0.0,0.0
0.008144695,0.0,0.0
0.0071330327,0.0,0.0
0.0073049343,0.0,0.0
0.0030584536,0.0,0.0
0.0018978133,0.0,0.0
0.008267812,0.0,0.0
0.00025644666,0.0,0.0
0.0072982158,0.0,0.0
0.0024902783,0.0,0.0
0.0025970985,0.0,0.0
0.00882439,0.0,0.0
0.00096824573,0.0,0.0
0.0029557657,1.0,1.0
0.0043167328,1.0,1.0
0.023800725,0.0,0.0
0.020422477,0.0,0.0
0.0010445919,0.0,0.0
0.00073204486,0.0,0.0
0.00026269752,0.0,0.0
0.0007785588,0.0,0.0
0.00026639123,0.0,0.0
0.0002918449,0.0,0.0
0.00073640223,0.0,0.0
0.0029362414,0.0,0.0
0.0022098403,0.0,0.0
0.00024258367,0.0,0.0
0.00085856713,0.0,0.0
0.003424702,0.0,0.0
0.0048683183,0.0,0.0
0.0028473402,0.0,0.0
0.0004457864,0.0,0.0
0.0009998356,0.0,0.0
0.042812124,0.0,0.0
0.006236816,0.0,0.0
0.0019958767,0.0,0.0
0.0026923262,0.0,0.0
0.004660701,0.0,0.0
0.0064266743,1.0,0.0
0.0017736625,0.0,0.0
0.07035791,1.0,0.0
0.012829896,0.0,0.0
0.12265312,0.0,0.0
0.0009827623,1.0,0.0
0.006312378,0.0,0.0
0.019490615,0.0,0.0
0.0023760532,0.0,0.0
0.002567868,0.0,0.0
0.000903678,0.0,0.0
0.0015045367,0.0,0.0
0.0046523027,0.0,0.0
0.00074401544,0.0,0.0
0.0021695027,0.0,0.0
0.004594522,0.0,0.0
0.0016256783,0.0,0.0
0.0015454296,0.0,0.0
0.000100538884,0.0,0.0
0.00019479214,0.0,0.0
0.00034131747,0.0,0.0
0.00086058775,0.0,0.0
0.0023632634,0.0,0.0
0.0014069894,0.0,0.0
0.001244436,0.0,0.0
0.0029622414,0.0,0.0
0.0013005412,0.0,0.0
0.004172657,0.0,0.0
0.0073227575,0.0,0.0
0.0008590197,0.0,0.0
0.00067017134,0.0,0.0
0.0007005873,0.0,0.0
0.0016517933,0.0,0.0
0.000255146,0.0,1.0
0.001202434,0.0,0.0
0.0010786185,0.0,0.0
0.0030103177,0.0,1.0
0.00081152515,0.0,0.0
0.004412419,0.0,0.0
0.0030538845,0.0,0.0
0.0024254078,0.0,0.0
0.0023114362,0.0,0.0
0.017259762,0.0,0.0
0.0013333687,0.0,1.0
0.018641995,0.0,1.0
0.005371327,0.0,0.0
0.013896433,0.0,0.0
0.0051655425,0.0,0.0
0.009676356,0.0,0.0
0.0013652224,0.0,1.0
0.003928344,0.0,0.0
0.0014257242,0.0,0.0
0.0007068211,0.0,0.0
0.0026610682,0.0,0.0
0.0034207706,0.0,0.0
0.0211279,0.0,0.0
0.00078152213,0.0,0.0
0.002063791,0.0,0.0
0.00029036368,0.0,0.0
0.017176218,0.0,0.0
0.0011808617,0.0,0.0
0.0030343723,0.0,1.0
0.0033011606,0.0,1.0
0.0032594707,0.0,0.0
0.001183202,0.0,0.0
0.009575816,0.0,1.0
0.005298626,0.0,0.0
0.019537095,0.0,0.0
0.043764476,0.0,0.0
0.01628852,0.0,0.0
0.0048824255,0.0,0.0
0.009599396,1.0,0.0
0.0145974,1.0,1.0
0.00975798,1.0,0.0
0.0048901485,1.0,0.0
0.008294735,1.0,0.0
0.0029940044,1.0,0.0
0.0023726467,1.0,1.0
0.0015216643,1.0,0.0
0.002205199,1.0,0.0
0.002732657,1.0,1.0
0.1353351,1.0,0.0
0.020991486,1.0,0.0
0.09867055,0.0,0.0
0.004829701,0.0,0.0
0.033352688,0.0,0.0
0.0005781441,0.0,0.0
0.10043305,1.0,1.0
0.0018753355,0.0,0.0
0.0061710505,0.0,0.0
0.00084615557,0.0,0.0
0.00091824564,0.0,0.0
0.0013432301,0.0,0.0
0.0008776113,0.0,0.0
0.009099795,0.0,0.0
0.0022487885,0.0,0.0
0.006440616,0.0,0.0
0.0059889136,0.0,0.0
0.0004969337,0.0,0.0
0.006938888,0.0,0.0
0.00045676806,0.0,0.0
0.0021375266,0.0,0.0
0.0072017647,0.0,0.0
0.06869881,0.0,0.0
0.002832904,0.0,0.0
0.006160368,0.0,0.0
0.005003609,0.0,0.0
0.008368035,0.0,0.0
0.0020082882,0.0,1.0
0.01610307,0.0,0.0
0.00040243057,0.0,0.0
0.0016079381,0.0,0.0
0.0012804241,0.0,0.0
0.018442065,0.0,0.0
0.0012601989,0.0,0.0
0.0005332222,0.0,0.0
0.0063105095,0.0,0.0
0.0011342068,0.0,0.0
0.000690524,0.0,0.0
0.0011360396,0.0,0.0
0.0004959095,0.0,0.0
0.0035864008,0.0,0.0
0.002090823,0.0,0.0
0.0023194498,0.0,0.0
0.0013739471,0.0,0.0
0.0031414768,0.0,0.0
0.002985655,0.0,0.0
0.00091971573,0.0,1.0
0.0003719238,0.0,0.0
0.0012029135,0.0,0.0
0.0038926976,0.0,0.0
0.00292729,0.0,0.0
0.0037515427,0.0,0.0
0.0008401081,0.0,0.0
0.002602674,0.0,0.0
0.006550501,0.0,0.0
0.011599537,0.0,0.0
0.0043658377,0.0,0.0
0.0035777264,1.0,0.0
0.0007034038,1.0,0.0
0.003862136,0.0,0.0
0.00030038372,0.0,0.0
0.0037874505,0.0,0.0
0.0039777295,0.0,0.0
0.003401618,0.0,0.0
0.00076882174,0.0,0.0
0.009249323,0.0,1.0
0.0012806003,0.0,0.0
0.0028046174,0.0,0.0
0.0053358986,0.0,0.0
0.028688597,0.0,0.0
0.0031127483,0.0,0.0
0.0010713066,0.0,0.0
0.05877349,0.0,0.0
0.14828508,0.0,0.0
0.0020048316,0.0,0.0
0.023711316,0.0,0.0
0.010530436,0.0,0.0
0.008131947,0.0,0.0
0.0013293688,1.0,0.0
0.003118259,1.0,0.0
0.017640596,1.0,0.0
0.005162167,1.0,0.0
0.0031932008,0.0,0.0
0.009322942,1.0,0.0
0.0026721505,1.0,0.0
0.007951467,0.0,0.0
0.0006493928,0.0,0.0
0.0033741966,0.0,0.0
0.10361531,0.0,0.0
0.0043777637,0.0,0.0
0.00054964185,0.0,0.0
0.0038037207,0.0,0.0
0.0012064719,0.0,0.0
0.00028833473,0.0,0.0
0.0016234416,0.0,0.0
0.001231668,0.0,0.0
0.0014569652,0.0,0.0
0.00021299638,0.0,0.0
0.00080685026,0.0,0.0
0.004401141,0.0,0.0
0.0013589761,0.0,0.0
0.0008882664,0.0,0.0
0.00075212296,0.0,0.0
0.00014174615,0.0,0.0
0.0038217797,0.0,0.0
0.0017499552,0.0,0.0
0.0039745304,0.0,0.0
0.0029290481,0.0,0.0
0.005283992,0.0,0.0
0.0016402267,0.0,0.0
0.0008169798,0.0,0.0
0.47122765,0.0,0.0
0.0023430798,0.0,0.0
0.00087609026,0.0,0.0
0.017283946,0.0,0.0
0.008586317,0.0,0.0
0.0040013003,0.0,1.0
0.039911024,0.0,0.0
0.0071645686,1.0,0.0
0.003388767,1.0,0.0
0.0043166056,1.0,0.0
0.0076303836,0.0,0.0
0.007194159,1.0,0.0
0.0050346563,1.0,0.0
0.0005766222,1.0,0.0
0.01352684,1.0,0.0
0.0012827916,1.0,0.0
0.0031567002,1.0,0.0
0.089163706,1.0,0.0
0.0030558868,0.0,0.0
0.006159294,1.0,0.0
0.0028464224,0.0,0.0
0.0031111785,0.0,0.0
0.014272907,0.0,0.0
0.021300966,0.0,0.0
0.0022126334,0.0,0.0
0.00067243614,0.0,0.0
0.02374614,0.0,0.0
0.0058692265,0.0,0.0
0.0011667097,0.0,0.0
0.0019625647,0.0,0.0
0.0007439176,0.0,0.0
0.015650693,0.0,0.0
0.0036182492,0.0,0.0
0.0023262736,0.0,0.0
0.0013676384,0.0,0.0
0.00033870016,0.0,0.0
0.0024739397,0.0,0.0
0.0005156103,0.0,0.0
0.00055799686,0.0,0.0
0.0012828979,0.0,0.0
0.0051543755,1.0,0.0
0.006478208,0.0,0.0
0.010488769,0.0,0.0
0.0049706125,0.0,0.0
0.001529787,1.0,0.0
0.001151986,0.0,0.0
0.0008730639,1.0,0.0
0.0018909591,1.0,0.0
0.0021660177,1.0,0.0
0.0016836429,1.0,0.0
0.0044755423,0.0,0.0
0.0011997763,0.0,0.0
0.0020968325,1.0,0.0
0.01858362,0.0,0.0
0.005721402,1.0,0.0
0.0013020496,1.0,0.0
0.0142178135,0.0,1.0
0.0018678121,0.0,0.0
0.004242226,0.0,0.0
0.014913017,0.0,0.0
0.016551377,0.0,0.0
0.00042964955,0.0,0.0
0.0007511271,0.0,0.0
0.0009938726,0.0,0.0
0.0026158404,0.0,0.0
0.0034338392,0.0,0.0
0.015620486,0.0,0.0
0.009069674,0.0,0.0
0.0004989238,0.0,0.0
0.005547772,0.0,0.0
0.02374791,0.0,0.0
0.0012160601,0.0,0.0
0.0017077422,0.0,0.0
0.005097368,0.0,0.0
0.00040656963,0.0,0.0
0.010714516,0.0,0.0
0.011064076,0.0,0.0
0.005275953,0.0,0.0
0.0002590641,0.0,1.0
0.0021312707,0.0,0.0
0.002346078,0.0,0.0
0.0032677911,0.0,0.0
0.0012086454,0.0,0.0
0.016346224,0.0,0.0
0.0032895193,0.0,0.0
0.0032191868,0.0,0.0
0.0067107347,0.0,0.0
0.0058381953,0.0,0.0
0.0025284486,0.0,0.0
0.006718281,0.0,0.0
0.006457488,0.0,0.0
0.038770434,0.0,0.0
0.006814167,0.0,0.0
0.004823398,0.0,0.0
0.0024052751,0.0,0.0
0.0008855002,0.0,0.0
0.004698479,0.0,1.0
0.0025328961,0.0,1.0
0.0019972497,0.0,0.0
0.0019884564,1.0,0.0
0.0002431283,0.0,0.0
0.005870114,0.0,0.0
0.0026953456,1.0,0.0
0.01408067,1.0,0.0
0.009604031,1.0,0.0
0.007971816,1.0,0.0
0.00089731836,1.0,0.0
0.002349424,1.0,0.0
0.0016093343,1.0,0.0
0.015696967,0.0,0.0
0.0079545975,0.0,0.0
0.0005197171,0.0,1.0
0.00021996805,0.0,0.0
0.0008296821,0.0,0.0
0.0047584055,0.0,0.0
0.008712715,0.0,0.0
0.01122681,0.0,0.0
0.00895724,0.0,0.0
0.00035936557,0.0,1.0
0.006940337,0.0,0.0
0.0012257409,0.0,0.0
0.0010866475,1.0,0.0
0.003636139,0.0,0.0
0.00038995518,0.0,0.0
0.0017888517,0.0,0.0
0.017254408,0.0,0.0
0.0007055047,0.0,0.0
0.0010176861,0.0,0.0
0.009839458,0.0,0.0
0.0021520834,0.0,0.0
0.0031487232,0.0,1.0
0.0006378593,1.0,1.0
0.008740941,1.0,0.0
0.008874487,1.0,0.0
0.0110752415,1.0,1.0
0.044162203,0.0,0.0
0.0036274423,1.0,0.0
0.003606196,0.0,0.0
0.013216098,0.0,0.0
0.031561278,0.0,0.0
0.0012615848,0.0,0.0
0.0007479278,0.0,1.0
0.005280647,0.0,1.0
0.00042375625,0.0,0.0
0.009679294,0.0,0.0
0.00060543715,0.0,0.0
0.034368634,0.0,0.0
0.023046281,0.0,0.0
0.009841675,0.0,0.0
0.0038386816,0.0,0.0
0.0012334249,0.0,1.0
0.00059151865,1.0,1.0
0.004813525,1.0,0.0
0.0065736286,1.0,0.0
0.00075694337,1.0,1.0
0.00056026893,0.0,0.0
0.0014759395,1.0,0.0
0.100901484,0.0,0.0
0.0006639412,0.0,0.0
0.0017575995,0.0,0.0
0.014296005,0.0,0.0
0.009886319,0.0,0.0
0.0246318,0.0,0.0
0.041139163,0.0,0.0
0.0007158158,0.0,0.0
0.00076150865,0.0,0.0
0.00027618292,0.0,0.0
0.0018005447,0.0,0.0
0.040089894,0.0,0.0
0.0014147661,0.0,0.0
0.032777283,0.0,0.0
0.001039894,0.0,0.0
0.0003144814,0.0,0.0
0.0028580895,0.0,0.0
0.00037025684,0.0,0.0
0.0006680953,0.0,0.0
0.0161061,0.0,0.0
0.00033335376,0.0,0.0
0.0020460365,0.0,0.0
0.0005357499,0.0,0.0
0.0010000075,0.0,0.0
0.00044774698,0.0,0.0
0.0042000595,0.0,0.0
0.003097549,0.0,1.0
0.0064825583,0.0,1.0
0.0025335997,0.0,0.0
0.00060139067,0.0,0.0
0.0018516884,0.0,1.0
0.0019797734,1.0,1.0
0.043640714,0.0,0.0
0.0021493367,1.0,0.0
0.011777788,0.0,0.0
0.003209566,1.0,0.0
0.05351128,0.0,0.0
0.0038146137,0.0,0.0
0.00073921884,1.0,0.0
7.161263e-05,1.0,0.0
0.000711746,1.0,0.0
0.0049802135,0.0,0.0
0.0023028126,0.0,0.0
0.0010250029,1.0,0.0
0.03046221,0.0,0.0
0.0014851041,1.0,0.0
0.0004159531,0.0,0.0
0.00719944,0.0,0.0
0.0010749097,1.0,0.0
0.0012451723,0.0,0.0
0.024234641,1.0,0.0
0.0053907456,0.0,0.0
0.011703136,1.0,1.0
0.030092256,1.0,0.0
0.01781218,0.0,0.0
0.00687799,0.0,0.0
0.005843547,0.0,0.0
0.002392753,0.0,0.0
0.019774254,0.0,0.0
0.012655592,0.0,0.0
0.010803778,0.0,0.0
0.003226322,0.0,0.0
2.3016648e-05,0.0,0.0
0.0008402474,0.0,1.0
0.0014959815,0.0,1.0
0.00022149767,0.0,1.0
0.0024803635,0.0,0.0
0.0020466968,0.0,0.0
0.0021252474,0.0,0.0
0.0019912291,0.0,0.0
0.0034151264,0.0,0.0
0.005324189,0.0,0.0
0.0018974592,0.0,1.0
0.0042514345,0.0,0.0
0.0009600716,0.0,0.0
0.001207575,0.0,1.0
0.01929092,0.0,1.0
5.8775375e-05,0.0,1.0
0.00052902196,0.0,0.0
0.010241295,0.0,1.0
0.00051628996,0.0,0.0
0.013499414,0.0,0.0
0.0019914063,0.0,0.0
0.018837452,0.0,0.0
0.009263715,1.0,0.0
0.0021373376,0.0,0.0
0.007259385,1.0,1.0
0.0032055688,0.0,1.0
0.02182276,1.0,1.0
0.0011226279,0.0,1.0
0.0003118969,1.0,1.0
0.00522779,1.0,0.0
0.037500564,0.0,0.0
0.001460634,0.0,0.0
0.06837052,0.0,0.0
0.0072963573,0.0,0.0
0.004597286,0.0,0.0
0.014839321,0.0,0.0
0.018715769,0.0,0.0
0.031352952,0.0,0.0
0.0011931072,0.0,0.0
0.0063511366,0.0,0.0
0.00016303803,0.0,0.0
0.00012537732,0.0,0.0
8.6025335e-05,0.0,0.0
0.00052522024,0.0,0.0
7.51236e-05,0.0,0.0
7.2022995e-05,0.0,0.0
0.00035401457,0.0,0.0
0.0016699885,0.0,0.0
0.00024879735,0.0,0.0
0.00019634546,0.0,0.0
0.008046064,0.0,0.0
0.0003047321,0.0,0.0
0.0028766487,0.0,0.0
0.0042157983,0.0,0.0
0.0007568193,0.0,0.0
0.007935212,0.0,0.0
0.018613817,0.0,1.0
0.026207086,0.0,0.0
0.00710191,0.0,0.0
0.0015776805,0.0,0.0
0.014650858,0.0,0.0
0.00917889,0.0,0.0
0.004042339,0.0,0.0
0.038329046,0.0,0.0
0.00039561122,0.0,0.0
0.03891793,0.0,0.0
0.0020187008,0.0,0.0
0.0012485773,0.0,0.0
0.0063488074,0.0,0.0
0.0046765613,0.0,0.0
0.0038353065,0.0,0.0
0.015778363,0.0,0.0
0.04576972,0.0,0.0
0.0024650616,0.0,0.0
0.029119497,0.0,0.0
0.015780287,0.0,1.0
0.0011240307,0.0,0.0
0.00035319725,0.0,0.0
0.00013283404,0.0,1.0
0.0014200209,0.0,0.0
0.011428921,0.0,0.0
0.002997505,0.0,0.0
0.0009336904,0.0,0.0
0.08738202,0.0,0.0
0.005641336,1.0,0.0
0.0006161301,0.0,0.0
0.001735616,0.0,0.0
0.0010795317,0.0,0.0
0.0029377579,0.0,0.0
0.00413094,0.0,0.0
0.011811306,0.0,0.0
0.0054847314,0.0,0.0
0.0010634247,0.0,0.0
0.002329246,0.0,0.0
0.013829862,0.0,0.0
0.0015239663,0.0,0.0
0.001055472,0.0,0.0
0.0016109516,0.0,0.0
0.032400936,0.0,0.0
0.00027856958,0.0,0.0
0.00046521396,0.0,0.0
0.0015702829,0.0,0.0
9.3301045e-05,0.0,1.0
0.00021391407,0.0,0.0
0.002570483,0.0,0.0
0.0020272578,0.0,0.0
0.0005545941,0.0,0.0
0.0029274444,0.0,0.0
0.0005189112,0.0,0.0
0.0039765774,0.0,0.0
0.00040307388,0.0,0.0
0.00857817,0.0,0.0
0.0014417794,1.0,0.0
0.0028009748,1.0,0.0
0.0026284505,1.0,0.0
0.0001604647,1.0,0.0
0.0008067096,1.0,0.0
0.0017018368,1.0,0.0
0.00039637226,1.0,1.0
0.004125753,1.0,0.0
0.0043178396,1.0,0.0
0.00021714302,1.0,0.0
0.0016612817,1.0,0.0
0.0014135238,0.0,0.0
0.000656702,1.0,0.0
0.0032458955,1.0,0.0
0.009426297,1.0,0.0
0.0013601085,0.0,0.0
0.0020670984,1.0,0.0
0.0003964979,0.0,0.0
0.00032346547,0.0,0.0
0.00025134924,0.0,0.0
0.0001902393,0.0,0.0
0.0005077416,0.0,0.0
0.00019167077,0.0,0.0
0.0002360046,0.0,0.0
0.0016867055,0.0,0.0
0.008104981,0.0,0.0
0.0003169396,0.0,0.0
0.0004192306,0.0,0.0
0.0023612932,0.0,0.0
0.008030695,0.0,0.0
0.0041276496,0.0,0.0
0.0052277134,1.0,0.0
0.0023594138,1.0,0.0
0.00010655154,0.0,0.0
0.0009155775,1.0,0.0
0.0031842934,0.0,0.0
0.00014058933,0.0,0.0
0.00021021414,0.0,0.0
0.00029416013,0.0,0.0
0.00070092984,0.0,0.0
0.00081885885,0.0,0.0
0.0005167449,0.0,0.0
0.00032605353,0.0,0.0
0.0008269456,0.0,0.0
0.007104803,0.0,0.0
0.0046320152,0.0,0.0
0.00976458,0.0,0.0
0.0017619317,0.0,0.0
0.019053131,0.0,0.0
0.03180302,0.0,0.0
0.007590114,0.0,0.0
0.001375988,0.0,0.0
0.0017261124,0.0,0.0
0.0044258456,0.0,0.0
0.0039303415,0.0,0.0
0.033271506,0.0,0.0
0.015997598,0.0,0.0
0.05455659,0.0,0.0
0.009354424,0.0,0.0
0.00081014534,0.0,0.0
0.0038278443,0.0,1.0
0.005875766,0.0,1.0
0.004771684,0.0,0.0
0.01444471,0.0,0.0
0.04062645,0.0,0.0
0.0007309292,0.0,0.0
0.019757552,0.0,0.0
0.01712969,0.0,0.0
0.004957261,0.0,0.0
0.0048016426,1.0,0.0
0.005421507,1.0,0.0
0.00084501825,0.0,0.0
0.00042205822,1.0,0.0
0.0004528711,1.0,0.0
0.0016638854,0.0,0.0
0.0019399462,0.0,0.0
0.0003824738,0.0,0.0
0.0005675637,0.0,0.0
7.304202e-05,0.0,0.0
8.1096216e-05,0.0,0.0
0.00058994157,0.0,0.0
0.00033190803,0.0,0.0
0.00027245135,0.0,0.0
0.0010193421,0.0,0.0
0.00012983842,0.0,0.0
0.00029433376,0.0,0.0
0.00013346327,0.0,0.0
0.0018289916,0.0,0.0
0.0008175977,0.0,0.0
0.000405226,0.0,0.0
0.00018001633,0.0,0.0
0.0010692481,0.0,0.0
0.014030654,0.0,0.0
0.0029375833,0.0,0.0
0.004958903,0.0,0.0
0.017695606,0.0,0.0
0.06184181,0.0,0.0
0.007148455,0.0,0.0
0.018833466,0.0,1.0
0.0054554595,0.0,1.0
0.019288007,0.0,1.0
0.0036834893,0.0,1.0
0.0049418807,0.0,0.0
0.0012411417,0.0,0.0
0.0018522808,0.0,0.0
0.011029018,0.0,0.0
0.020470824,0.0,0.0
0.007284852,0.0,0.0
0.024710748,0.0,0.0
0.0023884077,0.0,0.0
0.012927852,0.0,0.0
0.00049900846,0.0,0.0
0.0095341,0.0,0.0
0.0060048224,0.0,0.0
0.015347092,0.0,0.0
0.00016555614,0.0,0.0
0.00060582854,0.0,0.0
0.014546074,1.0,1.0
0.004497092,1.0,1.0
0.005078266,0.0,1.0
0.0019700984,0.0,0.0
0.0021712633,1.0,0.0
0.00039303326,0.0,0.0
0.0023378993,0.0,0.0
0.0037686096,0.0,0.0
0.0147927515,0.0,0.0
0.053364407,0.0,0.0
0.006022034,0.0,1.0
0.002210183,0.0,0.0
0.0037477093,0.0,0.0
0.0051255305,0.0,0.0
0.25996548,0.0,0.0
0.014623342,0.0,0.0
0.02849616,0.0,0.0
0.04376243,0.0,0.0
0.0023424537,0.0,0.0
0.0093425345,0.0,0.0
0.0037569413,1.0,0.0
0.004665335,1.0,0.0
0.0014105728,1.0,0.0
0.0031369375,1.0,0.0
0.0032592865,1.0,1.0
0.01241517,0.0,0.0
0.0016956304,0.0,0.0
0.00034086028,0.0,0.0
0.0011207984,1.0,0.0
0.0006309671,0.0,0.0
0.002571411,0.0,0.0
0.0039842697,0.0,0.0
0.005527739,0.0,0.0
0.011018225,0.0,0.0
0.015486437,0.0,0.0
0.1290604,0.0,0.0
0.0013076159,0.0,1.0
0.0004827446,0.0,0.0
0.00044365274,0.0,0.0
0.0007178132,0.0,0.0
0.00020099574,0.0,0.0
0.0024074866,0.0,0.0
0.008756875,0.0,0.0
0.0109279845,0.0,0.0
0.0010503423,0.0,0.0
0.0024079997,0.0,0.0
0.01589012,0.0,0.0
0.015983852,0.0,0.0
0.0036732226,0.0,0.0
0.0014911486,0.0,0.0
0.00019825072,0.0,1.0
0.00053725566,0.0,0.0
0.00079132867,0.0,0.0
0.004635785,0.0,0.0
0.00018337619,0.0,0.0
0.0001451724,1.0,0.0
0.00037247522,0.0,0.0
9.404989e-05,0.0,0.0
0.0007350725,0.0,0.0
9.521078e-05,1.0,0.0
0.00033283458,0.0,0.0
0.00093060243,0.0,0.0
0.0019598736,0.0,0.0
0.00081697665,0.0,0.0
0.00015045833,0.0,0.0
0.0037346783,0.0,0.0
0.00028727308,0.0,0.0
0.00028784608,0.0,0.0
0.001030946,0.0,0.0
0.0017645906,0.0,0.0
0.005512182,0.0,0.0
0.00033193588,0.0,0.0
0.0005868588,0.0,0.0
0.010502522,0.0,0.0
0.0041900463,0.0,0.0
0.0015768679,0.0,0.0
0.00036543945,0.0,0.0
0.0006065218,0.0,0.0
0.0046200026,0.0,0.0
0.018715916,0.0,0.0
0.0012309385,0.0,0.0
0.004476794,0.0,0.0
0.00078547536,0.0,0.0
0.0018572977,0.0,0.0
0.00019635708,0.0,0.0
0.052098393,0.0,0.0
0.010756598,0.0,0.0
0.00055234204,0.0,1.0
0.00097646005,0.0,1.0
0.0023619393,0.0,0.0
0.028214063,0.0,0.0
0.00096305093,0.0,0.0
0.000875829,0.0,0.0
0.00081918127,0.0,0.0
0.00027511304,0.0,0.0
0.00616446,0.0,0.0
0.00034492175,0.0,0.0
0.00084655394,0.0,0.0
0.00013431278,0.0,0.0
0.0009156535,0.0,0.0
0.00022805594,0.0,0.0
0.0012288662,0.0,0.0
0.07065758,0.0,0.0
0.43441457,0.0,0.0
0.0033280791,0.0,0.0
0.042033374,0.0,0.0
0.0016013028,0.0,0.0
0.02352967,0.0,0.0
0.0005415977,0.0,0.0
0.0014228827,0.0,0.0
0.0009153722,0.0,0.0
0.0016110628,0.0,0.0
0.0006366334,0.0,0.0
0.0007287699,0.0,0.0
0.00046387422,0.0,1.0
0.0032892332,0.0,1.0
0.0012967897,0.0,0.0
0.0045591122,0.0,0.0
0.006111808,0.0,0.0
0.0018030839,0.0,0.0
0.0013064127,0.0,0.0
0.0005221691,0.0,0.0
0.00010011984,0.0,0.0
0.0013185838,0.0,0.0
0.00048255548,0.0,0.0
0.0004887741,0.0,0.0
0.0010372314,0.0,0.0
0.06975632,0.0,0.0
0.0010862796,0.0,0.0
0.00087369396,0.0,0.0
0.026984142,0.0,0.0
0.007957985,0.0,0.0
0.0006605995,0.0,0.0
0.00061503623,0.0,0.0
0.0041710283,0.0,0.0
0.0011971479,0.0,0.0
0.00018810279,0.0,0.0
0.0026621986,0.0,0.0
0.0037782409,0.0,0.0
0.0005156017,0.0,0.0
0.00062841375,0.0,0.0
0.0015793558,0.0,0.0
0.00026945758,0.0,0.0
0.0053377547,0.0,0.0
0.002354301,0.0,0.0
0.0018690785,0.0,0.0
0.00019047016,0.0,0.0
0.0018163526,0.0,0.0
0.0053196205,0.0,0.0
0.007006817,0.0,0.0
0.06585906,0.0,0.0
0.0486429,0.0,0.0
0.0181975,0.0,0.0
0.032492995,0.0,0.0
0.019823225,0.0,0.0
0.0027110272,0.0,0.0
0.0042947526,0.0,0.0
0.021815034,0.0,1.0
0.011778908,0.0,1.0
0.00044588457,0.0,0.0
0.0011338083,0.0,0.0
0.0019041301,0.0,0.0
0.005490295,0.0,0.0
0.021195132,0.0,0.0
0.0009839714,0.0,0.0
0.004548769,0.0,0.0
0.0005434958,0.0,0.0
4.696273e-05,0.0,0.0
0.0014120599,0.0,0.0
0.00135974,0.0,0.0
0.0041749836,0.0,0.0
0.027337644,0.0,1.0
0.01993284,0.0,1.0
0.0008107592,0.0,0.0
0.00031886078,0.0,0.0
0.0017003313,0.0,0.0
0.0015025466,0.0,0.0
0.104803346,0.0,1.0
0.008548419,0.0,1.0
0.012038536,0.0,0.0
0.03634665,0.0,0.0
0.016232787,0.0,0.0
0.0010883897,0.0,0.0
0.0033964831,0.0,0.0
0.00035438954,0.0,0.0
0.007964244,0.0,0.0
0.0043028067,0.0,0.0
0.00016752443,0.0,0.0
0.0007068672,0.0,0.0
0.0012301005,0.0,0.0
0.0015042754,0.0,0.0
0.0019539674,0.0,0.0
0.001025506,0.0,0.0
0.0051825023,0.0,0.0
0.03469388,0.0,0.0
0.00076772907,0.0,0.0
0.00011887919,0.0,0.0
0.001680328,0.0,0.0
0.004624013,0.0,0.0
0.0030502465,0.0,0.0
0.0027508538,0.0,0.0
0.00419236,0.0,0.0
0.0005372846,0.0,0.0
0.017186798,0.0,1.0
0.0042241337,0.0,0.0
0.0084994,0.0,0.0
0.00086268096,0.0,1.0
0.0013856791,0.0,1.0
0.00093198894,0.0,0.0
0.0053368276,0.0,0.0
0.014370633,0.0,1.0
0.026810596,0.0,0.0
0.0020985394,0.0,0.0
0.00067259674,0.0,0.0
0.0009929447,0.0,0.0
0.0020882506,0.0,0.0
0.0053281374,0.0,0.0
0.02775186,0.0,0.0
0.005513513,0.0,0.0
0.0003547272,0.0,0.0
6.9212336e-05,0.0,0.0
0.00239425,0.0,0.0
0.0016004378,0.0,1.0
0.000616752,0.0,0.0
0.0025314954,0.0,0.0
0.0046746708,0.0,0.0
0.0036984344,0.0,0.0
0.00023374056,0.0,0.0
0.00036342946,0.0,0.0
0.0009817212,0.0,0.0
0.0004012601,0.0,0.0
0.0007727087,0.0,0.0
0.005032385,0.0,1.0
0.0003782176,0.0,0.0
0.0009734,0.0,0.0
0.0022043106,0.0,0.0
0.00824623,0.0,0.0
0.0034170826,0.0,0.0
0.00041870607,0.0,0.0
0.014217492,0.0,0.0
0.0058984645,0.0,0.0
0.00036823316,0.0,0.0
0.017897118,0.0,0.0
0.0018890774,0.0,0.0
0.0014088295,0.0,0.0
0.028214868,0.0,0.0
0.0066661425,0.0,0.0
0.0018918306,0.0,0.0
0.0012132163,0.0,0.0
0.0032257286,0.0,0.0
0.00847268,0.0,0.0
0.0005516483,0.0,1.0
0.002657238,0.0,0.0
0.0009281659,0.0,0.0
0.00094431895,0.0,0.0
0.00012944148,0.0,0.0
0.0005098039,0.0,0.0
0.0030099426,0.0,0.0
0.0005513503,0.0,0.0
0.0011329451,0.0,0.0
0.00016869023,0.0,0.0
0.0043118354,0.0,0.0
0.005240499,0.0,0.0
0.0003458536,0.0,0.0
0.0010433055,0.0,0.0
0.00054195843,0.0,1.0
0.0010126806,0.0,0.0
0.0002459445,0.0,0.0
0.0012522592,0.0,0.0
0.0011675,0.0,0.0
0.00017225524,0.0,0.0
0.006003855,0.0,0.0
0.00021303211,0.0,0.0
0.018577881,0.0,0.0
0.00024049242,0.0,0.0
0.00010671351,0.0,0.0
0.00083945197,0.0,0.0
0.00096676167,0.0,0.0
0.002576718,0.0,0.0
0.0002342727,0.0,0.0
0.0033218092,0.0,0.0
0.0043077553,0.0,0.0
0.0006860357,0.0,0.0
0.0056467713,0.0,0.0
0.0018078234,0.0,0.0
0.003254514,0.0,0.0
0.0016491916,0.0,0.0
0.0002786466,0.0,1.0
0.0016028603,0.0,0.0
0.0075291228,0.0,0.0
0.0011259344,0.0,0.0
0.030998295,0.0,0.0
0.08162651,0.0,0.0
0.0052644764,0.0,0.0
0.0032785656,0.0,1.0
0.013059004,0.0,0.0
0.0009855505,0.0,0.0
0.0029724834,0.0,0.0
0.06797707,0.0,0.0
0.0035256124,0.0,0.0
0.001937446,0.0,0.0
0.0029770955,0.0,0.0
0.0026895097,0.0,0.0
0.0029497184,0.0,0.0
0.00255621,0.0,0.0
0.0029924235,0.0,1.0
0.0040696347,0.0,1.0
0.0016482295,0.0,1.0
0.00010747822,0.0,1.0
0.0003890785,0.0,0.0
0.0018881353,0.0,0.0
0.0038564994,0.0,0.0
0.0012219575,0.0,0.0
0.0020679887,0.0,0.0
0.0092393095,0.0,0.0
0.017846398,0.0,0.0
0.04665138,0.0,0.0
0.0018217717,0.0,0.0
0.0029290426,0.0,0.0
0.002963505,0.0,0.0
0.007941077,0.0,0.0
0.059020866,0.0,0.0
0.00021331932,0.0,0.0
0.00071725115,0.0,0.0
0.005140686,0.0,0.0
0.037215903,0.0,0.0
0.008109203,0.0,0.0
0.021616552,0.0,0.0
0.018870503,0.0,0.0
0.017582303,0.0,0.0
0.013547364,0.0,0.0
0.0048151235,0.0,1.0
0.0004087141,0.0,0.0
0.014489838,0.0,0.0
0.0010624658,0.0,0.0
0.0025279713,0.0,0.0
0.0012156322,0.0,0.0
0.0069433977,0.0,0.0
0.0019677915,0.0,0.0
0.116381355,0.0,0.0
0.053804472,0.0,1.0
0.0044466057,0.0,1.0
0.0058237105,0.0,1.0
0.0059963185,0.0,0.0
0.010687922,0.0,0.0
0.012281891,0.0,0.0
0.001583281,0.0,0.0
0.00069314317,0.0,0.0
0.0010426353,0.0,0.0
0.0009886307,0.0,0.0
0.0043647457,0.0,0.0
0.00021002442,0.0,0.0
0.0024519593,0.0,0.0
0.00105728,0.0,0.0
0.00092396204,0.0,0.0
0.00026564128,0.0,0.0
0.00061589025,0.0,0.0
0.0003882282,0.0,1.0
0.0026821282,0.0,1.0
0.0016576059,0.0,1.0
0.00069459336,0.0,0.0
0.0024039494,0.0,0.0
0.00013431879,0.0,0.0
0.00028577883,0.0,0.0
0.00068540283,0.0,0.0
0.000349372,0.0,0.0
0.0076426333,0.0,0.0
0.0032493502,0.0,0.0
0.0016661745,0.0,0.0
0.0015434856,0.0,0.0
0.0013535911,0.0,1.0
0.0005677149,0.0,0.0
0.0009108923,0.0,0.0
0.0022697796,0.0,0.0
0.006604409,0.0,0.0
0.00025471678,0.0,0.0
0.0021358023,0.0,0.0
0.001746831,0.0,0.0
0.005758761,0.0,0.0
0.00057961175,0.0,0.0
0.0012136335,0.0,0.0
0.00329597,0.0,1.0
0.0013659006,0.0,0.0
0.004184608,0.0,1.0
0.0055818283,0.0,0.0
0.0034963803,0.0,0.0
0.005509812,0.0,0.0
0.020576948,0.0,0.0
0.00067008927,0.0,0.0
0.026164541,0.0,0.0
0.03989933,0.0,0.0
0.013149767,0.0,0.0
0.0008783419,0.0,0.0
0.001681205,0.0,0.0
0.022624677,0.0,0.0
0.0062166452,0.0,0.0
0.002316273,0.0,0.0
0.0015937809,0.0,0.0
0.0007244373,0.0,1.0
0.0003572641,0.0,1.0
0.0007037169,0.0,0.0
0.00023220191,0.0,0.0
0.00026733187,0.0,0.0
0.00093288266,0.0,0.0
0.00037044662,0.0,0.0
0.0010110033,0.0,0.0
0.0011703672,0.0,0.0
0.00046051742,0.0,0.0
0.0005042432,0.0,0.0
0.002016287,0.0,0.0
0.00074212835,0.0,1.0
0.00029217286,1.0,1.0
0.0003883618,1.0,1.0
0.0005143694,0.0,0.0
0.0012294486,0.0,0.0
0.0028917333,0.0,0.0
0.01367552,0.0,0.0
0.008749957,0.0,0.0
0.0025107374,0.0,0.0
0.0011399221,0.0,0.0
0.004528821,0.0,0.0
0.00074930605,0.0,0.0
0.0054291417,0.0,0.0
0.061176322,0.0,0.0
0.0025735155,0.0,0.0
0.0011687006,0.0,0.0
0.002882976,0.0,0.0
0.00026619603,0.0,0.0
0.0017545642,0.0,0.0
0.013268505,0.0,0.0
0.0084557235,0.0,0.0
0.00015859402,0.0,0.0
0.00055913534,0.0,0.0
0.00095353264,0.0,0.0
0.00012525138,0.0,0.0
0.005456427,0.0,0.0
0.001945165,0.0,0.0
0.00027085282,0.0,0.0
0.023050817,0.0,0.0
0.0019504739,0.0,0.0
0.004465214,0.0,0.0
0.0015598693,0.0,0.0
0.011248961,0.0,0.0
0.0038308327,0.0,0.0
0.00331424,0.0,0.0
0.013947937,0.0,0.0
0.0006371824,0.0,0.0
0.00054614607,0.0,0.0
0.0015258264,0.0,0.0
0.0013052268,0.0,0.0
0.0027729678,0.0,0.0
0.0069177826,0.0,0.0
0.003220264,0.0,0.0
0.0003900225,0.0,0.0
0.021560818,0.0,0.0
0.0010617741,0.0,0.0
0.00020356823,0.0,0.0
0.021301847,0.0,0.0
0.03976607,0.0,0.0
0.0047682817,0.0,0.0
0.0009471686,0.0,0.0
0.002388693,0.0,0.0
0.0058210385,0.0,0.0
0.0014536814,0.0,0.0
0.00011184042,0.0,0.0
0.0068583973,0.0,0.0
0.024805674,0.0,0.0
0.000119437995,0.0,0.0
0.00053616776,0.0,0.0
0.0008296169,0.0,0.0
0.00094949745,0.0,0.0
0.00030786602,0.0,0.0
0.0006553208,0.0,0.0
0.0013861068,0.0,0.0
0.0031075394,0.0,0.0
0.030159779,0.0,0.0
0.0018749856,1.0,0.0
0.0034322878,0.0,0.0
0.0017919197,1.0,1.0
0.00849509,0.0,0.0
0.0027730549,0.0,0.0
0.009871854,0.0,0.0
0.019710239,0.0,0.0
0.0022372846,0.0,0.0
0.0396284,0.0,1.0
0.00083092065,0.0,0.0
0.00067462336,0.0,0.0
0.0008073143,0.0,0.0
0.0061396835,0.0,0.0
0.0001254955,0.0,0.0
5.5522753e-05,0.0,0.0
0.00035101236,0.0,0.0
0.00022769005,0.0,0.0
0.00011315925,0.0,0.0
0.00016532803,0.0,0.0
0.00051629124,0.0,0.0
0.0005391332,0.0,0.0
0.0011562179,0.0,0.0
0.0001252208,0.0,0.0
0.0019377612,0.0,0.0
0.0055214465,0.0,0.0
0.0015096737,1.0,0.0
0.0067376588,0.0,1.0
0.0003576582,1.0,0.0
0.0058154115,0.0,0.0
0.005989649,0.0,0.0
0.01491629,0.0,0.0
0.022626473,0.0,0.0
0.002497058,0.0,1.0
0.023948222,0.0,0.0
0.007062725,0.0,1.0
0.0062807617,0.0,0.0
0.002717592,0.0,0.0
0.016586052,0.0,0.0
0.023574902,0.0,0.0
0.02826536,0.0,0.0
0.021479249,0.0,0.0
0.0013352756,0.0,0.0
0.005402545,0.0,0.0
0.03546582,0.0,0.0
0.0038023947,0.0,0.0
0.0148612475,0.0,0.0
0.003135387,0.0,0.0
0.006088948,0.0,0.0
0.014979556,0.0,0.0
0.023746219,0.0,0.0
0.0052118716,0.0,0.0
0.0012680563,0.0,1.0
0.08586195,0.0,1.0
0.00028385033,0.0,1.0
0.00066357775,0.0,0.0
0.0037672815,0.0,0.0
0.00013331522,0.0,0.0
0.0001189327,0.0,0.0
0.0006688161,0.0,0.0
0.0043219007,0.0,0.0
0.0002201378,0.0,0.0
0.00023011322,0.0,0.0
0.011041596,0.0,0.0
0.0010519787,0.0,0.0
0.0020961103,0.0,0.0
0.00040322318,0.0,0.0
0.0025984752,0.0,0.0
0.0008045857,0.0,0.0
0.010482308,0.0,0.0
0.0015332199,0.0,0.0
0.0012340053,1.0,0.0
0.0034321914,1.0,0.0
0.0028767183,1.0,1.0
4.85611e-05,1.0,0.0
0.0002857919,1.0,0.0
0.00022535918,1.0,0.0
0.00033122522,1.0,0.0
0.001935132,1.0,0.0
0.00028467993,1.0,0.0
0.00012564672,1.0,0.0
0.001240812,0.0,0.0
0.0033781033,0.0,0.0
0.0009880564,0.0,0.0
0.0031302155,0.0,0.0
0.036776662,0.0,0.0
0.0011361971,0.0,0.0
0.0006736392,0.0,0.0
0.00025895372,0.0,0.0
0.0012282758,0.0,0.0
0.000416106,0.0,0.0
0.0006895761,0.0,0.0
0.00021630178,0.0,0.0
0.0002434131,0.0,0.0
0.00020309421,0.0,0.0
0.0017481461,0.0,0.0
0.00013844484,0.0,1.0
0.00013959467,0.0,0.0
0.00024269127,0.0,0.0
0.007395572,0.0,0.0
0.0018251672,0.0,0.0
0.052381013,0.0,0.0
0.0013270741,0.0,0.0
0.0018867772,0.0,0.0
0.0030276836,0.0,0.0
0.0009658562,0.0,0.0
0.0021506338,0.0,0.0
0.001318413,0.0,0.0
0.0574569,0.0,0.0
0.009806256,0.0,0.0
0.0040314784,0.0,0.0
0.0017642169,0.0,1.0
0.0027478014,0.0,0.0
0.0057503334,0.0,0.0
0.0015853838,0.0,1.0
0.0010775273,0.0,0.0
0.002910909,0.0,0.0
0.0024660525,0.0,0.0
0.014981351,0.0,0.0
0.0028059727,0.0,0.0
0.0060410993,0.0,0.0
0.013374728,0.0,0.0
0.0011014196,0.0,0.0
0.0016036388,0.0,0.0
0.015540685,0.0,0.0
0.0057031135,0.0,0.0
0.017364979,0.0,0.0
0.007361427,0.0,0.0
0.12081617,0.0,0.0
0.003520177,0.0,0.0
0.0008529441,0.0,0.0
0.006799325,0.0,0.0
0.00035299678,0.0,0.0
0.013461085,0.0,0.0
0.017412608,0.0,0.0
0.005830064,0.0,0.0
0.007565192,0.0,0.0
0.0045404206,0.0,0.0
0.0028546941,0.0,0.0
0.00085227384,1.0,1.0
0.00244823,1.0,0.0
0.0057752226,0.0,0.0
0.0041208696,0.0,1.0
0.008822556,0.0,1.0
0.0010230468,0.0,0.0
0.00071964547,0.0,0.0
0.0013210577,0.0,0.0
0.003665122,0.0,0.0
0.007240335,0.0,0.0
0.003765183,0.0,0.0
0.004355412,0.0,0.0
0.008286906,0.0,0.0
0.0088622235,0.0,0.0
0.008795955,0.0,0.0
0.0016893462,0.0,1.0
0.009777452,0.0,1.0
0.00055333483,0.0,0.0
0.000491463,0.0,0.0
0.0033537957,0.0,1.0
0.013039543,0.0,0.0
0.065980434,0.0,0.0
0.0017252997,0.0,0.0
0.066974774,0.0,0.0
0.0048907776,0.0,0.0
0.017968684,0.0,0.0
0.00076958624,0.0,0.0
0.0008367331,0.0,0.0
0.0007748518,0.0,0.0
0.0012950529,0.0,0.0
0.002220053,0.0,0.0
0.0026270084,0.0,0.0
0.0011690464,0.0,0.0
0.0010205349,0.0,0.0
0.0005901294,0.0,0.0
0.0020241095,0.0,0.0
0.004036496,0.0,0.0
0.00073102565,0.0,0.0
0.00040623607,0.0,0.0
0.17561457,0.0,0.0
0.0025405465,0.0,0.0
0.016846627,0.0,0.0
0.00922655,0.0,0.0
0.015269371,0.0,0.0
0.0036347087,0.0,1.0
0.0053067124,1.0,1.0
0.013294269,0.0,0.0
0.0025142543,0.0,0.0
0.002733247,0.0,0.0
0.0034930825,0.0,0.0
0.0039803544,0.0,0.0
0.005451572,0.0,0.0
0.045520835,0.0,0.0
0.0073385313,1.0,1.0
0.0021585566,1.0,1.0
0.004762546,0.0,0.0
0.0032147237,0.0,0.0
0.0014773969,0.0,0.0
0.06534282,0.0,0.0
0.027135395,0.0,0.0
0.0016873401,0.0,0.0
0.006690965,0.0,0.0
0.016368503,0.0,0.0
0.011778697,0.0,0.0
0.0027923326,0.0,0.0
0.018119397,0.0,0.0
0.0068191444,0.0,0.0
0.002454363,0.0,0.0
0.0010962558,0.0,0.0
0.0009878352,0.0,0.0
0.002933515,0.0,1.0
0.00036997453,0.0,0.0
0.0042853686,0.0,1.0
0.0028525966,0.0,0.0
0.0007204782,0.0,0.0
0.0003649688,0.0,0.0
0.0057828696,0.0,0.0
0.0015951473,0.0,0.0
0.0007106097,0.0,0.0
0.0032141646,0.0,0.0
0.00058345083,0.0,0.0
0.00017321449,0.0,0.0
0.0013919498,0.0,0.0
0.0026873732,0.0,0.0
0.005832195,0.0,0.0
0.0055379504,0.0,0.0
0.00042803396,0.0,0.0
0.0036563757,0.0,0.0
0.00036507996,0.0,0.0
0.0034109694,0.0,0.0
0.0011207814,0.0,0.0
0.01114331,0.0,0.0
0.0016695211,1.0,0.0
0.0028886467,1.0,0.0
0.0009806524,1.0,0.0
0.0025741605,0.0,0.0
0.0025913266,1.0,0.0
0.004016112,1.0,0.0
0.01165468,0.0,1.0
0.0039029447,0.0,0.0
0.00938201,0.0,0.0
0.008964278,0.0,0.0
0.0006068277,0.0,0.0
0.00048106126,0.0,0.0
0.0032123898,0.0,0.0
0.0005545219,0.0,0.0
0.0033927953,0.0,0.0
0.00183645,0.0,0.0
0.008972085,0.0,0.0
0.00083675503,0.0,0.0
0.0023276682,0.0,0.0
0.019247958,0.0,0.0
0.028364608,0.0,0.0
0.0073904735,0.0,0.0
0.0033597795,0.0,0.0
0.00014125273,0.0,0.0
0.0053238557,0.0,0.0
0.00024114379,0.0,1.0
0.06915919,0.0,0.0
0.023844076,0.0,0.0
0.0047304924,0.0,0.0
0.013352196,0.0,0.0
0.00053363666,0.0,0.0
0.0016650589,0.0,1.0
0.0076507316,0.0,0.0
0.019516766,0.0,0.0
0.009003361,1.0,0.0
0.001299235,1.0,0.0
0.008180854,1.0,0.0
0.000317941,1.0,0.0
0.0047731493,1.0,0.0
0.0009357664,0.0,0.0
0.006784342,0.0,0.0
0.0010734265,1.0,0.0
0.00024381402,0.0,0.0
0.00026236786,0.0,0.0
0.0030037332,0.0,0.0
0.00112514,0.0,0.0
0.00086224824,0.0,0.0
0.0019293315,0.0,0.0
0.020889059,0.0,0.0
0.00032515608,0.0,0.0
0.0012007676,0.0,0.0
0.007653509,0.0,0.0
0.0049898587,0.0,0.0
0.00040068076,0.0,0.0
0.00045387223,0.0,0.0
0.0027495841,0.0,0.0
0.0033747787,0.0,0.0
0.00088270137,0.0,0.0
0.0037981975,0.0,0.0
0.0043961876,0.0,0.0
0.007864259,0.0,0.0
0.0029191026,0.0,0.0
0.0063301907,0.0,0.0
0.0052464884,1.0,1.0
0.00027794612,0.0,0.0
0.0060929605,0.0,0.0
0.0010270787,1.0,0.0
0.0012282202,0.0,0.0
0.030961033,0.0,0.0
0.0016615338,0.0,0.0
0.0032399045,0.0,0.0
0.004211933,0.0,0.0
0.07976491,0.0,0.0
0.0011416896,0.0,1.0
0.04566043,0.0,0.0
0.021233963,0.0,0.0
0.2445798,0.0,0.0
0.0037813291,0.0,0.0
0.002092,0.0,0.0
0.00041065703,0.0,0.0
0.0016162106,0.0,0.0
0.0022199948,0.0,0.0
0.00052620017,0.0,0.0
0.0072899573,0.0,0.0
0.0029133484,0.0,0.0
0.0048409784,0.0,0.0
0.000517328,0.0,0.0
0.008967939,0.0,0.0
0.00025069463,0.0,0.0
0.018840859,0.0,0.0
0.0015986771,0.0,0.0
0.0009785434,0.0,0.0
0.0018941334,0.0,0.0
0.0040774196,0.0,0.0
0.00041921288,0.0,0.0
0.002245331,0.0,0.0
0.0036659772,0.0,1.0
0.0007020222,0.0,0.0
0.00083610386,1.0,0.0
0.0045310957,1.0,0.0
0.002031718,1.0,0.0
0.0011767773,1.0,0.0
9.1022855e-05,1.0,0.0
0.0005785875,1.0,0.0
0.00051662844,1.0,0.0
0.0024923473,0.0,0.0
0.0008139284,1.0,0.0
0.0010238801,1.0,0.0
0.0006897029,0.0,0.0
0.0003393262,0.0,0.0
0.0008014716,1.0,0.0
0.0005773943,0.0,0.0
0.001815211,0.0,0.0
0.000351203,0.0,0.0
0.0005537038,0.0,0.0
0.0008681088,0.0,1.0
0.0013544899,0.0,0.0
0.00039047503,0.0,0.0
0.002223718,0.0,0.0
0.0038032206,0.0,1.0
0.01872607,0.0,1.0
0.0040436103,0.0,1.0
0.00039697954,0.0,0.0
0.0001949285,1.0,1.0
6.459436e-05,1.0,0.0
0.00075482024,0.0,0.0
0.00064098433,1.0,0.0
0.0014191071,1.0,0.0
0.00021866051,1.0,0.0
0.00050569896,0.0,0.0
0.0069788485,1.0,0.0
0.0009322828,1.0,1.0
0.001916679,1.0,0.0
0.013987945,0.0,0.0
0.010449073,0.0,0.0
0.024616312,0.0,0.0
0.010255477,0.0,0.0
0.002676709,0.0,1.0
0.0003489536,0.0,0.0
0.0007284863,0.0,0.0
0.0011946339,0.0,0.0
0.0004456583,0.0,0.0
0.033984087,0.0,0.0
0.00065107556,0.0,0.0
0.00096449116,0.0,0.0
0.00074168603,0.0,0.0
0.0015823623,0.0,0.0
0.00091850985,1.0,0.0
0.0009417969,0.0,1.0
0.00071633747,1.0,0.0
0.00017417624,1.0,0.0
0.0034574873,0.0,0.0
0.0036380326,1.0,0.0
0.0034401126,1.0,0.0
0.0012718744,0.0,0.0
0.0323465,0.0,0.0
0.028044986,0.0,0.0
0.00047802876,0.0,0.0
0.0008371075,0.0,0.0
0.0008528547,0.0,0.0
0.00037481633,0.0,0.0
0.00056222745,0.0,0.0
0.002445886,0.0,0.0
0.0028005077,0.0,0.0
0.00041729806,0.0,0.0
0.0021880642,0.0,0.0
0.0018848465,0.0,0.0
0.00011226396,0.0,0.0
0.0015906207,0.0,0.0
0.005883327,0.0,0.0
0.0012580138,0.0,0.0
0.00256995,0.0,0.0
0.0036613576,0.0,0.0
0.0004394523,0.0,0.0
0.00064006774,0.0,0.0
0.0072745727,0.0,0.0
0.0009502572,0.0,0.0
0.005150619,0.0,0.0
0.0050824545,0.0,0.0
0.001912187,0.0,0.0
0.0024361068,0.0,0.0
0.001945629,0.0,0.0
0.0012587449,1.0,1.0
0.007791157,1.0,1.0
0.0017950695,1.0,1.0
0.0022539182,0.0,0.0
0.0048654242,0.0,0.0
0.002163317,0.0,0.0
0.0007211946,0.0,0.0
0.0023346262,0.0,0.0
0.007178325,0.0,0.0
0.0007094942,0.0,0.0
0.00084352074,0.0,0.0
0.0037452285,0.0,0.0
0.00013712313,0.0,0.0
0.001986371,0.0,0.0
0.0030816698,0.0,0.0
0.00091372523,0.0,0.0
0.00088375417,0.0,0.0
0.000451333,0.0,0.0
0.00064494903,0.0,0.0
0.0009737214,0.0,0.0
0.000436428,0.0,0.0
0.00022211968,0.0,0.0
0.0002077438,0.0,0.0
6.654535e-05,0.0,0.0
0.0003622658,0.0,0.0
0.0018603454,1.0,0.0
0.0009527335,0.0,0.0
0.010142306,1.0,0.0
0.0005024373,1.0,0.0
0.003485739,1.0,0.0
0.006882402,1.0,1.0
0.0067363856,1.0,0.0
0.0019105705,1.0,0.0
0.0014624762,1.0,0.0
0.0011262198,0.0,0.0
0.0017476453,1.0,0.0
0.006128599,1.0,0.0
0.0008666517,0.0,0.0
0.0013023881,0.0,0.0
0.00091899966,1.0,0.0
0.0017714257,0.0,0.0
0.00027228153,0.0,0.0
0.002768067,0.0,0.0
0.00027843734,0.0,0.0
0.020123791,0.0,0.0
0.00017858366,0.0,0.0
0.0033730792,0.0,0.0
0.0003552845,0.0,0.0
0.0019471834,0.0,0.0
0.014974301,0.0,0.0
0.002564414,0.0,0.0
0.0013858277,0.0,0.0
0.0020283018,0.0,0.0
0.0016236511,0.0,1.0
0.0008616031,0.0,0.0
0.0039088167,0.0,0.0
0.0039104396,0.0,0.0
0.0032643822,0.0,0.0
0.003673603,0.0,0.0
0.0023055389,0.0,0.0
0.0003916283,0.0,0.0
0.00047505918,0.0,0.0
0.0023844684,0.0,0.0
0.008114694,0.0,0.0
0.00994999,0.0,0.0
5.6203986e-05,0.0,0.0
0.0012049674,1.0,0.0
0.0008792895,1.0,0.0
0.00076553336,1.0,0.0
0.0006935122,1.0,0.0
0.0022637998,0.0,0.0
0.00412445,0.0,0.0
0.00037755314,1.0,0.0
2.5361196e-05,0.0,0.0
8.119759e-05,0.0,0.0
0.0009989177,0.0,0.0
0.00032906546,0.0,0.0
0.0003150468,0.0,0.0
0.00042952425,0.0,0.0
0.0014305756,0.0,0.0
0.00083392893,0.0,0.0
0.00087372604,0.0,0.0
0.0047173775,0.0,0.0
0.0005699802,0.0,0.0
0.0015725018,0.0,0.0
0.00046659473,0.0,0.0
0.0040023914,0.0,0.0
0.0017274314,0.0,0.0
0.006514002,0.0,0.0
0.005628519,0.0,0.0
0.0034001619,0.0,0.0
0.0033452604,0.0,0.0
0.0011501904,0.0,0.0
0.00019148899,0.0,1.0
0.0007746071,0.0,1.0
0.0013146288,0.0,0.0
0.00022658339,0.0,0.0
0.00024764478,0.0,0.0
0.00035334087,0.0,0.0
0.0029792208,0.0,0.0
0.0003646476,0.0,0.0
0.00020603431,0.0,0.0
0.008434023,0.0,0.0
0.0011076012,0.0,0.0
0.008189347,0.0,1.0
0.0035403545,0.0,1.0
0.04651572,0.0,1.0
0.0013081521,0.0,0.0
0.001048294,0.0,0.0
0.0038156593,0.0,0.0
0.002011839,0.0,0.0
0.0033688913,0.0,0.0
0.00045412107,0.0,0.0
0.0020796065,0.0,1.0
0.0069185523,0.0,1.0
0.009440953,0.0,1.0
0.0018487956,0.0,0.0
0.0015608849,0.0,0.0
0.0023223823,0.0,0.0
0.00019370957,0.0,0.0
0.00015384877,0.0,0.0
0.002069212,0.0,0.0
0.00062657596,0.0,0.0
0.00028274077,0.0,0.0
0.0012142251,0.0,0.0
0.00022725649,0.0,0.0
0.00054194056,0.0,0.0
0.0028236855,0.0,0.0
0.00016003303,0.0,0.0
0.0004976374,0.0,0.0
0.0014339861,0.0,0.0
0.002927141,0.0,0.0
0.030981528,0.0,0.0
0.00020697214,0.0,0.0
8.0252445e-05,0.0,0.0
0.0027100516,0.0,0.0
0.0004817223,0.0,0.0
0.0001079261,0.0,1.0
0.00016891428,0.0,0.0
0.00029494026,0.0,0.0
0.00030332716,0.0,0.0
0.035111256,0.0,0.0
0.015677933,0.0,0.0
0.028056389,0.0,0.0
0.00062556606,0.0,0.0
0.00020321335,0.0,1.0
0.0026513073,0.0,1.0
0.0003926685,0.0,0.0
4.1299347e-05,0.0,0.0
0.006348468,0.0,0.0
0.00082718406,0.0,0.0
0.0020803546,0.0,0.0
3.5184945e-05,0.0,0.0
0.004426478,0.0,0.0
0.00020165899,0.0,0.0
0.00052514893,0.0,0.0
0.0007556162,0.0,0.0
0.0016440698,0.0,0.0
0.0006398399,0.0,0.0
0.0016804489,0.0,0.0
0.0004932257,0.0,1.0
0.000117238975,0.0,0.0
0.009246868,0.0,0.0
0.00094370695,1.0,0.0
9.7774304e-05,1.0,0.0
0.011981859,0.0,0.0
0.0015132056,1.0,0.0
0.00996039,0.0,0.0
0.0012643237,1.0,0.0
0.0007450779,0.0,0.0
0.0019067379,0.0,1.0
0.00435504,0.0,1.0
4.4317145e-05,0.0,1.0
0.0002593147,1.0,0.0
0.0003988563,1.0,0.0
0.00081260584,1.0,0.0
0.0004628488,0.0,1.0
0.003056753,0.0,0.0
0.0008949422,1.0,0.0
0.0017514845,0.0,0.0
0.0044016046,1.0,0.0
0.00019998543,0.0,1.0
0.00013097908,0.0,1.0
0.0010969421,1.0,1.0
0.00031792585,0.0,1.0
0.0011217935,0.0,0.0
0.0009748436,0.0,0.0
0.001741132,0.0,0.0
0.0010589901,0.0,0.0
0.0015387161,0.0,1.0
0.0009018707,0.0,0.0
0.002117475,0.0,0.0
0.004003916,0.0,1.0
0.0021015592,0.0,0.0
0.00016118743,0.0,0.0
0.00033885115,0.0,0.0
0.00031816907,0.0,0.0
0.00012168998,0.0,0.0
0.0033440858,0.0,0.0
5.4291177e-05,0.0,0.0
0.0014283179,0.0,0.0
0.0027486754,0.0,0.0
0.006828914,0.0,0.0
0.0064826994,0.0,0.0
0.0007249345,0.0,1.0
0.0032079176,0.0,0.0
0.0007846499,0.0,0.0
0.0003645859,0.0,0.0
0.00081986835,0.0,0.0
1.9289226e-05,0.0,0.0
0.0007124555,0.0,0.0
0.0028743148,0.0,0.0
0.010900883,0.0,0.0
0.0109718805,0.0,0.0
0.00046103375,1.0,0.0
0.043445233,0.0,0.0
0.020998517,0.0,0.0
0.0026313323,0.0,0.0
0.03527134,1.0,0.0
0.00015457325,1.0,0.0
0.00026524824,1.0,1.0
0.0008675572,1.0,1.0
0.00033444018,1.0,0.0
0.00023149698,1.0,0.0
0.0006441143,1.0,0.0
0.009488689,0.0,0.0
0.024981216,0.0,0.0
0.00033970992,1.0,0.0
0.0010837446,0.0,0.0
0.0033677996,0.0,0.0
0.010770374,0.0,0.0
0.0011992045,0.0,0.0
0.011766537,0.0,0.0
0.0064302105,0.0,0.0
0.012746603,0.0,0.0
0.010261059,0.0,0.0
0.004555668,0.0,0.0
0.006465058,0.0,0.0
0.000490008,0.0,0.0
0.0004071021,0.0,0.0
0.00045937355,0.0,1.0
0.0001887627,0.0,0.0
0.00010433275,0.0,0.0
0.00016920007,0.0,0.0
0.00016574425,0.0,1.0
7.19575e-05,0.0,0.0
0.00093303865,0.0,0.0
0.00018869757,0.0,0.0
0.00030602128,0.0,1.0
0.0036512793,0.0,0.0
0.0041036573,0.0,0.0
0.00014559271,0.0,0.0
0.00019564392,0.0,0.0
0.0014189044,0.0,0.0
0.0035671585,0.0,0.0
0.010317065,0.0,0.0
0.0051532215,0.0,0.0
5.3580006e-05,0.0,0.0
0.003352424,0.0,0.0
0.03690748,0.0,0.0
5.8852325e-05,0.0,0.0
0.0009177497,0.0,0.0
0.017758578,0.0,0.0
0.033299096,0.0,0.0
0.00036130557,0.0,0.0
0.0005303164,0.0,0.0
0.015501158,0.0,0.0
0.0033229997,0.0,0.0
0.0050879456,0.0,0.0
0.0065954453,0.0,0.0
0.09337408,0.0,0.0
0.17856568,0.0,0.0
0.007226049,0.0,0.0
0.31509307,0.0,0.0
0.010610585,0.0,0.0
0.15807003,0.0,0.0
0.19979648,0.0,0.0
0.016756665,0.0,0.0
0.0008150778,0.0,0.0
0.022395348,0.0,0.0
0.0021934113,0.0,0.0
0.0057765096,0.0,1.0
0.0014658755,0.0,0.0
0.0010299678,0.0,0.0
0.0008857897,0.0,0.0
0.060516,0.0,0.0
0.010597269,0.0,0.0
0.083689325,0.0,0.0
0.011729567,0.0,0.0
0.0059126043,0.0,0.0
0.14394492,0.0,0.0
0.031413324,0.0,0.0
0.024433482,0.0,1.0
0.012409163,0.0,0.0
0.009861284,0.0,1.0
0.0057776133,0.0,1.0
0.014550395,0.0,0.0
0.0054094004,0.0,0.0
0.004127914,0.0,0.0
0.011988499,0.0,0.0
0.008088953,0.0,0.0
0.0054241098,0.0,0.0
0.0016096899,0.0,0.0
0.0033716483,0.0,0.0
0.001892088,0.0,0.0
0.0060118507,0.0,1.0
0.00592473,1.0,1.0
0.00014464732,0.0,0.0
0.003987054,1.0,0.0
0.002939971,1.0,0.0
0.16187933,0.0,0.0
0.0019563735,0.0,0.0
0.0009692799,0.0,0.0
0.0021960344,0.0,0.0
8.2596736e-05,0.0,0.0
0.0077205896,0.0,0.0
0.014155301,0.0,0.0
0.0025997458,0.0,0.0
0.008857685,0.0,0.0
0.007433406,0.0,0.0
0.0010738224,0.0,0.0
0.0004612087,0.0,0.0
0.001701887,0.0,0.0
0.0121242525,0.0,0.0
0.0020229311,0.0,0.0
0.00070707436,0.0,0.0
0.000741525,0.0,0.0
0.004749273,0.0,0.0
0.0033073633,0.0,0.0
0.0053851698,0.0,0.0
0.00016767033,0.0,1.0
0.0006399515,0.0,0.0
0.0028841714,0.0,0.0
0.0032613024,0.0,0.0
7.341022e-05,0.0,0.0
0.0016238953,0.0,0.0
0.003686618,0.0,0.0
0.004433233,0.0,0.0
0.000558402,0.0,0.0
0.0039341943,0.0,0.0
0.15116009,0.0,0.0
0.00093477726,0.0,0.0
0.22510494,0.0,0.0
0.034185663,0.0,0.0
0.011730673,0.0,0.0
0.00040873748,0.0,0.0
0.024956139,0.0,1.0
0.0150375785,0.0,0.0
0.011123094,0.0,1.0
0.00094052206,0.0,0.0
0.0008992652,0.0,0.0
6.908651e-05,0.0,0.0
0.003707341,0.0,0.0
0.0031746544,0.0,0.0
0.0005078626,0.0,0.0
0.0032099995,0.0,0.0
0.00031694202,0.0,0.0
0.011106521,0.0,0.0
0.009481686,0.0,0.0
0.00940814,0.0,0.0
0.008167006,1.0,0.0
0.0035822934,0.0,0.0
0.0007811331,1.0,0.0
0.049476385,0.0,0.0
0.00652756,1.0,0.0
0.00055087305,0.0,1.0
0.0010898889,0.0,0.0
0.00043015712,0.0,0.0
0.001504362,0.0,0.0
0.0005955325,0.0,0.0
0.0038552447,0.0,0.0
0.009626836,0.0,0.0
0.0028896744,0.0,0.0
0.0051007187,0.0,0.0
0.0053832196,0.0,1.0
0.09282535,0.0,0.0
0.03021859,0.0,0.0
0.009140801,0.0,0.0
0.004001673,0.0,0.0
0.0023490957,0.0,0.0
0.0014409065,0.0,0.0
0.0012862588,0.0,0.0
0.0028140508,0.0,0.0
0.0012601177,0.0,0.0
0.057605743,0.0,1.0
0.0002336245,0.0,1.0
0.009207538,0.0,1.0
0.015364223,0.0,1.0
0.046550892,0.0,0.0
0.01050432,0.0,0.0
0.025830995,0.0,1.0
0.082541235,0.0,1.0
0.0065482208,0.0,1.0
0.00057012466,0.0,1.0
0.0013131035,0.0,0.0
0.0022828586,0.0,0.0
0.0021621143,0.0,0.0
0.0034549923,0.0,0.0
0.019845061,1.0,0.0
0.0030935558,1.0,1.0
0.00078279705,1.0,0.0
0.0036769104,1.0,0.0
0.030838512,0.0,0.0
0.0315109,0.0,0.0
0.010633582,0.0,0.0
0.003082612,0.0,1.0
0.013199938,0.0,1.0
0.0018985809,0.0,0.0
0.004281606,0.0,0.0
0.001842021,0.0,0.0
0.004858932,0.0,1.0
0.005268176,0.0,0.0
0.0037021104,0.0,0.0
0.000208474,0.0,0.0
0.0028397106,0.0,0.0
0.011984501,0.0,0.0
0.0025544844,0.0,0.0
0.0010341529,0.0,0.0
0.00016726632,0.0,0.0
0.002871508,0.0,0.0
0.0033230407,0.0,0.0
0.00040340927,0.0,0.0
0.0001705586,0.0,0.0
0.018993545,0.0,0.0
0.019587737,0.0,0.0
0.0060660373,0.0,0.0
0.00023657615,0.0,0.0
0.07397502,0.0,0.0
0.0006129167,0.0,0.0
0.011086742,0.0,0.0
0.008148052,0.0,0.0
0.0016625086,0.0,0.0
0.011345208,0.0,0.0
0.0154886115,1.0,0.0
0.0040962277,1.0,0.0
0.0020846128,1.0,1.0
0.0014945533,1.0,1.0
0.0020402244,0.0,0.0
0.005000426,1.0,0.0
0.0048053586,0.0,0.0
0.0017498869,0.0,0.0
0.014261889,0.0,0.0
0.0062754843,0.0,1.0
0.21975492,0.0,0.0
0.0034563881,0.0,1.0
0.02126277,0.0,1.0
0.022497123,0.0,0.0
0.020457748,0.0,1.0
0.0015480336,0.0,1.0
0.0007274217,0.0,0.0
0.0012493732,0.0,0.0
0.0003146173,0.0,0.0
0.0005877063,0.0,0.0
0.008994805,0.0,0.0
0.0007814071,0.0,0.0
0.00042533156,0.0,0.0
0.000677691,0.0,0.0
0.0011847521,0.0,0.0
0.0059070773,0.0,0.0
0.006825018,0.0,0.0
0.0059670536,0.0,0.0
0.006930465,0.0,0.0
0.006234712,0.0,0.0
0.0073964824,0.0,0.0
0.01921284,0.0,0.0
0.0012579599,0.0,0.0
0.0034330038,0.0,0.0
0.0041025626,0.0,0.0
0.009439962,0.0,0.0
0.1178696,0.0,0.0
0.24752916,0.0,0.0
0.09061728,0.0,0.0
0.046440817,0.0,0.0
0.0063273604,0.0,0.0
0.0068660737,0.0,0.0
0.041726824,0.0,0.0
0.13708459,0.0,0.0
0.23715648,0.0,0.0
0.027753627,0.0,0.0
0.01974004,0.0,0.0
0.008891451,0.0,0.0
0.1115072,0.0,0.0
0.037118144,1.0,0.0
0.011972419,1.0,0.0
0.004329799,1.0,0.0
0.010809532,1.0,0.0
0.041550025,0.0,0.0
0.016345847,0.0,0.0
0.011742193,0.0,1.0
0.0074691763,0.0,1.0
0.010279842,0.0,0.0
0.008742417,0.0,0.0
0.021820206,0.0,0.0
0.0015573538,0.0,0.0
0.1692706,0.0,0.0
0.021955293,0.0,0.0
0.00490552,0.0,0.0
0.009670157,0.0,0.0
0.17958769,0.0,0.0
0.004904696,0.0,0.0
0.0045857374,0.0,0.0
0.002200668,0.0,1.0
0.004662573,0.0,0.0
0.013634084,0.0,0.0
0.017008374,0.0,0.0
0.018367143,0.0,0.0
0.018497258,0.0,0.0
0.002071829,1.0,0.0
0.001600331,0.0,0.0
0.0023658392,0.0,1.0
0.0006958138,0.0,0.0
0.005824809,1.0,1.0
0.0042391634,1.0,1.0
0.011039768,1.0,1.0
0.09436226,0.0,1.0
0.0025695283,0.0,0.0
0.0118771875,1.0,0.0
0.0015388546,0.0,0.0
0.002000579,0.0,0.0
0.0015972818,0.0,0.0
0.0024025044,0.0,0.0
0.006935317,0.0,0.0
0.006830645,0.0,0.0
0.0013347084,0.0,0.0
0.0019762283,0.0,0.0
0.00144722,0.0,0.0
0.00028975448,0.0,0.0
0.0025860264,0.0,0.0
0.0003826846,0.0,0.0
0.00038218807,0.0,0.0
0.00085323834,0.0,0.0
0.0145443035,0.0,0.0
0.019863872,0.0,0.0
0.00023459793,0.0,0.0
0.009340669,0.0,0.0
0.0035607321,0.0,0.0
0.00096461835,0.0,0.0
0.0024377946,0.0,0.0
0.010269737,0.0,0.0
0.0011760612,0.0,0.0
0.007456591,0.0,0.0
0.0028806988,0.0,0.0
0.0014900302,0.0,0.0
0.00020891057,0.0,0.0
0.00027846894,0.0,0.0
0.0010982853,0.0,0.0
0.0008087939,0.0,0.0
0.006956117,0.0,0.0
0.001760045,0.0,0.0
0.005076091,0.0,0.0
0.0012636742,0.0,0.0
0.0011806412,0.0,0.0
0.005299939,0.0,0.0
0.0040574367,0.0,0.0
0.0012075998,0.0,0.0
0.006714181,0.0,0.0
0.002870532,0.0,0.0
0.014070843,0.0,0.0
0.0029992515,0.0,0.0
0.0020041848,0.0,0.0
0.014276646,1.0,0.0
0.0011282036,1.0,0.0
0.0017325173,1.0,0.0
0.011707958,1.0,0.0
0.0013890767,1.0,0.0
0.0015571387,1.0,0.0
0.012684798,1.0,0.0
0.0009522276,1.0,0.0
0.004461059,1.0,0.0
0.0016960461,1.0,0.0
0.0010733416,1.0,0.0
0.0022204914,1.0,0.0
0.0008117827,1.0,0.0
0.000508219,0.0,0.0
0.023959242,0.0,0.0
0.0061031072,1.0,0.0
0.0064982027,1.0,0.0
0.0053432584,0.0,0.0
0.011094324,1.0,0.0
0.0008668284,0.0,0.0
0.0015551352,0.0,1.0
0.0017990385,0.0,0.0
0.00076604926,0.0,0.0
0.0049754595,1.0,0.0
0.002748167,0.0,0.0
0.0017001258,0.0,0.0
0.0024162887,0.0,0.0
0.0018525347,0.0,1.0
0.002019278,0.0,1.0
0.0029716683,0.0,1.0
0.0007086975,1.0,1.0
0.0016311458,1.0,0.0
0.0035620942,1.0,0.0
0.023858309,1.0,0.0
0.009389956,1.0,0.0
0.0061582373,1.0,0.0
0.004579779,1.0,1.0
0.00045618304,1.0,0.0
0.0045174332,1.0,0.0
0.0010185214,0.0,0.0
0.011488481,1.0,0.0
0.0013652113,1.0,0.0
0.00045406565,0.0,0.0
0.006554679,1.0,0.0
0.013268991,0.0,0.0
0.0079943305,0.0,0.0
0.00093622255,0.0,0.0
0.00031256516,0.0,0.0
0.008425043,0.0,0.0
0.0043148682,0.0,0.0
0.0019455429,0.0,0.0
0.0016267125,0.0,0.0
0.001353658,0.0,0.0
0.0016888725,0.0,0.0
0.0002974969,0.0,0.0
0.0007447852,0.0,0.0
0.00043159223,0.0,0.0
0.0013775764,0.0,0.0
0.00056031573,0.0,0.0
0.0003478974,0.0,0.0
0.005375407,0.0,0.0
0.0059895865,0.0,0.0
0.00116163,0.0,0.0
0.013751656,0.0,0.0
0.0008420728,0.0,0.0
0.009824274,0.0,0.0
0.0011974159,0.0,0.0
0.00085591775,0.0,0.0
0.00045875568,0.0,0.0
0.0015080515,0.0,1.0
0.00012755333,1.0,0.0
0.0040873205,0.0,0.0
0.0023727978,0.0,0.0
0.0008898426,0.0,0.0
0.0018911931,0.0,0.0
0.004154535,0.0,0.0
0.00016600412,0.0,0.0
0.0002536335,0.0,0.0
0.0026005371,0.0,0.0
0.0062591387,0.0,0.0
0.002084823,0.0,0.0
0.0012302306,0.0,0.0
0.0009451547,0.0,0.0
0.00028206338,0.0,0.0
0.011450635,0.0,0.0
0.0049050124,0.0,1.0
0.04150439,0.0,1.0
0.14663169,1.0,1.0
0.041927904,1.0,1.0
0.04856005,0.0,1.0
0.031307206,1.0,1.0
0.008245891,1.0,1.0
0.006802604,1.0,1.0
0.0097681405,0.0,0.0
0.26714402,0.0,0.0
0.0051426915,0.0,0.0
0.059659373,0.0,0.0
0.013363701,0.0,0.0
0.014594848,0.0,0.0
0.02011002,0.0,0.0
0.07477146,0.0,0.0
0.028580463,0.0,1.0
0.0015658217,0.0,0.0
0.006377679,0.0,0.0
0.000333322,1.0,0.0
0.0010195952,0.0,0.0
0.014716129,1.0,0.0
0.0040755705,1.0,0.0
0.0031798736,1.0,0.0
0.006818847,1.0,0.0
0.0021062423,1.0,1.0
0.00070065167,1.0,1.0
0.0005586583,1.0,0.0
0.0004332691,1.0,0.0
0.00035966394,1.0,0.0
0.0036726051,1.0,0.0
0.015847577,0.0,0.0
0.00043431635,0.0,0.0
0.001352662,0.0,0.0
0.007272428,0.0,0.0
0.0020302352,0.0,0.0
0.008505365,0.0,0.0
0.0023364094,0.0,0.0
0.00091336755,0.0,0.0
0.032497473,0.0,0.0
0.004352221,1.0,0.0
0.011042377,0.0,0.0
0.0010387142,0.0,0.0
0.0013719662,0.0,0.0
0.0016726251,0.0,1.0
0.0012746254,0.0,1.0
0.00024826653,0.0,0.0
0.0026301336,0.0,0.0
0.0019466236,0.0,0.0
0.00354507,0.0,0.0
0.00031680154,0.0,0.0
0.00031133124,0.0,0.0
0.0012380754,0.0,0.0
0.00077519345,0.0,0.0
0.0010350164,1.0,0.0
0.0004898181,0.0,0.0
0.00032481714,0.0,0.0
0.00391532,0.0,0.0
0.009026462,1.0,0.0
0.00062169053,0.0,0.0
0.00037108178,0.0,0.0
0.0035403848,0.0,0.0
0.000743689,0.0,1.0
0.000732481,0.0,1.0
0.0011649133,0.0,1.0
0.0012018203,0.0,0.0
0.00017059603,0.0,0.0
0.0005217502,0.0,1.0
0.00026110216,0.0,1.0
0.00033205803,0.0,0.0
4.1976462e-05,0.0,0.0
5.2208987e-05,0.0,0.0
0.00016502594,0.0,0.0
0.0002499321,0.0,0.0
2.3729554e-05,0.0,0.0
4.0239367e-05,0.0,0.0
0.0014386929,0.0,0.0
8.4494444e-05,0.0,0.0
0.00019168519,0.0,0.0
0.001115513,0.0,0.0
0.00082651625,0.0,0.0
0.00040148184,0.0,0.0
0.0005855796,0.0,1.0
0.030464914,0.0,0.0
0.0018722934,0.0,0.0
8.972475e-05,0.0,0.0
0.00030149808,0.0,0.0
0.0012641997,0.0,0.0
0.00042023475,0.0,0.0
0.00031494768,0.0,0.0
0.00048554144,0.0,1.0
0.00017305056,0.0,1.0
0.0043471404,0.0,0.0
0.00020584147,0.0,0.0
0.0002134589,0.0,0.0
0.0009206736,0.0,0.0
0.0005281138,0.0,0.0
0.0005311344,0.0,0.0
0.0011785838,0.0,0.0
0.0012708076,0.0,0.0
0.0014436947,0.0,0.0
0.002868469,0.0,0.0
0.00062096067,0.0,0.0
0.0002553899,0.0,0.0
0.0005997573,0.0,0.0
0.0011583462,0.0,0.0
0.0010617403,0.0,0.0
0.000574956,0.0,0.0
0.00061055855,0.0,0.0
0.000324771,0.0,0.0
0.00026763917,0.0,0.0
0.00014311569,0.0,1.0
0.0002523953,0.0,0.0
0.0006360251,0.0,0.0
0.00068180595,0.0,0.0
0.0003872636,0.0,0.0
0.00024625842,0.0,0.0
0.00036086532,0.0,0.0
0.00046868314,0.0,1.0
0.00041810438,0.0,0.0
0.0006621428,0.0,0.0
0.001417844,0.0,0.0
0.00024896534,0.0,0.0
0.00034712235,0.0,0.0
0.00028465956,0.0,1.0
0.0018816638,0.0,1.0
0.0059831515,0.0,0.0
0.0003352715,0.0,0.0
0.00010770218,0.0,0.0
0.0033958054,0.0,0.0
0.002208513,0.0,0.0
0.010963992,0.0,0.0
0.0105165,0.0,0.0
0.0013552982,0.0,0.0
0.0041737426,0.0,0.0
0.028479425,0.0,0.0
0.0009982949,0.0,0.0
0.00041291892,0.0,0.0
0.00094496657,0.0,0.0
0.006488288,0.0,0.0
0.0018473503,0.0,0.0
0.0023816912,0.0,0.0
0.0058096633,0.0,0.0
0.0006312444,1.0,0.0
0.0016346641,1.0,0.0
0.009538118,1.0,0.0
0.06462581,1.0,1.0
0.6869446,1.0,1.0
0.011689632,1.0,0.0
0.0055912137,0.0,0.0
0.15843655,1.0,0.0
0.21931827,1.0,0.0
0.0022075726,0.0,0.0
0.011365572,0.0,0.0
0.02254355,0.0,0.0
0.026368259,0.0,0.0
0.0030916885,0.0,0.0
0.0015365917,0.0,0.0
0.015020213,0.0,0.0
0.015320814,0.0,0.0
0.0016071178,0.0,0.0
0.00019234723,0.0,0.0
0.0007110613,0.0,0.0
0.01690208,0.0,0.0
0.008606441,0.0,0.0
0.00030363965,0.0,0.0
0.0010811054,0.0,0.0
0.0007489599,0.0,0.0
0.0020892385,0.0,0.0
0.028668776,0.0,0.0
0.0013406835,0.0,1.0
0.003908384,0.0,0.0
0.0011005176,0.0,0.0
0.0032370323,0.0,0.0
0.0020122526,0.0,0.0
0.004535406,0.0,0.0
0.0005815895,0.0,0.0
0.002136758,0.0,0.0
0.0005886694,0.0,0.0
0.00047889876,0.0,0.0
0.012934115,0.0,0.0
0.0008349793,0.0,0.0
0.008587329,0.0,0.0
0.13752143,0.0,0.0
0.4350288,0.0,1.0
0.007744118,0.0,0.0
0.03994545,0.0,0.0
0.0136921825,0.0,0.0
0.18664697,0.0,0.0
0.0131907,1.0,0.0
0.045972534,1.0,0.0
0.006725957,0.0,0.0
0.07037541,1.0,0.0
0.0056655845,1.0,0.0
0.0066509945,1.0,0.0
0.008415353,1.0,0.0
0.0070659257,1.0,0.0
0.0019176517,1.0,0.0
0.0035551297,0.0,0.0
0.0049824994,0.0,0.0
0.00021287901,0.0,0.0
0.008804033,0.0,0.0
0.0011709802,0.0,0.0
0.006639398,0.0,0.0
0.0033486646,0.0,0.0
0.0039626597,0.0,0.0
0.0019842717,0.0,0.0
0.004411979,0.0,0.0
0.006075164,0.0,0.0
0.0012155164,0.0,0.0
0.004300578,0.0,0.0
0.0012421132,0.0,0.0
0.0023059258,0.0,0.0
0.0015692286,0.0,0.0
0.008664755,0.0,1.0
0.013970055,0.0,0.0
0.0019553085,0.0,0.0
0.0022492593,0.0,0.0
0.013778359,0.0,0.0
0.017452212,0.0,0.0
0.0011887879,0.0,0.0
0.013058365,0.0,1.0
0.008267257,0.0,1.0
0.00051637046,0.0,0.0
0.005606093,0.0,0.0
0.00061575,0.0,0.0
0.0006542404,0.0,1.0
0.00021667394,0.0,0.0
0.00052978896,0.0,0.0
0.00783444,1.0,0.0
0.0015001263,1.0,0.0
0.0007115378,1.0,0.0
0.00077318447,1.0,0.0
0.0043551535,0.0,0.0
0.00073535834,0.0,0.0
0.0011907258,1.0,0.0
0.0020386386,0.0,0.0
0.00037283276,1.0,0.0
0.00011566208,0.0,1.0
0.00016272167,1.0,0.0
0.0027216284,1.0,0.0
0.00238916,1.0,0.0
0.00389753,1.0,1.0
0.0026740374,1.0,0.0
0.001777683,0.0,0.0
0.0005351867,0.0,0.0
0.000695706,0.0,0.0
0.00029873924,0.0,0.0
0.00061743986,0.0,0.0
0.0064149993,0.0,0.0
0.003634695,0.0,0.0
0.0017118182,0.0,0.0
0.013310829,0.0,1.0
0.0043184506,0.0,0.0
0.0012158823,0.0,0.0
0.0017702727,0.0,1.0
0.0009643768,0.0,1.0
0.00035564706,0.0,0.0
0.0008752175,0.0,0.0
0.0013802601,0.0,1.0
0.00027086315,0.0,0.0
0.00046264238,0.0,0.0
0.00033326735,0.0,0.0
0.0007205245,0.0,0.0
3.576342e-05,0.0,1.0
0.000120828554,0.0,0.0
0.00045748116,0.0,0.0
0.0010642218,0.0,0.0
0.00018039641,0.0,0.0
0.0058411076,0.0,0.0
0.004565459,0.0,0.0
0.0036030414,0.0,0.0
0.017684834,0.0,0.0
0.0126002515,0.0,0.0
0.0013848934,0.0,0.0
0.005407515,0.0,0.0
0.0022277206,0.0,1.0
0.0014223868,0.0,0.0
0.0047257645,0.0,0.0
0.00096517045,0.0,0.0
0.00037083513,0.0,0.0
0.0005989162,0.0,0.0
0.00014089033,0.0,0.0
0.00042107125,0.0,0.0
0.00038546012,0.0,0.0
0.0014349075,0.0,0.0
0.0007642789,0.0,0.0
0.0014836617,0.0,0.0
0.010174608,0.0,0.0
0.0042323307,0.0,0.0
0.0007863527,0.0,0.0
0.0014311867,0.0,0.0
0.0034519925,0.0,0.0
0.0038502922,0.0,0.0
0.0009943239,1.0,0.0
0.00094055705,0.0,0.0
0.009003088,0.0,0.0
0.0016084893,1.0,0.0
0.00085543183,0.0,0.0
0.0019218058,0.0,0.0
0.0001159283,0.0,0.0
0.0025483647,0.0,0.0
0.010070069,1.0,0.0
0.0012603159,1.0,0.0
0.0056049237,0.0,0.0
0.002127944,1.0,0.0
0.0045878775,0.0,0.0
0.009076627,0.0,0.0
0.0005486348,0.0,0.0
0.0024262122,0.0,0.0
0.004054948,0.0,0.0
0.0012087477,0.0,0.0
0.005388818,0.0,0.0
0.0024025969,0.0,1.0
0.0031709443,0.0,0.0
0.0005594898,1.0,0.0
0.004121159,1.0,0.0
0.003391172,1.0,0.0
0.00083744695,1.0,0.0
0.023021001,1.0,0.0
0.0018205098,1.0,0.0
0.00067628355,1.0,0.0
0.0026101735,0.0,0.0
0.0046929345,0.0,0.0
0.007535161,0.0,0.0
0.036028184,0.0,0.0
0.09170147,0.0,0.0
0.06725574,0.0,0.0
0.0042789252,0.0,0.0
0.0052569364,0.0,0.0
0.00072597223,0.0,0.0
0.0014081381,0.0,0.0
0.008547757,0.0,0.0
0.00036524463,0.0,0.0
0.0002598054,0.0,0.0
0.036861986,0.0,0.0
0.06428228,0.0,0.0
0.0008187707,0.0,0.0
0.024775624,0.0,0.0
0.0012853055,0.0,0.0
0.00082612893,0.0,0.0
0.008784907,0.0,1.0
0.058315024,1.0,0.0
0.010980348,0.0,0.0
0.0063703735,0.0,0.0
0.005187323,1.0,0.0
0.04280923,1.0,1.0
0.008237512,0.0,0.0
0.00087837374,0.0,0.0
0.011847994,0.0,0.0
0.006298722,0.0,0.0
0.029071469,0.0,0.0
0.015841637,0.0,0.0
0.0045577683,0.0,0.0
0.003217394,0.0,0.0
0.00095178495,0.0,0.0
0.0019449145,0.0,0.0
0.014028965,0.0,1.0
0.016472239,0.0,1.0
0.0033617842,0.0,0.0
0.00072029524,0.0,0.0
0.016565586,0.0,0.0
0.0033160548,0.0,0.0
0.0010080242,0.0,0.0
0.0030788044,0.0,0.0
0.007120889,0.0,0.0
0.014410937,1.0,1.0
0.011972786,0.0,0.0
0.02539641,0.0,0.0
0.0006528866,0.0,0.0
0.00091574376,0.0,0.0
0.012427711,0.0,0.0
0.003524785,0.0,0.0
0.0036487852,0.0,0.0
0.0028008672,0.0,0.0
0.0052977544,0.0,0.0
0.00045332723,0.0,0.0
0.0006745315,0.0,0.0
0.0009071892,0.0,0.0
0.0013044265,0.0,0.0
0.000430795,0.0,0.0
0.0007816235,0.0,0.0
0.0029379127,0.0,0.0
0.0024518427,0.0,0.0
0.0006384553,0.0,0.0
0.0023343272,0.0,0.0
0.003099588,0.0,0.0
0.057684023,0.0,0.0
0.0010286479,0.0,0.0
0.0063762288,0.0,1.0
0.020571047,0.0,0.0
0.008491793,0.0,0.0
0.004214677,0.0,0.0
0.0018934971,0.0,0.0
0.0009784045,0.0,0.0
0.0005000286,0.0,0.0
0.0012400753,0.0,0.0
0.0006904477,0.0,0.0
0.00062191125,0.0,0.0
0.0003065159,0.0,0.0
0.00395914,0.0,0.0
5.7607464e-05,0.0,0.0
0.00072964723,0.0,0.0
0.0015513374,0.0,1.0
0.0020436407,0.0,0.0
0.0063328305,0.0,0.0
0.0009863479,0.0,1.0
0.0107729295,0.0,0.0
0.0009113885,0.0,0.0
0.00024575955,0.0,0.0
0.0008727014,0.0,0.0
0.0061765215,0.0,0.0
0.012380787,0.0,0.0
0.007968318,0.0,0.0
0.0007123394,0.0,0.0
0.005078001,0.0,0.0
0.0050643357,0.0,0.0
0.0009029885,0.0,1.0
0.0012800077,0.0,0.0
0.00025791491,0.0,0.0
0.0012049129,0.0,0.0
0.0005654214,0.0,0.0
0.00050450186,0.0,0.0
0.0002951152,0.0,0.0
0.00082007935,0.0,0.0
0.00035261738,0.0,0.0
0.00066283415,0.0,0.0
0.0018079956,0.0,0.0
0.0017666253,0.0,0.0
0.001913028,0.0,0.0
0.00018528914,0.0,0.0
0.005070576,0.0,0.0
0.0008394859,0.0,0.0
0.0010990163,0.0,0.0
0.0014854769,0.0,0.0
0.00014928379,0.0,0.0
0.0005843995,0.0,0.0
7.7857745e-05,0.0,0.0
0.00088464766,0.0,0.0
0.00030873195,0.0,0.0
0.0010716404,0.0,0.0
0.0029844404,0.0,0.0
0.0019641202,0.0,0.0
0.0009676606,0.0,0.0
0.0024309326,0.0,0.0
0.01579266,0.0,0.0
0.003261017,0.0,0.0
0.0004224837,0.0,0.0
0.0013097877,0.0,0.0
0.03278104,0.0,0.0
0.008079058,0.0,0.0
0.00044194245,0.0,0.0
0.024674492,0.0,0.0
0.0016741817,0.0,0.0
0.0044298056,0.0,0.0
0.022314267,0.0,1.0
0.0045451624,0.0,1.0
0.0025933401,0.0,1.0
0.003383862,0.0,1.0
0.0011881697,0.0,0.0
0.0035838715,0.0,0.0
0.0006521027,0.0,0.0
0.00030056678,0.0,0.0
0.00029016277,0.0,1.0
0.00062738894,0.0,0.0
0.001969909,0.0,0.0
0.0013162763,0.0,0.0
0.00024460777,0.0,0.0
0.0016528125,0.0,0.0
5.134277e-05,0.0,0.0
0.0027926248,0.0,0.0
0.0010088019,0.0,0.0
0.00038423712,0.0,0.0
0.00031069343,0.0,0.0
0.006180756,0.0,0.0
0.119438104,0.0,0.0
0.00057913153,0.0,0.0
0.0003878387,0.0,0.0
0.009887906,0.0,0.0
0.0067581474,0.0,1.0
0.010898847,0.0,1.0
0.010370188,0.0,0.0
0.0230905,0.0,0.0
0.002716473,0.0,0.0
0.0007001324,0.0,0.0
0.0026254149,0.0,0.0
0.00459994,0.0,1.0
0.00029311283,0.0,0.0
0.004503035,0.0,0.0
0.0015829259,0.0,0.0
0.016377548,0.0,0.0
0.010341008,0.0,0.0
8.6612796e-05,0.0,0.0
0.0021006814,0.0,0.0
0.021682808,0.0,0.0
0.015821919,0.0,0.0
0.0005485684,0.0,0.0
0.017119536,0.0,0.0
0.024706954,0.0,0.0
0.0017028959,0.0,0.0
0.0017646695,0.0,0.0
0.001250294,0.0,0.0
0.0034771846,0.0,0.0
0.018674714,0.0,1.0
0.0267155,0.0,1.0
0.009702162,0.0,0.0
0.00047881686,0.0,0.0
0.0012387625,0.0,0.0
0.00047189984,0.0,0.0
0.00027344807,0.0,0.0
0.0042824717,0.0,0.0
0.0023086118,0.0,0.0
0.00029016944,0.0,0.0
0.0007181304,0.0,0.0
0.00056389085,0.0,0.0
0.00058718416,0.0,0.0
0.0031753185,0.0,0.0
0.00046961982,0.0,0.0
0.00203827,0.0,0.0
0.0012362429,0.0,0.0
0.00064431014,0.0,0.0
0.00014518916,0.0,0.0
0.0011694946,0.0,0.0
0.00086553546,0.0,0.0
0.0014648897,0.0,1.0
0.004827373,0.0,1.0
0.008987828,0.0,1.0
0.006201498,0.0,1.0
0.0026378478,0.0,1.0
0.003084899,0.0,0.0
0.00080089376,0.0,0.0
0.007877138,0.0,0.0
0.0040421626,0.0,0.0
0.0026353323,0.0,0.0
0.00050075,0.0,0.0
0.00088639045,0.0,0.0
0.0007303937,0.0,0.0
0.01660188,0.0,0.0
0.014741179,0.0,0.0
0.029618476,0.0,1.0
0.023915185,0.0,1.0
0.0031415722,0.0,1.0
0.0044452134,0.0,1.0
0.0012725791,0.0,0.0
0.004276332,0.0,0.0
0.003299029,0.0,0.0
0.004087103,0.0,0.0
0.0020215048,0.0,0.0
0.0010579263,0.0,0.0
0.027336985,0.0,0.0
0.0002561434,0.0,0.0
0.0011478611,0.0,0.0
0.0012005978,0.0,0.0
0.0011625754,0.0,0.0
0.03120545,0.0,1.0
0.04071699,0.0,0.0
0.0045852414,0.0,0.0
0.0073868684,0.0,1.0
0.009932539,0.0,0.0
0.0029410056,0.0,0.0
0.0006142152,0.0,0.0
0.00054808124,0.0,0.0
0.0011430526,0.0,0.0
0.00044800396,0.0,0.0
0.0023142947,0.0,0.0
0.00044253052,0.0,1.0
0.004813027,0.0,0.0
0.0017140344,0.0,0.0
0.009313703,1.0,0.0
0.01851144,1.0,0.0
0.007983209,0.0,1.0
0.0010616285,1.0,0.0
0.00044867344,1.0,0.0
0.0019619546,1.0,0.0
0.0039017922,1.0,0.0
0.0012617758,1.0,0.0
0.025350166,0.0,0.0
0.0025131078,1.0,0.0
0.001915117,1.0,0.0
0.002364371,0.0,0.0
0.118558824,0.0,0.0
0.00011839207,1.0,0.0
0.0009034145,0.0,0.0
0.029276453,0.0,0.0
0.0016121708,0.0,0.0
0.0006032817,0.0,0.0
0.0017792145,0.0,0.0
0.003232377,0.0,0.0
0.0016965427,0.0,0.0
0.0011976481,0.0,0.0
0.009834913,0.0,1.0
0.0009775185,0.0,0.0
0.0029379881,0.0,0.0
0.02372215,0.0,0.0
0.0033505207,0.0,0.0
0.0020542226,0.0,0.0
0.0041823112,0.0,0.0
0.00029466284,0.0,0.0
0.0005303993,0.0,0.0
0.0013027728,0.0,0.0
0.0019085583,1.0,0.0
0.0037025658,1.0,0.0
0.014390037,1.0,1.0
0.005700034,1.0,0.0
0.0076913256,0.0,0.0
0.02443979,1.0,0.0
0.0076636407,0.0,0.0
0.0002906523,1.0,0.0
0.0005445819,1.0,0.0
0.0018210523,1.0,0.0
0.0007046322,1.0,0.0
0.004273184,0.0,0.0
0.0011391253,1.0,0.0
0.0006974739,1.0,0.0
0.000598363,1.0,0.0
0.004244412,0.0,0.0
0.00017334304,0.0,0.0
0.00038151245,0.0,0.0
0.0013211255,1.0,0.0
0.0018226808,0.0,0.0
0.00022117037,0.0,0.0
0.0012632284,0.0,0.0
0.006246073,0.0,1.0
0.00048265097,0.0,0.0
0.02885931,0.0,0.0
0.016935693,0.0,0.0
0.007738665,0.0,0.0
0.012094236,0.0,0.0
0.027062358,0.0,0.0
0.0025945888,0.0,0.0
0.006514304,0.0,0.0
0.10299588,0.0,0.0
0.002558605,0.0,0.0
0.017949712,0.0,0.0
0.0065765902,0.0,0.0
0.007776079,0.0,0.0
0.00014686701,0.0,0.0
0.0019193736,0.0,0.0
0.0069923005,0.0,0.0
0.0071858712,0.0,0.0
0.01195974,0.0,0.0
0.0023206451,0.0,0.0
0.002289223,0.0,0.0
0.0051322407,0.0,0.0
0.0039445804,1.0,0.0
0.011596832,0.0,0.0
0.00057306525,0.0,0.0
0.002202893,1.0,0.0
0.0065092416,1.0,0.0
0.0016678846,0.0,0.0
0.00042073138,0.0,0.0
0.0004823065,0.0,0.0
0.00022384514,0.0,0.0
0.00021733086,0.0,1.0
0.0020604196,0.0,1.0
0.00031094888,0.0,1.0
0.0005669859,0.0,1.0
0.0023113692,1.0,0.0
0.002178755,1.0,0.0
0.00095123606,0.0,0.0
0.00037542894,1.0,0.0
0.0012646213,0.0,0.0
0.00088326214,1.0,0.0
0.0011264536,0.0,0.0
0.00078732,1.0,1.0
0.00037378885,0.0,1.0
0.0015235563,0.0,0.0
0.0012945073,0.0,0.0
0.0023113769,1.0,0.0
0.0024815153,1.0,0.0
0.0019852803,1.0,0.0
0.00095778017,0.0,0.0
0.0023396928,0.0,0.0
0.0008032427,0.0,0.0
0.0035276064,0.0,0.0
0.0022540006,0.0,0.0
0.0009958465,0.0,0.0
0.0014052078,0.0,1.0
0.0007853523,0.0,0.0
0.0030404748,0.0,0.0
0.003961085,0.0,0.0
0.004293752,0.0,1.0
0.0011934044,0.0,1.0
0.0014720823,0.0,0.0
0.0029338442,0.0,0.0
0.002588234,0.0,0.0
0.0011718152,0.0,1.0
0.0015087317,0.0,0.0
0.0056327563,0.0,0.0
0.0048140637,0.0,0.0
0.0020879852,0.0,0.0
0.0006362743,0.0,0.0
0.0007350796,0.0,0.0
0.00072832446,0.0,0.0
0.00044858255,0.0,0.0
0.0003429416,0.0,0.0
0.001228834,0.0,0.0
0.0017725384,0.0,0.0
0.0015675836,0.0,0.0
0.0030731529,0.0,0.0
0.0030979102,0.0,0.0
0.0028226932,0.0,0.0
0.000943386,0.0,0.0
0.0014000249,0.0,0.0
0.0018770886,0.0,0.0
0.0017468352,0.0,0.0
0.0020979452,0.0,0.0
0.0003335712,0.0,0.0
0.00044183142,0.0,0.0
0.0025816935,0.0,0.0
0.0015330345,0.0,0.0
0.0011325544,0.0,0.0
0.00013431405,0.0,0.0
2.934549e-05,0.0,0.0
0.001015627,0.0,0.0
0.00091097486,0.0,0.0
0.0007074431,0.0,0.0
6.616606e-05,0.0,0.0
0.0008507468,0.0,0.0
0.0015543611,0.0,0.0
0.00078385475,0.0,0.0
0.00086242653,0.0,0.0
0.0006133354,0.0,0.0
0.0008808035,0.0,0.0
0.00010719837,0.0,0.0
0.00022594287,1.0,0.0
0.00046734672,1.0,0.0
0.0009796787,1.0,0.0
0.0012667774,1.0,0.0
0.00086048286,0.0,0.0
0.0007903716,0.0,0.0
0.0004966167,0.0,0.0
0.0017203244,0.0,0.0
0.0009100669,0.0,0.0
0.0028222343,0.0,0.0
0.00069693965,0.0,0.0
0.0016846786,0.0,0.0
0.0005411467,0.0,0.0
0.001450883,0.0,0.0
0.00055710296,0.0,0.0
0.00070786726,0.0,0.0
0.0017534748,0.0,1.0
0.0007756774,0.0,1.0
0.0015676335,0.0,0.0
0.00091985165,0.0,0.0
0.03374707,0.0,0.0
0.0033861059,0.0,0.0
0.002459867,0.0,0.0
0.00023510712,0.0,0.0
0.00020114718,0.0,0.0
0.00071775576,0.0,0.0
0.000886869,0.0,0.0
0.00029945155,0.0,0.0
0.0013136563,0.0,1.0
0.00010828391,0.0,0.0
0.002487191,0.0,0.0
0.00129383,0.0,0.0
0.0016567854,0.0,0.0
0.00076007575,0.0,0.0
0.00012957263,0.0,0.0
0.00051223714,0.0,0.0
0.010415821,0.0,0.0
0.0008582632,0.0,0.0
0.0023617842,0.0,0.0
0.00081960054,0.0,0.0
0.00025954843,0.0,0.0
0.00045218633,0.0,0.0
0.00012641936,0.0,0.0
0.00036815347,0.0,0.0
0.00085104065,0.0,0.0
0.0007363878,0.0,0.0
0.0004923656,0.0,0.0
0.0010172969,0.0,0.0
3.368357e-05,0.0,0.0
0.00027308927,0.0,0.0
0.0024136766,0.0,0.0
0.0010692975,0.0,0.0
0.00040125742,0.0,0.0
0.00063738925,0.0,0.0
0.00075109093,0.0,0.0
0.0012238042,0.0,0.0
0.0018621641,0.0,0.0
0.0034095352,0.0,0.0
0.0019184767,0.0,1.0
0.0010579616,0.0,1.0
0.0017282753,0.0,0.0
0.0014574094,0.0,0.0
0.0013672464,0.0,0.0
0.0021951464,0.0,1.0
0.0015880921,0.0,0.0
0.00033747312,0.0,0.0
0.008420018,0.0,0.0
0.0010698421,0.0,0.0
0.0008447828,0.0,0.0
0.00085542485,0.0,0.0
0.0034090797,0.0,0.0
0.0018168524,0.0,1.0
0.0029720413,0.0,0.0
0.0010042269,0.0,0.0
0.006964857,0.0,0.0
0.00095284934,0.0,1.0
0.001385251,0.0,0.0
0.013029667,0.0,0.0
0.00041928678,0.0,0.0
0.00038508934,0.0,0.0
0.00015416583,0.0,0.0
0.0024825437,0.0,0.0
0.0006059495,0.0,0.0
0.0010869923,0.0,1.0
0.0014840884,0.0,1.0
0.002538236,0.0,0.0
0.002159922,0.0,0.0
0.0041488023,0.0,0.0
0.0021209065,0.0,0.0
0.017884474,0.0,0.0
0.001988888,0.0,0.0
0.0024813805,0.0,0.0
0.0013374188,0.0,0.0
0.00081623707,0.0,0.0
0.0012554091,0.0,0.0
0.0003895745,0.0,0.0
0.0036363169,0.0,1.0
0.0012275664,0.0,0.0
0.0007462789,0.0,0.0
0.00081255555,0.0,0.0
0.00036200532,0.0,0.0
0.0025318637,0.0,0.0
0.0021623168,0.0,0.0
0.0011245882,0.0,0.0
0.0018930978,0.0,1.0
0.0007071411,0.0,1.0
0.0023112723,0.0,1.0
0.0002961976,0.0,0.0
0.004592063,0.0,0.0
0.0012378196,0.0,0.0
0.0020612394,0.0,0.0
0.00267071,0.0,0.0
0.00033909627,0.0,0.0
0.0005724519,0.0,0.0
0.0025925287,0.0,0.0
0.0030654913,0.0,0.0
0.0050307238,0.0,0.0
0.0012546673,0.0,0.0
0.0025859147,0.0,0.0
0.004205216,0.0,0.0
0.00085460127,0.0,0.0
0.007837083,0.0,0.0
0.00045069045,0.0,0.0
0.00028050633,0.0,0.0
0.0057120435,0.0,0.0
0.0014444827,0.0,0.0
0.0030247765,0.0,0.0
0.0025431665,0.0,0.0
0.007974343,0.0,1.0
0.0004769794,0.0,1.0
0.002840433,0.0,0.0
0.0022061015,0.0,0.0
0.0023264925,0.0,0.0
0.0016841165,0.0,0.0
0.0002686234,0.0,0.0
0.0019202022,0.0,0.0
0.0037611432,0.0,0.0
0.00032112625,0.0,0.0
0.0008603759,0.0,1.0
0.0005911396,0.0,0.0
0.00046020103,0.0,0.0
0.0026892575,0.0,0.0
0.0025766518,0.0,0.0
0.006015271,0.0,0.0
0.0001804463,0.0,0.0
0.0010672108,0.0,0.0
0.00029843493,0.0,0.0
0.0026601257,0.0,0.0
0.002203173,0.0,0.0
0.0011981267,0.0,0.0
0.0021947485,0.0,0.0
0.0031219905,0.0,0.0
0.0018360477,0.0,0.0
0.0013522041,0.0,0.0
0.00047554894,0.0,0.0
0.00034902245,0.0,0.0
7.4148964e-05,0.0,0.0
0.000426165,0.0,0.0
0.00032353488,0.0,0.0
0.0009234239,0.0,0.0
0.0010994734,0.0,0.0
0.001804803,0.0,0.0
0.0011168023,0.0,0.0
0.0014692786,0.0,1.0
0.00040051524,0.0,0.0
0.0002960841,0.0,0.0
0.0019063007,0.0,0.0
0.0006598856,0.0,0.0
0.001159956,0.0,0.0
0.0018523292,0.0,0.0
0.0008228237,0.0,0.0
0.0002096067,0.0,0.0
0.014824927,0.0,0.0
0.006038821,0.0,0.0
0.012897888,0.0,0.0
0.00460688,0.0,0.0
0.0006598048,0.0,0.0
0.0005267095,0.0,0.0
0.0062346496,0.0,0.0
0.0004973104,0.0,0.0
0.0009798463,0.0,0.0
0.00058397744,0.0,0.0
0.0039117993,0.0,0.0
0.00016061473,0.0,0.0
0.00018462852,0.0,0.0
0.0005513154,0.0,0.0
0.00041934752,0.0,0.0
0.000683261,0.0,0.0
0.00046675524,0.0,0.0
0.0004859776,0.0,1.0
0.00021612842,0.0,1.0
0.0005352558,0.0,1.0
0.0008219531,0.0,0.0
0.00035294748,0.0,0.0
0.00039248378,0.0,0.0
0.0006495825,0.0,0.0
0.00041759375,0.0,0.0
0.0002378089,0.0,0.0
0.00025454804,0.0,0.0
0.00029417555,0.0,0.0
0.00031089108,0.0,0.0
0.00014923625,0.0,0.0
0.0005750522,0.0,0.0
0.003380406,0.0,0.0
0.0022676198,0.0,0.0
0.0011765895,0.0,0.0
0.0027733766,0.0,0.0
0.001128431,0.0,0.0
0.0007210462,0.0,0.0
0.0011547243,0.0,0.0
0.0033207673,0.0,0.0
0.0010363978,0.0,0.0
0.0012347314,0.0,0.0
0.0002762593,0.0,0.0
0.00044254653,0.0,0.0
0.00054854195,1.0,0.0
0.00042443283,1.0,0.0
0.00027494467,1.0,1.0
0.0006743801,0.0,1.0
0.00051243784,1.0,0.0
0.0004983459,0.0,0.0
0.0027333729,1.0,0.0
0.0014925636,0.0,0.0
0.0011079451,0.0,1.0
0.0012390971,0.0,1.0
0.0011659819,0.0,1.0
0.0008298284,0.0,0.0
0.000773595,0.0,0.0
0.0013698661,0.0,0.0
0.00015733048,0.0,0.0
0.0010852944,0.0,0.0
0.00042317074,0.0,0.0
0.0007198622,0.0,0.0
0.000761007,0.0,0.0
0.0011520595,0.0,0.0
8.2152525e-05,0.0,0.0
0.0003460157,0.0,0.0
0.016143896,0.0,0.0
0.00072253024,0.0,0.0
0.0013633058,0.0,0.0
0.001526135,0.0,0.0
0.00075593346,0.0,0.0
0.00063417316,0.0,0.0
9.144654e-05,0.0,0.0
0.00020418367,0.0,0.0
0.00047359083,0.0,0.0
0.00040570795,0.0,0.0
0.0004077544,0.0,0.0
8.0922015e-05,1.0,1.0
9.356389e-05,1.0,0.0
0.00012958127,0.0,0.0
0.0004478223,0.0,0.0
0.00036044777,0.0,0.0
0.00021357271,0.0,0.0
8.05348e-05,0.0,0.0
0.00212611,0.0,0.0
0.0012740557,0.0,0.0
0.0072528655,0.0,0.0
0.002121315,0.0,0.0
0.0028349403,0.0,1.0
0.0025317904,0.0,1.0
0.0012015387,0.0,0.0
0.0028222422,0.0,0.0
0.0013839573,0.0,0.0
0.00069563044,0.0,0.0
0.002457362,0.0,0.0
0.00019251218,1.0,0.0
0.00042283765,0.0,0.0
0.0003571233,1.0,0.0
0.0005604607,1.0,0.0
0.0025333634,1.0,0.0
0.0018572198,0.0,0.0
0.0033784164,1.0,0.0
0.00038261822,0.0,0.0
0.00087212905,1.0,0.0
0.0010671812,1.0,0.0
0.0004262989,1.0,0.0
0.0003946725,1.0,0.0
0.0025245864,1.0,0.0
0.001843133,1.0,0.0
0.0060734707,0.0,0.0
0.004814452,1.0,1.0
0.0009799312,1.0,0.0
0.00020173089,1.0,0.0
0.0017005207,0.0,0.0
0.0003043709,0.0,0.0
0.00038209642,0.0,0.0
0.0016522305,0.0,0.0
0.0010957447,0.0,0.0
0.0007216504,0.0,0.0
0.00093647547,0.0,0.0
0.00034594606,0.0,0.0
0.0004492049,0.0,0.0
0.0004216826,0.0,0.0
0.0038706406,0.0,0.0
0.0015151997,0.0,0.0
0.0003210274,0.0,0.0
0.0007808138,0.0,0.0
0.0006813285,0.0,0.0
0.00040774842,0.0,0.0
0.001856542,0.0,0.0
0.005704779,0.0,0.0
0.024450578,0.0,0.0
0.00087950105,0.0,0.0
0.001348865,0.0,0.0
0.0018312015,0.0,0.0
0.002717128,0.0,0.0
0.00030935954,0.0,0.0
0.0017561719,0.0,0.0
0.004375717,0.0,0.0
0.0032045783,0.0,0.0
0.0035928702,0.0,0.0
0.0013330195,0.0,0.0
0.001939123,0.0,0.0
0.0017346357,0.0,0.0
0.0017070465,0.0,0.0
0.00030491373,0.0,0.0
0.00017997719,0.0,0.0
0.00039012794,0.0,0.0
0.00017731026,0.0,0.0
0.0005348537,0.0,1.0
0.00033297387,0.0,0.0
0.0006232347,0.0,0.0
0.0025784895,0.0,0.0
0.0003030829,0.0,0.0
0.0053654816,1.0,0.0
6.45784e-05,0.0,0.0
0.00018173337,0.0,0.0
0.0007548519,0.0,0.0
0.00014628895,0.0,0.0
0.00045826,0.0,0.0
0.00047029555,0.0,1.0
0.0007359122,0.0,0.0
0.00065190287,0.0,0.0
0.00031917045,0.0,0.0
0.0017278641,0.0,0.0
0.0081974445,0.0,0.0
0.0002471869,0.0,0.0
0.00031507955,0.0,0.0
0.0025523542,0.0,0.0
0.0007198659,0.0,0.0
0.00021497112,0.0,0.0
0.00040585903,0.0,0.0
0.002271495,0.0,0.0
0.00057561236,0.0,0.0
0.008121335,0.0,0.0
0.0007718723,0.0,0.0
0.0007148188,0.0,0.0
0.001034177,0.0,0.0
0.001646541,0.0,0.0
0.008274955,0.0,0.0
0.0022976177,0.0,0.0
0.0023411035,0.0,0.0
0.0004240569,0.0,1.0
0.007379669,0.0,1.0
0.0035623293,0.0,0.0
0.0017466306,0.0,0.0
0.0048915595,0.0,0.0
0.0034069293,0.0,0.0
0.002156885,0.0,0.0
0.001398926,0.0,0.0
0.0019676096,0.0,0.0
0.0011596825,0.0,0.0
0.00084524415,0.0,0.0
0.007922265,0.0,0.0
0.008410599,0.0,0.0
0.012917147,0.0,0.0
0.0040183617,0.0,0.0
0.0065567996,0.0,0.0
0.0059020594,0.0,0.0
0.0012303888,0.0,0.0
0.010852476,0.0,0.0
0.021803418,0.0,0.0
0.009701726,0.0,0.0
0.015645418,0.0,0.0
0.00023220724,0.0,0.0
0.004073676,0.0,1.0
0.00052699295,0.0,1.0
0.009865029,0.0,0.0
0.046447184,0.0,0.0
0.0066661644,0.0,0.0
0.0011270976,0.0,0.0
0.0046412577,0.0,1.0
0.002836415,1.0,1.0
0.00981343,0.0,0.0
0.00078755413,1.0,0.0
0.0011310201,0.0,0.0
0.0040089316,1.0,0.0
0.0018678869,0.0,0.0
0.0008313075,1.0,0.0
0.016127612,0.0,0.0
0.0006073273,1.0,0.0
0.0020152177,0.0,0.0
0.000671608,0.0,0.0
0.0014743648,0.0,0.0
0.00023459346,0.0,0.0
0.0010176168,0.0,0.0
0.00010365099,0.0,0.0
0.0004907935,0.0,0.0
0.00027884406,0.0,0.0
0.0020488484,0.0,0.0
0.015509589,0.0,0.0
0.0010658879,0.0,1.0
0.007659287,0.0,1.0
0.0008356733,0.0,0.0
0.0038112665,0.0,0.0
0.003933953,0.0,0.0
0.0009327151,0.0,0.0
0.0022611797,0.0,0.0
0.0016729453,0.0,0.0
0.0018069777,0.0,0.0
0.00019491534,1.0,0.0
0.0007732132,0.0,0.0
0.0013477247,1.0,0.0
0.00087491074,0.0,0.0
0.0006318932,1.0,0.0
0.0026602168,0.0,0.0
0.00028432894,1.0,0.0
0.00036704572,0.0,0.0
0.004699864,1.0,0.0
0.0009950332,1.0,0.0
0.0033484672,0.0,0.0
0.0015930019,1.0,0.0
0.0014386072,0.0,0.0
0.0040301476,1.0,0.0
0.0005396141,1.0,0.0
9.639344e-05,1.0,0.0
0.0006433808,0.0,0.0
0.0006603921,1.0,0.0
0.00019074368,1.0,1.0
0.0012597194,0.0,0.0
0.00080845796,0.0,0.0
0.00062456314,0.0,0.0
0.0023367328,0.0,0.0
0.002938674,0.0,0.0
0.0005478802,0.0,0.0
0.0019249374,0.0,0.0
0.0007891197,0.0,0.0
0.0006816961,0.0,0.0
0.00052411127,0.0,0.0
0.0014033475,0.0,0.0
0.00042929663,0.0,0.0
0.0012522754,0.0,0.0
0.001522041,0.0,0.0
0.0023207213,0.0,0.0
0.001011674,0.0,0.0
0.0007021373,0.0,0.0
0.001003433,0.0,0.0
0.0058029527,0.0,0.0
0.002197416,0.0,0.0
0.015002307,0.0,0.0
0.0006579499,0.0,0.0
0.0006826005,0.0,0.0
0.00012695475,0.0,0.0
0.00016001015,1.0,0.0
0.00061192707,0.0,0.0
0.0011520013,0.0,0.0
0.0013306228,0.0,0.0
0.0016373807,0.0,0.0
0.00090291625,0.0,0.0
0.0015644835,0.0,0.0
0.00041297483,0.0,0.0
0.0024988793,0.0,0.0
0.00058194186,0.0,0.0
0.00093465747,0.0,0.0
0.0005613557,0.0,0.0
0.00051511516,0.0,0.0
0.004609688,0.0,0.0
0.0019991628,0.0,0.0
0.000979146,0.0,0.0
0.0012344733,0.0,0.0
0.0007629683,0.0,0.0
0.0077415244,0.0,0.0
0.0015280341,0.0,0.0
0.00069057697,0.0,0.0
0.001194255,0.0,0.0
0.001622583,0.0,0.0
0.0017843227,0.0,0.0
0.0005444117,0.0,0.0
0.0006653814,0.0,0.0
0.005602854,0.0,0.0
0.0009437393,0.0,1.0
0.000605286,0.0,1.0
0.00090221356,0.0,1.0
0.00293803,0.0,0.0
0.0015353864,0.0,0.0
0.0025358046,0.0,0.0
0.00054670905,0.0,0.0
0.003023504,0.0,0.0
0.003203394,0.0,0.0
0.01752459,0.0,0.0
0.002576483,0.0,0.0
0.08756798,0.0,0.0
0.0012214367,0.0,0.0
0.0014098743,0.0,0.0
0.00015334028,0.0,0.0
0.00038767324,0.0,0.0
0.0006036337,0.0,0.0
0.009778902,0.0,1.0
0.00025045095,1.0,0.0
0.00038885805,0.0,0.0
0.00040025017,0.0,0.0
0.00066962256,0.0,0.0
0.0041846633,0.0,0.0
0.00040224227,0.0,0.0
0.0038900694,0.0,0.0
0.00079772744,0.0,0.0
0.0020789811,0.0,0.0
0.0015668151,0.0,0.0
0.0012176648,0.0,0.0
0.00044366549,0.0,0.0
0.00010241883,0.0,0.0
0.00032576828,0.0,0.0
0.00059825357,0.0,0.0
0.0002829541,0.0,0.0
0.0012245837,0.0,0.0
0.0024625957,0.0,0.0
0.0020152186,0.0,0.0
0.0018511208,0.0,0.0
0.0018567152,0.0,0.0
0.0008000153,0.0,0.0
0.0014371667,0.0,0.0
0.00030376762,0.0,0.0
0.0002272008,0.0,0.0
0.0026662266,0.0,0.0
0.0013490462,0.0,0.0
0.0007090934,0.0,0.0
0.000597701,0.0,0.0
0.0013783141,0.0,0.0
0.004092911,0.0,0.0
0.00051290286,0.0,0.0
0.010814836,0.0,0.0
0.002311355,0.0,1.0
0.0039342763,0.0,1.0
0.0007469811,0.0,0.0
0.0011233093,0.0,0.0
0.0008227096,0.0,0.0
0.00024589454,0.0,0.0
0.0028003477,0.0,0.0
0.0018889336,0.0,0.0
0.00091769715,0.0,0.0
0.0010396859,0.0,0.0
0.00030720662,0.0,0.0
0.00031943436,0.0,0.0
0.00070330524,0.0,0.0
0.00021703664,0.0,0.0
0.00066343736,0.0,0.0
0.0007977487,0.0,0.0
0.0020139655,0.0,0.0
0.00037151948,0.0,0.0
0.002936659,0.0,0.0
0.00084805413,0.0,0.0
0.0005382888,0.0,0.0
0.0016904451,0.0,0.0
0.0029285108,0.0,0.0
0.0022007737,0.0,0.0
0.004989951,0.0,0.0
0.0016873047,0.0,0.0
0.0041866354,0.0,0.0
0.00042107323,0.0,0.0
0.000999217,0.0,0.0
0.00042240618,0.0,0.0
0.00027190486,0.0,0.0
0.0013368852,0.0,0.0
0.0047211847,0.0,0.0
0.0004499515,0.0,0.0
0.0028259566,0.0,0.0
0.0012136775,0.0,0.0
0.00055059826,0.0,0.0
0.0007264508,0.0,0.0
0.0019370927,0.0,0.0
0.0037975826,0.0,1.0
0.0012082873,0.0,0.0
0.0048637856,0.0,0.0
0.0017630678,0.0,0.0
0.0063046278,0.0,0.0
0.003174694,0.0,0.0
0.005036778,0.0,0.0
0.00032710307,0.0,0.0
0.0026686252,0.0,0.0
0.0040236874,0.0,0.0
0.0014663781,1.0,0.0
0.0021170375,1.0,0.0
0.0009942799,1.0,0.0
0.0009335499,0.0,0.0
0.00014574856,0.0,0.0
0.00025494903,0.0,0.0
0.00014801463,0.0,0.0
0.00031561468,1.0,0.0
0.0017762994,0.0,0.0
0.0021272728,1.0,0.0
0.0005415993,0.0,0.0
0.0013860117,1.0,0.0
0.0023494756,1.0,0.0
0.00050445664,1.0,0.0
0.00074618217,0.0,0.0
0.0009929489,0.0,0.0
0.00047156127,0.0,0.0
0.0033713933,0.0,0.0
0.014544085,0.0,0.0
0.0028903394,0.0,0.0
0.0011355636,0.0,0.0
0.0048002694,0.0,0.0
0.0044682887,0.0,0.0
0.0023903218,0.0,0.0
0.0013556973,0.0,0.0
0.0010257204,0.0,0.0
0.0006872323,0.0,0.0
0.0014552479,0.0,0.0
0.00058238383,0.0,0.0
0.007808966,0.0,0.0
0.0016776739,0.0,0.0
0.0005562349,0.0,0.0
0.0045984862,0.0,0.0
0.014302658,0.0,0.0
0.0014372339,0.0,0.0
0.00065633934,1.0,0.0
0.0036407767,1.0,0.0
0.0015623271,0.0,0.0
0.0015352784,1.0,0.0
0.0074770483,0.0,1.0
0.0030824582,0.0,1.0
0.007958809,0.0,1.0
0.003094834,0.0,1.0
0.008431303,0.0,0.0
0.0020463266,0.0,0.0
0.0006657191,0.0,1.0
0.002073864,1.0,0.0
0.0018619612,1.0,0.0
0.0005663346,1.0,0.0
0.0019313103,1.0,0.0
0.00062613125,1.0,0.0
0.0030270924,1.0,0.0
0.0029625176,1.0,0.0
0.0013139779,0.0,0.0
0.00075241405,0.0,0.0
0.0018297317,1.0,0.0
0.003954562,1.0,0.0
0.010406924,0.0,0.0
0.041657183,0.0,0.0
0.0008954838,0.0,0.0
0.050470106,0.0,0.0
0.0018192191,0.0,0.0
0.005105412,0.0,0.0
0.23360643,0.0,0.0
0.009577222,0.0,0.0
0.023256885,0.0,0.0
0.0015181394,0.0,0.0
0.011756732,0.0,1.0
0.0062370193,0.0,1.0
0.0026072864,0.0,0.0
0.0039338446,0.0,0.0
0.00036181867,0.0,0.0
0.33489916,0.0,0.0
0.0043212418,0.0,0.0
0.0018959985,0.0,0.0
0.008810555,0.0,0.0
0.011695462,0.0,0.0
0.0069829463,0.0,0.0
0.005414539,0.0,0.0
0.0018861019,0.0,0.0
0.002440007,0.0,0.0
0.011643547,0.0,0.0
0.00014871391,0.0,0.0
0.0036103518,0.0,0.0
0.0013705564,0.0,0.0
0.00077766343,0.0,0.0
0.000936766,0.0,0.0
0.00034018062,0.0,0.0
0.00050044036,0.0,0.0
0.0031215157,0.0,0.0
0.0010974794,0.0,0.0
0.0011914065,1.0,0.0
0.0035796987,1.0,0.0
0.00060586375,0.0,0.0
0.00605425,1.0,0.0
0.0013313136,1.0,0.0
0.0032852397,0.0,0.0
0.0008046865,0.0,0.0
0.0029115484,1.0,0.0
0.00013448334,1.0,0.0
0.0015287575,0.0,0.0
0.001486076,0.0,0.0
0.0033168348,1.0,0.0
0.0002896385,1.0,0.0
0.0027207772,0.0,0.0
0.00068052707,0.0,0.0
0.0009072523,0.0,0.0
0.009159434,0.0,0.0
0.0030039616,0.0,0.0
0.00033171283,0.0,0.0
0.0012534729,0.0,0.0
0.0019230219,0.0,0.0
0.00029046947,0.0,0.0
0.0008561066,0.0,0.0
0.002670048,0.0,0.0
0.023324875,0.0,0.0
0.0015606967,0.0,0.0
0.0010824982,1.0,0.0
0.0014187517,1.0,0.0
0.0006695636,1.0,0.0
0.0006207405,0.0,0.0
0.0012294627,0.0,0.0
0.0046503996,0.0,0.0
0.005880712,0.0,0.0
0.0033417423,0.0,0.0
0.004670353,0.0,0.0
0.000710774,0.0,0.0
0.0044040624,0.0,0.0
0.0021128615,0.0,0.0
0.02560763,0.0,0.0
0.001961331,0.0,0.0
0.00064408605,0.0,0.0
0.0005809593,0.0,0.0
0.00039578925,0.0,0.0
0.003453451,0.0,0.0
0.045530576,0.0,0.0
0.0026551345,0.0,0.0
0.016972624,0.0,0.0
0.0026010356,0.0,0.0
0.0005260803,0.0,0.0
0.0007044865,0.0,0.0
0.0062056486,0.0,0.0
0.0024794883,0.0,0.0
0.0021925452,0.0,0.0
0.0011780048,0.0,0.0
0.006648348,0.0,0.0
0.0028668274,0.0,0.0
0.0031608143,0.0,0.0
0.0030430602,0.0,0.0
0.0031937198,0.0,0.0
0.0004254899,0.0,0.0
0.03028886,0.0,0.0
0.0015164085,0.0,0.0
0.0010340996,0.0,0.0
0.0008446653,0.0,0.0
0.2711566,0.0,0.0
0.011392801,0.0,0.0
0.0005560112,0.0,0.0
0.0003390284,0.0,0.0
0.04754926,0.0,0.0
0.009176279,0.0,0.0
0.019495307,0.0,0.0
0.0050027682,0.0,0.0
0.04142856,0.0,0.0
0.0024828967,0.0,0.0
0.0031638865,0.0,0.0
0.00011709385,0.0,0.0
0.002132478,0.0,0.0
0.002634485,0.0,0.0
0.0014425863,0.0,0.0
0.00940129,0.0,0.0
0.0005304029,0.0,0.0
0.001473296,0.0,0.0
0.03676273,0.0,0.0
0.0012047184,0.0,1.0
0.002614558,0.0,1.0
0.0042892587,0.0,1.0
0.0007293834,0.0,0.0
0.0005332858,0.0,0.0
0.0009142482,0.0,0.0
0.0025610523,0.0,0.0
0.019648679,0.0,0.0
0.0008737335,0.0,0.0
0.0059345705,0.0,0.0
0.011751703,0.0,1.0
0.0016855274,0.0,0.0
0.0077159484,0.0,0.0
0.0014383135,0.0,0.0
0.0005538698,0.0,0.0
0.0013028254,0.0,0.0
0.00040653278,0.0,0.0
0.004795618,0.0,0.0
0.00087375264,0.0,0.0
0.006004048,0.0,0.0
0.0015110631,0.0,0.0
0.0011833638,0.0,0.0
0.00012967459,0.0,0.0
0.0013707,0.0,1.0
0.00024232823,0.0,0.0
0.0019747221,0.0,0.0
0.0016740892,0.0,0.0
0.022163441,0.0,0.0
0.0008430451,0.0,0.0
0.0004690009,0.0,0.0
0.006417693,0.0,0.0
0.0016735155,0.0,0.0
0.0050133085,0.0,0.0
0.00053589954,0.0,0.0
0.0044901683,0.0,0.0
0.0011146765,0.0,0.0
0.001354223,0.0,0.0
0.0002945067,0.0,0.0
0.0009997074,0.0,0.0
0.0009233267,0.0,0.0
0.0007693707,0.0,0.0
0.00076642464,0.0,0.0
0.00079232204,0.0,0.0
0.0051687653,0.0,0.0
0.00011758986,0.0,0.0
0.00071657065,0.0,0.0
0.00019112583,0.0,0.0
0.000274892,0.0,0.0
0.00066121866,0.0,0.0
0.0008511465,0.0,1.0
0.0023296901,0.0,0.0
0.014626627,0.0,0.0
0.005053648,0.0,1.0
0.004324298,0.0,0.0
0.0033383933,0.0,0.0
0.002341128,0.0,0.0
0.0026808567,0.0,0.0
0.0030455177,0.0,0.0
0.00016547169,0.0,0.0
0.0016914819,0.0,0.0
0.0015125875,0.0,0.0
0.012731798,0.0,0.0
0.00031143098,0.0,0.0
0.000356683,0.0,0.0
0.0013663488,0.0,0.0
0.0073207994,0.0,0.0
0.006692876,0.0,0.0
0.00055373076,0.0,0.0
0.0036589336,0.0,0.0
0.0022634498,0.0,0.0
0.00083471596,0.0,1.0
0.00037931837,0.0,0.0
0.00020480469,0.0,0.0
0.0152281355,0.0,0.0
0.006505232,0.0,0.0
0.0022337278,0.0,0.0
0.009162131,0.0,0.0
0.00015435912,0.0,0.0
0.0010340391,0.0,0.0
0.002864059,0.0,0.0
0.0597356,0.0,0.0
0.0015786107,0.0,0.0
0.004154849,0.0,0.0
0.003272914,0.0,0.0
0.0025255699,0.0,0.0
0.0010213465,0.0,0.0
0.004823547,0.0,0.0
0.009206773,0.0,0.0
0.0012909588,0.0,0.0
0.0041567017,0.0,0.0
0.011517211,0.0,0.0
0.008074768,0.0,0.0
0.04897632,0.0,0.0
0.021055225,0.0,0.0
0.010155373,0.0,0.0
0.009075237,0.0,0.0
0.005424252,0.0,0.0
0.004065866,0.0,0.0
0.0065872283,0.0,0.0
0.0028537335,0.0,0.0
0.0022205715,0.0,0.0
0.0006713233,0.0,0.0
0.0049306476,0.0,0.0
0.0016980004,0.0,0.0
0.0011901894,0.0,0.0
0.0025836243,0.0,0.0
0.013764823,0.0,0.0
0.009012384,0.0,0.0
0.00081830076,0.0,0.0
0.027937021,0.0,0.0
0.021370767,0.0,1.0
0.0043300665,0.0,0.0
0.00650967,0.0,1.0
0.0002633734,0.0,1.0
0.0024883458,0.0,0.0
0.00074699894,0.0,0.0
0.0044909823,0.0,0.0
0.00032453207,0.0,0.0
0.0007658847,0.0,0.0
0.00013186218,0.0,0.0
0.0008824508,0.0,0.0
0.0014559466,0.0,0.0
0.0072964267,0.0,0.0
0.0036856479,0.0,0.0
0.013760532,0.0,0.0
0.0021271615,0.0,0.0
0.001245405,0.0,1.0
0.022041561,0.0,0.0
0.0009395271,0.0,0.0
0.012181526,0.0,0.0
0.0023610923,0.0,0.0
0.00028830476,0.0,0.0
0.001988216,0.0,0.0
0.0004979026,0.0,0.0
0.00064457057,0.0,1.0
0.0182827,0.0,0.0
0.1145547,0.0,0.0
0.00164223,0.0,0.0
0.010623207,0.0,1.0
0.0018211545,0.0,1.0
0.00053443376,0.0,0.0
0.0016277692,0.0,0.0
0.0007721169,0.0,0.0
0.0023041451,0.0,0.0
0.010135065,0.0,0.0
0.016494067,0.0,0.0
0.0043696035,0.0,0.0
0.0027934401,0.0,0.0
0.01522659,0.0,0.0
0.0009643124,0.0,0.0
0.0028132882,0.0,0.0
0.000508079,0.0,0.0
0.055408474,0.0,0.0
0.06586704,0.0,0.0
0.0012310083,0.0,0.0
0.00016960841,0.0,1.0
0.0014641762,0.0,1.0
0.00094496296,0.0,0.0
0.0011623645,0.0,0.0
0.00039912006,0.0,0.0
0.0053015803,0.0,1.0
0.0028691578,0.0,0.0
0.0032881594,0.0,0.0
0.00040778532,0.0,0.0
0.0010419552,0.0,0.0
0.018733298,0.0,0.0
0.066775426,0.0,0.0
0.026654059,0.0,0.0
0.002078282,0.0,0.0
0.010919484,0.0,0.0
0.0063712155,0.0,0.0
0.004942706,0.0,0.0
0.00067042233,0.0,0.0
0.0021629527,0.0,0.0
0.018906066,0.0,0.0
0.000977221,0.0,0.0
0.00070126157,0.0,0.0
0.0010086923,0.0,0.0
0.0022147493,0.0,0.0
0.0010190537,1.0,0.0
0.0036141789,1.0,0.0
0.007854421,0.0,0.0
0.0004663475,1.0,0.0
0.014924418,0.0,0.0
0.0004111457,0.0,0.0
0.0013519151,0.0,0.0
0.0010223566,0.0,0.0
0.0018980571,0.0,1.0
0.00056125055,0.0,1.0
0.00050422805,0.0,1.0
0.0013183816,0.0,0.0
0.0004461312,0.0,0.0
0.00034011222,0.0,0.0
0.0035874322,0.0,0.0
0.00071000017,0.0,0.0
0.0015460257,0.0,0.0
0.0043634386,0.0,0.0
0.0062130843,0.0,0.0
0.0005974538,0.0,0.0
0.0019111716,0.0,0.0
0.0009153525,0.0,0.0
0.0011640115,0.0,0.0
0.0033034976,0.0,0.0
0.0023732698,1.0,0.0
0.0061171027,1.0,0.0
0.0034613488,1.0,0.0
0.001174425,1.0,0.0
0.0077330577,1.0,0.0
0.0002772562,1.0,0.0
0.0012859397,0.0,0.0
0.00045075943,0.0,0.0
0.001202304,0.0,0.0
0.0020836578,0.0,0.0
0.00054427655,1.0,0.0
0.0034693317,0.0,0.0
0.0012451783,1.0,0.0
0.01793594,0.0,0.0
0.0046491637,1.0,0.0
0.0018029972,1.0,0.0
0.00090329186,1.0,0.0
0.000601213,1.0,0.0
0.0054630376,1.0,0.0
0.0005973283,0.0,1.0
0.00093167287,0.0,1.0
0.00035795686,0.0,1.0
0.00089044386,0.0,0.0
0.002403603,0.0,0.0
0.00047782355,1.0,0.0
0.0048089903,0.0,0.0
0.0022622473,1.0,0.0
0.004025316,0.0,0.0
0.006657677,1.0,0.0
0.0042651105,1.0,0.0
0.0002961397,1.0,0.0
0.010407637,1.0,0.0
0.00066548254,1.0,0.0
0.0043107215,0.0,0.0
0.0037360732,0.0,0.0
0.010808564,0.0,0.0
0.0075662984,0.0,0.0
0.0053406437,0.0,0.0
0.0053694453,0.0,0.0
0.016482888,0.0,0.0
0.0034184728,0.0,0.0
0.0018638356,1.0,0.0
0.010350348,0.0,0.0
0.008926321,0.0,1.0
0.0014844736,0.0,0.0
0.0007083032,0.0,0.0
0.0027851479,0.0,0.0
0.006677747,0.0,0.0
0.00248361,0.0,0.0
0.0029485028,0.0,0.0
0.0015210544,0.0,0.0
0.0021724973,0.0,0.0
0.0006988248,0.0,0.0
0.00029191058,0.0,0.0
0.002164704,0.0,0.0
0.000504568,0.0,0.0
0.0005627075,0.0,0.0
0.004704401,0.0,0.0
0.0019913388,0.0,0.0
0.0009385304,0.0,0.0
0.003844114,0.0,1.0
0.0016879297,0.0,0.0
0.0023202985,0.0,0.0
0.00039735157,0.0,0.0
0.0017540057,0.0,0.0
0.0009555516,0.0,0.0
0.007715167,0.0,0.0
0.0011698051,1.0,0.0
0.016528782,0.0,0.0
0.0030689656,1.0,0.0
0.005627916,1.0,0.0
0.008504774,0.0,0.0
0.001436893,0.0,0.0
0.008863137,0.0,0.0
0.0028798017,0.0,0.0
0.0056980317,0.0,0.0
0.00447886,0.0,0.0
0.0006735277,0.0,0.0
0.00068033446,0.0,0.0
0.0064588985,0.0,0.0
0.016182166,0.0,0.0
0.0003405306,0.0,0.0
0.0014158539,0.0,0.0
0.011479533,0.0,0.0
0.0054388284,0.0,0.0
0.00017971585,0.0,0.0
0.0007188942,0.0,0.0
0.0040840087,0.0,0.0
0.010552853,0.0,0.0
0.008055248,0.0,0.0
0.0019246883,0.0,0.0
0.00448818,0.0,0.0
0.0009205469,0.0,0.0
0.00537215,0.0,0.0
0.0017619302,0.0,0.0
0.004919655,0.0,0.0
0.0021236239,1.0,0.0
0.0027781124,1.0,0.0
0.0042597754,1.0,0.0
0.004432088,0.0,0.0
0.0008317632,0.0,0.0
0.0046344954,0.0,0.0
0.00482957,0.0,0.0
0.008908659,0.0,0.0
0.0013126569,0.0,0.0
0.002390149,0.0,0.0
0.00080283685,0.0,0.0
0.007374376,0.0,0.0
0.0003289864,0.0,0.0
0.0021209165,0.0,0.0
0.0005173161,0.0,0.0
0.00019697267,0.0,0.0
0.0016286643,0.0,0.0
0.0014572019,0.0,0.0
0.00068849884,0.0,0.0
0.00076586794,0.0,0.0
0.016882727,0.0,0.0
0.0012246766,0.0,0.0
0.0058270576,0.0,0.0
0.0028607408,0.0,0.0
0.011865475,0.0,0.0
0.00244434,0.0,0.0
0.00420289,0.0,0.0
0.006541238,0.0,0.0
0.0011057951,0.0,0.0
0.014840793,0.0,0.0
0.0010265573,0.0,0.0
0.0033909949,0.0,0.0
0.014621364,0.0,0.0
0.0068263113,0.0,0.0
0.0023769904,0.0,0.0
0.00138585,0.0,0.0
0.0042280024,0.0,1.0
0.0006782118,0.0,0.0
0.001510807,0.0,0.0
0.013826566,0.0,0.0
0.0070665954,0.0,1.0
0.0009692204,0.0,0.0
0.00027288342,0.0,0.0
0.0006878109,0.0,0.0
0.0012074232,0.0,0.0
0.0005209516,0.0,0.0
0.0011114712,0.0,0.0
0.0010551799,0.0,0.0
0.0028407397,0.0,0.0
0.021010127,0.0,0.0
0.005082862,0.0,0.0
8.938488e-05,0.0,0.0
0.0037305718,0.0,0.0
0.00035959334,0.0,0.0
7.619905e-05,0.0,0.0
0.0004193174,0.0,0.0
0.00072443933,0.0,0.0
0.0015397994,0.0,1.0
0.0022183277,0.0,1.0
0.00093780056,0.0,1.0
0.01352429,0.0,1.0
0.00015313542,0.0,0.0
0.00025371913,0.0,0.0
0.00039543962,0.0,0.0
0.0015960239,0.0,0.0
0.00021725669,0.0,0.0
0.00031350463,0.0,0.0
0.01970253,0.0,0.0
8.598097e-05,0.0,0.0
0.0018925609,0.0,0.0
0.0027879395,0.0,0.0
0.007944843,0.0,0.0
3.4972323e-05,0.0,0.0
0.0006487642,0.0,0.0
0.0008267742,0.0,0.0
0.0018001727,0.0,0.0
0.001228384,0.0,0.0
0.00013069811,1.0,0.0
0.00013765477,0.0,0.0
0.00014968817,0.0,0.0
0.001196905,0.0,0.0
0.002385796,0.0,0.0
0.03775179,0.0,0.0
0.1864987,0.0,0.0
0.0053365924,0.0,0.0
0.08012096,0.0,0.0
0.0022635607,0.0,0.0
0.014820903,0.0,0.0
0.017005553,0.0,1.0
0.009857449,0.0,1.0
0.0018240756,0.0,0.0
0.0022009623,0.0,0.0
0.0012024512,0.0,0.0
0.00053354865,0.0,0.0
0.00024008278,0.0,1.0
0.0023743866,0.0,0.0
0.0062925103,0.0,0.0
0.004150467,0.0,0.0
0.01837513,0.0,0.0
0.1067674,0.0,0.0
0.0029649916,0.0,0.0
0.002489783,0.0,0.0
0.024305547,0.0,0.0
0.046025056,1.0,0.0
0.004960734,0.0,0.0
0.050965827,0.0,0.0
0.13826586,1.0,0.0
0.002304941,0.0,0.0
0.0015071866,0.0,1.0
0.009282183,0.0,0.0
0.0065987334,0.0,0.0
0.0018070827,0.0,0.0
0.0034508298,0.0,0.0
0.010170556,0.0,0.0
0.0066215685,0.0,0.0
0.008641841,0.0,0.0
0.0066290693,0.0,0.0
0.006060239,0.0,1.0
0.00020301463,0.0,1.0
0.06703524,0.0,0.0
0.059036404,0.0,0.0
0.004042464,0.0,0.0
0.0010912794,0.0,0.0
0.0016206261,0.0,0.0
0.00016579924,0.0,0.0
0.0019089072,0.0,0.0
0.00060256256,0.0,0.0
0.00084454176,0.0,0.0
0.012595316,0.0,0.0
0.001580171,0.0,0.0
0.0006077976,0.0,0.0
0.00085533445,0.0,0.0
0.007367088,0.0,0.0
0.0015672238,0.0,0.0
0.013299637,0.0,0.0
0.00046668277,0.0,0.0
0.009890675,0.0,0.0
0.00069736986,0.0,0.0
0.034587003,0.0,1.0
0.0009403009,0.0,0.0
0.0024090265,0.0,0.0
0.0036697655,0.0,0.0
0.0028925953,0.0,0.0
0.0041412474,0.0,0.0
0.00046280536,0.0,0.0
0.03747043,0.0,0.0
0.000378994,0.0,1.0
0.00013658471,0.0,0.0
0.035578243,0.0,0.0
0.00078266836,0.0,1.0
0.008917623,0.0,0.0
0.0007627073,0.0,0.0
0.0003786146,0.0,0.0
0.0014408132,0.0,0.0
0.0052419063,0.0,0.0
0.0005926617,1.0,1.0
0.0013476138,1.0,1.0
0.0020822622,1.0,0.0
0.0014502475,1.0,0.0
0.0070662745,0.0,0.0
0.0036555105,1.0,0.0
0.00024776405,0.0,1.0
8.130692e-05,0.0,1.0
0.0018207212,0.0,0.0
0.0003078936,0.0,0.0
0.00017261518,0.0,0.0
0.0007473518,0.0,0.0
0.00041202834,0.0,0.0
3.1757605e-05,0.0,0.0
0.0027727385,0.0,0.0
0.0025099195,0.0,0.0
0.00010268561,0.0,0.0
0.0055641783,0.0,0.0
0.0056603323,0.0,0.0
0.0012021672,0.0,0.0
0.00047511145,0.0,0.0
0.025324745,0.0,0.0
0.0015060419,0.0,0.0
0.00034222667,0.0,0.0
0.0057419757,0.0,0.0
0.0812029,0.0,0.0
0.00027495596,0.0,0.0
0.0046304697,0.0,0.0
0.017683392,0.0,0.0
0.002583058,0.0,0.0
0.00082884764,0.0,0.0
0.0023219394,0.0,0.0
0.0004956968,0.0,0.0
0.0037572358,0.0,0.0
0.0001702796,0.0,0.0
0.0058989762,0.0,0.0
0.015312393,0.0,0.0
0.006919827,0.0,0.0
0.00060308166,0.0,0.0
0.0065631703,0.0,0.0
0.007442034,0.0,0.0
0.0009575407,1.0,0.0
0.0031197416,1.0,0.0
0.00052051106,0.0,0.0
0.0064560627,0.0,0.0
0.004214715,0.0,0.0
0.021114416,0.0,0.0
0.0047485316,0.0,0.0
0.0007675243,0.0,0.0
0.000667995,0.0,0.0
0.0018569416,0.0,0.0
0.0059942245,0.0,0.0
0.01646616,0.0,0.0
0.002857398,0.0,0.0
0.09930967,0.0,0.0
0.008726097,0.0,0.0
0.0015734949,0.0,0.0
0.00037767162,0.0,0.0
0.0017901865,0.0,1.0
0.00033846273,0.0,1.0
0.00088032224,0.0,0.0
0.0012868568,0.0,1.0
0.0011158037,0.0,1.0
0.0022511778,0.0,0.0
0.002775952,0.0,0.0
0.007719436,0.0,0.0
0.10531196,0.0,0.0
0.024581186,0.0,0.0
0.0016925385,0.0,0.0
0.0022806711,0.0,0.0
0.0018116229,0.0,0.0
0.0013992618,0.0,1.0
0.0019633605,0.0,0.0
0.0017955697,1.0,0.0
0.00600124,0.0,0.0
0.00018218948,0.0,0.0
0.00043294375,0.0,0.0
0.0003088553,0.0,0.0
0.0008713553,0.0,0.0
0.0006487348,0.0,0.0
0.003484265,0.0,0.0
0.0022597183,0.0,0.0
0.0037273192,0.0,0.0
0.005529923,1.0,0.0
0.001146652,0.0,0.0
0.0012260105,0.0,0.0
0.000952498,0.0,0.0
0.0012672987,0.0,0.0
0.024331594,0.0,0.0
0.0022637276,0.0,0.0
0.00190665,0.0,0.0
0.002044203,0.0,1.0
0.0010593478,0.0,1.0
0.00043802054,0.0,1.0
0.00022263976,0.0,0.0
0.0019711412,0.0,0.0
0.0016038466,0.0,0.0
0.009311821,0.0,1.0
0.00042270045,0.0,0.0
0.0035362574,0.0,0.0
0.0007194606,0.0,0.0
0.0012556466,0.0,0.0
0.029460125,0.0,0.0
0.0043242383,0.0,0.0
0.0029920891,0.0,0.0
0.0008722923,0.0,0.0
0.0034331915,0.0,0.0
0.00033879915,0.0,0.0
0.038705997,0.0,0.0
0.038801473,0.0,0.0
0.0005744277,0.0,0.0
0.035165466,1.0,0.0
0.072616525,0.0,0.0
0.0009799607,0.0,0.0
0.00052813924,0.0,0.0
0.000606293,1.0,0.0
0.0014420472,0.0,0.0
0.00022947737,0.0,0.0
0.0009748339,0.0,0.0
0.006459284,0.0,0.0
0.00048964354,0.0,0.0
7.3973744e-05,0.0,0.0
0.00086488214,0.0,0.0
0.0006767268,0.0,0.0
0.001375644,0.0,0.0
0.003138071,1.0,0.0
0.0012324261,1.0,0.0
0.008594809,0.0,0.0
0.0020137508,0.0,0.0
0.0037692902,1.0,0.0
0.0003070681,1.0,0.0
0.00018185799,0.0,0.0
0.005584827,1.0,0.0
0.006238705,1.0,0.0
0.0027175285,1.0,0.0
0.013918646,0.0,0.0
0.002968744,1.0,0.0
0.0008716201,1.0,0.0
0.001202996,0.0,0.0
0.0018230644,0.0,0.0
0.0020431867,1.0,0.0
0.0004868523,1.0,0.0
0.001681365,0.0,0.0
0.0008201247,0.0,0.0
0.0028444608,1.0,0.0
0.0033687234,1.0,0.0
0.000921521,0.0,0.0
0.0047887815,0.0,0.0
0.0053225458,0.0,0.0
0.00019264658,0.0,0.0
0.0010964695,1.0,0.0
0.0006739676,1.0,0.0
0.00026080737,0.0,0.0
0.0011619877,0.0,0.0
0.0038860135,0.0,0.0
0.0007983206,0.0,1.0
0.0013952359,0.0,0.0
0.0018886324,1.0,0.0
0.00047688917,0.0,0.0
0.0015688379,0.0,1.0
0.0020776126,0.0,1.0
0.0005820648,1.0,1.0
0.00037337912,1.0,0.0
0.004030898,1.0,1.0
0.001123267,0.0,1.0
0.0008226097,0.0,0.0
0.00041871401,0.0,0.0
0.003788973,0.0,0.0
0.0004150239,0.0,0.0
0.00017312005,0.0,0.0
0.0006458425,0.0,0.0
0.00036177368,0.0,0.0
8.306996e-05,0.0,0.0
0.0034670443,0.0,0.0
0.0007959472,0.0,0.0
8.759843e-05,0.0,0.0
0.002909925,0.0,1.0
0.00022244733,0.0,0.0
0.00054030586,0.0,0.0
0.038640555,0.0,0.0
0.000933251,0.0,0.0
0.00017783516,0.0,0.0
3.7054633e-05,0.0,0.0
0.002985039,0.0,0.0
0.0032479574,0.0,0.0
0.00416854,0.0,0.0
0.00073150336,0.0,0.0
0.0009836311,0.0,0.0
0.00045069112,0.0,1.0
0.0010119303,0.0,1.0
0.009073587,0.0,0.0
0.001988343,1.0,0.0
0.0061992942,0.0,1.0
0.039410062,0.0,0.0
0.0006888956,1.0,0.0
0.005172788,1.0,0.0
0.0004919448,1.0,0.0
0.007619627,0.0,0.0
0.002847432,1.0,0.0
0.0063907215,1.0,0.0
0.0004443692,1.0,0.0
0.0025975213,0.0,0.0
0.009113765,1.0,0.0
0.0047395057,1.0,0.0
0.007762673,1.0,0.0
0.009984004,0.0,0.0
0.00031423985,0.0,0.0
0.016131373,1.0,0.0
0.0014013995,0.0,0.0
0.0005080139,0.0,1.0
0.0020521327,0.0,0.0
0.0046969187,0.0,0.0
0.0007046547,0.0,0.0
0.002277879,0.0,0.0
0.00042646757,0.0,0.0
0.00067771296,0.0,0.0
2.6781616e-05,0.0,0.0
8.902327e-05,0.0,0.0
0.00089353113,0.0,0.0
0.0005191799,0.0,0.0
0.00014157016,0.0,0.0
0.0010661656,0.0,0.0
0.0014424071,0.0,0.0
0.001950341,0.0,0.0
0.0012416071,0.0,0.0
0.0006653065,0.0,0.0
0.0019236828,0.0,0.0
0.00028255943,0.0,0.0
0.0037765615,0.0,0.0
0.00077293476,0.0,0.0
0.004344318,0.0,0.0
0.00053077,0.0,0.0
0.007358602,0.0,0.0
0.0011217864,0.0,0.0
0.00048346637,0.0,1.0
0.0014317817,1.0,0.0
0.013634296,1.0,0.0
0.0017581065,0.0,0.0
0.33780327,0.0,0.0
0.011559015,0.0,0.0
0.000416032,0.0,0.0
0.0021346593,0.0,0.0
0.0026263725,0.0,0.0
0.0001902498,0.0,0.0
0.0027659459,0.0,0.0
0.0007409729,0.0,0.0
0.00018112548,0.0,0.0
0.0002603137,0.0,0.0
0.0013253638,0.0,0.0
0.0033773507,0.0,0.0
0.02817821,0.0,1.0
0.009295154,0.0,0.0
0.01737735,0.0,0.0
0.0020300162,0.0,0.0
0.0007950565,0.0,0.0
0.0008552313,0.0,0.0
0.0036848777,0.0,0.0
0.0007570952,0.0,0.0
0.0008896065,0.0,0.0
0.008423239,0.0,1.0
0.0046439744,0.0,0.0
0.0011496186,0.0,0.0
0.015415814,0.0,0.0
0.0010270644,0.0,0.0
0.010583937,0.0,0.0
0.006992678,0.0,0.0
0.0011232354,0.0,0.0
0.007890969,0.0,0.0
0.028983595,0.0,0.0
0.0010061326,0.0,0.0
0.00062285265,0.0,0.0
0.0010982942,0.0,1.0
0.0004081344,0.0,0.0
0.0069126217,0.0,0.0
0.0060290485,0.0,0.0
0.0014031704,0.0,0.0
0.014082682,0.0,0.0
0.010692935,0.0,0.0
0.016824938,0.0,0.0
0.0018563927,0.0,0.0
0.0025440787,0.0,0.0
0.0021240038,0.0,0.0
0.0005798537,0.0,0.0
0.004683705,0.0,0.0
0.0028317918,0.0,0.0
0.0013709082,0.0,0.0
0.0009123229,0.0,0.0
0.001274086,0.0,0.0
0.000110153625,0.0,1.0
0.00508244,0.0,1.0
0.006524474,0.0,0.0
0.009220454,0.0,0.0
0.0019287438,0.0,1.0
0.0008065662,0.0,1.0
0.0061542727,0.0,0.0
0.00075759465,0.0,0.0
0.0033965476,0.0,0.0
0.002229726,0.0,0.0
0.004716983,0.0,0.0
0.0013349475,0.0,0.0
0.0004426672,0.0,0.0
0.00026742238,0.0,0.0
0.00025399943,0.0,0.0
0.0002618823,0.0,0.0
0.0017620953,0.0,0.0
0.0006691193,0.0,0.0
0.0024035193,0.0,0.0
0.001587,0.0,0.0
0.00047024872,0.0,0.0
0.017219184,0.0,0.0
0.007025604,0.0,0.0
0.00044006872,0.0,0.0
0.00065637974,0.0,0.0
0.00080344983,0.0,0.0
0.0014646435,0.0,1.0
0.0023380849,0.0,0.0
0.0007556367,0.0,0.0
0.002021399,0.0,0.0
0.00065867987,0.0,0.0
0.0017871922,0.0,0.0
0.0028424154,0.0,0.0
0.0012654599,0.0,0.0
0.00027407103,0.0,0.0
0.0002891631,1.0,0.0
0.00051751535,1.0,0.0
0.0008170413,1.0,0.0
0.0032159002,0.0,0.0
0.00071319897,0.0,0.0
0.0016848607,1.0,0.0
0.009428443,1.0,0.0
0.0013105782,0.0,0.0
0.00025210594,0.0,0.0
0.00088587665,1.0,0.0
0.010590421,1.0,0.0
0.0052769063,0.0,0.0
0.007840202,0.0,0.0
5.8866644e-05,0.0,0.0
4.511041e-05,0.0,0.0
0.0001303679,0.0,0.0
0.00014132791,0.0,0.0
0.0020801865,0.0,0.0
0.00096648437,0.0,0.0
0.0004938523,0.0,0.0
0.0036122254,0.0,0.0
0.0013906924,0.0,0.0
0.0010640991,0.0,0.0
0.0015427779,0.0,0.0
0.0020137795,0.0,0.0
0.002779829,0.0,0.0
0.0052925,0.0,0.0
0.033403665,0.0,0.0
0.0022344168,0.0,0.0
0.0012022457,1.0,0.0
0.0015649362,1.0,0.0
0.0003270747,1.0,0.0
0.0030868982,1.0,0.0
0.0019518536,1.0,0.0
0.0016751606,0.0,0.0
0.00089818495,0.0,0.0
0.0006255175,1.0,0.0
0.000310287,1.0,0.0
0.0003683678,1.0,1.0
0.0005444927,1.0,0.0
0.0007565572,1.0,0.0
0.0014671114,0.0,0.0
0.00055776443,1.0,0.0
0.0003791351,0.0,0.0
0.00087345846,0.0,0.0
0.00096223643,0.0,0.0
0.0005022065,0.0,0.0
0.0002856301,0.0,0.0
0.0013291143,0.0,0.0
0.000632027,0.0,0.0
0.0010889823,0.0,0.0
0.008650686,0.0,0.0
0.007981392,0.0,0.0
0.00048787455,0.0,0.0
0.0034493776,0.0,0.0
0.0014068433,0.0,0.0
0.003820589,0.0,0.0
0.00082178507,0.0,0.0
0.0018413652,0.0,0.0
0.0034289798,0.0,0.0
0.0005873333,1.0,0.0
0.0019636566,0.0,0.0
0.00011155337,0.0,0.0
0.0006325259,0.0,0.0
0.0019255597,0.0,0.0
0.0006969244,0.0,0.0
0.020126056,0.0,0.0
0.00048679404,0.0,0.0
0.002333094,0.0,0.0
0.0023524011,1.0,0.0
0.0026281306,1.0,0.0
0.004327962,0.0,0.0
0.00020099785,0.0,0.0
0.0003862353,1.0,0.0
0.0018912579,0.0,0.0
0.0005386326,1.0,0.0
0.00022678894,1.0,0.0
0.0005320064,1.0,0.0
0.0010943891,1.0,0.0
0.0040134257,1.0,0.0
0.00066635513,1.0,0.0
0.00034453443,1.0,0.0
0.00013317648,1.0,0.0
0.0007648031,1.0,0.0
0.0007356332,1.0,0.0
0.00046683312,0.0,0.0
0.0017955909,0.0,0.0
0.0017260934,0.0,0.0
0.0012742401,0.0,1.0
0.0024326954,0.0,0.0
0.0040989015,0.0,0.0
0.0001933064,0.0,0.0
0.0005318198,0.0,0.0
0.0002571991,0.0,0.0
0.00020206702,0.0,0.0
0.00095282745,0.0,0.0
0.00072789815,0.0,0.0
0.0005447694,0.0,0.0
0.0007024224,0.0,0.0
0.00094614853,0.0,0.0
0.0003088488,0.0,0.0
0.00037626142,0.0,0.0
0.0004353001,0.0,0.0
0.001779372,0.0,0.0
0.0006277472,0.0,0.0
0.0008907375,0.0,0.0
0.0002900588,0.0,0.0
0.0007091042,0.0,0.0
0.0002823779,0.0,0.0
0.0027384104,0.0,0.0
0.0007477212,0.0,0.0
0.001590733,0.0,0.0
0.0010043584,0.0,0.0
0.00017682504,0.0,0.0
0.00043110704,0.0,0.0
0.00018714389,0.0,0.0
0.0005179274,0.0,0.0
0.000638522,0.0,0.0
0.0013215874,0.0,0.0
0.00087438524,0.0,0.0
0.0063313213,0.0,0.0
0.0005744014,0.0,0.0
0.001242063,0.0,0.0
0.00053800846,0.0,0.0
0.003086844,0.0,0.0
0.00024356981,0.0,0.0
0.0024091075,0.0,0.0
0.0028641324,0.0,0.0
0.00197908,0.0,1.0
0.0010032492,0.0,1.0
0.00092700595,0.0,0.0
0.0037165724,0.0,1.0
0.00046997023,0.0,1.0
0.000942238,0.0,0.0
0.0003909298,0.0,0.0
0.0015386457,0.0,0.0
0.0068462053,0.0,0.0
0.0002678549,0.0,0.0
0.002873808,0.0,0.0
0.0017808039,0.0,0.0
0.0013390196,0.0,0.0
0.002271734,0.0,0.0
0.0031009952,0.0,0.0
0.00715006,0.0,0.0
0.0011307768,0.0,0.0
0.003011832,0.0,0.0
0.0010472769,0.0,0.0
6.56204e-05,0.0,0.0
0.00042763594,0.0,0.0
0.0003542823,0.0,0.0
8.265874e-05,0.0,0.0
0.0027334066,0.0,0.0
0.0015218453,0.0,0.0
0.00013099745,0.0,0.0
0.0072119827,0.0,0.0
0.004073591,0.0,0.0
0.0032842187,0.0,0.0
0.0014844517,0.0,0.0
0.0029526423,1.0,0.0
0.00026749301,0.0,1.0
0.0004178886,0.0,0.0
0.001867838,0.0,0.0
0.00027620082,0.0,0.0
0.00014557537,0.0,0.0
0.0003786525,0.0,0.0
0.0009118119,0.0,0.0
0.00020928717,0.0,0.0
0.0011893592,0.0,0.0
0.0020802894,0.0,0.0
0.005585111,0.0,0.0
0.005558332,0.0,0.0
0.00011157167,0.0,0.0
0.00015787507,0.0,0.0
0.008870038,0.0,1.0
0.0010979845,0.0,0.0
0.0018755961,0.0,0.0
0.0025620537,0.0,0.0
0.00900439,0.0,0.0
0.0014460428,0.0,0.0
0.00039227473,0.0,0.0
0.0017289023,0.0,0.0
0.006125985,0.0,0.0
0.011854294,0.0,0.0
0.00028393453,0.0,0.0
0.0018906965,0.0,0.0
0.0028950444,0.0,0.0
0.0063098846,0.0,0.0
0.0028705648,0.0,0.0
0.005171804,1.0,0.0
0.039550666,0.0,0.0
0.002190218,0.0,1.0
0.008100969,0.0,1.0
0.005107806,1.0,0.0
0.0014259727,1.0,0.0
0.0010926443,1.0,0.0
0.002165457,1.0,1.0
0.012367686,1.0,0.0
0.0004889463,1.0,0.0
0.00150846,1.0,0.0
0.004896715,0.0,0.0
0.022066746,1.0,0.0
0.0004971339,1.0,0.0
0.0016658423,0.0,0.0
0.0003762087,0.0,0.0
0.0023190614,0.0,0.0
0.0017743018,1.0,0.0
0.002812431,0.0,0.0
0.008436683,0.0,0.0
0.0004700755,0.0,0.0
0.001601549,0.0,0.0
0.016124563,0.0,0.0
0.005218878,0.0,0.0
0.052962676,0.0,0.0
0.0030751328,0.0,0.0
0.0009041706,0.0,0.0
0.0037433482,0.0,0.0
0.0075297104,0.0,0.0
0.050747454,0.0,1.0
0.022455553,0.0,1.0
0.0011899536,0.0,1.0
0.0038331866,0.0,0.0
0.0009893096,0.0,0.0
0.00060241355,1.0,0.0
0.0004014822,0.0,0.0
0.0021858197,0.0,0.0
0.006791765,1.0,0.0
0.04348433,1.0,0.0
0.0011970453,0.0,0.0
0.005094363,0.0,0.0
0.041875646,1.0,0.0
0.0034452493,1.0,0.0
0.010258726,0.0,0.0
0.008686396,1.0,0.0
0.0016731683,1.0,0.0
0.005135755,0.0,0.0
0.0051481784,1.0,0.0
0.0010232988,1.0,0.0
0.0013491829,1.0,0.0
0.0010918274,0.0,0.0
0.023907471,1.0,0.0
0.0073811994,1.0,0.0
0.001426876,1.0,0.0
0.0031708719,1.0,0.0
0.0056938515,1.0,1.0
0.0043308274,1.0,0.0
0.0052837813,1.0,1.0
0.005059919,0.0,0.0
0.0066579725,1.0,0.0
0.01262048,0.0,0.0
0.023170458,0.0,0.0
0.0022453053,0.0,0.0
0.06792034,1.0,0.0
0.008396346,0.0,0.0
0.019532239,0.0,0.0
0.0075180423,0.0,0.0
0.00080454774,1.0,0.0
0.0033035006,1.0,0.0
0.028777516,1.0,0.0
0.032283492,1.0,0.0
0.013751003,1.0,0.0
0.0019259673,0.0,1.0
0.0039413576,0.0,1.0
0.010965894,0.0,1.0
0.01788023,0.0,1.0
0.000702071,0.0,0.0
0.00063537044,0.0,0.0
0.000652485,0.0,0.0
0.0020483085,0.0,0.0
0.00039455967,0.0,0.0
0.0027205388,0.0,0.0
0.0027802465,0.0,0.0
0.055413656,0.0,0.0
0.0008169615,0.0,0.0
0.00088795554,0.0,0.0
0.067119,0.0,0.0
0.0011227218,0.0,0.0
0.0018721591,0.0,0.0
0.0052275667,0.0,0.0
0.032985512,0.0,0.0
0.0011447041,0.0,0.0
0.0011100639,0.0,1.0
0.0018590372,0.0,0.0
0.0003604957,1.0,0.0
0.0010804995,1.0,0.0
0.01588596,1.0,0.0
0.002333317,1.0,0.0
0.00089633325,0.0,0.0
0.00089594384,0.0,0.0
0.0053410386,0.0,0.0
0.0012934364,0.0,0.0
0.0005745293,0.0,0.0
0.0010418737,0.0,0.0
0.00091380626,0.0,0.0
0.0014275304,0.0,0.0
0.0005361154,1.0,0.0
6.762326e-05,0.0,0.0
0.0013953162,0.0,0.0
0.0009990651,0.0,0.0
0.0006989793,0.0,0.0
0.017573524,0.0,0.0
0.0006378748,0.0,0.0
0.0041642683,0.0,0.0
0.00046175483,0.0,0.0
0.0045990143,0.0,0.0
0.00073955354,0.0,0.0
0.0030149496,0.0,0.0
0.00084087445,0.0,0.0
0.0016337096,0.0,0.0
0.015571728,0.0,0.0
0.0022479477,0.0,0.0
0.016091032,0.0,0.0
0.0069810958,0.0,0.0
0.00050542044,0.0,0.0
0.0020776421,0.0,0.0
0.0023148002,0.0,0.0
0.010133808,0.0,0.0
0.051089037,0.0,0.0
0.0074232053,0.0,0.0
0.0046272622,0.0,0.0
0.0009870073,0.0,0.0
0.031162923,0.0,0.0
0.0068525407,0.0,0.0
0.18956204,0.0,0.0
0.033150826,0.0,0.0
0.0576472,0.0,0.0
0.002188518,0.0,0.0
0.0029396063,0.0,0.0
0.014705147,0.0,0.0
0.0059186113,0.0,0.0
0.0006402252,0.0,0.0
0.0004126384,0.0,0.0
0.0004407039,0.0,0.0
0.00065937237,0.0,0.0
0.0016538493,0.0,0.0
0.00017484315,0.0,0.0
0.06731824,0.0,0.0
0.014391539,0.0,0.0
0.0013679828,0.0,1.0
0.0015749511,0.0,0.0
0.00091972895,0.0,0.0
0.05862527,0.0,0.0
0.13650155,0.0,0.0
0.0030431051,0.0,0.0
0.003101725,0.0,0.0
0.003539936,0.0,0.0
0.013654157,0.0,1.0
0.006752914,0.0,1.0
0.0038783574,0.0,0.0
0.0023345428,0.0,0.0
0.001346556,0.0,0.0
0.0014391232,0.0,0.0
0.013210465,0.0,0.0
0.0027888042,0.0,0.0
0.0010995007,0.0,0.0
0.0020932467,0.0,0.0
0.012795054,0.0,0.0
0.0035423774,0.0,0.0
0.0033574319,0.0,0.0
0.0029616642,0.0,0.0
0.013914464,0.0,0.0
0.00231374,0.0,0.0
0.00080180087,0.0,0.0
0.001822713,0.0,0.0
0.0005400103,0.0,0.0
0.0016780572,0.0,0.0
0.00030672023,0.0,0.0
0.00048706884,0.0,0.0
0.0079066595,0.0,0.0
0.0025463933,0.0,0.0
0.009206364,0.0,0.0
0.00075641664,0.0,0.0
0.0071554943,0.0,0.0
0.0006309265,0.0,0.0
0.0011700992,0.0,0.0
0.0049236575,0.0,0.0
0.0055154143,0.0,0.0
0.0035733432,0.0,0.0
0.0590613,0.0,0.0
0.0015264817,0.0,0.0
0.008420893,0.0,0.0
0.043144874,0.0,0.0
0.044198602,0.0,0.0
0.01787729,0.0,0.0
0.013028797,0.0,0.0
0.0011081547,0.0,0.0
0.0009893064,0.0,0.0
0.0016022858,0.0,0.0
0.00070441735,0.0,1.0
0.003447211,0.0,1.0
0.0036409723,0.0,1.0
0.002707121,0.0,1.0
0.0020475432,0.0,0.0
0.002530212,0.0,0.0
0.004508825,0.0,0.0
0.0054955226,0.0,0.0
0.020003518,0.0,0.0
0.0026769955,0.0,0.0
0.009851294,0.0,0.0
0.001447714,0.0,0.0
0.010159171,0.0,0.0
0.001065832,0.0,0.0
0.010845783,0.0,0.0
0.0051285927,0.0,0.0
0.07964594,0.0,0.0
0.00153679,0.0,0.0
0.0003959555,0.0,0.0
0.005792635,0.0,0.0
0.01840136,0.0,0.0
0.0022117347,0.0,0.0
0.0010520698,0.0,0.0
0.0030636338,0.0,0.0
0.0054262383,0.0,0.0
0.0012112153,0.0,1.0
0.0038775252,0.0,0.0
0.006266145,0.0,0.0
0.013621438,0.0,0.0
0.007308919,0.0,0.0
0.0014203909,0.0,0.0
0.0152690485,0.0,0.0
0.00463293,0.0,0.0
0.0012349954,0.0,0.0
0.012605758,0.0,0.0
0.006405208,0.0,0.0
0.013579046,0.0,1.0
0.007663536,0.0,1.0
0.019877069,0.0,1.0
0.021024717,0.0,0.0
0.0053490624,0.0,0.0
0.00056332006,0.0,1.0
0.0023518205,0.0,0.0
0.0010571425,0.0,0.0
0.000849456,0.0,0.0
0.0029597776,0.0,0.0
0.002935221,0.0,0.0
0.0011527181,0.0,0.0
0.0034435734,0.0,0.0
0.006618731,0.0,0.0
0.008835613,0.0,0.0
0.008609912,0.0,0.0
0.0067699724,0.0,0.0
0.0019918906,0.0,0.0
0.0052831527,0.0,1.0
0.030948652,0.0,0.0
0.11044527,0.0,0.0
0.01708161,0.0,0.0
0.004694525,0.0,0.0
0.061039403,0.0,0.0
0.0037183247,0.0,0.0
0.0055449586,0.0,0.0
0.004113948,1.0,1.0
0.025146771,1.0,1.0
0.0038844969,1.0,1.0
0.003656909,1.0,0.0
0.0017961937,0.0,0.0
0.0015530385,0.0,0.0
0.0016658336,0.0,0.0
0.014547626,0.0,0.0
0.0041527124,0.0,0.0
0.027198222,0.0,1.0
0.04512768,0.0,0.0
0.017952384,0.0,0.0
0.0045822826,0.0,1.0
0.0139847305,0.0,0.0
0.0056069037,0.0,1.0
0.018405372,0.0,0.0
0.012347034,1.0,0.0
0.022588989,1.0,0.0
0.014201528,1.0,0.0
0.011097773,0.0,0.0
0.02970399,1.0,0.0
0.035825443,1.0,0.0
0.020927142,0.0,0.0
0.10909178,1.0,0.0
0.023796361,0.0,0.0
0.005013977,0.0,0.0
0.0017207757,0.0,0.0
0.0034145387,0.0,0.0
0.006071238,0.0,0.0
0.00988092,0.0,0.0
0.03037956,0.0,0.0
0.017132442,0.0,0.0
0.0063053533,0.0,0.0
0.040998418,0.0,0.0
0.010833584,0.0,0.0
0.05995574,0.0,1.0
0.00947094,0.0,0.0
0.0032302514,0.0,0.0
0.21634126,0.0,0.0
0.034793515,0.0,0.0
0.021016043,0.0,0.0
0.22750707,0.0,0.0
0.6905649,0.0,0.0
0.037638374,0.0,0.0
0.13240114,0.0,0.0
0.046366364,0.0,0.0
0.03769388,0.0,0.0
0.0023518787,0.0,0.0
0.0029721202,0.0,0.0
0.005583093,0.0,0.0
0.002593909,0.0,0.0
0.0019702024,0.0,0.0
0.0071531343,0.0,0.0
0.0027548384,0.0,0.0
0.001283885,0.0,0.0
0.020279638,0.0,0.0
0.117246725,0.0,0.0
0.00939792,0.0,1.0
0.0035927796,0.0,0.0
0.020717999,0.0,0.0
0.02196709,0.0,0.0
0.016804649,0.0,0.0
0.005100757,0.0,0.0
0.016259285,0.0,0.0
0.005719314,0.0,0.0
0.042806983,0.0,0.0
0.007838666,0.0,1.0
0.024236184,0.0,1.0
0.0054470394,0.0,0.0
0.005426333,0.0,1.0
0.0022491063,0.0,1.0
0.0040486427,0.0,0.0
0.0006742005,0.0,0.0
0.0020089527,0.0,0.0
0.0069378987,0.0,0.0
0.0013538025,0.0,0.0
0.00043841044,0.0,0.0
0.007763184,0.0,0.0
0.010771974,0.0,0.0
0.015745036,0.0,0.0
0.002980398,0.0,0.0
0.0018404671,0.0,0.0
0.0048512463,0.0,0.0
0.00026417663,0.0,0.0
0.0010845596,0.0,0.0
0.0062101325,0.0,0.0
0.0027674995,0.0,0.0
0.0026199142,0.0,0.0
0.007313107,0.0,0.0
0.005326829,0.0,0.0
0.008279538,0.0,0.0
0.012294212,0.0,0.0
0.023082376,0.0,0.0
0.0203563,0.0,0.0
0.003887618,0.0,0.0
0.011870973,0.0,0.0
0.017377414,0.0,0.0
0.00042706032,0.0,0.0
0.0006456533,0.0,0.0
0.0023965735,0.0,0.0
0.003379009,0.0,0.0
0.0009771558,0.0,0.0
0.0021262448,0.0,0.0
0.012732295,0.0,1.0
0.005566728,0.0,0.0
0.054649904,0.0,0.0
0.056869186,0.0,0.0
0.0005097074,0.0,0.0
0.0003473695,0.0,0.0
0.0032576013,0.0,0.0
0.0011344835,0.0,0.0
0.0028608919,0.0,0.0
0.0031804785,0.0,0.0
0.0031148144,1.0,0.0
0.00087882794,1.0,0.0
0.0007003079,1.0,0.0
0.0033783345,1.0,0.0
0.0019103648,1.0,0.0
0.0004010714,1.0,0.0
0.005764235,0.0,0.0
0.010955809,0.0,0.0
0.0007196557,0.0,0.0
0.0026596854,1.0,0.0
0.010856122,0.0,0.0
0.017232519,1.0,0.0
0.024654765,0.0,0.0
0.005687384,0.0,0.0
0.009426725,0.0,0.0
0.0015466014,0.0,0.0
0.0020478882,0.0,0.0
0.00398992,1.0,1.0
0.005237768,1.0,0.0
0.0011303556,1.0,0.0
0.02850278,0.0,0.0
0.0024980581,1.0,0.0
0.026730139,0.0,0.0
0.0016865853,1.0,0.0
0.0034995484,0.0,0.0
0.010187202,1.0,0.0
0.0013079186,0.0,0.0
0.0011721585,0.0,0.0
0.018344294,1.0,0.0
0.0056157983,0.0,0.0
0.00041375463,1.0,0.0
0.003438357,0.0,0.0
0.08446506,0.0,0.0
0.0015677366,0.0,0.0
0.0036219144,0.0,0.0
0.0006533552,0.0,0.0
0.0043649944,0.0,0.0
0.013517916,0.0,0.0
0.0039499705,0.0,0.0
0.00010815047,0.0,1.0
0.0008734418,0.0,0.0
0.0012667996,0.0,0.0
8.4449006e-05,0.0,0.0
0.00048111263,0.0,0.0
0.001270968,0.0,0.0
0.0023173476,0.0,0.0
0.0023476589,0.0,0.0
0.0014134754,0.0,0.0
0.00048826257,0.0,0.0
0.00032942864,0.0,1.0
0.0067580487,0.0,0.0
0.0054681124,0.0,0.0
0.0043512885,0.0,0.0
0.001791143,0.0,0.0
0.002578957,0.0,0.0
0.001410973,1.0,0.0
0.001004193,0.0,0.0
0.0074817142,0.0,0.0
0.0012946682,1.0,0.0
0.0008902433,1.0,0.0
0.0050018146,0.0,0.0
0.006125558,0.0,0.0
0.0031803576,0.0,0.0
0.0004996384,0.0,0.0
0.00504467,0.0,0.0
0.00066784763,0.0,0.0
0.029897612,0.0,0.0
0.0025615103,0.0,0.0
0.0035671394,0.0,0.0
0.005143689,0.0,0.0
0.002670804,0.0,0.0
0.002520851,0.0,0.0
0.0030727934,0.0,0.0
0.005700421,0.0,0.0
0.018991202,1.0,0.0
0.0031058576,1.0,0.0
0.003669987,0.0,0.0
0.0038085682,1.0,0.0
0.011647937,1.0,0.0
0.001520368,1.0,0.0
0.0027356993,1.0,0.0
0.0030825315,1.0,0.0
0.05684838,0.0,1.0
0.003455334,1.0,0.0
0.0058218855,1.0,0.0
0.018302578,0.0,0.0
0.0005688583,0.0,0.0
0.0010060028,0.0,0.0
0.0015260108,0.0,1.0
0.00393853,0.0,0.0
0.00027991857,0.0,0.0
0.00027885896,1.0,0.0
0.0020087538,1.0,1.0
0.00069374,1.0,0.0
0.00022338016,0.0,0.0
0.00025605084,0.0,0.0
0.0006450487,1.0,0.0
0.0030303176,1.0,0.0
0.0018976154,0.0,0.0
0.00062021124,1.0,0.0
0.0010832162,1.0,0.0
0.013836237,0.0,0.0
0.00023981876,0.0,0.0
0.00017439161,1.0,0.0
0.0042285323,0.0,0.0
0.003927859,0.0,0.0
0.00031767864,0.0,0.0
0.00095263636,0.0,0.0
0.011214144,0.0,0.0
0.002353588,0.0,0.0
0.0008200747,0.0,0.0
0.005160277,0.0,0.0
0.005473566,0.0,0.0
0.0047833077,0.0,0.0
0.0014894223,0.0,0.0
0.01564699,0.0,0.0
0.05373161,0.0,0.0
0.011403665,0.0,0.0
0.029272819,0.0,0.0
0.009081604,0.0,0.0
0.012442984,0.0,0.0
0.0017375544,0.0,0.0
0.03567331,0.0,0.0
0.0024012488,0.0,0.0
0.00074241555,0.0,0.0
0.0017885301,0.0,0.0
0.00030376093,0.0,1.0
0.00058375817,0.0,0.0
0.00076394755,0.0,0.0
0.00023840938,0.0,0.0
0.00044481605,0.0,1.0
0.0006115609,0.0,0.0
0.00025849763,0.0,0.0
0.020902462,0.0,0.0
0.00034598683,0.0,0.0
0.6550476,0.0,0.0
0.009498795,0.0,0.0
0.012220996,0.0,0.0
0.00044360838,0.0,0.0
0.0014859721,0.0,0.0
0.0030987686,0.0,1.0
0.0011519607,0.0,1.0
0.0042931684,0.0,0.0
0.0027209036,0.0,0.0
0.0065989057,0.0,0.0
0.016050015,0.0,0.0
0.0040832115,0.0,0.0
0.004108501,0.0,0.0
0.00013986007,0.0,0.0
0.00065461016,0.0,0.0
0.0018244844,0.0,0.0
0.00065126544,0.0,0.0
0.0027359622,0.0,0.0
0.0023845728,0.0,0.0
0.013400261,0.0,0.0
0.007031274,0.0,1.0
0.026283337,0.0,0.0
0.010221835,0.0,0.0
0.054897446,0.0,0.0
0.009795622,0.0,0.0
0.010467529,0.0,0.0
0.00094084116,0.0,0.0
5.506669e-05,0.0,0.0
0.0014815095,0.0,0.0
0.0016683612,0.0,0.0
0.013005737,0.0,0.0
0.00025737917,1.0,0.0
0.00012101397,0.0,0.0
0.008016883,0.0,0.0
0.034707833,0.0,0.0
0.0022146811,1.0,0.0
0.006005699,0.0,0.0
0.0023508642,1.0,1.0
0.00016628514,0.0,1.0
0.00022783359,0.0,0.0
0.0059724213,0.0,0.0
0.0021511745,0.0,0.0
0.012415036,0.0,1.0
0.00072482607,0.0,1.0
0.018218685,0.0,0.0
0.0033098026,0.0,0.0
0.0019954562,0.0,0.0
0.083040886,0.0,0.0
0.0062572113,0.0,0.0
0.0060800374,0.0,0.0
0.0019507043,0.0,0.0
0.0058829756,0.0,0.0
0.0068386,0.0,0.0
0.0059598032,0.0,1.0
0.00020130376,0.0,1.0
0.003468971,0.0,1.0
0.0024145194,0.0,1.0
0.0014099308,0.0,0.0
0.001008983,0.0,0.0
0.0018132438,0.0,0.0
0.0030703724,0.0,1.0
0.004831544,0.0,0.0
0.0025299739,0.0,1.0
0.0022205114,0.0,0.0
0.002369768,0.0,0.0
0.0019761953,0.0,0.0
0.001489338,1.0,0.0
0.0011977558,1.0,0.0
0.0059851473,1.0,0.0
0.0022683083,1.0,0.0
0.00192468,1.0,0.0
0.0040772045,1.0,0.0
0.0030393098,1.0,0.0
0.008165353,1.0,0.0
