gate_value,label,rsa
0.46971157,0.0,0.5841065
0.4090374,0.0,0.41989076
0.5458333,0.0,0.5804508
0.49587476,0.0,0.57983714
0.60539347,0.0,0.61183506
0.7488394,0.0,0.17861463
0.63260674,0.0,0.4081219
0.8294201,0.0,0.0
0.5274904,0.0,0.36582372
0.7289439,0.0,0.15718669
0.6003234,0.0,0.6478493
0.7597762,0.0,0.06072004
0.54766,0.0,0.50787395
0.60319823,0.0,0.67343247
0.5442366,0.0,0.123701476
0.43583,0.0,0.5407209
0.62824535,0.0,0.44515616
0.34483284,0.0,0.51334727
0.7599348,0.0,0.026819158
0.592624,0.0,0.12642393
0.612446,1.0,0.6137786
0.39686483,0.0,0.29157278
0.68729264,0.0,0.008013342
0.7175316,0.0,0.41691536
0.47366858,0.0,0.51972413
0.59983087,0.0,0.49590415
0.47695565,0.0,0.3425881
0.6995928,0.0,0.10822179
0.7666309,0.0,0.0
0.71812934,0.0,0.26792422
0.83178234,0.0,0.0034687482
0.6653929,0.0,2.6742198e-05
0.49448967,0.0,0.18029067
0.37284842,0.0,0.2968384
0.9154003,0.0,0.007666524
0.6510053,0.0,0.0
0.45678172,0.0,0.47305176
0.39990237,0.0,0.5253599
0.81162256,0.0,0.0
0.53009367,0.0,0.3013342
0.6324821,0.0,0.47165558
0.510888,0.0,0.36807013
0.405505,0.0,0.5707029
0.81277764,0.0,0.034574043
0.49232584,0.0,0.6075092
0.595682,0.0,0.10582112
0.7344004,0.0,0.011145866
0.47677273,0.0,0.40185848
0.36723006,0.0,0.13260764
0.7848474,0.0,0.0
0.68404007,0.0,0.30158043
0.41594437,0.0,0.45355636
0.29774544,0.0,0.22646981
0.52964824,0.0,0.0
0.6466642,0.0,0.003331983
0.5428072,0.0,0.1337107
0.44924864,0.0,0.04292526
0.79643494,0.0,0.0
0.47078207,0.0,0.09318758
0.45571616,0.0,0.55832213
0.56083846,0.0,0.09798124
0.30282515,0.0,0.6507586
0.44337794,0.0,0.38964215
0.66729355,0.0,0.0
0.53835845,0.0,0.11856888
0.39715877,0.0,0.54036343
0.6472178,0.0,0.22459982
0.863403,1.0,0.14489788
0.3287939,1.0,0.4178856
0.45497575,1.0,0.5133283
0.68410087,1.0,0.5002072
0.8330566,1.0,0.10891471
0.6880645,0.0,0.041831158
0.45609704,1.0,0.3473992
0.67389894,1.0,0.13458663
0.92363954,0.0,0.0
0.6362246,0.0,0.49926838
0.6482877,1.0,0.6167193
0.82594454,0.0,0.101402186
0.619739,1.0,0.482795
0.8696287,0.0,0.09535385
0.65916955,0.0,0.0
0.78877485,1.0,0.37698856
0.899943,1.0,0.105674
0.7310111,1.0,0.69472253
0.6974892,1.0,0.6979241
0.72161907,0.0,0.6270534
0.76300496,0.0,0.15858519
0.64097494,0.0,0.29163745
0.6863427,0.0,0.2822713
0.719382,0.0,0.570954
0.5648599,1.0,0.8451642
0.78934914,0.0,0.3189353
0.59798384,1.0,0.22558972
0.63609344,1.0,0.1680224
0.7323187,1.0,0.11576016
0.6324704,0.0,0.14285818
0.8315785,0.0,0.07126155
0.87863964,0.0,0.03583085
0.9207665,0.0,0.04793552
0.53707725,0.0,0.44781762
0.59202284,0.0,0.4819648
0.6154033,0.0,0.27743065
0.8990751,0.0,0.09954566
0.5982085,0.0,0.6597409
0.6919755,0.0,0.48129493
0.84766865,0.0,0.6470321
0.8610543,0.0,0.019184537
0.6326532,0.0,0.29250577
0.8583127,0.0,0.08002306
0.8179701,0.0,0.051032495
0.7313588,0.0,0.23524399
0.7185602,0.0,0.008110315
0.70590305,0.0,0.4006737
0.86630994,0.0,0.06197421
0.87192595,0.0,0.034729343
0.5632657,0.0,0.068576045
0.8708786,0.0,0.0
0.71513957,0.0,0.0
0.6235136,0.0,0.03766073
0.6312933,0.0,0.0
0.5357295,0.0,0.455711
0.7639294,0.0,0.233223
0.8499594,0.0,0.096568756
0.68183345,0.0,0.16210988
0.6226399,0.0,0.39928794
0.7602072,0.0,0.20237668
0.54289,0.0,0.3702109
0.43663037,0.0,0.8197432
0.50172687,0.0,0.5412905
0.47471184,0.0,0.7661752
0.6551822,0.0,0.62833786
0.7554059,0.0,0.55405015
0.87192243,0.0,0.0593567
0.80549836,0.0,0.6366219
0.90343887,0.0,0.2313734
0.7818505,0.0,0.42655227
0.765738,0.0,0.6416179
0.8328405,0.0,0.5671232
0.8128651,0.0,0.09774573
0.5846728,0.0,0.34526017
0.8229233,0.0,0.23192722
0.7777734,0.0,0.32660675
0.85713243,0.0,0.7003538
0.9249429,0.0,0.29125872
0.7667793,0.0,0.7545751
0.77004915,0.0,0.29554665
0.74383706,0.0,0.0020252557
0.8739413,0.0,0.07591198
0.6550658,0.0,0.35054496
0.82871515,0.0,0.18334855
0.8761367,0.0,0.0
0.91539496,0.0,0.18923485
0.7467801,0.0,0.45935816
0.940674,0.0,0.34435531
0.84945786,0.0,0.13813925
0.810358,0.0,0.5870893
0.8643229,0.0,0.6426582
0.8598034,0.0,0.34868065
0.77890295,0.0,0.16040553
0.8853999,0.0,0.08267473
0.73925453,0.0,0.25216022
0.775089,0.0,0.12139657
0.9126622,0.0,0.0
0.8871954,0.0,0.06481107
0.86660236,0.0,0.046598125
0.8866434,0.0,0.014283818
0.95016146,0.0,0.0
0.82591754,0.0,0.012992589
0.8693279,0.0,0.0
0.8712004,0.0,0.0070001744
0.94161594,0.0,0.010702265
0.7541399,0.0,0.24693255
0.7830532,0.0,0.4767704
0.8077637,0.0,0.31606397
0.6293645,0.0,0.42228028
0.6490046,0.0,0.66276973
0.7370818,0.0,0.21292292
0.64608467,0.0,0.22456834
0.7253932,0.0,0.32833117
0.87760663,0.0,0.0
0.93228936,0.0,0.0037752604
0.8857559,0.0,0.13434014
0.69516253,0.0,0.2522542
0.80369884,0.0,0.0
0.86533237,0.0,0.0
0.914286,0.0,0.27921885
0.9003676,0.0,0.010838796
0.89218473,0.0,0.027228037
0.89842284,0.0,0.14732708
0.8545043,0.0,0.10349274
0.74484056,0.0,0.2551553
0.80487657,1.0,0.36799976
0.71161294,0.0,0.36090633
0.74040365,1.0,0.09780166
0.7474375,0.0,0.66797626
0.7406299,0.0,0.22802825
0.90651274,0.0,0.0
0.81847906,0.0,0.03155313
0.6798303,0.0,0.08578139
0.83876294,0.0,0.0
0.94342166,0.0,0.0
0.83245564,0.0,0.51604307
0.75606495,0.0,0.3257875
0.66396123,0.0,0.0
0.8356992,0.0,0.106177144
0.6171585,0.0,0.608348
0.66938114,0.0,0.33042985
0.74760115,0.0,0.30773118
0.6118401,0.0,0.43569863
0.7268278,0.0,0.30379027
0.6018976,0.0,0.04956769
0.59063655,0.0,0.25212598
0.7880457,0.0,0.5138534
0.8627024,0.0,0.0010080109
0.85120904,0.0,0.025543222
0.86579305,0.0,0.06454741
0.90079534,0.0,0.16118667
0.8451276,0.0,0.020248836
0.8740414,0.0,0.0073070796
0.89916176,1.0,0.09731024
0.8787455,0.0,0.0035878194
0.87356865,0.0,0.04156121
0.7552881,1.0,0.07272521
0.9059154,1.0,0.30175552
0.74542713,1.0,0.29431194
0.87424546,0.0,0.50907373
0.75249416,0.0,0.35303727
0.75593954,0.0,0.20159675
0.66476285,0.0,0.448987
0.7904504,0.0,0.27726525
0.90945053,0.0,0.0021141963
0.5256391,0.0,0.016182465
0.7217379,0.0,0.29195142
0.8825398,0.0,0.106796086
0.9071726,0.0,0.00361682
0.81550705,0.0,0.28933728
0.5969848,0.0,0.17798238
0.7835328,0.0,0.023195373
0.83571416,0.0,0.0
0.67433584,0.0,0.42528227
0.675023,0.0,0.23492384
0.8459962,0.0,0.100015335
0.56207013,0.0,0.75262076
0.6746545,0.0,0.5377344
0.66859716,0.0,0.10652124
0.59563035,0.0,0.30237308
0.7835569,0.0,0.5605606
0.8427059,0.0,0.19464831
0.8649412,0.0,0.4441494
0.792897,0.0,0.895077
0.7333974,0.0,0.8169514
0.8590766,0.0,0.7283773
0.78332436,0.0,0.9012012
0.8506102,0.0,0.57827944
0.80691636,0.0,0.7981764
0.8191337,0.0,0.62553704
0.6952428,0.0,0.4346902
0.6558862,0.0,0.30096698
0.60491484,0.0,0.61963123
0.53367704,0.0,0.17951551
0.5505931,0.0,0.12540886
0.5065361,0.0,0.40707383
0.6310629,0.0,0.38236707
0.8903872,0.0,0.0
0.6777972,0.0,0.1085597
0.65215963,0.0,0.44247496
0.82187605,0.0,0.16518691
0.8761897,0.0,6.8039306e-05
0.69084525,0.0,0.1955192
0.5730637,0.0,0.26473886
0.87771815,0.0,0.03715836
0.9105355,0.0,0.29422995
0.82046324,0.0,0.5662545
0.67359465,0.0,0.4670032
0.6721838,0.0,0.37054735
0.62332547,0.0,0.60844177
0.7215969,0.0,0.6994773
0.6940578,0.0,0.4672444
0.5039615,0.0,0.3795512
0.7167057,0.0,0.23744322
0.7856239,0.0,0.13726442
0.8713275,0.0,0.16965337
0.8816841,0.0,0.017825387
0.8421192,0.0,0.11295094
0.9202539,0.0,0.030996786
0.9054702,0.0,0.0
0.9217425,0.0,0.033475697
0.92055047,0.0,0.0
0.92754996,1.0,0.012752018
0.89660263,0.0,0.0011188136
0.87262213,0.0,0.017213434
0.8768932,1.0,0.17916223
0.7472398,0.0,0.23888198
0.8459665,0.0,0.297351
0.8854469,0.0,0.34498432
0.6945852,0.0,0.26877397
0.7877946,0.0,0.2639713
0.8065063,0.0,0.5479753
0.78818643,0.0,0.40799296
0.90662867,0.0,0.0
0.88848215,0.0,0.15057802
0.74946433,0.0,0.51836926
0.8685449,0.0,0.035862017
0.9532781,1.0,0.004991336
0.78570193,0.0,0.38084716
0.753363,0.0,0.1721849
0.8709454,0.0,0.0
0.8844235,0.0,0.030259585
0.49996847,0.0,0.5240791
0.7789077,0.0,0.42313722
0.89761424,0.0,0.33289832
0.42934307,0.0,0.41762647
0.713656,0.0,0.5093084
0.7388177,0.0,0.15176395
0.8413577,0.0,0.21180426
0.958257,0.0,0.23848061
0.9079553,0.0,0.013144817
0.8598564,0.0,0.17326851
0.92771184,1.0,0.0648609
0.9414212,1.0,0.10216844
0.84352607,0.0,0.067678824
0.8104604,0.0,0.0
0.90701705,1.0,0.2721279
0.8980624,0.0,0.004728942
0.8835645,0.0,0.05660386
0.8694586,1.0,0.20273499
0.9288819,1.0,0.34475657
0.88383716,0.0,0.37444213
0.8884227,0.0,0.6983278
0.72038865,0.0,0.3271095
0.79279304,0.0,0.09380485
0.8232996,0.0,0.5081638
0.8008291,0.0,0.4144929
0.9399996,0.0,0.0
0.93489313,0.0,0.05964974
0.8069233,0.0,0.46117857
0.83829546,0.0,0.019415947
0.9236474,1.0,0.018213691
0.89245874,0.0,0.3680859
0.7676735,0.0,0.24479459
0.8685846,0.0,0.0
0.89598227,0.0,0.06652815
0.656801,0.0,0.5454278
0.6760175,0.0,0.24662721
0.8168188,0.0,0.132936
0.5006732,0.0,0.47338736
0.7762744,0.0,0.37803844
0.63024,1.0,0.015587657
0.8585174,0.0,0.1154769
0.9200545,1.0,0.13910244
0.82512236,0.0,0.0
0.872812,0.0,0.10875599
0.9160704,1.0,0.11981355
0.9320156,1.0,0.16512853
0.868065,0.0,0.0090611745
0.92435414,0.0,0.0
0.89299524,1.0,0.31213748
0.9200342,0.0,0.0056550023
0.8716982,0.0,0.020194309
0.6672303,1.0,0.15534176
0.9169469,1.0,0.49301568
0.8429302,0.0,0.38187078
0.88485515,1.0,0.45812806
0.83007044,0.0,0.2639872
0.89356226,1.0,0.18623942
0.6463708,0.0,0.37553638
0.7413044,0.0,0.28829753
0.91765004,0.0,0.0
0.87452763,0.0,0.0006978974
0.6503927,0.0,0.2274488
0.8956595,0.0,0.06684231
0.9683982,0.0,0.0
0.76207167,0.0,0.0008959277
0.6125729,0.0,0.28725284
0.8773349,0.0,0.0
0.8673822,0.0,0.0
0.54040104,0.0,0.05265482
0.720922,0.0,0.25217566
0.7568846,0.0,0.11455403
0.7808081,0.0,0.18556578
0.6229635,0.0,0.48799443
0.6843557,0.0,0.31228447
0.6698092,0.0,0.45121378
0.7089705,0.0,0.24946626
0.6848341,0.0,0.39372808
0.75572,0.0,0.52279145
0.7754619,0.0,0.6364325
0.6844766,0.0,0.76217604
0.8074294,0.0,0.18594888
0.8101527,0.0,0.17718163
0.7867227,0.0,0.75309396
0.85268325,0.0,0.25212517
0.89500904,0.0,0.24620628
0.75520134,0.0,0.4564569
0.8351046,1.0,0.49480596
0.88358104,0.0,0.033223365
0.93532425,0.0,0.01255166
0.7550005,1.0,0.41031918
0.873654,1.0,0.13158014
0.8816095,0.0,0.0006647321
0.8392249,1.0,0.26102108
0.65218514,1.0,0.48887154
0.9141715,0.0,0.0
0.9190686,0.0,0.0005967848
0.77155757,1.0,0.3097824
0.79969615,1.0,0.36003318
0.7325724,0.0,0.26375565
0.6813032,1.0,0.44381216
0.6702392,1.0,0.21992113
0.5217044,1.0,0.5003911
0.5670965,0.0,0.5916982
0.75270766,0.0,0.005049561
0.6834611,1.0,0.18144503
0.75564563,0.0,0.49886596
0.86795896,0.0,0.10812624
0.8766258,0.0,0.004303011
0.88911915,1.0,0.4277617
0.8808116,0.0,0.5819527
0.9308326,0.0,0.35162595
0.81047976,0.0,0.26711354
0.85069716,0.0,0.013810182
0.6230702,0.0,0.2431694
0.59129643,0.0,0.34211767
0.86907977,0.0,0.0014511569
0.61141336,0.0,0.0055825305
0.51426417,0.0,0.54496485
0.7071218,0.0,0.3900378
0.7113907,0.0,0.05127255
0.49353004,0.0,0.6118898
0.76109666,0.0,0.14432846
0.50987554,0.0,0.72237813
0.52732223,0.0,0.45756343
0.5646058,1.0,0.84034467
0.42271897,0.0,0.5556134
0.5169882,1.0,0.54203427
0.49602547,0.0,0.53613484
0.43971488,0.0,0.6690655
0.64560246,1.0,0.6667337
0.57708627,1.0,0.79569906
0.50729144,0.0,0.29406205
0.54782057,0.0,0.6283288
0.47407296,1.0,0.4163894
0.43103024,0.0,0.97454953
0.5846758,0.0,0.7467324
0.42491063,0.0,0.45658776
0.5694019,0.0,0.06586456
0.64212924,0.0,0.053502243
0.567915,0.0,0.68505234
0.6228936,0.0,0.6765375
0.581943,0.0,0.20766547
0.5702135,0.0,0.3552806
0.7332842,0.0,0.41618198
0.66890824,0.0,0.14582628
0.7330367,0.0,0.15284626
0.78778625,0.0,0.18578403
0.8587046,0.0,0.0
0.8330325,0.0,0.0077437325
0.78470963,0.0,0.09475785
0.9254289,0.0,0.05728497
0.83807075,0.0,0.05142621
0.89088035,0.0,0.030904211
0.7375075,0.0,0.3342532
0.9329541,0.0,0.00024187162
0.8484557,0.0,0.009384689
0.9252002,0.0,0.006060282
0.44692734,0.0,0.23053432
0.9440316,0.0,0.0007856999
0.6494849,0.0,0.006781643
0.82089007,0.0,0.19877253
0.83292496,0.0,0.19155641
0.9090639,0.0,0.008131143
0.717172,0.0,0.14844087
0.65501523,0.0,0.59778845
0.74164885,0.0,0.34830955
0.8843148,0.0,0.25432363
0.5650292,0.0,0.39577726
0.37078038,0.0,0.6712337
0.31043258,0.0,0.4599005
0.514314,0.0,0.15319847
0.8929365,0.0,0.014736617
0.6674299,0.0,0.0
0.83177376,0.0,0.027486451
0.8248458,0.0,0.0075627347
0.88041204,0.0,0.044550106
0.89051104,0.0,0.021609152
0.93215746,0.0,0.028540641
0.80148286,0.0,0.016043833
0.84459245,0.0,0.0057914536
0.865571,0.0,0.0014360351
0.90458494,0.0,0.04121502
0.93532455,0.0,0.009749459
0.9545916,0.0,0.0045875725
0.93899333,0.0,0.0
0.9211706,0.0,0.013553587
0.9089464,0.0,0.00047373382
0.8365028,0.0,0.019573571
0.7465028,0.0,0.14199774
0.80985016,0.0,0.0
0.8916832,0.0,0.03622705
0.6413563,0.0,0.4902441
0.81014943,0.0,0.47331485
0.55251014,0.0,0.46834597
0.9285022,0.0,0.016903123
0.7438464,0.0,0.07681033
0.6752803,0.0,0.26363328
0.59828997,0.0,0.14559726
0.9377955,0.0,0.0
0.8459242,0.0,0.01478267
0.54123104,0.0,0.3207588
0.7728392,0.0,0.15643238
0.9236484,0.0,0.0
0.80205244,0.0,0.10312053
0.8941976,0.0,0.00021194106
0.6823436,0.0,0.35173488
0.83242285,0.0,0.2935205
0.7806468,0.0,0.0
0.83301264,0.0,0.2452616
0.71098137,0.0,0.6292652
0.774985,0.0,0.39705262
0.65495574,0.0,0.11756678
0.68433166,0.0,0.79622096
0.70328516,0.0,0.5829986
0.6617126,0.0,0.057734918
0.7103412,0.0,0.42509153
0.9047277,0.0,0.41017115
0.8221998,0.0,0.3468237
0.75135326,0.0,0.08856874
0.88972986,0.0,0.00021752756
0.9006322,0.0,0.044601597
0.64474183,0.0,0.31840456
0.52007,0.0,0.041794688
0.8909922,0.0,4.137861e-05
0.8980135,0.0,0.3516911
0.59370327,0.0,0.584193
0.7487248,0.0,0.013331486
0.78473306,0.0,0.06835794
0.81930226,0.0,0.44526783
0.7562974,0.0,0.16971473
0.7944379,0.0,0.0036295194
0.8815966,0.0,0.18719472
0.84204733,0.0,0.34166664
0.76040804,0.0,0.81901246
0.70232105,0.0,0.1366638
0.7576118,0.0,0.68940747
0.8439758,0.0,0.28967318
0.79698014,0.0,0.06478369
0.7011546,0.0,0.18604775
0.9152325,0.0,0.042349562
0.76670486,0.0,0.31746763
0.74524605,0.0,0.21957994
0.7367622,0.0,0.012367414
0.8711945,0.0,0.053151026
0.72991353,0.0,0.084269956
0.8334537,0.0,0.0
0.50758785,0.0,0.008837644
0.86307836,0.0,0.0007133484
0.77853703,0.0,0.08415349
0.50877,0.0,0.4707422
0.5890232,0.0,0.49194017
0.91374123,0.0,0.15792772
0.6759802,0.0,0.40849292
0.92451,0.0,0.10557716
0.7982866,0.0,0.30344576
0.5920603,0.0,0.6079653
0.49903738,0.0,0.45028824
0.9180282,0.0,0.006834185
0.7932328,0.0,0.26732957
0.5509013,0.0,0.25436774
0.28937963,0.0,0.26783088
0.9397576,0.0,0.0
0.8091955,0.0,0.39545116
0.7361311,0.0,0.3738451
0.8694111,0.0,0.16273576
0.86443865,0.0,0.026162194
0.8065455,0.0,0.38601926
0.91265893,0.0,0.056137107
0.5918461,0.0,0.30895677
0.91789764,0.0,0.019758904
0.7461528,0.0,0.24275532
0.6571033,0.0,0.5757673
0.9549351,0.0,0.031772595
0.7185122,0.0,0.12148147
0.9112198,0.0,0.02264677
0.79692703,0.0,0.50292045
0.695324,0.0,0.29115003
0.61713696,0.0,0.6416562
0.73695076,0.0,0.4809416
0.5901945,0.0,0.10212332
0.9007464,0.0,0.13513337
0.65790474,0.0,0.36122462
0.55440885,0.0,0.62134725
0.7959923,0.0,0.038219046
0.88640255,0.0,0.064595245
0.6744203,0.0,0.39523974
0.70775396,0.0,0.40876737
0.8956261,0.0,0.00398887
0.5621954,0.0,0.2835883
0.46616617,0.0,0.7086462
0.6919905,0.0,0.18181224
0.87153554,0.0,0.0023758237
0.7377519,0.0,0.43841746
0.73271424,0.0,0.2441262
0.44925722,0.0,0.23778579
0.8858533,0.0,0.031534858
0.5319909,0.0,0.5542138
0.4815942,0.0,0.34397
0.7906025,0.0,0.006762
0.76584387,0.0,0.006804771
0.48552248,0.0,0.34951255
0.7697612,0.0,0.828771
0.79448026,0.0,0.109025694
0.6925041,0.0,0.46586514
0.76695174,0.0,0.49727282
0.75876665,0.0,0.5690876
0.6541635,0.0,0.03723856
0.57594293,0.0,0.19897701
0.7205413,0.0,0.0
0.82418084,0.0,0.0
0.51154,0.0,0.019515622
0.74648315,0.0,0.008384438
0.87133574,0.0,0.001002843
0.7627674,0.0,0.017254818
0.8605941,0.0,0.043420576
0.537698,0.0,0.02615199
0.8306307,0.0,0.016063105
0.5607946,0.0,0.21185999
0.8731879,0.0,0.046977043
0.38101494,0.0,0.17079818
0.9054893,0.0,0.010959064
0.62041694,0.0,0.51698923
0.5844629,0.0,0.16070594
0.47893435,0.0,0.16162808
0.9054778,0.0,0.015022436
0.6364231,0.0,0.08415245
0.5472723,1.0,0.38057816
0.54994977,1.0,0.5932993
0.64175195,1.0,0.19363227
0.79222167,1.0,0.19178161
0.6512679,1.0,0.2890354
0.59246695,1.0,0.538379
0.7406402,0.0,0.10810291
0.36944488,0.0,0.37217602
0.67239124,0.0,0.0
0.32799637,1.0,0.3291862
0.61934656,0.0,0.18286936
0.6664425,0.0,0.30417845
0.6236125,0.0,0.5656447
0.70956624,0.0,0.69737345
0.47189125,0.0,0.4039452
0.5936319,0.0,0.38331336
0.67123514,0.0,0.27702278
0.27324525,0.0,0.45686495
0.6883189,0.0,0.054376163
0.2469305,0.0,0.31122103
0.8147828,0.0,0.0
0.45877513,0.0,0.0
0.77243465,1.0,0.16479233
0.59388995,0.0,0.0
0.52348727,0.0,0.22077231
0.6780295,0.0,0.05314042
0.4542774,0.0,0.49190015
0.6497357,0.0,0.03390632
0.35778597,0.0,0.29227456
0.83749944,0.0,0.12760504
0.81120455,0.0,0.0917107
0.6256808,0.0,0.5460018
0.79695517,0.0,0.044793002
0.6232644,0.0,0.68468064
0.7369662,0.0,0.55221695
0.7852338,0.0,0.03377689
0.59542614,0.0,0.33731776
0.5994275,0.0,0.023822142
0.5744041,1.0,0.25528196
0.91827273,0.0,0.005577006
0.77793366,0.0,0.016132774
0.5651959,0.0,0.03494439
0.8767196,0.0,0.015781878
0.6158087,0.0,0.2384697
0.85273737,0.0,0.0120405005
0.72622603,0.0,0.3075271
0.9066754,0.0,0.18159576
0.83219767,0.0,0.1983746
0.88428503,0.0,5.2772924e-05
0.7829077,0.0,0.0061656334
0.91723436,0.0,0.0
0.67311066,0.0,0.007640665
0.73587245,0.0,0.0014279825
0.8274033,0.0,0.0059769736
0.82619816,0.0,0.021634672
0.8634405,0.0,0.015968693
0.8116139,1.0,0.4350194
0.4884686,1.0,0.5361511
0.5273815,0.0,0.25603005
0.5988275,0.0,0.54210556
0.43852025,0.0,0.105803505
0.45267865,0.0,0.09185832
0.43898493,0.0,0.6558835
0.4210184,0.0,0.31990603
0.7037013,0.0,0.0013372479
0.5752109,0.0,0.017828815
0.5791513,0.0,0.44944653
0.40136692,0.0,0.36657894
0.77538306,0.0,0.009582471
0.6594892,0.0,0.266794
0.56686515,0.0,0.09134451
0.48441306,0.0,0.50149953
0.5017347,0.0,0.08342486
0.8016543,0.0,0.060555883
0.56197625,0.0,0.14908572
0.55403256,0.0,0.34364152
0.69196266,0.0,0.011252669
0.7658952,0.0,0.3307698
0.4600389,0.0,0.63224614
0.5527273,0.0,0.39416215
0.75768435,0.0,0.11197474
0.66841555,1.0,0.3802868
0.58678883,0.0,0.46147838
0.657181,1.0,0.36944357
0.4547643,0.0,0.22461802
0.49380538,0.0,0.082951985
0.4917289,1.0,0.17937414
0.51492774,0.0,0.00045902995
0.431534,0.0,0.053181387
0.7434828,0.0,0.0011303534
0.62264526,0.0,0.0
0.64060956,0.0,0.27292794
0.8736991,0.0,0.0340093
0.35901868,0.0,0.4184644
0.75762945,0.0,0.0
0.40294352,0.0,0.4362299
0.73392075,0.0,0.15248041
0.38998523,0.0,0.41663963
0.6412949,0.0,0.12416675
0.42132777,0.0,0.29275447
0.8929014,0.0,0.0
0.32058638,0.0,0.030219277
0.39258417,0.0,0.34536347
0.73419744,0.0,0.0
0.9164148,0.0,0.0
0.53863937,0.0,0.23219523
0.46031442,0.0,0.5918189
0.8953743,0.0,0.16271546
0.31308472,0.0,0.25866243
0.60992366,0.0,0.00057158316
0.53449863,0.0,0.5102262
0.4068433,0.0,0.29996222
0.80632854,0.0,0.010876201
0.9276134,0.0,0.103321254
0.5897486,0.0,0.3275711
0.60936666,0.0,0.35694122
0.5750728,0.0,0.61138266
0.69170374,0.0,0.1530204
0.41792575,0.0,0.31003946
0.9390386,0.0,0.04714718
0.5372653,0.0,0.45104715
0.6628539,0.0,0.19535956
0.79080665,0.0,0.0
0.93000406,0.0,0.020452278
0.51929015,0.0,0.5609635
0.75116813,0.0,0.30418345
0.6608619,0.0,0.5067468
0.68300426,0.0,0.007272279
0.6662453,0.0,0.044929236
0.87023884,0.0,0.027795536
0.56680596,0.0,0.34124604
0.41592267,0.0,0.14389405
0.7626413,0.0,0.004920061
0.43730757,0.0,0.05882007
0.80587256,0.0,0.022291416
0.25943953,0.0,0.0974301
0.78385335,0.0,0.10103301
0.38970035,0.0,0.08523402
0.74705803,0.0,0.0123675205
0.50900316,0.0,0.20018129
0.9191479,0.0,0.006748253
0.64544433,0.0,0.18097857
0.70083135,0.0,0.08423059
0.7230541,0.0,0.07328314
0.6791312,0.0,0.0
0.8958331,0.0,0.0017625793
0.58972555,0.0,0.087138265
0.85623956,0.0,0.18202506
0.5406494,0.0,0.6315251
0.5905939,0.0,0.50588524
0.444977,0.0,0.6624487
0.6007259,0.0,0.1903916
0.5368563,1.0,0.669716
0.8152751,1.0,0.6637891
0.6870391,1.0,0.6567706
0.8510028,1.0,0.33867785
0.8102374,1.0,0.24393666
0.6055312,1.0,0.3221661
0.7283922,1.0,0.8598034
0.7566911,1.0,0.57045776
0.81028247,1.0,0.20548277
0.7211958,1.0,0.62294567
0.6228216,1.0,0.3328796
0.6066292,1.0,0.50700194
0.7214627,0.0,0.20846933
0.4657961,0.0,0.10612309
0.8827497,0.0,0.0
0.3898786,0.0,0.1760939
0.7680038,1.0,0.20401482
0.69704074,0.0,0.0977684
0.938383,0.0,0.0
0.87473035,0.0,0.0015013532
0.7690229,0.0,0.0
0.7186085,0.0,0.0006058722
0.8638556,0.0,0.0
0.7011262,0.0,0.090321824
0.725633,0.0,0.00044453036
0.3086217,0.0,0.31679773
0.6444989,0.0,0.53797174
0.8347074,0.0,0.040865485
0.9054186,0.0,0.23198865
0.89157593,0.0,0.010530187
0.9369859,0.0,0.029665591
0.9430164,0.0,0.0010510918
0.9317105,0.0,0.018056333
0.89547706,0.0,0.0012095452
0.8213418,0.0,0.0
0.79982394,0.0,0.034519333
0.9015147,0.0,0.0
0.77070546,0.0,0.07934428
0.7610327,0.0,0.08840895
0.78893346,0.0,0.071407326
0.6731582,0.0,0.52404314
0.5885828,0.0,0.36712268
0.47170514,0.0,0.37741596
0.6850379,0.0,1.0
0.5571256,0.0,0.47471568
0.69207275,0.0,0.43252975
0.6553087,0.0,0.23567708
0.5485208,0.0,0.65874916
0.6222802,0.0,0.5884787
0.5796234,0.0,0.23382503
0.5810025,0.0,0.4578423
0.5306154,0.0,0.61549133
0.44765317,0.0,0.56233335
0.6179399,0.0,0.40052778
0.6580586,0.0,0.47150302
0.60845035,0.0,0.30066583
0.7409956,0.0,0.33555427
0.79152685,0.0,0.10301779
0.762965,0.0,0.30356786
0.6248778,0.0,0.15556887
0.6297605,0.0,0.40382987
0.72210824,0.0,0.248979
0.8133649,0.0,0.0
0.44830376,0.0,0.37500185
0.3069958,0.0,0.5821192
0.937163,0.0,0.02156088
0.5551461,0.0,0.3725288
0.73577577,1.0,0.6700771
0.78208107,1.0,0.26412308
0.68782985,0.0,0.0224741
0.63487726,0.0,0.42150518
0.6879031,0.0,0.40078324
0.8658436,0.0,0.0
0.87846875,0.0,0.0993501
0.6060648,0.0,0.68404216
0.6161632,0.0,0.15286653
0.27393577,0.0,0.40377778
0.69179183,0.0,0.26396298
0.79951674,0.0,0.0
0.64940715,0.0,0.1748053
0.70640165,0.0,0.4629732
0.82912934,0.0,0.06739343
0.91540855,0.0,0.0
0.54038924,0.0,0.3300879
0.6526073,0.0,0.397836
0.8526088,0.0,0.080901206
0.9068599,0.0,0.0077296426
0.810483,0.0,0.5612377
0.7594235,1.0,0.481801
0.6190583,1.0,0.29387146
0.7918245,1.0,0.7199022
0.70151746,1.0,0.19781256
0.5400118,0.0,0.1096079
0.7924196,1.0,0.17780401
0.8990746,1.0,0.096449405
0.5938106,0.0,0.0
0.6801571,0.0,0.14004196
0.88052654,0.0,0.0
0.9061901,0.0,0.10579865
0.58260703,0.0,0.23774412
0.737431,0.0,0.20997542
0.8052654,0.0,0.0077141635
0.7472585,0.0,0.27499175
0.5164207,0.0,0.44205192
0.8152588,0.0,0.00441551
0.76463753,0.0,0.40221563
0.7155865,0.0,0.3647731
0.43303803,0.0,0.09174883
0.6401484,0.0,0.42792884
0.55130756,0.0,0.213762
0.5352339,0.0,0.68015486
0.5774908,0.0,0.36224747
0.714998,0.0,0.42796034
0.9234894,0.0,0.0865877
0.76199776,0.0,0.16146022
0.67489105,0.0,0.40507782
0.8098084,0.0,0.22738956
0.8617064,0.0,0.0
0.7632308,0.0,0.49667856
0.78498197,0.0,0.47691426
0.9085202,0.0,0.039527267
0.5824919,0.0,0.12637304
0.6242044,0.0,0.2961602
0.5260762,0.0,0.20481223
0.7803862,0.0,0.061960656
0.9482324,0.0,0.008013614
0.6728294,0.0,0.32242134
0.5281042,0.0,0.33522767
0.3789367,1.0,0.4254936
0.83321667,1.0,0.07909457
0.7960329,1.0,0.70373577
0.93230623,0.0,0.31495318
0.64311135,1.0,0.33225858
0.7741576,1.0,0.056303825
0.7942766,1.0,0.43255892
0.8299204,1.0,0.13464548
0.6598383,1.0,0.36158437
0.59673554,1.0,0.5818695
0.597266,1.0,0.50884515
0.8449701,0.0,0.072481975
0.78122133,1.0,0.1672929
0.62145734,0.0,0.27150244
0.48147523,0.0,0.5279639
0.81199867,0.0,0.027547605
0.75187045,0.0,0.3731139
0.62996477,0.0,0.55062735
0.8822881,0.0,0.3594536
0.8957494,0.0,0.075931154
0.75710595,0.0,0.38998947
0.74399185,0.0,0.38010317
0.8514745,0.0,0.0933199
0.7266892,0.0,0.4973412
0.6585693,0.0,0.34697247
0.57786626,0.0,0.35321885
0.8743567,0.0,0.074682765
0.94988984,0.0,0.011493536
0.61960804,0.0,0.38208842
0.70862234,0.0,0.57737815
0.8751603,0.0,0.012939101
0.85774165,0.0,0.051165625
0.52126205,0.0,0.34414604
0.8849976,1.0,0.4125791
0.9100084,0.0,0.0013445776
0.79813576,0.0,0.16679569
0.6746637,0.0,0.3034216
0.86469626,1.0,0.31178546
0.9231276,0.0,0.0032708577
0.76922303,1.0,0.30785102
0.72876084,1.0,0.5831508
0.75495344,1.0,0.3520483
0.87007326,1.0,0.02205759
0.8401565,0.0,0.07284744
0.65941906,0.0,0.3220855
0.88033766,1.0,0.34267202
0.8595058,0.0,0.0
0.8501446,1.0,0.18069977
0.7172646,1.0,0.6033206
0.46956185,0.0,0.108856775
0.53942645,0.0,0.73373026
0.8216445,0.0,0.39247867
0.8032343,0.0,0.027019538
0.667753,0.0,0.44296378
0.42354026,0.0,0.3781378
0.5801182,0.0,0.12257793
0.77344435,0.0,0.11006981
0.6333319,0.0,0.368951
0.50342935,0.0,0.5375432
0.72806036,0.0,0.690258
0.5545781,0.0,1.0
0.58606046,0.0,0.7405213
0.457215,0.0,0.29685947
0.502579,0.0,0.43147236
0.6280251,0.0,0.4139587
0.42120892,0.0,0.61151075
0.69360477,0.0,0.21330808
0.35824972,0.0,0.25010803
0.5963718,0.0,0.12732172
0.523782,0.0,0.58079493
0.6981128,0.0,0.5928386
0.8697652,0.0,0.10627803
0.5021049,0.0,0.24009342
0.582237,0.0,0.6263242
0.5258971,0.0,0.14922595
0.86034554,0.0,0.0
0.5666237,0.0,0.294482
0.46162546,0.0,0.42288944
0.74189043,0.0,0.04146968
0.59976155,0.0,0.06647514
0.46945328,0.0,0.47532445
0.6706037,0.0,0.29384357
0.86639947,0.0,0.17232613
0.7442977,0.0,0.6825418
0.65999645,0.0,0.45744953
0.7067778,0.0,0.68647254
0.770695,0.0,0.08666665
0.52909696,0.0,0.7849177
0.9102785,0.0,0.22175346
0.57335615,0.0,0.4678052
0.822096,0.0,0.23175052
0.5604349,0.0,0.7037374
0.79221314,1.0,0.3523858
0.67880225,0.0,0.0761
0.74549466,0.0,0.24074209
0.64456654,1.0,0.47153464
0.7355336,1.0,0.21074098
0.85168165,1.0,0.0818073
0.52514786,1.0,0.5428311
0.8513883,1.0,0.0814731
0.77738214,1.0,0.7048293
0.65589815,1.0,0.48542443
0.5973392,0.0,0.5303386
0.7404269,0.0,0.16113302
0.82934254,0.0,0.01898541
0.6539917,0.0,0.41334128
0.72180676,0.0,0.7326552
0.7336149,0.0,0.35886788
0.45917177,0.0,0.57032603
0.7123109,0.0,0.66100734
0.7796158,0.0,0.22653465
0.67493635,0.0,0.11986688
0.813508,0.0,0.02380006
0.72530925,0.0,0.25446767
0.607705,1.0,0.075063825
0.7055693,0.0,0.09337856
0.56995356,0.0,0.018505458
0.79775155,0.0,0.00014953256
0.4763837,0.0,0.38896248
0.75055116,0.0,0.18766433
0.40471026,0.0,0.5663449
0.7021513,0.0,0.8082019
0.75744927,0.0,0.3310718
0.65439975,0.0,0.8416503
0.65993387,1.0,0.5122751
0.7907987,1.0,0.14045389
0.71439344,1.0,0.19774629
0.5998834,1.0,0.37607193
0.8826507,0.0,0.25095448
0.88532263,1.0,0.015620846
0.8219526,0.0,0.0
0.9093342,0.0,0.0
0.7324239,0.0,0.10064649
0.8921201,0.0,0.07756941
0.6224766,0.0,0.59540784
0.80829525,0.0,0.39850435
0.7523985,0.0,0.7149961
0.7105927,0.0,0.63731617
0.7174228,0.0,0.102807015
0.76289105,0.0,0.06234869
0.76316535,0.0,0.026587129
0.7697072,0.0,0.1066318
0.69557804,0.0,0.0022319383
0.51664865,0.0,0.27865952
0.82719904,1.0,0.28833807
0.8156094,1.0,0.44839
0.7707104,1.0,0.122256234
0.672478,1.0,0.510042
0.6518653,0.0,0.42779708
0.87093496,1.0,0.007903918
0.67293507,0.0,0.14990838
0.52875674,0.0,0.2927153
0.83253926,0.0,0.042112064
0.39976355,0.0,0.27387285
0.31830996,0.0,0.37981635
0.34922487,0.0,0.72537726
0.4932653,0.0,0.3960992
0.5352105,0.0,1.0
0.74684256,0.0,0.5353275
0.75602347,0.0,0.38324952
0.47191617,0.0,0.44901684
0.6272028,0.0,0.10551902
0.40726545,0.0,0.6452038
0.7453587,0.0,0.054535266
0.56383157,0.0,0.33768982
0.2600994,0.0,0.48117802
0.53327787,0.0,0.68261296
0.53222793,0.0,0.10435704
0.37940958,0.0,0.50092673
0.89624083,0.0,0.08586629
0.4916314,0.0,0.21716584
0.66872925,0.0,0.0
0.33211288,0.0,0.49438912
0.89208454,0.0,0.06222903
0.42442706,0.0,0.6576885
0.35379046,0.0,0.13248798
0.31445637,0.0,0.80548954
0.532765,0.0,0.3786326
0.44631147,0.0,0.41795695
0.66794336,0.0,0.01690362
0.40214232,0.0,0.5994762
0.50604206,1.0,0.39593157
0.7222511,0.0,0.007913774
0.59149647,1.0,0.17136566
0.68554246,0.0,0.0
0.87366855,1.0,0.16650604
0.764211,0.0,0.12192892
0.71236134,0.0,0.42825627
0.67648286,1.0,0.8978357
0.59380066,1.0,0.454001
0.77765095,1.0,0.29796952
0.8028649,0.0,0.0010141023
0.7182657,0.0,0.0
0.69560295,1.0,0.23533353
0.74259514,0.0,0.03346708
0.6538525,1.0,0.3570579
0.38739926,0.0,0.685494
0.46848917,0.0,0.73232806
0.43603238,1.0,0.41766113
0.6544543,0.0,0.26294753
0.7043041,1.0,0.57511264
0.70796037,0.0,0.07650758
0.503591,1.0,0.27255532
0.3680844,1.0,0.66504216
0.4540365,0.0,0.45981467
0.817211,0.0,0.13603827
0.33484,0.0,0.41062877
0.49463058,0.0,0.57411647
0.81697303,0.0,0.42220953
0.65132034,0.0,0.058965124
0.4809975,0.0,0.5837476
0.75613666,0.0,0.060596604
0.6592788,0.0,0.27484265
0.44427544,0.0,0.5375962
0.59055704,0.0,0.5497188
0.6570423,0.0,0.252522
0.8765524,0.0,0.0
0.39191785,0.0,0.07523088
0.8874385,0.0,0.0
0.36286324,0.0,0.15123133
0.6426462,0.0,0.00064135937
0.18524994,0.0,0.34672672
0.45496863,0.0,0.30397362
0.5323619,0.0,0.019728312
0.56159633,0.0,0.31837684
0.3353178,0.0,0.5885045
0.57954687,0.0,0.49137974
0.7570878,0.0,0.051772203
0.6015295,0.0,0.34960687
0.4268759,0.0,0.15333788
0.59632725,0.0,0.25880858
0.8665558,0.0,0.0
0.65800464,0.0,0.16089194
0.8396783,0.0,0.0
0.4861773,1.0,0.3069134
0.7982305,0.0,0.067330085
0.7174632,1.0,0.6109186
0.6028447,0.0,0.37437087
0.6401723,1.0,0.11538508
0.6260413,0.0,0.80395746
0.59910643,1.0,0.6088014
0.56755626,1.0,0.26068473
0.47290334,0.0,0.09736703
0.39567414,0.0,0.3504192
0.2982638,0.0,0.032894693
0.38469428,0.0,0.3062043
0.7355768,0.0,0.0
0.56094563,0.0,0.36771226
0.74863154,0.0,0.20619415
0.6013696,0.0,0.29191816
0.44271097,0.0,0.7612267
0.41721073,0.0,0.98852354
0.6051644,0.0,0.4600668
0.5600741,0.0,0.3133389
0.64205384,0.0,0.417662
0.768155,0.0,0.024883138
0.675833,0.0,0.3331595
0.5183381,0.0,0.35458463
0.82344615,0.0,0.09663953
0.91450113,0.0,0.0
0.7617321,0.0,0.3439729
0.66509163,0.0,0.40394467
0.92351186,0.0,0.0
0.82223475,0.0,0.12360801
0.6150634,0.0,0.5509112
0.8355257,0.0,0.5558273
0.95116377,0.0,0.029784348
0.5251695,0.0,0.5863978
0.93461716,0.0,0.08677908
0.90984917,0.0,0.4167594
0.9254703,0.0,0.0009433978
0.88083845,0.0,0.0
0.9501518,0.0,0.0
0.8431227,0.0,0.018812349
0.88374925,0.0,0.0
0.7453648,0.0,0.06649278
0.68645704,0.0,0.16322103
0.63517123,0.0,0.11700425
0.57151467,0.0,0.62633973
0.77650887,0.0,0.4691279
0.7519626,0.0,0.19748224
0.74147856,0.0,0.46150708
0.5255342,0.0,0.40803525
0.8865948,0.0,0.16484639
0.44573748,0.0,0.07408277
0.65325856,0.0,0.40036118
0.6767427,0.0,0.18844841
0.91079897,0.0,0.26334232
0.79751825,0.0,0.13291377
0.7927519,0.0,0.6378437
0.770598,0.0,0.24721283
0.87927777,0.0,0.4623618
0.8833387,0.0,0.0014202622
0.67250466,0.0,0.02743532
0.9558115,0.0,0.009987754
0.7768357,0.0,0.0009966722
0.85574317,1.0,0.07745558
0.7912033,0.0,0.00011384324
0.67857426,0.0,0.0005915062
0.8253327,0.0,0.0
0.8045218,0.0,0.0
0.8156406,0.0,0.0060458523
0.7278315,0.0,0.0
0.8381541,0.0,0.0
0.9584411,0.0,0.0
0.92099816,0.0,0.027199943
0.92142355,0.0,0.00017367833
0.90781283,0.0,0.0053764093
0.86773896,0.0,0.21670564
0.89264053,0.0,0.24883121
0.918584,0.0,0.24129036
0.72314245,0.0,0.31530026
0.8898827,0.0,0.57325345
0.85785896,0.0,0.6270637
0.6889332,0.0,0.502269
0.54878324,0.0,0.038374342
0.74745643,0.0,0.4567881
0.81623816,0.0,0.162226
0.4785988,0.0,0.59056383
0.89545894,0.0,0.34538817
0.8427941,0.0,0.41042683
0.87462425,0.0,0.112718835
0.5252224,0.0,0.55339533
0.86961466,0.0,0.043534286
0.82776135,1.0,0.55243987
0.6023689,1.0,0.53491277
0.62577933,1.0,0.6549659
0.7138213,1.0,0.36112392
0.9308906,1.0,0.20577131
0.92767555,1.0,0.30615684
0.6724548,1.0,0.56464106
0.8283108,1.0,0.47823873
0.8920406,1.0,0.0459825
0.67582965,1.0,0.24910313
0.8519307,1.0,0.21523117
0.93811977,0.0,0.0
0.6330076,1.0,0.43328488
0.6092645,1.0,0.6557332
0.82911086,1.0,0.22789411
0.80977076,0.0,0.2856792
0.60494363,1.0,0.7875656
0.57110023,0.0,0.39921388
0.66212094,0.0,0.013433883
0.8889303,0.0,0.010172701
0.7017785,0.0,0.18891257
0.843299,0.0,0.0
0.5621639,0.0,0.10827307
0.5933891,0.0,0.3795607
0.75367683,0.0,0.0
0.7328575,0.0,0.0
0.8249281,0.0,0.24980405
0.8770365,0.0,0.0279737
0.92451835,0.0,0.0
0.84385794,0.0,0.0
0.7516374,0.0,0.07697757
0.79571503,1.0,0.321015
0.9264115,1.0,0.106017984
0.9054872,0.0,0.0
0.9205611,1.0,0.07472225
0.89002126,0.0,0.012730518
0.8823466,0.0,0.0
0.9250212,0.0,0.0
0.86100894,0.0,0.10096266
0.76357573,0.0,0.15398085
0.831503,0.0,0.0
0.8979784,0.0,0.0
0.8145275,0.0,0.47288728
0.61012834,0.0,0.18911964
0.8188793,0.0,0.12175759
0.8006137,0.0,0.48862684
0.82602924,0.0,0.06288131
0.8836287,0.0,0.07603056
0.78136367,0.0,0.6163971
0.5880084,0.0,0.18588135
0.7863887,0.0,0.0065038134
0.5174999,0.0,0.14377326
0.69142205,0.0,0.3968081
0.44824138,0.0,0.09762643
0.87498254,0.0,0.005803513
0.8675517,0.0,0.32766765
0.42594507,0.0,0.6669681
0.69614875,0.0,0.046732545
0.54230225,0.0,0.41955024
0.8181108,0.0,0.035651688
0.51705563,0.0,0.5736476
0.7316956,0.0,0.44142023
0.80710864,0.0,0.004225565
0.802494,0.0,0.28127638
0.7420881,0.0,0.02202405
0.59188586,0.0,0.2726607
0.8496231,0.0,0.12649538
0.8803184,0.0,0.34586242
0.82854044,0.0,0.012565928
0.70944965,1.0,0.24812394
0.63927484,1.0,0.4560473
0.8628997,0.0,0.008477724
0.8835576,1.0,0.11337082
0.7336991,1.0,0.27972445
0.8767138,0.0,0.07372068
0.6776128,0.0,0.30301684
0.6485477,0.0,0.5685911
0.8589674,0.0,0.75132704
0.82265174,0.0,0.1546574
0.77992773,0.0,0.16692267
0.93215847,0.0,0.33317667
0.7764625,0.0,0.0030808502
0.9363457,0.0,0.0047957227
0.90893495,0.0,0.0026793755
0.7469041,0.0,0.03564905
0.8890253,0.0,0.0
0.87503946,0.0,0.24144398
0.85725665,0.0,0.105200805
0.93378395,0.0,0.0013597116
0.8746082,0.0,0.0
0.7791054,0.0,0.2769362
0.62717766,0.0,0.0044722143
0.9359219,0.0,0.011298133
0.7219141,0.0,0.23992863
0.6734738,0.0,0.18574412
0.90799,0.0,0.0022779151
0.94724524,0.0,0.07579632
0.85715574,0.0,0.28019786
0.7249066,0.0,0.30087304
0.56267434,0.0,0.6944005
0.87809074,0.0,0.44056848
0.7335245,0.0,0.02335012
0.56695145,0.0,0.31579763
0.5265067,0.0,0.42244655
0.445236,0.0,0.7162987
0.87097764,0.0,0.041410092
0.73066854,0.0,0.11797847
0.57470345,0.0,0.6126012
0.6406302,0.0,0.23423555
0.7996366,0.0,3.7932765e-05
0.5417709,0.0,0.30507034
0.54194367,0.0,0.3756085
0.83239144,0.0,0.04899806
0.74438566,0.0,0.0027182852
0.8876539,0.0,0.2565204
0.5485134,0.0,0.23909566
0.6791964,0.0,0.0049371757
0.5186456,1.0,0.48875406
0.6685499,1.0,0.4551816
0.6987649,0.0,0.07614828
0.7601142,0.0,0.0010927214
0.39094788,1.0,0.42576522
0.7956347,0.0,0.55627763
0.8566378,0.0,0.16761322
0.91138095,0.0,0.3725219
0.7157966,0.0,0.5521467
0.77839184,0.0,0.65850097
0.8469082,0.0,0.14564146
0.5117234,0.0,0.4230146
0.56996405,0.0,0.8356506
0.44323298,0.0,0.28152493
0.93258494,0.0,0.12875868
0.7424409,0.0,0.18297601
0.7274394,0.0,0.06061959
0.79362303,0.0,0.0
0.7302731,0.0,0.0015454063
0.88844997,0.0,0.0019277731
0.83912337,1.0,0.056466695
0.8770995,1.0,0.036599763
0.900518,1.0,0.37569487
0.95250267,1.0,0.18873289
0.7705458,1.0,0.43608856
0.87861496,0.0,0.3676562
0.9264199,0.0,0.08550111
0.95702094,0.0,0.002458711
0.9389258,1.0,0.12448542
0.93727225,0.0,0.008731655
0.7845053,0.0,0.088169105
0.8833042,0.0,0.0
0.91809064,0.0,0.044877704
0.7756774,0.0,0.007790899
0.9141825,0.0,0.060353253
0.82640743,0.0,0.0
0.80025864,0.0,0.18162753
0.66725075,0.0,0.6914421
0.6934966,0.0,0.56147
0.84012306,0.0,0.5271449
0.71038663,0.0,0.12688673
0.69667727,0.0,0.19736464
0.8740727,0.0,0.030462608
0.68012094,0.0,0.00076989376
0.86411595,0.0,0.04976491
0.9371905,0.0,0.0
0.8871535,0.0,0.018741315
0.87829596,0.0,0.0011533113
0.9056827,0.0,0.0039549
0.74082327,0.0,0.06521563
0.5282715,0.0,0.29349738
0.7586476,0.0,0.024954563
0.74453676,0.0,0.78435427
0.9105711,0.0,0.1697914
0.6627368,0.0,0.34255597
0.6169009,1.0,0.4879494
0.7354622,0.0,0.40752885
0.66203886,0.0,0.41065666
0.9461336,0.0,0.071536265
0.78565246,1.0,0.28710654
0.7049651,0.0,0.506288
0.8952497,0.0,0.090103194
0.9198102,0.0,0.11755169
0.7791173,0.0,0.43304324
0.7536662,0.0,0.20659429
0.9438595,0.0,0.0
0.9476276,0.0,0.16145703
0.83836794,0.0,0.28309268
0.83836484,0.0,0.0
0.93589497,0.0,0.004877698
0.93928385,0.0,0.19073322
0.55957943,0.0,0.4559768
0.6274092,0.0,0.22049896
0.90512186,0.0,0.055142798
0.78634447,0.0,0.70282143
0.47330362,0.0,0.34618214
0.6375221,0.0,0.7981514
0.6676474,0.0,0.34495905
0.52882004,0.0,0.18574262
0.69155306,0.0,0.16818118
0.8533442,0.0,0.0
0.8858796,0.0,0.011795723
0.872707,0.0,0.0
0.93544537,0.0,0.013809844
0.82666284,0.0,0.031132413
0.942266,0.0,0.0
0.9164214,0.0,0.056409337
0.9448422,0.0,0.07989713
0.90984213,0.0,0.123459905
0.87519103,0.0,0.044646043
0.9157106,0.0,0.0
0.9084782,0.0,0.2092679
0.935706,0.0,0.0011381994
0.90946394,0.0,0.011154644
0.69813913,0.0,0.0030406278
0.935317,0.0,0.00010246551
0.85941845,0.0,0.13540235
0.7222186,0.0,0.41721806
0.7173632,0.0,0.43829894
0.96765476,0.0,0.07515553
0.7790711,0.0,0.3488017
0.7944847,0.0,0.2863064
0.82803917,0.0,0.329253
0.7064602,0.0,0.079758376
0.6023341,0.0,0.25853315
0.71785915,0.0,0.025675137
0.69422907,0.0,0.40376946
0.76761436,0.0,0.33115354
0.79144037,0.0,0.49275953
0.91478,0.0,0.05221982
0.74055725,0.0,0.4619087
0.92070574,0.0,0.17116134
0.7163599,0.0,0.2656582
0.8571454,0.0,0.48309955
0.64976734,0.0,0.4480007
0.7828291,0.0,0.42300135
0.54167295,0.0,0.71989614
0.77702355,0.0,0.120840766
0.78358936,0.0,0.19419606
0.850929,0.0,0.045638923
0.8224878,0.0,0.022605445
0.8683091,0.0,0.00032761492
0.7474158,0.0,0.25698408
0.81920147,0.0,0.025461918
0.77689993,0.0,0.32778537
0.7757729,0.0,0.24749653
0.8877946,0.0,0.0018017062
0.7413683,0.0,0.2196429
0.707453,0.0,0.41451007
0.85772485,0.0,0.083112404
0.94242966,0.0,0.003369541
0.8150483,0.0,0.18942602
0.79151124,0.0,0.2271034
0.89638215,0.0,0.0
0.87122,0.0,0.06376399
0.8440367,0.0,0.5223627
0.6932166,0.0,0.30502355
0.90238774,0.0,0.014724758
0.90097314,0.0,0.06968911
0.7744334,0.0,0.5499165
0.697489,0.0,0.5191931
0.92002755,0.0,0.25760898
0.6179831,0.0,0.70803505
0.86739236,0.0,0.061715618
0.7884183,0.0,0.37128896
0.6250367,0.0,0.08052694
0.6284583,0.0,0.29328182
0.6371777,0.0,0.2304773
0.87229,0.0,0.018696262
0.68860453,0.0,0.049374327
0.870544,0.0,0.0
0.92739993,0.0,0.005376591
0.9332923,0.0,0.0
0.88798285,0.0,0.0003015746
0.9148892,0.0,0.001431557
0.91540104,0.0,0.0
0.875309,0.0,0.011247116
0.88997734,0.0,0.021525707
0.82232046,0.0,0.0058232956
0.9085311,0.0,0.0
0.9721034,0.0,0.0
0.79714763,0.0,0.0024242834
0.87661576,0.0,0.0016419481
0.9618116,0.0,0.0
0.8648301,0.0,0.041880343
0.83597136,0.0,0.46787554
0.6479737,0.0,0.74005127
0.7950179,0.0,0.5004198
0.925955,0.0,0.03615968
0.6583326,0.0,0.42400604
0.73394424,0.0,0.19848412
0.902307,0.0,0.16672854
0.80820835,0.0,0.23608701
0.8511658,0.0,0.2439232
0.88334954,0.0,0.0
0.7385938,0.0,0.00038366584
0.74256057,0.0,0.0
0.860148,0.0,0.037720084
0.67313975,0.0,0.039265845
0.8184895,0.0,0.006213536
0.9107889,0.0,0.034202483
0.91242814,0.0,0.0751055
0.9261295,0.0,0.0050243563
0.8948896,0.0,0.07749211
0.73716086,0.0,0.53248984
0.86087734,0.0,0.08045911
0.95364773,0.0,0.02795013
0.7642612,0.0,0.28688776
0.83812493,0.0,0.3413125
0.93287385,0.0,0.060613032
0.91759765,0.0,0.3806669
0.8013414,0.0,0.66364133
0.7806343,0.0,0.47715878
0.6831398,0.0,0.56984
0.63896483,0.0,0.10979277
0.7724378,0.0,0.3249099
0.6511273,0.0,0.4398112
0.5266528,0.0,0.24205256
0.94993305,0.0,0.008226388
0.9051877,0.0,0.0944918
0.62990373,0.0,0.26591784
0.85633796,0.0,0.19625501
0.93375456,0.0,0.026180157
0.6774961,0.0,0.03221179
0.84760326,0.0,0.003377744
0.85450387,0.0,0.11055809
0.7704877,0.0,0.040383168
0.732141,0.0,0.008922337
0.69636565,0.0,0.010275487
0.8257973,0.0,0.0035039845
0.89276993,0.0,0.0
0.749747,0.0,0.00016374433
0.9205217,0.0,0.0
0.9471158,0.0,0.0
0.9491681,0.0,0.008024763
0.9339033,0.0,0.0013419886
0.785555,0.0,0.20200676
0.92425257,0.0,0.12011973
0.92353827,0.0,0.00080684025
0.90728116,0.0,0.01234863
0.7141538,0.0,0.32993537
0.76199317,0.0,0.44134894
0.9242145,0.0,0.25765648
0.6546459,0.0,0.7794976
0.73586303,0.0,0.3654419
0.81553185,0.0,0.021303462
0.8915417,0.0,0.12307253
0.5915578,0.0,0.35757795
0.8025239,0.0,0.26827508
0.93950665,0.0,0.0
0.80252486,0.0,0.4440483
0.8274454,0.0,0.6832427
0.91464835,0.0,0.20460233
0.79524034,0.0,0.3001925
0.90104383,0.0,0.003743442
0.8225916,0.0,0.04069258
0.93326896,0.0,0.014897584
0.9466737,0.0,0.0
0.9088567,0.0,0.018675508
0.8716534,0.0,0.00091602164
0.6761961,0.0,0.0
0.8971075,0.0,0.0004433334
0.7669242,0.0,0.00056493626
0.879557,0.0,0.0012817162
0.83157676,0.0,0.0032649983
0.85324305,0.0,0.069212325
0.9397175,0.0,0.20351079
0.94539267,0.0,0.039522078
0.9602048,0.0,0.0014744158
0.80204916,0.0,0.5425417
0.7532734,0.0,0.2053343
0.7368941,0.0,0.5294396
0.87486917,0.0,0.1710527
0.9276417,0.0,0.17578447
0.88613296,0.0,0.018589566
0.95102775,0.0,0.014243514
0.80543625,0.0,0.0009480129
0.7272929,0.0,0.18685937
0.89744925,0.0,0.0008946027
0.8790766,0.0,0.0
0.9342171,0.0,0.0055233804
0.85845345,0.0,0.005248535
0.94231385,0.0,0.00023318174
0.9211546,0.0,0.0056192577
0.8887719,0.0,0.0022668021
0.86441845,0.0,0.006499917
0.9433387,0.0,0.0039931354
0.7938715,0.0,0.060738355
0.71333003,0.0,0.0045623058
0.7870288,0.0,0.40330198
0.867181,0.0,0.47021174
0.92495555,0.0,0.2866435
0.48565656,0.0,0.37020454
0.95016587,0.0,0.06703313
0.8131007,0.0,0.108527355
0.74641067,0.0,0.49942672
0.6145566,0.0,0.34584418
0.90001076,0.0,0.01677621
0.9290146,0.0,0.06841023
0.59897333,0.0,0.5887299
0.84617966,0.0,0.29115677
0.9573877,0.0,0.01195864
0.53081113,0.0,0.29543382
0.8665579,0.0,0.029097956
0.89418566,0.0,0.0779147
0.87954843,0.0,0.39984515
0.58791196,0.0,0.37774315
0.95569324,0.0,0.00048702257
0.9471745,0.0,0.06745795
0.8508609,0.0,0.08742639
0.6106386,0.0,0.40731898
0.92131096,0.0,0.13931978
0.7201962,0.0,0.24456485
0.7345632,0.0,0.3513153
0.943364,0.0,0.014306947
0.87791485,0.0,0.050213408
0.726757,0.0,0.24196798
0.59870553,0.0,0.44074464
0.8275799,0.0,0.06665652
0.9318742,0.0,0.13796991
0.76284873,0.0,0.35647127
0.8956831,0.0,0.025752872
0.68892646,0.0,0.35782272
0.65361404,0.0,0.31695458
0.71251094,0.0,0.3841575
0.7892484,0.0,0.62639034
0.60450965,0.0,0.32613954
0.7737241,0.0,0.7421505
0.8031698,0.0,0.70045626
0.7255357,0.0,0.115308054
0.7836742,0.0,0.33456117
0.91882986,0.0,0.0096669085
0.6365033,0.0,0.15059789
0.8385459,0.0,0.003638375
0.81598324,0.0,0.0
0.96397024,0.0,0.0
0.9351964,0.0,0.007648044
0.9386444,0.0,0.013446406
0.921799,0.0,0.0
0.86509156,0.0,0.08608792
0.8108793,0.0,0.067703
0.8087596,0.0,0.011045291
0.91700786,0.0,0.00477471
0.93523216,0.0,0.0
0.9328585,0.0,0.016665604
0.92399734,0.0,0.013476021
0.95549524,0.0,0.055054583
0.93873715,0.0,0.07435528
0.9398543,0.0,0.13291508
0.9510933,0.0,0.07599534
0.9277693,0.0,0.04905954
0.76216274,0.0,0.5447295
0.6493732,0.0,0.51577854
0.8536086,0.0,0.35186672
0.53636676,0.0,0.3578635
0.9110752,0.0,0.08301217
0.8419701,0.0,0.0
0.90039814,0.0,0.009716045
0.85972893,0.0,0.04352726
0.8830814,0.0,0.0028938372
0.8854543,0.0,0.25422034
0.8584877,0.0,0.17242192
0.92368734,0.0,0.040030375
0.93248564,0.0,0.02441135
0.92808384,0.0,0.05236226
0.83047473,0.0,0.008627306
0.8202695,0.0,0.0
0.92292863,0.0,0.021448273
0.9166838,0.0,0.0009516249
0.9198644,0.0,0.06013597
0.8833717,0.0,0.08403689
0.80864316,0.0,0.66961527
0.78984267,0.0,0.5732601
0.8972137,0.0,0.23800272
0.8207684,0.0,0.21066417
0.8057989,0.0,0.416845
0.8206146,0.0,0.04674286
0.64954454,0.0,0.6308687
0.77516335,0.0,0.29000032
0.72918063,0.0,0.25049505
0.8651675,0.0,0.0076131513
0.8121577,0.0,0.0
0.8787635,0.0,0.025062567
0.92697626,0.0,0.0012150347
0.8448936,0.0,0.0022699216
0.88267946,0.0,0.008400709
0.9361531,0.0,0.049302753
0.8508508,0.0,0.0
0.8505349,0.0,0.34304792
0.8052469,0.0,0.42557532
0.874204,0.0,0.012470886
0.73216605,0.0,0.23768236
0.94306624,0.0,0.25806797
0.8913329,0.0,0.033121523
0.88886666,0.0,0.078611195
0.948671,0.0,0.0012649408
0.8351702,0.0,0.005841117
0.8055729,0.0,0.0
0.9538283,0.0,0.0064228554
0.90188867,0.0,0.0
0.8342337,0.0,0.039282527
0.8513774,0.0,0.0057547404
0.90895563,0.0,0.07306887
0.9754503,0.0,0.010349051
0.95981604,0.0,0.16882434
0.9187567,0.0,0.12033805
0.9545113,0.0,0.0037969875
0.9208056,0.0,0.080492616
0.78368545,0.0,0.18788166
0.9277063,0.0,0.21881649
0.9545382,0.0,0.0016278399
0.96882474,0.0,0.20744443
0.7528074,0.0,0.2788196
0.74752074,0.0,0.54354393
0.9332947,0.0,0.4128391
0.7366224,0.0,0.591132
0.80211794,0.0,0.3849696
0.8630619,0.0,0.01405368
0.76488495,0.0,0.7176794
0.8508013,0.0,0.42157584
0.8840558,0.0,0.34310588
0.8171625,0.0,0.5683014
0.7600274,0.0,0.21580663
0.92041004,0.0,0.011635104
0.8413605,0.0,0.11695885
0.80611265,0.0,0.45709938
0.8182082,0.0,0.18276124
0.9573525,0.0,0.0
0.7899686,0.0,0.40893567
0.76761353,0.0,0.45210359
0.86313224,0.0,0.099209
0.8015648,1.0,0.71952426
0.82569283,1.0,0.41660088
0.90728694,0.0,0.068480305
0.7320499,0.0,0.3232699
0.6346938,0.0,0.55149776
0.88473046,0.0,0.013674185
0.76290464,0.0,0.1392339
0.91674787,0.0,0.013774184
0.8419585,0.0,0.0073008514
0.7659577,0.0,0.0067507764
0.9205674,0.0,0.0
0.85726774,0.0,0.26181528
0.6620435,0.0,0.024644844
0.89631104,0.0,0.0018876302
0.8534992,0.0,0.054361783
0.91726506,0.0,0.0
0.9017745,0.0,0.04740986
0.72487277,0.0,0.22247201
0.70978177,0.0,0.24672876
0.94628453,0.0,0.124348156
0.5439134,0.0,0.07573021
0.6898616,0.0,0.14323056
0.5586045,0.0,0.10740174
0.90116984,0.0,0.0
0.88607,0.0,0.15577118
0.8813373,0.0,0.32785308
0.9230506,0.0,0.2313474
0.7615573,0.0,0.30418634
0.51282346,0.0,0.2202437
0.7079046,0.0,0.40950876
0.7807145,0.0,0.53343385
0.4853823,0.0,0.52299017
0.81798124,0.0,0.91673416
0.6562042,0.0,0.5032958
0.8762987,0.0,0.15667512
0.59985745,0.0,0.3688616
0.655154,0.0,0.3533714
0.6121734,0.0,0.10558689
0.76433533,0.0,0.086383075
0.8914326,0.0,0.15733816
0.9229686,0.0,0.01174043
0.9370561,0.0,0.086522885
0.9074216,0.0,0.021478543
0.9202356,0.0,0.0043815067
0.9195564,0.0,0.0139470855
0.84963864,0.0,0.03851767
0.92524457,0.0,0.0037360005
0.9570216,0.0,0.020223381
0.9437515,0.0,0.0
0.9357037,0.0,0.010220336
0.9362338,0.0,0.058946528
0.9500198,0.0,0.010507263
0.95418113,0.0,0.10171311
0.91625595,0.0,0.054981504
0.953792,0.0,0.017283902
0.8873997,0.0,0.081941575
0.8131246,0.0,0.37325844
0.93442124,0.0,0.060073722
0.9654647,0.0,4.9862316e-05
0.9222126,0.0,0.20207629
0.8542682,0.0,0.38087308
0.87960386,0.0,0.13410117
0.9431659,0.0,0.17153044
0.77242947,0.0,0.6153981
0.78320175,0.0,0.33812207
0.65882695,1.0,0.4311824
0.7917661,0.0,0.07767634
0.35555366,1.0,0.6443846
0.5230062,0.0,0.2670536
0.8256023,0.0,0.0060328445
0.92058784,0.0,0.24656823
0.9393016,0.0,0.0077619995
0.7361201,0.0,0.00055011606
0.89271784,0.0,0.07612054
0.82316905,0.0,0.56477314
0.954256,0.0,0.23212916
0.9272686,0.0,0.0
0.7456903,0.0,0.25965777
0.768232,0.0,0.07728256
0.5782216,0.0,0.2541633
0.77367157,0.0,0.11320999
0.87330157,0.0,0.010160126
0.9230631,0.0,0.0060450723
0.7797312,0.0,0.2810887
0.95644295,0.0,0.039353322
0.892524,0.0,0.0005905863
0.9293122,0.0,0.0
0.76853544,0.0,0.09371476
0.9068737,0.0,0.012558523
0.8845335,0.0,0.121556796
0.76569325,1.0,0.25981036
0.7510164,0.0,0.0918306
0.84429747,1.0,0.3332154
0.848895,0.0,0.011420471
0.68746215,0.0,0.1358365
0.9177988,0.0,0.06625792
0.83127403,0.0,0.060629487
0.8162173,0.0,0.48823565
0.9397556,0.0,0.34333858
0.8779615,0.0,0.3885218
0.8089103,0.0,0.2990303
0.90001196,0.0,0.023444643
0.88417226,0.0,0.10686476
0.94326305,0.0,0.019648414
0.9319817,0.0,0.06690529
0.94463986,0.0,0.007690022
0.9431594,0.0,0.013797614
0.96631205,0.0,0.0
0.9337739,0.0,0.0048175743
0.94269866,0.0,0.010605234
0.95083946,0.0,0.0
0.9734495,0.0,0.0
0.8923396,0.0,0.14202823
0.9105056,0.0,0.31279784
0.94459677,0.0,0.33131084
0.8416826,0.0,0.51423407
0.886023,0.0,0.09483902
0.9269768,0.0,0.016071076
0.72609943,0.0,0.67806864
0.90493286,0.0,0.22915182
0.9022285,0.0,0.034409504
0.789684,0.0,0.42778328
0.77556294,0.0,0.3432283
0.9208456,0.0,0.026888877
0.8908954,0.0,0.31568596
0.79829144,0.0,0.6816207
0.8815854,0.0,0.2781291
0.9457306,0.0,0.5134333
0.85491186,0.0,0.49894154
0.8601228,0.0,0.43905622
0.70075923,0.0,0.35665125
0.84459907,0.0,0.3834436
0.62528,0.0,0.29086643
0.90214115,0.0,0.020111915
0.668829,0.0,0.5809776
0.7007434,1.0,0.31662652
0.76103264,1.0,0.44438457
0.68535805,1.0,0.6212292
0.6174993,1.0,0.6125664
0.66095126,1.0,0.43495017
0.68178374,1.0,0.6265778
0.6472102,1.0,0.34022957
0.9400387,1.0,0.16367099
0.63284785,1.0,0.4014817
0.586328,1.0,0.6282815
0.8597815,0.0,0.1924936
0.72138476,0.0,0.035351127
0.6149774,0.0,0.46451256
0.87454104,0.0,0.15273131
0.8210836,0.0,0.007819972
0.7108502,0.0,0.31884697
0.6376307,0.0,0.5254605
0.87963617,0.0,0.021490995
0.8587798,0.0,0.018777976
0.5924989,0.0,0.60989827
0.8629505,0.0,0.5707214
0.8487623,0.0,0.013666765
0.796151,0.0,0.30028743
0.61932856,0.0,0.5781477
0.7171403,0.0,0.6465354
0.7307061,0.0,0.32837212
0.6260346,0.0,0.7468575
0.42062902,0.0,0.6598165
0.7776059,0.0,0.16028383
0.66784006,0.0,0.3210754
0.77274126,0.0,0.00022235334
0.66120696,0.0,0.19211408
0.9148962,0.0,0.0017892272
0.5801883,0.0,0.35578656
0.5041995,0.0,0.37368354
0.7417297,0.0,0.0
0.7222615,0.0,0.09225969
0.8271628,0.0,0.06018789
0.7317062,0.0,0.1632073
0.8160789,0.0,0.27488643
0.67568696,0.0,0.49755153
0.41875136,0.0,0.5700326
0.78947246,0.0,0.7077677
0.7527136,0.0,0.3404362
0.6641348,0.0,0.86775494
0.80244243,0.0,0.61555463
0.78505236,0.0,0.37942922
0.85987663,0.0,0.47627258
0.7803372,0.0,0.46049467
0.8776001,0.0,0.045659576
0.73552155,0.0,6.881211e-05
0.7069938,0.0,0.19750686
0.36000162,0.0,0.4594297
0.6809618,0.0,0.0060296245
0.5684857,0.0,0.34519902
0.816508,0.0,0.021048574
0.63648003,0.0,0.28319415
0.8609531,0.0,0.00045970306
0.78986216,0.0,0.36186442
0.7448721,0.0,0.60754293
0.8252121,0.0,0.22561893
0.8782801,0.0,0.17203802
0.8822686,0.0,0.00078136654
0.82989126,0.0,0.0
0.8713719,0.0,0.0
0.95630753,0.0,0.0
0.949628,0.0,0.010244152
0.9391681,0.0,0.098727114
0.57869387,1.0,0.4289578
0.6318056,1.0,0.7294594
0.9042677,0.0,0.41555735
0.9381134,0.0,0.013948122
0.94304395,0.0,0.093311384
0.8761302,0.0,0.06915912
0.80556804,0.0,0.23369661
0.96721786,0.0,0.08934549
0.84046763,0.0,0.00029485216
0.91869503,0.0,0.0
0.9025353,0.0,0.23215407
0.90626067,0.0,0.0154348165
0.90034616,0.0,0.0
0.94429004,0.0,0.0
0.78379244,0.0,0.12888849
0.8625585,0.0,0.46694344
0.8356777,0.0,0.1957744
0.7602412,0.0,0.63826907
0.77033734,0.0,0.19340123
0.5938831,0.0,0.29931113
0.7089141,0.0,0.3196015
0.8358714,0.0,0.26887423
0.5668192,0.0,0.24321315
0.868469,0.0,0.0689565
0.79718745,0.0,0.18486942
0.78185713,0.0,0.023595357
0.8137564,0.0,0.45669627
0.8748621,0.0,0.40371737
0.80386335,0.0,0.43652692
0.7897143,0.0,0.6435932
0.8033309,0.0,0.32266584
0.5888994,0.0,0.4959078
0.7029048,0.0,0.21530291
0.7480341,0.0,0.62348646
0.7221073,0.0,0.36166772
0.9045837,0.0,0.02373506
0.864916,0.0,0.2677897
0.8498335,0.0,0.39852887
0.8366754,0.0,0.19725743
0.7270692,0.0,0.0020810696
0.84716463,0.0,0.021122908
0.82343376,0.0,0.08952482
0.88202685,0.0,0.016372463
0.7136087,0.0,0.3334406
0.67003804,0.0,0.38012034
0.80160356,1.0,0.33364606
0.79516387,0.0,0.049938142
0.87660617,0.0,0.095794156
0.7746047,0.0,0.54095435
0.9227284,0.0,0.52034575
0.7518322,0.0,0.19581601
0.7576879,0.0,0.54026365
0.8334472,0.0,0.12167484
0.76714146,1.0,0.6596174
0.865398,1.0,0.38495988
0.8775027,0.0,0.00021461386
0.35004795,0.0,0.15922678
0.6209843,0.0,0.32135805
0.88957953,0.0,0.06885279
0.84782004,0.0,0.0
0.7686931,0.0,0.07318666
0.81906456,0.0,0.5537779
0.90160656,0.0,0.21463421
0.9280803,0.0,0.00024199404
0.6947414,0.0,0.33499604
0.7586555,0.0,0.6049328
0.7232484,0.0,0.24409789
0.6973863,0.0,0.16464278
0.54264396,0.0,0.5170529
0.7255361,0.0,0.7263181
0.8020677,0.0,0.48267052
0.6782726,0.0,0.44636056
0.81019527,0.0,0.16668041
0.8585646,0.0,0.36892143
0.57709956,0.0,0.42364952
0.7029341,0.0,0.097317725
0.932174,0.0,0.0
0.82505506,0.0,0.38084617
0.5931957,0.0,0.5522761
0.8885299,0.0,0.03986427
0.93466085,0.0,0.0006590103
0.7989229,0.0,0.31916276
0.59458774,0.0,0.15173109
0.9456674,0.0,0.009320033
0.56201243,0.0,0.5122715
0.879175,0.0,0.0039121886
0.6177458,0.0,0.36234042
0.6128853,0.0,0.09132456
0.5602464,0.0,0.51056856
0.6861438,0.0,0.4161799
0.88585347,0.0,0.11162926
0.5087864,0.0,0.25703716
0.731897,1.0,0.45147356
0.9001336,1.0,0.3626475
0.846014,1.0,0.4192591
0.88794667,0.0,0.0061901542
0.85647583,1.0,0.67721593
0.7150298,1.0,0.63347775
0.91473424,0.0,0.050362613
0.8307852,0.0,0.38955146
0.81884176,0.0,0.38496006
0.9094938,0.0,0.10905398
0.83412707,0.0,0.17775546
0.61828923,0.0,0.23819427
0.9300902,0.0,0.008361268
0.7473588,0.0,0.07179631
0.83868927,0.0,0.0007933204
0.94632554,0.0,0.027944569
0.7476887,0.0,0.0062976694
0.9141556,0.0,0.0004650013
0.9074553,0.0,0.13704385
0.9390543,0.0,0.15797244
0.91520673,0.0,0.03182186
0.9469418,0.0,0.010774108
0.9464802,0.0,0.09598554
0.7192509,0.0,0.44686103
0.76034766,0.0,0.0076422975
0.5198005,0.0,0.27188843
0.6792741,0.0,0.0014801179
0.77548623,0.0,0.0
0.82822883,0.0,0.0
0.8648782,0.0,0.0046707764
0.8443016,0.0,0.06823573
0.83111227,0.0,0.0737369
0.8659048,0.0,0.038098235
0.91759723,0.0,0.08965242
0.7572346,1.0,0.28892908
0.74630195,1.0,0.68452406
0.9265222,1.0,0.08356031
0.7663983,1.0,0.51936114
0.67813355,1.0,0.7614347
0.80726355,0.0,0.552229
0.77076006,0.0,0.011011422
0.6139741,1.0,0.32984826
0.7484683,0.0,0.4832439
0.85059714,0.0,0.23478916
0.90811884,0.0,0.0036611487
0.83650136,0.0,0.11183112
0.7812706,0.0,0.55263203
0.81276935,0.0,0.010129444
0.9129649,0.0,0.0034935488
0.79859424,0.0,0.27113193
0.73373264,0.0,0.22669594
0.9240669,0.0,0.013746891
0.9030572,0.0,0.21811166
0.66952604,0.0,0.7032404
0.82550806,0.0,0.5414986
0.7675363,0.0,0.3692209
0.7070034,0.0,0.19925009
0.77584463,0.0,0.013495129
0.75040823,0.0,0.0
0.8024067,0.0,0.0
0.7314272,0.0,0.00061849004
0.92111176,0.0,0.007047006
0.9261739,0.0,0.015614807
0.90304285,1.0,0.47445965
0.8429863,0.0,0.29546347
0.75404847,0.0,0.09141068
0.7484057,1.0,0.17680967
0.5337152,0.0,0.38243416
0.89273643,0.0,0.0064538396
0.8411087,0.0,0.0005955084
0.7785021,0.0,0.25783497
0.88801897,0.0,0.19242796
0.8718327,0.0,0.0121545745
0.47087574,0.0,0.3689184
0.80626875,0.0,0.105147816
0.8937743,0.0,0.0
0.62204367,0.0,0.0
0.7581455,0.0,0.035455
0.79333353,0.0,0.0
0.74591476,0.0,0.23958272
0.6658336,0.0,0.6891543
0.8351728,0.0,0.012941528
0.80362713,0.0,0.4183839
0.72293127,0.0,0.31207892
0.6331327,0.0,0.47975335
0.81098974,0.0,0.11860733
0.23712559,0.0,0.28696463
0.90625185,0.0,0.088207036
0.6994069,0.0,0.3519446
0.64564824,0.0,0.21267603
0.7632799,0.0,0.3293285
0.63451195,0.0,0.3606421
0.8798064,0.0,0.0123317465
0.91785043,0.0,5.1130995e-05
0.70666206,0.0,0.35529825
0.5741674,0.0,0.6144734
0.8879929,0.0,0.18131907
0.62475157,0.0,0.3896484
0.7336618,1.0,0.2528794
0.684237,1.0,0.6685545
0.839727,1.0,0.7261793
0.7452036,1.0,0.06692695
0.63676786,1.0,0.3368863
0.6599238,1.0,0.5776575
0.78704387,1.0,0.28824228
0.7171896,0.0,0.028703418
0.57733774,1.0,0.27282873
0.7803562,1.0,0.19941111
0.87310374,0.0,0.01588393
0.88697886,0.0,0.225888
0.7675924,1.0,0.48814884
0.8095997,0.0,0.069275215
0.90307873,0.0,0.07131133
0.7057208,0.0,0.36727974
0.7483676,0.0,0.5130713
0.67748815,0.0,0.37170523
0.826413,0.0,0.20341587
0.7814995,0.0,0.39103955
0.8961064,0.0,0.0021563363
0.80564046,0.0,0.05982392
0.81371933,0.0,0.63409215
0.9204225,0.0,0.17373359
0.7874547,0.0,0.38138926
0.7118366,1.0,0.55888534
0.73706657,1.0,0.55445623
0.7572204,0.0,0.33932614
0.8597315,1.0,0.05505165
0.8270781,1.0,0.59857875
0.7177938,1.0,0.52586377
0.8376116,0.0,0.4839517
0.9061709,1.0,0.0882842
0.7455349,1.0,0.6531002
0.68145776,1.0,0.6966981
0.49389225,0.0,0.89954144
0.31454745,0.0,1.0
0.6257968,0.0,0.43994147
0.46225068,0.0,0.37144604
0.61730987,0.0,0.6065499
0.4778569,0.0,0.3750577
0.7412749,0.0,0.012995268
0.7237375,0.0,0.055486955
0.90427065,0.0,0.0012263058
0.7613421,0.0,0.00023238685
0.9427272,0.0,0.0002941125
0.91177154,0.0,0.0
0.915076,0.0,2.5751215e-05
0.74096,0.0,0.0
0.8815237,1.0,0.17973678
0.7022003,0.0,0.0011636675
0.8163045,1.0,0.33381727
0.74447244,1.0,0.34903353
0.8268902,0.0,0.0
0.6543173,1.0,0.314073
0.5649774,1.0,0.7414633
0.7633185,0.0,0.06685297
0.708097,0.0,0.06127135
0.4642823,0.0,0.48929882
0.7283344,0.0,0.14039555
0.8768827,0.0,0.0
0.7096018,0.0,0.075854085
0.59119856,0.0,0.30027267
0.864578,0.0,0.029563827
0.76183707,0.0,0.0
0.75625795,0.0,0.2322766
0.5127777,0.0,0.30262113
0.7727698,0.0,0.0015807443
0.8557926,0.0,0.05272764
0.59823596,0.0,0.52839327
0.6679327,0.0,0.40610564
0.7572208,0.0,0.056987163
0.55289716,0.0,0.5358562
0.7099752,0.0,0.3448608
0.47761244,0.0,0.6701483
0.54848623,0.0,0.4307473
0.8746903,0.0,0.051364824
0.84477633,0.0,0.33225062
0.8162472,0.0,0.0020056055
0.83041316,0.0,0.0
0.8898791,0.0,0.0
0.8776848,0.0,0.0
0.6089856,0.0,0.006118532
0.89992744,0.0,0.00025328086
0.80927706,1.0,0.0137014985
0.8381644,1.0,0.30744863
0.69672465,1.0,0.44298145
0.91396624,0.0,0.17687294
0.54047817,0.0,0.34552684
0.7438806,0.0,0.32283697
0.417883,0.0,0.26793826
0.73867035,0.0,0.03998375
0.4884034,0.0,0.51534176
0.76096576,0.0,0.18035533
0.7343072,0.0,0.111953646
0.70661676,0.0,0.18850169
0.6779198,0.0,0.39126632
0.82616407,0.0,0.22236434
0.54422045,0.0,0.49519637
0.5889658,0.0,0.5560791
0.86365706,0.0,0.039515924
0.66466343,0.0,0.40757152
0.7160034,0.0,0.43390527
0.82930905,0.0,0.021098265
0.84138614,0.0,0.108966164
0.7209821,0.0,0.42613524
0.83354187,0.0,0.15629958
0.8894746,0.0,0.00021459078
0.75493973,0.0,0.5315568
0.82438195,1.0,0.62169284
0.74789,0.0,0.16868699
0.64042693,1.0,0.58956057
0.74979556,1.0,0.12380066
0.6076578,1.0,0.6675379
0.8594467,1.0,0.40329456
0.7634619,1.0,0.47085944
0.88968796,1.0,0.10206165
0.76044714,1.0,0.22464456
0.7948263,0.0,0.0002979842
0.88000065,1.0,0.1438265
0.8251381,1.0,0.27107242
0.89821684,0.0,0.0
0.854345,0.0,0.0
0.7233342,1.0,0.47575203
0.7157818,0.0,0.16963385
0.8649616,0.0,0.0
0.8493477,0.0,0.02934246
0.75002545,0.0,0.41556972
0.7412119,0.0,0.10111165
0.89328575,0.0,0.0
0.6801144,0.0,0.53458667
0.51616925,0.0,0.80126053
0.77979255,0.0,0.34431598
0.6054645,0.0,0.32978195
0.77498686,0.0,0.07755198
0.53569347,0.0,0.658884
0.50003934,0.0,0.80002296
0.63865715,0.0,0.15247469
0.5197897,0.0,0.11736186
0.7882107,0.0,0.037364364
0.81532943,0.0,0.015844349
0.9294216,0.0,0.0
0.86264914,0.0,0.00039830382
0.7912562,0.0,0.0
0.86407423,0.0,0.0
0.8998282,0.0,0.0
0.7294619,0.0,0.0
0.8291307,0.0,0.012785212
0.6265808,0.0,0.32748517
0.7854402,0.0,0.16972739
0.7048393,1.0,0.5715401
0.5805648,1.0,0.6243355
0.7191686,1.0,0.5982107
0.7577284,1.0,0.07435182
0.5937965,0.0,0.2133536
0.6744744,0.0,0.44808426
0.7772907,1.0,0.3727382
0.79209304,0.0,0.0
0.72698796,0.0,0.24687295
0.6783266,0.0,0.5591889
0.5944179,0.0,0.07735668
0.78697085,0.0,0.0
0.46944267,0.0,0.59794766
0.63323593,0.0,0.28055248
0.8544962,0.0,0.0
0.92895764,0.0,0.2872222
0.57124645,0.0,0.4679574
0.73430216,0.0,0.10714244
0.6493202,0.0,0.37872192
0.83653355,0.0,0.042498253
0.6696574,0.0,0.16995709
0.9326014,0.0,0.0
0.6233934,0.0,0.014922568
0.8065111,0.0,0.0
0.85971344,0.0,0.0
0.793241,0.0,0.019097283
0.8814539,0.0,0.0
0.69464916,0.0,0.34926388
0.75347054,0.0,0.55637413
0.84296674,0.0,0.18742123
0.6401039,0.0,0.39139867
0.6278967,0.0,0.3644178
0.71690345,0.0,0.42461756
0.8035297,0.0,0.054083705
0.8578032,0.0,0.0
0.68656266,0.0,0.1960692
0.81310797,0.0,0.45334256
0.9010403,0.0,0.00073206215
0.91359425,0.0,0.016948996
0.53902787,0.0,0.29617047
0.8344568,0.0,0.29144374
0.5823436,0.0,0.59201294
0.58978045,0.0,0.6314837
0.90235484,0.0,0.17270817
0.7227001,0.0,0.103556946
0.66833323,0.0,0.1447636
0.5776991,0.0,0.2312949
0.8246028,0.0,0.17546685
0.57314956,0.0,0.5021547
0.90573466,0.0,0.44702828
0.8562334,0.0,0.6785138
0.8593825,0.0,0.59620714
0.6142221,0.0,0.3709575
0.89062166,0.0,0.026538463
0.90449023,0.0,0.118180215
0.69149345,0.0,0.55671483
0.7206029,0.0,0.1984208
0.81169,0.0,0.0
0.730587,0.0,0.1347187
0.6547929,0.0,0.40927833
0.6173215,0.0,0.20947234
0.89628506,0.0,0.004799722
0.52833945,0.0,0.40001515
0.60728496,0.0,0.705785
0.53466654,0.0,0.20733634
0.7388266,0.0,0.20218351
0.56390256,0.0,0.52515644
0.25791046,0.0,0.9624663
0.394858,0.0,0.8089256
0.4053956,0.0,0.79119414
0.47591147,0.0,0.52181286
0.43672365,0.0,0.5372826
0.7260853,0.0,0.27713892
0.6346597,0.0,0.44998133
0.3997102,0.0,0.43965134
0.5386412,0.0,0.160719
0.40291786,0.0,0.42981905
0.7738702,0.0,0.023962226
0.6427214,0.0,0.34508154
0.3556129,0.0,0.5318038
0.48746842,0.0,0.45832244
0.35049024,0.0,0.32220113
0.2929027,0.0,0.40448034
0.71932834,0.0,0.15239489
0.36022657,0.0,0.27658677
0.7514604,0.0,0.008953712
0.6051276,0.0,0.45450652
0.73937356,0.0,0.2133079
0.24479239,0.0,0.49251163
0.3598207,0.0,0.8098321
0.4738774,0.0,0.5468054
0.2661445,0.0,0.6838916
0.44756946,0.0,0.65104806
0.25309703,0.0,0.6836459
0.4142393,0.0,0.6894206
0.3258925,0.0,0.44226024
0.43568295,0.0,0.43345827
0.3615455,1.0,0.15949132
0.44305703,1.0,0.047703467
0.56061405,0.0,0.05613373
0.65224034,1.0,0.08900481
0.8307815,0.0,0.0013777926
0.7346496,1.0,0.1310607
0.5262849,0.0,0.1317052
0.43078795,0.0,0.33212823
0.43260726,0.0,0.74422216
0.45767295,0.0,0.5154368
0.4726347,1.0,0.75709003
0.5055139,1.0,0.5253368
0.59405184,1.0,0.5008694
0.7841645,0.0,0.2736102
0.7255932,0.0,0.0070038293
0.5258366,1.0,0.05351279
0.69475543,0.0,0.07551768
0.62059623,1.0,0.2880056
0.33214426,0.0,0.4450708
0.5323965,0.0,0.8012437
0.58215183,1.0,0.47412145
0.68620133,0.0,0.6111903
0.5810953,0.0,0.3093853
0.59829575,0.0,0.34275252
0.5072651,0.0,0.39000753
0.6080947,0.0,0.38954303
0.48595738,0.0,0.5977303
0.5278213,0.0,0.46034533
0.5365898,0.0,0.21982348
0.63894325,0.0,0.034873303
0.27756512,0.0,0.19459295
0.78967184,0.0,0.0083217425
0.45565954,0.0,0.40068266
0.35274675,0.0,0.6517612
0.6379986,0.0,0.708087
0.73146045,0.0,0.12638797
0.6902627,0.0,0.17405787
0.8447552,0.0,0.0
0.20166191,0.0,0.2495956
0.45927095,0.0,0.0
0.16396539,0.0,0.32341853
0.27547207,0.0,0.63100284
0.5403427,0.0,0.019043893
0.35929742,0.0,0.49133584
0.28213614,0.0,0.46980664
0.3518425,0.0,0.7491086
0.6995687,0.0,0.241809
0.37770844,0.0,0.15196672
0.40400398,0.0,0.20034578
0.38122135,0.0,0.31210908
0.7711193,0.0,0.012154404
0.46738577,1.0,0.3145396
0.7989203,0.0,0.0
0.5675195,0.0,0.014178133
0.7175886,0.0,0.08279789
0.55368817,1.0,0.17718127
0.6782905,1.0,0.11600234
0.4327077,1.0,0.23669942
0.40053004,1.0,0.7792398
0.761212,1.0,0.33084956
0.5003119,1.0,0.55007833
0.6861243,1.0,0.47846347
0.5332136,0.0,0.4643987
0.3477347,0.0,0.16966817
0.49532816,1.0,0.40389943
0.3949339,0.0,0.2359074
0.31899366,0.0,0.21648611
0.54165345,0.0,0.024727518
0.2775707,0.0,0.10649408
0.7102486,0.0,0.00018071233
0.27783284,0.0,0.23920013
0.6005874,0.0,0.14614147
0.38870743,0.0,0.33660543
0.32819104,0.0,0.7845317
0.36848354,0.0,1.0
0.44855884,0.0,0.6550317
0.43267182,0.0,0.68264794
0.38373506,0.0,0.14853807
0.2991886,0.0,0.00011903637
0.35417452,0.0,0.5629487
0.33558968,0.0,0.4330095
0.5481647,0.0,0.06862725
0.34424034,0.0,0.41639924
0.7230495,0.0,0.12953115
0.62307256,0.0,0.36513853
0.43604565,0.0,0.27131054
0.7195071,0.0,0.18273422
0.6643976,0.0,0.13437858
0.32844985,0.0,0.28580278
0.35509613,0.0,0.021384876
0.33173123,0.0,0.506639
0.35940427,0.0,0.35026097
0.6030293,0.0,0.015787533
0.52894133,0.0,0.11749167
0.41790342,0.0,0.45759842
0.4416918,0.0,0.0034583278
0.5670739,0.0,0.023059199
0.6343251,0.0,0.35649335
0.29941675,0.0,0.213716
0.64859146,0.0,0.0
0.7410841,0.0,0.22733074
0.49670544,0.0,0.58735996
0.42491752,0.0,0.33594397
0.8934666,0.0,0.16696185
0.2633781,0.0,0.5215868
0.45803756,0.0,0.78002983
0.4337392,0.0,0.1348709
0.81588763,0.0,0.012481228
0.30576348,0.0,0.32864422
0.57905024,0.0,0.28516537
0.2638852,0.0,0.2740009
0.3977294,0.0,0.4177942
0.6160891,0.0,0.13988493
0.6051985,0.0,0.18474054
0.3918819,0.0,0.3500578
0.67222536,0.0,0.04164115
0.31999227,0.0,0.3877582
0.42814294,0.0,0.43416354
0.3424234,0.0,0.43487942
0.7250846,0.0,0.24831234
0.4319446,0.0,0.23941967
0.67554814,0.0,0.0
0.36929172,0.0,0.13708156
0.63993067,0.0,9.5585085e-05
0.59864795,0.0,0.0058791623
0.5154968,0.0,0.28479794
0.84621066,0.0,0.0
0.5705513,0.0,0.10296234
0.50797,0.0,0.251281
0.50104356,0.0,0.35525116
0.4834723,0.0,0.60633004
0.46402097,0.0,0.6468388
0.32616508,0.0,0.7350701
0.75444174,0.0,0.19271669
0.49761307,0.0,0.25368646
0.5337642,0.0,0.0
0.78701824,0.0,0.0
0.79607195,0.0,0.0
0.49323723,0.0,0.0035688253
0.47391176,0.0,0.005641527
0.8667401,0.0,0.0
0.9169385,0.0,0.00038965628
0.6799071,0.0,0.015053507
0.7997436,1.0,0.013772575
0.80256236,0.0,0.0
0.8841018,1.0,0.099930696
0.69831836,1.0,0.020372668
0.5088144,0.0,0.112828925
0.54521537,0.0,0.015053259
0.7262707,0.0,0.0
0.5185992,0.0,0.0053144093
0.93907166,0.0,0.09836554
0.8069849,0.0,0.0
0.86590356,0.0,0.0
0.9141381,0.0,0.024145532
0.8474327,0.0,0.101070546
0.8905762,0.0,0.0018664243
0.9459613,0.0,0.0
0.7288241,0.0,0.101379596
0.6989412,0.0,0.22942203
0.93865883,0.0,0.0038334236
0.90780985,0.0,0.109961696
0.8321057,0.0,0.45007485
0.6657135,0.0,0.12504728
0.62846494,0.0,0.24984059
0.6022955,0.0,0.47771278
0.5409799,0.0,0.6621802
0.60065275,0.0,0.28574666
0.36920118,0.0,0.6822861
0.64782816,0.0,0.35924834
0.77437115,0.0,0.0032891133
0.72104424,0.0,0.17145947
0.46561483,0.0,0.38840422
0.8377286,0.0,0.0012337532
0.79684675,0.0,0.0
0.5723837,0.0,0.34429643
0.49267414,0.0,0.366093
0.8844698,0.0,0.014281696
0.36907402,0.0,0.03482257
0.90013295,0.0,0.0006642811
0.5822778,0.0,0.027031034
0.83954954,0.0,0.0041170046
0.8150457,0.0,2.770007e-05
0.8872467,0.0,0.017302074
0.9289903,0.0,0.025203949
0.6193932,0.0,0.005724852
0.8922915,0.0,0.0030168872
0.6139066,0.0,0.0
0.6208515,0.0,0.009646899
0.7181111,0.0,0.0
0.8819519,0.0,0.01987314
0.55254513,0.0,0.16334777
0.8365058,0.0,0.1611604
0.8946382,0.0,0.035105594
0.8553505,0.0,0.2999183
0.71888924,0.0,0.56989706
0.67286295,0.0,0.56017166
0.7793117,1.0,0.30187273
0.8316331,0.0,0.21558842
0.6101919,1.0,0.3794167
0.70699275,0.0,0.12063775
0.87625015,1.0,0.077608384
0.8116954,0.0,0.018483438
0.5176745,0.0,0.00074214395
0.8607232,0.0,0.13755575
0.5145208,0.0,0.06433887
0.5928264,0.0,0.5311617
0.7250475,0.0,0.038071573
0.41473076,0.0,0.56327736
0.60771894,0.0,0.9009068
0.6303682,0.0,0.2494789
0.35817802,0.0,0.9042013
0.5866587,0.0,0.23529369
0.4058827,0.0,0.32829237
0.59388995,0.0,0.005386957
0.8432555,0.0,0.024404744
0.7687747,0.0,0.0
0.6394149,0.0,0.0046760966
0.58391076,0.0,0.10835992
0.801895,0.0,0.028358663
0.6136178,0.0,0.0
0.8428471,0.0,0.000472627
0.23258692,0.0,0.44875818
0.7074782,0.0,0.0787361
0.51017284,0.0,0.16787173
0.7470251,0.0,0.2035319
0.4867057,0.0,0.3566019
0.6487108,0.0,0.4907188
0.49375117,0.0,0.49657303
0.79387176,0.0,0.19895189
0.74821496,0.0,0.22486198
0.73942673,0.0,0.17128542
0.7518235,0.0,0.5676232
0.6596334,0.0,0.3840943
0.50088453,0.0,0.18447618
0.5623663,1.0,0.4210133
0.6061268,1.0,0.18474704
0.5709229,1.0,0.33083156
0.72870344,1.0,0.2262932
0.8292002,0.0,0.022840925
0.71973926,0.0,0.10644936
0.7945262,0.0,0.008253984
0.33608022,0.0,0.53275037
0.57505083,0.0,0.5109873
0.43552405,0.0,0.17720503
0.6473745,0.0,0.14284045
0.5795924,0.0,0.2244787
0.6146689,0.0,0.041168384
0.5043029,0.0,0.34930998
0.65942425,0.0,0.014801263
0.8497848,0.0,0.0051692794
0.42321452,0.0,0.35651806
0.50488496,0.0,0.043829445
0.68571866,0.0,0.00499363
0.8084153,0.0,0.05079943
0.39847347,0.0,0.34580994
0.5864089,0.0,0.106514275
0.8411913,0.0,0.066470616
0.5272342,0.0,0.60546774
0.2414459,0.0,0.64694214
0.48924348,0.0,0.16975622
0.3570518,0.0,0.5790893
0.40058726,0.0,0.20826942
0.6330359,0.0,0.03620911
0.36056095,0.0,0.32113823
0.8354683,0.0,0.0
0.7039923,0.0,0.00032486167
0.82713944,0.0,0.0
0.8837453,0.0,0.0077351974
0.9571523,0.0,0.00027755552
0.88431895,1.0,0.035573866
0.8853952,1.0,0.027617149
0.7661648,1.0,0.26068047
0.82369536,1.0,0.2091998
0.75269973,0.0,0.092978016
0.72938305,1.0,0.076892786
0.8729117,0.0,0.00020364499
0.7187774,0.0,0.019387996
0.8296012,0.0,0.01332864
0.78388256,0.0,0.006416293
0.7349696,0.0,0.10027788
0.85457045,0.0,0.0
0.7376411,0.0,0.19588149
0.6196026,0.0,0.26528987
0.64498603,0.0,0.61948454
0.58093905,0.0,0.4593142
0.49631572,0.0,0.60320544
0.81105536,0.0,0.025092583
0.65416145,0.0,0.7235746
0.72556514,0.0,0.21532181
0.62441003,0.0,0.26197094
0.5231151,0.0,0.5351661
0.6116732,0.0,0.21463871
0.81757313,0.0,0.0
0.71777797,0.0,0.19655395
0.38676143,0.0,0.45837104
0.60724306,0.0,0.04021387
0.91891474,0.0,0.0
0.7332732,0.0,0.47260815
0.46369755,0.0,0.37218186
0.89327437,0.0,0.0
0.89130473,0.0,0.08738569
0.3928298,0.0,0.49717498
0.6183235,0.0,0.21686132
0.83496916,0.0,0.0012442069
0.7808269,0.0,0.25258335
0.38915515,0.0,0.5680378
0.45515847,0.0,0.3900949
0.5721138,0.0,0.4060248
0.7063419,0.0,0.4089858
0.64401555,0.0,0.10487004
0.47024024,0.0,0.7103805
0.8778327,0.0,0.058880284
0.2660702,0.0,0.55564165
0.74402726,0.0,0.28454438
0.7115165,0.0,0.061736543
0.62085646,0.0,0.066861875
0.69303834,0.0,0.059094545
0.76901764,0.0,0.15425159
0.53301615,1.0,0.6895303
0.78922266,1.0,0.23610428
0.74871325,1.0,0.30021754
0.78023213,1.0,0.44591278
0.58178806,0.0,0.29912084
0.9151563,0.0,0.030498782
0.72808284,0.0,0.00039496893
0.8782167,0.0,0.0
0.80106634,0.0,0.014782471
0.90172493,0.0,0.015599044
0.8591166,0.0,0.013556862
0.7180779,0.0,0.004667864
0.7201912,0.0,0.04674095
0.59790295,0.0,0.0
0.6543884,0.0,0.0906434
0.68665224,0.0,0.44417608
0.66903555,0.0,0.39985234
0.60657966,0.0,0.57957315
0.70568246,0.0,0.03926243
0.36111432,0.0,0.28757814
0.60954756,0.0,0.022234337
0.7249902,0.0,0.0
0.81706226,0.0,5.0241775e-05
0.8330082,0.0,0.061696563
0.84819037,0.0,0.0016144882
0.8622344,1.0,0.08783565
0.8156221,0.0,0.00082099455
0.85888547,0.0,0.10276218
0.76517504,0.0,0.09033023
0.73805153,1.0,0.57987404
0.8897103,1.0,0.36306536
0.69016254,1.0,0.71230316
0.64990246,0.0,0.34635463
0.80784327,0.0,0.06691706
0.89269483,1.0,0.14446162
0.7258382,0.0,0.49712604
0.82145566,0.0,0.016421415
0.6260603,0.0,0.26348552
0.58344555,0.0,0.2599855
0.61278456,0.0,0.580837
0.90860474,0.0,0.2030131
0.76524955,0.0,1.8224277e-05
0.7082009,0.0,0.23021008
0.6456193,0.0,0.21136114
0.84786373,0.0,0.0010771157
0.95698065,0.0,0.0
0.6374387,0.0,0.35921314
0.80744916,0.0,0.0014312799
0.90912,0.0,0.00093780394
0.78957224,0.0,0.016134264
0.6148426,0.0,0.2596199
0.950344,0.0,0.001655146
0.8807224,0.0,0.0
0.6315504,0.0,0.1509431
0.5689974,0.0,0.16175023
0.9322448,0.0,0.00015908813
0.9333863,0.0,0.0
0.50619835,0.0,0.30130032
0.5633019,0.0,0.17446502
0.830724,0.0,0.031332456
0.6845789,0.0,0.18753216
0.57830065,0.0,0.5045935
0.4356993,0.0,0.39508277
0.3816862,0.0,0.9883398
0.70235336,0.0,0.83666325
0.6357413,0.0,0.8646567
0.749816,0.0,0.44173732
0.6975962,0.0,0.15872003
0.6144686,0.0,0.4746076
0.6514097,0.0,0.4941589
0.74850744,0.0,0.21596538
0.6259527,0.0,0.4777399
0.49377736,0.0,0.6949876
0.64085597,0.0,0.646188
0.71725065,0.0,0.3411824
0.7746911,0.0,0.18929589
0.70747626,0.0,0.532953
0.59049,0.0,0.28569055
0.8232946,1.0,0.29458526
0.6112551,1.0,0.71377
0.64726675,1.0,0.77096176
0.76155746,1.0,0.22003724
0.71727496,1.0,0.57554305
0.6535869,1.0,0.47789863
0.7551246,1.0,0.22789827
0.5948772,1.0,0.39002192
0.79533684,1.0,0.45983705
0.56606466,1.0,0.48468813
0.5320243,1.0,0.52995396
0.6969218,1.0,0.6223953
0.6469048,1.0,0.70238405
0.649716,0.0,0.21234141
0.7432913,0.0,0.26664716
0.74350965,1.0,0.11216857
0.65547127,1.0,0.22532879
0.7635075,0.0,0.18201339
0.8067825,1.0,0.07453751
0.62666905,0.0,0.34507468
0.61193997,0.0,0.64441305
0.7138122,0.0,0.09643093
0.6968881,0.0,0.16914599
0.70624626,1.0,0.028973931
0.68996483,0.0,0.041317824
0.62780815,0.0,0.2161112
0.77549344,0.0,0.11097213
0.6998279,0.0,0.48777178
0.7770874,0.0,0.7123038
0.7272325,0.0,0.34879503
0.691297,1.0,0.60294425
0.7119554,1.0,0.46753046
0.7514604,1.0,0.38660514
0.7554786,1.0,0.32255265
0.7600991,1.0,0.31939536
0.65044105,1.0,0.3924925
0.7137773,1.0,0.4732734
0.6845622,1.0,0.439603
0.8221884,1.0,0.34931636
0.64773786,0.0,0.59625983
0.6689799,1.0,0.48687038
0.6558931,1.0,0.3587127
0.5976641,0.0,0.3261316
0.6349985,1.0,0.4620157
0.5092048,0.0,0.4436723
0.55231315,0.0,0.8126625
0.71873075,0.0,0.66800034
0.6452067,0.0,0.5134894
0.71526045,0.0,0.16506518
0.66003716,0.0,0.5797796
0.912381,0.0,0.0
0.6003387,0.0,0.09006069
0.914106,0.0,0.011111732
0.6824865,0.0,0.19827956
0.84151006,0.0,0.08644884
0.5809123,0.0,0.39086682
0.8007601,0.0,0.8289399
0.8201495,0.0,0.58402884
0.78981483,0.0,0.6371563
0.5957655,0.0,0.2610334
0.71922445,0.0,0.5660359
0.9217728,0.0,0.256316
0.5079809,0.0,0.45049268
0.8979417,0.0,0.0044642696
0.3940039,0.0,0.4057589
0.8880273,0.0,0.0
0.6474359,0.0,0.28420776
0.8440875,0.0,0.3411695
0.8501888,0.0,0.58704937
0.8079067,0.0,0.14069648
0.72916406,1.0,0.19903259
0.7347228,0.0,0.0
0.88844776,0.0,0.0
0.8020891,0.0,0.22171827
0.66646487,0.0,0.0
0.9419333,0.0,0.0
0.8896039,0.0,0.2349456
0.67694044,0.0,0.5820364
0.7308479,0.0,0.3211434
0.6289745,0.0,0.60486543
0.88590294,0.0,0.2672913
0.7763798,0.0,0.6731884
0.89571095,0.0,0.08846967
0.6192897,0.0,0.2467178
0.78724426,0.0,0.392032
0.7814336,0.0,0.5087932
0.9270271,0.0,0.3254099
0.9152748,1.0,0.32190093
0.9517556,1.0,0.48588157
0.80870813,0.0,0.006403482
0.7994727,1.0,0.474383
0.911874,1.0,0.19744189
0.82011664,1.0,0.0111708725
0.7948702,0.0,0.2055245
0.91135746,0.0,0.039862573
0.8556523,0.0,0.001155411
0.9159666,0.0,0.0007992741
0.820284,0.0,0.23936611
0.88968015,0.0,0.2101118
0.629317,0.0,0.52460617
0.5176366,0.0,0.3684437
0.78707856,0.0,0.3098546
0.40550253,0.0,0.43819353
0.9019501,0.0,0.17633773
0.67543054,1.0,0.29707178
0.90205365,0.0,0.079288416
0.7278283,1.0,0.6285775
0.75184727,1.0,0.39934027
0.8377902,1.0,0.11768259
0.7275361,1.0,0.5586439
0.7870025,1.0,0.27061793
0.7822541,1.0,0.047950484
0.7839941,1.0,0.3989484
0.70169663,1.0,0.6194848
0.72092557,1.0,0.5998393
0.852055,1.0,0.20560959
0.84228325,0.0,0.34028375
0.6662578,0.0,0.671039
0.77696574,0.0,0.37516683
0.8375957,0.0,0.114673264
0.84623736,0.0,0.09360562
0.86079746,0.0,0.0016068312
0.73051757,0.0,0.00081583374
0.83895594,0.0,0.01835889
0.9042786,0.0,0.028486226
0.8039512,1.0,0.042568292
0.93147045,0.0,0.0
0.62160563,0.0,0.2194301
0.85794425,0.0,0.005798101
0.5598018,0.0,0.4007649
0.8468435,0.0,0.21333621
0.7687703,0.0,0.41635704
0.90216094,0.0,0.010502776
0.79057306,0.0,0.24726498
0.9078662,0.0,0.0
0.6710707,0.0,0.15204906
0.86507916,0.0,0.043129686
0.78339636,0.0,0.3635031
0.799121,0.0,0.12012817
0.6602664,1.0,0.2514665
0.78235406,0.0,0.64005136
0.7590152,0.0,0.23585239
0.8015173,0.0,0.20871799
0.70612633,1.0,0.8756471
0.5546249,0.0,0.6776049
0.56834745,0.0,0.48859715
0.57735145,0.0,0.5989045
0.70157367,0.0,0.5740823
0.7013368,0.0,0.52913
0.5761956,0.0,0.6062444
0.71324456,0.0,0.2014336
0.66413015,0.0,0.35050917
0.57927877,0.0,0.13405861
0.70779365,0.0,0.12958089
0.5771337,0.0,0.2953322
0.5102813,0.0,0.4000681
0.5121019,0.0,0.5916346
0.7586082,0.0,0.18452147
0.7586708,0.0,0.059857093
0.4714745,0.0,0.35042998
0.32917494,0.0,0.3708703
0.9014712,0.0,0.0011887691
0.87201595,0.0,0.29284915
0.45212895,0.0,0.74457693
0.5822287,0.0,0.40409473
0.55518025,0.0,0.6914984
0.70301473,0.0,0.21763542
0.5775866,0.0,0.21510397
0.91318494,0.0,0.009549654
0.50980645,0.0,0.46017814
0.87838256,0.0,0.08383434
0.5525911,0.0,0.10483634
0.5612138,0.0,0.14250593
0.81273764,0.0,0.03336961
0.6761261,0.0,0.01775094
0.53351885,0.0,0.31193998
0.7524401,0.0,0.053712677
0.7832771,0.0,0.037051346
0.47225058,0.0,0.12730254
0.5073581,0.0,0.30692786
0.41960672,0.0,0.35755518
0.6983764,0.0,0.026688121
0.9046674,0.0,0.0027065484
0.7693325,0.0,0.43348476
0.8100781,0.0,0.15894584
0.78086346,0.0,0.0025960556
0.75456476,0.0,0.091038376
0.79982424,0.0,0.046677932
0.74174964,0.0,0.026999414
0.65184796,0.0,0.37737313
0.6017531,0.0,0.3074781
0.6799769,0.0,0.6700887
0.71146524,0.0,0.21302167
0.6724303,0.0,0.42910945
0.5318768,0.0,0.7385982
0.5394846,0.0,0.059533324
0.6355245,0.0,0.7611014
0.59115434,0.0,0.34825155
0.71676034,0.0,0.511061
0.7728971,0.0,0.26852718
0.59460825,0.0,0.5314972
0.52979106,0.0,0.18391731
0.4612634,0.0,0.8283005
0.67508686,0.0,0.5155631
0.39004844,0.0,0.74125236
0.7297391,0.0,0.30264
0.37081048,0.0,0.7980702
0.8421532,0.0,0.19878684
0.5729922,0.0,0.32273778
0.6807287,0.0,0.6693931
0.48456416,0.0,0.41191703
0.8910434,0.0,0.08009926
0.57182246,0.0,0.14483036
0.8284732,0.0,0.0
0.7001392,0.0,0.23859324
0.4151494,0.0,0.6139172
0.4957253,0.0,0.39396894
0.8548987,0.0,0.082494035
0.35784683,0.0,0.5283795
0.70042086,0.0,0.4000539
0.8088126,0.0,0.00197257
0.4601401,0.0,0.49453855
0.8262256,0.0,0.053403914
0.84929216,0.0,0.0007052687
0.769152,0.0,0.42719457
0.602447,0.0,0.17684084
0.844435,0.0,0.07231738
0.7444678,0.0,0.024002267
0.65639174,1.0,0.078724004
0.76103735,1.0,0.0032119176
0.54182976,1.0,0.010325203
0.70662284,1.0,0.09485088
0.78190875,1.0,0.003314512
0.83348274,1.0,0.00556313
0.8794956,0.0,0.00035067223
0.74227697,1.0,0.00020295463
0.86469805,1.0,0.011703981
0.6741752,0.0,0.0
0.90412855,0.0,0.014037371
0.9392922,0.0,0.013485193
0.87623,0.0,0.00024604658
0.9225843,0.0,0.0
0.91957885,0.0,0.048324503
0.94718176,0.0,0.0
0.93262255,0.0,0.00043211505
0.9313325,0.0,0.0029369046
0.88727194,0.0,0.0038874755
0.9318943,0.0,0.00028667014
0.90459013,0.0,0.0
0.9160346,0.0,0.0030734274
0.85852927,0.0,0.037345067
0.63046014,0.0,0.24874811
0.9463455,0.0,0.054051295
0.61243224,0.0,0.49541602
0.75204706,0.0,0.44194815
0.46360654,0.0,0.67682594
0.80584586,0.0,0.29370582
0.8053304,0.0,0.3305493
0.5484784,0.0,0.20807894
0.8023787,0.0,0.19443336
0.88261986,0.0,0.0028159996
0.8429237,0.0,0.00093748904
0.73793936,0.0,0.026542999
0.5972767,0.0,0.045824513
0.63013273,0.0,0.0
0.69093966,0.0,0.00057926733
0.73447967,0.0,0.03185917
0.64678663,0.0,0.087962545
0.8410085,0.0,0.09249283
0.7986993,0.0,0.093207695
0.6600504,0.0,0.39937386
0.5039814,0.0,0.71846926
0.6090294,0.0,0.4712699
0.6443075,0.0,0.008066797
0.7145836,1.0,0.18246457
0.69774354,1.0,0.45299602
0.79241437,0.0,0.12153459
0.82105714,1.0,0.0029352803
0.65442693,1.0,0.40459818
0.79582435,1.0,0.0036100307
0.73920065,1.0,0.0
0.6811438,1.0,0.23751198
0.585225,1.0,0.08185553
0.7342167,0.0,0.034005992
0.69124764,0.0,0.12511788
0.8950803,0.0,0.00033209403
0.9234629,0.0,0.0
0.6894666,0.0,0.20209883
0.7490734,0.0,0.005138807
0.9103362,0.0,0.0005737919
0.8454768,0.0,0.2818926
0.678376,0.0,0.4483724
0.63008785,0.0,0.32642296
0.7145963,0.0,0.0
0.7673729,0.0,0.00039785545
0.82520837,0.0,0.0
0.8659309,0.0,0.055868465
0.8921841,0.0,0.0069990507
0.86308855,0.0,0.026390696
0.61225015,0.0,0.3510509
0.62309194,0.0,0.3187348
0.75166106,0.0,0.5354202
0.83052254,0.0,0.23927757
0.5423341,0.0,0.64387864
0.747,0.0,0.43274754
0.7520375,0.0,0.11033195
0.8595698,0.0,0.0022073013
0.8358455,0.0,0.059961185
0.61711854,0.0,0.057477504
0.81292397,0.0,0.045422982
0.62104106,0.0,0.37960178
0.85773623,0.0,0.12580204
0.6732255,0.0,0.33225197
0.60764855,0.0,0.1885741
0.8288169,1.0,0.031463563
0.54115176,1.0,0.2829164
0.8385393,1.0,0.045206092
0.8075461,1.0,0.09742516
0.81080765,0.0,0.53507656
0.48344868,0.0,0.79054976
0.8094483,1.0,0.53621656
0.7155903,0.0,0.5769941
0.86034834,1.0,0.41492915
0.6521727,0.0,0.35478953
0.6953582,1.0,0.5392806
0.71705276,1.0,0.02806724
0.62774414,1.0,0.18485774
0.68990105,1.0,0.12021691
0.64457554,1.0,0.6007483
0.7968238,0.0,0.25255552
0.59060943,0.0,0.6831669
0.82926095,0.0,0.2450653
0.615676,0.0,0.26623207
0.4900401,0.0,0.7120827
0.7857125,0.0,0.27099675
0.77576274,0.0,0.3264876
0.75941026,0.0,0.50854063
0.65311366,0.0,0.61455077
0.805941,0.0,0.08075112
0.71374756,0.0,0.3583396
0.6967868,0.0,0.76740235
0.75325507,0.0,0.8474193
0.811363,0.0,0.27962527
0.74737513,0.0,0.62494564
0.81943333,0.0,0.34391913
0.7901111,0.0,0.50016844
0.7749642,0.0,0.023963679
0.48476756,0.0,0.5058957
0.7507833,0.0,0.5615435
0.714312,0.0,0.06070927
0.8274618,0.0,0.08088979
0.6892044,0.0,0.12145888
0.7272719,0.0,0.2975694
0.8104262,0.0,0.06890408
0.7221285,0.0,0.5563005
0.85210687,0.0,0.35094222
0.7988544,0.0,0.026759382
0.7353406,0.0,0.06129027
0.7196992,0.0,0.11387397
0.8941692,0.0,0.02291604
0.7470088,0.0,0.03871401
0.84284645,0.0,0.36126056
0.828978,0.0,0.26447558
0.7145762,0.0,0.22252683
0.6590784,0.0,0.620949
0.49563017,0.0,0.061222948
0.85684425,0.0,0.0035658083
0.88800627,0.0,0.051034037
0.7059634,0.0,0.020770025
0.84467965,0.0,0.012625357
0.8615184,0.0,0.0
0.753877,0.0,0.2838465
0.73693967,0.0,0.46929774
0.84831256,0.0,0.14527507
0.7941077,0.0,0.0
0.6690052,0.0,0.0
0.7041745,0.0,0.0014662753
0.576906,0.0,0.00090127334
0.8680672,0.0,0.004226005
0.7662741,1.0,0.007281101
0.91710377,0.0,0.0026956047
0.67140895,0.0,0.07385915
0.8891337,1.0,0.0
0.7206513,0.0,0.18857701
0.7773368,0.0,0.008556338
0.79949343,0.0,0.0
0.9440684,0.0,0.00061964773
0.85034084,1.0,0.008261468
0.7701407,1.0,0.01552549
0.7946689,0.0,0.00062638
0.53883696,1.0,0.35498592
0.6482469,0.0,0.29903552
0.8895643,0.0,0.059058122
0.7845239,0.0,0.0025037625
0.8461275,0.0,0.001064499
0.789093,0.0,0.22765397
0.8826174,0.0,0.25067627
0.7718822,0.0,0.19821306
0.7043214,0.0,0.20201263
0.83076894,0.0,0.2351176
0.7540401,1.0,0.4883985
0.82042223,1.0,0.4751493
0.7517673,1.0,0.09298237
0.78183603,1.0,0.21363932
0.8625982,1.0,0.07095511
0.915267,1.0,0.0
0.8310456,1.0,0.0073621455
0.92756313,0.0,0.01353488
0.93851733,0.0,0.0060528703
0.8169725,0.0,0.0016194232
0.88287306,0.0,0.0
0.84379506,0.0,0.0
0.93937093,0.0,0.008378005
0.8240392,0.0,0.00083925383
0.6671511,0.0,0.5242823
0.7622756,0.0,0.28114066
0.6274639,0.0,0.7707261
0.70159596,0.0,0.6211284
0.74558544,0.0,0.093822554
0.3887805,0.0,0.29097182
0.743407,0.0,0.10364899
0.93884194,0.0,0.0010204571
0.8067475,0.0,0.0752596
0.84028506,0.0,0.0
0.8754558,0.0,0.014171448
0.8969188,0.0,0.005615447
0.8179703,0.0,0.022408703
0.88336676,1.0,0.028149322
0.84001356,0.0,0.104588665
0.7628277,0.0,0.38191724
0.65453416,1.0,0.36448768
0.9173547,1.0,0.0018164624
0.8458267,0.0,0.16227998
0.5595731,0.0,0.29926196
0.63393307,0.0,0.5099384
0.8767837,0.0,0.0
0.9284849,0.0,0.07179372
0.95373124,0.0,0.005471935
0.7680126,0.0,0.1569075
0.8485891,0.0,0.0
0.38892278,0.0,0.06917197
0.89548135,0.0,0.06703763
0.7032503,0.0,0.33501688
0.6219216,0.0,0.5768114
0.74383223,0.0,0.2666337
0.7724796,0.0,0.12803169
0.7854001,0.0,0.13629696
0.82993877,0.0,0.20386517
0.83910054,0.0,0.00039878045
0.80697006,0.0,0.03297033
0.8321801,0.0,0.33491832
0.74209684,1.0,0.24519244
0.89702135,0.0,0.007356581
0.7258969,0.0,0.055330325
0.9034025,0.0,0.0
0.9235046,0.0,2.5197303e-05
0.77757865,0.0,0.27008814
0.81399983,0.0,0.01420624
0.7322166,0.0,0.20442966
0.57956433,0.0,0.40451714
0.46688196,0.0,0.9385453
0.58312196,0.0,0.912636
0.5410358,0.0,0.2468158
0.5227881,0.0,0.31103036
0.42671746,0.0,0.58511764
0.47345504,0.0,0.32698014
0.69177467,0.0,0.36393076
0.57508755,0.0,0.25777775
0.6614064,0.0,0.009619588
0.43225542,0.0,0.00344513
0.7063366,0.0,0.0
0.6320955,0.0,0.0
0.830151,0.0,0.008800227
0.7044954,0.0,0.0
0.7108334,0.0,0.25234646
0.67049676,0.0,0.26192802
0.5529823,0.0,0.5942645
0.7826365,0.0,0.5479368
0.6969436,0.0,0.0005380969
0.6731685,0.0,0.17895013
0.6353663,0.0,0.30633464
0.7934322,0.0,0.004553889
0.76140076,0.0,0.29770628
0.41044194,0.0,0.28559905
0.8919099,0.0,0.00036758807
0.69714385,0.0,0.0397131
0.72239995,0.0,0.43468362
0.76362413,0.0,0.24424048
0.49214455,0.0,0.5168245
0.57963854,0.0,0.17186263
0.6410723,0.0,0.035650726
0.48672783,0.0,0.26463726
0.6455534,0.0,0.016574223
0.8201468,0.0,0.0
0.46418425,0.0,0.013187303
0.8902442,0.0,0.00060069456
0.8281033,0.0,0.0
0.8711775,0.0,0.028747713
0.78442514,0.0,0.0038762954
0.6003563,0.0,0.18892756
0.5496972,0.0,0.3070697
0.5888602,0.0,0.023935271
0.7342773,0.0,0.09436835
0.7233488,0.0,0.5591828
0.5053692,0.0,0.33056808
0.73075974,0.0,0.42187852
0.5964268,0.0,0.6691725
0.7466916,0.0,0.21319838
0.6426127,0.0,0.38752434
0.802573,0.0,0.13919199
0.53159,0.0,0.26040083
0.71380985,0.0,0.036299646
0.5868002,0.0,0.23621479
0.756274,0.0,0.62160003
0.6778943,0.0,0.086011305
0.5964995,0.0,0.48199284
0.7331525,0.0,0.41541916
0.4144026,0.0,0.6592835
0.6040484,0.0,0.30130532
0.87018377,0.0,0.021039309
0.725813,0.0,0.07931768
0.69527185,0.0,0.411622
0.48169148,0.0,0.02558034
0.7510406,0.0,0.0
0.6540933,0.0,0.39377514
0.4797777,0.0,0.20217629
0.8747825,0.0,0.0
0.711631,0.0,0.22013515
0.4671459,0.0,0.5505091
0.5659921,0.0,0.5645199
0.6155316,0.0,0.56998914
0.91129094,0.0,0.07812072
0.32020745,0.0,0.17546675
0.75038785,0.0,0.0
0.66383266,0.0,0.018527692
0.81787544,0.0,0.0004890125
0.83615357,0.0,0.0
0.8371838,0.0,0.0
0.88000906,0.0,0.0019070443
0.73754805,0.0,0.015570088
0.54471326,0.0,0.36816132
0.819123,0.0,0.35933733
0.8164294,0.0,0.72069436
0.6044812,0.0,0.37976104
0.7193879,0.0,0.053897902
0.694655,0.0,0.29597917
0.64798373,0.0,2.3365565e-05
0.55267626,0.0,0.38150185
0.81251436,0.0,0.2548461
0.57966775,0.0,0.42823777
0.6829304,0.0,0.5390775
0.8006778,0.0,0.0057103774
0.93502575,0.0,0.0
0.8597592,0.0,0.29785785
0.72344214,0.0,0.28476363
0.8790816,0.0,0.0011089594
0.9253731,0.0,0.04524959
0.820609,0.0,0.3558212
0.87060183,0.0,0.17155324
0.89045095,0.0,0.00087444345
0.84956384,0.0,0.19763888
0.6203911,0.0,0.12627219
0.75768906,0.0,0.014961347
0.8968182,0.0,0.018770173
0.88079435,0.0,0.01876845
0.77725464,0.0,0.28692427
0.73502034,0.0,0.080910176
0.5417714,0.0,0.6851584
0.48677436,0.0,0.47501433
0.3658738,0.0,0.9235179
0.49382842,0.0,0.55231744
0.7296742,0.0,0.19766718
0.6181252,0.0,0.6784935
0.6800245,0.0,0.22369711
0.4927029,0.0,0.352769
0.91352224,0.0,0.04264445
0.5994253,0.0,0.35678825
0.5453595,0.0,0.5728574
0.76333284,0.0,0.015993135
0.5317479,0.0,0.26536262
0.6500755,0.0,0.0054488024
0.49894336,0.0,0.07306399
0.8409537,0.0,0.0
0.83824176,0.0,0.0
0.7312776,0.0,0.0003909551
0.84037364,0.0,0.0143750785
0.67772645,0.0,0.0
0.71372885,0.0,0.0576077
0.47530928,0.0,0.1641487
0.59001637,0.0,0.3366744
0.64221346,0.0,0.31633458
0.7276309,0.0,0.4264679
0.6202296,0.0,0.6492301
0.63481003,0.0,0.40543658
0.38746315,0.0,0.013668912
0.92729324,0.0,0.21367896
0.784537,0.0,0.0017564263
0.6133971,0.0,0.12809123
0.67771924,0.0,0.20241886
0.9391319,0.0,0.0
0.94395244,0.0,0.0
0.5656166,0.0,0.36350068
0.52120197,0.0,0.19874562
0.9385512,0.0,0.005065138
0.86618346,0.0,0.18062167
0.47029412,0.0,0.5272726
0.67034274,0.0,0.21286549
0.73675364,0.0,0.25785258
0.588182,0.0,0.29687363
0.5924718,0.0,0.6512537
0.81434065,0.0,0.8086644
0.7844687,0.0,0.391135
0.6146718,0.0,0.8857366
0.7185025,0.0,0.36246246
0.6596813,0.0,0.24278459
0.72517884,0.0,0.26760754
0.8734022,0.0,0.023660604
0.54481226,0.0,0.095915616
0.8346342,0.0,0.017781405
0.6202707,0.0,0.03316316
0.9347428,0.0,0.030453399
0.6759146,0.0,0.010665747
0.7365402,0.0,0.037668686
0.67403513,0.0,0.33231473
0.42796373,0.0,0.0012015277
0.7399247,0.0,0.28193453
0.633838,0.0,0.28228706
0.67221916,0.0,0.64752626
0.711659,0.0,0.16205226
0.64299256,0.0,0.44285342
0.694458,0.0,0.49199602
0.833537,0.0,0.027057206
0.81491977,0.0,0.095869124
0.6022696,0.0,0.18085569
0.5245333,0.0,0.35532886
0.9391311,0.0,0.01581903
0.8488171,0.0,0.01970464
0.7752178,0.0,0.6136888
0.6031205,0.0,0.28014827
0.79473054,0.0,0.36241764
0.8019876,0.0,0.3098646
0.83067566,0.0,0.022829395
0.52136415,0.0,0.15663894
0.88171285,0.0,0.09830248
0.8383816,0.0,0.005572521
0.7685604,0.0,0.009580487
0.6786396,0.0,0.006681971
0.5648464,0.0,0.012218198
0.8764044,0.0,0.0035421231
0.8062635,0.0,0.082581945
0.65023714,0.0,0.10567099
0.8543507,0.0,0.64057404
0.6333472,0.0,0.20106576
0.48990947,1.0,0.6713073
0.6691073,1.0,0.5951901
0.50621545,0.0,0.09628836
0.69171417,1.0,0.045856524
0.55827045,1.0,0.13472024
0.44818363,1.0,0.5350185
0.6944422,1.0,0.4966401
0.7364994,1.0,0.29017413
0.8475249,0.0,0.047317676
0.6433662,1.0,0.3777034
0.6262665,1.0,0.28067416
0.85711074,0.0,0.050809216
0.8649715,0.0,0.005439097
0.4450788,1.0,0.32990745
0.47414494,0.0,0.46418276
0.8945114,0.0,0.0007933766
0.6062422,0.0,0.028230764
0.62218326,0.0,0.5897575
0.54861355,0.0,0.33126426
0.7815142,0.0,0.14435484
0.4976083,0.0,0.66668105
0.7799848,0.0,0.6378711
0.48047704,0.0,0.029084979
0.59855705,0.0,0.4565027
0.8656129,0.0,0.0
0.61453336,0.0,0.013563798
0.88618636,0.0,0.0056668026
0.8388633,0.0,0.0
0.7490845,0.0,0.007138909
0.646234,0.0,0.043454807
0.8872732,0.0,0.0
0.73496,0.0,0.1513082
0.4925726,1.0,0.29768175
0.647323,1.0,0.70796114
0.76775527,1.0,0.22804342
0.7182316,1.0,0.7470775
0.69368976,0.0,0.07258548
0.82521063,1.0,0.23728317
0.7875466,0.0,0.078419246
0.7687619,1.0,0.4176469
0.872392,1.0,0.09703073
0.771431,1.0,0.5641213
0.70795125,1.0,0.47455683
0.84395695,0.0,0.0
0.82339674,1.0,0.4299514
0.73817265,1.0,0.5806416
0.73266286,1.0,0.2456918
0.94236076,0.0,0.06079829
0.88432175,0.0,0.036093727
0.5437779,0.0,0.3385737
0.56604344,1.0,0.22630073
0.9169794,0.0,0.0009500877
0.7901929,0.0,0.091593646
0.4048368,0.0,0.58949155
0.73476964,0.0,0.25136515
0.4829687,0.0,0.61322093
0.67608553,0.0,0.10874945
0.74497855,0.0,0.035850372
0.5134062,0.0,0.023809118
0.68839264,0.0,0.0
0.6761603,0.0,0.009200495
0.8512277,0.0,0.0
0.53158474,0.0,0.0
0.89179283,0.0,0.10761831
0.76148355,0.0,0.022717327
0.8170955,0.0,0.060394056
0.5426614,0.0,0.19872491
0.54032654,0.0,0.22742906
0.7151895,0.0,0.017370977
0.7916642,0.0,0.36522734
0.7358751,0.0,0.5216363
0.906001,0.0,0.24123521
0.60727316,0.0,0.48934427
0.8572059,0.0,0.022790466
0.79978126,0.0,0.012326058
0.7681736,0.0,0.3013242
0.73883724,1.0,0.46361384
0.8396481,0.0,0.0
0.74737185,0.0,0.22606742
0.60252845,1.0,0.51665896
0.6767769,1.0,0.14181358
0.77940303,0.0,0.0072923237
0.6132062,0.0,1.0
0.43486753,0.0,0.76299274
0.63148934,0.0,0.49159017
0.55437255,0.0,0.59511065
0.68269575,0.0,0.6756217
0.48373207,0.0,0.7152031
0.6387059,0.0,0.56849104
0.6159706,1.0,0.58944017
0.668711,1.0,0.26335615
0.65496826,0.0,0.26211172
0.7052506,1.0,0.3729111
0.8452575,0.0,0.41476968
0.7270001,1.0,0.6783576
0.8186525,0.0,0.113230586
0.804422,1.0,0.6114179
0.69706,0.0,0.35032958
0.9000472,0.0,0.0032129597
0.76454014,0.0,0.15599445
0.89341503,1.0,0.017768828
0.86132044,1.0,0.35350165
0.8372239,1.0,0.29184225
0.8063461,0.0,0.015616362
0.86661965,0.0,0.14679298
0.84659606,0.0,0.10488795
0.8661292,0.0,0.0
0.8623587,0.0,0.19308197
0.849169,0.0,0.040313642
0.89712054,0.0,0.064592466
0.7051742,0.0,0.63847613
0.83083487,0.0,0.39670753
0.72840774,0.0,0.3801352
0.7474174,0.0,0.7950873
0.6659734,0.0,0.60772866
0.68712693,0.0,0.25404912
0.6736945,0.0,0.2208333
0.80367047,0.0,0.36594212
0.73327386,0.0,0.48563895
0.90813065,0.0,0.0888674
0.816639,0.0,0.06424854
0.8712858,0.0,0.15096489
0.89926267,0.0,0.047562256
0.8964127,0.0,0.028762186
0.78188115,0.0,0.051072706
0.9258905,0.0,0.1677897
0.9284201,0.0,2.324152e-06
0.7906765,0.0,0.13287513
0.7575588,0.0,0.2737986
0.8236912,0.0,0.1135182
0.7899022,0.0,0.06932738
0.8486753,0.0,0.13878837
0.89314944,0.0,0.0
0.7742228,0.0,0.0
0.9134741,0.0,0.0
0.8498245,0.0,0.009915744
0.82577986,0.0,0.15650803
0.7386274,0.0,0.8571572
0.7906028,0.0,0.37160158
0.7174151,0.0,0.040819757
0.9098557,0.0,0.0
0.85897666,0.0,0.012678459
0.83906955,0.0,0.038700394
0.8815286,0.0,0.001567334
0.649762,0.0,0.2968377
0.8105038,0.0,0.004772762
0.62303334,0.0,0.6586352
0.73823935,0.0,0.32185712
0.89279497,0.0,0.0
0.8278656,0.0,0.12660569
0.67954165,0.0,0.2848178
0.77641195,0.0,0.19998571
0.6903634,0.0,0.13995144
0.69048,0.0,0.6265007
0.6328131,0.0,0.54488665
0.7309368,0.0,0.78126603
0.7010164,0.0,0.26722494
0.7251209,1.0,0.3293375
0.648778,1.0,0.47513005
0.6429808,1.0,0.59388375
0.56177306,1.0,0.502581
0.65511507,0.0,0.37231416
0.6446357,0.0,0.28657427
0.69419175,0.0,0.603294
0.8038908,0.0,0.33904052
0.8640183,0.0,0.22925647
0.6866209,0.0,0.699708
0.7757891,0.0,0.26020566
0.7447025,0.0,0.26941496
0.74963236,0.0,0.37154093
0.89500844,0.0,0.02228792
0.5569422,0.0,0.6002567
0.8526201,0.0,0.12961918
0.8195096,0.0,0.48773965
0.9276851,0.0,0.17580807
0.63828,0.0,0.60563964
0.8492879,0.0,0.06987617
0.77970046,0.0,0.08138792
0.7083192,0.0,0.05674076
0.86900324,0.0,0.017311228
0.83278793,0.0,0.10042676
0.7407421,0.0,0.13506609
0.8682142,0.0,0.0072176047
0.8463227,0.0,0.24925636
0.8548967,0.0,0.19914341
0.86368716,0.0,0.069977045
0.7923466,0.0,0.16939536
0.8572305,0.0,0.021785302
0.927945,0.0,0.0
0.91172624,0.0,0.0006657614
0.94523245,0.0,0.0
0.8509604,0.0,0.00068864075
0.9298076,0.0,0.0
0.85631496,0.0,0.19058834
0.89724827,0.0,0.0057235123
0.7730254,0.0,0.70120335
0.62173504,0.0,0.635219
0.8476136,0.0,0.49806944
0.7440429,0.0,0.053298447
0.8681466,0.0,0.0
0.85051197,0.0,0.07126066
0.90392065,0.0,0.0
0.9130158,0.0,0.0
0.87832296,0.0,0.0
0.9181859,0.0,0.0002537965
0.7717051,0.0,0.0045075943
0.8571277,0.0,0.0
0.77734536,0.0,0.08874305
0.836085,0.0,0.028929112
0.8916431,0.0,0.07558357
0.9029601,0.0,0.32247314
0.81559974,0.0,0.112319075
0.7465931,0.0,0.7600538
0.8778254,0.0,0.7286447
0.7781227,0.0,0.23353876
0.8302559,0.0,0.8192506
0.82779354,0.0,0.49820852
0.90965873,0.0,0.08712762
0.85397,0.0,0.52435696
0.78143096,0.0,0.053252406
0.8256967,0.0,0.024348559
0.84801716,0.0,0.118131526
0.78072274,0.0,0.4053772
0.8528809,0.0,0.14359908
0.8584631,0.0,0.476877
0.84689873,0.0,0.07122047
0.7187638,0.0,0.6650303
0.7477376,0.0,0.32343686
0.6123009,0.0,0.46134326
0.8083327,0.0,0.62073296
0.80115813,0.0,0.23114708
0.8301618,0.0,0.0
0.7412047,0.0,0.088220246
0.84276915,0.0,0.015531555
0.7884771,0.0,0.16393712
0.79380965,0.0,0.036182314
0.9491212,0.0,0.018198667
0.7932091,0.0,0.26464197
0.9369438,0.0,0.07018574
0.92129374,0.0,0.0011723507
0.8327758,0.0,0.36417422
0.8071096,0.0,0.41075364
0.7881222,0.0,0.31808668
0.62290573,0.0,0.38046062
0.78364515,0.0,0.15382923
0.7601199,0.0,0.15218236
0.9362782,0.0,0.0
0.88154095,0.0,0.0
0.92019016,0.0,0.0073731234
0.70258373,0.0,0.0
0.93455917,0.0,0.043643147
0.8295858,0.0,0.39643344
0.723818,0.0,0.25398242
0.9066348,0.0,0.055867292
0.8103254,0.0,0.06702766
0.86328727,0.0,0.012297341
0.6713088,0.0,0.12470758
0.7792818,0.0,0.0015615107
0.8731321,0.0,0.0012023227
0.70789236,0.0,0.28211135
0.8577755,0.0,0.022615468
0.7788962,0.0,0.28553146
0.7540786,0.0,0.50085294
0.78371686,0.0,0.3696
0.86165106,0.0,0.2212052
0.75870883,0.0,0.5376116
0.7568061,0.0,0.42997342
0.5999939,0.0,0.37088546
0.8055737,0.0,0.12338421
0.60920304,0.0,0.4511081
0.83578753,0.0,0.1325768
0.5966457,0.0,0.52404684
0.5631528,0.0,0.31202862
0.5396096,0.0,0.70110744
0.8411913,0.0,0.1753733
0.68222153,0.0,0.24161854
0.8953706,0.0,0.016099654
0.8441271,0.0,0.068080254
0.83469874,0.0,0.0
0.9015599,0.0,0.0
0.7510142,0.0,0.060455814
0.87349033,0.0,0.040289443
0.79814506,0.0,0.06782925
0.7381792,0.0,0.3164247
0.82189935,0.0,0.5593586
0.8186311,0.0,0.042593338
0.7938128,0.0,0.6456032
0.8337454,0.0,0.18998525
0.8967167,0.0,0.0
0.8974906,0.0,0.0
0.9388619,0.0,0.0
0.87148845,0.0,0.0
0.8530847,0.0,0.1216517
0.6045002,0.0,0.29256052
0.56924605,0.0,0.46259972
0.92104983,0.0,0.002157384
0.60244685,0.0,0.15058184
0.91187155,0.0,0.0038435445
0.6873666,0.0,0.035238776
0.60372573,0.0,0.039086007
0.797682,0.0,0.0555431
0.73861027,0.0,0.24772868
0.50770414,0.0,0.20240124
0.7081832,0.0,0.56815714
0.88705355,0.0,0.08555294
0.58267933,0.0,0.4748786
0.5910325,0.0,0.44953546
0.6312233,0.0,0.4611429
0.7904143,0.0,0.3175399
0.44914225,0.0,0.4418453
0.844616,0.0,0.0070614917
0.5889705,0.0,0.32090035
0.8682174,0.0,0.21738462
0.8805534,0.0,0.006677614
0.78632796,0.0,0.7231851
0.8781055,0.0,0.38656864
0.81100225,0.0,0.14534163
0.84839,0.0,0.46378118
0.8266742,0.0,0.7553244
0.7520408,0.0,0.5948719
0.803289,0.0,0.56942266
0.756386,0.0,0.5008344
0.9098607,0.0,0.11151359
0.85650986,0.0,0.15385173
0.88181454,0.0,0.0
0.81970245,0.0,0.0039255195
0.8280819,0.0,0.024959061
0.9256325,0.0,0.014213197
0.8722687,0.0,0.11147921
0.87009406,0.0,0.05107238
0.88837135,0.0,0.045429446
0.8093157,0.0,0.18411362
0.78487056,0.0,0.5050432
0.83063614,0.0,0.24011755
0.75136745,0.0,0.098622516
0.9329186,0.0,0.0
0.95441866,0.0,0.001479376
0.935531,0.0,0.0
0.9219064,0.0,0.0
0.83967537,0.0,0.011016261
0.9133079,0.0,0.04182663
0.90311724,0.0,0.12297561
0.83935684,0.0,0.14521834
0.7723386,0.0,0.5928868
0.870172,0.0,0.35499656
0.60139775,0.0,0.24827671
0.751599,0.0,0.14680086
0.7811661,0.0,0.5884767
0.7944654,0.0,0.4203865
0.8197881,0.0,0.29762778
0.86616474,0.0,0.045537397
0.83313185,0.0,0.10921623
0.9206909,0.0,0.0027846426
0.909885,0.0,0.0
0.7810136,0.0,0.025896482
0.89135873,0.0,0.009368441
0.784432,0.0,0.24026777
0.8858436,0.0,0.028825859
0.7329353,0.0,0.24137768
0.86792016,0.0,0.39225546
0.80361307,0.0,0.8814403
0.68032557,0.0,0.54334253
0.7823643,0.0,0.3149993
0.78376514,0.0,0.85501933
0.8171167,0.0,0.46478748
0.82289547,0.0,0.6602945
0.8758817,0.0,0.2928067
0.84284157,0.0,0.39848998
0.8576265,0.0,0.11630898
0.8586669,0.0,0.25658843
0.7927614,0.0,0.17678323
0.85613716,0.0,0.01739969
0.81357616,1.0,0.2800591
0.81963927,1.0,0.24288605
0.717124,1.0,0.1400952
0.8996025,0.0,0.009400337
0.8968392,1.0,0.5507916
0.92086685,0.0,0.22439891
0.8781528,1.0,0.38473254
0.7534746,0.0,0.111428164
0.81683993,0.0,0.43413925
0.831224,0.0,0.4152821
0.933312,0.0,0.008084778
0.79975975,0.0,0.34775212
0.7933609,0.0,0.04912919
0.8759469,0.0,0.06177724
0.9286706,0.0,0.022809476
0.9059103,0.0,0.066326715
0.9498892,0.0,0.14960419
0.881492,0.0,0.20669822
0.827571,0.0,0.2171634
0.90443766,0.0,0.010920398
0.7096875,0.0,0.52634954
0.8068292,0.0,0.4746453
0.95292526,0.0,0.08134235
0.76779747,0.0,0.20272598
0.85848904,0.0,0.0
0.90333295,0.0,0.0031188536
0.8287532,0.0,0.0218725
0.92228967,0.0,0.0061804256
0.881982,0.0,0.012419286
0.91348743,0.0,0.01624212
0.85319084,0.0,0.01722265
0.8722036,0.0,0.012681361
0.8780845,0.0,0.006893793
0.8116561,1.0,0.14974773
0.82871205,1.0,0.20242615
0.82097393,0.0,0.07546432
0.78667825,0.0,0.077451535
0.823977,0.0,0.0049162824
0.9001674,0.0,0.004864892
0.806063,0.0,0.017043404
0.64872926,0.0,0.19661374
0.6411498,0.0,0.16456203
0.6156708,0.0,0.7617314
0.68066674,0.0,0.36862344
0.7644027,0.0,0.63277406
0.8068261,0.0,0.45980465
0.8012841,0.0,0.3326597
0.88284206,0.0,0.04003354
0.80828345,0.0,0.0875966
0.8246295,0.0,0.053485453
0.87480843,0.0,0.08072633
0.8285754,1.0,0.40006724
0.8696203,0.0,0.09493663
0.73241115,1.0,0.364663
0.841951,1.0,0.5850756
0.8704187,1.0,0.7208512
0.87020606,0.0,0.07570701
0.92509055,1.0,0.40678686
0.9170383,0.0,0.0052758614
0.78911173,1.0,0.36866516
0.9106831,1.0,0.062441356
0.8093323,1.0,0.17472139
0.9515138,1.0,0.5354448
0.8727178,1.0,0.13720568
0.8695202,1.0,0.7670382
0.9223583,0.0,0.6985943
0.9190518,1.0,0.6382262
0.8564859,1.0,0.4448368
0.8630777,1.0,0.3558992
0.9127321,0.0,0.008337647
0.9154916,0.0,0.022225056
0.8777414,0.0,0.0053617936
0.9161708,0.0,0.097353026
0.9571446,0.0,0.0
0.9468728,0.0,0.14469506
0.93612504,0.0,0.08785626
0.9618255,0.0,0.07133798
0.84496856,0.0,0.0036816185
0.91340727,0.0,0.16063231
0.8751151,0.0,0.046325676
0.84328467,0.0,0.049315877
0.7179263,0.0,0.389175
0.881435,0.0,0.51459944
0.6140496,0.0,0.39352378
0.8274004,0.0,0.0055702496
0.52691585,0.0,0.3243325
0.83844423,0.0,0.21524267
0.83850896,0.0,0.33460367
0.72888464,0.0,0.82493585
0.7550442,0.0,0.6761866
0.83369803,0.0,0.4945935
0.69127584,0.0,0.39363807
0.8620313,0.0,0.18852891
0.52933437,0.0,0.6354024
0.8790205,0.0,0.2645561
0.91358066,0.0,0.06385076
0.83750457,0.0,0.04069147
0.86692023,0.0,0.0
0.90166354,0.0,0.0022838353
0.7566836,0.0,0.0
0.9132524,0.0,0.011061277
0.9000922,0.0,0.010866173
0.928484,0.0,0.0040751863
0.6718152,0.0,0.03311015
0.63058347,0.0,0.07618314
0.91843873,0.0,0.05838678
0.7527283,0.0,0.013159822
0.88322955,0.0,0.0
0.71529925,0.0,0.014254615
0.5521899,0.0,0.0057791886
0.8784471,1.0,0.04420161
0.59922683,0.0,0.012200441
0.921152,0.0,0.0039389348
0.8642478,0.0,0.08252995
0.8456038,0.0,0.102273755
0.8069481,0.0,0.43722957
0.8269113,0.0,0.14567667
0.6174112,0.0,0.78237087
0.6995058,0.0,0.6891174
0.8389555,0.0,0.29823422
0.7661381,0.0,0.7537223
0.6567102,0.0,0.5724155
0.75677925,0.0,0.09880812
0.7963868,0.0,0.18696237
0.7592058,0.0,0.40297487
0.6952237,0.0,0.5109524
0.8368705,0.0,0.39347234
0.7037586,0.0,0.37024176
0.7097713,0.0,0.8493854
0.77852786,0.0,0.19579157
0.58772504,0.0,0.48928785
0.66149014,0.0,0.3403504
0.5960031,0.0,0.67998856
0.69504654,0.0,0.49332097
0.5963063,0.0,0.13383193
0.6302072,0.0,0.12775484
0.6108935,0.0,0.44724026
0.59168166,0.0,0.22731258
0.51929855,0.0,0.6284042
0.5040184,0.0,0.7396918
0.5861211,0.0,0.5063459
0.583337,0.0,0.715514
0.4978744,0.0,0.6300619
0.46010193,0.0,1.0
0.6632755,0.0,0.5679186
0.49475846,0.0,0.114027575
0.5337829,0.0,0.86244816
0.61976963,0.0,0.32810304
0.7095877,0.0,0.1719101
0.5878018,0.0,0.5652577
0.6051316,0.0,0.92893285
0.63294905,0.0,0.317675
0.6785726,0.0,0.6770252
0.77273023,0.0,0.10897321
0.37640324,0.0,0.42956075
0.46626452,0.0,0.58765274
0.28028822,0.0,0.53899485
0.6488664,0.0,0.24872689
0.5442492,0.0,0.1936969
0.38713747,0.0,0.13752337
0.6591621,0.0,0.15402633
0.65369684,0.0,0.09532572
0.8062568,0.0,0.381429
0.4593429,0.0,0.13743412
0.6131744,0.0,0.04107702
0.7141927,0.0,0.06452044
0.49987027,0.0,0.29167876
0.47024187,0.0,0.51204777
0.794267,1.0,0.4625786
0.57460344,0.0,0.25237396
0.7713886,1.0,0.43061015
0.7572364,0.0,0.09911079
0.8335406,1.0,0.3911022
0.8693653,0.0,0.0009920696
0.74780864,1.0,0.18052663
0.7868499,0.0,0.2130148
0.7670454,1.0,0.4210343
0.8486929,0.0,0.00952022
0.63671166,0.0,0.5303675
0.870863,0.0,0.003321044
0.73239505,0.0,0.36329117
0.86338985,0.0,0.00034638456
0.63552374,0.0,0.17007025
0.824068,0.0,0.10327244
0.71022105,0.0,0.2168791
0.5395586,0.0,0.6671845
0.5758005,0.0,0.29044977
0.59438324,0.0,0.6045981
0.70944715,0.0,0.7403727
0.65591556,0.0,0.21323003
0.7130849,0.0,0.18620154
0.55358976,0.0,0.50919205
0.78140724,0.0,0.04867146
0.5380459,0.0,0.4701788
0.60994375,0.0,0.5304652
0.74925137,0.0,0.02957219
0.57996434,1.0,0.25137284
0.83391684,0.0,0.0012537548
0.6728582,1.0,0.40443778
0.8475164,0.0,0.0065226764
0.73690504,1.0,0.3306802
0.87846684,0.0,0.007481868
0.6490516,1.0,0.32314426
0.7028118,0.0,0.18176062
0.66698664,1.0,0.57638437
0.60108644,1.0,0.5396993
0.8838364,0.0,0.018499002
0.8563876,1.0,0.13929941
0.86659396,0.0,0.014898232
0.757171,1.0,0.36372882
0.90113914,1.0,0.017587552
0.82683474,1.0,0.20220757
0.82491577,0.0,0.016486397
0.7981593,1.0,0.20698129
0.6653929,1.0,0.4838156
0.7753484,0.0,0.0063372
0.5775645,0.0,0.19667682
0.6837909,0.0,0.23368026
0.5277439,0.0,0.37204972
0.8104528,0.0,0.0033720396
0.86600935,0.0,0.0
0.49549186,0.0,0.06438955
0.66953,0.0,0.025851302
0.8623678,0.0,0.0072570015
0.6439019,0.0,0.022343338
0.6646269,0.0,0.007064969
0.8997345,0.0,0.00035837467
0.81602705,0.0,0.01634956
0.5799735,0.0,0.072478496
0.8843979,0.0,0.0070801834
0.8848126,0.0,0.01814642
0.75569165,0.0,0.10313124
0.7014016,0.0,0.010672615
0.8052544,0.0,0.0
0.6931816,0.0,0.0
0.83294594,0.0,0.015570219
0.7335849,0.0,0.002749529
0.83997476,0.0,0.023419697
0.8840959,0.0,0.011882568
0.7350896,1.0,0.35178834
0.5710325,0.0,0.3277053
0.4566122,0.0,0.29845878
0.35325155,0.0,0.63908446
0.536896,0.0,0.5009139
0.6263778,0.0,0.1301909
0.35850328,0.0,0.44658062
0.75279063,0.0,0.05369515
0.7551258,0.0,0.0017609202
0.8790345,0.0,0.0064770193
0.67170596,0.0,0.0687526
0.8199023,0.0,0.10116778
0.83190393,0.0,0.01828621
0.7038243,0.0,5.527609e-05
0.84261733,0.0,0.02022046
0.56215006,0.0,0.18548393
0.8982491,0.0,0.029230105
0.4760478,0.0,0.33727527
0.880985,0.0,0.02622168
0.47149622,0.0,0.4383916
0.8515457,0.0,0.029421814
0.38177127,0.0,0.20200814
0.85694665,0.0,0.0020355093
0.4426337,0.0,0.22670327
0.865358,0.0,0.028388785
0.5974667,0.0,0.3896868
0.7319686,0.0,0.7842478
0.83893293,0.0,0.35666957
0.6968143,0.0,0.68866277
0.85634184,0.0,0.4909761
0.73872566,0.0,0.399745
0.8485771,0.0,0.009523678
0.7462083,0.0,0.25350484
0.7804314,0.0,0.008314704
0.4488931,0.0,0.44419906
0.7659931,0.0,0.030959768
0.47782007,0.0,0.3253654
0.90520453,0.0,0.008203055
0.3931629,0.0,0.47110397
0.74931335,0.0,0.011354909
0.7619756,0.0,0.3048292
0.7653378,0.0,0.2934766
0.46153912,0.0,0.75953585
0.7202466,0.0,0.6087553
0.8370211,0.0,0.4251496
0.6746524,1.0,0.25449923
0.93264717,0.0,0.013751008
0.5991179,0.0,0.19052984
0.9044149,0.0,0.019220319
0.5315417,0.0,0.35737503
0.81388646,0.0,0.032023404
0.53762406,0.0,0.3323677
0.77086747,0.0,0.02184758
0.45880947,0.0,0.42144278
0.7958192,0.0,0.1533257
0.64249575,0.0,0.16941379
0.9105025,0.0,0.010033336
0.67385554,0.0,0.14339328
0.75335014,0.0,0.5483036
0.83503807,0.0,0.06506565
0.65332806,0.0,0.38251856
0.52359617,0.0,0.44638675
0.66606915,0.0,0.4003604
0.76681376,0.0,0.04495879
0.53855443,0.0,0.4043179
0.8115473,0.0,0.09370165
0.66613275,0.0,0.40766767
0.8575831,0.0,0.056936633
0.5056398,0.0,0.4978463
0.545639,0.0,0.5405132
0.8288178,0.0,0.1408449
0.5182927,0.0,0.44608045
0.7823982,0.0,0.059714545
0.46712774,0.0,0.34475008
0.86319184,0.0,0.046561
0.5284848,0.0,0.36642003
0.7631964,0.0,0.1628032
0.6835651,0.0,0.48286197
0.5796904,0.0,0.62743837
0.7844985,0.0,0.21585031
0.640665,0.0,0.297654
0.8979637,0.0,0.029664183
0.5646278,0.0,0.32214043
0.87430465,0.0,0.05205552
0.67710507,0.0,0.566232
0.84547716,0.0,0.1191563
0.6519122,0.0,0.47503158
0.9407756,0.0,0.09728589
0.5192056,0.0,0.49737018
0.8634481,0.0,0.040176414
0.61930966,0.0,0.22353056
0.89324963,0.0,0.07904398
0.6604312,0.0,0.41773093
0.6359941,0.0,0.40475613
0.7853311,0.0,0.77832144
0.7180734,0.0,0.7443787
0.7308362,0.0,0.40090892
0.766295,0.0,0.4739174
0.72335756,0.0,0.49263823
0.90149754,0.0,0.28208143
0.6462445,0.0,0.34856674
0.9086342,0.0,0.014463951
0.51067895,0.0,0.2982305
0.91879576,0.0,0.031318784
0.5537009,0.0,0.5289971
0.8600867,0.0,0.068884976
0.47860307,0.0,0.22941533
0.8790381,0.0,0.0048923604
0.55182683,0.0,0.33933273
0.8792481,0.0,0.06575886
0.77457,0.0,0.50899583
0.74886817,0.0,0.36024603
0.8614685,0.0,0.93271124
0.77354026,0.0,1.0
0.84770167,0.0,0.7967524
0.7865618,0.0,0.21878585
0.69737685,0.0,0.29754642
0.74537575,0.0,0.5270314
0.6821728,0.0,0.2919188
0.7002782,0.0,0.05253527
0.5891238,0.0,0.13525626
0.7275618,0.0,0.014093515
0.6581297,0.0,0.28281808
0.78047866,0.0,0.025722802
0.62281734,0.0,0.32936463
0.6096412,0.0,0.33667386
0.7926965,0.0,0.04236736
0.6611689,1.0,0.47865695
0.83933234,1.0,0.056161437
0.74323547,1.0,0.53825504
0.831328,0.0,0.087890364
0.85521185,0.0,0.29737356
0.7576061,0.0,0.48484558
0.7515349,0.0,0.58723736
0.6922663,1.0,0.53669196
0.8984478,0.0,0.39964727
0.7980536,1.0,0.15266289
0.8289643,0.0,0.0037773186
0.88985443,1.0,0.39321396
0.71845895,1.0,0.013415969
0.79126596,1.0,0.09897063
0.8398193,0.0,0.015917987
0.78472227,0.0,0.059101567
0.8329508,0.0,0.01829535
0.7445055,0.0,0.24901636
0.813008,0.0,0.002914047
0.7404574,0.0,0.025493886
0.63530666,0.0,0.2248652
0.64058,0.0,0.57104135
0.4405442,0.0,0.75515544
0.58423483,0.0,0.3351077
0.49461815,0.0,0.48704132
0.48029453,0.0,0.7175872
0.54936,0.0,0.66712147
0.579656,0.0,0.1713507
0.56995547,0.0,0.32415932
0.56860197,0.0,0.05400343
0.42486528,0.0,0.6173236
0.4834041,0.0,0.35369426
0.6645644,0.0,0.10012408
0.62206197,0.0,0.2937196
0.5563615,0.0,0.53620356
0.5104487,1.0,0.454548
0.69428176,1.0,0.08171018
0.590269,0.0,0.4584402
0.6604316,1.0,0.4728441
0.741622,0.0,0.3921162
0.80686927,0.0,0.74901533
0.7890672,0.0,0.33962363
0.86574525,0.0,0.08466584
0.79416263,0.0,0.3617659
0.82273835,0.0,0.35517356
0.7394433,0.0,0.07264031
0.57598233,1.0,0.4994691
0.75475484,1.0,0.69919354
0.79199827,1.0,0.6860567
0.7108428,1.0,0.17685314
0.57029414,1.0,0.030435747
0.8969887,1.0,0.33542627
0.6178895,1.0,0.28469235
0.80947393,0.0,0.0016982147
0.8715294,0.0,0.021256763
0.79477715,1.0,0.44305423
0.52814436,1.0,0.36653978
0.7775175,0.0,0.09284389
0.4912147,0.0,0.5846172
0.8123078,0.0,0.28497854
0.17009562,0.0,0.25353476
0.5135697,0.0,0.34842283
0.58549505,0.0,0.3212993
0.59674984,0.0,0.36595997
0.7984465,0.0,0.27915865
0.7221159,0.0,0.6890768
0.88541746,0.0,0.40471864
0.59259385,0.0,0.41029245
0.7798379,0.0,0.08150885
0.82196176,0.0,0.12885727
0.70045173,0.0,0.19878276
0.7608132,0.0,0.21192636
0.75651944,0.0,0.22488365
0.6601491,0.0,0.16727073
0.8297801,0.0,0.0
0.4488916,0.0,0.27148038
0.87811047,0.0,0.00204221
0.8612724,0.0,0.41082466
0.6268329,0.0,0.5309975
0.5119007,0.0,0.1594205
0.3655639,0.0,0.32553762
0.46642193,0.0,0.0039828047
0.88194543,0.0,0.0910084
0.78237724,0.0,0.0
0.8992058,0.0,0.11958003
0.5838216,0.0,0.18928419
0.8780366,0.0,0.036294706
0.6576417,0.0,0.35908827
0.7090471,0.0,0.23572946
0.58288956,0.0,0.75189084
0.74942434,0.0,0.17562018
0.47476524,1.0,0.4751986
0.5759162,1.0,0.5554252
0.4527583,0.0,0.15798064
0.727414,1.0,0.13412789
0.6858094,1.0,0.4836698
0.91778356,0.0,0.06446151
0.7756777,0.0,0.03539547
0.5391955,1.0,0.05560751
0.6137424,1.0,0.23216856
0.6708185,0.0,0.0
0.52912265,0.0,0.042023633
0.64736617,1.0,0.3499173
0.67286307,1.0,0.44607496
0.77183115,0.0,0.094691075
0.7388386,0.0,0.25403237
0.7228764,0.0,0.043890767
0.8842609,0.0,0.34732598
0.8014851,0.0,0.23367876
0.66197705,0.0,0.5292694
0.72545916,0.0,0.048527315
0.8389539,0.0,0.030737013
0.8253897,0.0,0.12861054
0.94833124,0.0,0.23285238
0.9085279,0.0,0.1392397
0.7323075,0.0,0.03268229
0.95337635,0.0,0.0
0.888126,1.0,0.12911434
0.8128661,1.0,0.048023887
0.7388009,1.0,0.30717835
0.77635103,0.0,0.3933667
0.65637666,0.0,0.37970167
0.510183,0.0,0.6199132
0.5867629,0.0,0.59155214
0.5772023,0.0,0.62844074
0.8035667,0.0,0.6667543
0.7431146,0.0,0.19227937
0.7574774,0.0,0.2939644
0.7830161,0.0,0.03381784
0.8688992,0.0,0.082508534
0.8581518,0.0,0.04601169
0.9065728,0.0,0.010224432
0.93700105,0.0,0.091959916
0.8040109,0.0,0.2569198
0.8706947,0.0,0.19174816
0.90631235,0.0,0.16775952
0.58826554,0.0,0.57694507
0.70707214,0.0,0.29921567
0.775153,0.0,0.14487629
0.90241355,0.0,0.08427587
0.8784159,0.0,0.0
0.342207,0.0,0.18517345
0.6081073,0.0,0.3726433
0.740024,0.0,0.12752569
0.8909589,0.0,0.0077600726
0.75148237,0.0,0.3602008
0.6137092,0.0,0.6436585
0.73019266,0.0,0.30705342
0.39834836,0.0,0.33741152
0.39373416,0.0,0.12751536
0.37960958,0.0,0.48355156
0.69281524,0.0,0.20069863
0.365426,0.0,0.3713383
0.6409157,0.0,0.13119395
0.30779335,0.0,0.00021020406
0.29253578,0.0,0.03268675
0.5020767,0.0,0.36234197
0.8314515,0.0,0.013131793
0.88456094,0.0,0.0
0.43481737,0.0,0.20015496
0.72934306,0.0,0.037922066
0.7447862,0.0,0.003424487
0.8087446,0.0,0.0
0.839669,0.0,0.064227104
0.91234815,0.0,0.0
0.9015343,0.0,0.0
0.85639155,0.0,0.056010257
0.828819,0.0,0.1563151
0.7823066,0.0,0.0
0.9191231,0.0,0.051989347
0.8708459,0.0,0.35525808
0.60547066,0.0,0.28154343
0.7328965,0.0,0.3829774
0.6569837,0.0,0.8356601
0.84869593,0.0,0.56703854
0.5747553,0.0,0.79220796
0.58617085,0.0,0.4657495
0.7105236,0.0,0.1305806
0.8491562,0.0,0.058607332
0.67014295,0.0,0.15534885
0.88933897,0.0,0.02595644
0.86201566,0.0,0.0
0.94742674,0.0,0.0
0.93748206,0.0,0.0021943857
0.94240075,0.0,0.09033594
0.8426309,0.0,0.06565459
0.77781844,0.0,0.012015699
0.8082253,0.0,0.11673266
0.9134512,0.0,0.0
0.8572489,0.0,0.41747525
0.9109203,0.0,0.07604143
0.95432764,0.0,0.0030809925
0.85644025,0.0,0.16780703
0.7980547,0.0,0.0
0.8567035,0.0,0.1811895
0.74543524,0.0,0.75333285
0.54959404,0.0,0.47773224
0.92905617,0.0,0.16747804
0.53557485,0.0,0.086687006
0.9117729,0.0,0.0
0.84417623,0.0,0.0022557494
0.6219898,0.0,3.500611e-05
0.8639632,0.0,0.068767674
0.80549115,0.0,0.095081665
0.9446769,0.0,0.0
0.88718027,0.0,0.07381926
0.87769413,0.0,0.13072462
0.9299643,0.0,0.0
0.84219193,0.0,0.0
0.8017335,0.0,0.14529727
0.788288,0.0,0.11348519
0.74600446,0.0,0.3257381
0.6016452,0.0,0.37270457
0.75998497,0.0,0.7086451
0.7256694,0.0,0.4940469
0.6780606,0.0,0.52734184
0.7127314,0.0,0.39587712
0.71200615,0.0,0.23019691
0.5592503,0.0,0.281841
0.62850523,0.0,0.2719087
0.8308542,0.0,0.3487543
0.7348187,0.0,0.19800301
0.8178075,0.0,0.3825757
0.8122967,0.0,0.66231036
0.91726416,0.0,0.30779254
0.88817924,0.0,0.21212287
0.8174151,0.0,0.121382855
0.7014774,0.0,0.18539771
0.86795825,0.0,0.33587456
0.8902264,0.0,0.06752426
0.79605854,0.0,0.04729901
0.94468516,0.0,0.049905434
0.912354,0.0,0.013102807
0.83284634,0.0,0.040398568
0.91722995,0.0,0.102203116
0.96314126,0.0,0.10700435
0.9016209,0.0,0.002452223
0.8790558,0.0,0.21547683
0.82029754,0.0,0.47312576
0.82764816,0.0,0.54599005
0.91160053,0.0,0.12917104
0.7981069,0.0,0.31617928
0.62241936,0.0,0.24343656
0.63586634,0.0,0.59890914
0.6322073,0.0,0.43668568
0.45100546,0.0,0.05841562
0.587788,0.0,0.31911504
0.852817,0.0,0.07017674
0.6746115,0.0,0.01830294
0.8048031,0.0,0.21047698
0.7298629,0.0,0.2820908
0.90530276,0.0,0.13622627
0.85681397,0.0,0.016917234
0.759221,0.0,0.02121607
0.86923194,0.0,0.0
0.90998715,0.0,0.04543716
0.8572467,0.0,0.003740442
0.90667695,0.0,0.00085992826
0.8284375,0.0,0.0
0.85713404,0.0,0.0017561837
0.86573076,0.0,0.0009127098
0.89847505,0.0,0.015547879
0.88732505,0.0,0.0008837937
0.8842191,0.0,0.0
0.92210156,0.0,0.0
0.8507388,0.0,0.082988895
0.91963917,0.0,0.08323626
0.9396232,0.0,0.0
0.8965938,0.0,0.18536167
0.7698892,0.0,0.2795888
0.52313167,0.0,0.70542336
0.6509327,0.0,0.6085917
0.75164837,0.0,0.45054027
0.83809954,0.0,0.3188173
0.7736583,0.0,0.16171654
0.6246336,0.0,0.546367
0.8797795,0.0,0.086028926
0.80083597,0.0,0.25620764
0.8319293,0.0,0.19503921
0.8220245,0.0,0.0
0.88023776,0.0,0.015647441
0.4786791,0.0,0.3205362
0.6649664,0.0,0.4535248
0.450995,0.0,0.35651055
0.8657487,0.0,0.08089225
0.60442513,0.0,0.5028266
0.757198,0.0,0.6688345
0.71679586,0.0,0.6739937
0.5871487,0.0,0.045212843
0.7076196,0.0,0.29728302
0.8160307,0.0,0.2246863
0.7574502,0.0,0.63287824
0.5921875,0.0,0.29652587
0.9302756,0.0,0.0022393838
0.89717513,0.0,0.3716581
0.6962626,0.0,0.47481155
0.804819,0.0,0.06768268
0.94789565,0.0,0.014501842
0.920387,0.0,0.16841826
0.82111984,0.0,0.49449784
0.8122778,0.0,0.39323345
0.28407517,0.0,0.70521295
0.5688122,0.0,0.32430616
0.89966697,0.0,0.18360268
0.7258112,0.0,0.06641565
0.5091347,0.0,0.5734036
0.7331276,0.0,0.21359272
0.49381074,0.0,0.1420533
0.45423272,0.0,0.7153807
0.49697512,0.0,0.18996018
0.9398738,0.0,0.0025490026
0.41642055,0.0,0.4106633
0.75599027,0.0,0.43498456
0.7464815,0.0,0.2228311
0.3772122,0.0,0.34720516
0.78728396,0.0,0.015018965
0.77858377,0.0,8.958586e-05
0.4934265,0.0,0.34447592
0.4918482,0.0,0.19109459
0.7379818,0.0,0.0034412201
0.693106,0.0,0.0041497983
0.5964087,0.0,0.46664533
0.80572397,0.0,0.016909465
0.7463081,0.0,0.0
0.85083854,0.0,0.37648696
0.6717277,0.0,0.15464658
0.8703099,0.0,0.0
0.9688691,0.0,0.0414121
0.59254146,0.0,0.33594143
0.69170886,0.0,0.5645481
0.7299366,0.0,0.4793618
0.6868467,0.0,0.077258974
0.77236056,0.0,0.5195328
0.80861604,0.0,0.40984502
0.9494118,0.0,0.054785337
0.68639904,0.0,0.16963442
0.66762596,0.0,0.47600406
0.78318,0.0,0.03509574
0.36028844,0.0,0.35440296
0.7907177,0.0,0.3684281
0.7710097,0.0,0.00014011071
0.7852857,0.0,0.30199638
0.79382336,0.0,0.44822818
0.42672443,0.0,0.26171052
0.70613796,0.0,0.0014871791
0.59806406,0.0,0.24882574
0.6311086,0.0,0.41525504
0.75894874,0.0,0.02998421
0.4440288,0.0,0.24002002
0.6768839,0.0,0.57843095
0.5001705,0.0,0.48356435
0.39223978,0.0,0.3166876
0.50722396,0.0,1.0
0.75444645,1.0,0.20600334
0.64474916,1.0,0.22684492
0.7289664,0.0,0.0046967333
0.5800865,1.0,0.12633601
0.85733306,0.0,0.010001079
0.52663696,0.0,0.09706325
0.74155706,0.0,0.019472789
0.5967994,0.0,0.25570217
0.78043085,0.0,0.3197104
0.768288,0.0,0.55716777
0.76462567,0.0,0.40545925
0.7895392,0.0,0.0
0.6865706,0.0,0.26541898
0.6698614,0.0,0.036157694
0.75547534,0.0,0.0014402554
0.7378015,0.0,0.057071984
0.6522443,0.0,0.39476785
0.7824959,0.0,0.014297508
0.8108317,0.0,0.007150926
0.67580986,0.0,0.2647792
0.7567193,0.0,0.15333258
0.6996479,0.0,0.4742519
0.6829262,0.0,0.20941183
0.7670558,0.0,0.60725605
0.7787048,1.0,0.6786499
0.7902153,1.0,0.6126836
0.9183762,1.0,0.34797502
0.6842964,1.0,0.3849994
0.82870436,1.0,0.096887805
0.6440659,1.0,0.49259683
0.87983006,0.0,0.13632976
0.58314496,0.0,0.5860283
0.82552564,0.0,0.63369584
0.8863863,0.0,0.088031776
0.748051,1.0,0.36703795
0.91521937,0.0,0.0
0.79688615,1.0,0.2563769
0.87474996,0.0,0.025075046
0.76292866,1.0,0.33838817
0.784899,1.0,0.07545581
0.7776792,1.0,0.4866696
0.74404466,1.0,0.29263496
0.80314296,1.0,0.30930066
0.6645267,0.0,0.42383108
0.6445365,0.0,0.43414015
0.68804765,0.0,0.53214025
0.71674895,0.0,0.32867685
0.67099255,0.0,0.0
0.74334973,1.0,0.09840183
0.8078745,0.0,0.003464071
0.8116448,1.0,0.047147885
0.7695967,0.0,0.0015268996
0.7590503,1.0,0.33273736
0.7466182,1.0,0.06903557
0.6940186,1.0,0.3679026
0.82109976,1.0,0.46220836
0.70049286,1.0,0.81886023
0.68294865,0.0,0.4935987
0.7997583,0.0,0.14943781
0.849282,0.0,0.0065135914
0.70323265,0.0,0.024717983
0.7375289,0.0,0.4327896
0.83690006,0.0,0.0
0.8130968,0.0,0.0
0.68873113,0.0,0.28730348
0.64315367,1.0,0.45557883
0.8019504,0.0,0.043583278
0.7758818,0.0,0.0022116473
0.7452856,0.0,0.30327123
0.6939929,0.0,0.40562347
0.81597203,0.0,0.026245447
0.78677773,0.0,0.067363776
0.63044214,0.0,0.4555234
0.7731902,0.0,0.14236754
0.6176413,0.0,0.5758921
0.6451592,0.0,0.035566825
0.6561786,0.0,0.8046292
0.71831477,0.0,0.40750715
0.79355276,0.0,0.25407836
0.6983121,0.0,0.5434158
0.7040641,0.0,0.40732965
0.7440546,0.0,0.12934774
0.7519503,0.0,0.05755203
0.7166163,0.0,0.4756495
0.76723737,0.0,0.46053725
0.5239258,0.0,0.5310018
0.8411475,0.0,0.019462312
0.58634025,0.0,0.3504909
0.79227024,0.0,0.031118855
0.48296815,0.0,0.34774098
0.9110695,0.0,0.03913985
0.68613315,1.0,0.3389697
0.84472555,0.0,0.0042305784
0.7548553,1.0,0.26335797
0.8631462,1.0,0.34393448
0.73854005,0.0,0.0
0.72313017,0.0,0.24500135
0.78294975,0.0,0.012146227
0.604517,0.0,0.77860343
0.7770355,0.0,0.4960608
0.8719935,0.0,0.14108965
0.82251215,0.0,0.29689148
0.6906772,0.0,0.509071
0.74125844,0.0,0.087948635
0.90598184,0.0,0.0
0.75915486,0.0,0.19986323
0.59547013,0.0,0.43075415
0.74245787,0.0,0.0
0.8986817,0.0,0.0
0.75391376,0.0,0.40280977
0.6967062,0.0,0.3928231
0.84057313,0.0,0.14547835
0.6534421,0.0,0.5639647
0.7808041,0.0,0.03530915
0.6115082,0.0,0.63881946
0.8970584,0.0,0.092669815
0.6956456,0.0,0.38634402
0.86508894,0.0,0.098742425
0.664992,0.0,0.45673358
0.7033815,0.0,0.40236732
0.66689324,1.0,0.48158938
0.86480993,1.0,0.51630384
0.73454744,1.0,0.3786694
0.8740084,0.0,0.040588424
0.7381397,0.0,0.07620005
0.9217706,0.0,0.0
0.618692,0.0,0.24335413
0.8386815,0.0,0.019147312
0.5635067,0.0,0.38465253
0.7170576,0.0,0.13217053
0.6496544,0.0,0.43565145
0.82877815,0.0,0.09793091
0.6817456,0.0,0.27704418
0.8176735,0.0,0.04839967
0.77584666,0.0,0.1796443
0.68228555,0.0,0.10155157
0.892324,0.0,0.012307917
0.84454805,0.0,0.0001373348
0.68685436,0.0,0.0595771
0.78630275,0.0,0.028696422
0.8233354,0.0,0.0011150278
0.6609396,0.0,0.069972716
0.8244131,0.0,0.083382465
0.83752143,0.0,0.0
0.841446,0.0,0.0027807988
0.7093099,0.0,0.29500738
0.7225455,0.0,0.2795008
0.75926405,0.0,0.027052393
0.72096044,0.0,0.5343169
0.7206233,0.0,0.7892976
0.573643,0.0,0.4867813
0.5588446,0.0,0.49459863
0.7790383,0.0,0.12416414
0.7169797,0.0,0.66799796
0.627314,0.0,0.47029015
0.7422016,0.0,0.12897865
0.7204481,0.0,0.043263517
0.6692975,0.0,0.55879027
0.7040534,0.0,0.68702745
0.79621845,0.0,0.06769889
0.7553857,0.0,0.12531821
0.69443125,0.0,0.612211
0.634024,0.0,0.6121245
0.65629685,0.0,0.028048044
0.6863602,0.0,0.6600711
0.70831174,0.0,0.13182828
0.6224571,0.0,0.2921755
0.6245766,0.0,0.5885557
0.67148346,0.0,0.45675558
0.6414004,0.0,0.07707355
0.4849593,0.0,0.53483635
0.60129166,0.0,0.51006746
0.5127584,0.0,0.35174882
0.34411624,0.0,0.18698733
0.49281758,0.0,0.19780675
0.35116985,0.0,0.05328137
0.2689194,0.0,0.38898286
0.31932735,0.0,0.44440228
0.46984774,0.0,0.1045941
0.5287279,0.0,0.45289108
0.6294194,0.0,0.0939498
0.5920234,0.0,0.110462405
0.51230294,0.0,0.65848756
0.33820465,0.0,0.5633915
0.84187615,0.0,0.20326638
0.4341029,0.0,0.3304316
0.7696449,0.0,0.06835405
0.23746361,0.0,0.110029265
0.729174,0.0,0.010901788
0.6635138,0.0,0.0
0.65449166,0.0,0.07120828
0.772243,0.0,0.070293896
0.5083678,0.0,0.38300294
0.7264313,0.0,0.18092038
0.4714163,0.0,0.43481937
0.5522933,0.0,0.70759916
0.6310895,0.0,0.1289998
0.6032934,1.0,0.2969795
0.5997833,0.0,0.1557325
0.46224877,0.0,0.124935836
0.5668912,0.0,0.020614296
0.6468678,0.0,0.0007554017
0.78131115,0.0,0.0062206513
0.8326402,0.0,0.026398815
0.8614988,0.0,0.03816754
0.84448963,0.0,0.01596119
0.48488614,0.0,0.17582181
0.75552493,0.0,0.018346386
0.6877726,0.0,0.34368116
0.51606184,0.0,0.50405794
0.4365487,0.0,0.33427423
0.38488814,0.0,0.17706203
0.5308098,0.0,0.349013
0.30500516,0.0,0.28966874
0.71269405,0.0,0.039309304
0.3989266,0.0,0.051688343
0.8443833,0.0,0.004111069
0.75067014,0.0,0.04671131
0.7497808,0.0,0.0089992145
0.83297056,0.0,0.0078034136
0.7713973,0.0,0.0067766435
0.7546349,0.0,0.052718613
0.8456062,0.0,0.033199195
0.8657729,1.0,0.33262473
0.78959095,0.0,0.005874748
0.7594602,0.0,0.0
0.506493,1.0,0.16907276
0.8385653,0.0,0.0009232939
0.80993706,0.0,0.0022074385
0.6570268,0.0,0.0073453668
0.5746177,0.0,0.16195224
0.8224811,0.0,0.0
0.8301751,0.0,0.011140446
0.81679916,0.0,0.019001953
0.6225205,0.0,0.09166021
0.7187551,0.0,0.047735427
0.78072083,0.0,0.023429606
0.8111157,0.0,0.02120007
0.61144567,0.0,0.042585038
0.8786678,0.0,0.019591438
0.54520524,0.0,0.21142945
0.7201416,0.0,0.068437845
0.7208647,0.0,0.06420373
0.53776073,0.0,0.79300845
0.5346024,0.0,0.44814107
0.64046127,0.0,0.24137147
0.39884382,0.0,0.48414385
0.5644978,0.0,0.2398291
0.6270664,0.0,0.40254366
0.68958503,0.0,0.55490255
0.7715522,0.0,0.14381729
0.2888927,0.0,0.6732388
0.35433596,0.0,0.29046506
0.6938269,0.0,0.008086688
0.7944806,0.0,0.04296073
0.6744072,0.0,0.010095772
0.64665014,0.0,0.20402086
0.37042397,0.0,0.2681704
0.86091256,0.0,0.0072633172
0.7471283,0.0,0.0039429995
0.8484014,0.0,0.04877083
0.8273446,0.0,0.0014873766
0.79964155,0.0,0.019424397
0.87130016,0.0,0.0
0.818522,0.0,0.0
0.7364908,0.0,0.0104564885
0.8530663,0.0,0.0073381457
0.9326521,0.0,0.00971208
0.71796334,0.0,0.299597
0.9540508,0.0,0.00035477598
0.88626754,0.0,0.106123984
0.888928,0.0,0.021718426
0.80957407,0.0,0.015466524
0.7343355,0.0,0.23752995
0.73957354,0.0,0.13127181
0.66467804,1.0,0.6721433
0.6641376,1.0,0.60410553
0.6571278,1.0,0.40971282
0.6238425,1.0,0.45546874
0.79708177,0.0,0.07415257
0.7862457,1.0,0.2933507
0.7357726,0.0,0.24723504
0.7544381,0.0,0.0
0.78847516,0.0,0.43305743
0.77542734,0.0,0.28006712
0.9281704,0.0,0.008905997
0.9035505,0.0,0.0037031593
0.5978066,0.0,0.46223724
0.8060405,0.0,0.08031081
0.968877,0.0,0.0658128
0.6958374,0.0,0.03584003
0.5178434,0.0,0.3430285
0.9494874,0.0,0.0034094802
0.85920364,0.0,0.036460623
0.8352077,0.0,0.2329828
0.32797486,0.0,0.24639186
0.8863725,0.0,0.004727354
0.9205944,0.0,0.010003578
0.68090355,0.0,0.36948758
0.546178,0.0,0.53125226
0.815616,0.0,0.17846948
0.42300642,0.0,0.3757144
0.44836453,0.0,0.3937122
0.6721585,0.0,0.042871546
0.7953461,0.0,0.26954666
0.38694993,0.0,0.5968984
0.33610943,0.0,0.6409704
0.6990577,0.0,0.6245138
0.8679708,0.0,0.03746572
0.3939831,0.0,0.28026918
0.8418088,0.0,0.0109887365
0.7784675,0.0,0.0033425852
0.8987403,0.0,0.055083286
0.9011981,0.0,0.015019025
0.87187576,0.0,0.0
0.7595638,0.0,0.041133914
0.82192093,1.0,0.11049552
0.8845697,1.0,0.027233586
0.86508304,0.0,0.0
0.82964015,0.0,0.0
0.76113063,0.0,0.0
0.8463728,0.0,0.0
0.7804019,0.0,0.006805758
0.82988065,0.0,0.013287476
0.89972603,0.0,0.09894674
0.93339276,0.0,0.023886772
0.79179394,0.0,0.0030523334
0.6241086,0.0,0.2449758
0.67736274,0.0,0.1539204
0.8999949,0.0,0.047577236
0.71433115,0.0,0.15045981
0.6081245,0.0,0.5304834
0.6467471,0.0,0.23085125
0.3225081,0.0,0.78732854
0.52129084,0.0,0.6618022
0.44184262,0.0,0.25543228
0.43368435,0.0,0.30241647
0.80451334,0.0,0.030939927
0.48838982,0.0,0.53765726
0.7470064,0.0,0.09708491
0.40621832,0.0,0.20496619
0.48895603,0.0,0.0
0.88191676,0.0,0.011323904
0.78183806,0.0,0.025746042
0.907477,0.0,0.01006381
0.9371922,0.0,0.01733486
0.89118236,0.0,0.004074127
0.875548,0.0,0.0
0.7965431,1.0,0.0636363
0.92252314,0.0,0.00067667075
0.7245838,0.0,0.031322043
0.8390138,0.0,0.0
0.5427518,0.0,0.20000884
0.51146233,0.0,0.17966333
0.79819864,0.0,0.03048284
0.8084881,0.0,0.008891748
0.5335141,0.0,0.2259672
0.812787,0.0,0.25114188
0.8789496,1.0,0.024052246
0.8895936,0.0,0.091966026
0.62318,0.0,0.15346473
0.866843,0.0,0.02377889
0.87364006,0.0,0.0025056237
0.86981696,0.0,0.14460595
0.6255245,0.0,0.3327524
0.4342628,0.0,0.4843497
0.6196147,0.0,0.08205635
0.5833696,0.0,0.5275429
0.6650024,0.0,0.25088382
0.5989571,0.0,0.6105872
0.5981311,0.0,0.41868174
0.7045379,0.0,0.14696962
0.8066448,0.0,0.02391394
0.67957187,0.0,0.5233065
0.46355966,0.0,0.54150856
0.59459627,0.0,0.68186533
0.6983009,0.0,0.17304145
0.7767669,0.0,0.05080322
0.6205818,0.0,0.40873173
0.75718415,0.0,0.40640798
0.9364576,0.0,0.0015965106
0.83550125,0.0,0.5114618
0.6636474,0.0,0.58522165
0.7892716,0.0,0.12544721
0.6816785,0.0,0.14094822
0.48165625,0.0,0.72336924
0.7405231,1.0,0.58040905
0.75567496,0.0,0.00029652184
0.7532516,0.0,0.13741297
0.5413127,0.0,0.37680572
0.7536037,1.0,0.12759727
0.91459095,0.0,0.0
0.63471115,0.0,0.4044606
0.6891298,0.0,0.27767754
0.7969262,0.0,0.0
0.7085967,0.0,0.089608304
0.6000327,0.0,0.62221164
0.72121036,0.0,0.41176602
0.594686,0.0,0.43154258
0.57360554,0.0,0.26268172
0.36920676,1.0,0.39534304
0.6957206,1.0,0.7483451
0.6317781,0.0,0.09247582
0.770493,0.0,0.0
0.6783201,1.0,0.1184076
0.5616399,1.0,0.3435035
0.9142288,0.0,0.0
0.7973718,1.0,0.00786387
0.6346413,1.0,0.47145352
0.6860891,1.0,0.28865656
0.8773183,0.0,0.0
0.80933905,1.0,0.14665218
0.5987263,1.0,0.4641312
0.7840382,0.0,0.13165565
0.8455224,0.0,0.003218778
0.831612,1.0,0.13619328
0.7910603,1.0,0.24721229
0.64016235,0.0,0.09052806
0.83733094,0.0,0.0
0.74462426,1.0,0.46834528
0.6421153,1.0,0.70391333
0.6985166,0.0,0.3246824
0.62015,0.0,0.09214066
0.8714912,0.0,0.27651572
0.64754945,0.0,0.002626126
0.6548504,1.0,0.11503274
0.82360566,1.0,0.23034246
0.69961643,0.0,0.0
0.72618407,0.0,0.030386629
0.8045043,0.0,0.33409888
0.45480287,0.0,0.35107827
0.57046276,0.0,0.5713615
0.7032705,1.0,0.114048935
0.43901756,0.0,0.62710667
0.53415775,0.0,0.7231788
0.60551304,0.0,0.8015168
0.44362152,1.0,0.6633167
0.39125648,1.0,0.4503372
0.40509325,1.0,0.21788995
0.72107035,0.0,0.051880915
0.5022964,0.0,0.56102777
0.77655196,0.0,0.3644333
0.8001961,0.0,0.18339813
0.5741396,0.0,0.41323167
0.6226072,0.0,0.16910744
0.6858507,0.0,0.023139805
0.48867235,0.0,0.12896211
0.47375366,0.0,0.3179666
0.6489829,0.0,0.0030480009
0.8224542,0.0,0.052665133
0.46863973,0.0,0.23090133
0.3593778,0.0,0.13656452
0.38743636,0.0,0.58940977
0.4523545,0.0,0.39206144
0.85767627,0.0,0.027025606
0.8633269,0.0,0.14932784
0.42268628,0.0,0.48666143
0.49840418,0.0,0.092983484
0.8543964,0.0,0.04479897
0.5697732,0.0,0.34936592
0.5532317,0.0,0.13439731
0.46252036,0.0,0.34785742
0.6095184,0.0,0.18515363
0.29461923,0.0,0.7065274
0.3556439,0.0,0.5840585
0.7656691,0.0,0.0043254914
0.3558321,1.0,0.4647102
0.6225723,0.0,0.24196579
0.7536495,0.0,0.33706757
0.7013647,1.0,0.18431728
0.66092134,1.0,0.6905966
0.5885295,1.0,0.33157593
0.70520383,0.0,0.03303987
0.62669724,1.0,0.26727888
0.70392483,1.0,0.38213548
0.45610926,1.0,0.18305275
0.7697014,0.0,0.0
0.75264513,1.0,0.20359093
0.5892761,1.0,0.47587222
0.70930797,1.0,0.21600796
0.8149257,0.0,0.002879122
0.6268099,0.0,5.0261347e-06
0.8040675,1.0,0.1420552
0.8695296,0.0,0.0
0.74268067,0.0,0.12607543
0.8430451,0.0,0.09061199
0.71947306,0.0,0.0942267
0.56869566,0.0,0.17254882
0.639917,0.0,0.48069465
0.8618674,0.0,0.101288006
0.88050824,0.0,0.0061694924
0.5886726,0.0,0.16728663
0.477968,0.0,0.44398275
0.86021477,0.0,0.016671324
0.8989882,0.0,0.0
0.65509164,0.0,0.35699007
0.65968806,0.0,0.49722466
0.4995743,0.0,0.4554999
0.69337815,0.0,0.050822917
0.63978964,0.0,0.10851677
0.7165138,0.0,0.012569681
0.8045182,0.0,0.0
0.82464117,0.0,0.0013686321
0.77949,0.0,0.010095222
0.8810872,0.0,0.0
0.7537721,0.0,0.0
0.5534803,0.0,0.026305227
0.6140725,0.0,0.04735362
0.7452829,0.0,0.0
0.31327146,0.0,0.00257616
0.6176884,1.0,0.27226612
0.8075223,1.0,0.035717495
0.7708813,0.0,0.024279881
0.31857017,0.0,0.07769328
0.50902635,0.0,0.07531905
0.8208887,0.0,0.017464848
0.69067603,0.0,0.0018354306
0.6123942,0.0,0.31776017
0.5652199,0.0,0.11466902
0.41869935,0.0,0.008683709
0.823086,0.0,0.014424909
0.5255482,0.0,0.23481801
0.4143289,0.0,0.5813236
0.58678824,0.0,0.042731725
0.3838281,0.0,0.4859496
0.6713497,0.0,0.040546294
0.2872313,0.0,0.3716795
0.80973345,0.0,0.24629572
0.46984807,0.0,0.36722073
0.4447674,0.0,0.30371416
0.51173955,0.0,0.33001283
0.4735472,0.0,0.016071275
0.5996536,0.0,0.49617466
0.5178615,0.0,0.59180325
0.5478295,0.0,0.14500663
0.2729758,0.0,0.3653416
0.6363563,0.0,0.52815914
0.6467722,0.0,0.6400009
0.35885897,0.0,0.5296003
0.78016853,0.0,0.03542396
0.43037713,0.0,0.44256383
0.6786266,0.0,0.0018303286
0.24108255,0.0,0.41027084
0.6269863,0.0,0.47988972
0.7018197,0.0,0.31874797
0.3467551,0.0,0.6088521
0.62635124,0.0,0.5424078
0.5815934,0.0,0.46297312
0.6827222,0.0,0.014998105
0.7450872,0.0,0.0
0.38442576,0.0,0.22879581
0.42575568,0.0,0.03343606
0.3800833,0.0,0.07384787
0.2489474,0.0,0.20639338
0.60359746,0.0,0.19446446
0.39511576,0.0,0.495236
0.68697065,0.0,0.11513508
0.87837684,0.0,0.00012969278
0.42394212,0.0,0.0
0.6196383,0.0,0.027677635
0.7919682,0.0,0.0
0.7351509,0.0,0.14509933
0.8884819,0.0,0.011071173
0.22617316,0.0,0.22115114
0.43813464,0.0,0.4299913
0.8925964,0.0,0.0
0.7445967,0.0,0.00022694569
0.8136283,0.0,0.03598961
0.72472626,0.0,0.11675811
0.7123609,0.0,0.010375379
0.698281,0.0,0.014716669
0.73175627,0.0,0.26247552
0.79904383,0.0,0.16479596
0.8244367,0.0,0.18913598
0.6570013,0.0,0.17998488
0.5798703,0.0,0.25917092
0.67542356,0.0,0.11479435
0.9397084,0.0,0.0084026875
0.51411974,0.0,0.0659221
0.5982658,0.0,0.010261849
0.9167957,0.0,0.0019523005
0.9218313,0.0,0.018215751
0.4914919,0.0,0.14056718
0.46236324,0.0,0.20738633
0.72401685,0.0,0.0
0.7678,0.0,0.027495094
0.48852032,0.0,0.3678831
0.41366577,0.0,0.50158113
0.3086495,0.0,0.4536179
0.32809836,0.0,0.21131207
0.44859144,0.0,0.3365589
0.4320339,0.0,0.19469441
0.65741843,0.0,1.0
0.5507317,0.0,0.28553477
0.7258735,0.0,0.5177248
0.8684093,0.0,0.18767543
0.68000984,0.0,0.47727275
0.7581659,0.0,0.15450943
0.7544228,1.0,0.33738598
0.72198296,1.0,0.62231165
0.8616036,1.0,0.7241093
0.944938,0.0,0.059029788
0.83991504,0.0,0.33698434
0.6541814,1.0,0.36068106
0.88346857,1.0,0.20221826
0.9714864,0.0,0.050964814
0.78232574,0.0,0.6809854
0.7798512,1.0,0.5425843
0.9232887,1.0,0.21860395
0.66910726,0.0,0.29560986
0.84757257,0.0,0.026109593
0.7846093,0.0,0.4650046
0.48206148,0.0,0.41525912
0.45373926,0.0,0.5195224
0.5378672,0.0,0.2197796
0.5617407,0.0,0.003534628
0.4243488,0.0,0.4580926
0.6350081,0.0,0.4999324
0.7350703,0.0,0.157966
0.75997895,0.0,0.039972432
0.56361514,0.0,0.60368055
0.62872493,0.0,0.72524196
0.6958948,0.0,0.27854973
0.76134384,0.0,0.5666225
0.4682992,0.0,0.30082172
0.60754627,0.0,0.072388
0.69009936,0.0,0.35160863
0.83360416,1.0,0.015981644
0.7758619,1.0,0.36854807
0.73819506,1.0,0.02084558
0.75919485,1.0,0.55927277
0.88870114,1.0,0.25807056
0.70832545,0.0,0.35470706
0.6030065,0.0,0.4784544
0.6100806,1.0,0.7807026
0.7429823,1.0,0.56900895
0.78198594,1.0,0.007614392
0.82703036,1.0,0.5223131
0.70781195,1.0,0.7950139
0.7239167,0.0,0.31914765
0.68670845,1.0,0.4748194
0.7919582,0.0,0.72086996
0.768659,0.0,0.113232225
0.8444018,0.0,0.1018348
0.85787624,0.0,0.5553021
0.78837156,0.0,0.059557788
0.80310696,0.0,0.47975615
0.91382974,0.0,0.014608301
0.7252841,0.0,0.1159236
0.85230595,0.0,0.0
0.67563444,0.0,0.08497653
0.8166193,0.0,0.17456484
0.5924395,0.0,0.34230694
0.7473122,0.0,0.5287697
0.8723959,0.0,0.18117577
0.8035622,0.0,0.47488293
0.8527827,0.0,0.0046632807
0.83587074,0.0,0.0
0.8060473,1.0,0.0
0.83090127,0.0,0.017158367
0.8602669,0.0,0.0032687932
0.6862155,0.0,0.42968127
0.84973484,0.0,0.5873241
0.8399982,0.0,0.14218149
0.837014,0.0,0.050052714
0.5378536,0.0,0.13020773
0.8932816,0.0,0.0028623103
0.886571,1.0,0.17914736
0.82025373,1.0,0.18626752
0.76632744,0.0,0.007496588
0.8554267,0.0,0.00018315032
0.7318398,1.0,0.13892582
0.80520093,0.0,0.25904116
0.6854425,1.0,0.49813285
0.7924262,1.0,0.3248729
0.66349614,1.0,0.9239642
0.7684446,1.0,0.5061592
0.87931854,1.0,0.266818
0.8306514,1.0,0.8084576
0.70574456,1.0,0.20387958
0.7227345,1.0,0.12533318
0.5094494,1.0,0.7168482
0.86775184,1.0,0.5357363
0.80170244,0.0,0.05273094
0.42771232,0.0,0.49770385
0.48626974,0.0,0.30401576
0.37061152,0.0,0.53616357
0.4954785,0.0,0.7192304
0.43782282,0.0,1.0
0.58900684,0.0,1.0
0.6014444,0.0,0.66964483
0.44620788,0.0,0.47747198
0.4479169,0.0,0.5515007
0.6296261,0.0,0.4143425
0.421628,0.0,0.3985587
0.4603849,0.0,0.45673934
0.5043715,0.0,0.43636796
0.6348374,0.0,0.6279837
0.5802233,0.0,0.47009367
0.6982372,0.0,0.335563
0.6628677,0.0,0.44040003
0.5865785,0.0,0.6168521
0.38918012,0.0,0.16962625
0.6232522,0.0,0.20791826
0.6412511,0.0,0.4366172
0.5698903,0.0,0.36359066
0.92912936,0.0,0.0
0.9101125,0.0,0.17467812
0.7423879,0.0,0.59084934
0.6801794,0.0,0.35955587
0.91491187,0.0,0.0
0.8442621,0.0,0.28732732
0.8571876,0.0,0.65108764
0.7252484,0.0,0.2386597
0.7885042,0.0,0.1480152
0.7471607,0.0,0.32486358
0.58340186,0.0,0.5618586
0.874041,0.0,0.0
0.8624594,0.0,0.0302437
0.50003254,0.0,0.46456796
0.49083433,0.0,0.16033633
0.8699287,0.0,0.00046234205
0.8800016,0.0,0.24870037
0.525328,0.0,0.51248103
0.68412346,0.0,0.21246253
0.523478,0.0,0.64251596
0.71313363,0.0,0.11918092
0.8665695,0.0,0.10040918
0.70517445,0.0,0.52762836
0.72480744,0.0,0.45362994
0.769439,0.0,0.30776024
0.80024076,0.0,0.3082516
0.5931666,0.0,0.28026006
0.42645368,0.0,0.23403166
0.8197518,0.0,0.0
0.8267669,0.0,0.0
0.49678147,0.0,0.4442416
0.913954,0.0,0.093629874
0.87269735,0.0,0.0058585936
0.7910991,0.0,0.35705155
0.4929487,0.0,0.64598066
0.87588143,0.0,0.18154891
0.7089245,0.0,0.42999354
0.74891216,0.0,0.5505536
0.8401205,0.0,0.07968544
0.6530554,0.0,0.37725374
0.80416393,0.0,0.24901502
0.6317083,0.0,0.37025076
0.69440514,0.0,0.03601242
0.73086137,0.0,0.0075877905
0.86605483,0.0,0.0
0.6878835,0.0,0.31686482
0.8082629,0.0,0.0040956708
0.85867065,0.0,0.000905892
0.88459533,0.0,0.0072218473
0.70472425,0.0,0.322887
0.9131829,1.0,0.60090286
0.7181639,0.0,0.4529406
0.44485617,0.0,0.69747615
0.6226627,0.0,0.21830316
0.6532056,0.0,0.0
0.7830829,0.0,0.31893536
0.538045,0.0,0.2945852
0.86570567,0.0,0.0
0.78522563,0.0,0.038226813
0.7187732,0.0,0.5186301
0.770121,0.0,0.09460786
0.8022235,0.0,0.0002550048
0.87624866,0.0,0.009414068
0.63602805,0.0,0.2852728
0.765768,0.0,0.21522847
0.89469254,0.0,0.009066601
0.6032479,0.0,0.45731008
0.95068985,0.0,0.019239496
0.54982805,0.0,0.4868759
0.4701667,0.0,0.6960274
0.5888705,0.0,0.2473059
0.3824747,0.0,0.19561785
0.8866347,0.0,0.0061419113
0.5146737,0.0,0.003966386
0.58337677,0.0,0.38865405
0.934096,0.0,0.0
0.8943999,0.0,0.0
0.95186335,0.0,0.1776398
0.7947346,0.0,0.28101566
0.9437602,0.0,0.0003086954
0.8759302,1.0,0.018097946
0.75728405,0.0,0.35004166
0.8391597,0.0,0.1193023
0.93327665,0.0,0.004184561
0.89946073,1.0,0.40958932
0.8353005,1.0,0.23545514
0.7131845,1.0,0.054219797
0.834905,1.0,0.71244735
0.8125633,1.0,0.44873527
0.8609118,1.0,0.59160745
0.71138453,1.0,0.4984808
0.8981157,0.0,0.20186749
0.741451,1.0,0.16514957
0.76244164,1.0,0.21371162
0.95210254,0.0,0.18522933
0.95339966,0.0,0.00063363335
0.9274218,0.0,0.0
0.6474747,1.0,0.2947105
0.8926689,0.0,0.18677074
0.9474802,0.0,0.0
0.8761849,0.0,0.0
0.6295174,0.0,0.38590732
0.8603129,0.0,0.23262872
0.8888154,0.0,0.009310325
0.76061195,0.0,0.114472784
0.6605859,0.0,0.72501975
0.79866874,0.0,0.099645115
0.85782015,0.0,0.7043876
0.6594319,0.0,0.6325336
0.6350243,0.0,0.4019481
0.8922285,0.0,0.04920655
0.51904684,0.0,0.48533693
0.87583524,0.0,0.30807617
0.67555434,0.0,0.21795493
0.7746498,1.0,0.5096769
0.90053463,0.0,0.022311613
0.87244934,0.0,0.0
0.8267404,1.0,0.19242461
0.8623072,1.0,0.39326108
0.9068302,0.0,0.0
0.89373505,0.0,0.0
0.9157693,1.0,0.18482633
0.95674616,1.0,0.09335375
0.83339953,0.0,0.0
0.87896293,1.0,0.13915567
0.9366853,1.0,0.48488566
0.9230516,0.0,0.012520695
0.88840926,1.0,0.11996396
0.91130185,1.0,0.3718537
0.8045365,1.0,0.11794567
0.8588885,0.0,0.03861851
0.92157847,1.0,0.25921935
0.89872515,1.0,0.29880896
0.6845658,1.0,0.7235463
0.7172239,1.0,0.6442571
0.80688655,1.0,0.19058971
0.7652444,1.0,0.7105768
0.54730797,1.0,0.6568738
0.75157267,0.0,0.35295346
0.848453,1.0,0.13441922
0.68545216,0.0,0.32370514
0.7295849,0.0,0.21621743
0.607709,0.0,0.6130795
0.70176977,1.0,0.54772437
0.891615,0.0,0.009357936
0.83527,0.0,0.11101033
0.80643433,0.0,0.41737053
0.8638059,1.0,0.4316483
0.8517856,1.0,0.022179065
0.85172266,1.0,0.38210386
0.82142514,1.0,0.52486223
0.8617714,1.0,0.23818044
0.8583642,0.0,0.10161804
0.82782876,0.0,0.48044893
0.8512506,0.0,0.8432988
0.7425452,0.0,0.29804432
0.68718576,0.0,0.42373073
0.8155772,0.0,0.13157758
0.52514327,0.0,0.39624146
0.6201233,0.0,0.41714168
0.52393377,0.0,0.5138955
0.8152019,0.0,0.15794311
0.87554246,0.0,0.0
0.8006974,0.0,0.42597252
0.43671197,0.0,0.37961346
0.9053867,0.0,0.0026886435
0.8094222,0.0,0.0702145
0.5136695,0.0,0.30386955
0.78621095,0.0,0.21760356
0.91026133,0.0,0.0
0.79232407,0.0,0.37179568
0.6179716,0.0,0.6217543
0.46917686,0.0,0.4569485
0.3737398,0.0,0.40071267
0.75436944,1.0,0.066276364
0.6075944,1.0,0.60429496
0.8679111,1.0,0.36883023
0.5846271,1.0,0.32155
0.60031915,0.0,0.5072932
0.56704575,0.0,0.09298214
0.7148684,0.0,0.0
0.6191294,0.0,0.09027319
0.7666667,0.0,0.008375504
0.4254038,0.0,0.39653268
0.69283754,0.0,0.0
0.47549272,0.0,0.42460704
0.79184455,1.0,0.21368818
0.72593,0.0,0.1224817
0.4785696,0.0,0.7927616
0.71044236,0.0,0.73412484
0.78229827,0.0,0.27818382
0.6608497,0.0,0.20963939
0.52910155,0.0,0.032474548
0.76463234,0.0,0.0058854865
0.8538231,0.0,0.07121507
0.9294883,0.0,0.0050227726
0.4207146,0.0,0.3939318
0.7570013,0.0,0.008127052
0.57347625,0.0,0.22403026
0.6384448,0.0,0.73224616
0.7399765,0.0,0.8200751
0.74681747,0.0,0.12460435
0.33802736,0.0,0.12586226
0.68728876,0.0,0.0064184177
0.79067945,0.0,0.00776132
0.9195449,0.0,0.0026866214
0.66797704,0.0,0.011128532
0.8908278,0.0,0.0
0.68727994,0.0,0.08800763
0.85909224,0.0,0.028190976
0.53868717,0.0,0.18034911
0.7566006,0.0,0.06416977
0.45319977,0.0,0.00954234
0.8433645,0.0,0.011469441
0.401547,0.0,0.029284777
0.51300013,0.0,0.21546942
0.5547065,0.0,0.29599914
0.355779,0.0,0.6202716
0.44019997,0.0,0.77995104
0.45741078,0.0,0.77187985
0.49403968,0.0,0.27844197
0.53820693,0.0,0.59309536
0.4580222,0.0,0.49679244
0.4335871,0.0,0.10481466
0.499623,0.0,0.7910273
0.7708045,0.0,0.0950362
0.3695598,0.0,0.44276786
0.5637976,0.0,0.12408576
0.5911118,0.0,0.5111218
0.61431617,0.0,0.13196011
0.47749564,0.0,0.66476715
0.47822502,0.0,0.22007807
0.7903348,0.0,0.019757409
0.54931897,0.0,0.5404273
0.45183462,0.0,0.39541867
0.7799094,0.0,0.061481506
0.63633215,0.0,0.21632391
0.620364,0.0,0.42845595
0.7441591,0.0,0.25192276
0.71220696,0.0,0.5773381
0.8318466,0.0,0.11418938
0.51452863,0.0,0.5534724
0.619996,0.0,0.8185822
0.59436005,0.0,0.18036467
0.6476292,0.0,0.61322796
0.80444455,0.0,0.37411296
0.45033866,0.0,0.5841532
0.51927614,0.0,0.72573787
0.6090352,0.0,0.6454973
0.66073614,0.0,0.8423085
0.6754467,0.0,0.71165115
0.62081873,0.0,0.048132665
0.65367943,0.0,0.30850902
0.8142838,0.0,0.0
0.8977848,0.0,0.09310113
0.6522922,0.0,0.00035438736
0.9090125,0.0,0.17429918
0.8716513,0.0,0.0028020302
0.76083213,0.0,0.08940846
0.8250393,0.0,0.41072825
0.8309213,0.0,0.4044942
0.8471815,0.0,0.3091799
0.74271524,0.0,0.35484695
0.70983654,0.0,0.14192016
0.8524177,0.0,0.12041738
0.60029364,0.0,0.46067286
0.9420371,0.0,0.07020676
0.6835413,0.0,0.27402732
0.8523002,0.0,0.019609658
0.8391347,0.0,0.011975921
0.6713506,0.0,0.5517415
0.75886285,0.0,0.17228048
0.6144943,0.0,0.46888223
0.597158,0.0,0.0030514565
0.5866207,0.0,0.3104629
0.92474174,0.0,0.108551085
0.4995824,0.0,0.2571949
0.6865583,0.0,0.07416196
0.70610756,0.0,0.014060996
0.6534683,0.0,0.55291444
0.63444245,0.0,0.2532153
0.57956,0.0,0.18737759
0.6584596,0.0,0.6310641
0.6671678,0.0,0.48580602
0.7786465,0.0,0.5328052
0.72999406,0.0,0.3665363
0.5911294,0.0,0.5732587
0.72889006,0.0,0.12042722
0.6097347,0.0,0.37220648
0.645226,0.0,0.009165302
0.68247485,0.0,0.2714864
0.83422625,0.0,0.030646134
0.5604267,0.0,0.12173461
0.8576579,0.0,0.016592301
0.90633,0.0,9.765219e-05
0.7920032,0.0,0.1417113
0.9292719,0.0,0.065196656
0.6441616,0.0,0.30642405
0.56812495,0.0,0.5712484
0.5215442,0.0,0.6016732
0.64944345,0.0,0.008742858
0.67326134,0.0,0.21927069
0.7832529,0.0,0.516375
0.65662646,0.0,0.39374456
0.675045,0.0,0.073994786
0.6475477,0.0,0.037892647
0.5369143,0.0,0.81992394
0.5766692,0.0,0.5332755
0.86797994,0.0,0.042922053
0.572846,0.0,0.17775533
0.710362,0.0,0.0
0.8702725,0.0,0.0139817055
0.8564166,0.0,0.0
0.80766314,0.0,0.0
0.58340883,0.0,0.0
0.7627457,0.0,0.0102708135
0.7074703,0.0,0.26205558
0.55679893,0.0,0.048778027
0.5021368,0.0,0.28372812
0.5149141,0.0,0.048986305
0.8176314,0.0,0.0
0.8254792,0.0,0.0071505373
0.6260173,0.0,0.0067051267
0.86013407,0.0,0.14569026
0.631729,0.0,0.059977006
0.7280193,0.0,0.0008502454
0.7857317,0.0,0.1012566
0.6203263,0.0,0.5389928
0.6693777,0.0,0.36728546
0.6389882,0.0,0.20616403
0.29873303,0.0,0.7804621
0.6035161,0.0,0.216119
0.62497705,0.0,0.16239725
0.61759615,0.0,0.15707237
0.628897,0.0,0.14795287
0.67361057,0.0,0.0039399522
0.76058894,0.0,0.059441715
0.8571724,0.0,0.0016870826
0.755788,0.0,0.0
0.8186342,0.0,0.0014036401
0.6188372,0.0,0.0
0.67772985,1.0,0.43583858
0.6652444,1.0,0.40383708
0.75244534,1.0,0.46583083
0.3236706,1.0,0.4509703
0.793481,0.0,0.020612897
0.56262326,0.0,0.07013211
0.816298,0.0,0.00027685077
0.47988805,0.0,0.029509615
0.655431,0.0,0.0004119856
0.7547501,0.0,0.047855664
0.64312476,0.0,0.1659736
0.69678134,0.0,0.3369269
0.55242634,0.0,0.7468752
0.63363427,0.0,0.2034686
0.5480635,0.0,0.08471724
0.63447225,0.0,0.06590506
0.57659835,1.0,0.52323335
0.52662414,1.0,0.5045595
0.6018645,1.0,0.20094639
0.55384195,0.0,0.04624184
0.5934647,1.0,0.62884307
0.47887573,1.0,0.6411328
0.83288735,0.0,0.0930522
0.46395352,1.0,0.22685711
0.61921144,0.0,0.20186749
0.89106464,0.0,0.0077767423
0.61692166,0.0,0.41623437
0.814192,0.0,0.10994143
0.63423896,0.0,0.18363616
0.44654202,0.0,0.5861724
0.58287674,0.0,0.34830564
0.49615377,0.0,0.81136125
0.537185,0.0,0.7584706
0.77237314,0.0,0.16687775
0.7394135,0.0,0.100875266
0.8797941,0.0,0.06697334
0.8246724,0.0,0.019356353
0.62301993,0.0,0.06484988
0.8905245,0.0,0.00021972154
0.3987036,0.0,0.012058233
0.5549488,0.0,0.009230581
0.17111863,0.0,0.36607674
0.31347045,0.0,0.14527197
0.8188405,0.0,0.0014320347
0.47981492,0.0,0.17020857
0.7551995,0.0,0.026556002
0.48316333,0.0,0.31950593
0.42065185,0.0,0.74924225
0.50578284,0.0,0.52817154
0.5340183,0.0,0.5261659
0.7553427,0.0,0.010042818
0.44440216,0.0,0.66017884
0.80125976,0.0,0.20790909
0.5179023,0.0,0.4588833
0.45794034,0.0,0.8104255
0.54745084,0.0,0.5606907
0.62700295,0.0,0.045727003
0.45928937,0.0,0.11555478
0.6286276,0.0,0.3695092
0.61021715,0.0,0.46079928
0.50086606,0.0,0.009410834
0.7240148,0.0,0.10497138
0.8714888,0.0,0.004868212
0.6009551,0.0,0.110004745
0.59581876,0.0,0.0
0.7568011,0.0,0.037980553
0.7632856,0.0,0.013783102
0.67663443,0.0,0.2000845
0.87899804,0.0,0.31253368
0.61373234,0.0,0.17145124
0.70178854,0.0,0.08369579
0.8395605,0.0,0.00573458
0.6571086,0.0,0.17820713
0.57250386,0.0,0.005996703
0.53699803,0.0,0.22748682
0.5033561,0.0,0.32315785
0.24384426,0.0,0.22265948
0.7876941,0.0,0.0
0.70934576,0.0,0.09846382
0.66919214,0.0,0.513183
0.33634964,0.0,0.2023318
0.8604154,0.0,0.00819363
0.7951863,0.0,0.044235263
0.2808137,0.0,0.36763236
0.52816004,0.0,0.19979818
0.78199315,0.0,0.0
0.49155435,0.0,0.18728136
0.38753924,0.0,0.6074569
0.4959267,0.0,0.29192042
0.75566036,0.0,0.026325835
0.4953726,0.0,0.6516358
0.68280935,0.0,0.7088964
0.6214982,0.0,0.5758287
0.6416641,0.0,0.5172402
0.45157883,0.0,0.50286275
0.60529214,0.0,0.49139985
0.6581242,0.0,0.24360509
0.6153251,0.0,0.6875799
0.66856736,0.0,0.3234474
0.6393861,0.0,0.27342972
0.43807125,0.0,0.70355946
0.50326765,0.0,0.4622582
0.8929131,0.0,0.07368499
0.6666448,0.0,0.4279284
0.77049726,0.0,0.20044675
0.8165624,0.0,0.0035525754
0.8041151,0.0,0.047996297
0.5726513,0.0,0.045033935
0.5627559,0.0,0.1497333
0.4381168,0.0,0.7522684
0.4218582,0.0,0.31257355
0.58694726,0.0,0.06609303
0.49570948,0.0,0.40478653
0.627321,1.0,0.57179135
0.45681897,1.0,0.41495323
0.40280595,1.0,0.6746646
0.44536507,1.0,0.113605715
0.55746174,1.0,0.21840523
0.74447626,1.0,0.13603616
0.62282395,0.0,0.20471875
0.77906454,0.0,0.061065093
0.66741484,0.0,0.0624505
0.45799515,1.0,0.31633222
0.8160779,0.0,0.0
0.48534817,1.0,0.1410495
0.77131665,0.0,0.009710941
0.66498506,0.0,0.107463315
0.8573899,0.0,0.02625127
0.375018,0.0,0.21603575
0.72681457,0.0,0.6996416
0.697534,1.0,0.7109033
0.4136177,1.0,0.25000072
0.38040268,1.0,0.39209142
0.8796815,0.0,0.00040810983
0.39939848,1.0,0.20274854
0.85673547,0.0,0.0075695775
0.46128875,1.0,0.10058506
0.69866747,0.0,0.013815578
0.603635,1.0,0.27837348
0.87210155,0.0,0.004389952
0.8615505,0.0,0.0010398774
0.86977196,1.0,0.0450083
0.80858946,0.0,0.16745473
0.63951635,1.0,0.50920594
0.76812595,0.0,0.2910585
0.7474885,0.0,0.5465647
0.4860039,0.0,0.82439613
0.7769319,0.0,0.22189198
0.4834838,0.0,0.08267193
0.83532023,0.0,0.0
0.6907643,0.0,0.0
0.9043838,0.0,0.00016935113
0.86226404,0.0,0.0005508636
0.93133885,0.0,0.005624639
0.9210485,0.0,0.08347314
0.77962774,0.0,0.2084032
0.86477435,0.0,0.17089568
0.35297367,0.0,0.8390817
0.6810733,0.0,0.790747
0.58177507,0.0,1.0
0.7261552,0.0,0.7824427
0.525639,0.0,0.17962989
0.8023103,0.0,0.0027977368
0.55488104,0.0,0.010245366
0.45098516,0.0,0.12776448
0.8207884,0.0,0.0007591488
0.67856425,0.0,0.007370402
0.88466895,0.0,0.0013397892
0.85975665,1.0,0.056568626
0.77862006,0.0,0.0
0.5777277,0.0,0.0
0.7429801,1.0,0.024503984
0.76361823,1.0,0.07869515
0.775209,0.0,0.01053306
0.77831095,0.0,0.0
0.7182808,0.0,0.002066568
0.5207073,0.0,0.012962373
0.7382103,0.0,0.0
0.5136553,0.0,0.02251254
0.6241777,0.0,0.069235116
0.49313292,0.0,0.47642532
0.65083426,0.0,0.5977897
0.4723931,0.0,0.50997895
0.7412697,0.0,0.26079103
0.8790142,0.0,0.0
0.8360143,0.0,0.0
0.8308844,0.0,0.016850166
0.69084257,1.0,0.038927518
0.5842924,1.0,0.2879874
0.68687916,0.0,0.039080754
0.54954624,1.0,0.27199012
0.37408248,1.0,0.53868204
0.50396466,1.0,0.5998645
0.40892264,1.0,0.2584903
0.5061595,1.0,0.13691631
0.23850092,0.0,0.0
0.55256236,1.0,0.30742368
0.5336781,1.0,0.61622936
0.36100084,0.0,0.23845118
0.47833288,0.0,0.72425926
0.35374534,0.0,0.7429013
0.58412606,0.0,0.73414886
0.25263566,0.0,0.22341824
0.31784117,0.0,0.23539567
0.44096157,1.0,0.49370843
0.7483716,1.0,0.07163702
0.4193236,1.0,0.7038829
0.884984,0.0,0.032319423
0.3504459,0.0,0.31909776
0.32196766,1.0,0.40152866
0.8524671,1.0,0.06863344
0.91150445,0.0,0.010894694
0.52764744,1.0,0.45346206
0.48745006,1.0,0.28364184
0.86889386,0.0,0.030015118
0.65301406,0.0,0.14717908
0.49428526,1.0,0.49594977
0.78024656,0.0,0.21023272
0.82247907,0.0,0.016469026
0.60586524,0.0,0.50589114
0.7527652,0.0,0.5001984
0.83927727,0.0,0.46029982
0.39204863,0.0,0.0063545527
0.55652785,0.0,0.4129509
0.51787925,0.0,0.50156206
0.60007143,0.0,0.039808262
0.7002574,0.0,0.13296276
0.48359516,0.0,0.7132138
0.5272839,0.0,0.24386832
0.8115976,0.0,0.039508678
0.5698248,0.0,0.27511337
0.76594216,0.0,0.011919457
0.39328188,0.0,0.14100526
0.8131327,0.0,0.05693885
0.6613959,0.0,0.076939456
0.8538592,0.0,0.088667095
0.5410497,0.0,0.3348089
0.88094753,0.0,0.015795087
0.58638835,0.0,0.39306116
0.4597605,0.0,0.44889697
0.528471,0.0,0.121704705
0.3519045,0.0,0.54107535
0.5766896,0.0,0.685852
0.63188934,0.0,0.41838863
0.27928406,0.0,0.54705554
0.5533066,0.0,0.17348196
0.590559,0.0,0.03347916
0.3127889,0.0,0.19784212
0.7682637,0.0,0.029942414
0.6466579,0.0,0.024386667
0.8320182,0.0,0.010966079
0.6806541,0.0,0.050266154
0.90477675,0.0,0.012639721
0.6319769,0.0,0.52803683
0.5996577,0.0,0.47972706
0.653891,0.0,0.695559
0.44965678,0.0,0.612324
0.9100034,0.0,0.11167998
0.5178673,0.0,0.26130432
0.89867646,0.0,0.06898299
0.6849393,0.0,0.20394395
0.72675496,0.0,0.47632807
0.7743854,0.0,0.38859582
0.6851356,0.0,0.2903634
0.5454749,0.0,0.7950574
0.53562886,0.0,0.45446154
0.4803838,0.0,0.7448842
0.5891231,0.0,0.24296688
0.3521725,0.0,0.40350732
0.9266787,0.0,0.22997338
0.60828614,0.0,0.23840296
0.9370075,0.0,0.07897294
0.27302003,0.0,0.20535591
0.8366785,0.0,0.046278395
0.58199245,0.0,0.12296504
0.6270965,0.0,0.08738061
0.5706394,0.0,0.5605481
0.78231746,0.0,0.09859083
0.87031233,0.0,0.041042924
0.6157402,1.0,0.2904404
0.6767353,0.0,0.086431615
0.9338253,0.0,0.20505276
0.83799094,0.0,0.07929215
0.77664024,1.0,0.43523738
0.85542035,0.0,0.4955506
0.3833388,1.0,0.64081264
0.55989045,0.0,0.73887116
0.72129375,0.0,0.5833027
0.5380932,0.0,0.2661552
0.70244455,0.0,0.27984497
0.5204256,0.0,0.070728496
0.8622288,0.0,0.18685512
0.71272546,0.0,0.59215415
0.83043116,0.0,0.8223282
0.8133919,0.0,0.60630745
0.74068195,0.0,0.5160865
0.77981514,0.0,0.3780349
0.8942462,0.0,0.7393439
0.70157164,0.0,0.22813891
0.9003625,0.0,0.39669013
0.59636384,0.0,0.3436503
0.5285562,0.0,0.15724415
0.4990415,0.0,0.43537104
0.6011958,0.0,0.70526206
0.68325037,0.0,0.054740164
0.6048727,0.0,0.17263687
0.90810186,0.0,0.4855383
0.80191636,0.0,0.66451573
0.5058614,0.0,0.5147987
0.6523257,0.0,0.26358223
0.7350528,0.0,0.47705796
0.80137277,0.0,0.3095124
0.83060634,0.0,0.14250864
0.7916172,0.0,0.18085021
0.6434396,1.0,0.3023291
0.66727144,1.0,0.5389831
0.69439495,1.0,0.5670399
0.7601535,1.0,0.78674024
0.55379355,1.0,0.58732605
0.7581178,1.0,0.7784932
0.6716138,1.0,0.7329214
0.5450036,1.0,1.0
