gate_value,label,rsa
0.45382065,0.0,0.6550317
0.51553106,0.0,0.68264794
0.6273469,0.0,0.14853807
0.44579303,0.0,0.00011903637
0.44313338,0.0,0.5629487
0.50563294,0.0,0.4330095
0.7464869,0.0,0.06862725
0.7627673,0.0,0.41639924
0.74350166,0.0,0.12953115
0.53970003,0.0,0.36513853
0.574056,0.0,0.27131054
0.6913432,0.0,0.18273422
0.808985,0.0,0.13437858
0.52763283,0.0,0.28580278
0.41317973,0.0,0.021384876
0.28066376,0.0,0.506639
0.43309855,0.0,0.35026097
0.74961805,0.0,0.015787533
0.3792018,0.0,0.11749167
0.5154384,0.0,0.45759842
0.77459025,0.0,0.0034583278
0.88355315,0.0,0.023059199
0.46269977,0.0,0.35649335
0.4588465,0.0,0.213716
0.8527852,0.0,0.0
0.6893487,0.0,0.22733074
0.279492,0.0,0.58735996
0.31621498,0.0,0.33594397
0.77370954,0.0,0.16696185
0.44251293,0.0,0.5215868
0.3471146,0.0,0.78002983
0.5279316,0.0,0.1348709
0.92518187,0.0,0.012481228
0.38496107,0.0,0.32864422
0.6465729,0.0,0.28516537
0.36051297,0.0,0.2740009
0.5182048,0.0,0.4177942
0.7695982,0.0,0.13988493
0.66484743,0.0,0.18474054
0.53583777,0.0,0.3500578
0.5673645,0.0,0.04164115
0.4295485,0.0,0.3877582
0.6606693,0.0,0.43416354
0.41586956,0.0,0.43487942
0.6433981,0.0,0.24831234
0.500934,0.0,0.23941967
0.9444442,0.0,0.0
0.6470159,0.0,0.13708156
0.933592,0.0,9.5585085e-05
0.89312035,0.0,0.0058791623
0.7285007,0.0,0.28479794
0.75093216,0.0,0.0
0.7473019,0.0,0.10296234
0.41446364,0.0,0.251281
0.3468844,0.0,0.35525116
0.41300008,0.0,0.60633004
0.47284815,0.0,0.6468388
0.3503074,0.0,0.7350701
0.61130583,0.0,0.19271669
0.709874,0.0,0.25368646
0.7021459,0.0,0.0
0.91026723,0.0,0.0
0.8632583,0.0,0.0
0.6986288,0.0,0.0035688253
0.5629031,0.0,0.005641527
0.58223677,0.0,0.0
0.76161796,0.0,0.00038965628
0.49941012,0.0,0.015053507
0.760239,1.0,0.013772575
0.6307139,0.0,0.0
0.6882575,1.0,0.099930696
0.6284388,1.0,0.020372668
0.48064786,0.0,0.112828925
0.73982936,0.0,0.015053259
0.7052607,0.0,0.0
0.33459434,0.0,0.0053144093
0.5518357,0.0,0.09836554
0.6942585,0.0,0.0
0.6655525,0.0,0.0
0.8139934,0.0,0.024145532
0.6581834,0.0,0.101070546
0.81202525,0.0,0.0018664243
0.796543,0.0,0.0
0.60218626,0.0,0.101379596
0.6503306,0.0,0.22942203
0.8440457,0.0,0.0038334236
0.8033785,0.0,0.109961696
0.5200773,0.0,0.45007485
0.665094,0.0,0.12504728
0.571734,0.0,0.24984059
0.37288013,0.0,0.47771278
0.5322203,0.0,0.6621802
0.81868416,0.0,0.28574666
0.5618155,0.0,0.6822861
0.48164508,0.0,0.35924834
0.37512386,0.0,0.0032891133
0.45051658,0.0,0.17145947
0.5352442,0.0,0.38840422
0.8091948,0.0,0.0012337532
0.916388,0.0,0.0
0.35989296,0.0,0.34429643
0.38556066,0.0,0.366093
0.92764074,0.0,0.014281696
0.6198708,0.0,0.03482257
0.9148053,0.0,0.0006642811
0.7525443,0.0,0.027031034
0.80364347,0.0,0.0041170046
0.7691747,0.0,2.770007e-05
0.68863785,0.0,0.017302074
0.88668317,0.0,0.025203949
0.79322726,0.0,0.005724852
0.8652392,0.0,0.0030168872
0.74090725,0.0,0.0
0.6672208,0.0,0.009646899
0.88405585,0.0,0.0
0.7215787,0.0,0.01987314
0.7683503,0.0,0.16334777
0.7464346,0.0,0.1611604
0.6264052,0.0,0.035105594
0.60416776,0.0,0.2999183
0.49854264,0.0,0.56989706
0.3816896,0.0,0.56017166
0.54631567,1.0,0.30187273
0.55417246,0.0,0.21558842
0.82465875,1.0,0.3794167
0.84929293,0.0,0.12063775
0.6593835,1.0,0.077608384
0.4512344,0.0,0.018483438
0.5046718,0.0,0.00074214395
0.6474234,0.0,0.13755575
0.49812156,0.0,0.06433887
0.37173814,0.0,0.5311617
0.30279106,0.0,0.038071573
0.25374272,0.0,0.56327736
0.4162257,0.0,0.9009068
0.67527485,0.0,0.2494789
0.28521827,0.0,0.9042013
0.5038096,0.0,0.23529369
0.41432038,0.0,0.32829237
0.61119235,0.0,0.005386957
0.8512748,0.0,0.024404744
0.6591471,0.0,0.0
0.6720959,0.0,0.0046760966
0.576005,0.0,0.10835992
0.59218365,0.0,0.028358663
0.58004177,0.0,0.0
0.6711541,0.0,0.000472627
0.43310872,0.0,0.44875818
0.7703978,0.0,0.0787361
0.5119492,0.0,0.16787173
0.63989395,0.0,0.2035319
0.71398675,0.0,0.3566019
0.54782087,0.0,0.4907188
0.6371487,0.0,0.49657303
0.6718129,0.0,0.19895189
0.7833469,0.0,0.22486198
0.66038007,0.0,0.17128542
0.6300531,0.0,0.5676232
0.5922986,0.0,0.3840943
0.54169565,0.0,0.18447618
0.6084059,1.0,0.4210133
0.747076,1.0,0.18474704
0.699012,1.0,0.33083156
0.51030004,1.0,0.2262932
0.64446527,0.0,0.022840925
0.65553445,0.0,0.10644936
0.55538225,0.0,0.008253984
0.2808695,0.0,0.53275037
0.61447656,0.0,0.5109873
0.6503632,0.0,0.17720503
0.84975696,0.0,0.14284045
0.8013351,0.0,0.2244787
0.7068495,0.0,0.041168384
0.61761785,0.0,0.34930998
0.806155,0.0,0.014801263
0.6505847,0.0,0.0051692794
0.46760023,0.0,0.35651806
0.8059324,0.0,0.043829445
0.7886646,0.0,0.00499363
0.85787797,0.0,0.05079943
0.5548068,0.0,0.34580994
0.80690765,0.0,0.106514275
0.8663973,0.0,0.066470616
0.5224185,0.0,0.60546774
0.27691308,0.0,0.64694214
0.47254077,0.0,0.16975622
0.2212523,0.0,0.5790893
0.4327408,0.0,0.20826942
0.69192785,0.0,0.03620911
0.3705857,0.0,0.32113823
0.86296976,0.0,0.0
0.6849674,0.0,0.00032486167
0.88530374,0.0,0.0
0.7215144,0.0,0.0077351974
0.8801987,0.0,0.00027755552
0.7971573,1.0,0.035573866
0.85305876,1.0,0.027617149
0.5663599,1.0,0.26068047
0.8532764,1.0,0.2091998
0.68639344,0.0,0.092978016
0.8513692,1.0,0.076892786
0.88580734,0.0,0.00020364499
0.83305335,0.0,0.019387996
0.4581082,0.0,0.01332864
0.70624155,0.0,0.006416293
0.32637218,0.0,0.10027788
0.66547376,0.0,0.0
0.3939467,0.0,0.19588149
0.38271117,0.0,0.26528987
0.3492289,0.0,0.61948454
0.5020004,0.0,0.4593142
0.5376541,0.0,0.60320544
0.7838232,0.0,0.025092583
0.6185958,0.0,0.7235746
0.8532564,0.0,0.21532181
0.7156189,0.0,0.26197094
0.62371355,0.0,0.5351661
0.7133623,0.0,0.21463871
0.88618374,0.0,0.0
0.77085227,0.0,0.19655395
0.27588502,0.0,0.45837104
0.81156236,0.0,0.04021387
0.850534,0.0,0.0
0.6101387,0.0,0.47260815
0.38329569,0.0,0.37218186
0.6069519,0.0,0.0
0.84074795,0.0,0.08738569
0.34278175,0.0,0.49717498
0.7607902,0.0,0.21686132
0.75223106,0.0,0.0012442069
0.5600521,0.0,0.25258335
0.31820935,0.0,0.5680378
0.679287,0.0,0.3900949
0.43838206,0.0,0.4060248
0.56405264,0.0,0.4089858
0.5178937,0.0,0.10487004
0.32690254,0.0,0.7103805
0.79266644,0.0,0.058880284
0.51568866,0.0,0.55564165
0.722318,0.0,0.28454438
0.48915687,0.0,0.061736543
0.8344939,0.0,0.066861875
0.8344706,0.0,0.059094545
0.67984277,0.0,0.15425159
0.49998814,1.0,0.6895303
0.8133242,1.0,0.23610428
0.67434263,1.0,0.30021754
0.5965666,1.0,0.44591278
0.5755746,0.0,0.29912084
0.8499107,0.0,0.030498782
0.6781095,0.0,0.00039496893
0.8054378,0.0,0.0
0.8736601,0.0,0.014782471
0.8051854,0.0,0.015599044
0.3852042,0.0,0.013556862
0.68249625,0.0,0.004667864
0.80360335,0.0,0.04674095
0.83257025,0.0,0.0
0.6388591,0.0,0.0906434
0.7103407,0.0,0.44417608
0.7254839,0.0,0.39985234
0.51363766,0.0,0.57957315
0.71233404,0.0,0.03926243
0.34500736,0.0,0.28757814
0.63739765,0.0,0.022234337
0.8842989,0.0,0.0
0.86425185,0.0,5.0241775e-05
0.8472376,0.0,0.061696563
0.8499041,0.0,0.0016144882
0.8331178,1.0,0.08783565
0.9244872,0.0,0.00082099455
0.7352631,0.0,0.10276218
0.77586174,0.0,0.09033023
0.55730355,1.0,0.57987404
0.68725586,1.0,0.36306536
0.52741987,1.0,0.71230316
0.60416484,0.0,0.34635463
0.6190545,0.0,0.06691706
0.76917803,1.0,0.14446162
0.76906747,0.0,0.49712604
0.88317794,0.0,0.016421415
0.50220275,0.0,0.26348552
0.33477327,0.0,0.2599855
0.37837496,0.0,0.580837
0.8234424,0.0,0.2030131
0.8699552,0.0,1.8224277e-05
0.65162873,0.0,0.23021008
0.53958476,0.0,0.21136114
0.8262033,0.0,0.0010771157
0.80573446,0.0,0.0
0.41433254,0.0,0.35921314
0.7793044,0.0,0.0014312799
0.7463397,0.0,0.00093780394
0.75224113,0.0,0.016134264
0.3839721,0.0,0.2596199
0.886952,0.0,0.001655146
0.9249981,0.0,0.0
0.86473525,0.0,0.1509431
0.8325919,0.0,0.16175023
0.890521,0.0,0.00015908813
0.7747182,0.0,0.0
0.5447916,0.0,0.30130032
0.82732785,0.0,0.17446502
0.65855557,0.0,0.031332456
0.6183561,0.0,0.18753216
0.52114093,0.0,0.5045935
0.4809752,0.0,0.39508277
0.5839958,0.0,0.9883398
0.24750979,0.0,0.66800034
0.2627498,0.0,0.5134894
0.45703527,0.0,0.16506518
0.5015342,0.0,0.5797796
0.8302502,0.0,0.0
0.4796204,0.0,0.09006069
0.6786536,0.0,0.011111732
0.5417917,0.0,0.19827956
0.68644804,0.0,0.08644884
0.5396755,0.0,0.39086682
0.51417285,0.0,0.8289399
0.6289244,0.0,0.58402884
0.44391677,0.0,0.6371563
0.35390124,0.0,0.2610334
0.369445,0.0,0.5660359
0.34942946,0.0,0.256316
0.4640265,0.0,0.45049268
0.70398325,0.0,0.0044642696
0.47031373,0.0,0.4057589
0.8327696,0.0,0.0
0.42045942,0.0,0.28420776
0.50141513,0.0,0.3411695
0.43743312,0.0,0.58704937
0.4242673,0.0,0.14069648
0.52828556,1.0,0.19903259
0.875463,0.0,0.0
0.82302314,0.0,0.0
0.4686347,0.0,0.22171827
0.79691416,0.0,0.0
0.8495482,0.0,0.0
0.50331277,0.0,0.2349456
0.3431202,0.0,0.5820364
0.7812482,0.0,0.3211434
0.4081748,0.0,0.60486543
0.6981913,0.0,0.2672913
0.61694765,0.0,0.6731884
0.81737393,0.0,0.08846967
0.45052308,0.0,0.2467178
0.6026793,0.0,0.392032
0.7012852,0.0,0.5087932
0.77097815,0.0,0.3254099
0.68035626,1.0,0.32190093
0.5583817,1.0,0.48588157
0.53267854,0.0,0.006403482
0.5675866,1.0,0.474383
0.8448904,1.0,0.19744189
0.5262704,1.0,0.0111708725
0.5989455,0.0,0.2055245
0.82120466,0.0,0.039862573
0.6114701,0.0,0.001155411
0.53685546,0.0,0.0007992741
0.684136,0.0,0.23936611
0.83224726,0.0,0.2101118
0.61738086,0.0,0.52460617
0.56726164,0.0,0.3684437
0.648124,0.0,0.3098546
0.37567985,0.0,0.43819353
0.7622257,0.0,0.17633773
0.58548,1.0,0.29707178
0.77791345,0.0,0.079288416
0.42713532,1.0,0.6285775
0.57520324,1.0,0.39934027
0.49005502,1.0,0.11768259
0.4184309,1.0,0.5586439
0.44702804,1.0,0.27061793
0.7113046,1.0,0.047950484
0.56880665,1.0,0.3989484
0.37276903,1.0,0.6194848
0.42917305,1.0,0.5998393
0.4244442,1.0,0.20560959
0.3518471,0.0,0.34028375
0.35790887,0.0,0.671039
0.37785378,0.0,0.37516683
0.3782004,0.0,0.114673264
0.49301344,0.0,0.09360562
0.7397025,0.0,0.0016068312
0.5525671,0.0,0.00081583374
0.6138278,0.0,0.01835889
0.71932906,0.0,0.028486226
0.7144637,1.0,0.042568292
0.57810533,0.0,0.0
0.36040005,0.0,0.2194301
0.65446013,0.0,0.005798101
0.3371366,0.0,0.4007649
0.54049766,0.0,0.21333621
0.66712826,0.0,0.41635704
0.816773,0.0,0.010502776
0.80496824,0.0,0.24726498
0.81622744,0.0,0.0
0.6003133,0.0,0.15204906
0.6256597,0.0,0.043129686
0.6024746,0.0,0.3635031
0.46807155,0.0,0.12012817
0.55213326,1.0,0.2514665
0.5297598,0.0,0.64005136
0.62082547,0.0,0.23585239
0.7065729,0.0,0.20871799
0.48281983,1.0,0.8756471
0.40472037,0.0,0.912636
0.37649956,0.0,0.2468158
0.5071936,0.0,0.31103036
0.34248117,0.0,0.58511764
0.25986627,0.0,0.32698014
0.4563419,0.0,0.36393076
0.5964178,0.0,0.25777775
0.8778057,0.0,0.009619588
0.5844146,0.0,0.00344513
0.7651001,0.0,0.0
0.45304132,0.0,0.0
0.728529,0.0,0.008800227
0.5205501,0.0,0.0
0.53303695,0.0,0.25234646
0.46291006,0.0,0.26192802
0.3494605,0.0,0.5942645
0.539178,0.0,0.5479368
0.60005987,0.0,0.0005380969
0.556707,0.0,0.17895013
0.73994625,0.0,0.30633464
0.86086863,0.0,0.004553889
0.39844382,0.0,0.29770628
0.5046928,0.0,0.28559905
0.68006265,0.0,0.00036758807
0.6344357,0.0,0.0397131
0.56882703,0.0,0.43468362
0.64314544,0.0,0.24424048
0.2845618,0.0,0.5168245
0.39698917,0.0,0.17186263
0.7576864,0.0,0.035650726
0.2529545,0.0,0.26463726
0.36015296,0.0,0.016574223
0.81468457,0.0,0.0
0.40679464,0.0,0.013187303
0.6274687,0.0,0.00060069456
0.36262235,0.0,0.0
0.60250294,0.0,0.028747713
0.74336463,0.0,0.0038762954
0.5493617,0.0,0.18892756
0.57026386,0.0,0.3070697
0.3580476,0.0,0.023935271
0.2574974,0.0,0.09436835
0.4437836,0.0,0.5591828
0.3586171,0.0,0.33056808
0.457437,0.0,0.42187852
0.5489438,0.0,0.6691725
0.42767456,0.0,0.21319838
0.66192263,0.0,0.38752434
0.84825975,0.0,0.13919199
0.6656447,0.0,0.26040083
0.81385255,0.0,0.036299646
0.609991,0.0,0.23621479
0.526624,0.0,0.62160003
0.620336,0.0,0.086011305
0.63408583,0.0,0.48199284
0.67258006,0.0,0.41541916
0.59349084,0.0,0.6592835
0.57839704,0.0,0.30130532
0.80547994,0.0,0.021039309
0.45009685,0.0,0.07931768
0.43542406,0.0,0.411622
0.58114165,0.0,0.02558034
0.8023037,0.0,0.0
0.41896853,0.0,0.39377514
0.5817737,0.0,0.20217629
0.7984108,0.0,0.0
0.5671053,0.0,0.22013515
0.40940386,0.0,0.5505091
0.35607454,0.0,0.5645199
0.35209757,0.0,0.56998914
0.73975474,0.0,0.07812072
0.34809074,0.0,0.17546675
0.8982664,0.0,0.0
0.8806902,0.0,0.018527692
0.773691,0.0,0.0004890125
0.7431202,0.0,0.0
0.5734071,0.0,0.0
0.6506287,0.0,0.0019070443
0.6688864,0.0,0.015570088
0.43582237,0.0,0.36816132
0.60158765,0.0,0.35933733
0.46364015,0.0,0.72069436
0.3940653,0.0,0.37976104
0.7294814,0.0,0.053897902
0.6999098,0.0,0.29597917
0.8714391,0.0,2.3365565e-05
0.3150478,0.0,0.38150185
0.7430007,0.0,0.2548461
0.6040132,0.0,0.42823777
0.43706957,0.0,0.5390775
0.7532098,0.0,0.0057103774
0.7558699,0.0,0.0
0.6133303,0.0,0.29785785
0.74354,0.0,0.28476363
0.9127488,0.0,0.0011089594
0.49017227,0.0,0.04524959
0.37041056,0.0,0.3558212
0.80792683,0.0,0.17155324
0.92747974,0.0,0.00087444345
0.8156881,0.0,0.19763888
0.44328967,0.0,0.12627219
0.74926025,0.0,0.014961347
0.6941333,0.0,0.018770173
0.8171862,0.0,0.01876845
0.68739307,0.0,0.28692427
0.56034064,0.0,0.080910176
0.5599705,0.0,0.6851584
0.38471884,0.0,0.47501433
0.43207482,0.0,0.9235179
0.483967,0.0,0.55231744
0.7701878,0.0,0.19766718
0.682937,0.0,0.6784935
0.5671571,0.0,0.22369711
0.6458471,0.0,0.352769
0.83754385,0.0,0.04264445
0.76121616,0.0,0.35678825
0.6546203,0.0,0.5728574
0.8272398,0.0,0.015993135
0.30784762,0.0,0.26536262
0.86425203,0.0,0.0054488024
0.74846137,0.0,0.07306399
0.83855474,0.0,0.0
0.8692177,0.0,0.0
0.88530505,0.0,0.0003909551
0.9221086,0.0,0.0143750785
0.7785178,0.0,0.0
0.7671458,0.0,0.0576077
0.6909728,0.0,0.1641487
0.53674424,0.0,0.3366744
0.49569505,0.0,0.31633458
0.71759385,0.0,0.4264679
0.51878816,0.0,0.6492301
0.57208645,0.0,0.40543658
0.5361299,0.0,0.013668912
0.79350746,0.0,0.21367896
0.7829822,0.0,0.0017564263
0.6600542,0.0,0.12809123
0.63711464,0.0,0.20241886
0.92433923,0.0,0.0
0.89405733,0.0,0.0
0.563663,0.0,0.36350068
0.8373302,0.0,0.19874562
0.94325614,0.0,0.005065138
0.7551386,0.0,0.18062167
0.29677114,0.0,0.5272726
0.7768812,0.0,0.21286549
0.77539545,0.0,0.25785258
0.43120435,0.0,0.29687363
0.42863595,0.0,0.6512537
0.58897233,0.0,0.8086644
0.64062756,0.0,0.391135
0.43783927,0.0,0.8857366
0.49502352,0.0,0.36246246
0.56582713,0.0,0.24278459
0.43796393,0.0,0.26760754
0.79943126,0.0,0.023660604
0.771596,0.0,0.095915616
0.85361016,0.0,0.017781405
0.52622765,0.0,0.03316316
0.87315357,0.0,0.030453399
0.3910119,0.0,0.010665747
0.65788746,0.0,0.037668686
0.54476166,0.0,0.33231473
0.72188616,0.0,0.0012015277
0.7553313,0.0,0.28193453
0.7443153,0.0,0.28228706
0.7209939,0.0,0.64752626
0.7106598,0.0,0.16205226
0.5101872,0.0,0.44285342
0.74959767,0.0,0.49199602
0.8045695,0.0,0.027057206
0.8947334,0.0,0.095869124
0.7615835,0.0,0.18085569
0.35194707,0.0,0.35532886
0.8750384,0.0,0.01581903
0.8388736,0.0,0.01970464
0.7760617,0.0,0.6136888
0.3878681,0.0,0.28014827
0.54513085,0.0,0.36241764
0.6730261,0.0,0.3098646
0.8978628,0.0,0.022829395
0.33228275,0.0,0.15663894
0.45636135,0.0,0.09830248
0.88135135,0.0,0.005572521
0.77854186,0.0,0.009580487
0.855006,0.0,0.006681971
0.41445783,0.0,0.012218198
0.85585594,0.0,0.0035421231
0.6318541,0.0,0.082581945
0.7627587,0.0,0.10567099
0.65523654,0.0,0.64057404
0.50861496,0.0,0.20106576
0.42875013,1.0,0.6713073
0.36851,1.0,0.5951901
0.69410074,0.0,0.09628836
0.7986403,1.0,0.045856524
0.53414595,1.0,0.13472024
0.6466408,1.0,0.5350185
0.55724686,1.0,0.4966401
0.78590053,1.0,0.29017413
0.79530895,0.0,0.047317676
0.60754293,1.0,0.3777034
0.40349153,1.0,0.28067416
0.79734707,0.0,0.050809216
0.88995355,0.0,0.005439097
0.5790782,1.0,0.32990745
0.47052604,0.0,0.46418276
0.8569274,0.0,0.0007933766
0.64227617,0.0,0.028230764
0.49509367,0.0,0.5897575
0.5302503,0.0,0.33126426
0.720832,0.0,0.14435484
0.467709,0.0,0.66668105
0.31098875,0.0,0.6378711
0.30080807,0.0,0.029084979
0.30699152,0.0,0.4565027
0.8338022,0.0,0.0
0.6961488,0.0,0.013563798
0.88147604,0.0,0.0056668026
0.6948509,0.0,0.0
0.894009,0.0,0.007138909
0.30615634,0.0,0.043454807
0.7921661,0.0,0.0
0.8436126,0.0,0.1513082
0.62553674,1.0,0.29768175
0.42178038,1.0,0.70796114
0.7732642,1.0,0.22804342
0.5008981,1.0,0.7470775
0.5670958,0.0,0.07258548
0.66002506,1.0,0.23728317
0.8611453,0.0,0.078419246
0.46507227,1.0,0.4176469
0.7887639,1.0,0.09703073
0.37745234,1.0,0.5641213
0.55149955,1.0,0.47455683
0.88543624,0.0,0.0
0.60348964,1.0,0.4299514
0.22469819,1.0,0.5806416
0.277378,1.0,0.2456918
0.88508993,0.0,0.06079829
0.69869775,0.0,0.036093727
0.5834873,0.0,0.3385737
0.5271725,1.0,0.22630073
0.8615662,0.0,0.0009500877
0.64728135,0.0,0.091593646
0.3811263,0.0,0.58949155
0.696256,0.0,0.25136515
0.3423366,0.0,0.61322093
0.6990212,0.0,0.10874945
0.7995498,0.0,0.035850372
0.44422066,0.0,0.023809118
0.65296113,0.0,0.0
0.8168805,0.0,0.009200495
0.8060462,0.0,0.0
0.9046272,0.0,0.0
0.6931031,0.0,0.10761831
0.83063537,0.0,0.022717327
0.7035187,0.0,0.060394056
0.5611605,0.0,0.19872491
0.76105136,0.0,0.22742906
0.848772,0.0,0.017370977
0.57707834,0.0,0.36522734
0.4463497,0.0,0.5216363
0.69068986,0.0,0.24123521
0.657377,0.0,0.48934427
0.75894785,0.0,0.022790466
0.82922375,0.0,0.012326058
0.52829576,0.0,0.3013242
0.6878557,1.0,0.46361384
0.9386382,0.0,0.0
0.68703634,0.0,0.22606742
0.34749815,1.0,0.51665896
0.5915579,1.0,0.14181358
0.8142662,0.0,0.0072923237
0.3738229,0.0,0.5841065
0.34577182,0.0,0.41989076
0.6465326,0.0,0.5804508
0.5054977,0.0,0.57983714
0.4411753,0.0,0.61183506
0.48341256,0.0,0.17861463
0.6061713,0.0,0.4081219
0.7487166,0.0,0.0
0.49323097,0.0,0.36582372
0.561131,0.0,0.15718669
0.5384771,0.0,0.6478493
0.68629855,0.0,0.06072004
0.58402014,0.0,0.50787395
0.53266394,0.0,0.67343247
0.5132553,0.0,0.123701476
0.40170324,0.0,0.5407209
0.39884725,0.0,0.44515616
0.4448353,0.0,0.51334727
0.77083904,0.0,0.026819158
0.613344,0.0,0.12642393
0.65928763,1.0,0.6137786
0.41868603,0.0,0.29157278
0.5209066,0.0,0.008013342
0.58789784,0.0,0.41691536
0.5745271,0.0,0.51972413
0.6490098,0.0,0.49590415
0.47934568,0.0,0.3425881
0.6348934,0.0,0.10822179
0.764145,0.0,0.0
0.45227432,0.0,0.26792422
0.7667106,0.0,0.0034687482
0.27044094,0.0,2.6742198e-05
0.5235356,0.0,0.18029067
0.46423122,0.0,0.2968384
0.6864439,0.0,0.007666524
0.5822778,0.0,0.0
0.59289956,0.0,0.47305176
0.42545086,0.0,0.5253599
0.8642256,0.0,0.0
0.59923834,0.0,0.3013342
0.708743,0.0,0.47165558
0.59337085,0.0,0.36807013
0.5380159,0.0,0.5707029
0.7479826,0.0,0.034574043
0.46891406,0.0,0.6075092
0.81957716,0.0,0.10582112
0.80970633,0.0,0.011145866
0.57538855,0.0,0.40185848
0.7214824,0.0,0.13260764
0.8605128,0.0,0.0
0.6085211,0.0,0.30158043
0.645274,0.0,0.45355636
0.69032156,0.0,0.22646981
0.684338,0.0,0.0
0.8359322,0.0,0.003331983
0.6938957,0.0,0.1337107
0.66540194,0.0,0.04292526
0.7362395,0.0,0.0
0.7194517,0.0,0.09318758
0.6270086,0.0,0.55832213
0.82084864,0.0,0.09798124
0.4543564,0.0,0.6507586
0.52380925,0.0,0.38964215
0.7939025,0.0,0.0
0.8943326,0.0,0.11856888
0.52168274,0.0,0.54036343
0.62262774,0.0,0.22459982
0.84440225,1.0,0.14489788
0.7019358,1.0,0.4178856
0.46966955,1.0,0.5133283
0.48531458,1.0,0.5002072
0.7487287,1.0,0.10891471
0.7862213,0.0,0.041831158
0.53940487,1.0,0.3473992
0.6336645,1.0,0.13458663
0.8987657,0.0,0.0
0.5901842,0.0,0.49926838
0.7472677,1.0,0.6167193
0.66667885,0.0,0.101402186
0.7440018,1.0,0.482795
0.8382704,0.0,0.09535385
0.64632183,0.0,0.0
0.6083309,1.0,0.37698856
0.7077866,1.0,0.105674
0.5590101,1.0,0.69472253
0.5042346,1.0,0.6979241
0.6670761,0.0,0.6270534
0.85210526,0.0,0.15858519
0.7311427,0.0,0.29163745
0.7235351,0.0,0.2822713
0.56976986,0.0,0.570954
0.5605046,1.0,0.8451642
0.6954024,0.0,0.3189353
0.48907006,1.0,0.22558972
0.6710265,1.0,0.1680224
0.7126342,1.0,0.11576016
0.61877614,0.0,0.14285818
0.85914207,0.0,0.07126155
0.6913607,0.0,0.03583085
0.79689336,0.0,0.04793552
0.6795066,0.0,0.44781762
0.5207416,0.0,0.4819648
0.69728965,0.0,0.27743065
0.7385382,0.0,0.09954566
0.52202517,0.0,0.6597409
0.5324796,0.0,0.48129493
0.8557849,0.0,0.6470321
0.85543966,0.0,0.019184537
0.61612433,0.0,0.29250577
0.7053846,0.0,0.08002306
0.5994526,0.0,0.051032495
0.80323994,0.0,0.23524399
0.8042868,0.0,0.008110315
0.37496188,0.0,0.4006737
0.7181788,0.0,0.06197421
0.86792994,0.0,0.034729343
0.8522475,0.0,0.068576045
0.8162611,0.0,0.0
0.82977396,0.0,0.0
0.6994715,0.0,0.03766073
0.5132593,0.0,0.0
0.49028444,0.0,0.455711
0.7624111,0.0,0.233223
0.8087299,0.0,0.096568756
0.5834838,0.0,0.16210988
0.5337937,0.0,0.39928794
0.8380273,0.0,0.20237668
0.46410763,0.0,0.3702109
0.3787542,0.0,0.8197432
0.35226834,0.0,0.5412905
0.41922423,0.0,0.7661752
0.31326178,0.0,0.9624663
0.47996828,0.0,0.8089256
0.31411836,0.0,0.79119414
0.34392756,0.0,0.52181286
0.5903345,0.0,0.5372826
0.4145681,0.0,0.27713892
0.56111765,0.0,0.44998133
0.4458144,0.0,0.43965134
0.5689486,0.0,0.160719
0.41878003,0.0,0.42981905
0.674266,0.0,0.023962226
0.7362989,0.0,0.34508154
0.573798,0.0,0.5318038
0.7484336,0.0,0.45832244
0.54577595,0.0,0.32220113
0.44923142,0.0,0.40448034
0.8572497,0.0,0.15239489
0.7030643,0.0,0.27658677
0.88004375,0.0,0.008953712
0.76705134,0.0,0.45450652
0.86455715,0.0,0.2133079
0.4506977,0.0,0.49251163
0.59372723,0.0,0.8098321
0.5607347,0.0,0.5468054
0.35087392,0.0,0.6838916
0.30097154,0.0,0.65104806
0.28635976,0.0,0.6836459
0.3840328,0.0,0.6894206
0.51068413,0.0,0.44226024
0.6578807,0.0,0.43345827
0.32494324,1.0,0.15949132
0.34245747,1.0,0.047703467
0.6944648,0.0,0.05613373
0.50289917,1.0,0.08900481
0.8757116,0.0,0.0013777926
0.6322732,1.0,0.1310607
0.5203125,0.0,0.1317052
0.42943957,0.0,0.33212823
0.33009863,0.0,0.74422216
0.343009,0.0,0.5154368
0.28045416,1.0,0.75709003
0.26708427,1.0,0.5253368
0.53352755,1.0,0.5008694
0.8151153,0.0,0.2736102
0.88626134,0.0,0.0070038293
0.745619,1.0,0.05351279
0.83864635,0.0,0.07551768
0.6353795,1.0,0.2880056
0.56181425,0.0,0.4450708
0.4390779,0.0,0.8012437
0.49472824,1.0,0.47412145
0.7566592,0.0,0.6111903
0.5876343,0.0,0.3093853
0.5023505,0.0,0.34275252
0.5752849,0.0,0.39000753
0.64566493,0.0,0.38954303
0.566897,0.0,0.5977303
0.5602346,0.0,0.46034533
0.5015533,0.0,0.21982348
0.8065635,0.0,0.034873303
0.6626395,0.0,0.19459295
0.9127603,0.0,0.0083217425
0.58956265,0.0,0.40068266
0.39505574,0.0,0.6517612
0.57992667,0.0,0.708087
0.79604244,0.0,0.12638797
0.8243766,0.0,0.17405787
0.9213319,0.0,0.0
0.7543433,0.0,0.2495956
0.675887,0.0,0.0
0.33599472,0.0,0.32341853
0.5250185,0.0,0.63100284
0.80099803,0.0,0.019043893
0.63652307,0.0,0.49133584
0.47602284,0.0,0.46980664
0.5048908,0.0,0.7491086
0.729812,0.0,0.241809
0.5229581,0.0,0.15196672
0.7542701,0.0,0.20034578
0.5327375,0.0,0.31210908
0.8137547,0.0,0.012154404
0.54334044,1.0,0.3145396
0.8272571,0.0,0.0
0.5357131,0.0,0.014178133
0.6632889,0.0,0.08279789
0.50613326,1.0,0.17718127
0.8012783,1.0,0.11600234
0.62087536,1.0,0.23669942
0.4241269,1.0,0.7792398
0.68608654,1.0,0.33084956
0.6961065,1.0,0.55007833
0.7740925,1.0,0.47846347
0.57662547,0.0,0.4643987
0.6721207,0.0,0.16966817
0.7060693,1.0,0.40389943
0.68763,0.0,0.2359074
0.3862234,0.0,0.21648611
0.8124971,0.0,0.024727518
0.5627404,0.0,0.10649408
0.89433354,0.0,0.00018071233
0.49492812,0.0,0.23920013
0.43678874,0.0,0.14614147
0.48679867,0.0,0.33660543
0.6600831,0.0,0.7845317
0.43296364,0.0,1.0
0.56108683,0.0,0.5679186
0.51136416,0.0,0.114027575
0.6268609,0.0,0.86244816
0.5396005,0.0,0.32810304
0.7224407,0.0,0.1719101
0.73943007,0.0,0.5652577
0.5828712,0.0,0.92893285
0.7158082,0.0,0.317675
0.39696783,0.0,0.6770252
0.6755885,0.0,0.10897321
0.39868128,0.0,0.42956075
0.4718447,0.0,0.58765274
0.5337272,0.0,0.53899485
0.49498856,0.0,0.24872689
0.53111005,0.0,0.1936969
0.38593975,0.0,0.13752337
0.7687444,0.0,0.15402633
0.32438153,0.0,0.09532572
0.74680775,0.0,0.381429
0.7751696,0.0,0.13743412
0.7572323,0.0,0.04107702
0.74068165,0.0,0.06452044
0.6654316,0.0,0.29167876
0.41083017,0.0,0.51204777
0.59690493,1.0,0.4625786
0.80627257,0.0,0.25237396
0.64928,1.0,0.43061015
0.7558804,0.0,0.09911079
0.7265162,1.0,0.3911022
0.8860533,0.0,0.0009920696
0.6063832,1.0,0.18052663
0.8021781,0.0,0.2130148
0.673088,1.0,0.4210343
0.87132126,0.0,0.00952022
0.57529193,0.0,0.5303675
0.8154273,0.0,0.003321044
0.6073985,0.0,0.36329117
0.84640676,0.0,0.00034638456
0.58905345,0.0,0.17007025
0.86218196,0.0,0.10327244
0.47551826,0.0,0.2168791
0.729883,0.0,0.6671845
0.71691084,0.0,0.29044977
0.26788414,0.0,0.6045981
0.5635493,0.0,0.7403727
0.43826163,0.0,0.21323003
0.5173692,0.0,0.18620154
0.7351842,0.0,0.50919205
0.727597,0.0,0.04867146
0.5144412,0.0,0.4701788
0.61755854,0.0,0.5304652
0.8135014,0.0,0.02957219
0.7974772,1.0,0.25137284
0.912137,0.0,0.0012537548
0.7367537,1.0,0.40443778
0.88627994,0.0,0.0065226764
0.6854885,1.0,0.3306802
0.86717224,0.0,0.007481868
0.8205944,1.0,0.32314426
0.70429736,0.0,0.18176062
0.73611593,1.0,0.57638437
0.68228745,1.0,0.5396993
0.8487114,0.0,0.018499002
0.65851504,1.0,0.13929941
0.90661985,0.0,0.014898232
0.743495,1.0,0.36372882
0.8223501,1.0,0.017587552
0.70096266,1.0,0.20220757
0.6828211,0.0,0.016486397
0.58192843,1.0,0.20698129
0.48753306,1.0,0.4838156
0.8144489,0.0,0.0063372
0.44777712,0.0,0.19667682
0.66972345,0.0,0.23368026
0.4854394,0.0,0.37204972
0.8600121,0.0,0.0033720396
0.835293,0.0,0.0
0.8100424,0.0,0.06438955
0.87526417,0.0,0.025851302
0.86668706,0.0,0.0072570015
0.763861,0.0,0.022343338
0.6412642,0.0,0.007064969
0.8457478,0.0,0.00035837467
0.7802435,0.0,0.01634956
0.39379808,0.0,0.072478496
0.6808232,0.0,0.0070801834
0.7954496,0.0,0.01814642
0.49012014,0.0,0.10313124
0.5481105,0.0,0.010672615
0.7150819,0.0,0.0
0.6056675,0.0,0.0
0.74951476,0.0,0.015570219
0.532116,0.0,0.002749529
0.69283485,0.0,0.023419697
0.5723425,0.0,0.011882568
0.5090822,1.0,0.35178834
0.58342373,0.0,0.3277053
0.53697675,0.0,0.29845878
0.43152276,0.0,0.63908446
0.58910584,0.0,0.5009139
0.716651,0.0,0.1301909
0.4264779,0.0,0.44658062
0.73492366,0.0,0.05369515
0.6253807,0.0,0.0017609202
0.8520492,0.0,0.0064770193
0.6675894,0.0,0.0687526
0.7875088,0.0,0.10116778
0.5974675,0.0,0.01828621
0.44736323,0.0,5.527609e-05
0.62582976,0.0,0.02022046
0.74917907,0.0,0.18548393
0.86126274,0.0,0.029230105
0.5848124,0.0,0.33727527
0.74735844,0.0,0.02622168
0.64905924,0.0,0.4383916
0.88708985,0.0,0.029421814
0.5638785,0.0,0.20200814
0.8877512,0.0,0.0020355093
0.5207679,0.0,0.22670327
0.75537354,0.0,0.028388785
0.5622336,0.0,0.3896868
0.6783758,0.0,0.7842478
0.819147,0.0,0.35666957
0.5961594,0.0,0.68866277
0.7227977,0.0,0.4909761
0.60229653,0.0,0.399745
0.90386903,0.0,0.009523678
0.8267591,0.0,0.25350484
0.9145615,0.0,0.008314704
0.60966945,0.0,0.44419906
0.77973855,0.0,0.030959768
0.6171332,0.0,0.3253654
0.8327546,0.0,0.008203055
0.6332809,0.0,0.47110397
0.7532276,0.0,0.011354909
0.82309216,0.0,0.3048292
0.8118172,0.0,0.2934766
0.62801224,0.0,0.75953585
0.644828,0.0,0.6087553
0.7504614,0.0,0.4251496
0.83863926,1.0,0.25449923
0.90824795,0.0,0.013751008
0.5731001,0.0,0.19052984
0.86131644,0.0,0.019220319
0.60919756,0.0,0.35737503
0.7028714,0.0,0.032023404
0.47444978,0.0,0.3323677
0.8211621,0.0,0.02184758
0.40441176,0.0,0.42144278
0.55109024,0.0,0.1533257
0.41985202,0.0,0.16941379
0.8678088,0.0,0.010033336
0.57679504,0.0,0.14339328
0.47503316,0.0,0.5483036
0.75146246,0.0,0.06506565
0.6500622,0.0,0.38251856
0.36647165,0.0,0.44638675
0.5669377,0.0,0.4003604
0.74005634,0.0,0.04495879
0.4285101,0.0,0.4043179
0.78863305,0.0,0.09370165
0.53342986,0.0,0.40766767
0.81502134,0.0,0.056936633
0.5022321,0.0,0.4978463
0.5768803,0.0,0.5405132
0.76339144,0.0,0.1408449
0.48012283,0.0,0.44608045
0.8518849,0.0,0.059714545
0.5532718,0.0,0.34475008
0.83663,0.0,0.046561
0.7139032,0.0,0.36642003
0.7177093,0.0,0.1628032
0.78804165,0.0,0.48286197
0.48131996,0.0,0.62743837
0.7114023,0.0,0.21585031
0.7636372,0.0,0.297654
0.8758219,0.0,0.029664183
0.50131106,0.0,0.32214043
0.8529417,0.0,0.05205552
0.57888377,0.0,0.566232
0.9040591,0.0,0.1191563
0.5642477,0.0,0.47503158
0.8085117,0.0,0.09728589
0.59063166,0.0,0.49737018
0.7354133,0.0,0.040176414
0.5968137,0.0,0.22353056
0.8388443,0.0,0.07904398
0.4378398,0.0,0.41773093
0.6313779,0.0,0.40475613
0.58919615,0.0,0.77832144
0.6733187,0.0,0.7443787
0.4195585,0.0,0.40090892
0.6287207,0.0,0.4739174
0.5344876,0.0,0.49263823
0.7444701,0.0,0.28208143
0.5245879,0.0,0.34856674
0.82880884,0.0,0.014463951
0.56030667,0.0,0.2982305
0.8807695,0.0,0.031318784
0.5681193,0.0,0.5289971
0.751971,0.0,0.068884976
0.5239595,0.0,0.22941533
0.77895015,0.0,0.0048923604
0.45490512,0.0,0.33933273
0.6686493,0.0,0.06575886
0.3485507,0.0,0.50899583
0.7154903,0.0,0.36024603
0.38569012,0.0,0.93271124
0.73819387,0.0,1.0
0.74551487,0.0,0.7967524
0.6385764,0.0,0.21878585
0.6177801,0.0,0.29754642
0.6827079,0.0,0.5270314
0.41012812,0.0,0.2919188
0.4960433,0.0,0.05253527
0.5471687,0.0,0.13525626
0.6459442,0.0,0.014093515
0.53362834,0.0,0.28281808
0.61166114,0.0,0.025722802
0.5488118,0.0,0.32936463
0.57397467,0.0,0.33667386
0.7875175,0.0,0.04236736
0.538381,1.0,0.47865695
0.8295206,1.0,0.056161437
0.5452378,1.0,0.53825504
0.7460949,0.0,0.087890364
0.8288969,0.0,0.29737356
0.48213094,0.0,0.48484558
0.6102461,0.0,0.58723736
0.6554307,1.0,0.53669196
0.61565334,0.0,0.39964727
0.7679151,1.0,0.15266289
0.86971825,0.0,0.0037773186
0.6919944,1.0,0.39321396
0.64838856,1.0,0.013415969
0.69854474,1.0,0.09897063
0.8087485,0.0,0.015917987
0.6540367,0.0,0.059101567
0.6573947,0.0,0.01829535
0.6991452,0.0,0.24901636
0.7272101,0.0,0.002914047
0.6402815,0.0,0.025493886
0.6608561,0.0,0.2248652
0.6968454,0.0,0.57104135
0.54579884,0.0,0.75515544
0.4738458,0.0,0.7981514
0.3101606,0.0,0.34495905
0.31184986,0.0,0.18574262
0.74211943,0.0,0.16818118
0.81651425,0.0,0.0
0.9224146,0.0,0.011795723
0.6373065,0.0,0.0
0.716982,0.0,0.013809844
0.76186836,0.0,0.031132413
0.69291687,0.0,0.0
0.71880525,0.0,0.056409337
0.54853183,0.0,0.07989713
0.4567546,0.0,0.123459905
0.70200974,0.0,0.044646043
0.88615394,0.0,0.0
0.46842968,0.0,0.2092679
0.8424374,0.0,0.0011381994
0.7920506,0.0,0.011154644
0.9135068,0.0,0.0030406278
0.82012266,0.0,0.00010246551
0.7197202,0.0,0.13540235
0.6155537,0.0,0.41721806
0.7181132,0.0,0.43829894
0.8069886,0.0,0.07515553
0.6633191,0.0,0.3488017
0.39747286,0.0,0.2863064
0.4041059,0.0,0.329253
0.7560244,0.0,0.079758376
0.5614102,0.0,0.25853315
0.7365314,0.0,0.025675137
0.57520515,0.0,0.40376946
0.5936294,0.0,0.33115354
0.57114,0.0,0.49275953
0.66777647,0.0,0.05221982
0.49520838,0.0,0.4619087
0.5849284,0.0,0.17116134
0.3679063,0.0,0.2656582
0.5388015,0.0,0.48309955
0.39776376,0.0,0.4480007
0.6063728,0.0,0.42300135
0.46123043,0.0,0.71989614
0.46973798,0.0,0.120840766
0.8597117,0.0,0.19419606
0.7623005,0.0,0.045638923
0.6181193,0.0,0.022605445
0.5642176,0.0,0.00032761492
0.74955183,0.0,0.25698408
0.614017,0.0,0.025461918
0.36683685,0.0,0.32778537
0.5400541,0.0,0.24749653
0.56101775,0.0,0.0018017062
0.7046247,0.0,0.2196429
0.32324493,0.0,0.41451007
0.48634857,0.0,0.083112404
0.6159923,0.0,0.003369541
0.69465923,0.0,0.18942602
0.46376893,0.0,0.2271034
0.71365595,0.0,0.0
0.7659124,0.0,0.06376399
0.6569133,0.0,0.5223627
0.5783752,0.0,0.30502355
0.8579712,0.0,0.014724758
0.8044701,0.0,0.06968911
0.6831878,0.0,0.5499165
0.57413197,0.0,0.5191931
0.7982075,0.0,0.25760898
0.33095074,0.0,0.70803505
0.6771924,0.0,0.061715618
0.55823517,0.0,0.37128896
0.485609,0.0,0.08052694
0.41427973,0.0,0.29328182
0.44847202,0.0,0.2304773
0.7640975,0.0,0.018696262
0.5183064,0.0,0.049374327
0.755669,0.0,0.0
0.8332099,0.0,0.005376591
0.64755875,0.0,0.0
0.48586124,0.0,0.0003015746
0.4665065,0.0,0.001431557
0.6171327,0.0,0.0
0.60026413,0.0,0.011247116
0.45119897,0.0,0.021525707
0.6710667,0.0,0.0058232956
0.4047948,0.0,0.0
0.57480186,0.0,0.0
0.43065244,0.0,0.0024242834
0.8165536,0.0,0.0016419481
0.74837184,0.0,0.0
0.8084754,0.0,0.041880343
0.4762648,0.0,0.46787554
0.3641554,0.0,0.74005127
0.43642098,0.0,0.5004198
0.6617631,0.0,0.03615968
0.5365242,0.0,0.42400604
0.59153026,0.0,0.19848412
0.36222965,0.0,0.16672854
0.588506,0.0,0.23608701
0.5752668,0.0,0.2439232
0.56512606,0.0,0.0
0.38552177,0.0,0.00038366584
0.75597936,0.0,0.0
0.5913564,0.0,0.037720084
0.4756316,0.0,0.039265845
0.77911776,0.0,0.006213536
0.46363965,0.0,0.034202483
0.5247737,0.0,0.0751055
0.5196851,0.0,0.0050243563
0.5143935,0.0,0.07749211
0.45495427,0.0,0.53248984
0.5010873,0.0,0.08045911
0.76363766,0.0,0.02795013
0.5332901,0.0,0.28688776
0.48449755,0.0,0.3413125
0.857132,0.0,0.060613032
0.5697937,0.0,0.3806669
0.43861076,0.0,0.66364133
0.53853464,0.0,0.47715878
0.5489725,0.0,0.56984
0.7359802,0.0,0.10979277
0.6797796,0.0,0.3249099
0.52717024,0.0,0.4398112
0.32006297,0.0,0.24205256
0.8286465,0.0,0.008226388
0.66478634,0.0,0.0944918
0.4650519,0.0,0.26591784
0.5979248,0.0,0.19625501
0.5514452,0.0,0.026180157
0.5412152,0.0,0.03221179
0.8123541,0.0,0.003377744
0.8475774,0.0,0.11055809
0.7539604,0.0,0.040383168
0.7648682,0.0,0.008922337
0.4267113,0.0,0.010275487
0.47007674,0.0,0.0035039845
0.70219934,0.0,0.0
0.5072715,0.0,0.00016374433
0.5091527,0.0,0.0
0.54975146,0.0,0.0
0.5060383,0.0,0.008024763
0.8587698,0.0,0.0013419886
0.53555703,0.0,0.20200676
0.72489476,0.0,0.12011973
0.6780424,0.0,0.00080684025
0.84838563,0.0,0.01234863
0.47527266,0.0,0.32993537
0.48133862,0.0,0.44134894
0.8210824,0.0,0.25765648
0.51190776,0.0,0.7794976
0.4990424,0.0,0.3654419
0.6405492,0.0,0.021303462
0.7140625,0.0,0.12307253
0.5510629,0.0,0.35757795
0.6468511,0.0,0.26827508
0.83270204,0.0,0.0
0.41619027,0.0,0.4440483
0.5670851,0.0,0.6832427
0.45529726,0.0,0.20460233
0.49148482,0.0,0.3001925
0.85003436,0.0,0.003743442
0.9236428,0.0,0.04069258
0.8847399,0.0,0.014897584
0.79608977,0.0,0.0
0.5176478,0.0,0.018675508
0.72479725,0.0,0.00091602164
0.5088193,0.0,0.0
0.46065152,0.0,0.0004433334
0.810551,0.0,0.00056493626
0.8728933,0.0,0.0012817162
0.55278945,0.0,0.0032649983
0.76158017,0.0,0.069212325
0.6970881,0.0,0.20351079
0.46599495,0.0,0.039522078
0.636731,0.0,0.0014744158
0.5887615,0.0,0.5425417
0.47035345,0.0,0.2053343
0.49828535,0.0,0.5294396
0.8792587,0.0,0.1710527
0.73900616,0.0,0.17578447
0.8362834,0.0,0.018589566
0.546118,0.0,0.014243514
0.7786503,0.0,0.0009480129
0.45724052,0.0,0.18685937
0.47933993,0.0,0.0008946027
0.79022884,0.0,0.0
0.73473287,0.0,0.0055233804
0.57461196,0.0,0.005248535
0.6540972,0.0,0.00023318174
0.48574328,0.0,0.0056192577
0.6485434,0.0,0.0022668021
0.76686466,0.0,0.006499917
0.85799825,0.0,0.0039931354
0.54987985,0.0,0.060738355
0.5442441,0.0,0.0045623058
0.44194275,0.0,0.40330198
0.5578306,0.0,0.47021174
0.6642596,0.0,0.2866435
0.3888299,0.0,0.37020454
0.73154324,0.0,0.06703313
0.7931725,0.0,0.108527355
0.49512753,0.0,0.49942672
0.41492647,0.0,0.34584418
0.828686,0.0,0.01677621
0.8949356,0.0,0.06841023
0.38341364,0.0,0.5887299
0.4142842,0.0,0.29115677
0.8581772,0.0,0.01195864
0.45950648,0.0,0.29543382
0.7752006,0.0,0.029097956
0.7350991,0.0,0.0779147
0.40988895,0.0,0.39984515
0.41141114,0.0,0.37774315
0.73195356,0.0,0.00048702257
0.8639614,0.0,0.06745795
0.597154,0.0,0.08742639
0.36185136,0.0,0.40731898
0.87575567,0.0,0.13931978
0.5685501,0.0,0.24456485
0.37497333,0.0,0.3513153
0.75188965,0.0,0.014306947
0.5274744,0.0,0.050213408
0.618715,0.0,0.24196798
0.77056354,0.0,0.44074464
0.6686063,0.0,0.06665652
0.7489652,0.0,0.13796991
0.6560286,0.0,0.35647127
0.6409599,0.0,0.025752872
0.5513835,0.0,0.35782272
0.44750115,0.0,0.31695458
0.5168326,0.0,0.3841575
0.60788846,0.0,0.62639034
0.47285536,0.0,0.32613954
0.32690692,0.0,0.7421505
0.53805363,0.0,0.70045626
0.39919367,0.0,0.115308054
0.21947002,0.0,0.33456117
0.59105533,0.0,0.0096669085
0.5258085,0.0,0.15059789
0.61542165,0.0,0.003638375
0.7954965,0.0,0.0
0.7140064,0.0,0.0
0.8825786,0.0,0.007648044
0.8121165,0.0,0.013446406
0.63027865,0.0,0.0
0.67245644,0.0,0.08608792
0.52822936,0.0,0.067703
0.5731871,0.0,0.011045291
0.7682521,0.0,0.00477471
0.7962383,0.0,0.0
0.7960141,0.0,0.016665604
0.6762755,0.0,0.013476021
0.7000454,0.0,0.055054583
0.80674076,0.0,0.07435528
0.77084935,0.0,0.13291508
0.8849409,0.0,0.07599534
0.8514372,0.0,0.04905954
0.7091784,0.0,0.5447295
0.6118433,0.0,0.51577854
0.65188515,0.0,0.35186672
0.73080033,0.0,0.3578635
0.77783597,0.0,0.08301217
0.51317567,0.0,0.0
0.77166545,0.0,0.009716045
0.5370373,0.0,0.04352726
0.5833324,0.0,0.0028938372
0.46022612,0.0,0.25422034
0.5309357,0.0,0.17242192
0.39600593,0.0,0.040030375
0.8857746,0.0,0.02441135
0.79420346,0.0,0.05236226
0.7703039,0.0,0.008627306
0.7836362,0.0,0.0
0.86229265,0.0,0.021448273
0.7799253,0.0,0.0009516249
0.5302743,0.0,0.06013597
0.41573387,0.0,0.08403689
0.55287296,0.0,0.66961527
0.53662735,0.0,0.5732601
0.76531905,0.0,0.23800272
0.4586136,0.0,0.21066417
0.4726688,0.0,0.416845
0.5991952,0.0,0.04674286
0.5015873,0.0,0.6308687
0.60299057,0.0,0.29000032
0.6637913,0.0,0.25049505
0.8484018,0.0,0.0076131513
0.60171497,0.0,0.0
0.4290295,0.0,0.025062567
0.4941791,0.0,0.0012150347
0.30555615,0.0,0.0022699216
0.5728478,0.0,0.008400709
0.61738306,0.0,0.049302753
0.51698464,0.0,0.0
0.5587568,0.0,0.34304792
0.4111807,0.0,0.42557532
0.5762012,0.0,0.012470886
0.66306597,0.0,0.23768236
0.6492372,0.0,0.25806797
0.6830249,0.0,0.033121523
0.715598,0.0,0.078611195
0.8437804,0.0,0.0012649408
0.6330418,0.0,0.005841117
0.62488383,0.0,0.0
0.7387196,0.0,0.0064228554
0.6599922,0.0,0.0
0.5754638,0.0,0.039282527
0.35771492,0.0,0.0057547404
0.37160787,0.0,0.07306887
0.7326037,0.0,0.010349051
0.6593535,0.0,0.16882434
0.819256,0.0,0.12033805
0.82295495,0.0,0.0037969875
0.80915684,0.0,0.080492616
0.5085874,0.0,0.18788166
0.70926523,0.0,0.21881649
0.90337896,0.0,0.0016278399
0.76974213,0.0,0.20744443
0.46451235,0.0,0.2788196
0.46324903,0.0,0.54354393
0.7113679,0.0,0.4128391
0.6673867,0.0,0.591132
0.61082584,0.0,0.3849696
0.70027477,0.0,0.01405368
0.43231204,0.0,0.7176794
0.7194085,0.0,0.42157584
0.7284749,0.0,0.34310588
0.35108843,0.0,0.5683014
0.6931137,0.0,0.21580663
0.6633255,0.0,0.011635104
0.6076627,0.0,0.11695885
0.36017394,0.0,0.45709938
0.3151749,0.0,0.18276124
0.6276112,0.0,0.0
0.24314433,0.0,0.40893567
0.35171688,0.0,0.45210359
0.7264741,0.0,0.099209
0.27095324,1.0,0.71952426
0.7169574,1.0,0.41660088
0.63154393,0.0,0.068480305
0.6494849,0.0,0.3232699
0.5395515,0.0,0.55149776
0.91097146,0.0,0.013674185
0.6431992,0.0,0.1392339
0.8905558,0.0,0.013774184
0.7526785,0.0,0.0073008514
0.5071364,0.0,0.0067507764
0.6257298,0.0,0.0
0.78053254,0.0,0.26181528
0.48019016,0.0,0.024644844
0.7572123,0.0,0.0018876302
0.8406267,0.0,0.054361783
0.73355836,0.0,0.0
0.76070815,0.0,0.04740986
0.4117748,0.0,0.22247201
0.5363631,0.0,0.24672876
0.6554338,0.0,0.124348156
0.55695355,0.0,0.07573021
0.5046439,0.0,0.14323056
0.37256885,0.0,0.10740174
0.7817269,0.0,0.0
0.4752218,0.0,0.15577118
0.7846824,0.0,0.32785308
0.870662,0.0,0.2313474
0.90377694,0.0,0.30418634
0.51471394,0.0,0.2202437
0.5967257,0.0,0.40950876
0.49640918,0.0,0.53343385
0.53168577,0.0,0.52299017
0.56779265,0.0,0.91673416
0.44224912,0.0,0.5032958
0.56244564,0.0,0.15667512
0.42180082,0.0,0.3688616
0.5208384,0.0,0.3533714
0.4970029,0.0,0.10558689
0.5334492,0.0,0.086383075
0.70647085,0.0,0.15733816
0.79455906,0.0,0.01174043
0.75853527,0.0,0.086522885
0.75492966,0.0,0.021478543
0.6582213,0.0,0.0043815067
0.7080977,0.0,0.0139470855
0.5118607,0.0,0.03851767
0.62359434,0.0,0.0037360005
0.4212179,0.0,0.020223381
0.77825993,0.0,0.0
0.76084334,0.0,0.010220336
0.6172816,0.0,0.058946528
0.6350047,0.0,0.010507263
0.7294877,0.0,0.10171311
0.7676704,0.0,0.054981504
0.8569082,0.0,0.017283902
0.928672,0.0,0.081941575
0.7155659,0.0,0.37325844
0.6977959,0.0,0.060073722
0.8559051,0.0,4.9862316e-05
0.6373896,0.0,0.20207629
0.66479915,0.0,0.38087308
0.7631608,0.0,0.13410117
0.8290002,0.0,0.17153044
0.644468,0.0,0.6153981
0.58541113,0.0,0.33812207
0.35520798,1.0,0.4311824
0.8401302,0.0,0.07767634
0.26963177,1.0,0.6443846
0.57108885,0.0,0.2670536
0.88358617,0.0,0.0060328445
0.73401016,0.0,0.24656823
0.7802395,0.0,0.0077619995
0.7320605,0.0,0.00055011606
0.55091804,0.0,0.07612054
0.8390028,0.0,0.56477314
0.8354403,0.0,0.23212916
0.48847145,0.0,0.0
0.4747719,0.0,0.25965777
0.6282111,0.0,0.07728256
0.34676644,0.0,0.2541633
0.7340005,0.0,0.11320999
0.89875007,0.0,0.010160126
0.8129695,0.0,0.0060450723
0.5009644,0.0,0.2810887
0.72892874,0.0,0.039353322
0.44627637,0.0,0.0005905863
0.46197954,0.0,0.0
0.56227857,0.0,0.09371476
0.7859199,0.0,0.012558523
0.60769224,0.0,0.121556796
0.6764008,1.0,0.25981036
0.38752258,0.0,0.0918306
0.28943402,1.0,0.3332154
0.72967994,0.0,0.011420471
0.5644555,0.0,0.1358365
0.51076746,0.0,0.06625792
0.375288,0.0,0.060629487
0.545913,0.0,0.48823565
0.85964453,0.0,0.34333858
0.5112192,0.0,0.3885218
0.62132794,0.0,0.2990303
0.7425561,0.0,0.023444643
0.48237857,0.0,0.10686476
0.83056086,0.0,0.019648414
0.871224,0.0,0.06690529
0.79918313,0.0,0.007690022
0.8618297,0.0,0.013797614
0.88102293,0.0,0.0
0.79589534,0.0,0.0048175743
0.87051415,0.0,0.010605234
0.81325394,0.0,0.0
0.8670822,0.0,0.0
0.7594247,0.0,0.14202823
0.7067562,0.0,0.31279784
0.8215754,0.0,0.33131084
0.675836,0.0,0.51423407
0.48478863,0.0,0.09483902
0.8244316,0.0,0.016071076
0.29105222,0.0,0.67806864
0.6892101,0.0,0.22915182
0.728765,0.0,0.034409504
0.54963595,0.0,0.42778328
0.73478353,0.0,0.3432283
0.8683029,0.0,0.026888877
0.64860356,0.0,0.31568596
0.6375874,0.0,0.6816207
0.52771497,0.0,0.2781291
0.8481014,0.0,0.5134333
0.621903,0.0,0.49894154
0.71527946,0.0,0.43905622
0.6822651,0.0,0.35665125
0.5188434,0.0,0.3834436
0.7323856,0.0,0.29086643
0.6888869,0.0,0.020111915
0.38750827,0.0,0.5809776
0.45281988,1.0,0.31662652
0.24272528,1.0,0.44438457
0.6771196,1.0,0.6212292
0.52835757,1.0,0.6125664
0.46338293,1.0,0.43495017
0.42021215,1.0,0.6265778
0.61130214,1.0,0.34022957
0.65041924,1.0,0.16367099
0.5942494,1.0,0.4014817
0.29847574,1.0,0.6282815
0.72707003,0.0,0.1924936
0.63444334,0.0,0.035351127
0.284399,0.0,0.46451256
0.5471542,0.0,0.15273131
0.7560308,0.0,0.007819972
0.52365625,0.0,0.31884697
0.5234963,0.0,0.5254605
0.52154654,0.0,0.021490995
0.73454136,0.0,0.018777976
0.5481874,0.0,0.60989827
0.57605517,0.0,0.5707214
0.5893032,0.0,0.013666765
0.72897124,0.0,0.30028743
0.52650154,0.0,0.5781477
0.5954776,0.0,0.6465354
0.6056213,0.0,0.32837212
0.5753145,0.0,0.7468575
0.48938084,0.0,0.6598165
0.39369044,0.0,0.5072932
0.466704,0.0,0.09298214
0.77562696,0.0,0.0
0.5890694,0.0,0.09027319
0.754822,0.0,0.008375504
0.40427998,0.0,0.39653268
0.8236351,0.0,0.0
0.5315329,0.0,0.42460704
0.6103522,1.0,0.21368818
0.73795086,0.0,0.1224817
0.63892347,0.0,0.7927616
0.6015601,0.0,0.73412484
0.54158485,0.0,0.27818382
0.6574036,0.0,0.20963939
0.4929482,0.0,0.032474548
0.7916303,0.0,0.0058854865
0.59999543,0.0,0.07121507
0.87144554,0.0,0.0050227726
0.6414341,0.0,0.3939318
0.582788,0.0,0.008127052
0.73033965,0.0,0.22403026
0.7490037,0.0,0.73224616
0.43196818,0.0,0.8200751
0.6295909,0.0,0.12460435
0.43679538,0.0,0.12586226
0.7960816,0.0,0.0064184177
0.7186834,0.0,0.00776132
0.79258686,0.0,0.0026866214
0.58501375,0.0,0.011128532
0.6696133,0.0,0.0
0.7014151,0.0,0.08800763
0.28185818,0.0,0.028190976
0.5821584,0.0,0.18034911
0.67691195,0.0,0.06416977
0.6477439,0.0,0.00954234
0.5715149,0.0,0.011469441
0.4098903,0.0,0.029284777
0.31222728,0.0,0.21546942
0.2819441,0.0,0.29599914
0.3631598,0.0,0.6202716
0.3518714,0.0,0.77995104
0.48720726,0.0,0.77187985
0.4992402,0.0,0.27844197
0.7098457,0.0,0.59309536
0.23959702,0.0,0.49679244
0.32041466,0.0,0.10481466
0.5083724,0.0,0.7910273
0.618818,0.0,0.0950362
0.64770925,0.0,0.44276786
0.5309651,0.0,0.12408576
0.56474113,0.0,0.5111218
0.8307795,0.0,0.13196011
0.5651239,0.0,0.66476715
0.45424742,0.0,0.22007807
0.8682056,0.0,0.019757409
0.72399807,0.0,0.5404273
0.45048338,0.0,0.39541867
0.85097504,0.0,0.061481506
0.6156212,0.0,0.21632391
0.62418264,0.0,0.42845595
0.5341091,0.0,0.25192276
0.72183746,0.0,0.5773381
0.7335999,0.0,0.11418938
0.45306578,0.0,0.5534724
0.49046493,0.0,0.8185822
0.641387,0.0,0.18036467
0.6160705,0.0,0.61322796
0.800606,0.0,0.37411296
0.57827115,0.0,0.5841532
0.54714763,0.0,0.72573787
0.59214485,0.0,0.6454973
0.5598724,0.0,0.8423085
0.5957029,0.0,0.71165115
0.5616861,0.0,0.048132665
0.43871453,0.0,0.30850902
0.7392153,0.0,0.0
0.63323545,0.0,0.09310113
0.56589526,0.0,0.00035438736
0.71510005,0.0,0.17429918
0.8087267,0.0,0.0028020302
0.7234537,0.0,0.08940846
0.6939905,0.0,0.41072825
0.8146465,0.0,0.4044942
0.7067774,0.0,0.3091799
0.70147204,0.0,0.35484695
0.54746544,0.0,0.14192016
0.78894186,0.0,0.12041738
0.70240283,0.0,0.46067286
0.78627336,0.0,0.07020676
0.7385994,0.0,0.27402732
0.8520318,0.0,0.019609658
0.7683771,0.0,0.011975921
0.61679846,0.0,0.5517415
0.5654266,0.0,0.17228048
0.53278136,0.0,0.46888223
0.6372233,0.0,0.0030514565
0.5419416,0.0,0.3104629
0.7906817,0.0,0.108551085
0.45825946,0.0,0.2571949
0.65717095,0.0,0.07416196
0.59640837,0.0,0.014060996
0.66056836,0.0,0.55291444
0.5057318,0.0,0.2532153
0.533791,0.0,0.18737759
0.5820004,0.0,0.6310641
0.5820701,0.0,0.48580602
0.73535824,0.0,0.5328052
0.77790135,0.0,0.3665363
0.34940276,0.0,0.5732587
0.5839338,0.0,0.12042722
0.55405194,0.0,0.37220648
0.6359479,0.0,0.009165302
0.41446626,0.0,0.2714864
0.8588009,0.0,0.030646134
0.61473876,0.0,0.12173461
0.83103997,0.0,0.016592301
0.59091705,0.0,9.765219e-05
0.57958764,0.0,0.1417113
0.86230314,0.0,0.065196656
0.3755487,0.0,0.30642405
0.5656941,0.0,0.5712484
0.4089539,0.0,0.6016732
0.6181941,0.0,0.008742858
0.7961969,0.0,0.21927069
0.6594849,0.0,0.516375
0.5166125,0.0,0.39374456
0.6506279,0.0,0.073994786
0.6425047,0.0,0.037892647
0.392283,0.0,0.81992394
0.3543857,0.0,0.5332755
0.7548494,0.0,0.042922053
0.45590162,0.0,0.17775533
0.7452554,0.0,0.0
0.84919244,0.0,0.0139817055
0.84540886,0.0,0.0
0.69896466,0.0,0.0
0.7708979,0.0,0.0
0.7078701,0.0,0.0102708135
0.59257615,0.0,0.26205558
0.7830512,0.0,0.048778027
0.42522377,0.0,0.28372812
0.58817023,0.0,0.048986305
0.881626,0.0,0.0
0.91187114,0.0,0.0071505373
0.8435801,0.0,0.0067051267
0.71852744,0.0,0.14569026
0.61515,0.0,0.059977006
0.89275783,0.0,0.0008502454
0.78334796,0.0,0.1012566
0.4305847,0.0,0.5389928
0.4788267,0.0,0.36728546
0.6460108,0.0,0.20616403
0.26189485,0.0,0.7804621
0.81332135,0.0,0.216119
0.68487203,0.0,0.16239725
0.6238696,0.0,0.15707237
0.7462291,0.0,0.14795287
0.815987,0.0,0.0039399522
0.6368253,0.0,0.059441715
0.873117,0.0,0.0016870826
0.6242469,0.0,0.0
0.7243152,0.0,0.0014036401
0.63956004,0.0,0.0
0.4290597,1.0,0.43583858
0.579662,1.0,0.40383708
0.76363075,1.0,0.46583083
0.42106226,1.0,0.4509703
0.7444794,0.0,0.020612897
0.8080819,0.0,0.07013211
0.8933585,0.0,0.00027685077
0.624126,0.0,0.029509615
0.64124626,0.0,0.0004119856
0.734266,0.0,0.047855664
0.58241194,0.0,0.1659736
0.64651257,0.0,0.3369269
0.59402186,0.0,0.7468752
0.75027525,0.0,0.2034686
0.60667634,0.0,0.08471724
0.54051054,0.0,0.06590506
0.6492381,1.0,0.52323335
0.467235,1.0,0.5045595
0.6132429,1.0,0.20094639
0.53772956,0.0,0.04624184
0.35309666,1.0,0.62884307
0.57757753,1.0,0.6411328
0.6597658,0.0,0.0930522
0.5642635,1.0,0.22685711
0.57163554,0.0,0.20186749
0.6541183,0.0,0.0077767423
0.47778288,0.0,0.41623437
0.9174378,0.0,0.10994143
0.56695485,0.0,0.18363616
0.5343799,0.0,0.5861724
0.6216721,0.0,0.34830564
0.24210542,0.0,0.81136125
0.4897324,0.0,0.7584706
0.7896682,0.0,0.16687775
0.44825402,0.0,0.100875266
0.68250525,0.0,0.06697334
0.82367384,0.0,0.019356353
0.47510123,0.0,0.06484988
0.7294765,0.0,0.00021972154
0.47354612,0.0,0.012058233
0.7835167,0.0,0.009230581
0.27605072,0.0,0.36607674
0.6832262,0.0,0.14527197
0.7601898,0.0,0.0014320347
0.6038932,0.0,0.17020857
0.93844163,0.0,0.026556002
0.48263592,0.0,0.31950593
0.43114924,0.0,0.74924225
0.5241428,0.0,0.52817154
0.4495149,0.0,0.5261659
0.8221944,0.0,0.010042818
0.42528617,0.0,0.66017884
0.8417006,0.0,0.20790909
0.56537455,0.0,0.4588833
0.522762,0.0,0.8104255
0.39328924,0.0,0.5606907
0.6959962,0.0,0.045727003
0.71963376,0.0,0.11555478
0.6710475,0.0,0.3695092
0.4690932,0.0,0.46079928
0.55128336,0.0,0.009410834
0.7923789,0.0,0.10497138
0.90272665,0.0,0.004868212
0.3116115,0.0,0.110004745
0.6189664,0.0,0.0
0.45189995,0.0,0.037980553
0.4188191,0.0,0.013783102
0.6704292,0.0,0.2000845
0.7763339,0.0,0.31253368
0.61010146,0.0,0.17145124
0.7054653,0.0,0.08369579
0.625622,0.0,0.00573458
0.7603141,0.0,0.17820713
0.88819885,0.0,0.005996703
0.37841484,0.0,0.22748682
0.44997227,0.0,0.32315785
0.42504904,0.0,0.22265948
0.8013814,0.0,0.0
0.7166733,0.0,0.09846382
0.45466217,0.0,0.513183
0.4797219,0.0,0.2023318
0.8962434,0.0,0.00819363
0.7740512,0.0,0.044235263
0.3308749,0.0,0.36763236
0.8012112,0.0,0.19979818
0.712899,0.0,0.0
0.5362866,0.0,0.18728136
0.3207768,0.0,0.6074569
0.7136786,0.0,0.29192042
0.6018474,0.0,0.026325835
0.44963297,0.0,0.6516358
0.37504157,0.0,0.7088964
0.55668014,0.0,0.5758287
0.8293575,0.0,0.5172402
0.45550677,0.0,0.50286275
0.75012064,0.0,0.49139985
0.4834829,0.0,0.24360509
0.37110877,0.0,0.6875799
0.4431816,0.0,0.3234474
0.6329602,0.0,0.27342972
0.4765021,0.0,0.70355946
0.52925533,0.0,0.4622582
0.70478153,0.0,0.07368499
0.6502128,0.0,0.4279284
0.74998564,0.0,0.20044675
0.73125064,0.0,0.0035525754
0.6888931,0.0,0.047996297
0.48415124,0.0,0.045033935
0.41655996,0.0,0.1497333
0.23086141,0.0,0.7522684
0.46043205,0.0,0.31257355
0.5761864,0.0,0.06609303
0.29335138,0.0,0.40478653
0.34865487,1.0,0.57179135
0.44651213,1.0,0.41495323
0.35237408,1.0,0.6746646
0.22659498,1.0,0.113605715
0.39271995,1.0,0.21840523
0.24514657,1.0,0.13603616
0.39962316,0.0,0.20471875
0.47678074,0.0,0.061065093
0.48117208,0.0,0.0624505
0.43577835,1.0,0.31633222
0.82983387,0.0,0.0
0.4347852,1.0,0.1410495
0.8587626,0.0,0.009710941
0.6344459,0.0,0.107463315
0.7801933,0.0,0.02625127
0.61483866,0.0,0.21603575
0.52592075,0.0,0.6996416
0.5002657,1.0,0.7109033
0.55474705,1.0,0.25000072
0.6559706,1.0,0.39209142
0.80588114,0.0,0.00040810983
0.5833474,1.0,0.20274854
0.7368251,0.0,0.0075695775
0.40390122,1.0,0.10058506
0.63846767,0.0,0.013815578
0.43905964,1.0,0.27837348
0.7325016,0.0,0.004389952
0.8143354,0.0,0.0010398774
0.78565323,1.0,0.0450083
0.736783,0.0,0.16745473
0.42199585,1.0,0.50920594
0.73886466,0.0,0.2910585
0.575992,0.0,0.5465647
0.5678753,0.0,0.82439613
0.6410305,0.0,0.22189198
0.6470272,0.0,0.08267193
0.8634424,0.0,0.0
0.75272554,0.0,0.0
0.8406871,0.0,0.00016935113
0.56249905,0.0,0.0005508636
0.6942016,0.0,0.005624639
0.5676754,0.0,0.08347314
0.40760306,0.0,0.2084032
0.6975719,0.0,0.17089568
0.37486434,0.0,0.8390817
0.5857214,0.0,0.790747
0.5694006,0.0,1.0
0.8265934,0.0,0.7824427
0.53611445,0.0,0.17962989
0.70412034,0.0,0.0027977368
0.67940456,0.0,0.010245366
0.567322,0.0,0.12776448
0.9344689,0.0,0.0007591488
0.8530788,0.0,0.007370402
0.65437174,0.0,0.0013397892
0.7199213,1.0,0.056568626
0.5889181,0.0,0.0
0.7248643,0.0,0.0
0.8420138,1.0,0.024503984
0.8571869,1.0,0.07869515
0.86505866,0.0,0.01053306
0.86837,0.0,0.0
0.8503901,0.0,0.002066568
0.7714146,0.0,0.012962373
0.7722101,0.0,0.0
0.8844691,0.0,0.02251254
0.9015864,0.0,0.069235116
0.65642476,0.0,0.47642532
0.58772177,0.0,0.5977897
0.42176694,0.0,0.50997895
0.72844106,0.0,0.26079103
0.92792326,0.0,0.0
0.7227918,0.0,0.0
0.7999483,0.0,0.016850166
0.65301687,1.0,0.038927518
0.40333268,1.0,0.2879874
0.57304174,0.0,0.039080754
0.4673034,1.0,0.27199012
0.56750125,1.0,0.53868204
0.60597974,1.0,0.5998645
0.36032212,1.0,0.2584903
0.42066902,1.0,0.13691631
0.26944977,0.0,0.0
0.45230526,1.0,0.30742368
0.58788,1.0,0.61622936
0.6684811,0.0,0.23845118
0.55602866,0.0,1.0
0.6226562,0.0,0.47471568
0.6628784,0.0,0.43252975
0.62806827,0.0,0.23567708
0.51192766,0.0,0.65874916
0.6537915,0.0,0.5884787
0.6781217,0.0,0.23382503
0.67364347,0.0,0.4578423
0.45497102,0.0,0.61549133
0.35469633,0.0,0.56233335
0.58114547,0.0,0.40052778
0.6119464,0.0,0.47150302
0.5121484,0.0,0.30066583
0.60968393,0.0,0.33555427
0.4782262,0.0,0.10301779
0.7940098,0.0,0.30356786
0.70616597,0.0,0.15556887
0.635641,0.0,0.40382987
0.55127454,0.0,0.248979
0.7303433,0.0,0.0
0.34829712,0.0,0.37500185
0.4139252,0.0,0.5821192
0.6044641,0.0,0.02156088
0.36150652,0.0,0.3725288
0.39773038,1.0,0.6700771
0.61717665,1.0,0.26412308
0.5148316,0.0,0.0224741
0.5923667,0.0,0.42150518
0.604938,0.0,0.40078324
0.8312499,0.0,0.0
0.83939195,0.0,0.0993501
0.68674254,0.0,0.68404216
0.7439931,0.0,0.15286653
0.4198986,0.0,0.40377778
0.613176,0.0,0.26396298
0.6918566,0.0,0.0
0.7469176,0.0,0.1748053
0.41558874,0.0,0.4629732
0.7842047,0.0,0.06739343
0.79102784,0.0,0.0
0.670142,0.0,0.3300879
0.74983597,0.0,0.397836
0.8257894,0.0,0.080901206
0.83505285,0.0,0.0077296426
0.72419643,0.0,0.5612377
0.44123366,1.0,0.481801
0.6419642,1.0,0.29387146
0.6492263,1.0,0.7199022
0.52860725,1.0,0.19781256
0.7676412,0.0,0.1096079
0.67561567,1.0,0.17780401
0.66392356,1.0,0.096449405
0.81576806,0.0,0.0
0.6417878,0.0,0.14004196
0.7438158,0.0,0.0
0.85583717,0.0,0.10579865
0.73319334,0.0,0.23774412
0.6287815,0.0,0.20997542
0.84148127,0.0,0.0077141635
0.68723506,0.0,0.27499175
0.6593976,0.0,0.44205192
0.81560487,0.0,0.00441551
0.63709646,0.0,0.40221563
0.60116965,0.0,0.3647731
0.4019449,0.0,0.09174883
0.48068562,0.0,0.42792884
0.6227914,0.0,0.213762
0.5922652,0.0,0.68015486
0.4743222,0.0,0.36224747
0.5556014,0.0,0.42796034
0.73791844,0.0,0.0865877
0.7618301,0.0,0.16146022
0.42705652,0.0,0.40507782
0.5932936,0.0,0.22738956
0.70166,0.0,0.0
0.6121244,0.0,0.49667856
0.6355574,0.0,0.47691426
0.705196,0.0,0.039527267
0.6279903,0.0,0.12637304
0.41634473,0.0,0.2961602
0.3398457,0.0,0.20481223
0.7448832,0.0,0.061960656
0.7963922,0.0,0.008013614
0.7452292,0.0,0.32242134
0.6400699,0.0,0.33522767
0.74528396,1.0,0.4254936
0.7625662,1.0,0.07909457
0.7084545,1.0,0.70373577
0.6920796,0.0,0.31495318
0.8163333,1.0,0.33225858
0.5377859,1.0,0.056303825
0.7688313,1.0,0.43255892
0.85682184,1.0,0.13464548
0.72422194,1.0,0.36158437
0.6546987,1.0,0.5818695
0.52013206,1.0,0.50884515
0.61712486,0.0,0.072481975
0.5531141,1.0,0.1672929
0.6601093,0.0,0.27150244
0.5513514,0.0,0.5279639
0.7551376,0.0,0.027547605
0.7436092,0.0,0.3731139
0.4514933,0.0,0.55062735
0.6088616,0.0,0.3594536
0.7953319,0.0,0.075931154
0.6559696,0.0,0.38998947
0.6187719,0.0,0.38010317
0.46501055,0.0,0.0933199
0.47158784,0.0,0.4973412
0.7141245,0.0,0.34697247
0.39747328,0.0,0.35321885
0.7684996,0.0,0.074682765
0.71487415,0.0,0.011493536
0.6664821,0.0,0.38208842
0.38594127,0.0,0.57737815
0.40408623,0.0,0.012939101
0.67606044,0.0,0.051165625
0.49221185,0.0,0.34414604
0.6444394,1.0,0.4125791
0.6764349,0.0,0.0013445776
0.5977458,0.0,0.16679569
0.6668929,0.0,0.3034216
0.61944187,1.0,0.31178546
0.76450825,0.0,0.0032708577
0.62555695,1.0,0.30785102
0.46377048,1.0,0.5831508
0.65905154,1.0,0.3520483
0.821432,1.0,0.02205759
0.8152479,0.0,0.07284744
0.6729672,0.0,0.3220855
0.62210315,1.0,0.34267202
0.7596813,0.0,0.0
0.672989,1.0,0.18069977
0.57939714,1.0,0.6033206
0.57977855,0.0,0.108856775
0.4513358,0.0,0.73373026
0.6159578,0.0,0.39247867
0.6598773,0.0,0.027019538
0.6107273,0.0,0.44296378
0.54812014,0.0,0.3781378
0.49793616,0.0,0.12257793
0.4965983,0.0,0.11006981
0.37311655,0.0,0.368951
0.30883616,0.0,0.5375432
0.44527572,0.0,0.690258
0.4976561,0.0,1.0
0.3745079,0.0,1.0
0.47086322,0.0,0.66964483
0.3899129,0.0,0.47747198
0.4548585,0.0,0.5515007
0.42584518,0.0,0.4143425
0.5349345,0.0,0.3985587
0.42988962,0.0,0.45673934
0.4283037,0.0,0.43636796
0.49105027,0.0,0.6279837
0.547288,0.0,0.47009367
0.6129361,0.0,0.335563
0.55122954,0.0,0.44040003
0.5641286,0.0,0.6168521
0.45061707,0.0,0.16962625
0.6537368,0.0,0.20791826
0.5317109,0.0,0.4366172
0.34822473,0.0,0.36359066
0.81847024,0.0,0.0
0.65591115,0.0,0.17467812
0.4525307,0.0,0.59084934
0.58766365,0.0,0.35955587
0.8080839,0.0,0.0
0.6469745,0.0,0.28732732
0.72090614,0.0,0.65108764
0.64250547,0.0,0.2386597
0.61529636,0.0,0.1480152
0.58450973,0.0,0.32486358
0.6035496,0.0,0.5618586
0.8297871,0.0,0.0
0.72917235,0.0,0.0302437
0.51824844,0.0,0.46456796
0.7080392,0.0,0.16033633
0.75069606,0.0,0.00046234205
0.7559845,0.0,0.24870037
0.3858983,0.0,0.51248103
0.64891636,0.0,0.21246253
0.5251628,0.0,0.64251596
0.61453956,0.0,0.11918092
0.773097,0.0,0.10040918
0.46459633,0.0,0.52762836
0.40023804,0.0,0.45362994
0.5400449,0.0,0.30776024
0.44023097,0.0,0.3082516
0.66967547,0.0,0.28026006
0.73344916,0.0,0.23403166
0.5852047,0.0,0.0
0.5823194,0.0,0.0
0.57381177,0.0,0.4442416
0.8667631,0.0,0.093629874
0.7576597,0.0,0.0058585936
0.7462143,0.0,0.35705155
0.37051415,0.0,0.64598066
0.6493285,0.0,0.18154891
0.53729784,0.0,0.42999354
0.54504865,0.0,0.5505536
0.78264266,0.0,0.07968544
0.67276984,0.0,0.37725374
0.46466997,0.0,0.24901502
0.49645793,0.0,0.37025076
0.752084,0.0,0.03601242
0.48600394,0.0,0.0075877905
0.6111021,0.0,0.0
0.7134491,0.0,0.31686482
0.77414864,0.0,0.0040956708
0.71309257,0.0,0.000905892
0.7850489,0.0,0.0072218473
0.69838506,0.0,0.322887
0.5658223,1.0,0.60090286
0.7469207,0.0,0.4529406
0.6735382,0.0,0.69747615
0.74504066,0.0,0.21830316
0.7283663,0.0,0.0
0.52666163,0.0,0.31893536
0.4661065,0.0,0.2945852
0.8525097,0.0,0.0
0.7276506,0.0,0.038226813
0.5410227,0.0,0.5186301
0.88647026,0.0,0.09460786
0.65282977,0.0,0.0002550048
0.8149482,0.0,0.009414068
0.671733,0.0,0.2852728
0.75151116,0.0,0.21522847
0.84801626,0.0,0.009066601
0.6720099,0.0,0.45731008
0.8099473,0.0,0.019239496
0.44583705,0.0,0.4868759
0.6192454,0.0,0.6960274
0.6282508,0.0,0.2473059
0.7719759,0.0,0.19561785
0.78907573,0.0,0.0061419113
0.81001216,0.0,0.003966386
0.7281658,0.0,0.38865405
0.6541087,0.0,0.0
0.71837175,0.0,0.0
0.77694505,0.0,0.1776398
0.7940619,0.0,0.28101566
0.8576285,0.0,0.0003086954
0.8182421,1.0,0.018097946
0.78653914,0.0,0.35004166
0.61927694,0.0,0.1193023
0.78043973,0.0,0.004184561
0.75925696,1.0,0.40958932
0.66936743,1.0,0.23545514
0.54347944,1.0,0.054219797
0.6021498,1.0,0.71244735
0.5942529,1.0,0.44873527
0.56003267,1.0,0.59160745
0.54541594,1.0,0.4984808
0.5657961,0.0,0.20186749
0.35240388,1.0,0.16514957
0.71939826,1.0,0.21371162
0.71808976,0.0,0.18522933
0.74158883,0.0,0.00063363335
0.7841193,0.0,0.0
0.6522606,1.0,0.2947105
0.691821,0.0,0.18677074
0.6174255,0.0,0.0
0.571091,0.0,0.0
0.41859517,0.0,0.38590732
0.7655984,0.0,0.23262872
0.70609826,0.0,0.009310325
0.7943459,0.0,0.114472784
0.44082814,0.0,0.72501975
0.7578617,0.0,0.099645115
0.813593,0.0,0.7043876
0.7121162,0.0,0.6325336
0.8136066,0.0,0.4019481
0.83696824,0.0,0.04920655
0.4410999,0.0,0.48533693
0.85883975,0.0,0.30807617
0.46791095,0.0,0.21795493
0.66184497,1.0,0.5096769
0.5341935,0.0,0.022311613
0.6904492,0.0,0.0
0.5058841,1.0,0.19242461
0.6066339,1.0,0.39326108
0.7404189,0.0,0.0
0.7534151,0.0,0.0
0.53173935,1.0,0.18482633
0.6341239,1.0,0.09335375
0.5187891,0.0,0.0
0.5499776,1.0,0.13915567
0.7125864,1.0,0.48488566
0.786091,0.0,0.012520695
0.58793086,1.0,0.11996396
0.50681335,1.0,0.3718537
0.6137555,1.0,0.11794567
0.86969894,0.0,0.03861851
0.6556064,1.0,0.25921935
0.6269853,1.0,0.29880896
0.6090219,1.0,0.7235463
0.28574252,1.0,0.6442571
0.70104396,1.0,0.19058971
0.6175053,1.0,0.7105768
0.5574754,1.0,0.6568738
0.48489076,0.0,0.35295346
0.64019996,1.0,0.13441922
0.38084412,0.0,0.32370514
0.8851265,0.0,0.21621743
0.41782075,0.0,0.6130795
0.36365688,1.0,0.54772437
0.6048943,0.0,0.009357936
0.84387547,0.0,0.11101033
0.5171218,0.0,0.41737053
0.48592496,1.0,0.4316483
0.5427036,1.0,0.022179065
0.4689258,1.0,0.38210386
0.44839597,1.0,0.52486223
0.4183624,1.0,0.23818044
0.81288946,0.0,0.10161804
0.6937057,0.0,0.48044893
0.6453223,0.0,0.8432988
0.5981521,0.0,0.29804432
0.6607536,0.0,0.42373073
0.8121961,0.0,0.13157758
0.4474322,0.0,0.39624146
0.49249128,0.0,0.41714168
0.5972429,0.0,0.5138955
0.80923766,0.0,0.15794311
0.83620375,0.0,0.0
0.5800736,0.0,0.42597252
0.35413542,0.0,0.37961346
0.7453814,0.0,0.0026886435
0.6689783,0.0,0.0702145
0.5070778,0.0,0.30386955
0.64706534,0.0,0.21760356
0.6828216,0.0,0.0
0.60702056,0.0,0.37179568
0.3825024,0.0,0.6217543
0.5331066,0.0,0.4569485
0.45010874,0.0,0.40071267
0.5229244,1.0,0.066276364
0.5911776,1.0,0.60429496
0.6025094,1.0,0.36883023
0.6608603,1.0,0.32155
0.4452454,0.0,0.6776049
0.52330816,0.0,0.48859715
0.6925789,0.0,0.5989045
0.6374869,0.0,0.5740823
0.76145184,0.0,0.52913
0.63548845,0.0,0.6062444
0.5032139,0.0,0.2014336
0.74143404,0.0,0.35050917
0.7132093,0.0,0.13405861
0.7038418,0.0,0.12958089
0.7041076,0.0,0.2953322
0.6330529,0.0,0.4000681
0.58177507,0.0,0.5916346
0.7396649,0.0,0.18452147
0.7858154,0.0,0.059857093
0.6448492,0.0,0.35042998
0.4398463,0.0,0.3708703
0.8418443,0.0,0.0011887691
0.69681275,0.0,0.29284915
0.43655196,0.0,0.74457693
0.5114958,0.0,0.40409473
0.52154,0.0,0.6914984
0.48714784,0.0,0.21763542
0.40063167,0.0,0.21510397
0.7926592,0.0,0.009549654
0.52258366,0.0,0.46017814
0.8405535,0.0,0.08383434
0.39720887,0.0,0.10483634
0.72244996,0.0,0.14250593
0.8290242,0.0,0.03336961
0.73674095,0.0,0.01775094
0.58053565,0.0,0.31193998
0.6655324,0.0,0.053712677
0.7613768,0.0,0.037051346
0.5867882,0.0,0.12730254
0.607035,0.0,0.30692786
0.58989674,0.0,0.35755518
0.6145659,0.0,0.026688121
0.8219338,0.0,0.0027065484
0.73028153,0.0,0.43348476
0.5912044,0.0,0.15894584
0.7046055,0.0,0.0025960556
0.7162901,0.0,0.091038376
0.7470315,0.0,0.046677932
0.862092,0.0,0.026999414
0.55817586,0.0,0.37737313
0.52650356,0.0,0.3074781
0.39880747,0.0,0.6700887
0.61508733,0.0,0.21302167
0.63814884,0.0,0.42910945
0.46660885,0.0,0.7385982
0.6195341,0.0,0.059533324
0.45738465,0.0,0.7611014
0.43291312,0.0,0.34825155
0.5607137,0.0,0.511061
0.7729491,0.0,0.26852718
0.547919,0.0,0.5314972
0.6567905,0.0,0.18391731
0.38194308,0.0,0.8283005
0.57001996,0.0,0.5155631
0.5027577,0.0,0.74125236
0.56646156,0.0,0.30264
0.41411296,0.0,0.7980702
0.7135781,0.0,0.19878684
0.4762873,0.0,0.32273778
0.4006919,0.0,0.6693931
0.77314603,0.0,0.41191703
0.8014803,0.0,0.08009926
0.8163043,0.0,0.14483036
0.7958141,0.0,0.0
0.5952077,0.0,0.23859324
0.5561331,0.0,0.6139172
0.6954355,0.0,0.39396894
0.8108665,0.0,0.082494035
0.4392739,0.0,0.5283795
0.5543137,0.0,0.4000539
0.6063803,0.0,0.00197257
0.5558378,0.0,0.49453855
0.79628086,0.0,0.053403914
0.7866517,0.0,0.0007052687
0.6400631,0.0,0.42719457
0.750612,0.0,0.17684084
0.8676719,0.0,0.07231738
0.70496327,0.0,0.024002267
0.8547649,1.0,0.078724004
0.6966514,1.0,0.0032119176
0.6834295,1.0,0.010325203
0.8147091,1.0,0.09485088
0.78100353,1.0,0.003314512
0.68195456,1.0,0.00556313
0.6746113,0.0,0.00035067223
0.5432293,1.0,0.00020295463
0.7064423,1.0,0.011703981
0.7707174,0.0,0.0
0.69174945,0.0,0.014037371
0.7333725,0.0,0.013485193
0.8585309,0.0,0.00024604658
0.8072291,0.0,0.0
0.8416261,0.0,0.048324503
0.9073123,0.0,0.0
0.8831936,0.0,0.00043211505
0.83129925,0.0,0.0029369046
0.8908728,0.0,0.0038874755
0.7722465,0.0,0.00028667014
0.8397561,0.0,0.0
0.78383726,0.0,0.0030734274
0.74427557,0.0,0.037345067
0.68763435,0.0,0.24874811
0.6519102,0.0,0.054051295
0.5828699,0.0,0.49541602
0.65514404,0.0,0.44194815
0.5703866,0.0,0.67682594
0.832541,0.0,0.29370582
0.7744654,0.0,0.3305493
0.791656,0.0,0.20807894
0.81532013,0.0,0.19443336
0.90854895,0.0,0.0028159996
0.8583146,0.0,0.00093748904
0.5979142,0.0,0.026542999
0.48925138,0.0,0.045824513
0.88997215,0.0,0.0
0.9028217,0.0,0.00057926733
0.886532,0.0,0.03185917
0.5111019,0.0,0.087962545
0.8207154,0.0,0.09249283
0.7097752,0.0,0.093207695
0.7820006,0.0,0.39937386
0.6674274,0.0,0.71846926
0.6279498,0.0,0.4712699
0.7725492,0.0,0.008066797
0.84490865,1.0,0.18246457
0.83340865,1.0,0.45299602
0.77013654,0.0,0.12153459
0.85465777,1.0,0.0029352803
0.7641273,1.0,0.40459818
0.6957485,1.0,0.0036100307
0.771712,1.0,0.0
0.59439546,1.0,0.23751198
0.69157654,1.0,0.08185553
0.6598061,0.0,0.034005992
0.5121019,0.0,0.12511788
0.73133147,0.0,0.00033209403
0.83025765,0.0,0.0
0.6869073,0.0,0.20209883
0.76468503,0.0,0.005138807
0.80227196,0.0,0.0005737919
0.7941095,0.0,0.2818926
0.3415509,0.0,0.4483724
0.48115465,0.0,0.32642296
0.80925375,0.0,0.0
0.88009113,0.0,0.00039785545
0.88817126,0.0,0.0
0.7669112,0.0,0.055868465
0.7785552,0.0,0.0069990507
0.81174195,0.0,0.026390696
0.78435993,0.0,0.3510509
0.6890423,0.0,0.3187348
0.7683313,0.0,0.5354202
0.67576015,0.0,0.23927757
0.68932086,0.0,0.64387864
0.7858559,0.0,0.43274754
0.8457289,0.0,0.11033195
0.8134738,0.0,0.0022073013
0.7909491,0.0,0.059961185
0.68251026,0.0,0.057477504
0.55990905,0.0,0.045422982
0.6302744,0.0,0.37960178
0.74475956,0.0,0.12580204
0.5905467,0.0,0.33225197
0.50154877,0.0,0.1885741
0.8242557,1.0,0.031463563
0.67176384,1.0,0.2829164
0.79705894,1.0,0.045206092
0.72888696,1.0,0.09742516
0.7710198,0.0,0.53507656
0.51623625,0.0,0.79054976
0.7177105,1.0,0.53621656
0.6654034,0.0,0.5769941
0.69559914,1.0,0.41492915
0.6092429,0.0,0.35478953
0.6305624,1.0,0.5392806
0.47239974,1.0,0.02806724
0.40777448,1.0,0.18485774
0.6409528,1.0,0.12021691
0.581835,1.0,0.6007483
0.680374,0.0,0.25255552
0.59209955,0.0,0.6831669
0.5619768,0.0,0.2450653
0.47585517,0.0,0.26623207
0.37801862,0.0,0.7120827
0.5975866,0.0,0.27099675
0.65712595,0.0,0.3264876
0.5451964,0.0,0.50854063
0.41043732,0.0,0.61455077
0.62957925,0.0,0.08075112
0.7460599,0.0,0.3583396
0.583758,0.0,0.76740235
0.51006615,0.0,0.8474193
0.7186403,0.0,0.27962527
0.50590026,0.0,0.62494564
0.55398256,0.0,0.34391913
0.34836578,0.0,0.50016844
0.5045328,0.0,0.023963679
0.326795,0.0,0.5058957
0.48363587,0.0,0.5615435
0.64000154,0.0,0.06070927
0.5722016,0.0,0.08088979
0.7498553,0.0,0.12145888
0.6203866,0.0,0.2975694
0.7455058,0.0,0.06890408
0.3787715,0.0,0.5563005
0.5241593,0.0,0.35094222
0.7846647,0.0,0.026759382
0.52186584,0.0,0.06129027
0.77546054,0.0,0.11387397
0.80658823,0.0,0.02291604
0.48797736,0.0,0.03871401
0.62341726,0.0,0.36126056
0.7838562,0.0,0.26447558
0.73892,0.0,0.22252683
0.48485073,0.0,0.620949
0.83553094,0.0,0.061222948
0.85317755,0.0,0.0035658083
0.86443496,0.0,0.051034037
0.6607634,0.0,0.020770025
0.86313766,0.0,0.012625357
0.8167624,0.0,0.0
0.7655112,0.0,0.2838465
0.55648947,0.0,0.46929774
0.7372838,0.0,0.14527507
0.703154,0.0,0.0
0.7354917,0.0,0.0
0.86209726,0.0,0.0014662753
0.3612562,0.0,0.00090127334
0.5924649,0.0,0.004226005
0.38040075,1.0,0.007281101
0.8341118,0.0,0.0026956047
0.66832006,0.0,0.07385915
0.91072154,1.0,0.0
0.5563173,0.0,0.18857701
0.5509796,0.0,0.008556338
0.6953006,0.0,0.0
0.7214762,0.0,0.00061964773
0.7697914,1.0,0.008261468
0.770865,1.0,0.01552549
0.6254747,0.0,0.00062638
0.5624183,1.0,0.35498592
0.6970986,0.0,0.29903552
0.54780126,0.0,0.059058122
0.79918814,0.0,0.0025037625
0.7554234,0.0,0.001064499
0.6399402,0.0,0.22765397
0.68456674,0.0,0.25067627
0.49571007,0.0,0.19821306
0.4535579,0.0,0.20201263
0.5581263,0.0,0.2351176
0.5452432,1.0,0.4883985
0.60439104,1.0,0.4751493
0.5362973,1.0,0.09298237
0.5327745,1.0,0.21363932
0.6827547,1.0,0.07095511
0.6039761,1.0,0.0
0.7727233,1.0,0.0073621455
0.68006706,0.0,0.01353488
0.7307825,0.0,0.0060528703
0.8211938,0.0,0.0016194232
0.49938285,0.0,0.0
0.6616202,0.0,0.0
0.77553844,0.0,0.008378005
0.72336674,0.0,0.00083925383
0.5484339,0.0,0.5242823
0.79938006,0.0,0.28114066
0.49983448,0.0,0.7707261
0.49189118,0.0,0.6211284
0.5408215,0.0,0.093822554
0.36316904,0.0,0.29097182
0.78750455,0.0,0.10364899
0.8770753,0.0,0.0010204571
0.9082596,0.0,0.0752596
0.92187685,0.0,0.0
0.8516163,0.0,0.014171448
0.71355426,0.0,0.005615447
0.66229916,0.0,0.022408703
0.7121544,1.0,0.028149322
0.6374342,0.0,0.104588665
0.40432802,0.0,0.38191724
0.40800828,1.0,0.36448768
0.7296147,1.0,0.0018164624
0.7404475,0.0,0.16227998
0.6670559,0.0,0.29926196
0.57134134,0.0,0.5099384
0.692395,0.0,0.0
0.6668246,0.0,0.07179372
0.8405374,0.0,0.005471935
0.74788374,0.0,0.1569075
0.8770137,0.0,0.0
0.7449204,0.0,0.06917197
0.8064485,0.0,0.06703763
0.6744913,0.0,0.33501688
0.6233373,0.0,0.5768114
0.7571691,0.0,0.2666337
0.8442328,0.0,0.12803169
0.8528866,0.0,0.13629696
0.84643114,0.0,0.20386517
0.84918624,0.0,0.00039878045
0.69345963,0.0,0.03297033
0.58427763,0.0,0.33491832
0.58303344,1.0,0.24519244
0.891429,0.0,0.007356581
0.68439204,0.0,0.055330325
0.7784205,0.0,0.0
0.64825124,0.0,2.5197303e-05
0.7134813,0.0,0.27008814
0.7924055,0.0,0.01420624
0.5707404,0.0,0.20442966
0.4940675,0.0,0.40451714
0.6997026,0.0,0.9385453
0.33891267,1.0,0.84034467
0.5109994,0.0,0.5556134
0.36957014,1.0,0.54203427
0.43463868,0.0,0.53613484
0.46079606,0.0,0.6690655
0.47707033,1.0,0.6667337
0.4113806,1.0,0.79569906
0.6178165,0.0,0.29406205
0.47983605,0.0,0.6283288
0.44072744,1.0,0.4163894
0.48666173,0.0,0.97454953
0.5150207,0.0,0.7467324
0.4466716,0.0,0.45658776
0.5529437,0.0,0.06586456
0.4560077,0.0,0.053502243
0.58708113,0.0,0.68505234
0.46542954,0.0,0.6765375
0.5094643,0.0,0.20766547
0.58278716,0.0,0.3552806
0.6230634,0.0,0.41618198
0.67067444,0.0,0.14582628
0.62272763,0.0,0.15284626
0.5910787,0.0,0.18578403
0.78361887,0.0,0.0
0.5449054,0.0,0.0077437325
0.6745376,0.0,0.09475785
0.7082719,0.0,0.05728497
0.5285384,0.0,0.05142621
0.5732587,0.0,0.030904211
0.523156,0.0,0.3342532
0.7497192,0.0,0.00024187162
0.49979302,0.0,0.009384689
0.76125765,0.0,0.006060282
0.2957536,0.0,0.23053432
0.8286123,0.0,0.0007856999
0.74001634,0.0,0.006781643
0.6175776,0.0,0.19877253
0.7964329,0.0,0.19155641
0.7333443,0.0,0.008131143
0.65957206,0.0,0.14844087
0.68090737,0.0,0.59778845
0.51731384,0.0,0.34830955
0.82351196,0.0,0.25432363
0.6830387,0.0,0.39577726
0.65309995,0.0,0.6712337
0.19516969,0.0,0.4599005
0.63714427,0.0,0.15319847
0.7143836,0.0,0.014736617
0.681973,0.0,0.0
0.89606,0.0,0.027486451
0.8218409,0.0,0.0075627347
0.790794,0.0,0.044550106
0.7212707,0.0,0.021609152
0.85750765,0.0,0.028540641
0.615056,0.0,0.016043833
0.7229112,0.0,0.0057914536
0.8421447,0.0,0.0014360351
0.3915473,0.0,0.04121502
0.6634528,0.0,0.009749459
0.49780425,0.0,0.0045875725
0.63798934,0.0,0.0
0.7529412,0.0,0.013553587
0.61247444,0.0,0.00047373382
0.5462809,0.0,0.019573571
0.70786107,0.0,0.14199774
0.63687706,0.0,0.0
0.78243285,0.0,0.03622705
0.56377965,0.0,0.4902441
0.7197452,0.0,0.47331485
0.6934733,0.0,0.46834597
0.7037587,0.0,0.016903123
0.65877545,0.0,0.07681033
0.47877023,0.0,0.26363328
0.46578422,0.0,0.14559726
0.81744236,0.0,0.0
0.71998435,0.0,0.01478267
0.58713925,0.0,0.3207588
0.41988176,0.0,0.15643238
0.8514512,0.0,0.0
0.70993865,0.0,0.10312053
0.7162364,0.0,0.00021194106
0.5166954,0.0,0.35173488
0.63733846,0.0,0.2935205
0.5228471,0.0,0.0
0.6988062,0.0,0.2452616
0.6213276,0.0,0.6292652
0.64423347,0.0,0.39705262
0.6152796,0.0,0.11756678
0.7911716,0.0,0.79622096
0.6201202,0.0,0.5829986
0.46107364,0.0,0.057734918
0.7033531,0.0,0.42509153
0.68837094,0.0,0.41017115
0.6565424,0.0,0.3468237
0.6405664,0.0,0.08856874
0.7115931,0.0,0.00021752756
0.7142453,0.0,0.044601597
0.7115519,0.0,0.31840456
0.6519089,0.0,0.041794688
0.8194697,0.0,4.137861e-05
0.7164557,0.0,0.3516911
0.6185092,0.0,0.584193
0.71344656,0.0,0.013331486
0.64868873,0.0,0.06835794
0.7586602,0.0,0.44526783
0.73077977,0.0,0.16971473
0.7900309,0.0,0.0036295194
0.73400486,0.0,0.18719472
0.736826,0.0,0.34166664
0.7055343,0.0,0.81901246
0.77304214,0.0,0.1366638
0.6125507,0.0,0.68940747
0.73291725,0.0,0.28967318
0.7575919,0.0,0.06478369
0.6878105,0.0,0.18604775
0.894729,0.0,0.042349562
0.7920274,0.0,0.31746763
0.8737945,0.0,0.21957994
0.6013272,0.0,0.012367414
0.83666325,0.0,0.053151026
0.8440797,0.0,0.084269956
0.9038054,0.0,0.0
0.5582325,0.0,0.008837644
0.87325907,0.0,0.0007133484
0.8132832,0.0,0.08415349
0.62402487,0.0,0.4707422
0.6424498,0.0,0.49194017
0.86756516,0.0,0.15792772
0.68730205,0.0,0.40849292
0.81625336,0.0,0.10557716
0.7114801,0.0,0.30344576
0.62908286,0.0,0.6079653
0.607872,0.0,0.45028824
0.8106283,0.0,0.006834185
0.6125096,0.0,0.26732957
0.44218972,0.0,0.25436774
0.5095947,0.0,0.26783088
0.88406795,0.0,0.0
0.61503154,0.0,0.39545116
0.3415089,0.0,0.3738451
0.4586131,0.0,0.16273576
0.68154144,0.0,0.026162194
0.50668925,0.0,0.38601926
0.7722105,0.0,0.056137107
0.68434495,0.0,0.30895677
0.85136193,0.0,0.019758904
0.30848858,0.0,0.24275532
0.38394767,0.0,0.5757673
0.87335217,0.0,0.031772595
0.78187543,0.0,0.12148147
0.716994,0.0,0.02264677
0.71925616,0.0,0.50292045
0.8276345,0.0,0.29115003
0.5001252,0.0,0.6416562
0.40562642,0.0,0.4809416
0.48255646,0.0,0.10212332
0.6848758,0.0,0.13513337
0.5964527,0.0,0.36122462
0.4468142,0.0,0.62134725
0.69150764,0.0,0.038219046
0.58532476,0.0,0.064595245
0.6466306,0.0,0.39523974
0.53996944,0.0,0.40876737
0.7589543,0.0,0.00398887
0.5629661,0.0,0.2835883
0.50202906,0.0,0.7086462
0.53162783,0.0,0.18181224
0.35816586,0.0,0.0023758237
0.48327526,0.0,0.43841746
0.68642384,0.0,0.2441262
0.6571428,0.0,0.23778579
0.825387,0.0,0.031534858
0.2732312,0.0,0.5542138
0.522718,0.0,0.34397
0.6223443,0.0,0.006762
0.7047625,0.0,0.006804771
0.5837141,0.0,0.34951255
0.68955,0.0,0.828771
0.5242179,0.0,0.109025694
0.68375075,0.0,0.46586514
0.69357866,0.0,0.49727282
0.5689506,0.0,0.5690876
0.5495719,0.0,0.03723856
0.6436774,0.0,0.19897701
0.8287796,0.0,0.0
0.7940473,0.0,0.0
0.7705428,0.0,0.019515622
0.7528088,0.0,0.008384438
0.7044052,0.0,0.001002843
0.64964664,0.0,0.017254818
0.76161176,0.0,0.043420576
0.7245968,0.0,0.02615199
0.76821065,0.0,0.016063105
0.52958655,0.0,0.21185999
0.72276413,0.0,0.046977043
0.6179284,0.0,0.17079818
0.76403093,0.0,0.010959064
0.7063827,0.0,0.51698923
0.67260253,0.0,0.16070594
0.49388716,0.0,0.16162808
0.8091798,0.0,0.015022436
0.63799214,0.0,0.08415245
0.72932804,1.0,0.38057816
0.6964247,1.0,0.5932993
0.63890624,1.0,0.19363227
0.57378435,1.0,0.19178161
0.5802552,1.0,0.2890354
0.4043231,1.0,0.538379
0.49179965,0.0,0.10810291
0.2900183,0.0,0.37217602
0.68611264,0.0,0.0
0.5672623,1.0,0.3291862
0.73756516,0.0,0.18286936
0.567321,0.0,0.30417845
0.6034011,0.0,0.5656447
0.37563306,0.0,0.69737345
0.6040869,0.0,0.4039452
0.40208548,0.0,0.38331336
0.7818777,0.0,0.27702278
0.33131924,0.0,0.45686495
0.8664178,0.0,0.054376163
0.256111,0.0,0.31122103
0.72750604,0.0,0.0
0.82264346,0.0,0.0
0.5954681,1.0,0.16479233
0.51701295,0.0,0.0
0.35028484,0.0,0.22077231
0.6887258,0.0,0.05314042
0.7583899,0.0,0.49190015
0.7393662,0.0,0.03390632
0.49164474,0.0,0.29227456
0.85357064,0.0,0.12760504
0.75491863,0.0,0.0917107
0.6019011,0.0,0.5460018
0.8604115,0.0,0.044793002
0.36760542,0.0,0.68468064
0.5012198,0.0,0.55221695
0.80590224,0.0,0.03377689
0.69581807,0.0,0.33731776
0.8184864,0.0,0.023822142
0.6950533,1.0,0.25528196
0.8784322,0.0,0.005577006
0.90973777,0.0,0.016132774
0.7392446,0.0,0.03494439
0.81557834,0.0,0.015781878
0.4963245,0.0,0.2384697
0.7209247,0.0,0.0120405005
0.4870958,0.0,0.3075271
0.65578574,0.0,0.18159576
0.45853952,0.0,0.1983746
0.8107441,0.0,5.2772924e-05
0.8165909,0.0,0.0061656334
0.91648054,0.0,0.0
0.85801905,0.0,0.007640665
0.7666065,0.0,0.0014279825
0.76131517,0.0,0.0059769736
0.7617009,0.0,0.021634672
0.48675787,0.0,0.015968693
0.42220947,1.0,0.4350194
0.5065857,1.0,0.5361511
0.39792344,0.0,0.25603005
0.49496537,0.0,0.54210556
0.6189285,0.0,0.105803505
0.8107327,0.0,0.09185832
0.5218302,0.0,0.6558835
0.44196758,0.0,0.31990603
0.7995957,0.0,0.0013372479
0.70380896,0.0,0.017828815
0.4932798,0.0,0.44944653
0.6336564,0.0,0.36657894
0.8016788,0.0,0.009582471
0.6780892,0.0,0.266794
0.76094764,0.0,0.09134451
0.37834534,0.0,0.50149953
0.5039883,0.0,0.08342486
0.8915419,0.0,0.060555883
0.54782474,0.0,0.14908572
0.43617317,0.0,0.34364152
0.64996016,0.0,0.011252669
0.35869643,0.0,0.3307698
0.5025499,0.0,0.63224614
0.49859828,0.0,0.39416215
0.60631704,0.0,0.11197474
0.37316582,1.0,0.3802868
0.47219467,0.0,0.46147838
0.523663,1.0,0.36944357
0.39069864,0.0,0.22461802
0.67983633,0.0,0.082951985
0.5722466,1.0,0.17937414
0.8653946,0.0,0.00045902995
0.63888747,0.0,0.053181387
0.90503865,0.0,0.0011303534
0.7846614,0.0,0.0
0.6368989,0.0,0.27292794
0.79104614,0.0,0.0340093
0.4834708,0.0,0.4184644
0.80615646,0.0,0.0
0.5662444,0.0,0.4362299
0.5736961,0.0,0.15248041
0.54118466,0.0,0.41663963
0.6306359,0.0,0.12416675
0.7736332,0.0,0.29275447
0.90993303,0.0,0.0
0.6070913,0.0,0.030219277
0.4217545,0.0,0.34536347
0.80265135,0.0,0.0
0.88513273,0.0,0.0
0.5584754,0.0,0.23219523
0.45627883,0.0,0.5918189
0.74150074,0.0,0.16271546
0.5526967,0.0,0.25866243
0.89509517,0.0,0.00057158316
0.56614935,0.0,0.5102262
0.46334523,0.0,0.29996222
0.7498023,0.0,0.010876201
0.81163806,0.0,0.103321254
0.68872297,0.0,0.3275711
0.5329814,0.0,0.35694122
0.6002247,0.0,0.61138266
0.6750623,0.0,0.1530204
0.758541,0.0,0.31003946
0.81095034,0.0,0.04714718
0.59412533,0.0,0.45104715
0.69292104,0.0,0.19535956
0.79598224,0.0,0.0
0.6280975,0.0,0.020452278
0.2934637,0.0,0.5609635
0.5129236,0.0,0.30418345
0.49211195,0.0,0.5067468
0.7817408,0.0,0.007272279
0.8197496,0.0,0.044929236
0.77870584,0.0,0.027795536
0.36650637,0.0,0.34124604
0.5476764,0.0,0.14389405
0.7689494,0.0,0.004920061
0.53299314,0.0,0.05882007
0.598676,0.0,0.022291416
0.42513642,0.0,0.0974301
0.50276965,0.0,0.10103301
0.5431455,0.0,0.08523402
0.67741877,0.0,0.0123675205
0.48843366,0.0,0.20018129
0.69368523,0.0,0.006748253
0.39093304,0.0,0.18097857
0.58538294,0.0,0.08423059
0.6570728,0.0,0.07328314
0.7108712,0.0,0.0
0.6940367,0.0,0.0017625793
0.30538693,0.0,0.087138265
0.4552433,0.0,0.18202506
0.23357011,0.0,0.6315251
0.21770678,0.0,0.50588524
0.2874478,0.0,0.6624487
0.35487118,0.0,0.1903916
0.36433274,1.0,0.669716
0.7568099,1.0,0.6637891
0.5279916,1.0,0.6567706
0.75978476,1.0,0.33867785
0.80014515,1.0,0.24393666
0.60015255,1.0,0.3221661
0.7072596,1.0,0.8598034
0.70858634,1.0,0.57045776
0.48416063,1.0,0.20548277
0.4853441,1.0,0.62294567
0.6474317,1.0,0.3328796
0.63420403,1.0,0.50700194
0.8595364,0.0,0.20846933
0.6251468,0.0,0.10612309
0.8646687,0.0,0.0
0.5264878,0.0,0.1760939
0.5770877,1.0,0.20401482
0.70152855,0.0,0.0977684
0.88342834,0.0,0.0
0.880002,0.0,0.0015013532
0.6525197,0.0,0.0
0.8994423,0.0,0.0006058722
0.869741,0.0,0.0
0.89169544,0.0,0.090321824
0.8320836,0.0,0.00044453036
0.616198,0.0,0.31679773
0.53493714,0.0,0.53797174
0.58396685,0.0,0.040865485
0.8120679,0.0,0.23198865
0.66597754,0.0,0.010530187
0.7474916,0.0,0.029665591
0.69007146,0.0,0.0010510918
0.8751667,0.0,0.018056333
0.8221495,0.0,0.0012095452
0.6072937,0.0,0.0
0.8045081,0.0,0.034519333
0.86093056,0.0,0.0
0.87670016,0.0,0.07934428
0.80904764,0.0,0.08840895
0.83230484,0.0,0.071407326
0.5463334,0.0,0.52404314
0.61692965,0.0,0.36712268
0.74453026,0.0,0.37741596
0.48227042,0.0,1.0
0.54715735,0.0,0.5353275
0.45243523,0.0,0.38324952
0.45176366,0.0,0.44901684
0.6928606,0.0,0.10551902
0.32807308,0.0,0.6452038
0.6791898,0.0,0.054535266
0.58612025,0.0,0.33768982
0.49934414,0.0,0.48117802
0.70720965,0.0,0.68261296
0.47814837,0.0,0.10435704
0.6101925,0.0,0.50092673
0.90229356,0.0,0.08586629
0.7406618,0.0,0.21716584
0.81817025,0.0,0.0
0.58675396,0.0,0.49438912
0.80762696,0.0,0.06222903
0.43360105,0.0,0.6576885
0.48760748,0.0,0.13248798
0.2893653,0.0,0.80548954
0.5074912,0.0,0.3786326
0.5644431,0.0,0.41795695
0.66694486,0.0,0.01690362
0.27265066,0.0,0.5994762
0.57080346,1.0,0.39593157
0.83404446,0.0,0.007913774
0.5790451,1.0,0.17136566
0.87636346,0.0,0.0
0.47901925,1.0,0.16650604
0.7883425,0.0,0.12192892
0.670995,0.0,0.42825627
0.41170695,1.0,0.8978357
0.59707826,1.0,0.454001
0.53574187,1.0,0.29796952
0.799678,0.0,0.0010141023
0.8293616,0.0,0.0
0.7855663,1.0,0.23533353
0.9006315,0.0,0.03346708
0.7666281,1.0,0.3570579
0.73318034,0.0,0.685494
0.8230799,0.0,0.73232806
0.6601393,1.0,0.41766113
0.6712409,0.0,0.26294753
0.41759345,1.0,0.57511264
0.70931095,0.0,0.07650758
0.5356557,1.0,0.27255532
0.61751324,1.0,0.66504216
0.646597,0.0,0.45981467
0.8743458,0.0,0.13603827
0.59807146,0.0,0.41062877
0.6826971,0.0,0.57411647
0.71116126,0.0,0.42220953
0.9273333,0.0,0.058965124
0.520736,0.0,0.5837476
0.91392833,0.0,0.060596604
0.8322389,0.0,0.27484265
0.6237634,0.0,0.5375962
0.46978506,0.0,0.5497188
0.7007968,0.0,0.252522
0.87137103,0.0,0.0
0.8656803,0.0,0.07523088
0.92585826,0.0,0.0
0.6630998,0.0,0.15123133
0.6784831,0.0,0.00064135937
0.2547816,0.0,0.34672672
0.65431565,0.0,0.30397362
0.85347414,0.0,0.019728312
0.8163649,0.0,0.31837684
0.655682,0.0,0.5885045
0.505308,0.0,0.49137974
0.81383884,0.0,0.051772203
0.69206977,0.0,0.34960687
0.7796878,0.0,0.15333788
0.7297289,0.0,0.25880858
0.849085,0.0,0.0
0.7029687,0.0,0.16089194
0.57487875,0.0,0.0
0.4392842,1.0,0.3069134
0.77110463,0.0,0.067330085
0.6860604,1.0,0.6109186
0.66234523,0.0,0.37437087
0.7564379,1.0,0.11538508
0.5521068,0.0,0.80395746
0.72518075,1.0,0.6088014
0.7308146,1.0,0.26068473
0.7504356,0.0,0.09736703
0.53389376,0.0,0.3504192
0.76641357,0.0,0.032894693
0.53805745,0.0,0.3062043
0.8908041,0.0,0.0
0.47598785,0.0,0.36771226
0.74910176,0.0,0.20619415
0.34523156,0.0,0.29191816
0.5633122,0.0,0.7612267
0.47167492,0.0,0.98852354
0.50215566,0.0,0.4600668
0.53529036,0.0,0.3133389
0.6728472,0.0,0.417662
0.7145126,0.0,0.024883138
0.5256325,0.0,0.3331595
0.5886038,0.0,0.35458463
0.5999605,0.0,0.09663953
0.85658807,0.0,0.0
0.68377244,0.0,0.3439729
0.6643579,0.0,0.40394467
0.7238529,0.0,0.0
0.6746329,0.0,0.12360801
0.3821504,0.0,0.5509112
0.467699,0.0,0.5558273
0.86735004,0.0,0.029784348
0.5078246,0.0,0.5863978
0.62071395,0.0,0.08677908
0.6450047,0.0,0.4167594
0.8466457,0.0,0.0009433978
0.42951357,0.0,0.0
0.7171675,0.0,0.0
0.5973556,0.0,0.018812349
0.68572587,0.0,0.0
0.56371355,0.0,0.06649278
0.8301985,0.0,0.16322103
0.76132447,0.0,0.11700425
0.62729377,0.0,0.62633973
0.5633825,0.0,0.4691279
0.66609937,0.0,0.19748224
0.49035415,0.0,0.46150708
0.5053579,0.0,0.40803525
0.33639887,0.0,0.16484639
0.65597314,0.0,0.07408277
0.5104032,0.0,0.40036118
0.65671206,0.0,0.18844841
0.75187373,0.0,0.26334232
0.7889044,0.0,0.13291377
0.53032523,0.0,0.6378437
0.6482897,0.0,0.24721283
0.6025382,0.0,0.4623618
0.7897518,0.0,0.0014202622
0.55501986,0.0,0.02743532
0.81310964,0.0,0.009987754
0.61788195,0.0,0.0009966722
0.47910756,1.0,0.07745558
0.42092612,0.0,0.00011384324
0.57304823,0.0,0.0005915062
0.52986896,0.0,0.0
0.7832351,0.0,0.0
0.8041993,0.0,0.0060458523
0.7764996,0.0,0.0
0.72104347,0.0,0.0
0.51786137,0.0,0.0
0.7898569,0.0,0.027199943
0.8858827,0.0,0.00017367833
0.73035496,0.0,0.0053764093
0.82439846,0.0,0.21670564
0.6058622,0.0,0.24883121
0.8987921,0.0,0.24129036
0.6450118,0.0,0.31530026
0.7183973,0.0,0.57325345
0.60224044,0.0,0.6270637
0.52959734,0.0,0.502269
0.7460945,0.0,0.038374342
0.7267172,0.0,0.4567881
0.673783,0.0,0.162226
0.48774624,0.0,0.59056383
0.48682752,0.0,0.34538817
0.58900505,0.0,0.41042683
0.49505523,0.0,0.112718835
0.48588696,0.0,0.55339533
0.63334733,0.0,0.043534286
0.44738713,1.0,0.55243987
0.47598785,1.0,0.53491277
0.35447007,1.0,0.6549659
0.70574886,1.0,0.36112392
0.57853144,1.0,0.20577131
0.8233665,1.0,0.30615684
0.4661195,1.0,0.56464106
0.51552504,1.0,0.47823873
0.8540826,1.0,0.0459825
0.6427141,1.0,0.24910313
0.81423813,1.0,0.21523117
0.7475741,0.0,0.0
0.5039491,1.0,0.43328488
0.31360978,1.0,0.6557332
0.8119249,1.0,0.22789411
0.64194053,0.0,0.2856792
0.62432426,1.0,0.7875656
0.46617612,0.0,0.39921388
0.37186143,0.0,0.013433883
0.78522843,0.0,0.010172701
0.60811746,0.0,0.18891257
0.750373,0.0,0.0
0.27035835,0.0,0.10827307
0.49383503,0.0,0.3795607
0.6348699,0.0,0.0
0.49144453,0.0,0.0
0.40479246,0.0,0.24980405
0.59709305,0.0,0.0279737
0.44750527,0.0,0.0
0.72443676,0.0,0.0
0.4980406,0.0,0.07697757
0.68580467,1.0,0.321015
0.6834792,1.0,0.106017984
0.7967913,0.0,0.0
0.5585721,1.0,0.07472225
0.7167312,0.0,0.012730518
0.7674111,0.0,0.0
0.48714775,0.0,0.0
0.4966652,0.0,0.10096266
0.4830775,0.0,0.15398085
0.5536101,0.0,0.0
0.78572524,0.0,0.0
0.4216432,0.0,0.47288728
0.51415807,0.0,0.18911964
0.7059731,0.0,0.12175759
0.35789862,0.0,0.48862684
0.49859715,0.0,0.06288131
0.43858424,0.0,0.07603056
0.4532606,0.0,0.6163971
0.5347333,0.0,0.18588135
0.8531958,0.0,0.0065038134
0.4482091,0.0,0.14377326
0.51378167,0.0,0.3968081
0.5652636,0.0,0.09762643
0.8374909,0.0,0.005803513
0.6990172,0.0,0.32766765
0.38142294,0.0,0.6669681
0.4235148,0.0,0.046732545
0.6308412,0.0,0.41955024
0.9097333,0.0,0.035651688
0.41601142,0.0,0.5736476
0.815003,0.0,0.44142023
0.6562892,0.0,0.004225565
0.67396086,0.0,0.28127638
0.8439863,0.0,0.02202405
0.81119883,0.0,0.2726607
0.6718078,0.0,0.12649538
0.52790475,0.0,0.34586242
0.7719988,0.0,0.012565928
0.3947414,1.0,0.24812394
0.6571501,1.0,0.4560473
0.7137435,0.0,0.008477724
0.48735264,1.0,0.11337082
0.40666384,1.0,0.27972445
0.7737534,0.0,0.07372068
0.27014962,0.0,0.30301684
0.51921517,0.0,0.5685911
0.56433856,0.0,0.75132704
0.7420321,0.0,0.1546574
0.45292267,0.0,0.16692267
0.5411047,0.0,0.33317667
0.8176604,0.0,0.0030808502
0.6346565,0.0,0.0047957227
0.62753767,0.0,0.0026793755
0.43400264,0.0,0.03564905
0.75197446,0.0,0.0
0.50454825,0.0,0.24144398
0.4101919,0.0,0.105200805
0.7146972,0.0,0.0013597116
0.8616466,0.0,0.0
0.45361814,0.0,0.2769362
0.57172084,0.0,0.0044722143
0.624425,0.0,0.011298133
0.6006089,0.0,0.23992863
0.54083306,0.0,0.18574412
0.6632441,0.0,0.0022779151
0.6819257,0.0,0.07579632
0.5988139,0.0,0.28019786
0.7019285,0.0,0.30087304
0.38044345,0.0,0.6944005
0.49882177,0.0,0.44056848
0.8682988,0.0,0.02335012
0.7811407,0.0,0.31579763
0.6843794,0.0,0.42244655
0.40052658,0.0,0.7162987
0.78786397,0.0,0.041410092
0.5280811,0.0,0.11797847
0.42537174,0.0,0.6126012
0.43509603,0.0,0.23423555
0.8910407,0.0,3.7932765e-05
0.71744645,0.0,0.30507034
0.37818754,0.0,0.3756085
0.74461335,0.0,0.04899806
0.47460714,0.0,0.0027182852
0.7202115,0.0,0.2565204
0.4930727,0.0,0.23909566
0.72316873,0.0,0.0049371757
0.4389921,1.0,0.48875406
0.7269093,1.0,0.4551816
0.7021542,0.0,0.07614828
0.75997406,0.0,0.0010927214
0.6583606,1.0,0.42576522
0.7714373,0.0,0.55627763
0.8993106,0.0,0.16761322
0.75568527,0.0,0.3725219
0.4597486,0.0,0.5521467
0.7406386,0.0,0.65850097
0.58396745,0.0,0.14564146
0.4557643,0.0,0.4230146
0.32850826,0.0,0.8356506
0.35138342,0.0,0.28152493
0.8613,0.0,0.12875868
0.43503228,0.0,0.18297601
0.8645249,0.0,0.06061959
0.8214936,0.0,0.0
0.81685364,0.0,0.0015454063
0.6272213,0.0,0.0019277731
0.6006455,1.0,0.056466695
0.78545755,1.0,0.036599763
0.77203983,1.0,0.37569487
0.47257867,1.0,0.18873289
0.4552094,1.0,0.43608856
0.5911729,0.0,0.3676562
0.57718587,0.0,0.08550111
0.82857275,0.0,0.002458711
0.77303845,1.0,0.12448542
0.89177734,0.0,0.008731655
0.77792364,0.0,0.088169105
0.8406115,0.0,0.0
0.88568616,0.0,0.044877704
0.7366714,0.0,0.007790899
0.83800393,0.0,0.060353253
0.62995225,0.0,0.0
0.70745754,0.0,0.18162753
0.4814508,0.0,0.6914421
0.6424171,0.0,0.56147
0.57944995,0.0,0.5271449
0.59625924,0.0,0.12688673
0.54042643,0.0,0.19736464
0.82539004,0.0,0.030462608
0.8289363,0.0,0.00076989376
0.8765392,0.0,0.04976491
0.75023067,0.0,0.0
0.5879843,0.0,0.018741315
0.5939665,0.0,0.0011533113
0.7010924,0.0,0.0039549
0.29429942,0.0,0.06521563
0.5438122,0.0,0.29349738
0.5255327,0.0,0.024954563
0.44595847,0.0,0.78435427
0.77337164,0.0,0.1697914
0.45332834,0.0,0.34255597
0.34702533,1.0,0.4879494
0.42047048,0.0,0.40752885
0.4178064,0.0,0.41065666
0.6903404,0.0,0.071536265
0.49455044,1.0,0.28710654
0.5186471,0.0,0.506288
0.74035823,0.0,0.090103194
0.8032312,0.0,0.11755169
0.8019573,0.0,0.43304324
0.28988457,0.0,0.20659429
0.76424116,0.0,0.0
0.68967533,0.0,0.16145703
0.76352,0.0,0.28309268
0.82546157,0.0,0.0
0.8338179,0.0,0.004877698
0.76698184,0.0,0.19073322
0.5989567,0.0,0.4559768
0.78416866,0.0,0.22049896
0.62243927,0.0,0.055142798
0.4971312,0.0,0.70282143
0.54038024,0.0,0.34618214
0.35120028,0.0,1.0
0.24977562,0.0,0.76299274
0.394268,0.0,0.49159017
0.35409707,0.0,0.59511065
0.41582808,0.0,0.6756217
0.48419708,0.0,0.7152031
0.49185473,0.0,0.56849104
0.38297322,1.0,0.58944017
0.6652129,1.0,0.26335615
0.6573327,0.0,0.26211172
0.551881,1.0,0.3729111
0.5244013,0.0,0.41476968
0.6891379,1.0,0.6783576
0.647497,0.0,0.113230586
0.51857305,1.0,0.6114179
0.7070178,0.0,0.35032958
0.681267,0.0,0.0032129597
0.53840977,0.0,0.15599445
0.7128634,1.0,0.017768828
0.5110958,1.0,0.35350165
0.66261274,1.0,0.29184225
0.6712754,0.0,0.015616362
0.5709951,0.0,0.14679298
0.45609075,0.0,0.10488795
0.74347836,0.0,0.0
0.60899836,0.0,0.19308197
0.6869496,0.0,0.040313642
0.74862176,0.0,0.064592466
0.6807505,0.0,0.63847613
0.7205408,0.0,0.39670753
0.5664382,0.0,0.3801352
0.56209505,0.0,0.7950873
0.5436594,0.0,0.60772866
0.670537,0.0,0.25404912
0.72013795,0.0,0.2208333
0.6245018,0.0,0.36594212
0.7126527,0.0,0.48563895
0.7354965,0.0,0.0888674
0.74560124,0.0,0.06424854
0.73758,0.0,0.15096489
0.6916027,0.0,0.047562256
0.870088,0.0,0.028762186
0.68861324,0.0,0.051072706
0.84083253,0.0,0.1677897
0.86647195,0.0,2.324152e-06
0.74437946,0.0,0.13287513
0.4927879,0.0,0.2737986
0.7192082,0.0,0.1135182
0.5889681,0.0,0.06932738
0.7283318,0.0,0.13878837
0.88859934,0.0,0.0
0.75049496,0.0,0.0
0.77053577,0.0,0.0
0.6187913,0.0,0.009915744
0.74888325,0.0,0.15650803
0.5493038,0.0,0.8571572
0.4864358,0.0,0.37160158
0.56779087,0.0,0.040819757
0.80091405,0.0,0.0
0.68580765,0.0,0.012678459
0.65781724,0.0,0.038700394
0.6711396,0.0,0.001567334
0.7215175,0.0,0.2968377
0.5886389,0.0,0.004772762
0.3761215,0.0,0.6586352
0.4630544,0.0,0.32185712
0.77814454,0.0,0.0
0.70076144,0.0,0.12660569
0.41408613,0.0,0.2848178
0.55509156,0.0,0.19998571
0.6419186,0.0,0.13995144
0.54590446,0.0,0.6265007
0.3976194,0.0,0.54488665
0.28772837,0.0,0.78126603
0.3811503,0.0,0.26722494
0.56752056,1.0,0.3293375
0.620283,1.0,0.47513005
0.36868548,1.0,0.59388375
0.39866498,1.0,0.502581
0.4209698,0.0,0.37231416
0.6147754,0.0,0.28657427
0.6663503,0.0,0.603294
0.47982156,0.0,0.33904052
0.74835277,0.0,0.22925647
0.5766406,0.0,0.699708
0.6007698,0.0,0.26020566
0.67956585,0.0,0.26941496
0.6380655,0.0,0.37154093
0.8359955,0.0,0.02228792
0.45701665,0.0,0.6002567
0.5581859,0.0,0.12961918
0.55075043,0.0,0.48773965
0.59896666,0.0,0.17580807
0.6292886,0.0,0.60563964
0.8138096,0.0,0.06987617
0.5374415,0.0,0.08138792
0.6357181,0.0,0.05674076
0.7458455,0.0,0.017311228
0.70883363,0.0,0.10042676
0.73255634,0.0,0.13506609
0.59065205,0.0,0.0072176047
0.49421233,0.0,0.24925636
0.7488994,0.0,0.19914341
0.72482985,0.0,0.069977045
0.65744257,0.0,0.16939536
0.6914496,0.0,0.021785302
0.88889366,0.0,0.0
0.8212405,0.0,0.0006657614
0.8429821,0.0,0.0
0.5176487,0.0,0.00068864075
0.49500182,0.0,0.0
0.47758833,0.0,0.19058834
0.80617034,0.0,0.0057235123
0.42183328,0.0,0.70120335
0.4379468,0.0,0.635219
0.44402307,0.0,0.49806944
0.6952553,0.0,0.053298447
0.5988261,0.0,0.0
0.70585394,0.0,0.07126066
0.908599,0.0,0.0
0.7270019,0.0,0.0
0.564727,0.0,0.0
0.6339924,0.0,0.0002537965
0.708569,0.0,0.0045075943
0.84809864,0.0,0.0
0.4456781,0.0,0.08874305
0.5228442,0.0,0.028929112
0.69663,0.0,0.07558357
0.7791693,0.0,0.32247314
0.50765496,0.0,0.112319075
0.6358267,0.0,0.7600538
0.725399,0.0,0.7286447
0.65902704,0.0,0.23353876
0.5980664,0.0,0.8192506
0.6641161,0.0,0.49820852
0.6285902,0.0,0.08712762
0.6691052,0.0,0.52435696
0.79146016,0.0,0.053252406
0.680413,0.0,0.024348559
0.8109083,0.0,0.118131526
0.64398825,0.0,0.4053772
0.8076599,0.0,0.14359908
0.7210624,0.0,0.476877
0.77952313,0.0,0.07122047
0.48022947,0.0,0.6650303
0.6473025,0.0,0.32343686
0.6831724,0.0,0.46134326
0.6466056,0.0,0.62073296
0.63434315,0.0,0.23114708
0.6784394,0.0,0.0
0.73011905,0.0,0.088220246
0.84213054,0.0,0.015531555
0.6380809,0.0,0.16393712
0.82298523,0.0,0.036182314
0.697149,0.0,0.018198667
0.47862458,0.0,0.26464197
0.7597819,0.0,0.07018574
0.72374445,0.0,0.0011723507
0.68149084,0.0,0.36417422
0.49501726,0.0,0.41075364
0.6621183,0.0,0.31808668
0.46808502,0.0,0.38046062
0.55156374,0.0,0.15382923
0.68732893,0.0,0.15218236
0.88942045,0.0,0.0
0.8041937,0.0,0.0
0.7743115,0.0,0.0073731234
0.7034926,0.0,0.0
0.7092595,0.0,0.043643147
0.46619478,0.0,0.39643344
0.5174528,0.0,0.25398242
0.67273504,0.0,0.055867292
0.6508788,0.0,0.06702766
0.84778756,0.0,0.012297341
0.5756314,0.0,0.12470758
0.751494,0.0,0.0015615107
0.811862,0.0,0.0012023227
0.6396899,0.0,0.28211135
0.86951816,0.0,0.022615468
0.5659391,0.0,0.28553146
0.48100328,0.0,0.50085294
0.48103088,0.0,0.3696
0.6487413,0.0,0.2212052
0.5225056,0.0,0.5376116
0.62590265,0.0,0.42997342
0.4693275,0.0,0.37088546
0.5282204,0.0,0.12338421
0.4627013,0.0,0.4511081
0.5080016,0.0,0.1325768
0.54353017,0.0,0.52404684
0.4933939,0.0,0.31202862
0.43315452,0.0,0.70110744
0.64580303,0.0,0.1753733
0.6158164,0.0,0.24161854
0.8293601,0.0,0.016099654
0.47676736,0.0,0.068080254
0.6671656,0.0,0.0
0.69349664,0.0,0.0
0.6960699,0.0,0.060455814
0.7908263,0.0,0.040289443
0.7273071,0.0,0.06782925
0.6354334,0.0,0.3164247
0.46029916,0.0,0.5593586
0.70277315,0.0,0.042593338
0.48161465,0.0,0.6456032
0.7930473,0.0,0.18998525
0.89597327,0.0,0.0
0.90226865,0.0,0.0
0.86453635,0.0,0.0
0.66076016,0.0,0.0
0.59348637,0.0,0.1216517
0.48038128,0.0,0.29256052
0.55497813,0.0,0.46259972
0.75092965,0.0,0.002157384
0.7216899,0.0,0.15058184
0.91039175,0.0,0.0038435445
0.6832897,0.0,0.035238776
0.79249716,0.0,0.039086007
0.69271886,0.0,0.0555431
0.6307596,0.0,0.24772868
0.61852753,0.0,0.20240124
0.5100664,0.0,0.56815714
0.63219917,0.0,0.08555294
0.624007,0.0,0.4748786
0.7351081,0.0,0.44953546
0.48092586,0.0,0.4611429
0.44342753,0.0,0.3175399
0.6315704,0.0,0.4418453
0.5758309,0.0,0.0070614917
0.5470348,0.0,0.32090035
0.763737,0.0,0.21738462
0.71844995,0.0,0.006677614
0.58884746,0.0,0.7231851
0.5208157,0.0,0.38656864
0.6068115,0.0,0.14534163
0.60214263,0.0,0.46378118
0.5572199,0.0,0.7553244
0.5025861,0.0,0.5948719
0.60777193,0.0,0.56942266
0.38684845,0.0,0.5008344
0.6638383,0.0,0.11151359
0.6688121,0.0,0.15385173
0.77928233,0.0,0.0
0.48510566,0.0,0.0039255195
0.6034694,0.0,0.024959061
0.80601525,0.0,0.014213197
0.55950004,0.0,0.11147921
0.72843164,0.0,0.05107238
0.602677,0.0,0.045429446
0.57291067,0.0,0.18411362
0.50516087,0.0,0.5050432
0.38471133,0.0,0.24011755
0.76652074,0.0,0.098622516
0.82572824,0.0,0.0
0.85003513,0.0,0.001479376
0.7926288,0.0,0.0
0.7841282,0.0,0.0
0.6548077,0.0,0.011016261
0.7580406,0.0,0.04182663
0.5138672,0.0,0.12297561
0.48623917,0.0,0.14521834
0.3417294,0.0,0.5928868
0.61618364,0.0,0.35499656
0.5557637,0.0,0.24827671
0.45751983,0.0,0.14680086
0.5364427,0.0,0.5884767
0.42739803,0.0,0.4203865
0.5303001,0.0,0.29762778
0.5963319,0.0,0.045537397
0.6166957,0.0,0.10921623
0.8057461,0.0,0.0027846426
0.79669726,0.0,0.0
0.43726933,0.0,0.025896482
0.80410135,0.0,0.009368441
0.6036879,0.0,0.24026777
0.83324045,0.0,0.028825859
0.5654073,0.0,0.24137768
0.66096985,0.0,0.39225546
0.5924002,0.0,0.8814403
0.6324945,0.0,0.54334253
0.7041395,0.0,0.3149993
0.69516516,0.0,0.85501933
0.7119091,0.0,0.46478748
0.60366815,0.0,0.6602945
0.6814984,0.0,0.2928067
0.5827863,0.0,0.39848998
0.64630914,0.0,0.11630898
0.53055406,0.0,0.25658843
0.76335853,0.0,0.17678323
0.73339826,0.0,0.01739969
0.6188434,1.0,0.2800591
0.7504514,1.0,0.24288605
0.3572324,1.0,0.1400952
0.7804264,0.0,0.009400337
0.64026153,1.0,0.5507916
0.68730754,0.0,0.22439891
0.74437183,1.0,0.38473254
0.62483424,0.0,0.111428164
0.5577984,0.0,0.43413925
0.65328145,0.0,0.4152821
0.69875115,0.0,0.008084778
0.54384446,0.0,0.34775212
0.6751997,0.0,0.04912919
0.6682011,0.0,0.06177724
0.6018844,0.0,0.022809476
0.64663047,0.0,0.066326715
0.7470699,0.0,0.14960419
0.75612867,0.0,0.20669822
0.82591933,0.0,0.2171634
0.84408706,0.0,0.010920398
0.52405316,0.0,0.52634954
0.44582465,0.0,0.4746453
0.75262374,0.0,0.08134235
0.64245385,0.0,0.20272598
0.66424924,0.0,0.0
0.9181416,0.0,0.0031188536
0.6337086,0.0,0.0218725
0.74564284,0.0,0.0061804256
0.6108763,0.0,0.012419286
0.64017445,0.0,0.01624212
0.6398065,0.0,0.01722265
0.5785101,0.0,0.012681361
0.661959,0.0,0.006893793
0.39730477,1.0,0.14974773
0.5654156,1.0,0.20242615
0.6952416,0.0,0.07546432
0.65731245,0.0,0.077451535
0.76888484,0.0,0.0049162824
0.7962004,0.0,0.004864892
0.68820274,0.0,0.017043404
0.5901566,0.0,0.19661374
0.59521085,0.0,0.16456203
0.64318126,0.0,0.7617314
0.55423063,0.0,0.36862344
0.69772565,0.0,0.63277406
0.5036172,0.0,0.45980465
0.7315975,0.0,0.3326597
0.7704896,0.0,0.04003354
0.44315544,0.0,0.0875966
0.5430521,0.0,0.053485453
0.5671856,0.0,0.08072633
0.5461575,1.0,0.40006724
0.7060524,0.0,0.09493663
0.46972436,1.0,0.364663
0.65913355,1.0,0.5850756
0.7421222,1.0,0.7208512
0.7778623,0.0,0.07570701
0.7608448,1.0,0.40678686
0.68568337,0.0,0.0052758614
0.65212524,1.0,0.36866516
0.7530254,1.0,0.062441356
0.7773179,1.0,0.17472139
0.8471691,1.0,0.5354448
0.6831023,1.0,0.13720568
0.6462096,1.0,0.7670382
0.67229706,0.0,0.6985943
0.6637423,1.0,0.6382262
0.65245724,1.0,0.4448368
0.50661623,1.0,0.3558992
0.68116206,0.0,0.008337647
0.70932597,0.0,0.022225056
0.7409059,0.0,0.0053617936
0.5515319,0.0,0.097353026
0.82777196,0.0,0.0
0.66657215,0.0,0.14469506
0.8336066,0.0,0.08785626
0.84464407,0.0,0.07133798
0.7118262,0.0,0.0036816185
0.55331594,0.0,0.16063231
0.5762154,0.0,0.046325676
0.6711363,0.0,0.049315877
0.5362138,0.0,0.389175
0.5791112,0.0,0.51459944
0.55813533,0.0,0.39352378
0.6261371,0.0,0.0055702496
0.4443597,0.0,0.3243325
0.60834646,0.0,0.21524267
0.62326545,0.0,0.33460367
0.42541176,0.0,0.82493585
0.515238,0.0,0.6761866
0.6678489,0.0,0.4945935
0.5553269,0.0,0.39363807
0.7400959,0.0,0.18852891
0.36922765,0.0,0.6354024
0.51114124,0.0,0.2645561
0.6205035,0.0,0.06385076
0.5906781,0.0,0.04069147
0.5129875,0.0,0.0
0.8187356,0.0,0.0022838353
0.6871406,0.0,0.0
0.7823633,0.0,0.011061277
0.6295034,0.0,0.010866173
0.5194927,0.0,0.0040751863
0.2563717,0.0,0.03311015
0.29831874,0.0,0.07618314
0.55936944,0.0,0.05838678
0.7482499,0.0,0.013159822
0.7627344,0.0,0.0
0.53938,0.0,0.014254615
0.44238123,0.0,0.0057791886
0.6965373,1.0,0.04420161
0.32600462,0.0,0.012200441
0.7263178,0.0,0.0039389348
0.47097588,0.0,0.08252995
0.4821589,0.0,0.102273755
0.47019175,0.0,0.43722957
0.7025487,0.0,0.14567667
0.5717529,0.0,0.78237087
0.40914774,0.0,0.6891174
0.71090865,0.0,0.29823422
0.6008377,0.0,0.7537223
0.70812863,0.0,0.5724155
0.725274,0.0,0.09880812
0.7047664,0.0,0.18696237
0.6236106,0.0,0.40297487
0.50343317,0.0,0.5109524
0.558309,0.0,0.39347234
0.6434366,0.0,0.37024176
0.49295372,0.0,0.8493854
0.6884604,0.0,0.19579157
0.63191324,0.0,0.48928785
0.51769596,0.0,0.3403504
0.58991915,0.0,0.67998856
0.6170939,0.0,0.49332097
0.7333779,0.0,0.13383193
0.6264733,0.0,0.12775484
0.65194815,0.0,0.44724026
0.5683257,0.0,0.22731258
0.41527334,0.0,0.6284042
0.5938022,0.0,0.7396918
0.55827373,0.0,0.5063459
0.43594873,0.0,0.715514
0.59098524,0.0,0.6300619
0.44676062,0.0,1.0
0.34303275,0.0,0.3351077
0.46152285,0.0,0.48704132
0.41035166,0.0,0.7175872
0.28156206,0.0,0.66712147
0.44130194,0.0,0.1713507
0.3866844,0.0,0.32415932
0.37636954,0.0,0.05400343
0.3128361,0.0,0.6173236
0.58502156,0.0,0.35369426
0.5742205,0.0,0.10012408
0.37831816,0.0,0.2937196
0.40749496,0.0,0.53620356
0.5948669,1.0,0.454548
0.36549738,1.0,0.08171018
0.3829522,0.0,0.4584402
0.5021711,1.0,0.4728441
0.6150549,0.0,0.3921162
0.6398694,0.0,0.74901533
0.76612264,0.0,0.33962363
0.7296451,0.0,0.08466584
0.816095,0.0,0.3617659
0.7756323,0.0,0.35517356
0.77076983,0.0,0.07264031
0.594054,1.0,0.4994691
0.7330788,1.0,0.69919354
0.63806546,1.0,0.6860567
0.61300224,1.0,0.17685314
0.49899873,1.0,0.030435747
0.6031572,1.0,0.33542627
0.49477068,1.0,0.28469235
0.60342646,0.0,0.0016982147
0.71516955,0.0,0.021256763
0.49998802,1.0,0.44305423
0.4508018,1.0,0.36653978
0.48081967,0.0,0.09284389
0.7612967,0.0,0.5846172
0.8058405,0.0,0.28497854
0.3871394,0.0,0.25353476
0.7187053,0.0,0.34842283
0.823964,0.0,0.3212993
0.79030365,0.0,0.36595997
0.7604579,0.0,0.27915865
0.8002725,0.0,0.6890768
0.8567594,0.0,0.40471864
0.60311735,0.0,0.41029245
0.60192835,0.0,0.08150885
0.7448492,0.0,0.12885727
0.59371173,0.0,0.19878276
0.797859,0.0,0.21192636
0.80982846,0.0,0.22488365
0.8297744,0.0,0.16727073
0.796007,0.0,0.0
0.55749625,0.0,0.27148038
0.86287373,0.0,0.00204221
0.66244376,0.0,0.41082466
0.4398275,0.0,0.5309975
0.6900501,0.0,0.1594205
0.5128985,0.0,0.32553762
0.8361043,0.0,0.0039828047
0.7239594,0.0,0.0910084
0.76970226,0.0,0.0
0.4557244,0.0,0.11958003
0.5138001,0.0,0.18928419
0.5957643,0.0,0.036294706
0.53263116,0.0,0.35908827
0.58597237,0.0,0.23572946
0.28857464,0.0,0.75189084
0.8134751,0.0,0.17562018
0.5577926,1.0,0.4751986
0.46313047,1.0,0.5554252
0.5022441,0.0,0.15798064
0.81609994,1.0,0.13412789
0.43988478,1.0,0.4836698
0.64433,0.0,0.06446151
0.7248643,0.0,0.03539547
0.7915647,1.0,0.05560751
0.5903821,1.0,0.23216856
0.5450969,0.0,0.0
0.7304873,0.0,0.042023633
0.73965925,1.0,0.3499173
0.46717316,1.0,0.44607496
0.7152384,0.0,0.094691075
0.82805127,0.0,0.25403237
0.82435405,0.0,0.043890767
0.7353407,0.0,0.34732598
0.642851,0.0,0.23367876
0.65910226,0.0,0.5292694
0.70189404,0.0,0.048527315
0.8344583,0.0,0.030737013
0.7374796,0.0,0.12861054
0.73650736,0.0,0.23285238
0.8330255,0.0,0.1392397
0.6290023,0.0,0.03268229
0.86358416,0.0,0.0
0.73878324,1.0,0.12911434
0.74640214,1.0,0.048023887
0.82944083,1.0,0.30717835
0.6517855,0.0,0.3933667
0.7426278,0.0,0.37970167
0.6658785,0.0,0.6199132
0.5986469,0.0,0.59155214
0.44690287,0.0,0.62844074
0.5098371,0.0,0.6667543
0.41559437,0.0,0.19227937
0.61062133,0.0,0.2939644
0.7342659,0.0,0.03381784
0.8301745,0.0,0.082508534
0.8370567,0.0,0.04601169
0.69819343,0.0,0.010224432
0.47387987,0.0,0.091959916
0.8059583,0.0,0.2569198
0.7496633,0.0,0.19174816
0.71519816,0.0,0.16775952
0.5986175,0.0,0.57694507
0.7283706,0.0,0.29921567
0.8296259,0.0,0.14487629
0.93059206,0.0,0.08427587
0.9280077,0.0,0.0
0.49560547,0.0,0.18517345
0.7316063,0.0,0.3726433
0.89726985,0.0,0.12752569
0.87616354,0.0,0.0077600726
0.8663673,0.0,0.3602008
0.3834221,0.0,0.6436585
0.6801391,0.0,0.30705342
0.40035886,0.0,0.33741152
0.5650893,0.0,0.12751536
0.3303723,0.0,0.48355156
0.8573958,0.0,0.20069863
0.5718517,0.0,0.3713383
0.48351103,0.0,0.13119395
0.42888522,0.0,0.00021020406
0.81091946,0.0,0.03268675
0.69775724,0.0,0.36234197
0.9085266,0.0,0.013131793
0.87101346,0.0,0.0
0.81865436,0.0,0.20015496
0.54293895,0.0,0.037922066
0.56481045,0.0,0.003424487
0.8862874,0.0,0.0
0.80943924,0.0,0.064227104
0.79734164,0.0,0.0
0.81890947,0.0,0.0
0.9113542,0.0,0.056010257
0.767912,0.0,0.1563151
0.52737325,0.0,0.0
0.7530735,0.0,0.051989347
0.56912315,0.0,0.35525808
0.6600076,0.0,0.28154343
0.6601521,0.0,0.3829774
0.5712092,0.0,0.8356601
0.6846466,0.0,0.56703854
0.35774103,0.0,0.79220796
0.6643882,0.0,0.4657495
0.52248317,0.0,0.1305806
0.58194023,0.0,0.058607332
0.38483056,0.0,0.15534885
0.79609007,0.0,0.02595644
0.7627332,0.0,0.0
0.8312927,0.0,0.0
0.68416816,0.0,0.0021943857
0.7075262,0.0,0.09033594
0.75978816,0.0,0.06565459
0.8556139,0.0,0.012015699
0.5833682,0.0,0.11673266
0.6136685,0.0,0.0
0.3596677,0.0,0.41747525
0.62410945,0.0,0.07604143
0.8325117,0.0,0.0030809925
0.8258877,0.0,0.16780703
0.9022489,0.0,0.0
0.7210965,0.0,0.1811895
0.49427664,0.0,0.75333285
0.46035743,0.0,0.47773224
0.7463676,0.0,0.16747804
0.5359533,0.0,0.086687006
0.8682932,0.0,0.0
0.84574014,0.0,0.0022557494
0.7614582,0.0,3.500611e-05
0.75635856,0.0,0.068767674
0.7041839,0.0,0.095081665
0.77479523,0.0,0.0
0.81658375,0.0,0.07381926
0.7836907,0.0,0.13072462
0.79297715,0.0,0.0
0.74593836,0.0,0.0
0.6615573,0.0,0.14529727
0.5873818,0.0,0.11348519
0.5884397,0.0,0.3257381
0.4393194,0.0,0.37270457
0.3806109,0.0,0.7086451
0.2914149,0.0,0.4940469
0.3417603,0.0,0.52734184
0.31829903,0.0,0.39587712
0.24338178,0.0,0.23019691
0.38976488,0.0,0.281841
0.3641178,0.0,0.2719087
0.4766337,0.0,0.3487543
0.32593095,0.0,0.19800301
0.38393563,0.0,0.3825757
0.37964854,0.0,0.66231036
0.42521554,0.0,0.30779254
0.57190835,0.0,0.21212287
0.51552683,0.0,0.121382855
0.3647044,0.0,0.18539771
0.3023761,0.0,0.33587456
0.5823038,0.0,0.06752426
0.72933173,0.0,0.04729901
0.5895064,0.0,0.049905434
0.77093285,0.0,0.013102807
0.5191186,0.0,0.040398568
0.46238077,0.0,0.102203116
0.6383805,0.0,0.10700435
0.62160546,0.0,0.002452223
0.5781356,0.0,0.21547683
0.61125845,0.0,0.47312576
0.44394562,0.0,0.54599005
0.44260573,0.0,0.12917104
0.57899636,0.0,0.31617928
0.25720027,0.0,0.24343656
0.38289258,0.0,0.59890914
0.708265,0.0,0.43668568
0.6334113,0.0,0.05841562
0.4978478,0.0,0.31911504
0.66614074,0.0,0.07017674
0.4979433,0.0,0.01830294
0.6911844,0.0,0.21047698
0.6042708,0.0,0.2820908
0.60020053,0.0,0.13622627
0.64096266,0.0,0.016917234
0.72507083,0.0,0.02121607
0.506374,0.0,0.0
0.70523894,0.0,0.04543716
0.7484961,0.0,0.003740442
0.82977295,0.0,0.00085992826
0.46496788,0.0,0.0
0.7971366,0.0,0.0017561837
0.789892,0.0,0.0009127098
0.684404,0.0,0.015547879
0.6292138,0.0,0.0008837937
0.46639544,0.0,0.0
0.5853361,0.0,0.0
0.5232336,0.0,0.082988895
0.42759883,0.0,0.08323626
0.6328702,0.0,0.0
0.4828286,0.0,0.18536167
0.4192875,0.0,0.2795888
0.37086523,0.0,0.70542336
0.42277992,0.0,0.6085917
0.6477541,0.0,0.45054027
0.5695471,0.0,0.3188173
0.39343578,0.0,0.16171654
0.32873118,0.0,0.546367
0.5967769,0.0,0.086028926
0.6368692,0.0,0.25620764
0.41569942,0.0,0.19503921
0.50617385,0.0,0.0
0.50192314,0.0,0.015647441
0.3335655,0.0,0.3205362
0.4732065,0.0,0.4535248
0.5099157,0.0,0.35651055
0.8530915,0.0,0.08089225
0.321721,0.0,0.5028266
0.5008671,0.0,0.6688345
0.62763935,0.0,0.6739937
0.2848274,0.0,0.045212843
0.55883193,0.0,0.29728302
0.6202792,0.0,0.2246863
0.36944515,0.0,0.63287824
0.3890031,0.0,0.29652587
0.81929994,0.0,0.0022393838
0.679487,0.0,0.3716581
0.42811882,0.0,0.47481155
0.697082,0.0,0.06768268
0.6751415,0.0,0.014501842
0.42579696,0.0,0.16841826
0.5396891,0.0,0.49449784
0.28727186,0.0,0.39323345
0.49188092,0.0,0.70521295
0.78523505,0.0,0.32430616
0.6166745,0.0,0.18360268
0.5948725,0.0,0.06641565
0.2777743,0.0,0.5734036
0.5113527,0.0,0.21359272
0.40575585,0.0,0.1420533
0.31566122,0.0,0.7153807
0.36724928,0.0,0.18996018
0.8140151,0.0,0.0025490026
0.31888726,0.0,0.4106633
0.41765675,0.0,0.43498456
0.61814886,0.0,0.2228311
0.54663604,0.0,0.34720516
0.53626645,0.0,0.015018965
0.7652263,0.0,8.958586e-05
0.52617395,0.0,0.34447592
0.4577433,0.0,0.19109459
0.606252,0.0,0.0034412201
0.79735464,0.0,0.0041497983
0.33559915,0.0,0.46664533
0.5469631,0.0,0.016909465
0.5138346,0.0,0.0
0.45831284,0.0,0.37648696
0.52565897,0.0,0.15464658
0.6966967,0.0,0.0
0.82387686,0.0,0.0414121
0.28743818,0.0,0.33594143
0.42987993,0.0,0.5645481
0.37649682,0.0,0.4793618
0.300541,0.0,0.077258974
0.50612646,0.0,0.5195328
0.5584322,0.0,0.40984502
0.795948,0.0,0.054785337
0.5972639,0.0,0.16963442
0.37984225,0.0,0.47600406
0.5379252,0.0,0.03509574
0.3553033,0.0,0.35440296
0.42385098,0.0,0.3684281
0.8343143,0.0,0.00014011071
0.5714304,0.0,0.30199638
0.5775113,0.0,0.44822818
0.44895998,0.0,0.26171052
0.7680683,0.0,0.0014871791
0.58682424,0.0,0.24882574
0.42872718,0.0,0.41525504
0.8499688,0.0,0.02998421
0.686009,0.0,0.24002002
0.5185856,0.0,0.57843095
0.4141063,0.0,0.48356435
0.64630395,0.0,0.3166876
0.48102972,0.0,1.0
0.42578056,0.0,1.0
0.3892653,0.0,0.28553477
0.44129553,0.0,0.5177248
0.512739,0.0,0.18767543
0.50359654,0.0,0.47727275
0.5542332,0.0,0.15450943
0.5119886,1.0,0.33738598
0.5423665,1.0,0.62231165
0.47299963,1.0,0.7241093
0.8767459,0.0,0.059029788
0.4565511,0.0,0.33698434
0.45083696,1.0,0.36068106
0.70336086,1.0,0.20221826
0.9123986,0.0,0.050964814
0.41605884,0.0,0.6809854
0.54080546,1.0,0.5425843
0.59900683,1.0,0.21860395
0.5774569,0.0,0.29560986
0.7209355,0.0,0.026109593
0.64131165,0.0,0.4650046
0.567599,0.0,0.41525912
0.50667316,0.0,0.5195224
0.6466542,0.0,0.2197796
0.8480992,0.0,0.003534628
0.56674474,0.0,0.4580926
0.5842127,0.0,0.4999324
0.55289716,0.0,0.157966
0.7463727,0.0,0.039972432
0.42225593,0.0,0.60368055
0.54878795,0.0,0.72524196
0.59813213,0.0,0.27854973
0.6992032,0.0,0.5666225
0.29345125,0.0,0.30082172
0.5740234,0.0,0.072388
0.5708083,0.0,0.35160863
0.7925058,1.0,0.015981644
0.5021646,1.0,0.36854807
0.84304434,1.0,0.02084558
0.6723315,1.0,0.55927277
0.7306411,1.0,0.25807056
0.8834129,0.0,0.35470706
0.78832793,0.0,0.4784544
0.3788022,1.0,0.7807026
0.55664855,1.0,0.56900895
0.7346382,1.0,0.007614392
0.78431475,1.0,0.5223131
0.6989398,1.0,0.7950139
0.6785965,0.0,0.31914765
0.6689076,1.0,0.4748194
0.71342903,0.0,0.72086996
0.76861763,0.0,0.113232225
0.7071156,0.0,0.1018348
0.80592984,0.0,0.5553021
0.8133372,0.0,0.059557788
0.74349165,0.0,0.47975615
0.85143584,0.0,0.014608301
0.75387424,0.0,0.1159236
0.89283955,0.0,0.0
0.77825236,0.0,0.08497653
0.7446211,0.0,0.17456484
0.7718385,0.0,0.34230694
0.6228247,0.0,0.5287697
0.6067059,0.0,0.18117577
0.6867569,0.0,0.47488293
0.8178241,0.0,0.0046632807
0.8615283,0.0,0.0
0.84054214,1.0,0.0
0.8526839,0.0,0.017158367
0.8257635,0.0,0.0032687932
0.7696042,0.0,0.42968127
0.72940665,0.0,0.5873241
0.698404,0.0,0.14218149
0.6713461,0.0,0.050052714
0.56308204,0.0,0.13020773
0.7204811,0.0,0.0028623103
0.38589722,1.0,0.17914736
0.7046532,1.0,0.18626752
0.8223787,0.0,0.007496588
0.8108379,0.0,0.00018315032
0.7614764,1.0,0.13892582
0.6950262,0.0,0.25904116
0.5865169,1.0,0.49813285
0.82859343,1.0,0.3248729
0.63771707,1.0,0.9239642
0.6922655,1.0,0.5061592
0.77399445,1.0,0.266818
0.80677766,1.0,0.8084576
0.57687837,1.0,0.20387958
0.7042091,1.0,0.12533318
0.48158148,1.0,0.7168482
0.6219694,1.0,0.5357363
0.6658706,0.0,0.05273094
0.3745595,0.0,0.49770385
0.31017238,0.0,0.30401576
0.21176979,0.0,0.53616357
0.70038587,0.0,0.7192304
0.4672813,0.0,1.0
0.2709444,0.0,0.7405213
0.33154324,0.0,0.29685947
0.30368915,0.0,0.43147236
0.31771562,0.0,0.4139587
0.35198683,0.0,0.61151075
0.75355875,0.0,0.21330808
0.68957317,0.0,0.25010803
0.76357955,0.0,0.12732172
0.51272315,0.0,0.58079493
0.6234704,0.0,0.5928386
0.7202579,0.0,0.10627803
0.63945776,0.0,0.24009342
0.40694642,0.0,0.6263242
0.66153014,0.0,0.14922595
0.78452903,0.0,0.0
0.47076058,0.0,0.294482
0.47901356,0.0,0.42288944
0.51189953,0.0,0.04146968
0.70730203,0.0,0.06647514
0.52512234,0.0,0.47532445
0.63801247,0.0,0.29384357
0.816705,0.0,0.17232613
0.5777786,0.0,0.6825418
0.51885074,0.0,0.45744953
0.6172117,0.0,0.68647254
0.736014,0.0,0.08666665
0.59040767,0.0,0.7849177
0.770002,0.0,0.22175346
0.5033588,0.0,0.4678052
0.70582634,0.0,0.23175052
0.55699044,0.0,0.7037374
0.6892777,1.0,0.3523858
0.7765501,0.0,0.0761
0.7391499,0.0,0.24074209
0.7713404,1.0,0.47153464
0.83770466,1.0,0.21074098
0.7894168,1.0,0.0818073
0.46359214,1.0,0.5428311
0.8061352,1.0,0.0814731
0.65149295,1.0,0.7048293
0.67980194,1.0,0.48542443
0.56595755,0.0,0.5303386
0.81435925,0.0,0.16113302
0.8332827,0.0,0.01898541
0.47470322,0.0,0.41334128
0.37840664,0.0,0.7326552
0.71709454,0.0,0.35886788
0.350206,0.0,0.57032603
0.44465303,0.0,0.66100734
0.79212886,0.0,0.22653465
0.64080817,0.0,0.11986688
0.69622666,0.0,0.02380006
0.6100097,0.0,0.25446767
0.6289251,1.0,0.075063825
0.61281556,0.0,0.09337856
0.5045811,0.0,0.018505458
0.87510335,0.0,0.00014953256
0.40697512,0.0,0.38896248
0.49584457,0.0,0.18766433
0.5400048,0.0,0.5663449
0.5165176,0.0,0.8082019
0.63305146,0.0,0.3310718
0.32751575,0.0,0.8416503
0.55740094,1.0,0.5122751
0.58874524,1.0,0.14045389
0.63381124,1.0,0.19774629
0.53835315,1.0,0.37607193
0.7178097,0.0,0.25095448
0.7696612,1.0,0.015620846
0.8930676,0.0,0.0
0.87320244,0.0,0.0
0.72148114,0.0,0.10064649
0.7752328,0.0,0.07756941
0.56781346,0.0,0.59540784
0.5271925,0.0,0.39850435
0.52798617,0.0,0.7149961
0.45228547,0.0,0.63731617
0.7550316,0.0,0.102807015
0.8738024,0.0,0.06234869
0.8449399,0.0,0.026587129
0.88892263,0.0,0.1066318
0.68371654,0.0,0.0022319383
0.22336966,0.0,0.27865952
0.73847085,1.0,0.28833807
0.6283143,1.0,0.44839
0.7133855,1.0,0.122256234
0.5433661,1.0,0.510042
0.57595754,0.0,0.42779708
0.7615009,1.0,0.007903918
0.77881604,0.0,0.14990838
0.69435024,0.0,0.2927153
0.77761483,0.0,0.042112064
0.63911176,0.0,0.27387285
0.4313518,0.0,0.37981635
0.44021258,0.0,0.72537726
0.66467565,0.0,0.3960992
0.49561846,0.0,0.72425926
0.36496487,0.0,0.7429013
0.547974,0.0,0.73414886
0.36013258,0.0,0.22341824
0.36026457,0.0,0.23539567
0.47114173,1.0,0.49370843
0.7721274,1.0,0.07163702
0.5403099,1.0,0.7038829
0.7588546,0.0,0.032319423
0.33319348,0.0,0.31909776
0.39098743,1.0,0.40152866
0.9113229,1.0,0.06863344
0.843897,0.0,0.010894694
0.33172202,1.0,0.45346206
0.4669376,1.0,0.28364184
0.8295628,0.0,0.030015118
0.6063596,0.0,0.14717908
0.46024117,1.0,0.49594977
0.7384685,0.0,0.21023272
0.8205576,0.0,0.016469026
0.65398246,0.0,0.50589114
0.45512602,0.0,0.5001984
0.5637287,0.0,0.46029982
0.3740719,0.0,0.0063545527
0.66744214,0.0,0.4129509
0.3093942,0.0,0.50156206
0.534496,0.0,0.039808262
0.7774736,0.0,0.13296276
0.366293,0.0,0.7132138
0.41836974,0.0,0.24386832
0.5935775,0.0,0.039508678
0.47969562,0.0,0.27511337
0.6087589,0.0,0.011919457
0.4367258,0.0,0.14100526
0.87899566,0.0,0.05693885
0.86845505,0.0,0.076939456
0.9043477,0.0,0.088667095
0.65823513,0.0,0.3348089
0.8608333,0.0,0.015795087
0.6427655,0.0,0.39306116
0.5707091,0.0,0.44889697
0.6654238,0.0,0.121704705
0.4309947,0.0,0.54107535
0.5212294,0.0,0.685852
0.3825896,0.0,0.41838863
0.3544008,0.0,0.54705554
0.6624048,0.0,0.17348196
0.6147976,0.0,0.03347916
0.579224,0.0,0.19784212
0.8461264,0.0,0.029942414
0.875658,0.0,0.024386667
0.93197227,0.0,0.010966079
0.8424272,0.0,0.050266154
0.8885465,0.0,0.012639721
0.55920756,0.0,0.52803683
0.581837,0.0,0.47972706
0.8321625,0.0,0.695559
0.50755715,0.0,0.612324
0.8683112,0.0,0.11167998
0.70179623,0.0,0.26130432
0.87850666,0.0,0.06898299
0.4214367,0.0,0.20394395
0.6003989,0.0,0.47632807
0.51675886,0.0,0.38859582
0.5294032,0.0,0.2903634
0.6147938,0.0,0.7950574
0.47124135,0.0,0.45446154
0.52008855,0.0,0.7448842
0.81837034,0.0,0.24296688
0.4903312,0.0,0.40350732
0.8009497,0.0,0.22997338
0.64106447,0.0,0.23840296
0.83497244,0.0,0.07897294
0.5264076,0.0,0.20535591
0.9116541,0.0,0.046278395
0.7573699,0.0,0.12296504
0.6905924,0.0,0.08738061
0.50258297,0.0,0.5605481
0.77987844,0.0,0.09859083
0.92987245,0.0,0.041042924
0.8362655,1.0,0.2904404
0.7000271,0.0,0.086431615
0.9301882,0.0,0.20505276
0.7223157,0.0,0.07929215
0.67761964,1.0,0.43523738
0.74663675,0.0,0.4955506
0.47766122,1.0,0.64081264
0.8794688,0.0,0.73887116
0.81422335,0.0,0.5833027
0.7930293,0.0,0.2661552
0.6491473,0.0,0.27984497
0.68099487,0.0,0.070728496
0.91417325,0.0,0.18685512
0.83529526,0.0,0.59215415
0.6586347,0.0,0.8223282
0.6622831,0.0,0.60630745
0.69410974,0.0,0.5160865
0.7255623,0.0,0.3780349
0.9521209,0.0,0.7393439
0.715727,0.0,0.22813891
0.76507133,0.0,0.39669013
0.5351678,0.0,0.3436503
0.6989466,0.0,0.15724415
0.67491156,0.0,0.43537104
0.7965714,0.0,0.70526206
0.6548561,0.0,0.054740164
0.7861751,0.0,0.17263687
0.79136914,0.0,0.4855383
0.64175516,0.0,0.66451573
0.5930952,0.0,0.5147987
0.926274,0.0,0.26358223
0.79712206,0.0,0.47705796
0.71287197,0.0,0.3095124
0.8429571,0.0,0.14250864
0.7727211,0.0,0.18085021
0.5609472,1.0,0.3023291
0.6944075,1.0,0.5389831
0.76025677,1.0,0.5670399
0.54556704,1.0,0.78674024
0.5469365,1.0,0.58732605
0.52154976,1.0,0.7784932
0.55672544,1.0,0.7329214
0.65243345,1.0,1.0
0.41987774,0.0,1.0
0.581054,0.0,0.43994147
0.61260813,0.0,0.37144604
0.65046126,0.0,0.6065499
0.510908,0.0,0.3750577
0.6644066,0.0,0.012995268
0.6370584,0.0,0.055486955
0.80108684,0.0,0.0012263058
0.6453035,0.0,0.00023238685
0.67988247,0.0,0.0002941125
0.7586161,0.0,0.0
0.5435564,0.0,2.5751215e-05
0.7117369,0.0,0.0
0.45872962,1.0,0.17973678
0.40893742,0.0,0.0011636675
0.41774064,1.0,0.33381727
0.5175406,1.0,0.34903353
0.72688913,0.0,0.0
0.30032793,1.0,0.314073
0.34265634,1.0,0.7414633
0.5168398,0.0,0.06685297
0.63784313,0.0,0.06127135
0.34916094,0.0,0.48929882
0.5394818,0.0,0.14039555
0.42894164,0.0,0.0
0.554005,0.0,0.075854085
0.51176375,0.0,0.30027267
0.6970843,0.0,0.029563827
0.75138515,0.0,0.0
0.66716737,0.0,0.2322766
0.65335655,0.0,0.30262113
0.8038974,0.0,0.0015807443
0.7636063,0.0,0.05272764
0.5798298,0.0,0.52839327
0.6469958,0.0,0.40610564
0.56918335,0.0,0.056987163
0.69032544,0.0,0.5358562
0.80117023,0.0,0.3448608
0.415123,0.0,0.6701483
0.49544424,0.0,0.4307473
0.6543767,0.0,0.051364824
0.73808384,0.0,0.33225062
0.8478504,0.0,0.0020056055
0.7394722,0.0,0.0
0.7585259,0.0,0.0
0.67717874,0.0,0.0
0.7306497,0.0,0.006118532
0.7226646,0.0,0.00025328086
0.62542826,1.0,0.0137014985
0.5137599,1.0,0.30744863
0.45515507,1.0,0.44298145
0.5963298,0.0,0.17687294
0.32467794,0.0,0.34552684
0.54597914,0.0,0.32283697
0.35201207,0.0,0.26793826
0.7138146,0.0,0.03998375
0.5662844,0.0,0.51534176
0.84515613,0.0,0.18035533
0.5061807,0.0,0.111953646
0.28655243,0.0,0.18850169
0.628165,0.0,0.39126632
0.61178005,0.0,0.22236434
0.23752293,0.0,0.49519637
0.4832482,0.0,0.5560791
0.6179885,0.0,0.039515924
0.55032605,0.0,0.40757152
0.38623968,0.0,0.43390527
0.59511745,0.0,0.021098265
0.7364737,0.0,0.108966164
0.6264117,0.0,0.42613524
0.6234715,0.0,0.15629958
0.445466,0.0,0.00021459078
0.47884032,0.0,0.5315568
0.46966806,1.0,0.62169284
0.39453277,0.0,0.16868699
0.4499739,1.0,0.58956057
0.5811455,1.0,0.12380066
0.48591515,1.0,0.6675379
0.68487895,1.0,0.40329456
0.65182364,1.0,0.47085944
0.51730305,1.0,0.10206165
0.5706414,1.0,0.22464456
0.7392182,0.0,0.0002979842
0.5837305,1.0,0.1438265
0.6112232,1.0,0.27107242
0.6773443,0.0,0.0
0.817451,0.0,0.0
0.6775689,1.0,0.47575203
0.8019077,0.0,0.16963385
0.7359888,0.0,0.0
0.6752497,0.0,0.02934246
0.5186025,0.0,0.41556972
0.7630818,0.0,0.10111165
0.74662393,0.0,0.0
0.51214546,0.0,0.53458667
0.30398542,0.0,0.80126053
0.5989343,0.0,0.34431598
0.6885371,0.0,0.32978195
0.7038583,0.0,0.07755198
0.42055678,0.0,0.658884
0.62183,0.0,0.80002296
0.5915388,0.0,0.15247469
0.53353626,0.0,0.11736186
0.4839592,0.0,0.037364364
0.6706622,0.0,0.015844349
0.7369437,0.0,0.0
0.6917768,0.0,0.00039830382
0.5857915,0.0,0.0
0.72273046,0.0,0.0
0.5917475,0.0,0.0
0.60845786,0.0,0.0
0.5955092,0.0,0.012785212
0.4965835,0.0,0.32748517
0.5850414,0.0,0.16972739
0.6311661,1.0,0.5715401
0.5174318,1.0,0.6243355
0.44592872,1.0,0.5982107
0.45395955,1.0,0.07435182
0.56106675,0.0,0.2133536
0.39504996,0.0,0.44808426
0.5397273,1.0,0.3727382
0.7186023,0.0,0.0
0.6342231,0.0,0.24687295
0.48329782,0.0,0.5591889
0.76125515,0.0,0.07735668
0.58108413,0.0,0.0
0.6157295,0.0,0.59794766
0.5270255,0.0,0.28055248
0.8427446,0.0,0.0
0.53765386,0.0,0.2872222
0.4447934,0.0,0.4679574
0.42451224,0.0,0.10714244
0.5453306,0.0,0.37872192
0.5876783,0.0,0.042498253
0.46302247,0.0,0.16995709
0.9003567,0.0,0.0
0.6001873,0.0,0.014922568
0.6578075,0.0,0.0
0.8725234,0.0,0.0
0.70685047,0.0,0.019097283
0.902978,0.0,0.0
0.73870116,0.0,0.34926388
0.81983143,0.0,0.55637413
0.7014481,0.0,0.18742123
0.7519121,0.0,0.39139867
0.6877705,0.0,0.3644178
0.57840264,0.0,0.42461756
0.69203633,0.0,0.054083705
0.8326881,0.0,0.0
0.43291104,0.0,0.1960692
0.5429065,0.0,0.45334256
0.67798334,0.0,0.00073206215
0.5961393,0.0,0.016948996
0.24180622,0.0,0.29617047
0.7027761,0.0,0.29144374
0.56967854,0.0,0.59201294
0.54682004,0.0,0.6314837
0.7449877,0.0,0.17270817
0.8707305,0.0,0.103556946
0.6403148,0.0,0.1447636
0.63055754,0.0,0.2312949
0.8745622,0.0,0.17546685
0.52068776,0.0,0.5021547
0.6923602,0.0,0.44702828
0.735404,0.0,0.6785138
0.803782,0.0,0.59620714
0.64883673,0.0,0.3709575
0.6630426,0.0,0.026538463
0.5240821,0.0,0.118180215
0.5992504,0.0,0.55671483
0.5615739,0.0,0.1984208
0.71894234,0.0,0.0
0.6897476,0.0,0.1347187
0.70979106,0.0,0.40927833
0.5744989,0.0,0.20947234
0.8024714,0.0,0.004799722
0.7486035,0.0,0.40001515
0.6732735,0.0,0.705785
0.6105633,0.0,0.20733634
0.74587876,0.0,0.20218351
0.6451733,0.0,0.52515644
0.50998706,1.0,0.20600334
0.62250423,1.0,0.22684492
0.68983275,0.0,0.0046967333
0.5133323,1.0,0.12633601
0.58542144,0.0,0.010001079
0.47526917,0.0,0.09706325
0.3642825,0.0,0.019472789
0.4924808,0.0,0.25570217
0.5725751,0.0,0.3197104
0.70621127,0.0,0.55716777
0.5324524,0.0,0.40545925
0.60552686,0.0,0.0
0.504836,0.0,0.26541898
0.72000724,0.0,0.036157694
0.7462814,0.0,0.0014402554
0.4639767,0.0,0.057071984
0.4517386,0.0,0.39476785
0.69143766,0.0,0.014297508
0.76656914,0.0,0.007150926
0.57639396,0.0,0.2647792
0.5519768,0.0,0.15333258
0.66645736,0.0,0.4742519
0.7188223,0.0,0.20941183
0.52965975,0.0,0.60725605
0.54918325,1.0,0.6786499
0.7695979,1.0,0.6126836
0.60779756,1.0,0.34797502
0.5899056,1.0,0.3849994
0.5618026,1.0,0.096887805
0.5875442,1.0,0.49259683
0.75248474,0.0,0.13632976
0.6246472,0.0,0.5860283
0.6896348,0.0,0.63369584
0.6153447,0.0,0.088031776
0.64397484,1.0,0.36703795
0.8385752,0.0,0.0
0.69617033,1.0,0.2563769
0.7382263,0.0,0.025075046
0.5133006,1.0,0.33838817
0.58145666,1.0,0.07545581
0.6939345,1.0,0.4866696
0.6465773,1.0,0.29263496
0.6907237,1.0,0.30930066
0.4257786,0.0,0.42383108
0.62991923,0.0,0.43414015
0.6299577,0.0,0.53214025
0.4664783,0.0,0.32867685
0.5014716,0.0,0.0
0.55844814,1.0,0.09840183
0.6985568,0.0,0.003464071
0.6844817,1.0,0.047147885
0.74588436,0.0,0.0015268996
0.74190474,1.0,0.33273736
0.7109169,1.0,0.06903557
0.70504576,1.0,0.3679026
0.74093264,1.0,0.46220836
0.70604235,1.0,0.81886023
0.72988665,0.0,0.4935987
0.48275924,0.0,0.14943781
0.6821649,0.0,0.0065135914
0.6418907,0.0,0.024717983
0.6219038,0.0,0.4327896
0.64534783,0.0,0.0
0.71823823,0.0,0.0
0.71339005,0.0,0.28730348
0.4793673,1.0,0.45557883
0.7095259,0.0,0.043583278
0.51817477,0.0,0.0022116473
0.5635055,0.0,0.30327123
0.4544366,0.0,0.40562347
0.6033044,0.0,0.026245447
0.51068157,0.0,0.067363776
0.6123041,0.0,0.4555234
0.37787613,0.0,0.14236754
0.5395903,0.0,0.5758921
0.4730749,0.0,0.035566825
0.56595474,0.0,0.8046292
0.6688609,0.0,0.40750715
0.6166993,0.0,0.25407836
0.7668225,0.0,0.5434158
0.61799836,0.0,0.40732965
0.6583822,0.0,0.12934774
0.69182974,0.0,0.05755203
0.534125,0.0,0.4756495
0.41250104,0.0,0.46053725
0.5487292,0.0,0.5310018
0.76647013,0.0,0.019462312
0.66631985,0.0,0.3504909
0.7344306,0.0,0.031118855
0.53240925,0.0,0.34774098
0.7531472,0.0,0.03913985
0.56137854,1.0,0.3389697
0.7599967,0.0,0.0042305784
0.46827483,1.0,0.26335797
0.6643274,1.0,0.34393448
0.6869456,0.0,0.0
0.6478767,0.0,0.24500135
0.5202146,0.0,0.012146227
0.5194994,0.0,0.77860343
0.5785168,0.0,0.4960608
0.5323823,0.0,0.14108965
0.73899233,0.0,0.29689148
0.5320249,0.0,0.509071
0.42178378,0.0,0.087948635
0.84183806,0.0,0.0
0.53755945,0.0,0.19986323
0.50161874,0.0,0.43075415
0.66759217,0.0,0.0
0.7895997,0.0,0.0
0.6901316,0.0,0.40280977
0.40256727,0.0,0.3928231
0.59099144,0.0,0.14547835
0.53420925,0.0,0.5639647
0.5890483,0.0,0.03530915
0.49843457,0.0,0.63881946
0.82239854,0.0,0.092669815
0.515286,0.0,0.38634402
0.79855126,0.0,0.098742425
0.43860513,0.0,0.45673358
0.5954436,0.0,0.40236732
0.39128977,1.0,0.48158938
0.54542136,1.0,0.51630384
0.56140304,1.0,0.3786694
0.66497165,0.0,0.040588424
0.6096292,0.0,0.07620005
0.85099643,0.0,0.0
0.7074303,0.0,0.24335413
0.73899806,0.0,0.019147312
0.5436925,0.0,0.38465253
0.4463585,0.0,0.13217053
0.52511406,0.0,0.43565145
0.75624114,0.0,0.09793091
0.42690083,0.0,0.27704418
0.763982,0.0,0.04839967
0.5167869,0.0,0.1796443
0.65193874,0.0,0.10155157
0.82709616,0.0,0.012307917
0.80350584,0.0,0.0001373348
0.68036366,0.0,0.0595771
0.5320572,0.0,0.028696422
0.7581071,0.0,0.0011150278
0.37124306,0.0,0.069972716
0.6495603,0.0,0.083382465
0.63852453,0.0,0.0
0.74447864,0.0,0.0027807988
0.655998,0.0,0.29500738
0.6504926,0.0,0.2795008
0.5907148,0.0,0.027052393
0.71167916,0.0,0.5343169
0.58715755,0.0,0.7892976
0.5929847,0.0,0.4867813
0.6154224,0.0,0.49459863
0.69680756,0.0,0.12416414
0.5646919,0.0,0.66799796
0.6219004,0.0,0.47029015
0.53845227,0.0,0.12897865
0.5093527,0.0,0.043263517
0.56912386,0.0,0.55879027
0.5038102,0.0,0.68702745
0.68687487,0.0,0.06769889
0.61391824,0.0,0.12531821
0.6503071,0.0,0.612211
0.57350785,0.0,0.6121245
0.6117769,0.0,0.028048044
0.74167275,0.0,0.6600711
0.5427498,0.0,0.13182828
0.51506525,0.0,0.2921755
0.6639234,0.0,0.5885557
0.6409268,0.0,0.45675558
0.6338289,0.0,0.07707355
0.40901905,0.0,0.53483635
0.6654657,0.0,0.83666325
0.6240994,0.0,0.8646567
0.6834729,0.0,0.44173732
0.8158374,0.0,0.15872003
0.6977495,0.0,0.4746076
0.65000284,0.0,0.4941589
0.64749026,0.0,0.21596538
0.71856236,0.0,0.4777399
0.5496667,0.0,0.6949876
0.65318316,0.0,0.646188
0.6879906,0.0,0.3411824
0.73885334,0.0,0.18929589
0.58020353,0.0,0.532953
0.5257187,0.0,0.28569055
0.7099444,1.0,0.29458526
0.44997197,1.0,0.71377
0.51499677,1.0,0.77096176
0.7516916,1.0,0.22003724
0.539167,1.0,0.57554305
0.6040473,1.0,0.47789863
0.7626895,1.0,0.22789827
0.5102664,1.0,0.39002192
0.7580285,1.0,0.45983705
0.5730434,1.0,0.48468813
0.5849938,1.0,0.52995396
0.6130309,1.0,0.6223953
0.5780762,1.0,0.70238405
0.67133087,0.0,0.21234141
0.7517246,0.0,0.26664716
0.79425776,1.0,0.11216857
0.63247985,1.0,0.22532879
0.75044584,0.0,0.18201339
0.6823147,1.0,0.07453751
0.58610237,0.0,0.34507468
0.5997859,0.0,0.64441305
0.7584856,0.0,0.09643093
0.5947594,0.0,0.16914599
0.75177383,1.0,0.028973931
0.53136146,0.0,0.041317824
0.68604225,0.0,0.2161112
0.77709323,0.0,0.11097213
0.64142585,0.0,0.48777178
0.6438479,0.0,0.7123038
0.6826877,0.0,0.34879503
0.63374144,1.0,0.60294425
0.6125773,1.0,0.46753046
0.58227026,1.0,0.38660514
0.7103229,1.0,0.32255265
0.7948644,1.0,0.31939536
0.5225766,1.0,0.3924925
0.6346279,1.0,0.4732734
0.7317146,1.0,0.439603
0.77349746,1.0,0.34931636
0.6971415,0.0,0.59625983
0.696753,1.0,0.48687038
0.6949436,1.0,0.3587127
0.7298464,0.0,0.3261316
0.71794176,1.0,0.4620157
0.68255705,0.0,0.4436723
0.60062313,0.0,0.8126625
0.58276135,0.0,0.16028383
0.4954941,0.0,0.3210754
0.85703194,0.0,0.00022235334
0.48916927,0.0,0.19211408
0.8163801,0.0,0.0017892272
0.37081075,0.0,0.35578656
0.47041976,0.0,0.37368354
0.8102589,0.0,0.0
0.640061,0.0,0.09225969
0.5673929,0.0,0.06018789
0.58761203,0.0,0.1632073
0.4729645,0.0,0.27488643
0.8168658,0.0,0.49755153
0.38242415,0.0,0.5700326
0.39976954,0.0,0.7077677
0.69884753,0.0,0.3404362
0.42334574,0.0,0.86775494
0.66181004,0.0,0.61555463
0.40119076,0.0,0.37942922
0.40527096,0.0,0.47627258
0.4201657,0.0,0.46049467
0.4608007,0.0,0.045659576
0.7241134,0.0,6.881211e-05
0.55467254,0.0,0.19750686
0.46136925,0.0,0.4594297
0.6563132,0.0,0.0060296245
0.5133614,0.0,0.34519902
0.86811113,0.0,0.021048574
0.7719915,0.0,0.28319415
0.88211346,0.0,0.00045970306
0.7330541,0.0,0.36186442
0.5581351,0.0,0.60754293
0.6910764,0.0,0.22561893
0.76333094,0.0,0.17203802
0.57406473,0.0,0.00078136654
0.8939666,0.0,0.0
0.77860886,0.0,0.0
0.9139082,0.0,0.0
0.80948466,0.0,0.010244152
0.79624707,0.0,0.098727114
0.6863358,1.0,0.4289578
0.544502,1.0,0.7294594
0.8127934,0.0,0.41555735
0.902733,0.0,0.013948122
0.88915527,0.0,0.093311384
0.69175446,0.0,0.06915912
0.48078918,0.0,0.23369661
0.57402384,0.0,0.08934549
0.8821618,0.0,0.00029485216
0.8529877,0.0,0.0
0.4875711,0.0,0.23215407
0.8093041,0.0,0.0154348165
0.7968368,0.0,0.0
0.6376061,0.0,0.0
0.4893011,0.0,0.12888849
0.770791,0.0,0.46694344
0.7434362,0.0,0.1957744
0.56056136,0.0,0.63826907
0.493594,0.0,0.19340123
0.36195442,0.0,0.29931113
0.49514547,0.0,0.3196015
0.70018137,0.0,0.26887423
0.57441914,0.0,0.24321315
0.7915366,0.0,0.0689565
0.48320428,0.0,0.18486942
0.6903127,0.0,0.023595357
0.6644096,0.0,0.45669627
0.43330973,0.0,0.40371737
0.7307626,0.0,0.43652692
0.55756086,0.0,0.6435932
0.44072527,0.0,0.32266584
0.43898252,0.0,0.4959078
0.36289343,0.0,0.21530291
0.33299735,0.0,0.62348646
0.606418,0.0,0.36166772
0.5961223,0.0,0.02373506
0.4910736,0.0,0.2677897
0.43092534,0.0,0.39852887
0.44077623,0.0,0.19725743
0.7009257,0.0,0.0020810696
0.6071915,0.0,0.021122908
0.7605724,0.0,0.08952482
0.74393725,0.0,0.016372463
0.573997,0.0,0.3334406
0.5805211,0.0,0.38012034
0.5744031,1.0,0.33364606
0.5666199,0.0,0.049938142
0.71012235,0.0,0.095794156
0.55349976,0.0,0.54095435
0.6181129,0.0,0.52034575
0.5414697,0.0,0.19581601
0.7090283,0.0,0.54026365
0.43691194,0.0,0.12167484
0.3843194,1.0,0.6596174
0.67584175,1.0,0.38495988
0.7633458,0.0,0.00021461386
0.3146846,0.0,0.15922678
0.39572453,0.0,0.32135805
0.7135139,0.0,0.06885279
0.82836574,0.0,0.0
0.73896545,0.0,0.07318666
0.6565528,0.0,0.5537779
0.73797536,0.0,0.21463421
0.72269845,0.0,0.00024199404
0.46372977,0.0,0.33499604
0.72167504,0.0,0.6049328
0.48305437,0.0,0.24409789
0.42817476,0.0,0.16464278
0.5675636,0.0,0.5170529
0.37210894,0.0,0.7263181
0.37338072,0.0,0.48267052
0.53097826,0.0,0.44636056
0.23358934,0.0,0.16668041
0.59720427,0.0,0.36892143
0.55049753,0.0,0.42364952
0.41952756,0.0,0.097317725
0.6058616,0.0,0.0
0.6372916,0.0,0.38084617
0.46000496,0.0,0.5522761
0.69265074,0.0,0.03986427
0.9112627,0.0,0.0006590103
0.65496176,0.0,0.31916276
0.31199762,0.0,0.15173109
0.8142437,0.0,0.009320033
0.559555,0.0,0.5122715
0.88729316,0.0,0.0039121886
0.6227313,0.0,0.36234042
0.6169066,0.0,0.09132456
0.4303815,0.0,0.51056856
0.60910076,0.0,0.4161799
0.7900921,0.0,0.11162926
0.4852495,0.0,0.25703716
0.40160155,1.0,0.45147356
0.40172464,1.0,0.3626475
0.47390193,1.0,0.4192591
0.57489294,0.0,0.0061901542
0.3680569,1.0,0.67721593
0.63127315,1.0,0.63347775
0.8929711,0.0,0.050362613
0.8553696,0.0,0.38955146
0.57771,0.0,0.38496006
0.7267052,0.0,0.10905398
0.740177,0.0,0.17775546
0.82220465,0.0,0.23819427
0.7434337,0.0,0.008361268
0.6477203,0.0,0.07179631
0.9013023,0.0,0.0007933204
0.74141264,0.0,0.027944569
0.8905136,0.0,0.0062976694
0.6939651,0.0,0.0004650013
0.5289207,0.0,0.13704385
0.59185475,0.0,0.15797244
0.651385,0.0,0.03182186
0.8437157,0.0,0.010774108
0.7820685,0.0,0.09598554
0.545673,0.0,0.44686103
0.4680875,0.0,0.0076422975
0.41362688,0.0,0.27188843
0.8697566,0.0,0.0014801179
0.89854425,0.0,0.0
0.8540746,0.0,0.0
0.8662734,0.0,0.0046707764
0.685083,0.0,0.06823573
0.67688197,0.0,0.0737369
0.5456214,0.0,0.038098235
0.6275754,0.0,0.08965242
0.3939937,1.0,0.28892908
0.73354656,1.0,0.68452406
0.9270469,1.0,0.08356031
0.8679275,1.0,0.51936114
0.45243153,1.0,0.7614347
0.6592139,0.0,0.552229
0.38119584,0.0,0.011011422
0.41681883,1.0,0.32984826
0.43552253,0.0,0.4832439
0.46940598,0.0,0.23478916
0.886795,0.0,0.0036611487
0.8161103,0.0,0.11183112
0.516906,0.0,0.55263203
0.60180235,0.0,0.010129444
0.8072255,0.0,0.0034935488
0.5882828,0.0,0.27113193
0.4778798,0.0,0.22669594
0.75020075,0.0,0.013746891
0.565041,0.0,0.21811166
0.4576766,0.0,0.7032404
0.36588848,0.0,0.5414986
0.58921105,0.0,0.3692209
0.6450033,0.0,0.19925009
0.5754387,0.0,0.013495129
0.79349625,0.0,0.0
0.76161635,0.0,0.0
0.85474145,0.0,0.00061849004
0.6861862,0.0,0.007047006
0.6959779,0.0,0.015614807
0.4614856,1.0,0.47445965
0.81856275,0.0,0.29546347
0.60845613,0.0,0.09141068
0.7162591,1.0,0.17680967
0.59321415,0.0,0.38243416
0.83955157,0.0,0.0064538396
0.566697,0.0,0.0005955084
0.6293221,0.0,0.25783497
0.8533247,0.0,0.19242796
0.85171455,0.0,0.0121545745
0.44107565,0.0,0.3689184
0.5142756,0.0,0.105147816
0.8565357,0.0,0.0
0.88288635,0.0,0.0
0.9007548,0.0,0.035455
0.8843749,0.0,0.0
0.8021824,0.0,0.23958272
0.5414577,0.0,0.6891543
0.7421373,0.0,0.012941528
0.65419865,0.0,0.4183839
0.66517305,0.0,0.31207892
0.4875184,0.0,0.47975335
0.7154583,0.0,0.11860733
0.36070588,0.0,0.28696463
0.70400286,0.0,0.088207036
0.4557789,0.0,0.3519446
0.3994769,0.0,0.21267603
0.39147896,0.0,0.3293285
0.60482395,0.0,0.3606421
0.88161904,0.0,0.0123317465
0.7958044,0.0,5.1130995e-05
0.58439064,0.0,0.35529825
0.45417497,0.0,0.6144734
0.730836,0.0,0.18131907
0.64390004,0.0,0.3896484
0.60194993,1.0,0.2528794
0.36433482,1.0,0.6685545
0.6759645,1.0,0.7261793
0.53827256,1.0,0.06692695
0.555411,1.0,0.3368863
0.518504,1.0,0.5776575
0.5060363,1.0,0.28824228
0.514021,0.0,0.028703418
0.6215349,1.0,0.27282873
0.7509184,1.0,0.19941111
0.73039424,0.0,0.01588393
0.6790212,0.0,0.225888
0.46533066,1.0,0.48814884
0.74837124,0.0,0.069275215
0.5753168,0.0,0.07131133
0.645196,0.0,0.36727974
0.56822765,0.0,0.5130713
0.5623257,0.0,0.37170523
0.7558356,0.0,0.20341587
0.6030901,0.0,0.39103955
0.5558787,0.0,0.0021563363
0.45384943,0.0,0.05982392
0.60986316,0.0,0.63409215
0.68551284,0.0,0.17373359
0.6309457,0.0,0.38138926
0.6220083,1.0,0.55888534
0.5289161,1.0,0.55445623
0.66760683,0.0,0.33932614
0.78659636,1.0,0.05505165
0.6443437,1.0,0.59857875
0.63224643,1.0,0.52586377
0.6347548,0.0,0.4839517
0.8110483,1.0,0.0882842
0.5269443,1.0,0.6531002
0.6507797,1.0,0.6966981
0.5600854,0.0,0.89954144
0.50000525,0.0,0.51006746
0.54014957,0.0,0.35174882
0.3111676,0.0,0.18698733
0.6956946,0.0,0.19780675
0.5477268,0.0,0.05328137
0.33689088,0.0,0.38898286
0.5192336,0.0,0.44440228
0.555964,0.0,0.1045941
0.44167748,0.0,0.45289108
0.62548524,0.0,0.0939498
0.57776636,0.0,0.110462405
0.27756113,0.0,0.65848756
0.28762746,0.0,0.5633915
0.7167911,0.0,0.20326638
0.37099606,0.0,0.3304316
0.7486149,0.0,0.06835405
0.3440335,0.0,0.110029265
0.53777945,0.0,0.010901788
0.7318411,0.0,0.0
0.59239316,0.0,0.07120828
0.88205725,0.0,0.070293896
0.7172005,0.0,0.38300294
0.84710693,0.0,0.18092038
0.63810706,0.0,0.43481937
0.67126995,0.0,0.70759916
0.6413403,0.0,0.1289998
0.48386842,1.0,0.2969795
0.5261193,0.0,0.1557325
0.60447687,0.0,0.124935836
0.7460611,0.0,0.020614296
0.68600655,0.0,0.0007554017
0.7728481,0.0,0.0062206513
0.6216931,0.0,0.026398815
0.8093338,0.0,0.03816754
0.5707503,0.0,0.01596119
0.56989187,0.0,0.17582181
0.7644244,0.0,0.018346386
0.69533575,0.0,0.34368116
0.633435,0.0,0.50405794
0.650278,0.0,0.33427423
0.7175071,0.0,0.17706203
0.50620705,0.0,0.349013
0.29618394,0.0,0.28966874
0.6348834,0.0,0.039309304
0.68513113,0.0,0.051688343
0.87845296,0.0,0.004111069
0.8424724,0.0,0.04671131
0.8718706,0.0,0.0089992145
0.7013093,0.0,0.0078034136
0.6974871,0.0,0.0067766435
0.6264637,0.0,0.052718613
0.74262756,0.0,0.033199195
0.6440438,1.0,0.33262473
0.5758916,0.0,0.005874748
0.70941246,0.0,0.0
0.6147266,1.0,0.16907276
0.64899105,0.0,0.0009232939
0.80466557,0.0,0.0022074385
0.6365547,0.0,0.0073453668
0.57968557,0.0,0.16195224
0.6175735,0.0,0.0
0.91716254,0.0,0.011140446
0.89088243,0.0,0.019001953
0.72780704,0.0,0.09166021
0.7523499,0.0,0.047735427
0.91969573,0.0,0.023429606
0.7946226,0.0,0.02120007
0.74693364,0.0,0.042585038
0.8701222,0.0,0.019591438
0.69379747,0.0,0.21142945
0.7479106,0.0,0.068437845
0.73721987,0.0,0.06420373
0.45974842,0.0,0.79300845
0.67493474,0.0,0.44814107
0.70169145,0.0,0.24137147
0.7178867,0.0,0.48414385
0.81583863,0.0,0.2398291
0.5316722,0.0,0.40254366
0.4408399,0.0,0.55490255
0.61420363,0.0,0.14381729
0.489725,0.0,0.6732388
0.35132688,0.0,0.29046506
0.72846615,0.0,0.008086688
0.77306455,0.0,0.04296073
0.74016255,0.0,0.010095772
0.7410473,0.0,0.20402086
0.5650111,0.0,0.2681704
0.924738,0.0,0.0072633172
0.6322583,0.0,0.0039429995
0.8608355,0.0,0.04877083
0.85627174,0.0,0.0014873766
0.6442973,0.0,0.019424397
0.83295524,0.0,0.0
0.6825018,0.0,0.0
0.45153585,0.0,0.0104564885
0.65801233,0.0,0.0073381457
0.7919134,0.0,0.00971208
0.6577279,0.0,0.299597
0.5530539,0.0,0.00035477598
0.8271989,0.0,0.106123984
0.5358251,0.0,0.021718426
0.6881299,0.0,0.015466524
0.23504707,0.0,0.23752995
0.45995936,0.0,0.13127181
0.17875838,1.0,0.6721433
0.24614033,1.0,0.60410553
0.56641835,1.0,0.40971282
0.42980468,1.0,0.45546874
0.50506353,0.0,0.07415257
0.4501961,1.0,0.2933507
0.56297725,0.0,0.24723504
0.45558906,0.0,0.0
0.43316698,0.0,0.43305743
0.5545969,0.0,0.28006712
0.60635346,0.0,0.008905997
0.3062256,0.0,0.0037031593
0.46668163,0.0,0.46223724
0.7609545,0.0,0.08031081
0.86400294,0.0,0.0658128
0.55045944,0.0,0.03584003
0.606672,0.0,0.3430285
0.8920281,0.0,0.0034094802
0.90437907,0.0,0.036460623
0.7627361,0.0,0.2329828
0.6316014,0.0,0.24639186
0.8661641,0.0,0.004727354
0.8360763,0.0,0.010003578
0.69492215,0.0,0.36948758
0.4420596,0.0,0.53125226
0.82294697,0.0,0.17846948
0.65741456,0.0,0.3757144
0.5785523,0.0,0.3937122
0.79806757,0.0,0.042871546
0.83236766,0.0,0.26954666
0.51503205,0.0,0.5968984
0.36022937,0.0,0.6409704
0.47462025,0.0,0.6245138
0.7626651,0.0,0.03746572
0.5880705,0.0,0.28026918
0.85102856,0.0,0.0109887365
0.8719965,0.0,0.0033425852
0.7650906,0.0,0.055083286
0.7390396,0.0,0.015019025
0.75692225,0.0,0.0
0.5531714,0.0,0.041133914
0.5361725,1.0,0.11049552
0.78125376,1.0,0.027233586
0.75073946,0.0,0.0
0.73322684,0.0,0.0
0.47829482,0.0,0.0
0.6320588,0.0,0.0
0.81864774,0.0,0.006805758
0.57306474,0.0,0.013287476
0.6464832,0.0,0.09894674
0.68558604,0.0,0.023886772
0.6763442,0.0,0.0030523334
0.44896004,0.0,0.2449758
0.84523904,0.0,0.1539204
0.7668497,0.0,0.047577236
0.40920886,0.0,0.15045981
0.44853878,0.0,0.5304834
0.38055056,0.0,0.23085125
0.25672373,0.0,0.78732854
0.44087473,0.0,0.6618022
0.24842992,0.0,0.25543228
0.36702144,0.0,0.30241647
0.8396729,0.0,0.030939927
0.44293192,0.0,0.53765726
0.91136956,0.0,0.09708491
0.51508904,0.0,0.20496619
0.73532313,0.0,0.0
0.8502541,0.0,0.011323904
0.82921165,0.0,0.025746042
0.7171025,0.0,0.01006381
0.8225133,0.0,0.01733486
0.74006563,0.0,0.004074127
0.79829115,0.0,0.0
0.8983705,1.0,0.0636363
0.8097927,0.0,0.00067667075
0.8849492,0.0,0.031322043
0.6316412,0.0,0.0
0.4198229,0.0,0.20000884
0.49255663,0.0,0.17966333
0.7157182,0.0,0.03048284
0.69614035,0.0,0.008891748
0.33924553,0.0,0.2259672
0.48569897,0.0,0.25114188
0.44562277,1.0,0.024052246
0.6881847,0.0,0.091966026
0.26911196,0.0,0.15346473
0.5327912,0.0,0.02377889
0.7478872,0.0,0.0025056237
0.5907702,0.0,0.14460595
0.2978529,0.0,0.3327524
0.4649315,0.0,0.4843497
0.23018573,0.0,0.08205635
0.425662,0.0,0.5275429
0.7155376,0.0,0.25088382
0.4756477,0.0,0.6105872
0.39648974,0.0,0.41868174
0.6529428,0.0,0.14696962
0.8464503,0.0,0.02391394
0.5824601,0.0,0.5233065
0.45170274,0.0,0.54150856
0.58580804,0.0,0.68186533
0.61492115,0.0,0.17304145
0.62107503,0.0,0.05080322
0.6643666,0.0,0.40873173
0.5941992,0.0,0.40640798
0.8341881,0.0,0.0015965106
0.49221504,0.0,0.5114618
0.45578578,0.0,0.58522165
0.49639636,0.0,0.12544721
0.74726254,0.0,0.14094822
0.509499,0.0,0.72336924
0.4447684,1.0,0.58040905
0.6456633,0.0,0.00029652184
0.82171696,0.0,0.13741297
0.3215934,0.0,0.37680572
0.7303802,1.0,0.12759727
0.4917191,0.0,0.0
0.31980023,0.0,0.4044606
0.64808905,0.0,0.27767754
0.65030473,0.0,0.0
0.5151549,0.0,0.089608304
0.4015716,0.0,0.62221164
0.40173924,0.0,0.41176602
0.32852295,0.0,0.43154258
0.43156445,0.0,0.26268172
0.37249273,1.0,0.39534304
0.38912806,1.0,0.7483451
0.5329113,0.0,0.09247582
0.7743154,0.0,0.0
0.7329155,1.0,0.1184076
0.44593126,1.0,0.3435035
0.56650186,0.0,0.0
0.53068465,1.0,0.00786387
0.40122026,1.0,0.47145352
0.82482696,1.0,0.28865656
0.8303808,0.0,0.0
0.764393,1.0,0.14665218
0.39549854,1.0,0.4641312
0.702402,0.0,0.13165565
0.8072282,0.0,0.003218778
0.62279874,1.0,0.13619328
0.64732504,1.0,0.24721229
0.6855187,0.0,0.09052806
0.5601969,0.0,0.0
0.51083267,1.0,0.46834528
0.3193522,1.0,0.70391333
0.6235482,0.0,0.3246824
0.39900228,0.0,0.09214066
0.7563429,0.0,0.27651572
0.62427807,0.0,0.002626126
0.6833041,1.0,0.11503274
0.62827826,1.0,0.23034246
0.76754737,0.0,0.0
0.73024285,0.0,0.030386629
0.50646186,0.0,0.33409888
0.5768099,0.0,0.35107827
0.6938554,0.0,0.5713615
0.6070037,1.0,0.114048935
0.5015202,0.0,0.62710667
0.31079105,0.0,0.7231788
0.36183116,0.0,0.8015168
0.5653236,1.0,0.6633167
0.6007048,1.0,0.4503372
0.5903547,1.0,0.21788995
0.4709775,0.0,0.051880915
0.51954055,0.0,0.56102777
0.41098937,0.0,0.3644333
0.53992885,0.0,0.18339813
0.4931775,0.0,0.41323167
0.76347023,0.0,0.16910744
0.5824924,0.0,0.023139805
0.28229493,0.0,0.12896211
0.3130104,0.0,0.3179666
0.59639925,0.0,0.0030480009
0.7871149,0.0,0.052665133
0.6085499,0.0,0.23090133
0.5191231,0.0,0.13656452
0.3484449,0.0,0.58940977
0.2907254,0.0,0.39206144
0.79735875,0.0,0.027025606
0.6283363,0.0,0.14932784
0.41445974,0.0,0.48666143
0.31736183,0.0,0.092983484
0.61221015,0.0,0.04479897
0.43995842,0.0,0.34936592
0.6427652,0.0,0.13439731
0.20079777,0.0,0.34785742
0.43382442,0.0,0.18515363
0.30699712,0.0,0.7065274
0.3212999,0.0,0.5840585
0.4961522,0.0,0.0043254914
0.48527616,1.0,0.4647102
0.5197604,0.0,0.24196579
0.5825331,0.0,0.33706757
0.6183235,1.0,0.18431728
0.44489518,1.0,0.6905966
0.634895,1.0,0.33157593
0.78275126,0.0,0.03303987
0.806437,1.0,0.26727888
0.4767475,1.0,0.38213548
0.534294,1.0,0.18305275
0.7238054,0.0,0.0
0.77352124,1.0,0.20359093
0.32680848,1.0,0.47587222
0.597588,1.0,0.21600796
0.5235845,0.0,0.002879122
0.5547493,0.0,5.0261347e-06
0.71895003,1.0,0.1420552
0.5840332,0.0,0.0
0.51866496,0.0,0.12607543
0.4741846,0.0,0.09061199
0.33908266,0.0,0.0942267
0.40539882,0.0,0.17254882
0.3051418,0.0,0.48069465
0.6871995,0.0,0.101288006
0.823546,0.0,0.0061694924
0.2031543,0.0,0.16728663
0.40775833,0.0,0.44398275
0.86032873,0.0,0.016671324
0.859763,0.0,0.0
0.63377064,0.0,0.35699007
0.59171915,0.0,0.49722466
0.47924903,0.0,0.4554999
0.7962586,0.0,0.050822917
0.5579838,0.0,0.10851677
0.85586023,0.0,0.012569681
0.8145273,0.0,0.0
0.7799621,0.0,0.0013686321
0.7376593,0.0,0.010095222
0.6978241,0.0,0.0
0.6010362,0.0,0.0
0.63142735,0.0,0.026305227
0.6563258,0.0,0.04735362
0.64013284,0.0,0.0
0.6091072,0.0,0.00257616
0.54445875,1.0,0.27226612
0.8364034,1.0,0.035717495
0.66406226,0.0,0.024279881
0.74615604,0.0,0.07769328
0.77417535,0.0,0.07531905
0.82485074,0.0,0.017464848
0.70121306,0.0,0.0018354306
0.42926806,0.0,0.31776017
0.35851613,0.0,0.11466902
0.7429957,0.0,0.008683709
0.63716173,0.0,0.014424909
0.34473342,0.0,0.23481801
0.28501222,0.0,0.5813236
0.7391429,0.0,0.042731725
0.26897654,0.0,0.4859496
0.6705853,0.0,0.040546294
0.2530366,0.0,0.3716795
0.41039935,0.0,0.24629572
0.55064493,0.0,0.36722073
0.5484737,0.0,0.30371416
0.6405009,0.0,0.33001283
0.7802505,0.0,0.016071275
0.5715332,0.0,0.49617466
0.5011878,0.0,0.59180325
0.42570564,0.0,0.14500663
0.21159284,0.0,0.3653416
0.3333243,0.0,0.52815914
0.42721584,0.0,0.6400009
0.3874652,0.0,0.5296003
0.65847564,0.0,0.03542396
0.52256894,0.0,0.44256383
0.7933828,0.0,0.0018303286
0.33337253,0.0,0.41027084
0.33263883,0.0,0.47988972
0.45894822,0.0,0.31874797
0.31904376,0.0,0.6088521
0.5172873,0.0,0.5424078
0.5826134,0.0,0.46297312
0.7797354,0.0,0.014998105
0.7646437,0.0,0.0
0.39470053,0.0,0.22879581
0.8158893,0.0,0.03343606
0.4841974,0.0,0.07384787
0.59096897,0.0,0.20639338
0.73043895,0.0,0.19446446
0.30713394,0.0,0.495236
0.4959783,0.0,0.11513508
0.8958556,0.0,0.00012969278
0.55452234,0.0,0.0
0.6603489,0.0,0.027677635
0.68656725,0.0,0.0
0.55756336,0.0,0.14509933
0.83779186,0.0,0.011071173
0.3003682,0.0,0.22115114
0.3930612,0.0,0.4299913
0.39321196,0.0,0.0
0.7440812,0.0,0.00022694569
0.64292026,0.0,0.03598961
0.750536,0.0,0.11675811
0.8410752,0.0,0.010375379
0.64054656,0.0,0.014716669
0.24340414,0.0,0.26247552
0.5176609,0.0,0.16479596
0.6626504,0.0,0.18913598
0.58271796,0.0,0.17998488
0.65688264,0.0,0.25917092
0.43575236,0.0,0.11479435
0.8656558,0.0,0.0084026875
0.52764034,0.0,0.0659221
0.60463184,0.0,0.010261849
0.8862599,0.0,0.0019523005
0.898883,0.0,0.018215751
0.6026934,0.0,0.14056718
0.6929591,0.0,0.20738633
0.4934938,0.0,0.0
0.5300298,0.0,0.027495094
0.58467495,0.0,0.3678831
0.33169505,0.0,0.50158113
0.20718606,0.0,0.4536179
0.3404741,0.0,0.21131207
0.6534495,0.0,0.3365589
0.63064843,0.0,0.19469441
0.31625107,0.0,0.62833786
0.38762987,0.0,0.55405015
0.61654586,0.0,0.0593567
0.69484836,0.0,0.6366219
0.6757413,0.0,0.2313734
0.7194131,0.0,0.42655227
0.63693476,0.0,0.6416179
0.6314214,0.0,0.5671232
0.6887513,0.0,0.09774573
0.6059603,0.0,0.34526017
0.7832258,0.0,0.23192722
0.62477905,0.0,0.32660675
0.6167051,0.0,0.7003538
0.76978165,0.0,0.29125872
0.52288514,0.0,0.7545751
0.6429929,0.0,0.29554665
0.6553848,0.0,0.0020252557
0.8089762,0.0,0.07591198
0.47364345,0.0,0.35054496
0.59606767,0.0,0.18334855
0.8150333,0.0,0.0
0.7814343,0.0,0.18923485
0.49887115,0.0,0.45935816
0.7170548,0.0,0.34435531
0.7380585,0.0,0.13813925
0.51589936,0.0,0.5870893
0.46673387,0.0,0.6426582
0.5058003,0.0,0.34868065
0.84037876,0.0,0.16040553
0.8235098,0.0,0.08267473
0.43911803,0.0,0.25216022
0.31920385,0.0,0.12139657
0.6402706,0.0,0.0
0.75548446,0.0,0.06481107
0.5237522,0.0,0.046598125
0.84979236,0.0,0.014283818
0.67440426,0.0,0.0
0.5884335,0.0,0.012992589
0.33574829,0.0,0.0
0.8114888,0.0,0.0070001744
0.8244783,0.0,0.010702265
0.6082006,0.0,0.24693255
0.64337194,0.0,0.4767704
0.77754384,0.0,0.31606397
0.78841096,0.0,0.42228028
0.50107855,0.0,0.66276973
0.8682732,0.0,0.21292292
0.7563306,0.0,0.22456834
0.46845716,0.0,0.32833117
0.8542309,0.0,0.0
0.5921555,0.0,0.0037752604
0.6586148,0.0,0.13434014
0.6264539,0.0,0.2522542
0.8668124,0.0,0.0
0.85841364,0.0,0.0
0.45610824,0.0,0.27921885
0.8014359,0.0,0.010838796
0.67247105,0.0,0.027228037
0.5589332,0.0,0.14732708
0.6724151,0.0,0.10349274
0.73929894,0.0,0.2551553
0.72336334,1.0,0.36799976
0.65942574,0.0,0.36090633
0.5438127,1.0,0.09780166
0.611583,0.0,0.66797626
0.64701855,0.0,0.22802825
0.6622155,0.0,0.0
0.6056377,0.0,0.03155313
0.32477042,0.0,0.08578139
0.69556004,0.0,0.0
0.51492655,0.0,0.0
0.6343935,0.0,0.51604307
0.51207745,0.0,0.3257875
0.66802174,0.0,0.0
0.80956376,0.0,0.106177144
0.5074991,0.0,0.608348
0.8245974,0.0,0.33042985
0.5428485,0.0,0.30773118
0.7897473,0.0,0.43569863
0.4812371,0.0,0.30379027
0.8389786,0.0,0.04956769
0.47650772,0.0,0.25212598
0.4104533,0.0,0.5138534
0.836,0.0,0.0010080109
0.68279344,0.0,0.025543222
0.38579288,0.0,0.06454741
0.5891877,0.0,0.16118667
0.8224861,0.0,0.020248836
0.7866503,0.0,0.0073070796
0.5160459,1.0,0.09731024
0.73032135,0.0,0.0035878194
0.71851933,0.0,0.04156121
0.61494505,1.0,0.07272521
0.75688756,1.0,0.30175552
0.7900953,1.0,0.29431194
0.7237932,0.0,0.50907373
0.65880376,0.0,0.35303727
0.7046038,0.0,0.20159675
0.54933673,0.0,0.448987
0.45051077,0.0,0.27726525
0.7295233,0.0,0.0021141963
0.329438,0.0,0.016182465
0.50725865,0.0,0.29195142
0.60597146,0.0,0.106796086
0.88349885,0.0,0.00361682
0.54115796,0.0,0.28933728
0.53500783,0.0,0.17798238
0.84410465,0.0,0.023195373
0.84102136,0.0,0.0
0.49915403,0.0,0.42528227
0.30002314,0.0,0.23492384
0.7294616,0.0,0.100015335
0.6248031,0.0,0.75262076
0.5673292,0.0,0.5377344
0.56924814,0.0,0.10652124
0.79832596,0.0,0.30237308
0.64397025,0.0,0.5605606
0.81362593,0.0,0.19464831
0.77146274,0.0,0.4441494
0.56998825,0.0,0.895077
0.5616689,0.0,0.8169514
0.80732423,0.0,0.7283773
0.7192858,0.0,0.9012012
0.69114965,0.0,0.57827944
0.7412824,0.0,0.7981764
0.81613296,0.0,0.62553704
0.7025602,0.0,0.4346902
0.6828898,0.0,0.30096698
0.67795014,0.0,0.61963123
0.6022719,0.0,0.17951551
0.7061318,0.0,0.12540886
0.54528517,0.0,0.40707383
0.6697188,0.0,0.38236707
0.5815195,0.0,0.0
0.40898132,0.0,0.1085597
0.37849823,0.0,0.44247496
0.80959976,0.0,0.16518691
0.6134866,0.0,6.8039306e-05
0.6680861,0.0,0.1955192
0.46479267,0.0,0.26473886
0.6302572,0.0,0.03715836
0.7241997,0.0,0.29422995
0.48957345,0.0,0.5662545
0.5338012,0.0,0.4670032
0.583986,0.0,0.37054735
0.46979505,0.0,0.60844177
0.35258973,0.0,0.6994773
0.39324892,0.0,0.4672444
0.40340072,0.0,0.3795512
0.4269935,0.0,0.23744322
0.76188624,0.0,0.13726442
0.5243886,0.0,0.16965337
0.847923,0.0,0.017825387
0.6123482,0.0,0.11295094
0.5839939,0.0,0.030996786
0.4619773,0.0,0.0
0.73517346,0.0,0.033475697
0.8146486,0.0,0.0
0.741799,1.0,0.012752018
0.7483606,0.0,0.0011188136
0.6517373,0.0,0.017213434
0.71596247,1.0,0.17916223
0.59550595,0.0,0.23888198
0.67865044,0.0,0.297351
0.6802926,0.0,0.34498432
0.63349664,0.0,0.26877397
0.39575082,0.0,0.2639713
0.80134594,0.0,0.5479753
0.50169,0.0,0.40799296
0.7350632,0.0,0.0
0.625422,0.0,0.15057802
0.5659041,0.0,0.51836926
0.68854314,0.0,0.035862017
0.6627961,1.0,0.004991336
0.59997493,0.0,0.38084716
0.6004043,0.0,0.1721849
0.79558057,0.0,0.0
0.8365052,0.0,0.030259585
0.5712099,0.0,0.5240791
0.81441945,0.0,0.42313722
0.63886666,0.0,0.33289832
0.71098226,0.0,0.41762647
0.50137967,0.0,0.5093084
0.80177665,0.0,0.15176395
0.76769894,0.0,0.21180426
0.84268713,0.0,0.23848061
0.8870949,0.0,0.013144817
0.7550063,0.0,0.17326851
0.727702,1.0,0.0648609
0.62822586,1.0,0.10216844
0.82992375,0.0,0.067678824
0.8593269,0.0,0.0
0.49155527,1.0,0.2721279
0.67408955,0.0,0.004728942
0.7202703,0.0,0.05660386
0.66351867,1.0,0.20273499
0.6354884,1.0,0.34475657
0.7214599,0.0,0.37444213
0.7599085,0.0,0.6983278
0.7179677,0.0,0.3271095
0.5909595,0.0,0.09380485
0.78323793,0.0,0.5081638
0.44331816,0.0,0.4144929
0.7544103,0.0,0.0
0.7235485,0.0,0.05964974
0.4241237,0.0,0.46117857
0.76402116,0.0,0.019415947
0.46437863,1.0,0.018213691
0.6145376,0.0,0.3680859
0.554415,0.0,0.24479459
0.8309536,0.0,0.0
0.8217134,0.0,0.06652815
0.6240275,0.0,0.5454278
0.81956655,0.0,0.24662721
0.80697423,0.0,0.132936
0.80302745,0.0,0.47338736
0.5781898,0.0,0.37803844
0.7976711,1.0,0.015587657
0.6605874,0.0,0.1154769
0.58311564,1.0,0.13910244
0.85908467,0.0,0.0
0.5519195,0.0,0.10875599
0.47869658,1.0,0.11981355
0.56569827,1.0,0.16512853
0.88719916,0.0,0.0090611745
0.84871113,0.0,0.0
0.6024746,1.0,0.31213748
0.7832976,0.0,0.0056550023
0.8091829,0.0,0.020194309
0.66119605,1.0,0.15534176
0.77416134,1.0,0.49301568
0.808411,0.0,0.38187078
0.662087,1.0,0.45812806
0.7493266,0.0,0.2639872
0.79905105,1.0,0.18623942
0.7218232,0.0,0.37553638
0.5662609,0.0,0.28829753
0.7664781,0.0,0.0
0.72162086,0.0,0.0006978974
0.46199238,0.0,0.2274488
0.76155156,0.0,0.06684231
0.63997877,0.0,0.0
0.77736056,0.0,0.0008959277
0.6717658,0.0,0.28725284
0.7410456,0.0,0.0
0.7886101,0.0,0.0
0.42877355,0.0,0.05265482
0.7080738,0.0,0.25217566
0.7282905,0.0,0.11455403
0.45304134,0.0,0.18556578
0.4359372,0.0,0.48799443
0.5257069,0.0,0.31228447
0.3239685,0.0,0.45121378
0.44838068,0.0,0.24946626
0.61270595,0.0,0.39372808
0.3859879,0.0,0.52279145
0.6665677,0.0,0.6364325
0.6092348,0.0,0.76217604
0.5616733,0.0,0.18594888
0.64288133,0.0,0.17718163
0.74426305,0.0,0.75309396
0.5611232,0.0,0.25212517
0.6328591,0.0,0.24620628
0.57435495,0.0,0.4564569
0.46201822,1.0,0.49480596
0.83791393,0.0,0.033223365
0.8358188,0.0,0.01255166
0.4638633,1.0,0.41031918
0.5180496,1.0,0.13158014
0.7635358,0.0,0.0006647321
0.81412095,1.0,0.26102108
0.38023812,1.0,0.48887154
0.7833629,0.0,0.0
0.79682136,0.0,0.0005967848
0.53813535,1.0,0.3097824
0.6676721,1.0,0.36003318
0.57579553,0.0,0.26375565
0.38619784,1.0,0.44381216
0.59856504,1.0,0.21992113
0.45343912,1.0,0.5003911
0.49024916,0.0,0.5916982
0.74998355,0.0,0.005049561
0.45224765,1.0,0.18144503
0.42981863,0.0,0.49886596
0.8205332,0.0,0.10812624
0.8150002,0.0,0.004303011
0.6426751,1.0,0.4277617
0.52882886,0.0,0.5819527
0.4984642,0.0,0.35162595
0.77220863,0.0,0.26711354
0.8482107,0.0,0.013810182
0.50245357,0.0,0.2431694
0.4073015,0.0,0.34211767
0.83986235,0.0,0.0014511569
0.5914879,0.0,0.0055825305
0.29317045,0.0,0.54496485
0.28863642,0.0,0.3900378
0.54511976,0.0,0.05127255
0.4827948,0.0,0.6118898
0.6689607,0.0,0.14432846
0.4845628,0.0,0.72237813
0.38377035,0.0,0.45756343
