gate_value,label,rsa
0.5223059,0.0,1.0
0.55836195,0.0,0.5353275
0.6183115,0.0,0.38324952
0.42856076,0.0,0.44901684
0.87027574,0.0,0.10551902
0.5514647,0.0,0.6452038
0.5409217,0.0,0.054535266
0.37718195,0.0,0.33768982
0.5523277,0.0,0.48117802
0.8719141,0.0,0.68261296
0.516906,0.0,0.10435704
0.7260152,0.0,0.50092673
0.9322851,0.0,0.08586629
0.83067954,0.0,0.21716584
0.9248793,0.0,0.0
0.7957058,0.0,0.49438912
0.7618597,0.0,0.06222903
0.8204065,0.0,0.6576885
0.8489098,0.0,0.13248798
0.52467006,0.0,0.80548954
0.49614692,0.0,0.3786326
0.7202907,0.0,0.41795695
0.7403601,0.0,0.01690362
0.3874042,0.0,0.5994762
0.5924834,1.0,0.39593157
0.9622435,0.0,0.007913774
0.47459334,1.0,0.17136566
0.9684019,0.0,0.0
0.35777587,1.0,0.16650604
0.7903608,0.0,0.12192892
0.9375439,0.0,0.42825627
0.8328966,1.0,0.8978357
0.9224356,1.0,0.454001
0.50772274,1.0,0.29796952
0.5791179,0.0,0.0010141023
0.8802733,0.0,0.0
0.64743435,1.0,0.23533353
0.9614976,0.0,0.03346708
0.7318407,1.0,0.3570579
0.87904334,0.0,0.685494
0.9181021,0.0,0.73232806
0.6307202,1.0,0.41766113
0.561736,0.0,0.26294753
0.2736357,1.0,0.57511264
0.53965425,0.0,0.07650758
0.7166509,1.0,0.27255532
0.55263793,1.0,0.66504216
0.46551767,0.0,0.45981467
0.8513694,0.0,0.13603827
0.6960232,0.0,0.41062877
0.90526724,0.0,0.57411647
0.69293094,0.0,0.42220953
0.656392,0.0,0.058965124
0.5618103,0.0,0.5837476
0.36822024,0.0,0.060596604
0.9357897,0.0,0.27484265
0.49359792,0.0,0.5375962
0.50277424,0.0,0.5497188
0.6280832,0.0,0.252522
0.7206536,0.0,0.0
0.8343725,0.0,0.07523088
0.90572566,0.0,0.0
0.5200315,0.0,0.15123133
0.73425263,0.0,0.00064135937
0.6557195,0.0,0.34672672
0.5843817,0.0,0.30397362
0.6698253,0.0,0.019728312
0.79312307,0.0,0.31837684
0.56628984,0.0,0.5885045
0.4989375,0.0,0.49137974
0.8562182,0.0,0.051772203
0.601556,0.0,0.34960687
0.9131851,0.0,0.15333788
0.73831046,0.0,0.25880858
0.95760626,0.0,0.0
0.60484016,0.0,0.16089194
0.84149873,0.0,0.0
0.43495184,1.0,0.3069134
0.5401654,0.0,0.067330085
0.3736022,1.0,0.6109186
0.6071371,0.0,0.37437087
0.5987104,1.0,0.11538508
0.58066106,0.0,0.80395746
0.75280535,1.0,0.6088014
0.32557908,1.0,0.26068473
0.97717154,0.0,0.09736703
0.58515954,0.0,0.3504192
0.9438597,0.0,0.032894693
0.8487383,0.0,0.3062043
0.77508193,0.0,0.0
0.57464385,0.0,0.36771226
0.55314046,0.0,0.20619415
0.5986635,0.0,0.29191816
0.86325854,0.0,0.7612267
0.8077989,0.0,0.98852354
0.671331,0.0,0.4600668
0.83719736,0.0,0.3133389
0.55916,0.0,0.417662
0.8295108,0.0,0.024883138
0.9029763,0.0,0.3331595
0.68762845,0.0,0.35458463
0.5670771,0.0,0.09663953
0.97215736,0.0,0.0
0.7534317,0.0,0.3439729
0.8725227,0.0,0.40394467
0.9818314,0.0,0.0
0.92671967,0.0,0.12360801
0.87137187,0.0,0.5509112
0.5722455,0.0,0.5558273
0.9810147,0.0,0.029784348
0.850301,0.0,0.5863978
0.53589666,0.0,0.08677908
0.8010583,0.0,0.4167594
0.9445651,0.0,0.0009433978
0.942304,0.0,0.0
0.979832,0.0,0.0
0.9879969,0.0,0.018812349
0.9649203,0.0,0.0
0.946981,0.0,0.06649278
0.9353841,0.0,0.16322103
0.49850026,0.0,0.11700425
0.64158803,0.0,0.62633973
0.8046289,0.0,0.4691279
0.6894932,0.0,0.19748224
0.8469136,0.0,0.46150708
0.80697924,0.0,0.40803525
0.6705637,0.0,0.16484639
0.8287861,0.0,0.07408277
0.4023094,0.0,0.40036118
0.8723783,0.0,0.18844841
0.8198061,0.0,0.26334232
0.62153286,0.0,0.13291377
0.7132384,0.0,0.6378437
0.757947,0.0,0.24721283
0.45371917,0.0,0.4623618
0.97543734,0.0,0.0014202622
0.44595164,0.0,0.02743532
0.9468256,0.0,0.009987754
0.83698887,0.0,0.0009966722
0.7442049,1.0,0.07745558
0.6225252,0.0,0.00011384324
0.9261873,0.0,0.0005915062
0.83007014,0.0,0.0
0.96551025,0.0,0.0
0.94546306,0.0,0.0060458523
0.8485732,0.0,0.0
0.8164431,0.0,0.0
0.5109701,0.0,0.0
0.8548847,0.0,0.027199943
0.6401035,0.0,0.00017367833
0.83963174,0.0,0.0053764093
0.71072394,0.0,0.21670564
0.42958635,0.0,0.24883121
0.80098724,0.0,0.24129036
0.6050394,0.0,0.31530026
0.66819614,0.0,0.57325345
0.6870053,0.0,0.6270637
0.64835894,0.0,0.502269
0.8113945,0.0,0.038374342
0.5139911,0.0,0.4567881
0.68114156,0.0,0.162226
0.44229454,0.0,0.59056383
0.47902352,0.0,0.34538817
0.8210553,0.0,0.41042683
0.6602053,0.0,0.112718835
0.7079569,0.0,0.55339533
0.93249494,0.0,0.043534286
0.63339674,1.0,0.55243987
0.40912917,1.0,0.53491277
0.5221738,1.0,0.6549659
0.87815654,1.0,0.36112392
0.97001743,1.0,0.20577131
0.9765245,1.0,0.30615684
0.7779676,1.0,0.56464106
0.9296519,1.0,0.47823873
0.9497871,1.0,0.0459825
0.8908078,1.0,0.24910313
0.95564926,1.0,0.21523117
0.88389516,0.0,0.0
0.7445299,1.0,0.43328488
0.77318174,1.0,0.6557332
0.94897246,1.0,0.22789411
0.9302509,0.0,0.2856792
0.8951236,1.0,0.7875656
0.69996625,0.0,0.39921388
0.5926633,0.0,0.013433883
0.7779708,0.0,0.010172701
0.97000533,0.0,0.18891257
0.7035343,0.0,0.0
0.3225281,0.0,0.10827307
0.5018123,0.0,0.3795607
0.80468434,0.0,0.0
0.93010587,0.0,0.0
0.8308835,0.0,0.24980405
0.8184248,0.0,0.0279737
0.84595424,0.0,0.0
0.9079235,0.0,0.0
0.61241657,0.0,0.07697757
0.7815462,1.0,0.321015
0.9111399,1.0,0.106017984
0.9612818,0.0,0.0
0.6747823,1.0,0.07472225
0.44751206,0.0,0.012730518
0.9059303,0.0,0.0
0.8725267,0.0,0.0
0.73647153,0.0,0.10096266
0.8865171,0.0,0.15398085
0.7303541,0.0,0.0
0.7967308,0.0,0.0
0.44427985,0.0,0.47288728
0.5352254,0.0,0.18911964
0.8454956,0.0,0.12175759
0.69481295,0.0,0.48862684
0.7440133,0.0,0.06288131
0.4783581,0.0,0.07603056
0.406619,0.0,0.6163971
0.29779613,0.0,0.18588135
0.8547872,0.0,0.0065038134
0.70953196,0.0,0.14377326
0.40700063,0.0,0.3968081
0.62482953,0.0,0.09762643
0.96935534,0.0,0.005803513
0.4935093,0.0,0.32766765
0.43836862,0.0,0.6669681
0.7828134,0.0,0.046732545
0.901629,0.0,0.41955024
0.973592,0.0,0.035651688
0.58181554,0.0,0.5736476
0.8960996,0.0,0.44142023
0.8937454,0.0,0.004225565
0.80100936,0.0,0.28127638
0.9558099,0.0,0.02202405
0.8556749,0.0,0.2726607
0.73113126,0.0,0.12649538
0.92719,0.0,0.34586242
0.865573,0.0,0.012565928
0.6974996,1.0,0.24812394
0.5990274,1.0,0.4560473
0.9326577,0.0,0.008477724
0.7967818,1.0,0.11337082
0.8363374,1.0,0.27972445
0.9704324,0.0,0.07372068
0.92673653,0.0,0.30301684
0.8931972,0.0,0.5685911
0.8669911,0.0,0.75132704
0.89884,0.0,0.1546574
0.8066121,0.0,0.16692267
0.7078283,0.0,0.33317667
0.93935287,0.0,0.0030808502
0.74300236,0.0,0.0047957227
0.9373377,0.0,0.0026793755
0.9714546,0.0,0.03564905
0.88429594,0.0,0.0
0.54150736,0.0,0.24144398
0.79619205,0.0,0.105200805
0.9444648,0.0,0.0013597116
0.9740175,0.0,0.0
0.3484225,0.0,0.2769362
0.79611886,0.0,0.0044722143
0.6717813,0.0,0.011298133
0.66588473,0.0,0.23992863
0.48437166,0.0,0.18574412
0.793348,0.0,0.0022779151
0.6783917,0.0,0.07579632
0.89274424,0.0,0.28019786
0.72905046,0.0,0.30087304
0.6228531,0.0,0.6944005
0.47717205,0.0,0.44056848
0.8788093,0.0,0.02335012
0.8832894,0.0,0.31579763
0.5542016,0.0,0.42244655
0.48031527,0.0,0.7162987
0.9208461,0.0,0.041410092
0.8200547,0.0,0.11797847
0.6732273,0.0,0.6126012
0.52007544,0.0,0.23423555
0.68513006,0.0,3.7932765e-05
0.71281916,0.0,0.30507034
0.43562067,0.0,0.3756085
0.88968354,0.0,0.04899806
0.9836875,0.0,0.0027182852
0.97191286,0.0,0.2565204
0.9485226,0.0,0.23909566
0.9821568,0.0,0.0049371757
0.88330936,1.0,0.48875406
0.9590147,1.0,0.4551816
0.9525854,0.0,0.07614828
0.8552668,0.0,0.0010927214
0.6567388,1.0,0.42576522
0.79969656,0.0,0.55627763
0.97697294,0.0,0.16761322
0.75304675,0.0,0.3725219
0.86000496,0.0,0.5521467
0.94981056,0.0,0.65850097
0.9512989,0.0,0.14564146
0.7927774,0.0,0.4230146
0.71780926,0.0,0.8356506
0.48664775,0.0,0.28152493
0.9760681,0.0,0.12875868
0.7743193,0.0,0.18297601
0.9766178,0.0,0.06061959
0.98655486,0.0,0.0
0.92377067,0.0,0.0015454063
0.9341539,0.0,0.0019277731
0.8592816,1.0,0.056466695
0.8428817,1.0,0.036599763
0.60531455,1.0,0.37569487
0.80416185,1.0,0.18873289
0.48151216,1.0,0.43608856
0.5267209,0.0,0.3676562
0.62357485,0.0,0.08550111
0.5815397,0.0,0.002458711
0.6927022,1.0,0.12448542
0.94971216,0.0,0.008731655
0.90160966,0.0,0.088169105
0.9574506,0.0,0.0
0.9599127,0.0,0.044877704
0.84201276,0.0,0.007790899
0.97186446,0.0,0.060353253
0.5653014,0.0,0.0
0.93411756,0.0,0.18162753
0.7653828,0.0,0.6914421
0.83948445,0.0,0.56147
0.8269191,0.0,0.5271449
0.7053463,0.0,0.12688673
0.6810573,0.0,0.19736464
0.975008,0.0,0.030462608
0.97092324,0.0,0.00076989376
0.92723596,0.0,0.04976491
0.9566132,0.0,0.0
0.7922966,0.0,0.018741315
0.9661274,0.0,0.0011533113
0.9390116,0.0,0.0039549
0.54166156,0.0,0.06521563
0.96254116,0.0,0.29349738
0.9494057,0.0,0.024954563
0.70544547,0.0,0.78435427
0.7676828,0.0,0.1697914
0.71248394,0.0,0.34255597
0.53889716,1.0,0.4879494
0.32222667,0.0,0.40752885
0.50677335,0.0,0.41065666
0.5834536,0.0,0.071536265
0.64986813,1.0,0.28710654
0.58792865,0.0,0.506288
0.5660959,0.0,0.090103194
0.91152126,0.0,0.11755169
0.909744,0.0,0.43304324
0.356233,0.0,0.20659429
0.74493974,0.0,0.0
0.81936693,0.0,0.16145703
0.60456574,0.0,0.28309268
0.9004619,0.0,0.0
0.8099887,0.0,0.004877698
0.9153014,0.0,0.19073322
0.53202057,0.0,0.4559768
0.8383381,0.0,0.22049896
0.8241117,0.0,0.055142798
0.49272144,0.0,0.70282143
0.5124796,0.0,0.34618214
0.6975274,0.0,0.16028383
0.78905797,0.0,0.3210754
0.7847691,0.0,0.00022235334
0.7410657,0.0,0.19211408
0.9712196,0.0,0.0017892272
0.63078356,0.0,0.35578656
0.89547086,0.0,0.37368354
0.95780426,0.0,0.0
0.89662594,0.0,0.09225969
0.8675453,0.0,0.06018789
0.73969835,0.0,0.1632073
0.9256922,0.0,0.27488643
0.7467188,0.0,0.49755153
0.5119445,0.0,0.5700326
0.61501175,0.0,0.7077677
0.72126085,0.0,0.3404362
0.49223593,0.0,0.86775494
0.9343917,0.0,0.61555463
0.54768807,0.0,0.37942922
0.6186829,0.0,0.47627258
0.56865025,0.0,0.46049467
0.5238698,0.0,0.045659576
0.6376217,0.0,6.881211e-05
0.74411434,0.0,0.19750686
0.8387506,0.0,0.4594297
0.90558475,0.0,0.0060296245
0.7408736,0.0,0.34519902
0.9580346,0.0,0.021048574
0.76185673,0.0,0.28319415
0.813065,0.0,0.00045970306
0.7388294,0.0,0.36186442
0.5795826,0.0,0.60754293
0.66591537,0.0,0.22561893
0.8441567,0.0,0.17203802
0.9385138,0.0,0.00078136654
0.94310325,0.0,0.0
0.80529916,0.0,0.0
0.90879935,0.0,0.0
0.57274634,0.0,0.010244152
0.8305953,0.0,0.098727114
0.52466774,1.0,0.4289578
0.57598346,1.0,0.7294594
0.7825478,0.0,0.41555735
0.7731024,0.0,0.013948122
0.92337215,0.0,0.093311384
0.8843571,0.0,0.06915912
0.40116894,0.0,0.23369661
0.7938178,0.0,0.08934549
0.9181204,0.0,0.00029485216
0.8890138,0.0,0.0
0.36884382,0.0,0.23215407
0.7071404,0.0,0.0154348165
0.89014536,0.0,0.0
0.66229445,0.0,0.0
0.48991656,0.0,0.12888849
0.48985818,0.0,0.46694344
0.28613365,0.0,0.1957744
0.42403635,0.0,0.63826907
0.5779708,0.0,0.19340123
0.7669316,0.0,0.29931113
0.7361905,0.0,0.3196015
0.60724926,0.0,0.26887423
0.80019253,0.0,0.24321315
0.94734144,0.0,0.0689565
0.8751244,0.0,0.18486942
0.7471445,0.0,0.023595357
0.90822285,0.0,0.45669627
0.60913277,0.0,0.40371737
0.77661717,0.0,0.43652692
0.68052197,0.0,0.6435932
0.43115497,0.0,0.32266584
0.4625298,0.0,0.4959078
0.47248158,0.0,0.21530291
0.37667066,0.0,0.62348646
0.4909828,0.0,0.36166772
0.63483095,0.0,0.02373506
0.7039727,0.0,0.2677897
0.59941787,0.0,0.39852887
0.6787826,0.0,0.19725743
0.69161034,0.0,0.0020810696
0.7019349,0.0,0.021122908
0.8348505,0.0,0.08952482
0.78545016,0.0,0.016372463
0.50612944,0.0,0.3334406
0.44187173,0.0,0.38012034
0.7709426,1.0,0.33364606
0.31832424,0.0,0.049938142
0.8416524,0.0,0.095794156
0.59750694,0.0,0.54095435
0.5962467,0.0,0.52034575
0.6836633,0.0,0.19581601
0.86287326,0.0,0.54026365
0.87319535,0.0,0.12167484
0.3857901,1.0,0.6596174
0.7315158,1.0,0.38495988
0.86711997,0.0,0.00021461386
0.86919796,0.0,0.15922678
0.51003665,0.0,0.32135805
0.6611833,0.0,0.06885279
0.86709845,0.0,0.0
0.7664936,0.0,0.07318666
0.700228,0.0,0.5537779
0.5081249,0.0,0.21463421
0.67111737,0.0,0.00024199404
0.5212838,0.0,0.33499604
0.67314434,0.0,0.6049328
0.6480482,0.0,0.24409789
0.8527039,0.0,0.16464278
0.6549366,0.0,0.5170529
0.6814072,0.0,0.7263181
0.4462694,0.0,0.48267052
0.5541874,0.0,0.44636056
0.70130116,0.0,0.16668041
0.8182218,0.0,0.36892143
0.70107794,0.0,0.42364952
0.72553045,0.0,0.097317725
0.8285329,0.0,0.0
0.84295094,0.0,0.38084617
0.59893113,0.0,0.5522761
0.7495879,0.0,0.03986427
0.98728263,0.0,0.0006590103
0.7148411,0.0,0.31916276
0.5920243,0.0,0.15173109
0.5851903,0.0,0.009320033
0.6060798,0.0,0.5122715
0.9700487,0.0,0.0039121886
0.83523864,0.0,0.36234042
0.9306671,0.0,0.09132456
0.80852383,0.0,0.51056856
0.70933026,0.0,0.4161799
0.96406996,0.0,0.11162926
0.783679,0.0,0.25703716
0.82155925,1.0,0.45147356
0.77745754,1.0,0.3626475
0.6296478,1.0,0.4192591
0.4174677,0.0,0.0061901542
0.6309697,1.0,0.67721593
0.46043292,1.0,0.63347775
0.9629769,0.0,0.050362613
0.856862,0.0,0.38955146
0.53796494,0.0,0.38496006
0.87603563,0.0,0.10905398
0.8989615,0.0,0.17775546
0.7039655,0.0,0.23819427
0.70443803,0.0,0.008361268
0.7127549,0.0,0.07179631
0.90587574,0.0,0.0007933204
0.8780979,0.0,0.027944569
0.7196406,0.0,0.0062976694
0.8937395,0.0,0.0004650013
0.6665373,0.0,0.13704385
0.66243106,0.0,0.15797244
0.8304567,0.0,0.03182186
0.8976297,0.0,0.010774108
0.7396902,0.0,0.09598554
0.6513565,0.0,0.44686103
0.6611345,0.0,0.0076422975
0.7974068,0.0,0.27188843
0.9078749,0.0,0.0014801179
0.9632928,0.0,0.0
0.91409194,0.0,0.0
0.94716305,0.0,0.0046707764
0.6924046,0.0,0.06823573
0.7367694,0.0,0.0737369
0.4819942,0.0,0.038098235
0.8134645,0.0,0.08965242
0.40387306,1.0,0.28892908
0.47456846,1.0,0.68452406
0.7568626,1.0,0.08356031
0.8929813,1.0,0.51936114
0.42164987,1.0,0.7614347
0.5469541,0.0,0.552229
0.6678519,0.0,0.011011422
0.59767354,1.0,0.32984826
0.89670557,0.0,0.4832439
0.5405036,0.0,0.23478916
0.72581756,0.0,0.0036611487
0.97195184,0.0,0.11183112
0.5231944,0.0,0.55263203
0.62979347,0.0,0.010129444
0.8743348,0.0,0.0034935488
0.5530085,0.0,0.27113193
0.44351625,0.0,0.22669594
0.4667561,0.0,0.013746891
0.39184985,0.0,0.21811166
0.7929945,0.0,0.7032404
0.6190688,0.0,0.5414986
0.6763237,0.0,0.3692209
0.48053092,0.0,0.19925009
0.95911545,0.0,0.013495129
0.7736278,0.0,0.0
0.7764077,0.0,0.0
0.85738724,0.0,0.00061849004
0.6054551,0.0,0.007047006
0.37889794,0.0,0.015614807
0.57330734,1.0,0.47445965
0.81166357,0.0,0.29546347
0.3004805,0.0,0.09141068
0.3498636,1.0,0.17680967
0.838687,0.0,0.38243416
0.675121,0.0,0.0064538396
0.50178456,0.0,0.0005955084
0.5511153,0.0,0.25783497
0.4562645,0.0,0.19242796
0.93476665,0.0,0.0121545745
0.621284,0.0,0.3689184
0.5773816,0.0,0.105147816
0.9084614,0.0,0.0
0.8616847,0.0,0.0
0.9174479,0.0,0.035455
0.83292687,0.0,0.0
0.5974077,0.0,0.23958272
0.73253274,0.0,0.6891543
0.7926114,0.0,0.012941528
0.74950385,0.0,0.4183839
0.5844389,0.0,0.31207892
0.6527724,0.0,0.47975335
0.95391595,0.0,0.11860733
0.4729885,0.0,0.28696463
0.779712,0.0,0.088207036
0.79733753,0.0,0.3519446
0.3940609,0.0,0.21267603
0.56733656,0.0,0.3293285
0.4544269,0.0,0.3606421
0.91740036,0.0,0.0123317465
0.7959422,0.0,5.1130995e-05
0.6169367,0.0,0.35529825
0.62636817,0.0,0.6144734
0.9131733,0.0,0.18131907
0.7204706,0.0,0.3896484
0.8207894,1.0,0.2528794
0.70544934,1.0,0.6685545
0.844456,1.0,0.7261793
0.81880707,1.0,0.06692695
0.91003275,1.0,0.3368863
0.6494093,1.0,0.5776575
0.59705377,1.0,0.28824228
0.65769225,0.0,0.028703418
0.7720509,1.0,0.27282873
0.7882464,1.0,0.19941111
0.6841183,0.0,0.01588393
0.5842697,0.0,0.225888
0.5126963,1.0,0.48814884
0.65655905,0.0,0.069275215
0.62208563,0.0,0.07131133
0.7841664,0.0,0.36727974
0.5338164,0.0,0.5130713
0.42880738,0.0,0.37170523
0.9045051,0.0,0.20341587
0.7505067,0.0,0.39103955
0.66457874,0.0,0.0021563363
0.8219705,0.0,0.05982392
0.8170535,0.0,0.63409215
0.72695106,0.0,0.17373359
0.89047325,0.0,0.38138926
0.721102,1.0,0.55888534
0.6509024,1.0,0.55445623
0.5602573,0.0,0.33932614
0.81147355,1.0,0.05505165
0.8427893,1.0,0.59857875
0.66672975,1.0,0.52586377
0.6445726,0.0,0.4839517
0.8947055,1.0,0.0882842
0.7513372,1.0,0.6531002
0.6831133,1.0,0.6966981
0.5627708,0.0,0.89954144
0.84108144,0.0,0.5841065
0.8494708,0.0,0.41989076
0.83770895,0.0,0.5804508
0.62850964,0.0,0.57983714
0.7733721,0.0,0.61183506
0.6028771,0.0,0.17861463
0.52843034,0.0,0.4081219
0.91610014,0.0,0.0
0.9349675,0.0,0.36582372
0.7449732,0.0,0.15718669
0.682878,0.0,0.6478493
0.7507137,0.0,0.06072004
0.61863774,0.0,0.50787395
0.7606879,0.0,0.67343247
0.78598934,0.0,0.123701476
0.4738302,0.0,0.5407209
0.7058252,0.0,0.44515616
0.6562967,0.0,0.51334727
0.94431573,0.0,0.026819158
0.91421056,0.0,0.12642393
0.7985219,1.0,0.6137786
0.73709905,0.0,0.29157278
0.724404,0.0,0.008013342
0.5944239,0.0,0.41691536
0.71866083,0.0,0.51972413
0.865358,0.0,0.49590415
0.91106844,0.0,0.3425881
0.7985575,0.0,0.10822179
0.85147005,0.0,0.0
0.9097266,0.0,0.26792422
0.95789826,0.0,0.0034687482
0.6073741,0.0,2.6742198e-05
0.83397543,0.0,0.18029067
0.5663027,0.0,0.2968384
0.8923325,0.0,0.007666524
0.8906265,0.0,0.0
0.87552756,0.0,0.47305176
0.7510488,0.0,0.5253599
0.9766743,0.0,0.0
0.67265964,0.0,0.3013342
0.9526308,0.0,0.47165558
0.9083759,0.0,0.36807013
0.74002486,0.0,0.5707029
0.9754166,0.0,0.034574043
0.45205873,0.0,0.6075092
0.9474296,0.0,0.10582112
0.6881246,0.0,0.011145866
0.5401321,0.0,0.40185848
0.7472634,0.0,0.13260764
0.95304024,0.0,0.0
0.5988322,0.0,0.30158043
0.6496938,0.0,0.45355636
0.6116349,0.0,0.22646981
0.54276067,0.0,0.0
0.916526,0.0,0.003331983
0.80803084,0.0,0.1337107
0.90410584,0.0,0.04292526
0.9520417,0.0,0.0
0.9683935,0.0,0.09318758
0.84954435,0.0,0.55832213
0.9626556,0.0,0.09798124
0.757649,0.0,0.6507586
0.5059717,0.0,0.38964215
0.81456405,0.0,0.0
0.9436414,0.0,0.11856888
0.7439065,0.0,0.54036343
0.6409467,0.0,0.22459982
0.96016586,1.0,0.14489788
0.9021735,1.0,0.4178856
0.47760725,1.0,0.5133283
0.7553534,1.0,0.5002072
0.8906561,1.0,0.10891471
0.9391969,0.0,0.041831158
0.7440184,1.0,0.3473992
0.89366925,1.0,0.13458663
0.9328105,0.0,0.0
0.6514854,0.0,0.49926838
0.73383236,1.0,0.6167193
0.79580724,0.0,0.101402186
0.5821634,1.0,0.482795
0.9457332,0.0,0.09535385
0.796814,0.0,0.0
0.7214396,1.0,0.37698856
0.9633681,1.0,0.105674
0.8563153,1.0,0.69472253
0.9229004,1.0,0.6979241
0.86768156,0.0,0.6270534
0.9555901,0.0,0.15858519
0.9134009,0.0,0.29163745
0.9009102,0.0,0.2822713
0.5771713,0.0,0.570954
0.7515908,1.0,0.8451642
0.46593022,0.0,0.3189353
0.8608618,1.0,0.22558972
0.7846423,1.0,0.1680224
0.9514938,1.0,0.11576016
0.56105185,0.0,0.14285818
0.9352657,0.0,0.07126155
0.90012026,0.0,0.03583085
0.8757294,0.0,0.04793552
0.9071119,0.0,0.44781762
0.5713597,0.0,0.4819648
0.6453316,0.0,0.27743065
0.65659684,0.0,0.09954566
0.5449442,0.0,0.6597409
0.76468176,0.0,0.48129493
0.81395537,0.0,0.6470321
0.84719074,0.0,0.019184537
0.8630156,0.0,0.29250577
0.8830599,0.0,0.08002306
0.92665243,0.0,0.051032495
0.9680606,0.0,0.23524399
0.8273017,0.0,0.008110315
0.91248035,0.0,0.4006737
0.89090705,0.0,0.06197421
0.97734296,0.0,0.034729343
0.86518025,0.0,0.068576045
0.926018,0.0,0.0
0.9572294,0.0,0.0
0.70617676,0.0,0.03766073
0.3582337,0.0,0.0
0.5733703,0.0,0.455711
0.35691094,0.0,0.233223
0.7848117,0.0,0.096568756
0.47877997,0.0,0.16210988
0.75868756,0.0,0.39928794
0.7881291,0.0,0.20237668
0.58508986,0.0,0.3702109
0.36062044,0.0,0.8197432
0.49426207,0.0,0.5412905
0.5938587,0.0,0.7661752
0.44570944,0.0,0.912636
0.36303577,0.0,0.2468158
0.4143751,0.0,0.31103036
0.50335276,0.0,0.58511764
0.61712486,0.0,0.32698014
0.39646313,0.0,0.36393076
0.6170179,0.0,0.25777775
0.825765,0.0,0.009619588
0.9806625,0.0,0.00344513
0.9329104,0.0,0.0
0.9312678,0.0,0.0
0.9405644,0.0,0.008800227
0.6898381,0.0,0.0
0.46550542,0.0,0.25234646
0.74586004,0.0,0.26192802
0.47168657,0.0,0.5942645
0.6825623,0.0,0.5479368
0.7380651,0.0,0.0005380969
0.59756684,0.0,0.17895013
0.8884963,0.0,0.30633464
0.8814137,0.0,0.004553889
0.7740673,0.0,0.29770628
0.6271719,0.0,0.28559905
0.39204612,0.0,0.00036758807
0.958194,0.0,0.0397131
0.9413159,0.0,0.43468362
0.71399224,0.0,0.24424048
0.61106354,0.0,0.5168245
0.7548871,0.0,0.17186263
0.9855195,0.0,0.035650726
0.39218122,0.0,0.26463726
0.89056456,0.0,0.016574223
0.9784418,0.0,0.0
0.9356122,0.0,0.013187303
0.88542885,0.0,0.00060069456
0.6934302,0.0,0.0
0.87355226,0.0,0.028747713
0.8568121,0.0,0.0038762954
0.7504418,0.0,0.18892756
0.77860016,0.0,0.3070697
0.80683494,0.0,0.023935271
0.6167095,0.0,0.09436835
0.62321365,0.0,0.5591828
0.62504476,0.0,0.33056808
0.57161826,0.0,0.42187852
0.5546474,0.0,0.6691725
0.8882158,0.0,0.21319838
0.69013613,0.0,0.38752434
0.969218,0.0,0.13919199
0.8464994,0.0,0.26040083
0.90277493,0.0,0.036299646
0.4887787,0.0,0.23621479
0.6532714,0.0,0.62160003
0.591959,0.0,0.086011305
0.5385962,0.0,0.48199284
0.58043253,0.0,0.41541916
0.6389811,0.0,0.6592835
0.61030704,0.0,0.30130532
0.94996554,0.0,0.021039309
0.7351905,0.0,0.07931768
0.7466303,0.0,0.411622
0.93179464,0.0,0.02558034
0.7372162,0.0,0.0
0.5355931,0.0,0.39377514
0.7498838,0.0,0.20217629
0.863344,0.0,0.0
0.46547902,0.0,0.22013515
0.74188775,0.0,0.5505091
0.5199827,0.0,0.5645199
0.72487015,0.0,0.56998914
0.90055394,0.0,0.07812072
0.77357066,0.0,0.17546675
0.9292611,0.0,0.0
0.9609758,0.0,0.018527692
0.9088602,0.0,0.0004890125
0.9325415,0.0,0.0
0.77925277,0.0,0.0
0.6395174,0.0,0.0019070443
0.66615456,0.0,0.015570088
0.40021312,0.0,0.36816132
0.4615036,0.0,0.35933733
0.5977564,0.0,0.72069436
0.41901508,0.0,0.37976104
0.6925553,0.0,0.053897902
0.6709982,0.0,0.29597917
0.88896245,0.0,2.3365565e-05
0.4862714,0.0,0.38150185
0.8475891,0.0,0.2548461
0.3557243,0.0,0.42823777
0.5834829,0.0,0.5390775
0.6154631,0.0,0.0057103774
0.8909604,0.0,0.0
0.6285029,0.0,0.29785785
0.82804793,0.0,0.28476363
0.93460304,0.0,0.0011089594
0.9791379,0.0,0.04524959
0.652923,0.0,0.3558212
0.8926644,0.0,0.17155324
0.95072955,0.0,0.00087444345
0.8215296,0.0,0.19763888
0.59928024,0.0,0.12627219
0.82931143,0.0,0.014961347
0.94435006,0.0,0.018770173
0.88327014,0.0,0.01876845
0.8127201,0.0,0.28692427
0.8313282,0.0,0.080910176
0.6850754,0.0,0.6851584
0.5042468,0.0,0.47501433
0.5873254,0.0,0.9235179
0.653019,0.0,0.55231744
0.65626526,0.0,0.19766718
0.9339732,0.0,0.6784935
0.82559836,0.0,0.22369711
0.76129854,0.0,0.352769
0.92649543,0.0,0.04264445
0.75668323,0.0,0.35678825
0.8373614,0.0,0.5728574
0.925529,0.0,0.015993135
0.72859305,0.0,0.26536262
0.918781,0.0,0.0054488024
0.9107702,0.0,0.07306399
0.8567528,0.0,0.0
0.9882527,0.0,0.0
0.950026,0.0,0.0003909551
0.97800326,0.0,0.0143750785
0.9783372,0.0,0.0
0.95695794,0.0,0.0576077
0.67422837,0.0,0.1641487
0.5026643,0.0,0.3366744
0.39521936,0.0,0.31633458
0.7683024,0.0,0.4264679
0.61084354,0.0,0.6492301
0.47216612,0.0,0.40543658
0.42791098,0.0,0.013668912
0.6520795,0.0,0.21367896
0.8436374,0.0,0.0017564263
0.83322644,0.0,0.12809123
0.666996,0.0,0.20241886
0.9661977,0.0,0.0
0.85230696,0.0,0.0
0.5019071,0.0,0.36350068
0.72602785,0.0,0.19874562
0.97735935,0.0,0.005065138
0.4592933,0.0,0.18062167
0.57974553,0.0,0.5272726
0.9356773,0.0,0.21286549
0.9073213,0.0,0.25785258
0.6825332,0.0,0.29687363
0.6169621,0.0,0.6512537
0.6161695,0.0,0.8086644
0.8373884,0.0,0.391135
0.63774025,0.0,0.8857366
0.6086749,0.0,0.36246246
0.6315457,0.0,0.24278459
0.79959905,0.0,0.26760754
0.94030696,0.0,0.023660604
0.910708,0.0,0.095915616
0.97316664,0.0,0.017781405
0.9727625,0.0,0.03316316
0.9521717,0.0,0.030453399
0.9710764,0.0,0.010665747
0.5572792,0.0,0.037668686
0.40937725,0.0,0.33231473
0.9358632,0.0,0.0012015277
0.4606832,0.0,0.28193453
0.88566864,0.0,0.28228706
0.599248,0.0,0.64752626
0.72707194,0.0,0.16205226
0.5169677,0.0,0.44285342
0.6167815,0.0,0.49199602
0.679546,0.0,0.027057206
0.8595463,0.0,0.095869124
0.6817378,0.0,0.18085569
0.3324578,0.0,0.35532886
0.9298205,0.0,0.01581903
0.8744608,0.0,0.01970464
0.499638,0.0,0.6136888
0.4854203,0.0,0.28014827
0.62878376,0.0,0.36241764
0.89055294,0.0,0.3098646
0.9290854,0.0,0.022829395
0.2969292,0.0,0.15663894
0.77699274,0.0,0.09830248
0.9491933,0.0,0.005572521
0.96844906,0.0,0.009580487
0.9419448,0.0,0.006681971
0.5698212,0.0,0.012218198
0.9760222,0.0,0.0035421231
0.90687674,0.0,0.082581945
0.6922279,0.0,0.10567099
0.83579004,0.0,0.64057404
0.8101086,0.0,0.20106576
0.4284645,1.0,0.6713073
0.45636812,1.0,0.5951901
0.7642356,0.0,0.09628836
0.7831464,1.0,0.045856524
0.39840627,1.0,0.13472024
0.38855895,1.0,0.5350185
0.44194236,1.0,0.4966401
0.6800034,1.0,0.29017413
0.62488204,0.0,0.047317676
0.58231854,1.0,0.3777034
0.60187143,1.0,0.28067416
0.92287064,0.0,0.050809216
0.9124496,0.0,0.005439097
0.90953463,1.0,0.32990745
0.37462336,0.0,0.46418276
0.82606673,0.0,0.0007933766
0.97966945,0.0,0.028230764
0.66230637,0.0,0.5897575
0.5719103,0.0,0.33126426
0.7382681,0.0,0.14435484
0.78017217,0.0,0.66668105
0.39985132,0.0,0.6378711
0.33748326,0.0,0.029084979
0.8007579,0.0,0.4565027
0.94005764,0.0,0.0
0.9844358,0.0,0.013563798
0.97351134,0.0,0.0056668026
0.82196254,0.0,0.0
0.969296,0.0,0.007138909
0.71544975,0.0,0.043454807
0.91905725,0.0,0.0
0.8696827,0.0,0.1513082
0.6709792,1.0,0.29768175
0.50003976,1.0,0.70796114
0.86711675,1.0,0.22804342
0.4907264,1.0,0.7470775
0.52489525,0.0,0.07258548
0.9229287,1.0,0.23728317
0.96368057,0.0,0.078419246
0.7032114,1.0,0.4176469
0.86981726,1.0,0.09703073
0.5349119,1.0,0.5641213
0.5227851,1.0,0.47455683
0.96352714,0.0,0.0
0.92457217,1.0,0.4299514
0.65495574,1.0,0.5806416
0.36682108,1.0,0.2456918
0.93849,0.0,0.06079829
0.8514987,0.0,0.036093727
0.6820502,0.0,0.3385737
0.78598666,1.0,0.22630073
0.9231266,0.0,0.0009500877
0.55361223,0.0,0.091593646
0.828353,0.0,0.58949155
0.81215525,0.0,0.25136515
0.4771666,0.0,0.61322093
0.6071371,0.0,0.10874945
0.9416785,0.0,0.035850372
0.8139419,0.0,0.023809118
0.79683554,0.0,0.0
0.7277509,0.0,0.009200495
0.88544196,0.0,0.0
0.7347088,0.0,0.0
0.78991336,0.0,0.10761831
0.91537666,0.0,0.022717327
0.49013996,0.0,0.060394056
0.7638074,0.0,0.19872491
0.9580097,0.0,0.22742906
0.9145083,0.0,0.017370977
0.74818265,0.0,0.36522734
0.3913947,0.0,0.5216363
0.9287866,0.0,0.24123521
0.94980365,0.0,0.48934427
0.97524786,0.0,0.022790466
0.8952239,0.0,0.012326058
0.49684656,0.0,0.3013242
0.8931307,1.0,0.46361384
0.94085675,0.0,0.0
0.52131814,0.0,0.22606742
0.7619277,1.0,0.51665896
0.8603474,1.0,0.14181358
0.8778963,0.0,0.0072923237
0.82311857,0.0,1.0
0.69029164,0.0,0.28553477
0.43930683,0.0,0.5177248
0.5710592,0.0,0.18767543
0.6971755,0.0,0.47727275
0.9243649,0.0,0.15450943
0.94477075,1.0,0.33738598
0.6617746,1.0,0.62231165
0.6172354,1.0,0.7241093
0.8478127,0.0,0.059029788
0.6590857,0.0,0.33698434
0.6386828,1.0,0.36068106
0.57790023,1.0,0.20221826
0.95003915,0.0,0.050964814
0.71860754,0.0,0.6809854
0.55253834,1.0,0.5425843
0.5032238,1.0,0.21860395
0.71496695,0.0,0.29560986
0.8321462,0.0,0.026109593
0.91490185,0.0,0.4650046
0.5942268,0.0,0.41525912
0.48026708,0.0,0.5195224
0.60460657,0.0,0.2197796
0.6737884,0.0,0.003534628
0.75494117,0.0,0.4580926
0.89850324,0.0,0.4999324
0.7370619,0.0,0.157966
0.93705595,0.0,0.039972432
0.8438016,0.0,0.60368055
0.75341165,0.0,0.72524196
0.684258,0.0,0.27854973
0.89646167,0.0,0.5666225
0.7574227,0.0,0.30082172
0.6959353,0.0,0.072388
0.95272714,0.0,0.35160863
0.9259227,1.0,0.015981644
0.88296646,1.0,0.36854807
0.96829414,1.0,0.02084558
0.7789259,1.0,0.55927277
0.7908545,1.0,0.25807056
0.92986995,0.0,0.35470706
0.8819069,0.0,0.4784544
0.7947137,1.0,0.7807026
0.79829717,1.0,0.56900895
0.88604033,1.0,0.007614392
0.79081774,1.0,0.5223131
0.921941,1.0,0.7950139
0.84709394,0.0,0.31914765
0.7216788,1.0,0.4748194
0.86730754,0.0,0.72086996
0.8689675,0.0,0.113232225
0.6930594,0.0,0.1018348
0.92706317,0.0,0.5553021
0.8861928,0.0,0.059557788
0.76261246,0.0,0.47975615
0.9137537,0.0,0.014608301
0.93087375,0.0,0.1159236
0.965138,0.0,0.0
0.9546874,0.0,0.08497653
0.8466891,0.0,0.17456484
0.9592221,0.0,0.34230694
0.82109404,0.0,0.5287697
0.53190905,0.0,0.18117577
0.44694257,0.0,0.47488293
0.7242405,0.0,0.0046632807
0.9023308,0.0,0.0
0.78658175,1.0,0.0
0.9382219,0.0,0.017158367
0.90803766,0.0,0.0032687932
0.71127385,0.0,0.42968127
0.67922246,0.0,0.5873241
0.8406932,0.0,0.14218149
0.7015003,0.0,0.050052714
0.93342644,0.0,0.13020773
0.9721788,0.0,0.0028623103
0.77693754,1.0,0.17914736
0.8179081,1.0,0.18626752
0.88013333,0.0,0.007496588
0.9605567,0.0,0.00018315032
0.91455656,1.0,0.13892582
0.7457455,0.0,0.25904116
0.7245256,1.0,0.49813285
0.91885304,1.0,0.3248729
0.64713144,1.0,0.9239642
0.6742641,1.0,0.5061592
0.87500864,1.0,0.266818
0.9330874,1.0,0.8084576
0.8562558,1.0,0.20387958
0.8821953,1.0,0.12533318
0.648335,1.0,0.7168482
0.7019209,1.0,0.5357363
0.8906926,0.0,0.05273094
0.65207666,0.0,0.49770385
0.33129144,0.0,0.30401576
0.35436141,0.0,0.53616357
0.7315105,0.0,0.7192304
0.5689084,0.0,1.0
0.53030676,0.0,1.0
0.3704129,0.0,0.76299274
0.5091978,0.0,0.49159017
0.39022508,0.0,0.59511065
0.41875687,0.0,0.6756217
0.61134785,0.0,0.7152031
0.54602057,0.0,0.56849104
0.48444954,1.0,0.58944017
0.57346284,1.0,0.26335615
0.6501317,0.0,0.26211172
0.57968265,1.0,0.3729111
0.42406487,0.0,0.41476968
0.67176497,1.0,0.6783576
0.6306707,0.0,0.113230586
0.40247485,1.0,0.6114179
0.8523272,0.0,0.35032958
0.88616884,0.0,0.0032129597
0.5805068,0.0,0.15599445
0.8695422,1.0,0.017768828
0.5368732,1.0,0.35350165
0.6549007,1.0,0.29184225
0.80466807,0.0,0.015616362
0.69832176,0.0,0.14679298
0.50971645,0.0,0.10488795
0.96780807,0.0,0.0
0.618819,0.0,0.19308197
0.89698267,0.0,0.040313642
0.9269469,0.0,0.064592466
0.86443263,0.0,0.63847613
0.85129845,0.0,0.39670753
0.65959674,0.0,0.3801352
0.5434742,0.0,0.7950873
0.5108057,0.0,0.60772866
0.7777669,0.0,0.25404912
0.8748334,0.0,0.2208333
0.6564129,0.0,0.36594212
0.78097796,0.0,0.48563895
0.65665805,0.0,0.0888674
0.83643186,0.0,0.06424854
0.71497256,0.0,0.15096489
0.6848487,0.0,0.047562256
0.7752369,0.0,0.028762186
0.80047786,0.0,0.051072706
0.82029337,0.0,0.1677897
0.8939506,0.0,2.324152e-06
0.40346768,0.0,0.13287513
0.5986208,0.0,0.2737986
0.90724427,0.0,0.1135182
0.82607895,0.0,0.06932738
0.8795597,0.0,0.13878837
0.9489557,0.0,0.0
0.9608519,0.0,0.0
0.877758,0.0,0.0
0.5224538,0.0,0.009915744
0.6015111,0.0,0.15650803
0.41677678,0.0,0.8571572
0.70571256,0.0,0.37160158
0.6845988,0.0,0.040819757
0.74865055,0.0,0.0
0.52393675,0.0,0.012678459
0.8733552,0.0,0.038700394
0.85201275,0.0,0.001567334
0.92637825,0.0,0.2968377
0.6271979,0.0,0.004772762
0.7389345,0.0,0.6586352
0.7792761,0.0,0.32185712
0.9219045,0.0,0.0
0.89759886,0.0,0.12660569
0.6760966,0.0,0.2848178
0.68522894,0.0,0.19998571
0.9179926,0.0,0.13995144
0.7929194,0.0,0.6265007
0.74911886,0.0,0.54488665
0.5625933,0.0,0.78126603
0.64475626,0.0,0.26722494
0.9102147,1.0,0.3293375
0.7695033,1.0,0.47513005
0.82294303,1.0,0.59388375
0.7429891,1.0,0.502581
0.80471945,0.0,0.37231416
0.85329765,0.0,0.28657427
0.9045068,0.0,0.603294
0.6201471,0.0,0.33904052
0.91257715,0.0,0.22925647
0.849307,0.0,0.699708
0.538663,0.0,0.26020566
0.8337105,0.0,0.26941496
0.7308359,0.0,0.37154093
0.89382124,0.0,0.02228792
0.69555724,0.0,0.6002567
0.77646464,0.0,0.12961918
0.5448004,0.0,0.48773965
0.7925012,0.0,0.17580807
0.7494356,0.0,0.60563964
0.62984663,0.0,0.06987617
0.48648348,0.0,0.08138792
0.57644105,0.0,0.05674076
0.47777924,0.0,0.017311228
0.72826225,0.0,0.10042676
0.64807034,0.0,0.13506609
0.60026425,0.0,0.0072176047
0.63066155,0.0,0.24925636
0.9019725,0.0,0.19914341
0.58053035,0.0,0.069977045
0.74739176,0.0,0.16939536
0.78075856,0.0,0.021785302
0.90954244,0.0,0.0
0.855009,0.0,0.0006657614
0.870635,0.0,0.0
0.9085904,0.0,0.00068864075
0.70372903,0.0,0.0
0.5701826,0.0,0.19058834
0.8315333,0.0,0.0057235123
0.398475,0.0,0.70120335
0.6373017,0.0,0.635219
0.8027992,0.0,0.49806944
0.72875726,0.0,0.053298447
0.5640175,0.0,0.0
0.48387623,0.0,0.07126066
0.8744417,0.0,0.0
0.82486045,0.0,0.0
0.8617767,0.0,0.0
0.8764886,0.0,0.0002537965
0.82417434,0.0,0.0045075943
0.92495733,0.0,0.0
0.6838962,0.0,0.08874305
0.8402294,0.0,0.028929112
0.9124632,0.0,0.07558357
0.9407364,0.0,0.32247314
0.72254544,0.0,0.112319075
0.7005854,0.0,0.7600538
0.8801052,0.0,0.7286447
0.7815015,0.0,0.23353876
0.6474601,0.0,0.8192506
0.75199413,0.0,0.49820852
0.67530876,0.0,0.08712762
0.84650165,0.0,0.52435696
0.81231636,0.0,0.053252406
0.75077116,0.0,0.024348559
0.85570073,0.0,0.118131526
0.77304506,0.0,0.4053772
0.9593829,0.0,0.14359908
0.71065575,0.0,0.476877
0.948311,0.0,0.07122047
0.805286,0.0,0.6650303
0.5081599,0.0,0.32343686
0.72107494,0.0,0.46134326
0.75458103,0.0,0.62073296
0.55549973,0.0,0.23114708
0.47004578,0.0,0.0
0.6762297,0.0,0.088220246
0.9159716,0.0,0.015531555
0.59603226,0.0,0.16393712
0.85394925,0.0,0.036182314
0.90986633,0.0,0.018198667
0.5426523,0.0,0.26464197
0.86800164,0.0,0.07018574
0.8143059,0.0,0.0011723507
0.5384747,0.0,0.36417422
0.53926045,0.0,0.41075364
0.48181266,0.0,0.31808668
0.29997087,0.0,0.38046062
0.62021035,0.0,0.15382923
0.6319773,0.0,0.15218236
0.9734691,0.0,0.0
0.8568691,0.0,0.0
0.83681977,0.0,0.0073731234
0.7757718,0.0,0.0
0.87188685,0.0,0.043643147
0.40836534,0.0,0.39643344
0.5708665,0.0,0.25398242
0.80623406,0.0,0.055867292
0.7409648,0.0,0.06702766
0.8867362,0.0,0.012297341
0.53504527,0.0,0.12470758
0.82488143,0.0,0.0015615107
0.6813757,0.0,0.0012023227
0.60213095,0.0,0.28211135
0.83671886,0.0,0.022615468
0.72314435,0.0,0.28553146
0.6610967,0.0,0.50085294
0.8264951,0.0,0.3696
0.87293667,0.0,0.2212052
0.6600723,0.0,0.5376116
0.75388616,0.0,0.42997342
0.8852545,0.0,0.37088546
0.7160243,0.0,0.12338421
0.85973334,0.0,0.4511081
0.91066325,0.0,0.1325768
0.8480484,0.0,0.52404684
0.93988025,0.0,0.31202862
0.7525901,0.0,0.70110744
0.8709975,0.0,0.1753733
0.8352688,0.0,0.24161854
0.9134726,0.0,0.016099654
0.7948567,0.0,0.068080254
0.6964319,0.0,0.0
0.931185,0.0,0.0
0.8518789,0.0,0.060455814
0.84875476,0.0,0.040289443
0.7081694,0.0,0.06782925
0.5242385,0.0,0.3164247
0.5618397,0.0,0.5593586
0.89556205,0.0,0.042593338
0.76395506,0.0,0.6456032
0.5076453,0.0,0.18998525
0.80095154,0.0,0.0
0.73314214,0.0,0.0
0.9562552,0.0,0.0
0.6716999,0.0,0.0
0.80619305,0.0,0.1216517
0.6573382,0.0,0.29256052
0.8303504,0.0,0.46259972
0.91482085,0.0,0.002157384
0.81770176,0.0,0.15058184
0.81788266,0.0,0.0038435445
0.9226236,0.0,0.035238776
0.6945278,0.0,0.039086007
0.9566702,0.0,0.0555431
0.85916126,0.0,0.24772868
0.58011013,0.0,0.20240124
0.74595076,0.0,0.56815714
0.6590391,0.0,0.08555294
0.77064574,0.0,0.4748786
0.9630061,0.0,0.44953546
0.8789,0.0,0.4611429
0.60492945,0.0,0.3175399
0.8241768,0.0,0.4418453
0.9279173,0.0,0.0070614917
0.5362528,0.0,0.32090035
0.95864326,0.0,0.21738462
0.77017194,0.0,0.006677614
0.59726614,0.0,0.7231851
0.78725314,0.0,0.38656864
0.82015175,0.0,0.14534163
0.8226887,0.0,0.46378118
0.7087862,0.0,0.7553244
0.82666653,0.0,0.5948719
0.80639696,0.0,0.56942266
0.7595282,0.0,0.5008344
0.8171385,0.0,0.11151359
0.87263817,0.0,0.15385173
0.8621189,0.0,0.0
0.60630125,0.0,0.0039255195
0.65157443,0.0,0.024959061
0.9409995,0.0,0.014213197
0.5720542,0.0,0.11147921
0.85681653,0.0,0.05107238
0.63770956,0.0,0.045429446
0.55383193,0.0,0.18411362
0.3516325,0.0,0.5050432
0.68382806,0.0,0.24011755
0.45371535,0.0,0.098622516
0.8910117,0.0,0.0
0.6522216,0.0,0.001479376
0.9439003,0.0,0.0
0.66411203,0.0,0.0
0.9007257,0.0,0.011016261
0.75069755,0.0,0.04182663
0.7540487,0.0,0.12297561
0.42661497,0.0,0.14521834
0.471774,0.0,0.5928868
0.6848628,0.0,0.35499656
0.8090022,0.0,0.24827671
0.6371971,0.0,0.14680086
0.45717913,0.0,0.5884767
0.6225034,0.0,0.4203865
0.58123213,0.0,0.29762778
0.55262935,0.0,0.045537397
0.79987323,0.0,0.10921623
0.8338184,0.0,0.0027846426
0.8435762,0.0,0.0
0.7138812,0.0,0.025896482
0.8281239,0.0,0.009368441
0.5670072,0.0,0.24026777
0.92258555,0.0,0.028825859
0.556113,0.0,0.24137768
0.78882706,0.0,0.39225546
0.7662687,0.0,0.8814403
0.93896025,0.0,0.54334253
0.9658612,0.0,0.3149993
0.8744331,0.0,0.85501933
0.8224016,0.0,0.46478748
0.8447201,0.0,0.6602945
0.80963665,0.0,0.2928067
0.6238366,0.0,0.39848998
0.81552744,0.0,0.11630898
0.7424302,0.0,0.25658843
0.836213,0.0,0.17678323
0.8513283,0.0,0.01739969
0.8634426,1.0,0.2800591
0.7595791,1.0,0.24288605
0.7445103,1.0,0.1400952
0.9375715,0.0,0.009400337
0.63737446,1.0,0.5507916
0.69664115,0.0,0.22439891
0.581253,1.0,0.38473254
0.7940534,0.0,0.111428164
0.8160804,0.0,0.43413925
0.84766483,0.0,0.4152821
0.80608577,0.0,0.008084778
0.7191119,0.0,0.34775212
0.9062549,0.0,0.04912919
0.8078701,0.0,0.06177724
0.9040229,0.0,0.022809476
0.7897155,0.0,0.066326715
0.76748616,0.0,0.14960419
0.548083,0.0,0.20669822
0.7957908,0.0,0.2171634
0.73783153,0.0,0.010920398
0.30957228,0.0,0.52634954
0.39461213,0.0,0.4746453
0.8599525,0.0,0.08134235
0.8829068,0.0,0.20272598
0.8408547,0.0,0.0
0.95116216,0.0,0.0031188536
0.6349521,0.0,0.0218725
0.9065639,0.0,0.0061804256
0.7596837,0.0,0.012419286
0.7571726,0.0,0.01624212
0.533142,0.0,0.01722265
0.5698265,0.0,0.012681361
0.7655464,0.0,0.006893793
0.55008435,1.0,0.14974773
0.89132583,1.0,0.20242615
0.7861988,0.0,0.07546432
0.6110838,0.0,0.077451535
0.64129144,0.0,0.0049162824
0.6775282,0.0,0.004864892
0.74347585,0.0,0.017043404
0.59009385,0.0,0.19661374
0.6900604,0.0,0.16456203
0.90905,0.0,0.7617314
0.86683226,0.0,0.36862344
0.81917834,0.0,0.63277406
0.7415504,0.0,0.45980465
0.6641248,0.0,0.3326597
0.7620421,0.0,0.04003354
0.7567534,0.0,0.0875966
0.5245727,0.0,0.053485453
0.834367,0.0,0.08072633
0.64963955,1.0,0.40006724
0.6656008,0.0,0.09493663
0.61976224,1.0,0.364663
0.8598634,1.0,0.5850756
0.8145208,1.0,0.7208512
0.95813185,0.0,0.07570701
0.79674804,1.0,0.40678686
0.92546916,0.0,0.0052758614
0.8604846,1.0,0.36866516
0.86658233,1.0,0.062441356
0.5640599,1.0,0.17472139
0.89712304,1.0,0.5354448
0.8472837,1.0,0.13720568
0.7276503,1.0,0.7670382
0.5550111,0.0,0.6985943
0.43304616,1.0,0.6382262
0.6112303,1.0,0.4448368
0.8161432,1.0,0.3558992
0.74802214,0.0,0.008337647
0.8852336,0.0,0.022225056
0.88099456,0.0,0.0053617936
0.6291116,0.0,0.097353026
0.89260274,0.0,0.0
0.8893291,0.0,0.14469506
0.9598725,0.0,0.08785626
0.94406503,0.0,0.07133798
0.7679872,0.0,0.0036816185
0.6910288,0.0,0.16063231
0.76748025,0.0,0.046325676
0.9061208,0.0,0.049315877
0.5337308,0.0,0.389175
0.9763322,0.0,0.51459944
0.9006823,0.0,0.39352378
0.8370375,0.0,0.0055702496
0.8958664,0.0,0.3243325
0.75340617,0.0,0.21524267
0.7365833,0.0,0.33460367
0.67264587,0.0,0.82493585
0.6271739,0.0,0.6761866
0.6121876,0.0,0.4945935
0.7162522,0.0,0.39363807
0.7830248,0.0,0.18852891
0.68971056,0.0,0.6354024
0.5263441,0.0,0.2645561
0.7521928,0.0,0.06385076
0.6068379,0.0,0.04069147
0.7012493,0.0,0.0
0.8290116,0.0,0.0022838353
0.57789004,0.0,0.0
0.5640192,0.0,0.011061277
0.5374951,0.0,0.010866173
0.5452463,0.0,0.0040751863
0.27406257,0.0,0.03311015
0.51951355,0.0,0.07618314
0.7401889,0.0,0.05838678
0.69295096,0.0,0.013159822
0.7552792,0.0,0.0
0.739927,0.0,0.014254615
0.37811404,0.0,0.0057791886
0.8959751,1.0,0.04420161
0.30115604,0.0,0.012200441
0.40947467,0.0,0.0039389348
0.5733961,0.0,0.08252995
0.63235366,0.0,0.102273755
0.3335988,0.0,0.43722957
0.89685655,0.0,0.14567667
0.7937105,0.0,0.78237087
0.6541587,0.0,0.6891174
0.72788775,0.0,0.29823422
0.5378748,0.0,0.7537223
0.8632268,0.0,0.5724155
0.8944801,0.0,0.09880812
0.89108735,0.0,0.18696237
0.6421546,0.0,0.40297487
0.82936966,0.0,0.5109524
0.80543065,0.0,0.39347234
0.9008391,0.0,0.37024176
0.5902592,0.0,0.8493854
0.78514194,0.0,0.19579157
0.5996083,0.0,0.48928785
0.77217996,0.0,0.3403504
0.67003375,0.0,0.67998856
0.7001693,0.0,0.49332097
0.6659195,0.0,0.13383193
0.49359897,0.0,0.12775484
0.55715185,0.0,0.44724026
0.7398462,0.0,0.22731258
0.5479943,0.0,0.6284042
0.6197649,0.0,0.7396918
0.6852986,0.0,0.5063459
0.6407782,0.0,0.715514
0.71253544,0.0,0.6300619
0.8886809,0.0,1.0
0.81167734,1.0,0.20600334
0.72902024,1.0,0.22684492
0.6466977,0.0,0.0046967333
0.8770347,1.0,0.12633601
0.7015944,0.0,0.010001079
0.92301106,0.0,0.09706325
0.7975328,0.0,0.019472789
0.8719924,0.0,0.25570217
0.57627356,0.0,0.3197104
0.8159261,0.0,0.55716777
0.7434977,0.0,0.40545925
0.74652827,0.0,0.0
0.8627055,0.0,0.26541898
0.88507384,0.0,0.036157694
0.80884475,0.0,0.0014402554
0.4903961,0.0,0.057071984
0.73875874,0.0,0.39476785
0.77095366,0.0,0.014297508
0.8796709,0.0,0.007150926
0.651477,0.0,0.2647792
0.50145787,0.0,0.15333258
0.683161,0.0,0.4742519
0.75512004,0.0,0.20941183
0.83501375,0.0,0.60725605
0.5628255,1.0,0.6786499
0.66391116,1.0,0.6126836
0.5414904,1.0,0.34797502
0.9015097,1.0,0.3849994
0.89035493,1.0,0.096887805
0.75733846,1.0,0.49259683
0.85056233,0.0,0.13632976
0.6557237,0.0,0.5860283
0.8035003,0.0,0.63369584
0.61905825,0.0,0.088031776
0.7328464,1.0,0.36703795
0.82593495,0.0,0.0
0.82422173,1.0,0.2563769
0.71475846,0.0,0.025075046
0.86994946,1.0,0.33838817
0.85611266,1.0,0.07545581
0.8987633,1.0,0.4866696
0.7024737,1.0,0.29263496
0.69475263,1.0,0.30930066
0.8817795,0.0,0.42383108
0.85960805,0.0,0.43414015
0.7849138,0.0,0.53214025
0.6150303,0.0,0.32867685
0.92335236,0.0,0.0
0.9622497,1.0,0.09840183
0.86738414,0.0,0.003464071
0.767258,1.0,0.047147885
0.7755042,0.0,0.0015268996
0.81685436,1.0,0.33273736
0.81354904,1.0,0.06903557
0.92152584,1.0,0.3679026
0.82011974,1.0,0.46220836
0.931775,1.0,0.81886023
0.7947852,0.0,0.4935987
0.822295,0.0,0.14943781
0.8809872,0.0,0.0065135914
0.906978,0.0,0.024717983
0.81112987,0.0,0.4327896
0.7116476,0.0,0.0
0.62335795,0.0,0.0
0.87725765,0.0,0.28730348
0.5938725,1.0,0.45557883
0.8008551,0.0,0.043583278
0.7659847,0.0,0.0022116473
0.63247454,0.0,0.30327123
0.90857494,0.0,0.40562347
0.70990294,0.0,0.026245447
0.7513042,0.0,0.067363776
0.7372796,0.0,0.4555234
0.6443864,0.0,0.14236754
0.61361545,0.0,0.5758921
0.94420093,0.0,0.035566825
0.6621808,0.0,0.8046292
0.802042,0.0,0.40750715
0.6410503,0.0,0.25407836
0.8188301,0.0,0.5434158
0.71665776,0.0,0.40732965
0.7244002,0.0,0.12934774
0.6832321,0.0,0.05755203
0.80972177,0.0,0.4756495
0.644919,0.0,0.46053725
0.6500678,0.0,0.5310018
0.7460612,0.0,0.019462312
0.89583194,0.0,0.3504909
0.8070062,0.0,0.031118855
0.7200439,0.0,0.34774098
0.8655352,0.0,0.03913985
0.7470945,1.0,0.3389697
0.83713144,0.0,0.0042305784
0.8669006,1.0,0.26335797
0.9356322,1.0,0.34393448
0.8058922,0.0,0.0
0.83881855,0.0,0.24500135
0.9067817,0.0,0.012146227
0.6928809,0.0,0.77860343
0.42449787,0.0,0.4960608
0.68440473,0.0,0.14108965
0.7828501,0.0,0.29689148
0.5497229,0.0,0.509071
0.4559819,0.0,0.087948635
0.71347404,0.0,0.0
0.90177476,0.0,0.19986323
0.4849612,0.0,0.43075415
0.5623336,0.0,0.0
0.9126707,0.0,0.0
0.81078875,0.0,0.40280977
0.6034538,0.0,0.3928231
0.7923142,0.0,0.14547835
0.6236283,0.0,0.5639647
0.95237374,0.0,0.03530915
0.793597,0.0,0.63881946
0.9603703,0.0,0.092669815
0.96663564,0.0,0.38634402
0.88846296,0.0,0.098742425
0.7268063,0.0,0.45673358
0.74110806,0.0,0.40236732
0.65866476,1.0,0.48158938
0.769163,1.0,0.51630384
0.9071164,1.0,0.3786694
0.95079654,0.0,0.040588424
0.96443176,0.0,0.07620005
0.93677086,0.0,0.0
0.95459634,0.0,0.24335413
0.933934,0.0,0.019147312
0.87813616,0.0,0.38465253
0.81100637,0.0,0.13217053
0.6674236,0.0,0.43565145
0.86129475,0.0,0.09793091
0.79421663,0.0,0.27704418
0.8054399,0.0,0.04839967
0.7567758,0.0,0.1796443
0.7436861,0.0,0.10155157
0.917762,0.0,0.012307917
0.9191475,0.0,0.0001373348
0.87403965,0.0,0.0595771
0.74464905,0.0,0.028696422
0.85933506,0.0,0.0011150278
0.84416467,0.0,0.069972716
0.77135044,0.0,0.083382465
0.80927306,0.0,0.0
0.78226733,0.0,0.0027807988
0.8294495,0.0,0.29500738
0.7193199,0.0,0.2795008
0.85436547,0.0,0.027052393
0.9365372,0.0,0.5343169
0.72893375,0.0,0.7892976
0.9359701,0.0,0.4867813
0.57237655,0.0,0.49459863
0.80801296,0.0,0.12416414
0.9308029,0.0,0.66799796
0.6840594,0.0,0.47029015
0.707806,0.0,0.12897865
0.6167534,0.0,0.043263517
0.6098797,0.0,0.55879027
0.60356987,0.0,0.68702745
0.6686891,0.0,0.06769889
0.8071334,0.0,0.12531821
0.9043691,0.0,0.612211
0.9132908,0.0,0.6121245
0.78793555,0.0,0.028048044
0.7495078,0.0,0.6600711
0.71514755,0.0,0.13182828
0.6055036,0.0,0.2921755
0.72847384,0.0,0.5885557
0.8932171,0.0,0.45675558
0.72636724,0.0,0.07707355
0.78757805,0.0,0.53483635
0.5858223,0.0,1.0
0.95253706,0.0,0.43994147
0.49964917,0.0,0.37144604
0.860214,0.0,0.6065499
0.6204666,0.0,0.3750577
0.8597417,0.0,0.012995268
0.7669697,0.0,0.055486955
0.7805963,0.0,0.0012263058
0.8007122,0.0,0.00023238685
0.9337428,0.0,0.0002941125
0.8010303,0.0,0.0
0.7318506,0.0,2.5751215e-05
0.92676246,0.0,0.0
0.5875914,1.0,0.17973678
0.6211978,0.0,0.0011636675
0.619638,1.0,0.33381727
0.66130847,1.0,0.34903353
0.9522705,0.0,0.0
0.524385,1.0,0.314073
0.69423306,1.0,0.7414633
0.6547892,0.0,0.06685297
0.77819496,0.0,0.06127135
0.5528839,0.0,0.48929882
0.84126717,0.0,0.14039555
0.76966316,0.0,0.0
0.64164054,0.0,0.075854085
0.65542257,0.0,0.30027267
0.7282972,0.0,0.029563827
0.81832373,0.0,0.0
0.71898156,0.0,0.2322766
0.4649195,0.0,0.30262113
0.6381208,0.0,0.0015807443
0.93416506,0.0,0.05272764
0.5942641,0.0,0.52839327
0.52643156,0.0,0.40610564
0.7254174,0.0,0.056987163
0.88283795,0.0,0.5358562
0.86529255,0.0,0.3448608
0.5480217,0.0,0.6701483
0.4843797,0.0,0.4307473
0.6069285,0.0,0.051364824
0.6533904,0.0,0.33225062
0.96992975,0.0,0.0020056055
0.83466744,0.0,0.0
0.7176081,0.0,0.0
0.8351692,0.0,0.0
0.7671698,0.0,0.006118532
0.8719015,0.0,0.00025328086
0.7668941,1.0,0.0137014985
0.5030101,1.0,0.30744863
0.59092516,1.0,0.44298145
0.7796658,0.0,0.17687294
0.44645703,0.0,0.34552684
0.80890185,0.0,0.32283697
0.55473405,0.0,0.26793826
0.67376775,0.0,0.03998375
0.7892254,0.0,0.51534176
0.92122006,0.0,0.18035533
0.7160812,0.0,0.111953646
0.4319157,0.0,0.18850169
0.8677379,0.0,0.39126632
0.52992386,0.0,0.22236434
0.63222843,0.0,0.49519637
0.47716752,0.0,0.5560791
0.7460309,0.0,0.039515924
0.8218149,0.0,0.40757152
0.6256067,0.0,0.43390527
0.88830906,0.0,0.021098265
0.88394743,0.0,0.108966164
0.9327522,0.0,0.42613524
0.82728887,0.0,0.15629958
0.8268356,0.0,0.00021459078
0.8508832,0.0,0.5315568
0.71696377,1.0,0.62169284
0.75627273,0.0,0.16868699
0.47004113,1.0,0.58956057
0.7892421,1.0,0.12380066
0.5549201,1.0,0.6675379
0.7218583,1.0,0.40329456
0.67271596,1.0,0.47085944
0.79135096,1.0,0.10206165
0.819288,1.0,0.22464456
0.42613435,0.0,0.0002979842
0.65444684,1.0,0.1438265
0.78121734,1.0,0.27107242
0.82501626,0.0,0.0
0.5432451,0.0,0.0
0.4996836,1.0,0.47575203
0.72786033,0.0,0.16963385
0.883164,0.0,0.0
0.41344085,0.0,0.02934246
0.84187114,0.0,0.41556972
0.6854871,0.0,0.10111165
0.77681136,0.0,0.0
0.7448545,0.0,0.53458667
0.6905952,0.0,0.80126053
0.834021,0.0,0.34431598
0.59175664,0.0,0.32978195
0.68229353,0.0,0.07755198
0.67238045,0.0,0.658884
0.50394624,0.0,0.80002296
0.57102346,0.0,0.15247469
0.50122476,0.0,0.11736186
0.72937655,0.0,0.037364364
0.6899669,0.0,0.015844349
0.8022542,0.0,0.0
0.64438325,0.0,0.00039830382
0.8335599,0.0,0.0
0.7685187,0.0,0.0
0.77388436,0.0,0.0
0.7785414,0.0,0.0
0.6997761,0.0,0.012785212
0.258274,0.0,0.32748517
0.55689675,0.0,0.16972739
0.6543265,1.0,0.5715401
0.36683273,1.0,0.6243355
0.5923956,1.0,0.5982107
0.4982952,1.0,0.07435182
0.7693333,0.0,0.2133536
0.8457612,0.0,0.44808426
0.6988945,1.0,0.3727382
0.8212125,0.0,0.0
0.8927546,0.0,0.24687295
0.69252425,0.0,0.5591889
0.8228207,0.0,0.07735668
0.91191703,0.0,0.0
0.71824723,0.0,0.59794766
0.82536656,0.0,0.28055248
0.96166605,0.0,0.0
0.63427305,0.0,0.2872222
0.8677157,0.0,0.4679574
0.58901846,0.0,0.10714244
0.7558041,0.0,0.37872192
0.667879,0.0,0.042498253
0.85396594,0.0,0.16995709
0.9033022,0.0,0.0
0.8997359,0.0,0.014922568
0.92783856,0.0,0.0
0.95594853,0.0,0.0
0.9576002,0.0,0.019097283
0.9411226,0.0,0.0
0.95324093,0.0,0.34926388
0.87512493,0.0,0.55637413
0.8973123,0.0,0.18742123
0.8527801,0.0,0.39139867
0.5745259,0.0,0.3644178
0.7944745,0.0,0.42461756
0.6563704,0.0,0.054083705
0.60639256,0.0,0.0
0.8320589,0.0,0.1960692
0.725083,0.0,0.45334256
0.5732022,0.0,0.00073206215
0.571136,0.0,0.016948996
0.5750077,0.0,0.29617047
0.818387,0.0,0.29144374
0.58764917,0.0,0.59201294
0.6118735,0.0,0.6314837
0.8204934,0.0,0.17270817
0.78285074,0.0,0.103556946
0.81354964,0.0,0.1447636
0.5076349,0.0,0.2312949
0.76109517,0.0,0.17546685
0.61318815,0.0,0.5021547
0.7558774,0.0,0.44702828
0.85283893,0.0,0.6785138
0.856481,0.0,0.59620714
0.6019823,0.0,0.3709575
0.9004001,0.0,0.026538463
0.86187893,0.0,0.118180215
0.7649217,0.0,0.55671483
0.79472095,0.0,0.1984208
0.8571965,0.0,0.0
0.8768137,0.0,0.1347187
0.78848284,0.0,0.40927833
0.68396014,0.0,0.20947234
0.8233477,0.0,0.004799722
0.833082,0.0,0.40001515
0.79271823,0.0,0.705785
0.7442275,0.0,0.20733634
0.7807568,0.0,0.20218351
0.9396691,0.0,0.52515644
0.7707104,0.0,0.7981514
0.49431223,0.0,0.34495905
0.41977683,0.0,0.18574262
0.9046937,0.0,0.16818118
0.84282154,0.0,0.0
0.97951734,0.0,0.011795723
0.86416495,0.0,0.0
0.9532324,0.0,0.013809844
0.93580246,0.0,0.031132413
0.9295634,0.0,0.0
0.77042526,0.0,0.056409337
0.74646235,0.0,0.07989713
0.57198066,0.0,0.123459905
0.8262421,0.0,0.044646043
0.8698768,0.0,0.0
0.5666187,0.0,0.2092679
0.97290534,0.0,0.0011381994
0.93873405,0.0,0.011154644
0.9673392,0.0,0.0030406278
0.9457383,0.0,0.00010246551
0.93260616,0.0,0.13540235
0.65571994,0.0,0.41721806
0.88909143,0.0,0.43829894
0.8980079,0.0,0.07515553
0.834324,0.0,0.3488017
0.46967602,0.0,0.2863064
0.9387481,0.0,0.329253
0.91564983,0.0,0.079758376
0.60068,0.0,0.25853315
0.9805742,0.0,0.025675137
0.32714742,0.0,0.40376946
0.90706843,0.0,0.33115354
0.75928766,0.0,0.49275953
0.9016685,0.0,0.05221982
0.5584087,0.0,0.4619087
0.56935835,0.0,0.17116134
0.7271266,0.0,0.2656582
0.84114516,0.0,0.48309955
0.5135282,0.0,0.4480007
0.73324275,0.0,0.42300135
0.6845644,0.0,0.71989614
0.5805217,0.0,0.120840766
0.98282593,0.0,0.19419606
0.7952839,0.0,0.045638923
0.63226634,0.0,0.022605445
0.93032926,0.0,0.00032761492
0.9559446,0.0,0.25698408
0.8238177,0.0,0.025461918
0.763938,0.0,0.32778537
0.66732734,0.0,0.24749653
0.78508544,0.0,0.0018017062
0.9208898,0.0,0.2196429
0.45991054,0.0,0.41451007
0.9610822,0.0,0.083112404
0.71642923,0.0,0.003369541
0.8623376,0.0,0.18942602
0.7116325,0.0,0.2271034
0.9143519,0.0,0.0
0.738514,0.0,0.06376399
0.73673135,0.0,0.5223627
0.8009538,0.0,0.30502355
0.8984084,0.0,0.014724758
0.9110695,0.0,0.06968911
0.68238777,0.0,0.5499165
0.6579796,0.0,0.5191931
0.93393004,0.0,0.25760898
0.78618634,0.0,0.70803505
0.90135056,0.0,0.061715618
0.5910242,0.0,0.37128896
0.52778625,0.0,0.08052694
0.40883863,0.0,0.29328182
0.4839549,0.0,0.2304773
0.76744664,0.0,0.018696262
0.68099445,0.0,0.049374327
0.9481253,0.0,0.0
0.90825987,0.0,0.005376591
0.8857476,0.0,0.0
0.60788774,0.0,0.0003015746
0.8358109,0.0,0.001431557
0.7049366,0.0,0.0
0.8209162,0.0,0.011247116
0.84726954,0.0,0.021525707
0.7525458,0.0,0.0058232956
0.611335,0.0,0.0
0.7408299,0.0,0.0
0.7836161,0.0,0.0024242834
0.9021026,0.0,0.0016419481
0.8757779,0.0,0.0
0.883966,0.0,0.041880343
0.4272388,0.0,0.46787554
0.39000723,0.0,0.74005127
0.7101125,0.0,0.5004198
0.8620275,0.0,0.03615968
0.8195623,0.0,0.42400604
0.93447083,0.0,0.19848412
0.842665,0.0,0.16672854
0.8757952,0.0,0.23608701
0.68001294,0.0,0.2439232
0.9761499,0.0,0.0
0.8321816,0.0,0.00038366584
0.7926477,0.0,0.0
0.86239964,0.0,0.037720084
0.53881764,0.0,0.039265845
0.9366708,0.0,0.006213536
0.636251,0.0,0.034202483
0.73261225,0.0,0.0751055
0.8730855,0.0,0.0050243563
0.6534061,0.0,0.07749211
0.47034228,0.0,0.53248984
0.8765247,0.0,0.08045911
0.95397496,0.0,0.02795013
0.57552725,0.0,0.28688776
0.54179245,0.0,0.3413125
0.92805374,0.0,0.060613032
0.62340194,0.0,0.3806669
0.7299475,0.0,0.66364133
0.6534945,0.0,0.47715878
0.62172997,0.0,0.56984
0.9221021,0.0,0.10979277
0.66347444,0.0,0.3249099
0.53536284,0.0,0.4398112
0.8460168,0.0,0.24205256
0.9163155,0.0,0.008226388
0.7459011,0.0,0.0944918
0.8929597,0.0,0.26591784
0.8017461,0.0,0.19625501
0.9307263,0.0,0.026180157
0.8922561,0.0,0.03221179
0.9363776,0.0,0.003377744
0.936045,0.0,0.11055809
0.8471263,0.0,0.040383168
0.9058537,0.0,0.008922337
0.83206064,0.0,0.010275487
0.94815284,0.0,0.0035039845
0.9823636,0.0,0.0
0.7912064,0.0,0.00016374433
0.8709837,0.0,0.0
0.89010864,0.0,0.0
0.9320223,0.0,0.008024763
0.956283,0.0,0.0013419886
0.5050672,0.0,0.20200676
0.9276642,0.0,0.12011973
0.85681117,0.0,0.00080684025
0.9704667,0.0,0.01234863
0.8571322,0.0,0.32993537
0.8748495,0.0,0.44134894
0.9665804,0.0,0.25765648
0.60915107,0.0,0.7794976
0.77591616,0.0,0.3654419
0.9087856,0.0,0.021303462
0.5973923,0.0,0.12307253
0.8096728,0.0,0.35757795
0.955993,0.0,0.26827508
0.9677921,0.0,0.0
0.7951573,0.0,0.4440483
0.78546286,0.0,0.6832427
0.8782248,0.0,0.20460233
0.6674109,0.0,0.3001925
0.85759103,0.0,0.003743442
0.98722166,0.0,0.04069258
0.98072517,0.0,0.014897584
0.92239916,0.0,0.0
0.8395392,0.0,0.018675508
0.8553211,0.0,0.00091602164
0.8854982,0.0,0.0
0.6329285,0.0,0.0004433334
0.9515761,0.0,0.00056493626
0.94983745,0.0,0.0012817162
0.5875401,0.0,0.0032649983
0.89689845,0.0,0.069212325
0.77714944,0.0,0.20351079
0.63181937,0.0,0.039522078
0.64809084,0.0,0.0014744158
0.7829552,0.0,0.5425417
0.8236204,0.0,0.2053343
0.6602796,0.0,0.5294396
0.97686666,0.0,0.1710527
0.9505966,0.0,0.17578447
0.9842977,0.0,0.018589566
0.9590372,0.0,0.014243514
0.96287274,0.0,0.0009480129
0.7824076,0.0,0.18685937
0.76149654,0.0,0.0008946027
0.7688721,0.0,0.0
0.9536641,0.0,0.0055233804
0.86663693,0.0,0.005248535
0.631187,0.0,0.00023318174
0.73045564,0.0,0.0056192577
0.911428,0.0,0.0022668021
0.94763005,0.0,0.006499917
0.9797717,0.0,0.0039931354
0.905335,0.0,0.060738355
0.59572023,0.0,0.0045623058
0.63702637,0.0,0.40330198
0.782702,0.0,0.47021174
0.96877563,0.0,0.2866435
0.90262073,0.0,0.37020454
0.95333964,0.0,0.06703313
0.9347855,0.0,0.108527355
0.75526994,0.0,0.49942672
0.5372377,0.0,0.34584418
0.9301193,0.0,0.01677621
0.977961,0.0,0.06841023
0.4806046,0.0,0.5887299
0.8012204,0.0,0.29115677
0.94184715,0.0,0.01195864
0.63520116,0.0,0.29543382
0.73148406,0.0,0.029097956
0.7957598,0.0,0.0779147
0.58027726,0.0,0.39984515
0.37396508,0.0,0.37774315
0.959168,0.0,0.00048702257
0.98242056,0.0,0.06745795
0.7906352,0.0,0.08742639
0.86296016,0.0,0.40731898
0.9728593,0.0,0.13931978
0.94356173,0.0,0.24456485
0.8337104,0.0,0.3513153
0.7538311,0.0,0.014306947
0.55916965,0.0,0.050213408
0.8817044,0.0,0.24196798
0.9497227,0.0,0.44074464
0.92060935,0.0,0.06665652
0.81188005,0.0,0.13796991
0.6058344,0.0,0.35647127
0.9241186,0.0,0.025752872
0.5050428,0.0,0.35782272
0.52110565,0.0,0.31695458
0.5380649,0.0,0.3841575
0.3483363,0.0,0.62639034
0.61038953,0.0,0.32613954
0.47480083,0.0,0.7421505
0.3340696,0.0,0.70045626
0.6674111,0.0,0.115308054
0.49764508,0.0,0.33456117
0.5763707,0.0,0.0096669085
0.7640313,0.0,0.15059789
0.85159653,0.0,0.003638375
0.98196465,0.0,0.0
0.8617352,0.0,0.0
0.89893454,0.0,0.007648044
0.91058534,0.0,0.013446406
0.7444826,0.0,0.0
0.78984475,0.0,0.08608792
0.4428979,0.0,0.067703
0.31237826,0.0,0.011045291
0.90527785,0.0,0.00477471
0.83804923,0.0,0.0
0.6401564,0.0,0.016665604
0.796102,0.0,0.013476021
0.8722259,0.0,0.055054583
0.73899496,0.0,0.07435528
0.8570715,0.0,0.13291508
0.9458882,0.0,0.07599534
0.9774163,0.0,0.04905954
0.77185017,0.0,0.5447295
0.7223768,0.0,0.51577854
0.6767028,0.0,0.35186672
0.97179407,0.0,0.3578635
0.96989566,0.0,0.08301217
0.8364681,0.0,0.0
0.96356577,0.0,0.009716045
0.88262504,0.0,0.04352726
0.9436428,0.0,0.0028938372
0.5389922,0.0,0.25422034
0.72164834,0.0,0.17242192
0.6664927,0.0,0.040030375
0.9227973,0.0,0.02441135
0.65953684,0.0,0.05236226
0.76573175,0.0,0.008627306
0.8112879,0.0,0.0
0.9092233,0.0,0.021448273
0.8021104,0.0,0.0009516249
0.64900124,0.0,0.06013597
0.630502,0.0,0.08403689
0.46965182,0.0,0.66961527
0.52530617,0.0,0.5732601
0.872086,0.0,0.23800272
0.70317966,0.0,0.21066417
0.43056595,0.0,0.416845
0.65558517,0.0,0.04674286
0.5778229,0.0,0.6308687
0.7909042,0.0,0.29000032
0.7223989,0.0,0.25049505
0.8141365,0.0,0.0076131513
0.70539445,0.0,0.0
0.6439468,0.0,0.025062567
0.80360365,0.0,0.0012150347
0.65493566,0.0,0.0022699216
0.8797795,0.0,0.008400709
0.96967274,0.0,0.049302753
0.5038027,0.0,0.0
0.7687025,0.0,0.34304792
0.90845037,0.0,0.42557532
0.62461185,0.0,0.012470886
0.8215862,0.0,0.23768236
0.8167616,0.0,0.25806797
0.7393826,0.0,0.033121523
0.9526117,0.0,0.078611195
0.8830284,0.0,0.0012649408
0.892179,0.0,0.005841117
0.61261845,0.0,0.0
0.81652844,0.0,0.0064228554
0.3880228,0.0,0.0
0.8654047,0.0,0.039282527
0.47479898,0.0,0.0057547404
0.63556415,0.0,0.07306887
0.95820516,0.0,0.010349051
0.8719062,0.0,0.16882434
0.8527906,0.0,0.12033805
0.616803,0.0,0.0037969875
0.79954046,0.0,0.080492616
0.42859688,0.0,0.18788166
0.6375475,0.0,0.21881649
0.9695034,0.0,0.0016278399
0.7141837,0.0,0.20744443
0.65321743,0.0,0.2788196
0.525867,0.0,0.54354393
0.6390934,0.0,0.4128391
0.64442915,0.0,0.591132
0.8918887,0.0,0.3849696
0.8086666,0.0,0.01405368
0.76475775,0.0,0.7176794
0.9141492,0.0,0.42157584
0.7834313,0.0,0.34310588
0.5745292,0.0,0.5683014
0.9179416,0.0,0.21580663
0.8003531,0.0,0.011635104
0.72907203,0.0,0.11695885
0.64604354,0.0,0.45709938
0.7719276,0.0,0.18276124
0.9021999,0.0,0.0
0.84867495,0.0,0.40893567
0.3724549,0.0,0.45210359
0.8729919,0.0,0.099209
0.48435074,1.0,0.71952426
0.5909467,1.0,0.41660088
0.756878,0.0,0.068480305
0.866238,0.0,0.3232699
0.6842973,0.0,0.55149776
0.95441353,0.0,0.013674185
0.8715359,0.0,0.1392339
0.9740199,0.0,0.013774184
0.7900355,0.0,0.0073008514
0.60614616,0.0,0.0067507764
0.883186,0.0,0.0
0.9369751,0.0,0.26181528
0.45819494,0.0,0.024644844
0.79990333,0.0,0.0018876302
0.68678087,0.0,0.054361783
0.87054825,0.0,0.0
0.93002886,0.0,0.04740986
0.67095584,0.0,0.22247201
0.8644512,0.0,0.24672876
0.91784555,0.0,0.124348156
0.8715085,0.0,0.07573021
0.7629414,0.0,0.14323056
0.907205,0.0,0.10740174
0.97332156,0.0,0.0
0.573133,0.0,0.15577118
0.9157813,0.0,0.32785308
0.8022423,0.0,0.2313474
0.9284846,0.0,0.30418634
0.46653804,0.0,0.2202437
0.6750601,0.0,0.40950876
0.6789231,0.0,0.53343385
0.6502945,0.0,0.52299017
0.33150956,0.0,0.91673416
0.545041,0.0,0.5032958
0.5865917,0.0,0.15667512
0.5916789,0.0,0.3688616
0.45252427,0.0,0.3533714
0.8433445,0.0,0.10558689
0.7231839,0.0,0.086383075
0.69801164,0.0,0.15733816
0.6882944,0.0,0.01174043
0.74535716,0.0,0.086522885
0.9177612,0.0,0.021478543
0.7459829,0.0,0.0043815067
0.8692617,0.0,0.0139470855
0.73486376,0.0,0.03851767
0.71089387,0.0,0.0037360005
0.5106451,0.0,0.020223381
0.97358805,0.0,0.0
0.9487593,0.0,0.010220336
0.5778471,0.0,0.058946528
0.56345046,0.0,0.010507263
0.7867404,0.0,0.10171311
0.7753356,0.0,0.054981504
0.3365136,0.0,0.017283902
0.75014806,0.0,0.081941575
0.8176746,0.0,0.37325844
0.51206136,0.0,0.060073722
0.6388872,0.0,4.9862316e-05
0.62286025,0.0,0.20207629
0.7768322,0.0,0.38087308
0.74844813,0.0,0.13410117
0.69244814,0.0,0.17153044
0.74049884,0.0,0.6153981
0.77430063,0.0,0.33812207
0.47213057,1.0,0.4311824
0.8879968,0.0,0.07767634
0.3884078,1.0,0.6443846
0.3970832,0.0,0.2670536
0.9370264,0.0,0.0060328445
0.9347299,0.0,0.24656823
0.9510864,0.0,0.0077619995
0.8731103,0.0,0.00055011606
0.71337485,0.0,0.07612054
0.75216746,0.0,0.56477314
0.94494635,0.0,0.23212916
0.7621468,0.0,0.0
0.8198291,0.0,0.25965777
0.80157906,0.0,0.07728256
0.53287184,0.0,0.2541633
0.72500217,0.0,0.11320999
0.91889125,0.0,0.010160126
0.9022238,0.0,0.0060450723
0.52204615,0.0,0.2810887
0.9109708,0.0,0.039353322
0.6219193,0.0,0.0005905863
0.8917773,0.0,0.0
0.7538049,0.0,0.09371476
0.8502402,0.0,0.012558523
0.27753642,0.0,0.121556796
0.621945,1.0,0.25981036
0.8227406,0.0,0.0918306
0.5677972,1.0,0.3332154
0.77420396,0.0,0.011420471
0.60699934,0.0,0.1358365
0.5180022,0.0,0.06625792
0.85844785,0.0,0.060629487
0.8676213,0.0,0.48823565
0.94090635,0.0,0.34333858
0.5327824,0.0,0.3885218
0.8008999,0.0,0.2990303
0.7962981,0.0,0.023444643
0.74914426,0.0,0.10686476
0.9262247,0.0,0.019648414
0.8375378,0.0,0.06690529
0.7751255,0.0,0.007690022
0.57243,0.0,0.013797614
0.82754284,0.0,0.0
0.6216567,0.0,0.0048175743
0.44605014,0.0,0.010605234
0.8118677,0.0,0.0
0.8436027,0.0,0.0
0.4570732,0.0,0.14202823
0.4929,0.0,0.31279784
0.523486,0.0,0.33131084
0.7778895,0.0,0.51423407
0.7739715,0.0,0.09483902
0.918769,0.0,0.016071076
0.30134296,0.0,0.67806864
0.6468822,0.0,0.22915182
0.64281684,0.0,0.034409504
0.7394834,0.0,0.42778328
0.5363587,0.0,0.3432283
0.90095305,0.0,0.026888877
0.5941296,0.0,0.31568596
0.79146063,0.0,0.6816207
0.42177913,0.0,0.2781291
0.9183376,0.0,0.5134333
0.86111146,0.0,0.49894154
0.5342569,0.0,0.43905622
0.60217065,0.0,0.35665125
0.5284465,0.0,0.3834436
0.6139146,0.0,0.29086643
0.9797642,0.0,0.020111915
0.64646214,0.0,0.5809776
0.58426785,1.0,0.31662652
0.35731393,1.0,0.44438457
0.76668394,1.0,0.6212292
0.67758536,1.0,0.6125664
0.7692552,1.0,0.43495017
0.76717913,1.0,0.6265778
0.69896764,1.0,0.34022957
0.69460464,1.0,0.16367099
0.7352193,1.0,0.4014817
0.6361845,1.0,0.6282815
0.6575565,0.0,0.1924936
0.9289778,0.0,0.035351127
0.6516538,0.0,0.46451256
0.8761334,0.0,0.15273131
0.82301176,0.0,0.007819972
0.6331938,0.0,0.31884697
0.6832484,0.0,0.5254605
0.9562421,0.0,0.021490995
0.8556107,0.0,0.018777976
0.55448914,0.0,0.60989827
0.802468,0.0,0.5707214
0.7086079,0.0,0.013666765
0.9270639,0.0,0.30028743
0.53262836,0.0,0.5781477
0.88771296,0.0,0.6465354
0.5118142,0.0,0.32837212
0.57449555,0.0,0.7468575
0.6485884,0.0,0.6598165
0.50590485,0.0,0.3351077
0.5048641,0.0,0.48704132
0.37175894,0.0,0.7175872
0.39661565,0.0,0.66712147
0.60560954,0.0,0.1713507
0.81385976,0.0,0.32415932
0.3984743,0.0,0.05400343
0.35879597,0.0,0.6173236
0.7463804,0.0,0.35369426
0.6028094,0.0,0.10012408
0.4404289,0.0,0.2937196
0.5545435,0.0,0.53620356
0.61828995,1.0,0.454548
0.46871248,1.0,0.08171018
0.6712328,0.0,0.4584402
0.7941315,1.0,0.4728441
0.4061708,0.0,0.3921162
0.64194626,0.0,0.74901533
0.3873062,0.0,0.33962363
0.67926157,0.0,0.08466584
0.36046815,0.0,0.3617659
0.6333089,0.0,0.35517356
0.7844921,0.0,0.07264031
0.61665666,1.0,0.4994691
0.7466947,1.0,0.69919354
0.7117298,1.0,0.6860567
0.884051,1.0,0.17685314
0.37312675,1.0,0.030435747
0.44447675,1.0,0.33542627
0.50753593,1.0,0.28469235
0.8057196,0.0,0.0016982147
0.6232952,0.0,0.021256763
0.6490222,1.0,0.44305423
0.79631466,1.0,0.36653978
0.54052,0.0,0.09284389
0.89989763,0.0,0.5846172
0.82210654,0.0,0.28497854
0.80737376,0.0,0.25353476
0.9344852,0.0,0.34842283
0.7870222,0.0,0.3212993
0.94019186,0.0,0.36595997
0.9038187,0.0,0.27915865
0.64987665,0.0,0.6890768
0.9185381,0.0,0.40471864
0.47264454,0.0,0.41029245
0.74275076,0.0,0.08150885
0.8571508,0.0,0.12885727
0.7250247,0.0,0.19878276
0.7763059,0.0,0.21192636
0.9828833,0.0,0.22488365
0.83470815,0.0,0.16727073
0.8960371,0.0,0.0
0.85995156,0.0,0.27148038
0.91370475,0.0,0.00204221
0.65967673,0.0,0.41082466
0.5967501,0.0,0.5309975
0.9309498,0.0,0.1594205
0.9015726,0.0,0.32553762
0.9425038,0.0,0.0039828047
0.96767545,0.0,0.0910084
0.9614266,0.0,0.0
0.87379366,0.0,0.11958003
0.9634789,0.0,0.18928419
0.8843981,0.0,0.036294706
0.94811183,0.0,0.35908827
0.76754856,0.0,0.23572946
0.38668266,0.0,0.75189084
0.9785069,0.0,0.17562018
0.6073721,1.0,0.4751986
0.65352786,1.0,0.5554252
0.68860376,0.0,0.15798064
0.92150414,1.0,0.13412789
0.7939744,1.0,0.4836698
0.67343587,0.0,0.06446151
0.89944535,0.0,0.03539547
0.71948755,1.0,0.05560751
0.82149297,1.0,0.23216856
0.85428977,0.0,0.0
0.89111024,0.0,0.042023633
0.87857735,1.0,0.3499173
0.89427155,1.0,0.44607496
0.6662237,0.0,0.094691075
0.7836656,0.0,0.25403237
0.921448,0.0,0.043890767
0.85547924,0.0,0.34732598
0.92133707,0.0,0.23367876
0.6431229,0.0,0.5292694
0.9755989,0.0,0.048527315
0.8873756,0.0,0.030737013
0.5542989,0.0,0.12861054
0.6643237,0.0,0.23285238
0.7520137,0.0,0.1392397
0.84461534,0.0,0.03268229
0.8892513,0.0,0.0
0.80085826,1.0,0.12911434
0.80140406,1.0,0.048023887
0.5351339,1.0,0.30717835
0.61783946,0.0,0.3933667
0.7978271,0.0,0.37970167
0.72483885,0.0,0.6199132
0.6716754,0.0,0.59155214
0.86544484,0.0,0.62844074
0.58138937,0.0,0.6667543
0.58713555,0.0,0.19227937
0.75765765,0.0,0.2939644
0.77136064,0.0,0.03381784
0.9367212,0.0,0.082508534
0.581834,0.0,0.04601169
0.7246207,0.0,0.010224432
0.68672585,0.0,0.091959916
0.9018974,0.0,0.2569198
0.92908776,0.0,0.19174816
0.8007677,0.0,0.16775952
0.41140726,0.0,0.57694507
0.89526117,0.0,0.29921567
0.6973403,0.0,0.14487629
0.86339575,0.0,0.08427587
0.62840325,0.0,0.0
0.3191012,0.0,0.18517345
0.51490736,0.0,0.3726433
0.90413684,0.0,0.12752569
0.81323826,0.0,0.0077600726
0.68828297,0.0,0.3602008
0.62662566,0.0,0.6436585
0.84130603,0.0,0.30705342
0.8097002,0.0,0.33741152
0.90555227,0.0,0.12751536
0.8854502,0.0,0.48355156
0.82369107,0.0,0.20069863
0.47995076,0.0,0.3713383
0.50519484,0.0,0.13119395
0.5622683,0.0,0.00021020406
0.8689539,0.0,0.03268675
0.7449054,0.0,0.36234197
0.9687507,0.0,0.013131793
0.92518,0.0,0.0
0.91167647,0.0,0.20015496
0.86021644,0.0,0.037922066
0.9220587,0.0,0.003424487
0.9416117,0.0,0.0
0.59973085,0.0,0.064227104
0.6831672,0.0,0.0
0.47487354,0.0,0.0
0.9206621,0.0,0.056010257
0.8149646,0.0,0.1563151
0.51585054,0.0,0.0
0.61717576,0.0,0.051989347
0.55376345,0.0,0.35525808
0.6325887,0.0,0.28154343
0.8209059,0.0,0.3829774
0.6221269,0.0,0.8356601
0.7158986,0.0,0.56703854
0.59847856,0.0,0.79220796
0.59079313,0.0,0.4657495
0.5727877,0.0,0.1305806
0.7461149,0.0,0.058607332
0.6751171,0.0,0.15534885
0.6537796,0.0,0.02595644
0.7987897,0.0,0.0
0.9014603,0.0,0.0
0.8750404,0.0,0.0021943857
0.53923905,0.0,0.09033594
0.88288665,0.0,0.06565459
0.9825105,0.0,0.012015699
0.5989307,0.0,0.11673266
0.7167067,0.0,0.0
0.38152322,0.0,0.41747525
0.6855189,0.0,0.07604143
0.9488373,0.0,0.0030809925
0.82075244,0.0,0.16780703
0.9644882,0.0,0.0
0.84794575,0.0,0.1811895
0.60385495,0.0,0.75333285
0.75763315,0.0,0.47773224
0.69198614,0.0,0.16747804
0.74682367,0.0,0.086687006
0.9541727,0.0,0.0
0.96858245,0.0,0.0022557494
0.8190605,0.0,3.500611e-05
0.7939672,0.0,0.068767674
0.88898194,0.0,0.095081665
0.8023325,0.0,0.0
0.72354853,0.0,0.07381926
0.5196922,0.0,0.13072462
0.6793447,0.0,0.0
0.940702,0.0,0.0
0.882752,0.0,0.14529727
0.41927677,0.0,0.11348519
0.88293135,0.0,0.3257381
0.5919098,0.0,0.37270457
0.7639429,0.0,0.7086451
0.91692585,0.0,0.4940469
0.7815832,0.0,0.52734184
0.83051807,0.0,0.39587712
0.539055,0.0,0.23019691
0.640978,0.0,0.281841
0.5358749,0.0,0.2719087
0.70761,0.0,0.3487543
0.555673,0.0,0.19800301
0.4410738,0.0,0.3825757
0.5027068,0.0,0.66231036
0.5557334,0.0,0.30779254
0.8014686,0.0,0.21212287
0.7700631,0.0,0.121382855
0.53549373,0.0,0.18539771
0.38302436,0.0,0.33587456
0.46158004,0.0,0.06752426
0.94813156,0.0,0.04729901
0.6044109,0.0,0.049905434
0.89538944,0.0,0.013102807
0.4323727,0.0,0.040398568
0.7139614,0.0,0.102203116
0.92339617,0.0,0.10700435
0.74685705,0.0,0.002452223
0.9326656,0.0,0.21547683
0.88983756,0.0,0.47312576
0.6671481,0.0,0.54599005
0.9100108,0.0,0.12917104
0.84381807,0.0,0.31617928
0.66747826,0.0,0.24343656
0.78672385,0.0,0.59890914
0.9445337,0.0,0.43668568
0.893596,0.0,0.05841562
0.8027516,0.0,0.31911504
0.9515824,0.0,0.07017674
0.93191504,0.0,0.01830294
0.9764746,0.0,0.21047698
0.9183042,0.0,0.2820908
0.78521377,0.0,0.13622627
0.92296773,0.0,0.016917234
0.83718276,0.0,0.02121607
0.79672295,0.0,0.0
0.784143,0.0,0.04543716
0.97592723,0.0,0.003740442
0.87696564,0.0,0.00085992826
0.38867223,0.0,0.0
0.89845794,0.0,0.0017561837
0.78384286,0.0,0.0009127098
0.8724946,0.0,0.015547879
0.4876194,0.0,0.0008837937
0.6887424,0.0,0.0
0.28877416,0.0,0.0
0.31661946,0.0,0.082988895
0.39280674,0.0,0.08323626
0.96612406,0.0,0.0
0.5438498,0.0,0.18536167
0.4592406,0.0,0.2795888
0.29487142,0.0,0.70542336
0.37349662,0.0,0.6085917
0.657413,0.0,0.45054027
0.6290766,0.0,0.3188173
0.4879562,0.0,0.16171654
0.65793955,0.0,0.546367
0.89974356,0.0,0.086028926
0.65390503,0.0,0.25620764
0.74010223,0.0,0.19503921
0.46545145,0.0,0.0
0.6551499,0.0,0.015647441
0.71534497,0.0,0.3205362
0.7361739,0.0,0.4535248
0.8378998,0.0,0.35651055
0.80416864,0.0,0.08089225
0.78858525,0.0,0.5028266
0.7946464,0.0,0.6688345
0.7082803,0.0,0.6739937
0.34319302,0.0,0.045212843
0.8846108,0.0,0.29728302
0.6532099,0.0,0.2246863
0.4428289,0.0,0.63287824
0.4213007,0.0,0.29652587
0.88282967,0.0,0.0022393838
0.74081343,0.0,0.3716581
0.5846049,0.0,0.47481155
0.9421168,0.0,0.06768268
0.7958457,0.0,0.014501842
0.8130293,0.0,0.16841826
0.51977724,0.0,0.49449784
0.52775204,0.0,0.39323345
0.6456639,0.0,0.70521295
0.9072297,0.0,0.32430616
0.5100893,0.0,0.18360268
0.5145116,0.0,0.06641565
0.5520761,0.0,0.5734036
0.7197391,0.0,0.21359272
0.7611819,0.0,0.1420533
0.5694186,0.0,0.7153807
0.37241754,0.0,0.18996018
0.96626127,0.0,0.0025490026
0.5078389,0.0,0.4106633
0.755422,0.0,0.43498456
0.9468573,0.0,0.2228311
0.370299,0.0,0.34720516
0.4207938,0.0,0.015018965
0.664041,0.0,8.958586e-05
0.56798357,0.0,0.34447592
0.2966681,0.0,0.19109459
0.8729762,0.0,0.0034412201
0.6169794,0.0,0.0041497983
0.53539723,0.0,0.46664533
0.5663565,0.0,0.016909465
0.8260178,0.0,0.0
0.4396693,0.0,0.37648696
0.61826056,0.0,0.15464658
0.98033273,0.0,0.0
0.82051915,0.0,0.0414121
0.5182221,0.0,0.33594143
0.42114252,0.0,0.5645481
0.68373525,0.0,0.4793618
0.41512883,0.0,0.077258974
0.7222171,0.0,0.5195328
0.4738368,0.0,0.40984502
0.7612428,0.0,0.054785337
0.31380662,0.0,0.16963442
0.34058726,0.0,0.47600406
0.67033833,0.0,0.03509574
0.2744461,0.0,0.35440296
0.38717,0.0,0.3684281
0.8602278,0.0,0.00014011071
0.6330353,0.0,0.30199638
0.42345935,0.0,0.44822818
0.74829817,0.0,0.26171052
0.84854275,0.0,0.0014871791
0.3216884,0.0,0.24882574
0.35507718,0.0,0.41525504
0.87992966,0.0,0.02998421
0.72066075,0.0,0.24002002
0.43025273,0.0,0.57843095
0.40072405,0.0,0.48356435
0.3626704,0.0,0.3166876
0.42172924,0.0,1.0
0.5440681,0.0,0.72425926
0.38509488,0.0,0.7429013
0.3808736,0.0,0.73414886
0.34902957,0.0,0.22341824
0.36323503,0.0,0.23539567
0.39009717,1.0,0.49370843
0.67306525,1.0,0.07163702
0.44256505,1.0,0.7038829
0.63772464,0.0,0.032319423
0.49132478,0.0,0.31909776
0.2659081,1.0,0.40152866
0.9015426,1.0,0.06863344
0.96123284,0.0,0.010894694
0.59692675,1.0,0.45346206
0.3279496,1.0,0.28364184
0.84207207,0.0,0.030015118
0.79329646,0.0,0.14717908
0.67185974,1.0,0.49594977
0.6197826,0.0,0.21023272
0.9756723,0.0,0.016469026
0.94139373,0.0,0.50589114
0.5791387,0.0,0.5001984
0.47980428,0.0,0.46029982
0.7021245,0.0,0.0063545527
0.38110822,0.0,0.4129509
0.38356307,0.0,0.50156206
0.7181819,0.0,0.039808262
0.8568132,0.0,0.13296276
0.54175067,0.0,0.7132138
0.5337136,0.0,0.24386832
0.56791395,0.0,0.039508678
0.70321316,0.0,0.27511337
0.775989,0.0,0.011919457
0.37497115,0.0,0.14100526
0.97094035,0.0,0.05693885
0.9635522,0.0,0.076939456
0.97516483,0.0,0.088667095
0.77265894,0.0,0.3348089
0.9427865,0.0,0.015795087
0.658999,0.0,0.39306116
0.80324745,0.0,0.44889697
0.7717895,0.0,0.121704705
0.60027164,0.0,0.54107535
0.5763948,0.0,0.685852
0.40022534,0.0,0.41838863
0.42372528,0.0,0.54705554
0.44453254,0.0,0.17348196
0.831815,0.0,0.03347916
0.86599636,0.0,0.19784212
0.96225744,0.0,0.029942414
0.9383034,0.0,0.024386667
0.952374,0.0,0.010966079
0.913792,0.0,0.050266154
0.8811473,0.0,0.012639721
0.69284755,0.0,0.52803683
0.83590806,0.0,0.47972706
0.7000685,0.0,0.695559
0.65253025,0.0,0.612324
0.83643425,0.0,0.11167998
0.6264958,0.0,0.26130432
0.74925125,0.0,0.06898299
0.6198213,0.0,0.20394395
0.8488181,0.0,0.47632807
0.57104766,0.0,0.38859582
0.6723516,0.0,0.2903634
0.76721334,0.0,0.7950574
0.4534344,0.0,0.45446154
0.5103903,0.0,0.7448842
0.8041658,0.0,0.24296688
0.2680402,0.0,0.40350732
0.392111,0.0,0.22997338
0.5472573,0.0,0.23840296
0.7457304,0.0,0.07897294
0.5016941,0.0,0.20535591
0.9457779,0.0,0.046278395
0.83718073,0.0,0.12296504
0.623704,0.0,0.08738061
0.61297613,0.0,0.5605481
0.82208735,0.0,0.09859083
0.76362497,0.0,0.041042924
0.55711365,1.0,0.2904404
0.8675895,0.0,0.086431615
0.8369131,0.0,0.20505276
0.4027326,0.0,0.07929215
0.5401446,1.0,0.43523738
0.5942706,0.0,0.4955506
0.43440583,1.0,0.64081264
0.92670155,0.0,0.73887116
0.65440446,0.0,0.5833027
0.39034268,0.0,0.2661552
0.3284478,0.0,0.27984497
0.397036,0.0,0.070728496
0.9736969,0.0,0.18685512
0.7504743,0.0,0.59215415
0.40573588,0.0,0.8223282
0.39151624,0.0,0.60630745
0.6367201,0.0,0.5160865
0.66074044,0.0,0.3780349
0.9666703,0.0,0.7393439
0.45507893,0.0,0.22813891
0.8598851,0.0,0.39669013
0.763679,0.0,0.3436503
0.6177514,0.0,0.15724415
0.3732214,0.0,0.43537104
0.51482546,0.0,0.70526206
0.330373,0.0,0.054740164
0.7988046,0.0,0.17263687
0.6804425,0.0,0.4855383
0.5913287,0.0,0.66451573
0.3514748,0.0,0.5147987
0.94637424,0.0,0.26358223
0.41453168,0.0,0.47705796
0.7355967,0.0,0.3095124
0.88972145,0.0,0.14250864
0.3109941,0.0,0.18085021
0.68527055,1.0,0.3023291
0.47892386,1.0,0.5389831
0.44895542,1.0,0.5670399
0.36237597,1.0,0.78674024
0.4088611,1.0,0.58732605
0.73097974,1.0,0.7784932
0.52254933,1.0,0.7329214
0.6666137,1.0,1.0
0.9429953,0.0,0.5679186
0.92466986,0.0,0.114027575
0.8644778,0.0,0.86244816
0.8926548,0.0,0.32810304
0.8452064,0.0,0.1719101
0.89410126,0.0,0.5652577
0.8829909,0.0,0.92893285
0.96528614,0.0,0.317675
0.42532024,0.0,0.6770252
0.9517544,0.0,0.10897321
0.8586893,0.0,0.42956075
0.81829876,0.0,0.58765274
0.7402237,0.0,0.53899485
0.95643586,0.0,0.24872689
0.91131294,0.0,0.1936969
0.36906785,0.0,0.13752337
0.61281663,0.0,0.15402633
0.44288614,0.0,0.09532572
0.54446334,0.0,0.381429
0.29040608,0.0,0.13743412
0.91724026,0.0,0.04107702
0.7074845,0.0,0.06452044
0.87324697,0.0,0.29167876
0.5226393,0.0,0.51204777
0.5065377,1.0,0.4625786
0.77941597,0.0,0.25237396
0.74511933,1.0,0.43061015
0.7618179,0.0,0.09911079
0.5038529,1.0,0.3911022
0.81000173,0.0,0.0009920696
0.5535945,1.0,0.18052663
0.6841974,0.0,0.2130148
0.84936905,1.0,0.4210343
0.6815412,0.0,0.00952022
0.72709143,0.0,0.5303675
0.71186215,0.0,0.003321044
0.6188588,0.0,0.36329117
0.7318943,0.0,0.00034638456
0.89866567,0.0,0.17007025
0.86927825,0.0,0.10327244
0.43135875,0.0,0.2168791
0.8011273,0.0,0.6671845
0.62065554,0.0,0.29044977
0.47004434,0.0,0.6045981
0.73487175,0.0,0.7403727
0.6679056,0.0,0.21323003
0.73323923,0.0,0.18620154
0.78282446,0.0,0.50919205
0.9020254,0.0,0.04867146
0.45692837,0.0,0.4701788
0.75685143,0.0,0.5304652
0.70852,0.0,0.02957219
0.9016346,1.0,0.25137284
0.91542244,0.0,0.0012537548
0.818306,1.0,0.40443778
0.8890411,0.0,0.0065226764
0.80980617,1.0,0.3306802
0.8695424,0.0,0.007481868
0.7407306,1.0,0.32314426
0.5607998,0.0,0.18176062
0.424848,1.0,0.57638437
0.5218942,1.0,0.5396993
0.8304153,0.0,0.018499002
0.7198358,1.0,0.13929941
0.8931469,0.0,0.014898232
0.9048214,1.0,0.36372882
0.74311686,1.0,0.017587552
0.87344795,1.0,0.20220757
0.77995956,0.0,0.016486397
0.5772823,1.0,0.20698129
0.8078211,1.0,0.4838156
0.55513996,0.0,0.0063372
0.47195992,0.0,0.19667682
0.39518857,0.0,0.23368026
0.70531523,0.0,0.37204972
0.81005913,0.0,0.0033720396
0.70354104,0.0,0.0
0.6556083,0.0,0.06438955
0.7472634,0.0,0.025851302
0.78639907,0.0,0.0072570015
0.48544315,0.0,0.022343338
0.42643806,0.0,0.007064969
0.82736295,0.0,0.00035837467
0.38864848,0.0,0.01634956
0.27406546,0.0,0.072478496
0.50548553,0.0,0.0070801834
0.6888549,0.0,0.01814642
0.4630143,0.0,0.10313124
0.35395148,0.0,0.010672615
0.6153325,0.0,0.0
0.6004061,0.0,0.0
0.76884836,0.0,0.015570219
0.6112415,0.0,0.002749529
0.8344526,0.0,0.023419697
0.7128349,0.0,0.011882568
0.7505164,1.0,0.35178834
0.6623555,0.0,0.3277053
0.4224614,0.0,0.29845878
0.7923466,0.0,0.63908446
0.67588973,0.0,0.5009139
0.8967902,0.0,0.1301909
0.5119766,0.0,0.44658062
0.86711085,0.0,0.05369515
0.6834506,0.0,0.0017609202
0.9259398,0.0,0.0064770193
0.55441976,0.0,0.0687526
0.8034835,0.0,0.10116778
0.4877607,0.0,0.01828621
0.63056576,0.0,5.527609e-05
0.7689619,0.0,0.02022046
0.78981656,0.0,0.18548393
0.958276,0.0,0.029230105
0.9210861,0.0,0.33727527
0.62524724,0.0,0.02622168
0.72136074,0.0,0.4383916
0.9662824,0.0,0.029421814
0.79242843,0.0,0.20200814
0.97030187,0.0,0.0020355093
0.9315609,0.0,0.22670327
0.90720874,0.0,0.028388785
0.4961925,0.0,0.3896868
0.518033,0.0,0.7842478
0.8139369,0.0,0.35666957
0.7297149,0.0,0.68866277
0.74077004,0.0,0.4909761
0.605075,0.0,0.399745
0.69071543,0.0,0.009523678
0.8883384,0.0,0.25350484
0.9265376,0.0,0.008314704
0.6782596,0.0,0.44419906
0.81405663,0.0,0.030959768
0.5741676,0.0,0.3253654
0.9281474,0.0,0.008203055
0.6954701,0.0,0.47110397
0.83125806,0.0,0.011354909
0.6800224,0.0,0.3048292
0.9299673,0.0,0.2934766
0.42353272,0.0,0.75953585
0.8343045,0.0,0.6087553
0.74488777,0.0,0.4251496
0.8158045,1.0,0.25449923
0.82326704,0.0,0.013751008
0.7197598,0.0,0.19052984
0.74222744,0.0,0.019220319
0.8683256,0.0,0.35737503
0.7263504,0.0,0.032023404
0.77694166,0.0,0.3323677
0.9298648,0.0,0.02184758
0.5927869,0.0,0.42144278
0.78328,0.0,0.1533257
0.66990685,0.0,0.16941379
0.91158295,0.0,0.010033336
0.52700794,0.0,0.14339328
0.67587847,0.0,0.5483036
0.82139933,0.0,0.06506565
0.58436376,0.0,0.38251856
0.60489374,0.0,0.44638675
0.34509242,0.0,0.4003604
0.7103051,0.0,0.04495879
0.6900792,0.0,0.4043179
0.8452509,0.0,0.09370165
0.59028286,0.0,0.40766767
0.8540441,0.0,0.056936633
0.56275994,0.0,0.4978463
0.8364967,0.0,0.5405132
0.9326687,0.0,0.1408449
0.9475979,0.0,0.44608045
0.9483812,0.0,0.059714545
0.96258736,0.0,0.34475008
0.95931673,0.0,0.046561
0.9470847,0.0,0.36642003
0.8688754,0.0,0.1628032
0.8816047,0.0,0.48286197
0.532039,0.0,0.62743837
0.8187524,0.0,0.21585031
0.9103622,0.0,0.297654
0.91719013,0.0,0.029664183
0.8734405,0.0,0.32214043
0.936842,0.0,0.05205552
0.67401934,0.0,0.566232
0.9603547,0.0,0.1191563
0.8612845,0.0,0.47503158
0.9306729,0.0,0.09728589
0.8889866,0.0,0.49737018
0.9756808,0.0,0.040176414
0.9662879,0.0,0.22353056
0.9465905,0.0,0.07904398
0.78164047,0.0,0.41773093
0.78905106,0.0,0.40475613
0.8426475,0.0,0.77832144
0.8322715,0.0,0.7443787
0.5322137,0.0,0.40090892
0.7416743,0.0,0.4739174
0.79092664,0.0,0.49263823
0.79912055,0.0,0.28208143
0.7207818,0.0,0.34856674
0.9551334,0.0,0.014463951
0.57494825,0.0,0.2982305
0.9224453,0.0,0.031318784
0.76466227,0.0,0.5289971
0.885158,0.0,0.068884976
0.9318583,0.0,0.22941533
0.9313414,0.0,0.0048923604
0.9337769,0.0,0.33933273
0.9396458,0.0,0.06575886
0.54155976,0.0,0.50899583
0.79243296,0.0,0.36024603
0.9117499,0.0,0.93271124
0.8845532,0.0,1.0
0.88537234,0.0,0.7967524
0.8601734,0.0,0.21878585
0.7724667,0.0,0.29754642
0.7895981,0.0,0.5270314
0.77063495,0.0,0.2919188
0.49409673,0.0,0.05253527
0.6613606,0.0,0.13525626
0.8739633,0.0,0.014093515
0.9010479,0.0,0.28281808
0.88089544,0.0,0.025722802
0.90667367,0.0,0.32936463
0.79635835,0.0,0.33667386
0.6737411,0.0,0.04236736
0.8960438,1.0,0.47865695
0.9000847,1.0,0.056161437
0.91668254,1.0,0.53825504
0.96431226,0.0,0.087890364
0.96597975,0.0,0.29737356
0.5457004,0.0,0.48484558
0.76414406,0.0,0.58723736
0.81607866,1.0,0.53669196
0.90880764,0.0,0.39964727
0.93313587,1.0,0.15266289
0.96506685,0.0,0.0037773186
0.7429191,1.0,0.39321396
0.95651853,1.0,0.013415969
0.6314932,1.0,0.09897063
0.8937424,0.0,0.015917987
0.7009496,0.0,0.059101567
0.86091775,0.0,0.01829535
0.82519865,0.0,0.24901636
0.73865646,0.0,0.002914047
0.60857576,0.0,0.025493886
0.8702596,0.0,0.2248652
0.78081685,0.0,0.57104135
0.52203274,0.0,0.75515544
0.5178693,0.0,0.5072932
0.3451551,0.0,0.09298214
0.62850773,0.0,0.0
0.7120553,0.0,0.09027319
0.5523314,0.0,0.008375504
0.62038666,0.0,0.39653268
0.91014105,0.0,0.0
0.8763445,0.0,0.42460704
0.75676143,1.0,0.21368818
0.9228503,0.0,0.1224817
0.36351168,0.0,0.7927616
0.5194233,0.0,0.73412484
0.6204094,0.0,0.27818382
0.83469033,0.0,0.20963939
0.80896765,0.0,0.032474548
0.92847264,0.0,0.0058854865
0.7701055,0.0,0.07121507
0.84424067,0.0,0.0050227726
0.66998833,0.0,0.3939318
0.8613312,0.0,0.008127052
0.6595444,0.0,0.22403026
0.69405645,0.0,0.73224616
0.5663524,0.0,0.8200751
0.4393381,0.0,0.12460435
0.49747923,0.0,0.12586226
0.77609074,0.0,0.0064184177
0.77292514,0.0,0.00776132
0.5535316,0.0,0.0026866214
0.89284736,0.0,0.011128532
0.70199484,0.0,0.0
0.88117266,0.0,0.08800763
0.47954917,0.0,0.028190976
0.56784165,0.0,0.18034911
0.9103183,0.0,0.06416977
0.7348209,0.0,0.00954234
0.5185643,0.0,0.011469441
0.59333885,0.0,0.029284777
0.4647171,0.0,0.21546942
0.9076084,0.0,0.29599914
0.64503527,0.0,0.6202716
0.44658002,0.0,0.77995104
0.53805715,0.0,0.77187985
0.53612715,0.0,0.27844197
0.7782701,0.0,0.59309536
0.5441911,0.0,0.49679244
0.6395025,0.0,0.10481466
0.6240479,0.0,0.7910273
0.8801808,0.0,0.0950362
0.7761154,0.0,0.44276786
0.95732737,0.0,0.12408576
0.5498252,0.0,0.5111218
0.7616767,0.0,0.13196011
0.6579055,0.0,0.66476715
0.66389585,0.0,0.22007807
0.9459097,0.0,0.019757409
0.5661652,0.0,0.5404273
0.42675945,0.0,0.39541867
0.5761192,0.0,0.061481506
0.48249623,0.0,0.21632391
0.61219203,0.0,0.42845595
0.82637346,0.0,0.25192276
0.7523213,0.0,0.5773381
0.5666583,0.0,0.11418938
0.5692615,0.0,0.5534724
0.45609367,0.0,0.8185822
0.9216533,0.0,0.18036467
0.6223564,0.0,0.61322796
0.6536876,0.0,0.37411296
0.5882003,0.0,0.5841532
0.5846542,0.0,0.72573787
0.8778983,0.0,0.6454973
0.5171885,0.0,0.8423085
0.68287706,0.0,0.71165115
0.80261964,0.0,0.048132665
0.83706933,0.0,0.30850902
0.7107169,0.0,0.0
0.94977605,0.0,0.09310113
0.54613787,0.0,0.00035438736
0.9095453,0.0,0.17429918
0.7777114,0.0,0.0028020302
0.43001786,0.0,0.08940846
0.709314,0.0,0.41072825
0.8251167,0.0,0.4044942
0.6982914,0.0,0.3091799
0.70777106,0.0,0.35484695
0.7493765,0.0,0.14192016
0.83647645,0.0,0.12041738
0.55987316,0.0,0.46067286
0.6885582,0.0,0.07020676
0.7186134,0.0,0.27402732
0.58687633,0.0,0.019609658
0.7548158,0.0,0.011975921
0.7016705,0.0,0.5517415
0.7539314,0.0,0.17228048
0.6055174,0.0,0.46888223
0.8127519,0.0,0.0030514565
0.5274947,0.0,0.3104629
0.8438083,0.0,0.108551085
0.67406714,0.0,0.2571949
0.8365179,0.0,0.07416196
0.45269752,0.0,0.014060996
0.6804844,0.0,0.55291444
0.42785034,0.0,0.2532153
0.708151,0.0,0.18737759
0.6046695,0.0,0.6310641
0.7965675,0.0,0.48580602
0.8510634,0.0,0.5328052
0.7800216,0.0,0.3665363
0.50157356,0.0,0.5732587
0.6889321,0.0,0.12042722
0.63468486,0.0,0.37220648
0.5387461,0.0,0.009165302
0.33521447,0.0,0.2714864
0.70711577,0.0,0.030646134
0.48861223,0.0,0.12173461
0.9616418,0.0,0.016592301
0.5056145,0.0,9.765219e-05
0.9408962,0.0,0.1417113
0.8696573,0.0,0.065196656
0.79651123,0.0,0.30642405
0.6247984,0.0,0.5712484
0.5016872,0.0,0.6016732
0.6385184,0.0,0.008742858
0.5618779,0.0,0.21927069
0.5434765,0.0,0.516375
0.40811747,0.0,0.39374456
0.5566606,0.0,0.073994786
0.54978675,0.0,0.037892647
0.48936057,0.0,0.81992394
0.3493915,0.0,0.5332755
0.57900506,0.0,0.042922053
0.52381796,0.0,0.17775533
0.81536555,0.0,0.0
0.91582566,0.0,0.0139817055
0.96660435,0.0,0.0
0.62122124,0.0,0.0
0.5553054,0.0,0.0
0.77445084,0.0,0.0102708135
0.5107568,0.0,0.26205558
0.51871896,0.0,0.048778027
0.32318723,0.0,0.28372812
0.4934492,0.0,0.048986305
0.941466,0.0,0.0
0.49425554,0.0,0.0071505373
0.6101251,0.0,0.0067051267
0.5995431,0.0,0.14569026
0.36780003,0.0,0.059977006
0.8953039,0.0,0.0008502454
0.8503192,0.0,0.1012566
0.47607806,0.0,0.5389928
0.44136757,0.0,0.36728546
0.49367723,0.0,0.20616403
0.75047535,0.0,0.7804621
0.9266921,0.0,0.216119
0.5835451,0.0,0.16239725
0.6475508,0.0,0.15707237
0.47725466,0.0,0.14795287
0.87736887,0.0,0.0039399522
0.44217575,0.0,0.059441715
0.873966,0.0,0.0016870826
0.8822441,0.0,0.0
0.7155672,0.0,0.0014036401
0.33899102,0.0,0.0
0.6235557,1.0,0.43583858
0.3874086,1.0,0.40383708
0.45952487,1.0,0.46583083
0.478275,1.0,0.4509703
0.62964493,0.0,0.020612897
0.6416374,0.0,0.07013211
0.984268,0.0,0.00027685077
0.4873027,0.0,0.029509615
0.86537904,0.0,0.0004119856
0.5918155,0.0,0.047855664
0.56467235,0.0,0.1659736
0.35302225,0.0,0.3369269
0.47991407,0.0,0.7468752
0.75545293,0.0,0.2034686
0.7194165,0.0,0.08471724
0.5368595,0.0,0.06590506
0.55298567,1.0,0.52323335
0.3672665,1.0,0.5045595
0.7608507,1.0,0.20094639
0.72200817,0.0,0.04624184
0.4336488,1.0,0.62884307
0.58153635,1.0,0.6411328
0.562474,0.0,0.0930522
0.7563362,1.0,0.22685711
0.8021749,0.0,0.20186749
0.9326298,0.0,0.0077767423
0.6827998,0.0,0.41623437
0.9561776,0.0,0.10994143
0.8836406,0.0,0.18363616
0.90864176,0.0,0.5861724
0.62759,0.0,0.34830564
0.43829843,0.0,0.81136125
0.4484392,0.0,0.7584706
0.49726748,0.0,0.16687775
0.47233877,0.0,0.100875266
0.59690213,0.0,0.06697334
0.8962514,0.0,0.019356353
0.6983339,0.0,0.06484988
0.73522896,0.0,0.00021972154
0.6032808,0.0,0.012058233
0.7197122,0.0,0.009230581
0.6124875,0.0,0.36607674
0.9157554,0.0,0.14527197
0.8569201,0.0,0.0014320347
0.91763157,0.0,0.17020857
0.78572196,0.0,0.026556002
0.34129852,0.0,0.31950593
0.73323333,0.0,0.74924225
0.8789678,0.0,0.52817154
0.78091234,0.0,0.5261659
0.96047026,0.0,0.010042818
0.81889737,0.0,0.66017884
0.93892336,0.0,0.20790909
0.71351945,0.0,0.4588833
0.55101424,0.0,0.8104255
0.4949852,0.0,0.5606907
0.73192114,0.0,0.045727003
0.89004505,0.0,0.11555478
0.7611888,0.0,0.3695092
0.7052718,0.0,0.46079928
0.59202605,0.0,0.009410834
0.6753958,0.0,0.10497138
0.9303227,0.0,0.004868212
0.8532547,0.0,0.110004745
0.7467389,0.0,0.0
0.83566695,0.0,0.037980553
0.90413576,0.0,0.013783102
0.58044595,0.0,0.2000845
0.78146076,0.0,0.31253368
0.5802499,0.0,0.17145124
0.8623532,0.0,0.08369579
0.61431736,0.0,0.00573458
0.45899102,0.0,0.17820713
0.9259917,0.0,0.005996703
0.51711416,0.0,0.22748682
0.6004798,0.0,0.32315785
0.49910337,0.0,0.22265948
0.92592704,0.0,0.0
0.9652954,0.0,0.09846382
0.6676182,0.0,0.513183
0.7225579,0.0,0.2023318
0.8389064,0.0,0.00819363
0.97155154,0.0,0.044235263
0.74015784,0.0,0.36763236
0.691107,0.0,0.19979818
0.92673624,0.0,0.0
0.91898984,0.0,0.18728136
0.7069398,0.0,0.6074569
0.6100632,0.0,0.29192042
0.7683758,0.0,0.026325835
0.86608374,0.0,0.6516358
0.7656582,0.0,0.7088964
0.6057381,0.0,0.5758287
0.9012258,0.0,0.5172402
0.61327326,0.0,0.50286275
0.8845719,0.0,0.49139985
0.6556769,0.0,0.24360509
0.5859342,0.0,0.6875799
0.73775834,0.0,0.3234474
0.8738306,0.0,0.27342972
0.5841672,0.0,0.70355946
0.56794107,0.0,0.4622582
0.73751414,0.0,0.07368499
0.44915795,0.0,0.4279284
0.9515932,0.0,0.20044675
0.89318895,0.0,0.0035525754
0.9773458,0.0,0.047996297
0.88035667,0.0,0.045033935
0.6509676,0.0,0.1497333
0.5156568,0.0,0.7522684
0.81647176,0.0,0.31257355
0.4946753,0.0,0.06609303
0.64504373,0.0,0.40478653
0.6467655,1.0,0.57179135
0.50528705,1.0,0.41495323
0.62948006,1.0,0.6746646
0.6016232,1.0,0.113605715
0.47304088,1.0,0.21840523
0.6397653,1.0,0.13603616
0.7873537,0.0,0.20471875
0.8721826,0.0,0.061065093
0.6897155,0.0,0.0624505
0.8599788,1.0,0.31633222
0.9752313,0.0,0.0
0.8328076,1.0,0.1410495
0.9851591,0.0,0.009710941
0.948455,0.0,0.107463315
0.9884787,0.0,0.02625127
0.8999397,0.0,0.21603575
0.8483454,0.0,0.6996416
0.6397468,1.0,0.7109033
0.8359074,1.0,0.25000072
0.94408715,1.0,0.39209142
0.98067594,0.0,0.00040810983
0.97009146,1.0,0.20274854
0.97199,0.0,0.0075695775
0.92780316,1.0,0.10058506
0.63076776,0.0,0.013815578
0.4541254,1.0,0.27837348
0.8412686,0.0,0.004389952
0.84245896,0.0,0.0010398774
0.95012134,1.0,0.0450083
0.9602041,0.0,0.16745473
0.8071125,1.0,0.50920594
0.8983254,0.0,0.2910585
0.7493151,0.0,0.5465647
0.6059699,0.0,0.82439613
0.46403208,0.0,0.22189198
0.9443644,0.0,0.08267193
0.9422033,0.0,0.0
0.9579072,0.0,0.0
0.98215276,0.0,0.00016935113
0.6645209,0.0,0.0005508636
0.97667307,0.0,0.005624639
0.7397783,0.0,0.08347314
0.6946957,0.0,0.2084032
0.8241784,0.0,0.17089568
0.60392505,0.0,0.8390817
0.5660865,0.0,0.790747
0.87031865,0.0,1.0
0.77873063,0.0,0.7824427
0.8704523,0.0,0.17962989
0.81719166,0.0,0.0027977368
0.8164665,0.0,0.010245366
0.9073993,0.0,0.12776448
0.9832001,0.0,0.0007591488
0.85076916,0.0,0.007370402
0.91720515,0.0,0.0013397892
0.94824415,1.0,0.056568626
0.8547614,0.0,0.0
0.91455185,0.0,0.0
0.9164814,1.0,0.024503984
0.95615417,1.0,0.07869515
0.9788896,0.0,0.01053306
0.97037417,0.0,0.0
0.95764124,0.0,0.002066568
0.9414302,0.0,0.012962373
0.95377517,0.0,0.0
0.964665,0.0,0.02251254
0.68286926,0.0,0.069235116
0.48560888,0.0,0.47642532
0.70311,0.0,0.5977897
0.7995591,0.0,0.50997895
0.9062965,0.0,0.26079103
0.9702594,0.0,0.0
0.88731843,0.0,0.0
0.88998926,0.0,0.016850166
0.83687663,1.0,0.038927518
0.49490586,1.0,0.2879874
0.7336582,0.0,0.039080754
0.738446,1.0,0.27199012
0.6310956,1.0,0.53868204
0.7586787,1.0,0.5998645
0.67316633,1.0,0.2584903
0.46073633,1.0,0.13691631
0.7568615,0.0,0.0
0.4356539,1.0,0.30742368
0.586449,1.0,0.61622936
0.6706599,0.0,0.23845118
0.67566323,0.0,1.0
0.8000764,0.0,0.47471568
0.6220173,0.0,0.43252975
0.62968373,0.0,0.23567708
0.7734815,0.0,0.65874916
0.61084294,0.0,0.5884787
0.7956046,0.0,0.23382503
0.6591215,0.0,0.4578423
0.6618407,0.0,0.61549133
0.618517,0.0,0.56233335
0.44165328,0.0,0.40052778
0.5044542,0.0,0.47150302
0.552352,0.0,0.30066583
0.4862386,0.0,0.33555427
0.2333172,0.0,0.10301779
0.85356575,0.0,0.30356786
0.63169265,0.0,0.15556887
0.603261,0.0,0.40382987
0.67112464,0.0,0.248979
0.68524224,0.0,0.0
0.60064983,0.0,0.37500185
0.91298425,0.0,0.5821192
0.8398112,0.0,0.02156088
0.8253636,0.0,0.3725288
0.70454365,1.0,0.6700771
0.70335907,1.0,0.26412308
0.57422584,0.0,0.0224741
0.66146183,0.0,0.42150518
0.55601007,0.0,0.40078324
0.6281865,0.0,0.0
0.7125273,0.0,0.0993501
0.6436314,0.0,0.68404216
0.9280302,0.0,0.15286653
0.3998191,0.0,0.40377778
0.811009,0.0,0.26396298
0.774638,0.0,0.0
0.7194129,0.0,0.1748053
0.51347166,0.0,0.4629732
0.3706931,0.0,0.06739343
0.81916577,0.0,0.0
0.29017547,0.0,0.3300879
0.67643976,0.0,0.397836
0.83336276,0.0,0.080901206
0.57716113,0.0,0.0077296426
0.69693965,0.0,0.5612377
0.5895404,1.0,0.481801
0.4542056,1.0,0.29387146
0.72425586,1.0,0.7199022
0.6507274,1.0,0.19781256
0.76982844,0.0,0.1096079
0.7813919,1.0,0.17780401
0.4101798,1.0,0.096449405
0.7916822,0.0,0.0
0.79117167,0.0,0.14004196
0.903741,0.0,0.0
0.7616839,0.0,0.10579865
0.9071226,0.0,0.23774412
0.89053243,0.0,0.20997542
0.845564,0.0,0.0077141635
0.6369635,0.0,0.27499175
0.8712142,0.0,0.44205192
0.9604622,0.0,0.00441551
0.784169,0.0,0.40221563
0.63495207,0.0,0.3647731
0.7599405,0.0,0.09174883
0.61459994,0.0,0.42792884
0.75457436,0.0,0.213762
0.7062354,0.0,0.68015486
0.7306778,0.0,0.36224747
0.5463762,0.0,0.42796034
0.8623274,0.0,0.0865877
0.8168059,0.0,0.16146022
0.6767623,0.0,0.40507782
0.48467475,0.0,0.22738956
0.88310367,0.0,0.0
0.6164482,0.0,0.49667856
0.7521193,0.0,0.47691426
0.83297944,0.0,0.039527267
0.925253,0.0,0.12637304
0.9589707,0.0,0.2961602
0.77318645,0.0,0.20481223
0.9553934,0.0,0.061960656
0.8120277,0.0,0.008013614
0.96840155,0.0,0.32242134
0.78631306,0.0,0.33522767
0.86789286,1.0,0.4254936
0.85640335,1.0,0.07909457
0.80343324,1.0,0.70373577
0.7892225,0.0,0.31495318
0.820203,1.0,0.33225858
0.7023541,1.0,0.056303825
0.67072177,1.0,0.43255892
0.5232133,1.0,0.13464548
0.76179504,1.0,0.36158437
0.59685147,1.0,0.5818695
0.33301768,1.0,0.50884515
0.56194746,0.0,0.072481975
0.37417737,1.0,0.1672929
0.8231541,0.0,0.27150244
0.80532104,0.0,0.5279639
0.62216544,0.0,0.027547605
0.7284306,0.0,0.3731139
0.584324,0.0,0.55062735
0.7225849,0.0,0.3594536
0.58715,0.0,0.075931154
0.7119019,0.0,0.38998947
0.80572927,0.0,0.38010317
0.23871893,0.0,0.0933199
0.5683543,0.0,0.4973412
0.52592856,0.0,0.34697247
0.51725876,0.0,0.35321885
0.6180034,0.0,0.074682765
0.8000232,0.0,0.011493536
0.6487692,0.0,0.38208842
0.7529266,0.0,0.57737815
0.73481035,0.0,0.012939101
0.46239758,0.0,0.051165625
0.49218094,0.0,0.34414604
0.6214145,1.0,0.4125791
0.61828446,0.0,0.0013445776
0.6809388,0.0,0.16679569
0.6279984,0.0,0.3034216
0.6399958,1.0,0.31178546
0.767769,0.0,0.0032708577
0.5581503,1.0,0.30785102
0.59366417,1.0,0.5831508
0.7552296,1.0,0.3520483
0.71079737,1.0,0.02205759
0.78422004,0.0,0.07284744
0.5070687,0.0,0.3220855
0.4488574,1.0,0.34267202
0.68997467,0.0,0.0
0.6452109,1.0,0.18069977
0.32589218,1.0,0.6033206
0.43197677,0.0,0.108856775
0.35259157,0.0,0.73373026
0.5954051,0.0,0.39247867
0.82066566,0.0,0.027019538
0.6609712,0.0,0.44296378
0.74742615,0.0,0.3781378
0.6870249,0.0,0.12257793
0.80528367,0.0,0.11006981
0.6402628,0.0,0.368951
0.54091215,0.0,0.5375432
0.4676796,0.0,0.690258
0.39789107,0.0,1.0
0.7991982,0.0,0.6776049
0.61619735,0.0,0.48859715
0.8028666,0.0,0.5989045
0.5917936,0.0,0.5740823
0.7824153,0.0,0.52913
0.6292221,0.0,0.6062444
0.6627553,0.0,0.2014336
0.6194679,0.0,0.35050917
0.48864627,0.0,0.13405861
0.5652535,0.0,0.12958089
0.77158904,0.0,0.2953322
0.54092413,0.0,0.4000681
0.4606098,0.0,0.5916346
0.80120265,0.0,0.18452147
0.86315346,0.0,0.059857093
0.699875,0.0,0.35042998
0.66941667,0.0,0.3708703
0.7455475,0.0,0.0011887691
0.7860578,0.0,0.29284915
0.6438993,0.0,0.74457693
0.5655645,0.0,0.40409473
0.78021055,0.0,0.6914984
0.9388309,0.0,0.21763542
0.5956852,0.0,0.21510397
0.7891151,0.0,0.009549654
0.7957588,0.0,0.46017814
0.9358128,0.0,0.08383434
0.5462382,0.0,0.10483634
0.7938229,0.0,0.14250593
0.7173152,0.0,0.03336961
0.7428068,0.0,0.01775094
0.6808872,0.0,0.31193998
0.72312593,0.0,0.053712677
0.9405719,0.0,0.037051346
0.9059,0.0,0.12730254
0.7486112,0.0,0.30692786
0.60234326,0.0,0.35755518
0.66900384,0.0,0.026688121
0.8935785,0.0,0.0027065484
0.7946039,0.0,0.43348476
0.5126601,0.0,0.15894584
0.8579333,0.0,0.0025960556
0.82882863,0.0,0.091038376
0.81501704,0.0,0.046677932
0.9284674,0.0,0.026999414
0.69393057,0.0,0.37737313
0.6614181,0.0,0.3074781
0.46942258,0.0,0.6700887
0.44276202,0.0,0.21302167
0.5878138,0.0,0.42910945
0.5319071,0.0,0.7385982
0.7738922,0.0,0.059533324
0.76875454,0.0,0.7611014
0.6627026,0.0,0.34825155
0.55358124,0.0,0.511061
0.9155377,0.0,0.26852718
0.7518094,0.0,0.5314972
0.8533735,0.0,0.18391731
0.81927234,0.0,0.8283005
0.6919664,0.0,0.5155631
0.74251854,0.0,0.74125236
0.82933587,0.0,0.30264
0.76034224,0.0,0.7980702
0.9166859,0.0,0.19878684
0.91929406,0.0,0.32273778
0.6742943,0.0,0.6693931
0.850994,0.0,0.41191703
0.97752017,0.0,0.08009926
0.98170954,0.0,0.14483036
0.94686633,0.0,0.0
0.8091062,0.0,0.23859324
0.872547,0.0,0.6139172
0.69234794,0.0,0.39396894
0.74814296,0.0,0.082494035
0.7702099,0.0,0.5283795
0.8245216,0.0,0.4000539
0.96181446,0.0,0.00197257
0.8530416,0.0,0.49453855
0.9490227,0.0,0.053403914
0.8763937,0.0,0.0007052687
0.59298915,0.0,0.42719457
0.8717211,0.0,0.17684084
0.872468,0.0,0.07231738
0.7800821,0.0,0.024002267
0.9554013,1.0,0.078724004
0.8235891,1.0,0.0032119176
0.63783085,1.0,0.010325203
0.6531126,1.0,0.09485088
0.8498739,1.0,0.003314512
0.68057287,1.0,0.00556313
0.75943875,0.0,0.00035067223
0.883626,1.0,0.00020295463
0.754099,1.0,0.011703981
0.8261879,0.0,0.0
0.5571639,0.0,0.014037371
0.7919353,0.0,0.013485193
0.89633316,0.0,0.00024604658
0.9583652,0.0,0.0
0.95438194,0.0,0.048324503
0.8785269,0.0,0.0
0.68171597,0.0,0.00043211505
0.65133315,0.0,0.0029369046
0.9138951,0.0,0.0038874755
0.5207191,0.0,0.00028667014
0.7119739,0.0,0.0
0.9084128,0.0,0.0030734274
0.6559885,0.0,0.037345067
0.3106059,0.0,0.24874811
0.51471907,0.0,0.054051295
0.8743546,0.0,0.49541602
0.95253164,0.0,0.44194815
0.5967217,0.0,0.67682594
0.83954114,0.0,0.29370582
0.6958746,0.0,0.3305493
0.7833791,0.0,0.20807894
0.87604487,0.0,0.19443336
0.93230313,0.0,0.0028159996
0.9523631,0.0,0.00093748904
0.7565526,0.0,0.026542999
0.44068554,0.0,0.045824513
0.80306345,0.0,0.0
0.8159499,0.0,0.00057926733
0.8653438,0.0,0.03185917
0.66358167,0.0,0.087962545
0.95234543,0.0,0.09249283
0.9142295,0.0,0.093207695
0.34687826,0.0,0.39937386
0.49828097,0.0,0.71846926
0.5340725,0.0,0.4712699
0.8580377,0.0,0.008066797
0.5283561,1.0,0.18246457
0.78033173,1.0,0.45299602
0.69853806,0.0,0.12153459
0.92630714,1.0,0.0029352803
0.5620147,1.0,0.40459818
0.49955204,1.0,0.0036100307
0.5495181,1.0,0.0
0.61161655,1.0,0.23751198
0.480138,1.0,0.08185553
0.6411801,0.0,0.034005992
0.35243878,0.0,0.12511788
0.90058345,0.0,0.00033209403
0.8343606,0.0,0.0
0.6233434,0.0,0.20209883
0.81118023,0.0,0.005138807
0.8976097,0.0,0.0005737919
0.9476336,0.0,0.2818926
0.5550364,0.0,0.4483724
0.58655685,0.0,0.32642296
0.9110989,0.0,0.0
0.8849147,0.0,0.00039785545
0.95154774,0.0,0.0
0.6703457,0.0,0.055868465
0.64003026,0.0,0.0069990507
0.76660115,0.0,0.026390696
0.79501224,0.0,0.3510509
0.5945098,0.0,0.3187348
0.6074139,0.0,0.5354202
0.42941266,0.0,0.23927757
0.42165008,0.0,0.64387864
0.8941587,0.0,0.43274754
0.6786952,0.0,0.11033195
0.9561688,0.0,0.0022073013
0.66240346,0.0,0.059961185
0.5210589,0.0,0.057477504
0.88446265,0.0,0.045422982
0.59211457,0.0,0.37960178
0.6769011,0.0,0.12580204
0.60315424,0.0,0.33225197
0.5177532,0.0,0.1885741
0.9507014,1.0,0.031463563
0.6043811,1.0,0.2829164
0.62059134,1.0,0.045206092
0.66913927,1.0,0.09742516
0.82068324,0.0,0.53507656
0.6388154,0.0,0.79054976
0.7101947,1.0,0.53621656
0.5541709,0.0,0.5769941
0.4952279,1.0,0.41492915
0.43482232,0.0,0.35478953
0.5192547,1.0,0.5392806
0.88711584,1.0,0.02806724
0.67309934,1.0,0.18485774
0.3250878,1.0,0.12021691
0.49077815,1.0,0.6007483
0.4951222,0.0,0.25255552
0.78936404,0.0,0.6831669
0.67977333,0.0,0.2450653
0.5575081,0.0,0.26623207
0.50391334,0.0,0.7120827
0.95224434,0.0,0.27099675
0.7232,0.0,0.3264876
0.43608314,0.0,0.50854063
0.5453032,0.0,0.61455077
0.9555811,0.0,0.08075112
0.68793356,0.0,0.3583396
0.78355277,0.0,0.76740235
0.51434916,0.0,0.8474193
0.91856486,0.0,0.27962527
0.79241467,0.0,0.62494564
0.9118187,0.0,0.34391913
0.8185147,0.0,0.50016844
0.92650014,0.0,0.023963679
0.6444136,0.0,0.5058957
0.7187163,0.0,0.5615435
0.96764773,0.0,0.06070927
0.77440274,0.0,0.08088979
0.9336848,0.0,0.12145888
0.9499952,0.0,0.2975694
0.77032095,0.0,0.06890408
0.65879714,0.0,0.5563005
0.8194333,0.0,0.35094222
0.75391465,0.0,0.026759382
0.876406,0.0,0.06129027
0.60669225,0.0,0.11387397
0.90969276,0.0,0.02291604
0.63341004,0.0,0.03871401
0.71648467,0.0,0.36126056
0.88340575,0.0,0.26447558
0.7353247,0.0,0.22252683
0.7448013,0.0,0.620949
0.94250655,0.0,0.061222948
0.8706218,0.0,0.0035658083
0.9811399,0.0,0.051034037
0.91051376,0.0,0.020770025
0.92567855,0.0,0.012625357
0.86032057,0.0,0.0
0.9565066,0.0,0.2838465
0.7507116,0.0,0.46929774
0.94086593,0.0,0.14527507
0.89821774,0.0,0.0
0.81178147,0.0,0.0
0.97645867,0.0,0.0014662753
0.55123043,0.0,0.00090127334
0.96151006,0.0,0.004226005
0.56986445,1.0,0.007281101
0.97185576,0.0,0.0026956047
0.81452525,0.0,0.07385915
0.91933006,1.0,0.0
0.8614207,0.0,0.18857701
0.49185705,0.0,0.008556338
0.3772108,0.0,0.0
0.79767793,0.0,0.00061964773
0.83306664,1.0,0.008261468
0.86278594,1.0,0.01552549
0.91704065,0.0,0.00062638
0.73480815,1.0,0.35498592
0.91461456,0.0,0.29903552
0.85599935,0.0,0.059058122
0.9472857,0.0,0.0025037625
0.92449737,0.0,0.001064499
0.8007603,0.0,0.22765397
0.72652996,0.0,0.25067627
0.5643436,0.0,0.19821306
0.7568324,0.0,0.20201263
0.70415145,0.0,0.2351176
0.45900977,1.0,0.4883985
0.75536054,1.0,0.4751493
0.42484936,1.0,0.09298237
0.31733945,1.0,0.21363932
0.4721524,1.0,0.07095511
0.91499794,1.0,0.0
0.72317344,1.0,0.0073621455
0.8745961,0.0,0.01353488
0.8048263,0.0,0.0060528703
0.89750636,0.0,0.0016194232
0.8988603,0.0,0.0
0.85085166,0.0,0.0
0.85310936,0.0,0.008378005
0.8670345,0.0,0.00083925383
0.73979604,0.0,0.5242823
0.95201904,0.0,0.28114066
0.92131996,0.0,0.7707261
0.69306403,0.0,0.6211284
0.91185933,0.0,0.093822554
0.7899271,0.0,0.29097182
0.8189493,0.0,0.10364899
0.9277235,0.0,0.0010204571
0.8422388,0.0,0.0752596
0.98663133,0.0,0.0
0.9906866,0.0,0.014171448
0.7742645,0.0,0.005615447
0.527841,0.0,0.022408703
0.65508497,1.0,0.028149322
0.46569687,0.0,0.104588665
0.81593037,0.0,0.38191724
0.6808915,1.0,0.36448768
0.88967884,1.0,0.0018164624
0.83520544,0.0,0.16227998
0.8742689,0.0,0.29926196
0.89530665,0.0,0.5099384
0.8456498,0.0,0.0
0.9445782,0.0,0.07179372
0.8832833,0.0,0.005471935
0.6690124,0.0,0.1569075
0.7793098,0.0,0.0
0.96282464,0.0,0.06917197
0.6220139,0.0,0.06703763
0.5107321,0.0,0.33501688
0.56668353,0.0,0.5768114
0.8642269,0.0,0.2666337
0.72343856,0.0,0.12803169
0.960828,0.0,0.13629696
0.89773095,0.0,0.20386517
0.8672409,0.0,0.00039878045
0.7762002,0.0,0.03297033
0.66441643,0.0,0.33491832
0.5223136,1.0,0.24519244
0.9727021,0.0,0.007356581
0.90612715,0.0,0.055330325
0.8388964,0.0,0.0
0.8011788,0.0,2.5197303e-05
0.8270377,0.0,0.27008814
0.5159596,0.0,0.01420624
0.7124057,0.0,0.20442966
0.86994207,0.0,0.40451714
0.8413598,0.0,0.9385453
0.5394946,0.0,0.62833786
0.5588693,0.0,0.55405015
0.83491284,0.0,0.0593567
0.6276468,0.0,0.6366219
0.9206729,0.0,0.2313734
0.77941996,0.0,0.42655227
0.79500633,0.0,0.6416179
0.73747975,0.0,0.5671232
0.5574546,0.0,0.09774573
0.73941106,0.0,0.34526017
0.9534524,0.0,0.23192722
0.6301784,0.0,0.32660675
0.9059565,0.0,0.7003538
0.788667,0.0,0.29125872
0.6763586,0.0,0.7545751
0.59683716,0.0,0.29554665
0.6152612,0.0,0.0020252557
0.94426453,0.0,0.07591198
0.6543814,0.0,0.35054496
0.76932913,0.0,0.18334855
0.9205396,0.0,0.0
0.8205022,0.0,0.18923485
0.8936727,0.0,0.45935816
0.93336314,0.0,0.34435531
0.9107113,0.0,0.13813925
0.6139308,0.0,0.5870893
0.46799886,0.0,0.6426582
0.6735733,0.0,0.34868065
0.92172873,0.0,0.16040553
0.8178688,0.0,0.08267473
0.48203555,0.0,0.25216022
0.49477637,0.0,0.12139657
0.96553206,0.0,0.0
0.8280484,0.0,0.06481107
0.60963994,0.0,0.046598125
0.90821886,0.0,0.014283818
0.9286228,0.0,0.0
0.5862817,0.0,0.012992589
0.6725898,0.0,0.0
0.590654,0.0,0.0070001744
0.9410147,0.0,0.010702265
0.27534133,0.0,0.24693255
0.29802236,0.0,0.4767704
0.9333937,0.0,0.31606397
0.43451062,0.0,0.42228028
0.645632,0.0,0.66276973
0.7272329,0.0,0.21292292
0.8024853,0.0,0.22456834
0.4702898,0.0,0.32833117
0.87355256,0.0,0.0
0.77211076,0.0,0.0037752604
0.33237118,0.0,0.13434014
0.63823867,0.0,0.2522542
0.9437568,0.0,0.0
0.86230713,0.0,0.0
0.45943868,0.0,0.27921885
0.8617511,0.0,0.010838796
0.9388411,0.0,0.027228037
0.6372788,0.0,0.14732708
0.6567985,0.0,0.10349274
0.6975087,0.0,0.2551553
0.68457365,1.0,0.36799976
0.86582947,0.0,0.36090633
0.27853945,1.0,0.09780166
0.6721953,0.0,0.66797626
0.5930232,0.0,0.22802825
0.9184668,0.0,0.0
0.5156004,0.0,0.03155313
0.33514985,0.0,0.08578139
0.6305715,0.0,0.0
0.68549746,0.0,0.0
0.47067717,0.0,0.51604307
0.7106885,0.0,0.3257875
0.97201645,0.0,0.0
0.89642674,0.0,0.106177144
0.38308612,0.0,0.608348
0.9642527,0.0,0.33042985
0.53414434,0.0,0.30773118
0.77311987,0.0,0.43569863
0.9151337,0.0,0.30379027
0.889665,0.0,0.04956769
0.2905339,0.0,0.25212598
0.44904587,0.0,0.5138534
0.8443319,0.0,0.0010080109
0.74787295,0.0,0.025543222
0.4727762,0.0,0.06454741
0.29133835,0.0,0.16118667
0.9246088,0.0,0.020248836
0.7668931,0.0,0.0073070796
0.28607962,1.0,0.09731024
0.72736835,0.0,0.0035878194
0.96466553,0.0,0.04156121
0.91430384,1.0,0.07272521
0.6560359,1.0,0.30175552
0.5091285,1.0,0.29431194
0.6890018,0.0,0.50907373
0.958516,0.0,0.35303727
0.34231848,0.0,0.20159675
0.54396707,0.0,0.448987
0.3857084,0.0,0.27726525
0.9585989,0.0,0.0021141963
0.9520133,0.0,0.016182465
0.5241453,0.0,0.29195142
0.63570356,0.0,0.106796086
0.92116493,0.0,0.00361682
0.70975775,0.0,0.28933728
0.6198581,0.0,0.17798238
0.8194476,0.0,0.023195373
0.94167644,0.0,0.0
0.7921884,0.0,0.42528227
0.80467814,0.0,0.23492384
0.9224367,0.0,0.100015335
0.6615859,0.0,0.75262076
0.8748836,0.0,0.5377344
0.9420895,0.0,0.10652124
0.7471104,0.0,0.30237308
0.6755564,0.0,0.5605606
0.8861899,0.0,0.19464831
0.91108626,0.0,0.4441494
0.77516276,0.0,0.895077
0.36601824,0.0,0.8169514
0.97289485,0.0,0.7283773
0.8955965,0.0,0.9012012
0.65638506,0.0,0.57827944
0.77422595,0.0,0.7981764
0.95708525,0.0,0.62553704
0.8197362,0.0,0.4346902
0.924353,0.0,0.30096698
0.9096554,0.0,0.61963123
0.91884387,0.0,0.17951551
0.9298774,0.0,0.12540886
0.94298977,0.0,0.40707383
0.9154375,0.0,0.38236707
0.9400269,0.0,0.0
0.9214434,0.0,0.1085597
0.75738674,0.0,0.44247496
0.9558636,0.0,0.16518691
0.9116402,0.0,6.8039306e-05
0.9297337,0.0,0.1955192
0.5175166,0.0,0.26473886
0.7297245,0.0,0.03715836
0.91003996,0.0,0.29422995
0.61581665,0.0,0.5662545
0.86721534,0.0,0.4670032
0.7364012,0.0,0.37054735
0.5575148,0.0,0.60844177
0.9511779,0.0,0.6994773
0.7205285,0.0,0.4672444
0.45661473,0.0,0.3795512
0.7152538,0.0,0.23744322
0.7467262,0.0,0.13726442
0.6433224,0.0,0.16965337
0.5876018,0.0,0.017825387
0.45375973,0.0,0.11295094
0.6397734,0.0,0.030996786
0.4313242,0.0,0.0
0.8448004,0.0,0.033475697
0.93444866,0.0,0.0
0.52916914,1.0,0.012752018
0.479557,0.0,0.0011188136
0.96736276,0.0,0.017213434
0.7368194,1.0,0.17916223
0.43000218,0.0,0.23888198
0.51098114,0.0,0.297351
0.8251419,0.0,0.34498432
0.93839157,0.0,0.26877397
0.54368675,0.0,0.2639713
0.9137922,0.0,0.5479753
0.6418987,0.0,0.40799296
0.9361471,0.0,0.0
0.9322849,0.0,0.15057802
0.6960473,0.0,0.51836926
0.71437883,0.0,0.035862017
0.8905787,1.0,0.004991336
0.8958357,0.0,0.38084716
0.7761363,0.0,0.1721849
0.80474323,0.0,0.0
0.8730845,0.0,0.030259585
0.93407756,0.0,0.5240791
0.95680773,0.0,0.42313722
0.8202726,0.0,0.33289832
0.8074479,0.0,0.41762647
0.91975003,0.0,0.5093084
0.9447818,0.0,0.15176395
0.9114069,0.0,0.21180426
0.7788591,0.0,0.23848061
0.84763896,0.0,0.013144817
0.67472386,0.0,0.17326851
0.7495989,1.0,0.0648609
0.326118,1.0,0.10216844
0.96778995,0.0,0.067678824
0.93865293,0.0,0.0
0.6772445,1.0,0.2721279
0.67666906,0.0,0.004728942
0.9192445,0.0,0.05660386
0.76561016,1.0,0.20273499
0.66438997,1.0,0.34475657
0.6192372,0.0,0.37444213
0.80323017,0.0,0.6983278
0.8972041,0.0,0.3271095
0.35033414,0.0,0.09380485
0.8112516,0.0,0.5081638
0.805188,0.0,0.4144929
0.9480262,0.0,0.0
0.90650403,0.0,0.05964974
0.6655099,0.0,0.46117857
0.91606414,0.0,0.019415947
0.635249,1.0,0.018213691
0.77158505,0.0,0.3680859
0.84163076,0.0,0.24479459
0.96202576,0.0,0.0
0.9079713,0.0,0.06652815
0.8028662,0.0,0.5454278
0.9321899,0.0,0.24662721
0.8573336,0.0,0.132936
0.8177658,0.0,0.47338736
0.80735916,0.0,0.37803844
0.89712054,1.0,0.015587657
0.6923903,0.0,0.1154769
0.39545336,1.0,0.13910244
0.89273816,0.0,0.0
0.42352307,0.0,0.10875599
0.6490252,1.0,0.11981355
0.75329804,1.0,0.16512853
0.9337081,0.0,0.0090611745
0.93746316,0.0,0.0
0.38039944,1.0,0.31213748
0.7289388,0.0,0.0056550023
0.9858892,0.0,0.020194309
0.63616,1.0,0.15534176
0.67144763,1.0,0.49301568
0.5578062,0.0,0.38187078
0.81848735,1.0,0.45812806
0.9223325,0.0,0.2639872
0.66467327,1.0,0.18623942
0.66206425,0.0,0.37553638
0.9298299,0.0,0.28829753
0.94963485,0.0,0.0
0.9433493,0.0,0.0006978974
0.714654,0.0,0.2274488
0.75625163,0.0,0.06684231
0.7127266,0.0,0.0
0.9430043,0.0,0.0008959277
0.9090578,0.0,0.28725284
0.814863,0.0,0.0
0.91655755,0.0,0.0
0.7768926,0.0,0.05265482
0.92955333,0.0,0.25217566
0.66448635,0.0,0.11455403
0.6207763,0.0,0.18556578
0.6863439,0.0,0.48799443
0.8020162,0.0,0.31228447
0.5605744,0.0,0.45121378
0.6566446,0.0,0.24946626
0.8381544,0.0,0.39372808
0.5855624,0.0,0.52279145
0.5679009,0.0,0.6364325
0.6271181,0.0,0.76217604
0.54204184,0.0,0.18594888
0.7354383,0.0,0.17718163
0.9053698,0.0,0.75309396
0.64311403,0.0,0.25212517
0.5184877,0.0,0.24620628
0.57704425,0.0,0.4564569
0.60735565,1.0,0.49480596
0.7323542,0.0,0.033223365
0.8969271,0.0,0.01255166
0.54753333,1.0,0.41031918
0.6895894,1.0,0.13158014
0.90115833,0.0,0.0006647321
0.8763434,1.0,0.26102108
0.5011602,1.0,0.48887154
0.5419038,0.0,0.0
0.95561475,0.0,0.0005967848
0.70604783,1.0,0.3097824
0.73509955,1.0,0.36003318
0.8011251,0.0,0.26375565
0.72387975,1.0,0.44381216
0.7808782,1.0,0.21992113
0.51667416,1.0,0.5003911
0.70444256,0.0,0.5916982
0.9637087,0.0,0.005049561
0.9342019,1.0,0.18144503
0.73624057,0.0,0.49886596
0.9802027,0.0,0.10812624
0.94319016,0.0,0.004303011
0.83720165,1.0,0.4277617
0.75357974,0.0,0.5819527
0.81714755,0.0,0.35162595
0.95424366,0.0,0.26711354
0.84029263,0.0,0.013810182
0.66799664,0.0,0.2431694
0.7086814,0.0,0.34211767
0.89665216,0.0,0.0014511569
0.6436382,0.0,0.0055825305
0.8694752,0.0,0.54496485
0.7667843,0.0,0.3900378
0.70828676,0.0,0.05127255
0.5829218,0.0,0.6118898
0.8057494,0.0,0.14432846
0.74800473,0.0,0.72237813
0.4762412,0.0,0.45756343
0.74081105,0.0,0.6550317
0.3630678,0.0,0.68264794
0.5426155,0.0,0.14853807
0.6163614,0.0,0.00011903637
0.3990629,0.0,0.5629487
0.8274096,0.0,0.4330095
0.8722947,0.0,0.06862725
0.8046431,0.0,0.41639924
0.59014004,0.0,0.12953115
0.35581246,0.0,0.36513853
0.7133919,0.0,0.27131054
0.63507473,0.0,0.18273422
0.9066754,0.0,0.13437858
0.7944072,0.0,0.28580278
0.46535674,0.0,0.021384876
0.55577,0.0,0.506639
0.65781504,0.0,0.35026097
0.9511806,0.0,0.015787533
0.91838014,0.0,0.11749167
0.761691,0.0,0.45759842
0.9585377,0.0,0.0034583278
0.977359,0.0,0.023059199
0.92762774,0.0,0.35649335
0.68798286,0.0,0.213716
0.9313522,0.0,0.0
0.9646836,0.0,0.22733074
0.77602977,0.0,0.58735996
0.60185295,0.0,0.33594397
0.8277142,0.0,0.16696185
0.7188673,0.0,0.5215868
0.7453378,0.0,0.78002983
0.88169706,0.0,0.1348709
0.9235756,0.0,0.012481228
0.77996445,0.0,0.32864422
0.8698041,0.0,0.28516537
0.765409,0.0,0.2740009
0.47667724,0.0,0.4177942
0.5294135,0.0,0.13988493
0.3716228,0.0,0.18474054
0.6708148,0.0,0.3500578
0.66538084,0.0,0.04164115
0.42089564,0.0,0.3877582
0.7187675,0.0,0.43416354
0.8314253,0.0,0.43487942
0.6505809,0.0,0.24831234
0.89858603,0.0,0.23941967
0.9208747,0.0,0.0
0.964521,0.0,0.13708156
0.91607004,0.0,9.5585085e-05
0.87963617,0.0,0.0058791623
0.8354331,0.0,0.28479794
0.9134263,0.0,0.0
0.83553964,0.0,0.10296234
0.6691669,0.0,0.251281
0.6575233,0.0,0.35525116
0.6914925,0.0,0.60633004
0.7953487,0.0,0.6468388
0.7617225,0.0,0.7350701
0.7792166,0.0,0.19271669
0.922533,0.0,0.25368646
0.9253187,0.0,0.0
0.8272407,0.0,0.0
0.8974197,0.0,0.0
0.9404174,0.0,0.0035688253
0.6155488,0.0,0.005641527
0.92051226,0.0,0.0
0.7841341,0.0,0.00038965628
0.537361,0.0,0.015053507
0.7296457,1.0,0.013772575
0.70331365,0.0,0.0
0.80243844,1.0,0.099930696
0.80697584,1.0,0.020372668
0.5162524,0.0,0.112828925
0.8659835,0.0,0.015053259
0.98256266,0.0,0.0
0.5285145,0.0,0.0053144093
0.8456498,0.0,0.09836554
0.6345829,0.0,0.0
0.9403571,0.0,0.0
0.9381162,0.0,0.024145532
0.8689927,0.0,0.101070546
0.9414399,0.0,0.0018664243
0.93736815,0.0,0.0
0.55833,0.0,0.101379596
0.6437161,0.0,0.22942203
0.93592495,0.0,0.0038334236
0.9688437,0.0,0.109961696
0.52253777,0.0,0.45007485
0.8324088,0.0,0.12504728
0.96166867,0.0,0.24984059
0.78473276,0.0,0.47771278
0.60646516,0.0,0.6621802
0.8276661,0.0,0.28574666
0.60274106,0.0,0.6822861
0.3831157,0.0,0.35924834
0.9320624,0.0,0.0032891133
0.66044545,0.0,0.17145947
0.7613886,0.0,0.38840422
0.9565125,0.0,0.0012337532
0.9716315,0.0,0.0
0.7435526,0.0,0.34429643
0.7078011,0.0,0.366093
0.8517622,0.0,0.014281696
0.91840446,0.0,0.03482257
0.97520614,0.0,0.0006642811
0.9852856,0.0,0.027031034
0.9734947,0.0,0.0041170046
0.8412956,0.0,2.770007e-05
0.6539445,0.0,0.017302074
0.9372269,0.0,0.025203949
0.96793026,0.0,0.005724852
0.7677683,0.0,0.0030168872
0.88510805,0.0,0.0
0.9025851,0.0,0.009646899
0.6672478,0.0,0.0
0.8682534,0.0,0.01987314
0.8786008,0.0,0.16334777
0.9475497,0.0,0.1611604
0.82750297,0.0,0.035105594
0.90883887,0.0,0.2999183
0.6658996,0.0,0.56989706
0.4515137,0.0,0.56017166
0.5118565,1.0,0.30187273
0.830027,0.0,0.21558842
0.9775333,1.0,0.3794167
0.962472,0.0,0.12063775
0.7788152,1.0,0.077608384
0.7477193,0.0,0.018483438
0.8311293,0.0,0.00074214395
0.5599368,0.0,0.13755575
0.542954,0.0,0.06433887
0.47477427,0.0,0.5311617
0.747757,0.0,0.038071573
0.3516509,0.0,0.56327736
0.34930807,0.0,0.9009068
0.40821922,0.0,0.2494789
0.3336133,0.0,0.9042013
0.9364615,0.0,0.23529369
0.5134374,0.0,0.32829237
0.8295316,0.0,0.005386957
0.82246333,0.0,0.024404744
0.88115937,0.0,0.0
0.8948347,0.0,0.0046760966
0.9150266,0.0,0.10835992
0.5946454,0.0,0.028358663
0.86864096,0.0,0.0
0.9381475,0.0,0.000472627
0.85365707,0.0,0.44875818
0.84477985,0.0,0.0787361
0.74445057,0.0,0.16787173
0.8820787,0.0,0.2035319
0.686341,0.0,0.3566019
0.61314946,0.0,0.4907188
0.77624416,0.0,0.49657303
0.5296345,0.0,0.19895189
0.6922238,0.0,0.22486198
0.6279322,0.0,0.17128542
0.6389782,0.0,0.5676232
0.7174818,0.0,0.3840943
0.6421133,0.0,0.18447618
0.9298718,1.0,0.4210133
0.5670096,1.0,0.18474704
0.8421833,1.0,0.33083156
0.6837214,1.0,0.2262932
0.9033521,0.0,0.022840925
0.76380527,0.0,0.10644936
0.70437497,0.0,0.008253984
0.45293686,0.0,0.53275037
0.82669336,0.0,0.5109873
0.82587516,0.0,0.17720503
0.9520347,0.0,0.14284045
0.8951517,0.0,0.2244787
0.9114828,0.0,0.041168384
0.96020126,0.0,0.34930998
0.9740175,0.0,0.014801263
0.94691294,0.0,0.0051692794
0.7024063,0.0,0.35651806
0.96479535,0.0,0.043829445
0.9242383,0.0,0.00499363
0.9374988,0.0,0.05079943
0.8499986,0.0,0.34580994
0.96399343,0.0,0.106514275
0.9766312,0.0,0.066470616
0.563112,0.0,0.60546774
0.77644217,0.0,0.64694214
0.8300065,0.0,0.16975622
0.5767052,0.0,0.5790893
0.716177,0.0,0.20826942
0.94239503,0.0,0.03620911
0.81448805,0.0,0.32113823
0.9791997,0.0,0.0
0.8456142,0.0,0.00032486167
0.9667837,0.0,0.0
0.61580753,0.0,0.0077351974
0.9524658,0.0,0.00027755552
0.9362243,1.0,0.035573866
0.80268276,1.0,0.027617149
0.90280306,1.0,0.26068047
0.8611732,1.0,0.2091998
0.50623506,0.0,0.092978016
0.8258102,1.0,0.076892786
0.96445036,0.0,0.00020364499
0.8249699,0.0,0.019387996
0.90982,0.0,0.01332864
0.706387,0.0,0.006416293
0.77288073,0.0,0.10027788
0.71215945,0.0,0.0
0.717045,0.0,0.19588149
0.40068498,0.0,0.26528987
0.70227283,0.0,0.61948454
0.49826682,0.0,0.4593142
0.67080593,0.0,0.60320544
0.95297986,0.0,0.025092583
0.8574417,0.0,0.7235746
0.96274674,0.0,0.21532181
0.83210313,0.0,0.26197094
0.92449796,0.0,0.5351661
0.7291123,0.0,0.21463871
0.98480356,0.0,0.0
0.9739925,0.0,0.19655395
0.6729353,0.0,0.45837104
0.98623776,0.0,0.04021387
0.9877793,0.0,0.0
0.80347705,0.0,0.47260815
0.9041804,0.0,0.37218186
0.96678424,0.0,0.0
0.9693935,0.0,0.08738569
0.7933651,0.0,0.49717498
0.49573678,0.0,0.21686132
0.9496687,0.0,0.0012442069
0.5124568,0.0,0.25258335
0.65668803,0.0,0.5680378
0.55059594,0.0,0.3900949
0.81059706,0.0,0.4060248
0.7443401,0.0,0.4089858
0.6329974,0.0,0.10487004
0.5683449,0.0,0.7103805
0.9621315,0.0,0.058880284
0.7603973,0.0,0.55564165
0.93902713,0.0,0.28454438
0.6543743,0.0,0.061736543
0.8891934,0.0,0.066861875
0.85259295,0.0,0.059094545
0.62681454,0.0,0.15425159
0.5936539,1.0,0.6895303
0.724721,1.0,0.23610428
0.6778416,1.0,0.30021754
0.92857593,1.0,0.44591278
0.7727225,0.0,0.29912084
0.9504536,0.0,0.030498782
0.6292481,0.0,0.00039496893
0.8393161,0.0,0.0
0.6939027,0.0,0.014782471
0.9767637,0.0,0.015599044
0.9136064,0.0,0.013556862
0.9045304,0.0,0.004667864
0.9122403,0.0,0.04674095
0.9938788,0.0,0.0
0.9434227,0.0,0.0906434
0.5363173,0.0,0.44417608
0.7088422,0.0,0.39985234
0.8850275,0.0,0.57957315
0.96258724,0.0,0.03926243
0.54268384,0.0,0.28757814
0.9607008,0.0,0.022234337
0.95677966,0.0,0.0
0.94492716,0.0,5.0241775e-05
0.9106838,0.0,0.061696563
0.9035499,0.0,0.0016144882
0.7716965,1.0,0.08783565
0.93181765,0.0,0.00082099455
0.36325106,0.0,0.10276218
0.7976475,0.0,0.09033023
0.8661322,1.0,0.57987404
0.8278343,1.0,0.36306536
0.5710658,1.0,0.71230316
0.64364696,0.0,0.34635463
0.6534798,0.0,0.06691706
0.8725328,1.0,0.14446162
0.591514,0.0,0.49712604
0.93356705,0.0,0.016421415
0.8082039,0.0,0.26348552
0.537749,0.0,0.2599855
0.48259982,0.0,0.580837
0.9459022,0.0,0.2030131
0.97584003,0.0,1.8224277e-05
0.91779655,0.0,0.23021008
0.82000285,0.0,0.21136114
0.97923785,0.0,0.0010771157
0.9852976,0.0,0.0
0.57642066,0.0,0.35921314
0.9760223,0.0,0.0014312799
0.9889205,0.0,0.00093780394
0.9562777,0.0,0.016134264
0.84118354,0.0,0.2596199
0.9851848,0.0,0.001655146
0.9570165,0.0,0.0
0.91754574,0.0,0.1509431
0.93971694,0.0,0.16175023
0.9577936,0.0,0.00015908813
0.9104114,0.0,0.0
0.65063494,0.0,0.30130032
0.86549395,0.0,0.17446502
0.94576347,0.0,0.031332456
0.90754086,0.0,0.18753216
0.8905984,0.0,0.5045935
0.5870451,0.0,0.39508277
0.7324786,0.0,0.9883398
0.7233958,1.0,0.84034467
0.8641726,0.0,0.5556134
0.47551233,1.0,0.54203427
0.46161723,0.0,0.53613484
0.35626113,0.0,0.6690655
0.48970824,1.0,0.6667337
0.5984501,1.0,0.79569906
0.64696395,0.0,0.29406205
0.47258326,0.0,0.6283288
0.8892382,1.0,0.4163894
0.8135867,0.0,0.97454953
0.6813881,0.0,0.7467324
0.334961,0.0,0.45658776
0.6785009,0.0,0.06586456
0.5468985,0.0,0.053502243
0.36425015,0.0,0.68505234
0.2717803,0.0,0.6765375
0.25601277,0.0,0.20766547
0.74478275,0.0,0.3552806
0.45454875,0.0,0.41618198
0.47904244,0.0,0.14582628
0.2608883,0.0,0.15284626
0.5723148,0.0,0.18578403
0.8217336,0.0,0.0
0.7888715,0.0,0.0077437325
0.8043311,0.0,0.09475785
0.78703797,0.0,0.05728497
0.5233093,0.0,0.05142621
0.49510023,0.0,0.030904211
0.55645764,0.0,0.3342532
0.92268074,0.0,0.00024187162
0.66121244,0.0,0.009384689
0.89749944,0.0,0.006060282
0.65496284,0.0,0.23053432
0.91000634,0.0,0.0007856999
0.91530186,0.0,0.006781643
0.5394816,0.0,0.19877253
0.8900552,0.0,0.19155641
0.8543526,0.0,0.008131143
0.34032476,0.0,0.14844087
0.9185074,0.0,0.59778845
0.36589038,0.0,0.34830955
0.88894504,0.0,0.25432363
0.82074517,0.0,0.39577726
0.84056437,0.0,0.6712337
0.51051265,0.0,0.4599005
0.6786311,0.0,0.15319847
0.47768092,0.0,0.014736617
0.5139795,0.0,0.0
0.8892971,0.0,0.027486451
0.7843856,0.0,0.0075627347
0.6914197,0.0,0.044550106
0.36856633,0.0,0.021609152
0.38203323,0.0,0.028540641
0.5904043,0.0,0.016043833
0.54067075,0.0,0.0057914536
0.61156124,0.0,0.0014360351
0.3485176,0.0,0.04121502
0.58516,0.0,0.009749459
0.73130286,0.0,0.0045875725
0.72185576,0.0,0.0
0.5677803,0.0,0.013553587
0.39000222,0.0,0.00047373382
0.6803386,0.0,0.019573571
0.8107401,0.0,0.14199774
0.7113383,0.0,0.0
0.8276797,0.0,0.03622705
0.5216297,0.0,0.4902441
0.7812084,0.0,0.47331485
0.42294145,0.0,0.46834597
0.85235685,0.0,0.016903123
0.7839309,0.0,0.07681033
0.7227194,0.0,0.26363328
0.65553904,0.0,0.14559726
0.9440254,0.0,0.0
0.7130194,0.0,0.01478267
0.8463715,0.0,0.3207588
0.555879,0.0,0.15643238
0.8374409,0.0,0.0
0.6043619,0.0,0.10312053
0.8483858,0.0,0.00021194106
0.6063925,0.0,0.35173488
0.839108,0.0,0.2935205
0.7618046,0.0,0.0
0.7502121,0.0,0.2452616
0.79289323,0.0,0.6292652
0.5994199,0.0,0.39705262
0.4735144,0.0,0.11756678
0.64788735,0.0,0.79622096
0.6205767,0.0,0.5829986
0.7685082,0.0,0.057734918
0.80222243,0.0,0.42509153
0.5288808,0.0,0.41017115
0.9068599,0.0,0.3468237
0.8411192,0.0,0.08856874
0.5234448,0.0,0.00021752756
0.6998853,0.0,0.044601597
0.73386544,0.0,0.31840456
0.48691893,0.0,0.041794688
0.78195363,0.0,4.137861e-05
0.5569208,0.0,0.3516911
0.435538,0.0,0.584193
0.43213642,0.0,0.013331486
0.3612708,0.0,0.06835794
0.60814655,0.0,0.44526783
0.52708495,0.0,0.16971473
0.561744,0.0,0.0036295194
0.7921844,0.0,0.18719472
0.55526316,0.0,0.34166664
0.34862602,0.0,0.81901246
0.60233796,0.0,0.1366638
0.7414573,0.0,0.68940747
0.77635664,0.0,0.28967318
0.51091194,0.0,0.06478369
0.5429732,0.0,0.18604775
0.3860819,0.0,0.042349562
0.5050493,0.0,0.31746763
0.41173026,0.0,0.21957994
0.7848351,0.0,0.012367414
0.8793034,0.0,0.053151026
0.8619068,0.0,0.084269956
0.8309603,0.0,0.0
0.8852507,0.0,0.008837644
0.6068561,0.0,0.0007133484
0.5416598,0.0,0.08415349
0.6034424,0.0,0.4707422
0.44337663,0.0,0.49194017
0.965011,0.0,0.15792772
0.9017019,0.0,0.40849292
0.82901806,0.0,0.10557716
0.8339315,0.0,0.30344576
0.8174592,0.0,0.6079653
0.8508127,0.0,0.45028824
0.8120981,0.0,0.006834185
0.6986267,0.0,0.26732957
0.95815516,0.0,0.25436774
0.7445971,0.0,0.26783088
0.844674,0.0,0.0
0.7668389,0.0,0.39545116
0.811572,0.0,0.3738451
0.828255,0.0,0.16273576
0.91197604,0.0,0.026162194
0.91756797,0.0,0.38601926
0.8242209,0.0,0.056137107
0.5858928,0.0,0.30895677
0.83553654,0.0,0.019758904
0.72087914,0.0,0.24275532
0.53553754,0.0,0.5757673
0.96597624,0.0,0.031772595
0.92605764,0.0,0.12148147
0.75768685,0.0,0.02264677
0.5611068,0.0,0.50292045
0.96189153,0.0,0.29115003
0.5023533,0.0,0.6416562
0.47994196,0.0,0.4809416
0.6566497,0.0,0.10212332
0.56191534,0.0,0.13513337
0.76057255,0.0,0.36122462
0.64415234,0.0,0.62134725
0.9580105,0.0,0.038219046
0.86433244,0.0,0.064595245
0.8980003,0.0,0.39523974
0.66325814,0.0,0.40876737
0.8439549,0.0,0.00398887
0.94503385,0.0,0.2835883
0.81573117,0.0,0.7086462
0.5593099,0.0,0.18181224
0.6523006,0.0,0.0023758237
0.8374451,0.0,0.43841746
0.8862553,0.0,0.2441262
0.9080687,0.0,0.23778579
0.89524496,0.0,0.031534858
0.6472056,0.0,0.5542138
0.7309281,0.0,0.34397
0.50848424,0.0,0.006762
0.6670858,0.0,0.006804771
0.61320174,0.0,0.34951255
0.5964392,0.0,0.828771
0.573871,0.0,0.109025694
0.6031565,0.0,0.46586514
0.46370792,0.0,0.49727282
0.46937144,0.0,0.5690876
0.75295895,0.0,0.03723856
0.45657498,0.0,0.19897701
0.71646875,0.0,0.0
0.9338419,0.0,0.0
0.7315563,0.0,0.019515622
0.80931854,0.0,0.008384438
0.52125335,0.0,0.001002843
0.56570303,0.0,0.017254818
0.47318625,0.0,0.043420576
0.64582694,0.0,0.02615199
0.71590644,0.0,0.016063105
0.5409845,0.0,0.21185999
0.79990005,0.0,0.046977043
0.56306994,0.0,0.17079818
0.7888979,0.0,0.010959064
0.6866337,0.0,0.51698923
0.71206886,0.0,0.16070594
0.46809563,0.0,0.16162808
0.9228806,0.0,0.015022436
0.7194233,0.0,0.08415245
0.57173485,1.0,0.38057816
0.5636003,1.0,0.5932993
0.709709,1.0,0.19363227
0.7840279,1.0,0.19178161
0.72677577,1.0,0.2890354
0.63856274,1.0,0.538379
0.61782044,0.0,0.10810291
0.6845868,0.0,0.37217602
0.76055413,0.0,0.0
0.68661314,1.0,0.3291862
0.8248897,0.0,0.18286936
0.69979835,0.0,0.30417845
0.541745,0.0,0.5656447
0.7594184,0.0,0.69737345
0.6073769,0.0,0.4039452
0.8678022,0.0,0.38331336
0.86759585,0.0,0.27702278
0.806606,0.0,0.45686495
0.91414434,0.0,0.054376163
0.705276,0.0,0.31122103
0.9430092,0.0,0.0
0.7684331,0.0,0.0
0.3690203,1.0,0.16479233
0.8780864,0.0,0.0
0.64213276,0.0,0.22077231
0.60083747,0.0,0.05314042
0.627732,0.0,0.49190015
0.8950522,0.0,0.03390632
0.7853113,0.0,0.29227456
0.36712795,0.0,0.12760504
0.95114356,0.0,0.0917107
0.5376576,0.0,0.5460018
0.9889157,0.0,0.044793002
0.458449,0.0,0.68468064
0.53590274,0.0,0.55221695
0.76522183,0.0,0.03377689
0.96584964,0.0,0.33731776
0.8804052,0.0,0.023822142
0.6183322,1.0,0.25528196
0.91462773,0.0,0.005577006
0.7912276,0.0,0.016132774
0.8695579,0.0,0.03494439
0.8203949,0.0,0.015781878
0.5666495,0.0,0.2384697
0.93921995,0.0,0.0120405005
0.62208384,0.0,0.3075271
0.768098,0.0,0.18159576
0.6467844,0.0,0.1983746
0.3933942,0.0,5.2772924e-05
0.8999134,0.0,0.0061656334
0.8760049,0.0,0.0
0.86249995,0.0,0.007640665
0.66610545,0.0,0.0014279825
0.95906854,0.0,0.0059769736
0.83829796,0.0,0.021634672
0.34522682,0.0,0.015968693
0.74846256,1.0,0.4350194
0.62871885,1.0,0.5361511
0.5719634,0.0,0.25603005
0.88355446,0.0,0.54210556
0.8464716,0.0,0.105803505
0.67343855,0.0,0.09185832
0.47916514,0.0,0.6558835
0.7475048,0.0,0.31990603
0.86343354,0.0,0.0013372479
0.8772231,0.0,0.017828815
0.8959894,0.0,0.44944653
0.6220711,0.0,0.36657894
0.96623856,0.0,0.009582471
0.90219575,0.0,0.266794
0.7131791,0.0,0.09134451
0.51879853,0.0,0.50149953
0.8898113,0.0,0.08342486
0.92425513,0.0,0.060555883
0.66896987,0.0,0.14908572
0.71877766,0.0,0.34364152
0.7425642,0.0,0.011252669
0.51979065,0.0,0.3307698
0.656673,0.0,0.63224614
0.75526285,0.0,0.39416215
0.914105,0.0,0.11197474
0.93791485,1.0,0.3802868
0.6510962,0.0,0.46147838
0.66658825,1.0,0.36944357
0.8187063,0.0,0.22461802
0.6168555,0.0,0.082951985
0.58721316,1.0,0.17937414
0.9077526,0.0,0.00045902995
0.9049272,0.0,0.053181387
0.83983064,0.0,0.0011303534
0.54144084,0.0,0.0
0.66114306,0.0,0.27292794
0.83185756,0.0,0.0340093
0.7299575,0.0,0.4184644
0.83336526,0.0,0.0
0.7456092,0.0,0.4362299
0.6804572,0.0,0.15248041
0.7572488,0.0,0.41663963
0.89012116,0.0,0.12416675
0.6706703,0.0,0.29275447
0.8003019,0.0,0.0
0.8716229,0.0,0.030219277
0.559011,0.0,0.34536347
0.7727727,0.0,0.0
0.9697127,0.0,0.0
0.73371655,0.0,0.23219523
0.5961002,0.0,0.5918189
0.6523538,0.0,0.16271546
0.86707914,0.0,0.25866243
0.68062305,0.0,0.00057158316
0.5360697,0.0,0.5102262
0.4378154,0.0,0.29996222
0.7554502,0.0,0.010876201
0.83602786,0.0,0.103321254
0.5894542,0.0,0.3275711
0.31131297,0.0,0.35694122
0.4955803,0.0,0.61138266
0.61866003,0.0,0.1530204
0.5129175,0.0,0.31003946
0.9500138,0.0,0.04714718
0.6337167,0.0,0.45104715
0.74172443,0.0,0.19535956
0.65903145,0.0,0.0
0.67418486,0.0,0.020452278
0.354348,0.0,0.5609635
0.56111944,0.0,0.30418345
0.5433328,0.0,0.5067468
0.7292039,0.0,0.007272279
0.86221945,0.0,0.044929236
0.7403858,0.0,0.027795536
0.47697294,0.0,0.34124604
0.8769443,0.0,0.14389405
0.7899769,0.0,0.004920061
0.5366399,0.0,0.05882007
0.85848236,0.0,0.022291416
0.72841763,0.0,0.0974301
0.68791425,0.0,0.10103301
0.93055284,0.0,0.08523402
0.7482056,0.0,0.0123675205
0.8534665,0.0,0.20018129
0.68481624,0.0,0.006748253
0.78376824,0.0,0.18097857
0.32487163,0.0,0.08423059
0.5902236,0.0,0.07328314
0.51915723,0.0,0.0
0.6559281,0.0,0.0017625793
0.53946465,0.0,0.087138265
0.7278133,0.0,0.18202506
0.5556333,0.0,0.6315251
0.47750813,0.0,0.50588524
0.522395,0.0,0.6624487
0.5925793,0.0,0.1903916
0.6857224,1.0,0.669716
0.67417496,1.0,0.6637891
0.24405177,1.0,0.6567706
0.728257,1.0,0.33867785
0.8282824,1.0,0.24393666
0.7183555,1.0,0.3221661
0.9091028,1.0,0.8598034
0.9451882,1.0,0.57045776
0.91142094,1.0,0.20548277
0.4490614,1.0,0.62294567
0.8242499,1.0,0.3328796
0.35489154,1.0,0.50700194
0.9041654,0.0,0.20846933
0.95428026,0.0,0.10612309
0.82010037,0.0,0.0
0.7904366,0.0,0.1760939
0.3862075,1.0,0.20401482
0.6785871,0.0,0.0977684
0.9290785,0.0,0.0
0.80069184,0.0,0.0015013532
0.68715614,0.0,0.0
0.97599596,0.0,0.0006058722
0.75219566,0.0,0.0
0.9241217,0.0,0.090321824
0.66612345,0.0,0.00044453036
0.46333188,0.0,0.31679773
0.43447852,0.0,0.53797174
0.6357325,0.0,0.040865485
0.90443444,0.0,0.23198865
0.80768234,0.0,0.010530187
0.66806567,0.0,0.029665591
0.5136907,0.0,0.0010510918
0.83122337,0.0,0.018056333
0.8248139,0.0,0.0012095452
0.5868208,0.0,0.0
0.45006767,0.0,0.034519333
0.69724065,0.0,0.0
0.94019204,0.0,0.07934428
0.6701603,0.0,0.08840895
0.4481183,0.0,0.071407326
0.69775015,0.0,0.52404314
0.5205755,0.0,0.36712268
0.6618006,0.0,0.37741596
0.42567858,0.0,0.9624663
0.6363616,0.0,0.8089256
0.42555127,0.0,0.79119414
0.6167215,0.0,0.52181286
0.50500536,0.0,0.5372826
0.3834014,0.0,0.27713892
0.6347274,0.0,0.44998133
0.3628148,0.0,0.43965134
0.90402716,0.0,0.160719
0.516216,0.0,0.42981905
0.6426617,0.0,0.023962226
0.31437328,0.0,0.34508154
0.5333282,0.0,0.5318038
0.55427957,0.0,0.45832244
0.4263622,0.0,0.32220113
0.6559571,0.0,0.40448034
0.8658751,0.0,0.15239489
0.84313804,0.0,0.27658677
0.9502875,0.0,0.008953712
0.9454825,0.0,0.45450652
0.791218,0.0,0.2133079
0.7127132,0.0,0.49251163
0.87285155,0.0,0.8098321
0.7854261,0.0,0.5468054
0.42145178,0.0,0.6838916
0.5391205,0.0,0.65104806
0.48486775,0.0,0.6836459
0.38900688,0.0,0.6894206
0.7310097,0.0,0.44226024
0.30380005,0.0,0.43345827
0.6913444,1.0,0.15949132
0.47788382,1.0,0.047703467
0.9257157,0.0,0.05613373
0.5678248,1.0,0.08900481
0.9846912,0.0,0.0013777926
0.8983301,1.0,0.1310607
0.8661178,0.0,0.1317052
0.7894873,0.0,0.33212823
0.7541797,0.0,0.74422216
0.8949913,0.0,0.5154368
0.63874984,1.0,0.75709003
0.6241134,1.0,0.5253368
0.606484,1.0,0.5008694
0.6931733,0.0,0.2736102
0.8666469,0.0,0.0070038293
0.41766134,1.0,0.05351279
0.9310153,0.0,0.07551768
0.48932797,1.0,0.2880056
0.69990665,0.0,0.4450708
0.73154956,0.0,0.8012437
0.62446785,1.0,0.47412145
0.82092065,0.0,0.6111903
0.88728434,0.0,0.3093853
0.73553103,0.0,0.34275252
0.50342035,0.0,0.39000753
0.52168286,0.0,0.38954303
0.43944007,0.0,0.5977303
0.7174936,0.0,0.46034533
0.47476563,0.0,0.21982348
0.75857985,0.0,0.034873303
0.41742808,0.0,0.19459295
0.7402115,0.0,0.0083217425
0.9528912,0.0,0.40068266
0.39220232,0.0,0.6517612
0.4741654,0.0,0.708087
0.6756846,0.0,0.12638797
0.761111,0.0,0.17405787
0.83746934,0.0,0.0
0.45439944,0.0,0.2495956
0.8701582,0.0,0.0
0.6537328,0.0,0.32341853
0.6925868,0.0,0.63100284
0.52303016,0.0,0.019043893
0.5518044,0.0,0.49133584
0.7837563,0.0,0.46980664
0.556722,0.0,0.7491086
0.84064454,0.0,0.241809
0.44191882,0.0,0.15196672
0.9142923,0.0,0.20034578
0.51754266,0.0,0.31210908
0.95369524,0.0,0.012154404
0.6038927,1.0,0.3145396
0.9309801,0.0,0.0
0.9339179,0.0,0.014178133
0.7697552,0.0,0.08279789
0.9186087,1.0,0.17718127
0.88525105,1.0,0.11600234
0.7253652,1.0,0.23669942
0.61666256,1.0,0.7792398
0.6259154,1.0,0.33084956
0.5411954,1.0,0.55007833
0.6864777,1.0,0.47846347
0.37318587,0.0,0.4643987
0.61712795,0.0,0.16966817
0.7801885,1.0,0.40389943
0.8482331,0.0,0.2359074
0.75643903,0.0,0.21648611
0.9565301,0.0,0.024727518
0.87581384,0.0,0.10649408
0.8633422,0.0,0.00018071233
0.63086444,0.0,0.23920013
0.49037328,0.0,0.14614147
0.32513228,0.0,0.33660543
0.8012282,0.0,0.7845317
0.82147396,0.0,1.0
0.5024385,0.0,0.66800034
0.6933389,0.0,0.5134894
0.88528293,0.0,0.16506518
0.6824284,0.0,0.5797796
0.83664304,0.0,0.0
0.76238394,0.0,0.09006069
0.80199945,0.0,0.011111732
0.6286686,0.0,0.19827956
0.6490537,0.0,0.08644884
0.48225906,0.0,0.39086682
0.49316138,0.0,0.8289399
0.627966,0.0,0.58402884
0.60033226,0.0,0.6371563
0.77960247,0.0,0.2610334
0.5707116,0.0,0.5660359
0.74393135,0.0,0.256316
0.6487542,0.0,0.45049268
0.8600206,0.0,0.0044642696
0.7234241,0.0,0.4057589
0.7439588,0.0,0.0
0.48152906,0.0,0.28420776
0.9086708,0.0,0.3411695
0.73349804,0.0,0.58704937
0.5128392,0.0,0.14069648
0.87906307,1.0,0.19903259
0.5278589,0.0,0.0
0.7431331,0.0,0.0
0.56501865,0.0,0.22171827
0.23841769,0.0,0.0
0.8493598,0.0,0.0
0.5727819,0.0,0.2349456
0.3299521,0.0,0.5820364
0.35801244,0.0,0.3211434
0.57049876,0.0,0.60486543
0.8798317,0.0,0.2672913
0.6819529,0.0,0.6731884
0.93721557,0.0,0.08846967
0.61730605,0.0,0.2467178
0.81421655,0.0,0.392032
0.44265532,0.0,0.5087932
0.916418,0.0,0.3254099
0.7854863,1.0,0.32190093
0.7812347,1.0,0.48588157
0.7464518,0.0,0.006403482
0.5035003,1.0,0.474383
0.9682389,1.0,0.19744189
0.47459194,1.0,0.0111708725
0.5531827,0.0,0.2055245
0.96085376,0.0,0.039862573
0.5491251,0.0,0.001155411
0.43500564,0.0,0.0007992741
0.53051555,0.0,0.23936611
0.91290367,0.0,0.2101118
0.63067335,0.0,0.52460617
0.7157362,0.0,0.3684437
0.8373617,0.0,0.3098546
0.81005126,0.0,0.43819353
0.9019815,0.0,0.17633773
0.94764525,1.0,0.29707178
0.5487232,0.0,0.079288416
0.77157724,1.0,0.6285775
0.9092594,1.0,0.39934027
0.829103,1.0,0.11768259
0.68295705,1.0,0.5586439
0.64085937,1.0,0.27061793
0.6734733,1.0,0.047950484
0.7791333,1.0,0.3989484
0.46621528,1.0,0.6194848
0.4323231,1.0,0.5998393
0.40808252,1.0,0.20560959
0.6600408,0.0,0.34028375
0.6011704,0.0,0.671039
0.5418777,0.0,0.37516683
0.7321901,0.0,0.114673264
0.8959687,0.0,0.09360562
0.5969032,0.0,0.0016068312
0.5776656,0.0,0.00081583374
0.6764752,0.0,0.01835889
0.88473165,0.0,0.028486226
0.7108397,1.0,0.042568292
0.8319901,0.0,0.0
0.8317868,0.0,0.2194301
0.85115707,0.0,0.005798101
0.86946,0.0,0.4007649
0.9507877,0.0,0.21333621
0.9559438,0.0,0.41635704
0.9138801,0.0,0.010502776
0.8783607,0.0,0.24726498
0.64059305,0.0,0.0
0.6139646,0.0,0.15204906
0.8327674,0.0,0.043129686
0.5343666,0.0,0.3635031
0.79639345,0.0,0.12012817
0.64466405,1.0,0.2514665
0.54016125,0.0,0.64005136
0.804494,0.0,0.23585239
0.66658556,0.0,0.20871799
0.43219605,1.0,0.8756471
0.6598403,0.0,0.7405213
0.5118711,0.0,0.29685947
0.44040087,0.0,0.43147236
0.405354,0.0,0.4139587
0.92260116,0.0,0.61151075
0.84342873,0.0,0.21330808
0.94040316,0.0,0.25010803
0.8297375,0.0,0.12732172
0.4904377,0.0,0.58079493
0.5493716,0.0,0.5928386
0.7273146,0.0,0.10627803
0.62277675,0.0,0.24009342
0.8541104,0.0,0.6263242
0.8802355,0.0,0.14922595
0.9318412,0.0,0.0
0.92268795,0.0,0.294482
0.7439272,0.0,0.42288944
0.6664892,0.0,0.04146968
0.75991476,0.0,0.06647514
0.80471087,0.0,0.47532445
0.93905634,0.0,0.29384357
0.89012593,0.0,0.17232613
0.9114155,0.0,0.6825418
0.8355774,0.0,0.45744953
0.90030086,0.0,0.68647254
0.8539559,0.0,0.08666665
0.87776124,0.0,0.7849177
0.96213096,0.0,0.22175346
0.7249009,0.0,0.4678052
0.95956266,0.0,0.23175052
0.71437883,0.0,0.7037374
0.92504066,1.0,0.3523858
0.914643,0.0,0.0761
0.7510098,0.0,0.24074209
0.90852517,1.0,0.47153464
0.91714096,1.0,0.21074098
0.9531646,1.0,0.0818073
0.61964947,1.0,0.5428311
0.9438597,1.0,0.0814731
0.8575933,1.0,0.7048293
0.87175244,1.0,0.48542443
0.9651182,0.0,0.5303386
0.91761273,0.0,0.16113302
0.9681705,0.0,0.01898541
0.6622937,0.0,0.41334128
0.9543431,0.0,0.7326552
0.93874264,0.0,0.35886788
0.8301026,0.0,0.57032603
0.8520657,0.0,0.66100734
0.8968252,0.0,0.22653465
0.88526803,0.0,0.11986688
0.92981863,0.0,0.02380006
0.8916905,0.0,0.25446767
0.8950138,1.0,0.075063825
0.96798885,0.0,0.09337856
0.8391264,0.0,0.018505458
0.9592896,0.0,0.00014953256
0.92082715,0.0,0.38896248
0.892556,0.0,0.18766433
0.84677017,0.0,0.5663449
0.8247538,0.0,0.8082019
0.9534107,0.0,0.3310718
0.5527194,0.0,0.8416503
0.94223255,1.0,0.5122751
0.71398413,1.0,0.14045389
0.82433146,1.0,0.19774629
0.94995147,1.0,0.37607193
0.7377498,0.0,0.25095448
0.83259356,1.0,0.015620846
0.88610506,0.0,0.0
0.7936357,0.0,0.0
0.6428481,0.0,0.10064649
0.84683084,0.0,0.07756941
0.6307822,0.0,0.59540784
0.73478717,0.0,0.39850435
0.9009303,0.0,0.7149961
0.61063945,0.0,0.63731617
0.85912013,0.0,0.102807015
0.7376248,0.0,0.06234869
0.9264467,0.0,0.026587129
0.9221911,0.0,0.1066318
0.6160391,0.0,0.0022319383
0.24164337,0.0,0.27865952
0.8992988,1.0,0.28833807
0.83538365,1.0,0.44839
0.8415774,1.0,0.122256234
0.87151474,1.0,0.510042
0.66357476,0.0,0.42779708
0.9147538,1.0,0.007903918
0.6691225,0.0,0.14990838
0.5781013,0.0,0.2927153
0.92755944,0.0,0.042112064
0.59508663,0.0,0.27387285
0.252131,0.0,0.37981635
0.72242343,0.0,0.72537726
0.9620925,0.0,0.3960992
0.4474522,0.0,1.0
0.5660424,0.0,0.66964483
0.557069,0.0,0.47747198
0.49536255,0.0,0.5515007
0.61957085,0.0,0.4143425
0.6982936,0.0,0.3985587
0.58837044,0.0,0.45673934
0.84393334,0.0,0.43636796
0.6427357,0.0,0.6279837
0.5903987,0.0,0.47009367
0.60871416,0.0,0.335563
0.7890795,0.0,0.44040003
0.6137373,0.0,0.6168521
0.6527477,0.0,0.16962625
0.89562356,0.0,0.20791826
0.5130211,0.0,0.4366172
0.71758235,0.0,0.36359066
0.8817712,0.0,0.0
0.42277932,0.0,0.17467812
0.433189,0.0,0.59084934
0.5759511,0.0,0.35955587
0.82168776,0.0,0.0
0.8847821,0.0,0.28732732
0.80907583,0.0,0.65108764
0.85079855,0.0,0.2386597
0.37144294,0.0,0.1480152
0.6131005,0.0,0.32486358
0.71549207,0.0,0.5618586
0.8726281,0.0,0.0
0.754349,0.0,0.0302437
0.44049662,0.0,0.46456796
0.8131566,0.0,0.16033633
0.86333543,0.0,0.00046234205
0.7473484,0.0,0.24870037
0.4908213,0.0,0.51248103
0.53874546,0.0,0.21246253
0.82932997,0.0,0.64251596
0.91409177,0.0,0.11918092
0.90134984,0.0,0.10040918
0.56041896,0.0,0.52762836
0.3146466,0.0,0.45362994
0.8468551,0.0,0.30776024
0.85275453,0.0,0.3082516
0.7031209,0.0,0.28026006
0.8227906,0.0,0.23403166
0.7538607,0.0,0.0
0.8914287,0.0,0.0
0.5893483,0.0,0.4442416
0.87364197,0.0,0.093629874
0.8604851,0.0,0.0058585936
0.81742775,0.0,0.35705155
0.5293941,0.0,0.64598066
0.73608845,0.0,0.18154891
0.52122796,0.0,0.42999354
0.6750549,0.0,0.5505536
0.5922338,0.0,0.07968544
0.626996,0.0,0.37725374
0.47531283,0.0,0.24901502
0.48172832,0.0,0.37025076
0.56074655,0.0,0.03601242
0.6296106,0.0,0.0075877905
0.7749668,0.0,0.0
0.4869508,0.0,0.31686482
0.77713484,0.0,0.0040956708
0.7784598,0.0,0.000905892
0.7280545,0.0,0.0072218473
0.7462471,0.0,0.322887
0.39578757,1.0,0.60090286
0.87683696,0.0,0.4529406
0.5295899,0.0,0.69747615
0.71538997,0.0,0.21830316
0.67809606,0.0,0.0
0.5394276,0.0,0.31893536
0.7662495,0.0,0.2945852
0.8777844,0.0,0.0
0.48585853,0.0,0.038226813
0.4729701,0.0,0.5186301
0.93087476,0.0,0.09460786
0.84742695,0.0,0.0002550048
0.8874408,0.0,0.009414068
0.76921904,0.0,0.2852728
0.8985829,0.0,0.21522847
0.9097789,0.0,0.009066601
0.7729365,0.0,0.45731008
0.9138467,0.0,0.019239496
0.8072946,0.0,0.4868759
0.8831598,0.0,0.6960274
0.8975348,0.0,0.2473059
0.53646487,0.0,0.19561785
0.67732716,0.0,0.0061419113
0.37650287,0.0,0.003966386
0.4786667,0.0,0.38865405
0.9419856,0.0,0.0
0.6009097,0.0,0.0
0.533345,0.0,0.1776398
0.79013866,0.0,0.28101566
0.9049223,0.0,0.0003086954
0.36532897,1.0,0.018097946
0.5710318,0.0,0.35004166
0.89732003,0.0,0.1193023
0.88595647,0.0,0.004184561
0.39642626,1.0,0.40958932
0.5771232,1.0,0.23545514
0.5001786,1.0,0.054219797
0.6283408,1.0,0.71244735
0.68429744,1.0,0.44873527
0.8468468,1.0,0.59160745
0.6240331,1.0,0.4984808
0.86546326,0.0,0.20186749
0.459867,1.0,0.16514957
0.7782278,1.0,0.21371162
0.5249167,0.0,0.18522933
0.6917279,0.0,0.00063363335
0.68904746,0.0,0.0
0.48392373,1.0,0.2947105
0.9502461,0.0,0.18677074
0.715027,0.0,0.0
0.75114036,0.0,0.0
0.5390804,0.0,0.38590732
0.7135971,0.0,0.23262872
0.8321982,0.0,0.009310325
0.92049056,0.0,0.114472784
0.83159834,0.0,0.72501975
0.85439026,0.0,0.099645115
0.69690293,0.0,0.7043876
0.77898014,0.0,0.6325336
0.8904945,0.0,0.4019481
0.9371256,0.0,0.04920655
0.40685448,0.0,0.48533693
0.8372424,0.0,0.30807617
0.41948232,0.0,0.21795493
0.4588999,1.0,0.5096769
0.7613682,0.0,0.022311613
0.7567631,0.0,0.0
0.51048875,1.0,0.19242461
0.36472866,1.0,0.39326108
0.45402965,0.0,0.0
0.65772885,0.0,0.0
0.6589219,1.0,0.18482633
0.6557015,1.0,0.09335375
0.65371746,0.0,0.0
0.5941278,1.0,0.13915567
0.39303938,1.0,0.48488566
0.71765405,0.0,0.012520695
0.40166068,1.0,0.11996396
0.4331288,1.0,0.3718537
0.7840291,1.0,0.11794567
0.78556406,0.0,0.03861851
0.40324828,1.0,0.25921935
0.37064433,1.0,0.29880896
0.52802944,1.0,0.7235463
0.39717284,1.0,0.6442571
0.66653186,1.0,0.19058971
0.5915367,1.0,0.7105768
0.6961745,1.0,0.6568738
0.6372056,0.0,0.35295346
0.76663303,1.0,0.13441922
0.5537183,0.0,0.32370514
0.8421976,0.0,0.21621743
0.52542555,0.0,0.6130795
0.51227516,1.0,0.54772437
0.701379,0.0,0.009357936
0.9029727,0.0,0.11101033
0.6290825,0.0,0.41737053
0.6904197,1.0,0.4316483
0.5437085,1.0,0.022179065
0.5376123,1.0,0.38210386
0.77061003,1.0,0.52486223
0.7034994,1.0,0.23818044
0.64189583,0.0,0.10161804
0.38983157,0.0,0.48044893
0.43512997,0.0,0.8432988
0.36461422,0.0,0.29804432
0.4725643,0.0,0.42373073
0.46277368,0.0,0.13157758
0.7380292,0.0,0.39624146
0.6906043,0.0,0.41714168
0.5718589,0.0,0.5138955
0.76770335,0.0,0.15794311
0.81039375,0.0,0.0
0.7975748,0.0,0.42597252
0.77734375,0.0,0.37961346
0.8583546,0.0,0.0026886435
0.9210739,0.0,0.0702145
0.8320672,0.0,0.30386955
0.74254966,0.0,0.21760356
0.6846411,0.0,0.0
0.7273079,0.0,0.37179568
0.77969235,0.0,0.6217543
0.6562023,0.0,0.4569485
0.9386536,0.0,0.40071267
0.82852334,1.0,0.066276364
0.56850994,1.0,0.60429496
0.5486386,1.0,0.36883023
0.75345105,1.0,0.32155
0.6877988,0.0,0.51006746
0.5526515,0.0,0.35174882
0.4718634,0.0,0.18698733
0.66220343,0.0,0.19780675
0.36700326,0.0,0.05328137
0.3738208,0.0,0.38898286
0.39392796,0.0,0.44440228
0.3333416,0.0,0.1045941
0.2946768,0.0,0.45289108
0.4041252,0.0,0.0939498
0.4079655,0.0,0.110462405
0.2595231,0.0,0.65848756
0.34568596,0.0,0.5633915
0.29200047,0.0,0.20326638
0.4161688,0.0,0.3304316
0.4658984,0.0,0.06835405
0.8351168,0.0,0.110029265
0.72292763,0.0,0.010901788
0.6859447,0.0,0.0
0.5709438,0.0,0.07120828
0.96780413,0.0,0.070293896
0.42407563,0.0,0.38300294
0.9644132,0.0,0.18092038
0.55325586,0.0,0.43481937
0.77571666,0.0,0.70759916
0.4702922,0.0,0.1289998
0.5431437,1.0,0.2969795
0.43668205,0.0,0.1557325
0.5913217,0.0,0.124935836
0.831878,0.0,0.020614296
0.8623617,0.0,0.0007554017
0.905622,0.0,0.0062206513
0.4384361,0.0,0.026398815
0.9680895,0.0,0.03816754
0.70656395,0.0,0.01596119
0.44376504,0.0,0.17582181
0.593145,0.0,0.018346386
0.40216693,0.0,0.34368116
0.83922756,0.0,0.50405794
0.89547676,0.0,0.33427423
0.5509766,0.0,0.17706203
0.618831,0.0,0.349013
0.53804743,0.0,0.28966874
0.60909396,0.0,0.039309304
0.84662676,0.0,0.051688343
0.9138789,0.0,0.004111069
0.8561933,0.0,0.04671131
0.979498,0.0,0.0089992145
0.5041789,0.0,0.0078034136
0.82795644,0.0,0.0067766435
0.44775522,0.0,0.052718613
0.61932945,0.0,0.033199195
0.6254859,1.0,0.33262473
0.37092996,0.0,0.005874748
0.5113394,0.0,0.0
0.8275636,1.0,0.16907276
0.81791466,0.0,0.0009232939
0.86202145,0.0,0.0022074385
0.7750736,0.0,0.0073453668
0.6834084,0.0,0.16195224
0.74873435,0.0,0.0
0.90964425,0.0,0.011140446
0.9321584,0.0,0.019001953
0.7708083,0.0,0.09166021
0.8119787,0.0,0.047735427
0.9010676,0.0,0.023429606
0.7755527,0.0,0.02120007
0.40032414,0.0,0.042585038
0.86827004,0.0,0.019591438
0.4832055,0.0,0.21142945
0.76513153,0.0,0.068437845
0.8626407,0.0,0.06420373
0.47015378,0.0,0.79300845
0.776616,0.0,0.44814107
0.7255379,0.0,0.24137147
0.64911413,0.0,0.48414385
0.44258353,0.0,0.2398291
0.7418076,0.0,0.40254366
0.7456067,0.0,0.55490255
0.7482538,0.0,0.14381729
0.8276813,0.0,0.6732388
0.89050055,0.0,0.29046506
0.5278866,0.0,0.008086688
0.7945414,0.0,0.04296073
0.62559646,0.0,0.010095772
0.5031512,0.0,0.20402086
0.7136491,0.0,0.2681704
0.94715476,0.0,0.0072633172
0.84492695,0.0,0.0039429995
0.84873617,0.0,0.04877083
0.92909074,0.0,0.0014873766
0.76342785,0.0,0.019424397
0.92998254,0.0,0.0
0.9061896,0.0,0.0
0.358472,0.0,0.0104564885
0.75362235,0.0,0.0073381457
0.9575893,0.0,0.00971208
0.80073154,0.0,0.299597
0.8398294,0.0,0.00035477598
0.7680809,0.0,0.106123984
0.9056271,0.0,0.021718426
0.66976595,0.0,0.015466524
0.42517143,0.0,0.23752995
0.5490114,0.0,0.13127181
0.32818523,1.0,0.6721433
0.44719675,1.0,0.60410553
0.5998424,1.0,0.40971282
0.32964665,1.0,0.45546874
0.7097233,0.0,0.07415257
0.53461474,1.0,0.2933507
0.6098651,0.0,0.24723504
0.41715235,0.0,0.0
0.5383514,0.0,0.43305743
0.3883371,0.0,0.28006712
0.5743345,0.0,0.008905997
0.6484911,0.0,0.0037031593
0.37354875,0.0,0.46223724
0.931728,0.0,0.08031081
0.96414965,0.0,0.0658128
0.80567604,0.0,0.03584003
0.6478097,0.0,0.3430285
0.9139662,0.0,0.0034094802
0.92668927,0.0,0.036460623
0.7784567,0.0,0.2329828
0.56445146,0.0,0.24639186
0.95192397,0.0,0.004727354
0.9663961,0.0,0.010003578
0.7566299,0.0,0.36948758
0.35366654,0.0,0.53125226
0.93676,0.0,0.17846948
0.81931585,0.0,0.3757144
0.6473776,0.0,0.3937122
0.97470593,0.0,0.042871546
0.9061989,0.0,0.26954666
0.7888257,0.0,0.5968984
0.6184854,0.0,0.6409704
0.6397164,0.0,0.6245138
0.36897266,0.0,0.03746572
0.95576346,0.0,0.28026918
0.922409,0.0,0.0109887365
0.9846127,0.0,0.0033425852
0.9384751,0.0,0.055083286
0.871866,0.0,0.015019025
0.92897636,0.0,0.0
0.9213662,0.0,0.041133914
0.7061428,1.0,0.11049552
0.90155345,1.0,0.027233586
0.93891853,0.0,0.0
0.87679225,0.0,0.0
0.64355284,0.0,0.0
0.9106094,0.0,0.0
0.9213828,0.0,0.006805758
0.5669548,0.0,0.013287476
0.7866491,0.0,0.09894674
0.8767911,0.0,0.023886772
0.67586726,0.0,0.0030523334
0.61293477,0.0,0.2449758
0.6717443,0.0,0.1539204
0.79088724,0.0,0.047577236
0.82501864,0.0,0.15045981
0.63828987,0.0,0.5304834
0.73743606,0.0,0.23085125
0.53550035,0.0,0.78732854
0.6993783,0.0,0.6618022
0.27638018,0.0,0.25543228
0.640063,0.0,0.30241647
0.9396053,0.0,0.030939927
0.47993395,0.0,0.53765726
0.95440257,0.0,0.09708491
0.8747364,0.0,0.20496619
0.877832,0.0,0.0
0.8426816,0.0,0.011323904
0.8323637,0.0,0.025746042
0.6860483,0.0,0.01006381
0.65552515,0.0,0.01733486
0.78574497,0.0,0.004074127
0.76657915,0.0,0.0
0.87725806,1.0,0.0636363
0.9565748,0.0,0.00067667075
0.9846906,0.0,0.031322043
0.59595907,0.0,0.0
0.75895154,0.0,0.20000884
0.84627074,0.0,0.17966333
0.56423265,0.0,0.03048284
0.9392985,0.0,0.008891748
0.7177737,0.0,0.2259672
0.9320364,0.0,0.25114188
0.79314786,1.0,0.024052246
0.5073803,0.0,0.091966026
0.56729966,0.0,0.15346473
0.7614233,0.0,0.02377889
0.82057047,0.0,0.0025056237
0.9493813,0.0,0.14460595
0.25364757,0.0,0.3327524
0.28619492,0.0,0.4843497
0.30413917,0.0,0.08205635
0.30021638,0.0,0.5275429
0.68195295,0.0,0.25088382
0.6950265,0.0,0.6105872
0.6632144,0.0,0.41868174
0.7901845,0.0,0.14696962
0.72936547,0.0,0.02391394
0.9016558,0.0,0.5233065
0.78400636,0.0,0.54150856
0.39510143,0.0,0.68186533
0.39933997,0.0,0.17304145
0.98060524,0.0,0.05080322
0.8251699,0.0,0.40873173
0.8588844,0.0,0.40640798
0.9565183,0.0,0.0015965106
0.7547566,0.0,0.5114618
0.91868496,0.0,0.58522165
0.8898151,0.0,0.12544721
0.9081947,0.0,0.14094822
0.898625,0.0,0.72336924
0.74228835,1.0,0.58040905
0.97576505,0.0,0.00029652184
0.92980933,0.0,0.13741297
0.41936326,0.0,0.37680572
0.78428894,1.0,0.12759727
0.5603574,0.0,0.0
0.56551325,0.0,0.4044606
0.7779677,0.0,0.27767754
0.9794773,0.0,0.0
0.8892968,0.0,0.089608304
0.87706435,0.0,0.62221164
0.59554183,0.0,0.41176602
0.47092438,0.0,0.43154258
0.8712649,0.0,0.26268172
0.49974704,1.0,0.39534304
0.5653736,1.0,0.7483451
0.5645611,0.0,0.09247582
0.97378933,0.0,0.0
0.6872644,1.0,0.1184076
0.40160885,1.0,0.3435035
0.930886,0.0,0.0
0.68708694,1.0,0.00786387
0.37903407,1.0,0.47145352
0.87690353,1.0,0.28865656
0.9786926,0.0,0.0
0.5718109,1.0,0.14665218
0.5592595,1.0,0.4641312
0.8498534,0.0,0.13165565
0.61378956,0.0,0.003218778
0.69570166,1.0,0.13619328
0.8329879,1.0,0.24721229
0.956721,0.0,0.09052806
0.9276342,0.0,0.0
0.4297042,1.0,0.46834528
0.5221999,1.0,0.70391333
0.78371704,0.0,0.3246824
0.68764174,0.0,0.09214066
0.95771134,0.0,0.27651572
0.9329213,0.0,0.002626126
0.94666857,1.0,0.11503274
0.9762165,1.0,0.23034246
0.9560418,0.0,0.0
0.84350675,0.0,0.030386629
0.6243043,0.0,0.33409888
0.87832433,0.0,0.35107827
0.95954365,0.0,0.5713615
0.9742632,1.0,0.114048935
0.71406925,0.0,0.62710667
0.48043057,0.0,0.7231788
0.3854278,0.0,0.8015168
0.5193735,1.0,0.6633167
0.7329634,1.0,0.4503372
0.9715565,1.0,0.21788995
0.89830565,0.0,0.051880915
0.6162011,0.0,0.56102777
0.85226834,0.0,0.3644333
0.8024993,0.0,0.18339813
0.49476936,0.0,0.41323167
0.8776194,0.0,0.16910744
0.7356959,0.0,0.023139805
0.87315226,0.0,0.12896211
0.6820692,0.0,0.3179666
0.943097,0.0,0.0030480009
0.9633397,0.0,0.052665133
0.9531308,0.0,0.23090133
0.75435483,0.0,0.13656452
0.6383081,0.0,0.58940977
0.5191885,0.0,0.39206144
0.94311583,0.0,0.027025606
0.90642655,0.0,0.14932784
0.7235537,0.0,0.48666143
0.5315896,0.0,0.092983484
0.9324336,0.0,0.04479897
0.8733122,0.0,0.34936592
0.9042781,0.0,0.13439731
0.4870389,0.0,0.34785742
0.66674423,0.0,0.18515363
0.55373704,0.0,0.7065274
0.48457244,0.0,0.5840585
0.90808564,0.0,0.0043254914
0.52375966,1.0,0.4647102
0.4198851,0.0,0.24196579
0.9163808,0.0,0.33706757
0.6092158,1.0,0.18431728
0.64905274,1.0,0.6905966
0.79022145,1.0,0.33157593
0.89437044,0.0,0.03303987
0.5984345,1.0,0.26727888
0.58163434,1.0,0.38213548
0.879916,1.0,0.18305275
0.94237703,0.0,0.0
0.7315594,1.0,0.20359093
0.50358975,1.0,0.47587222
0.6536152,1.0,0.21600796
0.81611055,0.0,0.002879122
0.7504578,0.0,5.0261347e-06
0.9193146,1.0,0.1420552
0.93842673,0.0,0.0
0.7569646,0.0,0.12607543
0.9548944,0.0,0.09061199
0.7980123,0.0,0.0942267
0.55617046,0.0,0.17254882
0.83939624,0.0,0.48069465
0.9530116,0.0,0.101288006
0.9627061,0.0,0.0061694924
0.77901506,0.0,0.16728663
0.66501975,0.0,0.44398275
0.94498426,0.0,0.016671324
0.93999577,0.0,0.0
0.73480916,0.0,0.35699007
0.43401074,0.0,0.49722466
0.89392745,0.0,0.4554999
0.8858628,0.0,0.050822917
0.89225304,0.0,0.10851677
0.8764053,0.0,0.012569681
0.9576542,0.0,0.0
0.6903389,0.0,0.0013686321
0.8436521,0.0,0.010095222
0.859559,0.0,0.0
0.7817875,0.0,0.0
0.5322955,0.0,0.026305227
0.74091995,0.0,0.04735362
0.769878,0.0,0.0
0.619054,0.0,0.00257616
0.29933122,1.0,0.27226612
0.94849634,1.0,0.035717495
0.75372213,0.0,0.024279881
0.8748999,0.0,0.07769328
0.6576351,0.0,0.07531905
0.72018635,0.0,0.017464848
0.7576194,0.0,0.0018354306
0.6543573,0.0,0.31776017
0.7348089,0.0,0.11466902
0.5694856,0.0,0.008683709
0.92639494,0.0,0.014424909
0.9033842,0.0,0.23481801
0.4027531,0.0,0.5813236
0.80892044,0.0,0.042731725
0.5718801,0.0,0.4859496
0.83028185,0.0,0.040546294
0.62314487,0.0,0.3716795
0.8873137,0.0,0.24629572
0.7138221,0.0,0.36722073
0.6482383,0.0,0.30371416
0.75047845,0.0,0.33001283
0.9347427,0.0,0.016071275
0.7034013,0.0,0.49617466
0.6922149,0.0,0.59180325
0.6933188,0.0,0.14500663
0.6222851,0.0,0.3653416
0.73944193,0.0,0.52815914
0.32954234,0.0,0.6400009
0.47523627,0.0,0.5296003
0.8939377,0.0,0.03542396
0.7490078,0.0,0.44256383
0.71567154,0.0,0.0018303286
0.49291623,0.0,0.41027084
0.5574699,0.0,0.47988972
0.67723477,0.0,0.31874797
0.80844307,0.0,0.6088521
0.73137915,0.0,0.5424078
0.7991533,0.0,0.46297312
0.68633336,0.0,0.014998105
0.81749517,0.0,0.0
0.60147065,0.0,0.22879581
0.8613923,0.0,0.03343606
0.81978756,0.0,0.07384787
0.7709239,0.0,0.20639338
0.9044421,0.0,0.19446446
0.5480635,0.0,0.495236
0.6788061,0.0,0.11513508
0.84939003,0.0,0.00012969278
0.40028974,0.0,0.0
0.64966273,0.0,0.027677635
0.58868027,0.0,0.0
0.35067162,0.0,0.14509933
0.9348813,0.0,0.011071173
0.6585349,0.0,0.22115114
0.6873531,0.0,0.4299913
0.66479903,0.0,0.0
0.7118941,0.0,0.00022694569
0.83540565,0.0,0.03598961
0.58292025,0.0,0.11675811
0.69532996,0.0,0.010375379
0.41607088,0.0,0.014716669
0.5233605,0.0,0.26247552
0.58579737,0.0,0.16479596
0.8836545,0.0,0.18913598
0.7627245,0.0,0.17998488
0.67300695,0.0,0.25917092
0.46020713,0.0,0.11479435
0.67432284,0.0,0.0084026875
0.6644478,0.0,0.0659221
0.53656936,0.0,0.010261849
0.89542055,0.0,0.0019523005
0.93460196,0.0,0.018215751
0.51698655,0.0,0.14056718
0.75659233,0.0,0.20738633
0.58994395,0.0,0.0
0.50891507,0.0,0.027495094
0.39134753,0.0,0.3678831
0.29691845,0.0,0.50158113
0.3065857,0.0,0.4536179
0.54718417,0.0,0.21131207
0.70647585,0.0,0.3365589
0.69374496,0.0,0.19469441
0.82864165,0.0,0.83666325
0.7322272,0.0,0.8646567
0.65971154,0.0,0.44173732
0.79147434,0.0,0.15872003
0.8785466,0.0,0.4746076
0.68455976,0.0,0.4941589
0.8251866,0.0,0.21596538
0.8935699,0.0,0.4777399
0.7261414,0.0,0.6949876
0.73367333,0.0,0.646188
0.62623805,0.0,0.3411824
0.8412611,0.0,0.18929589
0.6329867,0.0,0.532953
0.49543804,0.0,0.28569055
0.84133255,1.0,0.29458526
0.8442697,1.0,0.71377
0.64197916,1.0,0.77096176
0.7875567,1.0,0.22003724
0.91711783,1.0,0.57554305
0.8245859,1.0,0.47789863
0.8497143,1.0,0.22789827
0.95375174,1.0,0.39002192
0.87455726,1.0,0.45983705
0.73199755,1.0,0.48468813
0.59711015,1.0,0.52995396
0.7942713,1.0,0.6223953
0.61068416,1.0,0.70238405
0.93553317,0.0,0.21234141
0.7943218,0.0,0.26664716
0.8561877,1.0,0.11216857
0.8394141,1.0,0.22532879
0.80722666,0.0,0.18201339
0.67930835,1.0,0.07453751
0.9122799,0.0,0.34507468
0.58389574,0.0,0.64441305
0.7982724,0.0,0.09643093
0.903248,0.0,0.16914599
0.84274465,1.0,0.028973931
0.85298496,0.0,0.041317824
0.7361133,0.0,0.2161112
0.7406628,0.0,0.11097213
0.64346546,0.0,0.48777178
0.7735283,0.0,0.7123038
0.7534783,0.0,0.34879503
0.8791814,1.0,0.60294425
0.9317374,1.0,0.46753046
0.81112885,1.0,0.38660514
0.67914414,1.0,0.32255265
0.74073833,1.0,0.31939536
0.63266194,1.0,0.3924925
0.5416743,1.0,0.4732734
0.6435521,1.0,0.439603
0.71921825,1.0,0.34931636
0.81321937,0.0,0.59625983
0.7465005,1.0,0.48687038
0.81206995,1.0,0.3587127
0.87918276,0.0,0.3261316
0.67052454,1.0,0.4620157
0.76231533,0.0,0.4436723
0.6471099,0.0,0.8126625
