gate_value,label,rsa
0.3465448,0.0,0.3351077
0.3338074,0.0,0.48704132
0.43466523,0.0,0.7175872
0.5936099,0.0,0.66712147
0.50692606,0.0,0.1713507
0.5490494,0.0,0.32415932
0.7145899,0.0,0.05400343
0.4322492,0.0,0.6173236
0.29828712,0.0,0.35369426
0.84306425,0.0,0.10012408
0.56075317,0.0,0.2937196
0.7420804,0.0,0.53620356
0.33642083,1.0,0.454548
0.7070613,1.0,0.08171018
0.7120041,0.0,0.4584402
0.814328,1.0,0.4728441
0.8885403,0.0,0.3921162
0.9204222,0.0,0.74901533
0.954413,0.0,0.33962363
0.93656754,0.0,0.08466584
0.8732973,0.0,0.3617659
0.8915263,0.0,0.35517356
0.86447406,0.0,0.07264031
0.6736706,1.0,0.4994691
0.48849535,1.0,0.69919354
0.8334049,1.0,0.6860567
0.3839097,1.0,0.17685314
0.45981988,1.0,0.030435747
0.7586222,1.0,0.33542627
0.7717431,1.0,0.28469235
0.9217602,0.0,0.0016982147
0.9648752,0.0,0.021256763
0.528818,1.0,0.44305423
0.6481877,1.0,0.36653978
0.9238926,0.0,0.09284389
0.47575358,0.0,0.5846172
0.7788501,0.0,0.28497854
0.5948736,0.0,0.25353476
0.55713797,0.0,0.34842283
0.8756887,0.0,0.3212993
0.76299506,0.0,0.36595997
0.9070313,0.0,0.27915865
0.7348474,0.0,0.6890768
0.9563558,0.0,0.40471864
0.8678271,0.0,0.41029245
0.8885481,0.0,0.08150885
0.91748184,0.0,0.12885727
0.6220825,0.0,0.19878276
0.7736399,0.0,0.21192636
0.51196516,0.0,0.22488365
0.57614833,0.0,0.16727073
0.8692325,0.0,0.0
0.34303904,0.0,0.27148038
0.7031168,0.0,0.00204221
0.82723254,0.0,0.41082466
0.34156793,0.0,0.5309975
0.44920838,0.0,0.1594205
0.40033102,0.0,0.32553762
0.6518282,0.0,0.0039828047
0.8592828,0.0,0.0910084
0.7137765,0.0,0.0
0.7127192,0.0,0.11958003
0.4276144,0.0,0.18928419
0.85422856,0.0,0.036294706
0.42880142,0.0,0.35908827
0.5629391,0.0,0.23572946
0.5779751,0.0,0.75189084
0.5264022,0.0,0.17562018
0.5390751,1.0,0.4751986
0.47540495,1.0,0.5554252
0.651632,0.0,0.15798064
0.66807216,1.0,0.13412789
0.8157663,1.0,0.4836698
0.57863945,0.0,0.06446151
0.85672224,0.0,0.03539547
0.62147397,1.0,0.05560751
0.80754286,1.0,0.23216856
0.7903141,0.0,0.0
0.7056594,0.0,0.042023633
0.56462747,1.0,0.3499173
0.67541754,1.0,0.44607496
0.8418656,0.0,0.094691075
0.73091394,0.0,0.25403237
0.8674288,0.0,0.043890767
0.7542546,0.0,0.34732598
0.72413105,0.0,0.23367876
0.44463927,0.0,0.5292694
0.4956874,0.0,0.048527315
0.7523512,0.0,0.030737013
0.9097405,0.0,0.12861054
0.5184829,0.0,0.23285238
0.9326615,0.0,0.1392397
0.8992891,0.0,0.03268229
0.9577776,0.0,0.0
0.95913917,1.0,0.12911434
0.8967284,1.0,0.048023887
0.93983436,1.0,0.30717835
0.7091123,0.0,0.3933667
0.8034803,0.0,0.37970167
0.60887927,0.0,0.6199132
0.46872184,0.0,0.59155214
0.37856847,0.0,0.62844074
0.8295683,0.0,0.6667543
0.797923,0.0,0.19227937
0.7844521,0.0,0.2939644
0.93480843,0.0,0.03381784
0.8042718,0.0,0.082508534
0.87094736,0.0,0.04601169
0.97976184,0.0,0.010224432
0.8087267,0.0,0.091959916
0.51424176,0.0,0.2569198
0.8764195,0.0,0.19174816
0.48105216,0.0,0.16775952
0.65344274,0.0,0.57694507
0.5493792,0.0,0.29921567
0.90471774,0.0,0.14487629
0.9303871,0.0,0.08427587
0.9539903,0.0,0.0
0.69136614,0.0,0.18517345
0.65252674,0.0,0.3726433
0.62468654,0.0,0.12752569
0.9353074,0.0,0.0077600726
0.651615,0.0,0.3602008
0.4607006,0.0,0.6436585
0.39321762,0.0,0.30705342
0.4174255,0.0,0.33741152
0.5499621,0.0,0.12751536
0.39074013,0.0,0.48355156
0.7638318,0.0,0.20069863
0.37359238,0.0,0.3713383
0.34818235,0.0,0.13119395
0.842301,0.0,0.00021020406
0.5098736,0.0,0.03268675
0.28915572,0.0,0.36234197
0.80385184,0.0,0.013131793
0.92886174,0.0,0.0
0.38123155,0.0,0.20015496
0.78475374,0.0,0.037922066
0.61378765,0.0,0.003424487
0.556232,0.0,0.0
0.8864968,0.0,0.064227104
0.9682188,0.0,0.0
0.7202594,0.0,0.0
0.683226,0.0,0.056010257
0.7300727,0.0,0.1563151
0.82331103,0.0,0.0
0.93687445,0.0,0.051989347
0.7417089,0.0,0.35525808
0.7397197,0.0,0.28154343
0.60346806,0.0,0.3829774
0.4695884,0.0,0.8356601
0.8607238,0.0,0.56703854
0.492694,0.0,0.79220796
0.6961148,0.0,0.4657495
0.8509069,0.0,0.1305806
0.5375011,0.0,0.058607332
0.5538868,0.0,0.15534885
0.8739388,0.0,0.02595644
0.8892524,0.0,0.0
0.84761447,0.0,0.0
0.74708474,0.0,0.0021943857
0.7546105,0.0,0.09033594
0.873587,0.0,0.06565459
0.57472366,0.0,0.012015699
0.76226026,0.0,0.11673266
0.93079627,0.0,0.0
0.82738173,0.0,0.41747525
0.9391952,0.0,0.07604143
0.6235651,0.0,0.0030809925
0.76610285,0.0,0.16780703
0.5614278,0.0,0.0
0.425459,0.0,0.1811895
0.61235464,0.0,0.75333285
0.59259355,0.0,0.47773224
0.773749,0.0,0.16747804
0.43547505,0.0,0.086687006
0.53013325,0.0,0.0
0.65041107,0.0,0.0022557494
0.5306676,0.0,3.500611e-05
0.9294124,0.0,0.068767674
0.75110245,0.0,0.095081665
0.9702746,0.0,0.0
0.94336045,0.0,0.07381926
0.85399765,0.0,0.13072462
0.9083269,0.0,0.0
0.408883,0.0,0.0
0.3951009,0.0,0.14529727
0.7360931,0.0,0.11348519
0.3314689,0.0,0.3257381
0.28577024,0.0,0.37270457
0.27353838,0.0,0.7086451
0.46539465,0.0,0.4940469
0.2730747,0.0,0.52734184
0.3966787,0.0,0.39587712
0.3900699,0.0,0.23019691
0.25535056,0.0,0.281841
0.41777304,0.0,0.2719087
0.43626603,0.0,0.3487543
0.54545665,0.0,0.19800301
0.65216094,0.0,0.3825757
0.41414687,0.0,0.66231036
0.61231124,0.0,0.30779254
0.88942075,0.0,0.21212287
0.9182307,0.0,0.121382855
0.9379127,0.0,0.18539771
0.74568874,0.0,0.33587456
0.7823376,0.0,0.06752426
0.8100193,0.0,0.04729901
0.9112736,0.0,0.049905434
0.92550355,0.0,0.013102807
0.870803,0.0,0.040398568
0.9063341,0.0,0.102203116
0.85981256,0.0,0.10700435
0.8361765,0.0,0.002452223
0.4543039,0.0,0.21547683
0.46232378,0.0,0.47312576
0.9275424,0.0,0.54599005
0.8999321,0.0,0.12917104
0.4325199,0.0,0.31617928
0.3730436,0.0,0.24343656
0.29504043,0.0,0.59890914
0.3866999,0.0,0.43668568
0.47494513,0.0,0.05841562
0.45169362,0.0,0.31911504
0.9181366,0.0,0.07017674
0.6412253,0.0,0.01830294
0.34338754,0.0,0.21047698
0.30502936,0.0,0.2820908
0.75156975,0.0,0.13622627
0.9309505,0.0,0.016917234
0.9000325,0.0,0.02121607
0.90424955,0.0,0.0
0.9437829,0.0,0.04543716
0.6311096,0.0,0.003740442
0.87897044,0.0,0.00085992826
0.89029974,0.0,0.0
0.9415083,0.0,0.0017561837
0.54392856,0.0,0.0009127098
0.8600191,0.0,0.015547879
0.9211682,0.0,0.0008837937
0.9113429,0.0,0.0
0.90223736,0.0,0.0
0.57265997,0.0,0.082988895
0.8872483,0.0,0.08323626
0.9100672,0.0,0.0
0.7464533,0.0,0.18536167
0.73661786,0.0,0.2795888
0.71543884,0.0,0.70542336
0.6587317,0.0,0.6085917
0.8616495,0.0,0.45054027
0.87676674,0.0,0.3188173
0.68731564,0.0,0.16171654
0.43895954,0.0,0.546367
0.8664905,0.0,0.086028926
0.44347316,0.0,0.25620764
0.9209432,0.0,0.19503921
0.8941524,0.0,0.0
0.89395905,0.0,0.015647441
0.7536636,0.0,0.3205362
0.52060914,0.0,0.4535248
0.70759594,0.0,0.35651055
0.9095318,0.0,0.08089225
0.42134926,0.0,0.5028266
0.6416979,0.0,0.6688345
0.66086227,0.0,0.6739937
0.6363726,0.0,0.045212843
0.72873515,0.0,0.29728302
0.8960393,0.0,0.2246863
0.47065023,0.0,0.63287824
0.52585316,0.0,0.29652587
0.9429934,0.0,0.0022393838
0.7978236,0.0,0.3716581
0.2512912,0.0,0.47481155
0.79845554,0.0,0.06768268
0.9512096,0.0,0.014501842
0.74621075,0.0,0.16841826
0.68454057,0.0,0.49449784
0.58409023,0.0,0.39323345
0.47638142,0.0,0.70521295
0.4633614,0.0,0.32430616
0.9067977,0.0,0.18360268
0.76270634,0.0,0.06641565
0.78491986,0.0,0.5734036
0.6178463,0.0,0.21359272
0.64260304,0.0,0.1420533
0.40193036,0.0,0.7153807
0.37243295,0.0,0.18996018
0.83535,0.0,0.0025490026
0.455837,0.0,0.4106633
0.46273836,0.0,0.43498456
0.49668574,0.0,0.2228311
0.41009766,0.0,0.34720516
0.8059235,0.0,0.015018965
0.9109305,0.0,8.958586e-05
0.47425172,0.0,0.34447592
0.6787728,0.0,0.19109459
0.674535,0.0,0.0034412201
0.81085765,0.0,0.0041497983
0.28670186,0.0,0.46664533
0.9198961,0.0,0.016909465
0.6433072,0.0,0.0
0.26207015,0.0,0.37648696
0.6014739,0.0,0.15464658
0.88674307,0.0,0.0
0.9152792,0.0,0.0414121
0.6977677,0.0,0.33594143
0.5300867,0.0,0.5645481
0.5342396,0.0,0.4793618
0.73873407,0.0,0.077258974
0.3437227,0.0,0.5195328
0.7253813,0.0,0.40984502
0.9638249,0.0,0.054785337
0.5350285,0.0,0.16963442
0.7353933,0.0,0.47600406
0.60665405,0.0,0.03509574
0.551349,0.0,0.35440296
0.72785854,0.0,0.3684281
0.65670514,0.0,0.00014011071
0.5175871,0.0,0.30199638
0.6743298,0.0,0.44822818
0.48570955,0.0,0.26171052
0.7337853,0.0,0.0014871791
0.47678095,0.0,0.24882574
0.2573941,0.0,0.41525504
0.73702484,0.0,0.02998421
0.34170663,0.0,0.24002002
0.35981163,0.0,0.57843095
0.29080027,0.0,0.48356435
0.6642228,0.0,0.3166876
0.5396377,0.0,1.0
0.33718526,1.0,0.20600334
0.63751537,1.0,0.22684492
0.81785536,0.0,0.0046967333
0.37883395,1.0,0.12633601
0.77670306,0.0,0.010001079
0.2810485,0.0,0.09706325
0.6855444,0.0,0.019472789
0.3826325,0.0,0.25570217
0.4481407,0.0,0.3197104
0.4802054,0.0,0.55716777
0.66068864,0.0,0.40545925
0.7002309,0.0,0.0
0.53852683,0.0,0.26541898
0.46799284,0.0,0.036157694
0.75780094,0.0,0.0014402554
0.6467688,0.0,0.057071984
0.56203014,0.0,0.39476785
0.80160683,0.0,0.014297508
0.7691576,0.0,0.007150926
0.54161495,0.0,0.2647792
0.46315235,0.0,0.15333258
0.55352485,0.0,0.4742519
0.5853336,0.0,0.20941183
0.64716434,0.0,0.60725605
0.76870334,1.0,0.6786499
0.68891203,1.0,0.6126836
0.7777757,1.0,0.34797502
0.48969594,1.0,0.3849994
0.6747767,1.0,0.096887805
0.35416564,1.0,0.49259683
0.8627026,0.0,0.13632976
0.79340464,0.0,0.5860283
0.43482837,0.0,0.63369584
0.77551484,0.0,0.088031776
0.36652258,1.0,0.36703795
0.7518849,0.0,0.0
0.48549214,1.0,0.2563769
0.6685906,0.0,0.025075046
0.5566995,1.0,0.33838817
0.64840645,1.0,0.07545581
0.40761352,1.0,0.4866696
0.48059133,1.0,0.29263496
0.78684515,1.0,0.30930066
0.5617659,0.0,0.42383108
0.4594106,0.0,0.43414015
0.42284226,0.0,0.53214025
0.5906774,0.0,0.32867685
0.507572,0.0,0.0
0.3763243,1.0,0.09840183
0.68666136,0.0,0.003464071
0.5093001,1.0,0.047147885
0.8011065,0.0,0.0015268996
0.75759554,1.0,0.33273736
0.65307903,1.0,0.06903557
0.4060428,1.0,0.3679026
0.71011305,1.0,0.46220836
0.53013307,1.0,0.81886023
0.48033786,0.0,0.4935987
0.67117655,0.0,0.14943781
0.8414123,0.0,0.0065135914
0.53964454,0.0,0.024717983
0.49113423,0.0,0.4327896
0.7848416,0.0,0.0
0.83710307,0.0,0.0
0.43659833,0.0,0.28730348
0.47819534,1.0,0.45557883
0.8285458,0.0,0.043583278
0.82552284,0.0,0.0022116473
0.55050486,0.0,0.30327123
0.3253701,0.0,0.40562347
0.74160445,0.0,0.026245447
0.81241363,0.0,0.067363776
0.61371225,0.0,0.4555234
0.5729572,0.0,0.14236754
0.36079252,0.0,0.5758921
0.49063945,0.0,0.035566825
0.29322737,0.0,0.8046292
0.49460217,0.0,0.40750715
0.44115925,0.0,0.25407836
0.49810782,0.0,0.5434158
0.4418574,0.0,0.40732965
0.6862887,0.0,0.12934774
0.53554606,0.0,0.05755203
0.3415026,0.0,0.4756495
0.5637176,0.0,0.46053725
0.303105,0.0,0.5310018
0.72580343,0.0,0.019462312
0.27811664,0.0,0.3504909
0.6956395,0.0,0.031118855
0.28956342,0.0,0.34774098
0.70273656,0.0,0.03913985
0.48105842,1.0,0.3389697
0.77364224,0.0,0.0042305784
0.7245934,1.0,0.26335797
0.8268443,1.0,0.34393448
0.7690733,0.0,0.0
0.57702106,0.0,0.24500135
0.8002538,0.0,0.012146227
0.50154686,0.0,0.77860343
0.7308805,0.0,0.4960608
0.8162419,0.0,0.14108965
0.74237835,0.0,0.29689148
0.5882498,0.0,0.509071
0.8529337,0.0,0.087948635
0.90616775,0.0,0.0
0.6743001,0.0,0.19986323
0.457542,0.0,0.43075415
0.9289982,0.0,0.0
0.7901795,0.0,0.0
0.35512903,0.0,0.40280977
0.32422537,0.0,0.3928231
0.918078,0.0,0.14547835
0.462403,0.0,0.5639647
0.63715535,0.0,0.03530915
0.28425723,0.0,0.63881946
0.8129168,0.0,0.092669815
0.5516742,0.0,0.38634402
0.65513736,0.0,0.098742425
0.5737106,0.0,0.45673358
0.6233029,0.0,0.40236732
0.53475606,1.0,0.48158938
0.6712683,1.0,0.51630384
0.61202633,1.0,0.3786694
0.71520287,0.0,0.040588424
0.38310966,0.0,0.07620005
0.786898,0.0,0.0
0.39361072,0.0,0.24335413
0.68020016,0.0,0.019147312
0.34609017,0.0,0.38465253
0.47835436,0.0,0.13217053
0.6259188,0.0,0.43565145
0.52209646,0.0,0.09793091
0.51015,0.0,0.27704418
0.75412995,0.0,0.04839967
0.7741653,0.0,0.1796443
0.4188272,0.0,0.10155157
0.92105675,0.0,0.012307917
0.890034,0.0,0.0001373348
0.66649497,0.0,0.0595771
0.5867333,0.0,0.028696422
0.648822,0.0,0.0011150278
0.6823367,0.0,0.069972716
0.6847054,0.0,0.083382465
0.89644283,0.0,0.0
0.51482785,0.0,0.0027807988
0.5069182,0.0,0.29500738
0.78491354,0.0,0.2795008
0.76284,0.0,0.027052393
0.6234512,0.0,0.5343169
0.67348444,0.0,0.7892976
0.41478318,0.0,0.4867813
0.36445537,0.0,0.49459863
0.90394336,0.0,0.12416414
0.6693739,0.0,0.66799796
0.39667994,0.0,0.47029015
0.5514875,0.0,0.12897865
0.6380663,0.0,0.043263517
0.5833242,0.0,0.55879027
0.51807874,0.0,0.68702745
0.7052678,0.0,0.06769889
0.7259965,0.0,0.12531821
0.56682795,0.0,0.612211
0.48336944,0.0,0.6121245
0.27208793,0.0,0.028048044
0.49403292,0.0,0.6600711
0.57262814,0.0,0.13182828
0.5383546,0.0,0.2921755
0.60827214,0.0,0.5885557
0.69244057,0.0,0.45675558
0.5934905,0.0,0.07707355
0.47792444,0.0,0.53483635
0.4035941,1.0,0.84034467
0.40811667,0.0,0.5556134
0.481305,1.0,0.54203427
0.40357774,0.0,0.53613484
0.36734185,0.0,0.6690655
0.6399403,1.0,0.6667337
0.63170666,1.0,0.79569906
0.51497805,0.0,0.29406205
0.4250672,0.0,0.6283288
0.37502363,1.0,0.4163894
0.3029068,0.0,0.97454953
0.4855703,0.0,0.7467324
0.4977339,0.0,0.45658776
0.6761853,0.0,0.06586456
0.6119371,0.0,0.053502243
0.53401446,0.0,0.68505234
0.5835347,0.0,0.6765375
0.42677712,0.0,0.20766547
0.52388,0.0,0.3552806
0.6974691,0.0,0.41618198
0.8954292,0.0,0.14582628
0.65526885,0.0,0.15284626
0.6117393,0.0,0.18578403
0.7975656,0.0,0.0
0.83619016,0.0,0.0077437325
0.43353313,0.0,0.09475785
0.6599952,0.0,0.05728497
0.82912064,0.0,0.05142621
0.4749917,0.0,0.030904211
0.5619654,0.0,0.3342532
0.92375934,0.0,0.00024187162
0.94865596,0.0,0.009384689
0.75408655,0.0,0.006060282
0.34918603,0.0,0.23053432
0.8394553,0.0,0.0007856999
0.6559035,0.0,0.006781643
0.36649188,0.0,0.19877253
0.35595876,0.0,0.19155641
0.9160435,0.0,0.008131143
0.60976374,0.0,0.14844087
0.3982789,0.0,0.59778845
0.6806185,0.0,0.34830955
0.72898483,0.0,0.25432363
0.4853249,0.0,0.39577726
0.48252898,0.0,0.6712337
0.58669335,0.0,0.4599005
0.67909396,0.0,0.15319847
0.91391605,0.0,0.014736617
0.8608147,0.0,0.0
0.8546247,0.0,0.027486451
0.91267824,0.0,0.0075627347
0.97571135,0.0,0.044550106
0.93711925,0.0,0.021609152
0.9682883,0.0,0.028540641
0.78660667,0.0,0.016043833
0.86380345,0.0,0.0057914536
0.92733425,0.0,0.0014360351
0.9545439,0.0,0.04121502
0.95397395,0.0,0.009749459
0.8773097,0.0,0.0045875725
0.8642146,0.0,0.0
0.93438107,0.0,0.013553587
0.98015356,0.0,0.00047373382
0.88966155,0.0,0.019573571
0.72092974,0.0,0.14199774
0.97985095,0.0,0.0
0.88107604,0.0,0.03622705
0.41632682,0.0,0.4902441
0.8305975,0.0,0.47331485
0.42166242,0.0,0.46834597
0.91908056,0.0,0.016903123
0.621591,0.0,0.07681033
0.3567075,0.0,0.26363328
0.35859355,0.0,0.14559726
0.825511,0.0,0.0
0.5122389,0.0,0.01478267
0.32757896,0.0,0.3207588
0.708192,0.0,0.15643238
0.9553413,0.0,0.0
0.51663256,0.0,0.10312053
0.822222,0.0,0.00021194106
0.3731436,0.0,0.35173488
0.57082033,0.0,0.2935205
0.6988115,0.0,0.0
0.7845259,0.0,0.2452616
0.42077392,0.0,0.6292652
0.5581301,0.0,0.39705262
0.61498934,0.0,0.11756678
0.8196838,0.0,0.79622096
0.4654902,0.0,0.5829986
0.6946733,0.0,0.057734918
0.63485384,0.0,0.42509153
0.9184579,0.0,0.41017115
0.70463866,0.0,0.3468237
0.7144889,0.0,0.08856874
0.9778676,0.0,0.00021752756
0.8477006,0.0,0.044601597
0.5393126,0.0,0.31840456
0.70464116,0.0,0.041794688
0.9697911,0.0,4.137861e-05
0.687035,0.0,0.3516911
0.39410883,0.0,0.584193
0.973976,0.0,0.013331486
0.9286466,0.0,0.06835794
0.4979652,0.0,0.44526783
0.7479366,0.0,0.16971473
0.9692658,0.0,0.0036295194
0.8741914,0.0,0.18719472
0.772999,0.0,0.34166664
0.7191316,0.0,0.81901246
0.7237868,0.0,0.1366638
0.69064015,0.0,0.68940747
0.82629424,0.0,0.28967318
0.91886246,0.0,0.06478369
0.7871149,0.0,0.18604775
0.9809869,0.0,0.042349562
0.7856812,0.0,0.31746763
0.91821444,0.0,0.21957994
0.950714,0.0,0.012367414
0.8375553,0.0,0.053151026
0.7084017,0.0,0.084269956
0.907729,0.0,0.0
0.5638046,0.0,0.008837644
0.6534486,0.0,0.0007133484
0.6864841,0.0,0.08415349
0.4594953,0.0,0.4707422
0.34795618,0.0,0.49194017
0.9243126,0.0,0.15792772
0.37491488,0.0,0.40849292
0.8517098,0.0,0.10557716
0.61614054,0.0,0.30344576
0.37505272,0.0,0.6079653
0.3891571,0.0,0.45028824
0.9379653,0.0,0.006834185
0.38674635,0.0,0.26732957
0.31313452,0.0,0.25436774
0.3210093,0.0,0.26783088
0.65355295,0.0,0.0
0.64645445,0.0,0.39545116
0.44222018,0.0,0.3738451
0.68421644,0.0,0.16273576
0.6909167,0.0,0.026162194
0.6094398,0.0,0.38601926
0.56829077,0.0,0.056137107
0.7341668,0.0,0.30895677
0.7389728,0.0,0.019758904
0.55595386,0.0,0.24275532
0.48201963,0.0,0.5757673
0.6804245,0.0,0.031772595
0.41482905,0.0,0.12148147
0.8853161,0.0,0.02264677
0.71776515,0.0,0.50292045
0.42242387,0.0,0.29115003
0.37795466,0.0,0.6416562
0.38525745,0.0,0.4809416
0.5946513,0.0,0.10212332
0.70921624,0.0,0.13513337
0.46995625,0.0,0.36122462
0.25597647,0.0,0.62134725
0.82108843,0.0,0.038219046
0.86245215,0.0,0.064595245
0.31902984,0.0,0.39523974
0.5244416,0.0,0.40876737
0.7635975,0.0,0.00398887
0.4636586,0.0,0.2835883
0.2833536,0.0,0.7086462
0.83695483,0.0,0.18181224
0.9622434,0.0,0.0023758237
0.49505186,0.0,0.43841746
0.56371886,0.0,0.2441262
0.54425836,0.0,0.23778579
0.75857145,0.0,0.031534858
0.3356985,0.0,0.5542138
0.48011687,0.0,0.34397
0.7985105,0.0,0.006762
0.96526897,0.0,0.006804771
0.40738934,0.0,0.34951255
0.7394794,0.0,0.828771
0.9549401,0.0,0.109025694
0.54584426,0.0,0.46586514
0.48213616,0.0,0.49727282
0.85762566,0.0,0.5690876
0.92495835,0.0,0.03723856
0.85873824,0.0,0.19897701
0.9616633,0.0,0.0
0.81760377,0.0,0.0
0.5686072,0.0,0.019515622
0.8706591,0.0,0.008384438
0.577499,0.0,0.001002843
0.5133098,0.0,0.017254818
0.85201114,0.0,0.043420576
0.70918256,0.0,0.02615199
0.7725906,0.0,0.016063105
0.403173,0.0,0.21185999
0.80170155,0.0,0.046977043
0.38622645,0.0,0.17079818
0.8676227,0.0,0.010959064
0.8378753,0.0,0.51698923
0.48479524,0.0,0.16070594
0.30375305,0.0,0.16162808
0.9474214,0.0,0.015022436
0.5737478,0.0,0.08415245
0.6741181,1.0,0.38057816
0.5124203,1.0,0.5932993
0.87068,1.0,0.19363227
0.81154525,1.0,0.19178161
0.6151144,1.0,0.2890354
0.745217,1.0,0.538379
0.4563815,0.0,0.10810291
0.67854863,0.0,0.37217602
0.7837955,0.0,0.0
0.39411095,1.0,0.3291862
0.7939197,0.0,0.18286936
0.49187574,0.0,0.30417845
0.4108171,0.0,0.5656447
0.53845435,0.0,0.69737345
0.6666312,0.0,0.4039452
0.53580666,0.0,0.38331336
0.63394606,0.0,0.27702278
0.38384533,0.0,0.45686495
0.68478507,0.0,0.054376163
0.57496136,0.0,0.31122103
0.77075326,0.0,0.0
0.8836974,0.0,0.0
0.82117933,1.0,0.16479233
0.37222436,0.0,0.0
0.79575974,0.0,0.22077231
0.7881105,0.0,0.05314042
0.45424923,0.0,0.49190015
0.6334342,0.0,0.03390632
0.42409262,0.0,0.29227456
0.5667151,0.0,0.12760504
0.45525214,0.0,0.0917107
0.8068732,0.0,0.5460018
0.42447296,0.0,0.044793002
0.40502745,0.0,0.68468064
0.44180998,0.0,0.55221695
0.6059692,0.0,0.03377689
0.39327222,0.0,0.33731776
0.43682814,0.0,0.023822142
0.52438635,1.0,0.25528196
0.43495527,0.0,0.005577006
0.608234,0.0,0.016132774
0.43131593,0.0,0.03494439
0.5550849,0.0,0.015781878
0.80800986,0.0,0.2384697
0.93071604,0.0,0.0120405005
0.89051497,0.0,0.3075271
0.89598733,0.0,0.18159576
0.82103455,0.0,0.1983746
0.9839588,0.0,5.2772924e-05
0.5981377,0.0,0.0061656334
0.6691819,0.0,0.0
0.83909523,0.0,0.007640665
0.5152825,0.0,0.0014279825
0.45508108,0.0,0.0059769736
0.6864175,0.0,0.021634672
0.8526926,0.0,0.015968693
0.4148102,1.0,0.4350194
0.3900753,1.0,0.5361511
0.4574911,0.0,0.25603005
0.5085132,0.0,0.54210556
0.35967526,0.0,0.105803505
0.73037964,0.0,0.09185832
0.32628116,0.0,0.6558835
0.45504126,0.0,0.31990603
0.9443374,0.0,0.0013372479
0.7061314,0.0,0.017828815
0.26665774,0.0,0.44944653
0.43363443,0.0,0.36657894
0.7508297,0.0,0.009582471
0.3198897,0.0,0.266794
0.43432236,0.0,0.09134451
0.53871953,0.0,0.50149953
0.40435624,0.0,0.08342486
0.7153422,0.0,0.060555883
0.41289425,0.0,0.14908572
0.35828614,0.0,0.34364152
0.74253774,0.0,0.011252669
0.71615124,0.0,0.3307698
0.30860353,0.0,0.63224614
0.46305153,0.0,0.39416215
0.8077694,0.0,0.11197474
0.6214815,1.0,0.3802868
0.7536223,0.0,0.46147838
0.6696444,1.0,0.36944357
0.8112985,0.0,0.22461802
0.6983702,0.0,0.082951985
0.7022062,1.0,0.17937414
0.6182136,0.0,0.00045902995
0.42333063,0.0,0.053181387
0.78230274,0.0,0.0011303534
0.8586352,0.0,0.0
0.49595368,0.0,0.27292794
0.8746884,0.0,0.0340093
0.309216,0.0,0.4184644
0.56124073,0.0,0.0
0.55830896,0.0,0.4362299
0.82036614,0.0,0.15248041
0.6810671,0.0,0.41663963
0.5064637,0.0,0.12416675
0.5883457,0.0,0.29275447
0.9160664,0.0,0.0
0.55395913,0.0,0.030219277
0.3304168,0.0,0.34536347
0.78542894,0.0,0.0
0.92087483,0.0,0.0
0.28806737,0.0,0.23219523
0.2548403,0.0,0.5918189
0.80722564,0.0,0.16271546
0.62361175,0.0,0.25866243
0.90507305,0.0,0.00057158316
0.5309387,0.0,0.5102262
0.5920611,0.0,0.29996222
0.8461474,0.0,0.010876201
0.9127973,0.0,0.103321254
0.47022137,0.0,0.3275711
0.64774024,0.0,0.35694122
0.69233423,0.0,0.61138266
0.747224,0.0,0.1530204
0.6415004,0.0,0.31003946
0.86713666,0.0,0.04714718
0.49670574,0.0,0.45104715
0.9659265,0.0,0.19535956
0.9386172,0.0,0.0
0.96246356,0.0,0.020452278
0.40228587,0.0,0.5609635
0.72420734,0.0,0.30418345
0.8106055,0.0,0.5067468
0.91414267,0.0,0.007272279
0.5774371,0.0,0.044929236
0.9669786,0.0,0.027795536
0.6016311,0.0,0.34124604
0.55542916,0.0,0.14389405
0.9571952,0.0,0.004920061
0.4884044,0.0,0.05882007
0.5106908,0.0,0.022291416
0.38965115,0.0,0.0974301
0.59231293,0.0,0.10103301
0.6324751,0.0,0.08523402
0.86258775,0.0,0.0123675205
0.48723444,0.0,0.20018129
0.98244876,0.0,0.006748253
0.50186044,0.0,0.18097857
0.82321244,0.0,0.08423059
0.5318358,0.0,0.07328314
0.94370025,0.0,0.0
0.97654986,0.0,0.0017625793
0.6679443,0.0,0.087138265
0.971787,0.0,0.18202506
0.9242763,0.0,0.6315251
0.9573924,0.0,0.50588524
0.87468636,0.0,0.6624487
0.8780823,0.0,0.1903916
0.79032177,1.0,0.669716
0.97471887,1.0,0.6637891
0.7866783,1.0,0.6567706
0.89479303,1.0,0.33867785
0.891649,1.0,0.24393666
0.8446375,1.0,0.3221661
0.82853615,1.0,0.8598034
0.7771507,1.0,0.57045776
0.9331579,1.0,0.20548277
0.72795373,1.0,0.62294567
0.7866635,1.0,0.3328796
0.8354801,1.0,0.50700194
0.9306221,0.0,0.20846933
0.5038677,0.0,0.10612309
0.8475518,0.0,0.0
0.58158493,0.0,0.1760939
0.8881245,1.0,0.20401482
0.90396196,0.0,0.0977684
0.9590565,0.0,0.0
0.9126741,0.0,0.0015013532
0.6907018,0.0,0.0
0.7186395,0.0,0.0006058722
0.77803034,0.0,0.0
0.48829645,0.0,0.090321824
0.40090567,0.0,0.00044453036
0.34215766,0.0,0.31679773
0.6522155,0.0,0.53797174
0.93544567,0.0,0.040865485
0.62102,0.0,0.23198865
0.6432068,0.0,0.010530187
0.84949,0.0,0.029665591
0.9530789,0.0,0.0010510918
0.9249628,0.0,0.018056333
0.9099085,0.0,0.0012095452
0.9287226,0.0,0.0
0.5554964,0.0,0.034519333
0.8494977,0.0,0.0
0.8713808,0.0,0.07934428
0.60672873,0.0,0.08840895
0.8300624,0.0,0.071407326
0.39148575,0.0,0.52404314
0.5103181,0.0,0.36712268
0.5518283,0.0,0.37741596
0.44254982,0.0,0.5841065
0.48683515,0.0,0.41989076
0.64281213,0.0,0.5804508
0.42785522,0.0,0.57983714
0.5677139,0.0,0.61183506
0.73860615,0.0,0.17861463
0.5754402,0.0,0.4081219
0.66948205,0.0,0.0
0.4020056,0.0,0.36582372
0.53717077,0.0,0.15718669
0.46844652,0.0,0.6478493
0.5555367,0.0,0.06072004
0.38795412,0.0,0.50787395
0.4870083,0.0,0.67343247
0.7011342,0.0,0.123701476
0.5580198,0.0,0.5407209
0.4192155,0.0,0.44515616
0.3299298,0.0,0.51334727
0.5980463,0.0,0.026819158
0.58242905,0.0,0.12642393
0.81976336,1.0,0.6137786
0.4631658,0.0,0.29157278
0.6076014,0.0,0.008013342
0.66321284,0.0,0.41691536
0.3341016,0.0,0.51972413
0.42760327,0.0,0.49590415
0.36825988,0.0,0.3425881
0.42235816,0.0,0.10822179
0.4974831,0.0,0.0
0.38935062,0.0,0.26792422
0.59764934,0.0,0.0034687482
0.5428503,0.0,2.6742198e-05
0.45665708,0.0,0.18029067
0.49019986,0.0,0.2968384
0.68980974,0.0,0.007666524
0.50941026,0.0,0.0
0.4365038,0.0,0.47305176
0.29674217,0.0,0.5253599
0.7314888,0.0,0.0
0.49628165,0.0,0.3013342
0.47571456,0.0,0.47165558
0.40364972,0.0,0.36807013
0.53420115,0.0,0.5707029
0.78639555,0.0,0.034574043
0.41610232,0.0,0.6075092
0.75487113,0.0,0.10582112
0.92485595,0.0,0.011145866
0.5151615,0.0,0.40185848
0.35464987,0.0,0.13260764
0.7392427,0.0,0.0
0.9093738,0.0,0.30158043
0.36446893,0.0,0.45355636
0.28908175,0.0,0.22646981
0.8565694,0.0,0.0
0.56620085,0.0,0.003331983
0.36339712,0.0,0.1337107
0.44907308,0.0,0.04292526
0.6592401,0.0,0.0
0.36526018,0.0,0.09318758
0.3243971,0.0,0.55832213
0.46887589,0.0,0.09798124
0.31437165,0.0,0.6507586
0.5577253,0.0,0.38964215
0.7522585,0.0,0.0
0.691574,0.0,0.11856888
0.2950538,0.0,0.54036343
0.5029325,0.0,0.22459982
0.8340742,1.0,0.14489788
0.60874313,1.0,0.4178856
0.6234081,1.0,0.5133283
0.8031692,1.0,0.5002072
0.8313392,1.0,0.10891471
0.43984565,0.0,0.041831158
0.5412527,1.0,0.3473992
0.67289215,1.0,0.13458663
0.88163775,0.0,0.0
0.29539287,0.0,0.49926838
0.70016676,1.0,0.6167193
0.9308182,0.0,0.101402186
0.85592043,1.0,0.482795
0.8835964,0.0,0.09535385
0.93063146,0.0,0.0
0.82584614,1.0,0.37698856
0.9274539,1.0,0.105674
0.7064064,1.0,0.69472253
0.55098116,1.0,0.6979241
0.5895206,0.0,0.6270534
0.6130306,0.0,0.15858519
0.45781773,0.0,0.29163745
0.737926,0.0,0.2822713
0.6627867,0.0,0.570954
0.40331396,1.0,0.8451642
0.8218028,0.0,0.3189353
0.5929519,1.0,0.22558972
0.38438043,1.0,0.1680224
0.6749976,1.0,0.11576016
0.6127954,0.0,0.14285818
0.84063864,0.0,0.07126155
0.8165736,0.0,0.03583085
0.8528043,0.0,0.04793552
0.47597942,0.0,0.44781762
0.4121637,0.0,0.4819648
0.69802046,0.0,0.27743065
0.88310975,0.0,0.09954566
0.681447,0.0,0.6597409
0.48895445,0.0,0.48129493
0.7766663,0.0,0.6470321
0.74252933,0.0,0.019184537
0.8157909,0.0,0.29250577
0.86275446,0.0,0.08002306
0.7306632,0.0,0.051032495
0.48445848,0.0,0.23524399
0.47342488,0.0,0.008110315
0.50243014,0.0,0.4006737
0.7216947,0.0,0.06197421
0.5431757,0.0,0.034729343
0.50783145,0.0,0.068576045
0.6646647,0.0,0.0
0.8351545,0.0,0.0
0.89872926,0.0,0.03766073
0.80713993,0.0,0.0
0.46984494,0.0,0.455711
0.67056185,0.0,0.233223
0.80305815,0.0,0.096568756
0.8588598,0.0,0.16210988
0.64020574,0.0,0.39928794
0.5696566,0.0,0.20237668
0.62626463,0.0,0.3702109
0.6594125,0.0,0.8197432
0.5575697,0.0,0.5412905
0.5450325,0.0,0.7661752
0.31021243,0.0,0.6550317
0.42377812,0.0,0.68264794
0.34499463,0.0,0.14853807
0.34831747,0.0,0.00011903637
0.42038485,0.0,0.5629487
0.37653425,0.0,0.4330095
0.7022206,0.0,0.06862725
0.34456113,0.0,0.41639924
0.4438976,0.0,0.12953115
0.6828369,0.0,0.36513853
0.66825074,0.0,0.27131054
0.8130094,0.0,0.18273422
0.45450574,0.0,0.13437858
0.4222126,0.0,0.28580278
0.6788723,0.0,0.021384876
0.25686717,0.0,0.506639
0.3113589,0.0,0.35026097
0.4761172,0.0,0.015787533
0.35186902,0.0,0.11749167
0.39179838,0.0,0.45759842
0.45361698,0.0,0.0034583278
0.4814578,0.0,0.023059199
0.48885757,0.0,0.35649335
0.29729876,0.0,0.213716
0.4954413,0.0,0.0
0.51623374,0.0,0.22733074
0.27001205,0.0,0.58735996
0.3252586,0.0,0.33594397
0.7111912,0.0,0.16696185
0.31417394,0.0,0.5215868
0.33048606,0.0,0.78002983
0.82437116,0.0,0.1348709
0.75266796,0.0,0.012481228
0.32628992,0.0,0.32864422
0.36732337,0.0,0.28516537
0.4125171,0.0,0.2740009
0.409721,0.0,0.4177942
0.7624944,0.0,0.13988493
0.5846993,0.0,0.18474054
0.6476013,0.0,0.3500578
0.7889085,0.0,0.04164115
0.5462624,0.0,0.3877582
0.5156928,0.0,0.43416354
0.2946562,0.0,0.43487942
0.48496744,0.0,0.24831234
0.34842542,0.0,0.23941967
0.4670588,0.0,0.0
0.5328511,0.0,0.13708156
0.49666122,0.0,9.5585085e-05
0.3744633,0.0,0.0058791623
0.34369344,0.0,0.28479794
0.72068906,0.0,0.0
0.4212216,0.0,0.10296234
0.44750908,0.0,0.251281
0.31613216,0.0,0.35525116
0.30376494,0.0,0.60633004
0.34908926,0.0,0.6468388
0.3030351,0.0,0.7350701
0.39739743,0.0,0.19271669
0.4120603,0.0,0.25368646
0.43723506,0.0,0.0
0.5934322,0.0,0.0
0.44589764,0.0,0.0
0.42290118,0.0,0.0035688253
0.4268772,0.0,0.005641527
0.7621737,0.0,0.0
0.94668317,0.0,0.00038965628
0.6303798,0.0,0.015053507
0.9146486,1.0,0.013772575
0.60078955,0.0,0.0
0.83806926,1.0,0.099930696
0.7858483,1.0,0.020372668
0.7333248,0.0,0.112828925
0.842201,0.0,0.015053259
0.8148843,0.0,0.0
0.55723864,0.0,0.0053144093
0.9503308,0.0,0.09836554
0.71017975,0.0,0.0
0.50295794,0.0,0.0
0.74514073,0.0,0.024145532
0.38992813,0.0,0.101070546
0.59969217,0.0,0.0018664243
0.53600496,0.0,0.0
0.27093932,0.0,0.101379596
0.3054076,0.0,0.22942203
0.66905135,0.0,0.0038334236
0.5838923,0.0,0.109961696
0.47253194,0.0,0.45007485
0.51403344,0.0,0.12504728
0.4041698,0.0,0.24984059
0.3640344,0.0,0.47771278
0.5273688,0.0,0.6621802
0.50098467,0.0,0.28574666
0.24707402,0.0,0.6822861
0.38142902,0.0,0.35924834
0.8050276,0.0,0.0032891133
0.5683023,0.0,0.17145947
0.3428236,0.0,0.38840422
0.6464836,0.0,0.0012337532
0.76010644,0.0,0.0
0.470512,0.0,0.34429643
0.41379607,0.0,0.366093
0.97799176,0.0,0.014281696
0.44272396,0.0,0.03482257
0.69205546,0.0,0.0006642811
0.49442357,0.0,0.027031034
0.592815,0.0,0.0041170046
0.74874526,0.0,2.770007e-05
0.8214143,0.0,0.017302074
0.73143286,0.0,0.025203949
0.5907502,0.0,0.005724852
0.9364239,0.0,0.0030168872
0.6743797,0.0,0.0
0.5934807,0.0,0.009646899
0.92135245,0.0,0.0
0.9602452,0.0,0.01987314
0.3638706,0.0,0.16334777
0.8851581,0.0,0.1611604
0.96498734,0.0,0.035105594
0.38084736,0.0,0.2999183
0.4631939,0.0,0.56989706
0.538729,0.0,0.56017166
0.9003535,1.0,0.30187273
0.62303185,0.0,0.21558842
0.5094197,1.0,0.3794167
0.6104659,0.0,0.12063775
0.9596391,1.0,0.077608384
0.8127771,0.0,0.018483438
0.85698897,0.0,0.00074214395
0.93791705,0.0,0.13755575
0.42508894,0.0,0.06433887
0.45046976,0.0,0.5311617
0.6039755,0.0,0.038071573
0.4688953,0.0,0.56327736
0.7158024,0.0,0.9009068
0.9155424,0.0,0.2494789
0.6286569,0.0,0.9042013
0.44980386,0.0,0.23529369
0.4360579,0.0,0.32829237
0.78760725,0.0,0.005386957
0.8970174,0.0,0.024404744
0.79695225,0.0,0.0
0.63907516,0.0,0.0046760966
0.7989252,0.0,0.10835992
0.8656063,0.0,0.028358663
0.6413412,0.0,0.0
0.7789582,0.0,0.000472627
0.4052531,0.0,0.44875818
0.6145663,0.0,0.0787361
0.5743709,0.0,0.16787173
0.72928965,0.0,0.2035319
0.51971245,0.0,0.3566019
0.6410197,0.0,0.4907188
0.4426097,0.0,0.49657303
0.8121152,0.0,0.19895189
0.5245256,0.0,0.22486198
0.85482335,0.0,0.17128542
0.37859812,0.0,0.5676232
0.35612276,0.0,0.3840943
0.36798823,0.0,0.18447618
0.64394575,1.0,0.4210133
0.6895571,1.0,0.18474704
0.70038277,1.0,0.33083156
0.70984674,1.0,0.2262932
0.8135959,0.0,0.022840925
0.50359696,0.0,0.10644936
0.97067946,0.0,0.008253984
0.41177928,0.0,0.53275037
0.55241746,0.0,0.5109873
0.73242974,0.0,0.17720503
0.8934814,0.0,0.14284045
0.72465634,0.0,0.2244787
0.9055946,0.0,0.041168384
0.33362234,0.0,0.34930998
0.5427862,0.0,0.014801263
0.5823289,0.0,0.0051692794
0.3052963,0.0,0.35651806
0.43875998,0.0,0.043829445
0.74029744,0.0,0.00499363
0.7389559,0.0,0.05079943
0.28457144,0.0,0.34580994
0.6377545,0.0,0.106514275
0.83978504,0.0,0.066470616
0.46354768,0.0,0.60546774
0.30062914,0.0,0.64694214
0.3205218,0.0,0.16975622
0.33355677,0.0,0.5790893
0.30466583,0.0,0.20826942
0.5062925,0.0,0.03620911
0.44054788,0.0,0.32113823
0.5395078,0.0,0.0
0.6444146,0.0,0.00032486167
0.51228267,0.0,0.0
0.87521714,0.0,0.0077351974
0.72252,0.0,0.00027755552
0.7868824,1.0,0.035573866
0.93503743,1.0,0.027617149
0.92664003,1.0,0.26068047
0.96310985,1.0,0.2091998
0.8603296,0.0,0.092978016
0.9690123,1.0,0.076892786
0.78836995,0.0,0.00020364499
0.9099108,0.0,0.019387996
0.82486045,0.0,0.01332864
0.94360405,0.0,0.006416293
0.883224,0.0,0.10027788
0.96143895,0.0,0.0
0.7418193,0.0,0.19588149
0.6968985,0.0,0.26528987
0.5594126,0.0,0.61948454
0.642782,0.0,0.4593142
0.4183187,0.0,0.60320544
0.7991244,0.0,0.025092583
0.5198853,0.0,0.7235746
0.71396154,0.0,0.21532181
0.44271865,0.0,0.26197094
0.35456997,0.0,0.5351661
0.45654365,0.0,0.21463871
0.6700249,0.0,0.0
0.46544462,0.0,0.19655395
0.34768012,0.0,0.45837104
0.58021605,0.0,0.04021387
0.81669,0.0,0.0
0.30383682,0.0,0.47260815
0.32586628,0.0,0.37218186
0.6359961,0.0,0.0
0.8515313,0.0,0.08738569
0.2926906,0.0,0.49717498
0.8438451,0.0,0.21686132
0.78828657,0.0,0.0012442069
0.71658206,0.0,0.25258335
0.37534705,0.0,0.5680378
0.82286006,0.0,0.3900949
0.59801877,0.0,0.4060248
0.566813,0.0,0.4089858
0.64094937,0.0,0.10487004
0.38648143,0.0,0.7103805
0.8905231,0.0,0.058880284
0.5661912,0.0,0.55564165
0.72747713,0.0,0.28454438
0.9471841,0.0,0.061736543
0.8366178,0.0,0.066861875
0.7820262,0.0,0.059094545
0.9005292,0.0,0.15425159
0.31260303,1.0,0.6895303
0.59813046,1.0,0.23610428
0.9551633,1.0,0.30021754
0.7331691,1.0,0.44591278
0.43678272,0.0,0.29912084
0.81358194,0.0,0.030498782
0.9374985,0.0,0.00039496893
0.9544357,0.0,0.0
0.9179719,0.0,0.014782471
0.9139557,0.0,0.015599044
0.7891257,0.0,0.013556862
0.82997674,0.0,0.004667864
0.63792163,0.0,0.04674095
0.56952584,0.0,0.0
0.5955534,0.0,0.0906434
0.42888,0.0,0.44417608
0.39933407,0.0,0.39985234
0.48189193,0.0,0.57957315
0.48852992,0.0,0.03926243
0.35943717,0.0,0.28757814
0.5123337,0.0,0.022234337
0.5800714,0.0,0.0
0.8560826,0.0,5.0241775e-05
0.5891273,0.0,0.061696563
0.5304178,0.0,0.0016144882
0.629253,1.0,0.08783565
0.8669491,0.0,0.00082099455
0.9400273,0.0,0.10276218
0.9303685,0.0,0.09033023
0.75767946,1.0,0.57987404
0.9469888,1.0,0.36306536
0.73963404,1.0,0.71230316
0.6839515,0.0,0.34635463
0.94556606,0.0,0.06691706
0.95580584,1.0,0.14446162
0.8854643,0.0,0.49712604
0.9702345,0.0,0.016421415
0.86423427,0.0,0.26348552
0.603484,0.0,0.2599855
0.366674,0.0,0.580837
0.7608707,0.0,0.2030131
0.37833396,0.0,1.8224277e-05
0.40954456,0.0,0.23021008
0.4198592,0.0,0.21136114
0.80926347,0.0,0.0010771157
0.82446724,0.0,0.0
0.45326108,0.0,0.35921314
0.43718338,0.0,0.0014312799
0.5839566,0.0,0.00093780394
0.45568696,0.0,0.016134264
0.43424565,0.0,0.2596199
0.6454753,0.0,0.001655146
0.6874707,0.0,0.0
0.41169238,0.0,0.1509431
0.4900777,0.0,0.16175023
0.631401,0.0,0.00015908813
0.6656237,0.0,0.0
0.32347646,0.0,0.30130032
0.42628005,0.0,0.17446502
0.903597,0.0,0.031332456
0.52591765,0.0,0.18753216
0.7042713,0.0,0.5045935
0.32263845,0.0,0.39508277
0.44981024,0.0,0.9883398
0.34719276,0.0,0.912636
0.4637322,0.0,0.2468158
0.33519432,0.0,0.31103036
0.34965807,0.0,0.58511764
0.33448073,0.0,0.32698014
0.63813406,0.0,0.36393076
0.6069103,0.0,0.25777775
0.89157957,0.0,0.009619588
0.5546124,0.0,0.00344513
0.81937283,0.0,0.0
0.6327727,0.0,0.0
0.53455746,0.0,0.008800227
0.77931935,0.0,0.0
0.8006751,0.0,0.25234646
0.810052,0.0,0.26192802
0.47582975,0.0,0.5942645
0.66894984,0.0,0.5479368
0.9373972,0.0,0.0005380969
0.4640534,0.0,0.17895013
0.40144762,0.0,0.30633464
0.76925576,0.0,0.004553889
0.5061599,0.0,0.29770628
0.3866224,0.0,0.28559905
0.9592465,0.0,0.00036758807
0.8284911,0.0,0.0397131
0.5519186,0.0,0.43468362
0.51898724,0.0,0.24424048
0.5742581,0.0,0.5168245
0.70039773,0.0,0.17186263
0.7108085,0.0,0.035650726
0.498846,0.0,0.26463726
0.73453593,0.0,0.016574223
0.6071571,0.0,0.0
0.71909624,0.0,0.013187303
0.82620305,0.0,0.00060069456
0.9587958,0.0,0.0
0.9381562,0.0,0.028747713
0.86389005,0.0,0.0038762954
0.6145779,0.0,0.18892756
0.5338364,0.0,0.3070697
0.42025754,0.0,0.023935271
0.40763086,0.0,0.09436835
0.49017477,0.0,0.5591828
0.48377076,0.0,0.33056808
0.40776023,0.0,0.42187852
0.38466114,0.0,0.6691725
0.5619366,0.0,0.21319838
0.34225687,0.0,0.38752434
0.6629996,0.0,0.13919199
0.36019483,0.0,0.26040083
0.59207505,0.0,0.036299646
0.7098601,0.0,0.23621479
0.4691635,0.0,0.62160003
0.47309616,0.0,0.086011305
0.44207042,0.0,0.48199284
0.6797026,0.0,0.41541916
0.40903908,0.0,0.6592835
0.38479796,0.0,0.30130532
0.6903627,0.0,0.021039309
0.8328207,0.0,0.07931768
0.27780136,0.0,0.411622
0.46759492,0.0,0.02558034
0.6719494,0.0,0.0
0.34063894,0.0,0.39377514
0.35923362,0.0,0.20217629
0.9279373,0.0,0.0
0.800854,0.0,0.22013515
0.27123573,0.0,0.5505091
0.3695125,0.0,0.5645199
0.5606871,0.0,0.56998914
0.718116,0.0,0.07812072
0.42400816,0.0,0.17546675
0.71718556,0.0,0.0
0.5158786,0.0,0.018527692
0.7852287,0.0,0.0004890125
0.6585915,0.0,0.0
0.7663214,0.0,0.0
0.88530105,0.0,0.0019070443
0.9250979,0.0,0.015570088
0.71940863,0.0,0.36816132
0.83963025,0.0,0.35933733
0.9143187,0.0,0.72069436
0.81495744,0.0,0.37976104
0.84985346,0.0,0.053897902
0.6961168,0.0,0.29597917
0.93374735,0.0,2.3365565e-05
0.7011833,0.0,0.38150185
0.76784134,0.0,0.2548461
0.62742394,0.0,0.42823777
0.5966272,0.0,0.5390775
0.38613883,0.0,0.0057103774
0.8005048,0.0,0.0
0.5184552,0.0,0.29785785
0.41185585,0.0,0.28476363
0.901414,0.0,0.0011089594
0.7015558,0.0,0.04524959
0.5659595,0.0,0.3558212
0.34634495,0.0,0.17155324
0.8264479,0.0,0.00087444345
0.84077996,0.0,0.19763888
0.38644955,0.0,0.12627219
0.7952926,0.0,0.014961347
0.9375335,0.0,0.018770173
0.9169581,0.0,0.01876845
0.68263733,0.0,0.28692427
0.49317566,0.0,0.080910176
0.44610858,0.0,0.6851584
0.39300233,0.0,0.47501433
0.39906117,0.0,0.9235179
0.44663683,0.0,0.55231744
0.7673008,0.0,0.19766718
0.54058594,0.0,0.6784935
0.7525951,0.0,0.22369711
0.57032055,0.0,0.352769
0.94991434,0.0,0.04264445
0.8871192,0.0,0.35678825
0.35254636,0.0,0.5728574
0.80705756,0.0,0.015993135
0.6923914,0.0,0.26536262
0.8807034,0.0,0.0054488024
0.5895291,0.0,0.07306399
0.9049022,0.0,0.0
0.53071934,0.0,0.0
0.82031816,0.0,0.0003909551
0.64938694,0.0,0.0143750785
0.628946,0.0,0.0
0.7652167,0.0,0.0576077
0.60785913,0.0,0.1641487
0.86413646,0.0,0.3366744
0.83844745,0.0,0.31633458
0.6566222,0.0,0.4264679
0.72402316,0.0,0.6492301
0.57260376,0.0,0.40543658
0.36998132,0.0,0.013668912
0.8927108,0.0,0.21367896
0.7709695,0.0,0.0017564263
0.41126215,0.0,0.12809123
0.34392357,0.0,0.20241886
0.81519,0.0,0.0
0.78969055,0.0,0.0
0.4022199,0.0,0.36350068
0.5349686,0.0,0.19874562
0.74836093,0.0,0.005065138
0.8354931,0.0,0.18062167
0.29862696,0.0,0.5272726
0.32716516,0.0,0.21286549
0.90261775,0.0,0.25785258
0.5091394,0.0,0.29687363
0.5909963,0.0,0.6512537
0.77705556,0.0,0.8086644
0.5634811,0.0,0.391135
0.39945227,0.0,0.8857366
0.39694226,0.0,0.36246246
0.44233075,0.0,0.24278459
0.4274497,0.0,0.26760754
0.96150655,0.0,0.023660604
0.5083759,0.0,0.095915616
0.799725,0.0,0.017781405
0.60071373,0.0,0.03316316
0.8893195,0.0,0.030453399
0.842828,0.0,0.010665747
0.9647431,0.0,0.037668686
0.78369385,0.0,0.33231473
0.8331832,0.0,0.0012015277
0.8896829,0.0,0.28193453
0.88494486,0.0,0.28228706
0.8761715,0.0,0.64752626
0.88630855,0.0,0.16205226
0.86167306,0.0,0.44285342
0.8815681,0.0,0.49199602
0.65122354,0.0,0.027057206
0.8663883,0.0,0.095869124
0.53606063,0.0,0.18085569
0.4546187,0.0,0.35532886
0.9031713,0.0,0.01581903
0.91930467,0.0,0.01970464
0.36174715,0.0,0.6136888
0.56171244,0.0,0.28014827
0.69491845,0.0,0.36241764
0.78007257,0.0,0.3098646
0.82834643,0.0,0.022829395
0.77355397,0.0,0.15663894
0.9450002,0.0,0.09830248
0.8698294,0.0,0.005572521
0.47452247,0.0,0.009580487
0.6114546,0.0,0.006681971
0.49193302,0.0,0.012218198
0.72069937,0.0,0.0035421231
0.5947259,0.0,0.082581945
0.8657376,0.0,0.10567099
0.8720004,0.0,0.64057404
0.39789146,0.0,0.20106576
0.4076087,1.0,0.6713073
0.68063813,1.0,0.5951901
0.41480336,0.0,0.09628836
0.7403705,1.0,0.045856524
0.64252394,1.0,0.13472024
0.7577099,1.0,0.5350185
0.6917431,1.0,0.4966401
0.48186386,1.0,0.29017413
0.9072347,0.0,0.047317676
0.48709208,1.0,0.3777034
0.41196772,1.0,0.28067416
0.58930606,0.0,0.050809216
0.6804809,0.0,0.005439097
0.33531615,1.0,0.32990745
0.32335514,0.0,0.46418276
0.92526,0.0,0.0007933766
0.57105285,0.0,0.028230764
0.24270399,0.0,0.5897575
0.45190015,0.0,0.33126426
0.76644635,0.0,0.14435484
0.32778397,0.0,0.66668105
0.6350165,0.0,0.6378711
0.7895448,0.0,0.029084979
0.7409314,0.0,0.4565027
0.8942006,0.0,0.0
0.6143594,0.0,0.013563798
0.7829117,0.0,0.0056668026
0.8166331,0.0,0.0
0.83330315,0.0,0.007138909
0.94738436,0.0,0.043454807
0.9609503,0.0,0.0
0.93625677,0.0,0.1513082
0.7366287,1.0,0.29768175
0.87154895,1.0,0.70796114
0.94998187,1.0,0.22804342
0.79686624,1.0,0.7470775
0.7789305,0.0,0.07258548
0.8175948,1.0,0.23728317
0.70247835,0.0,0.078419246
0.45061973,1.0,0.4176469
0.8584364,1.0,0.09703073
0.7379776,1.0,0.5641213
0.5973251,1.0,0.47455683
0.6538036,0.0,0.0
0.84114933,1.0,0.4299514
0.55721456,1.0,0.5806416
0.5072503,1.0,0.2456918
0.9327987,0.0,0.06079829
0.672766,0.0,0.036093727
0.29755422,0.0,0.3385737
0.59992915,1.0,0.22630073
0.89084965,0.0,0.0009500877
0.6095422,0.0,0.091593646
0.29070666,0.0,0.58949155
0.6614272,0.0,0.25136515
0.447186,0.0,0.61322093
0.7262651,0.0,0.10874945
0.7309656,0.0,0.035850372
0.66378087,0.0,0.023809118
0.94844735,0.0,0.0
0.9373201,0.0,0.009200495
0.8931933,0.0,0.0
0.8741162,0.0,0.0
0.76380837,0.0,0.10761831
0.73504096,0.0,0.022717327
0.667889,0.0,0.060394056
0.9501824,0.0,0.19872491
0.82516116,0.0,0.22742906
0.9073146,0.0,0.017370977
0.46793365,0.0,0.36522734
0.74852556,0.0,0.5216363
0.84568393,0.0,0.24123521
0.64214534,0.0,0.48934427
0.7980227,0.0,0.022790466
0.49362013,0.0,0.012326058
0.5626692,0.0,0.3013242
0.82688594,1.0,0.46361384
0.9302676,0.0,0.0
0.49135092,0.0,0.22606742
0.8321555,1.0,0.51665896
0.95387906,1.0,0.14181358
0.701458,0.0,0.0072923237
0.32646355,0.0,0.51006746
0.51750225,0.0,0.35174882
0.43205237,0.0,0.18698733
0.41597754,0.0,0.19780675
0.56296396,0.0,0.05328137
0.5133014,0.0,0.38898286
0.67842,0.0,0.44440228
0.80421084,0.0,0.1045941
0.601359,0.0,0.45289108
0.79360455,0.0,0.0939498
0.57168204,0.0,0.110462405
0.6078844,0.0,0.65848756
0.581189,0.0,0.5633915
0.95865816,0.0,0.20326638
0.70453244,0.0,0.3304316
0.8321291,0.0,0.06835405
0.45324865,0.0,0.110029265
0.6405661,0.0,0.010901788
0.915269,0.0,0.0
0.8880136,0.0,0.07120828
0.48770273,0.0,0.070293896
0.8015429,0.0,0.38300294
0.7730633,0.0,0.18092038
0.6430023,0.0,0.43481937
0.4751746,0.0,0.70759916
0.806318,0.0,0.1289998
0.5232034,1.0,0.2969795
0.49795306,0.0,0.1557325
0.38929105,0.0,0.124935836
0.50641066,0.0,0.020614296
0.65137005,0.0,0.0007554017
0.49090052,0.0,0.0062206513
0.72342247,0.0,0.026398815
0.8093068,0.0,0.03816754
0.8952187,0.0,0.01596119
0.67112935,0.0,0.17582181
0.93520796,0.0,0.018346386
0.9464141,0.0,0.34368116
0.4485643,0.0,0.50405794
0.43493208,0.0,0.33427423
0.35230455,0.0,0.17706203
0.44992545,0.0,0.349013
0.3661479,0.0,0.28966874
0.9318808,0.0,0.039309304
0.45168233,0.0,0.051688343
0.76147705,0.0,0.004111069
0.54409885,0.0,0.04671131
0.47783405,0.0,0.0089992145
0.8453373,0.0,0.0078034136
0.8844477,0.0,0.0067766435
0.9220351,0.0,0.052718613
0.9688748,0.0,0.033199195
0.98316586,1.0,0.33262473
0.9662326,0.0,0.005874748
0.9817764,0.0,0.0
0.8925884,1.0,0.16907276
0.9110797,0.0,0.0009232939
0.88433033,0.0,0.0022074385
0.9653058,0.0,0.0073453668
0.9702556,0.0,0.16195224
0.9702674,0.0,0.0
0.9522534,0.0,0.011140446
0.82735366,0.0,0.019001953
0.8697914,0.0,0.09166021
0.85538906,0.0,0.047735427
0.9470365,0.0,0.023429606
0.9818704,0.0,0.02120007
0.81906664,0.0,0.042585038
0.9566983,0.0,0.019591438
0.8262045,0.0,0.21142945
0.9682266,0.0,0.068437845
0.8113199,0.0,0.06420373
0.6967793,0.0,0.79300845
0.5802279,0.0,0.44814107
0.67782557,0.0,0.24137147
0.44830894,0.0,0.48414385
0.63656574,0.0,0.2398291
0.4245443,0.0,0.40254366
0.5918354,0.0,0.55490255
0.762678,0.0,0.14381729
0.33518377,0.0,0.6732388
0.46570048,0.0,0.29046506
0.7726392,0.0,0.008086688
0.633816,0.0,0.04296073
0.78107077,0.0,0.010095772
0.67295706,0.0,0.20402086
0.57821983,0.0,0.2681704
0.5615005,0.0,0.0072633172
0.8758945,0.0,0.0039429995
0.57637805,0.0,0.04877083
0.7957753,0.0,0.0014873766
0.9505926,0.0,0.019424397
0.77141744,0.0,0.0
0.94131863,0.0,0.0
0.85088205,0.0,0.0104564885
0.7389492,0.0,0.0073381457
0.49002364,0.0,0.00971208
0.52181756,0.0,0.299597
0.87993634,0.0,0.00035477598
0.9803603,0.0,0.106123984
0.95951647,0.0,0.021718426
0.90983915,0.0,0.015466524
0.6626799,0.0,0.23752995
0.63251674,0.0,0.13127181
0.68077105,1.0,0.6721433
0.48483694,1.0,0.60410553
0.50353414,1.0,0.40971282
0.4345079,1.0,0.45546874
0.74301237,0.0,0.07415257
0.6889857,1.0,0.2933507
0.5662289,0.0,0.24723504
0.83289003,0.0,0.0
0.7732263,0.0,0.43305743
0.49985716,0.0,0.28006712
0.7575398,0.0,0.008905997
0.86129373,0.0,0.0037031593
0.4080905,0.0,0.46223724
0.62150854,0.0,0.08031081
0.8590687,0.0,0.0658128
0.6002798,0.0,0.03584003
0.6304611,0.0,0.3430285
0.7779182,0.0,0.0034094802
0.8890135,0.0,0.036460623
0.69619894,0.0,0.2329828
0.30924034,0.0,0.24639186
0.6022422,0.0,0.004727354
0.7181687,0.0,0.010003578
0.6278575,0.0,0.36948758
0.51391983,0.0,0.53125226
0.739216,0.0,0.17846948
0.33126444,0.0,0.3757144
0.4874205,0.0,0.3937122
0.5737109,0.0,0.042871546
0.6013775,0.0,0.26954666
0.47248578,0.0,0.5968984
0.33212072,0.0,0.6409704
0.5370882,0.0,0.6245138
0.9394226,0.0,0.03746572
0.5312515,0.0,0.28026918
0.83405566,0.0,0.0109887365
0.6187637,0.0,0.0033425852
0.61214775,0.0,0.055083286
0.8198668,0.0,0.015019025
0.945676,0.0,0.0
0.9113945,0.0,0.041133914
0.9637089,1.0,0.11049552
0.8884593,1.0,0.027233586
0.91987157,0.0,0.0
0.9499663,0.0,0.0
0.5893173,0.0,0.0
0.87827903,0.0,0.0
0.72519577,0.0,0.006805758
0.60662943,0.0,0.013287476
0.78311706,0.0,0.09894674
0.77856135,0.0,0.023886772
0.72690934,0.0,0.0030523334
0.40377042,0.0,0.2449758
0.6849953,0.0,0.1539204
0.9260412,0.0,0.047577236
0.6055642,0.0,0.15045981
0.43460065,0.0,0.5304834
0.37428537,0.0,0.23085125
0.30259955,0.0,0.78732854
0.47401246,0.0,0.6618022
0.62528294,0.0,0.25543228
0.4652811,0.0,0.30241647
0.8290603,0.0,0.030939927
0.4973557,0.0,0.53765726
0.88174725,0.0,0.09708491
0.5575638,0.0,0.20496619
0.7139562,0.0,0.0
0.8001595,0.0,0.011323904
0.6038916,0.0,0.025746042
0.8944084,0.0,0.01006381
0.9741445,0.0,0.01733486
0.9133774,0.0,0.004074127
0.9073303,0.0,0.0
0.9678717,1.0,0.0636363
0.95870745,0.0,0.00067667075
0.43597803,0.0,0.031322043
0.646621,0.0,0.0
0.564363,0.0,0.20000884
0.52059233,0.0,0.17966333
0.5974357,0.0,0.03048284
0.537087,0.0,0.008891748
0.39268148,0.0,0.2259672
0.48994046,0.0,0.25114188
0.78849787,1.0,0.024052246
0.3848161,0.0,0.091966026
0.32852587,0.0,0.15346473
0.89631724,0.0,0.02377889
0.80657583,0.0,0.0025056237
0.55895174,0.0,0.14460595
0.5058518,0.0,0.3327524
0.40984768,0.0,0.4843497
0.4283996,0.0,0.08205635
0.42487448,0.0,0.5275429
0.550632,0.0,0.25088382
0.4491408,0.0,0.6105872
0.53823406,0.0,0.41868174
0.557508,0.0,0.14696962
0.8181543,0.0,0.02391394
0.49662775,0.0,0.5233065
0.34138018,0.0,0.54150856
0.44324362,0.0,0.68186533
0.5664599,0.0,0.17304145
0.49903104,0.0,0.05080322
0.4054962,0.0,0.40873173
0.35563383,0.0,0.40640798
0.8353163,0.0,0.0015965106
0.7246093,0.0,0.5114618
0.52936596,0.0,0.58522165
0.65898967,0.0,0.12544721
0.6851395,0.0,0.14094822
0.34203264,0.0,0.72336924
0.677762,1.0,0.58040905
0.71797234,0.0,0.00029652184
0.4524388,0.0,0.13741297
0.39909554,0.0,0.37680572
0.596467,1.0,0.12759727
0.91354764,0.0,0.0
0.47540087,0.0,0.4044606
0.5386015,0.0,0.27767754
0.8165152,0.0,0.0
0.4212956,0.0,0.089608304
0.4082945,0.0,0.62221164
0.70888376,0.0,0.41176602
0.53444,0.0,0.43154258
0.7564239,0.0,0.26268172
0.66419554,1.0,0.39534304
0.7925612,1.0,0.7483451
0.5563232,0.0,0.09247582
0.55828863,0.0,0.0
0.68850875,1.0,0.1184076
0.5241087,1.0,0.3435035
0.7397618,0.0,0.0
0.8989235,1.0,0.00786387
0.61737585,1.0,0.47145352
0.51262784,1.0,0.28865656
0.44825548,0.0,0.0
0.828359,1.0,0.14665218
0.5110537,1.0,0.4641312
0.51500005,0.0,0.13165565
0.8605367,0.0,0.003218778
0.93108845,1.0,0.13619328
0.5015187,1.0,0.24721229
0.36454377,0.0,0.09052806
0.79003304,0.0,0.0
0.5779921,1.0,0.46834528
0.569934,1.0,0.70391333
0.76674056,0.0,0.3246824
0.45559534,0.0,0.09214066
0.7642732,0.0,0.27651572
0.6421895,0.0,0.002626126
0.7520636,1.0,0.11503274
0.7964723,1.0,0.23034246
0.59125084,0.0,0.0
0.6536346,0.0,0.030386629
0.5491378,0.0,0.33409888
0.43082458,0.0,0.35107827
0.5358389,0.0,0.5713615
0.4199806,1.0,0.114048935
0.4326968,0.0,0.62710667
0.53407806,0.0,0.7231788
0.5434358,0.0,0.8015168
0.63900006,1.0,0.6633167
0.4742078,1.0,0.4503372
0.45771226,1.0,0.21788995
0.6400452,0.0,0.051880915
0.33463967,0.0,0.56102777
0.782163,0.0,0.3644333
0.72681314,0.0,0.18339813
0.3834554,0.0,0.41323167
0.51037467,0.0,0.16910744
0.64376163,0.0,0.023139805
0.48275802,0.0,0.12896211
0.50324744,0.0,0.3179666
0.7533901,0.0,0.0030480009
0.9244521,0.0,0.052665133
0.6848297,0.0,0.23090133
0.5270968,0.0,0.13656452
0.53932464,0.0,0.58940977
0.3612286,0.0,0.39206144
0.96421754,0.0,0.027025606
0.6687983,0.0,0.14932784
0.40445554,0.0,0.48666143
0.6558152,0.0,0.092983484
0.7263322,0.0,0.04479897
0.40681148,0.0,0.34936592
0.53009105,0.0,0.13439731
0.39342323,0.0,0.34785742
0.6882036,0.0,0.18515363
0.46757668,0.0,0.7065274
0.4006495,0.0,0.5840585
0.81353426,0.0,0.0043254914
0.63070345,1.0,0.4647102
0.7944818,0.0,0.24196579
0.8686528,0.0,0.33706757
0.76779866,1.0,0.18431728
0.50167906,1.0,0.6905966
0.5504058,1.0,0.33157593
0.7141926,0.0,0.03303987
0.7024185,1.0,0.26727888
0.6915821,1.0,0.38213548
0.30948758,1.0,0.18305275
0.5445218,0.0,0.0
0.77784526,1.0,0.20359093
0.5415196,1.0,0.47587222
0.38578695,1.0,0.21600796
0.70079124,0.0,0.002879122
0.6441301,0.0,5.0261347e-06
0.39791566,1.0,0.1420552
0.8266549,0.0,0.0
0.46508923,0.0,0.12607543
0.80757034,0.0,0.09061199
0.785677,0.0,0.0942267
0.40188953,0.0,0.17254882
0.49281463,0.0,0.48069465
0.8846059,0.0,0.101288006
0.9370152,0.0,0.0061694924
0.84495556,0.0,0.16728663
0.6288259,0.0,0.44398275
0.96752846,0.0,0.016671324
0.936012,0.0,0.0
0.47547534,0.0,0.35699007
0.4745522,0.0,0.49722466
0.4939124,0.0,0.4554999
0.6891555,0.0,0.050822917
0.38682684,0.0,0.10851677
0.6977228,0.0,0.012569681
0.43230656,0.0,0.0
0.8636418,0.0,0.0013686321
0.5902674,0.0,0.010095222
0.97433794,0.0,0.0
0.9327205,0.0,0.0
0.8219913,0.0,0.026305227
0.91655767,0.0,0.04735362
0.94711393,0.0,0.0
0.80179393,0.0,0.00257616
0.93863803,1.0,0.27226612
0.95294976,1.0,0.035717495
0.87691283,0.0,0.024279881
0.52539784,0.0,0.07769328
0.94581735,0.0,0.07531905
0.9565917,0.0,0.017464848
0.96245027,0.0,0.0018354306
0.62514347,0.0,0.31776017
0.72389436,0.0,0.11466902
0.96636194,0.0,0.008683709
0.86928004,0.0,0.014424909
0.5142863,0.0,0.23481801
0.66267675,0.0,0.5813236
0.80417985,0.0,0.042731725
0.40750834,0.0,0.4859496
0.6327654,0.0,0.040546294
0.46582136,0.0,0.3716795
0.69386715,0.0,0.24629572
0.50415164,0.0,0.36722073
0.392972,0.0,0.30371416
0.5090456,0.0,0.33001283
0.7873995,0.0,0.016071275
0.44778743,0.0,0.49617466
0.54809505,0.0,0.59180325
0.6609156,0.0,0.14500663
0.3560446,0.0,0.3653416
0.7113063,0.0,0.52815914
0.75527424,0.0,0.6400009
0.5938809,0.0,0.5296003
0.90495706,0.0,0.03542396
0.76047873,0.0,0.44256383
0.8484508,0.0,0.0018303286
0.6259825,0.0,0.41027084
0.850269,0.0,0.47988972
0.84013915,0.0,0.31874797
0.42230093,0.0,0.6088521
0.71594405,0.0,0.5424078
0.48996967,0.0,0.46297312
0.80024725,0.0,0.014998105
0.93637884,0.0,0.0
0.7496577,0.0,0.22879581
0.87334293,0.0,0.03343606
0.6027895,0.0,0.07384787
0.7193356,0.0,0.20639338
0.82914275,0.0,0.19446446
0.62264776,0.0,0.495236
0.5472804,0.0,0.11513508
0.89252704,0.0,0.00012969278
0.84975433,0.0,0.0
0.7794242,0.0,0.027677635
0.6929782,0.0,0.0
0.7847924,0.0,0.14509933
0.77174896,0.0,0.011071173
0.54667544,0.0,0.22115114
0.54946357,0.0,0.4299913
0.81987256,0.0,0.0
0.90846246,0.0,0.00022694569
0.80928904,0.0,0.03598961
0.9488858,0.0,0.11675811
0.9208401,0.0,0.010375379
0.9461351,0.0,0.014716669
0.9629141,0.0,0.26247552
0.95594066,0.0,0.16479596
0.6697738,0.0,0.18913598
0.6302512,0.0,0.17998488
0.7550253,0.0,0.25917092
0.5972069,0.0,0.11479435
0.83115286,0.0,0.0084026875
0.6899026,0.0,0.0659221
0.8336442,0.0,0.010261849
0.9155003,0.0,0.0019523005
0.87627596,0.0,0.018215751
0.66313434,0.0,0.14056718
0.36917123,0.0,0.20738633
0.79888105,0.0,0.0
0.77141887,0.0,0.027495094
0.6520566,0.0,0.3678831
0.51685345,0.0,0.50158113
0.77294546,0.0,0.4536179
0.6947566,0.0,0.21131207
0.67697614,0.0,0.3365589
0.839452,0.0,0.19469441
0.43093345,0.0,0.62833786
0.68214977,0.0,0.55405015
0.9478139,0.0,0.0593567
0.53794986,0.0,0.6366219
0.9171053,0.0,0.2313734
0.72567415,0.0,0.42655227
0.6742637,0.0,0.6416179
0.8165233,0.0,0.5671232
0.9084903,0.0,0.09774573
0.6079706,0.0,0.34526017
0.8979065,0.0,0.23192722
0.96054924,0.0,0.32660675
0.65638524,0.0,0.7003538
0.92978626,0.0,0.29125872
0.5675402,0.0,0.7545751
0.682632,0.0,0.29554665
0.84769326,0.0,0.0020252557
0.7804999,0.0,0.07591198
0.49653646,0.0,0.35054496
0.87728196,0.0,0.18334855
0.9767268,0.0,0.0
0.7221846,0.0,0.18923485
0.52865726,0.0,0.45935816
0.85984516,0.0,0.34435531
0.59576565,0.0,0.13813925
0.50600624,0.0,0.5870893
0.80730015,0.0,0.6426582
0.7532219,0.0,0.34868065
0.81274796,0.0,0.16040553
0.85808843,0.0,0.08267473
0.86165875,0.0,0.25216022
0.9001061,0.0,0.12139657
0.5702899,0.0,0.0
0.9511543,0.0,0.06481107
0.93497014,0.0,0.046598125
0.7419591,0.0,0.014283818
0.84893364,0.0,0.0
0.9512469,0.0,0.012992589
0.9301368,0.0,0.0
0.84106547,0.0,0.0070001744
0.61700565,0.0,0.010702265
0.85097694,0.0,0.24693255
0.70090735,0.0,0.4767704
0.76234215,0.0,0.31606397
0.5075949,0.0,0.42228028
0.4649024,0.0,0.66276973
0.688606,0.0,0.21292292
0.4899453,0.0,0.22456834
0.63561213,0.0,0.32833117
0.93705267,0.0,0.0
0.96939576,0.0,0.0037752604
0.5709747,0.0,0.13434014
0.7711748,0.0,0.2522542
0.77653724,0.0,0.0
0.97875583,0.0,0.0
0.9789585,0.0,0.27921885
0.9683735,0.0,0.010838796
0.7713799,0.0,0.027228037
0.9617299,0.0,0.14732708
0.9325604,0.0,0.10349274
0.64860195,0.0,0.2551553
0.9000838,1.0,0.36799976
0.7358877,0.0,0.36090633
0.97599536,1.0,0.09780166
0.5032515,0.0,0.66797626
0.94231695,0.0,0.22802825
0.9414305,0.0,0.0
0.91678977,0.0,0.03155313
0.8695317,0.0,0.08578139
0.9410567,0.0,0.0
0.9703883,0.0,0.0
0.6324393,0.0,0.51604307
0.5971478,0.0,0.3257875
0.64326286,0.0,0.0
0.45675147,0.0,0.106177144
0.47846493,0.0,0.608348
0.51948327,0.0,0.33042985
0.47605604,0.0,0.30773118
0.58754313,0.0,0.43569863
0.65681547,0.0,0.30379027
0.77891606,0.0,0.04956769
0.56181926,0.0,0.25212598
0.89748037,0.0,0.5138534
0.90505636,0.0,0.0010080109
0.887961,0.0,0.025543222
0.8214153,0.0,0.06454741
0.88388705,0.0,0.16118667
0.6432298,0.0,0.020248836
0.9894274,0.0,0.0073070796
0.9786155,1.0,0.09731024
0.96331495,0.0,0.0035878194
0.889184,0.0,0.04156121
0.6335888,1.0,0.07272521
0.9238477,1.0,0.30175552
0.6377614,1.0,0.29431194
0.89398277,0.0,0.50907373
0.8783329,0.0,0.35303727
0.64341855,0.0,0.20159675
0.7972154,0.0,0.448987
0.544152,0.0,0.27726525
0.8863033,0.0,0.0021141963
0.61879444,0.0,0.016182465
0.48953128,0.0,0.29195142
0.5081006,0.0,0.106796086
0.81741,0.0,0.00361682
0.6171093,0.0,0.28933728
0.36189222,0.0,0.17798238
0.55569154,0.0,0.023195373
0.68562263,0.0,0.0
0.62498045,0.0,0.42528227
0.36219892,0.0,0.23492384
0.41827238,0.0,0.100015335
0.34024101,0.0,0.75262076
0.43327627,0.0,0.5377344
0.47911456,0.0,0.10652124
0.341097,0.0,0.30237308
0.32944408,0.0,0.5605606
0.5168965,0.0,0.19464831
0.6064368,0.0,0.4441494
0.33536392,0.0,0.895077
0.48205227,0.0,0.8169514
0.4931034,0.0,0.7283773
0.5428594,0.0,0.9012012
0.5348875,0.0,0.57827944
0.8050285,0.0,0.7981764
0.6848087,0.0,0.62553704
0.36124757,0.0,0.4346902
0.3602457,0.0,0.30096698
0.42880687,0.0,0.61963123
0.35560057,0.0,0.17951551
0.5623073,0.0,0.12540886
0.34390923,0.0,0.40707383
0.3775606,0.0,0.38236707
0.6544239,0.0,0.0
0.40304548,0.0,0.1085597
0.38279012,0.0,0.44247496
0.54904574,0.0,0.16518691
0.56575084,0.0,6.8039306e-05
0.44428194,0.0,0.1955192
0.4566712,0.0,0.26473886
0.91153145,0.0,0.03715836
0.677599,0.0,0.29422995
0.5984039,0.0,0.5662545
0.32846206,0.0,0.4670032
0.49756745,0.0,0.37054735
0.3776259,0.0,0.60844177
0.52733266,0.0,0.6994773
0.85629517,0.0,0.4672444
0.65426934,0.0,0.3795512
0.5873835,0.0,0.23744322
0.9204477,0.0,0.13726442
0.9054893,0.0,0.16965337
0.9659535,0.0,0.017825387
0.8913216,0.0,0.11295094
0.86347,0.0,0.030996786
0.9484017,0.0,0.0
0.86306864,0.0,0.033475697
0.9653081,0.0,0.0
0.9756119,1.0,0.012752018
0.9474444,0.0,0.0011188136
0.7847756,0.0,0.017213434
0.89324343,1.0,0.17916223
0.8133636,0.0,0.23888198
0.75068957,0.0,0.297351
0.72540563,0.0,0.34498432
0.72268206,0.0,0.26877397
0.86905813,0.0,0.2639713
0.49021488,0.0,0.5479753
0.29384077,0.0,0.40799296
0.87872374,0.0,0.0
0.6713307,0.0,0.15057802
0.6472666,0.0,0.51836926
0.676174,0.0,0.035862017
0.8640028,1.0,0.004991336
0.5431827,0.0,0.38084716
0.65397114,0.0,0.1721849
0.93110704,0.0,0.0
0.585491,0.0,0.030259585
0.3606721,0.0,0.5240791
0.4920706,0.0,0.42313722
0.4810262,0.0,0.33289832
0.51520264,0.0,0.41762647
0.5690995,0.0,0.5093084
0.55773014,0.0,0.15176395
0.4722592,0.0,0.21180426
0.91374403,0.0,0.23848061
0.7826025,0.0,0.013144817
0.9572733,0.0,0.17326851
0.9184534,1.0,0.0648609
0.740279,1.0,0.10216844
0.45861912,0.0,0.067678824
0.90851784,0.0,0.0
0.9638134,1.0,0.2721279
0.948653,0.0,0.004728942
0.8722579,0.0,0.05660386
0.9717711,1.0,0.20273499
0.92846304,1.0,0.34475657
0.7944166,0.0,0.37444213
0.8819839,0.0,0.6983278
0.47806567,0.0,0.3271095
0.9751033,0.0,0.09380485
0.6419919,0.0,0.5081638
0.40273157,0.0,0.4144929
0.9107569,0.0,0.0
0.5139066,0.0,0.05964974
0.4027107,0.0,0.46117857
0.6129235,0.0,0.019415947
0.92104226,1.0,0.018213691
0.6053573,0.0,0.3680859
0.63536966,0.0,0.24479459
0.9338271,0.0,0.0
0.5940116,0.0,0.06652815
0.5565324,0.0,0.5454278
0.62539834,0.0,0.24662721
0.60725045,0.0,0.132936
0.3742586,0.0,0.47338736
0.70507354,0.0,0.37803844
0.93717974,1.0,0.015587657
0.7774451,0.0,0.1154769
0.9390306,1.0,0.13910244
0.8910596,0.0,0.0
0.8709253,0.0,0.10875599
0.9319728,1.0,0.11981355
0.92069584,1.0,0.16512853
0.552267,0.0,0.0090611745
0.9383519,0.0,0.0
0.9700595,1.0,0.31213748
0.9450031,0.0,0.0056550023
0.744058,0.0,0.020194309
0.41949403,1.0,0.15534176
0.93368727,1.0,0.49301568
0.56671023,0.0,0.38187078
0.85601616,1.0,0.45812806
0.50969166,0.0,0.2639872
0.4285843,1.0,0.18623942
0.66491693,0.0,0.37553638
0.46280178,0.0,0.28829753
0.7838466,0.0,0.0
0.8405471,0.0,0.0006978974
0.7140454,0.0,0.2274488
0.59901786,0.0,0.06684231
0.7982044,0.0,0.0
0.62889296,0.0,0.0008959277
0.5861501,0.0,0.28725284
0.9223662,0.0,0.0
0.87908345,0.0,0.0
0.5201689,0.0,0.05265482
0.61862516,0.0,0.25217566
0.5815529,0.0,0.11455403
0.6440145,0.0,0.18556578
0.2947623,0.0,0.48799443
0.68275225,0.0,0.31228447
0.82416195,0.0,0.45121378
0.4279397,0.0,0.24946626
0.4995905,0.0,0.39372808
0.81461746,0.0,0.52279145
0.66890436,0.0,0.6364325
0.5845646,0.0,0.76217604
0.5685787,0.0,0.18594888
0.6757464,0.0,0.17718163
0.5758261,0.0,0.75309396
0.8588759,0.0,0.25212517
0.9216629,0.0,0.24620628
0.56903064,0.0,0.4564569
0.857667,1.0,0.49480596
0.62111616,0.0,0.033223365
0.8224303,0.0,0.01255166
0.46649384,1.0,0.41031918
0.9447124,1.0,0.13158014
0.62338394,0.0,0.0006647321
0.5550891,1.0,0.26102108
0.67465556,1.0,0.48887154
0.792814,0.0,0.0
0.8740829,0.0,0.0005967848
0.77195096,1.0,0.3097824
0.7344928,1.0,0.36003318
0.6492924,0.0,0.26375565
0.58995074,1.0,0.44381216
0.81263804,1.0,0.21992113
0.37978116,1.0,0.5003911
0.3602004,0.0,0.5916982
0.4755356,0.0,0.005049561
0.69691634,1.0,0.18144503
0.35757256,0.0,0.49886596
0.33098152,0.0,0.10812624
0.7646289,0.0,0.004303011
0.87546843,1.0,0.4277617
0.6233367,0.0,0.5819527
0.8860944,0.0,0.35162595
0.8344285,0.0,0.26711354
0.927563,0.0,0.013810182
0.5310322,0.0,0.2431694
0.36237648,0.0,0.34211767
0.9420992,0.0,0.0014511569
0.78515303,0.0,0.0055825305
0.3235448,0.0,0.54496485
0.5505617,0.0,0.3900378
0.6451676,0.0,0.05127255
0.32991567,0.0,0.6118898
0.8192288,0.0,0.14432846
0.37533566,0.0,0.72237813
0.6402796,0.0,0.45756343
0.27458152,0.0,0.7405213
0.47884196,0.0,0.29685947
0.51265025,0.0,0.43147236
0.4058193,0.0,0.4139587
0.4866123,0.0,0.61151075
0.7269769,0.0,0.21330808
0.76941663,0.0,0.25010803
0.57724416,0.0,0.12732172
0.25114927,0.0,0.58079493
0.4828147,0.0,0.5928386
0.95366716,0.0,0.10627803
0.62443733,0.0,0.24009342
0.3630691,0.0,0.6263242
0.5303292,0.0,0.14922595
0.806503,0.0,0.0
0.4483002,0.0,0.294482
0.45098868,0.0,0.42288944
0.92039883,0.0,0.04146968
0.7214362,0.0,0.06647514
0.5127054,0.0,0.47532445
0.67207825,0.0,0.29384357
0.8928521,0.0,0.17232613
0.4836198,0.0,0.6825418
0.5752326,0.0,0.45744953
0.6763245,0.0,0.68647254
0.8135905,0.0,0.08666665
0.42736247,0.0,0.7849177
0.88164485,0.0,0.22175346
0.37618622,0.0,0.4678052
0.60747474,0.0,0.23175052
0.35430655,0.0,0.7037374
0.51461124,1.0,0.3523858
0.56635195,0.0,0.0761
0.587702,0.0,0.24074209
0.53241634,1.0,0.47153464
0.659989,1.0,0.21074098
0.7963039,1.0,0.0818073
0.5877013,1.0,0.5428311
0.7203063,1.0,0.0814731
0.67274857,1.0,0.7048293
0.60186666,1.0,0.48542443
0.43195027,0.0,0.5303386
0.5084816,0.0,0.16113302
0.7929571,0.0,0.01898541
0.48367536,0.0,0.41334128
0.403888,0.0,0.7326552
0.54054016,0.0,0.35886788
0.38430655,0.0,0.57032603
0.5710341,0.0,0.66100734
0.5596377,0.0,0.22653465
0.3769062,0.0,0.11986688
0.7191978,0.0,0.02380006
0.4670156,0.0,0.25446767
0.86465955,1.0,0.075063825
0.6398834,0.0,0.09337856
0.7579452,0.0,0.018505458
0.90233,0.0,0.00014953256
0.43531975,0.0,0.38896248
0.56523937,0.0,0.18766433
0.34213126,0.0,0.5663449
0.46701503,0.0,0.8082019
0.7217779,0.0,0.3310718
0.5132526,0.0,0.8416503
0.37450475,1.0,0.5122751
0.75349736,1.0,0.14045389
0.89292973,1.0,0.19774629
0.74193525,1.0,0.37607193
0.79599,0.0,0.25095448
0.8346557,1.0,0.015620846
0.6312096,0.0,0.0
0.90742785,0.0,0.0
0.90072656,0.0,0.10064649
0.9097538,0.0,0.07756941
0.6076439,0.0,0.59540784
0.40034682,0.0,0.39850435
0.8339244,0.0,0.7149961
0.64967984,0.0,0.63731617
0.84854406,0.0,0.102807015
0.8768012,0.0,0.06234869
0.9313258,0.0,0.026587129
0.851434,0.0,0.1066318
0.89716476,0.0,0.0022319383
0.69204175,0.0,0.27865952
0.45894608,1.0,0.28833807
0.72436136,1.0,0.44839
0.7891401,1.0,0.122256234
0.64351076,1.0,0.510042
0.5979245,0.0,0.42779708
0.96426034,1.0,0.007903918
0.8646636,0.0,0.14990838
0.6943308,0.0,0.2927153
0.83531,0.0,0.042112064
0.55564564,0.0,0.27387285
0.46500468,0.0,0.37981635
0.2790685,0.0,0.72537726
0.35731456,0.0,0.3960992
0.34447104,0.0,1.0
0.39583784,0.0,0.66964483
0.42516348,0.0,0.47747198
0.28418162,0.0,0.5515007
0.4674612,0.0,0.4143425
0.31894973,0.0,0.3985587
0.29115552,0.0,0.45673934
0.39070413,0.0,0.43636796
0.49603063,0.0,0.6279837
0.37035352,0.0,0.47009367
0.5537804,0.0,0.335563
0.45646954,0.0,0.44040003
0.46055835,0.0,0.6168521
0.30748004,0.0,0.16962625
0.5586728,0.0,0.20791826
0.5830279,0.0,0.4366172
0.41278738,0.0,0.36359066
0.9368138,0.0,0.0
0.6025093,0.0,0.17467812
0.43392757,0.0,0.59084934
0.37701222,0.0,0.35955587
0.79124105,0.0,0.0
0.5672875,0.0,0.28732732
0.5053945,0.0,0.65108764
0.3727662,0.0,0.2386597
0.6869428,0.0,0.1480152
0.5191011,0.0,0.32486358
0.3217786,0.0,0.5618586
0.83983785,0.0,0.0
0.5622785,0.0,0.0302437
0.33097342,0.0,0.46456796
0.339661,0.0,0.16033633
0.8333367,0.0,0.00046234205
0.8341752,0.0,0.24870037
0.4063849,0.0,0.51248103
0.7806043,0.0,0.21246253
0.4981549,0.0,0.64251596
0.59696203,0.0,0.11918092
0.69531214,0.0,0.10040918
0.5407553,0.0,0.52762836
0.5831868,0.0,0.45362994
0.56127936,0.0,0.30776024
0.69541806,0.0,0.3082516
0.51542133,0.0,0.28026006
0.6206597,0.0,0.23403166
0.79837567,0.0,0.0
0.72878957,0.0,0.0
0.536832,0.0,0.4442416
0.81187016,0.0,0.093629874
0.84167,0.0,0.0058585936
0.40929744,0.0,0.35705155
0.30582702,0.0,0.64598066
0.9434424,0.0,0.18154891
0.63936305,0.0,0.42999354
0.6023251,0.0,0.5505536
0.9338278,0.0,0.07968544
0.78030616,0.0,0.37725374
0.4506421,0.0,0.24901502
0.8751133,0.0,0.37025076
0.67405623,0.0,0.03601242
0.8456286,0.0,0.0075877905
0.93026304,0.0,0.0
0.78769815,0.0,0.31686482
0.61986417,0.0,0.0040956708
0.8238857,0.0,0.000905892
0.9516406,0.0,0.0072218473
0.666405,0.0,0.322887
0.7382038,1.0,0.60090286
0.5037288,0.0,0.4529406
0.44266716,0.0,0.69747615
0.65581447,0.0,0.21830316
0.80922776,0.0,0.0
0.3219711,0.0,0.31893536
0.3455007,0.0,0.2945852
0.72931594,0.0,0.0
0.8926034,0.0,0.038226813
0.3066977,0.0,0.5186301
0.37476903,0.0,0.09460786
0.692827,0.0,0.0002550048
0.78025705,0.0,0.009414068
0.52064735,0.0,0.2852728
0.5545579,0.0,0.21522847
0.55238247,0.0,0.009066601
0.5820888,0.0,0.45731008
0.86879027,0.0,0.019239496
0.65764153,0.0,0.4868759
0.5047245,0.0,0.6960274
0.8551029,0.0,0.2473059
0.65763885,0.0,0.19561785
0.83290964,0.0,0.0061419113
0.94211435,0.0,0.003966386
0.5647194,0.0,0.38865405
0.9402351,0.0,0.0
0.90506446,0.0,0.0
0.91098315,0.0,0.1776398
0.46646562,0.0,0.28101566
0.7718143,0.0,0.0003086954
0.9417497,1.0,0.018097946
0.34008443,0.0,0.35004166
0.77083045,0.0,0.1193023
0.9157633,0.0,0.004184561
0.8783267,1.0,0.40958932
0.88413495,1.0,0.23545514
0.8962367,1.0,0.054219797
0.9203041,1.0,0.71244735
0.9639928,1.0,0.44873527
0.9332296,1.0,0.59160745
0.8419112,1.0,0.4984808
0.5185981,0.0,0.20186749
0.94339967,1.0,0.16514957
0.88102156,1.0,0.21371162
0.7515085,0.0,0.18522933
0.8738208,0.0,0.00063363335
0.8025448,0.0,0.0
0.45944628,1.0,0.2947105
0.37279332,0.0,0.18677074
0.7936843,0.0,0.0
0.88074255,0.0,0.0
0.5059664,0.0,0.38590732
0.48594376,0.0,0.23262872
0.7735275,0.0,0.009310325
0.6132947,0.0,0.114472784
0.33446112,0.0,0.72501975
0.6129576,0.0,0.099645115
0.4906848,0.0,0.7043876
0.31485945,0.0,0.6325336
0.4367417,0.0,0.4019481
0.6724179,0.0,0.04920655
0.41479573,0.0,0.48533693
0.5121339,0.0,0.30807617
0.4807998,0.0,0.21795493
0.9032979,1.0,0.5096769
0.66111857,0.0,0.022311613
0.69656557,0.0,0.0
0.9275383,1.0,0.19242461
0.971075,1.0,0.39326108
0.7750034,0.0,0.0
0.91307837,0.0,0.0
0.9730435,1.0,0.18482633
0.8828376,1.0,0.09335375
0.475843,0.0,0.0
0.94378996,1.0,0.13915567
0.8931258,1.0,0.48488566
0.84444886,0.0,0.012520695
0.619658,1.0,0.11996396
0.9183754,1.0,0.3718537
0.79339325,1.0,0.11794567
0.9113829,0.0,0.03861851
0.8904016,1.0,0.25921935
0.92863256,1.0,0.29880896
0.42629424,1.0,0.7235463
0.63438004,1.0,0.6442571
0.8120783,1.0,0.19058971
0.6003856,1.0,0.7105768
0.47311878,1.0,0.6568738
0.4136811,0.0,0.35295346
0.8178852,1.0,0.13441922
0.47916767,0.0,0.32370514
0.68147445,0.0,0.21621743
0.4160309,0.0,0.6130795
0.32345566,1.0,0.54772437
0.89971405,0.0,0.009357936
0.7281539,0.0,0.11101033
0.454353,0.0,0.41737053
0.50816053,1.0,0.4316483
0.8695126,1.0,0.022179065
0.8006847,1.0,0.38210386
0.6219955,1.0,0.52486223
0.89910114,1.0,0.23818044
0.9190186,0.0,0.10161804
0.74710214,0.0,0.48044893
0.71292853,0.0,0.8432988
0.76537853,0.0,0.29804432
0.8053526,0.0,0.42373073
0.93728167,0.0,0.13157758
0.7032125,0.0,0.39624146
0.6160478,0.0,0.41714168
0.51654685,0.0,0.5138955
0.791913,0.0,0.15794311
0.8319323,0.0,0.0
0.5958029,0.0,0.42597252
0.5242915,0.0,0.37961346
0.70132774,0.0,0.0026886435
0.75766253,0.0,0.0702145
0.39617392,0.0,0.30386955
0.83103824,0.0,0.21760356
0.79642695,0.0,0.0
0.63124156,0.0,0.37179568
0.6136973,0.0,0.6217543
0.5204993,0.0,0.4569485
0.82525533,0.0,0.40071267
0.72734106,1.0,0.066276364
0.6444188,1.0,0.60429496
0.9345802,1.0,0.36883023
0.55542856,1.0,0.32155
0.37077036,0.0,0.7981514
0.38921195,0.0,0.34495905
0.31366175,0.0,0.18574262
0.49529222,0.0,0.16818118
0.56510895,0.0,0.0
0.8366959,0.0,0.011795723
0.9481413,0.0,0.0
0.7159647,0.0,0.013809844
0.7393594,0.0,0.031132413
0.7133336,0.0,0.0
0.9640683,0.0,0.056409337
0.9127622,0.0,0.07989713
0.95630205,0.0,0.123459905
0.9312679,0.0,0.044646043
0.96515244,0.0,0.0
0.9039828,0.0,0.2092679
0.59702086,0.0,0.0011381994
0.8228193,0.0,0.011154644
0.8769376,0.0,0.0030406278
0.96668005,0.0,0.00010246551
0.55271906,0.0,0.13540235
0.32388058,0.0,0.41721806
0.6719064,0.0,0.43829894
0.94602585,0.0,0.07515553
0.745525,0.0,0.3488017
0.85331565,0.0,0.2863064
0.55942154,0.0,0.329253
0.7134987,0.0,0.079758376
0.8354268,0.0,0.25853315
0.62936723,0.0,0.025675137
0.73143494,0.0,0.40376946
0.50906086,0.0,0.33115354
0.78718317,0.0,0.49275953
0.851562,0.0,0.05221982
0.5733134,0.0,0.4619087
0.9109506,0.0,0.17116134
0.4670146,0.0,0.2656582
0.74046785,0.0,0.48309955
0.53996485,0.0,0.4480007
0.41245675,0.0,0.42300135
0.53394365,0.0,0.71989614
0.66087186,0.0,0.120840766
0.6814988,0.0,0.19419606
0.8980415,0.0,0.045638923
0.8332465,0.0,0.022605445
0.6239626,0.0,0.00032761492
0.48626766,0.0,0.25698408
0.50983113,0.0,0.025461918
0.6577634,0.0,0.32778537
0.81261605,0.0,0.24749653
0.85037816,0.0,0.0018017062
0.79384845,0.0,0.2196429
0.5611185,0.0,0.41451007
0.8577863,0.0,0.083112404
0.9288164,0.0,0.003369541
0.8412568,0.0,0.18942602
0.64999384,0.0,0.2271034
0.92341274,0.0,0.0
0.93573123,0.0,0.06376399
0.6292982,0.0,0.5223627
0.43558702,0.0,0.30502355
0.8724887,0.0,0.014724758
0.9445951,0.0,0.06968911
0.42674503,0.0,0.5499165
0.30326575,0.0,0.5191931
0.6963988,0.0,0.25760898
0.5635436,0.0,0.70803505
0.71401215,0.0,0.061715618
0.41911912,0.0,0.37128896
0.5843975,0.0,0.08052694
0.5442903,0.0,0.29328182
0.6853436,0.0,0.2304773
0.8955149,0.0,0.018696262
0.6392811,0.0,0.049374327
0.79444194,0.0,0.0
0.8461518,0.0,0.005376591
0.9294229,0.0,0.0
0.86752313,0.0,0.0003015746
0.96646726,0.0,0.001431557
0.93106955,0.0,0.0
0.8770966,0.0,0.011247116
0.92009395,0.0,0.021525707
0.9575147,0.0,0.0058232956
0.89541054,0.0,0.0
0.93114626,0.0,0.0
0.7500929,0.0,0.0024242834
0.74767196,0.0,0.0016419481
0.9365253,0.0,0.0
0.5711701,0.0,0.041880343
0.5375169,0.0,0.46787554
0.5292882,0.0,0.74005127
0.4066096,0.0,0.5004198
0.87019855,0.0,0.03615968
0.54306936,0.0,0.42400604
0.7958115,0.0,0.19848412
0.86317337,0.0,0.16672854
0.7385724,0.0,0.23608701
0.7133041,0.0,0.2439232
0.83671945,0.0,0.0
0.81676924,0.0,0.00038366584
0.94394046,0.0,0.0
0.9675725,0.0,0.037720084
0.7632203,0.0,0.039265845
0.9443092,0.0,0.006213536
0.8246325,0.0,0.034202483
0.72937316,0.0,0.0751055
0.8138964,0.0,0.0050243563
0.657825,0.0,0.07749211
0.5397713,0.0,0.53248984
0.65832317,0.0,0.08045911
0.94525534,0.0,0.02795013
0.48688602,0.0,0.28688776
0.4873283,0.0,0.3413125
0.8961559,0.0,0.060613032
0.6234156,0.0,0.3806669
0.5041554,0.0,0.66364133
0.53537667,0.0,0.47715878
0.41893983,0.0,0.56984
0.7191222,0.0,0.10979277
0.6003617,0.0,0.3249099
0.3713922,0.0,0.4398112
0.2864539,0.0,0.24205256
0.8557635,0.0,0.008226388
0.64961445,0.0,0.0944918
0.32450777,0.0,0.26591784
0.5065279,0.0,0.19625501
0.6913744,0.0,0.026180157
0.62679964,0.0,0.03221179
0.7285145,0.0,0.003377744
0.6429617,0.0,0.11055809
0.5582053,0.0,0.040383168
0.78368485,0.0,0.008922337
0.78465825,0.0,0.010275487
0.89341164,0.0,0.0035039845
0.86204267,0.0,0.0
0.90102077,0.0,0.00016374433
0.88227284,0.0,0.0
0.9174867,0.0,0.0
0.7229162,0.0,0.008024763
0.64320946,0.0,0.0013419886
0.3231239,0.0,0.20200676
0.7639991,0.0,0.12011973
0.9101591,0.0,0.00080684025
0.8180315,0.0,0.01234863
0.41765743,0.0,0.32993537
0.2688824,0.0,0.44134894
0.7348218,0.0,0.25765648
0.5026009,0.0,0.7794976
0.41527545,0.0,0.3654419
0.7005798,0.0,0.021303462
0.6519911,0.0,0.12307253
0.3616645,0.0,0.35757795
0.40081725,0.0,0.26827508
0.5412918,0.0,0.0
0.60326177,0.0,0.4440483
0.6299005,0.0,0.6832427
0.7354588,0.0,0.20460233
0.80391866,0.0,0.3001925
0.9229246,0.0,0.003743442
0.86615884,0.0,0.04069258
0.93250275,0.0,0.014897584
0.96024555,0.0,0.0
0.92494965,0.0,0.018675508
0.95683676,0.0,0.00091602164
0.89105564,0.0,0.0
0.91293806,0.0,0.0004433334
0.56051826,0.0,0.00056493626
0.803428,0.0,0.0012817162
0.8943908,0.0,0.0032649983
0.61931145,0.0,0.069212325
0.38746005,0.0,0.20351079
0.96755075,0.0,0.039522078
0.93889225,0.0,0.0014744158
0.5205258,0.0,0.5425417
0.45559236,0.0,0.2053343
0.7376699,0.0,0.5294396
0.5888593,0.0,0.1710527
0.8141794,0.0,0.17578447
0.7482421,0.0,0.018589566
0.84727216,0.0,0.014243514
0.83108246,0.0,0.0009480129
0.4253909,0.0,0.18685937
0.782613,0.0,0.0008946027
0.89060503,0.0,0.0
0.6793319,0.0,0.0055233804
0.7092335,0.0,0.005248535
0.93839014,0.0,0.00023318174
0.89413,0.0,0.0056192577
0.9155643,0.0,0.0022668021
0.796159,0.0,0.006499917
0.7089572,0.0,0.0039931354
0.47464597,0.0,0.060738355
0.33257198,0.0,0.0045623058
0.6716099,0.0,0.40330198
0.6083898,0.0,0.47021174
0.72610843,0.0,0.2866435
0.6321085,0.0,0.37020454
0.74364156,0.0,0.06703313
0.7308066,0.0,0.108527355
0.6152669,0.0,0.49942672
0.3469511,0.0,0.34584418
0.77282053,0.0,0.01677621
0.84281164,0.0,0.06841023
0.33791688,0.0,0.5887299
0.5881274,0.0,0.29115677
0.97071236,0.0,0.01195864
0.6892925,0.0,0.29543382
0.9435921,0.0,0.029097956
0.89223784,0.0,0.0779147
0.6312179,0.0,0.39984515
0.5234336,0.0,0.37774315
0.8399328,0.0,0.00048702257
0.93387926,0.0,0.06745795
0.86528444,0.0,0.08742639
0.5560958,0.0,0.40731898
0.78985757,0.0,0.13931978
0.63111854,0.0,0.24456485
0.6732459,0.0,0.3513153
0.8728293,0.0,0.014306947
0.82629794,0.0,0.050213408
0.7376999,0.0,0.24196798
0.58445394,0.0,0.44074464
0.7226058,0.0,0.06665652
0.9135737,0.0,0.13796991
0.87948066,0.0,0.35647127
0.8058096,0.0,0.025752872
0.92453504,0.0,0.35782272
0.65012234,0.0,0.31695458
0.8404057,0.0,0.3841575
0.9032979,0.0,0.62639034
0.6121346,0.0,0.32613954
0.54467857,0.0,0.7421505
0.5827853,0.0,0.70045626
0.37375885,0.0,0.115308054
0.8051526,0.0,0.33456117
0.8420546,0.0,0.0096669085
0.87994415,0.0,0.15059789
0.7984631,0.0,0.003638375
0.82072145,0.0,0.0
0.941658,0.0,0.0
0.8946144,0.0,0.007648044
0.95818293,0.0,0.013446406
0.9824463,0.0,0.0
0.9380193,0.0,0.08608792
0.88919264,0.0,0.067703
0.89198196,0.0,0.011045291
0.79609126,0.0,0.00477471
0.93007493,0.0,0.0
0.92611176,0.0,0.016665604
0.9233446,0.0,0.013476021
0.93166924,0.0,0.055054583
0.88737804,0.0,0.07435528
0.78132844,0.0,0.13291508
0.91179067,0.0,0.07599534
0.5902207,0.0,0.04905954
0.35843086,0.0,0.5447295
0.42032367,0.0,0.51577854
0.61905104,0.0,0.35186672
0.54773045,0.0,0.3578635
0.6376642,0.0,0.08301217
0.90103287,0.0,0.0
0.76266766,0.0,0.009716045
0.8860796,0.0,0.04352726
0.6359526,0.0,0.0028938372
0.9576918,0.0,0.25422034
0.85728127,0.0,0.17242192
0.9794876,0.0,0.040030375
0.94339246,0.0,0.02441135
0.9727744,0.0,0.05236226
0.77564484,0.0,0.008627306
0.8266707,0.0,0.0
0.86791503,0.0,0.021448273
0.8831761,0.0,0.0009516249
0.84288925,0.0,0.06013597
0.9566314,0.0,0.08403689
0.4700602,0.0,0.66961527
0.44988322,0.0,0.5732601
0.72081417,0.0,0.23800272
0.6781005,0.0,0.21066417
0.49740794,0.0,0.416845
0.7376876,0.0,0.04674286
0.6401304,0.0,0.6308687
0.69957167,0.0,0.29000032
0.637753,0.0,0.25049505
0.9145277,0.0,0.0076131513
0.8862806,0.0,0.0
0.85620284,0.0,0.025062567
0.9321669,0.0,0.0012150347
0.9047522,0.0,0.0022699216
0.93176734,0.0,0.008400709
0.8981333,0.0,0.049302753
0.6985886,0.0,0.0
0.89228785,0.0,0.34304792
0.66060853,0.0,0.42557532
0.46563974,0.0,0.012470886
0.71008855,0.0,0.23768236
0.9234704,0.0,0.25806797
0.82503957,0.0,0.033121523
0.71612084,0.0,0.078611195
0.9045259,0.0,0.0012649408
0.58553576,0.0,0.005841117
0.75119287,0.0,0.0
0.9307727,0.0,0.0064228554
0.9289564,0.0,0.0
0.66765976,0.0,0.039282527
0.96446866,0.0,0.0057547404
0.7723665,0.0,0.07306887
0.92522347,0.0,0.010349051
0.9618817,0.0,0.16882434
0.93370306,0.0,0.12033805
0.9446457,0.0,0.0037969875
0.91174614,0.0,0.080492616
0.6301779,0.0,0.18788166
0.8951553,0.0,0.21881649
0.86812204,0.0,0.0016278399
0.92838115,0.0,0.20744443
0.8013193,0.0,0.2788196
0.676673,0.0,0.54354393
0.83527744,0.0,0.4128391
0.6276511,0.0,0.591132
0.8871154,0.0,0.3849696
0.73049736,0.0,0.01405368
0.4426111,0.0,0.7176794
0.4674236,0.0,0.42157584
0.91451484,0.0,0.34310588
0.7859349,0.0,0.5683014
0.579591,0.0,0.21580663
0.63872063,0.0,0.011635104
0.5338541,0.0,0.11695885
0.57388043,0.0,0.45709938
0.698238,0.0,0.18276124
0.7955773,0.0,0.0
0.40754327,0.0,0.40893567
0.4043036,0.0,0.45210359
0.68064106,0.0,0.099209
0.5175771,1.0,0.71952426
0.645914,1.0,0.41660088
0.7183771,0.0,0.068480305
0.57340306,0.0,0.3232699
0.53845406,0.0,0.55149776
0.8918261,0.0,0.013674185
0.45602772,0.0,0.1392339
0.60044974,0.0,0.013774184
0.9346677,0.0,0.0073008514
0.7748138,0.0,0.0067507764
0.942756,0.0,0.0
0.85629857,0.0,0.26181528
0.81932664,0.0,0.024644844
0.9373979,0.0,0.0018876302
0.9429456,0.0,0.054361783
0.90240425,0.0,0.0
0.91322356,0.0,0.04740986
0.81196,0.0,0.22247201
0.42974365,0.0,0.24672876
0.8297803,0.0,0.124348156
0.41059962,0.0,0.07573021
0.6330448,0.0,0.14323056
0.48340443,0.0,0.10740174
0.6486464,0.0,0.0
0.7043592,0.0,0.15577118
0.73617965,0.0,0.32785308
0.59822965,0.0,0.2313474
0.5271604,0.0,0.30418634
0.6143837,0.0,0.2202437
0.62558895,0.0,0.40950876
0.92105633,0.0,0.53343385
0.7140016,0.0,0.52299017
0.9163668,0.0,0.91673416
0.72852224,0.0,0.5032958
0.8446973,0.0,0.15667512
0.6150555,0.0,0.3688616
0.5447732,0.0,0.3533714
0.4717358,0.0,0.10558689
0.5074563,0.0,0.086383075
0.61161864,0.0,0.15733816
0.9634819,0.0,0.01174043
0.60515606,0.0,0.086522885
0.7471006,0.0,0.021478543
0.8475958,0.0,0.0043815067
0.888955,0.0,0.0139470855
0.79494405,0.0,0.03851767
0.9580313,0.0,0.0037360005
0.5838929,0.0,0.020223381
0.8733459,0.0,0.0
0.95168495,0.0,0.010220336
0.8609278,0.0,0.058946528
0.9468128,0.0,0.010507263
0.91510135,0.0,0.10171311
0.77112675,0.0,0.054981504
0.9549071,0.0,0.017283902
0.867298,0.0,0.081941575
0.66653234,0.0,0.37325844
0.7861149,0.0,0.060073722
0.9692835,0.0,4.9862316e-05
0.7134318,0.0,0.20207629
0.40650004,0.0,0.38087308
0.78410536,0.0,0.13410117
0.86089593,0.0,0.17153044
0.5631649,0.0,0.6153981
0.43933195,0.0,0.33812207
0.50259274,1.0,0.4311824
0.5819473,0.0,0.07767634
0.4231625,1.0,0.6443846
0.62825173,0.0,0.2670536
0.7650652,0.0,0.0060328445
0.59097004,0.0,0.24656823
0.906585,0.0,0.0077619995
0.76618284,0.0,0.00055011606
0.9261278,0.0,0.07612054
0.82805985,0.0,0.56477314
0.72957367,0.0,0.23212916
0.9132826,0.0,0.0
0.9229722,0.0,0.25965777
0.9507053,0.0,0.07728256
0.619788,0.0,0.2541633
0.62979674,0.0,0.11320999
0.9014071,0.0,0.010160126
0.97796816,0.0,0.0060450723
0.4826179,0.0,0.2810887
0.9137313,0.0,0.039353322
0.94008225,0.0,0.0005905863
0.9188674,0.0,0.0
0.7996333,0.0,0.09371476
0.7184871,0.0,0.012558523
0.97356546,0.0,0.121556796
0.73998976,1.0,0.25981036
0.6692586,0.0,0.0918306
0.6217306,1.0,0.3332154
0.88102746,0.0,0.011420471
0.8171681,0.0,0.1358365
0.70135695,0.0,0.06625792
0.77396005,0.0,0.060629487
0.71765244,0.0,0.48823565
0.8553828,0.0,0.34333858
0.708772,0.0,0.3885218
0.8698914,0.0,0.2990303
0.9399456,0.0,0.023444643
0.93298405,0.0,0.10686476
0.8376635,0.0,0.019648414
0.8046032,0.0,0.06690529
0.97429085,0.0,0.007690022
0.8900326,0.0,0.013797614
0.92629653,0.0,0.0
0.7904904,0.0,0.0048175743
0.91667056,0.0,0.010605234
0.7971285,0.0,0.0
0.9527268,0.0,0.0
0.7673592,0.0,0.14202823
0.9351718,0.0,0.31279784
0.8193854,0.0,0.33131084
0.6082644,0.0,0.51423407
0.90351915,0.0,0.09483902
0.86192125,0.0,0.016071076
0.5304555,0.0,0.67806864
0.7640513,0.0,0.22915182
0.93209964,0.0,0.034409504
0.65206814,0.0,0.42778328
0.45875728,0.0,0.3432283
0.93815345,0.0,0.026888877
0.8749913,0.0,0.31568596
0.56863123,0.0,0.6816207
0.61444956,0.0,0.2781291
0.96152705,0.0,0.5134333
0.6653493,0.0,0.49894154
0.9002828,0.0,0.43905622
0.88228714,0.0,0.35665125
0.6401339,0.0,0.3834436
0.8700469,0.0,0.29086643
0.9034542,0.0,0.020111915
0.5884031,0.0,0.5809776
0.5103218,1.0,0.31662652
0.55822265,1.0,0.44438457
0.42663133,1.0,0.6212292
0.51102597,1.0,0.6125664
0.5123748,1.0,0.43495017
0.5021621,1.0,0.6265778
0.50439847,1.0,0.34022957
0.77668226,1.0,0.16367099
0.6443587,1.0,0.4014817
0.4389375,1.0,0.6282815
0.49827635,0.0,0.1924936
0.7730235,0.0,0.035351127
0.3997059,0.0,0.46451256
0.53365016,0.0,0.15273131
0.7734565,0.0,0.007819972
0.46805203,0.0,0.31884697
0.33669648,0.0,0.5254605
0.81051093,0.0,0.021490995
0.8476951,0.0,0.018777976
0.40027913,0.0,0.60989827
0.5906352,0.0,0.5707214
0.70112175,0.0,0.013666765
0.65276414,0.0,0.30028743
0.45537996,0.0,0.5781477
0.3371444,0.0,0.6465354
0.55332434,0.0,0.32837212
0.4426301,0.0,0.7468575
0.3381679,0.0,0.6598165
0.37265584,0.0,0.5679186
0.3061659,0.0,0.114027575
0.28050202,0.0,0.86244816
0.26086485,0.0,0.32810304
0.33651137,0.0,0.1719101
0.41658166,0.0,0.5652577
0.39955282,0.0,0.92893285
0.43505716,0.0,0.317675
0.4976875,0.0,0.6770252
0.60198814,0.0,0.10897321
0.38231817,0.0,0.42956075
0.23941371,0.0,0.58765274
0.38941672,0.0,0.53899485
0.4383344,0.0,0.24872689
0.44039932,0.0,0.1936969
0.8123438,0.0,0.13752337
0.43066645,0.0,0.15402633
0.83539265,0.0,0.09532572
0.7950967,0.0,0.381429
0.68667924,0.0,0.13743412
0.78135955,0.0,0.04107702
0.45619363,0.0,0.06452044
0.34360534,0.0,0.29167876
0.47942838,0.0,0.51204777
0.70753086,1.0,0.4625786
0.5018019,0.0,0.25237396
0.7990951,1.0,0.43061015
0.5465988,0.0,0.09911079
0.68176395,1.0,0.3911022
0.86861503,0.0,0.0009920696
0.7426572,1.0,0.18052663
0.897902,0.0,0.2130148
0.37229902,1.0,0.4210343
0.8472816,0.0,0.00952022
0.31090143,0.0,0.5303675
0.8402395,0.0,0.003321044
0.48785204,0.0,0.36329117
0.86008716,0.0,0.00034638456
0.467491,0.0,0.17007025
0.75799054,0.0,0.10327244
0.87158084,0.0,0.2168791
0.44581532,0.0,0.6671845
0.5361029,0.0,0.29044977
0.40763944,0.0,0.6045981
0.5382353,0.0,0.7403727
0.59175855,0.0,0.21323003
0.49458572,0.0,0.18620154
0.3311034,0.0,0.50919205
0.71334004,0.0,0.04867146
0.48724395,0.0,0.4701788
0.31223688,0.0,0.5304652
0.5768313,0.0,0.02957219
0.56939614,1.0,0.25137284
0.8707444,0.0,0.0012537548
0.5270899,1.0,0.40443778
0.5219964,0.0,0.0065226764
0.89416564,1.0,0.3306802
0.92654145,0.0,0.007481868
0.6534557,1.0,0.32314426
0.76608723,0.0,0.18176062
0.70602846,1.0,0.57638437
0.40461448,1.0,0.5396993
0.8814115,0.0,0.018499002
0.7096296,1.0,0.13929941
0.85614246,0.0,0.014898232
0.8899776,1.0,0.36372882
0.8561113,1.0,0.017587552
0.7911311,1.0,0.20220757
0.6815461,0.0,0.016486397
0.8000102,1.0,0.20698129
0.49999464,1.0,0.4838156
0.93909216,0.0,0.0063372
0.6175535,0.0,0.19667682
0.7286239,0.0,0.23368026
0.5200815,0.0,0.37204972
0.91566133,0.0,0.0033720396
0.8786639,0.0,0.0
0.6035905,0.0,0.06438955
0.7770253,0.0,0.025851302
0.895547,0.0,0.0072570015
0.603324,0.0,0.022343338
0.7302101,0.0,0.007064969
0.9318895,0.0,0.00035837467
0.6624827,0.0,0.01634956
0.8747605,0.0,0.072478496
0.9555072,0.0,0.0070801834
0.9589821,0.0,0.01814642
0.8377317,0.0,0.10313124
0.9488712,0.0,0.010672615
0.86806357,0.0,0.0
0.9060035,0.0,0.0
0.6471485,0.0,0.015570219
0.767498,0.0,0.002749529
0.73058915,0.0,0.023419697
0.7259071,0.0,0.011882568
0.3866189,1.0,0.35178834
0.45612302,0.0,0.3277053
0.4473097,0.0,0.29845878
0.30383644,0.0,0.63908446
0.36483726,0.0,0.5009139
0.5477819,0.0,0.1301909
0.3132359,0.0,0.44658062
0.36054802,0.0,0.05369515
0.80515355,0.0,0.0017609202
0.92931896,0.0,0.0064770193
0.6447857,0.0,0.0687526
0.5516458,0.0,0.10116778
0.6352224,0.0,0.01828621
0.32911155,0.0,5.527609e-05
0.53794473,0.0,0.02022046
0.47832546,0.0,0.18548393
0.87001437,0.0,0.029230105
0.31202802,0.0,0.33727527
0.5804462,0.0,0.02622168
0.33038443,0.0,0.4383916
0.4596423,0.0,0.029421814
0.426632,0.0,0.20200814
0.66211903,0.0,0.0020355093
0.4108746,0.0,0.22670327
0.6110279,0.0,0.028388785
0.47885555,0.0,0.3896868
0.3913076,0.0,0.7842478
0.72043455,0.0,0.35666957
0.32982677,0.0,0.68866277
0.717476,0.0,0.4909761
0.33734503,0.0,0.399745
0.8123781,0.0,0.009523678
0.4300503,0.0,0.25350484
0.6303774,0.0,0.008314704
0.34596753,0.0,0.44419906
0.6961862,0.0,0.030959768
0.46190536,0.0,0.3253654
0.80916744,0.0,0.008203055
0.45478025,0.0,0.47110397
0.36835045,0.0,0.011354909
0.74124855,0.0,0.3048292
0.5816506,0.0,0.2934766
0.49362275,0.0,0.75953585
0.5801646,0.0,0.6087553
0.46475992,0.0,0.4251496
0.40368855,1.0,0.25449923
0.86096984,0.0,0.013751008
0.40781504,0.0,0.19052984
0.8824365,0.0,0.019220319
0.40686178,0.0,0.35737503
0.8561749,0.0,0.032023404
0.40443668,0.0,0.3323677
0.69092286,0.0,0.02184758
0.30319944,0.0,0.42144278
0.42865667,0.0,0.1533257
0.42648566,0.0,0.16941379
0.8981351,0.0,0.010033336
0.86572593,0.0,0.14339328
0.5185016,0.0,0.5483036
0.8273102,0.0,0.06506565
0.8180678,0.0,0.38251856
0.5177613,0.0,0.44638675
0.33332148,0.0,0.4003604
0.70459074,0.0,0.04495879
0.33373782,0.0,0.4043179
0.6415521,0.0,0.09370165
0.3553361,0.0,0.40766767
0.5224839,0.0,0.056936633
0.31131446,0.0,0.4978463
0.42696583,0.0,0.5405132
0.8030502,0.0,0.1408449
0.3681693,0.0,0.44608045
0.7254522,0.0,0.059714545
0.31666315,0.0,0.34475008
0.71047646,0.0,0.046561
0.4278666,0.0,0.36642003
0.47399554,0.0,0.1628032
0.7171014,0.0,0.48286197
0.40328443,0.0,0.62743837
0.42306772,0.0,0.21585031
0.4807655,0.0,0.297654
0.8112975,0.0,0.029664183
0.32282898,0.0,0.32214043
0.87326455,0.0,0.05205552
0.5536023,0.0,0.566232
0.7780731,0.0,0.1191563
0.5015746,0.0,0.47503158
0.8712971,0.0,0.09728589
0.48751345,0.0,0.49737018
0.71992236,0.0,0.040176414
0.39074844,0.0,0.22353056
0.57470036,0.0,0.07904398
0.5381512,0.0,0.41773093
0.46191362,0.0,0.40475613
0.54038465,0.0,0.77832144
0.4169381,0.0,0.7443787
0.6597923,0.0,0.40090892
0.35495254,0.0,0.4739174
0.4456375,0.0,0.49263823
0.4366896,0.0,0.28208143
0.33844346,0.0,0.34856674
0.77839303,0.0,0.014463951
0.32289407,0.0,0.2982305
0.7423419,0.0,0.031318784
0.4362816,0.0,0.5289971
0.81068623,0.0,0.068884976
0.31156582,0.0,0.22941533
0.71933895,0.0,0.0048923604
0.31990376,0.0,0.33933273
0.47760427,0.0,0.06575886
0.44148216,0.0,0.50899583
0.5516094,0.0,0.36024603
0.67337465,0.0,0.93271124
0.43572435,0.0,1.0
0.60025257,0.0,0.7967524
0.5561944,0.0,0.21878585
0.47006992,0.0,0.29754642
0.54731053,0.0,0.5270314
0.4569595,0.0,0.2919188
0.3721128,0.0,0.05253527
0.34006754,0.0,0.13525626
0.4011689,0.0,0.014093515
0.28713608,0.0,0.28281808
0.5597874,0.0,0.025722802
0.378562,0.0,0.32936463
0.30090722,0.0,0.33667386
0.6701351,0.0,0.04236736
0.31283846,1.0,0.47865695
0.5881165,1.0,0.056161437
0.50062346,1.0,0.53825504
0.6936541,0.0,0.087890364
0.4454768,0.0,0.29737356
0.43029535,0.0,0.48484558
0.43056852,0.0,0.58723736
0.5464163,1.0,0.53669196
0.46620196,0.0,0.39964727
0.5825182,1.0,0.15266289
0.58944213,0.0,0.0037773186
0.66351026,1.0,0.39321396
0.50034124,1.0,0.013415969
0.8076545,1.0,0.09897063
0.85002065,0.0,0.015917987
0.76734686,0.0,0.059101567
0.66456145,0.0,0.01829535
0.43773776,0.0,0.24901636
0.57709926,0.0,0.002914047
0.42839533,0.0,0.025493886
0.3352563,0.0,0.2248652
0.5607984,0.0,0.57104135
0.43817088,0.0,0.75515544
0.32220244,0.0,1.0
0.40988523,0.0,0.28553477
0.4106947,0.0,0.5177248
0.76593167,0.0,0.18767543
0.3811343,0.0,0.47727275
0.49210364,0.0,0.15450943
0.5367337,1.0,0.33738598
0.5242688,1.0,0.62231165
0.6134641,1.0,0.7241093
0.83385175,0.0,0.059029788
0.6392972,0.0,0.33698434
0.3999996,1.0,0.36068106
0.8442589,1.0,0.20221826
0.9019956,0.0,0.050964814
0.5657569,0.0,0.6809854
0.6018644,1.0,0.5425843
0.9683184,1.0,0.21860395
0.7103006,0.0,0.29560986
0.78301543,0.0,0.026109593
0.81284064,0.0,0.4650046
0.85135555,0.0,0.41525912
0.48394662,0.0,0.5195224
0.43380484,0.0,0.2197796
0.96202457,0.0,0.003534628
0.49785194,0.0,0.4580926
0.35147804,0.0,0.4999324
0.9435907,0.0,0.157966
0.771095,0.0,0.039972432
0.51783806,0.0,0.60368055
0.34069082,0.0,0.72524196
0.75164056,0.0,0.27854973
0.49688658,0.0,0.5666225
0.374043,0.0,0.30082172
0.78379107,0.0,0.072388
0.41941252,0.0,0.35160863
0.62742764,1.0,0.015981644
0.45239457,1.0,0.36854807
0.5569366,1.0,0.02084558
0.36285618,1.0,0.55927277
0.65600973,1.0,0.25807056
0.55517316,0.0,0.35470706
0.4297727,0.0,0.4784544
0.35772327,1.0,0.7807026
0.4174705,1.0,0.56900895
0.51414853,1.0,0.007614392
0.7283802,1.0,0.5223131
0.44195378,1.0,0.7950139
0.3829746,0.0,0.31914765
0.5733772,1.0,0.4748194
0.70535964,0.0,0.72086996
0.542575,0.0,0.113232225
0.6932916,0.0,0.1018348
0.6033024,0.0,0.5553021
0.67745304,0.0,0.059557788
0.64979666,0.0,0.47975615
0.9009716,0.0,0.014608301
0.6791625,0.0,0.1159236
0.82926023,0.0,0.0
0.54298794,0.0,0.08497653
0.88749605,0.0,0.17456484
0.40401652,0.0,0.34230694
0.6829559,0.0,0.5287697
0.67881656,0.0,0.18117577
0.7550075,0.0,0.47488293
0.67228395,0.0,0.0046632807
0.7728541,0.0,0.0
0.9291798,1.0,0.0
0.6929056,0.0,0.017158367
0.69980854,0.0,0.0032687932
0.5110166,0.0,0.42968127
0.6103951,0.0,0.5873241
0.6770505,0.0,0.14218149
0.67240256,0.0,0.050052714
0.43113273,0.0,0.13020773
0.80463445,0.0,0.0028623103
0.92796296,1.0,0.17914736
0.76272345,1.0,0.18626752
0.79207,0.0,0.007496588
0.7228718,0.0,0.00018315032
0.6376541,1.0,0.13892582
0.4599308,0.0,0.25904116
0.3731133,1.0,0.49813285
0.733875,1.0,0.3248729
0.37952635,1.0,0.9239642
0.54669964,1.0,0.5061592
0.5158993,1.0,0.266818
0.54982257,1.0,0.8084576
0.67912483,1.0,0.20387958
0.5530026,1.0,0.12533318
0.28866687,1.0,0.7168482
0.7465087,1.0,0.5357363
0.83989704,0.0,0.05273094
0.40124825,0.0,0.49770385
0.62283856,0.0,0.30401576
0.710703,0.0,0.53616357
0.6341133,0.0,0.7192304
0.39656553,0.0,1.0
0.37210545,0.0,0.83666325
0.7335587,0.0,0.8646567
0.6204467,0.0,0.44173732
0.4865888,0.0,0.15872003
0.33904734,0.0,0.4746076
0.48794,0.0,0.4941589
0.6267727,0.0,0.21596538
0.4130099,0.0,0.4777399
0.26992336,0.0,0.6949876
0.71973896,0.0,0.646188
0.55348545,0.0,0.3411824
0.66911453,0.0,0.18929589
0.4255367,0.0,0.532953
0.41784796,0.0,0.28569055
0.73466194,1.0,0.29458526
0.42887622,1.0,0.71377
0.4379699,1.0,0.77096176
0.7493189,1.0,0.22003724
0.41383868,1.0,0.57554305
0.52832854,1.0,0.47789863
0.75207597,1.0,0.22789827
0.40357292,1.0,0.39002192
0.54072106,1.0,0.45983705
0.55594945,1.0,0.48468813
0.35685855,1.0,0.52995396
0.64605606,1.0,0.6223953
0.37807328,1.0,0.70238405
0.47561252,0.0,0.21234141
0.5806293,0.0,0.26664716
0.72429,1.0,0.11216857
0.61990917,1.0,0.22532879
0.71237254,0.0,0.18201339
0.7569256,1.0,0.07453751
0.4750522,0.0,0.34507468
0.34273317,0.0,0.64441305
0.5500687,0.0,0.09643093
0.48238146,0.0,0.16914599
0.66081065,1.0,0.028973931
0.69259703,0.0,0.041317824
0.42488444,0.0,0.2161112
0.5852322,0.0,0.11097213
0.64480597,0.0,0.48777178
0.7078462,0.0,0.7123038
0.6587149,0.0,0.34879503
0.4394578,1.0,0.60294425
0.60949695,1.0,0.46753046
0.7742894,1.0,0.38660514
0.68708843,1.0,0.32255265
0.70968306,1.0,0.31939536
0.75285804,1.0,0.3924925
0.59828794,1.0,0.4732734
0.40892917,1.0,0.439603
0.6218636,1.0,0.34931636
0.35815862,0.0,0.59625983
0.6240852,1.0,0.48687038
0.48433325,1.0,0.3587127
0.451878,0.0,0.3261316
0.7126071,1.0,0.4620157
0.3781571,0.0,0.4436723
0.40298507,0.0,0.8126625
0.29762438,0.0,1.0
0.27163664,0.0,0.47471568
0.4432506,0.0,0.43252975
0.34119537,0.0,0.23567708
0.3236476,0.0,0.65874916
0.42959005,0.0,0.5884787
0.40617383,0.0,0.23382503
0.40281957,0.0,0.4578423
0.5289801,0.0,0.61549133
0.4432777,0.0,0.56233335
0.41743606,0.0,0.40052778
0.4497155,0.0,0.47150302
0.51484054,0.0,0.30066583
0.47009328,0.0,0.33555427
0.8419607,0.0,0.10301779
0.54997045,0.0,0.30356786
0.6894905,0.0,0.15556887
0.47520143,0.0,0.40382987
0.43081564,0.0,0.248979
0.79372835,0.0,0.0
0.46946758,0.0,0.37500185
0.36145627,0.0,0.5821192
0.9442813,0.0,0.02156088
0.48991174,0.0,0.3725288
0.4001771,1.0,0.6700771
0.83451164,1.0,0.26412308
0.8799825,0.0,0.0224741
0.45609805,0.0,0.42150518
0.48546287,0.0,0.40078324
0.949103,0.0,0.0
0.87478936,0.0,0.0993501
0.30712858,0.0,0.68404216
0.5819726,0.0,0.15286653
0.33992124,0.0,0.40377778
0.7405741,0.0,0.26396298
0.81903857,0.0,0.0
0.79177153,0.0,0.1748053
0.7426357,0.0,0.4629732
0.8017905,0.0,0.06739343
0.8699039,0.0,0.0
0.6062923,0.0,0.3300879
0.563229,0.0,0.397836
0.80519843,0.0,0.080901206
0.93201435,0.0,0.0077296426
0.37848625,0.0,0.5612377
0.32854462,1.0,0.481801
0.91466945,1.0,0.29387146
0.86839706,1.0,0.7199022
0.9626728,1.0,0.19781256
0.83054125,0.0,0.1096079
0.8773981,1.0,0.17780401
0.9377392,1.0,0.096449405
0.82037014,0.0,0.0
0.7867583,0.0,0.14004196
0.89399064,0.0,0.0
0.96235985,0.0,0.10579865
0.5443085,0.0,0.23774412
0.46403524,0.0,0.20997542
0.91200787,0.0,0.0077141635
0.90560555,0.0,0.27499175
0.39487064,0.0,0.44205192
0.5875732,0.0,0.00441551
0.30089653,0.0,0.40221563
0.3284392,0.0,0.3647731
0.75536305,0.0,0.09174883
0.35159367,0.0,0.42792884
0.57309216,0.0,0.213762
0.23186977,0.0,0.68015486
0.2995767,0.0,0.36224747
0.33600444,0.0,0.42796034
0.735561,0.0,0.0865877
0.49604353,0.0,0.16146022
0.4288294,0.0,0.40507782
0.44477078,0.0,0.22738956
0.63746804,0.0,0.0
0.40528867,0.0,0.49667856
0.25433725,0.0,0.47691426
0.74467176,0.0,0.039527267
0.6445803,0.0,0.12637304
0.36447483,0.0,0.2961602
0.37805286,0.0,0.20481223
0.8368142,0.0,0.061960656
0.92565584,0.0,0.008013614
0.41557428,0.0,0.32242134
0.4023669,0.0,0.33522767
0.5224222,1.0,0.4254936
0.90041053,1.0,0.07909457
0.7423313,1.0,0.70373577
0.6497571,0.0,0.31495318
0.7611742,1.0,0.33225858
0.7647102,1.0,0.056303825
0.74309444,1.0,0.43255892
0.59832937,1.0,0.13464548
0.81321675,1.0,0.36158437
0.53510123,1.0,0.5818695
0.4562621,1.0,0.50884515
0.8989327,0.0,0.072481975
0.61725676,1.0,0.1672929
0.39031744,0.0,0.27150244
0.23445326,0.0,0.5279639
0.8219973,0.0,0.027547605
0.45689964,0.0,0.3731139
0.30862588,0.0,0.55062735
0.4612647,0.0,0.3594536
0.91781664,0.0,0.075931154
0.44482398,0.0,0.38998947
0.63436913,0.0,0.38010317
0.91867745,0.0,0.0933199
0.5852611,0.0,0.4973412
0.7149203,0.0,0.34697247
0.41839096,0.0,0.35321885
0.9277731,0.0,0.074682765
0.9193809,0.0,0.011493536
0.6138972,0.0,0.38208842
0.2984813,0.0,0.57737815
0.72607726,0.0,0.012939101
0.8266884,0.0,0.051165625
0.32455632,0.0,0.34414604
0.57957226,1.0,0.4125791
0.93920267,0.0,0.0013445776
0.95465916,0.0,0.16679569
0.41543564,0.0,0.3034216
0.9612428,1.0,0.31178546
0.97108454,0.0,0.0032708577
0.6760348,1.0,0.30785102
0.5545376,1.0,0.5831508
0.8879227,1.0,0.3520483
0.8403434,1.0,0.02205759
0.671976,0.0,0.07284744
0.4533135,0.0,0.3220855
0.7798583,1.0,0.34267202
0.9431146,0.0,0.0
0.7212423,1.0,0.18069977
0.739243,1.0,0.6033206
0.80581033,0.0,0.108856775
0.62212193,0.0,0.73373026
0.33684805,0.0,0.39247867
0.67517734,0.0,0.027019538
0.42689422,0.0,0.44296378
0.45449564,0.0,0.3781378
0.81059647,0.0,0.12257793
0.66194254,0.0,0.11006981
0.27916384,0.0,0.368951
0.24893445,0.0,0.5375432
0.699012,0.0,0.690258
0.5470224,0.0,1.0
0.4810834,0.0,0.16028383
0.4952471,0.0,0.3210754
0.8451419,0.0,0.00022235334
0.5246748,0.0,0.19211408
0.6705862,0.0,0.0017892272
0.45707193,0.0,0.35578656
0.35544991,0.0,0.37368354
0.5548228,0.0,0.0
0.39327008,0.0,0.09225969
0.4355746,0.0,0.06018789
0.5830156,0.0,0.1632073
0.64238316,0.0,0.27488643
0.60689145,0.0,0.49755153
0.65888053,0.0,0.5700326
0.68721795,0.0,0.7077677
0.92326534,0.0,0.3404362
0.7885532,0.0,0.86775494
0.7490952,0.0,0.61555463
0.7581254,0.0,0.37942922
0.5048982,0.0,0.47627258
0.38293782,0.0,0.46049467
0.6317435,0.0,0.045659576
0.4930997,0.0,6.881211e-05
0.4505384,0.0,0.19750686
0.35427266,0.0,0.4594297
0.5417007,0.0,0.0060296245
0.42074388,0.0,0.34519902
0.7564742,0.0,0.021048574
0.64262056,0.0,0.28319415
0.672352,0.0,0.00045970306
0.717529,0.0,0.36186442
0.57735103,0.0,0.60754293
0.6763825,0.0,0.22561893
0.75041205,0.0,0.17203802
0.48826692,0.0,0.00078136654
0.70026374,0.0,0.0
0.7503527,0.0,0.0
0.9269429,0.0,0.0
0.6763215,0.0,0.010244152
0.9373611,0.0,0.098727114
0.4145332,1.0,0.4289578
0.6762863,1.0,0.7294594
0.84628135,0.0,0.41555735
0.93804646,0.0,0.013948122
0.87661374,0.0,0.093311384
0.58729154,0.0,0.06915912
0.8110233,0.0,0.23369661
0.8181629,0.0,0.08934549
0.54445064,0.0,0.00029485216
0.87781817,0.0,0.0
0.7227341,0.0,0.23215407
0.6468807,0.0,0.0154348165
0.8070935,0.0,0.0
0.6832084,0.0,0.0
0.7432977,0.0,0.12888849
0.9505668,0.0,0.46694344
0.8632946,0.0,0.1957744
0.5352449,0.0,0.63826907
0.5396146,0.0,0.19340123
0.5295256,0.0,0.29931113
0.4466767,0.0,0.3196015
0.90572906,0.0,0.26887423
0.56068987,0.0,0.24321315
0.93101996,0.0,0.0689565
0.5119838,0.0,0.18486942
0.9192415,0.0,0.023595357
0.5906514,0.0,0.45669627
0.39069617,0.0,0.40371737
0.6771041,0.0,0.43652692
0.55264276,0.0,0.6435932
0.6901327,0.0,0.32266584
0.4389779,0.0,0.4959078
0.69115627,0.0,0.21530291
0.71936655,0.0,0.62348646
0.5211567,0.0,0.36166772
0.7186759,0.0,0.02373506
0.8235385,0.0,0.2677897
0.58181995,0.0,0.39852887
0.7447429,0.0,0.19725743
0.944129,0.0,0.0020810696
0.5621674,0.0,0.021122908
0.42176723,0.0,0.08952482
0.4831484,0.0,0.016372463
0.88276243,0.0,0.3334406
0.89874506,0.0,0.38012034
0.78144425,1.0,0.33364606
0.9047591,0.0,0.049938142
0.8940591,0.0,0.095794156
0.9270595,0.0,0.54095435
0.93689996,0.0,0.52034575
0.46125618,0.0,0.19581601
0.8016586,0.0,0.54026365
0.9465473,0.0,0.12167484
0.7659669,1.0,0.6596174
0.8204491,1.0,0.38495988
0.6869893,0.0,0.00021461386
0.484661,0.0,0.15922678
0.40618834,0.0,0.32135805
0.65156335,0.0,0.06885279
0.86263496,0.0,0.0
0.6698682,0.0,0.07318666
0.6798089,0.0,0.5537779
0.9615716,0.0,0.21463421
0.7879532,0.0,0.00024199404
0.42585838,0.0,0.33499604
0.7783132,0.0,0.6049328
0.87186754,0.0,0.24409789
0.5025195,0.0,0.16464278
0.56348985,0.0,0.5170529
0.592297,0.0,0.7263181
0.8493133,0.0,0.48267052
0.5028494,0.0,0.44636056
0.6572533,0.0,0.16668041
0.77229184,0.0,0.36892143
0.36514223,0.0,0.42364952
0.5570313,0.0,0.097317725
0.9198491,0.0,0.0
0.4020827,0.0,0.38084617
0.378229,0.0,0.5522761
0.9340838,0.0,0.03986427
0.6483914,0.0,0.0006590103
0.3984867,0.0,0.31916276
0.40790632,0.0,0.15173109
0.76906437,0.0,0.009320033
0.5141339,0.0,0.5122715
0.7199526,0.0,0.0039121886
0.517515,0.0,0.36234042
0.46119544,0.0,0.09132456
0.43949202,0.0,0.51056856
0.6021273,0.0,0.4161799
0.6555199,0.0,0.11162926
0.37378943,0.0,0.25703716
0.3912097,1.0,0.45147356
0.7334412,1.0,0.3626475
0.94416803,1.0,0.4192591
0.8948814,0.0,0.0061901542
0.8611081,1.0,0.67721593
0.95259017,1.0,0.63347775
0.7917033,0.0,0.050362613
0.7199413,0.0,0.38955146
0.84177107,0.0,0.38496006
0.94069195,0.0,0.10905398
0.4131672,0.0,0.17775546
0.5127381,0.0,0.23819427
0.56202984,0.0,0.008361268
0.50763744,0.0,0.07179631
0.7329893,0.0,0.0007933204
0.9689089,0.0,0.027944569
0.79796344,0.0,0.0062976694
0.9232137,0.0,0.0004650013
0.9036113,0.0,0.13704385
0.9423665,0.0,0.15797244
0.5491255,0.0,0.03182186
0.81811184,0.0,0.010774108
0.7097966,0.0,0.09598554
0.374297,0.0,0.44686103
0.59137523,0.0,0.0076422975
0.60506064,0.0,0.27188843
0.7881926,0.0,0.0014801179
0.77429384,0.0,0.0
0.83679384,0.0,0.0
0.9054907,0.0,0.0046707764
0.8968186,0.0,0.06823573
0.7106144,0.0,0.0737369
0.87126416,0.0,0.038098235
0.7231282,0.0,0.08965242
0.87251717,1.0,0.28892908
0.811248,1.0,0.68452406
0.91905177,1.0,0.08356031
0.7420778,1.0,0.51936114
0.81808895,1.0,0.7614347
0.58844036,0.0,0.552229
0.5440171,0.0,0.011011422
0.7196178,1.0,0.32984826
0.52168906,0.0,0.4832439
0.74330026,0.0,0.23478916
0.94372284,0.0,0.0036611487
0.653036,0.0,0.11183112
0.5928422,0.0,0.55263203
0.7261529,0.0,0.010129444
0.9435778,0.0,0.0034935488
0.68694675,0.0,0.27113193
0.38331276,0.0,0.22669594
0.9017104,0.0,0.013746891
0.5700881,0.0,0.21811166
0.31801304,0.0,0.7032404
0.46798941,0.0,0.5414986
0.8058544,0.0,0.3692209
0.79413587,0.0,0.19925009
0.59499127,0.0,0.013495129
0.56025374,0.0,0.0
0.6420867,0.0,0.0
0.65922266,0.0,0.00061849004
0.903496,0.0,0.007047006
0.79581684,0.0,0.015614807
0.79164577,1.0,0.47445965
0.71904284,0.0,0.29546347
0.7707121,0.0,0.09141068
0.7648734,1.0,0.17680967
0.52346516,0.0,0.38243416
0.95697504,0.0,0.0064538396
0.75361663,0.0,0.0005955084
0.6716858,0.0,0.25783497
0.7588793,0.0,0.19242796
0.8924467,0.0,0.0121545745
0.4005693,0.0,0.3689184
0.6627406,0.0,0.105147816
0.894297,0.0,0.0
0.7659864,0.0,0.0
0.61641943,0.0,0.035455
0.8795112,0.0,0.0
0.74963504,0.0,0.23958272
0.5318885,0.0,0.6891543
0.6010417,0.0,0.012941528
0.48609436,0.0,0.4183839
0.51036245,0.0,0.31207892
0.7905226,0.0,0.47975335
0.46527728,0.0,0.11860733
0.5200525,0.0,0.28696463
0.56712705,0.0,0.088207036
0.5567971,0.0,0.3519446
0.8079725,0.0,0.21267603
0.7258622,0.0,0.3293285
0.49837226,0.0,0.3606421
0.6867269,0.0,0.0123317465
0.9018262,0.0,5.1130995e-05
0.5670396,0.0,0.35529825
0.3268106,0.0,0.6144734
0.6988787,0.0,0.18131907
0.464146,0.0,0.3896484
0.5240895,1.0,0.2528794
0.71637934,1.0,0.6685545
0.832172,1.0,0.7261793
0.6938867,1.0,0.06692695
0.49844167,1.0,0.3368863
0.6175823,1.0,0.5776575
0.7290715,1.0,0.28824228
0.7956988,0.0,0.028703418
0.4977723,1.0,0.27282873
0.6311369,1.0,0.19941111
0.8026258,0.0,0.01588393
0.5853611,0.0,0.225888
0.51902276,1.0,0.48814884
0.83440405,0.0,0.069275215
0.7025826,0.0,0.07131133
0.51617944,0.0,0.36727974
0.4195995,0.0,0.5130713
0.46534893,0.0,0.37170523
0.7296905,0.0,0.20341587
0.38615733,0.0,0.39103955
0.6315998,0.0,0.0021563363
0.6853485,0.0,0.05982392
0.7659722,0.0,0.63409215
0.71229255,0.0,0.17373359
0.4460321,0.0,0.38138926
0.6881895,1.0,0.55888534
0.52903485,1.0,0.55445623
0.41461235,0.0,0.33932614
0.8643941,1.0,0.05505165
0.64112103,1.0,0.59857875
0.46235767,1.0,0.52586377
0.75565654,0.0,0.4839517
0.9101029,1.0,0.0882842
0.6794549,1.0,0.6531002
0.49863926,1.0,0.6966981
0.47638726,0.0,0.89954144
0.35597897,0.0,1.0
0.44893777,0.0,0.43994147
0.39200222,0.0,0.37144604
0.32314062,0.0,0.6065499
0.4391854,0.0,0.3750577
0.76528525,0.0,0.012995268
0.7635245,0.0,0.055486955
0.94720346,0.0,0.0012263058
0.6347352,0.0,0.00023238685
0.7251254,0.0,0.0002941125
0.89869547,0.0,0.0
0.9277507,0.0,2.5751215e-05
0.69773734,0.0,0.0
0.6719131,1.0,0.17973678
0.88600194,0.0,0.0011636675
0.8056718,1.0,0.33381727
0.86033756,1.0,0.34903353
0.94721305,0.0,0.0
0.5646827,1.0,0.314073
0.5996333,1.0,0.7414633
0.909131,0.0,0.06685297
0.9048723,0.0,0.06127135
0.52707356,0.0,0.48929882
0.59962934,0.0,0.14039555
0.74233013,0.0,0.0
0.49826345,0.0,0.075854085
0.3974672,0.0,0.30027267
0.84434974,0.0,0.029563827
0.8310378,0.0,0.0
0.6190786,0.0,0.2322766
0.55105466,0.0,0.30262113
0.8332134,0.0,0.0015807443
0.728027,0.0,0.05272764
0.40682942,0.0,0.52839327
0.6279654,0.0,0.40610564
0.9136354,0.0,0.056987163
0.4636954,0.0,0.5358562
0.5768733,0.0,0.3448608
0.29740602,0.0,0.6701483
0.38998455,0.0,0.4307473
0.93449265,0.0,0.051364824
0.7223374,0.0,0.33225062
0.49828416,0.0,0.0020056055
0.9319374,0.0,0.0
0.7868784,0.0,0.0
0.6409379,0.0,0.0
0.54173523,0.0,0.006118532
0.7849567,0.0,0.00025328086
0.9423151,1.0,0.0137014985
0.6668722,1.0,0.30744863
0.50963926,1.0,0.44298145
0.85632074,0.0,0.17687294
0.56527144,0.0,0.34552684
0.62214327,0.0,0.32283697
0.48311138,0.0,0.26793826
0.67527944,0.0,0.03998375
0.37830132,0.0,0.51534176
0.92109555,0.0,0.18035533
0.7402611,0.0,0.111953646
0.7141012,0.0,0.18850169
0.4895281,0.0,0.39126632
0.44556147,0.0,0.22236434
0.33418736,0.0,0.49519637
0.42849252,0.0,0.5560791
0.9193498,0.0,0.039515924
0.39925885,0.0,0.40757152
0.38075978,0.0,0.43390527
0.86821383,0.0,0.021098265
0.6662962,0.0,0.108966164
0.32295716,0.0,0.42613524
0.41476482,0.0,0.15629958
0.8579558,0.0,0.00021459078
0.31070548,0.0,0.5315568
0.4198606,1.0,0.62169284
0.75861627,0.0,0.16868699
0.77718467,1.0,0.58956057
0.853719,1.0,0.12380066
0.8676161,1.0,0.6675379
0.96387345,1.0,0.40329456
0.9683583,1.0,0.47085944
0.9662575,1.0,0.10206165
0.894591,1.0,0.22464456
0.85133725,0.0,0.0002979842
0.68963104,1.0,0.1438265
0.7989636,1.0,0.27107242
0.9513605,0.0,0.0
0.8237673,0.0,0.0
0.5495888,1.0,0.47575203
0.45545933,0.0,0.16963385
0.9477797,0.0,0.0
0.64237607,0.0,0.02934246
0.40413815,0.0,0.41556972
0.7397949,0.0,0.10111165
0.7707648,0.0,0.0
0.40186164,0.0,0.53458667
0.3120192,0.0,0.80126053
0.5662231,0.0,0.34431598
0.4891409,0.0,0.32978195
0.45724702,0.0,0.07755198
0.26935282,0.0,0.658884
0.36399502,0.0,0.80002296
0.6937682,0.0,0.15247469
0.67310447,0.0,0.11736186
0.83384687,0.0,0.037364364
0.88211125,0.0,0.015844349
0.96576136,0.0,0.0
0.75932664,0.0,0.00039830382
0.93772787,0.0,0.0
0.80838025,0.0,0.0
0.8613876,0.0,0.0
0.9237236,0.0,0.0
0.970585,0.0,0.012785212
0.91497743,0.0,0.32748517
0.9246444,0.0,0.16972739
0.9215417,1.0,0.5715401
0.53386533,1.0,0.6243355
0.7831971,1.0,0.5982107
0.8860578,1.0,0.07435182
0.43282646,0.0,0.2133536
0.4297462,0.0,0.44808426
0.5749994,1.0,0.3727382
0.5892346,0.0,0.0
0.51014453,0.0,0.24687295
0.346369,0.0,0.5591889
0.68448246,0.0,0.07735668
0.7961891,0.0,0.0
0.30567542,0.0,0.59794766
0.39869946,0.0,0.28055248
0.97212684,0.0,0.0
0.61955744,0.0,0.2872222
0.32633504,0.0,0.4679574
0.7263118,0.0,0.10714244
0.53337455,0.0,0.37872192
0.9010493,0.0,0.042498253
0.4097571,0.0,0.16995709
0.92378294,0.0,0.0
0.42612794,0.0,0.014922568
0.84966874,0.0,0.0
0.7611164,0.0,0.0
0.8174841,0.0,0.019097283
0.8694954,0.0,0.0
0.5667831,0.0,0.34926388
0.63668823,0.0,0.55637413
0.8291865,0.0,0.18742123
0.80785424,0.0,0.39139867
0.5435146,0.0,0.3644178
0.44124445,0.0,0.42461756
0.8767958,0.0,0.054083705
0.9390609,0.0,0.0
0.54302365,0.0,0.1960692
0.43758684,0.0,0.45334256
0.9762062,0.0,0.00073206215
0.9649556,0.0,0.016948996
0.5064868,0.0,0.29617047
0.9009208,0.0,0.29144374
0.27097115,0.0,0.59201294
0.4478932,0.0,0.6314837
0.8383686,0.0,0.17270817
0.5644996,0.0,0.103556946
0.5971503,0.0,0.1447636
0.737756,0.0,0.2312949
0.9379269,0.0,0.17546685
0.47917548,0.0,0.5021547
0.90335006,0.0,0.44702828
0.9269641,0.0,0.6785138
0.946807,0.0,0.59620714
0.46595773,0.0,0.3709575
0.88471615,0.0,0.026538463
0.8311904,0.0,0.118180215
0.37116602,0.0,0.55671483
0.38091087,0.0,0.1984208
0.8145893,0.0,0.0
0.54451674,0.0,0.1347187
0.34769195,0.0,0.40927833
0.4677981,0.0,0.20947234
0.92552286,0.0,0.004799722
0.43956667,0.0,0.40001515
0.32950804,0.0,0.705785
0.46164298,0.0,0.20733634
0.61392874,0.0,0.20218351
0.40024048,0.0,0.52515644
0.34322527,0.0,0.4600668
0.36339062,0.0,0.3133389
0.43714845,0.0,0.417662
0.561128,0.0,0.024883138
0.46881813,0.0,0.3331595
0.3656611,0.0,0.35458463
0.44637284,0.0,0.09663953
0.5393983,0.0,0.0
0.49411964,0.0,0.3439729
0.4315694,0.0,0.40394467
0.85435903,0.0,0.0
0.8614288,0.0,0.12360801
0.37696302,0.0,0.5509112
0.63306206,0.0,0.5558273
0.9079356,0.0,0.029784348
0.35689715,0.0,0.5863978
0.9205649,0.0,0.08677908
0.80579424,0.0,0.4167594
0.9072615,0.0,0.0009433978
0.8624658,0.0,0.0
0.8618861,0.0,0.0
0.62772274,0.0,0.018812349
0.92804736,0.0,0.0
0.6774984,0.0,0.06649278
0.6041875,0.0,0.16322103
0.7090339,0.0,0.11700425
0.47292107,0.0,0.62633973
0.60698587,0.0,0.4691279
0.6311331,0.0,0.19748224
0.6858709,0.0,0.46150708
0.7830193,0.0,0.40803525
0.94448525,0.0,0.16484639
0.9031358,0.0,0.07408277
0.59664214,0.0,0.40036118
0.6391983,0.0,0.18844841
0.8114508,0.0,0.26334232
0.778821,0.0,0.13291377
0.47931248,0.0,0.6378437
0.70626014,0.0,0.24721283
0.8893152,0.0,0.4623618
0.84268916,0.0,0.0014202622
0.9141481,0.0,0.02743532
0.8485781,0.0,0.009987754
0.68660897,0.0,0.0009966722
0.95360875,1.0,0.07745558
0.8161714,0.0,0.00011384324
0.5613937,0.0,0.0005915062
0.677625,0.0,0.0
0.4544029,0.0,0.0
0.44346488,0.0,0.0060458523
0.4281999,0.0,0.0
0.7400302,0.0,0.0
0.6268109,0.0,0.0
0.45704323,0.0,0.027199943
0.9244452,0.0,0.00017367833
0.8318034,0.0,0.0053764093
0.42337248,0.0,0.21670564
0.59082675,0.0,0.24883121
0.8122544,0.0,0.24129036
0.68110245,0.0,0.31530026
0.6110206,0.0,0.57325345
0.8253065,0.0,0.6270637
0.7745175,0.0,0.502269
0.9194428,0.0,0.038374342
0.5650012,0.0,0.4567881
0.82504547,0.0,0.162226
0.45606542,0.0,0.59056383
0.690427,0.0,0.34538817
0.7072021,0.0,0.41042683
0.85222816,0.0,0.112718835
0.47050557,0.0,0.55339533
0.56950265,0.0,0.043534286
0.56391406,1.0,0.55243987
0.6339249,1.0,0.53491277
0.39377764,1.0,0.6549659
0.7656926,1.0,0.36112392
0.9077913,1.0,0.20577131
0.821002,1.0,0.30615684
0.43367192,1.0,0.56464106
0.3496283,1.0,0.47823873
0.96771026,1.0,0.0459825
0.6186033,1.0,0.24910313
0.8199057,1.0,0.21523117
0.8424628,0.0,0.0
0.54165363,1.0,0.43328488
0.3287319,1.0,0.6557332
0.64877117,1.0,0.22789411
0.5598883,0.0,0.2856792
0.53531057,1.0,0.7875656
0.5314372,0.0,0.39921388
0.9671214,0.0,0.013433883
0.92181647,0.0,0.010172701
0.7880125,0.0,0.18891257
0.86003935,0.0,0.0
0.6752121,0.0,0.10827307
0.5938586,0.0,0.3795607
0.8713714,0.0,0.0
0.9262591,0.0,0.0
0.6581608,0.0,0.24980405
0.85311085,0.0,0.0279737
0.86921394,0.0,0.0
0.80355316,0.0,0.0
0.76745737,0.0,0.07697757
0.80365986,1.0,0.321015
0.8613621,1.0,0.106017984
0.907295,0.0,0.0
0.9554826,1.0,0.07472225
0.88404524,0.0,0.012730518
0.9508745,0.0,0.0
0.9266575,0.0,0.0
0.9574279,0.0,0.10096266
0.67003703,0.0,0.15398085
0.94904834,0.0,0.0
0.8478097,0.0,0.0
0.61972725,0.0,0.47288728
0.9163112,0.0,0.18911964
0.97833806,0.0,0.12175759
0.963274,0.0,0.48862684
0.939062,0.0,0.06288131
0.9060224,0.0,0.07603056
0.868316,0.0,0.6163971
0.96813005,0.0,0.18588135
0.88674754,0.0,0.0065038134
0.85984886,0.0,0.14377326
0.56660885,0.0,0.3968081
0.6322617,0.0,0.09762643
0.5438896,0.0,0.005803513
0.7118353,0.0,0.32766765
0.5008501,0.0,0.6669681
0.3804619,0.0,0.046732545
0.5342729,0.0,0.41955024
0.66550493,0.0,0.035651688
0.4685076,0.0,0.5736476
0.80576104,0.0,0.44142023
0.92206305,0.0,0.004225565
0.9081868,0.0,0.28127638
0.86114484,0.0,0.02202405
0.9365476,0.0,0.2726607
0.9556287,0.0,0.12649538
0.9081629,0.0,0.34586242
0.9732718,0.0,0.012565928
0.7622551,1.0,0.24812394
0.8400232,1.0,0.4560473
0.9306191,0.0,0.008477724
0.9236384,1.0,0.11337082
0.546672,1.0,0.27972445
0.8206687,0.0,0.07372068
0.50868917,0.0,0.30301684
0.8312403,0.0,0.5685911
0.51754147,0.0,0.75132704
0.8818742,0.0,0.1546574
0.6304577,0.0,0.16692267
0.7010089,0.0,0.33317667
0.9124481,0.0,0.0030808502
0.96024126,0.0,0.0047957227
0.87823784,0.0,0.0026793755
0.69368976,0.0,0.03564905
0.7613428,0.0,0.0
0.6480806,0.0,0.24144398
0.7756145,0.0,0.105200805
0.68366575,0.0,0.0013597116
0.7448408,0.0,0.0
0.7366768,0.0,0.2769362
0.85511065,0.0,0.0044722143
0.939538,0.0,0.011298133
0.6514865,0.0,0.23992863
0.54804105,0.0,0.18574412
0.9157726,0.0,0.0022779151
0.972875,0.0,0.07579632
0.66733676,0.0,0.28019786
0.66137666,0.0,0.30087304
0.4339574,0.0,0.6944005
0.87392396,0.0,0.44056848
0.7746062,0.0,0.02335012
0.53360075,0.0,0.31579763
0.35006696,0.0,0.42244655
0.4341286,0.0,0.7162987
0.7128587,0.0,0.041410092
0.5427135,0.0,0.11797847
0.47160405,0.0,0.6126012
0.5762316,0.0,0.23423555
0.76402545,0.0,3.7932765e-05
0.79592085,0.0,0.30507034
0.41881132,0.0,0.3756085
0.640143,0.0,0.04899806
0.5672352,0.0,0.0027182852
0.7441917,0.0,0.2565204
0.53545886,0.0,0.23909566
0.51853824,0.0,0.0049371757
0.4314055,1.0,0.48875406
0.824992,1.0,0.4551816
0.89446276,0.0,0.07614828
0.67804617,0.0,0.0010927214
0.47068307,1.0,0.42576522
0.92245245,0.0,0.55627763
0.8866397,0.0,0.16761322
0.85618263,0.0,0.3725219
0.4230338,0.0,0.5521467
0.51668507,0.0,0.65850097
0.6519334,0.0,0.14564146
0.5540454,0.0,0.4230146
0.31463468,0.0,0.8356506
0.38576674,0.0,0.28152493
0.79714525,0.0,0.12875868
0.47530195,0.0,0.18297601
0.47459033,0.0,0.06061959
0.65976584,0.0,0.0
0.6807053,0.0,0.0015454063
0.5963935,0.0,0.0019277731
0.8622939,1.0,0.056466695
0.9888837,1.0,0.036599763
0.96389514,1.0,0.37569487
0.95144325,1.0,0.18873289
0.8857958,1.0,0.43608856
0.76426524,0.0,0.3676562
0.84974337,0.0,0.08550111
0.8865221,0.0,0.002458711
0.7858573,1.0,0.12448542
0.85878384,0.0,0.008731655
0.7725702,0.0,0.088169105
0.80864155,0.0,0.0
0.83984536,0.0,0.044877704
0.75829816,0.0,0.007790899
0.8368311,0.0,0.060353253
0.86602813,0.0,0.0
0.4563542,0.0,0.18162753
0.7486723,0.0,0.6914421
0.40275475,0.0,0.56147
0.62358195,0.0,0.5271449
0.56114626,0.0,0.12688673
0.7319503,0.0,0.19736464
0.6484088,0.0,0.030462608
0.69731176,0.0,0.00076989376
0.9214319,0.0,0.04976491
0.76845634,0.0,0.0
0.74813646,0.0,0.018741315
0.50967366,0.0,0.0011533113
0.57873034,0.0,0.0039549
0.43632135,0.0,0.06521563
0.3696019,0.0,0.29349738
0.36275023,0.0,0.024954563
0.5521422,0.0,0.78435427
0.7500529,0.0,0.1697914
0.39488387,0.0,0.34255597
0.87552863,1.0,0.4879494
0.68619657,0.0,0.40752885
0.578234,0.0,0.41065666
0.8736494,0.0,0.071536265
0.9025251,1.0,0.28710654
0.39217833,0.0,0.506288
0.7306754,0.0,0.090103194
0.7764323,0.0,0.11755169
0.50408465,0.0,0.43304324
0.5967131,0.0,0.20659429
0.92377514,0.0,0.0
0.8908837,0.0,0.16145703
0.46838397,0.0,0.28309268
0.6337828,0.0,0.0
0.93094504,0.0,0.004877698
0.7766565,0.0,0.19073322
0.4856873,0.0,0.4559768
0.51529855,0.0,0.22049896
0.95641404,0.0,0.055142798
0.5539418,0.0,0.70282143
0.3530323,0.0,0.34618214
0.31474692,0.0,0.9624663
0.387454,0.0,0.8089256
0.44397625,0.0,0.79119414
0.5323754,0.0,0.52181286
0.40249547,0.0,0.5372826
0.6016041,0.0,0.27713892
0.6083889,0.0,0.44998133
0.5162333,0.0,0.43965134
0.525708,0.0,0.160719
0.5672906,0.0,0.42981905
0.7832903,0.0,0.023962226
0.6461239,0.0,0.34508154
0.6145051,0.0,0.5318038
0.4423045,0.0,0.45832244
0.42474997,0.0,0.32220113
0.37625688,0.0,0.40448034
0.53264374,0.0,0.15239489
0.3276496,0.0,0.27658677
0.6525558,0.0,0.008953712
0.37664372,0.0,0.45450652
0.9027324,0.0,0.2133079
0.33443,0.0,0.49251163
0.44950855,0.0,0.8098321
0.45902398,0.0,0.5468054
0.31402713,0.0,0.6838916
0.44086477,0.0,0.65104806
0.30324847,0.0,0.6836459
0.35126907,0.0,0.6894206
0.3762175,0.0,0.44226024
0.8270919,0.0,0.43345827
0.5117474,1.0,0.15949132
0.5866705,1.0,0.047703467
0.5145892,0.0,0.05613373
0.44360632,1.0,0.08900481
0.77850735,0.0,0.0013777926
0.37053105,1.0,0.1310607
0.44084656,0.0,0.1317052
0.4713797,0.0,0.33212823
0.31663045,0.0,0.74422216
0.3370951,0.0,0.5154368
0.2646033,1.0,0.75709003
0.3465733,1.0,0.5253368
0.4262175,1.0,0.5008694
0.7496336,0.0,0.2736102
0.82379717,0.0,0.0070038293
0.59277314,1.0,0.05351279
0.52725303,0.0,0.07551768
0.809283,1.0,0.2880056
0.36704317,0.0,0.4450708
0.37990382,0.0,0.8012437
0.6448882,1.0,0.47412145
0.46971262,0.0,0.6111903
0.35361233,0.0,0.3093853
0.4562841,0.0,0.34275252
0.37494913,0.0,0.39000753
0.56480736,0.0,0.38954303
0.43598408,0.0,0.5977303
0.6014074,0.0,0.46034533
0.58470744,0.0,0.21982348
0.7065353,0.0,0.034873303
0.41944176,0.0,0.19459295
0.8724395,0.0,0.0083217425
0.4749843,0.0,0.40068266
0.33025312,0.0,0.6517612
0.48547718,0.0,0.708087
0.89687747,0.0,0.12638797
0.9010164,0.0,0.17405787
0.9218216,0.0,0.0
0.38639218,0.0,0.2495956
0.67575496,0.0,0.0
0.36948588,0.0,0.32341853
0.28378457,0.0,0.63100284
0.6053903,0.0,0.019043893
0.31900725,0.0,0.49133584
0.3110418,0.0,0.46980664
0.41666338,0.0,0.7491086
0.3661925,0.0,0.241809
0.5280592,0.0,0.15196672
0.40969306,0.0,0.20034578
0.6823613,0.0,0.31210908
0.8279637,0.0,0.012154404
0.30864856,1.0,0.3145396
0.9426455,0.0,0.0
0.4412323,0.0,0.014178133
0.96059364,0.0,0.08279789
0.48468477,1.0,0.17718127
0.5438539,1.0,0.11600234
0.3301341,1.0,0.23669942
0.3901912,1.0,0.7792398
0.86068237,1.0,0.33084956
0.37170503,1.0,0.55007833
0.3658724,1.0,0.47846347
0.72567904,0.0,0.4643987
0.6686605,0.0,0.16966817
0.415035,1.0,0.40389943
0.3652322,0.0,0.2359074
0.38695875,0.0,0.21648611
0.6851091,0.0,0.024727518
0.39740208,0.0,0.10649408
0.6742484,0.0,0.00018071233
0.26151335,0.0,0.23920013
0.57039356,0.0,0.14614147
0.39042482,0.0,0.33660543
0.37674192,0.0,0.7845317
0.35527578,0.0,1.0
0.7083318,0.0,0.5072932
0.83068645,0.0,0.09298214
0.9129016,0.0,0.0
0.88131934,0.0,0.09027319
0.84213567,0.0,0.008375504
0.51952,0.0,0.39653268
0.9057224,0.0,0.0
0.72707933,0.0,0.42460704
0.6174108,1.0,0.21368818
0.54058266,0.0,0.1224817
0.5473938,0.0,0.7927616
0.7757169,0.0,0.73412484
0.9271035,0.0,0.27818382
0.6993685,0.0,0.20963939
0.729404,0.0,0.032474548
0.7063905,0.0,0.0058854865
0.83749443,0.0,0.07121507
0.92659366,0.0,0.0050227726
0.6682671,0.0,0.3939318
0.68953264,0.0,0.008127052
0.6148196,0.0,0.22403026
0.5811873,0.0,0.73224616
0.46802345,0.0,0.8200751
0.6272644,0.0,0.12460435
0.6657285,0.0,0.12586226
0.8761061,0.0,0.0064184177
0.7108377,0.0,0.00776132
0.9371847,0.0,0.0026866214
0.4655713,0.0,0.011128532
0.46688542,0.0,0.0
0.6605849,0.0,0.08800763
0.53501505,0.0,0.028190976
0.5623784,0.0,0.18034911
0.6736563,0.0,0.06416977
0.42785904,0.0,0.00954234
0.711251,0.0,0.011469441
0.61305165,0.0,0.029284777
0.47033796,0.0,0.21546942
0.8656666,0.0,0.29599914
0.4328942,0.0,0.6202716
0.34915745,0.0,0.77995104
0.42391244,0.0,0.77187985
0.58137065,0.0,0.27844197
0.54091024,0.0,0.59309536
0.60622454,0.0,0.49679244
0.49374446,0.0,0.10481466
0.76658136,0.0,0.7910273
0.68184584,0.0,0.0950362
0.5096096,0.0,0.44276786
0.56600595,0.0,0.12408576
0.72883236,0.0,0.5111218
0.8079595,0.0,0.13196011
0.5917003,0.0,0.66476715
0.4042362,0.0,0.22007807
0.76759464,0.0,0.019757409
0.6787366,0.0,0.5404273
0.82433647,0.0,0.39541867
0.9155281,0.0,0.061481506
0.5635534,0.0,0.21632391
0.55839366,0.0,0.42845595
0.80287254,0.0,0.25192276
0.6568215,0.0,0.5773381
0.8169903,0.0,0.11418938
0.43312153,0.0,0.5534724
0.49808735,0.0,0.8185822
0.41035008,0.0,0.18036467
0.50691116,0.0,0.61322796
0.74323326,0.0,0.37411296
0.38674414,0.0,0.5841532
0.5093262,0.0,0.72573787
0.42136675,0.0,0.6454973
0.3810284,0.0,0.8423085
0.4703688,0.0,0.71165115
0.5832806,0.0,0.048132665
0.49454167,0.0,0.30850902
0.5253641,0.0,0.0
0.6734982,0.0,0.09310113
0.44562408,0.0,0.00035438736
0.8025269,0.0,0.17429918
0.57659495,0.0,0.0028020302
0.8045805,0.0,0.08940846
0.9417429,0.0,0.41072825
0.80413795,0.0,0.4044942
0.7755388,0.0,0.3091799
0.6917648,0.0,0.35484695
0.7787652,0.0,0.14192016
0.6822169,0.0,0.12041738
0.6644326,0.0,0.46067286
0.94573736,0.0,0.07020676
0.80306065,0.0,0.27402732
0.9109046,0.0,0.019609658
0.9557125,0.0,0.011975921
0.83374196,0.0,0.5517415
0.8232799,0.0,0.17228048
0.86562634,0.0,0.46888223
0.86651653,0.0,0.0030514565
0.8780126,0.0,0.3104629
0.9385392,0.0,0.108551085
0.6776141,0.0,0.2571949
0.89163893,0.0,0.07416196
0.86238486,0.0,0.014060996
0.6451613,0.0,0.55291444
0.73106235,0.0,0.2532153
0.70856035,0.0,0.18737759
0.6471532,0.0,0.6310641
0.8628736,0.0,0.48580602
0.81855226,0.0,0.5328052
0.83774716,0.0,0.3665363
0.6691367,0.0,0.5732587
0.82522005,0.0,0.12042722
0.8748879,0.0,0.37220648
0.79841185,0.0,0.009165302
0.82896495,0.0,0.2714864
0.857021,0.0,0.030646134
0.916926,0.0,0.12173461
0.9163267,0.0,0.016592301
0.97121364,0.0,9.765219e-05
0.90195817,0.0,0.1417113
0.9503983,0.0,0.065196656
0.8313538,0.0,0.30642405
0.7302949,0.0,0.5712484
0.32109353,0.0,0.6016732
0.9264518,0.0,0.008742858
0.9321319,0.0,0.21927069
0.5079859,0.0,0.516375
0.9296675,0.0,0.39374456
0.965363,0.0,0.073994786
0.79750526,0.0,0.037892647
0.6809446,0.0,0.81992394
0.8441269,0.0,0.5332755
0.9751785,0.0,0.042922053
0.911797,0.0,0.17775533
0.9479436,0.0,0.0
0.82696587,0.0,0.0139817055
0.88614404,0.0,0.0
0.97789335,0.0,0.0
0.9390298,0.0,0.0
0.9489509,0.0,0.0102708135
0.92500985,0.0,0.26205558
0.9467836,0.0,0.048778027
0.89251924,0.0,0.28372812
0.8437499,0.0,0.048986305
0.9560152,0.0,0.0
0.96889067,0.0,0.0071505373
0.8139657,0.0,0.0067051267
0.88146776,0.0,0.14569026
0.63639563,0.0,0.059977006
0.8664732,0.0,0.0008502454
0.95806104,0.0,0.1012566
0.90636283,0.0,0.5389928
0.8869635,0.0,0.36728546
0.9208195,0.0,0.20616403
0.53094554,0.0,0.7804621
0.91348064,0.0,0.216119
0.56777227,0.0,0.16239725
0.8487634,0.0,0.15707237
0.9283885,0.0,0.14795287
0.80877316,0.0,0.0039399522
0.9687468,0.0,0.059441715
0.6238386,0.0,0.0016870826
0.9345361,0.0,0.0
0.89304334,0.0,0.0014036401
0.90957016,0.0,0.0
0.7740672,1.0,0.43583858
0.7494556,1.0,0.40383708
0.77920157,1.0,0.46583083
0.73642945,1.0,0.4509703
0.914843,0.0,0.020612897
0.89831084,0.0,0.07013211
0.74836254,0.0,0.00027685077
0.7946062,0.0,0.029509615
0.8750301,0.0,0.0004119856
0.9857188,0.0,0.047855664
0.9567239,0.0,0.1659736
0.94537956,0.0,0.3369269
0.89326996,0.0,0.7468752
0.9181415,0.0,0.2034686
0.67327607,0.0,0.08471724
0.86943465,0.0,0.06590506
0.7960991,1.0,0.52323335
0.90516806,1.0,0.5045595
0.89223367,1.0,0.20094639
0.8739668,0.0,0.04624184
0.80240583,1.0,0.62884307
0.8830849,1.0,0.6411328
0.94614047,0.0,0.0930522
0.62183934,1.0,0.22685711
0.8834877,0.0,0.20186749
0.8397899,0.0,0.0077767423
0.7396213,0.0,0.41623437
0.9057593,0.0,0.10994143
0.7336564,0.0,0.18363616
0.6057506,0.0,0.5861724
0.76530784,0.0,0.34830564
0.5603738,0.0,0.81136125
0.59210664,0.0,0.7584706
0.95132273,0.0,0.16687775
0.80113715,0.0,0.100875266
0.92374104,0.0,0.06697334
0.95559317,0.0,0.019356353
0.8693205,0.0,0.06484988
0.71925724,0.0,0.00021972154
0.72737175,0.0,0.012058233
0.9113973,0.0,0.009230581
0.51003975,0.0,0.36607674
0.87356275,0.0,0.14527197
0.89349794,0.0,0.0014320347
0.71988213,0.0,0.17020857
0.881613,0.0,0.026556002
0.7452522,0.0,0.31950593
0.45774898,0.0,0.74924225
0.60225356,0.0,0.52817154
0.7209095,0.0,0.5261659
0.7240973,0.0,0.010042818
0.4196592,0.0,0.66017884
0.6524091,0.0,0.20790909
0.5868877,0.0,0.4588833
0.661874,0.0,0.8104255
0.5421528,0.0,0.5606907
0.812075,0.0,0.045727003
0.69727236,0.0,0.11555478
0.6971107,0.0,0.3695092
0.81735617,0.0,0.46079928
0.700247,0.0,0.009410834
0.9454388,0.0,0.10497138
0.94670916,0.0,0.004868212
0.78087324,0.0,0.110004745
0.94610643,0.0,0.0
0.9095237,0.0,0.037980553
0.7195112,0.0,0.013783102
0.68809795,0.0,0.2000845
0.73016393,0.0,0.31253368
0.64213556,0.0,0.17145124
0.70641935,0.0,0.08369579
0.8763172,0.0,0.00573458
0.8685182,0.0,0.17820713
0.7263193,0.0,0.005996703
0.5964456,0.0,0.22748682
0.32071784,0.0,0.32315785
0.44240218,0.0,0.22265948
0.79501116,0.0,0.0
0.76022273,0.0,0.09846382
0.4772688,0.0,0.513183
0.3666148,0.0,0.2023318
0.9410882,0.0,0.00819363
0.8963778,0.0,0.044235263
0.37988654,0.0,0.36763236
0.4515446,0.0,0.19979818
0.8477002,0.0,0.0
0.73303026,0.0,0.18728136
0.32320267,0.0,0.6074569
0.64009297,0.0,0.29192042
0.91771823,0.0,0.026325835
0.48642278,0.0,0.6516358
0.4313355,0.0,0.7088964
0.716802,0.0,0.5758287
0.52743626,0.0,0.5172402
0.5815246,0.0,0.50286275
0.5691385,0.0,0.49139985
0.6196712,0.0,0.24360509
0.47660542,0.0,0.6875799
0.5226738,0.0,0.3234474
0.63677144,0.0,0.27342972
0.47362676,0.0,0.70355946
0.77062714,0.0,0.4622582
0.9724389,0.0,0.07368499
0.5702184,0.0,0.4279284
0.5038714,0.0,0.20044675
0.9310515,0.0,0.0035525754
0.8366867,0.0,0.047996297
0.4787076,0.0,0.045033935
0.6931784,0.0,0.1497333
0.49524426,0.0,0.7522684
0.7971235,0.0,0.31257355
0.9783322,0.0,0.06609303
0.746231,0.0,0.40478653
0.82079095,1.0,0.57179135
0.7948129,1.0,0.41495323
0.7900442,1.0,0.6746646
0.7187918,1.0,0.113605715
0.59810835,1.0,0.21840523
0.90722984,1.0,0.13603616
0.52332896,0.0,0.20471875
0.933627,0.0,0.061065093
0.8408479,0.0,0.0624505
0.76403296,1.0,0.31633222
0.810619,0.0,0.0
0.6856163,1.0,0.1410495
0.59231186,0.0,0.009710941
0.49376377,0.0,0.107463315
0.7523802,0.0,0.02625127
0.5082813,0.0,0.21603575
0.56355006,0.0,0.6996416
0.5753048,1.0,0.7109033
0.782968,1.0,0.25000072
0.657142,1.0,0.39209142
0.8011915,0.0,0.00040810983
0.68325096,1.0,0.20274854
0.916036,0.0,0.0075695775
0.87313,1.0,0.10058506
0.7390629,0.0,0.013815578
0.6343797,1.0,0.27837348
0.8264277,0.0,0.004389952
0.6606363,0.0,0.0010398774
0.7642437,1.0,0.0450083
0.7831436,0.0,0.16745473
0.53012544,1.0,0.50920594
0.9349185,0.0,0.2910585
0.89409125,0.0,0.5465647
0.5543538,0.0,0.82439613
0.80601627,0.0,0.22189198
0.85406435,0.0,0.08267193
0.8402938,0.0,0.0
0.89888656,0.0,0.0
0.70073915,0.0,0.00016935113
0.8604719,0.0,0.0005508636
0.8997538,0.0,0.005624639
0.7872402,0.0,0.08347314
0.6782589,0.0,0.2084032
0.8384186,0.0,0.17089568
0.44447708,0.0,0.8390817
0.55438334,0.0,0.790747
0.76345176,0.0,1.0
0.8923733,0.0,0.7824427
0.7934986,0.0,0.17962989
0.9515155,0.0,0.0027977368
0.98148394,0.0,0.010245366
0.64874715,0.0,0.12776448
0.7621452,0.0,0.0007591488
0.9829904,0.0,0.007370402
0.5430101,0.0,0.0013397892
0.4913259,1.0,0.056568626
0.77015823,0.0,0.0
0.93475986,0.0,0.0
0.9151534,1.0,0.024503984
0.5900382,1.0,0.07869515
0.78089476,0.0,0.01053306
0.64271164,0.0,0.0
0.6659862,0.0,0.002066568
0.5984119,0.0,0.012962373
0.69919086,0.0,0.0
0.4904545,0.0,0.02251254
0.55644715,0.0,0.069235116
0.60584146,0.0,0.47642532
0.5499016,0.0,0.5977897
0.5375368,0.0,0.50997895
0.85305303,0.0,0.26079103
0.925269,0.0,0.0
0.93986773,0.0,0.0
0.7746759,0.0,0.016850166
0.800111,1.0,0.038927518
0.61830163,1.0,0.2879874
0.8892101,0.0,0.039080754
0.8700305,1.0,0.27199012
0.49685454,1.0,0.53868204
0.70876884,1.0,0.5998645
0.681639,1.0,0.2584903
0.6333336,1.0,0.13691631
0.45072693,0.0,0.0
0.58170414,1.0,0.30742368
0.71099156,1.0,0.61622936
0.8005871,0.0,0.23845118
0.33950165,0.0,0.6776049
0.49495453,0.0,0.48859715
0.43967137,0.0,0.5989045
0.6509281,0.0,0.5740823
0.5730213,0.0,0.52913
0.6604158,0.0,0.6062444
0.65339524,0.0,0.2014336
0.4623405,0.0,0.35050917
0.53462666,0.0,0.13405861
0.808178,0.0,0.12958089
0.39172032,0.0,0.2953322
0.3999215,0.0,0.4000681
0.3102105,0.0,0.5916346
0.56039506,0.0,0.18452147
0.7812355,0.0,0.059857093
0.4033776,0.0,0.35042998
0.32082626,0.0,0.3708703
0.8754926,0.0,0.0011887691
0.9078153,0.0,0.29284915
0.19512756,0.0,0.74457693
0.5455986,0.0,0.40409473
0.46948206,0.0,0.6914984
0.581865,0.0,0.21763542
0.40583336,0.0,0.21510397
0.86182195,0.0,0.009549654
0.39456484,0.0,0.46017814
0.50571406,0.0,0.08383434
0.47007665,0.0,0.10483634
0.4058308,0.0,0.14250593
0.70029664,0.0,0.03336961
0.40496153,0.0,0.01775094
0.42153388,0.0,0.31193998
0.5279761,0.0,0.053712677
0.45175135,0.0,0.037051346
0.42099532,0.0,0.12730254
0.51668626,0.0,0.30692786
0.3516585,0.0,0.35755518
0.471915,0.0,0.026688121
0.85523355,0.0,0.0027065484
0.32699764,0.0,0.43348476
0.5445918,0.0,0.15894584
0.8738634,0.0,0.0025960556
0.75445527,0.0,0.091038376
0.65814745,0.0,0.046677932
0.52543676,0.0,0.026999414
0.534378,0.0,0.37737313
0.565807,0.0,0.3074781
0.3990733,0.0,0.6700887
0.4697038,0.0,0.21302167
0.498956,0.0,0.42910945
0.35812658,0.0,0.7385982
0.43930894,0.0,0.059533324
0.4400956,0.0,0.7611014
0.395972,0.0,0.34825155
0.49950334,0.0,0.511061
0.49814048,0.0,0.26852718
0.40902424,0.0,0.5314972
0.36499465,0.0,0.18391731
0.352368,0.0,0.8283005
0.41916847,0.0,0.5155631
0.35470837,0.0,0.74125236
0.3854297,0.0,0.30264
0.3085101,0.0,0.7980702
0.4910043,0.0,0.19878684
0.6211532,0.0,0.32273778
0.32781932,0.0,0.6693931
0.27336028,0.0,0.41191703
0.74551314,0.0,0.08009926
0.4141831,0.0,0.14483036
0.46673226,0.0,0.0
0.47165617,0.0,0.23859324
0.3883486,0.0,0.6139172
0.43220615,0.0,0.39396894
0.67141414,0.0,0.082494035
0.3054365,0.0,0.5283795
0.41833127,0.0,0.4000539
0.7526195,0.0,0.00197257
0.33563787,0.0,0.49453855
0.40254626,0.0,0.053403914
0.38016945,0.0,0.0007052687
0.34624517,0.0,0.42719457
0.5407053,0.0,0.17684084
0.53424466,0.0,0.07231738
0.5908507,0.0,0.024002267
0.5284943,1.0,0.078724004
0.8577479,1.0,0.0032119176
0.8725494,1.0,0.010325203
0.9157219,1.0,0.09485088
0.95732594,1.0,0.003314512
0.9270435,1.0,0.00556313
0.8908212,0.0,0.00035067223
0.79779667,1.0,0.00020295463
0.8564518,1.0,0.011703981
0.7001721,0.0,0.0
0.83922327,0.0,0.014037371
0.9392112,0.0,0.013485193
0.7151276,0.0,0.00024604658
0.8150575,0.0,0.0
0.8078073,0.0,0.048324503
0.94877636,0.0,0.0
0.9292495,0.0,0.00043211505
0.9381588,0.0,0.0029369046
0.81090385,0.0,0.0038874755
0.8282574,0.0,0.00028667014
0.6545254,0.0,0.0
0.9254619,0.0,0.0030734274
0.6267904,0.0,0.037345067
0.7763758,0.0,0.24874811
0.8444941,0.0,0.054051295
0.39650938,0.0,0.49541602
0.51234543,0.0,0.44194815
0.46278217,0.0,0.67682594
0.80221975,0.0,0.29370582
0.5375134,0.0,0.3305493
0.5753467,0.0,0.20807894
0.6663184,0.0,0.19443336
0.8904624,0.0,0.0028159996
0.8977928,0.0,0.00093748904
0.8831719,0.0,0.026542999
0.7752537,0.0,0.045824513
0.56420606,0.0,0.0
0.8116848,0.0,0.00057926733
0.8529732,0.0,0.03185917
0.7482605,0.0,0.087962545
0.7447191,0.0,0.09249283
0.8342724,0.0,0.093207695
0.6895955,0.0,0.39937386
0.5912981,0.0,0.71846926
0.5892228,0.0,0.4712699
0.8115116,0.0,0.008066797
0.77774847,1.0,0.18246457
0.933023,1.0,0.45299602
0.96819866,0.0,0.12153459
0.9557725,1.0,0.0029352803
0.84093237,1.0,0.40459818
0.97749615,1.0,0.0036100307
0.98507,1.0,0.0
0.9047884,1.0,0.23751198
0.7706018,1.0,0.08185553
0.8721603,0.0,0.034005992
0.6466248,0.0,0.12511788
0.82824165,0.0,0.00033209403
0.88788176,0.0,0.0
0.58442044,0.0,0.20209883
0.60424125,0.0,0.005138807
0.6388934,0.0,0.0005737919
0.35638145,0.0,0.2818926
0.43023878,0.0,0.4483724
0.38083678,0.0,0.32642296
0.77194846,0.0,0.0
0.71140033,0.0,0.00039785545
0.6650379,0.0,0.0
0.77635723,0.0,0.055868465
0.92637426,0.0,0.0069990507
0.7741745,0.0,0.026390696
0.3790021,0.0,0.3510509
0.58012533,0.0,0.3187348
0.6476184,0.0,0.5354202
0.49785608,0.0,0.23927757
0.36394495,0.0,0.64387864
0.43837297,0.0,0.43274754
0.8145904,0.0,0.11033195
0.7611706,0.0,0.0022073013
0.7724512,0.0,0.059961185
0.72173256,0.0,0.057477504
0.7133431,0.0,0.045422982
0.57680964,0.0,0.37960178
0.90660894,0.0,0.12580204
0.43801466,0.0,0.33225197
0.63040656,0.0,0.1885741
0.8262011,1.0,0.031463563
0.5043257,1.0,0.2829164
0.70844907,1.0,0.045206092
0.58256316,1.0,0.09742516
0.62053144,0.0,0.53507656
0.40414926,0.0,0.79054976
0.5460569,1.0,0.53621656
0.48623174,0.0,0.5769941
0.7800799,1.0,0.41492915
0.3876168,0.0,0.35478953
0.49221703,1.0,0.5392806
0.50292575,1.0,0.02806724
0.33777645,1.0,0.18485774
0.4381567,1.0,0.12021691
0.37828672,1.0,0.6007483
0.6079854,0.0,0.25255552
0.45420536,0.0,0.6831669
0.7339422,0.0,0.2450653
0.47019038,0.0,0.26623207
0.2877659,0.0,0.7120827
0.7150543,0.0,0.27099675
0.3862462,0.0,0.3264876
0.32661998,0.0,0.50854063
0.4121672,0.0,0.61455077
0.5310742,0.0,0.08075112
0.5504361,0.0,0.3583396
0.3944214,0.0,0.76740235
0.36559558,0.0,0.8474193
0.6534978,0.0,0.27962527
0.38508454,0.0,0.62494564
0.506405,0.0,0.34391913
0.40182438,0.0,0.50016844
0.5479975,0.0,0.023963679
0.33450153,0.0,0.5058957
0.467053,0.0,0.5615435
0.5827544,0.0,0.06070927
0.35730845,0.0,0.08088979
0.3656608,0.0,0.12145888
0.4165659,0.0,0.2975694
0.6687943,0.0,0.06890408
0.7430286,0.0,0.5563005
0.8298746,0.0,0.35094222
0.9481967,0.0,0.026759382
0.58559823,0.0,0.06129027
0.7559975,0.0,0.11387397
0.8949771,0.0,0.02291604
0.8203743,0.0,0.03871401
0.6125953,0.0,0.36126056
0.5886597,0.0,0.26447558
0.8386124,0.0,0.22252683
0.29170844,0.0,0.620949
0.4972191,0.0,0.061222948
0.88675106,0.0,0.0035658083
0.7090329,0.0,0.051034037
0.27718666,0.0,0.020770025
0.8286953,0.0,0.012625357
0.6641735,0.0,0.0
0.33266944,0.0,0.2838465
0.41057754,0.0,0.46929774
0.8169694,0.0,0.14527507
0.9135486,0.0,0.0
0.92551666,0.0,0.0
0.7425882,0.0,0.0014662753
0.5974606,0.0,0.00090127334
0.63063085,0.0,0.004226005
0.94391793,1.0,0.007281101
0.74713266,0.0,0.0026956047
0.6885334,0.0,0.07385915
0.80871224,1.0,0.0
0.6934627,0.0,0.18857701
0.69923216,0.0,0.008556338
0.57721335,0.0,0.0
0.8746978,0.0,0.00061964773
0.7857895,1.0,0.008261468
0.64572114,1.0,0.01552549
0.41862312,0.0,0.00062638
0.32695836,1.0,0.35498592
0.32985717,0.0,0.29903552
0.7243859,0.0,0.059058122
0.42062992,0.0,0.0025037625
0.6553959,0.0,0.001064499
0.50281805,0.0,0.22765397
0.67430764,0.0,0.25067627
0.8156281,0.0,0.19821306
0.67853963,0.0,0.20201263
0.8944035,0.0,0.2351176
0.80992174,1.0,0.4883985
0.88307804,1.0,0.4751493
0.9050481,1.0,0.09298237
0.97894466,1.0,0.21363932
0.99075377,1.0,0.07095511
0.9579347,1.0,0.0
0.98175645,1.0,0.0073621455
0.9244569,0.0,0.01353488
0.8444896,0.0,0.0060528703
0.641091,0.0,0.0016194232
0.95042276,0.0,0.0
0.9197093,0.0,0.0
0.8667546,0.0,0.008378005
0.9469418,0.0,0.00083925383
0.7826678,0.0,0.5242823
0.5497893,0.0,0.28114066
0.4926171,0.0,0.7707261
0.39794534,0.0,0.6211284
0.6961096,0.0,0.093822554
0.45315608,0.0,0.29097182
0.358542,0.0,0.10364899
0.7488813,0.0,0.0010204571
0.56358236,0.0,0.0752596
0.87305903,0.0,0.0
0.8366749,0.0,0.014171448
0.8304793,0.0,0.005615447
0.94031346,0.0,0.022408703
0.96469027,1.0,0.028149322
0.89145815,0.0,0.104588665
0.69788224,0.0,0.38191724
0.78152335,1.0,0.36448768
0.9551083,1.0,0.0018164624
0.9333589,0.0,0.16227998
0.5968391,0.0,0.29926196
0.62833965,0.0,0.5099384
0.9687095,0.0,0.0
0.83913743,0.0,0.07179372
0.9119223,0.0,0.005471935
0.5263797,0.0,0.1569075
0.76507735,0.0,0.0
0.4669386,0.0,0.06917197
0.7811781,0.0,0.06703763
0.7839275,0.0,0.33501688
0.79222804,0.0,0.5768114
0.68136823,0.0,0.2666337
0.6771025,0.0,0.12803169
0.9712469,0.0,0.13629696
0.7944625,0.0,0.20386517
0.8294426,0.0,0.00039878045
0.88703775,0.0,0.03297033
0.9717639,0.0,0.33491832
0.97530735,1.0,0.24519244
0.9207416,0.0,0.007356581
0.9474717,0.0,0.055330325
0.9099905,0.0,0.0
0.86760527,0.0,2.5197303e-05
0.54949373,0.0,0.27008814
0.8626304,0.0,0.01420624
0.6613451,0.0,0.20442966
0.5264999,0.0,0.40451714
0.4099776,0.0,0.9385453
0.32901233,0.0,0.66800034
0.28790858,0.0,0.5134894
0.65752614,0.0,0.16506518
0.35780066,0.0,0.5797796
0.9642414,0.0,0.0
0.5815668,0.0,0.09006069
0.9718027,0.0,0.011111732
0.4277685,0.0,0.19827956
0.909394,0.0,0.08644884
0.6546226,0.0,0.39086682
0.887603,0.0,0.8289399
0.9000978,0.0,0.58402884
0.56328756,0.0,0.6371563
0.8338266,0.0,0.2610334
0.42588097,0.0,0.5660359
0.76243657,0.0,0.256316
0.5435417,0.0,0.45049268
0.9032491,0.0,0.0044642696
0.5739878,0.0,0.4057589
0.85236686,0.0,0.0
0.66881335,0.0,0.28420776
0.6558844,0.0,0.3411695
0.79003996,0.0,0.58704937
0.7075116,0.0,0.14069648
0.7145474,1.0,0.19903259
0.7562403,0.0,0.0
0.98319155,0.0,0.0
0.9658685,0.0,0.22171827
0.680942,0.0,0.0
0.97183686,0.0,0.0
0.8633878,0.0,0.2349456
0.47033557,0.0,0.5820364
0.53582615,0.0,0.3211434
0.44401863,0.0,0.60486543
0.92125386,0.0,0.2672913
0.72164315,0.0,0.6731884
0.76213235,0.0,0.08846967
0.7678126,0.0,0.2467178
0.95220476,0.0,0.392032
0.93244207,0.0,0.5087932
0.97170335,0.0,0.3254099
0.63243806,1.0,0.32190093
0.9003133,1.0,0.48588157
0.92297494,0.0,0.006403482
0.96775824,1.0,0.474383
0.9581642,1.0,0.19744189
0.9391989,1.0,0.0111708725
0.97695196,0.0,0.2055245
0.95931464,0.0,0.039862573
0.93800956,0.0,0.001155411
0.91878086,0.0,0.0007992741
0.7366839,0.0,0.23936611
0.9179844,0.0,0.2101118
0.88182694,0.0,0.52460617
0.4884001,0.0,0.3684437
0.57358557,0.0,0.3098546
0.44807273,0.0,0.43819353
0.92181855,0.0,0.17633773
0.50787884,1.0,0.29707178
0.93447083,0.0,0.079288416
0.7818184,1.0,0.6285775
0.65416694,1.0,0.39934027
0.7919715,1.0,0.11768259
0.8422303,1.0,0.5586439
0.9358946,1.0,0.27061793
0.8938211,1.0,0.047950484
0.90788543,1.0,0.3989484
0.6374917,1.0,0.6194848
0.44163892,1.0,0.5998393
0.9292518,1.0,0.20560959
0.6335063,0.0,0.34028375
0.66916186,0.0,0.671039
0.8660392,0.0,0.37516683
0.7858804,0.0,0.114673264
0.93855464,0.0,0.09360562
0.91264397,0.0,0.0016068312
0.9686772,0.0,0.00081583374
0.87196803,0.0,0.01835889
0.98065305,0.0,0.028486226
0.9852189,1.0,0.042568292
0.9381918,0.0,0.0
0.557012,0.0,0.2194301
0.8883226,0.0,0.005798101
0.6374784,0.0,0.4007649
0.71576643,0.0,0.21333621
0.61159223,0.0,0.41635704
0.81850594,0.0,0.010502776
0.7560812,0.0,0.24726498
0.93156505,0.0,0.0
0.7962485,0.0,0.15204906
0.96393514,0.0,0.043129686
0.86752874,0.0,0.3635031
0.768742,0.0,0.12012817
0.919705,1.0,0.2514665
0.86580956,0.0,0.64005136
0.875927,0.0,0.23585239
0.96199447,0.0,0.20871799
0.9220956,1.0,0.8756471
0.33773196,0.0,0.72425926
0.5156196,0.0,0.7429013
0.801465,0.0,0.73414886
0.40322316,0.0,0.22341824
0.25751284,0.0,0.23539567
0.2509727,1.0,0.49370843
0.9218276,1.0,0.07163702
0.2661836,1.0,0.7038829
0.6779903,0.0,0.032319423
0.66566795,0.0,0.31909776
0.44696924,1.0,0.40152866
0.92536557,1.0,0.06863344
0.94302464,0.0,0.010894694
0.3848415,1.0,0.45346206
0.89576286,1.0,0.28364184
0.98081905,0.0,0.030015118
0.5912079,0.0,0.14717908
0.28847,1.0,0.49594977
0.8040169,0.0,0.21023272
0.9063621,0.0,0.016469026
0.49638337,0.0,0.50589114
0.6803815,0.0,0.5001984
0.85793984,0.0,0.46029982
0.62094694,0.0,0.0063545527
0.5980652,0.0,0.4129509
0.5039356,0.0,0.50156206
0.908577,0.0,0.039808262
0.55441606,0.0,0.13296276
0.36806664,0.0,0.7132138
0.6123093,0.0,0.24386832
0.9517177,0.0,0.039508678
0.3569936,0.0,0.27511337
0.7619599,0.0,0.011919457
0.65391135,0.0,0.14100526
0.6833336,0.0,0.05693885
0.3105941,0.0,0.076939456
0.594086,0.0,0.088667095
0.2616078,0.0,0.3348089
0.5314295,0.0,0.015795087
0.3220874,0.0,0.39306116
0.3305411,0.0,0.44889697
0.42623654,0.0,0.121704705
0.30516618,0.0,0.54107535
0.3123849,0.0,0.685852
0.34664392,0.0,0.41838863
0.3147184,0.0,0.54705554
0.64561266,0.0,0.17348196
0.4061154,0.0,0.03347916
0.36044163,0.0,0.19784212
0.70050675,0.0,0.029942414
0.525356,0.0,0.024386667
0.95585537,0.0,0.010966079
0.5680328,0.0,0.050266154
0.7610972,0.0,0.012639721
0.626368,0.0,0.52803683
0.7197813,0.0,0.47972706
0.49456325,0.0,0.695559
0.3543887,0.0,0.612324
0.9021096,0.0,0.11167998
0.37819466,0.0,0.26130432
0.9242252,0.0,0.06898299
0.59732807,0.0,0.20394395
0.74129796,0.0,0.47632807
0.71071625,0.0,0.38859582
0.50433874,0.0,0.2903634
0.39454138,0.0,0.7950574
0.38193557,0.0,0.45446154
0.3773147,0.0,0.7448842
0.5346881,0.0,0.24296688
0.49910676,0.0,0.40350732
0.92355573,0.0,0.22997338
0.46005172,0.0,0.23840296
0.95263016,0.0,0.07897294
0.46426445,0.0,0.20535591
0.79009587,0.0,0.046278395
0.36099678,0.0,0.12296504
0.5524318,0.0,0.08738061
0.3194452,0.0,0.5605481
0.36636916,0.0,0.09859083
0.94252485,0.0,0.041042924
0.48277658,1.0,0.2904404
0.32605678,0.0,0.086431615
0.97390634,0.0,0.20505276
0.9536008,0.0,0.07929215
0.6572357,1.0,0.43523738
0.81963134,0.0,0.4955506
0.5871658,1.0,0.64081264
0.5723642,0.0,0.73887116
0.639406,0.0,0.5833027
0.8230312,0.0,0.2661552
0.9464949,0.0,0.27984497
0.5281302,0.0,0.070728496
0.5842016,0.0,0.18685512
0.9721167,0.0,0.59215415
0.96238095,0.0,0.8223282
0.7618764,0.0,0.60630745
0.9350385,0.0,0.5160865
0.79313964,0.0,0.3780349
0.9754077,0.0,0.7393439
0.754865,0.0,0.22813891
0.82683516,0.0,0.39669013
0.72648317,0.0,0.3436503
0.89107084,0.0,0.15724415
0.81744874,0.0,0.43537104
0.94267344,0.0,0.70526206
0.9257158,0.0,0.054740164
0.6216742,0.0,0.17263687
0.9764505,0.0,0.4855383
0.9789766,0.0,0.66451573
0.635103,0.0,0.5147987
0.9534655,0.0,0.26358223
0.9294051,0.0,0.47705796
0.7880297,0.0,0.3095124
0.9216004,0.0,0.14250864
0.6351563,0.0,0.18085021
0.55512214,1.0,0.3023291
0.6471279,1.0,0.5389831
0.6542036,1.0,0.5670399
0.9293043,1.0,0.78674024
0.44345212,1.0,0.58732605
0.74054384,1.0,0.7784932
0.6464525,1.0,0.7329214
0.7931214,1.0,1.0
0.3952706,0.0,1.0
0.48262036,0.0,0.76299274
0.51596797,0.0,0.49159017
0.32611692,0.0,0.59511065
0.6352709,0.0,0.6756217
0.45637053,0.0,0.7152031
0.40314797,0.0,0.56849104
0.7106597,1.0,0.58944017
0.6751188,1.0,0.26335615
0.70772886,0.0,0.26211172
0.63858587,1.0,0.3729111
0.69452894,0.0,0.41476968
0.65084296,1.0,0.6783576
0.8375385,0.0,0.113230586
0.6060033,1.0,0.6114179
0.60574895,0.0,0.35032958
0.90988725,0.0,0.0032129597
0.5267907,0.0,0.15599445
0.914636,1.0,0.017768828
0.74900043,1.0,0.35350165
0.6375089,1.0,0.29184225
0.8616421,0.0,0.015616362
0.4666959,0.0,0.14679298
0.54753953,0.0,0.10488795
0.57120067,0.0,0.0
0.5663776,0.0,0.19308197
0.79143703,0.0,0.040313642
0.6515819,0.0,0.064592466
0.47572103,0.0,0.63847613
0.6455167,0.0,0.39670753
0.51058406,0.0,0.3801352
0.58917516,0.0,0.7950873
0.59909254,0.0,0.60772866
0.6237628,0.0,0.25404912
0.39320508,0.0,0.2208333
0.3647019,0.0,0.36594212
0.54385597,0.0,0.48563895
0.50996804,0.0,0.0888674
0.7632755,0.0,0.06424854
0.6679134,0.0,0.15096489
0.9060005,0.0,0.047562256
0.9015594,0.0,0.028762186
0.80072737,0.0,0.051072706
0.9164889,0.0,0.1677897
0.90907395,0.0,2.324152e-06
0.6373064,0.0,0.13287513
0.38936484,0.0,0.2737986
0.46125174,0.0,0.1135182
0.52376646,0.0,0.06932738
0.72886854,0.0,0.13878837
0.49970478,0.0,0.0
0.5512226,0.0,0.0
0.3872558,0.0,0.0
0.7451496,0.0,0.009915744
0.5050516,0.0,0.15650803
0.6119819,0.0,0.8571572
0.5461687,0.0,0.37160158
0.5072679,0.0,0.040819757
0.5794435,0.0,0.0
0.47545728,0.0,0.012678459
0.5442692,0.0,0.038700394
0.5323256,0.0,0.001567334
0.31377187,0.0,0.2968377
0.7802405,0.0,0.004772762
0.32544187,0.0,0.6586352
0.6756204,0.0,0.32185712
0.49172026,0.0,0.0
0.3566586,0.0,0.12660569
0.39847016,0.0,0.2848178
0.55770385,0.0,0.19998571
0.4589185,0.0,0.13995144
0.41588354,0.0,0.6265007
0.46931157,0.0,0.54488665
0.34643003,0.0,0.78126603
0.42817378,0.0,0.26722494
0.36132407,1.0,0.3293375
0.38856864,1.0,0.47513005
0.40329307,1.0,0.59388375
0.33224395,1.0,0.502581
0.37980282,0.0,0.37231416
0.3867493,0.0,0.28657427
0.3622522,0.0,0.603294
0.35834107,0.0,0.33904052
0.5910072,0.0,0.22925647
0.43217832,0.0,0.699708
0.51269114,0.0,0.26020566
0.4977704,0.0,0.26941496
0.5124711,0.0,0.37154093
0.7130192,0.0,0.02228792
0.37407887,0.0,0.6002567
0.691137,0.0,0.12961918
0.42234176,0.0,0.48773965
0.67232484,0.0,0.17580807
0.4522916,0.0,0.60563964
0.830672,0.0,0.06987617
0.446034,0.0,0.08138792
0.54189545,0.0,0.05674076
0.94390297,0.0,0.017311228
0.85664403,0.0,0.10042676
0.80578345,0.0,0.13506609
0.9533247,0.0,0.0072176047
0.7649931,0.0,0.24925636
0.61170316,0.0,0.19914341
0.617698,0.0,0.069977045
0.55203944,0.0,0.16939536
0.8451778,0.0,0.021785302
0.9125952,0.0,0.0
0.959592,0.0,0.0006657614
0.5509406,0.0,0.0
0.55011356,0.0,0.00068864075
0.77332884,0.0,0.0
0.5356212,0.0,0.19058834
0.80790937,0.0,0.0057235123
0.54221797,0.0,0.70120335
0.5905762,0.0,0.635219
0.45405617,0.0,0.49806944
0.34732687,0.0,0.053298447
0.44122887,0.0,0.0
0.78859735,0.0,0.07126066
0.6838428,0.0,0.0
0.7545673,0.0,0.0
0.5392509,0.0,0.0
0.61633146,0.0,0.0002537965
0.4708103,0.0,0.0045075943
0.6681215,0.0,0.0
0.4548816,0.0,0.08874305
0.83113533,0.0,0.028929112
0.79033303,0.0,0.07558357
0.4205702,0.0,0.32247314
0.62123173,0.0,0.112319075
0.56064653,0.0,0.7600538
0.5989077,0.0,0.7286447
0.35747066,0.0,0.23353876
0.38260144,0.0,0.8192506
0.438818,0.0,0.49820852
0.48437473,0.0,0.08712762
0.3995781,0.0,0.52435696
0.65002763,0.0,0.053252406
0.6710735,0.0,0.024348559
0.62853974,0.0,0.118131526
0.57825375,0.0,0.4053772
0.38333735,0.0,0.14359908
0.44373998,0.0,0.476877
0.50027657,0.0,0.07122047
0.50811833,0.0,0.6650303
0.42484084,0.0,0.32343686
0.4278703,0.0,0.46134326
0.5181055,0.0,0.62073296
0.39558598,0.0,0.23114708
0.35312343,0.0,0.0
0.3724457,0.0,0.088220246
0.6936269,0.0,0.015531555
0.30115336,0.0,0.16393712
0.66178066,0.0,0.036182314
0.8431955,0.0,0.018198667
0.43441844,0.0,0.26464197
0.83518076,0.0,0.07018574
0.7348001,0.0,0.0011723507
0.4769141,0.0,0.36417422
0.6119025,0.0,0.41075364
0.67214614,0.0,0.31808668
0.7891843,0.0,0.38046062
0.32966167,0.0,0.15382923
0.66881776,0.0,0.15218236
0.76877165,0.0,0.0
0.9307232,0.0,0.0
0.5947357,0.0,0.0073731234
0.7885943,0.0,0.0
0.7027444,0.0,0.043643147
0.7280265,0.0,0.39643344
0.57188326,0.0,0.25398242
0.57177836,0.0,0.055867292
0.59012276,0.0,0.06702766
0.70482826,0.0,0.012297341
0.4352523,0.0,0.12470758
0.69346905,0.0,0.0015615107
0.7930651,0.0,0.0012023227
0.47711933,0.0,0.28211135
0.7681324,0.0,0.022615468
0.79723334,0.0,0.28553146
0.64295506,0.0,0.50085294
0.6733605,0.0,0.3696
0.767309,0.0,0.2212052
0.4165521,0.0,0.5376116
0.39564097,0.0,0.42997342
0.41644987,0.0,0.37088546
0.70727694,0.0,0.12338421
0.47744265,0.0,0.4511081
0.6807745,0.0,0.1325768
0.33374402,0.0,0.52404684
0.36934403,0.0,0.31202862
0.33501297,0.0,0.70110744
0.3285511,0.0,0.1753733
0.33571196,0.0,0.24161854
0.85041064,0.0,0.016099654
0.44804746,0.0,0.068080254
0.84231246,0.0,0.0
0.91162676,0.0,0.0
0.55698574,0.0,0.060455814
0.864299,0.0,0.040289443
0.9368135,0.0,0.06782925
0.45785046,0.0,0.3164247
0.57873744,0.0,0.5593586
0.8563096,0.0,0.042593338
0.606188,0.0,0.6456032
0.8078144,0.0,0.18998525
0.67872375,0.0,0.0
0.9770239,0.0,0.0
0.7831373,0.0,0.0
0.97314316,0.0,0.0
0.42939714,0.0,0.1216517
0.35428515,0.0,0.29256052
0.5523586,0.0,0.46259972
0.8716433,0.0,0.002157384
0.33942887,0.0,0.15058184
0.8697547,0.0,0.0038435445
0.4504443,0.0,0.035238776
0.5847111,0.0,0.039086007
0.6518944,0.0,0.0555431
0.5346122,0.0,0.24772868
0.4697698,0.0,0.20240124
0.381206,0.0,0.56815714
0.881668,0.0,0.08555294
0.4041956,0.0,0.4748786
0.35481992,0.0,0.44953546
0.43275443,0.0,0.4611429
0.41579336,0.0,0.3175399
0.31751907,0.0,0.4418453
0.6401416,0.0,0.0070614917
0.35201898,0.0,0.32090035
0.39697272,0.0,0.21738462
0.6230536,0.0,0.006677614
0.3335931,0.0,0.7231851
0.48942664,0.0,0.38656864
0.3994471,0.0,0.14534163
0.48348245,0.0,0.46378118
0.46946713,0.0,0.7553244
0.4092505,0.0,0.5948719
0.4470571,0.0,0.56942266
0.3318192,0.0,0.5008344
0.42573798,0.0,0.11151359
0.46666202,0.0,0.15385173
0.87859684,0.0,0.0
0.62904274,0.0,0.0039255195
0.6984336,0.0,0.024959061
0.6879272,0.0,0.014213197
0.5177901,0.0,0.11147921
0.8619611,0.0,0.05107238
0.8663218,0.0,0.045429446
0.89489454,0.0,0.18411362
0.7323004,0.0,0.5050432
0.85438263,0.0,0.24011755
0.78114736,0.0,0.098622516
0.82962227,0.0,0.0
0.95508796,0.0,0.001479376
0.8615929,0.0,0.0
0.9285871,0.0,0.0
0.45665768,0.0,0.011016261
0.6910306,0.0,0.04182663
0.6004119,0.0,0.12297561
0.6589393,0.0,0.14521834
0.5229982,0.0,0.5928868
0.47526792,0.0,0.35499656
0.3397332,0.0,0.24827671
0.4546241,0.0,0.14680086
0.57958,0.0,0.5884767
0.46835327,0.0,0.4203865
0.50615597,0.0,0.29762778
0.54214764,0.0,0.045537397
0.7166791,0.0,0.10921623
0.75465053,0.0,0.0027846426
0.77481693,0.0,0.0
0.51428545,0.0,0.025896482
0.5130807,0.0,0.009368441
0.49913806,0.0,0.24026777
0.71069956,0.0,0.028825859
0.41228738,0.0,0.24137768
0.52558786,0.0,0.39225546
0.4495519,0.0,0.8814403
0.43747807,0.0,0.54334253
0.48401794,0.0,0.3149993
0.3451317,0.0,0.85501933
0.34275758,0.0,0.46478748
0.3021226,0.0,0.6602945
0.5456254,0.0,0.2928067
0.3258562,0.0,0.39848998
0.5696379,0.0,0.11630898
0.37919974,0.0,0.25658843
0.41578794,0.0,0.17678323
0.7513071,0.0,0.01739969
0.48243436,1.0,0.2800591
0.66999227,1.0,0.24288605
0.6417574,1.0,0.1400952
0.8690361,0.0,0.009400337
0.8062532,1.0,0.5507916
0.82213014,0.0,0.22439891
0.82594657,1.0,0.38473254
0.43524784,0.0,0.111428164
0.4063668,0.0,0.43413925
0.44539705,0.0,0.4152821
0.39727443,0.0,0.008084778
0.39931005,0.0,0.34775212
0.40755576,0.0,0.04912919
0.44132507,0.0,0.06177724
0.60727835,0.0,0.022809476
0.8663236,0.0,0.066326715
0.96216404,0.0,0.14960419
0.82180506,0.0,0.20669822
0.68731755,0.0,0.2171634
0.7696489,0.0,0.010920398
0.7000277,0.0,0.52634954
0.5810615,0.0,0.4746453
0.6721779,0.0,0.08134235
0.5839143,0.0,0.20272598
0.7313662,0.0,0.0
0.8655757,0.0,0.0031188536
0.8155664,0.0,0.0218725
0.7945619,0.0,0.0061804256
0.89012665,0.0,0.012419286
0.8528208,0.0,0.01624212
0.7044228,0.0,0.01722265
0.77498096,0.0,0.012681361
0.94132656,0.0,0.006893793
0.49893802,1.0,0.14974773
0.7134938,1.0,0.20242615
0.89197135,0.0,0.07546432
0.9039833,0.0,0.077451535
0.6717635,0.0,0.0049162824
0.6819928,0.0,0.004864892
0.5050183,0.0,0.017043404
0.44705462,0.0,0.19661374
0.40754932,0.0,0.16456203
0.57607037,0.0,0.7617314
0.35246173,0.0,0.36862344
0.4283767,0.0,0.63277406
0.57860506,0.0,0.45980465
0.26934543,0.0,0.3326597
0.5713001,0.0,0.04003354
0.480241,0.0,0.0875966
0.40807855,0.0,0.053485453
0.6394926,0.0,0.08072633
0.4925806,1.0,0.40006724
0.5254446,0.0,0.09493663
0.67641425,1.0,0.364663
0.739546,1.0,0.5850756
0.44864222,1.0,0.7208512
0.41676334,0.0,0.07570701
0.48483717,1.0,0.40678686
0.8570968,0.0,0.0052758614
0.60612816,1.0,0.36866516
0.69436353,1.0,0.062441356
0.70879817,1.0,0.17472139
0.8304181,1.0,0.5354448
0.6106563,1.0,0.13720568
0.70796555,1.0,0.7670382
0.58978707,0.0,0.6985943
0.9042899,1.0,0.6382262
0.81836253,1.0,0.4448368
0.80685675,1.0,0.3558992
0.8297488,0.0,0.008337647
0.7835436,0.0,0.022225056
0.77527565,0.0,0.0053617936
0.9590351,0.0,0.097353026
0.93722856,0.0,0.0
0.7670497,0.0,0.14469506
0.59338063,0.0,0.08785626
0.8130843,0.0,0.07133798
0.6998681,0.0,0.0036816185
0.48106503,0.0,0.16063231
0.7046249,0.0,0.046325676
0.41903713,0.0,0.049315877
0.32613415,0.0,0.389175
0.33662066,0.0,0.51459944
0.34669313,0.0,0.39352378
0.41937596,0.0,0.0055702496
0.4525526,0.0,0.3243325
0.452427,0.0,0.21524267
0.66019696,0.0,0.33460367
0.637579,0.0,0.82493585
0.61932385,0.0,0.6761866
0.4850526,0.0,0.4945935
0.35729328,0.0,0.39363807
0.9224023,0.0,0.18852891
0.416388,0.0,0.6354024
0.8682348,0.0,0.2645561
0.89838797,0.0,0.06385076
0.89106953,0.0,0.04069147
0.8530648,0.0,0.0
0.87611544,0.0,0.0022838353
0.8330448,0.0,0.0
0.8151403,0.0,0.011061277
0.8191073,0.0,0.010866173
0.95538205,0.0,0.0040751863
0.8234893,0.0,0.03311015
0.6833983,0.0,0.07618314
0.91015524,0.0,0.05838678
0.64407206,0.0,0.013159822
0.57330424,0.0,0.0
0.757506,0.0,0.014254615
0.71432245,0.0,0.0057791886
0.6978099,1.0,0.04420161
0.45512325,0.0,0.012200441
0.73918027,0.0,0.0039389348
0.88477325,0.0,0.08252995
0.6787345,0.0,0.102273755
0.41405717,0.0,0.43722957
0.34779948,0.0,0.14567667
0.28791565,0.0,0.78237087
0.3124229,0.0,0.6891174
0.86524504,0.0,0.29823422
0.33249298,0.0,0.7537223
0.32491064,0.0,0.5724155
0.4266321,0.0,0.09880812
0.33583543,0.0,0.18696237
0.38853583,0.0,0.40297487
0.6521252,0.0,0.5109524
0.70622617,0.0,0.39347234
0.44870663,0.0,0.37024176
0.41262814,0.0,0.8493854
0.68044984,0.0,0.19579157
0.39239684,0.0,0.48928785
0.31904164,0.0,0.3403504
0.5063631,0.0,0.67998856
0.38847867,0.0,0.49332097
0.39816496,0.0,0.13383193
0.3916205,0.0,0.12775484
0.35890764,0.0,0.44724026
0.30621734,0.0,0.22731258
0.3272702,0.0,0.6284042
0.42902476,0.0,0.7396918
0.28528705,0.0,0.5063459
0.3099979,0.0,0.715514
0.30947137,0.0,0.6300619
0.28962132,0.0,1.0
0.42546657,0.0,1.0
0.6032468,0.0,0.5353275
0.49895695,0.0,0.38324952
0.5188147,0.0,0.44901684
0.5658499,0.0,0.10551902
0.390601,0.0,0.6452038
0.54246294,0.0,0.054535266
0.50229573,0.0,0.33768982
0.4071302,0.0,0.48117802
0.36578453,0.0,0.68261296
0.5096353,0.0,0.10435704
0.25190175,0.0,0.50092673
0.7794213,0.0,0.08586629
0.3950566,0.0,0.21716584
0.67973244,0.0,0.0
0.21414955,0.0,0.49438912
0.93279994,0.0,0.06222903
0.27997833,0.0,0.6576885
0.39993596,0.0,0.13248798
0.35889298,0.0,0.80548954
0.5366724,0.0,0.3786326
0.30453327,0.0,0.41795695
0.5679208,0.0,0.01690362
0.3720556,0.0,0.5994762
0.7866382,1.0,0.39593157
0.65032274,0.0,0.007913774
0.8834851,1.0,0.17136566
0.824194,0.0,0.0
0.78908384,1.0,0.16650604
0.73201686,0.0,0.12192892
0.5715445,0.0,0.42825627
0.28447434,1.0,0.8978357
0.4225259,1.0,0.454001
0.62852985,1.0,0.29796952
0.8947227,0.0,0.0010141023
0.8159198,0.0,0.0
0.8658015,1.0,0.23533353
0.71849585,0.0,0.03346708
0.9162236,1.0,0.3570579
0.41976318,0.0,0.685494
0.2728202,0.0,0.73232806
0.46696565,1.0,0.41766113
0.72479504,0.0,0.26294753
0.7466973,1.0,0.57511264
0.84028155,0.0,0.07650758
0.67705387,1.0,0.27255532
0.5283718,1.0,0.66504216
0.244669,0.0,0.45981467
0.7109555,0.0,0.13603827
0.32265413,0.0,0.41062877
0.2667936,0.0,0.57411647
0.7119183,0.0,0.42220953
0.9071021,0.0,0.058965124
0.5171953,0.0,0.5837476
0.920647,0.0,0.060596604
0.35131252,0.0,0.27484265
0.29704303,0.0,0.5375962
0.6207023,0.0,0.5497188
0.5885901,0.0,0.252522
0.8912553,0.0,0.0
0.7433209,0.0,0.07523088
0.9313463,0.0,0.0
0.7367266,0.0,0.15123133
0.87506306,0.0,0.00064135937
0.69592875,0.0,0.34672672
0.42548877,0.0,0.30397362
0.49842924,0.0,0.019728312
0.56449974,0.0,0.31837684
0.49887624,0.0,0.5885045
0.523841,0.0,0.49137974
0.8676513,0.0,0.051772203
0.726906,0.0,0.34960687
0.40376493,0.0,0.15333788
0.7327524,0.0,0.25880858
0.8937108,0.0,0.0
0.76184535,0.0,0.16089194
0.8701929,0.0,0.0
0.8809875,1.0,0.3069134
0.9812387,0.0,0.067330085
0.8675295,1.0,0.6109186
0.38297933,0.0,0.37437087
0.6006084,1.0,0.11538508
0.5739707,0.0,0.80395746
0.58555335,1.0,0.6088014
0.7061279,1.0,0.26068473
0.581556,0.0,0.09736703
0.3623129,0.0,0.3504192
0.49022073,0.0,0.032894693
0.39862776,0.0,0.3062043
0.710103,0.0,0.0
0.40721375,0.0,0.36771226
0.7053858,0.0,0.20619415
0.4062757,0.0,0.29191816
0.32068187,0.0,0.7612267
0.2995189,0.0,0.98852354
