gate_value,label,rsa
0.31308153,0.0,0.5841065
0.49917945,0.0,0.41989076
0.4770868,0.0,0.5804508
0.3480187,0.0,0.57983714
0.588426,0.0,0.61183506
0.6157916,0.0,0.17861463
0.3430211,0.0,0.4081219
0.6846979,0.0,0.0
0.2274915,0.0,0.36582372
0.37854758,0.0,0.15718669
0.30098197,0.0,0.6478493
0.61718106,0.0,0.06072004
0.17778863,0.0,0.50787395
0.4355298,0.0,0.67343247
0.44063017,0.0,0.123701476
0.35274366,0.0,0.5407209
0.5206841,0.0,0.44515616
0.3032877,0.0,0.51334727
0.7205542,0.0,0.026819158
0.6650243,0.0,0.12642393
0.5339182,1.0,0.6137786
0.32033035,0.0,0.29157278
0.56002486,0.0,0.008013342
0.43294838,0.0,0.41691536
0.14658378,0.0,0.51972413
0.34152156,0.0,0.49590415
0.24856113,0.0,0.3425881
0.5395497,0.0,0.10822179
0.46857443,0.0,0.0
0.5662023,0.0,0.26792422
0.5933483,0.0,0.0034687482
0.35669804,0.0,2.6742198e-05
0.1518261,0.0,0.18029067
0.061515152,0.0,0.2968384
0.43324718,0.0,0.007666524
0.32705033,0.0,0.0
0.16510491,0.0,0.47305176
0.06143317,0.0,0.5253599
0.30126077,0.0,0.0
0.22925088,0.0,0.3013342
0.06825539,0.0,0.47165558
0.06381302,0.0,0.36807013
0.12925538,0.0,0.5707029
0.3632128,0.0,0.034574043
0.049706947,0.0,0.6075092
0.13089965,0.0,0.10582112
0.7430793,0.0,0.011145866
0.60822326,0.0,0.40185848
0.044744752,0.0,0.13260764
0.65552294,0.0,0.0
0.6775692,0.0,0.30158043
0.209301,0.0,0.45355636
0.06879332,0.0,0.22646981
0.6675954,0.0,0.0
0.8328372,0.0,0.003331983
0.15479338,0.0,0.1337107
0.1496411,0.0,0.04292526
0.49631536,0.0,0.0
0.16577655,0.0,0.09318758
0.01462513,0.0,0.55832213
0.05159006,0.0,0.09798124
0.04953342,0.0,0.6507586
0.0828623,0.0,0.38964215
0.27531463,0.0,0.0
0.29019082,0.0,0.11856888
0.042078953,0.0,0.54036343
0.17168853,0.0,0.22459982
0.6188603,1.0,0.14489788
0.2814707,1.0,0.4178856
0.35699344,1.0,0.5133283
0.6993497,1.0,0.5002072
0.50718385,1.0,0.10891471
0.2321309,0.0,0.041831158
0.5461679,1.0,0.3473992
0.6899182,1.0,0.13458663
0.7926041,0.0,0.0
0.24223149,0.0,0.49926838
0.44671142,1.0,0.6167193
0.6594903,0.0,0.101402186
0.697174,1.0,0.482795
0.7452708,0.0,0.09535385
0.58610064,0.0,0.0
0.6379426,1.0,0.37698856
0.91032356,1.0,0.105674
0.6658806,1.0,0.69472253
0.5756323,1.0,0.6979241
0.22950727,0.0,0.6270534
0.35424235,0.0,0.15858519
0.13264903,0.0,0.29163745
0.4285579,0.0,0.2822713
0.30491742,0.0,0.570954
0.055797044,1.0,0.8451642
0.70557475,0.0,0.3189353
0.224264,1.0,0.22558972
0.51492435,1.0,0.1680224
0.21303141,1.0,0.11576016
0.5185922,0.0,0.14285818
0.6448218,0.0,0.07126155
0.862214,0.0,0.03583085
0.54829997,0.0,0.04793552
0.44452268,0.0,0.44781762
0.23814951,0.0,0.4819648
0.37257525,0.0,0.27743065
0.838026,0.0,0.09954566
0.5393697,0.0,0.6597409
0.1731135,0.0,0.48129493
0.17058454,0.0,0.6470321
0.38744855,0.0,0.019184537
0.1976773,0.0,0.29250577
0.4896577,0.0,0.08002306
0.36638194,0.0,0.051032495
0.174121,0.0,0.23524399
0.55262774,0.0,0.008110315
0.14649978,0.0,0.4006737
0.04759404,0.0,0.06197421
0.4767054,0.0,0.034729343
0.4383323,0.0,0.068576045
0.67463315,0.0,0.0
0.649509,0.0,0.0
0.69472843,0.0,0.03766073
0.46382064,0.0,0.0
0.29665706,0.0,0.455711
0.34612548,0.0,0.233223
0.6446969,0.0,0.096568756
0.8579494,0.0,0.16210988
0.1567836,0.0,0.39928794
0.61432576,0.0,0.20237668
0.5754159,0.0,0.3702109
0.5699384,0.0,0.8197432
0.06785165,0.0,0.5412905
0.19247891,0.0,0.7661752
0.37743637,0.0,0.62833786
0.6184963,0.0,0.55405015
0.9376871,0.0,0.0593567
0.6824564,0.0,0.6366219
0.8969443,0.0,0.2313734
0.48450992,0.0,0.42655227
0.33313984,0.0,0.6416179
0.39731237,0.0,0.5671232
0.6557271,0.0,0.09774573
0.49246907,0.0,0.34526017
0.8605728,0.0,0.23192722
0.5571613,0.0,0.32660675
0.28002605,0.0,0.7003538
0.8806442,0.0,0.29125872
0.2033802,0.0,0.7545751
0.16265571,0.0,0.29554665
0.4637953,0.0,0.0020252557
0.515624,0.0,0.07591198
0.18461531,0.0,0.35054496
0.6134083,0.0,0.18334855
0.816445,0.0,0.0
0.56600595,0.0,0.18923485
0.17654651,0.0,0.45935816
0.65560013,0.0,0.34435531
0.27812538,0.0,0.13813925
0.519104,0.0,0.5870893
0.46230707,0.0,0.6426582
0.5639205,0.0,0.34868065
0.41254345,0.0,0.16040553
0.88157135,0.0,0.08267473
0.733384,0.0,0.25216022
0.48854485,0.0,0.12139657
0.7016478,0.0,0.0
0.86759675,0.0,0.06481107
0.8892819,0.0,0.046598125
0.83450097,0.0,0.014283818
0.68118876,0.0,0.0
0.7244377,0.0,0.012992589
0.74120057,0.0,0.0
0.54826665,0.0,0.0070001744
0.5190277,0.0,0.010702265
0.791503,0.0,0.24693255
0.58873785,0.0,0.4767704
0.13286525,0.0,0.31606397
0.20221551,0.0,0.42228028
0.03339512,0.0,0.66276973
0.28047085,0.0,0.21292292
0.35736746,0.0,0.22456834
0.20769244,0.0,0.32833117
0.3656728,0.0,0.0
0.94323915,0.0,0.0037752604
0.8842312,0.0,0.13434014
0.8564603,0.0,0.2522542
0.7140168,0.0,0.0
0.9081953,0.0,0.0
0.96419907,0.0,0.27921885
0.6907902,0.0,0.010838796
0.88929987,0.0,0.027228037
0.7570833,0.0,0.14732708
0.8717983,0.0,0.10349274
0.6970072,0.0,0.2551553
0.9230826,1.0,0.36799976
0.41114312,0.0,0.36090633
0.9685403,1.0,0.09780166
0.49046877,0.0,0.66797626
0.487522,0.0,0.22802825
0.88989484,0.0,0.0
0.94123435,0.0,0.03155313
0.56886506,0.0,0.08578139
0.551873,0.0,0.0
0.8427374,0.0,0.0
0.361208,0.0,0.51604307
0.13769051,0.0,0.3257875
0.2656741,0.0,0.0
0.2451424,0.0,0.106177144
0.31205037,0.0,0.608348
0.38460657,0.0,0.33042985
0.2091911,0.0,0.30773118
0.26995838,0.0,0.43569863
0.07890279,0.0,0.30379027
0.14048433,0.0,0.04956769
0.49089453,0.0,0.25212598
0.63725144,0.0,0.5138534
0.27570105,0.0,0.0010080109
0.5071131,0.0,0.025543222
0.87085706,0.0,0.06454741
0.72396845,0.0,0.16118667
0.868653,0.0,0.020248836
0.922618,0.0,0.0073070796
0.9515555,1.0,0.09731024
0.8097237,0.0,0.0035878194
0.6955322,0.0,0.04156121
0.54305196,1.0,0.07272521
0.8418438,1.0,0.30175552
0.7719878,1.0,0.29431194
0.7983863,0.0,0.50907373
0.4145457,0.0,0.35303727
0.62509197,0.0,0.20159675
0.32663372,0.0,0.448987
0.4093809,0.0,0.27726525
0.6432137,0.0,0.0021141963
0.7535223,0.0,0.016182465
0.6006347,0.0,0.29195142
0.5971736,0.0,0.106796086
0.8737944,0.0,0.00361682
0.46559322,0.0,0.28933728
0.39153022,0.0,0.17798238
0.80052793,0.0,0.023195373
0.6312572,0.0,0.0
0.38283944,0.0,0.42528227
0.427845,0.0,0.23492384
0.5172225,0.0,0.100015335
0.48863658,0.0,0.75262076
0.14816058,0.0,0.5377344
0.38504836,0.0,0.10652124
0.258096,0.0,0.30237308
0.34608155,0.0,0.5605606
0.49057242,0.0,0.19464831
0.48887265,0.0,0.4441494
0.4427816,0.0,0.895077
0.5995115,0.0,0.8169514
0.76417655,0.0,0.7283773
0.58410966,0.0,0.9012012
0.560489,0.0,0.57827944
0.70589703,0.0,0.7981764
0.5618639,0.0,0.62553704
0.30277225,0.0,0.4346902
0.4116427,0.0,0.30096698
0.49209306,0.0,0.61963123
0.47100052,0.0,0.17951551
0.69737095,0.0,0.12540886
0.22614603,0.0,0.40707383
0.3125735,0.0,0.38236707
0.6150618,0.0,0.0
0.5796191,0.0,0.1085597
0.38170803,0.0,0.44247496
0.725024,0.0,0.16518691
0.80106795,0.0,6.8039306e-05
0.57801884,0.0,0.1955192
0.2900798,0.0,0.26473886
0.72177434,0.0,0.03715836
0.43282446,0.0,0.29422995
0.40981355,0.0,0.5662545
0.4523366,0.0,0.4670032
0.38480613,0.0,0.37054735
0.26368582,0.0,0.60844177
0.17306995,0.0,0.6994773
0.38005853,0.0,0.4672444
0.49503478,0.0,0.3795512
0.38734832,0.0,0.23744322
0.8393383,0.0,0.13726442
0.88108057,0.0,0.16965337
0.67573696,0.0,0.017825387
0.9520952,0.0,0.11295094
0.79565907,0.0,0.030996786
0.908539,0.0,0.0
0.9336076,0.0,0.033475697
0.86903447,0.0,0.0
0.975391,1.0,0.012752018
0.9123005,0.0,0.0011188136
0.7119055,0.0,0.017213434
0.877173,1.0,0.17916223
0.84676623,0.0,0.23888198
0.80875456,0.0,0.297351
0.65490913,0.0,0.34498432
0.4749634,0.0,0.26877397
0.8925817,0.0,0.2639713
0.41503993,0.0,0.5479753
0.32095647,0.0,0.40799296
0.84255904,0.0,0.0
0.64672095,0.0,0.15057802
0.6728459,0.0,0.51836926
0.8592801,0.0,0.035862017
0.73633087,1.0,0.004991336
0.24745086,0.0,0.38084716
0.22735563,0.0,0.1721849
0.71881336,0.0,0.0
0.34733227,0.0,0.030259585
0.20641214,0.0,0.5240791
0.22371098,0.0,0.42313722
0.469629,0.0,0.33289832
0.18797624,0.0,0.41762647
0.07021243,0.0,0.5093084
0.35710603,0.0,0.15176395
0.53601927,0.0,0.21180426
0.8363923,0.0,0.23848061
0.45608267,0.0,0.013144817
0.9375375,0.0,0.17326851
0.8539068,1.0,0.0648609
0.8786498,1.0,0.10216844
0.6851527,0.0,0.067678824
0.8432983,0.0,0.0
0.9761245,1.0,0.2721279
0.77592677,0.0,0.004728942
0.70772094,0.0,0.05660386
0.902078,1.0,0.20273499
0.9669439,1.0,0.34475657
0.73245734,0.0,0.37444213
0.55593264,0.0,0.6983278
0.21613882,0.0,0.3271095
0.780185,0.0,0.09380485
0.1848982,0.0,0.5081638
0.10589231,0.0,0.4144929
0.85884684,0.0,0.0
0.8261395,0.0,0.05964974
0.25676978,0.0,0.46117857
0.5455954,0.0,0.019415947
0.85594845,1.0,0.018213691
0.32145533,0.0,0.3680859
0.45699745,0.0,0.24479459
0.7193764,0.0,0.0
0.4210316,0.0,0.06652815
0.3557655,0.0,0.5454278
0.6902316,0.0,0.24662721
0.54594547,0.0,0.132936
0.34470835,0.0,0.47338736
0.31501538,0.0,0.37803844
0.7309738,1.0,0.015587657
0.6734332,0.0,0.1154769
0.9392642,1.0,0.13910244
0.8174073,0.0,0.0
0.6309061,0.0,0.10875599
0.9616588,1.0,0.11981355
0.9465839,1.0,0.16512853
0.770142,0.0,0.0090611745
0.86668,0.0,0.0
0.9787619,1.0,0.31213748
0.83246696,0.0,0.0056550023
0.74042016,0.0,0.020194309
0.6435813,1.0,0.15534176
0.9284372,1.0,0.49301568
0.75639904,0.0,0.38187078
0.5899215,1.0,0.45812806
0.34680223,0.0,0.2639872
0.71637124,1.0,0.18623942
0.1553293,0.0,0.37553638
0.37064564,0.0,0.28829753
0.6520601,0.0,0.0
0.6384973,0.0,0.0006978974
0.40239957,0.0,0.2274488
0.68149346,0.0,0.06684231
0.93648934,0.0,0.0
0.6482361,0.0,0.0008959277
0.3861844,0.0,0.28725284
0.78072226,0.0,0.0
0.7346928,0.0,0.0
0.3823075,0.0,0.05265482
0.48219082,0.0,0.25217566
0.862322,0.0,0.11455403
0.3632442,0.0,0.18556578
0.15563165,0.0,0.48799443
0.46238628,0.0,0.31228447
0.6174299,0.0,0.45121378
0.1764732,0.0,0.24946626
0.5090633,0.0,0.39372808
0.59238017,0.0,0.52279145
0.43491638,0.0,0.6364325
0.46596408,0.0,0.76217604
0.5847587,0.0,0.18594888
0.5623783,0.0,0.17718163
0.444458,0.0,0.75309396
0.8016042,0.0,0.25212517
0.6973208,0.0,0.24620628
0.37663037,0.0,0.4564569
0.7801253,1.0,0.49480596
0.8315853,0.0,0.033223365
0.903266,0.0,0.01255166
0.5635705,1.0,0.41031918
0.8811646,1.0,0.13158014
0.77477735,0.0,0.0006647321
0.44949314,1.0,0.26102108
0.75295675,1.0,0.48887154
0.6676796,0.0,0.0
0.76157653,0.0,0.0005967848
0.44445905,1.0,0.3097824
0.753901,1.0,0.36003318
0.63165605,0.0,0.26375565
0.23941277,1.0,0.44381216
0.1698041,1.0,0.21992113
0.22054061,1.0,0.5003911
0.16625825,0.0,0.5916982
0.34630716,0.0,0.005049561
0.7517067,1.0,0.18144503
0.24073888,0.0,0.49886596
0.2930343,0.0,0.10812624
0.5370929,0.0,0.004303011
0.51345813,1.0,0.4277617
0.24014519,0.0,0.5819527
0.6292332,0.0,0.35162595
0.48369443,0.0,0.26711354
0.717119,0.0,0.013810182
0.2838951,0.0,0.2431694
0.49420232,0.0,0.34211767
0.77502006,0.0,0.0014511569
0.52817786,0.0,0.0055825305
0.26541755,0.0,0.54496485
0.5798388,0.0,0.3900378
0.81845415,0.0,0.05127255
0.3816829,0.0,0.6118898
0.78098476,0.0,0.14432846
0.45573056,0.0,0.72237813
0.5030762,0.0,0.45756343
0.5057181,1.0,0.84034467
0.4797553,0.0,0.5556134
0.5569374,1.0,0.54203427
0.3126897,0.0,0.53613484
0.2559713,0.0,0.6690655
0.8048415,1.0,0.6667337
0.6756879,1.0,0.79569906
0.4372634,0.0,0.29406205
0.37104285,0.0,0.6283288
0.21798386,1.0,0.4163894
0.3224332,0.0,0.97454953
0.55419505,0.0,0.7467324
0.29997158,0.0,0.45658776
0.5069398,0.0,0.06586456
0.547978,0.0,0.053502243
0.3484476,0.0,0.68505234
0.19359095,0.0,0.6765375
0.09382205,0.0,0.20766547
0.276344,0.0,0.3552806
0.6030351,0.0,0.41618198
0.63883394,0.0,0.14582628
0.2953165,0.0,0.15284626
0.42833185,0.0,0.18578403
0.7919052,0.0,0.0
0.5401647,0.0,0.0077437325
0.3386796,0.0,0.09475785
0.5833881,0.0,0.05728497
0.9023034,0.0,0.05142621
0.5241578,0.0,0.030904211
0.24729443,0.0,0.3342532
0.90621465,0.0,0.00024187162
0.82641834,0.0,0.009384689
0.59681726,0.0,0.006060282
0.12721947,0.0,0.23053432
0.9240003,0.0,0.0007856999
0.38905773,0.0,0.006781643
0.36194408,0.0,0.19877253
0.23954721,0.0,0.19155641
0.86479104,0.0,0.008131143
0.3015838,0.0,0.14844087
0.14031094,0.0,0.59778845
0.4689298,0.0,0.34830955
0.2683438,0.0,0.25432363
0.42206275,0.0,0.39577726
0.43991256,0.0,0.6712337
0.14456446,0.0,0.4599005
0.088345826,0.0,0.15319847
0.7910496,0.0,0.014736617
0.79665923,0.0,0.0
0.9453824,0.0,0.027486451
0.90722513,0.0,0.0075627347
0.98281777,0.0,0.044550106
0.7846367,0.0,0.021609152
0.9771547,0.0,0.028540641
0.8485737,0.0,0.016043833
0.9075346,0.0,0.0057914536
0.89644337,0.0,0.0014360351
0.8357032,0.0,0.04121502
0.95336205,0.0,0.009749459
0.8761524,0.0,0.0045875725
0.7904668,0.0,0.0
0.98946303,0.0,0.013553587
0.87374526,0.0,0.00047373382
0.91872513,0.0,0.019573571
0.8195075,0.0,0.14199774
0.9317155,0.0,0.0
0.8684881,0.0,0.03622705
0.5900097,0.0,0.4902441
0.30659083,0.0,0.47331485
0.096068814,0.0,0.46834597
0.714643,0.0,0.016903123
0.27701882,0.0,0.07681033
0.1548327,0.0,0.26363328
0.6229873,0.0,0.14559726
0.758442,0.0,0.0
0.45319802,0.0,0.01478267
0.11204054,0.0,0.3207588
0.32898825,0.0,0.15643238
0.7940121,0.0,0.0
0.342973,0.0,0.10312053
0.85919654,0.0,0.00021194106
0.2514172,0.0,0.35173488
0.26986843,0.0,0.2935205
0.60048133,0.0,0.0
0.42661554,0.0,0.2452616
0.09426855,0.0,0.6292652
0.36824122,0.0,0.39705262
0.4992545,0.0,0.11756678
0.35476613,0.0,0.79622096
0.25910643,0.0,0.5829986
0.64990544,0.0,0.057734918
0.42643806,0.0,0.42509153
0.6755574,0.0,0.41017115
0.39578652,0.0,0.3468237
0.4339516,0.0,0.08856874
0.9149782,0.0,0.00021752756
0.8401812,0.0,0.044601597
0.2568743,0.0,0.31840456
0.5290835,0.0,0.041794688
0.9123405,0.0,4.137861e-05
0.48314863,0.0,0.3516911
0.330236,0.0,0.584193
0.85858524,0.0,0.013331486
0.8818187,0.0,0.06835794
0.4411293,0.0,0.44526783
0.8073613,0.0,0.16971473
0.93215096,0.0,0.0036295194
0.7249445,0.0,0.18719472
0.8300166,0.0,0.34166664
0.5606285,0.0,0.81901246
0.772786,0.0,0.1366638
0.8930542,0.0,0.68940747
0.89590704,0.0,0.28967318
0.95389783,0.0,0.06478369
0.74915904,0.0,0.18604775
0.96670604,0.0,0.042349562
0.7542064,0.0,0.31746763
0.98871464,0.0,0.21957994
0.8702936,0.0,0.012367414
0.7584401,0.0,0.053151026
0.68757933,0.0,0.084269956
0.9761958,0.0,0.0
0.806971,0.0,0.008837644
0.63478214,0.0,0.0007133484
0.62760615,0.0,0.08415349
0.04419799,0.0,0.4707422
0.15842654,0.0,0.49194017
0.70521426,0.0,0.15792772
0.25171247,0.0,0.40849292
0.84101844,0.0,0.10557716
0.670131,0.0,0.30344576
0.10657033,0.0,0.6079653
0.06096864,0.0,0.45028824
0.9013549,0.0,0.006834185
0.39641315,0.0,0.26732957
0.18137296,0.0,0.25436774
0.23572367,0.0,0.26783088
0.66462463,0.0,0.0
0.49634337,0.0,0.39545116
0.14666584,0.0,0.3738451
0.65947443,0.0,0.16273576
0.71378875,0.0,0.026162194
0.4530302,0.0,0.38601926
0.6624218,0.0,0.056137107
0.47775158,0.0,0.30895677
0.8496749,0.0,0.019758904
0.77752274,0.0,0.24275532
0.41005906,0.0,0.5757673
0.677826,0.0,0.031772595
0.18964031,0.0,0.12148147
0.8889421,0.0,0.02264677
0.41100883,0.0,0.50292045
0.046931144,0.0,0.29115003
0.12257159,0.0,0.6416562
0.1394069,0.0,0.4809416
0.4213627,0.0,0.10212332
0.5931015,0.0,0.13513337
0.09708354,0.0,0.36122462
0.1537983,0.0,0.62134725
0.92589736,0.0,0.038219046
0.7814431,0.0,0.064595245
0.19798008,0.0,0.39523974
0.89009106,0.0,0.40876737
0.95691556,0.0,0.00398887
0.537124,0.0,0.2835883
0.10767988,0.0,0.7086462
0.7736924,0.0,0.18181224
0.90468174,0.0,0.0023758237
0.44954488,0.0,0.43841746
0.4639222,0.0,0.2441262
0.73379743,0.0,0.23778579
0.94673544,0.0,0.031534858
0.17486344,0.0,0.5542138
0.18519875,0.0,0.34397
0.9471523,0.0,0.006762
0.9575753,0.0,0.006804771
0.17286456,0.0,0.34951255
0.56297266,0.0,0.828771
0.77648324,0.0,0.109025694
0.1748195,0.0,0.46586514
0.24668099,0.0,0.49727282
0.25185964,0.0,0.5690876
0.60320985,0.0,0.03723856
0.54726404,0.0,0.19897701
0.9027739,0.0,0.0
0.85339904,0.0,0.0
0.7725611,0.0,0.019515622
0.6656426,0.0,0.008384438
0.5669219,0.0,0.001002843
0.79409844,0.0,0.017254818
0.96233195,0.0,0.043420576
0.79699594,0.0,0.02615199
0.8796773,0.0,0.016063105
0.32984424,0.0,0.21185999
0.90407676,0.0,0.046977043
0.58118755,0.0,0.17079818
0.87150383,0.0,0.010959064
0.5174221,0.0,0.51698923
0.54640204,0.0,0.16070594
0.29529062,0.0,0.16162808
0.944329,0.0,0.015022436
0.59925735,0.0,0.08415245
0.22314367,1.0,0.38057816
0.28655785,1.0,0.5932993
0.66138065,1.0,0.19363227
0.5389467,1.0,0.19178161
0.48468545,1.0,0.2890354
0.22980301,1.0,0.538379
0.75208735,0.0,0.10810291
0.2876746,0.0,0.37217602
0.9016113,0.0,0.0
0.58271796,1.0,0.3291862
0.52308613,0.0,0.18286936
0.46073005,0.0,0.30417845
0.10492719,0.0,0.5656447
0.10783455,0.0,0.69737345
0.09432497,0.0,0.4039452
0.08908801,0.0,0.38331336
0.30758753,0.0,0.27702278
0.027943302,0.0,0.45686495
0.45762837,0.0,0.054376163
0.104709655,0.0,0.31122103
0.89045465,0.0,0.0
0.9422148,0.0,0.0
0.78370094,1.0,0.16479233
0.68572843,0.0,0.0
0.6132376,0.0,0.22077231
0.8804826,0.0,0.05314042
0.55446154,0.0,0.49190015
0.85410833,0.0,0.03390632
0.38980412,0.0,0.29227456
0.6725313,0.0,0.12760504
0.21155529,0.0,0.0917107
0.28371748,0.0,0.5460018
0.48003298,0.0,0.044793002
0.20220403,0.0,0.68468064
0.04844064,0.0,0.55221695
0.36760682,0.0,0.03377689
0.07878014,0.0,0.33731776
0.2041876,0.0,0.023822142
0.22848989,1.0,0.25528196
0.38050202,0.0,0.005577006
0.81450176,0.0,0.016132774
0.56494707,0.0,0.03494439
0.77782404,0.0,0.015781878
0.79468405,0.0,0.2384697
0.89183205,0.0,0.0120405005
0.8052899,0.0,0.3075271
0.95177877,0.0,0.18159576
0.3814252,0.0,0.1983746
0.7868882,0.0,5.2772924e-05
0.14911932,0.0,0.0061656334
0.79504347,0.0,0.0
0.47975865,0.0,0.007640665
0.7183467,0.0,0.0014279825
0.6573894,0.0,0.0059769736
0.7680466,0.0,0.021634672
0.80188334,0.0,0.015968693
0.3146347,1.0,0.4350194
0.029719986,1.0,0.5361511
0.5629274,0.0,0.25603005
0.28992102,0.0,0.54210556
0.05465327,0.0,0.105803505
0.6907831,0.0,0.09185832
0.058903355,0.0,0.6558835
0.0639244,0.0,0.31990603
0.7227628,0.0,0.0013372479
0.4009468,0.0,0.017828815
0.06994501,0.0,0.44944653
0.047940448,0.0,0.36657894
0.7018512,0.0,0.009582471
0.07480647,0.0,0.266794
0.26705456,0.0,0.09134451
0.1208142,0.0,0.50149953
0.032547504,0.0,0.08342486
0.62174034,0.0,0.060555883
0.13835813,0.0,0.14908572
0.13025163,0.0,0.34364152
0.8417382,0.0,0.011252669
0.46355283,0.0,0.3307698
0.07841569,0.0,0.63224614
0.19653696,0.0,0.39416215
0.50189394,0.0,0.11197474
0.24498506,1.0,0.3802868
0.15273531,0.0,0.46147838
0.67934364,1.0,0.36944357
0.28629872,0.0,0.22461802
0.83016735,0.0,0.082951985
0.48459774,1.0,0.17937414
0.46616974,0.0,0.00045902995
0.4317815,0.0,0.053181387
0.7674219,0.0,0.0011303534
0.55814046,0.0,0.0
0.16623244,0.0,0.27292794
0.78173053,0.0,0.0340093
0.18593359,0.0,0.4184644
0.39523518,0.0,0.0
0.07291552,0.0,0.4362299
0.2232222,0.0,0.15248041
0.120282315,0.0,0.41663963
0.8638155,0.0,0.12416675
0.5853088,0.0,0.29275447
0.70941544,0.0,0.0
0.2580584,0.0,0.030219277
0.13798575,0.0,0.34536347
0.22005783,0.0,0.0
0.87116444,0.0,0.0
0.10909979,0.0,0.23219523
0.11343739,0.0,0.5918189
0.77061456,0.0,0.16271546
0.17283273,0.0,0.25866243
0.89306766,0.0,0.00057158316
0.13996388,0.0,0.5102262
0.38521698,0.0,0.29996222
0.9151349,0.0,0.010876201
0.965336,0.0,0.103321254
0.34716162,0.0,0.3275711
0.46681106,0.0,0.35694122
0.28274867,0.0,0.61138266
0.7308734,0.0,0.1530204
0.727247,0.0,0.31003946
0.9189875,0.0,0.04714718
0.18735148,0.0,0.45104715
0.6613455,0.0,0.19535956
0.9384256,0.0,0.0
0.76932645,0.0,0.020452278
0.19525433,0.0,0.5609635
0.37291542,0.0,0.30418345
0.5816143,0.0,0.5067468
0.91415447,0.0,0.007272279
0.6508689,0.0,0.044929236
0.825531,0.0,0.027795536
0.31338972,0.0,0.34124604
0.542516,0.0,0.14389405
0.9320162,0.0,0.004920061
0.5445559,0.0,0.05882007
0.7464869,0.0,0.022291416
0.38381335,0.0,0.0974301
0.6675267,0.0,0.10103301
0.51743776,0.0,0.08523402
0.90704155,0.0,0.0123675205
0.39871636,0.0,0.20018129
0.92287755,0.0,0.006748253
0.25351813,0.0,0.18097857
0.79746485,0.0,0.08423059
0.47387955,0.0,0.07328314
0.52352875,0.0,0.0
0.89302814,0.0,0.0017625793
0.63076985,0.0,0.087138265
0.9742346,0.0,0.18202506
0.980649,0.0,0.6315251
0.9668169,0.0,0.50588524
0.7802671,0.0,0.6624487
0.9292077,0.0,0.1903916
0.89366126,1.0,0.669716
0.96553546,1.0,0.6637891
0.9649212,1.0,0.6567706
0.97888225,1.0,0.33867785
0.987694,1.0,0.24393666
0.9578722,1.0,0.3221661
0.871877,1.0,0.8598034
0.9386726,1.0,0.57045776
0.971626,1.0,0.20548277
0.8794342,1.0,0.62294567
0.8364745,1.0,0.3328796
0.85229397,1.0,0.50700194
0.97791183,0.0,0.20846933
0.71774495,0.0,0.10612309
0.87678933,0.0,0.0
0.5272592,0.0,0.1760939
0.60506064,1.0,0.20401482
0.41479576,0.0,0.0977684
0.85426915,0.0,0.0
0.9468766,0.0,0.0015013532
0.6131024,0.0,0.0
0.4974707,0.0,0.0006058722
0.8749831,0.0,0.0
0.52988505,0.0,0.090321824
0.64666486,0.0,0.00044453036
0.2714012,0.0,0.31679773
0.5109236,0.0,0.53797174
0.8586617,0.0,0.040865485
0.32550758,0.0,0.23198865
0.6531056,0.0,0.010530187
0.8967326,0.0,0.029665591
0.98059034,0.0,0.0010510918
0.9856361,0.0,0.018056333
0.95393515,0.0,0.0012095452
0.71499676,0.0,0.0
0.6651947,0.0,0.034519333
0.9302838,0.0,0.0
0.6534568,0.0,0.07934428
0.36509156,0.0,0.08840895
0.62173915,0.0,0.071407326
0.10460015,0.0,0.52404314
0.19205946,0.0,0.36712268
0.39411387,0.0,0.37741596
0.38571775,0.0,1.0
0.4885724,0.0,0.47471568
0.74228585,0.0,0.43252975
0.47586408,0.0,0.23567708
0.5104824,0.0,0.65874916
0.69173896,0.0,0.5884787
0.4772627,0.0,0.23382503
0.6449773,0.0,0.4578423
0.7967329,0.0,0.61549133
0.72886366,0.0,0.56233335
0.65859574,0.0,0.40052778
0.54383326,0.0,0.47150302
0.6367075,0.0,0.30066583
0.3066635,0.0,0.33555427
0.36464003,0.0,0.10301779
0.33101177,0.0,0.30356786
0.28919658,0.0,0.15556887
0.16302997,0.0,0.40382987
0.19839819,0.0,0.248979
0.35061166,0.0,0.0
0.23390546,0.0,0.37500185
0.21381532,0.0,0.5821192
0.8283375,0.0,0.02156088
0.32683635,0.0,0.3725288
0.2316892,1.0,0.6700771
0.26139385,1.0,0.26412308
0.58873504,0.0,0.0224741
0.30202037,0.0,0.42150518
0.083188236,0.0,0.40078324
0.7039978,0.0,0.0
0.66696274,0.0,0.0993501
0.12170803,0.0,0.68404216
0.084303595,0.0,0.15286653
0.08139844,0.0,0.40377778
0.265078,0.0,0.26396298
0.63766366,0.0,0.0
0.46650967,0.0,0.1748053
0.36129984,0.0,0.4629732
0.5048988,0.0,0.06739343
0.9220441,0.0,0.0
0.47901782,0.0,0.3300879
0.67909354,0.0,0.397836
0.75024056,0.0,0.080901206
0.9032027,0.0,0.0077296426
0.10938012,0.0,0.5612377
0.40273178,1.0,0.481801
0.48015887,1.0,0.29387146
0.7714955,1.0,0.7199022
0.60880935,1.0,0.19781256
0.29832962,0.0,0.1096079
0.4708217,1.0,0.17780401
0.72993517,1.0,0.096449405
0.81300825,0.0,0.0
0.5131491,0.0,0.14004196
0.88224393,0.0,0.0
0.94360447,0.0,0.10579865
0.40815032,0.0,0.23774412
0.5719017,0.0,0.20997542
0.82912266,0.0,0.0077141635
0.3116134,0.0,0.27499175
0.0653785,0.0,0.44205192
0.29091945,0.0,0.00441551
0.2784799,0.0,0.40221563
0.031653788,0.0,0.3647731
0.11180622,0.0,0.09174883
0.049427073,0.0,0.42792884
0.14961302,0.0,0.213762
0.06620315,0.0,0.68015486
0.23877728,0.0,0.36224747
0.24055398,0.0,0.42796034
0.34889498,0.0,0.0865877
0.14276391,0.0,0.16146022
0.43594658,0.0,0.40507782
0.3146096,0.0,0.22738956
0.3572389,0.0,0.0
0.20850639,0.0,0.49667856
0.35039,0.0,0.47691426
0.8338647,0.0,0.039527267
0.7555711,0.0,0.12637304
0.33374196,0.0,0.2961602
0.37298074,0.0,0.20481223
0.91683906,0.0,0.061960656
0.84317577,0.0,0.008013614
0.33129418,0.0,0.32242134
0.24492697,0.0,0.33522767
0.25557503,1.0,0.4254936
0.66489595,1.0,0.07909457
0.5653425,1.0,0.70373577
0.37930292,0.0,0.31495318
0.6987003,1.0,0.33225858
0.6850498,1.0,0.056303825
0.71829534,1.0,0.43255892
0.786138,1.0,0.13464548
0.68665624,1.0,0.36158437
0.6026736,1.0,0.5818695
0.49127224,1.0,0.50884515
0.5112984,0.0,0.072481975
0.38660514,1.0,0.1672929
0.39576337,0.0,0.27150244
0.30923468,0.0,0.5279639
0.6523373,0.0,0.027547605
0.35330412,0.0,0.3731139
0.12795275,0.0,0.55062735
0.20082416,0.0,0.3594536
0.6797962,0.0,0.075931154
0.15009664,0.0,0.38998947
0.09579995,0.0,0.38010317
0.46592847,0.0,0.0933199
0.23183602,0.0,0.4973412
0.4074355,0.0,0.34697247
0.11591527,0.0,0.35321885
0.6724521,0.0,0.074682765
0.82892877,0.0,0.011493536
0.608744,0.0,0.38208842
0.39209318,0.0,0.57737815
0.8534342,0.0,0.012939101
0.817233,0.0,0.051165625
0.2748389,0.0,0.34414604
0.7609801,1.0,0.4125791
0.87398934,0.0,0.0013445776
0.851959,0.0,0.16679569
0.5450298,0.0,0.3034216
0.7920243,1.0,0.31178546
0.89034706,0.0,0.0032708577
0.8649454,1.0,0.30785102
0.36862698,1.0,0.5831508
0.7233098,1.0,0.3520483
0.88355416,1.0,0.02205759
0.6717479,0.0,0.07284744
0.5824221,0.0,0.3220855
0.75833654,1.0,0.34267202
0.8774051,0.0,0.0
0.47569093,1.0,0.18069977
0.51276773,1.0,0.6033206
0.26360527,0.0,0.108856775
0.16726786,0.0,0.73373026
0.40773723,0.0,0.39247867
0.52890515,0.0,0.027019538
0.31963357,0.0,0.44296378
0.12061376,0.0,0.3781378
0.4800483,0.0,0.12257793
0.22040033,0.0,0.11006981
0.059081335,0.0,0.368951
0.03939209,0.0,0.5375432
0.16694269,0.0,0.690258
0.13130416,0.0,1.0
0.29758278,0.0,0.7405213
0.5300437,0.0,0.29685947
0.6582746,0.0,0.43147236
0.42229322,0.0,0.4139587
0.53303486,0.0,0.61151075
0.54029965,0.0,0.21330808
0.09500686,0.0,0.25010803
0.5414482,0.0,0.12732172
0.3851091,0.0,0.58079493
0.24379852,0.0,0.5928386
0.91261554,0.0,0.10627803
0.62081945,0.0,0.24009342
0.37271583,0.0,0.6263242
0.6127711,0.0,0.14922595
0.77336586,0.0,0.0
0.20643044,0.0,0.294482
0.55413944,0.0,0.42288944
0.8932626,0.0,0.04146968
0.7366499,0.0,0.06647514
0.40200546,0.0,0.47532445
0.81535333,0.0,0.29384357
0.892059,0.0,0.17232613
0.38285705,0.0,0.6825418
0.3123464,0.0,0.45744953
0.49558753,0.0,0.68647254
0.486792,0.0,0.08666665
0.517735,0.0,0.7849177
0.88025266,0.0,0.22175346
0.65406996,0.0,0.4678052
0.8453267,0.0,0.23175052
0.39034873,0.0,0.7037374
0.4443,1.0,0.3523858
0.6590657,0.0,0.0761
0.6204075,0.0,0.24074209
0.3141217,1.0,0.47153464
0.79117566,1.0,0.21074098
0.92752373,1.0,0.0818073
0.83541596,1.0,0.5428311
0.820772,1.0,0.0814731
0.80772746,1.0,0.7048293
0.75462896,1.0,0.48542443
0.41154844,0.0,0.5303386
0.52651024,0.0,0.16113302
0.62824804,0.0,0.01898541
0.4000142,0.0,0.41334128
0.27638105,0.0,0.7326552
0.41793364,0.0,0.35886788
0.14980409,0.0,0.57032603
0.5174832,0.0,0.66100734
0.53141594,0.0,0.22653465
0.48476142,0.0,0.11986688
0.6815361,0.0,0.02380006
0.2689244,0.0,0.25446767
0.8634982,1.0,0.075063825
0.72370684,0.0,0.09337856
0.7108073,0.0,0.018505458
0.855118,0.0,0.00014953256
0.37493944,0.0,0.38896248
0.65181404,0.0,0.18766433
0.493594,0.0,0.5663449
0.4309759,0.0,0.8082019
0.5815452,0.0,0.3310718
0.39227945,0.0,0.8416503
0.37905902,1.0,0.5122751
0.7706232,1.0,0.14045389
0.7990254,1.0,0.19774629
0.7788782,1.0,0.37607193
0.830175,0.0,0.25095448
0.8872149,1.0,0.015620846
0.8904703,0.0,0.0
0.94740564,0.0,0.0
0.6750818,0.0,0.10064649
0.8037672,0.0,0.07756941
0.312171,0.0,0.59540784
0.36477473,0.0,0.39850435
0.6386452,0.0,0.7149961
0.545554,0.0,0.63731617
0.3573479,0.0,0.102807015
0.82418185,0.0,0.06234869
0.9232808,0.0,0.026587129
0.94110394,0.0,0.1066318
0.75315434,0.0,0.0022319383
0.46581918,0.0,0.27865952
0.50231224,1.0,0.28833807
0.7685627,1.0,0.44839
0.6258398,1.0,0.122256234
0.39093605,1.0,0.510042
0.47495863,0.0,0.42779708
0.75332826,1.0,0.007903918
0.72124964,0.0,0.14990838
0.50159365,0.0,0.2927153
0.8611044,0.0,0.042112064
0.2713915,0.0,0.27387285
0.67776775,0.0,0.37981635
0.4203364,0.0,0.72537726
0.1501986,0.0,0.3960992
0.24137062,0.0,1.0
0.4650814,0.0,0.5353275
0.18104267,0.0,0.38324952
0.5361617,0.0,0.44901684
0.2982104,0.0,0.10551902
0.5671073,0.0,0.6452038
0.37105235,0.0,0.054535266
0.3335183,0.0,0.33768982
0.04944082,0.0,0.48117802
0.1883876,0.0,0.68261296
0.26434037,0.0,0.10435704
0.123141386,0.0,0.50092673
0.60447377,0.0,0.08586629
0.14075595,0.0,0.21716584
0.69211876,0.0,0.0
0.06951103,0.0,0.49438912
0.57311356,0.0,0.06222903
0.13743772,0.0,0.6576885
0.10760161,0.0,0.13248798
0.10073325,0.0,0.80548954
0.22180429,0.0,0.3786326
0.08857899,0.0,0.41795695
0.42160073,0.0,0.01690362
0.2657819,0.0,0.5994762
0.93370384,1.0,0.39593157
0.8514239,0.0,0.007913774
0.9668666,1.0,0.17136566
0.9734176,0.0,0.0
0.9528728,1.0,0.16650604
0.892158,0.0,0.12192892
0.09242379,0.0,0.42825627
0.13891134,1.0,0.8978357
0.45947614,1.0,0.454001
0.91339463,1.0,0.29796952
0.9824524,0.0,0.0010141023
0.9547305,0.0,0.0
0.9441735,1.0,0.23533353
0.8861841,0.0,0.03346708
0.7743076,1.0,0.3570579
0.2519431,0.0,0.685494
0.25275412,0.0,0.73232806
0.3133352,1.0,0.41766113
0.4317473,0.0,0.26294753
0.85571146,1.0,0.57511264
0.87348884,0.0,0.07650758
0.8826763,1.0,0.27255532
0.82074434,1.0,0.66504216
0.68258774,0.0,0.45981467
0.8231734,0.0,0.13603827
0.2181192,0.0,0.41062877
0.1351541,0.0,0.57411647
0.7425775,0.0,0.42220953
0.72250247,0.0,0.058965124
0.6587516,0.0,0.5837476
0.895648,0.0,0.060596604
0.24994524,0.0,0.27484265
0.34874913,0.0,0.5375962
0.10541098,0.0,0.5497188
0.107345946,0.0,0.252522
0.5457303,0.0,0.0
0.06397948,0.0,0.07523088
0.7195119,0.0,0.0
0.13498306,0.0,0.15123133
0.7009821,0.0,0.00064135937
0.2869286,0.0,0.34672672
0.21464245,0.0,0.30397362
0.62058157,0.0,0.019728312
0.1033163,0.0,0.31837684
0.15110303,0.0,0.5885045
0.1539516,0.0,0.49137974
0.52515334,0.0,0.051772203
0.26330566,0.0,0.34960687
0.23358218,0.0,0.15333788
0.51369625,0.0,0.25880858
0.76255596,0.0,0.0
0.8772606,0.0,0.16089194
0.95378447,0.0,0.0
0.9731915,1.0,0.3069134
0.8284652,0.0,0.067330085
0.922324,1.0,0.6109186
0.8108912,0.0,0.37437087
0.7693548,1.0,0.11538508
0.8634622,0.0,0.80395746
0.43862915,1.0,0.6088014
0.76741695,1.0,0.26068473
0.61334324,0.0,0.09736703
0.24626605,0.0,0.3504192
0.67652047,0.0,0.032894693
0.40143666,0.0,0.3062043
0.56176007,0.0,0.0
0.577953,0.0,0.36771226
0.76199245,0.0,0.20619415
0.6423228,0.0,0.29191816
0.12336496,0.0,0.7612267
0.17384727,0.0,0.98852354
0.1881651,0.0,0.4600668
0.41907233,0.0,0.3133389
0.32429966,0.0,0.417662
0.37978616,0.0,0.024883138
0.3407155,0.0,0.3331595
0.10502765,0.0,0.35458463
0.23669674,0.0,0.09663953
0.63886815,0.0,0.0
0.336743,0.0,0.3439729
0.2550233,0.0,0.40394467
0.6278559,0.0,0.0
0.64844567,0.0,0.12360801
0.29860625,0.0,0.5509112
0.22141436,0.0,0.5558273
0.4446182,0.0,0.029784348
0.45303842,0.0,0.5863978
0.56078875,0.0,0.08677908
0.8022193,0.0,0.4167594
0.67110616,0.0,0.0009433978
0.84696627,0.0,0.0
0.9164997,0.0,0.0
0.591219,0.0,0.018812349
0.718013,0.0,0.0
0.65734136,0.0,0.06649278
0.21918693,0.0,0.16322103
0.4631685,0.0,0.11700425
0.102589026,0.0,0.62633973
0.21289088,0.0,0.4691279
0.18069032,0.0,0.19748224
0.24259056,0.0,0.46150708
0.2987549,0.0,0.40803525
0.9242653,0.0,0.16484639
0.7975029,0.0,0.07408277
0.4811851,0.0,0.40036118
0.2759687,0.0,0.18844841
0.54406387,0.0,0.26334232
0.3053867,0.0,0.13291377
0.14637376,0.0,0.6378437
0.40867952,0.0,0.24721283
0.8484126,0.0,0.4623618
0.81525594,0.0,0.0014202622
0.95740014,0.0,0.02743532
0.96155524,0.0,0.009987754
0.97022814,0.0,0.0009966722
0.9372724,1.0,0.07745558
0.79135084,0.0,0.00011384324
0.78092843,0.0,0.0005915062
0.72258276,0.0,0.0
0.26598543,0.0,0.0
0.58396924,0.0,0.0060458523
0.5509639,0.0,0.0
0.7386901,0.0,0.0
0.37276697,0.0,0.0
0.39826515,0.0,0.027199943
0.7834216,0.0,0.00017367833
0.62014145,0.0,0.0053764093
0.21440107,0.0,0.21670564
0.5705386,0.0,0.24883121
0.25757208,0.0,0.24129036
0.4335397,0.0,0.31530026
0.27122387,0.0,0.57325345
0.27705655,0.0,0.6270637
0.23524891,0.0,0.502269
0.43182224,0.0,0.038374342
0.19965236,0.0,0.4567881
0.5363358,0.0,0.162226
0.08957329,0.0,0.59056383
0.30880624,0.0,0.34538817
0.13281927,0.0,0.41042683
0.4420802,0.0,0.112718835
0.09307535,0.0,0.55339533
0.4709172,0.0,0.043534286
0.17375602,1.0,0.55243987
0.11386911,1.0,0.53491277
0.08399786,1.0,0.6549659
0.048683316,1.0,0.36112392
0.60906637,1.0,0.20577131
0.5591687,1.0,0.30615684
0.31579733,1.0,0.56464106
0.8115859,1.0,0.47823873
0.78204566,1.0,0.0459825
0.59063435,1.0,0.24910313
0.47986153,1.0,0.21523117
0.38495246,0.0,0.0
0.13321483,1.0,0.43328488
0.11033152,1.0,0.6557332
0.36334756,1.0,0.22789411
0.44675606,0.0,0.2856792
0.14217843,1.0,0.7875656
0.13468675,0.0,0.39921388
0.17324929,0.0,0.013433883
0.4128538,0.0,0.010172701
0.106755726,0.0,0.18891257
0.35265994,0.0,0.0
0.19447845,0.0,0.10827307
0.11782685,0.0,0.3795607
0.7115174,0.0,0.0
0.5611536,0.0,0.0
0.03345654,0.0,0.24980405
0.7910483,0.0,0.0279737
0.47848883,0.0,0.0
0.7533398,0.0,0.0
0.5884769,0.0,0.07697757
0.739863,1.0,0.321015
0.7743373,1.0,0.106017984
0.5597189,0.0,0.0
0.7657271,1.0,0.07472225
0.6311403,0.0,0.012730518
0.6536924,0.0,0.0
0.4981304,0.0,0.0
0.78603,0.0,0.10096266
0.40745884,0.0,0.15398085
0.63683605,0.0,0.0
0.8684261,0.0,0.0
0.27744415,0.0,0.47288728
0.14901961,0.0,0.18911964
0.68223673,0.0,0.12175759
0.67029375,0.0,0.48862684
0.44940385,0.0,0.06288131
0.86862916,0.0,0.07603056
0.5505493,0.0,0.6163971
0.67084104,0.0,0.18588135
0.8305611,0.0,0.0065038134
0.26286024,0.0,0.14377326
0.16720298,0.0,0.3968081
0.32069713,0.0,0.09762643
0.7317715,0.0,0.005803513
0.38259435,0.0,0.32766765
0.5312037,0.0,0.6669681
0.40165484,0.0,0.046732545
0.12870568,0.0,0.41955024
0.6325475,0.0,0.035651688
0.16850175,0.0,0.5736476
0.691789,0.0,0.44142023
0.8306885,0.0,0.004225565
0.83904684,0.0,0.28127638
0.9587142,0.0,0.02202405
0.92289996,0.0,0.2726607
0.9171075,0.0,0.12649538
0.94414485,0.0,0.34586242
0.96382,0.0,0.012565928
0.800644,1.0,0.24812394
0.70527214,1.0,0.4560473
0.7659952,0.0,0.008477724
0.65744835,1.0,0.11337082
0.53959036,1.0,0.27972445
0.9020146,0.0,0.07372068
0.62324905,0.0,0.30301684
0.69321,0.0,0.5685911
0.17921807,0.0,0.75132704
0.62522304,0.0,0.1546574
0.18398808,0.0,0.16692267
0.751175,0.0,0.33317667
0.44118255,0.0,0.0030808502
0.86242455,0.0,0.0047957227
0.67196447,0.0,0.0026793755
0.26495337,0.0,0.03564905
0.41841617,0.0,0.0
0.10206808,0.0,0.24144398
0.8451981,0.0,0.105200805
0.7755073,0.0,0.0013597116
0.18539506,0.0,0.0
0.19818407,0.0,0.2769362
0.8374463,0.0,0.0044722143
0.8499937,0.0,0.011298133
0.29902098,0.0,0.23992863
0.24498558,0.0,0.18574412
0.8532029,0.0,0.0022779151
0.88203883,0.0,0.07579632
0.68354255,0.0,0.28019786
0.4969654,0.0,0.30087304
0.24900867,0.0,0.6944005
0.61595774,0.0,0.44056848
0.5054282,0.0,0.02335012
0.1158587,0.0,0.31579763
0.10363303,0.0,0.42244655
0.0980479,0.0,0.7162987
0.23055851,0.0,0.041410092
0.21601212,0.0,0.11797847
0.2123312,0.0,0.6126012
0.20527783,0.0,0.23423555
0.47277236,0.0,3.7932765e-05
0.6342832,0.0,0.30507034
0.35094863,0.0,0.3756085
0.6783897,0.0,0.04899806
0.78282,0.0,0.0027182852
0.72604024,0.0,0.2565204
0.24776958,0.0,0.23909566
0.33111614,0.0,0.0049371757
0.670521,1.0,0.48875406
0.7608663,1.0,0.4551816
0.863727,0.0,0.07614828
0.54036903,0.0,0.0010927214
0.26092032,1.0,0.42576522
0.57782155,0.0,0.55627763
0.7003587,0.0,0.16761322
0.7776921,0.0,0.3725219
0.27115318,0.0,0.5521467
0.16730405,0.0,0.65850097
0.4422163,0.0,0.14564146
0.14174882,0.0,0.4230146
0.049970396,0.0,0.8356506
0.10178255,0.0,0.28152493
0.5945079,0.0,0.12875868
0.5323437,0.0,0.18297601
0.40310213,0.0,0.06061959
0.5327973,0.0,0.0
0.6308735,0.0,0.0015454063
0.8210402,0.0,0.0019277731
0.8382787,1.0,0.056466695
0.92812425,1.0,0.036599763
0.81584096,1.0,0.37569487
0.79355955,1.0,0.18873289
0.8833253,1.0,0.43608856
0.93380255,0.0,0.3676562
0.8863933,0.0,0.08550111
0.4279198,0.0,0.002458711
0.63766253,1.0,0.12448542
0.590303,0.0,0.008731655
0.8203402,0.0,0.088169105
0.7259514,0.0,0.0
0.8464851,0.0,0.044877704
0.88250947,0.0,0.007790899
0.8562963,0.0,0.060353253
0.60997844,0.0,0.0
0.16395557,0.0,0.18162753
0.17546907,0.0,0.6914421
0.114228144,0.0,0.56147
0.18783304,0.0,0.5271449
0.14666988,0.0,0.12688673
0.19171223,0.0,0.19736464
0.38319677,0.0,0.030462608
0.49961954,0.0,0.00076989376
0.5456738,0.0,0.04976491
0.6623283,0.0,0.0
0.7743162,0.0,0.018741315
0.7521633,0.0,0.0011533113
0.65432537,0.0,0.0039549
0.4361139,0.0,0.06521563
0.18908182,0.0,0.29349738
0.3677573,0.0,0.024954563
0.21388738,0.0,0.78435427
0.21543668,0.0,0.1697914
0.064932674,0.0,0.34255597
0.80779105,1.0,0.4879494
0.40258318,0.0,0.40752885
0.11470392,0.0,0.41065666
0.7647648,0.0,0.071536265
0.59274805,1.0,0.28710654
0.43766904,0.0,0.506288
0.62080127,0.0,0.090103194
0.86285037,0.0,0.11755169
0.24294865,0.0,0.43304324
0.24203475,0.0,0.20659429
0.8705655,0.0,0.0
0.44154134,0.0,0.16145703
0.086703084,0.0,0.28309268
0.13584964,0.0,0.0
0.6639143,0.0,0.004877698
0.5790208,0.0,0.19073322
0.104935296,0.0,0.4559768
0.23374769,0.0,0.22049896
0.82573974,0.0,0.055142798
0.43393546,0.0,0.70282143
0.2656126,0.0,0.34618214
0.11040861,0.0,0.7981514
0.1435134,0.0,0.34495905
0.26655066,0.0,0.18574262
0.41565266,0.0,0.16818118
0.81518346,0.0,0.0
0.55885917,0.0,0.011795723
0.79900783,0.0,0.0
0.49538782,0.0,0.013809844
0.74070597,0.0,0.031132413
0.9318694,0.0,0.0
0.9716352,0.0,0.056409337
0.81485707,0.0,0.07989713
0.967654,0.0,0.123459905
0.8336122,0.0,0.044646043
0.5687799,0.0,0.0
0.8486258,0.0,0.2092679
0.57992816,0.0,0.0011381994
0.74939007,0.0,0.011154644
0.512253,0.0,0.0030406278
0.88538784,0.0,0.00010246551
0.13707314,0.0,0.13540235
0.25088573,0.0,0.41721806
0.1405582,0.0,0.43829894
0.61827326,0.0,0.07515553
0.16963583,0.0,0.3488017
0.6175229,0.0,0.2863064
0.45306063,0.0,0.329253
0.21144624,0.0,0.079758376
0.5832078,0.0,0.25853315
0.09788719,0.0,0.025675137
0.8650903,0.0,0.40376946
0.121850535,0.0,0.33115354
0.6683958,0.0,0.49275953
0.46304026,0.0,0.05221982
0.0645195,0.0,0.4619087
0.81994164,0.0,0.17116134
0.5015431,0.0,0.2656582
0.6634611,0.0,0.48309955
0.5569099,0.0,0.4480007
0.07724266,0.0,0.42300135
0.4466317,0.0,0.71989614
0.25818968,0.0,0.120840766
0.60449314,0.0,0.19419606
0.6742113,0.0,0.045638923
0.65764743,0.0,0.022605445
0.66994727,0.0,0.00032761492
0.25289038,0.0,0.25698408
0.6210253,0.0,0.025461918
0.41180763,0.0,0.32778537
0.45432094,0.0,0.24749653
0.7071887,0.0,0.0018017062
0.32790565,0.0,0.2196429
0.33018845,0.0,0.41451007
0.46045926,0.0,0.083112404
0.6392625,0.0,0.003369541
0.21516743,0.0,0.18942602
0.28027332,0.0,0.2271034
0.30817252,0.0,0.0
0.7307145,0.0,0.06376399
0.3557543,0.0,0.5223627
0.10416537,0.0,0.30502355
0.25084996,0.0,0.014724758
0.71651375,0.0,0.06968911
0.13914503,0.0,0.5499165
0.059198752,0.0,0.5191931
0.29918236,0.0,0.25760898
0.11342469,0.0,0.70803505
0.32985747,0.0,0.061715618
0.09193675,0.0,0.37128896
0.24589628,0.0,0.08052694
0.0847587,0.0,0.29328182
0.075510636,0.0,0.2304773
0.57234186,0.0,0.018696262
0.2996419,0.0,0.049374327
0.44261006,0.0,0.0
0.77006304,0.0,0.005376591
0.74824417,0.0,0.0
0.7514001,0.0,0.0003015746
0.8750482,0.0,0.001431557
0.7776457,0.0,0.0
0.9721781,0.0,0.011247116
0.95678854,0.0,0.021525707
0.8879661,0.0,0.0058232956
0.920377,0.0,0.0
0.9018616,0.0,0.0
0.78817433,0.0,0.0024242834
0.9323796,0.0,0.0016419481
0.97247845,0.0,0.0
0.4341572,0.0,0.041880343
0.3087236,0.0,0.46787554
0.05345738,0.0,0.74005127
0.08757076,0.0,0.5004198
0.3508743,0.0,0.03615968
0.049020648,0.0,0.42400604
0.19047631,0.0,0.19848412
0.72028714,0.0,0.16672854
0.6000298,0.0,0.23608701
0.41283768,0.0,0.2439232
0.6331504,0.0,0.0
0.8451286,0.0,0.00038366584
0.6582268,0.0,0.0
0.74864733,0.0,0.037720084
0.66404885,0.0,0.039265845
0.71405315,0.0,0.006213536
0.5647518,0.0,0.034202483
0.35762846,0.0,0.0751055
0.3338471,0.0,0.0050243563
0.13740292,0.0,0.07749211
0.13940707,0.0,0.53248984
0.5948591,0.0,0.08045911
0.86729836,0.0,0.02795013
0.1758955,0.0,0.28688776
0.22273523,0.0,0.3413125
0.652081,0.0,0.060613032
0.17287701,0.0,0.3806669
0.2834743,0.0,0.66364133
0.30779877,0.0,0.47715878
0.18723889,0.0,0.56984
0.654394,0.0,0.10979277
0.22441463,0.0,0.3249099
0.12967706,0.0,0.4398112
0.31621733,0.0,0.24205256
0.82923263,0.0,0.008226388
0.32060704,0.0,0.0944918
0.13193183,0.0,0.26591784
0.14181675,0.0,0.19625501
0.34800515,0.0,0.026180157
0.23465215,0.0,0.03221179
0.747175,0.0,0.003377744
0.44613677,0.0,0.11055809
0.5350296,0.0,0.040383168
0.7453458,0.0,0.008922337
0.52701116,0.0,0.010275487
0.9421853,0.0,0.0035039845
0.8138666,0.0,0.0
0.8523081,0.0,0.00016374433
0.7123019,0.0,0.0
0.75988275,0.0,0.0
0.6477214,0.0,0.008024763
0.8381037,0.0,0.0013419886
0.2909077,0.0,0.20200676
0.68241227,0.0,0.12011973
0.8898584,0.0,0.00080684025
0.6584638,0.0,0.01234863
0.17009959,0.0,0.32993537
0.071902215,0.0,0.44134894
0.59200686,0.0,0.25765648
0.21558534,0.0,0.7794976
0.179394,0.0,0.3654419
0.37874877,0.0,0.021303462
0.46555758,0.0,0.12307253
0.032077543,0.0,0.35757795
0.16134037,0.0,0.26827508
0.35095045,0.0,0.0
0.20787907,0.0,0.4440483
0.282256,0.0,0.6832427
0.31702068,0.0,0.20460233
0.20538601,0.0,0.3001925
0.61957055,0.0,0.003743442
0.6037178,0.0,0.04069258
0.82947636,0.0,0.014897584
0.6382936,0.0,0.0
0.5447239,0.0,0.018675508
0.966271,0.0,0.00091602164
0.8828086,0.0,0.0
0.6138979,0.0,0.0004433334
0.7714338,0.0,0.00056493626
0.7144914,0.0,0.0012817162
0.8943806,0.0,0.0032649983
0.74477416,0.0,0.069212325
0.070542015,0.0,0.20351079
0.8305821,0.0,0.039522078
0.7482107,0.0,0.0014744158
0.34535486,0.0,0.5425417
0.30106646,0.0,0.2053343
0.35035953,0.0,0.5294396
0.27365348,0.0,0.1710527
0.6337095,0.0,0.17578447
0.38699412,0.0,0.018589566
0.47992745,0.0,0.014243514
0.74108577,0.0,0.0009480129
0.6283574,0.0,0.18685937
0.72424287,0.0,0.0008946027
0.7382736,0.0,0.0
0.45467106,0.0,0.0055233804
0.6482894,0.0,0.005248535
0.78001344,0.0,0.00023318174
0.870072,0.0,0.0056192577
0.9551748,0.0,0.0022668021
0.7086967,0.0,0.006499917
0.6752886,0.0,0.0039931354
0.28899422,0.0,0.060738355
0.67332935,0.0,0.0045623058
0.49958822,0.0,0.40330198
0.16926466,0.0,0.47021174
0.8288675,0.0,0.2866435
0.1947447,0.0,0.37020454
0.83376175,0.0,0.06703313
0.69656265,0.0,0.108527355
0.18974653,0.0,0.49942672
0.11595761,0.0,0.34584418
0.7878536,0.0,0.01677621
0.735005,0.0,0.06841023
0.30654,0.0,0.5887299
0.42052755,0.0,0.29115677
0.88582045,0.0,0.01195864
0.2888586,0.0,0.29543382
0.86552334,0.0,0.029097956
0.41263992,0.0,0.0779147
0.23691595,0.0,0.39984515
0.12152057,0.0,0.37774315
0.49976248,0.0,0.00048702257
0.87436926,0.0,0.06745795
0.67876595,0.0,0.08742639
0.12121323,0.0,0.40731898
0.46167323,0.0,0.13931978
0.22188413,0.0,0.24456485
0.20907614,0.0,0.3513153
0.81928265,0.0,0.014306947
0.6679555,0.0,0.050213408
0.15494296,0.0,0.24196798
0.25426698,0.0,0.44074464
0.8575929,0.0,0.06665652
0.6960181,0.0,0.13796991
0.33872142,0.0,0.35647127
0.49017054,0.0,0.025752872
0.391427,0.0,0.35782272
0.62686247,0.0,0.31695458
0.49221215,0.0,0.3841575
0.6251341,0.0,0.62639034
0.5851214,0.0,0.32613954
0.56187105,0.0,0.7421505
0.38169795,0.0,0.70045626
0.24708922,0.0,0.115308054
0.4498668,0.0,0.33456117
0.86270404,0.0,0.0096669085
0.620765,0.0,0.15059789
0.7706071,0.0,0.003638375
0.61743957,0.0,0.0
0.91124016,0.0,0.0
0.9627219,0.0,0.007648044
0.9717951,0.0,0.013446406
0.9361328,0.0,0.0
0.8558034,0.0,0.08608792
0.9050631,0.0,0.067703
0.9536612,0.0,0.011045291
0.8292581,0.0,0.00477471
0.8889855,0.0,0.0
0.9023682,0.0,0.016665604
0.72987676,0.0,0.013476021
0.8817008,0.0,0.055054583
0.9450313,0.0,0.07435528
0.741328,0.0,0.13291508
0.95587796,0.0,0.07599534
0.5865637,0.0,0.04905954
0.056467455,0.0,0.5447295
0.07020801,0.0,0.51577854
0.29889774,0.0,0.35186672
0.19134185,0.0,0.3578635
0.58424467,0.0,0.08301217
0.8086684,0.0,0.0
0.5805175,0.0,0.009716045
0.8205168,0.0,0.04352726
0.7805022,0.0,0.0028938372
0.86373585,0.0,0.25422034
0.9437265,0.0,0.17242192
0.9737235,0.0,0.040030375
0.95920044,0.0,0.02441135
0.98497564,0.0,0.05236226
0.9427199,0.0,0.008627306
0.96429473,0.0,0.0
0.8775883,0.0,0.021448273
0.9033544,0.0,0.0009516249
0.7140241,0.0,0.06013597
0.5977032,0.0,0.08403689
0.087973334,0.0,0.66961527
0.064995974,0.0,0.5732601
0.45291787,0.0,0.23800272
0.47850227,0.0,0.21066417
0.2065118,0.0,0.416845
0.55943424,0.0,0.04674286
0.16955471,0.0,0.6308687
0.3937044,0.0,0.29000032
0.59813017,0.0,0.25049505
0.8225869,0.0,0.0076131513
0.9188842,0.0,0.0
0.41073588,0.0,0.025062567
0.88760006,0.0,0.0012150347
0.8756255,0.0,0.0022699216
0.9512359,0.0,0.008400709
0.95751894,0.0,0.049302753
0.7245764,0.0,0.0
0.9534832,0.0,0.34304792
0.606023,0.0,0.42557532
0.48309803,0.0,0.012470886
0.31132632,0.0,0.23768236
0.55402243,0.0,0.25806797
0.5487792,0.0,0.033121523
0.8497435,0.0,0.078611195
0.92459786,0.0,0.0012649408
0.647414,0.0,0.005841117
0.94766563,0.0,0.0
0.9378152,0.0,0.0064228554
0.90630436,0.0,0.0
0.8677584,0.0,0.039282527
0.96092874,0.0,0.0057547404
0.9350643,0.0,0.07306887
0.9199288,0.0,0.010349051
0.9426031,0.0,0.16882434
0.7461074,0.0,0.12033805
0.90116537,0.0,0.0037969875
0.935753,0.0,0.080492616
0.9198119,0.0,0.18788166
0.8594419,0.0,0.21881649
0.83539665,0.0,0.0016278399
0.7910775,0.0,0.20744443
0.6224006,0.0,0.2788196
0.3036458,0.0,0.54354393
0.84048563,0.0,0.4128391
0.23122503,0.0,0.591132
0.7370964,0.0,0.3849696
0.764085,0.0,0.01405368
0.22020684,0.0,0.7176794
0.19783692,0.0,0.42157584
0.36300176,0.0,0.34310588
0.4269037,0.0,0.5683014
0.117278166,0.0,0.21580663
0.2784102,0.0,0.011635104
0.2188199,0.0,0.11695885
0.379747,0.0,0.45709938
0.7448212,0.0,0.18276124
0.7283472,0.0,0.0
0.34703788,0.0,0.40893567
0.10444538,0.0,0.45210359
0.4504251,0.0,0.099209
0.20205921,1.0,0.71952426
0.31080377,1.0,0.41660088
0.5546543,0.0,0.068480305
0.4085339,0.0,0.3232699
0.358347,0.0,0.55149776
0.45742562,0.0,0.013674185
0.5239907,0.0,0.1392339
0.5660736,0.0,0.013774184
0.71396357,0.0,0.0073008514
0.8158311,0.0,0.0067507764
0.8622739,0.0,0.0
0.8117982,0.0,0.26181528
0.71398014,0.0,0.024644844
0.5799104,0.0,0.0018876302
0.85567445,0.0,0.054361783
0.92377543,0.0,0.0
0.58711207,0.0,0.04740986
0.46124068,0.0,0.22247201
0.44097832,0.0,0.24672876
0.95123065,0.0,0.124348156
0.116652355,0.0,0.07573021
0.35517105,0.0,0.14323056
0.33801523,0.0,0.10740174
0.35295096,0.0,0.0
0.33930224,0.0,0.15577118
0.5965526,0.0,0.32785308
0.37018493,0.0,0.2313474
0.7754532,0.0,0.30418634
0.8082616,0.0,0.2202437
0.54148203,0.0,0.40950876
0.9124603,0.0,0.53343385
0.656521,0.0,0.52299017
0.9409573,0.0,0.91673416
0.437964,0.0,0.5032958
0.36046228,0.0,0.15667512
0.055219185,0.0,0.3688616
0.19319484,0.0,0.3533714
0.18511346,0.0,0.10558689
0.24876487,0.0,0.086383075
0.6073378,0.0,0.15733816
0.80981654,0.0,0.01174043
0.32259998,0.0,0.086522885
0.7171389,0.0,0.021478543
0.9168001,0.0,0.0043815067
0.7498122,0.0,0.0139470855
0.45952365,0.0,0.03851767
0.8756682,0.0,0.0037360005
0.97498655,0.0,0.020223381
0.7993733,0.0,0.0
0.84208786,0.0,0.010220336
0.86235774,0.0,0.058946528
0.7390831,0.0,0.010507263
0.3383136,0.0,0.10171311
0.8016337,0.0,0.054981504
0.9176839,0.0,0.017283902
0.7390595,0.0,0.081941575
0.36422303,0.0,0.37325844
0.65487224,0.0,0.060073722
0.9334844,0.0,4.9862316e-05
0.7620314,0.0,0.20207629
0.15997854,0.0,0.38087308
0.7018923,0.0,0.13410117
0.49064854,0.0,0.17153044
0.25705367,0.0,0.6153981
0.35973054,0.0,0.33812207
0.1569102,1.0,0.4311824
0.5792232,0.0,0.07767634
0.37680572,1.0,0.6443846
0.26198316,0.0,0.2670536
0.6301035,0.0,0.0060328445
0.5748222,0.0,0.24656823
0.7436962,0.0,0.0077619995
0.8760447,0.0,0.00055011606
0.8416224,0.0,0.07612054
0.89588696,0.0,0.56477314
0.6576616,0.0,0.23212916
0.54776996,0.0,0.0
0.3784076,0.0,0.25965777
0.6623566,0.0,0.07728256
0.37979743,0.0,0.2541633
0.59023577,0.0,0.11320999
0.67495227,0.0,0.010160126
0.69827,0.0,0.0060450723
0.4130951,0.0,0.2810887
0.53877133,0.0,0.039353322
0.8337897,0.0,0.0005905863
0.31720957,0.0,0.0
0.58913404,0.0,0.09371476
0.7342968,0.0,0.012558523
0.8302591,0.0,0.121556796
0.09134838,1.0,0.25981036
0.31642413,0.0,0.0918306
0.2776345,1.0,0.3332154
0.8202888,0.0,0.011420471
0.7714013,0.0,0.1358365
0.8179029,0.0,0.06625792
0.9266245,0.0,0.060629487
0.49002582,0.0,0.48823565
0.947759,0.0,0.34333858
0.8162653,0.0,0.3885218
0.9267221,0.0,0.2990303
0.8860633,0.0,0.023444643
0.9783718,0.0,0.10686476
0.95281696,0.0,0.019648414
0.93974656,0.0,0.06690529
0.9557538,0.0,0.007690022
0.88645923,0.0,0.013797614
0.85266036,0.0,0.0
0.94630814,0.0,0.0048175743
0.9471409,0.0,0.010605234
0.77422035,0.0,0.0
0.9047493,0.0,0.0
0.511765,0.0,0.14202823
0.6683196,0.0,0.31279784
0.6828958,0.0,0.33131084
0.3641439,0.0,0.51423407
0.82754594,0.0,0.09483902
0.79707694,0.0,0.016071076
0.12201925,0.0,0.67806864
0.26223576,0.0,0.22915182
0.61571604,0.0,0.034409504
0.18097295,0.0,0.42778328
0.103484444,0.0,0.3432283
0.7363834,0.0,0.026888877
0.5966085,0.0,0.31568596
0.11148927,0.0,0.6816207
0.1647724,0.0,0.2781291
0.8189214,0.0,0.5134333
0.2658556,0.0,0.49894154
0.59687746,0.0,0.43905622
0.45916557,0.0,0.35665125
0.32249853,0.0,0.3834436
0.28285533,0.0,0.29086643
0.68614376,0.0,0.020111915
0.21857616,0.0,0.5809776
0.41963807,1.0,0.31662652
0.32834345,1.0,0.44438457
0.41580394,1.0,0.6212292
0.072391145,1.0,0.6125664
0.21486999,1.0,0.43495017
0.2878451,1.0,0.6265778
0.18246807,1.0,0.34022957
0.61595947,1.0,0.16367099
0.31751537,1.0,0.4014817
0.35863802,1.0,0.6282815
0.53802854,0.0,0.1924936
0.58416486,0.0,0.035351127
0.34977466,0.0,0.46451256
0.63976514,0.0,0.15273131
0.9103677,0.0,0.007819972
0.13723159,0.0,0.31884697
0.14936915,0.0,0.5254605
0.8224274,0.0,0.021490995
0.38734934,0.0,0.018777976
0.11103658,0.0,0.60989827
0.48828936,0.0,0.5707214
0.47533792,0.0,0.013666765
0.71272635,0.0,0.30028743
0.39130723,0.0,0.5781477
0.8384221,0.0,0.6465354
0.61960787,0.0,0.32837212
0.2902545,0.0,0.7468575
0.30845723,0.0,0.6598165
0.4764837,0.0,0.16028383
0.2813073,0.0,0.3210754
0.72846496,0.0,0.00022235334
0.3135951,0.0,0.19211408
0.7323731,0.0,0.0017892272
0.10092184,0.0,0.35578656
0.2195737,0.0,0.37368354
0.583539,0.0,0.0
0.2557309,0.0,0.09225969
0.48822525,0.0,0.06018789
0.62075955,0.0,0.1632073
0.6114809,0.0,0.27488643
0.84856457,0.0,0.49755153
0.70220596,0.0,0.5700326
0.57107097,0.0,0.7077677
0.771962,0.0,0.3404362
0.80937934,0.0,0.86775494
0.804019,0.0,0.61555463
0.5640359,0.0,0.37942922
0.33115402,0.0,0.47627258
0.27336806,0.0,0.46049467
0.8924264,0.0,0.045659576
0.44204116,0.0,6.881211e-05
0.17319615,0.0,0.19750686
0.3194943,0.0,0.4594297
0.5471582,0.0,0.0060296245
0.19272828,0.0,0.34519902
0.7719593,0.0,0.021048574
0.10017404,0.0,0.28319415
0.8829462,0.0,0.00045970306
0.33050886,0.0,0.36186442
0.1750767,0.0,0.60754293
0.23114765,0.0,0.22561893
0.3606112,0.0,0.17203802
0.8108777,0.0,0.00078136654
0.6425778,0.0,0.0
0.909067,0.0,0.0
0.8909805,0.0,0.0
0.8915296,0.0,0.010244152
0.8973699,0.0,0.098727114
0.313373,1.0,0.4289578
0.6327196,1.0,0.7294594
0.8093553,0.0,0.41555735
0.7670555,0.0,0.013948122
0.8727175,0.0,0.093311384
0.73966354,0.0,0.06915912
0.67753077,0.0,0.23369661
0.881009,0.0,0.08934549
0.8804985,0.0,0.00029485216
0.9925281,0.0,0.0
0.8862317,0.0,0.23215407
0.58340025,0.0,0.0154348165
0.9423567,0.0,0.0
0.9458294,0.0,0.0
0.6127393,0.0,0.12888849
0.9743188,0.0,0.46694344
0.9331518,0.0,0.1957744
0.29811147,0.0,0.63826907
0.45358258,0.0,0.19340123
0.3658566,0.0,0.29931113
0.41938478,0.0,0.3196015
0.68872035,0.0,0.26887423
0.2142233,0.0,0.24321315
0.88117313,0.0,0.0689565
0.37314153,0.0,0.18486942
0.8420903,0.0,0.023595357
0.42594466,0.0,0.45669627
0.15887554,0.0,0.40371737
0.17097005,0.0,0.43652692
0.19225134,0.0,0.6435932
0.44048563,0.0,0.32266584
0.25340402,0.0,0.4959078
0.31536368,0.0,0.21530291
0.5848323,0.0,0.62348646
0.19086896,0.0,0.36166772
0.55959594,0.0,0.02373506
0.7198001,0.0,0.2677897
0.31150436,0.0,0.39852887
0.28474268,0.0,0.19725743
0.7545857,0.0,0.0020810696
0.6780702,0.0,0.021122908
0.76477605,0.0,0.08952482
0.7651831,0.0,0.016372463
0.89974385,0.0,0.3334406
0.9306031,0.0,0.38012034
0.9493535,1.0,0.33364606
0.89624166,0.0,0.049938142
0.89959276,0.0,0.095794156
0.69470966,0.0,0.54095435
0.98309547,0.0,0.52034575
0.8502431,0.0,0.19581601
0.94989926,0.0,0.54026365
0.814907,0.0,0.12167484
0.6463584,1.0,0.6596174
0.32276392,1.0,0.38495988
0.6326173,0.0,0.00021461386
0.60276926,0.0,0.15922678
0.4495651,0.0,0.32135805
0.9332464,0.0,0.06885279
0.8620395,0.0,0.0
0.3339942,0.0,0.07318666
0.874325,0.0,0.5537779
0.7384012,0.0,0.21463421
0.5167647,0.0,0.00024199404
0.3513741,0.0,0.33499604
0.8668971,0.0,0.6049328
0.58434916,0.0,0.24409789
0.29948497,0.0,0.16464278
0.327078,0.0,0.5170529
0.28179,0.0,0.7263181
0.48479906,0.0,0.48267052
0.25665534,0.0,0.44636056
0.45354652,0.0,0.16668041
0.5821765,0.0,0.36892143
0.08771603,0.0,0.42364952
0.27372015,0.0,0.097317725
0.8132785,0.0,0.0
0.070675485,0.0,0.38084617
0.10240771,0.0,0.5522761
0.6065187,0.0,0.03986427
0.67706096,0.0,0.0006590103
0.08792964,0.0,0.31916276
0.6096831,0.0,0.15173109
0.777985,0.0,0.009320033
0.15428835,0.0,0.5122715
0.6840452,0.0,0.0039121886
0.23738982,0.0,0.36234042
0.13649935,0.0,0.09132456
0.09151526,0.0,0.51056856
0.22108945,0.0,0.4161799
0.33939752,0.0,0.11162926
0.087006405,0.0,0.25703716
0.0953274,1.0,0.45147356
0.4184762,1.0,0.3626475
0.86411715,1.0,0.4192591
0.83325565,0.0,0.0061901542
0.8950676,1.0,0.67721593
0.8725583,1.0,0.63347775
0.7746833,0.0,0.050362613
0.85143054,0.0,0.38955146
0.6744236,0.0,0.38496006
0.8508443,0.0,0.10905398
0.52247715,0.0,0.17775546
0.32234153,0.0,0.23819427
0.56033987,0.0,0.008361268
0.6088096,0.0,0.07179631
0.81931585,0.0,0.0007933204
0.95898354,0.0,0.027944569
0.8704892,0.0,0.0062976694
0.7405096,0.0,0.0004650013
0.7594005,0.0,0.13704385
0.95499486,0.0,0.15797244
0.89323944,0.0,0.03182186
0.7639487,0.0,0.010774108
0.83270395,0.0,0.09598554
0.4612118,0.0,0.44686103
0.43502393,0.0,0.0076422975
0.1609285,0.0,0.27188843
0.81674,0.0,0.0014801179
0.9036838,0.0,0.0
0.7723574,0.0,0.0
0.9496921,0.0,0.0046707764
0.81115544,0.0,0.06823573
0.89246917,0.0,0.0737369
0.95322436,0.0,0.038098235
0.7705274,0.0,0.08965242
0.83399516,1.0,0.28892908
0.9345933,1.0,0.68452406
0.7790654,1.0,0.08356031
0.5492591,1.0,0.51936114
0.89472693,1.0,0.7614347
0.63326436,0.0,0.552229
0.35732886,0.0,0.011011422
0.22337174,1.0,0.32984826
0.35444367,0.0,0.4832439
0.48866266,0.0,0.23478916
0.9188449,0.0,0.0036611487
0.8438409,0.0,0.11183112
0.3825585,0.0,0.55263203
0.59726703,0.0,0.010129444
0.91555184,0.0,0.0034935488
0.44473824,0.0,0.27113193
0.21454905,0.0,0.22669594
0.9065643,0.0,0.013746891
0.3570957,0.0,0.21811166
0.37736744,0.0,0.7032404
0.42967537,0.0,0.5414986
0.3632502,0.0,0.3692209
0.42159572,0.0,0.19925009
0.3645422,0.0,0.013495129
0.74006516,0.0,0.0
0.8054511,0.0,0.0
0.8882039,0.0,0.00061849004
0.5758733,0.0,0.007047006
0.8800208,0.0,0.015614807
0.8369717,1.0,0.47445965
0.6269649,0.0,0.29546347
0.9612571,0.0,0.09141068
0.9115039,1.0,0.17680967
0.82945263,0.0,0.38243416
0.878508,0.0,0.0064538396
0.6089109,0.0,0.0005955084
0.42068556,0.0,0.25783497
0.87850547,0.0,0.19242796
0.8423054,0.0,0.0121545745
0.1855313,0.0,0.3689184
0.47297496,0.0,0.105147816
0.9148918,0.0,0.0
0.68625367,0.0,0.0
0.739808,0.0,0.035455
0.77490836,0.0,0.0
0.21990605,0.0,0.23958272
0.33084375,0.0,0.6891543
0.46320042,0.0,0.012941528
0.11887746,0.0,0.4183839
0.3136905,0.0,0.31207892
0.43742913,0.0,0.47975335
0.40512246,0.0,0.11860733
0.32702202,0.0,0.28696463
0.36514804,0.0,0.088207036
0.1256127,0.0,0.3519446
0.5919404,0.0,0.21267603
0.37747517,0.0,0.3293285
0.13653566,0.0,0.3606421
0.7487033,0.0,0.0123317465
0.9390641,0.0,5.1130995e-05
0.17855117,0.0,0.35529825
0.09011184,0.0,0.6144734
0.49055722,0.0,0.18131907
0.40024096,0.0,0.3896484
0.47812372,1.0,0.2528794
0.6964455,1.0,0.6685545
0.67912865,1.0,0.7261793
0.74323606,1.0,0.06692695
0.505822,1.0,0.3368863
0.55924255,1.0,0.5776575
0.6643541,1.0,0.28824228
0.66053295,0.0,0.028703418
0.55443895,1.0,0.27282873
0.57891244,1.0,0.19941111
0.60389,0.0,0.01588393
0.6810098,0.0,0.225888
0.49075645,1.0,0.48814884
0.75989217,0.0,0.069275215
0.33445433,0.0,0.07131133
0.26764268,0.0,0.36727974
0.21495382,0.0,0.5130713
0.27204025,0.0,0.37170523
0.48821422,0.0,0.20341587
0.4614664,0.0,0.39103955
0.65778446,0.0,0.0021563363
0.6622057,0.0,0.05982392
0.32854673,0.0,0.63409215
0.5476918,0.0,0.17373359
0.2580477,0.0,0.38138926
0.43862543,1.0,0.55888534
0.1507795,1.0,0.55445623
0.20384578,0.0,0.33932614
0.77905756,1.0,0.05505165
0.62527394,1.0,0.59857875
0.20905703,1.0,0.52586377
0.49999726,0.0,0.4839517
0.74978006,1.0,0.0882842
0.5879006,1.0,0.6531002
0.38408118,1.0,0.6966981
0.50973207,0.0,0.89954144
0.24694441,0.0,1.0
0.340959,0.0,0.43994147
0.39962864,0.0,0.37144604
0.3487469,0.0,0.6065499
0.29579246,0.0,0.3750577
0.6816313,0.0,0.012995268
0.8137163,0.0,0.055486955
0.8757753,0.0,0.0012263058
0.908508,0.0,0.00023238685
0.8347562,0.0,0.0002941125
0.9270855,0.0,0.0
0.8917773,0.0,2.5751215e-05
0.70392305,0.0,0.0
0.46702793,1.0,0.17973678
0.6714981,0.0,0.0011636675
0.4618951,1.0,0.33381727
0.75782156,1.0,0.34903353
0.92968655,0.0,0.0
0.61364233,1.0,0.314073
0.52854156,1.0,0.7414633
0.712384,0.0,0.06685297
0.8373063,0.0,0.06127135
0.6935274,0.0,0.48929882
0.7577094,0.0,0.14039555
0.9203271,0.0,0.0
0.64968157,0.0,0.075854085
0.32893327,0.0,0.30027267
0.78236586,0.0,0.029563827
0.7587699,0.0,0.0
0.23033907,0.0,0.2322766
0.11312113,0.0,0.30262113
0.57991683,0.0,0.0015807443
0.76648754,0.0,0.05272764
0.20881121,0.0,0.52839327
0.38571614,0.0,0.40610564
0.8438379,0.0,0.056987163
0.42637122,0.0,0.5358562
0.49660912,0.0,0.3448608
0.1960921,0.0,0.6701483
0.2012545,0.0,0.4307473
0.79313934,0.0,0.051364824
0.6338176,0.0,0.33225062
0.8095716,0.0,0.0020056055
0.7215624,0.0,0.0
0.9393481,0.0,0.0
0.89382285,0.0,0.0
0.6405252,0.0,0.006118532
0.9600116,0.0,0.00025328086
0.8769358,1.0,0.0137014985
0.9432277,1.0,0.30744863
0.5883743,1.0,0.44298145
0.6289646,0.0,0.17687294
0.63575304,0.0,0.34552684
0.5823604,0.0,0.32283697
0.77429897,0.0,0.26793826
0.6866308,0.0,0.03998375
0.33894134,0.0,0.51534176
0.6067997,0.0,0.18035533
0.53753895,0.0,0.111953646
0.64106315,0.0,0.18850169
0.10306096,0.0,0.39126632
0.47127447,0.0,0.22236434
0.033199456,0.0,0.49519637
0.09517462,0.0,0.5560791
0.36744463,0.0,0.039515924
0.099190876,0.0,0.40757152
0.13047986,0.0,0.43390527
0.591707,0.0,0.021098265
0.20541404,0.0,0.108966164
0.06666111,0.0,0.42613524
0.20551383,0.0,0.15629958
0.26312268,0.0,0.00021459078
0.12663127,0.0,0.5315568
0.34448048,1.0,0.62169284
0.6105052,0.0,0.16868699
0.88537645,1.0,0.58956057
0.80252874,1.0,0.12380066
0.89422745,1.0,0.6675379
0.9710978,1.0,0.40329456
0.96180516,1.0,0.47085944
0.93683803,1.0,0.10206165
0.86441106,1.0,0.22464456
0.90883374,0.0,0.0002979842
0.67532533,1.0,0.1438265
0.8181679,1.0,0.27107242
0.8578056,0.0,0.0
0.8095816,0.0,0.0
0.11799716,1.0,0.47575203
0.39491814,0.0,0.16963385
0.6631754,0.0,0.0
0.8624712,0.0,0.02934246
0.15580966,0.0,0.41556972
0.52721244,0.0,0.10111165
0.4099728,0.0,0.0
0.35162982,0.0,0.53458667
0.19610602,0.0,0.80126053
0.4399277,0.0,0.34431598
0.26717123,0.0,0.32978195
0.5446589,0.0,0.07755198
0.12866,0.0,0.658884
0.30479068,0.0,0.80002296
0.6175901,0.0,0.15247469
0.4168297,0.0,0.11736186
0.7919151,0.0,0.037364364
0.6847953,0.0,0.015844349
0.9812463,0.0,0.0
0.7976032,0.0,0.00039830382
0.9556078,0.0,0.0
0.8967093,0.0,0.0
0.76663643,0.0,0.0
0.7716773,0.0,0.0
0.9317248,0.0,0.012785212
0.7972006,0.0,0.32748517
0.4479026,0.0,0.16972739
0.81527555,1.0,0.5715401
0.5269305,1.0,0.6243355
0.7592919,1.0,0.5982107
0.67737573,1.0,0.07435182
0.52040446,0.0,0.2133536
0.70211464,0.0,0.44808426
0.7658149,1.0,0.3727382
0.27441293,0.0,0.0
0.14766495,0.0,0.24687295
0.06307339,0.0,0.5591889
0.42002428,0.0,0.07735668
0.2464024,0.0,0.0
0.04810402,0.0,0.59794766
0.10439549,0.0,0.28055248
0.4642968,0.0,0.0
0.07499884,0.0,0.2872222
0.22678779,0.0,0.4679574
0.5271359,0.0,0.10714244
0.15667763,0.0,0.37872192
0.83731747,0.0,0.042498253
0.15874065,0.0,0.16995709
0.8590388,0.0,0.0
0.7000561,0.0,0.014922568
0.9129932,0.0,0.0
0.9143633,0.0,0.0
0.92505616,0.0,0.019097283
0.9311739,0.0,0.0
0.89108944,0.0,0.34926388
0.85863054,0.0,0.55637413
0.81299454,0.0,0.18742123
0.5661013,0.0,0.39139867
0.4564733,0.0,0.3644178
0.10206797,0.0,0.42461756
0.85281837,0.0,0.054083705
0.9137262,0.0,0.0
0.22990116,0.0,0.1960692
0.26403764,0.0,0.45334256
0.9597517,0.0,0.00073206215
0.8305322,0.0,0.016948996
0.26058105,0.0,0.29617047
0.27643374,0.0,0.29144374
0.11947444,0.0,0.59201294
0.065511085,0.0,0.6314837
0.23348598,0.0,0.17270817
0.6273534,0.0,0.103556946
0.784435,0.0,0.1447636
0.7830729,0.0,0.2312949
0.8971992,0.0,0.17546685
0.42898327,0.0,0.5021547
0.91348755,0.0,0.44702828
0.89884794,0.0,0.6785138
0.848928,0.0,0.59620714
0.6329894,0.0,0.3709575
0.8958436,0.0,0.026538463
0.87920254,0.0,0.118180215
0.2484637,0.0,0.55671483
0.29084045,0.0,0.1984208
0.8887636,0.0,0.0
0.71089435,0.0,0.1347187
0.33821002,0.0,0.40927833
0.50265455,0.0,0.20947234
0.884843,0.0,0.004799722
0.43683332,0.0,0.40001515
0.16889577,0.0,0.705785
0.30278966,0.0,0.20733634
0.64687914,0.0,0.20218351
0.39139378,0.0,0.52515644
0.11207539,0.0,0.9624663
0.18305317,0.0,0.8089256
0.49467853,0.0,0.79119414
0.6419745,0.0,0.52181286
0.25012574,0.0,0.5372826
0.3974396,0.0,0.27713892
0.29890552,0.0,0.44998133
0.23642237,0.0,0.43965134
0.42602882,0.0,0.160719
0.6609353,0.0,0.42981905
0.42795932,0.0,0.023962226
0.537543,0.0,0.34508154
0.19622815,0.0,0.5318038
0.17885508,0.0,0.45832244
0.2607885,0.0,0.32220113
0.20555371,0.0,0.40448034
0.58092314,0.0,0.15239489
0.41670048,0.0,0.27658677
0.63418925,0.0,0.008953712
0.0946333,0.0,0.45450652
0.77192813,0.0,0.2133079
0.25977793,0.0,0.49251163
0.31002772,0.0,0.8098321
0.36902148,0.0,0.5468054
0.29128358,0.0,0.6838916
0.4953399,0.0,0.65104806
0.27080736,0.0,0.6836459
0.22020039,0.0,0.6894206
0.100442395,0.0,0.44226024
0.46279967,0.0,0.43345827
0.569514,1.0,0.15949132
0.83065647,1.0,0.047703467
0.85553074,0.0,0.05613373
0.7546496,1.0,0.08900481
0.9196213,0.0,0.0013777926
0.6075105,1.0,0.1310607
0.3249934,0.0,0.1317052
0.30734774,0.0,0.33212823
0.14910254,0.0,0.74422216
0.13297029,0.0,0.5154368
0.06985684,1.0,0.75709003
0.17289442,1.0,0.5253368
0.47284672,1.0,0.5008694
0.66383857,0.0,0.2736102
0.7858658,0.0,0.0070038293
0.8036763,1.0,0.05351279
0.56728625,0.0,0.07551768
0.7161259,1.0,0.2880056
0.18879144,0.0,0.4450708
0.29869938,0.0,0.8012437
0.25044224,1.0,0.47412145
0.3723112,0.0,0.6111903
0.6087592,0.0,0.3093853
0.5906349,0.0,0.34275252
0.4111538,0.0,0.39000753
0.43465552,0.0,0.38954303
0.2244484,0.0,0.5977303
0.52003384,0.0,0.46034533
0.58047307,0.0,0.21982348
0.6354147,0.0,0.034873303
0.23254627,0.0,0.19459295
0.809254,0.0,0.0083217425
0.5706432,0.0,0.40068266
0.14267628,0.0,0.6517612
0.29848656,0.0,0.708087
0.64523846,0.0,0.12638797
0.38953707,0.0,0.17405787
0.5747751,0.0,0.0
0.09402315,0.0,0.2495956
0.48800972,0.0,0.0
0.022714628,0.0,0.32341853
0.08456282,0.0,0.63100284
0.63278794,0.0,0.019043893
0.089278445,0.0,0.49133584
0.09376304,0.0,0.46980664
0.10983184,0.0,0.7491086
0.17485449,0.0,0.241809
0.25780922,0.0,0.15196672
0.21389134,0.0,0.20034578
0.30515862,0.0,0.31210908
0.53893507,0.0,0.012154404
0.16794379,1.0,0.3145396
0.8082711,0.0,0.0
0.5543884,0.0,0.014178133
0.84921604,0.0,0.08279789
0.8471267,1.0,0.17718127
0.4989785,1.0,0.11600234
0.3134274,1.0,0.23669942
0.14319138,1.0,0.7792398
0.733703,1.0,0.33084956
0.15115047,1.0,0.55007833
0.23327188,1.0,0.47846347
0.7098172,0.0,0.4643987
0.6872652,0.0,0.16966817
0.40203568,1.0,0.40389943
0.16356324,0.0,0.2359074
0.2556819,0.0,0.21648611
0.5415261,0.0,0.024727518
0.10871415,0.0,0.10649408
0.6140498,0.0,0.00018071233
0.12518707,0.0,0.23920013
0.81789464,0.0,0.14614147
0.8738604,0.0,0.33660543
0.16154362,0.0,0.7845317
0.21621929,0.0,1.0
0.09271018,0.0,0.6550317
0.15448327,0.0,0.68264794
0.12221316,0.0,0.14853807
0.13755696,0.0,0.00011903637
0.18690178,0.0,0.5629487
0.08398372,0.0,0.4330095
0.60296017,0.0,0.06862725
0.36855015,0.0,0.41639924
0.8654434,0.0,0.12953115
0.3230241,0.0,0.36513853
0.22513396,0.0,0.27131054
0.85494506,0.0,0.18273422
0.5163023,0.0,0.13437858
0.34134424,0.0,0.28580278
0.7176412,0.0,0.021384876
0.075344406,0.0,0.506639
0.11730379,0.0,0.35026097
0.92369366,0.0,0.015787533
0.7776624,0.0,0.11749167
0.09769436,0.0,0.45759842
0.712898,0.0,0.0034583278
0.7298654,0.0,0.023059199
0.17664637,0.0,0.35649335
0.28348094,0.0,0.213716
0.405479,0.0,0.0
0.25567672,0.0,0.22733074
0.07001799,0.0,0.58735996
0.07391282,0.0,0.33594397
0.100834586,0.0,0.16696185
0.041946586,0.0,0.5215868
0.028890632,0.0,0.78002983
0.2693882,0.0,0.1348709
0.21381903,0.0,0.012481228
0.06146083,0.0,0.32864422
0.045681905,0.0,0.28516537
0.23380518,0.0,0.2740009
0.1304873,0.0,0.4177942
0.7597376,0.0,0.13988493
0.3147221,0.0,0.18474054
0.028574195,0.0,0.3500578
0.4212733,0.0,0.04164115
0.6299294,0.0,0.3877582
0.50045663,0.0,0.43416354
0.048002403,0.0,0.43487942
0.2512667,0.0,0.24831234
0.048638012,0.0,0.23941967
0.66962534,0.0,0.0
0.21229075,0.0,0.13708156
0.580501,0.0,9.5585085e-05
0.62523615,0.0,0.0058791623
0.07142036,0.0,0.28479794
0.81164545,0.0,0.0
0.16307811,0.0,0.10296234
0.14816123,0.0,0.251281
0.10967319,0.0,0.35525116
0.06690858,0.0,0.60633004
0.07125432,0.0,0.6468388
0.033379257,0.0,0.7350701
0.09131405,0.0,0.19271669
0.1882453,0.0,0.25368646
0.32095417,0.0,0.0
0.7784377,0.0,0.0
0.7784345,0.0,0.0
0.6969549,0.0,0.0035688253
0.7070257,0.0,0.005641527
0.78670454,0.0,0.0
0.63036484,0.0,0.00038965628
0.91726285,0.0,0.015053507
0.7130545,1.0,0.013772575
0.73451334,0.0,0.0
0.78446156,1.0,0.099930696
0.8649607,1.0,0.020372668
0.91316605,0.0,0.112828925
0.9250916,0.0,0.015053259
0.95615697,0.0,0.0
0.8191518,0.0,0.0053144093
0.7563286,0.0,0.09836554
0.7585704,0.0,0.0
0.56553453,0.0,0.0
0.8341779,0.0,0.024145532
0.6573119,0.0,0.101070546
0.47035605,0.0,0.0018664243
0.5967685,0.0,0.0
0.14451621,0.0,0.101379596
0.06935544,0.0,0.22942203
0.73442346,0.0,0.0038334236
0.6173339,0.0,0.109961696
0.12681635,0.0,0.45007485
0.054326206,0.0,0.12504728
0.18186958,0.0,0.24984059
0.15092358,0.0,0.47771278
0.08120208,0.0,0.6621802
0.08838015,0.0,0.28574666
0.030761551,0.0,0.6822861
0.07746021,0.0,0.35924834
0.5940587,0.0,0.0032891133
0.05774039,0.0,0.17145947
0.033851314,0.0,0.38840422
0.70348376,0.0,0.0012337532
0.65788823,0.0,0.0
0.094734244,0.0,0.34429643
0.0827782,0.0,0.366093
0.6332532,0.0,0.014281696
0.072680324,0.0,0.03482257
0.7376831,0.0,0.0006642811
0.39926207,0.0,0.027031034
0.8336089,0.0,0.0041170046
0.7613992,0.0,2.770007e-05
0.88833433,0.0,0.017302074
0.85877275,0.0,0.025203949
0.89798284,0.0,0.005724852
0.9234295,0.0,0.0030168872
0.5107257,0.0,0.0
0.3182822,0.0,0.009646899
0.79604816,0.0,0.0
0.84670025,0.0,0.01987314
0.20545822,0.0,0.16334777
0.5881566,0.0,0.1611604
0.85231245,0.0,0.035105594
0.742943,0.0,0.2999183
0.58367604,0.0,0.56989706
0.5591045,0.0,0.56017166
0.8540964,1.0,0.30187273
0.8541309,0.0,0.21558842
0.89934665,1.0,0.3794167
0.8392342,0.0,0.12063775
0.9144397,1.0,0.077608384
0.7649101,0.0,0.018483438
0.47242746,0.0,0.00074214395
0.64164376,0.0,0.13755575
0.47397766,0.0,0.06433887
0.14689991,0.0,0.5311617
0.5986926,0.0,0.038071573
0.44536328,0.0,0.56327736
0.49922124,0.0,0.9009068
0.8047409,0.0,0.2494789
0.5285819,0.0,0.9042013
0.47013304,0.0,0.23529369
0.29070494,0.0,0.32829237
0.7410322,0.0,0.005386957
0.485688,0.0,0.024404744
0.86692286,0.0,0.0
0.50269127,0.0,0.0046760966
0.48239267,0.0,0.10835992
0.4240722,0.0,0.028358663
0.6151429,0.0,0.0
0.88540363,0.0,0.000472627
0.5305525,0.0,0.44875818
0.7806824,0.0,0.0787361
0.50479674,0.0,0.16787173
0.9262541,0.0,0.2035319
0.73806643,0.0,0.3566019
0.7551379,0.0,0.4907188
0.79847074,0.0,0.49657303
0.85907924,0.0,0.19895189
0.7461913,0.0,0.22486198
0.7470074,0.0,0.17128542
0.5796969,0.0,0.5676232
0.52959794,0.0,0.3840943
0.73974293,0.0,0.18447618
0.3806064,1.0,0.4210133
0.48512876,1.0,0.18474704
0.7129202,1.0,0.33083156
0.96292204,1.0,0.2262932
0.83888346,0.0,0.022840925
0.96321803,0.0,0.10644936
0.87202513,0.0,0.008253984
0.21691473,0.0,0.53275037
0.4711329,0.0,0.5109873
0.49881235,0.0,0.17720503
0.7109396,0.0,0.14284045
0.77138996,0.0,0.2244787
0.7063113,0.0,0.041168384
0.20554833,0.0,0.34930998
0.51884043,0.0,0.014801263
0.1421606,0.0,0.0051692794
0.042604692,0.0,0.35651806
0.37204516,0.0,0.043829445
0.7455647,0.0,0.00499363
0.49816948,0.0,0.05079943
0.08193231,0.0,0.34580994
0.7085069,0.0,0.106514275
0.78427464,0.0,0.066470616
0.116225965,0.0,0.60546774
0.051799454,0.0,0.64694214
0.3815903,0.0,0.16975622
0.086894676,0.0,0.5790893
0.32373223,0.0,0.20826942
0.4805163,0.0,0.03620911
0.21059126,0.0,0.32113823
0.73693705,0.0,0.0
0.92795426,0.0,0.00032486167
0.70694965,0.0,0.0
0.82843435,0.0,0.0077351974
0.71919,0.0,0.00027755552
0.85553455,1.0,0.035573866
0.97972876,1.0,0.027617149
0.92609394,1.0,0.26068047
0.92991936,1.0,0.2091998
0.88859797,0.0,0.092978016
0.9722545,1.0,0.076892786
0.6808709,0.0,0.00020364499
0.97808117,0.0,0.019387996
0.73213094,0.0,0.01332864
0.88463545,0.0,0.006416293
0.8483738,0.0,0.10027788
0.9108726,0.0,0.0
0.7986234,0.0,0.19588149
0.5715342,0.0,0.26528987
0.7234152,0.0,0.61948454
0.47921002,0.0,0.4593142
0.52915865,0.0,0.60320544
0.55076355,0.0,0.025092583
0.3370089,0.0,0.7235746
0.5467631,0.0,0.21532181
0.6816392,0.0,0.26197094
0.061357643,0.0,0.5351661
0.5659047,0.0,0.21463871
0.76269615,0.0,0.0
0.33056554,0.0,0.19655395
0.14747092,0.0,0.45837104
0.5830057,0.0,0.04021387
0.82096195,0.0,0.0
0.097612806,0.0,0.47260815
0.09437428,0.0,0.37218186
0.8179216,0.0,0.0
0.6772347,0.0,0.08738569
0.17118105,0.0,0.49717498
0.20713761,0.0,0.21686132
0.920497,0.0,0.0012442069
0.70399535,0.0,0.25258335
0.18157315,0.0,0.5680378
0.776463,0.0,0.3900949
0.83704066,0.0,0.4060248
0.480753,0.0,0.4089858
0.4946379,0.0,0.10487004
0.2932969,0.0,0.7103805
0.8744744,0.0,0.058880284
0.35771108,0.0,0.55564165
0.44307646,0.0,0.28454438
0.8681264,0.0,0.061736543
0.33901584,0.0,0.066861875
0.93270904,0.0,0.059094545
0.8359537,0.0,0.15425159
0.19742797,1.0,0.6895303
0.81164294,1.0,0.23610428
0.99051267,1.0,0.30021754
0.97598207,1.0,0.44591278
0.75459504,0.0,0.29912084
0.80978316,0.0,0.030498782
0.78308004,0.0,0.00039496893
0.7881218,0.0,0.0
0.88758457,0.0,0.014782471
0.8972856,0.0,0.015599044
0.7852625,0.0,0.013556862
0.9218711,0.0,0.004667864
0.83396757,0.0,0.04674095
0.73245317,0.0,0.0
0.51356137,0.0,0.0906434
0.59800196,0.0,0.44417608
0.4678722,0.0,0.39985234
0.05657068,0.0,0.57957315
0.7198873,0.0,0.03926243
0.06682872,0.0,0.28757814
0.31404644,0.0,0.022234337
0.4671127,0.0,0.0
0.6314456,0.0,5.0241775e-05
0.9212477,0.0,0.061696563
0.69902956,0.0,0.0016144882
0.7348074,1.0,0.08783565
0.7960896,0.0,0.00082099455
0.68734473,0.0,0.10276218
0.78597444,0.0,0.09033023
0.55153036,1.0,0.57987404
0.7483868,1.0,0.36306536
0.81853956,1.0,0.71230316
0.95777583,0.0,0.34635463
0.93948585,0.0,0.06691706
0.9874933,1.0,0.14446162
0.93883425,0.0,0.49712604
0.7883178,0.0,0.016421415
0.40765947,0.0,0.26348552
0.19712333,0.0,0.2599855
0.28118396,0.0,0.580837
0.9175064,0.0,0.2030131
0.8555075,0.0,1.8224277e-05
0.21170044,0.0,0.23021008
0.6688124,0.0,0.21136114
0.5292306,0.0,0.0010771157
0.9041887,0.0,0.0
0.1373101,0.0,0.35921314
0.7525289,0.0,0.0014312799
0.8246608,0.0,0.00093780394
0.69330466,0.0,0.016134264
0.49555227,0.0,0.2596199
0.87597954,0.0,0.001655146
0.8504882,0.0,0.0
0.24765243,0.0,0.1509431
0.14520237,0.0,0.16175023
0.8818907,0.0,0.00015908813
0.8136145,0.0,0.0
0.15726826,0.0,0.30130032
0.3375403,0.0,0.17446502
0.71758604,0.0,0.031332456
0.3217931,0.0,0.18753216
0.11985744,0.0,0.5045935
0.17025614,0.0,0.39508277
0.19965878,0.0,0.9883398
0.71345943,0.0,0.83666325
0.84488463,0.0,0.8646567
0.6602706,0.0,0.44173732
0.6067433,0.0,0.15872003
0.54085535,0.0,0.4746076
0.5812465,0.0,0.4941589
0.7531317,0.0,0.21596538
0.52612054,0.0,0.4777399
0.2896392,0.0,0.6949876
0.79908794,0.0,0.646188
0.6815158,0.0,0.3411824
0.856774,0.0,0.18929589
0.623382,0.0,0.532953
0.60526174,0.0,0.28569055
0.75950813,1.0,0.29458526
0.6227579,1.0,0.71377
0.72444063,1.0,0.77096176
0.739833,1.0,0.22003724
0.61007535,1.0,0.57554305
0.5639998,1.0,0.47789863
0.72387064,1.0,0.22789827
0.5478543,1.0,0.39002192
0.61607534,1.0,0.45983705
0.5085393,1.0,0.48468813
0.26689148,1.0,0.52995396
0.5179324,1.0,0.6223953
0.31317765,1.0,0.70238405
0.4823137,0.0,0.21234141
0.73443645,0.0,0.26664716
0.86924094,1.0,0.11216857
0.8505502,1.0,0.22532879
0.7289372,0.0,0.18201339
0.8231092,1.0,0.07453751
0.67342204,0.0,0.34507468
0.4996475,0.0,0.64441305
0.80284053,0.0,0.09643093
0.6823172,0.0,0.16914599
0.64681244,1.0,0.028973931
0.75803894,0.0,0.041317824
0.35631666,0.0,0.2161112
0.73808503,0.0,0.11097213
0.85288554,0.0,0.48777178
0.7108509,0.0,0.7123038
0.6820401,0.0,0.34879503
0.5405983,1.0,0.60294425
0.7573249,1.0,0.46753046
0.859422,1.0,0.38660514
0.9011921,1.0,0.32255265
0.82883644,1.0,0.31939536
0.8726161,1.0,0.3924925
0.72925824,1.0,0.4732734
0.43133032,1.0,0.439603
0.6739257,1.0,0.34931636
0.37777123,0.0,0.59625983
0.6362072,1.0,0.48687038
0.42693314,1.0,0.3587127
0.3817739,0.0,0.3261316
0.78949255,1.0,0.4620157
0.40118945,0.0,0.4436723
0.39235604,0.0,0.8126625
0.1068891,0.0,0.66800034
0.15322629,0.0,0.5134894
0.2992508,0.0,0.16506518
0.051706765,0.0,0.5797796
0.7728562,0.0,0.0
0.11582326,0.0,0.09006069
0.9291658,0.0,0.011111732
0.5272635,0.0,0.19827956
0.8952356,0.0,0.08644884
0.6505521,0.0,0.39086682
0.7156867,0.0,0.8289399
0.7738267,0.0,0.58402884
0.2239091,0.0,0.6371563
0.5069077,0.0,0.2610334
0.12858588,0.0,0.5660359
0.6565689,0.0,0.256316
0.0903843,0.0,0.45049268
0.7901172,0.0,0.0044642696
0.11376083,0.0,0.4057589
0.7850227,0.0,0.0
0.42548737,0.0,0.28420776
0.28952178,0.0,0.3411695
0.5026675,0.0,0.58704937
0.24974376,0.0,0.14069648
0.7839513,1.0,0.19903259
0.91152316,0.0,0.0
0.9459872,0.0,0.0
0.9690607,0.0,0.22171827
0.31225413,0.0,0.0
0.9048073,0.0,0.0
0.67194605,0.0,0.2349456
0.34421858,0.0,0.5820364
0.30019724,0.0,0.3211434
0.24873646,0.0,0.60486543
0.7973281,0.0,0.2672913
0.856907,0.0,0.6731884
0.8849955,0.0,0.08846967
0.87591505,0.0,0.2467178
0.92984337,0.0,0.392032
0.9806013,0.0,0.5087932
0.95722085,0.0,0.3254099
0.82883453,1.0,0.32190093
0.9866545,1.0,0.48588157
0.9082272,0.0,0.006403482
0.9841866,1.0,0.474383
0.8994586,1.0,0.19744189
0.8520182,1.0,0.0111708725
0.97048044,0.0,0.2055245
0.9331004,0.0,0.039862573
0.9216121,0.0,0.001155411
0.91568226,0.0,0.0007992741
0.3272579,0.0,0.23936611
0.5384415,0.0,0.2101118
0.16038264,0.0,0.52460617
0.27021527,0.0,0.3684437
0.47924167,0.0,0.3098546
0.07678035,0.0,0.43819353
0.28806344,0.0,0.17633773
0.26296747,1.0,0.29707178
0.8712324,0.0,0.079288416
0.50751066,1.0,0.6285775
0.8246873,1.0,0.39934027
0.8317922,1.0,0.11768259
0.9379925,1.0,0.5586439
0.9804112,1.0,0.27061793
0.75824946,1.0,0.047950484
0.9373668,1.0,0.3989484
0.62616956,1.0,0.6194848
0.52912885,1.0,0.5998393
0.89302397,1.0,0.20560959
0.6875373,0.0,0.34028375
0.4270566,0.0,0.671039
0.78161794,0.0,0.37516683
0.68273747,0.0,0.114673264
0.9751629,0.0,0.09360562
0.87563026,0.0,0.0016068312
0.9730833,0.0,0.00081583374
0.9609895,0.0,0.01835889
0.85725737,0.0,0.028486226
0.98533195,1.0,0.042568292
0.8532805,0.0,0.0
0.7479277,0.0,0.2194301
0.265312,0.0,0.005798101
0.147065,0.0,0.4007649
0.047740478,0.0,0.21333621
0.13897638,0.0,0.41635704
0.36145914,0.0,0.010502776
0.19895817,0.0,0.24726498
0.616966,0.0,0.0
0.35700777,0.0,0.15204906
0.77432716,0.0,0.043129686
0.81488436,0.0,0.3635031
0.40016577,0.0,0.12012817
0.80274636,1.0,0.2514665
0.7634116,0.0,0.64005136
0.7306657,0.0,0.23585239
0.97882617,0.0,0.20871799
0.9692978,1.0,0.8756471
0.40905505,0.0,0.6776049
0.38563403,0.0,0.48859715
0.5203725,0.0,0.5989045
0.42812422,0.0,0.5740823
0.6569384,0.0,0.52913
0.40793154,0.0,0.6062444
0.61357194,0.0,0.2014336
0.39063293,0.0,0.35050917
0.58191586,0.0,0.13405861
0.68418527,0.0,0.12958089
0.33550364,0.0,0.2953322
0.24067879,0.0,0.4000681
0.1272128,0.0,0.5916346
0.8156732,0.0,0.18452147
0.75060606,0.0,0.059857093
0.20207183,0.0,0.35042998
0.56413054,0.0,0.3708703
0.9112913,0.0,0.0011887691
0.6174799,0.0,0.29284915
0.102549344,0.0,0.74457693
0.2963704,0.0,0.40409473
0.19531101,0.0,0.6914984
0.38899627,0.0,0.21763542
0.35697317,0.0,0.21510397
0.908211,0.0,0.009549654
0.12736724,0.0,0.46017814
0.52667785,0.0,0.08383434
0.50549203,0.0,0.10483634
0.2013267,0.0,0.14250593
0.8364094,0.0,0.03336961
0.68153733,0.0,0.01775094
0.70516926,0.0,0.31193998
0.3539974,0.0,0.053712677
0.32533476,0.0,0.037051346
0.26438415,0.0,0.12730254
0.33587655,0.0,0.30692786
0.18877172,0.0,0.35755518
0.80492723,0.0,0.026688121
0.83511853,0.0,0.0027065484
0.44949105,0.0,0.43348476
0.7590729,0.0,0.15894584
0.7703114,0.0,0.0025960556
0.788611,0.0,0.091038376
0.89422923,0.0,0.046677932
0.71922135,0.0,0.026999414
0.68204165,0.0,0.37737313
0.79706466,0.0,0.3074781
0.55131525,0.0,0.6700887
0.48035046,0.0,0.21302167
0.68868685,0.0,0.42910945
0.3846468,0.0,0.7385982
0.4388233,0.0,0.059533324
0.42921495,0.0,0.7611014
0.36705455,0.0,0.34825155
0.36178383,0.0,0.511061
0.3267611,0.0,0.26852718
0.2785534,0.0,0.5314972
0.33972114,0.0,0.18391731
0.25863376,0.0,0.8283005
0.21507809,0.0,0.5155631
0.11599336,0.0,0.74125236
0.23496045,0.0,0.30264
0.03309851,0.0,0.7980702
0.51628846,0.0,0.19878684
0.07226777,0.0,0.32273778
0.041787036,0.0,0.6693931
0.11853251,0.0,0.41191703
0.49403933,0.0,0.08009926
0.35850763,0.0,0.14483036
0.5254767,0.0,0.0
0.1374046,0.0,0.23859324
0.05362848,0.0,0.6139172
0.31358588,0.0,0.39396894
0.92637855,0.0,0.082494035
0.101770505,0.0,0.5283795
0.17426491,0.0,0.4000539
0.2461983,0.0,0.00197257
0.14223304,0.0,0.49453855
0.3717452,0.0,0.053403914
0.812789,0.0,0.0007052687
0.41227946,0.0,0.42719457
0.84483206,0.0,0.17684084
0.9167527,0.0,0.07231738
0.79164517,0.0,0.024002267
0.9210755,1.0,0.078724004
0.8650575,1.0,0.0032119176
0.70489734,1.0,0.010325203
0.9865297,1.0,0.09485088
0.90077764,1.0,0.003314512
0.98227847,1.0,0.00556313
0.99091303,0.0,0.00035067223
0.9809599,1.0,0.00020295463
0.8647134,1.0,0.011703981
0.8749126,0.0,0.0
0.93807644,0.0,0.014037371
0.9417929,0.0,0.013485193
0.62471324,0.0,0.00024604658
0.5558427,0.0,0.0
0.47308096,0.0,0.048324503
0.8188445,0.0,0.0
0.8842561,0.0,0.00043211505
0.8393524,0.0,0.0029369046
0.65790075,0.0,0.0038874755
0.59463316,0.0,0.00028667014
0.88045955,0.0,0.0
0.6432003,0.0,0.0030734274
0.6376531,0.0,0.037345067
0.43218622,0.0,0.24874811
0.63807356,0.0,0.054051295
0.1730617,0.0,0.49541602
0.55509716,0.0,0.44194815
0.19131055,0.0,0.67682594
0.4870325,0.0,0.29370582
0.5372573,0.0,0.3305493
0.44336155,0.0,0.20807894
0.47757202,0.0,0.19443336
0.69816977,0.0,0.0028159996
0.69749147,0.0,0.00093748904
0.62283283,0.0,0.026542999
0.5225251,0.0,0.045824513
0.5434438,0.0,0.0
0.8361206,0.0,0.00057926733
0.7833431,0.0,0.03185917
0.842006,0.0,0.087962545
0.8672723,0.0,0.09249283
0.7670071,0.0,0.093207695
0.68204975,0.0,0.39937386
0.81767905,0.0,0.71846926
0.6429677,0.0,0.4712699
0.75945574,0.0,0.008066797
0.67587775,1.0,0.18246457
0.98662215,1.0,0.45299602
0.94670016,0.0,0.12153459
0.9236559,1.0,0.0029352803
0.87287056,1.0,0.40459818
0.9124996,1.0,0.0036100307
0.97683847,1.0,0.0
0.98639536,1.0,0.23751198
0.8466749,1.0,0.08185553
0.8641567,0.0,0.034005992
0.7221806,0.0,0.12511788
0.59643817,0.0,0.00033209403
0.89717156,0.0,0.0
0.6187807,0.0,0.20209883
0.54300797,0.0,0.005138807
0.7311759,0.0,0.0005737919
0.51984084,0.0,0.2818926
0.3324842,0.0,0.4483724
0.03574739,0.0,0.32642296
0.40054426,0.0,0.0
0.8176038,0.0,0.00039785545
0.6966339,0.0,0.0
0.42004701,0.0,0.055868465
0.72094285,0.0,0.0069990507
0.52427006,0.0,0.026390696
0.39374176,0.0,0.3510509
0.7446137,0.0,0.3187348
0.45700714,0.0,0.5354202
0.5573055,0.0,0.23927757
0.59612435,0.0,0.64387864
0.49569753,0.0,0.43274754
0.5780392,0.0,0.11033195
0.5459621,0.0,0.0022073013
0.5355291,0.0,0.059961185
0.6622476,0.0,0.057477504
0.85082793,0.0,0.045422982
0.3320252,0.0,0.37960178
0.8926214,0.0,0.12580204
0.15614745,0.0,0.33225197
0.32182205,0.0,0.1885741
0.72059554,1.0,0.031463563
0.2578557,1.0,0.2829164
0.38378534,1.0,0.045206092
0.36037856,1.0,0.09742516
0.3911735,0.0,0.53507656
0.15646487,0.0,0.79054976
0.35231692,1.0,0.53621656
0.32835928,0.0,0.5769941
0.73904085,1.0,0.41492915
0.18775512,0.0,0.35478953
0.21482797,1.0,0.5392806
0.554075,1.0,0.02806724
0.41653514,1.0,0.18485774
0.41691843,1.0,0.12021691
0.3869806,1.0,0.6007483
0.69149184,0.0,0.25255552
0.4289086,0.0,0.6831669
0.5420993,0.0,0.2450653
0.27793154,0.0,0.26623207
0.16061825,0.0,0.7120827
0.5741697,0.0,0.27099675
0.47696838,0.0,0.3264876
0.13886048,0.0,0.50854063
0.13337022,0.0,0.61455077
0.4056095,0.0,0.08075112
0.38395452,0.0,0.3583396
0.25979522,0.0,0.76740235
0.13313873,0.0,0.8474193
0.6627688,0.0,0.27962527
0.21067737,0.0,0.62494564
0.1355174,0.0,0.34391913
0.20321493,0.0,0.50016844
0.7822806,0.0,0.023963679
0.070492096,0.0,0.5058957
0.1203425,0.0,0.5615435
0.26018158,0.0,0.06070927
0.30491102,0.0,0.08088979
0.36801824,0.0,0.12145888
0.68882316,0.0,0.2975694
0.4322655,0.0,0.06890408
0.521729,0.0,0.5563005
0.43195966,0.0,0.35094222
0.8405536,0.0,0.026759382
0.7837072,0.0,0.06129027
0.77246296,0.0,0.11387397
0.5002944,0.0,0.02291604
0.31526354,0.0,0.03871401
0.32654476,0.0,0.36126056
0.25807333,0.0,0.26447558
0.529572,0.0,0.22252683
0.046840828,0.0,0.620949
0.15748861,0.0,0.061222948
0.7859463,0.0,0.0035658083
0.31940517,0.0,0.051034037
0.054651756,0.0,0.020770025
0.8403893,0.0,0.012625357
0.32839474,0.0,0.0
0.2439697,0.0,0.2838465
0.07207978,0.0,0.46929774
0.33143187,0.0,0.14527507
0.24363165,0.0,0.0
0.3366056,0.0,0.0
0.14581321,0.0,0.0014662753
0.6915729,0.0,0.00090127334
0.45337167,0.0,0.004226005
0.89290255,1.0,0.007281101
0.81551,0.0,0.0026956047
0.77851236,0.0,0.07385915
0.8722999,1.0,0.0
0.83194435,0.0,0.18857701
0.84540695,0.0,0.008556338
0.85321546,0.0,0.0
0.94292706,0.0,0.00061964773
0.9337053,1.0,0.008261468
0.66856205,1.0,0.01552549
0.35453504,0.0,0.00062638
0.06718339,1.0,0.35498592
0.07600366,0.0,0.29903552
0.38398007,0.0,0.059058122
0.35282418,0.0,0.0025037625
0.7728863,0.0,0.001064499
0.106536426,0.0,0.22765397
0.39473537,0.0,0.25067627
0.52454823,0.0,0.19821306
0.36529034,0.0,0.20201263
0.7375879,0.0,0.2351176
0.6187276,1.0,0.4883985
0.926314,1.0,0.4751493
0.9615529,1.0,0.09298237
0.97020054,1.0,0.21363932
0.9948807,1.0,0.07095511
0.7625614,1.0,0.0
0.95851153,1.0,0.0073621455
0.9168485,0.0,0.01353488
0.64559585,0.0,0.0060528703
0.6282013,0.0,0.0016194232
0.9262068,0.0,0.0
0.8253927,0.0,0.0
0.81735826,0.0,0.008378005
0.38594455,0.0,0.00083925383
0.14936355,0.0,0.5242823
0.26610333,0.0,0.28114066
0.19907598,0.0,0.7707261
0.34304932,0.0,0.6211284
0.3025237,0.0,0.093822554
0.10462238,0.0,0.29097182
0.42432547,0.0,0.10364899
0.7369525,0.0,0.0010204571
0.5633834,0.0,0.0752596
0.800734,0.0,0.0
0.5924102,0.0,0.014171448
0.96285427,0.0,0.005615447
0.9207464,0.0,0.022408703
0.98936635,1.0,0.028149322
0.8536954,0.0,0.104588665
0.6517961,0.0,0.38191724
0.88658845,1.0,0.36448768
0.9601126,1.0,0.0018164624
0.9162688,0.0,0.16227998
0.6006154,0.0,0.29926196
0.4517845,0.0,0.5099384
0.7925643,0.0,0.0
0.8218007,0.0,0.07179372
0.9601995,0.0,0.005471935
0.1678707,0.0,0.1569075
0.8636736,0.0,0.0
0.16606474,0.0,0.06917197
0.69656545,0.0,0.06703763
0.5758925,0.0,0.33501688
0.57964635,0.0,0.5768114
0.7980085,0.0,0.2666337
0.42947954,0.0,0.12803169
0.92836326,0.0,0.13629696
0.86182755,0.0,0.20386517
0.93187225,0.0,0.00039878045
0.8871813,0.0,0.03297033
0.94282985,0.0,0.33491832
0.9757345,1.0,0.24519244
0.84778285,0.0,0.007356581
0.912842,0.0,0.055330325
0.59546524,0.0,0.0
0.88344926,0.0,2.5197303e-05
0.64217776,0.0,0.27008814
0.8595236,0.0,0.01420624
0.6525362,0.0,0.20442966
0.4728493,0.0,0.40451714
0.2754369,0.0,0.9385453
0.21879402,0.0,0.912636
0.28904885,0.0,0.2468158
0.19293275,0.0,0.31103036
0.2194874,0.0,0.58511764
0.26069778,0.0,0.32698014
0.38321194,0.0,0.36393076
0.52183604,0.0,0.25777775
0.4864617,0.0,0.009619588
0.75319576,0.0,0.00344513
0.4924476,0.0,0.0
0.8360503,0.0,0.0
0.87846446,0.0,0.008800227
0.9081788,0.0,0.0
0.81004834,0.0,0.25234646
0.84779274,0.0,0.26192802
0.4595841,0.0,0.5942645
0.5795858,0.0,0.5479368
0.5924932,0.0,0.0005380969
0.17261358,0.0,0.17895013
0.19582827,0.0,0.30633464
0.6464387,0.0,0.004553889
0.083138674,0.0,0.29770628
0.07745121,0.0,0.28559905
0.6668663,0.0,0.00036758807
0.37532073,0.0,0.0397131
0.082104616,0.0,0.43468362
0.2397707,0.0,0.24424048
0.159512,0.0,0.5168245
0.4557,0.0,0.17186263
0.83910924,0.0,0.035650726
0.51199156,0.0,0.26463726
0.9146772,0.0,0.016574223
0.76210475,0.0,0.0
0.85190904,0.0,0.013187303
0.91793704,0.0,0.00060069456
0.99069124,0.0,0.0
0.97708833,0.0,0.028747713
0.9551004,0.0,0.0038762954
0.86509633,0.0,0.18892756
0.5940061,0.0,0.3070697
0.790037,0.0,0.023935271
0.5993919,0.0,0.09436835
0.49052572,0.0,0.5591828
0.29355127,0.0,0.33056808
0.28584766,0.0,0.42187852
0.19852436,0.0,0.6691725
0.719219,0.0,0.21319838
0.23726638,0.0,0.38752434
0.6483453,0.0,0.13919199
0.33639398,0.0,0.26040083
0.6750785,0.0,0.036299646
0.76139164,0.0,0.23621479
0.4246024,0.0,0.62160003
0.48138177,0.0,0.086011305
0.65025496,0.0,0.48199284
0.83308715,0.0,0.41541916
0.10926017,0.0,0.6592835
0.46400228,0.0,0.30130532
0.7257439,0.0,0.021039309
0.40468568,0.0,0.07931768
0.090670414,0.0,0.411622
0.30910167,0.0,0.02558034
0.76839906,0.0,0.0
0.077020355,0.0,0.39377514
0.0377168,0.0,0.20217629
0.77163565,0.0,0.0
0.35281047,0.0,0.22013515
0.078886084,0.0,0.5505091
0.06529151,0.0,0.5645199
0.28197286,0.0,0.56998914
0.49780306,0.0,0.07812072
0.3995838,0.0,0.17546675
0.3766014,0.0,0.0
0.9104184,0.0,0.018527692
0.7323817,0.0,0.0004890125
0.75387555,0.0,0.0
0.6911189,0.0,0.0
0.8769457,0.0,0.0019070443
0.9014369,0.0,0.015570088
0.9204451,0.0,0.36816132
0.8651187,0.0,0.35933733
0.85893214,0.0,0.72069436
0.7405388,0.0,0.37976104
0.86652327,0.0,0.053897902
0.8545542,0.0,0.29597917
0.783934,0.0,2.3365565e-05
0.4979983,0.0,0.38150185
0.43014458,0.0,0.2548461
0.1752908,0.0,0.42823777
0.14429404,0.0,0.5390775
0.33195132,0.0,0.0057103774
0.52106744,0.0,0.0
0.29647473,0.0,0.29785785
0.2639557,0.0,0.28476363
0.85420305,0.0,0.0011089594
0.57817805,0.0,0.04524959
0.26344314,0.0,0.3558212
0.5773041,0.0,0.17155324
0.7692448,0.0,0.00087444345
0.8567086,0.0,0.19763888
0.59052575,0.0,0.12627219
0.34893778,0.0,0.014961347
0.91683334,0.0,0.018770173
0.8867563,0.0,0.01876845
0.7492565,0.0,0.28692427
0.39635912,0.0,0.080910176
0.43504566,0.0,0.6851584
0.23867051,0.0,0.47501433
0.30401888,0.0,0.9235179
0.38055062,0.0,0.55231744
0.4746901,0.0,0.19766718
0.30530554,0.0,0.6784935
0.72476345,0.0,0.22369711
0.52396464,0.0,0.352769
0.83583206,0.0,0.04264445
0.6218509,0.0,0.35678825
0.1742878,0.0,0.5728574
0.53900117,0.0,0.015993135
0.5050846,0.0,0.26536262
0.9094624,0.0,0.0054488024
0.45806557,0.0,0.07306399
0.9298002,0.0,0.0
0.87367916,0.0,0.0
0.7813661,0.0,0.0003909551
0.8631522,0.0,0.0143750785
0.77082515,0.0,0.0
0.8621463,0.0,0.0576077
0.8800802,0.0,0.1641487
0.68655354,0.0,0.3366744
0.74923384,0.0,0.31633458
0.6511705,0.0,0.4264679
0.47773466,0.0,0.6492301
0.3457271,0.0,0.40543658
0.18364707,0.0,0.013668912
0.65428036,0.0,0.21367896
0.7639529,0.0,0.0017564263
0.34464896,0.0,0.12809123
0.19152246,0.0,0.20241886
0.79454905,0.0,0.0
0.774296,0.0,0.0
0.22140446,0.0,0.36350068
0.19680627,0.0,0.19874562
0.64363194,0.0,0.005065138
0.46427825,0.0,0.18062167
0.074118644,0.0,0.5272726
0.19130446,0.0,0.21286549
0.46051663,0.0,0.25785258
0.48479748,0.0,0.29687363
0.33565474,0.0,0.6512537
0.4077778,0.0,0.8086644
0.33572146,0.0,0.391135
0.41515982,0.0,0.8857366
0.17723218,0.0,0.36246246
0.14820199,0.0,0.24278459
0.26362485,0.0,0.26760754
0.83228284,0.0,0.023660604
0.70601964,0.0,0.095915616
0.8315285,0.0,0.017781405
0.79058176,0.0,0.03316316
0.8899676,0.0,0.030453399
0.9021557,0.0,0.010665747
0.9185037,0.0,0.037668686
0.91754764,0.0,0.33231473
0.936664,0.0,0.0012015277
0.9732108,0.0,0.28193453
0.9759803,0.0,0.28228706
0.94147426,0.0,0.64752626
0.89311075,0.0,0.16205226
0.80818367,0.0,0.44285342
0.67521,0.0,0.49199602
0.78571296,0.0,0.027057206
0.861682,0.0,0.095869124
0.45783466,0.0,0.18085569
0.37173975,0.0,0.35532886
0.7422235,0.0,0.01581903
0.8336929,0.0,0.01970464
0.3414681,0.0,0.6136888
0.25616196,0.0,0.28014827
0.48019648,0.0,0.36241764
0.5876441,0.0,0.3098646
0.8451808,0.0,0.022829395
0.5978635,0.0,0.15663894
0.95626795,0.0,0.09830248
0.84854823,0.0,0.005572521
0.80083424,0.0,0.009580487
0.77506745,0.0,0.006681971
0.8958147,0.0,0.012218198
0.9157075,0.0,0.0035421231
0.9061753,0.0,0.082581945
0.7781273,0.0,0.10567099
0.7413922,0.0,0.64057404
0.7908546,0.0,0.20106576
0.7614908,1.0,0.6713073
0.843373,1.0,0.5951901
0.46795782,0.0,0.09628836
0.68055236,1.0,0.045856524
0.80863404,1.0,0.13472024
0.61441374,1.0,0.5350185
0.7935945,1.0,0.4966401
0.6989025,1.0,0.29017413
0.9274717,0.0,0.047317676
0.5623108,1.0,0.3777034
0.33328992,1.0,0.28067416
0.6058954,0.0,0.050809216
0.8879012,0.0,0.005439097
0.17550476,1.0,0.32990745
0.14650504,0.0,0.46418276
0.9258323,0.0,0.0007933766
0.33547172,0.0,0.028230764
0.07237973,0.0,0.5897575
0.20327532,0.0,0.33126426
0.66016287,0.0,0.14435484
0.15536614,0.0,0.66668105
0.276968,0.0,0.6378711
0.4560429,0.0,0.029084979
0.36308026,0.0,0.4565027
0.79088956,0.0,0.0
0.7891421,0.0,0.013563798
0.76859576,0.0,0.0056668026
0.7969609,0.0,0.0
0.8786437,0.0,0.007138909
0.88388234,0.0,0.043454807
0.8682388,0.0,0.0
0.83958536,0.0,0.1513082
0.5684172,1.0,0.29768175
0.54700845,1.0,0.70796114
0.8353562,1.0,0.22804342
0.6167818,1.0,0.7470775
0.7261771,0.0,0.07258548
0.8322968,1.0,0.23728317
0.7379257,0.0,0.078419246
0.46347934,1.0,0.4176469
0.73701996,1.0,0.09703073
0.29591894,1.0,0.5641213
0.4259813,1.0,0.47455683
0.7567629,0.0,0.0
0.76753646,1.0,0.4299514
0.45081168,1.0,0.5806416
0.36853895,1.0,0.2456918
0.82155323,0.0,0.06079829
0.44763383,0.0,0.036093727
0.17237668,0.0,0.3385737
0.19627795,1.0,0.22630073
0.5854192,0.0,0.0009500877
0.3468034,0.0,0.091593646
0.023293428,0.0,0.58949155
0.22618154,0.0,0.25136515
0.10650818,0.0,0.61322093
0.21028914,0.0,0.10874945
0.9091521,0.0,0.035850372
0.38967207,0.0,0.023809118
0.76283795,0.0,0.0
0.87505984,0.0,0.009200495
0.9106837,0.0,0.0
0.88447773,0.0,0.0
0.884844,0.0,0.10761831
0.8043686,0.0,0.022717327
0.9337047,0.0,0.060394056
0.92422783,0.0,0.19872491
0.8784557,0.0,0.22742906
0.9122129,0.0,0.017370977
0.50664747,0.0,0.36522734
0.61254084,0.0,0.5216363
0.656046,0.0,0.24123521
0.4476137,0.0,0.48934427
0.86966115,0.0,0.022790466
0.26575208,0.0,0.012326058
0.24546382,0.0,0.3013242
0.6560547,1.0,0.46361384
0.87879,0.0,0.0
0.17631578,0.0,0.22606742
0.6342321,1.0,0.51665896
0.933732,1.0,0.14181358
0.49647957,0.0,0.0072923237
0.52054507,0.0,1.0
0.43259513,0.0,0.76299274
0.50800395,0.0,0.49159017
0.257036,0.0,0.59511065
0.6945547,0.0,0.6756217
0.18248935,0.0,0.7152031
0.29298168,0.0,0.56849104
0.5138538,1.0,0.58944017
0.5438558,1.0,0.26335615
0.546636,0.0,0.26211172
0.3178691,1.0,0.3729111
0.5200819,0.0,0.41476968
0.49622023,1.0,0.6783576
0.5221176,0.0,0.113230586
0.5722034,1.0,0.6114179
0.68845385,0.0,0.35032958
0.7565056,0.0,0.0032129597
0.76059926,0.0,0.15599445
0.6977207,1.0,0.017768828
0.7403593,1.0,0.35350165
0.49283838,1.0,0.29184225
0.6644482,0.0,0.015616362
0.5361594,0.0,0.14679298
0.71096456,0.0,0.10488795
0.34221247,0.0,0.0
0.6126097,0.0,0.19308197
0.71723557,0.0,0.040313642
0.7164506,0.0,0.064592466
0.50044477,0.0,0.63847613
0.5524118,0.0,0.39670753
0.43960118,0.0,0.3801352
0.3908437,0.0,0.7950873
0.33456978,0.0,0.60772866
0.53490514,0.0,0.25404912
0.290426,0.0,0.2208333
0.12783721,0.0,0.36594212
0.11870074,0.0,0.48563895
0.268113,0.0,0.0888674
0.5441815,0.0,0.06424854
0.6312227,0.0,0.15096489
0.6694443,0.0,0.047562256
0.58521813,0.0,0.028762186
0.41702253,0.0,0.051072706
0.6343832,0.0,0.1677897
0.6760696,0.0,2.324152e-06
0.23268116,0.0,0.13287513
0.26486826,0.0,0.2737986
0.5577049,0.0,0.1135182
0.71384645,0.0,0.06932738
0.81949323,0.0,0.13878837
0.6611592,0.0,0.0
0.48043078,0.0,0.0
0.8108288,0.0,0.0
0.55514455,0.0,0.009915744
0.57340485,0.0,0.15650803
0.19194534,0.0,0.8571572
0.48732308,0.0,0.37160158
0.37423044,0.0,0.040819757
0.6248437,0.0,0.0
0.5457532,0.0,0.012678459
0.6883382,0.0,0.038700394
0.4345401,0.0,0.001567334
0.045007147,0.0,0.2968377
0.44419676,0.0,0.004772762
0.07665765,0.0,0.6586352
0.19375463,0.0,0.32185712
0.37080726,0.0,0.0
0.16030373,0.0,0.12660569
0.13710082,0.0,0.2848178
0.33578178,0.0,0.19998571
0.2375637,0.0,0.13995144
0.1512642,0.0,0.6265007
0.21854228,0.0,0.54488665
0.17021953,0.0,0.78126603
0.087733656,0.0,0.26722494
0.06873767,1.0,0.3293375
0.10482528,1.0,0.47513005
0.19783826,1.0,0.59388375
0.12707941,1.0,0.502581
0.1685214,0.0,0.37231416
0.13904575,0.0,0.28657427
0.19018275,0.0,0.603294
0.21938299,0.0,0.33904052
0.24493714,0.0,0.22925647
0.43235594,0.0,0.699708
0.33977494,0.0,0.26020566
0.3773753,0.0,0.26941496
0.35214767,0.0,0.37154093
0.39137638,0.0,0.02228792
0.23991196,0.0,0.6002567
0.6570069,0.0,0.12961918
0.4418336,0.0,0.48773965
0.46809068,0.0,0.17580807
0.35961887,0.0,0.60563964
0.76761657,0.0,0.06987617
0.75230193,0.0,0.08138792
0.6305889,0.0,0.05674076
0.94602424,0.0,0.017311228
0.33497727,0.0,0.10042676
0.40427053,0.0,0.13506609
0.6210558,0.0,0.0072176047
0.44417682,0.0,0.24925636
0.3445214,0.0,0.19914341
0.14062043,0.0,0.069977045
0.28436863,0.0,0.16939536
0.71091354,0.0,0.021785302
0.7800019,0.0,0.0
0.84705776,0.0,0.0006657614
0.7309447,0.0,0.0
0.5648979,0.0,0.00068864075
0.87985647,0.0,0.0
0.7103554,0.0,0.19058834
0.83617884,0.0,0.0057235123
0.6266994,0.0,0.70120335
0.33845454,0.0,0.635219
0.49317995,0.0,0.49806944
0.3930788,0.0,0.053298447
0.6617001,0.0,0.0
0.7507927,0.0,0.07126066
0.88656986,0.0,0.0
0.88809067,0.0,0.0
0.68109345,0.0,0.0
0.8178705,0.0,0.0002537965
0.20269082,0.0,0.0045075943
0.5334945,0.0,0.0
0.3175202,0.0,0.08874305
0.6634629,0.0,0.028929112
0.6701072,0.0,0.07558357
0.65433365,0.0,0.32247314
0.2726415,0.0,0.112319075
0.29305512,0.0,0.7600538
0.37399676,0.0,0.7286447
0.27792212,0.0,0.23353876
0.42903265,0.0,0.8192506
0.36951306,0.0,0.49820852
0.36336124,0.0,0.08712762
0.2088716,0.0,0.52435696
0.48631167,0.0,0.053252406
0.54316336,0.0,0.024348559
0.7619719,0.0,0.118131526
0.6702984,0.0,0.4053772
0.34382445,0.0,0.14359908
0.38156676,0.0,0.476877
0.5907907,0.0,0.07122047
0.4125153,0.0,0.6650303
0.3028662,0.0,0.32343686
0.2674692,0.0,0.46134326
0.4159816,0.0,0.62073296
0.20117612,0.0,0.23114708
0.31444559,0.0,0.0
0.61439806,0.0,0.088220246
0.59778,0.0,0.015531555
0.24745852,0.0,0.16393712
0.34319398,0.0,0.036182314
0.74221385,0.0,0.018198667
0.34935135,0.0,0.26464197
0.68165463,0.0,0.07018574
0.4946178,0.0,0.0011723507
0.2795288,0.0,0.36417422
0.3006057,0.0,0.41075364
0.38322517,0.0,0.31808668
0.73288697,0.0,0.38046062
0.50314873,0.0,0.15382923
0.67851925,0.0,0.15218236
0.90905285,0.0,0.0
0.6803545,0.0,0.0
0.7265479,0.0,0.0073731234
0.70551884,0.0,0.0
0.77499294,0.0,0.043643147
0.80810803,0.0,0.39643344
0.41181,0.0,0.25398242
0.27182284,0.0,0.055867292
0.474756,0.0,0.06702766
0.557618,0.0,0.012297341
0.7536997,0.0,0.12470758
0.70381325,0.0,0.0015615107
0.85529834,0.0,0.0012023227
0.4888439,0.0,0.28211135
0.5758574,0.0,0.022615468
0.69610876,0.0,0.28553146
0.6472977,0.0,0.50085294
0.7117595,0.0,0.3696
0.3226097,0.0,0.2212052
0.59453064,0.0,0.5376116
0.3220077,0.0,0.42997342
0.46519142,0.0,0.37088546
0.50329465,0.0,0.12338421
0.3899746,0.0,0.4511081
0.19287595,0.0,0.1325768
0.32251823,0.0,0.52404684
0.088050134,0.0,0.31202862
0.26910418,0.0,0.70110744
0.08294684,0.0,0.1753733
0.17087574,0.0,0.24161854
0.47262827,0.0,0.016099654
0.21203136,0.0,0.068080254
0.6955576,0.0,0.0
0.58441114,0.0,0.0
0.33211836,0.0,0.060455814
0.71931434,0.0,0.040289443
0.8854657,0.0,0.06782925
0.52165014,0.0,0.3164247
0.8074661,0.0,0.5593586
0.22670124,0.0,0.042593338
0.5460526,0.0,0.6456032
0.6680044,0.0,0.18998525
0.5615023,0.0,0.0
0.73007476,0.0,0.0
0.67104924,0.0,0.0
0.73357636,0.0,0.0
0.27082434,0.0,0.1216517
0.22883052,0.0,0.29256052
0.15241548,0.0,0.46259972
0.33117345,0.0,0.002157384
0.12188413,0.0,0.15058184
0.62154275,0.0,0.0038435445
0.43306962,0.0,0.035238776
0.8719896,0.0,0.039086007
0.44420242,0.0,0.0555431
0.20965219,0.0,0.24772868
0.3546075,0.0,0.20240124
0.17568664,0.0,0.56815714
0.5170397,0.0,0.08555294
0.12278485,0.0,0.4748786
0.03379294,0.0,0.44953546
0.44996083,0.0,0.4611429
0.42853233,0.0,0.3175399
0.27659434,0.0,0.4418453
0.5026825,0.0,0.0070614917
0.29080588,0.0,0.32090035
0.2937276,0.0,0.21738462
0.47334743,0.0,0.006677614
0.4169808,0.0,0.7231851
0.57990885,0.0,0.38656864
0.5294529,0.0,0.14534163
0.54685783,0.0,0.46378118
0.30799413,0.0,0.7553244
0.3817864,0.0,0.5948719
0.2454529,0.0,0.56942266
0.33943424,0.0,0.5008344
0.382122,0.0,0.11151359
0.42772928,0.0,0.15385173
0.8706544,0.0,0.0
0.7871563,0.0,0.0039255195
0.700045,0.0,0.024959061
0.81988,0.0,0.014213197
0.4106659,0.0,0.11147921
0.9079895,0.0,0.05107238
0.9176879,0.0,0.045429446
0.91565657,0.0,0.18411362
0.74115556,0.0,0.5050432
0.8866699,0.0,0.24011755
0.72609943,0.0,0.098622516
0.908733,0.0,0.0
0.9094611,0.0,0.001479376
0.8473656,0.0,0.0
0.83874995,0.0,0.0
0.73270315,0.0,0.011016261
0.77007717,0.0,0.04182663
0.40003312,0.0,0.12297561
0.44372392,0.0,0.14521834
0.47424057,0.0,0.5928868
0.48665565,0.0,0.35499656
0.33375454,0.0,0.24827671
0.67519623,0.0,0.14680086
0.69509304,0.0,0.5884767
0.6432852,0.0,0.4203865
0.5501582,0.0,0.29762778
0.7195421,0.0,0.045537397
0.83243406,0.0,0.10921623
0.6796319,0.0,0.0027846426
0.7823873,0.0,0.0
0.8168575,0.0,0.025896482
0.8623903,0.0,0.009368441
0.7692703,0.0,0.24026777
0.6092005,0.0,0.028825859
0.12445817,0.0,0.24137768
0.4093106,0.0,0.39225546
0.32293552,0.0,0.8814403
0.20319563,0.0,0.54334253
0.22686522,0.0,0.3149993
0.24049126,0.0,0.85501933
0.2882076,0.0,0.46478748
0.26661828,0.0,0.6602945
0.6467347,0.0,0.2928067
0.64385223,0.0,0.39848998
0.78998303,0.0,0.11630898
0.667682,0.0,0.25658843
0.8366395,0.0,0.17678323
0.88797814,0.0,0.01739969
0.79336077,1.0,0.2800591
0.75677985,1.0,0.24288605
0.848211,1.0,0.1400952
0.8837451,0.0,0.009400337
0.8946969,1.0,0.5507916
0.87098736,0.0,0.22439891
0.92251736,1.0,0.38473254
0.6593786,0.0,0.111428164
0.45748046,0.0,0.43413925
0.27069107,0.0,0.4152821
0.32710117,0.0,0.008084778
0.21278678,0.0,0.34775212
0.24736923,0.0,0.04912919
0.43691605,0.0,0.06177724
0.72508365,0.0,0.022809476
0.8590941,0.0,0.066326715
0.77384275,0.0,0.14960419
0.80832255,0.0,0.20669822
0.5180604,0.0,0.2171634
0.743681,0.0,0.010920398
0.21214652,0.0,0.52634954
0.3325513,0.0,0.4746453
0.8178163,0.0,0.08134235
0.2802969,0.0,0.20272598
0.8785487,0.0,0.0
0.78175837,0.0,0.0031188536
0.86510205,0.0,0.0218725
0.8074627,0.0,0.0061804256
0.49927217,0.0,0.012419286
0.50287646,0.0,0.01624212
0.61130536,0.0,0.01722265
0.53669256,0.0,0.012681361
0.48052415,0.0,0.006893793
0.5779807,1.0,0.14974773
0.6710228,1.0,0.20242615
0.7982778,0.0,0.07546432
0.9121754,0.0,0.077451535
0.84395754,0.0,0.0049162824
0.86813635,0.0,0.004864892
0.6399924,0.0,0.017043404
0.37860942,0.0,0.19661374
0.47057092,0.0,0.16456203
0.1423989,0.0,0.7617314
0.17543407,0.0,0.36862344
0.27228457,0.0,0.63277406
0.23558952,0.0,0.45980465
0.45428345,0.0,0.3326597
0.65074956,0.0,0.04003354
0.72950363,0.0,0.0875966
0.7060356,0.0,0.053485453
0.8076055,0.0,0.08072633
0.60174924,1.0,0.40006724
0.6397583,0.0,0.09493663
0.7599814,1.0,0.364663
0.8393601,1.0,0.5850756
0.57516533,1.0,0.7208512
0.5867176,0.0,0.07570701
0.6966296,1.0,0.40678686
0.7572541,0.0,0.0052758614
0.748084,1.0,0.36866516
0.6696544,1.0,0.062441356
0.7214564,1.0,0.17472139
0.7212873,1.0,0.5354448
0.61464137,1.0,0.13720568
0.66713876,1.0,0.7670382
0.51134086,0.0,0.6985943
0.86635065,1.0,0.6382262
0.6922082,1.0,0.4448368
0.7958624,1.0,0.3558992
0.7172771,0.0,0.008337647
0.7960341,0.0,0.022225056
0.8723611,0.0,0.0053617936
0.96911275,0.0,0.097353026
0.72679484,0.0,0.0
0.7699945,0.0,0.14469506
0.1522266,0.0,0.08785626
0.58898336,0.0,0.07133798
0.7529796,0.0,0.0036816185
0.49240375,0.0,0.16063231
0.5547925,0.0,0.046325676
0.35766336,0.0,0.049315877
0.3676764,0.0,0.389175
0.11829288,0.0,0.51459944
0.105963714,0.0,0.39352378
0.29115957,0.0,0.0055702496
0.2704855,0.0,0.3243325
0.5490076,0.0,0.21524267
0.815802,0.0,0.33460367
0.5020568,0.0,0.82493585
0.39988464,0.0,0.6761866
0.44666404,0.0,0.4945935
0.45474645,0.0,0.39363807
0.7108193,0.0,0.18852891
0.10930872,0.0,0.6354024
0.7416556,0.0,0.2645561
0.7891764,0.0,0.06385076
0.8338906,0.0,0.04069147
0.802627,0.0,0.0
0.89875895,0.0,0.0022838353
0.705376,0.0,0.0
0.8958643,0.0,0.011061277
0.82767075,0.0,0.010866173
0.428683,0.0,0.0040751863
0.70478857,0.0,0.03311015
0.5139053,0.0,0.07618314
0.4839974,0.0,0.05838678
0.105856165,0.0,0.013159822
0.44632876,0.0,0.0
0.4236436,0.0,0.014254615
0.45366663,0.0,0.0057791886
0.7192246,1.0,0.04420161
0.42819518,0.0,0.012200441
0.806488,0.0,0.0039389348
0.7600832,0.0,0.08252995
0.5904362,0.0,0.102273755
0.45475563,0.0,0.43722957
0.17464963,0.0,0.14567667
0.059581812,0.0,0.78237087
0.20254812,0.0,0.6891174
0.48376003,0.0,0.29823422
0.24312498,0.0,0.7537223
0.21826626,0.0,0.5724155
0.48720714,0.0,0.09880812
0.5127915,0.0,0.18696237
0.39167404,0.0,0.40297487
0.24945408,0.0,0.5109524
0.4213207,0.0,0.39347234
0.16132987,0.0,0.37024176
0.28778648,0.0,0.8493854
0.79982626,0.0,0.19579157
0.45802915,0.0,0.48928785
0.46469483,0.0,0.3403504
0.357996,0.0,0.67998856
0.21078083,0.0,0.49332097
0.25779694,0.0,0.13383193
0.28337187,0.0,0.12775484
0.30793884,0.0,0.44724026
0.23122786,0.0,0.22731258
0.14041716,0.0,0.6284042
0.31952527,0.0,0.7396918
0.35469142,0.0,0.5063459
0.12536943,0.0,0.715514
0.254494,0.0,0.6300619
0.1993807,0.0,1.0
0.18704931,0.0,0.5679186
0.28842774,0.0,0.114027575
0.16468078,0.0,0.86244816
0.34108895,0.0,0.32810304
0.5229495,0.0,0.1719101
0.64454347,0.0,0.5652577
0.43492803,0.0,0.92893285
0.55154014,0.0,0.317675
0.48410767,0.0,0.6770252
0.55194545,0.0,0.10897321
0.24157336,0.0,0.42956075
0.29729095,0.0,0.58765274
0.17826313,0.0,0.53899485
0.72047246,0.0,0.24872689
0.72647023,0.0,0.1936969
0.45832986,0.0,0.13752337
0.5463208,0.0,0.15402633
0.7777746,0.0,0.09532572
0.40317622,0.0,0.381429
0.45656243,0.0,0.13743412
0.4873571,0.0,0.04107702
0.45148715,0.0,0.06452044
0.1414416,0.0,0.29167876
0.62569374,0.0,0.51204777
0.64904207,1.0,0.4625786
0.2758413,0.0,0.25237396
0.8159826,1.0,0.43061015
0.81021005,0.0,0.09911079
0.7014344,1.0,0.3911022
0.7391709,0.0,0.0009920696
0.764744,1.0,0.18052663
0.8513611,0.0,0.2130148
0.5092204,1.0,0.4210343
0.76425606,0.0,0.00952022
0.28211346,0.0,0.5303675
0.8867378,0.0,0.003321044
0.499124,0.0,0.36329117
0.9070538,0.0,0.00034638456
0.47462803,0.0,0.17007025
0.52299696,0.0,0.10327244
0.4400524,0.0,0.2168791
0.36063892,0.0,0.6671845
0.472995,0.0,0.29044977
0.379316,0.0,0.6045981
0.42001796,0.0,0.7403727
0.75202787,0.0,0.21323003
0.6874894,0.0,0.18620154
0.50296366,0.0,0.50919205
0.6819551,0.0,0.04867146
0.49681228,0.0,0.4701788
0.4752844,0.0,0.5304652
0.7119732,0.0,0.02957219
0.5971198,1.0,0.25137284
0.86937785,0.0,0.0012537548
0.75695604,1.0,0.40443778
0.8019132,0.0,0.0065226764
0.8755327,1.0,0.3306802
0.886834,0.0,0.007481868
0.8083273,1.0,0.32314426
0.89060336,0.0,0.18176062
0.7890948,1.0,0.57638437
0.6844017,1.0,0.5396993
0.8325042,0.0,0.018499002
0.6248997,1.0,0.13929941
0.87701297,0.0,0.014898232
0.91670984,1.0,0.36372882
0.829567,1.0,0.017587552
0.89347297,1.0,0.20220757
0.87503785,0.0,0.016486397
0.89716095,1.0,0.20698129
0.7639849,1.0,0.4838156
0.9521961,0.0,0.0063372
0.69919205,0.0,0.19667682
0.7010361,0.0,0.23368026
0.7512234,0.0,0.37204972
0.8019167,0.0,0.0033720396
0.935523,0.0,0.0
0.769427,0.0,0.06438955
0.79038686,0.0,0.025851302
0.8526362,0.0,0.0072570015
0.7118628,0.0,0.022343338
0.85752887,0.0,0.007064969
0.87988305,0.0,0.00035837467
0.9136926,0.0,0.01634956
0.9334767,0.0,0.072478496
0.93433017,0.0,0.0070801834
0.978,0.0,0.01814642
0.8956733,0.0,0.10313124
0.9119121,0.0,0.010672615
0.9582316,0.0,0.0
0.9815461,0.0,0.0
0.97168297,0.0,0.015570219
0.95585716,0.0,0.002749529
0.87020487,0.0,0.023419697
0.90788835,0.0,0.011882568
0.4018297,1.0,0.35178834
0.36380026,0.0,0.3277053
0.58302045,0.0,0.29845878
0.15205117,0.0,0.63908446
0.27176526,0.0,0.5009139
0.60915023,0.0,0.1301909
0.17575085,0.0,0.44658062
0.4077836,0.0,0.05369515
0.88916713,0.0,0.0017609202
0.8083663,0.0,0.0064770193
0.5620471,0.0,0.0687526
0.75251025,0.0,0.10116778
0.84292233,0.0,0.01828621
0.5702094,0.0,5.527609e-05
0.8574847,0.0,0.02022046
0.28572977,0.0,0.18548393
0.861378,0.0,0.029230105
0.26753402,0.0,0.33727527
0.71665674,0.0,0.02622168
0.35113823,0.0,0.4383916
0.7903684,0.0,0.029421814
0.33082357,0.0,0.20200814
0.83896023,0.0,0.0020355093
0.45056063,0.0,0.22670327
0.82756585,0.0,0.028388785
0.8001215,0.0,0.3896868
0.6565272,0.0,0.7842478
0.7917962,0.0,0.35666957
0.5799766,0.0,0.68866277
0.7794767,0.0,0.4909761
0.37143195,0.0,0.399745
0.90560406,0.0,0.009523678
0.4209115,0.0,0.25350484
0.8275524,0.0,0.008314704
0.16090766,0.0,0.44419906
0.890364,0.0,0.030959768
0.36778173,0.0,0.3253654
0.9463319,0.0,0.008203055
0.6400663,0.0,0.47110397
0.741071,0.0,0.011354909
0.7626892,0.0,0.3048292
0.63495183,0.0,0.2934766
0.3217243,0.0,0.75953585
0.61854404,0.0,0.6087553
0.63821906,0.0,0.4251496
0.59293556,1.0,0.25449923
0.9061016,0.0,0.013751008
0.42706192,0.0,0.19052984
0.783538,0.0,0.019220319
0.43256325,0.0,0.35737503
0.80794835,0.0,0.032023404
0.55819327,0.0,0.3323677
0.90028507,0.0,0.02184758
0.5049885,0.0,0.42144278
0.75198424,0.0,0.1533257
0.51192725,0.0,0.16941379
0.9061619,0.0,0.010033336
0.6151266,0.0,0.14339328
0.8053856,0.0,0.5483036
0.81296134,0.0,0.06506565
0.70805883,0.0,0.38251856
0.5853947,0.0,0.44638675
0.4484208,0.0,0.4003604
0.55157864,0.0,0.04495879
0.26887408,0.0,0.4043179
0.73848474,0.0,0.09370165
0.419571,0.0,0.40766767
0.8227545,0.0,0.056936633
0.14248176,0.0,0.4978463
0.36068767,0.0,0.5405132
0.9204753,0.0,0.1408449
0.38182396,0.0,0.44608045
0.61140114,0.0,0.059714545
0.39632007,0.0,0.34475008
0.8870701,0.0,0.046561
0.3600052,0.0,0.36642003
0.5278734,0.0,0.1628032
0.41506827,0.0,0.48286197
0.4584969,0.0,0.62743837
0.49080998,0.0,0.21585031
0.3175791,0.0,0.297654
0.83995575,0.0,0.029664183
0.5420135,0.0,0.32214043
0.76642346,0.0,0.05205552
0.65835136,0.0,0.566232
0.5240136,0.0,0.1191563
0.4456337,0.0,0.47503158
0.7419972,0.0,0.09728589
0.2032969,0.0,0.49737018
0.81602085,0.0,0.040176414
0.31356332,0.0,0.22353056
0.4867259,0.0,0.07904398
0.5259212,0.0,0.41773093
0.4061095,0.0,0.40475613
0.43899983,0.0,0.77832144
0.34593067,0.0,0.7443787
0.41304168,0.0,0.40090892
0.32286867,0.0,0.4739174
0.25128523,0.0,0.49263823
0.5455864,0.0,0.28208143
0.3965118,0.0,0.34856674
0.91101736,0.0,0.014463951
0.6881782,0.0,0.2982305
0.8643341,0.0,0.031318784
0.5784789,0.0,0.5289971
0.7709173,0.0,0.068884976
0.31401142,0.0,0.22941533
0.90292406,0.0,0.0048923604
0.6480667,0.0,0.33933273
0.8810038,0.0,0.06575886
0.73626894,0.0,0.50899583
0.51248366,0.0,0.36024603
0.85971403,0.0,0.93271124
0.5974099,0.0,1.0
0.7326411,0.0,0.7967524
0.76807445,0.0,0.21878585
0.4191846,0.0,0.29754642
0.5210888,0.0,0.5270314
0.5620383,0.0,0.2919188
0.37629515,0.0,0.05253527
0.3489183,0.0,0.13525626
0.56181705,0.0,0.014093515
0.36316434,0.0,0.28281808
0.5091071,0.0,0.025722802
0.36022156,0.0,0.32936463
0.39967975,0.0,0.33667386
0.7505033,0.0,0.04236736
0.6857297,1.0,0.47865695
0.7337861,1.0,0.056161437
0.83750504,1.0,0.53825504
0.7390227,0.0,0.087890364
0.66888225,0.0,0.29737356
0.39236173,0.0,0.48484558
0.34773457,0.0,0.58723736
0.5618396,1.0,0.53669196
0.6639739,0.0,0.39964727
0.876535,1.0,0.15266289
0.848612,0.0,0.0037773186
0.8905489,1.0,0.39321396
0.8726251,1.0,0.013415969
0.8858714,1.0,0.09897063
0.77767456,0.0,0.015917987
0.8258889,0.0,0.059101567
0.6314534,0.0,0.01829535
0.5220564,0.0,0.24901636
0.92591697,0.0,0.002914047
0.47016,0.0,0.025493886
0.56844074,0.0,0.2248652
0.714393,0.0,0.57104135
0.27251092,0.0,0.75515544
0.63211876,0.0,0.3351077
0.57279307,0.0,0.48704132
0.5313447,0.0,0.7175872
0.43627498,0.0,0.66712147
0.5276143,0.0,0.1713507
0.5476899,0.0,0.32415932
0.76914567,0.0,0.05400343
0.38407332,0.0,0.6173236
0.3537191,0.0,0.35369426
0.7993252,0.0,0.10012408
0.7812598,0.0,0.2937196
0.8208682,0.0,0.53620356
0.6160258,1.0,0.454548
0.85572857,1.0,0.08171018
0.78382087,0.0,0.4584402
0.8446785,1.0,0.4728441
0.80342025,0.0,0.3921162
0.9005858,0.0,0.74901533
0.9079885,0.0,0.33962363
0.92017096,0.0,0.08466584
0.8276835,0.0,0.3617659
0.93139344,0.0,0.35517356
0.90821165,0.0,0.07264031
0.80883104,1.0,0.4994691
0.79989463,1.0,0.69919354
0.8829327,1.0,0.6860567
0.66462487,1.0,0.17685314
0.69171995,1.0,0.030435747
0.6601827,1.0,0.33542627
0.7012659,1.0,0.28469235
0.8335297,0.0,0.0016982147
0.7897233,0.0,0.021256763
0.21580811,1.0,0.44305423
0.38195017,1.0,0.36653978
0.7827446,0.0,0.09284389
0.16158977,0.0,0.5846172
0.8822481,0.0,0.28497854
0.34466028,0.0,0.25353476
0.102561355,0.0,0.34842283
0.63132995,0.0,0.3212993
0.77685875,0.0,0.36595997
0.8397152,0.0,0.27915865
0.33019412,0.0,0.6890768
0.8486436,0.0,0.40471864
0.9097783,0.0,0.41029245
0.96087456,0.0,0.08150885
0.84117496,0.0,0.12885727
0.8866722,0.0,0.19878276
0.79679734,0.0,0.21192636
0.5972655,0.0,0.22488365
0.20281693,0.0,0.16727073
0.9190899,0.0,0.0
0.056614645,0.0,0.27148038
0.8608347,0.0,0.00204221
0.88989586,0.0,0.41082466
0.45307443,0.0,0.5309975
0.20559923,0.0,0.1594205
0.022432823,0.0,0.32553762
0.53406286,0.0,0.0039828047
0.8475302,0.0,0.0910084
0.54133284,0.0,0.0
0.8156801,0.0,0.11958003
0.46066853,0.0,0.18928419
0.65825415,0.0,0.036294706
0.1825522,0.0,0.35908827
0.6396728,0.0,0.23572946
0.4646831,0.0,0.75189084
0.19372307,0.0,0.17562018
0.59306943,1.0,0.4751986
0.64066786,1.0,0.5554252
0.7506025,0.0,0.15798064
0.85732955,1.0,0.13412789
0.8470968,1.0,0.4836698
0.82145935,0.0,0.06446151
0.8274777,0.0,0.03539547
0.27825844,1.0,0.05560751
0.58765936,1.0,0.23216856
0.92842525,0.0,0.0
0.6689977,0.0,0.042023633
0.6933816,1.0,0.3499173
0.5615264,1.0,0.44607496
0.8598989,0.0,0.094691075
0.69296116,0.0,0.25403237
0.5307507,0.0,0.043890767
0.6014799,0.0,0.34732598
0.30744585,0.0,0.23367876
0.3625944,0.0,0.5292694
0.11763173,0.0,0.048527315
0.81571174,0.0,0.030737013
0.83409345,0.0,0.12861054
0.44178814,0.0,0.23285238
0.8441629,0.0,0.1392397
0.7359624,0.0,0.03268229
0.89974135,0.0,0.0
0.91905576,1.0,0.12911434
0.92966604,1.0,0.048023887
0.85380024,1.0,0.30717835
0.6640104,0.0,0.3933667
0.46631274,0.0,0.37970167
0.44047073,0.0,0.6199132
0.35529894,0.0,0.59155214
0.5632595,0.0,0.62844074
0.82851636,0.0,0.6667543
0.7720765,0.0,0.19227937
0.8097763,0.0,0.2939644
0.6714785,0.0,0.03381784
0.67270666,0.0,0.082508534
0.7678655,0.0,0.04601169
0.83487064,0.0,0.010224432
0.45813948,0.0,0.091959916
0.11314033,0.0,0.2569198
0.7469647,0.0,0.19174816
0.5114028,0.0,0.16775952
0.031819545,0.0,0.57694507
0.23559731,0.0,0.29921567
0.5033489,0.0,0.14487629
0.49734113,0.0,0.08427587
0.7840925,0.0,0.0
0.6398477,0.0,0.18517345
0.879633,0.0,0.3726433
0.7393559,0.0,0.12752569
0.8111561,0.0,0.0077600726
0.552918,0.0,0.3602008
0.30661473,0.0,0.6436585
0.10403785,0.0,0.30705342
0.1977666,0.0,0.33741152
0.3274653,0.0,0.12751536
0.25813633,0.0,0.48355156
0.62740624,0.0,0.20069863
0.11713598,0.0,0.3713383
0.25454214,0.0,0.13119395
0.6826817,0.0,0.00021020406
0.46569806,0.0,0.03268675
0.24975164,0.0,0.36234197
0.72935164,0.0,0.013131793
0.7256035,0.0,0.0
0.34966788,0.0,0.20015496
0.20398954,0.0,0.037922066
0.7489857,0.0,0.003424487
0.15097962,0.0,0.0
0.40170315,0.0,0.064227104
0.6854593,0.0,0.0
0.6981339,0.0,0.0
0.13303599,0.0,0.056010257
0.46628645,0.0,0.1563151
0.9110161,0.0,0.0
0.7396916,0.0,0.051989347
0.6398466,0.0,0.35525808
0.59242433,0.0,0.28154343
0.86322373,0.0,0.3829774
0.8901016,0.0,0.8356601
0.915825,0.0,0.56703854
0.6369212,0.0,0.79220796
0.7393709,0.0,0.4657495
0.621308,0.0,0.1305806
0.66244674,0.0,0.058607332
0.24606842,0.0,0.15534885
0.7152532,0.0,0.02595644
0.91772825,0.0,0.0
0.5946894,0.0,0.0
0.5712993,0.0,0.0021943857
0.65385616,0.0,0.09033594
0.68525577,0.0,0.06565459
0.76699036,0.0,0.012015699
0.7940119,0.0,0.11673266
0.5306392,0.0,0.0
0.10608724,0.0,0.41747525
0.4170718,0.0,0.07604143
0.8557934,0.0,0.0030809925
0.5198282,0.0,0.16780703
0.4175684,0.0,0.0
0.31714097,0.0,0.1811895
0.19103815,0.0,0.75333285
0.15872389,0.0,0.47773224
0.25487298,0.0,0.16747804
0.06948621,0.0,0.086687006
0.40017822,0.0,0.0
0.15884236,0.0,0.0022557494
0.8211303,0.0,3.500611e-05
0.81486785,0.0,0.068767674
0.8114671,0.0,0.095081665
0.87500966,0.0,0.0
0.83769464,0.0,0.07381926
0.802657,0.0,0.13072462
0.7329046,0.0,0.0
0.29199114,0.0,0.0
0.64551014,0.0,0.14529727
0.7013043,0.0,0.11348519
0.31882268,0.0,0.3257381
0.20124152,0.0,0.37270457
0.28292274,0.0,0.7086451
0.3596255,0.0,0.4940469
0.2652144,0.0,0.52734184
0.47251436,0.0,0.39587712
0.8018587,0.0,0.23019691
0.58014494,0.0,0.281841
0.66921026,0.0,0.2719087
0.5440003,0.0,0.3487543
0.59644324,0.0,0.19800301
0.7930345,0.0,0.3825757
0.530846,0.0,0.66231036
0.8652342,0.0,0.30779254
0.8173733,0.0,0.21212287
0.7502474,0.0,0.121382855
0.81889987,0.0,0.18539771
0.5498835,0.0,0.33587456
0.44082922,0.0,0.06752426
0.52286214,0.0,0.04729901
0.95509815,0.0,0.049905434
0.6499239,0.0,0.013102807
0.7861632,0.0,0.040398568
0.80295277,0.0,0.102203116
0.7819127,0.0,0.10700435
0.8828321,0.0,0.002452223
0.67332846,0.0,0.21547683
0.32205826,0.0,0.47312576
0.81145483,0.0,0.54599005
0.91187865,0.0,0.12917104
0.751387,0.0,0.31617928
0.66521686,0.0,0.24343656
0.36499283,0.0,0.59890914
0.14764142,0.0,0.43668568
0.7128343,0.0,0.05841562
0.22734685,0.0,0.31911504
0.8773838,0.0,0.07017674
0.91819745,0.0,0.01830294
0.5611871,0.0,0.21047698
0.5961752,0.0,0.2820908
0.9014349,0.0,0.13622627
0.90034306,0.0,0.016917234
0.58559054,0.0,0.02121607
0.930253,0.0,0.0
0.90030557,0.0,0.04543716
0.7952801,0.0,0.003740442
0.44067374,0.0,0.00085992826
0.92402095,0.0,0.0
0.8075604,0.0,0.0017561837
0.38080323,0.0,0.0009127098
0.84888554,0.0,0.015547879
0.80896384,0.0,0.0008837937
0.74140674,0.0,0.0
0.69708186,0.0,0.0
0.55493504,0.0,0.082988895
0.67777026,0.0,0.08323626
0.59735787,0.0,0.0
0.73870677,0.0,0.18536167
0.5119597,0.0,0.2795888
0.60107565,0.0,0.70542336
0.68452126,0.0,0.6085917
0.70746356,0.0,0.45054027
0.82440346,0.0,0.3188173
0.56424177,0.0,0.16171654
0.39800733,0.0,0.546367
0.8599026,0.0,0.086028926
0.46212995,0.0,0.25620764
0.7261769,0.0,0.19503921
0.908295,0.0,0.0
0.8992349,0.0,0.015647441
0.57398975,0.0,0.3205362
0.463688,0.0,0.4535248
0.530087,0.0,0.35651055
0.8585882,0.0,0.08089225
0.38131052,0.0,0.5028266
0.3975153,0.0,0.6688345
0.5485965,0.0,0.6739937
0.6592334,0.0,0.045212843
0.27912343,0.0,0.29728302
0.8188476,0.0,0.2246863
0.23860691,0.0,0.63287824
0.25670344,0.0,0.29652587
0.808164,0.0,0.0022393838
0.49342006,0.0,0.3716581
0.18432458,0.0,0.47481155
0.7799224,0.0,0.06768268
0.8194567,0.0,0.014501842
0.7399277,0.0,0.16841826
0.27029604,0.0,0.49449784
0.39429986,0.0,0.39323345
0.29873577,0.0,0.70521295
0.5073953,0.0,0.32430616
0.80327445,0.0,0.18360268
0.7364599,0.0,0.06641565
0.52105445,0.0,0.5734036
0.78391963,0.0,0.21359272
0.6998215,0.0,0.1420533
0.16163002,0.0,0.7153807
0.69244415,0.0,0.18996018
0.8318145,0.0,0.0025490026
0.24664772,0.0,0.4106633
0.14587587,0.0,0.43498456
0.22751684,0.0,0.2228311
0.22025563,0.0,0.34720516
0.71253467,0.0,0.015018965
0.5582152,0.0,8.958586e-05
0.11786202,0.0,0.34447592
0.17983712,0.0,0.19109459
0.65800226,0.0,0.0034412201
0.3328439,0.0,0.0041497983
0.1645434,0.0,0.46664533
0.55457103,0.0,0.016909465
0.68319744,0.0,0.0
0.19173789,0.0,0.37648696
0.23973589,0.0,0.15464658
0.8655211,0.0,0.0
0.96623325,0.0,0.0414121
0.85965246,0.0,0.33594143
0.29277334,0.0,0.5645481
0.36566684,0.0,0.4793618
0.20947304,0.0,0.077258974
0.3429055,0.0,0.5195328
0.73407894,0.0,0.40984502
0.8696601,0.0,0.054785337
0.92076397,0.0,0.16963442
0.7859289,0.0,0.47600406
0.62280184,0.0,0.03509574
0.4366604,0.0,0.35440296
0.8890583,0.0,0.3684281
0.932628,0.0,0.00014011071
0.66037387,0.0,0.30199638
0.6553423,0.0,0.44822818
0.43203548,0.0,0.26171052
0.6739318,0.0,0.0014871791
0.3190797,0.0,0.24882574
0.34984392,0.0,0.41525504
0.50608957,0.0,0.02998421
0.43529734,0.0,0.24002002
0.4272447,0.0,0.57843095
0.19021189,0.0,0.48356435
0.3327633,0.0,0.3166876
0.27126685,0.0,1.0
0.822231,1.0,0.20600334
0.81769025,1.0,0.22684492
0.8926652,0.0,0.0046967333
0.6146989,1.0,0.12633601
0.8750985,0.0,0.010001079
0.4980636,0.0,0.09706325
0.8303055,0.0,0.019472789
0.71042526,0.0,0.25570217
0.77037656,0.0,0.3197104
0.6071495,0.0,0.55716777
0.8360991,0.0,0.40545925
0.7811187,0.0,0.0
0.6629403,0.0,0.26541898
0.7906109,0.0,0.036157694
0.8154879,0.0,0.0014402554
0.74017906,0.0,0.057071984
0.8420536,0.0,0.39476785
0.87460613,0.0,0.014297508
0.8249148,0.0,0.007150926
0.8579065,0.0,0.2647792
0.5035727,0.0,0.15333258
0.6293411,0.0,0.4742519
0.8133902,0.0,0.20941183
0.7562049,0.0,0.60725605
0.7664093,1.0,0.6786499
0.8455551,1.0,0.6126836
0.85540074,1.0,0.34797502
0.52066535,1.0,0.3849994
0.761042,1.0,0.096887805
0.40506896,1.0,0.49259683
0.76819485,0.0,0.13632976
0.65892947,0.0,0.5860283
0.7459126,0.0,0.63369584
0.73285294,0.0,0.088031776
0.28716582,1.0,0.36703795
0.8542994,0.0,0.0
0.7339938,1.0,0.2563769
0.83391637,0.0,0.025075046
0.91904044,1.0,0.33838817
0.84497553,1.0,0.07545581
0.8462343,1.0,0.4866696
0.4862377,1.0,0.29263496
0.7858501,1.0,0.30930066
0.62579036,0.0,0.42383108
0.59282637,0.0,0.43414015
0.48055086,0.0,0.53214025
0.49926046,0.0,0.32867685
0.6843982,0.0,0.0
0.6608631,1.0,0.09840183
0.7713227,0.0,0.003464071
0.83386976,1.0,0.047147885
0.9103771,0.0,0.0015268996
0.92782974,1.0,0.33273736
0.89178646,1.0,0.06903557
0.6868842,1.0,0.3679026
0.84982276,1.0,0.46220836
0.8499969,1.0,0.81886023
0.8223185,0.0,0.4935987
0.89815855,0.0,0.14943781
0.94681346,0.0,0.0065135914
0.8411069,0.0,0.024717983
0.8008388,0.0,0.4327896
0.8666964,0.0,0.0
0.87918,0.0,0.0
0.859257,0.0,0.28730348
0.7387094,1.0,0.45557883
0.9008048,0.0,0.043583278
0.9086585,0.0,0.0022116473
0.74017113,0.0,0.30327123
0.59036344,0.0,0.40562347
0.7878978,0.0,0.026245447
0.90818423,0.0,0.067363776
0.6618732,0.0,0.4555234
0.7777884,0.0,0.14236754
0.37534586,0.0,0.5758921
0.39437252,0.0,0.035566825
0.3408225,0.0,0.8046292
0.43530032,0.0,0.40750715
0.5924604,0.0,0.25407836
0.598018,0.0,0.5434158
0.5254827,0.0,0.40732965
0.72425824,0.0,0.12934774
0.7527009,0.0,0.05755203
0.48447663,0.0,0.4756495
0.43774056,0.0,0.46053725
0.4368972,0.0,0.5310018
0.84302604,0.0,0.019462312
0.49776563,0.0,0.3504909
0.8698737,0.0,0.031118855
0.1909347,0.0,0.34774098
0.87171113,0.0,0.03913985
0.4384966,1.0,0.3389697
0.8558615,0.0,0.0042305784
0.86701477,1.0,0.26335797
0.92456,1.0,0.34393448
0.9095372,0.0,0.0
0.81361073,0.0,0.24500135
0.9097194,0.0,0.012146227
0.7688525,0.0,0.77860343
0.9185166,0.0,0.4960608
0.90321225,0.0,0.14108965
0.81135833,0.0,0.29689148
0.59383917,0.0,0.509071
0.88833493,0.0,0.087948635
0.95391494,0.0,0.0
0.6652961,0.0,0.19986323
0.7438561,0.0,0.43075415
0.95085603,0.0,0.0
0.885266,0.0,0.0
0.15698233,0.0,0.40280977
0.8232618,0.0,0.3928231
0.86908287,0.0,0.14547835
0.6267768,0.0,0.5639647
0.82775235,0.0,0.03530915
0.16251379,0.0,0.63881946
0.6317986,0.0,0.092669815
0.4136787,0.0,0.38634402
0.5802724,0.0,0.098742425
0.5521654,0.0,0.45673358
0.6512754,0.0,0.40236732
0.83269674,1.0,0.48158938
0.8179656,1.0,0.51630384
0.85964346,1.0,0.3786694
0.937824,0.0,0.040588424
0.5836856,0.0,0.07620005
0.84875596,0.0,0.0
0.35768515,0.0,0.24335413
0.8245715,0.0,0.019147312
0.29000363,0.0,0.38465253
0.44444954,0.0,0.13217053
0.54323214,0.0,0.43565145
0.36137983,0.0,0.09793091
0.6242401,0.0,0.27704418
0.71193343,0.0,0.04839967
0.67728436,0.0,0.1796443
0.5499577,0.0,0.10155157
0.88890415,0.0,0.012307917
0.9146157,0.0,0.0001373348
0.72407657,0.0,0.0595771
0.8581707,0.0,0.028696422
0.9127394,0.0,0.0011150278
0.9467086,0.0,0.069972716
0.9300143,0.0,0.083382465
0.9616863,0.0,0.0
0.90709394,0.0,0.0027807988
0.94663566,0.0,0.29500738
0.8182778,0.0,0.2795008
0.9141016,0.0,0.027052393
0.88072526,0.0,0.5343169
0.8750439,0.0,0.7892976
0.7718692,0.0,0.4867813
0.7487095,0.0,0.49459863
0.9476794,0.0,0.12416414
0.8526572,0.0,0.66799796
0.79006416,0.0,0.47029015
0.64292926,0.0,0.12897865
0.8899272,0.0,0.043263517
0.72617763,0.0,0.55879027
0.8346593,0.0,0.68702745
0.93975276,0.0,0.06769889
0.93780506,0.0,0.12531821
0.58828974,0.0,0.612211
0.71541643,0.0,0.6121245
0.6264648,0.0,0.028048044
0.8484457,0.0,0.6600711
0.56833017,0.0,0.13182828
0.5525643,0.0,0.2921755
0.57698095,0.0,0.5885557
0.7967369,0.0,0.45675558
0.86906236,0.0,0.07707355
0.7458326,0.0,0.53483635
0.089176916,0.0,0.51006746
0.44851068,0.0,0.35174882
0.13779087,0.0,0.18698733
0.2180008,0.0,0.19780675
0.47086072,0.0,0.05328137
0.1754375,0.0,0.38898286
0.50832576,0.0,0.44440228
0.6807529,0.0,0.1045941
0.46696204,0.0,0.45289108
0.7172414,0.0,0.0939498
0.48723257,0.0,0.110462405
0.46758753,0.0,0.65848756
0.10631556,0.0,0.5633915
0.6242032,0.0,0.20326638
0.06837023,0.0,0.3304316
0.42369327,0.0,0.06835405
0.21277124,0.0,0.110029265
0.31881744,0.0,0.010901788
0.35559267,0.0,0.0
0.80076647,0.0,0.07120828
0.41996393,0.0,0.070293896
0.46632776,0.0,0.38300294
0.63470525,0.0,0.18092038
0.24448092,0.0,0.43481937
0.23971489,0.0,0.70759916
0.3148999,0.0,0.1289998
0.2234882,1.0,0.2969795
0.0793324,0.0,0.1557325
0.11307855,0.0,0.124935836
0.21939321,0.0,0.020614296
0.86246216,0.0,0.0007554017
0.31436324,0.0,0.0062206513
0.90212715,0.0,0.026398815
0.8353542,0.0,0.03816754
0.90906525,0.0,0.01596119
0.32349023,0.0,0.17582181
0.4297241,0.0,0.018346386
0.6072541,0.0,0.34368116
0.22956209,0.0,0.50405794
0.049168497,0.0,0.33427423
0.38126117,0.0,0.17706203
0.072788715,0.0,0.349013
0.023645071,0.0,0.28966874
0.28648475,0.0,0.039309304
0.4642533,0.0,0.051688343
0.59678066,0.0,0.004111069
0.9407709,0.0,0.04671131
0.8466346,0.0,0.0089992145
0.9525518,0.0,0.0078034136
0.93488467,0.0,0.0067766435
0.9075213,0.0,0.052718613
0.9596259,0.0,0.033199195
0.9823209,1.0,0.33262473
0.96642613,0.0,0.005874748
0.9625365,0.0,0.0
0.91000867,1.0,0.16907276
0.9731064,0.0,0.0009232939
0.95147055,0.0,0.0022074385
0.9900647,0.0,0.0073453668
0.98312783,0.0,0.16195224
0.9913521,0.0,0.0
0.97920805,0.0,0.011140446
0.9795014,0.0,0.019001953
0.9817717,0.0,0.09166021
0.93283796,0.0,0.047735427
0.8703051,0.0,0.023429606
0.9464558,0.0,0.02120007
0.8290811,0.0,0.042585038
0.8935641,0.0,0.019591438
0.76981664,0.0,0.21142945
0.86287344,0.0,0.068437845
0.26437384,0.0,0.06420373
0.5033876,0.0,0.79300845
0.1805863,0.0,0.44814107
0.75631905,0.0,0.24137147
0.02275243,0.0,0.48414385
0.502425,0.0,0.2398291
0.6311005,0.0,0.40254366
0.6174654,0.0,0.55490255
0.7804381,0.0,0.14381729
0.17533727,0.0,0.6732388
0.4828336,0.0,0.29046506
0.5431285,0.0,0.008086688
0.911128,0.0,0.04296073
0.4701227,0.0,0.010095772
0.38913587,0.0,0.20402086
0.2576703,0.0,0.2681704
0.34701008,0.0,0.0072633172
0.2033186,0.0,0.0039429995
0.86977434,0.0,0.04877083
0.5964948,0.0,0.0014873766
0.90595,0.0,0.019424397
0.88076836,0.0,0.0
0.7896395,0.0,0.0
0.92991984,0.0,0.0104564885
0.8635593,0.0,0.0073381457
0.6207906,0.0,0.00971208
0.86913043,0.0,0.299597
0.7959221,0.0,0.00035477598
0.85272187,0.0,0.106123984
0.91313046,0.0,0.021718426
0.699302,0.0,0.015466524
0.93499136,0.0,0.23752995
0.63319683,0.0,0.13127181
0.4796066,1.0,0.6721433
0.5145385,1.0,0.60410553
0.30578294,1.0,0.40971282
0.31960407,1.0,0.45546874
0.77196074,0.0,0.07415257
0.8330297,1.0,0.2933507
0.6450682,0.0,0.24723504
0.7953749,0.0,0.0
0.77077246,0.0,0.43305743
0.31851938,0.0,0.28006712
0.8378793,0.0,0.008905997
0.80337924,0.0,0.0037031593
0.08199335,0.0,0.46223724
0.6439966,0.0,0.08031081
0.88879794,0.0,0.0658128
0.57368016,0.0,0.03584003
0.30463243,0.0,0.3430285
0.8899852,0.0,0.0034094802
0.8949642,0.0,0.036460623
0.4164867,0.0,0.2329828
0.16425116,0.0,0.24639186
0.6587941,0.0,0.004727354
0.89091426,0.0,0.010003578
0.19067116,0.0,0.36948758
0.17209543,0.0,0.53125226
0.60185957,0.0,0.17846948
0.25807473,0.0,0.3757144
0.15870078,0.0,0.3937122
0.6516215,0.0,0.042871546
0.3359538,0.0,0.26954666
0.16681458,0.0,0.5968984
0.11743348,0.0,0.6409704
0.2046626,0.0,0.6245138
0.5419401,0.0,0.03746572
0.097462386,0.0,0.28026918
0.8607159,0.0,0.0109887365
0.59127134,0.0,0.0033425852
0.92079043,0.0,0.055083286
0.8880524,0.0,0.015019025
0.9244078,0.0,0.0
0.8137327,0.0,0.041133914
0.9328912,1.0,0.11049552
0.97890157,1.0,0.027233586
0.9075633,0.0,0.0
0.6910128,0.0,0.0
0.6224064,0.0,0.0
0.9798741,0.0,0.0
0.97549653,0.0,0.006805758
0.86975396,0.0,0.013287476
0.52666295,0.0,0.09894674
0.92912287,0.0,0.023886772
0.4099042,0.0,0.0030523334
0.21084948,0.0,0.2449758
0.23259822,0.0,0.1539204
0.86377174,0.0,0.047577236
0.57064617,0.0,0.15045981
0.12012069,0.0,0.5304834
0.07781536,0.0,0.23085125
0.02920014,0.0,0.78732854
0.118286744,0.0,0.6618022
0.07775461,0.0,0.25543228
0.12203748,0.0,0.30241647
0.47520813,0.0,0.030939927
0.1670827,0.0,0.53765726
0.788969,0.0,0.09708491
0.082799315,0.0,0.20496619
0.4708864,0.0,0.0
0.8979585,0.0,0.011323904
0.81651604,0.0,0.025746042
0.948113,0.0,0.01006381
0.8887124,0.0,0.01733486
0.9045716,0.0,0.004074127
0.91234905,0.0,0.0
0.92003405,1.0,0.0636363
0.9575058,0.0,0.00067667075
0.59753555,0.0,0.031322043
0.9141387,0.0,0.0
0.27069592,0.0,0.20000884
0.35177392,0.0,0.17966333
0.8995609,0.0,0.03048284
0.6852272,0.0,0.008891748
0.32531384,0.0,0.2259672
0.6734087,0.0,0.25114188
0.9679073,1.0,0.024052246
0.5343981,0.0,0.091966026
0.42091236,0.0,0.15346473
0.95159376,0.0,0.02377889
0.752134,0.0,0.0025056237
0.34176725,0.0,0.14460595
0.23711908,0.0,0.3327524
0.28772146,0.0,0.4843497
0.33715326,0.0,0.08205635
0.36565518,0.0,0.5275429
0.5583928,0.0,0.25088382
0.21120632,0.0,0.6105872
0.20788944,0.0,0.41868174
0.43481052,0.0,0.14696962
0.54861134,0.0,0.02391394
0.4800682,0.0,0.5233065
0.08077658,0.0,0.54150856
0.21603651,0.0,0.68186533
0.3026523,0.0,0.17304145
0.080277264,0.0,0.05080322
0.28190798,0.0,0.40873173
0.35696888,0.0,0.40640798
0.73295206,0.0,0.0015965106
0.48215556,0.0,0.5114618
0.4830192,0.0,0.58522165
0.85702294,0.0,0.12544721
0.6685173,0.0,0.14094822
0.19840622,0.0,0.72336924
0.8241529,1.0,0.58040905
0.6096144,0.0,0.00029652184
0.4903546,0.0,0.13741297
0.5527118,0.0,0.37680572
0.94263524,1.0,0.12759727
0.8892537,0.0,0.0
0.2798052,0.0,0.4044606
0.6746046,0.0,0.27767754
0.9077207,0.0,0.0
0.8034562,0.0,0.089608304
0.14735045,0.0,0.62221164
0.687119,0.0,0.41176602
0.6309951,0.0,0.43154258
0.5801491,0.0,0.26268172
0.4543773,1.0,0.39534304
0.8188092,1.0,0.7483451
0.700215,0.0,0.09247582
0.6150102,0.0,0.0
0.800818,1.0,0.1184076
0.77316403,1.0,0.3435035
0.8370409,0.0,0.0
0.96412724,1.0,0.00786387
0.888102,1.0,0.47145352
0.72177106,1.0,0.28865656
0.7161559,0.0,0.0
0.9440502,1.0,0.14665218
0.8025271,1.0,0.4641312
0.34379497,0.0,0.13165565
0.8780946,0.0,0.003218778
0.96025413,1.0,0.13619328
0.4997311,1.0,0.24721229
0.4231875,0.0,0.09052806
0.9148311,0.0,0.0
0.91809124,1.0,0.46834528
0.46875682,1.0,0.70391333
0.5194607,0.0,0.3246824
0.20725419,0.0,0.09214066
0.69592845,0.0,0.27651572
0.68730855,0.0,0.002626126
0.6817854,1.0,0.11503274
0.9075132,1.0,0.23034246
0.5213085,0.0,0.0
0.681678,0.0,0.030386629
0.21945164,0.0,0.33409888
0.056132764,0.0,0.35107827
0.2149582,0.0,0.5713615
0.48833758,1.0,0.114048935
0.41584194,0.0,0.62710667
0.47831598,0.0,0.7231788
0.63023067,0.0,0.8015168
0.7075838,1.0,0.6633167
0.8210673,1.0,0.4503372
0.49147746,1.0,0.21788995
0.8950239,0.0,0.051880915
0.7045378,0.0,0.56102777
0.92224026,0.0,0.3644333
0.890369,0.0,0.18339813
0.36361423,0.0,0.41323167
0.54008913,0.0,0.16910744
0.8291137,0.0,0.023139805
0.38464192,0.0,0.12896211
0.17352806,0.0,0.3179666
0.6795095,0.0,0.0030480009
0.9082572,0.0,0.052665133
0.5255076,0.0,0.23090133
0.15924577,0.0,0.13656452
0.13535562,0.0,0.58940977
0.37180957,0.0,0.39206144
0.73570997,0.0,0.027025606
0.22127932,0.0,0.14932784
0.0515745,0.0,0.48666143
0.31022874,0.0,0.092983484
0.69196165,0.0,0.04479897
0.23064192,0.0,0.34936592
0.46989042,0.0,0.13439731
0.1694828,0.0,0.34785742
0.22887656,0.0,0.18515363
0.23703136,0.0,0.7065274
0.24018596,0.0,0.5840585
0.8731034,0.0,0.0043254914
0.43992677,1.0,0.4647102
0.91760045,0.0,0.24196579
0.949158,0.0,0.33706757
0.7355311,1.0,0.18431728
0.9728281,1.0,0.6905966
0.6718148,1.0,0.33157593
0.710294,0.0,0.03303987
0.8694007,1.0,0.26727888
0.90551484,1.0,0.38213548
0.6467911,1.0,0.18305275
0.9377893,0.0,0.0
0.98138016,1.0,0.20359093
0.9684709,1.0,0.47587222
0.88189685,1.0,0.21600796
0.88814586,0.0,0.002879122
0.9055384,0.0,5.0261347e-06
0.91511697,1.0,0.1420552
0.97948086,0.0,0.0
0.26729536,0.0,0.12607543
0.3796781,0.0,0.09061199
0.721564,0.0,0.0942267
0.2461576,0.0,0.17254882
0.31452614,0.0,0.48069465
0.37128657,0.0,0.101288006
0.606466,0.0,0.0061694924
0.34075484,0.0,0.16728663
0.09853481,0.0,0.44398275
0.7180487,0.0,0.016671324
0.70190233,0.0,0.0
0.2363832,0.0,0.35699007
0.1902412,0.0,0.49722466
0.16096573,0.0,0.4554999
0.5015577,0.0,0.050822917
0.22140351,0.0,0.10851677
0.67624474,0.0,0.012569681
0.8576558,0.0,0.0
0.78534216,0.0,0.0013686321
0.74954313,0.0,0.010095222
0.8208645,0.0,0.0
0.85691845,0.0,0.0
0.55633485,0.0,0.026305227
0.33337805,0.0,0.04735362
0.91207457,0.0,0.0
0.47273907,0.0,0.00257616
0.93557066,1.0,0.27226612
0.9531544,1.0,0.035717495
0.8975783,0.0,0.024279881
0.6423993,0.0,0.07769328
0.92099625,0.0,0.07531905
0.8968004,0.0,0.017464848
0.8515292,0.0,0.0018354306
0.1609085,0.0,0.31776017
0.38481584,0.0,0.11466902
0.91540104,0.0,0.008683709
0.6543002,0.0,0.014424909
0.17150408,0.0,0.23481801
0.30458075,0.0,0.5813236
0.5689279,0.0,0.042731725
0.18335931,0.0,0.4859496
0.3321698,0.0,0.040546294
0.06538509,0.0,0.3716795
0.53690284,0.0,0.24629572
0.08224074,0.0,0.36722073
0.038992103,0.0,0.30371416
0.050455477,0.0,0.33001283
0.6498474,0.0,0.016071275
0.1631735,0.0,0.49617466
0.05833676,0.0,0.59180325
0.16677502,0.0,0.14500663
0.02251545,0.0,0.3653416
0.3686374,0.0,0.52815914
0.41781655,0.0,0.6400009
0.10365249,0.0,0.5296003
0.80229825,0.0,0.03542396
0.109253526,0.0,0.44256383
0.64540094,0.0,0.0018303286
0.20194691,0.0,0.41027084
0.5179424,0.0,0.47988972
0.48100138,0.0,0.31874797
0.074041404,0.0,0.6088521
0.2727516,0.0,0.5424078
0.05931284,0.0,0.46297312
0.6356192,0.0,0.014998105
0.53211904,0.0,0.0
0.35622025,0.0,0.22879581
0.30615184,0.0,0.03343606
0.09685649,0.0,0.07384787
0.10413487,0.0,0.20639338
0.30390683,0.0,0.19446446
0.023279967,0.0,0.495236
0.090239026,0.0,0.11513508
0.684142,0.0,0.00012969278
0.20839578,0.0,0.0
0.73627824,0.0,0.027677635
0.37753174,0.0,0.0
0.25613913,0.0,0.14509933
0.6412043,0.0,0.011071173
0.09760506,0.0,0.22115114
0.22153376,0.0,0.4299913
0.8608115,0.0,0.0
0.6699923,0.0,0.00022694569
0.51783806,0.0,0.03598961
0.97932315,0.0,0.11675811
0.8751683,0.0,0.010375379
0.9719291,0.0,0.014716669
0.9770851,0.0,0.26247552
0.9917402,0.0,0.16479596
0.58461696,0.0,0.18913598
0.59832174,0.0,0.17998488
0.26153025,0.0,0.25917092
0.6371965,0.0,0.11479435
0.7155332,0.0,0.0084026875
0.4429062,0.0,0.0659221
0.41539255,0.0,0.010261849
0.85191184,0.0,0.0019523005
0.8658906,0.0,0.018215751
0.511514,0.0,0.14056718
0.27256024,0.0,0.20738633
0.87786525,0.0,0.0
0.76389295,0.0,0.027495094
0.4968593,0.0,0.3678831
0.25407776,0.0,0.50158113
0.2103378,0.0,0.4536179
0.6479621,0.0,0.21131207
0.5992539,0.0,0.3365589
0.6151563,0.0,0.19469441
0.37408748,0.0,1.0
0.56772107,0.0,0.28553477
0.32969686,0.0,0.5177248
0.65170556,0.0,0.18767543
0.19602011,0.0,0.47727275
0.40123802,0.0,0.15450943
0.5189358,1.0,0.33738598
0.49134377,1.0,0.62231165
0.56532276,1.0,0.7241093
0.76989996,0.0,0.059029788
0.4237797,0.0,0.33698434
0.5453575,1.0,0.36068106
0.9051064,1.0,0.20221826
0.8884823,0.0,0.050964814
0.3812737,0.0,0.6809854
0.32049602,1.0,0.5425843
0.9157819,1.0,0.21860395
0.38292053,0.0,0.29560986
0.7544223,0.0,0.026109593
0.42349178,0.0,0.4650046
0.30740878,0.0,0.41525912
0.05550786,0.0,0.5195224
0.16786957,0.0,0.2197796
0.71781534,0.0,0.003534628
0.08577641,0.0,0.4580926
0.16905805,0.0,0.4999324
0.8746718,0.0,0.157966
0.65556896,0.0,0.039972432
0.28482142,0.0,0.60368055
0.17335199,0.0,0.72524196
0.41023967,0.0,0.27854973
0.30283907,0.0,0.5666225
0.31314254,0.0,0.30082172
0.65305084,0.0,0.072388
0.23250559,0.0,0.35160863
0.5089813,1.0,0.015981644
0.26439118,1.0,0.36854807
0.4755174,1.0,0.02084558
0.15905328,1.0,0.55927277
0.6058437,1.0,0.25807056
0.43064207,0.0,0.35470706
0.35016486,0.0,0.4784544
0.19499993,1.0,0.7807026
0.25575083,1.0,0.56900895
0.5499646,1.0,0.007614392
0.6932725,1.0,0.5223131
0.41029406,1.0,0.7950139
0.3821812,0.0,0.31914765
0.7515416,1.0,0.4748194
0.81524426,0.0,0.72086996
0.544336,0.0,0.113232225
0.800605,0.0,0.1018348
0.7199474,0.0,0.5553021
0.7933197,0.0,0.059557788
0.4365815,0.0,0.47975615
0.8097918,0.0,0.014608301
0.31804186,0.0,0.1159236
0.9190739,0.0,0.0
0.43500713,0.0,0.08497653
0.66895294,0.0,0.17456484
0.054514606,0.0,0.34230694
0.56684285,0.0,0.5287697
0.5131751,0.0,0.18117577
0.18344693,0.0,0.47488293
0.7586727,0.0,0.0046632807
0.59232444,0.0,0.0
0.9206704,1.0,0.0
0.25495204,0.0,0.017158367
0.6530947,0.0,0.0032687932
0.55689365,0.0,0.42968127
0.40972167,0.0,0.5873241
0.39638993,0.0,0.14218149
0.33499694,0.0,0.050052714
0.32581988,0.0,0.13020773
0.67452246,0.0,0.0028623103
0.7890712,1.0,0.17914736
0.859346,1.0,0.18626752
0.6250893,0.0,0.007496588
0.40664697,0.0,0.00018315032
0.23185778,1.0,0.13892582
0.22365098,0.0,0.25904116
0.33850977,1.0,0.49813285
0.5467026,1.0,0.3248729
0.3848295,1.0,0.9239642
0.7324337,1.0,0.5061592
0.8489029,1.0,0.266818
0.5925978,1.0,0.8084576
0.6035711,1.0,0.20387958
0.44575334,1.0,0.12533318
0.2329887,1.0,0.7168482
0.47196788,1.0,0.5357363
0.65319955,0.0,0.05273094
0.24610162,0.0,0.49770385
0.5491567,0.0,0.30401576
0.4169784,0.0,0.53616357
0.35655665,0.0,0.7192304
0.14293848,0.0,1.0
0.15707955,0.0,1.0
0.15605174,0.0,0.66964483
0.3285492,0.0,0.47747198
0.1249845,0.0,0.5515007
0.322781,0.0,0.4143425
0.12160234,0.0,0.3985587
0.100713655,0.0,0.45673934
0.17949687,0.0,0.43636796
0.40387017,0.0,0.6279837
0.11674063,0.0,0.47009367
0.12382841,0.0,0.335563
0.20862614,0.0,0.44040003
0.33800086,0.0,0.6168521
0.12005377,0.0,0.16962625
0.52573544,0.0,0.20791826
0.38259074,0.0,0.4366172
0.518794,0.0,0.36359066
0.7266881,0.0,0.0
0.55987906,0.0,0.17467812
0.3571777,0.0,0.59084934
0.20084761,0.0,0.35955587
0.5507163,0.0,0.0
0.58642036,0.0,0.28732732
0.6786675,0.0,0.65108764
0.13547009,0.0,0.2386597
0.6776973,0.0,0.1480152
0.26717603,0.0,0.32486358
0.08659802,0.0,0.5618586
0.7510709,0.0,0.0
0.77171934,0.0,0.0302437
0.22411734,0.0,0.46456796
0.46364948,0.0,0.16033633
0.66530454,0.0,0.00046234205
0.29973152,0.0,0.24870037
0.1816161,0.0,0.51248103
0.3022645,0.0,0.21246253
0.112183265,0.0,0.64251596
0.79747736,0.0,0.11918092
0.5914505,0.0,0.10040918
0.03792113,0.0,0.52762836
0.41002628,0.0,0.45362994
0.058990743,0.0,0.30776024
0.4277956,0.0,0.3082516
0.033624582,0.0,0.28026006
0.04540597,0.0,0.23403166
0.7843694,0.0,0.0
0.45679525,0.0,0.0
0.22907472,0.0,0.4442416
0.68963325,0.0,0.093629874
0.68201774,0.0,0.0058585936
0.5336657,0.0,0.35705155
0.37038547,0.0,0.64598066
0.84570056,0.0,0.18154891
0.69978917,0.0,0.42999354
0.53258413,0.0,0.5505536
0.7420266,0.0,0.07968544
0.28047976,0.0,0.37725374
0.30490896,0.0,0.24901502
0.53256553,0.0,0.37025076
0.47900644,0.0,0.03601242
0.83508307,0.0,0.0075877905
0.85059637,0.0,0.0
0.78049123,0.0,0.31686482
0.7067537,0.0,0.0040956708
0.87005126,0.0,0.000905892
0.92097765,0.0,0.0072218473
0.6163328,0.0,0.322887
0.7653357,1.0,0.60090286
0.18258105,0.0,0.4529406
0.11251715,0.0,0.69747615
0.76931727,0.0,0.21830316
0.48723295,0.0,0.0
0.48247814,0.0,0.31893536
0.039195374,0.0,0.2945852
0.49844807,0.0,0.0
0.84263515,0.0,0.038226813
0.16827609,0.0,0.5186301
0.10278905,0.0,0.09460786
0.6359849,0.0,0.0002550048
0.5222481,0.0,0.009414068
0.22146149,0.0,0.2852728
0.4117706,0.0,0.21522847
0.6472977,0.0,0.009066601
0.26613888,0.0,0.45731008
0.6923354,0.0,0.019239496
0.1625363,0.0,0.4868759
0.28534928,0.0,0.6960274
0.42328987,0.0,0.2473059
0.10945551,0.0,0.19561785
0.6264991,0.0,0.0061419113
0.2866624,0.0,0.003966386
0.45420355,0.0,0.38865405
0.8595343,0.0,0.0
0.8573349,0.0,0.0
0.6816,0.0,0.1776398
0.30814743,0.0,0.28101566
0.83050287,0.0,0.0003086954
0.9502898,1.0,0.018097946
0.79143155,0.0,0.35004166
0.45602494,0.0,0.1193023
0.8766997,0.0,0.004184561
0.6869479,1.0,0.40958932
0.8846635,1.0,0.23545514
0.772814,1.0,0.054219797
0.8531928,1.0,0.71244735
0.84896535,1.0,0.44873527
0.83550364,1.0,0.59160745
0.70550567,1.0,0.4984808
0.7584631,0.0,0.20186749
0.987377,1.0,0.16514957
0.9352524,1.0,0.21371162
0.7917848,0.0,0.18522933
0.9468995,0.0,0.00063363335
0.9467166,0.0,0.0
0.6760707,1.0,0.2947105
0.49785295,0.0,0.18677074
0.96486527,0.0,0.0
0.89072186,0.0,0.0
0.498578,0.0,0.38590732
0.5630457,0.0,0.23262872
0.783169,0.0,0.009310325
0.8145089,0.0,0.114472784
0.15684317,0.0,0.72501975
0.14129287,0.0,0.099645115
0.4843681,0.0,0.7043876
0.18952781,0.0,0.6325336
0.5929933,0.0,0.4019481
0.86748487,0.0,0.04920655
0.4614556,0.0,0.48533693
0.4540455,0.0,0.30807617
0.16984558,0.0,0.21795493
0.66915077,1.0,0.5096769
0.30668467,0.0,0.022311613
0.8857026,0.0,0.0
0.95547575,1.0,0.19242461
0.9502832,1.0,0.39326108
0.7461206,0.0,0.0
0.93304384,0.0,0.0
0.95137703,1.0,0.18482633
0.9624044,1.0,0.09335375
0.44456574,0.0,0.0
0.9702744,1.0,0.13915567
0.9209887,1.0,0.48488566
0.7318964,0.0,0.012520695
0.69939166,1.0,0.11996396
0.80716914,1.0,0.3718537
0.6784612,1.0,0.11794567
0.72419757,0.0,0.03861851
0.74320364,1.0,0.25921935
0.60247374,1.0,0.29880896
0.15874842,1.0,0.7235463
0.445957,1.0,0.6442571
0.7637344,1.0,0.19058971
0.40426198,1.0,0.7105768
0.17950028,1.0,0.6568738
0.21976332,0.0,0.35295346
0.8919291,1.0,0.13441922
0.29744372,0.0,0.32370514
0.46979484,0.0,0.21621743
0.06902466,0.0,0.6130795
0.32081625,1.0,0.54772437
0.9208077,0.0,0.009357936
0.66451514,0.0,0.11101033
0.5429454,0.0,0.41737053
0.8640517,1.0,0.4316483
0.88807505,1.0,0.022179065
0.8976705,1.0,0.38210386
0.6254226,1.0,0.52486223
0.93627715,1.0,0.23818044
0.94079334,0.0,0.10161804
0.92437714,0.0,0.48044893
0.78908557,0.0,0.8432988
0.38975894,0.0,0.29804432
0.9462571,0.0,0.42373073
0.84583354,0.0,0.13157758
0.19675225,0.0,0.39624146
0.15973146,0.0,0.41714168
0.12903526,0.0,0.5138955
0.754458,0.0,0.15794311
0.9042244,0.0,0.0
0.31869173,0.0,0.42597252
0.4136334,0.0,0.37961346
0.8655959,0.0,0.0026886435
0.5852306,0.0,0.0702145
0.2114555,0.0,0.30386955
0.83143157,0.0,0.21760356
0.88818455,0.0,0.0
0.32755437,0.0,0.37179568
0.14617567,0.0,0.6217543
0.18474972,0.0,0.4569485
0.7271846,0.0,0.40071267
0.8504216,1.0,0.066276364
0.41373104,1.0,0.60429496
0.87957144,1.0,0.36883023
0.677735,1.0,0.32155
0.6282945,0.0,0.5072932
0.8830145,0.0,0.09298214
0.90596646,0.0,0.0
0.8790205,0.0,0.09027319
0.5807904,0.0,0.008375504
0.53975606,0.0,0.39653268
0.519695,0.0,0.0
0.44607309,0.0,0.42460704
0.28942978,1.0,0.21368818
0.56327647,0.0,0.1224817
0.52169764,0.0,0.7927616
0.35524827,0.0,0.73412484
0.68195206,0.0,0.27818382
0.3492696,0.0,0.20963939
0.6244007,0.0,0.032474548
0.5789302,0.0,0.0058854865
0.8042,0.0,0.07121507
0.8161668,0.0,0.0050227726
0.19700389,0.0,0.3939318
0.7973489,0.0,0.008127052
0.289692,0.0,0.22403026
0.5795898,0.0,0.73224616
0.44160247,0.0,0.8200751
0.5901918,0.0,0.12460435
0.45743573,0.0,0.12586226
0.85260963,0.0,0.0064184177
0.9158419,0.0,0.00776132
0.9565906,0.0,0.0026866214
0.8409727,0.0,0.011128532
0.65560246,0.0,0.0
0.69168824,0.0,0.08800763
0.6777265,0.0,0.028190976
0.34620744,0.0,0.18034911
0.80566,0.0,0.06416977
0.5541436,0.0,0.00954234
0.841793,0.0,0.011469441
0.8206303,0.0,0.029284777
0.5717994,0.0,0.21546942
0.39043164,0.0,0.29599914
0.3550844,0.0,0.6202716
0.17300156,0.0,0.77995104
0.2291019,0.0,0.77187985
0.3819864,0.0,0.27844197
0.28583318,0.0,0.59309536
0.43075907,0.0,0.49679244
0.3407641,0.0,0.10481466
0.46368414,0.0,0.7910273
0.701863,0.0,0.0950362
0.31878182,0.0,0.44276786
0.6453584,0.0,0.12408576
0.69228333,0.0,0.5111218
0.49989536,0.0,0.13196011
0.68127066,0.0,0.66476715
0.33677223,0.0,0.22007807
0.4047433,0.0,0.019757409
0.42194486,0.0,0.5404273
0.6148345,0.0,0.39541867
0.7714019,0.0,0.061481506
0.6170618,0.0,0.21632391
0.69355184,0.0,0.42845595
0.857277,0.0,0.25192276
0.7842515,0.0,0.5773381
0.7023995,0.0,0.11418938
0.63467675,0.0,0.5534724
0.42441052,0.0,0.8185822
0.3894848,0.0,0.18036467
0.71002924,0.0,0.61322796
0.41597638,0.0,0.37411296
0.4705272,0.0,0.5841532
0.46618173,0.0,0.72573787
0.23341405,0.0,0.6454973
0.3048387,0.0,0.8423085
0.67385477,0.0,0.71165115
0.7253887,0.0,0.048132665
0.71802974,0.0,0.30850902
0.8921811,0.0,0.0
0.80234325,0.0,0.09310113
0.87793183,0.0,0.00035438736
0.87805194,0.0,0.17429918
0.72787595,0.0,0.0028020302
0.9095292,0.0,0.08940846
0.8961004,0.0,0.41072825
0.7574911,0.0,0.4044942
0.5718143,0.0,0.3091799
0.4414706,0.0,0.35484695
0.53454274,0.0,0.14192016
0.41238552,0.0,0.12041738
0.35276255,0.0,0.46067286
0.597153,0.0,0.07020676
0.3403994,0.0,0.27402732
0.7361102,0.0,0.019609658
0.85221595,0.0,0.011975921
0.3995046,0.0,0.5517415
0.7560634,0.0,0.17228048
0.60049,0.0,0.46888223
0.85750854,0.0,0.0030514565
0.3149114,0.0,0.3104629
0.9259777,0.0,0.108551085
0.110786006,0.0,0.2571949
0.71301955,0.0,0.07416196
0.53348184,0.0,0.014060996
0.158855,0.0,0.55291444
0.21134424,0.0,0.2532153
0.24493822,0.0,0.18737759
0.12154308,0.0,0.6310641
0.42680815,0.0,0.48580602
0.47975695,0.0,0.5328052
0.60552377,0.0,0.3665363
0.43456766,0.0,0.5732587
0.56109643,0.0,0.12042722
0.70918226,0.0,0.37220648
0.5962929,0.0,0.009165302
0.7133128,0.0,0.2714864
0.7141914,0.0,0.030646134
0.78361654,0.0,0.12173461
0.7885976,0.0,0.016592301
0.94040406,0.0,9.765219e-05
0.4729206,0.0,0.1417113
0.80432457,0.0,0.065196656
0.47406578,0.0,0.30642405
0.5208104,0.0,0.5712484
0.40880612,0.0,0.6016732
0.7926885,0.0,0.008742858
0.880735,0.0,0.21927069
0.5867309,0.0,0.516375
0.8359143,0.0,0.39374456
0.8832725,0.0,0.073994786
0.8700469,0.0,0.037892647
0.50459826,0.0,0.81992394
0.73663247,0.0,0.5332755
0.7277386,0.0,0.042922053
0.86037314,0.0,0.17775533
0.8694406,0.0,0.0
0.83233184,0.0,0.0139817055
0.9458836,0.0,0.0
0.9442092,0.0,0.0
0.93171424,0.0,0.0
0.93086666,0.0,0.0102708135
0.86021775,0.0,0.26205558
0.90820146,0.0,0.048778027
0.74902564,0.0,0.28372812
0.8610933,0.0,0.048986305
0.88696337,0.0,0.0
0.9343202,0.0,0.0071505373
0.8564704,0.0,0.0067051267
0.5683926,0.0,0.14569026
0.91879535,0.0,0.059977006
0.70406276,0.0,0.0008502454
0.6867647,0.0,0.1012566
0.7222427,0.0,0.5389928
0.7825792,0.0,0.36728546
0.84031254,0.0,0.20616403
0.17863978,0.0,0.7804621
0.71602637,0.0,0.216119
0.6676087,0.0,0.16239725
0.70472807,0.0,0.15707237
0.9102131,0.0,0.14795287
0.9192111,0.0,0.0039399522
0.9879551,0.0,0.059441715
0.87413555,0.0,0.0016870826
0.9647051,0.0,0.0
0.9462351,0.0,0.0014036401
0.9756798,0.0,0.0
0.91123295,1.0,0.43583858
0.7979852,1.0,0.40383708
0.7240886,1.0,0.46583083
0.8128891,1.0,0.4509703
0.77892417,0.0,0.020612897
0.62873083,0.0,0.07013211
0.8112533,0.0,0.00027685077
0.90670323,0.0,0.029509615
0.7644446,0.0,0.0004119856
0.9111816,0.0,0.047855664
0.8576053,0.0,0.1659736
0.9337853,0.0,0.3369269
0.9313134,0.0,0.7468752
0.8610315,0.0,0.2034686
0.8461671,0.0,0.08471724
0.899528,0.0,0.06590506
0.86428416,1.0,0.52323335
0.88866013,1.0,0.5045595
0.83915305,1.0,0.20094639
0.83750093,0.0,0.04624184
0.7913841,1.0,0.62884307
0.8252877,1.0,0.6411328
0.8740293,0.0,0.0930522
0.5375321,1.0,0.22685711
0.7326667,0.0,0.20186749
0.6843605,0.0,0.0077767423
0.4787881,0.0,0.41623437
0.8742936,0.0,0.10994143
0.28837794,0.0,0.18363616
0.34906662,0.0,0.5861724
0.76875854,0.0,0.34830564
0.62694585,0.0,0.81136125
0.64028245,0.0,0.7584706
0.9277461,0.0,0.16687775
0.7654078,0.0,0.100875266
0.88524085,0.0,0.06697334
0.8593209,0.0,0.019356353
0.9097918,0.0,0.06484988
0.80816996,0.0,0.00021972154
0.46265945,0.0,0.012058233
0.8103148,0.0,0.009230581
0.13519372,0.0,0.36607674
0.49338636,0.0,0.14527197
0.8870967,0.0,0.0014320347
0.18160917,0.0,0.17020857
0.4149588,0.0,0.026556002
0.2618277,0.0,0.31950593
0.04662736,0.0,0.74924225
0.15642649,0.0,0.52817154
0.24979655,0.0,0.5261659
0.3797121,0.0,0.010042818
0.17229567,0.0,0.66017884
0.21695013,0.0,0.20790909
0.1412461,0.0,0.4588833
0.10756482,0.0,0.8104255
0.51921177,0.0,0.5606907
0.603857,0.0,0.045727003
0.6004125,0.0,0.11555478
0.33646134,0.0,0.3695092
0.500687,0.0,0.46079928
0.32136363,0.0,0.009410834
0.84784776,0.0,0.10497138
0.86706704,0.0,0.004868212
0.8324711,0.0,0.110004745
0.63243824,0.0,0.0
0.9606783,0.0,0.037980553
0.6957591,0.0,0.013783102
0.6851625,0.0,0.2000845
0.6962255,0.0,0.31253368
0.5655298,0.0,0.17145124
0.82471514,0.0,0.08369579
0.81855637,0.0,0.00573458
0.87762517,0.0,0.17820713
0.7042493,0.0,0.005996703
0.23403646,0.0,0.22748682
0.19807795,0.0,0.32315785
0.06346928,0.0,0.22265948
0.64223856,0.0,0.0
0.41891012,0.0,0.09846382
0.2271619,0.0,0.513183
0.07524063,0.0,0.2023318
0.7978622,0.0,0.00819363
0.63445646,0.0,0.044235263
0.042636175,0.0,0.36763236
0.11692548,0.0,0.19979818
0.77864957,0.0,0.0
0.3703046,0.0,0.18728136
0.046576932,0.0,0.6074569
0.17254801,0.0,0.29192042
0.5168131,0.0,0.026325835
0.17147224,0.0,0.6516358
0.08709148,0.0,0.7088964
0.3292296,0.0,0.5758287
0.19413269,0.0,0.5172402
0.17412233,0.0,0.50286275
0.13407402,0.0,0.49139985
0.34984282,0.0,0.24360509
0.22056241,0.0,0.6875799
0.42987815,0.0,0.3234474
0.8080362,0.0,0.27342972
0.27719367,0.0,0.70355946
0.765238,0.0,0.4622582
0.9365506,0.0,0.07368499
0.34408754,0.0,0.4279284
0.19222471,0.0,0.20044675
0.9080047,0.0,0.0035525754
0.5291954,0.0,0.047996297
0.15653335,0.0,0.045033935
0.4777461,0.0,0.1497333
0.07996133,0.0,0.7522684
0.29258972,0.0,0.31257355
0.7414158,0.0,0.06609303
0.28709748,0.0,0.40478653
0.36393273,1.0,0.57179135
0.28603408,1.0,0.41495323
0.29239017,1.0,0.6746646
0.35896614,1.0,0.113605715
0.22796781,1.0,0.21840523
0.71180767,1.0,0.13603616
0.55221534,0.0,0.20471875
0.71654415,0.0,0.061065093
0.43080372,0.0,0.0624505
0.22439134,1.0,0.31633222
0.3533828,0.0,0.0
0.20640658,1.0,0.1410495
0.48550382,0.0,0.009710941
0.22096516,0.0,0.107463315
0.746223,0.0,0.02625127
0.064225934,0.0,0.21603575
0.1777952,0.0,0.6996416
0.06251668,1.0,0.7109033
0.09033895,1.0,0.25000072
0.04976478,1.0,0.39209142
0.649525,0.0,0.00040810983
0.17849892,1.0,0.20274854
0.7140773,0.0,0.0075695775
0.3358086,1.0,0.10058506
0.45671383,0.0,0.013815578
0.09943073,1.0,0.27837348
0.4959175,0.0,0.004389952
0.5380188,0.0,0.0010398774
0.7317672,1.0,0.0450083
0.46803018,0.0,0.16745473
0.20280604,1.0,0.50920594
0.746786,0.0,0.2910585
0.66460645,0.0,0.5465647
0.33410898,0.0,0.82439613
0.3912678,0.0,0.22189198
0.26972184,0.0,0.08267193
0.24893235,0.0,0.0
0.56973815,0.0,0.0
0.52716196,0.0,0.00016935113
0.90386283,0.0,0.0005508636
0.9283963,0.0,0.005624639
0.6952185,0.0,0.08347314
0.24270923,0.0,0.2084032
0.95697683,0.0,0.17089568
0.21018343,0.0,0.8390817
0.6448183,0.0,0.790747
0.6329741,0.0,1.0
0.7384187,0.0,0.7824427
0.57578117,0.0,0.17962989
0.7492927,0.0,0.0027977368
0.86915636,0.0,0.010245366
0.7773668,0.0,0.12776448
0.8374378,0.0,0.0007591488
0.8992377,0.0,0.007370402
0.8155688,0.0,0.0013397892
0.84672636,1.0,0.056568626
0.92787695,0.0,0.0
0.8136732,0.0,0.0
0.49425095,1.0,0.024503984
0.21184222,1.0,0.07869515
0.31210425,0.0,0.01053306
0.7248932,0.0,0.0
0.787819,0.0,0.002066568
0.6514801,0.0,0.012962373
0.3663666,0.0,0.0
0.72575986,0.0,0.02251254
0.56020504,0.0,0.069235116
0.19620822,0.0,0.47642532
0.23695867,0.0,0.5977897
0.021944012,0.0,0.50997895
0.18235406,0.0,0.26079103
0.58782136,0.0,0.0
0.73348373,0.0,0.0
0.7006444,0.0,0.016850166
0.8430536,1.0,0.038927518
0.7313014,1.0,0.2879874
0.8787532,0.0,0.039080754
0.88327914,1.0,0.27199012
0.73391795,1.0,0.53868204
0.595353,1.0,0.5998645
0.6736564,1.0,0.2584903
0.48793864,1.0,0.13691631
0.638501,0.0,0.0
0.7954218,1.0,0.30742368
0.5611229,1.0,0.61622936
0.81098837,0.0,0.23845118
0.32550824,0.0,0.72425926
0.5169818,0.0,0.7429013
0.4777399,0.0,0.73414886
0.50025475,0.0,0.22341824
0.28619203,0.0,0.23539567
0.082534604,1.0,0.49370843
0.78931236,1.0,0.07163702
0.24153806,1.0,0.7038829
0.67614704,0.0,0.032319423
0.27409375,0.0,0.31909776
0.44967562,1.0,0.40152866
0.84215665,1.0,0.06863344
0.8898269,0.0,0.010894694
0.19771926,1.0,0.45346206
0.6025274,1.0,0.28364184
0.95134336,0.0,0.030015118
0.23762943,0.0,0.14717908
0.14247614,1.0,0.49594977
0.58237016,0.0,0.21023272
0.79144436,0.0,0.016469026
0.068667166,0.0,0.50589114
0.23284127,0.0,0.5001984
0.46582752,0.0,0.46029982
0.13933615,0.0,0.0063545527
0.16311952,0.0,0.4129509
0.31587115,0.0,0.50156206
0.834479,0.0,0.039808262
0.5136148,0.0,0.13296276
0.1353171,0.0,0.7132138
0.7120034,0.0,0.24386832
0.90002894,0.0,0.039508678
0.22519477,0.0,0.27511337
0.6983902,0.0,0.011919457
0.46594685,0.0,0.14100526
0.92134726,0.0,0.05693885
0.19555254,0.0,0.076939456
0.95713174,0.0,0.088667095
0.079697825,0.0,0.3348089
0.58625305,0.0,0.015795087
0.15152317,0.0,0.39306116
0.13840428,0.0,0.44889697
0.118170194,0.0,0.121704705
0.21150468,0.0,0.54107535
0.2118087,0.0,0.685852
0.06907464,0.0,0.41838863
0.063795015,0.0,0.54705554
0.10945022,0.0,0.17348196
0.42685363,0.0,0.03347916
0.21490881,0.0,0.19784212
0.7091837,0.0,0.029942414
0.56176,0.0,0.024386667
0.9217423,0.0,0.010966079
0.65294015,0.0,0.050266154
0.85801715,0.0,0.012639721
0.13816684,0.0,0.52803683
0.15735792,0.0,0.47972706
0.51583886,0.0,0.695559
0.08301358,0.0,0.612324
0.7038788,0.0,0.11167998
0.25994605,0.0,0.26130432
0.64488,0.0,0.06898299
0.32962963,0.0,0.20394395
0.17582841,0.0,0.47632807
0.44218534,0.0,0.38859582
0.22685882,0.0,0.2903634
0.1735194,0.0,0.7950574
0.20483793,0.0,0.45446154
0.11676747,0.0,0.7448842
0.10221685,0.0,0.24296688
0.40524605,0.0,0.40350732
0.8337711,0.0,0.22997338
0.3949197,0.0,0.23840296
0.92082316,0.0,0.07897294
0.26308498,0.0,0.20535591
0.8816161,0.0,0.046278395
0.058568574,0.0,0.12296504
0.31963322,0.0,0.08738061
0.041560505,0.0,0.5605481
0.14722279,0.0,0.09859083
0.9606228,0.0,0.041042924
0.47145972,1.0,0.2904404
0.052717794,0.0,0.086431615
0.95755905,0.0,0.20505276
0.97927,0.0,0.07929215
0.71540517,1.0,0.43523738
0.7641029,0.0,0.4955506
0.3037704,1.0,0.64081264
0.49075186,0.0,0.73887116
0.3690887,0.0,0.5833027
0.88404,0.0,0.2661552
0.90648407,0.0,0.27984497
0.5231615,0.0,0.070728496
0.6008929,0.0,0.18685512
0.96557117,0.0,0.59215415
0.958764,0.0,0.8223282
0.7933988,0.0,0.60630745
0.7844,0.0,0.5160865
0.30702385,0.0,0.3780349
0.86205685,0.0,0.7393439
0.4892046,0.0,0.22813891
0.8829189,0.0,0.39669013
0.39170417,0.0,0.3436503
0.32713255,0.0,0.15724415
0.3412148,0.0,0.43537104
0.8644483,0.0,0.70526206
0.7612168,0.0,0.054740164
0.3064211,0.0,0.17263687
0.95274425,0.0,0.4855383
0.9038323,0.0,0.66451573
0.30653414,0.0,0.5147987
0.86541414,0.0,0.26358223
0.90530026,0.0,0.47705796
0.40736744,0.0,0.3095124
0.7140078,0.0,0.14250864
0.83322895,0.0,0.18085021
0.39322326,1.0,0.3023291
0.38000137,1.0,0.5389831
0.4616467,1.0,0.5670399
0.5013042,1.0,0.78674024
0.4250552,1.0,0.58732605
0.5014741,1.0,0.7784932
0.37946567,1.0,0.7329214
0.28757134,1.0,1.0
