gate_value,label,rsa
0.8309665,0.0,1.0
0.7382751,0.0,0.5353275
0.09126518,0.0,0.38324952
0.1828609,0.0,0.44901684
0.21852322,0.0,0.10551902
0.09963093,0.0,0.6452038
0.65004605,0.0,0.054535266
0.23814489,0.0,0.33768982
0.15274446,0.0,0.48117802
0.6193264,0.0,0.68261296
0.5188013,0.0,0.10435704
0.301271,0.0,0.50092673
0.96713746,0.0,0.08586629
0.21039581,0.0,0.21716584
0.3056018,0.0,0.0
0.51382416,0.0,0.49438912
0.9362689,0.0,0.06222903
0.37613666,0.0,0.6576885
0.7505053,0.0,0.13248798
0.10493574,0.0,0.80548954
0.114138745,0.0,0.3786326
0.33401933,0.0,0.41795695
0.7517343,0.0,0.01690362
0.48442906,0.0,0.5994762
0.40858904,1.0,0.39593157
0.619632,0.0,0.007913774
0.39902112,1.0,0.17136566
0.86242855,0.0,0.0
0.38586742,1.0,0.16650604
0.76292616,0.0,0.12192892
0.79368126,0.0,0.42825627
0.66939336,1.0,0.8978357
0.45137104,1.0,0.454001
0.63375634,1.0,0.29796952
0.8808694,0.0,0.0010141023
0.94928557,0.0,0.0
0.56941515,1.0,0.23533353
0.9610782,0.0,0.03346708
0.7769952,1.0,0.3570579
0.17659175,0.0,0.685494
0.6232104,0.0,0.73232806
0.31980187,1.0,0.41766113
0.2447176,0.0,0.26294753
0.49393338,1.0,0.57511264
0.59427994,0.0,0.07650758
0.44560543,1.0,0.27255532
0.78949386,1.0,0.66504216
0.32506844,0.0,0.45981467
0.68090254,0.0,0.13603827
0.25906816,0.0,0.41062877
0.096034795,0.0,0.57411647
0.31042603,0.0,0.42220953
0.22144978,0.0,0.058965124
0.07964485,0.0,0.5837476
0.34069037,0.0,0.060596604
0.553693,0.0,0.27484265
0.26784578,0.0,0.5375962
0.36155292,0.0,0.5497188
0.33309078,0.0,0.252522
0.8539766,0.0,0.0
0.46801996,0.0,0.07523088
0.85761046,0.0,0.0
0.15932189,0.0,0.15123133
0.83619666,0.0,0.00064135937
0.35046887,0.0,0.34672672
0.11483831,0.0,0.30397362
0.85591614,0.0,0.019728312
0.27790087,0.0,0.31837684
0.6806844,0.0,0.5885045
0.4823998,0.0,0.49137974
0.6076712,0.0,0.051772203
0.808633,0.0,0.34960687
0.80596524,0.0,0.15333788
0.30619624,0.0,0.25880858
0.9262135,0.0,0.0
0.24484685,0.0,0.16089194
0.9475901,0.0,0.0
0.19405699,1.0,0.3069134
0.9068037,0.0,0.067330085
0.5644494,1.0,0.6109186
0.45898518,0.0,0.37437087
0.94117856,1.0,0.11538508
0.5255547,0.0,0.80395746
0.78645766,1.0,0.6088014
0.86516553,1.0,0.26068473
0.9418844,0.0,0.09736703
0.48290303,0.0,0.3504192
0.46420768,0.0,0.032894693
0.35529625,0.0,0.3062043
0.69238263,0.0,0.0
0.12964043,0.0,0.36771226
0.7860098,0.0,0.20619415
0.120884515,0.0,0.29191816
0.44573066,0.0,0.7612267
0.5754171,0.0,0.98852354
0.37905228,0.0,0.4600668
0.43383843,0.0,0.3133389
0.25248915,0.0,0.417662
0.6854059,0.0,0.024883138
0.7169948,0.0,0.3331595
0.38091806,0.0,0.35458463
0.24755953,0.0,0.09663953
0.97485423,0.0,0.0
0.885407,0.0,0.3439729
0.4947126,0.0,0.40394467
0.8492024,0.0,0.0
0.7185401,0.0,0.12360801
0.6161945,0.0,0.5509112
0.65816945,0.0,0.5558273
0.9346323,0.0,0.029784348
0.53763187,0.0,0.5863978
0.93521446,0.0,0.08677908
0.47190484,0.0,0.4167594
0.82813996,0.0,0.0009433978
0.841011,0.0,0.0
0.9683962,0.0,0.0
0.8039814,0.0,0.018812349
0.9818796,0.0,0.0
0.58407855,0.0,0.06649278
0.7589366,0.0,0.16322103
0.9430589,0.0,0.11700425
0.7253842,0.0,0.62633973
0.7199347,0.0,0.4691279
0.6363624,0.0,0.19748224
0.5155899,0.0,0.46150708
0.08615566,0.0,0.40803525
0.78064924,0.0,0.16484639
0.7318057,0.0,0.07408277
0.6502173,0.0,0.40036118
0.66946155,0.0,0.18844841
0.6441107,0.0,0.26334232
0.67243904,0.0,0.13291377
0.57531244,0.0,0.6378437
0.12171314,0.0,0.24721283
0.30149373,0.0,0.4623618
0.633765,0.0,0.0014202622
0.47472838,0.0,0.02743532
0.8848402,0.0,0.009987754
0.8774924,0.0,0.0009966722
0.89208025,1.0,0.07745558
0.62304,0.0,0.00011384324
0.8962008,0.0,0.0005915062
0.41425282,0.0,0.0
0.564694,0.0,0.0
0.85611826,0.0,0.0060458523
0.94575983,0.0,0.0
0.97360265,0.0,0.0
0.85836643,0.0,0.0
0.8047338,0.0,0.027199943
0.5187336,0.0,0.00017367833
0.16786988,0.0,0.0053764093
0.77095604,0.0,0.21670564
0.7524302,0.0,0.24883121
0.914243,0.0,0.24129036
0.55622953,0.0,0.31530026
0.8665265,0.0,0.57325345
0.91492224,0.0,0.6270637
0.35923037,0.0,0.502269
0.23272826,0.0,0.038374342
0.15957718,0.0,0.4567881
0.47992247,0.0,0.162226
0.50500214,0.0,0.59056383
0.66075,0.0,0.34538817
0.6610544,0.0,0.41042683
0.7053843,0.0,0.112718835
0.38850465,0.0,0.55339533
0.88239646,0.0,0.043534286
0.84599364,1.0,0.55243987
0.31700125,1.0,0.53491277
0.39169025,1.0,0.6549659
0.15518068,1.0,0.36112392
0.746368,1.0,0.20577131
0.5864172,1.0,0.30615684
0.26834977,1.0,0.56464106
0.42890334,1.0,0.47823873
0.82515174,1.0,0.0459825
0.8469539,1.0,0.24910313
0.9715299,1.0,0.21523117
0.8897515,0.0,0.0
0.741013,1.0,0.43328488
0.52495575,1.0,0.6557332
0.61476153,1.0,0.22789411
0.91410786,0.0,0.2856792
0.6512303,1.0,0.7875656
0.59696245,0.0,0.39921388
0.48376635,0.0,0.013433883
0.53894335,0.0,0.010172701
0.45503595,0.0,0.18891257
0.8486201,0.0,0.0
0.5377251,0.0,0.10827307
0.4813531,0.0,0.3795607
0.37869835,0.0,0.0
0.96827066,0.0,0.0
0.7476054,0.0,0.24980405
0.7862376,0.0,0.0279737
0.93827516,0.0,0.0
0.952405,0.0,0.0
0.54639125,0.0,0.07697757
0.5925126,1.0,0.321015
0.7302215,1.0,0.106017984
0.75158536,0.0,0.0
0.55045027,1.0,0.07472225
0.5304423,0.0,0.012730518
0.97986674,0.0,0.0
0.9651536,0.0,0.0
0.23687187,0.0,0.10096266
0.085757844,0.0,0.15398085
0.56997406,0.0,0.0
0.6645702,0.0,0.0
0.73586345,0.0,0.47288728
0.2231733,0.0,0.18911964
0.71761805,0.0,0.12175759
0.48279503,0.0,0.48862684
0.26877156,0.0,0.06288131
0.5035056,0.0,0.07603056
0.46597186,0.0,0.6163971
0.44334018,0.0,0.18588135
0.625808,0.0,0.0065038134
0.46467215,0.0,0.14377326
0.24134576,0.0,0.3968081
0.75769883,0.0,0.09762643
0.9725906,0.0,0.005803513
0.6800811,0.0,0.32766765
0.2971937,0.0,0.6669681
0.6821951,0.0,0.046732545
0.7160709,0.0,0.41955024
0.93131804,0.0,0.035651688
0.15316454,0.0,0.5736476
0.63904434,0.0,0.44142023
0.8935622,0.0,0.004225565
0.38908294,0.0,0.28127638
0.6383228,0.0,0.02202405
0.68110913,0.0,0.2726607
0.8644996,0.0,0.12649538
0.46142486,0.0,0.34586242
0.52809346,0.0,0.012565928
0.42037565,1.0,0.24812394
0.60671043,1.0,0.4560473
0.25138754,0.0,0.008477724
0.445205,1.0,0.11337082
0.74640495,1.0,0.27972445
0.9686583,0.0,0.07372068
0.40678456,0.0,0.30301684
0.6024302,0.0,0.5685911
0.9122294,0.0,0.75132704
0.5680008,0.0,0.1546574
0.23397687,0.0,0.16692267
0.58786106,0.0,0.33317667
0.7954361,0.0,0.0030808502
0.5729561,0.0,0.0047957227
0.92360926,0.0,0.0026793755
0.59708655,0.0,0.03564905
0.9046407,0.0,0.0
0.81693983,0.0,0.24144398
0.96726525,0.0,0.105200805
0.94209594,0.0,0.0013597116
0.90917474,0.0,0.0
0.6201142,0.0,0.2769362
0.31319222,0.0,0.0044722143
0.6956047,0.0,0.011298133
0.6997831,0.0,0.23992863
0.43162918,0.0,0.18574412
0.8226935,0.0,0.0022779151
0.8787881,0.0,0.07579632
0.39724302,0.0,0.28019786
0.78648907,0.0,0.30087304
0.10019962,0.0,0.6944005
0.6291022,0.0,0.44056848
0.6957722,0.0,0.02335012
0.6102438,0.0,0.31579763
0.34429133,0.0,0.42244655
0.41709715,0.0,0.7162987
0.86972195,0.0,0.041410092
0.62948185,0.0,0.11797847
0.26229328,0.0,0.6126012
0.15218344,0.0,0.23423555
0.90240216,0.0,3.7932765e-05
0.81242436,0.0,0.30507034
0.058018427,0.0,0.3756085
0.8647864,0.0,0.04899806
0.9183208,0.0,0.0027182852
0.94639826,0.0,0.2565204
0.49665603,0.0,0.23909566
0.78964895,0.0,0.0049371757
0.4988085,1.0,0.48875406
0.9290712,1.0,0.4551816
0.96181357,0.0,0.07614828
0.9460792,0.0,0.0010927214
0.5877539,1.0,0.42576522
0.8756659,0.0,0.55627763
0.977027,0.0,0.16761322
0.8610163,0.0,0.3725219
0.80572116,0.0,0.5521467
0.64612865,0.0,0.65850097
0.8126808,0.0,0.14564146
0.3139452,0.0,0.4230146
0.311394,0.0,0.8356506
0.37366915,0.0,0.28152493
0.90423536,0.0,0.12875868
0.27621567,0.0,0.18297601
0.9354149,0.0,0.06061959
0.9557609,0.0,0.0
0.8888152,0.0,0.0015454063
0.895197,0.0,0.0019277731
0.5908991,1.0,0.056466695
0.9700936,1.0,0.036599763
0.972113,1.0,0.37569487
0.97460055,1.0,0.18873289
0.49424753,1.0,0.43608856
0.8850341,0.0,0.3676562
0.77335805,0.0,0.08550111
0.8920854,0.0,0.002458711
0.8635885,1.0,0.12448542
0.9781537,0.0,0.008731655
0.9062911,0.0,0.088169105
0.8901755,0.0,0.0
0.97868,0.0,0.044877704
0.8681268,0.0,0.007790899
0.9622477,0.0,0.060353253
0.89831525,0.0,0.0
0.74179626,0.0,0.18162753
0.26872498,0.0,0.6914421
0.21114776,0.0,0.56147
0.81929135,0.0,0.5271449
0.59246284,0.0,0.12688673
0.69084555,0.0,0.19736464
0.8941567,0.0,0.030462608
0.80145174,0.0,0.00076989376
0.9114359,0.0,0.04976491
0.86813366,0.0,0.0
0.8648067,0.0,0.018741315
0.89136726,0.0,0.0011533113
0.79783386,0.0,0.0039549
0.5292053,0.0,0.06521563
0.46242246,0.0,0.29349738
0.7505358,0.0,0.024954563
0.6632991,0.0,0.78435427
0.81441486,0.0,0.1697914
0.850668,0.0,0.34255597
0.6770897,1.0,0.4879494
0.5692176,0.0,0.40752885
0.36234704,0.0,0.41065666
0.8962441,0.0,0.071536265
0.16951714,1.0,0.28710654
0.12518351,0.0,0.506288
0.6379524,0.0,0.090103194
0.96726,0.0,0.11755169
0.86482316,0.0,0.43304324
0.350786,0.0,0.20659429
0.8731913,0.0,0.0
0.9517167,0.0,0.16145703
0.44470426,0.0,0.28309268
0.48742348,0.0,0.0
0.88690215,0.0,0.004877698
0.95519483,0.0,0.19073322
0.34463507,0.0,0.4559768
0.57326216,0.0,0.22049896
0.8904284,0.0,0.055142798
0.21393476,0.0,0.70282143
0.3619205,0.0,0.34618214
0.7496611,0.0,0.16028383
0.8387984,0.0,0.3210754
0.90190756,0.0,0.00022235334
0.6139069,0.0,0.19211408
0.9348377,0.0,0.0017892272
0.5762268,0.0,0.35578656
0.4340252,0.0,0.37368354
0.9189569,0.0,0.0
0.7849527,0.0,0.09225969
0.8909552,0.0,0.06018789
0.6452883,0.0,0.1632073
0.909325,0.0,0.27488643
0.77190316,0.0,0.49755153
0.82420707,0.0,0.5700326
0.5769928,0.0,0.7077677
0.60391784,0.0,0.3404362
0.760825,0.0,0.86775494
0.86102927,0.0,0.61555463
0.6383393,0.0,0.37942922
0.7820792,0.0,0.47627258
0.19169085,0.0,0.46049467
0.8197986,0.0,0.045659576
0.8400532,0.0,6.881211e-05
0.83843946,0.0,0.19750686
0.30588883,0.0,0.4594297
0.8991334,0.0,0.0060296245
0.5555808,0.0,0.34519902
0.8922989,0.0,0.021048574
0.7557964,0.0,0.28319415
0.9289288,0.0,0.00045970306
0.5832977,0.0,0.36186442
0.7372267,0.0,0.60754293
0.8719969,0.0,0.22561893
0.8161042,0.0,0.17203802
0.9574269,0.0,0.00078136654
0.9040109,0.0,0.0
0.9520817,0.0,0.0
0.96594507,0.0,0.0
0.9353618,0.0,0.010244152
0.90207106,0.0,0.098727114
0.7640674,1.0,0.4289578
0.82371676,1.0,0.7294594
0.973368,0.0,0.41555735
0.952705,0.0,0.013948122
0.93824506,0.0,0.093311384
0.87750405,0.0,0.06915912
0.9113128,0.0,0.23369661
0.927897,0.0,0.08934549
0.950108,0.0,0.00029485216
0.98512775,0.0,0.0
0.66379684,0.0,0.23215407
0.93551546,0.0,0.0154348165
0.8538889,0.0,0.0
0.96361446,0.0,0.0
0.8349162,0.0,0.12888849
0.849085,0.0,0.46694344
0.8537216,0.0,0.1957744
0.67480886,0.0,0.63826907
0.83949095,0.0,0.19340123
0.4491895,0.0,0.29931113
0.95299816,0.0,0.3196015
0.6439387,0.0,0.26887423
0.585863,0.0,0.24321315
0.900369,0.0,0.0689565
0.82557213,0.0,0.18486942
0.8999172,0.0,0.023595357
0.82687867,0.0,0.45669627
0.7785277,0.0,0.40371737
0.8743992,0.0,0.43652692
0.9082319,0.0,0.6435932
0.8351016,0.0,0.32266584
0.7868929,0.0,0.4959078
0.57609534,0.0,0.21530291
0.3839317,0.0,0.62348646
0.44198745,0.0,0.36166772
0.87930745,0.0,0.02373506
0.86072063,0.0,0.2677897
0.9412918,0.0,0.39852887
0.2677307,0.0,0.19725743
0.93398917,0.0,0.0020810696
0.91048986,0.0,0.021122908
0.96785474,0.0,0.08952482
0.8794813,0.0,0.016372463
0.8369761,0.0,0.3334406
0.06339629,0.0,0.38012034
0.8123599,1.0,0.33364606
0.86750865,0.0,0.049938142
0.9601419,0.0,0.095794156
0.6028996,0.0,0.54095435
0.78063744,0.0,0.52034575
0.9091586,0.0,0.19581601
0.9682257,0.0,0.54026365
0.96874267,0.0,0.12167484
0.8652547,1.0,0.6596174
0.94269764,1.0,0.38495988
0.96021587,0.0,0.00021461386
0.9154093,0.0,0.15922678
0.6687832,0.0,0.32135805
0.8904279,0.0,0.06885279
0.9479363,0.0,0.0
0.9623265,0.0,0.07318666
0.8508836,0.0,0.5537779
0.94304377,0.0,0.21463421
0.9125667,0.0,0.00024199404
0.8656117,0.0,0.33499604
0.6992261,0.0,0.6049328
0.7444041,0.0,0.24409789
0.86396486,0.0,0.16464278
0.82819635,0.0,0.5170529
0.69943243,0.0,0.7263181
0.9095902,0.0,0.48267052
0.63616544,0.0,0.44636056
0.47080332,0.0,0.16668041
0.87524146,0.0,0.36892143
0.83454055,0.0,0.42364952
0.7787758,0.0,0.097317725
0.91101146,0.0,0.0
0.8359735,0.0,0.38084617
0.7717054,0.0,0.5522761
0.91293746,0.0,0.03986427
0.97350866,0.0,0.0006590103
0.80395246,0.0,0.31916276
0.6696596,0.0,0.15173109
0.9438582,0.0,0.009320033
0.90885675,0.0,0.5122715
0.9408275,0.0,0.0039121886
0.6774413,0.0,0.36234042
0.96223146,0.0,0.09132456
0.7713762,0.0,0.51056856
0.9452595,0.0,0.4161799
0.9226782,0.0,0.11162926
0.9424164,0.0,0.25703716
0.8155119,1.0,0.45147356
0.84519273,1.0,0.3626475
0.86109406,1.0,0.4192591
0.8990466,0.0,0.0061901542
0.9430836,1.0,0.67721593
0.3723007,1.0,0.63347775
0.8633411,0.0,0.050362613
0.9612267,0.0,0.38955146
0.84805346,0.0,0.38496006
0.9374484,0.0,0.10905398
0.34622467,0.0,0.17775546
0.79308355,0.0,0.23819427
0.7330862,0.0,0.008361268
0.76682144,0.0,0.07179631
0.9528073,0.0,0.0007933204
0.96852,0.0,0.027944569
0.96306765,0.0,0.0062976694
0.96533036,0.0,0.0004650013
0.948868,0.0,0.13704385
0.76227784,0.0,0.15797244
0.9536047,0.0,0.03182186
0.9665934,0.0,0.010774108
0.89588743,0.0,0.09598554
0.65586203,0.0,0.44686103
0.75280714,0.0,0.0076422975
0.6998724,0.0,0.27188843
0.947391,0.0,0.0014801179
0.93318903,0.0,0.0
0.98238647,0.0,0.0
0.963769,0.0,0.0046707764
0.7042276,0.0,0.06823573
0.55168974,0.0,0.0737369
0.9666549,0.0,0.038098235
0.9709201,0.0,0.08965242
0.8294079,1.0,0.28892908
0.9334862,1.0,0.68452406
0.66855186,1.0,0.08356031
0.88163805,1.0,0.51936114
0.93611574,1.0,0.7614347
0.91709965,0.0,0.552229
0.9559966,0.0,0.011011422
0.9469544,1.0,0.32984826
0.75857913,0.0,0.4832439
0.7347274,0.0,0.23478916
0.94264954,0.0,0.0036611487
0.965683,0.0,0.11183112
0.83975834,0.0,0.55263203
0.59886026,0.0,0.010129444
0.85328597,0.0,0.0034935488
0.8682245,0.0,0.27113193
0.57359123,0.0,0.22669594
0.677121,0.0,0.013746891
0.9015602,0.0,0.21811166
0.53338605,0.0,0.7032404
0.62409186,0.0,0.5414986
0.5183768,0.0,0.3692209
0.5405716,0.0,0.19925009
0.55737066,0.0,0.013495129
0.646053,0.0,0.0
0.9428322,0.0,0.0
0.7420369,0.0,0.00061849004
0.9483817,0.0,0.007047006
0.8794066,0.0,0.015614807
0.66241,1.0,0.47445965
0.91163886,0.0,0.29546347
0.6678975,0.0,0.09141068
0.7970929,1.0,0.17680967
0.8900823,0.0,0.38243416
0.8694315,0.0,0.0064538396
0.94721466,0.0,0.0005955084
0.49266356,0.0,0.25783497
0.5281432,0.0,0.19242796
0.95853853,0.0,0.0121545745
0.24169064,0.0,0.3689184
0.84350723,0.0,0.105147816
0.93694067,0.0,0.0
0.8548326,0.0,0.0
0.9009396,0.0,0.035455
0.61605567,0.0,0.0
0.76873136,0.0,0.23958272
0.4848109,0.0,0.6891543
0.9036957,0.0,0.012941528
0.9113634,0.0,0.4183839
0.59604794,0.0,0.31207892
0.63209647,0.0,0.47975335
0.96869266,0.0,0.11860733
0.46748012,0.0,0.28696463
0.9254945,0.0,0.088207036
0.47505775,0.0,0.3519446
0.8523028,0.0,0.21267603
0.8725135,0.0,0.3293285
0.5782229,0.0,0.3606421
0.8679379,0.0,0.0123317465
0.9276881,0.0,5.1130995e-05
0.7966223,0.0,0.35529825
0.467262,0.0,0.6144734
0.942973,0.0,0.18131907
0.6981138,0.0,0.3896484
0.8196878,1.0,0.2528794
0.8724115,1.0,0.6685545
0.9103079,1.0,0.7261793
0.8727093,1.0,0.06692695
0.76917964,1.0,0.3368863
0.92416674,1.0,0.5776575
0.8982574,1.0,0.28824228
0.87388426,0.0,0.028703418
0.90569246,1.0,0.27282873
0.8853304,1.0,0.19941111
0.9224132,0.0,0.01588393
0.9031285,0.0,0.225888
0.7114584,1.0,0.48814884
0.828519,0.0,0.069275215
0.880495,0.0,0.07131133
0.9100266,0.0,0.36727974
0.7044967,0.0,0.5130713
0.77541625,0.0,0.37170523
0.87742513,0.0,0.20341587
0.68261033,0.0,0.39103955
0.90784025,0.0,0.0021563363
0.9256104,0.0,0.05982392
0.95681113,0.0,0.63409215
0.9636684,0.0,0.17373359
0.95192695,0.0,0.38138926
0.8511174,1.0,0.55888534
0.80813414,1.0,0.55445623
0.897735,0.0,0.33932614
0.95749533,1.0,0.05505165
0.9279446,1.0,0.59857875
0.8072066,1.0,0.52586377
0.9369678,0.0,0.4839517
0.9480217,1.0,0.0882842
0.9696464,1.0,0.6531002
0.56469715,1.0,0.6966981
0.7732397,0.0,0.89954144
0.783042,0.0,0.5841065
0.7665029,0.0,0.41989076
0.55312276,0.0,0.5804508
0.6224834,0.0,0.57983714
0.68696254,0.0,0.61183506
0.7903827,0.0,0.17861463
0.57588995,0.0,0.4081219
0.89804375,0.0,0.0
0.80038553,0.0,0.36582372
0.8906505,0.0,0.15718669
0.6059643,0.0,0.6478493
0.8275515,0.0,0.06072004
0.605373,0.0,0.50787395
0.721122,0.0,0.67343247
0.7055345,0.0,0.123701476
0.14494994,0.0,0.5407209
0.20567408,0.0,0.44515616
0.39596167,0.0,0.51334727
0.87598777,0.0,0.026819158
0.5756636,0.0,0.12642393
0.6705639,1.0,0.6137786
0.28745064,0.0,0.29157278
0.8947006,0.0,0.008013342
0.737825,0.0,0.41691536
0.46642494,0.0,0.51972413
0.46945003,0.0,0.49590415
0.58084786,0.0,0.3425881
0.5501052,0.0,0.10822179
0.7398748,0.0,0.0
0.84383124,0.0,0.26792422
0.9225249,0.0,0.0034687482
0.39839613,0.0,2.6742198e-05
0.63964564,0.0,0.18029067
0.5234789,0.0,0.2968384
0.9153546,0.0,0.007666524
0.9481809,0.0,0.0
0.715756,0.0,0.47305176
0.37046754,0.0,0.5253599
0.47133166,0.0,0.0
0.5330457,0.0,0.3013342
0.64797294,0.0,0.47165558
0.3920288,0.0,0.36807013
0.3794354,0.0,0.5707029
0.93037355,0.0,0.034574043
0.6497971,0.0,0.6075092
0.7897078,0.0,0.10582112
0.71758455,0.0,0.011145866
0.66012526,0.0,0.40185848
0.4034968,0.0,0.13260764
0.86969787,0.0,0.0
0.4606291,0.0,0.30158043
0.5778634,0.0,0.45355636
0.11130572,0.0,0.22646981
0.3641946,0.0,0.0
0.26075074,0.0,0.003331983
0.40653622,0.0,0.1337107
0.30960238,0.0,0.04292526
0.910397,0.0,0.0
0.93337977,0.0,0.09318758
0.652397,0.0,0.55832213
0.7598653,0.0,0.09798124
0.42921674,0.0,0.6507586
0.2749468,0.0,0.38964215
0.5580398,0.0,0.0
0.93812084,0.0,0.11856888
0.77659756,0.0,0.54036343
0.060062326,0.0,0.22459982
0.82126445,1.0,0.14489788
0.88057405,1.0,0.4178856
0.5092364,1.0,0.5133283
0.71967715,1.0,0.5002072
0.725432,1.0,0.10891471
0.6308802,0.0,0.041831158
0.7414492,1.0,0.3473992
0.6856512,1.0,0.13458663
0.8922085,0.0,0.0
0.7656212,0.0,0.49926838
0.6214669,1.0,0.6167193
0.7322308,0.0,0.101402186
0.6200319,1.0,0.482795
0.9709546,0.0,0.09535385
0.83762604,0.0,0.0
0.9437601,1.0,0.37698856
0.9220937,1.0,0.105674
0.613073,1.0,0.69472253
0.59977925,1.0,0.6979241
0.34108347,0.0,0.6270534
0.80505586,0.0,0.15858519
0.7475151,0.0,0.29163745
0.77806634,0.0,0.2822713
0.6151021,0.0,0.570954
0.38170615,1.0,0.8451642
0.338172,0.0,0.3189353
0.45550317,1.0,0.22558972
0.4825996,1.0,0.1680224
0.63976437,1.0,0.11576016
0.1723044,0.0,0.14285818
0.9049674,0.0,0.07126155
0.8248047,0.0,0.03583085
0.8230542,0.0,0.04793552
0.81937975,0.0,0.44781762
0.5123164,0.0,0.4819648
0.6167188,0.0,0.27743065
0.9438098,0.0,0.09954566
0.8997643,0.0,0.6597409
0.7022637,0.0,0.48129493
0.5286381,0.0,0.6470321
0.91331744,0.0,0.019184537
0.8899273,0.0,0.29250577
0.7866269,0.0,0.08002306
0.8534752,0.0,0.051032495
0.7965536,0.0,0.23524399
0.89262563,0.0,0.008110315
0.8408284,0.0,0.4006737
0.856662,0.0,0.06197421
0.96213526,0.0,0.034729343
0.93224686,0.0,0.068576045
0.93692476,0.0,0.0
0.9163609,0.0,0.0
0.8383516,0.0,0.03766073
0.6657367,0.0,0.0
0.58726865,0.0,0.455711
0.4399665,0.0,0.233223
0.6809535,0.0,0.096568756
0.59706396,0.0,0.16210988
0.50493103,0.0,0.39928794
0.7869487,0.0,0.20237668
0.3925939,0.0,0.3702109
0.5348792,0.0,0.8197432
0.37809727,0.0,0.5412905
0.4940995,0.0,0.7661752
0.46419638,0.0,0.912636
0.4045241,0.0,0.2468158
0.33873007,0.0,0.31103036
0.32588163,0.0,0.58511764
0.24782832,0.0,0.32698014
0.3748933,0.0,0.36393076
0.18450859,0.0,0.25777775
0.25354767,0.0,0.009619588
0.50193626,0.0,0.00344513
0.6829273,0.0,0.0
0.41303644,0.0,0.0
0.7580908,0.0,0.008800227
0.5209442,0.0,0.0
0.51903117,0.0,0.25234646
0.36887953,0.0,0.26192802
0.77073807,0.0,0.5942645
0.7868024,0.0,0.5479368
0.69437224,0.0,0.0005380969
0.3610388,0.0,0.17895013
0.73571986,0.0,0.30633464
0.87626797,0.0,0.004553889
0.7629126,0.0,0.29770628
0.3237989,0.0,0.28559905
0.32651365,0.0,0.00036758807
0.9382892,0.0,0.0397131
0.504202,0.0,0.43468362
0.6418144,0.0,0.24424048
0.2420555,0.0,0.5168245
0.6764459,0.0,0.17186263
0.838923,0.0,0.035650726
0.31090188,0.0,0.26463726
0.9681133,0.0,0.016574223
0.92632014,0.0,0.0
0.37896863,0.0,0.013187303
0.927566,0.0,0.00060069456
0.81699663,0.0,0.0
0.7913805,0.0,0.028747713
0.9005662,0.0,0.0038762954
0.7917851,0.0,0.18892756
0.9265556,0.0,0.3070697
0.7619283,0.0,0.023935271
0.68727183,0.0,0.09436835
0.3724156,0.0,0.5591828
0.09272141,0.0,0.33056808
0.5203532,0.0,0.42187852
0.34520328,0.0,0.6691725
0.26193398,0.0,0.21319838
0.2961079,0.0,0.38752434
0.8418065,0.0,0.13919199
0.43584594,0.0,0.26040083
0.90215325,0.0,0.036299646
0.57618773,0.0,0.23621479
0.870385,0.0,0.62160003
0.6109418,0.0,0.086011305
0.64726067,0.0,0.48199284
0.8969164,0.0,0.41541916
0.45242113,0.0,0.6592835
0.79023665,0.0,0.30130532
0.80018497,0.0,0.021039309
0.90374225,0.0,0.07931768
0.73444355,0.0,0.411622
0.3047229,0.0,0.02558034
0.91358274,0.0,0.0
0.6619378,0.0,0.39377514
0.8197001,0.0,0.20217629
0.95379,0.0,0.0
0.30415303,0.0,0.22013515
0.6784446,0.0,0.5505091
0.19777805,0.0,0.5645199
0.3991648,0.0,0.56998914
0.62322617,0.0,0.07812072
0.58644557,0.0,0.17546675
0.9523474,0.0,0.0
0.9353503,0.0,0.018527692
0.8608334,0.0,0.0004890125
0.9550301,0.0,0.0
0.88088906,0.0,0.0
0.84606844,0.0,0.0019070443
0.7218241,0.0,0.015570088
0.46467763,0.0,0.36816132
0.69517714,0.0,0.35933733
0.53183883,0.0,0.72069436
0.58947814,0.0,0.37976104
0.61384416,0.0,0.053897902
0.78045046,0.0,0.29597917
0.87216157,0.0,2.3365565e-05
0.40276256,0.0,0.38150185
0.89122236,0.0,0.2548461
0.32365918,0.0,0.42823777
0.7601999,0.0,0.5390775
0.90164214,0.0,0.0057103774
0.94610876,0.0,0.0
0.8495541,0.0,0.29785785
0.75147015,0.0,0.28476363
0.8624382,0.0,0.0011089594
0.97561896,0.0,0.04524959
0.65487957,0.0,0.3558212
0.87106603,0.0,0.17155324
0.822026,0.0,0.00087444345
0.69085,0.0,0.19763888
0.16520582,0.0,0.12627219
0.9177866,0.0,0.014961347
0.90156716,0.0,0.018770173
0.7551329,0.0,0.01876845
0.8724897,0.0,0.28692427
0.7459301,0.0,0.080910176
0.6645263,0.0,0.6851584
0.45851615,0.0,0.47501433
0.4886572,0.0,0.9235179
0.67736036,0.0,0.55231744
0.38958007,0.0,0.19766718
0.37523416,0.0,0.6784935
0.8574911,0.0,0.22369711
0.63088375,0.0,0.352769
0.84119624,0.0,0.04264445
0.6638596,0.0,0.35678825
0.50290775,0.0,0.5728574
0.8288104,0.0,0.015993135
0.78817284,0.0,0.26536262
0.6790161,0.0,0.0054488024
0.46544588,0.0,0.07306399
0.9297566,0.0,0.0
0.935846,0.0,0.0
0.57179314,0.0,0.0003909551
0.96653116,0.0,0.0143750785
0.8686767,0.0,0.0
0.8864692,0.0,0.0576077
0.66977423,0.0,0.1641487
0.81891435,0.0,0.3366744
0.7957021,0.0,0.31633458
0.5339658,0.0,0.4264679
0.74393475,0.0,0.6492301
0.44480547,0.0,0.40543658
0.4170389,0.0,0.013668912
0.7928417,0.0,0.21367896
0.4857543,0.0,0.0017564263
0.6398313,0.0,0.12809123
0.46452183,0.0,0.20241886
0.9510926,0.0,0.0
0.9190311,0.0,0.0
0.8116255,0.0,0.36350068
0.57280785,0.0,0.19874562
0.95578057,0.0,0.005065138
0.9375821,0.0,0.18062167
0.7964366,0.0,0.5272726
0.8576804,0.0,0.21286549
0.5659621,0.0,0.25785258
0.91427493,0.0,0.29687363
0.7897669,0.0,0.6512537
0.6179172,0.0,0.8086644
0.7822083,0.0,0.391135
0.3204462,0.0,0.8857366
0.55585104,0.0,0.36246246
0.54240155,0.0,0.24278459
0.64186263,0.0,0.26760754
0.90132207,0.0,0.023660604
0.8048566,0.0,0.095915616
0.90013427,0.0,0.017781405
0.73119295,0.0,0.03316316
0.8927201,0.0,0.030453399
0.6305918,0.0,0.010665747
0.515543,0.0,0.037668686
0.36247513,0.0,0.33231473
0.90809155,0.0,0.0012015277
0.672547,0.0,0.28193453
0.6787954,0.0,0.28228706
0.7493445,0.0,0.64752626
0.84556,0.0,0.16205226
0.5044431,0.0,0.44285342
0.65588605,0.0,0.49199602
0.77271384,0.0,0.027057206
0.48594517,0.0,0.095869124
0.6182326,0.0,0.18085569
0.41898042,0.0,0.35532886
0.93662226,0.0,0.01581903
0.88751704,0.0,0.01970464
0.74479586,0.0,0.6136888
0.37513143,0.0,0.28014827
0.6222513,0.0,0.36241764
0.7094653,0.0,0.3098646
0.9042332,0.0,0.022829395
0.5056216,0.0,0.15663894
0.9490893,0.0,0.09830248
0.93228155,0.0,0.005572521
0.6883905,0.0,0.009580487
0.9077372,0.0,0.006681971
0.10436243,0.0,0.012218198
0.8061395,0.0,0.0035421231
0.8261786,0.0,0.082581945
0.8105724,0.0,0.10567099
0.75125,0.0,0.64057404
0.5716382,0.0,0.20106576
0.57847595,1.0,0.6713073
0.7364847,1.0,0.5951901
0.9488532,0.0,0.09628836
0.84176445,1.0,0.045856524
0.44259107,1.0,0.13472024
0.25808468,1.0,0.5350185
0.6146932,1.0,0.4966401
0.6601946,1.0,0.29017413
0.84439504,0.0,0.047317676
0.597983,1.0,0.3777034
0.60972744,1.0,0.28067416
0.91989297,0.0,0.050809216
0.891384,0.0,0.005439097
0.6683252,1.0,0.32990745
0.41041547,0.0,0.46418276
0.81912833,0.0,0.0007933766
0.8168503,0.0,0.028230764
0.8109936,0.0,0.5897575
0.3615305,0.0,0.33126426
0.64462537,0.0,0.14435484
0.5543863,0.0,0.66668105
0.7746874,0.0,0.6378711
0.4497023,0.0,0.029084979
0.72418267,0.0,0.4565027
0.3285095,0.0,0.0
0.8448282,0.0,0.013563798
0.68362355,0.0,0.0056668026
0.8209664,0.0,0.0
0.95236135,0.0,0.007138909
0.6258824,0.0,0.043454807
0.9846608,0.0,0.0
0.8956641,0.0,0.1513082
0.84805703,1.0,0.29768175
0.8407836,1.0,0.70796114
0.94758266,1.0,0.22804342
0.74047387,1.0,0.7470775
0.58921176,0.0,0.07258548
0.9623168,1.0,0.23728317
0.84152454,0.0,0.078419246
0.79660684,1.0,0.4176469
0.94938767,1.0,0.09703073
0.89116675,1.0,0.5641213
0.32899153,1.0,0.47455683
0.9689575,0.0,0.0
0.94909096,1.0,0.4299514
0.75164086,1.0,0.5806416
0.47216,1.0,0.2456918
0.85085183,0.0,0.06079829
0.7452337,0.0,0.036093727
0.70027393,0.0,0.3385737
0.33006653,1.0,0.22630073
0.94933885,0.0,0.0009500877
0.89825034,0.0,0.091593646
0.7253484,0.0,0.58949155
0.80212647,0.0,0.25136515
0.32654443,0.0,0.61322093
0.7265336,0.0,0.10874945
0.96460664,0.0,0.035850372
0.9106743,0.0,0.023809118
0.7877793,0.0,0.0
0.8405268,0.0,0.009200495
0.92169017,0.0,0.0
0.7270735,0.0,0.0
0.92866874,0.0,0.10761831
0.7307259,0.0,0.022717327
0.90444946,0.0,0.060394056
0.874287,0.0,0.19872491
0.8980428,0.0,0.22742906
0.9515291,0.0,0.017370977
0.97538775,0.0,0.36522734
0.6229352,0.0,0.5216363
0.7952023,0.0,0.24123521
0.7772277,0.0,0.48934427
0.94507635,0.0,0.022790466
0.97333896,0.0,0.012326058
0.95225763,0.0,0.3013242
0.8530114,1.0,0.46361384
0.9589762,0.0,0.0
0.91143125,0.0,0.22606742
0.85609853,1.0,0.51665896
0.5209247,1.0,0.14181358
0.8891086,0.0,0.0072923237
0.81252563,0.0,1.0
0.38653365,0.0,0.28553477
0.46558195,0.0,0.5177248
0.68716,0.0,0.18767543
0.66806996,0.0,0.47727275
0.7153786,0.0,0.15450943
0.45390856,1.0,0.33738598
0.2838915,1.0,0.62231165
0.59675264,1.0,0.7241093
0.82195234,0.0,0.059029788
0.64936084,0.0,0.33698434
0.31726682,1.0,0.36068106
0.17117125,1.0,0.20221826
0.8501528,0.0,0.050964814
0.45063436,0.0,0.6809854
0.7398822,1.0,0.5425843
0.7951661,1.0,0.21860395
0.8682387,0.0,0.29560986
0.9214776,0.0,0.026109593
0.8366971,0.0,0.4650046
0.47933862,0.0,0.41525912
0.27692798,0.0,0.5195224
0.72961676,0.0,0.2197796
0.9160196,0.0,0.003534628
0.63863623,0.0,0.4580926
0.60743225,0.0,0.4999324
0.63809836,0.0,0.157966
0.8835174,0.0,0.039972432
0.837383,0.0,0.60368055
0.32405627,0.0,0.72524196
0.80696106,0.0,0.27854973
0.69274527,0.0,0.5666225
0.16960138,0.0,0.30082172
0.84412426,0.0,0.072388
0.54372686,0.0,0.35160863
0.92737424,1.0,0.015981644
0.74716127,1.0,0.36854807
0.8393399,1.0,0.02084558
0.90829545,1.0,0.55927277
0.9013911,1.0,0.25807056
0.9326663,0.0,0.35470706
0.914469,0.0,0.4784544
0.83108395,1.0,0.7807026
0.8380219,1.0,0.56900895
0.57595915,1.0,0.007614392
0.8358121,1.0,0.5223131
0.4313589,1.0,0.7950139
0.6358142,0.0,0.31914765
0.92946845,1.0,0.4748194
0.75382215,0.0,0.72086996
0.7656779,0.0,0.113232225
0.84010166,0.0,0.1018348
0.7684029,0.0,0.5553021
0.83346575,0.0,0.059557788
0.9256239,0.0,0.47975615
0.97973526,0.0,0.014608301
0.7999542,0.0,0.1159236
0.9382604,0.0,0.0
0.9331255,0.0,0.08497653
0.9496473,0.0,0.17456484
0.79227024,0.0,0.34230694
0.72073764,0.0,0.5287697
0.83607507,0.0,0.18117577
0.7287567,0.0,0.47488293
0.76106733,0.0,0.0046632807
0.8579359,0.0,0.0
0.95176065,1.0,0.0
0.9422414,0.0,0.017158367
0.70367306,0.0,0.0032687932
0.86008537,0.0,0.42968127
0.8438622,0.0,0.5873241
0.76478153,0.0,0.14218149
0.80294466,0.0,0.050052714
0.39541742,0.0,0.13020773
0.72158194,0.0,0.0028623103
0.7123205,1.0,0.17914736
0.25734082,1.0,0.18626752
0.904512,0.0,0.007496588
0.9669942,0.0,0.00018315032
0.8751852,1.0,0.13892582
0.96125245,0.0,0.25904116
0.64930737,1.0,0.49813285
0.7925512,1.0,0.3248729
0.4718362,1.0,0.9239642
0.8438915,1.0,0.5061592
0.850141,1.0,0.266818
0.91021305,1.0,0.8084576
0.68736994,1.0,0.20387958
0.73025113,1.0,0.12533318
0.70468694,1.0,0.7168482
0.687208,1.0,0.5357363
0.8840163,0.0,0.05273094
0.23810525,0.0,0.49770385
0.716353,0.0,0.30401576
0.37367627,0.0,0.53616357
0.21338557,0.0,0.7192304
0.3992373,0.0,1.0
0.86254936,0.0,1.0
0.93903637,0.0,0.76299274
0.6973096,0.0,0.49159017
0.7362418,0.0,0.59511065
0.87358147,0.0,0.6756217
0.6162965,0.0,0.7152031
0.7863501,0.0,0.56849104
0.8982604,1.0,0.58944017
0.84852386,1.0,0.26335615
0.7897533,0.0,0.26211172
0.6439842,1.0,0.3729111
0.6449008,0.0,0.41476968
0.61239904,1.0,0.6783576
0.85557514,0.0,0.113230586
0.5944972,1.0,0.6114179
0.6878022,0.0,0.35032958
0.7361726,0.0,0.0032129597
0.27353248,0.0,0.15599445
0.87960535,1.0,0.017768828
0.6168736,1.0,0.35350165
0.5729793,1.0,0.29184225
0.8296507,0.0,0.015616362
0.8129043,0.0,0.14679298
0.8156746,0.0,0.10488795
0.92518693,0.0,0.0
0.7250351,0.0,0.19308197
0.93528545,0.0,0.040313642
0.9672162,0.0,0.064592466
0.8910671,0.0,0.63847613
0.9748205,0.0,0.39670753
0.9220963,0.0,0.3801352
0.828005,0.0,0.7950873
0.8025466,0.0,0.60772866
0.91742104,0.0,0.25404912
0.9438013,0.0,0.2208333
0.9602264,0.0,0.36594212
0.8559481,0.0,0.48563895
0.95368123,0.0,0.0888674
0.973409,0.0,0.06424854
0.9598117,0.0,0.15096489
0.8544895,0.0,0.047562256
0.7744525,0.0,0.028762186
0.97173136,0.0,0.051072706
0.9239991,0.0,0.1677897
0.97903115,0.0,2.324152e-06
0.6029985,0.0,0.13287513
0.7177074,0.0,0.2737986
0.8716541,0.0,0.1135182
0.9481907,0.0,0.06932738
0.8011883,0.0,0.13878837
0.93346965,0.0,0.0
0.9339169,0.0,0.0
0.983012,0.0,0.0
0.9620597,0.0,0.009915744
0.9560651,0.0,0.15650803
0.9569526,0.0,0.8571572
0.9779463,0.0,0.37160158
0.88808376,0.0,0.040819757
0.7766484,0.0,0.0
0.33588815,0.0,0.012678459
0.9676193,0.0,0.038700394
0.905324,0.0,0.001567334
0.67837036,0.0,0.2968377
0.85724676,0.0,0.004772762
0.8607598,0.0,0.6586352
0.6939606,0.0,0.32185712
0.8204594,0.0,0.0
0.7585141,0.0,0.12660569
0.830732,0.0,0.2848178
0.2777599,0.0,0.19998571
0.67104405,0.0,0.13995144
0.7544477,0.0,0.6265007
0.47290295,0.0,0.54488665
0.59027696,0.0,0.78126603
0.25904748,0.0,0.26722494
0.5554319,1.0,0.3293375
0.8645526,1.0,0.47513005
0.5972304,1.0,0.59388375
0.7438657,1.0,0.502581
0.9041007,0.0,0.37231416
0.90228534,0.0,0.28657427
0.7590786,0.0,0.603294
0.66153127,0.0,0.33904052
0.843111,0.0,0.22925647
0.54570884,0.0,0.699708
0.5706233,0.0,0.26020566
0.74124885,0.0,0.26941496
0.7275873,0.0,0.37154093
0.9179894,0.0,0.02228792
0.80489516,0.0,0.6002567
0.9277064,0.0,0.12961918
0.7120173,0.0,0.48773965
0.85383916,0.0,0.17580807
0.2906626,0.0,0.60563964
0.9051399,0.0,0.06987617
0.79173887,0.0,0.08138792
0.87208843,0.0,0.05674076
0.75577444,0.0,0.017311228
0.9434054,0.0,0.10042676
0.750463,0.0,0.13506609
0.92350656,0.0,0.0072176047
0.98071665,0.0,0.24925636
0.76204956,0.0,0.19914341
0.8544224,0.0,0.069977045
0.8564135,0.0,0.16939536
0.94107914,0.0,0.021785302
0.9040365,0.0,0.0
0.9808843,0.0,0.0006657614
0.97951335,0.0,0.0
0.94008577,0.0,0.00068864075
0.9230062,0.0,0.0
0.9656389,0.0,0.19058834
0.95945156,0.0,0.0057235123
0.71417314,0.0,0.70120335
0.506744,0.0,0.635219
0.726197,0.0,0.49806944
0.9523917,0.0,0.053298447
0.96666735,0.0,0.0
0.87885404,0.0,0.07126066
0.97159785,0.0,0.0
0.9774759,0.0,0.0
0.8741601,0.0,0.0
0.8918972,0.0,0.0002537965
0.59688026,0.0,0.0045075943
0.9410066,0.0,0.0
0.91225904,0.0,0.08874305
0.8981016,0.0,0.028929112
0.88987345,0.0,0.07558357
0.96584487,0.0,0.32247314
0.7409077,0.0,0.112319075
0.8233683,0.0,0.7600538
0.91654754,0.0,0.7286447
0.9425626,0.0,0.23353876
0.750062,0.0,0.8192506
0.75404316,0.0,0.49820852
0.7477438,0.0,0.08712762
0.70365834,0.0,0.52435696
0.8852403,0.0,0.053252406
0.92594594,0.0,0.024348559
0.9432448,0.0,0.118131526
0.82434046,0.0,0.4053772
0.88137805,0.0,0.14359908
0.7215352,0.0,0.476877
0.89108074,0.0,0.07122047
0.782184,0.0,0.6650303
0.89495486,0.0,0.32343686
0.67096335,0.0,0.46134326
0.9122305,0.0,0.62073296
0.9007385,0.0,0.23114708
0.9423732,0.0,0.0
0.9503676,0.0,0.088220246
0.92743534,0.0,0.015531555
0.94424367,0.0,0.16393712
0.8769041,0.0,0.036182314
0.9710938,0.0,0.018198667
0.82700175,0.0,0.26464197
0.92914486,0.0,0.07018574
0.47188845,0.0,0.0011723507
0.87996215,0.0,0.36417422
0.87792057,0.0,0.41075364
0.616714,0.0,0.31808668
0.7947567,0.0,0.38046062
0.9390389,0.0,0.15382923
0.95426613,0.0,0.15218236
0.9608035,0.0,0.0
0.96312535,0.0,0.0
0.8865025,0.0,0.0073731234
0.91324633,0.0,0.0
0.9328389,0.0,0.043643147
0.92943066,0.0,0.39643344
0.827519,0.0,0.25398242
0.96124643,0.0,0.055867292
0.7962081,0.0,0.06702766
0.8979764,0.0,0.012297341
0.46160772,0.0,0.12470758
0.9539293,0.0,0.0015615107
0.7874441,0.0,0.0012023227
0.15969007,0.0,0.28211135
0.82920325,0.0,0.022615468
0.66674167,0.0,0.28553146
0.81957275,0.0,0.50085294
0.74759185,0.0,0.3696
0.77063483,0.0,0.2212052
0.5088609,0.0,0.5376116
0.4677944,0.0,0.42997342
0.75991327,0.0,0.37088546
0.9479482,0.0,0.12338421
0.7509888,0.0,0.4511081
0.8497554,0.0,0.1325768
0.70828307,0.0,0.52404684
0.8953771,0.0,0.31202862
0.8717097,0.0,0.70110744
0.88965523,0.0,0.1753733
0.8333236,0.0,0.24161854
0.9679348,0.0,0.016099654
0.886608,0.0,0.068080254
0.96958065,0.0,0.0
0.9625831,0.0,0.0
0.9529423,0.0,0.060455814
0.91967696,0.0,0.040289443
0.92941415,0.0,0.06782925
0.77677333,0.0,0.3164247
0.73624593,0.0,0.5593586
0.97454756,0.0,0.042593338
0.8414583,0.0,0.6456032
0.62743294,0.0,0.18998525
0.9221374,0.0,0.0
0.98294395,0.0,0.0
0.9561755,0.0,0.0
0.829179,0.0,0.0
0.8637602,0.0,0.1216517
0.62351483,0.0,0.29256052
0.73638207,0.0,0.46259972
0.9841143,0.0,0.002157384
0.8450469,0.0,0.15058184
0.82296133,0.0,0.0038435445
0.9307476,0.0,0.035238776
0.3545151,0.0,0.039086007
0.957389,0.0,0.0555431
0.7578671,0.0,0.24772868
0.8435066,0.0,0.20240124
0.5695827,0.0,0.56815714
0.8631969,0.0,0.08555294
0.16548184,0.0,0.4748786
0.82187915,0.0,0.44953546
0.9061162,0.0,0.4611429
0.897349,0.0,0.3175399
0.8830824,0.0,0.4418453
0.87500423,0.0,0.0070614917
0.55057466,0.0,0.32090035
0.9558128,0.0,0.21738462
0.764118,0.0,0.006677614
0.83957636,0.0,0.7231851
0.8251832,0.0,0.38656864
0.8875549,0.0,0.14534163
0.8124322,0.0,0.46378118
0.85194385,0.0,0.7553244
0.60784155,0.0,0.5948719
0.907521,0.0,0.56942266
0.8361425,0.0,0.5008344
0.9652605,0.0,0.11151359
0.90511346,0.0,0.15385173
0.9570145,0.0,0.0
0.8307386,0.0,0.0039255195
0.7376057,0.0,0.024959061
0.9472105,0.0,0.014213197
0.59069335,0.0,0.11147921
0.9003478,0.0,0.05107238
0.84722614,0.0,0.045429446
0.638879,0.0,0.18411362
0.24142186,0.0,0.5050432
0.9089328,0.0,0.24011755
0.43455267,0.0,0.098622516
0.8956265,0.0,0.0
0.87935925,0.0,0.001479376
0.97228426,0.0,0.0
0.81403685,0.0,0.0
0.9202823,0.0,0.011016261
0.97031,0.0,0.04182663
0.9464199,0.0,0.12297561
0.91955495,0.0,0.14521834
0.770762,0.0,0.5928868
0.9637796,0.0,0.35499656
0.79933816,0.0,0.24827671
0.93116415,0.0,0.14680086
0.91714,0.0,0.5884767
0.8423569,0.0,0.4203865
0.92088765,0.0,0.29762778
0.89032996,0.0,0.045537397
0.8414372,0.0,0.10921623
0.9465131,0.0,0.0027846426
0.9215801,0.0,0.0
0.8242161,0.0,0.025896482
0.97485775,0.0,0.009368441
0.6976247,0.0,0.24026777
0.92570204,0.0,0.028825859
0.81064814,0.0,0.24137768
0.9552431,0.0,0.39225546
0.85713464,0.0,0.8814403
0.8276621,0.0,0.54334253
0.92014885,0.0,0.3149993
0.92118865,0.0,0.85501933
0.91145825,0.0,0.46478748
0.9266028,0.0,0.6602945
0.75623995,0.0,0.2928067
0.7500512,0.0,0.39848998
0.7514741,0.0,0.11630898
0.79205185,0.0,0.25658843
0.51847386,0.0,0.17678323
0.79175186,0.0,0.01739969
0.81074727,1.0,0.2800591
0.80062646,1.0,0.24288605
0.5710298,1.0,0.1400952
0.9686572,0.0,0.009400337
0.8136954,1.0,0.5507916
0.8608589,0.0,0.22439891
0.88486195,1.0,0.38473254
0.9669517,0.0,0.111428164
0.89766496,0.0,0.43413925
0.87098336,0.0,0.4152821
0.9439909,0.0,0.008084778
0.73799956,0.0,0.34775212
0.84178054,0.0,0.04912919
0.90927184,0.0,0.06177724
0.8657272,0.0,0.022809476
0.87525797,0.0,0.066326715
0.87784576,0.0,0.14960419
0.895633,0.0,0.20669822
0.9269052,0.0,0.2171634
0.9424537,0.0,0.010920398
0.60929394,0.0,0.52634954
0.7405526,0.0,0.4746453
0.89780897,0.0,0.08134235
0.7126558,0.0,0.20272598
0.9228783,0.0,0.0
0.8947004,0.0,0.0031188536
0.8844903,0.0,0.0218725
0.9814399,0.0,0.0061804256
0.98256826,0.0,0.012419286
0.9541129,0.0,0.01624212
0.986159,0.0,0.01722265
0.9870684,0.0,0.012681361
0.9854109,0.0,0.006893793
0.9053651,1.0,0.14974773
0.8123397,1.0,0.20242615
0.94279224,0.0,0.07546432
0.8404454,0.0,0.077451535
0.9146011,0.0,0.0049162824
0.76830643,0.0,0.004864892
0.93005025,0.0,0.017043404
0.78328896,0.0,0.19661374
0.3022035,0.0,0.16456203
0.7788031,0.0,0.7617314
0.59874684,0.0,0.36862344
0.7598974,0.0,0.63277406
0.75785214,0.0,0.45980465
0.7513335,0.0,0.3326597
0.88986844,0.0,0.04003354
0.2623917,0.0,0.0875966
0.22244936,0.0,0.053485453
0.82945037,0.0,0.08072633
0.76413566,1.0,0.40006724
0.8146598,0.0,0.09493663
0.5984045,1.0,0.364663
0.7409696,1.0,0.5850756
0.94200635,1.0,0.7208512
0.9719697,0.0,0.07570701
0.90899974,1.0,0.40678686
0.9802649,0.0,0.0052758614
0.62009263,1.0,0.36866516
0.80369973,1.0,0.062441356
0.90177107,1.0,0.17472139
0.9673207,1.0,0.5354448
0.90530974,1.0,0.13720568
0.9149198,1.0,0.7670382
0.9635753,0.0,0.6985943
0.8791109,1.0,0.6382262
0.94576347,1.0,0.4448368
0.8606,1.0,0.3558992
0.9759838,0.0,0.008337647
0.9197564,0.0,0.022225056
0.9173068,0.0,0.0053617936
0.93888396,0.0,0.097353026
0.96915853,0.0,0.0
0.88361055,0.0,0.14469506
0.96344495,0.0,0.08785626
0.9605624,0.0,0.07133798
0.82980186,0.0,0.0036816185
0.9296252,0.0,0.16063231
0.9303758,0.0,0.046325676
0.87302095,0.0,0.049315877
0.35898593,0.0,0.389175
0.81598926,0.0,0.51459944
0.45967636,0.0,0.39352378
0.8960867,0.0,0.0055702496
0.5038885,0.0,0.3243325
0.9354729,0.0,0.21524267
0.9121773,0.0,0.33460367
0.72814703,0.0,0.82493585
0.802732,0.0,0.6761866
0.9171497,0.0,0.4945935
0.7656372,0.0,0.39363807
0.94429266,0.0,0.18852891
0.38389254,0.0,0.6354024
0.83805686,0.0,0.2645561
0.97766477,0.0,0.06385076
0.8175735,0.0,0.04069147
0.922107,0.0,0.0
0.87831867,0.0,0.0022838353
0.59886014,0.0,0.0
0.85398644,0.0,0.011061277
0.8272126,0.0,0.010866173
0.94380665,0.0,0.0040751863
0.51177305,0.0,0.03311015
0.3723215,0.0,0.07618314
0.95874465,0.0,0.05838678
0.9193978,0.0,0.013159822
0.90154827,0.0,0.0
0.8574653,0.0,0.014254615
0.76927495,0.0,0.0057791886
0.923757,1.0,0.04420161
0.2523354,0.0,0.012200441
0.91531575,0.0,0.0039389348
0.92246306,0.0,0.08252995
0.8416374,0.0,0.102273755
0.3335536,0.0,0.43722957
0.7853433,0.0,0.14567667
0.830216,0.0,0.78237087
0.8019957,0.0,0.6891174
0.92691374,0.0,0.29823422
0.7138945,0.0,0.7537223
0.9147289,0.0,0.5724155
0.8361192,0.0,0.09880812
0.94621795,0.0,0.18696237
0.88556415,0.0,0.40297487
0.72619915,0.0,0.5109524
0.875713,0.0,0.39347234
0.7574643,0.0,0.37024176
0.7276195,0.0,0.8493854
0.80655646,0.0,0.19579157
0.8796725,0.0,0.48928785
0.898571,0.0,0.3403504
0.7226391,0.0,0.67998856
0.8866827,0.0,0.49332097
0.76613945,0.0,0.13383193
0.80224216,0.0,0.12775484
0.51612866,0.0,0.44724026
0.87738806,0.0,0.22731258
0.82796574,0.0,0.6284042
0.7495535,0.0,0.7396918
0.83601916,0.0,0.5063459
0.8954637,0.0,0.715514
0.84100306,0.0,0.6300619
0.71351486,0.0,1.0
0.90889114,1.0,0.20600334
0.8698306,1.0,0.22684492
0.8249928,0.0,0.0046967333
0.5939952,1.0,0.12633601
0.937281,0.0,0.010001079
0.5954873,0.0,0.09706325
0.89570415,0.0,0.019472789
0.5748532,0.0,0.25570217
0.37054595,0.0,0.3197104
0.7645934,0.0,0.55716777
0.9068401,0.0,0.40545925
0.7999778,0.0,0.0
0.6910353,0.0,0.26541898
0.79571575,0.0,0.036157694
0.8842303,0.0,0.0014402554
0.6876419,0.0,0.057071984
0.7764937,0.0,0.39476785
0.78481233,0.0,0.014297508
0.88252103,0.0,0.007150926
0.896266,0.0,0.2647792
0.81081754,0.0,0.15333258
0.4582531,0.0,0.4742519
0.84462374,0.0,0.20941183
0.88794863,0.0,0.60725605
0.9198047,1.0,0.6786499
0.82524806,1.0,0.6126836
0.7337962,1.0,0.34797502
0.69338524,1.0,0.3849994
0.9058425,1.0,0.096887805
0.68139327,1.0,0.49259683
0.93216825,0.0,0.13632976
0.29654387,0.0,0.5860283
0.9079492,0.0,0.63369584
0.91747344,0.0,0.088031776
0.7908977,1.0,0.36703795
0.84939003,0.0,0.0
0.789219,1.0,0.2563769
0.9225912,0.0,0.025075046
0.5738193,1.0,0.33838817
0.9162311,1.0,0.07545581
0.78554946,1.0,0.4866696
0.86344606,1.0,0.29263496
0.8648665,1.0,0.30930066
0.68490463,0.0,0.42383108
0.8931689,0.0,0.43414015
0.7389836,0.0,0.53214025
0.842038,0.0,0.32867685
0.9392065,0.0,0.0
0.744631,1.0,0.09840183
0.8464083,0.0,0.003464071
0.66167396,1.0,0.047147885
0.8938462,0.0,0.0015268996
0.7174582,1.0,0.33273736
0.84408534,1.0,0.06903557
0.68905103,1.0,0.3679026
0.93010867,1.0,0.46220836
0.7329618,1.0,0.81886023
0.8894013,0.0,0.4935987
0.7623905,0.0,0.14943781
0.92579705,0.0,0.0065135914
0.84279066,0.0,0.024717983
0.7864478,0.0,0.4327896
0.7284866,0.0,0.0
0.9206005,0.0,0.0
0.7892983,0.0,0.28730348
0.87918055,1.0,0.45557883
0.72281057,0.0,0.043583278
0.78352016,0.0,0.0022116473
0.77785105,0.0,0.30327123
0.66112304,0.0,0.40562347
0.8636667,0.0,0.026245447
0.94375217,0.0,0.067363776
0.873611,0.0,0.4555234
0.9259564,0.0,0.14236754
0.7257702,0.0,0.5758921
0.94231087,0.0,0.035566825
0.7665627,0.0,0.8046292
0.80604464,0.0,0.40750715
0.7065393,0.0,0.25407836
0.8010401,0.0,0.5434158
0.8374239,0.0,0.40732965
0.7479396,0.0,0.12934774
0.79262394,0.0,0.05755203
0.8054869,0.0,0.4756495
0.85356915,0.0,0.46053725
0.5668879,0.0,0.5310018
0.8288864,0.0,0.019462312
0.5850255,0.0,0.3504909
0.95147985,0.0,0.031118855
0.7561392,0.0,0.34774098
0.9141296,0.0,0.03913985
0.66299856,1.0,0.3389697
0.957636,0.0,0.0042305784
0.73577535,1.0,0.26335797
0.9678289,1.0,0.34393448
0.65693325,0.0,0.0
0.8338367,0.0,0.24500135
0.96646434,0.0,0.012146227
0.7757452,0.0,0.77860343
0.7139577,0.0,0.4960608
0.87580425,0.0,0.14108965
0.720086,0.0,0.29689148
0.6691986,0.0,0.509071
0.7842888,0.0,0.087948635
0.91984445,0.0,0.0
0.70477057,0.0,0.19986323
0.60844773,0.0,0.43075415
0.71792245,0.0,0.0
0.74819505,0.0,0.0
0.7108182,0.0,0.40280977
0.57415086,0.0,0.3928231
0.83002454,0.0,0.14547835
0.8010302,0.0,0.5639647
0.9452893,0.0,0.03530915
0.64908355,0.0,0.63881946
0.9220973,0.0,0.092669815
0.61202466,0.0,0.38634402
0.90360004,0.0,0.098742425
0.5994845,0.0,0.45673358
0.7441659,0.0,0.40236732
0.5838404,1.0,0.48158938
0.74766725,1.0,0.51630384
0.6915717,1.0,0.3786694
0.8399882,0.0,0.040588424
0.7034905,0.0,0.07620005
0.9492222,0.0,0.0
0.86898583,0.0,0.24335413
0.95137703,0.0,0.019147312
0.60384774,0.0,0.38465253
0.8657616,0.0,0.13217053
0.6169129,0.0,0.43565145
0.8592876,0.0,0.09793091
0.82606286,0.0,0.27704418
0.86195296,0.0,0.04839967
0.912204,0.0,0.1796443
0.6060286,0.0,0.10155157
0.9521127,0.0,0.012307917
0.95008785,0.0,0.0001373348
0.3773394,0.0,0.0595771
0.81093055,0.0,0.028696422
0.9021682,0.0,0.0011150278
0.76553863,0.0,0.069972716
0.6366508,0.0,0.083382465
0.5933875,0.0,0.0
0.85988456,0.0,0.0027807988
0.77939004,0.0,0.29500738
0.9333088,0.0,0.2795008
0.88715494,0.0,0.027052393
0.85238385,0.0,0.5343169
0.9548116,0.0,0.7892976
0.57909966,0.0,0.4867813
0.79982555,0.0,0.49459863
0.8175208,0.0,0.12416414
0.83988124,0.0,0.66799796
0.49512145,0.0,0.47029015
0.848154,0.0,0.12897865
0.8035965,0.0,0.043263517
0.62241346,0.0,0.55879027
0.70056635,0.0,0.68702745
0.81399703,0.0,0.06769889
0.7997423,0.0,0.12531821
0.86389357,0.0,0.612211
0.717783,0.0,0.6121245
0.86683315,0.0,0.028048044
0.86179197,0.0,0.6600711
0.8003235,0.0,0.13182828
0.789359,0.0,0.2921755
0.75162625,0.0,0.5885557
0.8671096,0.0,0.45675558
0.8993337,0.0,0.07707355
0.52207464,0.0,0.53483635
0.51011777,0.0,1.0
0.9373449,0.0,0.43994147
0.6588604,0.0,0.37144604
0.8949306,0.0,0.6065499
0.96157587,0.0,0.3750577
0.8998366,0.0,0.012995268
0.69080293,0.0,0.055486955
0.86623573,0.0,0.0012263058
0.8752144,0.0,0.00023238685
0.9207038,0.0,0.0002941125
0.91263044,0.0,0.0
0.90837383,0.0,2.5751215e-05
0.8774845,0.0,0.0
0.9395898,1.0,0.17973678
0.89979637,0.0,0.0011636675
0.97923136,1.0,0.33381727
0.8437885,1.0,0.34903353
0.97643435,0.0,0.0
0.8371206,1.0,0.314073
0.80030376,1.0,0.7414633
0.757027,0.0,0.06685297
0.9303621,0.0,0.06127135
0.5711888,0.0,0.48929882
0.56191987,0.0,0.14039555
0.794363,0.0,0.0
0.83661073,0.0,0.075854085
0.62080693,0.0,0.30027267
0.7593865,0.0,0.029563827
0.9710977,0.0,0.0
0.9419087,0.0,0.2322766
0.20782264,0.0,0.30262113
0.58281475,0.0,0.0015807443
0.9617712,0.0,0.05272764
0.45153868,0.0,0.52839327
0.7603461,0.0,0.40610564
0.5119616,0.0,0.056987163
0.8810654,0.0,0.5358562
0.9728064,0.0,0.3448608
0.8506038,0.0,0.6701483
0.8639981,0.0,0.4307473
0.77617675,0.0,0.051364824
0.72254753,0.0,0.33225062
0.9294066,0.0,0.0020056055
0.90641695,0.0,0.0
0.5049823,0.0,0.0
0.66014344,0.0,0.0
0.7695433,0.0,0.006118532
0.94883364,0.0,0.00025328086
0.96968126,1.0,0.0137014985
0.9403181,1.0,0.30744863
0.9240328,1.0,0.44298145
0.9754592,0.0,0.17687294
0.6506886,0.0,0.34552684
0.82133,0.0,0.32283697
0.8259767,0.0,0.26793826
0.78177714,0.0,0.03998375
0.68535656,0.0,0.51534176
0.91753983,0.0,0.18035533
0.7942204,0.0,0.111953646
0.91724646,0.0,0.18850169
0.70775133,0.0,0.39126632
0.92400074,0.0,0.22236434
0.85044634,0.0,0.49519637
0.76212084,0.0,0.5560791
0.9349873,0.0,0.039515924
0.96684855,0.0,0.40757152
0.88739794,0.0,0.43390527
0.9056984,0.0,0.021098265
0.7852917,0.0,0.108966164
0.9389133,0.0,0.42613524
0.62375844,0.0,0.15629958
0.8317258,0.0,0.00021459078
0.82475257,0.0,0.5315568
0.8357417,1.0,0.62169284
0.8970807,0.0,0.16868699
0.71187,1.0,0.58956057
0.9339224,1.0,0.12380066
0.8320993,1.0,0.6675379
0.8545343,1.0,0.40329456
0.8677295,1.0,0.47085944
0.81760776,1.0,0.10206165
0.96829873,1.0,0.22464456
0.8416836,0.0,0.0002979842
0.9538048,1.0,0.1438265
0.952852,1.0,0.27107242
0.86307204,0.0,0.0
0.8160685,0.0,0.0
0.96469593,1.0,0.47575203
0.73757637,0.0,0.16963385
0.9547186,0.0,0.0
0.7912675,0.0,0.02934246
0.7052996,0.0,0.41556972
0.33308518,0.0,0.10111165
0.85960674,0.0,0.0
0.8977217,0.0,0.53458667
0.84841096,0.0,0.80126053
0.9147544,0.0,0.34431598
0.90063703,0.0,0.32978195
0.7600594,0.0,0.07755198
0.6761412,0.0,0.658884
0.8051852,0.0,0.80002296
0.90748364,0.0,0.15247469
0.9548551,0.0,0.11736186
0.953046,0.0,0.037364364
0.87844694,0.0,0.015844349
0.97339094,0.0,0.0
0.7584751,0.0,0.00039830382
0.92269,0.0,0.0
0.80121857,0.0,0.0
0.86065674,0.0,0.0
0.74299824,0.0,0.0
0.901004,0.0,0.012785212
0.90403366,0.0,0.32748517
0.768452,0.0,0.16972739
0.781263,1.0,0.5715401
0.89171904,1.0,0.6243355
0.82289016,1.0,0.5982107
0.9336446,1.0,0.07435182
0.93779266,0.0,0.2133536
0.9204782,0.0,0.44808426
0.9693778,1.0,0.3727382
0.9708981,0.0,0.0
0.9539448,0.0,0.24687295
0.91296625,0.0,0.5591889
0.70930135,0.0,0.07735668
0.98145044,0.0,0.0
0.84859085,0.0,0.59794766
0.94069153,0.0,0.28055248
0.9722135,0.0,0.0
0.95821655,0.0,0.2872222
0.92885226,0.0,0.4679574
0.33083764,0.0,0.10714244
0.80450654,0.0,0.37872192
0.968919,0.0,0.042498253
0.7038721,0.0,0.16995709
0.9696296,0.0,0.0
0.44425234,0.0,0.014922568
0.9774426,0.0,0.0
0.9208419,0.0,0.0
0.87898636,0.0,0.019097283
0.9386426,0.0,0.0
0.890426,0.0,0.34926388
0.916946,0.0,0.55637413
0.9132405,0.0,0.18742123
0.69052863,0.0,0.39139867
0.597854,0.0,0.3644178
0.8870225,0.0,0.42461756
0.42282593,0.0,0.054083705
0.69168466,0.0,0.0
0.72084737,0.0,0.1960692
0.86644155,0.0,0.45334256
0.8792539,0.0,0.00073206215
0.95748013,0.0,0.016948996
0.47700146,0.0,0.29617047
0.972843,0.0,0.29144374
0.4299263,0.0,0.59201294
0.90717334,0.0,0.6314837
0.65763056,0.0,0.17270817
0.83707,0.0,0.103556946
0.5444613,0.0,0.1447636
0.61935115,0.0,0.2312949
0.95381635,0.0,0.17546685
0.46584406,0.0,0.5021547
0.8659693,0.0,0.44702828
0.8968115,0.0,0.6785138
0.9360783,0.0,0.59620714
0.6366478,0.0,0.3709575
0.9850311,0.0,0.026538463
0.8083402,0.0,0.118180215
0.8120825,0.0,0.55671483
0.6979055,0.0,0.1984208
0.89288443,0.0,0.0
0.919101,0.0,0.1347187
0.36781868,0.0,0.40927833
0.80083835,0.0,0.20947234
0.9030136,0.0,0.004799722
0.8671579,0.0,0.40001515
0.7166146,0.0,0.705785
0.41958633,0.0,0.20733634
0.95742464,0.0,0.20218351
0.95139635,0.0,0.52515644
0.47027206,0.0,0.7981514
0.49873537,0.0,0.34495905
0.20041485,0.0,0.18574262
0.6122793,0.0,0.16818118
0.70403636,0.0,0.0
0.97396415,0.0,0.011795723
0.9615181,0.0,0.0
0.97353417,0.0,0.013809844
0.7316155,0.0,0.031132413
0.82623786,0.0,0.0
0.72133523,0.0,0.056409337
0.7602367,0.0,0.07989713
0.5064255,0.0,0.123459905
0.8950232,0.0,0.044646043
0.94121426,0.0,0.0
0.81141925,0.0,0.2092679
0.9854358,0.0,0.0011381994
0.4052561,0.0,0.011154644
0.92312634,0.0,0.0030406278
0.9353099,0.0,0.00010246551
0.7896956,0.0,0.13540235
0.71905774,0.0,0.41721806
0.509115,0.0,0.43829894
0.9669416,0.0,0.07515553
0.48702046,0.0,0.3488017
0.19096188,0.0,0.2863064
0.83214885,0.0,0.329253
0.8910532,0.0,0.079758376
0.6708298,0.0,0.25853315
0.9348507,0.0,0.025675137
0.2757809,0.0,0.40376946
0.8261913,0.0,0.33115354
0.45671332,0.0,0.49275953
0.6156665,0.0,0.05221982
0.42484123,0.0,0.4619087
0.3119575,0.0,0.17116134
0.7240403,0.0,0.2656582
0.8585921,0.0,0.48309955
0.5823762,0.0,0.4480007
0.82950425,0.0,0.42300135
0.45899153,0.0,0.71989614
0.44082856,0.0,0.120840766
0.56974584,0.0,0.19419606
0.6436367,0.0,0.045638923
0.38673133,0.0,0.022605445
0.84004796,0.0,0.00032761492
0.7309173,0.0,0.25698408
0.965059,0.0,0.025461918
0.7948524,0.0,0.32778537
0.3421496,0.0,0.24749653
0.3834624,0.0,0.0018017062
0.9143031,0.0,0.2196429
0.72114253,0.0,0.41451007
0.70113397,0.0,0.083112404
0.93970156,0.0,0.003369541
0.9595191,0.0,0.18942602
0.8231715,0.0,0.2271034
0.6591163,0.0,0.0
0.91636163,0.0,0.06376399
0.52497596,0.0,0.5223627
0.6813421,0.0,0.30502355
0.77768695,0.0,0.014724758
0.8139215,0.0,0.06968911
0.8087501,0.0,0.5499165
0.62392163,0.0,0.5191931
0.8461506,0.0,0.25760898
0.7709335,0.0,0.70803505
0.95071596,0.0,0.061715618
0.87280536,0.0,0.37128896
0.90988487,0.0,0.08052694
0.7612763,0.0,0.29328182
0.33278695,0.0,0.2304773
0.9147569,0.0,0.018696262
0.81088793,0.0,0.049374327
0.9474051,0.0,0.0
0.957405,0.0,0.005376591
0.8278416,0.0,0.0
0.5595412,0.0,0.0003015746
0.6257683,0.0,0.001431557
0.37514278,0.0,0.0
0.17878123,0.0,0.011247116
0.8227586,0.0,0.021525707
0.8384622,0.0,0.0058232956
0.5434485,0.0,0.0
0.82775533,0.0,0.0
0.7656744,0.0,0.0024242834
0.9038294,0.0,0.0016419481
0.9728952,0.0,0.0
0.81175715,0.0,0.041880343
0.91745424,0.0,0.46787554
0.6964195,0.0,0.74005127
0.5237383,0.0,0.5004198
0.79121196,0.0,0.03615968
0.3971832,0.0,0.42400604
0.73016196,0.0,0.19848412
0.9111783,0.0,0.16672854
0.92659557,0.0,0.23608701
0.33418906,0.0,0.2439232
0.9686216,0.0,0.0
0.8886871,0.0,0.00038366584
0.8075118,0.0,0.0
0.8638606,0.0,0.037720084
0.09628174,0.0,0.039265845
0.9248703,0.0,0.006213536
0.9402827,0.0,0.034202483
0.49586743,0.0,0.0751055
0.6323881,0.0,0.0050243563
0.8461393,0.0,0.07749211
0.6223745,0.0,0.53248984
0.8416214,0.0,0.08045911
0.95849365,0.0,0.02795013
0.7394429,0.0,0.28688776
0.7173083,0.0,0.3413125
0.49237174,0.0,0.060613032
0.85221475,0.0,0.3806669
0.8078375,0.0,0.66364133
0.2388553,0.0,0.47715878
0.3770293,0.0,0.56984
0.20313221,0.0,0.10979277
0.3341154,0.0,0.3249099
0.21568982,0.0,0.4398112
0.25546554,0.0,0.24205256
0.96320885,0.0,0.008226388
0.72216445,0.0,0.0944918
0.81481016,0.0,0.26591784
0.7184766,0.0,0.19625501
0.75389934,0.0,0.026180157
0.73206824,0.0,0.03221179
0.30519617,0.0,0.003377744
0.2520732,0.0,0.11055809
0.7119701,0.0,0.040383168
0.4544822,0.0,0.008922337
0.7056183,0.0,0.010275487
0.5950197,0.0,0.0035039845
0.7742864,0.0,0.0
0.9107789,0.0,0.00016374433
0.9609628,0.0,0.0
0.62129307,0.0,0.0
0.8340453,0.0,0.008024763
0.41484043,0.0,0.0013419886
0.62995934,0.0,0.20200676
0.52939576,0.0,0.12011973
0.46644053,0.0,0.00080684025
0.81102026,0.0,0.01234863
0.626918,0.0,0.32993537
0.5725367,0.0,0.44134894
0.8515511,0.0,0.25765648
0.30522895,0.0,0.7794976
0.5128156,0.0,0.3654419
0.89009297,0.0,0.021303462
0.94120264,0.0,0.12307253
0.67745924,0.0,0.35757795
0.8678758,0.0,0.26827508
0.96548957,0.0,0.0
0.94781893,0.0,0.4440483
0.8608732,0.0,0.6832427
0.7468473,0.0,0.20460233
0.8142465,0.0,0.3001925
0.7813725,0.0,0.003743442
0.91824126,0.0,0.04069258
0.89313275,0.0,0.014897584
0.8768068,0.0,0.0
0.587199,0.0,0.018675508
0.8508559,0.0,0.00091602164
0.5996933,0.0,0.0
0.69234735,0.0,0.0004433334
0.7651054,0.0,0.00056493626
0.8424848,0.0,0.0012817162
0.6314357,0.0,0.0032649983
0.34641907,0.0,0.069212325
0.36474937,0.0,0.20351079
0.35471314,0.0,0.039522078
0.6868073,0.0,0.0014744158
0.39117607,0.0,0.5425417
0.6821371,0.0,0.2053343
0.868519,0.0,0.5294396
0.8232092,0.0,0.1710527
0.7714565,0.0,0.17578447
0.92753017,0.0,0.018589566
0.7881031,0.0,0.014243514
0.7939501,0.0,0.0009480129
0.77211314,0.0,0.18685937
0.666022,0.0,0.0008946027
0.49174494,0.0,0.0
0.9726739,0.0,0.0055233804
0.96475506,0.0,0.005248535
0.9203933,0.0,0.00023318174
0.6578644,0.0,0.0056192577
0.8332706,0.0,0.0022668021
0.78223205,0.0,0.006499917
0.96830696,0.0,0.0039931354
0.8196519,0.0,0.060738355
0.9144982,0.0,0.0045623058
0.9429859,0.0,0.40330198
0.7385176,0.0,0.47021174
0.7856499,0.0,0.2866435
0.28380272,0.0,0.37020454
0.7803018,0.0,0.06703313
0.8633154,0.0,0.108527355
0.48436725,0.0,0.49942672
0.702177,0.0,0.34584418
0.89759666,0.0,0.01677621
0.88061255,0.0,0.06841023
0.53328794,0.0,0.5887299
0.3988908,0.0,0.29115677
0.88485736,0.0,0.01195864
0.26337817,0.0,0.29543382
0.9364839,0.0,0.029097956
0.7710829,0.0,0.0779147
0.7338987,0.0,0.39984515
0.705571,0.0,0.37774315
0.9391227,0.0,0.00048702257
0.9235433,0.0,0.06745795
0.8540657,0.0,0.08742639
0.5531598,0.0,0.40731898
0.9680504,0.0,0.13931978
0.91084504,0.0,0.24456485
0.9351594,0.0,0.3513153
0.92773277,0.0,0.014306947
0.9230587,0.0,0.050213408
0.813547,0.0,0.24196798
0.67717046,0.0,0.44074464
0.86282784,0.0,0.06665652
0.94863987,0.0,0.13796991
0.40769807,0.0,0.35647127
0.8794812,0.0,0.025752872
0.4290151,0.0,0.35782272
0.8795976,0.0,0.31695458
0.69200766,0.0,0.3841575
0.8161724,0.0,0.62639034
0.7330697,0.0,0.32613954
0.6605457,0.0,0.7421505
0.4274335,0.0,0.70045626
0.50564986,0.0,0.115308054
0.7458042,0.0,0.33456117
0.60992074,0.0,0.0096669085
0.5011809,0.0,0.15059789
0.9674749,0.0,0.003638375
0.97737974,0.0,0.0
0.9776408,0.0,0.0
0.96490556,0.0,0.007648044
0.9615376,0.0,0.013446406
0.9378627,0.0,0.0
0.5056204,0.0,0.08608792
0.08908288,0.0,0.067703
0.14911342,0.0,0.011045291
0.9536495,0.0,0.00477471
0.8866704,0.0,0.0
0.4446844,0.0,0.016665604
0.19423947,0.0,0.013476021
0.8256748,0.0,0.055054583
0.06471564,0.0,0.07435528
0.43998316,0.0,0.13291508
0.9507605,0.0,0.07599534
0.9098348,0.0,0.04905954
0.65243876,0.0,0.5447295
0.52545863,0.0,0.51577854
0.7332237,0.0,0.35186672
0.6201525,0.0,0.3578635
0.9628964,0.0,0.08301217
0.80537707,0.0,0.0
0.88347656,0.0,0.009716045
0.513611,0.0,0.04352726
0.9211161,0.0,0.0028938372
0.6446252,0.0,0.25422034
0.49561518,0.0,0.17242192
0.8158028,0.0,0.040030375
0.96782225,0.0,0.02441135
0.5198689,0.0,0.05236226
0.60567594,0.0,0.008627306
0.327578,0.0,0.0
0.9712757,0.0,0.021448273
0.40749535,0.0,0.0009516249
0.56151813,0.0,0.06013597
0.77563375,0.0,0.08403689
0.6421129,0.0,0.66961527
0.47369692,0.0,0.5732601
0.57349163,0.0,0.23800272
0.6725642,0.0,0.21066417
0.65756077,0.0,0.416845
0.9302126,0.0,0.04674286
0.41727915,0.0,0.6308687
0.4036971,0.0,0.29000032
0.31841365,0.0,0.25049505
0.32144043,0.0,0.0076131513
0.3288502,0.0,0.0
0.75201374,0.0,0.025062567
0.77751803,0.0,0.0012150347
0.67366743,0.0,0.0022699216
0.9695691,0.0,0.008400709
0.93630964,0.0,0.049302753
0.7583557,0.0,0.0
0.7090465,0.0,0.34304792
0.5296762,0.0,0.42557532
0.63080543,0.0,0.012470886
0.61240107,0.0,0.23768236
0.7462365,0.0,0.25806797
0.38264012,0.0,0.033121523
0.8690237,0.0,0.078611195
0.9735638,0.0,0.0012649408
0.812084,0.0,0.005841117
0.31993723,0.0,0.0
0.87968284,0.0,0.0064228554
0.8624249,0.0,0.0
0.9104198,0.0,0.039282527
0.54674184,0.0,0.0057547404
0.64301884,0.0,0.07306887
0.97486395,0.0,0.010349051
0.8950831,0.0,0.16882434
0.9286421,0.0,0.12033805
0.95933163,0.0,0.0037969875
0.8924651,0.0,0.080492616
0.25036275,0.0,0.18788166
0.75650203,0.0,0.21881649
0.906273,0.0,0.0016278399
0.89150554,0.0,0.20744443
0.416864,0.0,0.2788196
0.39341828,0.0,0.54354393
0.8282431,0.0,0.4128391
0.61715114,0.0,0.591132
0.8344972,0.0,0.3849696
0.9353088,0.0,0.01405368
0.6485705,0.0,0.7176794
0.78552514,0.0,0.42157584
0.97253823,0.0,0.34310588
0.89491737,0.0,0.5683014
0.7351232,0.0,0.21580663
0.8664623,0.0,0.011635104
0.8083241,0.0,0.11695885
0.8140949,0.0,0.45709938
0.29293025,0.0,0.18276124
0.97135925,0.0,0.0
0.8188085,0.0,0.40893567
0.797376,0.0,0.45210359
0.7661999,0.0,0.099209
0.24972315,1.0,0.71952426
0.5747693,1.0,0.41660088
0.7979132,0.0,0.068480305
0.46957743,0.0,0.3232699
0.7910588,0.0,0.55149776
0.9325901,0.0,0.013674185
0.8235163,0.0,0.1392339
0.94228435,0.0,0.013774184
0.90658504,0.0,0.0073008514
0.8458362,0.0,0.0067507764
0.98438156,0.0,0.0
0.7741678,0.0,0.26181528
0.13911629,0.0,0.024644844
0.9071284,0.0,0.0018876302
0.486498,0.0,0.054361783
0.9475057,0.0,0.0
0.98142356,0.0,0.04740986
0.7514948,0.0,0.22247201
0.83115435,0.0,0.24672876
0.88395876,0.0,0.124348156
0.64458424,0.0,0.07573021
0.73095304,0.0,0.14323056
0.8820292,0.0,0.10740174
0.9806589,0.0,0.0
0.9664109,0.0,0.15577118
0.96504617,0.0,0.32785308
0.94207746,0.0,0.2313474
0.9543181,0.0,0.30418634
0.79752105,0.0,0.2202437
0.57443875,0.0,0.40950876
0.19458345,0.0,0.53343385
0.45425126,0.0,0.52299017
0.8907915,0.0,0.91673416
0.892158,0.0,0.5032958
0.75654805,0.0,0.15667512
0.55506015,0.0,0.3688616
0.53537613,0.0,0.3533714
0.5570518,0.0,0.10558689
0.49504343,0.0,0.086383075
0.93933225,0.0,0.15733816
0.9722405,0.0,0.01174043
0.73706335,0.0,0.086522885
0.97270036,0.0,0.021478543
0.9581137,0.0,0.0043815067
0.840699,0.0,0.0139470855
0.35251886,0.0,0.03851767
0.8775204,0.0,0.0037360005
0.89746785,0.0,0.020223381
0.96892345,0.0,0.0
0.95020777,0.0,0.010220336
0.17170353,0.0,0.058946528
0.8506081,0.0,0.010507263
0.8146247,0.0,0.10171311
0.72114444,0.0,0.054981504
0.5322205,0.0,0.017283902
0.8137357,0.0,0.081941575
0.8114997,0.0,0.37325844
0.8599531,0.0,0.060073722
0.9348657,0.0,4.9862316e-05
0.5358637,0.0,0.20207629
0.90594375,0.0,0.38087308
0.8580645,0.0,0.13410117
0.9314077,0.0,0.17153044
0.83481115,0.0,0.6153981
0.7369636,0.0,0.33812207
0.57089794,1.0,0.4311824
0.890663,0.0,0.07767634
0.31498653,1.0,0.6443846
0.86358917,0.0,0.2670536
0.73973745,0.0,0.0060328445
0.8718049,0.0,0.24656823
0.96514666,0.0,0.0077619995
0.24787185,0.0,0.00055011606
0.667308,0.0,0.07612054
0.7862422,0.0,0.56477314
0.9299416,0.0,0.23212916
0.9321357,0.0,0.0
0.7787366,0.0,0.25965777
0.19500324,0.0,0.07728256
0.2679067,0.0,0.2541633
0.49183315,0.0,0.11320999
0.96538526,0.0,0.010160126
0.962125,0.0,0.0060450723
0.15623887,0.0,0.2810887
0.7665529,0.0,0.039353322
0.2189082,0.0,0.0005905863
0.9631645,0.0,0.0
0.5311321,0.0,0.09371476
0.78334993,0.0,0.012558523
0.7906588,0.0,0.121556796
0.65475947,1.0,0.25981036
0.5658997,0.0,0.0918306
0.9052557,1.0,0.3332154
0.88458526,0.0,0.011420471
0.4388891,0.0,0.1358365
0.9127324,0.0,0.06625792
0.8920389,0.0,0.060629487
0.90748745,0.0,0.48823565
0.7979833,0.0,0.34333858
0.6491609,0.0,0.3885218
0.17902274,0.0,0.2990303
0.6551418,0.0,0.023444643
0.4718334,0.0,0.10686476
0.9422066,0.0,0.019648414
0.5287741,0.0,0.06690529
0.8412843,0.0,0.007690022
0.769511,0.0,0.013797614
0.93686503,0.0,0.0
0.5621931,0.0,0.0048175743
0.14509186,0.0,0.010605234
0.8816881,0.0,0.0
0.7537122,0.0,0.0
0.15916294,0.0,0.14202823
0.83123636,0.0,0.31279784
0.7501049,0.0,0.33131084
0.41251266,0.0,0.51423407
0.41855374,0.0,0.09483902
0.7918675,0.0,0.016071076
0.21377125,0.0,0.67806864
0.6332527,0.0,0.22915182
0.8854583,0.0,0.034409504
0.7582652,0.0,0.42778328
0.76059526,0.0,0.3432283
0.93228227,0.0,0.026888877
0.8309472,0.0,0.31568596
0.85659456,0.0,0.6816207
0.25145745,0.0,0.2781291
0.9111318,0.0,0.5134333
0.72302634,0.0,0.49894154
0.72533363,0.0,0.43905622
0.70637876,0.0,0.35665125
0.8164255,0.0,0.3834436
0.86156726,0.0,0.29086643
0.9092889,0.0,0.020111915
0.780022,0.0,0.5809776
0.6795362,1.0,0.31662652
0.7593017,1.0,0.44438457
0.7350911,1.0,0.6212292
0.5533928,1.0,0.6125664
0.56903523,1.0,0.43495017
0.61208135,1.0,0.6265778
0.4408928,1.0,0.34022957
0.94446117,1.0,0.16367099
0.18631005,1.0,0.4014817
0.5317071,1.0,0.6282815
0.54332536,0.0,0.1924936
0.9076073,0.0,0.035351127
0.52419573,0.0,0.46451256
0.24074355,0.0,0.15273131
0.74853516,0.0,0.007819972
0.6971393,0.0,0.31884697
0.29820234,0.0,0.5254605
0.9497013,0.0,0.021490995
0.93416977,0.0,0.018777976
0.6530646,0.0,0.60989827
0.8663725,0.0,0.5707214
0.859672,0.0,0.013666765
0.936495,0.0,0.30028743
0.42047086,0.0,0.5781477
0.7105438,0.0,0.6465354
0.68794775,0.0,0.32837212
0.5144722,0.0,0.7468575
0.42388484,0.0,0.6598165
0.7426322,0.0,0.3351077
0.8007545,0.0,0.48704132
0.5557433,0.0,0.7175872
0.6576355,0.0,0.66712147
0.53479916,0.0,0.1713507
0.7042059,0.0,0.32415932
0.6654595,0.0,0.05400343
0.5246761,0.0,0.6173236
0.59695345,0.0,0.35369426
0.7272215,0.0,0.10012408
0.6688473,0.0,0.2937196
0.72264487,0.0,0.53620356
0.48793814,1.0,0.454548
0.7722797,1.0,0.08171018
0.57561976,0.0,0.4584402
0.71467036,1.0,0.4728441
0.9177523,0.0,0.3921162
0.78317255,0.0,0.74901533
0.9285987,0.0,0.33962363
0.83946234,0.0,0.08466584
0.9020874,0.0,0.3617659
0.79621035,0.0,0.35517356
0.36522198,0.0,0.07264031
0.7177072,1.0,0.4994691
0.8727404,1.0,0.69919354
0.80021626,1.0,0.6860567
0.9136587,1.0,0.17685314
0.30048597,1.0,0.030435747
0.9270604,1.0,0.33542627
0.6491751,1.0,0.28469235
0.9679455,0.0,0.0016982147
0.9800064,0.0,0.021256763
0.9022549,1.0,0.44305423
0.17321038,1.0,0.36653978
0.61997354,0.0,0.09284389
0.39415786,0.0,0.5846172
0.3445773,0.0,0.28497854
0.23868443,0.0,0.25353476
0.589343,0.0,0.34842283
0.7143219,0.0,0.3212993
0.9505512,0.0,0.36595997
0.9626543,0.0,0.27915865
0.66931885,0.0,0.6890768
0.85130286,0.0,0.40471864
0.49444306,0.0,0.41029245
0.652385,0.0,0.08150885
0.96413165,0.0,0.12885727
0.47656718,0.0,0.19878276
0.7281614,0.0,0.21192636
0.67276734,0.0,0.22488365
0.6394433,0.0,0.16727073
0.96065867,0.0,0.0
0.3585613,0.0,0.27148038
0.8069259,0.0,0.00204221
0.64717275,0.0,0.41082466
0.50631016,0.0,0.5309975
0.73560447,0.0,0.1594205
0.18447995,0.0,0.32553762
0.9428324,0.0,0.0039828047
0.9160866,0.0,0.0910084
0.9583274,0.0,0.0
0.36387986,0.0,0.11958003
0.8309693,0.0,0.18928419
0.5395324,0.0,0.036294706
0.63992095,0.0,0.35908827
0.9567559,0.0,0.23572946
0.8123048,0.0,0.75189084
0.8562527,0.0,0.17562018
0.5426305,1.0,0.4751986
0.6186889,1.0,0.5554252
0.86296,0.0,0.15798064
0.94586587,1.0,0.13412789
0.77502143,1.0,0.4836698
0.9310709,0.0,0.06446151
0.3980844,0.0,0.03539547
0.7517408,1.0,0.05560751
0.83358717,1.0,0.23216856
0.6123967,0.0,0.0
0.85496163,0.0,0.042023633
0.7277118,1.0,0.3499173
0.50035226,1.0,0.44607496
0.70022064,0.0,0.094691075
0.34997007,0.0,0.25403237
0.4154419,0.0,0.043890767
0.83942825,0.0,0.34732598
0.7864585,0.0,0.23367876
0.86159194,0.0,0.5292694
0.82915044,0.0,0.048527315
0.95442396,0.0,0.030737013
0.7525474,0.0,0.12861054
0.8680044,0.0,0.23285238
0.8799478,0.0,0.1392397
0.85063565,0.0,0.03268229
0.9704057,0.0,0.0
0.98209894,1.0,0.12911434
0.83593214,1.0,0.048023887
0.68439484,1.0,0.30717835
0.92708194,0.0,0.3933667
0.7187298,0.0,0.37970167
0.6973453,0.0,0.6199132
0.81583816,0.0,0.59155214
0.5015034,0.0,0.62844074
0.9426057,0.0,0.6667543
0.53562266,0.0,0.19227937
0.29271173,0.0,0.2939644
0.433816,0.0,0.03381784
0.55688536,0.0,0.082508534
0.7136596,0.0,0.04601169
0.91025114,0.0,0.010224432
0.767867,0.0,0.091959916
0.75129306,0.0,0.2569198
0.87514347,0.0,0.19174816
0.866712,0.0,0.16775952
0.6393784,0.0,0.57694507
0.33463702,0.0,0.29921567
0.78445363,0.0,0.14487629
0.89916056,0.0,0.08427587
0.78043336,0.0,0.0
0.20563705,0.0,0.18517345
0.7831925,0.0,0.3726433
0.9269767,0.0,0.12752569
0.69423807,0.0,0.0077600726
0.39115477,0.0,0.3602008
0.4383622,0.0,0.6436585
0.9063579,0.0,0.30705342
0.47395697,0.0,0.33741152
0.8130693,0.0,0.12751536
0.508241,0.0,0.48355156
0.8629141,0.0,0.20069863
0.6130883,0.0,0.3713383
0.657996,0.0,0.13119395
0.8912438,0.0,0.00021020406
0.9247195,0.0,0.03268675
0.8607326,0.0,0.36234197
0.8566231,0.0,0.013131793
0.9302682,0.0,0.0
0.90792775,0.0,0.20015496
0.8932369,0.0,0.037922066
0.86047894,0.0,0.003424487
0.96047753,0.0,0.0
0.9106241,0.0,0.064227104
0.8887598,0.0,0.0
0.62531704,0.0,0.0
0.9623379,0.0,0.056010257
0.8414871,0.0,0.1563151
0.25923944,0.0,0.0
0.80388784,0.0,0.051989347
0.7102118,0.0,0.35525808
0.47500634,0.0,0.28154343
0.88712287,0.0,0.3829774
0.5159251,0.0,0.8356601
0.7498765,0.0,0.56703854
0.6575472,0.0,0.79220796
0.65172803,0.0,0.4657495
0.72406405,0.0,0.1305806
0.77220416,0.0,0.058607332
0.7221917,0.0,0.15534885
0.96294636,0.0,0.02595644
0.9585056,0.0,0.0
0.96188104,0.0,0.0
0.6787913,0.0,0.0021943857
0.91258746,0.0,0.09033594
0.71515125,0.0,0.06565459
0.97520626,0.0,0.012015699
0.6955374,0.0,0.11673266
0.9592847,0.0,0.0
0.875346,0.0,0.41747525
0.3716478,0.0,0.07604143
0.9381414,0.0,0.0030809925
0.82202,0.0,0.16780703
0.9392824,0.0,0.0
0.8885299,0.0,0.1811895
0.89086705,0.0,0.75333285
0.21599337,0.0,0.47773224
0.8905412,0.0,0.16747804
0.67684746,0.0,0.086687006
0.9818633,0.0,0.0
0.9785413,0.0,0.0022557494
0.87533176,0.0,3.500611e-05
0.96782404,0.0,0.068767674
0.7411341,0.0,0.095081665
0.936988,0.0,0.0
0.82856524,0.0,0.07381926
0.59362125,0.0,0.13072462
0.95363444,0.0,0.0
0.90312696,0.0,0.0
0.9035913,0.0,0.14529727
0.96277636,0.0,0.11348519
0.8009438,0.0,0.3257381
0.8367828,0.0,0.37270457
0.8393332,0.0,0.7086451
0.7335082,0.0,0.4940469
0.7351074,0.0,0.52734184
0.76977956,0.0,0.39587712
0.9156173,0.0,0.23019691
0.67435,0.0,0.281841
0.9012914,0.0,0.2719087
0.7259998,0.0,0.3487543
0.6843536,0.0,0.19800301
0.4404875,0.0,0.3825757
0.86165583,0.0,0.66231036
0.5418632,0.0,0.30779254
0.75732034,0.0,0.21212287
0.9231606,0.0,0.121382855
0.6309342,0.0,0.18539771
0.7841077,0.0,0.33587456
0.7694378,0.0,0.06752426
0.7370349,0.0,0.04729901
0.8694808,0.0,0.049905434
0.9773113,0.0,0.013102807
0.7497862,0.0,0.040398568
0.6092718,0.0,0.102203116
0.9678218,0.0,0.10700435
0.49492764,0.0,0.002452223
0.76544154,0.0,0.21547683
0.76014227,0.0,0.47312576
0.92465013,0.0,0.54599005
0.88826776,0.0,0.12917104
0.8595779,0.0,0.31617928
0.92193276,0.0,0.24343656
0.8050469,0.0,0.59890914
0.7687513,0.0,0.43668568
0.6374618,0.0,0.05841562
0.58382374,0.0,0.31911504
0.94557285,0.0,0.07017674
0.7933294,0.0,0.01830294
0.85916626,0.0,0.21047698
0.804891,0.0,0.2820908
0.89177614,0.0,0.13622627
0.6813383,0.0,0.016917234
0.9106061,0.0,0.02121607
0.88030344,0.0,0.0
0.9670087,0.0,0.04543716
0.8665829,0.0,0.003740442
0.9527305,0.0,0.00085992826
0.5793482,0.0,0.0
0.7281691,0.0,0.0017561837
0.80500907,0.0,0.0009127098
0.85441345,0.0,0.015547879
0.7631728,0.0,0.0008837937
0.7469421,0.0,0.0
0.9074901,0.0,0.0
0.6975978,0.0,0.082988895
0.74217427,0.0,0.08323626
0.9562931,0.0,0.0
0.653504,0.0,0.18536167
0.5428142,0.0,0.2795888
0.32613713,0.0,0.70542336
0.4564446,0.0,0.6085917
0.76242584,0.0,0.45054027
0.7903507,0.0,0.3188173
0.67278135,0.0,0.16171654
0.33507887,0.0,0.546367
0.91629636,0.0,0.086028926
0.16213627,0.0,0.25620764
0.1461876,0.0,0.19503921
0.72429276,0.0,0.0
0.6188445,0.0,0.015647441
0.4988557,0.0,0.3205362
0.39879507,0.0,0.4535248
0.39087713,0.0,0.35651055
0.8573287,0.0,0.08089225
0.4066092,0.0,0.5028266
0.5639144,0.0,0.6688345
0.25219938,0.0,0.6739937
0.5624973,0.0,0.045212843
0.8897375,0.0,0.29728302
0.33951968,0.0,0.2246863
0.47371426,0.0,0.63287824
0.13148183,0.0,0.29652587
0.6975067,0.0,0.0022393838
0.71619433,0.0,0.3716581
0.4628423,0.0,0.47481155
0.25710046,0.0,0.06768268
0.81146103,0.0,0.014501842
0.8573463,0.0,0.16841826
0.67613584,0.0,0.49449784
0.15422873,0.0,0.39323345
0.37515518,0.0,0.70521295
0.26033205,0.0,0.32430616
0.72957844,0.0,0.18360268
0.6671106,0.0,0.06641565
0.10661011,0.0,0.5734036
0.74730796,0.0,0.21359272
0.41595486,0.0,0.1420533
0.19924793,0.0,0.7153807
0.5669273,0.0,0.18996018
0.92633927,0.0,0.0025490026
0.39448252,0.0,0.4106633
0.85729206,0.0,0.43498456
0.9508567,0.0,0.2228311
0.4988871,0.0,0.34720516
0.747784,0.0,0.015018965
0.5992635,0.0,8.958586e-05
0.78952855,0.0,0.34447592
0.21281137,0.0,0.19109459
0.8691826,0.0,0.0034412201
0.84824175,0.0,0.0041497983
0.7703293,0.0,0.46664533
0.63216394,0.0,0.016909465
0.9486722,0.0,0.0
0.26428553,0.0,0.37648696
0.26096487,0.0,0.15464658
0.9477368,0.0,0.0
0.7400112,0.0,0.0414121
0.19706212,0.0,0.33594143
0.3604669,0.0,0.5645481
0.38821942,0.0,0.4793618
0.9504061,0.0,0.077258974
0.75475425,0.0,0.5195328
0.8482994,0.0,0.40984502
0.4726153,0.0,0.054785337
0.13736019,0.0,0.16963442
0.37920594,0.0,0.47600406
0.8007363,0.0,0.03509574
0.19460437,0.0,0.35440296
0.6031056,0.0,0.3684281
0.9405582,0.0,0.00014011071
0.7696681,0.0,0.30199638
0.43944326,0.0,0.44822818
0.1392736,0.0,0.26171052
0.7527351,0.0,0.0014871791
0.5188853,0.0,0.24882574
0.25287724,0.0,0.41525504
0.8090862,0.0,0.02998421
0.92175597,0.0,0.24002002
0.41788337,0.0,0.57843095
0.40654418,0.0,0.48356435
0.3531923,0.0,0.3166876
0.54687124,0.0,1.0
0.7983649,0.0,0.72425926
0.9149862,0.0,0.7429013
0.64315176,0.0,0.73414886
0.20728754,0.0,0.22341824
0.274612,0.0,0.23539567
0.115671955,1.0,0.49370843
0.6064555,1.0,0.07163702
0.19718333,1.0,0.7038829
0.9017415,0.0,0.032319423
0.23261906,0.0,0.31909776
0.25297624,1.0,0.40152866
0.72149456,1.0,0.06863344
0.9336653,0.0,0.010894694
0.6039761,1.0,0.45346206
0.17887965,1.0,0.28364184
0.89916605,0.0,0.030015118
0.7623759,0.0,0.14717908
0.5023522,1.0,0.49594977
0.70719725,0.0,0.21023272
0.8867277,0.0,0.016469026
0.78679377,0.0,0.50589114
0.7069855,0.0,0.5001984
0.71476316,0.0,0.46029982
0.3807252,0.0,0.0063545527
0.29502654,0.0,0.4129509
0.25354162,0.0,0.50156206
0.48136228,0.0,0.039808262
0.8208687,0.0,0.13296276
0.4577634,0.0,0.7132138
0.45600998,0.0,0.24386832
0.79396194,0.0,0.039508678
0.355284,0.0,0.27511337
0.84289974,0.0,0.011919457
0.13739645,0.0,0.14100526
0.83282894,0.0,0.05693885
0.45999718,0.0,0.076939456
0.8238687,0.0,0.088667095
0.29115206,0.0,0.3348089
0.8474282,0.0,0.015795087
0.6666013,0.0,0.39306116
0.48562294,0.0,0.44889697
0.89947236,0.0,0.121704705
0.1518028,0.0,0.54107535
0.6203458,0.0,0.685852
0.2153225,0.0,0.41838863
0.21125984,0.0,0.54705554
0.4026094,0.0,0.17348196
0.7109451,0.0,0.03347916
0.16004725,0.0,0.19784212
0.837843,0.0,0.029942414
0.67215306,0.0,0.024386667
0.95220524,0.0,0.010966079
0.6296021,0.0,0.050266154
0.91966635,0.0,0.012639721
0.56697166,0.0,0.52803683
0.21558307,0.0,0.47972706
0.8212784,0.0,0.695559
0.46794528,0.0,0.612324
0.8132176,0.0,0.11167998
0.64307714,0.0,0.26130432
0.9019376,0.0,0.06898299
0.7696421,0.0,0.20394395
0.6946951,0.0,0.47632807
0.5251132,0.0,0.38859582
0.726611,0.0,0.2903634
0.4387154,0.0,0.7950574
0.22009742,0.0,0.45446154
0.55970496,0.0,0.7448842
0.84411526,0.0,0.24296688
0.42960182,0.0,0.40350732
0.9573146,0.0,0.22997338
0.3114057,0.0,0.23840296
0.8596765,0.0,0.07897294
0.3545238,0.0,0.20535591
0.9829001,0.0,0.046278395
0.94151515,0.0,0.12296504
0.9409613,0.0,0.08738061
0.89845484,0.0,0.5605481
0.78856504,0.0,0.09859083
0.7970356,0.0,0.041042924
0.74568325,1.0,0.2904404
0.53726435,0.0,0.086431615
0.8538817,0.0,0.20505276
0.94729525,0.0,0.07929215
0.26806936,1.0,0.43523738
0.82457733,0.0,0.4955506
0.47522134,1.0,0.64081264
0.9113001,0.0,0.73887116
0.5354123,0.0,0.5833027
0.6317941,0.0,0.2661552
0.24723794,0.0,0.27984497
0.3707973,0.0,0.070728496
0.89139545,0.0,0.18685512
0.9168158,0.0,0.59215415
0.45525762,0.0,0.8223282
0.35995877,0.0,0.60630745
0.64399654,0.0,0.5160865
0.52154386,0.0,0.3780349
0.9542701,0.0,0.7393439
0.39124197,0.0,0.22813891
0.8220331,0.0,0.39669013
0.5129975,0.0,0.3436503
0.762534,0.0,0.15724415
0.22926028,0.0,0.43537104
0.6580669,0.0,0.70526206
0.45193273,0.0,0.054740164
0.8377211,0.0,0.17263687
0.95940876,0.0,0.4855383
0.6839554,0.0,0.66451573
0.2268332,0.0,0.5147987
0.90016943,0.0,0.26358223
0.5029922,0.0,0.47705796
0.5321454,0.0,0.3095124
0.897271,0.0,0.14250864
0.5686562,0.0,0.18085021
0.78913766,1.0,0.3023291
0.41750467,1.0,0.5389831
0.7135984,1.0,0.5670399
0.5511361,1.0,0.78674024
0.23123795,1.0,0.58732605
0.6952961,1.0,0.7784932
0.73148036,1.0,0.7329214
0.5580092,1.0,1.0
0.91378534,0.0,0.5679186
0.8501768,0.0,0.114027575
0.6518815,0.0,0.86244816
0.78343576,0.0,0.32810304
0.92142874,0.0,0.1719101
0.66185915,0.0,0.5652577
0.93434894,0.0,0.92893285
0.9533468,0.0,0.317675
0.6095201,0.0,0.6770252
0.9599542,0.0,0.10897321
0.65767014,0.0,0.42956075
0.72031593,0.0,0.58765274
0.40455502,0.0,0.53899485
0.8745143,0.0,0.24872689
0.81251705,0.0,0.1936969
0.4990998,0.0,0.13752337
0.51633906,0.0,0.15402633
0.76952666,0.0,0.09532572
0.4160628,0.0,0.381429
0.4573234,0.0,0.13743412
0.94441843,0.0,0.04107702
0.47335768,0.0,0.06452044
0.9460724,0.0,0.29167876
0.6590121,0.0,0.51204777
0.6840992,1.0,0.4625786
0.54680604,0.0,0.25237396
0.8096902,1.0,0.43061015
0.3262759,0.0,0.09911079
0.7290556,1.0,0.3911022
0.6831064,0.0,0.0009920696
0.43660468,1.0,0.18052663
0.89441717,0.0,0.2130148
0.33621022,1.0,0.4210343
0.79176044,0.0,0.00952022
0.6449503,0.0,0.5303675
0.8536304,0.0,0.003321044
0.23649406,0.0,0.36329117
0.67585236,0.0,0.00034638456
0.2526449,0.0,0.17007025
0.76015097,0.0,0.10327244
0.80600363,0.0,0.2168791
0.57666975,0.0,0.6671845
0.59546894,0.0,0.29044977
0.15308355,0.0,0.6045981
0.6555585,0.0,0.7403727
0.48707098,0.0,0.21323003
0.55923665,0.0,0.18620154
0.658572,0.0,0.50919205
0.7242634,0.0,0.04867146
0.43430904,0.0,0.4701788
0.25721672,0.0,0.5304652
0.47124395,0.0,0.02957219
0.5759056,1.0,0.25137284
0.8062907,0.0,0.0012537548
0.5859419,1.0,0.40443778
0.9376677,0.0,0.0065226764
0.7507643,1.0,0.3306802
0.9519805,0.0,0.007481868
0.72704,1.0,0.32314426
0.86730486,0.0,0.18176062
0.1907302,1.0,0.57638437
0.31723127,1.0,0.5396993
0.9113915,0.0,0.018499002
0.36977878,1.0,0.13929941
0.9579152,0.0,0.014898232
0.6732708,1.0,0.36372882
0.80239636,1.0,0.017587552
0.98229676,1.0,0.20220757
0.9207525,0.0,0.016486397
0.9138431,1.0,0.20698129
0.6539749,1.0,0.4838156
0.8072513,0.0,0.0063372
0.4200488,0.0,0.19667682
0.57373685,0.0,0.23368026
0.28141272,0.0,0.37204972
0.37222022,0.0,0.0033720396
0.859082,0.0,0.0
0.15444215,0.0,0.06438955
0.17297113,0.0,0.025851302
0.693881,0.0,0.0072570015
0.33814827,0.0,0.022343338
0.34425113,0.0,0.007064969
0.8226729,0.0,0.00035837467
0.7319698,0.0,0.01634956
0.43902496,0.0,0.072478496
0.7486093,0.0,0.0070801834
0.9035906,0.0,0.01814642
0.39313,0.0,0.10313124
0.6278012,0.0,0.010672615
0.37316504,0.0,0.0
0.8172803,0.0,0.0
0.25935498,0.0,0.015570219
0.49750832,0.0,0.002749529
0.7073197,0.0,0.023419697
0.92309123,0.0,0.011882568
0.42988583,1.0,0.35178834
0.67788255,0.0,0.3277053
0.23746699,0.0,0.29845878
0.25579122,0.0,0.63908446
0.58882904,0.0,0.5009139
0.78350526,0.0,0.1301909
0.38709715,0.0,0.44658062
0.5107638,0.0,0.05369515
0.77754587,0.0,0.0017609202
0.8997766,0.0,0.0064770193
0.4424178,0.0,0.0687526
0.8437091,0.0,0.10116778
0.6388464,0.0,0.01828621
0.545388,0.0,5.527609e-05
0.87202215,0.0,0.02022046
0.3229931,0.0,0.18548393
0.90984607,0.0,0.029230105
0.44754672,0.0,0.33727527
0.84487575,0.0,0.02622168
0.24951623,0.0,0.4383916
0.9675735,0.0,0.029421814
0.31647316,0.0,0.20200814
0.91639066,0.0,0.0020355093
0.29024047,0.0,0.22670327
0.87348443,0.0,0.028388785
0.5537921,0.0,0.3896868
0.37825903,0.0,0.7842478
0.7602236,0.0,0.35666957
0.5778028,0.0,0.68866277
0.7167595,0.0,0.4909761
0.4022902,0.0,0.399745
0.87837845,0.0,0.009523678
0.60176027,0.0,0.25350484
0.89098936,0.0,0.008314704
0.7152268,0.0,0.44419906
0.14391653,0.0,0.030959768
0.31113556,0.0,0.3253654
0.96294284,0.0,0.008203055
0.45768818,0.0,0.47110397
0.9264124,0.0,0.011354909
0.5297967,0.0,0.3048292
0.78331834,0.0,0.2934766
0.61600924,0.0,0.75953585
0.8660616,0.0,0.6087553
0.92931587,0.0,0.4251496
0.84321594,1.0,0.25449923
0.45866126,0.0,0.013751008
0.2655523,0.0,0.19052984
0.89608365,0.0,0.019220319
0.6482707,0.0,0.35737503
0.7861604,0.0,0.032023404
0.34620616,0.0,0.3323677
0.7979032,0.0,0.02184758
0.2599872,0.0,0.42144278
0.7881789,0.0,0.1533257
0.5241701,0.0,0.16941379
0.7245276,0.0,0.010033336
0.5987891,0.0,0.14339328
0.5471165,0.0,0.5483036
0.81807715,0.0,0.06506565
0.5288467,0.0,0.38251856
0.34356073,0.0,0.44638675
0.54075074,0.0,0.4003604
0.71924096,0.0,0.04495879
0.42030084,0.0,0.4043179
0.66392064,0.0,0.09370165
0.33115217,0.0,0.40766767
0.9203019,0.0,0.056936633
0.26179954,0.0,0.4978463
0.6224577,0.0,0.5405132
0.92752856,0.0,0.1408449
0.38504052,0.0,0.44608045
0.7936142,0.0,0.059714545
0.46305346,0.0,0.34475008
0.7756798,0.0,0.046561
0.59477794,0.0,0.36642003
0.8845935,0.0,0.1628032
0.9474706,0.0,0.48286197
0.4315759,0.0,0.62743837
0.8007996,0.0,0.21585031
0.7935092,0.0,0.297654
0.9197303,0.0,0.029664183
0.6960352,0.0,0.32214043
0.9766051,0.0,0.05205552
0.92666334,0.0,0.566232
0.9582843,0.0,0.1191563
0.4226979,0.0,0.47503158
0.833888,0.0,0.09728589
0.16056798,0.0,0.49737018
0.8697663,0.0,0.040176414
0.34867114,0.0,0.22353056
0.84947515,0.0,0.07904398
0.80999327,0.0,0.41773093
0.66663027,0.0,0.40475613
0.6721475,0.0,0.77832144
0.8257221,0.0,0.7443787
0.43603373,0.0,0.40090892
0.8309547,0.0,0.4739174
0.09416881,0.0,0.49263823
0.57735527,0.0,0.28208143
0.1687059,0.0,0.34856674
0.9059161,0.0,0.014463951
0.19186634,0.0,0.2982305
0.94247776,0.0,0.031318784
0.5507121,0.0,0.5289971
0.22252168,0.0,0.068884976
0.30067167,0.0,0.22941533
0.7893787,0.0,0.0048923604
0.42761844,0.0,0.33933273
0.92894864,0.0,0.06575886
0.3648571,0.0,0.50899583
0.6729061,0.0,0.36024603
0.9258876,0.0,0.93271124
0.6647192,0.0,1.0
0.9134527,0.0,0.7967524
0.87573236,0.0,0.21878585
0.77411526,0.0,0.29754642
0.89282376,0.0,0.5270314
0.6262258,0.0,0.2919188
0.26340038,0.0,0.05253527
0.36287162,0.0,0.13525626
0.7913421,0.0,0.014093515
0.82487977,0.0,0.28281808
0.85385376,0.0,0.025722802
0.48809764,0.0,0.32936463
0.69118017,0.0,0.33667386
0.46706507,0.0,0.04236736
0.543252,1.0,0.47865695
0.7205315,1.0,0.056161437
0.53002715,1.0,0.53825504
0.9286154,0.0,0.087890364
0.61807936,0.0,0.29737356
0.85425776,0.0,0.48484558
0.74908817,0.0,0.58723736
0.44090572,1.0,0.53669196
0.65742475,0.0,0.39964727
0.8937636,1.0,0.15266289
0.81865805,0.0,0.0037773186
0.74271303,1.0,0.39321396
0.93695176,1.0,0.013415969
0.8529844,1.0,0.09897063
0.94116104,0.0,0.015917987
0.9135532,0.0,0.059101567
0.73184806,0.0,0.01829535
0.889472,0.0,0.24901636
0.91748905,0.0,0.002914047
0.8709301,0.0,0.025493886
0.82519287,0.0,0.2248652
0.8280465,0.0,0.57104135
0.78670186,0.0,0.75515544
0.5163539,0.0,0.5072932
0.43483734,0.0,0.09298214
0.74196136,0.0,0.0
0.70943534,0.0,0.09027319
0.7318706,0.0,0.008375504
0.4726789,0.0,0.39653268
0.79970515,0.0,0.0
0.46448487,0.0,0.42460704
0.6306729,1.0,0.21368818
0.7471465,0.0,0.1224817
0.67001075,0.0,0.7927616
0.73117775,0.0,0.73412484
0.6526469,0.0,0.27818382
0.6706156,0.0,0.20963939
0.45664087,0.0,0.032474548
0.7997857,0.0,0.0058854865
0.58143497,0.0,0.07121507
0.95597684,0.0,0.0050227726
0.29294556,0.0,0.3939318
0.94480765,0.0,0.008127052
0.61607856,0.0,0.22403026
0.4473573,0.0,0.73224616
0.38310283,0.0,0.8200751
0.3042538,0.0,0.12460435
0.16513579,0.0,0.12586226
0.92466295,0.0,0.0064184177
0.8604442,0.0,0.00776132
0.9356608,0.0,0.0026866214
0.8629447,0.0,0.011128532
0.7515605,0.0,0.0
0.77153313,0.0,0.08800763
0.9432025,0.0,0.028190976
0.7973956,0.0,0.18034911
0.9238212,0.0,0.06416977
0.7718509,0.0,0.00954234
0.75134987,0.0,0.011469441
0.70133543,0.0,0.029284777
0.4496489,0.0,0.21546942
0.9762615,0.0,0.29599914
0.35642514,0.0,0.6202716
0.44537765,0.0,0.77995104
0.46630096,0.0,0.77187985
0.1902472,0.0,0.27844197
0.44612044,0.0,0.59309536
0.19913742,0.0,0.49679244
0.40580806,0.0,0.10481466
0.6128912,0.0,0.7910273
0.7476949,0.0,0.0950362
0.23985277,0.0,0.44276786
0.95361036,0.0,0.12408576
0.4562278,0.0,0.5111218
0.7280684,0.0,0.13196011
0.24431716,0.0,0.66476715
0.1498092,0.0,0.22007807
0.9642901,0.0,0.019757409
0.6391812,0.0,0.5404273
0.5027987,0.0,0.39541867
0.9133762,0.0,0.061481506
0.51600105,0.0,0.21632391
0.78603184,0.0,0.42845595
0.8386505,0.0,0.25192276
0.7867773,0.0,0.5773381
0.7961164,0.0,0.11418938
0.5695273,0.0,0.5534724
0.4377391,0.0,0.8185822
0.94208825,0.0,0.18036467
0.54071575,0.0,0.61322796
0.7138306,0.0,0.37411296
0.6290067,0.0,0.5841532
0.7458496,0.0,0.72573787
0.9336351,0.0,0.6454973
0.43398073,0.0,0.8423085
0.23284702,0.0,0.71165115
0.9057043,0.0,0.048132665
0.38676992,0.0,0.30850902
0.7360161,0.0,0.0
0.9529482,0.0,0.09310113
0.40354276,0.0,0.00035438736
0.97556835,0.0,0.17429918
0.4435412,0.0,0.0028020302
0.8548493,0.0,0.08940846
0.75718844,0.0,0.41072825
0.79893,0.0,0.4044942
0.65818536,0.0,0.3091799
0.6315824,0.0,0.35484695
0.9494914,0.0,0.14192016
0.9531834,0.0,0.12041738
0.54188496,0.0,0.46067286
0.7679512,0.0,0.07020676
0.7134406,0.0,0.27402732
0.79918164,0.0,0.019609658
0.9599973,0.0,0.011975921
0.81168747,0.0,0.5517415
0.7186595,0.0,0.17228048
0.6304468,0.0,0.46888223
0.5966062,0.0,0.0030514565
0.2817646,0.0,0.3104629
0.95128477,0.0,0.108551085
0.092474006,0.0,0.2571949
0.8335869,0.0,0.07416196
0.5410649,0.0,0.014060996
0.60757774,0.0,0.55291444
0.8230373,0.0,0.2532153
0.8505594,0.0,0.18737759
0.8448316,0.0,0.6310641
0.75514567,0.0,0.48580602
0.812671,0.0,0.5328052
0.5868056,0.0,0.3665363
0.64676946,0.0,0.5732587
0.59989643,0.0,0.12042722
0.26683074,0.0,0.37220648
0.79833156,0.0,0.009165302
0.1646576,0.0,0.2714864
0.8857988,0.0,0.030646134
0.26800597,0.0,0.12173461
0.9656998,0.0,0.016592301
0.8525523,0.0,9.765219e-05
0.92313427,0.0,0.1417113
0.8950061,0.0,0.065196656
0.61243355,0.0,0.30642405
0.61659807,0.0,0.5712484
0.40403426,0.0,0.6016732
0.49467537,0.0,0.008742858
0.87944156,0.0,0.21927069
0.65090567,0.0,0.516375
0.63622135,0.0,0.39374456
0.7246035,0.0,0.073994786
0.5826992,0.0,0.037892647
0.7059377,0.0,0.81992394
0.30536434,0.0,0.5332755
0.9588233,0.0,0.042922053
0.42388386,0.0,0.17775533
0.8934396,0.0,0.0
0.9187962,0.0,0.0139817055
0.9775279,0.0,0.0
0.87785375,0.0,0.0
0.71449906,0.0,0.0
0.9400137,0.0,0.0102708135
0.91462314,0.0,0.26205558
0.8402066,0.0,0.048778027
0.6068267,0.0,0.28372812
0.2919765,0.0,0.048986305
0.91292804,0.0,0.0
0.9104953,0.0,0.0071505373
0.7354116,0.0,0.0067051267
0.8935319,0.0,0.14569026
0.16355748,0.0,0.059977006
0.58220094,0.0,0.0008502454
0.9557795,0.0,0.1012566
0.9064444,0.0,0.5389928
0.62874293,0.0,0.36728546
0.37144333,0.0,0.20616403
0.4199287,0.0,0.7804621
0.82936263,0.0,0.216119
0.5456869,0.0,0.16239725
0.31396937,0.0,0.15707237
0.5355103,0.0,0.14795287
0.69342244,0.0,0.0039399522
0.48918328,0.0,0.059441715
0.8173055,0.0,0.0016870826
0.915206,0.0,0.0
0.87298626,0.0,0.0014036401
0.6424673,0.0,0.0
0.6530219,1.0,0.43583858
0.3026309,1.0,0.40383708
0.33444908,1.0,0.46583083
0.08905331,1.0,0.4509703
0.7048739,0.0,0.020612897
0.7168577,0.0,0.07013211
0.945456,0.0,0.00027685077
0.6196949,0.0,0.029509615
0.8635216,0.0,0.0004119856
0.7846969,0.0,0.047855664
0.653442,0.0,0.1659736
0.426872,0.0,0.3369269
0.44940326,0.0,0.7468752
0.7815864,0.0,0.2034686
0.7321558,0.0,0.08471724
0.6202659,0.0,0.06590506
0.53887826,1.0,0.52323335
0.470054,1.0,0.5045595
0.90438735,1.0,0.20094639
0.68718445,0.0,0.04624184
0.5071967,1.0,0.62884307
0.8519467,1.0,0.6411328
0.7960537,0.0,0.0930522
0.48433647,1.0,0.22685711
0.761264,0.0,0.20186749
0.7447925,0.0,0.0077767423
0.27970403,0.0,0.41623437
0.8672289,0.0,0.10994143
0.5205766,0.0,0.18363616
0.25747812,0.0,0.5861724
0.4792304,0.0,0.34830564
0.20541859,0.0,0.81136125
0.30846348,0.0,0.7584706
0.7675662,0.0,0.16687775
0.54114485,0.0,0.100875266
0.8737225,0.0,0.06697334
0.8387968,0.0,0.019356353
0.4241953,0.0,0.06484988
0.8188894,0.0,0.00021972154
0.16259187,0.0,0.012058233
0.916817,0.0,0.009230581
0.33371553,0.0,0.36607674
0.901814,0.0,0.14527197
0.89750236,0.0,0.0014320347
0.13510418,0.0,0.17020857
0.7597166,0.0,0.026556002
0.43089196,0.0,0.31950593
0.16061999,0.0,0.74924225
0.17345567,0.0,0.52817154
0.65741307,0.0,0.5261659
0.85556704,0.0,0.010042818
0.23121066,0.0,0.66017884
0.9439228,0.0,0.20790909
0.29297078,0.0,0.4588833
0.42900985,0.0,0.8104255
0.5442454,0.0,0.5606907
0.77935547,0.0,0.045727003
0.8951586,0.0,0.11555478
0.89760953,0.0,0.3695092
0.40680796,0.0,0.46079928
0.5791323,0.0,0.009410834
0.47814423,0.0,0.10497138
0.94541025,0.0,0.004868212
0.9186566,0.0,0.110004745
0.9467721,0.0,0.0
0.9738029,0.0,0.037980553
0.87253046,0.0,0.013783102
0.7241061,0.0,0.2000845
0.9220559,0.0,0.31253368
0.564667,0.0,0.17145124
0.95198995,0.0,0.08369579
0.7893351,0.0,0.00573458
0.5613481,0.0,0.17820713
0.6554856,0.0,0.005996703
0.4313695,0.0,0.22748682
0.54670686,0.0,0.32315785
0.13268416,0.0,0.22265948
0.73836225,0.0,0.0
0.9418219,0.0,0.09846382
0.7109187,0.0,0.513183
0.2955414,0.0,0.2023318
0.930886,0.0,0.00819363
0.9388224,0.0,0.044235263
0.2144839,0.0,0.36763236
0.8125833,0.0,0.19979818
0.8082175,0.0,0.0
0.43177235,0.0,0.18728136
0.65813535,0.0,0.6074569
0.86575925,0.0,0.29192042
0.77923095,0.0,0.026325835
0.7694265,0.0,0.6516358
0.66313076,0.0,0.7088964
0.32816565,0.0,0.5758287
0.35226095,0.0,0.5172402
0.43194884,0.0,0.50286275
0.22687384,0.0,0.49139985
0.19347018,0.0,0.24360509
0.29333597,0.0,0.6875799
0.89824736,0.0,0.3234474
0.525601,0.0,0.27342972
0.518456,0.0,0.70355946
0.6760621,0.0,0.4622582
0.5622916,0.0,0.07368499
0.5170005,0.0,0.4279284
0.4200617,0.0,0.20044675
0.91074824,0.0,0.0035525754
0.94505244,0.0,0.047996297
0.6994598,0.0,0.045033935
0.85503453,0.0,0.1497333
0.567057,0.0,0.7522684
0.4497205,0.0,0.31257355
0.63657176,0.0,0.06609303
0.5295237,0.0,0.40478653
0.20485805,1.0,0.57179135
0.25109673,1.0,0.41495323
0.8146962,1.0,0.6746646
0.6496232,1.0,0.113605715
0.6731069,1.0,0.21840523
0.7479443,1.0,0.13603616
0.43975785,0.0,0.20471875
0.9297089,0.0,0.061065093
0.7659117,0.0,0.0624505
0.4296588,1.0,0.31633222
0.92113686,0.0,0.0
0.234522,1.0,0.1410495
0.86642444,0.0,0.009710941
0.6967375,0.0,0.107463315
0.9480354,0.0,0.02625127
0.3572992,0.0,0.21603575
0.76127934,0.0,0.6996416
0.83481324,1.0,0.7109033
0.90116936,1.0,0.25000072
0.5077552,1.0,0.39209142
0.97494024,0.0,0.00040810983
0.5227141,1.0,0.20274854
0.96884346,0.0,0.0075695775
0.7645778,1.0,0.10058506
0.9777426,0.0,0.013815578
0.76978236,1.0,0.27837348
0.7119246,0.0,0.004389952
0.95231146,0.0,0.0010398774
0.9501347,1.0,0.0450083
0.91530484,0.0,0.16745473
0.33980453,1.0,0.50920594
0.9166709,0.0,0.2910585
0.68599,0.0,0.5465647
0.10155063,0.0,0.82439613
0.5351818,0.0,0.22189198
0.4573703,0.0,0.08267193
0.8369337,0.0,0.0
0.9453116,0.0,0.0
0.8435506,0.0,0.00016935113
0.7389249,0.0,0.0005508636
0.93398046,0.0,0.005624639
0.52045226,0.0,0.08347314
0.42734316,0.0,0.2084032
0.89684975,0.0,0.17089568
0.2099556,0.0,0.8390817
0.72737414,0.0,0.790747
0.5307482,0.0,1.0
0.69541025,0.0,0.7824427
0.64519215,0.0,0.17962989
0.8782063,0.0,0.0027977368
0.81310546,0.0,0.010245366
0.9665617,0.0,0.12776448
0.96508735,0.0,0.0007591488
0.9700862,0.0,0.007370402
0.9725046,0.0,0.0013397892
0.8693389,1.0,0.056568626
0.5282428,0.0,0.0
0.8474086,0.0,0.0
0.9257629,1.0,0.024503984
0.80219364,1.0,0.07869515
0.9194496,0.0,0.01053306
0.6515608,0.0,0.0
0.9090121,0.0,0.002066568
0.693008,0.0,0.012962373
0.9480158,0.0,0.0
0.7717192,0.0,0.02251254
0.93805104,0.0,0.069235116
0.6503625,0.0,0.47642532
0.47013924,0.0,0.5977897
0.27414107,0.0,0.50997895
0.7331029,0.0,0.26079103
0.9450731,0.0,0.0
0.9645081,0.0,0.0
0.9102392,0.0,0.016850166
0.96072483,1.0,0.038927518
0.76274216,1.0,0.2879874
0.8843472,0.0,0.039080754
0.87986284,1.0,0.27199012
0.94738746,1.0,0.53868204
0.81569743,1.0,0.5998645
0.5467581,1.0,0.2584903
0.8898301,1.0,0.13691631
0.94126064,0.0,0.0
0.5728201,1.0,0.30742368
0.7237189,1.0,0.61622936
0.55245364,0.0,0.23845118
0.8749164,0.0,1.0
0.846406,0.0,0.47471568
0.8843335,0.0,0.43252975
0.9001793,0.0,0.23567708
0.7608417,0.0,0.65874916
0.8175712,0.0,0.5884787
0.7804163,0.0,0.23382503
0.83216107,0.0,0.4578423
0.8117919,0.0,0.61549133
0.6691387,0.0,0.56233335
0.5396996,0.0,0.40052778
0.8141359,0.0,0.47150302
0.80862993,0.0,0.30066583
0.71944076,0.0,0.33555427
0.6942594,0.0,0.10301779
0.9521327,0.0,0.30356786
0.54362196,0.0,0.15556887
0.8223616,0.0,0.40382987
0.6138909,0.0,0.248979
0.9053079,0.0,0.0
0.47527406,0.0,0.37500185
0.40348426,0.0,0.5821192
0.76018286,0.0,0.02156088
0.8916704,0.0,0.3725288
0.7781203,1.0,0.6700771
0.92596114,1.0,0.26412308
0.50528777,0.0,0.0224741
0.7093396,0.0,0.42150518
0.47998512,0.0,0.40078324
0.455601,0.0,0.0
0.64665484,0.0,0.0993501
0.82380235,0.0,0.68404216
0.9005278,0.0,0.15286653
0.09721104,0.0,0.40377778
0.84356517,0.0,0.26396298
0.85712993,0.0,0.0
0.83289057,0.0,0.1748053
0.36584577,0.0,0.4629732
0.69854516,0.0,0.06739343
0.48120698,0.0,0.0
0.3678627,0.0,0.3300879
0.84274113,0.0,0.397836
0.67323786,0.0,0.080901206
0.5338865,0.0,0.0077296426
0.65761334,0.0,0.5612377
0.2284545,1.0,0.481801
0.3705525,1.0,0.29387146
0.935511,1.0,0.7199022
0.93788505,1.0,0.19781256
0.79224294,0.0,0.1096079
0.63237107,1.0,0.17780401
0.4609337,1.0,0.096449405
0.84621227,0.0,0.0
0.23924874,0.0,0.14004196
0.9029753,0.0,0.0
0.9016262,0.0,0.10579865
0.62688327,0.0,0.23774412
0.9831581,0.0,0.20997542
0.94745326,0.0,0.0077141635
0.7375284,0.0,0.27499175
0.68034047,0.0,0.44205192
0.896897,0.0,0.00441551
0.8945152,0.0,0.40221563
0.8255046,0.0,0.3647731
0.32667544,0.0,0.09174883
0.6432293,0.0,0.42792884
0.70898026,0.0,0.213762
0.7325781,0.0,0.68015486
0.66797775,0.0,0.36224747
0.3954693,0.0,0.42796034
0.58453053,0.0,0.0865877
0.92053187,0.0,0.16146022
0.88781077,0.0,0.40507782
0.6358117,0.0,0.22738956
0.931048,0.0,0.0
0.8141122,0.0,0.49667856
0.8387216,0.0,0.47691426
0.86655545,0.0,0.039527267
0.904306,0.0,0.12637304
0.8508359,0.0,0.2961602
0.37928376,0.0,0.20481223
0.80458784,0.0,0.061960656
0.91073775,0.0,0.008013614
0.945892,0.0,0.32242134
0.7737515,0.0,0.33522767
0.5171591,1.0,0.4254936
0.9846245,1.0,0.07909457
0.94514465,1.0,0.70373577
0.8848115,0.0,0.31495318
0.5656536,1.0,0.33225858
0.7113765,1.0,0.056303825
0.8243779,1.0,0.43255892
0.7815189,1.0,0.13464548
0.8177672,1.0,0.36158437
0.8850097,1.0,0.5818695
0.3798017,1.0,0.50884515
0.8029345,0.0,0.072481975
0.3449804,1.0,0.1672929
0.7527644,0.0,0.27150244
0.7630785,0.0,0.5279639
0.721977,0.0,0.027547605
0.93582064,0.0,0.3731139
0.6203257,0.0,0.55062735
0.4769104,0.0,0.3594536
0.7548711,0.0,0.075931154
0.7009432,0.0,0.38998947
0.76728517,0.0,0.38010317
0.64818347,0.0,0.0933199
0.7782403,0.0,0.4973412
0.5003932,0.0,0.34697247
0.6389987,0.0,0.35321885
0.83909255,0.0,0.074682765
0.6887607,0.0,0.011493536
0.58062994,0.0,0.38208842
0.21577653,0.0,0.57737815
0.95873445,0.0,0.012939101
0.30937853,0.0,0.051165625
0.4085128,0.0,0.34414604
0.70031613,1.0,0.4125791
0.81128865,0.0,0.0013445776
0.81460464,0.0,0.16679569
0.8281044,0.0,0.3034216
0.46225134,1.0,0.31178546
0.87456846,0.0,0.0032708577
0.67242634,1.0,0.30785102
0.38859355,1.0,0.5831508
0.56446135,1.0,0.3520483
0.9640284,1.0,0.02205759
0.76256925,0.0,0.07284744
0.69693905,0.0,0.3220855
0.51740587,1.0,0.34267202
0.69803494,0.0,0.0
0.6002722,1.0,0.18069977
0.29231766,1.0,0.6033206
0.7151626,0.0,0.108856775
0.3087376,0.0,0.73373026
0.25350618,0.0,0.39247867
0.7928552,0.0,0.027019538
0.36226875,0.0,0.44296378
0.64761186,0.0,0.3781378
0.69732064,0.0,0.12257793
0.9683261,0.0,0.11006981
0.85763353,0.0,0.368951
0.7273668,0.0,0.5375432
0.8643298,0.0,0.690258
0.40815115,0.0,1.0
0.8341312,0.0,0.6776049
0.8085099,0.0,0.48859715
0.82544875,0.0,0.5989045
0.8270881,0.0,0.5740823
0.8090833,0.0,0.52913
0.8447307,0.0,0.6062444
0.61747664,0.0,0.2014336
0.63072467,0.0,0.35050917
0.76475596,0.0,0.13405861
0.8370085,0.0,0.12958089
0.32740846,0.0,0.2953322
0.3132394,0.0,0.4000681
0.7481787,0.0,0.5916346
0.80092126,0.0,0.18452147
0.9066406,0.0,0.059857093
0.43702194,0.0,0.35042998
0.3493084,0.0,0.3708703
0.8058901,0.0,0.0011887691
0.6704948,0.0,0.29284915
0.7442707,0.0,0.74457693
0.6320535,0.0,0.40409473
0.26076972,0.0,0.6914984
0.6910502,0.0,0.21763542
0.1727651,0.0,0.21510397
0.85182106,0.0,0.009549654
0.26641175,0.0,0.46017814
0.98917925,0.0,0.08383434
0.81574994,0.0,0.10483634
0.6376479,0.0,0.14250593
0.6717065,0.0,0.03336961
0.58950824,0.0,0.01775094
0.5696577,0.0,0.31193998
0.3165077,0.0,0.053712677
0.73447376,0.0,0.037051346
0.41028816,0.0,0.12730254
0.7953512,0.0,0.30692786
0.4965157,0.0,0.35755518
0.627821,0.0,0.026688121
0.67336005,0.0,0.0027065484
0.69009143,0.0,0.43348476
0.6613299,0.0,0.15894584
0.43716788,0.0,0.0025960556
0.9350406,0.0,0.091038376
0.9280441,0.0,0.046677932
0.93347555,0.0,0.026999414
0.49721807,0.0,0.37737313
0.7450981,0.0,0.3074781
0.77549917,0.0,0.6700887
0.76814914,0.0,0.21302167
0.7430893,0.0,0.42910945
0.55652094,0.0,0.7385982
0.5887283,0.0,0.059533324
0.7354116,0.0,0.7611014
0.45995355,0.0,0.34825155
0.74195224,0.0,0.511061
0.82844263,0.0,0.26852718
0.5128673,0.0,0.5314972
0.7476953,0.0,0.18391731
0.33721262,0.0,0.8283005
0.4876085,0.0,0.5155631
0.26825175,0.0,0.74125236
0.73139936,0.0,0.30264
0.29975483,0.0,0.7980702
0.55689186,0.0,0.19878684
0.58148265,0.0,0.32273778
0.5149869,0.0,0.6693931
0.92004514,0.0,0.41191703
0.90478975,0.0,0.08009926
0.866919,0.0,0.14483036
0.9885025,0.0,0.0
0.85245514,0.0,0.23859324
0.7103558,0.0,0.6139172
0.27654165,0.0,0.39396894
0.32275596,0.0,0.082494035
0.6263994,0.0,0.5283795
0.38871902,0.0,0.4000539
0.94847643,0.0,0.00197257
0.59728736,0.0,0.49453855
0.89056844,0.0,0.053403914
0.92622495,0.0,0.0007052687
0.9129485,0.0,0.42719457
0.7361939,0.0,0.17684084
0.90835065,0.0,0.07231738
0.934837,0.0,0.024002267
0.8912698,1.0,0.078724004
0.19974983,1.0,0.0032119176
0.93658084,1.0,0.010325203
0.673919,1.0,0.09485088
0.9257059,1.0,0.003314512
0.71379614,1.0,0.00556313
0.87273103,0.0,0.00035067223
0.8857896,1.0,0.00020295463
0.91863286,1.0,0.011703981
0.9728641,0.0,0.0
0.8484734,0.0,0.014037371
0.96955115,0.0,0.013485193
0.98167706,0.0,0.00024604658
0.97298765,0.0,0.0
0.9057086,0.0,0.048324503
0.96226627,0.0,0.0
0.9729297,0.0,0.00043211505
0.9308472,0.0,0.0029369046
0.695623,0.0,0.0038874755
0.8938639,0.0,0.00028667014
0.90300894,0.0,0.0
0.966324,0.0,0.0030734274
0.8473579,0.0,0.037345067
0.9281149,0.0,0.24874811
0.8014606,0.0,0.054051295
0.18810561,0.0,0.49541602
0.891876,0.0,0.44194815
0.6773229,0.0,0.67682594
0.887195,0.0,0.29370582
0.65189546,0.0,0.3305493
0.70220697,0.0,0.20807894
0.36445662,0.0,0.19443336
0.44769135,0.0,0.0028159996
0.9612019,0.0,0.00093748904
0.9781758,0.0,0.026542999
0.12697607,0.0,0.045824513
0.5360171,0.0,0.0
0.33319038,0.0,0.00057926733
0.3506807,0.0,0.03185917
0.47040033,0.0,0.087962545
0.9538358,0.0,0.09249283
0.9505102,0.0,0.093207695
0.78588605,0.0,0.39937386
0.60904783,0.0,0.71846926
0.7422787,0.0,0.4712699
0.9580921,0.0,0.008066797
0.7542425,1.0,0.18246457
0.79874367,1.0,0.45299602
0.8058159,0.0,0.12153459
0.9756056,1.0,0.0029352803
0.45283934,1.0,0.40459818
0.78111595,1.0,0.0036100307
0.7532894,1.0,0.0
0.37234277,1.0,0.23751198
0.81189924,1.0,0.08185553
0.93627024,0.0,0.034005992
0.7985343,0.0,0.12511788
0.96842825,0.0,0.00033209403
0.83751583,0.0,0.0
0.5406178,0.0,0.20209883
0.78762907,0.0,0.005138807
0.87585557,0.0,0.0005737919
0.7719111,0.0,0.2818926
0.78117526,0.0,0.4483724
0.6324268,0.0,0.32642296
0.6705179,0.0,0.0
0.5712234,0.0,0.00039785545
0.9557368,0.0,0.0
0.9032355,0.0,0.055868465
0.8579796,0.0,0.0069990507
0.853302,0.0,0.026390696
0.6206309,0.0,0.3510509
0.76726896,0.0,0.3187348
0.61707664,0.0,0.5354202
0.8164038,0.0,0.23927757
0.6227262,0.0,0.64387864
0.7520499,0.0,0.43274754
0.8761329,0.0,0.11033195
0.9528044,0.0,0.0022073013
0.6850172,0.0,0.059961185
0.80845326,0.0,0.057477504
0.94251734,0.0,0.045422982
0.8447618,0.0,0.37960178
0.7628912,0.0,0.12580204
0.78252244,0.0,0.33225197
0.74814427,0.0,0.1885741
0.96148515,1.0,0.031463563
0.4294566,1.0,0.2829164
0.94458115,1.0,0.045206092
0.8729186,1.0,0.09742516
0.9004205,0.0,0.53507656
0.3688615,0.0,0.79054976
0.49964702,1.0,0.53621656
0.59539634,0.0,0.5769941
0.4060386,1.0,0.41492915
0.5211971,0.0,0.35478953
0.81767684,1.0,0.5392806
0.9468644,1.0,0.02806724
0.40374747,1.0,0.18485774
0.5800611,1.0,0.12021691
0.4031098,1.0,0.6007483
0.61563873,0.0,0.25255552
0.5705483,0.0,0.6831669
0.51180863,0.0,0.2450653
0.72565144,0.0,0.26623207
0.6076792,0.0,0.7120827
0.97198236,0.0,0.27099675
0.68490565,0.0,0.3264876
0.79136604,0.0,0.50854063
0.7223061,0.0,0.61455077
0.9656214,0.0,0.08075112
0.71903056,0.0,0.3583396
0.7933968,0.0,0.76740235
0.8730351,0.0,0.8474193
0.9159291,0.0,0.27962527
0.6366548,0.0,0.62494564
0.8935957,0.0,0.34391913
0.7553246,0.0,0.50016844
0.9299061,0.0,0.023963679
0.7034083,0.0,0.5058957
0.72828174,0.0,0.5615435
0.7621856,0.0,0.06070927
0.8625949,0.0,0.08088979
0.94174546,0.0,0.12145888
0.8934873,0.0,0.2975694
0.97723216,0.0,0.06890408
0.7067761,0.0,0.5563005
0.8147393,0.0,0.35094222
0.96056145,0.0,0.026759382
0.9108523,0.0,0.06129027
0.8516785,0.0,0.11387397
0.95860887,0.0,0.02291604
0.958845,0.0,0.03871401
0.66526103,0.0,0.36126056
0.8085505,0.0,0.26447558
0.9060554,0.0,0.22252683
0.77473176,0.0,0.620949
0.7019225,0.0,0.061222948
0.95125276,0.0,0.0035658083
0.9290399,0.0,0.051034037
0.9459352,0.0,0.020770025
0.79928577,0.0,0.012625357
0.8463487,0.0,0.0
0.8014038,0.0,0.2838465
0.8267509,0.0,0.46929774
0.8932146,0.0,0.14527507
0.85196453,0.0,0.0
0.8366866,0.0,0.0
0.9721129,0.0,0.0014662753
0.5695908,0.0,0.00090127334
0.9681848,0.0,0.004226005
0.94544667,1.0,0.007281101
0.9293031,0.0,0.0026956047
0.752873,0.0,0.07385915
0.97438306,1.0,0.0
0.8619709,0.0,0.18857701
0.6910218,0.0,0.008556338
0.4899287,0.0,0.0
0.7381353,0.0,0.00061964773
0.8011378,1.0,0.008261468
0.8678188,1.0,0.01552549
0.87959874,0.0,0.00062638
0.72031146,1.0,0.35498592
0.8455997,0.0,0.29903552
0.76349133,0.0,0.059058122
0.6588976,0.0,0.0025037625
0.8973372,0.0,0.001064499
0.60753244,0.0,0.22765397
0.9062849,0.0,0.25067627
0.70214385,0.0,0.19821306
0.86233544,0.0,0.20201263
0.90803844,0.0,0.2351176
0.7579193,1.0,0.4883985
0.896528,1.0,0.4751493
0.632453,1.0,0.09298237
0.7080414,1.0,0.21363932
0.75048244,1.0,0.07095511
0.88922894,1.0,0.0
0.9709226,1.0,0.0073621455
0.97696066,0.0,0.01353488
0.9640798,0.0,0.0060528703
0.9812874,0.0,0.0016194232
0.75818074,0.0,0.0
0.8994703,0.0,0.0
0.8883814,0.0,0.008378005
0.79961145,0.0,0.00083925383
0.32017803,0.0,0.5242823
0.5189511,0.0,0.28114066
0.31195843,0.0,0.7707261
0.7361364,0.0,0.6211284
0.25799394,0.0,0.093822554
0.21994467,0.0,0.29097182
0.93724877,0.0,0.10364899
0.88323927,0.0,0.0010204571
0.32694644,0.0,0.0752596
0.9747431,0.0,0.0
0.9686886,0.0,0.014171448
0.74093544,0.0,0.005615447
0.8525438,0.0,0.022408703
0.7905978,1.0,0.028149322
0.56730455,0.0,0.104588665
0.6560676,0.0,0.38191724
0.5486559,1.0,0.36448768
0.9416938,1.0,0.0018164624
0.94235736,0.0,0.16227998
0.42419523,0.0,0.29926196
0.37497073,0.0,0.5099384
0.8591763,0.0,0.0
0.83882457,0.0,0.07179372
0.9300149,0.0,0.005471935
0.5104163,0.0,0.1569075
0.95517516,0.0,0.0
0.88945514,0.0,0.06917197
0.80952466,0.0,0.06703763
0.9080742,0.0,0.33501688
0.29669923,0.0,0.5768114
0.65407926,0.0,0.2666337
0.49422213,0.0,0.12803169
0.96768904,0.0,0.13629696
0.8209482,0.0,0.20386517
0.9705161,0.0,0.00039878045
0.8204594,0.0,0.03297033
0.8706487,0.0,0.33491832
0.53113806,1.0,0.24519244
0.9552523,0.0,0.007356581
0.92728484,0.0,0.055330325
0.98425287,0.0,0.0
0.96477926,0.0,2.5197303e-05
0.9098821,0.0,0.27008814
0.9109517,0.0,0.01420624
0.9427882,0.0,0.20442966
0.756557,0.0,0.40451714
0.70581204,0.0,0.9385453
0.5669404,0.0,0.62833786
0.4582012,0.0,0.55405015
0.72348857,0.0,0.0593567
0.46835798,0.0,0.6366219
0.8554153,0.0,0.2313734
0.7275077,0.0,0.42655227
0.6559128,0.0,0.6416179
0.6500511,0.0,0.5671232
0.7218595,0.0,0.09774573
0.84116966,0.0,0.34526017
0.9646204,0.0,0.23192722
0.91273654,0.0,0.32660675
0.8187728,0.0,0.7003538
0.953779,0.0,0.29125872
0.6452154,0.0,0.7545751
0.68885857,0.0,0.29554665
0.6812685,0.0,0.0020252557
0.92821014,0.0,0.07591198
0.73678553,0.0,0.35054496
0.3422587,0.0,0.18334855
0.88721216,0.0,0.0
0.61768436,0.0,0.18923485
0.9426972,0.0,0.45935816
0.8386241,0.0,0.34435531
0.95635474,0.0,0.13813925
0.6151606,0.0,0.5870893
0.7935393,0.0,0.6426582
0.85910845,0.0,0.34868065
0.7724442,0.0,0.16040553
0.9269349,0.0,0.08267473
0.7664505,0.0,0.25216022
0.21808504,0.0,0.12139657
0.96912205,0.0,0.0
0.9565237,0.0,0.06481107
0.5427551,0.0,0.046598125
0.85034555,0.0,0.014283818
0.8711094,0.0,0.0
0.47603473,0.0,0.012992589
0.94358015,0.0,0.0
0.97303075,0.0,0.0070001744
0.9801671,0.0,0.010702265
0.17050318,0.0,0.24693255
0.50447756,0.0,0.4767704
0.8787662,0.0,0.31606397
0.87583965,0.0,0.42228028
0.65222716,0.0,0.66276973
0.64438283,0.0,0.21292292
0.97990716,0.0,0.22456834
0.46095783,0.0,0.32833117
0.9468238,0.0,0.0
0.6932792,0.0,0.0037752604
0.7211697,0.0,0.13434014
0.15850404,0.0,0.2522542
0.8531299,0.0,0.0
0.9678087,0.0,0.0
0.35854277,0.0,0.27921885
0.86887497,0.0,0.010838796
0.6658097,0.0,0.027228037
0.87335443,0.0,0.14732708
0.71178114,0.0,0.10349274
0.74072933,0.0,0.2551553
0.45229107,1.0,0.36799976
0.42823106,0.0,0.36090633
0.38282415,1.0,0.09780166
0.8806764,0.0,0.66797626
0.8573045,0.0,0.22802825
0.9638209,0.0,0.0
0.87462175,0.0,0.03155313
0.7589498,0.0,0.08578139
0.85019886,0.0,0.0
0.6820103,0.0,0.0
0.6826574,0.0,0.51604307
0.302383,0.0,0.3257875
0.91566634,0.0,0.0
0.9554556,0.0,0.106177144
0.74612075,0.0,0.608348
0.3824678,0.0,0.33042985
0.90942925,0.0,0.30773118
0.8795026,0.0,0.43569863
0.8834839,0.0,0.30379027
0.75584775,0.0,0.04956769
0.5146543,0.0,0.25212598
0.5269583,0.0,0.5138534
0.98260015,0.0,0.0010080109
0.7404451,0.0,0.025543222
0.8980906,0.0,0.06454741
0.8150333,0.0,0.16118667
0.75165904,0.0,0.020248836
0.9454993,0.0,0.0073070796
0.5357035,1.0,0.09731024
0.952832,0.0,0.0035878194
0.8267957,0.0,0.04156121
0.9471598,1.0,0.07272521
0.87274647,1.0,0.30175552
0.7699435,1.0,0.29431194
0.81550163,0.0,0.50907373
0.90098226,0.0,0.35303727
0.3315216,0.0,0.20159675
0.7574698,0.0,0.448987
0.34649217,0.0,0.27726525
0.97021466,0.0,0.0021141963
0.9258235,0.0,0.016182465
0.66443336,0.0,0.29195142
0.632307,0.0,0.106796086
0.9304599,0.0,0.00361682
0.90991884,0.0,0.28933728
0.43075255,0.0,0.17798238
0.87903416,0.0,0.023195373
0.96799535,0.0,0.0
0.9223727,0.0,0.42528227
0.79535615,0.0,0.23492384
0.8474664,0.0,0.100015335
0.8166729,0.0,0.75262076
0.8598903,0.0,0.5377344
0.9032948,0.0,0.10652124
0.91054153,0.0,0.30237308
0.86759764,0.0,0.5605606
0.9159929,0.0,0.19464831
0.8713639,0.0,0.4441494
0.95130783,0.0,0.895077
0.77717245,0.0,0.8169514
0.88764805,0.0,0.7283773
0.9210318,0.0,0.9012012
0.9279534,0.0,0.57827944
0.92131853,0.0,0.7981764
0.902438,0.0,0.62553704
0.94764566,0.0,0.4346902
0.83465886,0.0,0.30096698
0.89268947,0.0,0.61963123
0.8755223,0.0,0.17951551
0.88166094,0.0,0.12540886
0.83631665,0.0,0.40707383
0.83009636,0.0,0.38236707
0.9194162,0.0,0.0
0.8843059,0.0,0.1085597
0.6339072,0.0,0.44247496
0.705906,0.0,0.16518691
0.91955054,0.0,6.8039306e-05
0.8072985,0.0,0.1955192
0.5897261,0.0,0.26473886
0.8873065,0.0,0.03715836
0.96094394,0.0,0.29422995
0.90107656,0.0,0.5662545
0.84172994,0.0,0.4670032
0.82310766,0.0,0.37054735
0.91389567,0.0,0.60844177
0.71146697,0.0,0.6994773
0.9194442,0.0,0.4672444
0.91160387,0.0,0.3795512
0.548238,0.0,0.23744322
0.93255424,0.0,0.13726442
0.6948282,0.0,0.16965337
0.9276366,0.0,0.017825387
0.18227786,0.0,0.11295094
0.9689376,0.0,0.030996786
0.6141401,0.0,0.0
0.86109364,0.0,0.033475697
0.90085065,0.0,0.0
0.8916985,1.0,0.012752018
0.8217834,0.0,0.0011188136
0.8205517,0.0,0.017213434
0.74871457,1.0,0.17916223
0.8024181,0.0,0.23888198
0.94722486,0.0,0.297351
0.9375008,0.0,0.34498432
0.8043142,0.0,0.26877397
0.77604437,0.0,0.2639713
0.8413111,0.0,0.5479753
0.70996845,0.0,0.40799296
0.97511417,0.0,0.0
0.97088563,0.0,0.15057802
0.6347298,0.0,0.51836926
0.9425933,0.0,0.035862017
0.91687936,1.0,0.004991336
0.6080268,0.0,0.38084716
0.96327776,0.0,0.1721849
0.95424193,0.0,0.0
0.96538013,0.0,0.030259585
0.8612249,0.0,0.5240791
0.91134846,0.0,0.42313722
0.9246203,0.0,0.33289832
0.81569433,0.0,0.41762647
0.386724,0.0,0.5093084
0.72850215,0.0,0.15176395
0.96841574,0.0,0.21180426
0.8503237,0.0,0.23848061
0.8338593,0.0,0.013144817
0.7261543,0.0,0.17326851
0.84720904,1.0,0.0648609
0.13242505,1.0,0.10216844
0.8936067,0.0,0.067678824
0.9144491,0.0,0.0
0.8838368,1.0,0.2721279
0.74450064,0.0,0.004728942
0.6174505,0.0,0.05660386
0.9764317,1.0,0.20273499
0.6697001,1.0,0.34475657
0.9474356,0.0,0.37444213
0.76956177,0.0,0.6983278
0.74234813,0.0,0.3271095
0.8348642,0.0,0.09380485
0.8816668,0.0,0.5081638
0.6955133,0.0,0.4144929
0.98532665,0.0,0.0
0.96180785,0.0,0.05964974
0.82686317,0.0,0.46117857
0.9082691,0.0,0.019415947
0.78631514,1.0,0.018213691
0.8760391,0.0,0.3680859
0.5347458,0.0,0.24479459
0.976353,0.0,0.0
0.94301015,0.0,0.06652815
0.8386224,0.0,0.5454278
0.34789556,0.0,0.24662721
0.65059644,0.0,0.132936
0.8118794,0.0,0.47338736
0.9304056,0.0,0.37803844
0.610919,1.0,0.015587657
0.91076297,0.0,0.1154769
0.49916062,1.0,0.13910244
0.9666902,0.0,0.0
0.4219395,0.0,0.10875599
0.92407656,1.0,0.11981355
0.35088056,1.0,0.16512853
0.8565501,0.0,0.0090611745
0.97265434,0.0,0.0
0.5014999,1.0,0.31213748
0.9393757,0.0,0.0056550023
0.9591773,0.0,0.020194309
0.94658726,1.0,0.15534176
0.81616974,1.0,0.49301568
0.80094916,0.0,0.38187078
0.85254437,1.0,0.45812806
0.95594287,0.0,0.2639872
0.9427823,1.0,0.18623942
0.851124,0.0,0.37553638
0.78432816,0.0,0.28829753
0.96848315,0.0,0.0
0.94988626,0.0,0.0006978974
0.67872185,0.0,0.2274488
0.86651576,0.0,0.06684231
0.6595798,0.0,0.0
0.93146676,0.0,0.0008959277
0.69706047,0.0,0.28725284
0.95840627,0.0,0.0
0.83722764,0.0,0.0
0.7647339,0.0,0.05265482
0.89751714,0.0,0.25217566
0.51391846,0.0,0.11455403
0.96908206,0.0,0.18556578
0.89066905,0.0,0.48799443
0.92221725,0.0,0.31228447
0.92088467,0.0,0.45121378
0.89148307,0.0,0.24946626
0.877796,0.0,0.39372808
0.9142626,0.0,0.52279145
0.9364511,0.0,0.6364325
0.8241179,0.0,0.76217604
0.8801603,0.0,0.18594888
0.9181196,0.0,0.17718163
0.97431755,0.0,0.75309396
0.9157694,0.0,0.25212517
0.93384486,0.0,0.24620628
0.7503416,0.0,0.4564569
0.49351406,1.0,0.49480596
0.9432277,0.0,0.033223365
0.87948954,0.0,0.01255166
0.8128512,1.0,0.41031918
0.64716095,1.0,0.13158014
0.8285254,0.0,0.0006647321
0.92960876,1.0,0.26102108
0.3764345,1.0,0.48887154
0.9147515,0.0,0.0
0.9133095,0.0,0.0005967848
0.92243284,1.0,0.3097824
0.94416076,1.0,0.36003318
0.8814931,0.0,0.26375565
0.90356296,1.0,0.44381216
0.47862595,1.0,0.21992113
0.5999338,1.0,0.5003911
0.8083517,0.0,0.5916982
0.83509296,0.0,0.005049561
0.9609793,1.0,0.18144503
0.92563164,0.0,0.49886596
0.9329395,0.0,0.10812624
0.97828317,0.0,0.004303011
0.8944005,1.0,0.4277617
0.88569933,0.0,0.5819527
0.93610966,0.0,0.35162595
0.8501337,0.0,0.26711354
0.7704071,0.0,0.013810182
0.57087624,0.0,0.2431694
0.5179558,0.0,0.34211767
0.85368955,0.0,0.0014511569
0.66198206,0.0,0.0055825305
0.60637176,0.0,0.54496485
0.7482445,0.0,0.3900378
0.66813254,0.0,0.05127255
0.6084174,0.0,0.6118898
0.71284795,0.0,0.14432846
0.5233361,0.0,0.72237813
0.38743982,0.0,0.45756343
0.5594821,0.0,0.6550317
0.60331446,0.0,0.68264794
0.6109053,0.0,0.14853807
0.22364883,0.0,0.00011903637
0.15926349,0.0,0.5629487
0.39034718,0.0,0.4330095
0.45887965,0.0,0.06862725
0.24372032,0.0,0.41639924
0.6685961,0.0,0.12953115
0.5028248,0.0,0.36513853
0.28758314,0.0,0.27131054
0.64856434,0.0,0.18273422
0.88142306,0.0,0.13437858
0.48646003,0.0,0.28580278
0.26695335,0.0,0.021384876
0.3502246,0.0,0.506639
0.5846336,0.0,0.35026097
0.8922647,0.0,0.015787533
0.7028374,0.0,0.11749167
0.4408608,0.0,0.45759842
0.54099786,0.0,0.0034583278
0.756699,0.0,0.023059199
0.65230405,0.0,0.35649335
0.35765442,0.0,0.213716
0.70487386,0.0,0.0
0.831381,0.0,0.22733074
0.70511407,0.0,0.58735996
0.8266347,0.0,0.33594397
0.37730995,0.0,0.16696185
0.36034104,0.0,0.5215868
0.5257932,0.0,0.78002983
0.44490495,0.0,0.1348709
0.85676277,0.0,0.012481228
0.31233373,0.0,0.32864422
0.4375306,0.0,0.28516537
0.33250988,0.0,0.2740009
0.34515956,0.0,0.4177942
0.9514671,0.0,0.13988493
0.9160267,0.0,0.18474054
0.28514653,0.0,0.3500578
0.55912834,0.0,0.04164115
0.60700643,0.0,0.3877582
0.106346376,0.0,0.43416354
0.5249483,0.0,0.43487942
0.70411074,0.0,0.24831234
0.66910213,0.0,0.23941967
0.75117224,0.0,0.0
0.7002724,0.0,0.13708156
0.45974466,0.0,9.5585085e-05
0.70149654,0.0,0.0058791623
0.4934759,0.0,0.28479794
0.87315613,0.0,0.0
0.9650173,0.0,0.10296234
0.39101604,0.0,0.251281
0.6806295,0.0,0.35525116
0.34235248,0.0,0.60633004
0.5278459,0.0,0.6468388
0.6149727,0.0,0.7350701
0.65726733,0.0,0.19271669
0.7358618,0.0,0.25368646
0.7599893,0.0,0.0
0.9309441,0.0,0.0
0.7522517,0.0,0.0
0.9289278,0.0,0.0035688253
0.4307076,0.0,0.005641527
0.9610635,0.0,0.0
0.9501785,0.0,0.00038965628
0.8702487,0.0,0.015053507
0.86789274,1.0,0.013772575
0.97804105,0.0,0.0
0.82134736,1.0,0.099930696
0.68417114,1.0,0.020372668
0.73055387,0.0,0.112828925
0.6902908,0.0,0.015053259
0.91221,0.0,0.0
0.8833419,0.0,0.0053144093
0.87008077,0.0,0.09836554
0.6687402,0.0,0.0
0.95180243,0.0,0.0
0.4984038,0.0,0.024145532
0.840047,0.0,0.101070546
0.84752476,0.0,0.0018664243
0.9321764,0.0,0.0
0.804494,0.0,0.101379596
0.5581052,0.0,0.22942203
0.9139574,0.0,0.0038334236
0.8751914,0.0,0.109961696
0.47025552,0.0,0.45007485
0.16468948,0.0,0.12504728
0.6610133,0.0,0.24984059
0.29172608,0.0,0.47771278
0.17352292,0.0,0.6621802
0.56145656,0.0,0.28574666
0.4473614,0.0,0.6822861
0.73913616,0.0,0.35924834
0.9367945,0.0,0.0032891133
0.42724514,0.0,0.17145947
0.89665484,0.0,0.38840422
0.95374966,0.0,0.0012337532
0.8984767,0.0,0.0
0.3519129,0.0,0.34429643
0.3661821,0.0,0.366093
0.8637826,0.0,0.014281696
0.35982552,0.0,0.03482257
0.9465908,0.0,0.0006642811
0.49967048,0.0,0.027031034
0.95814526,0.0,0.0041170046
0.42063725,0.0,2.770007e-05
0.9327267,0.0,0.017302074
0.9264435,0.0,0.025203949
0.8101972,0.0,0.005724852
0.6225118,0.0,0.0030168872
0.6957554,0.0,0.0
0.37040055,0.0,0.009646899
0.66033435,0.0,0.0
0.38513753,0.0,0.01987314
0.7010993,0.0,0.16334777
0.8372546,0.0,0.1611604
0.7688509,0.0,0.035105594
0.8321249,0.0,0.2999183
0.54696184,0.0,0.56989706
0.32011995,0.0,0.56017166
0.2719543,1.0,0.30187273
0.8536185,0.0,0.21558842
0.59707296,1.0,0.3794167
0.93958014,0.0,0.12063775
0.89193135,1.0,0.077608384
0.6320158,0.0,0.018483438
0.7905877,0.0,0.00074214395
0.7268248,0.0,0.13755575
0.38737825,0.0,0.06433887
0.24741857,0.0,0.5311617
0.24834009,0.0,0.038071573
0.29100332,0.0,0.56327736
0.35598442,0.0,0.9009068
0.5245309,0.0,0.2494789
0.3465064,0.0,0.9042013
0.9655615,0.0,0.23529369
0.19779061,0.0,0.32829237
0.849545,0.0,0.005386957
0.8058541,0.0,0.024404744
0.5310917,0.0,0.0
0.94930565,0.0,0.0046760966
0.75302863,0.0,0.10835992
0.7901807,0.0,0.028358663
0.58078545,0.0,0.0
0.9459756,0.0,0.000472627
0.7082788,0.0,0.44875818
0.75801843,0.0,0.0787361
0.852814,0.0,0.16787173
0.19528835,0.0,0.2035319
0.8233216,0.0,0.3566019
0.6497866,0.0,0.4907188
0.6511346,0.0,0.49657303
0.77290267,0.0,0.19895189
0.913953,0.0,0.22486198
0.8424015,0.0,0.17128542
0.7459453,0.0,0.5676232
0.12788351,0.0,0.3840943
0.23273389,0.0,0.18447618
0.97445446,1.0,0.4210133
0.8396182,1.0,0.18474704
0.35740638,1.0,0.33083156
0.16006415,1.0,0.2262932
0.67725945,0.0,0.022840925
0.7421129,0.0,0.10644936
0.63235015,0.0,0.008253984
0.2664657,0.0,0.53275037
0.7623522,0.0,0.5109873
0.7889968,0.0,0.17720503
0.8476609,0.0,0.14284045
0.7982941,0.0,0.2244787
0.5012035,0.0,0.041168384
0.26642683,0.0,0.34930998
0.84126073,0.0,0.014801263
0.88067865,0.0,0.0051692794
0.5301935,0.0,0.35651806
0.8066628,0.0,0.043829445
0.95981187,0.0,0.00499363
0.8954134,0.0,0.05079943
0.30310568,0.0,0.34580994
0.7814745,0.0,0.106514275
0.9408769,0.0,0.066470616
0.8177701,0.0,0.60546774
0.41379893,0.0,0.64694214
0.8217982,0.0,0.16975622
0.2758024,0.0,0.5790893
0.17301127,0.0,0.20826942
0.93076015,0.0,0.03620911
0.4716556,0.0,0.32113823
0.9264091,0.0,0.0
0.74461514,0.0,0.00032486167
0.9451147,0.0,0.0
0.79586047,0.0,0.0077351974
0.9592067,0.0,0.00027755552
0.6842041,1.0,0.035573866
0.9299816,1.0,0.027617149
0.6787587,1.0,0.26068047
0.79726833,1.0,0.2091998
0.13254298,0.0,0.092978016
0.66175425,1.0,0.076892786
0.91983026,0.0,0.00020364499
0.61759084,0.0,0.019387996
0.9442214,0.0,0.01332864
0.8879584,0.0,0.006416293
0.8148896,0.0,0.10027788
0.92757314,0.0,0.0
0.8924496,0.0,0.19588149
0.6653993,0.0,0.26528987
0.5206194,0.0,0.61948454
0.71126485,0.0,0.4593142
0.6183653,0.0,0.60320544
0.9337667,0.0,0.025092583
0.78310657,0.0,0.7235746
0.75952864,0.0,0.21532181
0.8981435,0.0,0.26197094
0.6220481,0.0,0.5351661
0.7245833,0.0,0.21463871
0.86720234,0.0,0.0
0.7187072,0.0,0.19655395
0.43129933,0.0,0.45837104
0.9316618,0.0,0.04021387
0.9443434,0.0,0.0
0.6101141,0.0,0.47260815
0.4913699,0.0,0.37218186
0.97632354,0.0,0.0
0.8041387,0.0,0.08738569
0.270156,0.0,0.49717498
0.9089259,0.0,0.21686132
0.6941148,0.0,0.0012442069
0.6223488,0.0,0.25258335
0.83741677,0.0,0.5680378
0.78641444,0.0,0.3900949
0.86962354,0.0,0.4060248
0.84504604,0.0,0.4089858
0.5198375,0.0,0.10487004
0.7275914,0.0,0.7103805
0.80020255,0.0,0.058880284
0.23292434,0.0,0.55564165
0.9026661,0.0,0.28454438
0.85116214,0.0,0.061736543
0.7303328,0.0,0.066861875
0.9797963,0.0,0.059094545
0.9590649,0.0,0.15425159
0.764184,1.0,0.6895303
0.93925655,1.0,0.23610428
0.6979486,1.0,0.30021754
0.91300684,1.0,0.44591278
0.3803328,0.0,0.29912084
0.9549331,0.0,0.030498782
0.94446343,0.0,0.00039496893
0.9355602,0.0,0.0
0.97862065,0.0,0.014782471
0.9653432,0.0,0.015599044
0.94741374,0.0,0.013556862
0.633433,0.0,0.004667864
0.9246161,0.0,0.04674095
0.84426224,0.0,0.0
0.94443864,0.0,0.0906434
0.7388774,0.0,0.44417608
0.2579713,0.0,0.39985234
0.3578877,0.0,0.57957315
0.80183244,0.0,0.03926243
0.39088428,0.0,0.28757814
0.73469514,0.0,0.022234337
0.97207314,0.0,0.0
0.8671185,0.0,5.0241775e-05
0.7144369,0.0,0.061696563
0.9618914,0.0,0.0016144882
0.49869034,1.0,0.08783565
0.8754331,0.0,0.00082099455
0.6561829,0.0,0.10276218
0.7178289,0.0,0.09033023
0.6958198,1.0,0.57987404
0.8989142,1.0,0.36306536
0.6607041,1.0,0.71230316
0.6994903,0.0,0.34635463
0.7015761,0.0,0.06691706
0.7698817,1.0,0.14446162
0.7365382,0.0,0.49712604
0.80936533,0.0,0.016421415
0.8692917,0.0,0.26348552
0.78786665,0.0,0.2599855
0.81487536,0.0,0.580837
0.5353485,0.0,0.2030131
0.85840636,0.0,1.8224277e-05
0.69449675,0.0,0.23021008
0.528854,0.0,0.21136114
0.84036,0.0,0.0010771157
0.9358133,0.0,0.0
0.42876148,0.0,0.35921314
0.56918025,0.0,0.0014312799
0.5265237,0.0,0.00093780394
0.8677728,0.0,0.016134264
0.26342443,0.0,0.2596199
0.87843305,0.0,0.001655146
0.81847984,0.0,0.0
0.546489,0.0,0.1509431
0.34379745,0.0,0.16175023
0.8835837,0.0,0.00015908813
0.9669182,0.0,0.0
0.33492103,0.0,0.30130032
0.86548674,0.0,0.17446502
0.9310546,0.0,0.031332456
0.9606039,0.0,0.18753216
0.5669562,0.0,0.5045935
0.7858633,0.0,0.39508277
0.61933386,0.0,0.9883398
0.61454624,1.0,0.84034467
0.60622865,0.0,0.5556134
0.67863977,1.0,0.54203427
0.52347255,0.0,0.53613484
0.5865181,0.0,0.6690655
0.72148675,1.0,0.6667337
0.58139247,1.0,0.79569906
0.8033513,0.0,0.29406205
0.51424885,0.0,0.6283288
0.58022887,1.0,0.4163894
0.59609485,0.0,0.97454953
0.70302993,0.0,0.7467324
0.20576201,0.0,0.45658776
0.7798696,0.0,0.06586456
0.53493154,0.0,0.053502243
0.5184676,0.0,0.68505234
0.65778947,0.0,0.6765375
0.39147598,0.0,0.20766547
0.8324967,0.0,0.3552806
0.84988886,0.0,0.41618198
0.8309158,0.0,0.14582628
0.4297432,0.0,0.15284626
0.81910336,0.0,0.18578403
0.616278,0.0,0.0
0.9188946,0.0,0.0077437325
0.92807025,0.0,0.09475785
0.8949804,0.0,0.05728497
0.48458856,0.0,0.05142621
0.8477952,0.0,0.030904211
0.7049074,0.0,0.3342532
0.9520875,0.0,0.00024187162
0.96537924,0.0,0.009384689
0.80238646,0.0,0.006060282
0.112965934,0.0,0.23053432
0.8135996,0.0,0.0007856999
0.90304977,0.0,0.006781643
0.6105423,0.0,0.19877253
0.47263938,0.0,0.19155641
0.5621141,0.0,0.008131143
0.8770602,0.0,0.14844087
0.6364524,0.0,0.59778845
0.38666183,0.0,0.34830955
0.95487607,0.0,0.25432363
0.5269554,0.0,0.39577726
0.68128747,0.0,0.6712337
0.18804106,0.0,0.4599005
0.74687415,0.0,0.15319847
0.30883077,0.0,0.014736617
0.67910266,0.0,0.0
0.9466768,0.0,0.027486451
0.89832836,0.0,0.0075627347
0.91067946,0.0,0.044550106
0.7321304,0.0,0.021609152
0.9192819,0.0,0.028540641
0.9281979,0.0,0.016043833
0.9251435,0.0,0.0057914536
0.97247714,0.0,0.0014360351
0.7514643,0.0,0.04121502
0.9177625,0.0,0.009749459
0.9428072,0.0,0.0045875725
0.933203,0.0,0.0
0.72109735,0.0,0.013553587
0.81824815,0.0,0.00047373382
0.72260046,0.0,0.019573571
0.28687057,0.0,0.14199774
0.7609729,0.0,0.0
0.9260839,0.0,0.03622705
0.5808705,0.0,0.4902441
0.9498741,0.0,0.47331485
0.54355973,0.0,0.46834597
0.8416011,0.0,0.016903123
0.84667563,0.0,0.07681033
0.58443594,0.0,0.26363328
0.22692123,0.0,0.14559726
0.8941567,0.0,0.0
0.7299712,0.0,0.01478267
0.7033241,0.0,0.3207588
0.49703583,0.0,0.15643238
0.7138229,0.0,0.0
0.7834699,0.0,0.10312053
0.8791837,0.0,0.00021194106
0.77594924,0.0,0.35173488
0.7869516,0.0,0.2935205
0.5691052,0.0,0.0
0.9399427,0.0,0.2452616
0.61425906,0.0,0.6292652
0.80995953,0.0,0.39705262
0.8211999,0.0,0.11756678
0.91636205,0.0,0.79622096
0.80048835,0.0,0.5829986
0.75357616,0.0,0.057734918
0.64902073,0.0,0.42509153
0.71764135,0.0,0.41017115
0.65796566,0.0,0.3468237
0.4568031,0.0,0.08856874
0.76561165,0.0,0.00021752756
0.7146679,0.0,0.044601597
0.27117565,0.0,0.31840456
0.28260353,0.0,0.041794688
0.813299,0.0,4.137861e-05
0.8422183,0.0,0.3516911
0.277017,0.0,0.584193
0.12841313,0.0,0.013331486
0.5549928,0.0,0.06835794
0.8143741,0.0,0.44526783
0.38902146,0.0,0.16971473
0.42616397,0.0,0.0036295194
0.8854188,0.0,0.18719472
0.75850177,0.0,0.34166664
0.761852,0.0,0.81901246
0.7010306,0.0,0.1366638
0.6843427,0.0,0.68940747
0.7160766,0.0,0.28967318
0.5015074,0.0,0.06478369
0.23564613,0.0,0.18604775
0.6020556,0.0,0.042349562
0.57336164,0.0,0.31746763
0.81076306,0.0,0.21957994
0.9473007,0.0,0.012367414
0.74179196,0.0,0.053151026
0.9108764,0.0,0.084269956
0.85050327,0.0,0.0
0.905179,0.0,0.008837644
0.8686615,0.0,0.0007133484
0.45762566,0.0,0.08415349
0.5306404,0.0,0.4707422
0.47675565,0.0,0.49194017
0.892513,0.0,0.15792772
0.56204075,0.0,0.40849292
0.96375686,0.0,0.10557716
0.445589,0.0,0.30344576
0.49514943,0.0,0.6079653
0.4572183,0.0,0.45028824
0.9072887,0.0,0.006834185
0.61752194,0.0,0.26732957
0.6203873,0.0,0.25436774
0.28892723,0.0,0.26783088
0.86978847,0.0,0.0
0.8547244,0.0,0.39545116
0.53542536,0.0,0.3738451
0.24526866,0.0,0.16273576
0.85626996,0.0,0.026162194
0.73813015,0.0,0.38601926
0.9694651,0.0,0.056137107
0.5492842,0.0,0.30895677
0.7543009,0.0,0.019758904
0.7041402,0.0,0.24275532
0.430645,0.0,0.5757673
0.9779915,0.0,0.031772595
0.7441098,0.0,0.12148147
0.9348476,0.0,0.02264677
0.7286876,0.0,0.50292045
0.6862749,0.0,0.29115003
0.56046945,0.0,0.6416562
0.7037294,0.0,0.4809416
0.9090462,0.0,0.10212332
0.8975181,0.0,0.13513337
0.7588234,0.0,0.36122462
0.61169535,0.0,0.62134725
0.8744868,0.0,0.038219046
0.533911,0.0,0.064595245
0.38292465,0.0,0.39523974
0.8539303,0.0,0.40876737
0.96053284,0.0,0.00398887
0.80295014,0.0,0.2835883
0.6636472,0.0,0.7086462
0.45661154,0.0,0.18181224
0.6832542,0.0,0.0023758237
0.6419033,0.0,0.43841746
0.76182145,0.0,0.2441262
0.30166063,0.0,0.23778579
0.8979313,0.0,0.031534858
0.567991,0.0,0.5542138
0.78394973,0.0,0.34397
0.830381,0.0,0.006762
0.90649474,0.0,0.006804771
0.66693634,0.0,0.34951255
0.43201607,0.0,0.828771
0.94843376,0.0,0.109025694
0.74095345,0.0,0.46586514
0.89932203,0.0,0.49727282
0.8800072,0.0,0.5690876
0.8052377,0.0,0.03723856
0.74197745,0.0,0.19897701
0.9492,0.0,0.0
0.9081988,0.0,0.0
0.7377003,0.0,0.019515622
0.88035095,0.0,0.008384438
0.17473508,0.0,0.001002843
0.91730714,0.0,0.017254818
0.8058366,0.0,0.043420576
0.81090534,0.0,0.02615199
0.8884803,0.0,0.016063105
0.6400793,0.0,0.21185999
0.907251,0.0,0.046977043
0.20255062,0.0,0.17079818
0.9210858,0.0,0.010959064
0.90169305,0.0,0.51698923
0.41746104,0.0,0.16070594
0.38988006,0.0,0.16162808
0.94082475,0.0,0.015022436
0.80163884,0.0,0.08415245
0.7393346,1.0,0.38057816
0.77830946,1.0,0.5932993
0.93138176,1.0,0.19363227
0.7320187,1.0,0.19178161
0.7180577,1.0,0.2890354
0.13754284,1.0,0.538379
0.96212596,0.0,0.10810291
0.14335814,0.0,0.37217602
0.8141439,0.0,0.0
0.512442,1.0,0.3291862
0.71066,0.0,0.18286936
0.6186948,0.0,0.30417845
0.61988807,0.0,0.5656447
0.75981677,0.0,0.69737345
0.89539945,0.0,0.4039452
0.6298559,0.0,0.38331336
0.69040495,0.0,0.27702278
0.3197321,0.0,0.45686495
0.81218743,0.0,0.054376163
0.07827853,0.0,0.31122103
0.85768557,0.0,0.0
0.8676873,0.0,0.0
0.4198173,1.0,0.16479233
0.40583193,0.0,0.0
0.61480767,0.0,0.22077231
0.8687759,0.0,0.05314042
0.123529784,0.0,0.49190015
0.79562676,0.0,0.03390632
0.52990735,0.0,0.29227456
0.9152992,0.0,0.12760504
0.9664864,0.0,0.0917107
0.68701506,0.0,0.5460018
0.86249983,0.0,0.044793002
0.6280254,0.0,0.68468064
0.8461481,0.0,0.55221695
0.6487552,0.0,0.03377689
0.6662234,0.0,0.33731776
0.9652365,0.0,0.023822142
0.18841138,1.0,0.25528196
0.9372103,0.0,0.005577006
0.5137472,0.0,0.016132774
0.3388017,0.0,0.03494439
0.69566685,0.0,0.015781878
0.650662,0.0,0.2384697
0.9094279,0.0,0.0120405005
0.50806636,0.0,0.3075271
0.69124055,0.0,0.18159576
0.72685486,0.0,0.1983746
0.9002427,0.0,5.2772924e-05
0.9521189,0.0,0.0061656334
0.94161123,0.0,0.0
0.24675669,0.0,0.007640665
0.93880254,0.0,0.0014279825
0.8653684,0.0,0.0059769736
0.7876919,0.0,0.021634672
0.7750953,0.0,0.015968693
0.9638568,1.0,0.4350194
0.8210723,1.0,0.5361511
0.5226184,0.0,0.25603005
0.91817045,0.0,0.54210556
0.7492964,0.0,0.105803505
0.64572436,0.0,0.09185832
0.7616061,0.0,0.6558835
0.58650935,0.0,0.31990603
0.8954823,0.0,0.0013372479
0.63619953,0.0,0.017828815
0.7312336,0.0,0.44944653
0.18746984,0.0,0.36657894
0.8504962,0.0,0.009582471
0.73191184,0.0,0.266794
0.81462514,0.0,0.09134451
0.764337,0.0,0.50149953
0.7155521,0.0,0.08342486
0.95717007,0.0,0.060555883
0.8430466,0.0,0.14908572
0.8065622,0.0,0.34364152
0.4754302,0.0,0.011252669
0.5051966,0.0,0.3307698
0.60048115,0.0,0.63224614
0.7116178,0.0,0.39416215
0.86831677,0.0,0.11197474
0.5918344,1.0,0.3802868
0.33118543,0.0,0.46147838
0.8639204,1.0,0.36944357
0.36977682,0.0,0.22461802
0.8397748,0.0,0.082951985
0.24257496,1.0,0.17937414
0.7760953,0.0,0.00045902995
0.6354523,0.0,0.053181387
0.82586426,0.0,0.0011303534
0.7141889,0.0,0.0
0.7659299,0.0,0.27292794
0.8434027,0.0,0.0340093
0.5670189,0.0,0.4184644
0.62825227,0.0,0.0
0.57061833,0.0,0.4362299
0.8146293,0.0,0.15248041
0.49673533,0.0,0.41663963
0.8139416,0.0,0.12416675
0.39759484,0.0,0.29275447
0.9182156,0.0,0.0
0.6572575,0.0,0.030219277
0.28362307,0.0,0.34536347
0.6128777,0.0,0.0
0.9680204,0.0,0.0
0.62339455,0.0,0.23219523
0.33921307,0.0,0.5918189
0.4743509,0.0,0.16271546
0.34590596,0.0,0.25866243
0.91759914,0.0,0.00057158316
0.7551427,0.0,0.5102262
0.93195385,0.0,0.29996222
0.94636256,0.0,0.010876201
0.9607018,0.0,0.103321254
0.8101052,0.0,0.3275711
0.8291312,0.0,0.35694122
0.6410423,0.0,0.61138266
0.9804971,0.0,0.1530204
0.8665076,0.0,0.31003946
0.97499675,0.0,0.04714718
0.78294176,0.0,0.45104715
0.8962234,0.0,0.19535956
0.9371651,0.0,0.0
0.9684266,0.0,0.020452278
0.60212094,0.0,0.5609635
0.54774183,0.0,0.30418345
0.8555379,0.0,0.5067468
0.97441566,0.0,0.007272279
0.9132098,0.0,0.044929236
0.984183,0.0,0.027795536
0.5329168,0.0,0.34124604
0.87432545,0.0,0.14389405
0.95969754,0.0,0.004920061
0.85956144,0.0,0.05882007
0.74151397,0.0,0.022291416
0.6810026,0.0,0.0974301
0.96635324,0.0,0.10103301
0.9223654,0.0,0.08523402
0.9658396,0.0,0.0123675205
0.7855264,0.0,0.20018129
0.95196587,0.0,0.006748253
0.80693847,0.0,0.18097857
0.6745938,0.0,0.08423059
0.8959484,0.0,0.07328314
0.8693051,0.0,0.0
0.89103293,0.0,0.0017625793
0.634556,0.0,0.087138265
0.9859483,0.0,0.18202506
0.93385476,0.0,0.6315251
0.9157799,0.0,0.50588524
0.9304775,0.0,0.6624487
0.7495656,0.0,0.1903916
0.9452813,1.0,0.669716
0.9646318,1.0,0.6637891
0.70294046,1.0,0.6567706
0.95345354,1.0,0.33867785
0.97218,1.0,0.24393666
0.9637516,1.0,0.3221661
0.95621943,1.0,0.8598034
0.9870898,1.0,0.57045776
0.8994501,1.0,0.20548277
0.7354832,1.0,0.62294567
0.96078795,1.0,0.3328796
0.6731614,1.0,0.50700194
0.91497463,0.0,0.20846933
0.59021544,0.0,0.10612309
0.9597271,0.0,0.0
0.3587078,0.0,0.1760939
0.81497836,1.0,0.20401482
0.59306604,0.0,0.0977684
0.9566816,0.0,0.0
0.77129483,0.0,0.0015013532
0.8687157,0.0,0.0
0.93573874,0.0,0.0006058722
0.7795857,0.0,0.0
0.85159713,0.0,0.090321824
0.49819043,0.0,0.00044453036
0.8742594,0.0,0.31679773
0.81718427,0.0,0.53797174
0.84152937,0.0,0.040865485
0.83596194,0.0,0.23198865
0.8413882,0.0,0.010530187
0.8682332,0.0,0.029665591
0.7962669,0.0,0.0010510918
0.95253,0.0,0.018056333
0.8771492,0.0,0.0012095452
0.8200507,0.0,0.0
0.8997043,0.0,0.034519333
0.95292115,0.0,0.0
0.76298845,0.0,0.07934428
0.81401217,0.0,0.08840895
0.70134914,0.0,0.071407326
0.5271544,0.0,0.52404314
0.57631063,0.0,0.36712268
0.71257305,0.0,0.37741596
0.469721,0.0,0.9624663
0.5591381,0.0,0.8089256
0.687949,0.0,0.79119414
0.33947304,0.0,0.52181286
0.16801602,0.0,0.5372826
0.32187778,0.0,0.27713892
0.44292426,0.0,0.44998133
0.25907487,0.0,0.43965134
0.22358984,0.0,0.160719
0.2019144,0.0,0.42981905
0.82716167,0.0,0.023962226
0.22634009,0.0,0.34508154
0.28958926,0.0,0.5318038
0.52102923,0.0,0.45832244
0.08883684,0.0,0.32220113
0.36259475,0.0,0.40448034
0.94257486,0.0,0.15239489
0.1713246,0.0,0.27658677
0.7961559,0.0,0.008953712
0.48588443,0.0,0.45450652
0.9162407,0.0,0.2133079
0.2848549,0.0,0.49251163
0.5884113,0.0,0.8098321
0.50630456,0.0,0.5468054
0.061493378,0.0,0.6838916
0.6629794,0.0,0.65104806
0.40984982,0.0,0.6836459
0.47278962,0.0,0.6894206
0.45181534,0.0,0.44226024
0.8242536,0.0,0.43345827
0.13236389,1.0,0.15949132
0.4321174,1.0,0.047703467
0.6518873,0.0,0.05613373
0.49281308,1.0,0.08900481
0.94856447,0.0,0.0013777926
0.7062718,1.0,0.1310607
0.7647862,0.0,0.1317052
0.6175492,0.0,0.33212823
0.6213064,0.0,0.74422216
0.48822784,0.0,0.5154368
0.33822,1.0,0.75709003
0.24429014,1.0,0.5253368
0.1978174,1.0,0.5008694
0.72820795,0.0,0.2736102
0.9473269,0.0,0.0070038293
0.29759836,1.0,0.05351279
0.6596172,0.0,0.07551768
0.56583196,1.0,0.2880056
0.6410874,0.0,0.4450708
0.41079837,0.0,0.8012437
0.33047983,1.0,0.47412145
0.45298278,0.0,0.6111903
0.4432744,0.0,0.3093853
0.56510633,0.0,0.34275252
0.50160193,0.0,0.39000753
0.5040654,0.0,0.38954303
0.4317128,0.0,0.5977303
0.41544503,0.0,0.46034533
0.20346299,0.0,0.21982348
0.44816113,0.0,0.034873303
0.13756587,0.0,0.19459295
0.5805394,0.0,0.0083217425
0.46525067,0.0,0.40068266
0.13339542,0.0,0.6517612
0.07867602,0.0,0.708087
0.69797057,0.0,0.12638797
0.3817311,0.0,0.17405787
0.84362286,0.0,0.0
0.113703504,0.0,0.2495956
0.90989304,0.0,0.0
0.38142478,0.0,0.32341853
0.16519494,0.0,0.63100284
0.8686334,0.0,0.019043893
0.2145643,0.0,0.49133584
0.36137602,0.0,0.46980664
0.30729237,0.0,0.7491086
0.521375,0.0,0.241809
0.3266806,0.0,0.15196672
0.586829,0.0,0.20034578
0.16868946,0.0,0.31210908
0.80927867,0.0,0.012154404
0.23202832,1.0,0.3145396
0.8753894,0.0,0.0
0.32857406,0.0,0.014178133
0.7752348,0.0,0.08279789
0.14411515,1.0,0.17718127
0.5546165,1.0,0.11600234
0.43792453,1.0,0.23669942
0.43133673,1.0,0.7792398
0.90214217,1.0,0.33084956
0.63828325,1.0,0.55007833
0.10621464,1.0,0.47846347
0.64241683,0.0,0.4643987
0.39207378,0.0,0.16966817
0.16750197,1.0,0.40389943
0.44604206,0.0,0.2359074
0.3372226,0.0,0.21648611
0.69859993,0.0,0.024727518
0.24753074,0.0,0.10649408
0.77284616,0.0,0.00018071233
0.24766348,0.0,0.23920013
0.43519115,0.0,0.14614147
0.0748662,0.0,0.33660543
0.5389291,0.0,0.7845317
0.5299352,0.0,1.0
0.3091453,0.0,0.66800034
0.55280644,0.0,0.5134894
0.94307685,0.0,0.16506518
0.30557725,0.0,0.5797796
0.9236732,0.0,0.0
0.13035117,0.0,0.09006069
0.9578898,0.0,0.011111732
0.53711605,0.0,0.19827956
0.671052,0.0,0.08644884
0.89064884,0.0,0.39086682
0.7253807,0.0,0.8289399
0.932485,0.0,0.58402884
0.42867827,0.0,0.6371563
0.47619835,0.0,0.2610334
0.17596476,0.0,0.5660359
0.92851055,0.0,0.256316
0.2781831,0.0,0.45049268
0.93149024,0.0,0.0044642696
0.33097976,0.0,0.4057589
0.9768386,0.0,0.0
0.54973996,0.0,0.28420776
0.73261315,0.0,0.3411695
0.5415075,0.0,0.58704937
0.38366663,0.0,0.14069648
0.75290436,1.0,0.19903259
0.969942,0.0,0.0
0.93352175,0.0,0.0
0.6012317,0.0,0.22171827
0.48435912,0.0,0.0
0.94597644,0.0,0.0
0.7445415,0.0,0.2349456
0.42011577,0.0,0.5820364
0.19383445,0.0,0.3211434
0.4258994,0.0,0.60486543
0.67632383,0.0,0.2672913
0.43017355,0.0,0.6731884
0.9075301,0.0,0.08846967
0.62468314,0.0,0.2467178
0.94600385,0.0,0.392032
0.73141277,0.0,0.5087932
0.9603107,0.0,0.3254099
0.7758167,1.0,0.32190093
0.89750886,1.0,0.48588157
0.793142,0.0,0.006403482
0.84175897,1.0,0.474383
0.9730365,1.0,0.19744189
0.86400986,1.0,0.0111708725
0.8031862,0.0,0.2055245
0.91241723,0.0,0.039862573
0.7874117,0.0,0.001155411
0.8432773,0.0,0.0007992741
0.20645739,0.0,0.23936611
0.9463296,0.0,0.2101118
0.44736522,0.0,0.52460617
0.86108035,0.0,0.3684437
0.75904137,0.0,0.3098546
0.47584933,0.0,0.43819353
0.9260935,0.0,0.17633773
0.75628424,1.0,0.29707178
0.7741571,0.0,0.079288416
0.8672116,1.0,0.6285775
0.7318615,1.0,0.39934027
0.5308722,1.0,0.11768259
0.7385556,1.0,0.5586439
0.8623147,1.0,0.27061793
0.7779178,1.0,0.047950484
0.80170393,1.0,0.3989484
0.4047955,1.0,0.6194848
0.67835784,1.0,0.5998393
0.21860312,1.0,0.20560959
0.959051,0.0,0.34028375
0.7540406,0.0,0.671039
0.46234876,0.0,0.37516683
0.51725674,0.0,0.114673264
0.65555,0.0,0.09360562
0.8591332,0.0,0.0016068312
0.7305264,0.0,0.00081583374
0.82376903,0.0,0.01835889
0.936523,0.0,0.028486226
0.6460596,1.0,0.042568292
0.94187945,0.0,0.0
0.34462938,0.0,0.2194301
0.72429264,0.0,0.005798101
0.6636604,0.0,0.4007649
0.93306917,0.0,0.21333621
0.42682323,0.0,0.41635704
0.85498464,0.0,0.010502776
0.54936045,0.0,0.24726498
0.92957467,0.0,0.0
0.3430205,0.0,0.15204906
0.83350986,0.0,0.043129686
0.8046504,0.0,0.3635031
0.7906428,0.0,0.12012817
0.6042183,1.0,0.2514665
0.7185646,0.0,0.64005136
0.78168726,0.0,0.23585239
0.66108966,0.0,0.20871799
0.4307369,1.0,0.8756471
0.23361936,0.0,0.7405213
0.13388641,0.0,0.29685947
0.07308728,0.0,0.43147236
0.101146504,0.0,0.4139587
0.3566072,0.0,0.61151075
0.14670376,0.0,0.21330808
0.92670184,0.0,0.25010803
0.61965585,0.0,0.12732172
0.26991305,0.0,0.58079493
0.14808722,0.0,0.5928386
0.28407276,0.0,0.10627803
0.29218325,0.0,0.24009342
0.25822687,0.0,0.6263242
0.37978724,0.0,0.14922595
0.84843075,0.0,0.0
0.31314185,0.0,0.294482
0.35230458,0.0,0.42288944
0.47193444,0.0,0.04146968
0.64779246,0.0,0.06647514
0.15430085,0.0,0.47532445
0.13320862,0.0,0.29384357
0.8324724,0.0,0.17232613
0.57582325,0.0,0.6825418
0.77514905,0.0,0.45744953
0.43504784,0.0,0.68647254
0.7282787,0.0,0.08666665
0.37235782,0.0,0.7849177
0.91885453,0.0,0.22175346
0.26831803,0.0,0.4678052
0.94055015,0.0,0.23175052
0.78145576,0.0,0.7037374
0.4463645,1.0,0.3523858
0.7262048,0.0,0.0761
0.5440506,0.0,0.24074209
0.7166684,1.0,0.47153464
0.34504282,1.0,0.21074098
0.9008477,1.0,0.0818073
0.20725733,1.0,0.5428311
0.74600655,1.0,0.0814731
0.7583701,1.0,0.7048293
0.45068505,1.0,0.48542443
0.61828595,0.0,0.5303386
0.35296118,0.0,0.16113302
0.69515955,0.0,0.01898541
0.5016841,0.0,0.41334128
0.62901926,0.0,0.7326552
0.5697679,0.0,0.35886788
0.27663088,0.0,0.57032603
0.4278703,0.0,0.66100734
0.4109628,0.0,0.22653465
0.4828327,0.0,0.11986688
0.47754148,0.0,0.02380006
0.47903663,0.0,0.25446767
0.4663705,1.0,0.075063825
0.8277143,0.0,0.09337856
0.48978755,0.0,0.018505458
0.9514005,0.0,0.00014953256
0.44030306,0.0,0.38896248
0.4384974,0.0,0.18766433
0.5773593,0.0,0.5663449
0.6165534,0.0,0.8082019
0.77370036,0.0,0.3310718
0.64784235,0.0,0.8416503
0.3858523,1.0,0.5122751
0.82616746,1.0,0.14045389
0.9344562,1.0,0.19774629
0.6164485,1.0,0.37607193
0.80704826,0.0,0.25095448
0.74968326,1.0,0.015620846
0.7943973,0.0,0.0
0.94903255,0.0,0.0
0.67635036,0.0,0.10064649
0.85017526,0.0,0.07756941
0.5348308,0.0,0.59540784
0.4696785,0.0,0.39850435
0.7499774,0.0,0.7149961
0.6527453,0.0,0.63731617
0.5489114,0.0,0.102807015
0.22539024,0.0,0.06234869
0.715923,0.0,0.026587129
0.936914,0.0,0.1066318
0.70185304,0.0,0.0022319383
0.5743638,0.0,0.27865952
0.47428444,1.0,0.28833807
0.74098617,1.0,0.44839
0.86177224,1.0,0.122256234
0.8589824,1.0,0.510042
0.54070175,0.0,0.42779708
0.7492557,1.0,0.007903918
0.5653518,0.0,0.14990838
0.53338355,0.0,0.2927153
0.89791113,0.0,0.042112064
0.18147066,0.0,0.27387285
0.09291289,0.0,0.37981635
0.12755902,0.0,0.72537726
0.8956552,0.0,0.3960992
0.76830506,0.0,1.0
0.7779775,0.0,0.66964483
0.5985233,0.0,0.47747198
0.7382169,0.0,0.5515007
0.7974011,0.0,0.4143425
0.763014,0.0,0.3985587
0.82317084,0.0,0.45673934
0.7214082,0.0,0.43636796
0.86586535,0.0,0.6279837
0.70856166,0.0,0.47009367
0.90981954,0.0,0.335563
0.46869963,0.0,0.44040003
0.86453015,0.0,0.6168521
0.14196944,0.0,0.16962625
0.7097372,0.0,0.20791826
0.8593428,0.0,0.4366172
0.60979706,0.0,0.36359066
0.9542137,0.0,0.0
0.8772185,0.0,0.17467812
0.8635206,0.0,0.59084934
0.38863933,0.0,0.35955587
0.9596082,0.0,0.0
0.89528304,0.0,0.28732732
0.86645174,0.0,0.65108764
0.3453858,0.0,0.2386597
0.8102899,0.0,0.1480152
0.81242406,0.0,0.32486358
0.6300458,0.0,0.5618586
0.90199465,0.0,0.0
0.4536252,0.0,0.0302437
0.20642681,0.0,0.46456796
0.66507876,0.0,0.16033633
0.75916886,0.0,0.00046234205
0.5522455,0.0,0.24870037
0.54182106,0.0,0.51248103
0.16162895,0.0,0.21246253
0.66467315,0.0,0.64251596
0.7469333,0.0,0.11918092
0.6819902,0.0,0.10040918
0.62414736,0.0,0.52762836
0.20783232,0.0,0.45362994
0.6708523,0.0,0.30776024
0.6539397,0.0,0.3082516
0.450828,0.0,0.28026006
0.4468166,0.0,0.23403166
0.855688,0.0,0.0
0.9073098,0.0,0.0
0.54345095,0.0,0.4442416
0.60912156,0.0,0.093629874
0.47804,0.0,0.0058585936
0.81124663,0.0,0.35705155
0.44963518,0.0,0.64598066
0.96279824,0.0,0.18154891
0.66481215,0.0,0.42999354
0.6905641,0.0,0.5505536
0.3271423,0.0,0.07968544
0.48653686,0.0,0.37725374
0.7332612,0.0,0.24901502
0.7635303,0.0,0.37025076
0.8859742,0.0,0.03601242
0.8885501,0.0,0.0075877905
0.85606277,0.0,0.0
0.29335028,0.0,0.31686482
0.7142582,0.0,0.0040956708
0.48503143,0.0,0.000905892
0.9049739,0.0,0.0072218473
0.68533146,0.0,0.322887
0.4983666,1.0,0.60090286
0.64183205,0.0,0.4529406
0.43743542,0.0,0.69747615
0.47908524,0.0,0.21830316
0.52520937,0.0,0.0
0.5402917,0.0,0.31893536
0.3705874,0.0,0.2945852
0.7595271,0.0,0.0
0.12602237,0.0,0.038226813
0.8869623,0.0,0.5186301
0.9194807,0.0,0.09460786
0.6208968,0.0,0.0002550048
0.9528637,0.0,0.009414068
0.7381549,0.0,0.2852728
0.7969331,0.0,0.21522847
0.8431919,0.0,0.009066601
0.67524934,0.0,0.45731008
0.97074157,0.0,0.019239496
0.38658267,0.0,0.4868759
0.7604749,0.0,0.6960274
0.70483035,0.0,0.2473059
0.2706517,0.0,0.19561785
0.8508396,0.0,0.0061419113
0.8221833,0.0,0.003966386
0.2671671,0.0,0.38865405
0.9698177,0.0,0.0
0.4543014,0.0,0.0
0.78348964,0.0,0.1776398
0.27231455,0.0,0.28101566
0.9228041,0.0,0.0003086954
0.09990719,1.0,0.018097946
0.51330703,0.0,0.35004166
0.9149868,0.0,0.1193023
0.8641546,0.0,0.004184561
0.7208918,1.0,0.40958932
0.505039,1.0,0.23545514
0.8717322,1.0,0.054219797
0.92703635,1.0,0.71244735
0.4811483,1.0,0.44873527
0.977191,1.0,0.59160745
0.19416453,1.0,0.4984808
0.7686847,0.0,0.20186749
0.73989344,1.0,0.16514957
0.7350969,1.0,0.21371162
0.90260005,0.0,0.18522933
0.5436357,0.0,0.00063363335
0.54571587,0.0,0.0
0.229108,1.0,0.2947105
0.56833977,0.0,0.18677074
0.7408295,0.0,0.0
0.82863665,0.0,0.0
0.4224957,0.0,0.38590732
0.75508946,0.0,0.23262872
0.90191126,0.0,0.009310325
0.94118196,0.0,0.114472784
0.7534543,0.0,0.72501975
0.7507104,0.0,0.099645115
0.7574725,0.0,0.7043876
0.6925673,0.0,0.6325336
0.5833879,0.0,0.4019481
0.86861277,0.0,0.04920655
0.24172662,0.0,0.48533693
0.97262293,0.0,0.30807617
0.66654,0.0,0.21795493
0.79953885,1.0,0.5096769
0.7109387,0.0,0.022311613
0.9388669,0.0,0.0
0.7163546,1.0,0.19242461
0.45293418,1.0,0.39326108
0.53543687,0.0,0.0
0.97938293,0.0,0.0
0.86837834,1.0,0.18482633
0.97374004,1.0,0.09335375
0.8845019,0.0,0.0
0.84622574,1.0,0.13915567
0.7571918,1.0,0.48488566
0.8849564,0.0,0.012520695
0.3888779,1.0,0.11996396
0.76411736,1.0,0.3718537
0.9587524,1.0,0.11794567
0.87555695,0.0,0.03861851
0.81302536,1.0,0.25921935
0.7834107,1.0,0.29880896
0.90135044,1.0,0.7235463
0.44190085,1.0,0.6442571
0.95660895,1.0,0.19058971
0.66077673,1.0,0.7105768
0.68482816,1.0,0.6568738
0.90647036,0.0,0.35295346
0.82742584,1.0,0.13441922
0.54727715,0.0,0.32370514
0.84271806,0.0,0.21621743
0.35912114,0.0,0.6130795
0.32106113,1.0,0.54772437
0.68168783,0.0,0.009357936
0.9230116,0.0,0.11101033
0.7630992,0.0,0.41737053
0.8198761,1.0,0.4316483
0.53068626,1.0,0.022179065
0.70122683,1.0,0.38210386
0.8146656,1.0,0.52486223
0.9492498,1.0,0.23818044
0.7703406,0.0,0.10161804
0.81788516,0.0,0.48044893
0.84317917,0.0,0.8432988
0.7063692,0.0,0.29804432
0.8771329,0.0,0.42373073
0.70196366,0.0,0.13157758
0.38895905,0.0,0.39624146
0.52670014,0.0,0.41714168
0.53218603,0.0,0.5138955
0.3814202,0.0,0.15794311
0.18806627,0.0,0.0
0.8866142,0.0,0.42597252
0.4223573,0.0,0.37961346
0.3325623,0.0,0.0026886435
0.827323,0.0,0.0702145
0.6273026,0.0,0.30386955
0.95733166,0.0,0.21760356
0.93176544,0.0,0.0
0.8880428,0.0,0.37179568
0.5987362,0.0,0.6217543
0.6406307,0.0,0.4569485
0.70400745,0.0,0.40071267
0.73884535,1.0,0.066276364
0.7948345,1.0,0.60429496
0.8924874,1.0,0.36883023
0.75412804,1.0,0.32155
0.69468856,0.0,0.51006746
0.8007398,0.0,0.35174882
0.42044058,0.0,0.18698733
0.25616294,0.0,0.19780675
0.49265546,0.0,0.05328137
0.417968,0.0,0.38898286
0.7988489,0.0,0.44440228
0.57812256,0.0,0.1045941
0.5728468,0.0,0.45289108
0.90566665,0.0,0.0939498
0.5465797,0.0,0.110462405
0.5791684,0.0,0.65848756
0.26374793,0.0,0.5633915
0.51784444,0.0,0.20326638
0.2932355,0.0,0.3304316
0.2168999,0.0,0.06835405
0.23741777,0.0,0.110029265
0.8257347,0.0,0.010901788
0.8752408,0.0,0.0
0.36651623,0.0,0.07120828
0.67212886,0.0,0.070293896
0.4200248,0.0,0.38300294
0.95683455,0.0,0.18092038
0.841264,0.0,0.43481937
0.48949152,0.0,0.70759916
0.4508709,0.0,0.1289998
0.35960394,1.0,0.2969795
0.702597,0.0,0.1557325
0.22228304,0.0,0.124935836
0.22751695,0.0,0.020614296
0.6261749,0.0,0.0007554017
0.8680759,0.0,0.0062206513
0.22161148,0.0,0.026398815
0.85577226,0.0,0.03816754
0.8759575,0.0,0.01596119
0.33852267,0.0,0.17582181
0.9456406,0.0,0.018346386
0.8457798,0.0,0.34368116
0.47036025,0.0,0.50405794
0.6093773,0.0,0.33427423
0.87158024,0.0,0.17706203
0.80730486,0.0,0.349013
0.56119657,0.0,0.28966874
0.6686079,0.0,0.039309304
0.6330829,0.0,0.051688343
0.8648689,0.0,0.004111069
0.9485485,0.0,0.04671131
0.7261923,0.0,0.0089992145
0.8407724,0.0,0.0078034136
0.2949427,0.0,0.0067766435
0.24802552,0.0,0.052718613
0.69727993,0.0,0.033199195
0.38877857,1.0,0.33262473
0.5282307,0.0,0.005874748
0.79277474,0.0,0.0
0.91967946,1.0,0.16907276
0.9065985,0.0,0.0009232939
0.9505994,0.0,0.0022074385
0.7527628,0.0,0.0073453668
0.35901248,0.0,0.16195224
0.82198954,0.0,0.0
0.8333793,0.0,0.011140446
0.7501645,0.0,0.019001953
0.6717293,0.0,0.09166021
0.5801825,0.0,0.047735427
0.9110069,0.0,0.023429606
0.90306723,0.0,0.02120007
0.70896834,0.0,0.042585038
0.9607029,0.0,0.019591438
0.77149904,0.0,0.21142945
0.91178757,0.0,0.068437845
0.90471786,0.0,0.06420373
0.3891541,0.0,0.79300845
0.52767575,0.0,0.44814107
0.8184982,0.0,0.24137147
0.7820489,0.0,0.48414385
0.5517921,0.0,0.2398291
0.91448814,0.0,0.40254366
0.6991224,0.0,0.55490255
0.33626208,0.0,0.14381729
0.34632507,0.0,0.6732388
0.54482484,0.0,0.29046506
0.8209983,0.0,0.008086688
0.93674743,0.0,0.04296073
0.4009276,0.0,0.010095772
0.75108737,0.0,0.20402086
0.4609879,0.0,0.2681704
0.9311295,0.0,0.0072633172
0.7624559,0.0,0.0039429995
0.8740783,0.0,0.04877083
0.92314863,0.0,0.0014873766
0.8032933,0.0,0.019424397
0.877951,0.0,0.0
0.80605316,0.0,0.0
0.29318517,0.0,0.0104564885
0.8106173,0.0,0.0073381457
0.9078494,0.0,0.00971208
0.47449756,0.0,0.299597
0.8221623,0.0,0.00035477598
0.8639858,0.0,0.106123984
0.68102473,0.0,0.021718426
0.8657035,0.0,0.015466524
0.46695596,0.0,0.23752995
0.8822544,0.0,0.13127181
0.28136906,1.0,0.6721433
0.37363735,1.0,0.60410553
0.4522975,1.0,0.40971282
0.44207558,1.0,0.45546874
0.9115078,0.0,0.07415257
0.8302488,1.0,0.2933507
0.38287568,0.0,0.24723504
0.43097916,0.0,0.0
0.6859561,0.0,0.43305743
0.6365695,0.0,0.28006712
0.87560785,0.0,0.008905997
0.92226845,0.0,0.0037031593
0.50805724,0.0,0.46223724
0.67903954,0.0,0.08031081
0.9660037,0.0,0.0658128
0.62014925,0.0,0.03584003
0.088756695,0.0,0.3430285
0.9260353,0.0,0.0034094802
0.7402547,0.0,0.036460623
0.4239888,0.0,0.2329828
0.07838264,0.0,0.24639186
0.8548917,0.0,0.004727354
0.784769,0.0,0.010003578
0.2722379,0.0,0.36948758
0.32335034,0.0,0.53125226
0.6940997,0.0,0.17846948
0.34935823,0.0,0.3757144
0.5905805,0.0,0.3937122
0.8815043,0.0,0.042871546
0.90978026,0.0,0.26954666
0.16749442,0.0,0.5968984
0.52662146,0.0,0.6409704
0.23610993,0.0,0.6245138
0.14181061,0.0,0.03746572
0.3833733,0.0,0.28026918
0.8716125,0.0,0.0109887365
0.870619,0.0,0.0033425852
0.9323309,0.0,0.055083286
0.91691554,0.0,0.015019025
0.92600304,0.0,0.0
0.43744043,0.0,0.041133914
0.7381902,1.0,0.11049552
0.94169915,1.0,0.027233586
0.98419464,0.0,0.0
0.8883094,0.0,0.0
0.21473026,0.0,0.0
0.93706304,0.0,0.0
0.9252793,0.0,0.006805758
0.7019443,0.0,0.013287476
0.64055556,0.0,0.09894674
0.93693,0.0,0.023886772
0.8529151,0.0,0.0030523334
0.83478105,0.0,0.2449758
0.54236615,0.0,0.1539204
0.9418604,0.0,0.047577236
0.774246,0.0,0.15045981
0.8806894,0.0,0.5304834
0.7652946,0.0,0.23085125
0.3793172,0.0,0.78732854
0.36324018,0.0,0.6618022
0.3458302,0.0,0.25543228
0.278701,0.0,0.30241647
0.6576236,0.0,0.030939927
0.19242789,0.0,0.53765726
0.89274466,0.0,0.09708491
0.24575025,0.0,0.20496619
0.55093807,0.0,0.0
0.89866555,0.0,0.011323904
0.6374037,0.0,0.025746042
0.938079,0.0,0.01006381
0.7991956,0.0,0.01733486
0.12349092,0.0,0.004074127
0.88421196,0.0,0.0
0.69843453,1.0,0.0636363
0.92989266,0.0,0.00067667075
0.87397003,0.0,0.031322043
0.9121948,0.0,0.0
0.7921569,0.0,0.20000884
0.7452448,0.0,0.17966333
0.24598852,0.0,0.03048284
0.90675753,0.0,0.008891748
0.32210508,0.0,0.2259672
0.61929435,0.0,0.25114188
0.55208814,1.0,0.024052246
0.37514758,0.0,0.091966026
0.17912585,0.0,0.15346473
0.28144023,0.0,0.02377889
0.9611878,0.0,0.0025056237
0.9659308,0.0,0.14460595
0.31541583,0.0,0.3327524
0.18427064,0.0,0.4843497
0.20401673,0.0,0.08205635
0.29146785,0.0,0.5275429
0.37853226,0.0,0.25088382
0.40613604,0.0,0.6105872
0.82681906,0.0,0.41868174
0.7836634,0.0,0.14696962
0.88148826,0.0,0.02391394
0.81005204,0.0,0.5233065
0.59133035,0.0,0.54150856
0.5919462,0.0,0.68186533
0.567117,0.0,0.17304145
0.94564885,0.0,0.05080322
0.7352818,0.0,0.40873173
0.951542,0.0,0.40640798
0.95481145,0.0,0.0015965106
0.85816216,0.0,0.5114618
0.67946696,0.0,0.58522165
0.92960966,0.0,0.12544721
0.715031,0.0,0.14094822
0.25324938,0.0,0.72336924
0.5675762,1.0,0.58040905
0.9723734,0.0,0.00029652184
0.49494705,0.0,0.13741297
0.29688394,0.0,0.37680572
0.4597189,1.0,0.12759727
0.80669355,0.0,0.0
0.45793125,0.0,0.4044606
0.8864329,0.0,0.27767754
0.9655825,0.0,0.0
0.9226197,0.0,0.089608304
0.49042064,0.0,0.62221164
0.8327275,0.0,0.41176602
0.28777727,0.0,0.43154258
0.8502228,0.0,0.26268172
0.41769254,1.0,0.39534304
0.8595791,1.0,0.7483451
0.85328126,0.0,0.09247582
0.9549317,0.0,0.0
0.5505312,1.0,0.1184076
0.80131435,1.0,0.3435035
0.95642537,0.0,0.0
0.63995147,1.0,0.00786387
0.59266627,1.0,0.47145352
0.9025145,1.0,0.28865656
0.92803556,0.0,0.0
0.52473384,1.0,0.14665218
0.28485665,1.0,0.4641312
0.9699978,0.0,0.13165565
0.36062136,0.0,0.003218778
0.648218,1.0,0.13619328
0.8637794,1.0,0.24721229
0.7850597,0.0,0.09052806
0.9355772,0.0,0.0
0.66133934,1.0,0.46834528
0.81704164,1.0,0.70391333
0.5094025,0.0,0.3246824
0.5067994,0.0,0.09214066
0.7408778,0.0,0.27651572
0.5583356,0.0,0.002626126
0.7368535,1.0,0.11503274
0.9383005,1.0,0.23034246
0.7368538,0.0,0.0
0.89945376,0.0,0.030386629
0.7477691,0.0,0.33409888
0.54177296,0.0,0.35107827
0.33024326,0.0,0.5713615
0.9790951,1.0,0.114048935
0.27650464,0.0,0.62710667
0.31022128,0.0,0.7231788
0.1836387,0.0,0.8015168
0.081316814,1.0,0.6633167
0.33199084,1.0,0.4503372
0.86068434,1.0,0.21788995
0.81137955,0.0,0.051880915
0.3257693,0.0,0.56102777
0.9208165,0.0,0.3644333
0.42875892,0.0,0.18339813
0.37634492,0.0,0.41323167
0.674241,0.0,0.16910744
0.8413161,0.0,0.023139805
0.78582656,0.0,0.12896211
0.46085668,0.0,0.3179666
0.7280373,0.0,0.0030480009
0.84820557,0.0,0.052665133
0.48610473,0.0,0.23090133
0.1775593,0.0,0.13656452
0.29206845,0.0,0.58940977
0.31187811,0.0,0.39206144
0.8049982,0.0,0.027025606
0.43905905,0.0,0.14932784
0.55505526,0.0,0.48666143
0.77969736,0.0,0.092983484
0.5151315,0.0,0.04479897
0.5869663,0.0,0.34936592
0.9293711,0.0,0.13439731
0.3469554,0.0,0.34785742
0.7356125,0.0,0.18515363
0.116938084,0.0,0.7065274
0.45943817,0.0,0.5840585
0.7628129,0.0,0.0043254914
0.06769561,1.0,0.4647102
0.6297787,0.0,0.24196579
0.95825386,0.0,0.33706757
0.27788678,1.0,0.18431728
0.37594,1.0,0.6905966
0.4101578,1.0,0.33157593
0.6997458,0.0,0.03303987
0.46588936,1.0,0.26727888
0.7239592,1.0,0.38213548
0.28641996,1.0,0.18305275
0.6153287,0.0,0.0
0.77124584,1.0,0.20359093
0.33575338,1.0,0.47587222
0.6847838,1.0,0.21600796
0.7410096,0.0,0.002879122
0.3642388,0.0,5.0261347e-06
0.48577577,1.0,0.1420552
0.8190744,0.0,0.0
0.6917339,0.0,0.12607543
0.73086786,0.0,0.09061199
0.7052333,0.0,0.0942267
0.5236271,0.0,0.17254882
0.43138725,0.0,0.48069465
0.8816523,0.0,0.101288006
0.9539447,0.0,0.0061694924
0.5661837,0.0,0.16728663
0.37387437,0.0,0.44398275
0.8311443,0.0,0.016671324
0.9046284,0.0,0.0
0.44980857,0.0,0.35699007
0.2609703,0.0,0.49722466
0.5609035,0.0,0.4554999
0.17738543,0.0,0.050822917
0.48117772,0.0,0.10851677
0.8392885,0.0,0.012569681
0.70430064,0.0,0.0
0.8073263,0.0,0.0013686321
0.91190594,0.0,0.010095222
0.7547526,0.0,0.0
0.40083802,0.0,0.0
0.36753368,0.0,0.026305227
0.8646809,0.0,0.04735362
0.6377963,0.0,0.0
0.41108182,0.0,0.00257616
0.1729409,1.0,0.27226612
0.9535383,1.0,0.035717495
0.34083906,0.0,0.024279881
0.7758359,0.0,0.07769328
0.29631758,0.0,0.07531905
0.8528922,0.0,0.017464848
0.41837367,0.0,0.0018354306
0.760609,0.0,0.31776017
0.69268847,0.0,0.11466902
0.3610361,0.0,0.008683709
0.6299941,0.0,0.014424909
0.5044162,0.0,0.23481801
0.5295109,0.0,0.5813236
0.13157038,0.0,0.042731725
0.18119423,0.0,0.4859496
0.8184213,0.0,0.040546294
0.32257792,0.0,0.3716795
0.20381469,0.0,0.24629572
0.27401975,0.0,0.36722073
0.31230924,0.0,0.30371416
0.3702526,0.0,0.33001283
0.65483046,0.0,0.016071275
0.7272417,0.0,0.49617466
0.53492224,0.0,0.59180325
0.1403065,0.0,0.14500663
0.1504849,0.0,0.3653416
0.23896173,0.0,0.52815914
0.60579264,0.0,0.6400009
0.0800728,0.0,0.5296003
0.90346,0.0,0.03542396
0.1873619,0.0,0.44256383
0.9357252,0.0,0.0018303286
0.67348474,0.0,0.41027084
0.8108877,0.0,0.47988972
0.64171284,0.0,0.31874797
0.16357203,0.0,0.6088521
0.4536996,0.0,0.5424078
0.25175646,0.0,0.46297312
0.9152678,0.0,0.014998105
0.86091846,0.0,0.0
0.20595597,0.0,0.22879581
0.74527323,0.0,0.03343606
0.6439331,0.0,0.07384787
0.5053649,0.0,0.20639338
0.63201326,0.0,0.19446446
0.16546749,0.0,0.495236
0.32432327,0.0,0.11513508
0.33189467,0.0,0.00012969278
0.19972984,0.0,0.0
0.2672855,0.0,0.027677635
0.22895327,0.0,0.0
0.10226414,0.0,0.14509933
0.8668769,0.0,0.011071173
0.19090496,0.0,0.22115114
0.13486277,0.0,0.4299913
0.94876605,0.0,0.0
0.83347887,0.0,0.00022694569
0.8115347,0.0,0.03598961
0.57134044,0.0,0.11675811
0.81811196,0.0,0.010375379
0.89226025,0.0,0.014716669
0.7847692,0.0,0.26247552
0.5273544,0.0,0.16479596
0.67228574,0.0,0.18913598
0.7414316,0.0,0.17998488
0.8634938,0.0,0.25917092
0.822717,0.0,0.11479435
0.8935106,0.0,0.0084026875
0.7021924,0.0,0.0659221
0.5331316,0.0,0.010261849
0.9559846,0.0,0.0019523005
0.81517506,0.0,0.018215751
0.23531249,0.0,0.14056718
0.31496537,0.0,0.20738633
0.5263125,0.0,0.0
0.8612252,0.0,0.027495094
0.7265828,0.0,0.3678831
0.3057865,0.0,0.50158113
0.34459022,0.0,0.4536179
0.352152,0.0,0.21131207
0.59136456,0.0,0.3365589
0.75425255,0.0,0.19469441
0.7981626,0.0,0.83666325
0.8570396,0.0,0.8646567
0.78681207,0.0,0.44173732
0.78880054,0.0,0.15872003
0.7646144,0.0,0.4746076
0.76373214,0.0,0.4941589
0.78203654,0.0,0.21596538
0.88258755,0.0,0.4777399
0.79998946,0.0,0.6949876
0.73528427,0.0,0.646188
0.7975137,0.0,0.3411824
0.75697833,0.0,0.18929589
0.661436,0.0,0.532953
0.41402522,0.0,0.28569055
0.7862037,1.0,0.29458526
0.5693396,1.0,0.71377
0.81985426,1.0,0.77096176
0.64910805,1.0,0.22003724
0.5691732,1.0,0.57554305
0.89123964,1.0,0.47789863
0.78738487,1.0,0.22789827
0.6011538,1.0,0.39002192
0.93331665,1.0,0.45983705
0.87048376,1.0,0.48468813
0.715074,1.0,0.52995396
0.7853697,1.0,0.6223953
0.7725321,1.0,0.70238405
0.34591565,0.0,0.21234141
0.8275255,0.0,0.26664716
0.698547,1.0,0.11216857
0.6592486,1.0,0.22532879
0.7150744,0.0,0.18201339
0.8817285,1.0,0.07453751
0.7404235,0.0,0.34507468
0.7910147,0.0,0.64441305
0.79245883,0.0,0.09643093
0.770999,0.0,0.16914599
0.7913415,1.0,0.028973931
0.8193481,0.0,0.041317824
0.84392995,0.0,0.2161112
0.85316694,0.0,0.11097213
0.7724713,0.0,0.48777178
0.84419996,0.0,0.7123038
0.8995193,0.0,0.34879503
0.6376465,1.0,0.60294425
0.67985,1.0,0.46753046
0.77640283,1.0,0.38660514
0.82620245,1.0,0.32255265
0.7516048,1.0,0.31939536
0.6844861,1.0,0.3924925
0.72865856,1.0,0.4732734
0.71355695,1.0,0.439603
0.83800614,1.0,0.34931636
0.8520641,0.0,0.59625983
0.8958639,1.0,0.48687038
0.78940964,1.0,0.3587127
0.77883416,0.0,0.3261316
0.8689897,1.0,0.4620157
0.73628354,0.0,0.4436723
0.58296305,0.0,0.8126625
