gate_value,label,rsa
0.46025178,0.0,0.5679186
0.61592466,0.0,0.114027575
0.3615565,0.0,0.86244816
0.49943808,0.0,0.32810304
0.5038628,0.0,0.1719101
0.5453777,0.0,0.5652577
0.75303656,0.0,0.92893285
0.74548054,0.0,0.317675
0.84669733,0.0,0.6770252
0.8356732,0.0,0.10897321
0.26540002,0.0,0.42956075
0.5286894,0.0,0.58765274
0.3383464,0.0,0.53899485
0.6433546,0.0,0.24872689
0.3754228,0.0,0.1936969
0.54353416,0.0,0.13752337
0.64523804,0.0,0.15402633
0.7181886,0.0,0.09532572
0.8533186,0.0,0.381429
0.8416173,0.0,0.13743412
0.88181293,0.0,0.04107702
0.62847066,0.0,0.06452044
0.61716694,0.0,0.29167876
0.52708894,0.0,0.51204777
0.67990535,1.0,0.4625786
0.6482164,0.0,0.25237396
0.7112363,1.0,0.43061015
0.37417692,0.0,0.09911079
0.5420225,1.0,0.3911022
0.8076416,0.0,0.0009920696
0.620769,1.0,0.18052663
0.7572999,0.0,0.2130148
0.33602756,1.0,0.4210343
0.8420532,0.0,0.00952022
0.45109913,0.0,0.5303675
0.7652472,0.0,0.003321044
0.8122837,0.0,0.36329117
0.7525688,0.0,0.00034638456
0.81393784,0.0,0.17007025
0.59267765,0.0,0.10327244
0.6984235,0.0,0.2168791
0.56618637,0.0,0.6671845
0.74334615,0.0,0.29044977
0.3270661,0.0,0.6045981
0.37730017,0.0,0.7403727
0.42887437,0.0,0.21323003
0.37502915,0.0,0.18620154
0.27733126,0.0,0.50919205
0.8019848,0.0,0.04867146
0.3439577,0.0,0.4701788
0.43298045,0.0,0.5304652
0.94658107,0.0,0.02957219
0.6022867,1.0,0.25137284
0.8738594,0.0,0.0012537548
0.49248025,1.0,0.40443778
0.8811292,0.0,0.0065226764
0.76725405,1.0,0.3306802
0.75113696,0.0,0.007481868
0.6232021,1.0,0.32314426
0.7645904,0.0,0.18176062
0.778876,1.0,0.57638437
0.64788675,1.0,0.5396993
0.72608006,0.0,0.018499002
0.7822109,1.0,0.13929941
0.91437244,0.0,0.014898232
0.736561,1.0,0.36372882
0.9100839,1.0,0.017587552
0.8853954,1.0,0.20220757
0.785969,0.0,0.016486397
0.9131719,1.0,0.20698129
0.8473504,1.0,0.4838156
0.86822003,0.0,0.0063372
0.8400447,0.0,0.19667682
0.6421084,0.0,0.23368026
0.7619917,0.0,0.37204972
0.7206512,0.0,0.0033720396
0.8403301,0.0,0.0
0.7348318,0.0,0.06438955
0.93301904,0.0,0.025851302
0.87254775,0.0,0.0072570015
0.51934975,0.0,0.022343338
0.9121603,0.0,0.007064969
0.8946223,0.0,0.00035837467
0.72201264,0.0,0.01634956
0.8340299,0.0,0.072478496
0.88237745,0.0,0.0070801834
0.8302791,0.0,0.01814642
0.7333589,0.0,0.10313124
0.8564597,0.0,0.010672615
0.79218054,0.0,0.0
0.84630156,0.0,0.0
0.65381116,0.0,0.015570219
0.87626064,0.0,0.002749529
0.8226189,0.0,0.023419697
0.9282353,0.0,0.011882568
0.4980766,1.0,0.35178834
0.47163406,0.0,0.3277053
0.38764334,0.0,0.29845878
0.3178027,0.0,0.63908446
0.45259425,0.0,0.5009139
0.6698162,0.0,0.1301909
0.3280919,0.0,0.44658062
0.65214723,0.0,0.05369515
0.71006054,0.0,0.0017609202
0.76943016,0.0,0.0064770193
0.82558,0.0,0.0687526
0.6422216,0.0,0.10116778
0.88321507,0.0,0.01828621
0.5187785,0.0,5.527609e-05
0.64667034,0.0,0.02022046
0.38138092,0.0,0.18548393
0.78786325,0.0,0.029230105
0.54421264,0.0,0.33727527
0.7889252,0.0,0.02622168
0.3115557,0.0,0.4383916
0.8433421,0.0,0.029421814
0.47053137,0.0,0.20200814
0.6659439,0.0,0.0020355093
0.6128262,0.0,0.22670327
0.79306734,0.0,0.028388785
0.6079555,0.0,0.3896868
0.42953777,0.0,0.7842478
0.79959446,0.0,0.35666957
0.7960041,0.0,0.68866277
0.70006555,0.0,0.4909761
0.66346115,0.0,0.399745
0.83924264,0.0,0.009523678
0.5153918,0.0,0.25350484
0.68580395,0.0,0.008314704
0.47276863,0.0,0.44419906
0.6199987,0.0,0.030959768
0.37453574,0.0,0.3253654
0.8563698,0.0,0.008203055
0.8057562,0.0,0.47110397
0.46856663,0.0,0.011354909
0.6648549,0.0,0.3048292
0.61814094,0.0,0.2934766
0.37851757,0.0,0.75953585
0.5263873,0.0,0.6087553
0.77348894,0.0,0.4251496
0.54929435,1.0,0.25449923
0.85518384,0.0,0.013751008
0.47861114,0.0,0.19052984
0.6658875,0.0,0.019220319
0.5905143,0.0,0.35737503
0.90282834,0.0,0.032023404
0.4847958,0.0,0.3323677
0.81988376,0.0,0.02184758
0.6613758,0.0,0.42144278
0.5546273,0.0,0.1533257
0.7333263,0.0,0.16941379
0.826809,0.0,0.010033336
0.6458038,0.0,0.14339328
0.39370307,0.0,0.5483036
0.7410862,0.0,0.06506565
0.780107,0.0,0.38251856
0.32250172,0.0,0.44638675
0.5476825,0.0,0.4003604
0.8661254,0.0,0.04495879
0.53718805,0.0,0.4043179
0.5779865,0.0,0.09370165
0.30797118,0.0,0.40766767
0.6494522,0.0,0.056936633
0.31261486,0.0,0.4978463
0.51200485,0.0,0.5405132
0.72897387,0.0,0.1408449
0.47552994,0.0,0.44608045
0.39714682,0.0,0.059714545
0.3470738,0.0,0.34475008
0.7170605,0.0,0.046561
0.3134768,0.0,0.36642003
0.6493567,0.0,0.1628032
0.77625626,0.0,0.48286197
0.5458621,0.0,0.62743837
0.63842654,0.0,0.21585031
0.48882103,0.0,0.297654
0.71750194,0.0,0.029664183
0.5056319,0.0,0.32214043
0.91082203,0.0,0.05205552
0.7432487,0.0,0.566232
0.930665,0.0,0.1191563
0.7985965,0.0,0.47503158
0.8235332,0.0,0.09728589
0.47630173,0.0,0.49737018
0.7658036,0.0,0.040176414
0.4206069,0.0,0.22353056
0.527999,0.0,0.07904398
0.5439173,0.0,0.41773093
0.42125645,0.0,0.40475613
0.61033475,0.0,0.77832144
0.38594177,0.0,0.7443787
0.76876706,0.0,0.40090892
0.40414467,0.0,0.4739174
0.7852211,0.0,0.49263823
0.65471727,0.0,0.28208143
0.533067,0.0,0.34856674
0.8076627,0.0,0.014463951
0.30881923,0.0,0.2982305
0.70997477,0.0,0.031318784
0.74970514,0.0,0.5289971
0.54044634,0.0,0.068884976
0.63972783,0.0,0.22941533
0.70803547,0.0,0.0048923604
0.6503636,0.0,0.33933273
0.7558994,0.0,0.06575886
0.6914419,0.0,0.50899583
0.55344754,0.0,0.36024603
0.61085606,0.0,0.93271124
0.5228562,0.0,1.0
0.7785241,0.0,0.7967524
0.71952945,0.0,0.21878585
0.5555116,0.0,0.29754642
0.67144996,0.0,0.5270314
0.75718904,0.0,0.2919188
0.5168563,0.0,0.05253527
0.4941442,0.0,0.13525626
0.60417765,0.0,0.014093515
0.51183504,0.0,0.28281808
0.60117716,0.0,0.025722802
0.58239025,0.0,0.32936463
0.7408874,0.0,0.33667386
0.5741073,0.0,0.04236736
0.6264152,1.0,0.47865695
0.6922438,1.0,0.056161437
0.62821484,1.0,0.53825504
0.68657273,0.0,0.087890364
0.7710749,0.0,0.29737356
0.43299225,0.0,0.48484558
0.59327364,0.0,0.58723736
0.56259143,1.0,0.53669196
0.7891026,0.0,0.39964727
0.7065865,1.0,0.15266289
0.78481156,0.0,0.0037773186
0.83935887,1.0,0.39321396
0.7077728,1.0,0.013415969
0.93997186,1.0,0.09897063
0.86573863,0.0,0.015917987
0.9041655,0.0,0.059101567
0.82947564,0.0,0.01829535
0.732351,0.0,0.24901636
0.6859852,0.0,0.002914047
0.69402176,0.0,0.025493886
0.63678056,0.0,0.2248652
0.70852774,0.0,0.57104135
0.70719665,0.0,0.75515544
0.5111623,0.0,0.66800034
0.6636101,0.0,0.5134894
0.62262595,0.0,0.16506518
0.44931978,0.0,0.5797796
0.6494666,0.0,0.0
0.60877264,0.0,0.09006069
0.8450829,0.0,0.011111732
0.3428604,0.0,0.19827956
0.8329114,0.0,0.08644884
0.20121746,0.0,0.39086682
0.8815931,0.0,0.8289399
0.717992,0.0,0.58402884
0.42786726,0.0,0.6371563
0.55907416,0.0,0.2610334
0.45945722,0.0,0.5660359
0.77061486,0.0,0.256316
0.43876907,0.0,0.45049268
0.8261101,0.0,0.0044642696
0.3174751,0.0,0.4057589
0.6220763,0.0,0.0
0.52799314,0.0,0.28420776
0.4828246,0.0,0.3411695
0.5513872,0.0,0.58704937
0.37366298,0.0,0.14069648
0.61269337,1.0,0.19903259
0.6821879,0.0,0.0
0.867503,0.0,0.0
0.7033907,0.0,0.22171827
0.39636987,0.0,0.0
0.751647,0.0,0.0
0.713776,0.0,0.2349456
0.50984895,0.0,0.5820364
0.18901779,0.0,0.3211434
0.2883329,0.0,0.60486543
0.5381617,0.0,0.2672913
0.60879517,0.0,0.6731884
0.81761616,0.0,0.08846967
0.6368602,0.0,0.2467178
0.87746066,0.0,0.392032
0.91274154,0.0,0.5087932
0.9028952,0.0,0.3254099
0.5570153,1.0,0.32190093
0.8257595,1.0,0.48588157
0.32835415,0.0,0.006403482
0.85824984,1.0,0.474383
0.8775725,1.0,0.19744189
0.9078574,1.0,0.0111708725
0.9148468,0.0,0.2055245
0.73158026,0.0,0.039862573
0.58585674,0.0,0.001155411
0.80115134,0.0,0.0007992741
0.49483457,0.0,0.23936611
0.6495234,0.0,0.2101118
0.55402803,0.0,0.52460617
0.67976916,0.0,0.3684437
0.39459562,0.0,0.3098546
0.39928514,0.0,0.43819353
0.5334096,0.0,0.17633773
0.47779214,1.0,0.29707178
0.6203894,0.0,0.079288416
0.6630445,1.0,0.6285775
0.41688362,1.0,0.39934027
0.48536184,1.0,0.11768259
0.6635496,1.0,0.5586439
0.7245982,1.0,0.27061793
0.84748375,1.0,0.047950484
0.7930219,1.0,0.3989484
0.5699624,1.0,0.6194848
0.315658,1.0,0.5998393
0.6414112,1.0,0.20560959
0.47383648,0.0,0.34028375
0.35203364,0.0,0.671039
0.801575,0.0,0.37516683
0.5301528,0.0,0.114673264
0.6883524,0.0,0.09360562
0.8323394,0.0,0.0016068312
0.9326999,0.0,0.00081583374
0.92713726,0.0,0.01835889
0.8319135,0.0,0.028486226
0.8503519,1.0,0.042568292
0.7478325,0.0,0.0
0.5561609,0.0,0.2194301
0.56933486,0.0,0.005798101
0.6941676,0.0,0.4007649
0.6848683,0.0,0.21333621
0.6762242,0.0,0.41635704
0.7001124,0.0,0.010502776
0.55591005,0.0,0.24726498
0.72704417,0.0,0.0
0.45755303,0.0,0.15204906
0.9255074,0.0,0.043129686
0.723694,0.0,0.3635031
0.60406405,0.0,0.12012817
0.67997,1.0,0.2514665
0.68395036,0.0,0.64005136
0.5153148,0.0,0.23585239
0.79203326,0.0,0.20871799
0.6247201,1.0,0.8756471
0.5411448,1.0,0.84034467
0.46680173,0.0,0.5556134
0.5711215,1.0,0.54203427
0.49616107,0.0,0.53613484
0.3567392,0.0,0.6690655
0.5668681,1.0,0.6667337
0.6221671,1.0,0.79569906
0.78403044,0.0,0.29406205
0.59532416,0.0,0.6283288
0.5610916,1.0,0.4163894
0.4518211,0.0,0.97454953
0.6135163,0.0,0.7467324
0.49702412,0.0,0.45658776
0.64165246,0.0,0.06586456
0.811839,0.0,0.053502243
0.6397986,0.0,0.68505234
0.8089113,0.0,0.6765375
0.7370744,0.0,0.20766547
0.91523427,0.0,0.3552806
0.8260742,0.0,0.41618198
0.8861339,0.0,0.14582628
0.53118503,0.0,0.15284626
0.8473385,0.0,0.18578403
0.88025886,0.0,0.0
0.6893994,0.0,0.0077437325
0.5419798,0.0,0.09475785
0.90924054,0.0,0.05728497
0.8231199,0.0,0.05142621
0.8299387,0.0,0.030904211
0.71680313,0.0,0.3342532
0.84914494,0.0,0.00024187162
0.8451482,0.0,0.009384689
0.8177203,0.0,0.006060282
0.7158151,0.0,0.23053432
0.8695744,0.0,0.0007856999
0.7180841,0.0,0.006781643
0.8007839,0.0,0.19877253
0.50085765,0.0,0.19155641
0.85068154,0.0,0.008131143
0.36892033,0.0,0.14844087
0.542905,0.0,0.59778845
0.65857965,0.0,0.34830955
0.5716359,0.0,0.25432363
0.49803945,0.0,0.39577726
0.40748507,0.0,0.6712337
0.64057815,0.0,0.4599005
0.64927065,0.0,0.15319847
0.91066974,0.0,0.014736617
0.639651,0.0,0.0
0.8363095,0.0,0.027486451
0.77618545,0.0,0.0075627347
0.91726804,0.0,0.044550106
0.9193016,0.0,0.021609152
0.93927294,0.0,0.028540641
0.86903465,0.0,0.016043833
0.78241754,0.0,0.0057914536
0.9394002,0.0,0.0014360351
0.9597102,0.0,0.04121502
0.8807879,0.0,0.009749459
0.94865626,0.0,0.0045875725
0.89422303,0.0,0.0
0.8093613,0.0,0.013553587
0.89743054,0.0,0.00047373382
0.92290324,0.0,0.019573571
0.6624332,0.0,0.14199774
0.8370584,0.0,0.0
0.91351247,0.0,0.03622705
0.3494538,0.0,0.4902441
0.73382384,0.0,0.47331485
0.43661967,0.0,0.46834597
0.93539435,0.0,0.016903123
0.7492999,0.0,0.07681033
0.4562372,0.0,0.26363328
0.49182555,0.0,0.14559726
0.8172927,0.0,0.0
0.44644877,0.0,0.01478267
0.58009934,0.0,0.3207588
0.85340154,0.0,0.15643238
0.9351194,0.0,0.0
0.52595556,0.0,0.10312053
0.846827,0.0,0.00021194106
0.5435946,0.0,0.35173488
0.5444002,0.0,0.2935205
0.8530955,0.0,0.0
0.7485828,0.0,0.2452616
0.65120065,0.0,0.6292652
0.9015972,0.0,0.39705262
0.80868155,0.0,0.11756678
0.767988,0.0,0.79622096
0.50734067,0.0,0.5829986
0.7242497,0.0,0.057734918
0.55567056,0.0,0.42509153
0.842554,0.0,0.41017115
0.7489948,0.0,0.3468237
0.88199055,0.0,0.08856874
0.8145033,0.0,0.00021752756
0.6930919,0.0,0.044601597
0.5796548,0.0,0.31840456
0.88339263,0.0,0.041794688
0.9268753,0.0,4.137861e-05
0.8131364,0.0,0.3516911
0.56401473,0.0,0.584193
0.9111128,0.0,0.013331486
0.944191,0.0,0.06835794
0.7149787,0.0,0.44526783
0.89000267,0.0,0.16971473
0.93117476,0.0,0.0036295194
0.8839667,0.0,0.18719472
0.8233444,0.0,0.34166664
0.7781615,0.0,0.81901246
0.85848165,0.0,0.1366638
0.7798829,0.0,0.68940747
0.7671004,0.0,0.28967318
0.7997179,0.0,0.06478369
0.9044269,0.0,0.18604775
0.9284607,0.0,0.042349562
0.6852278,0.0,0.31746763
0.9535656,0.0,0.21957994
0.9289533,0.0,0.012367414
0.87765014,0.0,0.053151026
0.89397776,0.0,0.084269956
0.8755461,0.0,0.0
0.7917768,0.0,0.008837644
0.63086593,0.0,0.0007133484
0.7838755,0.0,0.08415349
0.54782104,0.0,0.4707422
0.34042493,0.0,0.49194017
0.83687615,0.0,0.15792772
0.50922185,0.0,0.40849292
0.81401867,0.0,0.10557716
0.73816663,0.0,0.30344576
0.5219344,0.0,0.6079653
0.43173948,0.0,0.45028824
0.8688245,0.0,0.006834185
0.536418,0.0,0.26732957
0.64470893,0.0,0.25436774
0.5733187,0.0,0.26783088
0.8531314,0.0,0.0
0.6241536,0.0,0.39545116
0.76600325,0.0,0.3738451
0.9021975,0.0,0.16273576
0.75088406,0.0,0.026162194
0.88164,0.0,0.38601926
0.83800644,0.0,0.056137107
0.7364241,0.0,0.30895677
0.794498,0.0,0.019758904
0.84554654,0.0,0.24275532
0.6806872,0.0,0.5757673
0.88948345,0.0,0.031772595
0.50924,0.0,0.12148147
0.8914491,0.0,0.02264677
0.7558309,0.0,0.50292045
0.59828776,0.0,0.29115003
0.5859638,0.0,0.6416562
0.78741664,0.0,0.4809416
0.6530126,0.0,0.10212332
0.58084697,0.0,0.13513337
0.49629405,0.0,0.36122462
0.39119104,0.0,0.62134725
0.8494683,0.0,0.038219046
0.90766776,0.0,0.064595245
0.42954603,0.0,0.39523974
0.4651539,0.0,0.40876737
0.67610496,0.0,0.00398887
0.36424837,0.0,0.2835883
0.37462932,0.0,0.7086462
0.6017136,0.0,0.18181224
0.92767626,0.0,0.0023758237
0.48037446,0.0,0.43841746
0.59517145,0.0,0.2441262
0.5696401,0.0,0.23778579
0.7853721,0.0,0.031534858
0.51323503,0.0,0.5542138
0.79797053,0.0,0.34397
0.8358762,0.0,0.006762
0.9123638,0.0,0.006804771
0.44547424,0.0,0.34951255
0.7805075,0.0,0.828771
0.9102419,0.0,0.109025694
0.6396599,0.0,0.46586514
0.70229226,0.0,0.49727282
0.8866543,0.0,0.5690876
0.8844024,0.0,0.03723856
0.7615038,0.0,0.19897701
0.9581044,0.0,0.0
0.90801895,0.0,0.0
0.8136044,0.0,0.019515622
0.95472854,0.0,0.008384438
0.87463576,0.0,0.001002843
0.80146253,0.0,0.017254818
0.762811,0.0,0.043420576
0.7833073,0.0,0.02615199
0.88442075,0.0,0.016063105
0.5896521,0.0,0.21185999
0.68701494,0.0,0.046977043
0.83554816,0.0,0.17079818
0.5808117,0.0,0.010959064
0.5501278,0.0,0.51698923
0.7199664,0.0,0.16070594
0.32615286,0.0,0.16162808
0.86430496,0.0,0.015022436
0.76575774,0.0,0.08415245
0.64958566,1.0,0.38057816
0.5368115,1.0,0.5932993
0.81928194,1.0,0.19363227
0.8998587,1.0,0.19178161
0.65005827,1.0,0.2890354
0.86782944,1.0,0.538379
0.76515007,0.0,0.10810291
0.6059862,0.0,0.37217602
0.7930132,0.0,0.0
0.666431,1.0,0.3291862
0.8477705,0.0,0.18286936
0.77665716,0.0,0.30417845
0.41269773,0.0,0.5656447
0.74844706,0.0,0.69737345
0.74796176,0.0,0.4039452
0.7361518,0.0,0.38331336
0.5008753,0.0,0.27702278
0.29973328,0.0,0.45686495
0.5646469,0.0,0.054376163
0.36890092,0.0,0.31122103
0.8899816,0.0,0.0
0.881072,0.0,0.0
0.814937,1.0,0.16479233
0.90059465,0.0,0.0
0.79898536,0.0,0.22077231
0.90372735,0.0,0.05314042
0.8441636,0.0,0.49190015
0.8135714,0.0,0.03390632
0.7612626,0.0,0.29227456
0.88797873,0.0,0.12760504
0.81535673,0.0,0.0917107
0.83418477,0.0,0.5460018
0.59973085,0.0,0.044793002
0.27460703,0.0,0.68468064
0.5067168,0.0,0.55221695
0.78286,0.0,0.03377689
0.7278902,0.0,0.33731776
0.846264,0.0,0.023822142
0.76291525,1.0,0.25528196
0.55214477,0.0,0.005577006
0.87856907,0.0,0.016132774
0.36786696,0.0,0.03494439
0.9281222,0.0,0.015781878
0.34490362,0.0,0.2384697
0.78611255,0.0,0.0120405005
0.85358244,0.0,0.3075271
0.78938854,0.0,0.18159576
0.8432895,0.0,0.1983746
0.9419452,0.0,5.2772924e-05
0.86567193,0.0,0.0061656334
0.7914374,0.0,0.0
0.87754905,0.0,0.007640665
0.6481596,0.0,0.0014279825
0.74223644,0.0,0.0059769736
0.7935396,0.0,0.021634672
0.58653307,0.0,0.015968693
0.61642975,1.0,0.4350194
0.62946284,1.0,0.5361511
0.5872442,0.0,0.25603005
0.6326368,0.0,0.54210556
0.41619006,0.0,0.105803505
0.8358963,0.0,0.09185832
0.37459034,0.0,0.6558835
0.6758785,0.0,0.31990603
0.88672996,0.0,0.0013372479
0.62202585,0.0,0.017828815
0.723363,0.0,0.44944653
0.48058635,0.0,0.36657894
0.75834775,0.0,0.009582471
0.6781873,0.0,0.266794
0.6771705,0.0,0.09134451
0.8043639,0.0,0.50149953
0.71886325,0.0,0.08342486
0.7423064,0.0,0.060555883
0.53613925,0.0,0.14908572
0.62764674,0.0,0.34364152
0.69899523,0.0,0.011252669
0.7266785,0.0,0.3307698
0.46565297,0.0,0.63224614
0.6478927,0.0,0.39416215
0.8467745,0.0,0.11197474
0.67607987,1.0,0.3802868
0.7456666,0.0,0.46147838
0.8744805,1.0,0.36944357
0.8336071,0.0,0.22461802
0.8491324,0.0,0.082951985
0.57596433,1.0,0.17937414
0.45716387,0.0,0.00045902995
0.74961644,0.0,0.053181387
0.8572345,0.0,0.0011303534
0.5856061,0.0,0.0
0.5255327,0.0,0.27292794
0.7742471,0.0,0.0340093
0.53386754,0.0,0.4184644
0.5925442,0.0,0.0
0.5756789,0.0,0.4362299
0.79619753,0.0,0.15248041
0.6008611,0.0,0.41663963
0.45468208,0.0,0.12416675
0.63204795,0.0,0.29275447
0.84201413,0.0,0.0
0.6250292,0.0,0.030219277
0.4030018,0.0,0.34536347
0.8319463,0.0,0.0
0.8150215,0.0,0.0
0.27574256,0.0,0.23219523
0.8131549,0.0,0.5918189
0.7662386,0.0,0.16271546
0.5985498,0.0,0.25866243
0.7280965,0.0,0.00057158316
0.8352575,0.0,0.5102262
0.80466557,0.0,0.29996222
0.58594453,0.0,0.010876201
0.89501196,0.0,0.103321254
0.4066503,0.0,0.3275711
0.60995615,0.0,0.35694122
0.5738781,0.0,0.61138266
0.7143191,0.0,0.1530204
0.5690906,0.0,0.31003946
0.8681399,0.0,0.04714718
0.72110844,0.0,0.45104715
0.7767245,0.0,0.19535956
0.7698691,0.0,0.0
0.9316359,0.0,0.020452278
0.47530675,0.0,0.5609635
0.5476034,0.0,0.30418345
0.7566514,0.0,0.5067468
0.79271775,0.0,0.007272279
0.57111514,0.0,0.044929236
0.7929507,0.0,0.027795536
0.8393871,0.0,0.34124604
0.7546308,0.0,0.14389405
0.8556466,0.0,0.004920061
0.56732786,0.0,0.05882007
0.37885696,0.0,0.022291416
0.44229707,0.0,0.0974301
0.68537647,0.0,0.10103301
0.8810068,0.0,0.08523402
0.8512554,0.0,0.0123675205
0.72829545,0.0,0.20018129
0.8002924,0.0,0.006748253
0.5977655,0.0,0.18097857
0.79148114,0.0,0.08423059
0.64378464,0.0,0.07328314
0.6336701,0.0,0.0
0.89484143,0.0,0.0017625793
0.5103729,0.0,0.087138265
0.8965987,0.0,0.18202506
0.9097077,0.0,0.6315251
0.8883279,0.0,0.50588524
0.73510283,0.0,0.6624487
0.88860196,0.0,0.1903916
0.84611946,1.0,0.669716
0.59605783,1.0,0.6637891
0.5912751,1.0,0.6567706
0.8187858,1.0,0.33867785
0.5599658,1.0,0.24393666
0.8670923,1.0,0.3221661
0.887124,1.0,0.8598034
0.8380839,1.0,0.57045776
0.9124746,1.0,0.20548277
0.5783069,1.0,0.62294567
0.8237638,1.0,0.3328796
0.89351106,1.0,0.50700194
0.91780096,0.0,0.20846933
0.84163845,0.0,0.10612309
0.62621015,0.0,0.0
0.8604636,0.0,0.1760939
0.835081,1.0,0.20401482
0.5316983,0.0,0.0977684
0.8937943,0.0,0.0
0.91743124,0.0,0.0015013532
0.8527167,0.0,0.0
0.8141821,0.0,0.0006058722
0.77794224,0.0,0.0
0.7600373,0.0,0.090321824
0.6041373,0.0,0.00044453036
0.41316164,0.0,0.31679773
0.88779396,0.0,0.53797174
0.90793455,0.0,0.040865485
0.62349653,0.0,0.23198865
0.8659811,0.0,0.010530187
0.8420056,0.0,0.029665591
0.9274497,0.0,0.0010510918
0.8865217,0.0,0.018056333
0.9084914,0.0,0.0012095452
0.70754457,0.0,0.0
0.85253036,0.0,0.034519333
0.6145062,0.0,0.0
0.88107485,0.0,0.07934428
0.8782803,0.0,0.08840895
0.6800461,0.0,0.071407326
0.797558,0.0,0.52404314
0.6842175,0.0,0.36712268
0.6014342,0.0,0.37741596
0.6589393,0.0,0.6550317
0.7643819,0.0,0.68264794
0.70910776,0.0,0.14853807
0.7283766,0.0,0.00011903637
0.37077937,0.0,0.5629487
0.5472776,0.0,0.4330095
0.68831843,0.0,0.06862725
0.7620625,0.0,0.41639924
0.67600656,0.0,0.12953115
0.86322504,0.0,0.36513853
0.86765426,0.0,0.27131054
0.77330333,0.0,0.18273422
0.44512913,0.0,0.13437858
0.90429515,0.0,0.28580278
0.84550136,0.0,0.021384876
0.3522573,0.0,0.506639
0.55866325,0.0,0.35026097
0.66584986,0.0,0.015787533
0.8828349,0.0,0.11749167
0.43124256,0.0,0.45759842
0.6603023,0.0,0.0034583278
0.7795596,0.0,0.023059199
0.7687798,0.0,0.35649335
0.50794625,0.0,0.213716
0.6851453,0.0,0.0
0.6039455,0.0,0.22733074
0.51888055,0.0,0.58735996
0.37387323,0.0,0.33594397
0.8567324,0.0,0.16696185
0.41460252,0.0,0.5215868
0.339089,0.0,0.78002983
0.8653069,0.0,0.1348709
0.7503987,0.0,0.012481228
0.8479848,0.0,0.32864422
0.52580357,0.0,0.28516537
0.61332786,0.0,0.2740009
0.47231865,0.0,0.4177942
0.8266303,0.0,0.13988493
0.8998398,0.0,0.18474054
0.72183925,0.0,0.3500578
0.89684325,0.0,0.04164115
0.7851807,0.0,0.3877582
0.65156746,0.0,0.43416354
0.37598073,0.0,0.43487942
0.9089056,0.0,0.24831234
0.72704107,0.0,0.23941967
0.78517467,0.0,0.0
0.74533695,0.0,0.13708156
0.64205253,0.0,9.5585085e-05
0.8034785,0.0,0.0058791623
0.3147621,0.0,0.28479794
0.7546479,0.0,0.0
0.7292065,0.0,0.10296234
0.8574304,0.0,0.251281
0.5571807,0.0,0.35525116
0.5592942,0.0,0.60633004
0.6772959,0.0,0.6468388
0.33690026,0.0,0.7350701
0.68681514,0.0,0.19271669
0.53917044,0.0,0.25368646
0.5528336,0.0,0.0
0.64218986,0.0,0.0
0.4562022,0.0,0.0
0.61318195,0.0,0.0035688253
0.52580166,0.0,0.005641527
0.8915308,0.0,0.0
0.67930585,0.0,0.00038965628
0.63976014,0.0,0.015053507
0.59953254,1.0,0.013772575
0.81338406,0.0,0.0
0.9161519,1.0,0.099930696
0.84478086,1.0,0.020372668
0.535755,0.0,0.112828925
0.61064994,0.0,0.015053259
0.7938099,0.0,0.0
0.4727292,0.0,0.0053144093
0.9155639,0.0,0.09836554
0.9020482,0.0,0.0
0.79864305,0.0,0.0
0.879743,0.0,0.024145532
0.78067625,0.0,0.101070546
0.79180944,0.0,0.0018664243
0.7948262,0.0,0.0
0.61639255,0.0,0.101379596
0.5619785,0.0,0.22942203
0.7038708,0.0,0.0038334236
0.8473518,0.0,0.109961696
0.7528538,0.0,0.45007485
0.5603342,0.0,0.12504728
0.5048216,0.0,0.24984059
0.45867324,0.0,0.47771278
0.5173624,0.0,0.6621802
0.6770302,0.0,0.28574666
0.27717668,0.0,0.6822861
0.70582956,0.0,0.35924834
0.84205115,0.0,0.0032891133
0.75502855,0.0,0.17145947
0.5188445,0.0,0.38840422
0.7205561,0.0,0.0012337532
0.74856526,0.0,0.0
0.6169243,0.0,0.34429643
0.77496517,0.0,0.366093
0.8461739,0.0,0.014281696
0.5399941,0.0,0.03482257
0.63435197,0.0,0.0006642811
0.49028307,0.0,0.027031034
0.64417213,0.0,0.0041170046
0.6499082,0.0,2.770007e-05
0.5240118,0.0,0.017302074
0.46481657,0.0,0.025203949
0.6474845,0.0,0.005724852
0.6934418,0.0,0.0030168872
0.6188035,0.0,0.0
0.72635734,0.0,0.009646899
0.7843831,0.0,0.0
0.87096745,0.0,0.01987314
0.8215702,0.0,0.16334777
0.7778346,0.0,0.1611604
0.911167,0.0,0.035105594
0.46700495,0.0,0.2999183
0.89269865,0.0,0.56989706
0.77831084,0.0,0.56017166
0.904856,1.0,0.30187273
0.8792379,0.0,0.21558842
0.8791831,1.0,0.3794167
0.3536626,0.0,0.12063775
0.9285897,1.0,0.077608384
0.72718376,0.0,0.018483438
0.90654683,0.0,0.00074214395
0.9063493,0.0,0.13755575
0.76494557,0.0,0.06433887
0.37245998,0.0,0.5311617
0.8407166,0.0,0.038071573
0.7838701,0.0,0.56327736
0.65277296,0.0,0.9009068
0.8933202,0.0,0.2494789
0.59848297,0.0,0.9042013
0.7340508,0.0,0.23529369
0.2763152,0.0,0.32829237
0.40723044,0.0,0.005386957
0.72805697,0.0,0.024404744
0.84661025,0.0,0.0
0.5982939,0.0,0.0046760966
0.8151336,0.0,0.10835992
0.7464087,0.0,0.028358663
0.742737,0.0,0.0
0.5834037,0.0,0.000472627
0.4812316,0.0,0.44875818
0.78016025,0.0,0.0787361
0.5037747,0.0,0.16787173
0.62809825,0.0,0.2035319
0.6653414,0.0,0.3566019
0.71571964,0.0,0.4907188
0.5844465,0.0,0.49657303
0.61360264,0.0,0.19895189
0.6990695,0.0,0.22486198
0.89621174,0.0,0.17128542
0.5549238,0.0,0.5676232
0.70500374,0.0,0.3840943
0.3906889,0.0,0.18447618
0.7620084,1.0,0.4210133
0.7711055,1.0,0.18474704
0.6119698,1.0,0.33083156
0.8801851,1.0,0.2262932
0.6597789,0.0,0.022840925
0.19034958,0.0,0.10644936
0.75647074,0.0,0.008253984
0.3615781,0.0,0.53275037
0.811534,0.0,0.5109873
0.7160591,0.0,0.17720503
0.88098156,0.0,0.14284045
0.59227645,0.0,0.2244787
0.60261995,0.0,0.041168384
0.40573782,0.0,0.34930998
0.71843034,0.0,0.014801263
0.76115465,0.0,0.0051692794
0.39198613,0.0,0.35651806
0.50735986,0.0,0.043829445
0.67555827,0.0,0.00499363
0.8918586,0.0,0.05079943
0.71426123,0.0,0.34580994
0.6953883,0.0,0.106514275
0.72972524,0.0,0.066470616
0.66968846,0.0,0.60546774
0.57493865,0.0,0.64694214
0.54378045,0.0,0.16975622
0.35714933,0.0,0.5790893
0.31526998,0.0,0.20826942
0.46169588,0.0,0.03620911
0.3554725,0.0,0.32113823
0.7906981,0.0,0.0
0.64090246,0.0,0.00032486167
0.5481379,0.0,0.0
0.74965984,0.0,0.0077351974
0.7349448,0.0,0.00027755552
0.5681429,1.0,0.035573866
0.90991133,1.0,0.027617149
0.7253582,1.0,0.26068047
0.895905,1.0,0.2091998
0.83031595,0.0,0.092978016
0.91872835,1.0,0.076892786
0.8117151,0.0,0.00020364499
0.9320579,0.0,0.019387996
0.82585627,0.0,0.01332864
0.8447889,0.0,0.006416293
0.7159411,0.0,0.10027788
0.8924118,0.0,0.0
0.7888846,0.0,0.19588149
0.7928126,0.0,0.26528987
0.8784603,0.0,0.61948454
0.6213958,0.0,0.4593142
0.51738477,0.0,0.60320544
0.60281503,0.0,0.025092583
0.31248003,0.0,0.7235746
0.73901576,0.0,0.21532181
0.32858628,0.0,0.26197094
0.495345,0.0,0.5351661
0.61075014,0.0,0.21463871
0.7152476,0.0,0.0
0.5144821,0.0,0.19655395
0.3972804,0.0,0.45837104
0.6903191,0.0,0.04021387
0.90060425,0.0,0.0
0.49881038,0.0,0.47260815
0.50483394,0.0,0.37218186
0.8308539,0.0,0.0
0.6973771,0.0,0.08738569
0.6770342,0.0,0.49717498
0.9118939,0.0,0.21686132
0.8060944,0.0,0.0012442069
0.6366663,0.0,0.25258335
0.69008577,0.0,0.5680378
0.8372776,0.0,0.3900949
0.69386834,0.0,0.4060248
0.53703314,0.0,0.4089858
0.90869707,0.0,0.10487004
0.4756016,0.0,0.7103805
0.82688713,0.0,0.058880284
0.7439705,0.0,0.55564165
0.7261364,0.0,0.28454438
0.8623945,0.0,0.061736543
0.86289793,0.0,0.066861875
0.86288214,0.0,0.059094545
0.8259913,0.0,0.15425159
0.55053085,1.0,0.6895303
0.9255627,1.0,0.23610428
0.8757859,1.0,0.30021754
0.86570054,1.0,0.44591278
0.6426644,0.0,0.29912084
0.9438711,0.0,0.030498782
0.91264147,0.0,0.00039496893
0.6539878,0.0,0.0
0.90578645,0.0,0.014782471
0.90418595,0.0,0.015599044
0.9049754,0.0,0.013556862
0.86848646,0.0,0.004667864
0.5475263,0.0,0.04674095
0.50992954,0.0,0.0
0.64647233,0.0,0.0906434
0.82447016,0.0,0.44417608
0.4826653,0.0,0.39985234
0.39187118,0.0,0.57957315
0.5142561,0.0,0.03926243
0.3439901,0.0,0.28757814
0.7922524,0.0,0.022234337
0.6976825,0.0,0.0
0.8754885,0.0,5.0241775e-05
0.81787306,0.0,0.061696563
0.700728,0.0,0.0016144882
0.7557584,1.0,0.08783565
0.85206085,0.0,0.00082099455
0.8927039,0.0,0.10276218
0.91743106,0.0,0.09033023
0.8679145,1.0,0.57987404
0.8129044,1.0,0.36306536
0.8592743,1.0,0.71230316
0.88394517,0.0,0.34635463
0.8428332,0.0,0.06691706
0.9064287,1.0,0.14446162
0.91626805,0.0,0.49712604
0.9211552,0.0,0.016421415
0.8070339,0.0,0.26348552
0.80407846,0.0,0.2599855
0.78935474,0.0,0.580837
0.80681944,0.0,0.2030131
0.69807285,0.0,1.8224277e-05
0.55983704,0.0,0.23021008
0.5985254,0.0,0.21136114
0.89114016,0.0,0.0010771157
0.92627114,0.0,0.0
0.7205975,0.0,0.35921314
0.6532062,0.0,0.0014312799
0.88499635,0.0,0.00093780394
0.63898945,0.0,0.016134264
0.8186229,0.0,0.2596199
0.89236355,0.0,0.001655146
0.845068,0.0,0.0
0.68314666,0.0,0.1509431
0.6692096,0.0,0.16175023
0.638855,0.0,0.00015908813
0.6855115,0.0,0.0
0.5920203,0.0,0.30130032
0.6201392,0.0,0.17446502
0.73585296,0.0,0.031332456
0.49750063,0.0,0.18753216
0.55227524,0.0,0.5045935
0.49881038,0.0,0.39508277
0.50752413,0.0,0.9883398
0.29172647,0.0,0.7981514
0.51723886,0.0,0.34495905
0.2888368,0.0,0.18574262
0.7299648,0.0,0.16818118
0.7761823,0.0,0.0
0.5878889,0.0,0.011795723
0.74776214,0.0,0.0
0.8940647,0.0,0.013809844
0.7157833,0.0,0.031132413
0.49410194,0.0,0.0
0.68131846,0.0,0.056409337
0.8606229,0.0,0.07989713
0.75905794,0.0,0.123459905
0.8973296,0.0,0.044646043
0.8566472,0.0,0.0
0.89670634,0.0,0.2092679
0.7826863,0.0,0.0011381994
0.77953494,0.0,0.011154644
0.5485751,0.0,0.0030406278
0.8642405,0.0,0.00010246551
0.6178316,0.0,0.13540235
0.3964934,0.0,0.41721806
0.655712,0.0,0.43829894
0.71205986,0.0,0.07515553
0.70196533,0.0,0.3488017
0.7048249,0.0,0.2863064
0.45862094,0.0,0.329253
0.78708553,0.0,0.079758376
0.7587058,0.0,0.25853315
0.78075093,0.0,0.025675137
0.63387424,0.0,0.40376946
0.76796734,0.0,0.33115354
0.50537163,0.0,0.49275953
0.6854105,0.0,0.05221982
0.35580656,0.0,0.4619087
0.71474195,0.0,0.17116134
0.51984245,0.0,0.2656582
0.5621842,0.0,0.48309955
0.5693116,0.0,0.4480007
0.5013816,0.0,0.42300135
0.3809223,0.0,0.71989614
0.5039169,0.0,0.120840766
0.32739773,0.0,0.19419606
0.53499585,0.0,0.045638923
0.47847813,0.0,0.022605445
0.32077834,0.0,0.00032761492
0.47833058,0.0,0.25698408
0.46024862,0.0,0.025461918
0.391199,0.0,0.32778537
0.4874674,0.0,0.24749653
0.6496374,0.0,0.0018017062
0.46890184,0.0,0.2196429
0.7193791,0.0,0.41451007
0.8575948,0.0,0.083112404
0.748512,0.0,0.003369541
0.67631567,0.0,0.18942602
0.75552666,0.0,0.2271034
0.77108383,0.0,0.0
0.7701988,0.0,0.06376399
0.45339406,0.0,0.5223627
0.38189793,0.0,0.30502355
0.62929875,0.0,0.014724758
0.64118797,0.0,0.06968911
0.6608772,0.0,0.5499165
0.3554968,0.0,0.5191931
0.74991167,0.0,0.25760898
0.45259947,0.0,0.70803505
0.54489505,0.0,0.061715618
0.41520354,0.0,0.37128896
0.43824744,0.0,0.08052694
0.37754214,0.0,0.29328182
0.15821001,0.0,0.2304773
0.57611537,0.0,0.018696262
0.6188329,0.0,0.049374327
0.5863265,0.0,0.0
0.7600797,0.0,0.005376591
0.40298507,0.0,0.0
0.672348,0.0,0.0003015746
0.87088645,0.0,0.001431557
0.7551674,0.0,0.0
0.54735434,0.0,0.011247116
0.7963479,0.0,0.021525707
0.6861841,0.0,0.0058232956
0.8824427,0.0,0.0
0.8330894,0.0,0.0
0.670553,0.0,0.0024242834
0.4713798,0.0,0.0016419481
0.6464777,0.0,0.0
0.6113367,0.0,0.041880343
0.426836,0.0,0.46787554
0.37203586,0.0,0.74005127
0.6162002,0.0,0.5004198
0.55754924,0.0,0.03615968
0.34148133,0.0,0.42400604
0.42954358,0.0,0.19848412
0.6255065,0.0,0.16672854
0.7068354,0.0,0.23608701
0.55100715,0.0,0.2439232
0.72777396,0.0,0.0
0.64037466,0.0,0.00038366584
0.6605812,0.0,0.0
0.6552691,0.0,0.037720084
0.4847194,0.0,0.039265845
0.91907996,0.0,0.006213536
0.5812083,0.0,0.034202483
0.70183975,0.0,0.0751055
0.7491515,0.0,0.0050243563
0.5854063,0.0,0.07749211
0.28765032,0.0,0.53248984
0.59003204,0.0,0.08045911
0.7472043,0.0,0.02795013
0.48082018,0.0,0.28688776
0.2951156,0.0,0.3413125
0.8649259,0.0,0.060613032
0.4384356,0.0,0.3806669
0.49381122,0.0,0.66364133
0.31135368,0.0,0.47715878
0.3335696,0.0,0.56984
0.68621826,0.0,0.10979277
0.43021423,0.0,0.3249099
0.30355346,0.0,0.4398112
0.25865722,0.0,0.24205256
0.684055,0.0,0.008226388
0.38626733,0.0,0.0944918
0.25791276,0.0,0.26591784
0.3876942,0.0,0.19625501
0.7300637,0.0,0.026180157
0.32204837,0.0,0.03221179
0.7672073,0.0,0.003377744
0.33643207,0.0,0.11055809
0.6583237,0.0,0.040383168
0.66252375,0.0,0.008922337
0.36291695,0.0,0.010275487
0.707,0.0,0.0035039845
0.7079341,0.0,0.0
0.67096245,0.0,0.00016374433
0.54575294,0.0,0.0
0.8636389,0.0,0.0
0.6627036,0.0,0.008024763
0.45429337,0.0,0.0013419886
0.27017766,0.0,0.20200676
0.46472305,0.0,0.12011973
0.6580241,0.0,0.00080684025
0.8451307,0.0,0.01234863
0.69309545,0.0,0.32993537
0.4193746,0.0,0.44134894
0.5889106,0.0,0.25765648
0.35105252,0.0,0.7794976
0.3712771,0.0,0.3654419
0.65791124,0.0,0.021303462
0.7855521,0.0,0.12307253
0.2610435,0.0,0.35757795
0.4116979,0.0,0.26827508
0.5107329,0.0,0.0
0.7960876,0.0,0.4440483
0.678774,0.0,0.6832427
0.4464542,0.0,0.20460233
0.4737529,0.0,0.3001925
0.86398524,0.0,0.003743442
0.836279,0.0,0.04069258
0.68043,0.0,0.014897584
0.76407576,0.0,0.0
0.85191363,0.0,0.018675508
0.64623773,0.0,0.00091602164
0.8035156,0.0,0.0
0.87493944,0.0,0.0004433334
0.42426583,0.0,0.00056493626
0.81231,0.0,0.0012817162
0.6916386,0.0,0.0032649983
0.4478278,0.0,0.069212325
0.39618385,0.0,0.20351079
0.852422,0.0,0.039522078
0.9110065,0.0,0.0014744158
0.36679605,0.0,0.5425417
0.44359797,0.0,0.2053343
0.7082552,0.0,0.5294396
0.41037884,0.0,0.1710527
0.5104193,0.0,0.17578447
0.46400124,0.0,0.018589566
0.65218496,0.0,0.014243514
0.7433439,0.0,0.0009480129
0.36089763,0.0,0.18685937
0.7640471,0.0,0.0008946027
0.82158566,0.0,0.0
0.5034106,0.0,0.0055233804
0.54066485,0.0,0.005248535
0.88975537,0.0,0.00023318174
0.7923153,0.0,0.0056192577
0.6498033,0.0,0.0022668021
0.80967504,0.0,0.006499917
0.85458386,0.0,0.0039931354
0.44842014,0.0,0.060738355
0.51880354,0.0,0.0045623058
0.59072757,0.0,0.40330198
0.7615999,0.0,0.47021174
0.6519643,0.0,0.2866435
0.45866624,0.0,0.37020454
0.6269439,0.0,0.06703313
0.8049867,0.0,0.108527355
0.5378326,0.0,0.49942672
0.36914593,0.0,0.34584418
0.85746515,0.0,0.01677621
0.90347546,0.0,0.06841023
0.34824964,0.0,0.5887299
0.5678529,0.0,0.29115677
0.8194791,0.0,0.01195864
0.37112358,0.0,0.29543382
0.75322723,0.0,0.029097956
0.4016445,0.0,0.0779147
0.7757227,0.0,0.39984515
0.20303066,0.0,0.37774315
0.758391,0.0,0.00048702257
0.81491065,0.0,0.06745795
0.489955,0.0,0.08742639
0.348192,0.0,0.40731898
0.48486322,0.0,0.13931978
0.62928045,0.0,0.24456485
0.52115285,0.0,0.3513153
0.78970027,0.0,0.014306947
0.7020396,0.0,0.050213408
0.32786006,0.0,0.24196798
0.2925673,0.0,0.44074464
0.6712516,0.0,0.06665652
0.631553,0.0,0.13796991
0.49731937,0.0,0.35647127
0.84454,0.0,0.025752872
0.61662024,0.0,0.35782272
0.5168656,0.0,0.31695458
0.6196813,0.0,0.3841575
0.7587081,0.0,0.62639034
0.7449752,0.0,0.32613954
0.791207,0.0,0.7421505
0.7357674,0.0,0.70045626
0.61170286,0.0,0.115308054
0.81198806,0.0,0.33456117
0.59554774,0.0,0.0096669085
0.47573414,0.0,0.15059789
0.7905041,0.0,0.003638375
0.8571995,0.0,0.0
0.6562131,0.0,0.0
0.4625095,0.0,0.007648044
0.738156,0.0,0.013446406
0.6191666,0.0,0.0
0.78818613,0.0,0.08608792
0.49637356,0.0,0.067703
0.43411872,0.0,0.011045291
0.6369516,0.0,0.00477471
0.69555205,0.0,0.0
0.83277184,0.0,0.016665604
0.8645159,0.0,0.013476021
0.8281551,0.0,0.055054583
0.45880902,0.0,0.07435528
0.47777778,0.0,0.13291508
0.4787708,0.0,0.07599534
0.48033044,0.0,0.04905954
0.28427538,0.0,0.5447295
0.19488198,0.0,0.51577854
0.29597324,0.0,0.35186672
0.23447448,0.0,0.3578635
0.44499665,0.0,0.08301217
0.7112441,0.0,0.0
0.59145206,0.0,0.009716045
0.7023038,0.0,0.04352726
0.56835276,0.0,0.0028938372
0.7898207,0.0,0.25422034
0.8538589,0.0,0.17242192
0.8602199,0.0,0.040030375
0.76418275,0.0,0.02441135
0.87986135,0.0,0.05236226
0.7355532,0.0,0.008627306
0.8828248,0.0,0.0
0.88064736,0.0,0.021448273
0.4948994,0.0,0.0009516249
0.7082311,0.0,0.06013597
0.5598157,0.0,0.08403689
0.37005296,0.0,0.66961527
0.44600782,0.0,0.5732601
0.54824775,0.0,0.23800272
0.40767002,0.0,0.21066417
0.37339625,0.0,0.416845
0.80263877,0.0,0.04674286
0.36843964,0.0,0.6308687
0.44674325,0.0,0.29000032
0.49843225,0.0,0.25049505
0.81480145,0.0,0.0076131513
0.888702,0.0,0.0
0.79329383,0.0,0.025062567
0.84721,0.0,0.0012150347
0.7155166,0.0,0.0022699216
0.80037564,0.0,0.008400709
0.48582298,0.0,0.049302753
0.46326193,0.0,0.0
0.7365431,0.0,0.34304792
0.66279155,0.0,0.42557532
0.4709927,0.0,0.012470886
0.4157382,0.0,0.23768236
0.7605083,0.0,0.25806797
0.7250462,0.0,0.033121523
0.67876124,0.0,0.078611195
0.64237744,0.0,0.0012649408
0.7378426,0.0,0.005841117
0.6327312,0.0,0.0
0.69300383,0.0,0.0064228554
0.855118,0.0,0.0
0.55998015,0.0,0.039282527
0.81953967,0.0,0.0057547404
0.34921867,0.0,0.07306887
0.68004024,0.0,0.010349051
0.6376238,0.0,0.16882434
0.70994395,0.0,0.12033805
0.6683031,0.0,0.0037969875
0.7077687,0.0,0.080492616
0.51104087,0.0,0.18788166
0.59823245,0.0,0.21881649
0.6986047,0.0,0.0016278399
0.7300317,0.0,0.20744443
0.92966336,0.0,0.2788196
0.53997993,0.0,0.54354393
0.5464825,0.0,0.4128391
0.29586112,0.0,0.591132
0.6224898,0.0,0.3849696
0.6295533,0.0,0.01405368
0.18035366,0.0,0.7176794
0.6282444,0.0,0.42157584
0.68174046,0.0,0.34310588
0.51733,0.0,0.5683014
0.2516293,0.0,0.21580663
0.649538,0.0,0.011635104
0.32573557,0.0,0.11695885
0.27535135,0.0,0.45709938
0.47018057,0.0,0.18276124
0.74734455,0.0,0.0
0.649181,0.0,0.40893567
0.26199806,0.0,0.45210359
0.535375,0.0,0.099209
0.30684978,1.0,0.71952426
0.7027966,1.0,0.41660088
0.8099283,0.0,0.068480305
0.3660547,0.0,0.3232699
0.3816312,0.0,0.55149776
0.5111529,0.0,0.013674185
0.53232175,0.0,0.1392339
0.69915164,0.0,0.013774184
0.7587261,0.0,0.0073008514
0.5073433,0.0,0.0067507764
0.8566083,0.0,0.0
0.78218126,0.0,0.26181528
0.77413183,0.0,0.024644844
0.61108285,0.0,0.0018876302
0.92633855,0.0,0.054361783
0.8564761,0.0,0.0
0.8702154,0.0,0.04740986
0.53702337,0.0,0.22247201
0.4912105,0.0,0.24672876
0.5548065,0.0,0.124348156
0.3973633,0.0,0.07573021
0.45939636,0.0,0.14323056
0.51089495,0.0,0.10740174
0.7078544,0.0,0.0
0.82496303,0.0,0.15577118
0.7140348,0.0,0.32785308
0.7954741,0.0,0.2313474
0.6227079,0.0,0.30418634
0.7968149,0.0,0.2202437
0.47395578,0.0,0.40950876
0.8400825,0.0,0.53343385
0.77050793,0.0,0.52299017
0.82619834,0.0,0.91673416
0.6703379,0.0,0.5032958
0.5660806,0.0,0.15667512
0.5263593,0.0,0.3688616
0.5301264,0.0,0.3533714
0.350747,0.0,0.10558689
0.40934312,0.0,0.086383075
0.64635324,0.0,0.15733816
0.81588274,0.0,0.01174043
0.7681066,0.0,0.086522885
0.66745216,0.0,0.021478543
0.84890246,0.0,0.0043815067
0.852941,0.0,0.0139470855
0.6870523,0.0,0.03851767
0.8388992,0.0,0.0037360005
0.71341854,0.0,0.020223381
0.61230475,0.0,0.0
0.8262794,0.0,0.010220336
0.7594942,0.0,0.058946528
0.95184326,0.0,0.010507263
0.5479375,0.0,0.10171311
0.5729127,0.0,0.054981504
0.6718494,0.0,0.017283902
0.83654207,0.0,0.081941575
0.55535233,0.0,0.37325844
0.799752,0.0,0.060073722
0.83502495,0.0,4.9862316e-05
0.360334,0.0,0.20207629
0.5861853,0.0,0.38087308
0.8020838,0.0,0.13410117
0.87386495,0.0,0.17153044
0.41066614,0.0,0.6153981
0.42089868,0.0,0.33812207
0.3866321,1.0,0.4311824
0.5436438,0.0,0.07767634
0.29631373,1.0,0.6443846
0.6261405,0.0,0.2670536
0.7547782,0.0,0.0060328445
0.5274831,0.0,0.24656823
0.47783515,0.0,0.0077619995
0.7807218,0.0,0.00055011606
0.70153254,0.0,0.07612054
0.4119562,0.0,0.56477314
0.37887788,0.0,0.23212916
0.37211588,0.0,0.0
0.6670469,0.0,0.25965777
0.9136183,0.0,0.07728256
0.3287264,0.0,0.2541633
0.4623349,0.0,0.11320999
0.76422954,0.0,0.010160126
0.8640378,0.0,0.0060450723
0.21226847,0.0,0.2810887
0.82268405,0.0,0.039353322
0.764855,0.0,0.0005905863
0.7071407,0.0,0.0
0.7922448,0.0,0.09371476
0.63509595,0.0,0.012558523
0.8758589,0.0,0.121556796
0.34348363,1.0,0.25981036
0.6872684,0.0,0.0918306
0.5572671,1.0,0.3332154
0.38668138,0.0,0.011420471
0.27320585,0.0,0.1358365
0.44759122,0.0,0.06625792
0.4869333,0.0,0.060629487
0.38662267,0.0,0.48823565
0.48085126,0.0,0.34333858
0.6959145,0.0,0.3885218
0.4552514,0.0,0.2990303
0.49326015,0.0,0.023444643
0.90726817,0.0,0.10686476
0.57255965,0.0,0.019648414
0.69277745,0.0,0.06690529
0.7254138,0.0,0.007690022
0.69490004,0.0,0.013797614
0.5472719,0.0,0.0
0.8560281,0.0,0.0048175743
0.7562088,0.0,0.010605234
0.48163855,0.0,0.0
0.5776866,0.0,0.0
0.56639445,0.0,0.14202823
0.82032055,0.0,0.31279784
0.5054769,0.0,0.33131084
0.5459772,0.0,0.51423407
0.6748988,0.0,0.09483902
0.66921145,0.0,0.016071076
0.3161314,0.0,0.67806864
0.83500713,0.0,0.22915182
0.71137154,0.0,0.034409504
0.33167052,0.0,0.42778328
0.13927841,0.0,0.3432283
0.7682677,0.0,0.026888877
0.4779276,0.0,0.31568596
0.33977064,0.0,0.6816207
0.6286157,0.0,0.2781291
0.72710466,0.0,0.5134333
0.39609703,0.0,0.49894154
0.7691177,0.0,0.43905622
0.6871268,0.0,0.35665125
0.89309186,0.0,0.3834436
0.6442414,0.0,0.29086643
0.8711941,0.0,0.020111915
0.68711203,0.0,0.5809776
0.4486583,1.0,0.31662652
0.48625314,1.0,0.44438457
0.60192645,1.0,0.6212292
0.4351269,1.0,0.6125664
0.4933434,1.0,0.43495017
0.5145361,1.0,0.6265778
0.27710727,1.0,0.34022957
0.7025221,1.0,0.16367099
0.49056497,1.0,0.4014817
0.44173595,1.0,0.6282815
0.8447327,0.0,0.1924936
0.7900208,0.0,0.035351127
0.5996367,0.0,0.46451256
0.50051355,0.0,0.15273131
0.52582294,0.0,0.007819972
0.41943908,0.0,0.31884697
0.48547342,0.0,0.5254605
0.8596805,0.0,0.021490995
0.7611197,0.0,0.018777976
0.2917571,0.0,0.60989827
0.72834986,0.0,0.5707214
0.78494966,0.0,0.013666765
0.7663807,0.0,0.30028743
0.48055983,0.0,0.5781477
0.36960664,0.0,0.6465354
0.25863183,0.0,0.32837212
0.26985872,0.0,0.7468575
0.27871844,0.0,0.6598165
0.6027176,0.0,0.3351077
0.68107504,0.0,0.48704132
0.64962494,0.0,0.7175872
0.78940254,0.0,0.66712147
0.77674896,0.0,0.1713507
0.742153,0.0,0.32415932
0.74496204,0.0,0.05400343
0.55238783,0.0,0.6173236
0.56300414,0.0,0.35369426
0.7420663,0.0,0.10012408
0.5577832,0.0,0.2937196
0.5520691,0.0,0.53620356
0.4941992,1.0,0.454548
0.5352094,1.0,0.08171018
0.71212554,0.0,0.4584402
0.66876864,1.0,0.4728441
0.6588365,0.0,0.3921162
0.7065893,0.0,0.74901533
0.8036577,0.0,0.33962363
0.75856304,0.0,0.08466584
0.80422246,0.0,0.3617659
0.6819539,0.0,0.35517356
0.7801343,0.0,0.07264031
0.62084776,1.0,0.4994691
0.4254988,1.0,0.69919354
0.7570865,1.0,0.6860567
0.34535187,1.0,0.17685314
0.31249836,1.0,0.030435747
0.70639735,1.0,0.33542627
0.53838927,1.0,0.28469235
0.66642106,0.0,0.0016982147
0.8195373,0.0,0.021256763
0.56958157,1.0,0.44305423
0.36540005,1.0,0.36653978
0.6237919,0.0,0.09284389
0.4767907,0.0,0.5846172
0.69605565,0.0,0.28497854
0.39914748,0.0,0.25353476
0.43009955,0.0,0.34842283
0.80013543,0.0,0.3212993
0.6213049,0.0,0.36595997
0.7629007,0.0,0.27915865
0.4624404,0.0,0.6890768
0.59612006,0.0,0.40471864
0.5235622,0.0,0.41029245
0.8462806,0.0,0.08150885
0.8521241,0.0,0.12885727
0.5956773,0.0,0.19878276
0.5041987,0.0,0.21192636
0.6422109,0.0,0.22488365
0.8263016,0.0,0.16727073
0.77810085,0.0,0.0
0.46358693,0.0,0.27148038
0.44936588,0.0,0.00204221
0.8716913,0.0,0.41082466
0.5816029,0.0,0.5309975
0.4699402,0.0,0.1594205
0.37544084,0.0,0.32553762
0.6340696,0.0,0.0039828047
0.6982429,0.0,0.0910084
0.5030083,0.0,0.0
0.72969884,0.0,0.11958003
0.38520283,0.0,0.18928419
0.81574816,0.0,0.036294706
0.481884,0.0,0.35908827
0.727576,0.0,0.23572946
0.3834099,0.0,0.75189084
0.3221244,0.0,0.17562018
0.35115653,1.0,0.4751986
0.4108332,1.0,0.5554252
0.80534947,0.0,0.15798064
0.3967341,1.0,0.13412789
0.69710267,1.0,0.4836698
0.8469806,0.0,0.06446151
0.69855535,0.0,0.03539547
0.57581484,1.0,0.05560751
0.5946369,1.0,0.23216856
0.4731648,0.0,0.0
0.5899597,0.0,0.042023633
0.6203585,1.0,0.3499173
0.85958964,1.0,0.44607496
0.57858837,0.0,0.094691075
0.57564604,0.0,0.25403237
0.775034,0.0,0.043890767
0.56408906,0.0,0.34732598
0.35246614,0.0,0.23367876
0.23928908,0.0,0.5292694
0.58437145,0.0,0.048527315
0.79081935,0.0,0.030737013
0.59626365,0.0,0.12861054
0.34385753,0.0,0.23285238
0.74327254,0.0,0.1392397
0.52598643,0.0,0.03268229
0.79620034,0.0,0.0
0.6881665,1.0,0.12911434
0.68933094,1.0,0.048023887
0.7209812,1.0,0.30717835
0.50584406,0.0,0.3933667
0.5451856,0.0,0.37970167
0.471732,0.0,0.6199132
0.45988154,0.0,0.59155214
0.61696255,0.0,0.62844074
0.62278533,0.0,0.6667543
0.8522828,0.0,0.19227937
0.35483792,0.0,0.2939644
0.78982157,0.0,0.03381784
0.64914685,0.0,0.082508534
0.9139251,0.0,0.04601169
0.71420926,0.0,0.010224432
0.90734386,0.0,0.091959916
0.3336057,0.0,0.2569198
0.5979419,0.0,0.19174816
0.18892986,0.0,0.16775952
0.24624301,0.0,0.57694507
0.41221482,0.0,0.29921567
0.34611472,0.0,0.14487629
0.68793684,0.0,0.08427587
0.7785826,0.0,0.0
0.52987355,0.0,0.18517345
0.54982144,0.0,0.3726433
0.5211457,0.0,0.12752569
0.8707969,0.0,0.0077600726
0.54789704,0.0,0.3602008
0.7527611,0.0,0.6436585
0.51841223,0.0,0.30705342
0.62939376,0.0,0.33741152
0.35082054,0.0,0.12751536
0.44602367,0.0,0.48355156
0.5127194,0.0,0.20069863
0.34280384,0.0,0.3713383
0.40842265,0.0,0.13119395
0.36169398,0.0,0.00021020406
0.73464817,0.0,0.03268675
0.36153138,0.0,0.36234197
0.8055392,0.0,0.013131793
0.8000965,0.0,0.0
0.528262,0.0,0.20015496
0.47921562,0.0,0.037922066
0.7975682,0.0,0.003424487
0.66571337,0.0,0.0
0.94234127,0.0,0.064227104
0.6191349,0.0,0.0
0.85291713,0.0,0.0
0.58132476,0.0,0.056010257
0.6102839,0.0,0.1563151
0.805901,0.0,0.0
0.48395684,0.0,0.051989347
0.7907676,0.0,0.35525808
0.5591384,0.0,0.28154343
0.5507386,0.0,0.3829774
0.32600215,0.0,0.8356601
0.6925599,0.0,0.56703854
0.8579986,0.0,0.79220796
0.53147364,0.0,0.4657495
0.6792013,0.0,0.1305806
0.7479935,0.0,0.058607332
0.43226722,0.0,0.15534885
0.34975454,0.0,0.02595644
0.83243686,0.0,0.0
0.7199268,0.0,0.0
0.43081307,0.0,0.0021943857
0.69843256,0.0,0.09033594
0.7617862,0.0,0.06565459
0.7736758,0.0,0.012015699
0.3742942,0.0,0.11673266
0.8273878,0.0,0.0
0.5465899,0.0,0.41747525
0.8046423,0.0,0.07604143
0.75260293,0.0,0.0030809925
0.89594024,0.0,0.16780703
0.60652846,0.0,0.0
0.4136432,0.0,0.1811895
0.6759272,0.0,0.75333285
0.6043334,0.0,0.47773224
0.6376787,0.0,0.16747804
0.6890072,0.0,0.086687006
0.6668978,0.0,0.0
0.7031323,0.0,0.0022557494
0.65656346,0.0,3.500611e-05
0.6940334,0.0,0.068767674
0.7556988,0.0,0.095081665
0.8700119,0.0,0.0
0.5325112,0.0,0.07381926
0.81147176,0.0,0.13072462
0.79997194,0.0,0.0
0.61662734,0.0,0.0
0.5871844,0.0,0.14529727
0.78322345,0.0,0.11348519
0.37133226,0.0,0.3257381
0.39348128,0.0,0.37270457
0.53705424,0.0,0.7086451
0.6801576,0.0,0.4940469
0.5528945,0.0,0.52734184
0.640103,0.0,0.39587712
0.5237148,0.0,0.23019691
0.42041653,0.0,0.281841
0.4883062,0.0,0.2719087
0.50426835,0.0,0.3487543
0.6447204,0.0,0.19800301
0.67085063,0.0,0.3825757
0.3742926,0.0,0.66231036
0.5161429,0.0,0.30779254
0.35030162,0.0,0.21212287
0.63750166,0.0,0.121382855
0.88061917,0.0,0.18539771
0.48134482,0.0,0.33587456
0.6337606,0.0,0.06752426
0.69157076,0.0,0.04729901
0.7930738,0.0,0.049905434
0.6462261,0.0,0.013102807
0.47083548,0.0,0.040398568
0.76920754,0.0,0.102203116
0.9125199,0.0,0.10700435
0.86412084,0.0,0.002452223
0.84937614,0.0,0.21547683
0.7653295,0.0,0.47312576
0.85776055,0.0,0.54599005
0.6545001,0.0,0.12917104
0.6122171,0.0,0.31617928
0.67345357,0.0,0.24343656
0.47541487,0.0,0.59890914
0.3436685,0.0,0.43668568
0.5372298,0.0,0.05841562
0.45150024,0.0,0.31911504
0.6621934,0.0,0.07017674
0.7727259,0.0,0.01830294
0.3507069,0.0,0.21047698
0.38745204,0.0,0.2820908
0.57400787,0.0,0.13622627
0.76516974,0.0,0.016917234
0.64810807,0.0,0.02121607
0.73331577,0.0,0.0
0.7866243,0.0,0.04543716
0.2924114,0.0,0.003740442
0.5987874,0.0,0.00085992826
0.92188495,0.0,0.0
0.85116315,0.0,0.0017561837
0.6534582,0.0,0.0009127098
0.6504865,0.0,0.015547879
0.8036308,0.0,0.0008837937
0.8126158,0.0,0.0
0.8007274,0.0,0.0
0.8455838,0.0,0.082988895
0.6653585,0.0,0.08323626
0.6732751,0.0,0.0
0.70197517,0.0,0.18536167
0.41606453,0.0,0.2795888
0.6062093,0.0,0.70542336
0.6394421,0.0,0.6085917
0.7831919,0.0,0.45054027
0.78778327,0.0,0.3188173
0.33722746,0.0,0.16171654
0.2720662,0.0,0.546367
0.7170841,0.0,0.086028926
0.21664731,0.0,0.25620764
0.75196123,0.0,0.19503921
0.584719,0.0,0.0
0.84147155,0.0,0.015647441
0.41134387,0.0,0.3205362
0.24397485,0.0,0.4535248
0.569939,0.0,0.35651055
0.76836485,0.0,0.08089225
0.47008634,0.0,0.5028266
0.64055705,0.0,0.6688345
0.72169554,0.0,0.6739937
0.5358928,0.0,0.045212843
0.92912966,0.0,0.29728302
0.59849846,0.0,0.2246863
0.42255047,0.0,0.63287824
0.5180322,0.0,0.29652587
0.86872965,0.0,0.0022393838
0.6739201,0.0,0.3716581
0.3723506,0.0,0.47481155
0.51151806,0.0,0.06768268
0.7433688,0.0,0.014501842
0.8274289,0.0,0.16841826
0.75003576,0.0,0.49449784
0.27140296,0.0,0.39323345
0.26592004,0.0,0.70521295
0.46449855,0.0,0.32430616
0.8572644,0.0,0.18360268
0.4766999,0.0,0.06641565
0.5276632,0.0,0.5734036
0.58792526,0.0,0.21359272
0.46874815,0.0,0.1420533
0.32427537,0.0,0.7153807
0.6464958,0.0,0.18996018
0.5580431,0.0,0.0025490026
0.4465532,0.0,0.4106633
0.6794297,0.0,0.43498456
0.72113144,0.0,0.2228311
0.58709085,0.0,0.34720516
0.91805255,0.0,0.015018965
0.7585495,0.0,8.958586e-05
0.7217606,0.0,0.34447592
0.73366416,0.0,0.19109459
0.58230114,0.0,0.0034412201
0.84258187,0.0,0.0041497983
0.52551115,0.0,0.46664533
0.7340857,0.0,0.016909465
0.69379383,0.0,0.0
0.7938033,0.0,0.37648696
0.60587376,0.0,0.15464658
0.7988772,0.0,0.0
0.7992592,0.0,0.0414121
0.78786194,0.0,0.33594143
0.63266194,0.0,0.5645481
0.8448177,0.0,0.4793618
0.6253225,0.0,0.077258974
0.73185456,0.0,0.5195328
0.62935096,0.0,0.40984502
0.8691567,0.0,0.054785337
0.67474824,0.0,0.16963442
0.8291478,0.0,0.47600406
0.71921,0.0,0.03509574
0.6075424,0.0,0.35440296
0.7548472,0.0,0.3684281
0.6409708,0.0,0.00014011071
0.48618472,0.0,0.30199638
0.6392733,0.0,0.44822818
0.83780473,0.0,0.26171052
0.8015426,0.0,0.0014871791
0.78718346,0.0,0.24882574
0.39867407,0.0,0.41525504
0.68335027,0.0,0.02998421
0.7161364,0.0,0.24002002
0.44443372,0.0,0.57843095
0.49135593,0.0,0.48356435
0.6176431,0.0,0.3166876
0.6435775,0.0,1.0
0.49639273,0.0,0.62833786
0.6737927,0.0,0.55405015
0.70299464,0.0,0.0593567
0.33915246,0.0,0.6366219
0.6950101,0.0,0.2313734
0.49350584,0.0,0.42655227
0.39455274,0.0,0.6416179
0.47165602,0.0,0.5671232
0.86478543,0.0,0.09774573
0.51850235,0.0,0.34526017
0.86583245,0.0,0.23192722
0.9018325,0.0,0.32660675
0.67168844,0.0,0.7003538
0.7293184,0.0,0.29125872
0.7075281,0.0,0.7545751
0.6715824,0.0,0.29554665
0.918298,0.0,0.0020252557
0.7019797,0.0,0.07591198
0.6371196,0.0,0.35054496
0.6761461,0.0,0.18334855
0.794435,0.0,0.0
0.82139677,0.0,0.18923485
0.7841949,0.0,0.45935816
0.8534899,0.0,0.34435531
0.77872276,0.0,0.13813925
0.7185851,0.0,0.5870893
0.5588858,0.0,0.6426582
0.70913804,0.0,0.34868065
0.7209717,0.0,0.16040553
0.7845945,0.0,0.08267473
0.8940411,0.0,0.25216022
0.8077222,0.0,0.12139657
0.8886134,0.0,0.0
0.857116,0.0,0.06481107
0.9135909,0.0,0.046598125
0.8678573,0.0,0.014283818
0.8612521,0.0,0.0
0.8265211,0.0,0.012992589
0.8883959,0.0,0.0
0.7927398,0.0,0.0070001744
0.76181793,0.0,0.010702265
0.70549005,0.0,0.24693255
0.69039655,0.0,0.4767704
0.57108676,0.0,0.31606397
0.551285,0.0,0.42228028
0.61866724,0.0,0.66276973
0.5714123,0.0,0.21292292
0.48356685,0.0,0.22456834
0.5430915,0.0,0.32833117
0.9447454,0.0,0.0
0.80237013,0.0,0.0037752604
0.53462464,0.0,0.13434014
0.82037896,0.0,0.2522542
0.8476425,0.0,0.0
0.79051214,0.0,0.0
0.90573955,0.0,0.27921885
0.94725555,0.0,0.010838796
0.7047243,0.0,0.027228037
0.93426067,0.0,0.14732708
0.89665353,0.0,0.10349274
0.85189426,0.0,0.2551553
0.7891342,1.0,0.36799976
0.47627658,0.0,0.36090633
0.76775736,1.0,0.09780166
0.62914765,0.0,0.66797626
0.6530064,0.0,0.22802825
0.90580213,0.0,0.0
0.7909795,0.0,0.03155313
0.87279254,0.0,0.08578139
0.88083845,0.0,0.0
0.9209078,0.0,0.0
0.9044312,0.0,0.51604307
0.8257548,0.0,0.3257875
0.71950006,0.0,0.0
0.7060949,0.0,0.106177144
0.50803584,0.0,0.608348
0.85047936,0.0,0.33042985
0.5340988,0.0,0.30773118
0.47392538,0.0,0.43569863
0.7080788,0.0,0.30379027
0.878993,0.0,0.04956769
0.39044586,0.0,0.25212598
0.89860404,0.0,0.5138534
0.863416,0.0,0.0010080109
0.89572835,0.0,0.025543222
0.74988073,0.0,0.06454741
0.90520716,0.0,0.16118667
0.83521783,0.0,0.020248836
0.91804343,0.0,0.0073070796
0.8943857,1.0,0.09731024
0.95989054,0.0,0.0035878194
0.83663946,0.0,0.04156121
0.9112041,1.0,0.07272521
0.9157292,1.0,0.30175552
0.6558351,1.0,0.29431194
0.8097123,0.0,0.50907373
0.89041317,0.0,0.35303727
0.66262966,0.0,0.20159675
0.8484493,0.0,0.448987
0.542465,0.0,0.27726525
0.9469279,0.0,0.0021141963
0.76273113,0.0,0.016182465
0.5208199,0.0,0.29195142
0.6988099,0.0,0.106796086
0.935069,0.0,0.00361682
0.87412274,0.0,0.28933728
0.67024565,0.0,0.17798238
0.74487096,0.0,0.023195373
0.82084584,0.0,0.0
0.8199533,0.0,0.42528227
0.5842385,0.0,0.23492384
0.79557914,0.0,0.100015335
0.5438159,0.0,0.75262076
0.7133062,0.0,0.5377344
0.64764285,0.0,0.10652124
0.6822863,0.0,0.30237308
0.6445125,0.0,0.5605606
0.88146573,0.0,0.19464831
0.7718624,0.0,0.4441494
0.7395078,0.0,0.895077
0.90342003,0.0,0.8169514
0.8811363,0.0,0.7283773
0.8029461,0.0,0.9012012
0.84836745,0.0,0.57827944
0.910192,0.0,0.7981764
0.8943712,0.0,0.62553704
0.79551655,0.0,0.4346902
0.6087932,0.0,0.30096698
0.8311404,0.0,0.61963123
0.63700294,0.0,0.17951551
0.62685347,0.0,0.12540886
0.6015626,0.0,0.40707383
0.50525415,0.0,0.38236707
0.76075214,0.0,0.0
0.64917225,0.0,0.1085597
0.6228628,0.0,0.44247496
0.8119346,0.0,0.16518691
0.91794145,0.0,6.8039306e-05
0.80660266,0.0,0.1955192
0.8410589,0.0,0.26473886
0.9250562,0.0,0.03715836
0.68748426,0.0,0.29422995
0.7651856,0.0,0.5662545
0.8319412,0.0,0.4670032
0.7872622,0.0,0.37054735
0.5424384,0.0,0.60844177
0.6772653,0.0,0.6994773
0.7333843,0.0,0.4672444
0.69050336,0.0,0.3795512
0.8491291,0.0,0.23744322
0.63359547,0.0,0.13726442
0.84780455,0.0,0.16965337
0.9002556,0.0,0.017825387
0.6952111,0.0,0.11295094
0.8266691,0.0,0.030996786
0.9091612,0.0,0.0
0.9280901,0.0,0.033475697
0.8179535,0.0,0.0
0.8871747,1.0,0.012752018
0.91653717,0.0,0.0011188136
0.8079374,0.0,0.017213434
0.88004476,1.0,0.17916223
0.914478,0.0,0.23888198
0.8672291,0.0,0.297351
0.696461,0.0,0.34498432
0.5929273,0.0,0.26877397
0.7162072,0.0,0.2639713
0.5244266,0.0,0.5479753
0.5201624,0.0,0.40799296
0.8199738,0.0,0.0
0.55281943,0.0,0.15057802
0.64221543,0.0,0.51836926
0.80941015,0.0,0.035862017
0.8878355,1.0,0.004991336
0.87847686,0.0,0.38084716
0.74241436,0.0,0.1721849
0.9096485,0.0,0.0
0.87268496,0.0,0.030259585
0.7720228,0.0,0.5240791
0.5546016,0.0,0.42313722
0.6620726,0.0,0.33289832
0.44459623,0.0,0.41762647
0.77929854,0.0,0.5093084
0.42578977,0.0,0.15176395
0.43770328,0.0,0.21180426
0.8714545,0.0,0.23848061
0.8992839,0.0,0.013144817
0.7568952,0.0,0.17326851
0.85092455,1.0,0.0648609
0.75538075,1.0,0.10216844
0.85298765,0.0,0.067678824
0.8167607,0.0,0.0
0.9179514,1.0,0.2721279
0.9526974,0.0,0.004728942
0.9001577,0.0,0.05660386
0.9251019,1.0,0.20273499
0.9052183,1.0,0.34475657
0.82672524,0.0,0.37444213
0.90103096,0.0,0.6983278
0.42968905,0.0,0.3271095
0.83477175,0.0,0.09380485
0.6719173,0.0,0.5081638
0.41430068,0.0,0.4144929
0.88369787,0.0,0.0
0.6548644,0.0,0.05964974
0.72161055,0.0,0.46117857
0.7706352,0.0,0.019415947
0.8998233,1.0,0.018213691
0.87641627,0.0,0.3680859
0.732754,0.0,0.24479459
0.82530665,0.0,0.0
0.8393609,0.0,0.06652815
0.64536786,0.0,0.5454278
0.91682863,0.0,0.24662721
0.5883368,0.0,0.132936
0.48126143,0.0,0.47338736
0.85543174,0.0,0.37803844
0.6844244,1.0,0.015587657
0.67084044,0.0,0.1154769
0.78945804,1.0,0.13910244
0.9137363,0.0,0.0
0.9303999,0.0,0.10875599
0.8679937,1.0,0.11981355
0.91813076,1.0,0.16512853
0.8152327,0.0,0.0090611745
0.8464801,0.0,0.0
0.8630325,1.0,0.31213748
0.9478519,0.0,0.0056550023
0.8501805,0.0,0.020194309
0.77261966,1.0,0.15534176
0.92534024,1.0,0.49301568
0.8694157,0.0,0.38187078
0.7708055,1.0,0.45812806
0.82647747,0.0,0.2639872
0.7241422,1.0,0.18623942
0.74982506,0.0,0.37553638
0.31847468,0.0,0.28829753
0.9195752,0.0,0.0
0.7636753,0.0,0.0006978974
0.67705286,0.0,0.2274488
0.72111475,0.0,0.06684231
0.95736325,0.0,0.0
0.85614884,0.0,0.0008959277
0.64263463,0.0,0.28725284
0.847519,0.0,0.0
0.8578523,0.0,0.0
0.706635,0.0,0.05265482
0.80661786,0.0,0.25217566
0.7064069,0.0,0.11455403
0.6848749,0.0,0.18556578
0.44839746,0.0,0.48799443
0.733899,0.0,0.31228447
0.76279074,0.0,0.45121378
0.55050343,0.0,0.24946626
0.656434,0.0,0.39372808
0.77690023,0.0,0.52279145
0.62604344,0.0,0.6364325
0.62857157,0.0,0.76217604
0.6733863,0.0,0.18594888
0.6227419,0.0,0.17718163
0.7081016,0.0,0.75309396
0.85102785,0.0,0.25212517
0.9371339,0.0,0.24620628
0.5323474,0.0,0.4564569
0.8826337,1.0,0.49480596
0.82948756,0.0,0.033223365
0.7512353,0.0,0.01255166
0.8267113,1.0,0.41031918
0.9397194,1.0,0.13158014
0.90304303,0.0,0.0006647321
0.67610395,1.0,0.26102108
0.87808883,1.0,0.48887154
0.94384974,0.0,0.0
0.8528665,0.0,0.0005967848
0.8510274,1.0,0.3097824
0.8754976,1.0,0.36003318
0.8598072,0.0,0.26375565
0.75889456,1.0,0.44381216
0.5089906,1.0,0.21992113
0.5890688,1.0,0.5003911
0.5093053,0.0,0.5916982
0.87890667,0.0,0.005049561
0.74275935,1.0,0.18144503
0.4701,0.0,0.49886596
0.7182465,0.0,0.10812624
0.8750095,0.0,0.004303011
0.8381606,1.0,0.4277617
0.7837282,0.0,0.5819527
0.8256198,0.0,0.35162595
0.7602165,0.0,0.26711354
0.88733256,0.0,0.013810182
0.69411474,0.0,0.2431694
0.53590673,0.0,0.34211767
0.8887282,0.0,0.0014511569
0.64556676,0.0,0.0055825305
0.51745373,0.0,0.54496485
0.69410163,0.0,0.3900378
0.7647278,0.0,0.05127255
0.47991714,0.0,0.6118898
0.717708,0.0,0.14432846
0.6389081,0.0,0.72237813
0.55767107,0.0,0.45756343
0.55932117,0.0,1.0
0.66461825,0.0,0.5353275
0.24413556,0.0,0.38324952
0.18000954,0.0,0.44901684
0.5361946,0.0,0.10551902
0.38419452,0.0,0.6452038
0.39084238,0.0,0.054535266
0.30226678,0.0,0.33768982
0.44322854,0.0,0.48117802
0.27567005,0.0,0.68261296
0.5739282,0.0,0.10435704
0.4019712,0.0,0.50092673
0.65121055,0.0,0.08586629
0.558644,0.0,0.21716584
0.77829987,0.0,0.0
0.19213043,0.0,0.49438912
0.8048791,0.0,0.06222903
0.37929684,0.0,0.6576885
0.6795922,0.0,0.13248798
0.34726733,0.0,0.80548954
0.37666634,0.0,0.3786326
0.3829595,0.0,0.41795695
0.755626,0.0,0.01690362
0.70279056,0.0,0.5994762
0.6146435,1.0,0.39593157
0.6071187,0.0,0.007913774
0.83107346,1.0,0.17136566
0.57598567,0.0,0.0
0.7881605,1.0,0.16650604
0.3334122,0.0,0.12192892
0.3714958,0.0,0.42825627
0.32721612,1.0,0.8978357
0.45111772,1.0,0.454001
0.5872872,1.0,0.29796952
0.7151499,0.0,0.0010141023
0.8488185,0.0,0.0
0.7156595,1.0,0.23533353
0.6488152,0.0,0.03346708
0.670044,1.0,0.3570579
0.4613465,0.0,0.685494
0.532232,0.0,0.73232806
0.373219,1.0,0.41766113
0.76292396,0.0,0.26294753
0.79118437,1.0,0.57511264
0.76170933,0.0,0.07650758
0.68687093,1.0,0.27255532
0.37116393,1.0,0.66504216
0.39459893,0.0,0.45981467
0.7081967,0.0,0.13603827
0.372145,0.0,0.41062877
0.25555527,0.0,0.57411647
0.67237884,0.0,0.42220953
0.76241654,0.0,0.058965124
0.4926065,0.0,0.5837476
0.885452,0.0,0.060596604
0.3534402,0.0,0.27484265
0.43432236,0.0,0.5375962
0.45175326,0.0,0.5497188
0.7047084,0.0,0.252522
0.5220832,0.0,0.0
0.81227237,0.0,0.07523088
0.8162314,0.0,0.0
0.59487534,0.0,0.15123133
0.6431023,0.0,0.00064135937
0.40474528,0.0,0.34672672
0.35452437,0.0,0.30397362
0.5967853,0.0,0.019728312
0.43772507,0.0,0.31837684
0.61386466,0.0,0.5885045
0.5303471,0.0,0.49137974
0.58285844,0.0,0.051772203
0.5050782,0.0,0.34960687
0.40363503,0.0,0.15333788
0.48772892,0.0,0.25880858
0.75183445,0.0,0.0
0.40449187,0.0,0.16089194
0.59934217,0.0,0.0
0.45503548,1.0,0.3069134
0.8907454,0.0,0.067330085
0.64559555,1.0,0.6109186
0.63770133,0.0,0.37437087
0.5891271,1.0,0.11538508
0.7518529,0.0,0.80395746
0.5958142,1.0,0.6088014
0.8385278,1.0,0.26068473
0.7829854,0.0,0.09736703
0.64195037,0.0,0.3504192
0.6316937,0.0,0.032894693
0.69682026,0.0,0.3062043
0.927324,0.0,0.0
0.5589052,0.0,0.36771226
0.7630239,0.0,0.20619415
0.67829925,0.0,0.29191816
0.56786865,0.0,0.7612267
0.64052844,0.0,0.98852354
0.62943345,0.0,0.6776049
0.7787931,0.0,0.48859715
0.71606904,0.0,0.5989045
0.87087303,0.0,0.5740823
0.7513553,0.0,0.52913
0.77380586,0.0,0.6062444
0.69935983,0.0,0.2014336
0.53638667,0.0,0.35050917
0.6914268,0.0,0.13405861
0.84299755,0.0,0.12958089
0.85086507,0.0,0.2953322
0.5828326,0.0,0.4000681
0.3435253,0.0,0.5916346
0.6982562,0.0,0.18452147
0.6574004,0.0,0.059857093
0.43992233,0.0,0.35042998
0.65836257,0.0,0.3708703
0.6110313,0.0,0.0011887691
0.92777854,0.0,0.29284915
0.52551824,0.0,0.74457693
0.56029946,0.0,0.40409473
0.44097412,0.0,0.6914984
0.8209479,0.0,0.21763542
0.5900795,0.0,0.21510397
0.56488717,0.0,0.009549654
0.36947203,0.0,0.46017814
0.6798414,0.0,0.08383434
0.5547486,0.0,0.10483634
0.38266346,0.0,0.14250593
0.744998,0.0,0.03336961
0.6773181,0.0,0.01775094
0.4317339,0.0,0.31193998
0.6488134,0.0,0.053712677
0.64685494,0.0,0.037051346
0.8670966,0.0,0.12730254
0.57207006,0.0,0.30692786
0.6716775,0.0,0.35755518
0.7440122,0.0,0.026688121
0.74254555,0.0,0.0027065484
0.56359565,0.0,0.43348476
0.79434454,0.0,0.15894584
0.87171054,0.0,0.0025960556
0.7902532,0.0,0.091038376
0.725669,0.0,0.046677932
0.8322194,0.0,0.026999414
0.6145753,0.0,0.37737313
0.5563558,0.0,0.3074781
0.59564483,0.0,0.6700887
0.6613452,0.0,0.21302167
0.7005655,0.0,0.42910945
0.48389488,0.0,0.7385982
0.5342494,0.0,0.059533324
0.66613823,0.0,0.7611014
0.3140777,0.0,0.34825155
0.5915636,0.0,0.511061
0.2847307,0.0,0.26852718
0.1959353,0.0,0.5314972
0.3563326,0.0,0.18391731
0.4848256,0.0,0.8283005
0.34336337,0.0,0.5155631
0.42176953,0.0,0.74125236
0.45269752,0.0,0.30264
0.20348349,0.0,0.7980702
0.6614381,0.0,0.19878684
0.5252969,0.0,0.32273778
0.4622288,0.0,0.6693931
0.56786925,0.0,0.41191703
0.79230857,0.0,0.08009926
0.8380933,0.0,0.14483036
0.5004331,0.0,0.0
0.73843175,0.0,0.23859324
0.3467785,0.0,0.6139172
0.25121722,0.0,0.39396894
0.59431714,0.0,0.082494035
0.4064582,0.0,0.5283795
0.2959481,0.0,0.4000539
0.81822395,0.0,0.00197257
0.27540416,0.0,0.49453855
0.82224035,0.0,0.053403914
0.76303345,0.0,0.0007052687
0.4759212,0.0,0.42719457
0.33265206,0.0,0.17684084
0.6656445,0.0,0.07231738
0.68521345,0.0,0.024002267
0.8012317,1.0,0.078724004
0.65960425,1.0,0.0032119176
0.6331406,1.0,0.010325203
0.8498861,1.0,0.09485088
0.8917118,1.0,0.003314512
0.76131064,1.0,0.00556313
0.9031291,0.0,0.00035067223
0.6999655,1.0,0.00020295463
0.65833074,1.0,0.011703981
0.7062505,0.0,0.0
0.8401437,0.0,0.014037371
0.89509374,0.0,0.013485193
0.9287249,0.0,0.00024604658
0.89677364,0.0,0.0
0.63357246,0.0,0.048324503
0.705226,0.0,0.0
0.74984866,0.0,0.00043211505
0.9160136,0.0,0.0029369046
0.89737856,0.0,0.0038874755
0.73701024,0.0,0.00028667014
0.51425254,0.0,0.0
0.7577857,0.0,0.0030734274
0.65208286,0.0,0.037345067
0.46825382,0.0,0.24874811
0.78620505,0.0,0.054051295
0.3250403,0.0,0.49541602
0.33975917,0.0,0.44194815
0.4308615,0.0,0.67682594
0.56547505,0.0,0.29370582
0.6932332,0.0,0.3305493
0.5147217,0.0,0.20807894
0.40847403,0.0,0.19443336
0.6310324,0.0,0.0028159996
0.86918545,0.0,0.00093748904
0.8515701,0.0,0.026542999
0.7275624,0.0,0.045824513
0.8254543,0.0,0.0
0.8482421,0.0,0.00057926733
0.9158683,0.0,0.03185917
0.94875467,0.0,0.087962545
0.89772856,0.0,0.09249283
0.8991935,0.0,0.093207695
0.6647397,0.0,0.39937386
0.74415725,0.0,0.71846926
0.6909584,0.0,0.4712699
0.8298654,0.0,0.008066797
0.72831684,1.0,0.18246457
0.75050884,1.0,0.45299602
0.8104184,0.0,0.12153459
0.8714939,1.0,0.0029352803
0.76543856,1.0,0.40459818
0.78891474,1.0,0.0036100307
0.84550434,1.0,0.0
0.746393,1.0,0.23751198
0.7475268,1.0,0.08185553
0.9042775,0.0,0.034005992
0.68756545,0.0,0.12511788
0.8772584,0.0,0.00033209403
0.7811085,0.0,0.0
0.8007734,0.0,0.20209883
0.79239386,0.0,0.005138807
0.69830024,0.0,0.0005737919
0.7083343,0.0,0.2818926
0.8343143,0.0,0.4483724
0.41656113,0.0,0.32642296
0.4752005,0.0,0.0
0.84988433,0.0,0.00039785545
0.7548869,0.0,0.0
0.886559,0.0,0.055868465
0.75007117,0.0,0.0069990507
0.6619265,0.0,0.026390696
0.64000696,0.0,0.3510509
0.71275574,0.0,0.3187348
0.56145066,0.0,0.5354202
0.78505665,0.0,0.23927757
0.5140526,0.0,0.64387864
0.565896,0.0,0.43274754
0.706739,0.0,0.11033195
0.8771631,0.0,0.0022073013
0.744746,0.0,0.059961185
0.77169865,0.0,0.057477504
0.7668164,0.0,0.045422982
0.799307,0.0,0.37960178
0.79322785,0.0,0.12580204
0.6309281,0.0,0.33225197
0.6270742,0.0,0.1885741
0.87975496,1.0,0.031463563
0.4071966,1.0,0.2829164
0.5549916,1.0,0.045206092
0.5017996,1.0,0.09742516
0.73813945,0.0,0.53507656
0.48917803,0.0,0.79054976
0.59273654,1.0,0.53621656
0.53842556,0.0,0.5769941
0.8481147,1.0,0.41492915
0.42016938,0.0,0.35478953
0.7500407,1.0,0.5392806
0.71616644,1.0,0.02806724
0.61784405,1.0,0.18485774
0.6823926,1.0,0.12021691
0.45059684,1.0,0.6007483
0.681426,0.0,0.25255552
0.4345713,0.0,0.6831669
0.8952123,0.0,0.2450653
0.3765593,0.0,0.26623207
0.40804785,0.0,0.7120827
0.7859437,0.0,0.27099675
0.50874704,0.0,0.3264876
0.3706313,0.0,0.50854063
0.33843604,0.0,0.61455077
0.6695509,0.0,0.08075112
0.37923163,0.0,0.3583396
0.3542609,0.0,0.76740235
0.37137216,0.0,0.8474193
0.60241604,0.0,0.27962527
0.45673868,0.0,0.62494564
0.38263038,0.0,0.34391913
0.5857065,0.0,0.50016844
0.49950683,0.0,0.023963679
0.2545641,0.0,0.5058957
0.32112822,0.0,0.5615435
0.64459354,0.0,0.06070927
0.3231594,0.0,0.08088979
0.5090418,0.0,0.12145888
0.5204812,0.0,0.2975694
0.78901964,0.0,0.06890408
0.5705927,0.0,0.5563005
0.73242754,0.0,0.35094222
0.89025307,0.0,0.026759382
0.7520817,0.0,0.06129027
0.87028813,0.0,0.11387397
0.75590104,0.0,0.02291604
0.61039734,0.0,0.03871401
0.4206407,0.0,0.36126056
0.786943,0.0,0.26447558
0.39154807,0.0,0.22252683
0.2947439,0.0,0.620949
0.27659664,0.0,0.061222948
0.7733172,0.0,0.0035658083
0.574142,0.0,0.051034037
0.5450609,0.0,0.020770025
0.49246305,0.0,0.012625357
0.64939326,0.0,0.0
0.46881437,0.0,0.2838465
0.5572956,0.0,0.46929774
0.841276,0.0,0.14527507
0.77046883,0.0,0.0
0.7692548,0.0,0.0
0.63733554,0.0,0.0014662753
0.5964701,0.0,0.00090127334
0.7766686,0.0,0.004226005
0.93849266,1.0,0.007281101
0.8810929,0.0,0.0026956047
0.8857894,0.0,0.07385915
0.71676993,1.0,0.0
0.8653353,0.0,0.18857701
0.7998941,0.0,0.008556338
0.83913445,0.0,0.0
0.8806843,0.0,0.00061964773
0.7085555,1.0,0.008261468
0.75421774,1.0,0.01552549
0.7032529,0.0,0.00062638
0.4526798,1.0,0.35498592
0.56949556,0.0,0.29903552
0.58128285,0.0,0.059058122
0.5976592,0.0,0.0025037625
0.8782093,0.0,0.001064499
0.4850592,0.0,0.22765397
0.53304255,0.0,0.25067627
0.7042148,0.0,0.19821306
0.7619152,0.0,0.20201263
0.7163263,0.0,0.2351176
0.68405783,1.0,0.4883985
0.8233652,1.0,0.4751493
0.68329847,1.0,0.09298237
0.76987153,1.0,0.21363932
0.90632313,1.0,0.07095511
0.838408,1.0,0.0
0.96393114,1.0,0.0073621455
0.91367763,0.0,0.01353488
0.9202958,0.0,0.0060528703
0.6761764,0.0,0.0016194232
0.9409216,0.0,0.0
0.82505727,0.0,0.0
0.7529225,0.0,0.008378005
0.9230147,0.0,0.00083925383
0.73515576,0.0,0.5242823
0.76736623,0.0,0.28114066
0.59243613,0.0,0.7707261
0.6153217,0.0,0.6211284
0.8938945,0.0,0.093822554
0.7818784,0.0,0.29097182
0.7543727,0.0,0.10364899
0.72843677,0.0,0.0010204571
0.8521353,0.0,0.0752596
0.86086655,0.0,0.0
0.9269738,0.0,0.014171448
0.8760424,0.0,0.005615447
0.93019897,0.0,0.022408703
0.79094064,1.0,0.028149322
0.9149914,0.0,0.104588665
0.9002505,0.0,0.38191724
0.84762883,1.0,0.36448768
0.8152401,1.0,0.0018164624
0.7994344,0.0,0.16227998
0.80548334,0.0,0.29926196
0.86927587,0.0,0.5099384
0.82597995,0.0,0.0
0.8995212,0.0,0.07179372
0.9073193,0.0,0.005471935
0.74228525,0.0,0.1569075
0.8208194,0.0,0.0
0.75530326,0.0,0.06917197
0.7941052,0.0,0.06703763
0.7043106,0.0,0.33501688
0.79313105,0.0,0.5768114
0.8733149,0.0,0.2666337
0.78304034,0.0,0.12803169
0.8894738,0.0,0.13629696
0.76473624,0.0,0.20386517
0.81662923,0.0,0.00039878045
0.7983828,0.0,0.03297033
0.9507329,0.0,0.33491832
0.8897456,1.0,0.24519244
0.85893714,0.0,0.007356581
0.86630803,0.0,0.055330325
0.91304207,0.0,0.0
0.7607837,0.0,2.5197303e-05
0.67341226,0.0,0.27008814
0.79996353,0.0,0.01420624
0.85827786,0.0,0.20442966
0.7724282,0.0,0.40451714
0.505494,0.0,0.9385453
0.7721278,0.0,1.0
0.62986624,0.0,0.47471568
0.71633744,0.0,0.43252975
0.6939354,0.0,0.23567708
0.76471287,0.0,0.65874916
0.69408715,0.0,0.5884787
0.6672399,0.0,0.23382503
0.65868753,0.0,0.4578423
0.6513902,0.0,0.61549133
0.714629,0.0,0.56233335
0.5980852,0.0,0.40052778
0.6870609,0.0,0.47150302
0.44524696,0.0,0.30066583
0.45295295,0.0,0.33555427
0.60365313,0.0,0.10301779
0.84257287,0.0,0.30356786
0.6342642,0.0,0.15556887
0.44758293,0.0,0.40382987
0.34322733,0.0,0.248979
0.7797376,0.0,0.0
0.39226225,0.0,0.37500185
0.68530184,0.0,0.5821192
0.7177351,0.0,0.02156088
0.68579257,0.0,0.3725288
0.5765898,1.0,0.6700771
0.91189224,1.0,0.26412308
0.7978655,0.0,0.0224741
0.44781694,0.0,0.42150518
0.49684885,0.0,0.40078324
0.7884126,0.0,0.0
0.8827407,0.0,0.0993501
0.45355424,0.0,0.68404216
0.7747307,0.0,0.15286653
0.33588204,0.0,0.40377778
0.7857379,0.0,0.26396298
0.5744084,0.0,0.0
0.7979771,0.0,0.1748053
0.72994053,0.0,0.4629732
0.7303106,0.0,0.06739343
0.84821665,0.0,0.0
0.68426985,0.0,0.3300879
0.60753,0.0,0.397836
0.75052994,0.0,0.080901206
0.8625798,0.0,0.0077296426
0.39586967,0.0,0.5612377
0.5439626,1.0,0.481801
0.55441064,1.0,0.29387146
0.70050037,1.0,0.7199022
0.9332033,1.0,0.19781256
0.6563968,0.0,0.1096079
0.7051098,1.0,0.17780401
0.90102977,1.0,0.096449405
0.83452237,0.0,0.0
0.6252643,0.0,0.14004196
0.80804676,0.0,0.0
0.57831246,0.0,0.10579865
0.7231633,0.0,0.23774412
0.71912354,0.0,0.20997542
0.78928584,0.0,0.0077141635
0.62866867,0.0,0.27499175
0.3473275,0.0,0.44205192
0.6584792,0.0,0.00441551
0.30839893,0.0,0.40221563
0.39283913,0.0,0.3647731
0.85721016,0.0,0.09174883
0.42402178,0.0,0.42792884
0.62150496,0.0,0.213762
0.24418937,0.0,0.68015486
0.3355362,0.0,0.36224747
0.41345385,0.0,0.42796034
0.573376,0.0,0.0865877
0.53348774,0.0,0.16146022
0.58172685,0.0,0.40507782
0.56914496,0.0,0.22738956
0.7064404,0.0,0.0
0.5613076,0.0,0.49667856
0.33492634,0.0,0.47691426
0.74927217,0.0,0.039527267
0.5315186,0.0,0.12637304
0.47282362,0.0,0.2961602
0.3644805,0.0,0.20481223
0.7192217,0.0,0.061960656
0.76262987,0.0,0.008013614
0.2969621,0.0,0.32242134
0.43605277,0.0,0.33522767
0.38066632,1.0,0.4254936
0.84317666,1.0,0.07909457
0.40606934,1.0,0.70373577
0.6899201,0.0,0.31495318
0.33181775,1.0,0.33225858
0.56605023,1.0,0.056303825
0.74513835,1.0,0.43255892
0.6503515,1.0,0.13464548
0.88125986,1.0,0.36158437
0.7595614,1.0,0.5818695
0.24076925,1.0,0.50884515
0.8777113,0.0,0.072481975
0.5411825,1.0,0.1672929
0.66917163,0.0,0.27150244
0.3912873,0.0,0.5279639
0.7370437,0.0,0.027547605
0.7545859,0.0,0.3731139
0.31023756,0.0,0.55062735
0.66607404,0.0,0.3594536
0.6205475,0.0,0.075931154
0.34348398,0.0,0.38998947
0.6207164,0.0,0.38010317
0.7508334,0.0,0.0933199
0.7522264,0.0,0.4973412
0.65568054,0.0,0.34697247
0.63849354,0.0,0.35321885
0.73177004,0.0,0.074682765
0.7856498,0.0,0.011493536
0.6816554,0.0,0.38208842
0.52975345,0.0,0.57737815
0.55549914,0.0,0.012939101
0.42225572,0.0,0.051165625
0.3912104,0.0,0.34414604
0.5748538,1.0,0.4125791
0.79439515,0.0,0.0013445776
0.70349914,0.0,0.16679569
0.48138052,0.0,0.3034216
0.793434,1.0,0.31178546
0.8981199,0.0,0.0032708577
0.63868576,1.0,0.30785102
0.67278004,1.0,0.5831508
0.8189684,1.0,0.3520483
0.60419935,1.0,0.02205759
0.7316868,0.0,0.07284744
0.38556197,0.0,0.3220855
0.780795,1.0,0.34267202
0.80993474,0.0,0.0
0.75144005,1.0,0.18069977
0.47301057,1.0,0.6033206
0.9150405,0.0,0.108856775
0.24388704,0.0,0.73373026
0.49155563,0.0,0.39247867
0.66244453,0.0,0.027019538
0.34665555,0.0,0.44296378
0.44833687,0.0,0.3781378
0.7758265,0.0,0.12257793
0.68522084,0.0,0.11006981
0.4579223,0.0,0.368951
0.44908077,0.0,0.5375432
0.61372274,0.0,0.690258
0.5008896,0.0,1.0
0.29578668,0.0,0.7405213
0.36016908,0.0,0.29685947
0.6031874,0.0,0.43147236
0.35955086,0.0,0.4139587
0.67898995,0.0,0.61151075
0.43431014,0.0,0.21330808
0.48594865,0.0,0.25010803
0.40898296,0.0,0.12732172
0.32492197,0.0,0.58079493
0.22896667,0.0,0.5928386
0.75913244,0.0,0.10627803
0.48986682,0.0,0.24009342
0.37465414,0.0,0.6263242
0.2136785,0.0,0.14922595
0.724096,0.0,0.0
0.40610015,0.0,0.294482
0.2525588,0.0,0.42288944
0.7879107,0.0,0.04146968
0.5932438,0.0,0.06647514
0.20072739,0.0,0.47532445
0.48235673,0.0,0.29384357
0.55096644,0.0,0.17232613
0.49125394,0.0,0.6825418
0.5001687,0.0,0.45744953
0.38475174,0.0,0.68647254
0.4891699,0.0,0.08666665
0.2589534,0.0,0.7849177
0.7822028,0.0,0.22175346
0.3058195,0.0,0.4678052
0.5063209,0.0,0.23175052
0.35975736,0.0,0.7037374
0.25412703,1.0,0.3523858
0.6548973,0.0,0.0761
0.61534214,0.0,0.24074209
0.46798715,1.0,0.47153464
0.44991276,1.0,0.21074098
0.73732406,1.0,0.0818073
0.24496529,1.0,0.5428311
0.79576546,1.0,0.0814731
0.706627,1.0,0.7048293
0.37406367,1.0,0.48542443
0.42607218,0.0,0.5303386
0.374934,0.0,0.16113302
0.79841393,0.0,0.01898541
0.3433421,0.0,0.41334128
0.34001076,0.0,0.7326552
0.3641779,0.0,0.35886788
0.4344494,0.0,0.57032603
0.35640693,0.0,0.66100734
0.45132416,0.0,0.22653465
0.5115735,0.0,0.11986688
0.7325873,0.0,0.02380006
0.43345305,0.0,0.25446767
0.49289513,1.0,0.075063825
0.616964,0.0,0.09337856
0.78956556,0.0,0.018505458
0.5301007,0.0,0.00014953256
0.17831336,0.0,0.38896248
0.8086439,0.0,0.18766433
0.30568504,0.0,0.5663449
0.35937077,0.0,0.8082019
0.8723694,0.0,0.3310718
0.61570746,0.0,0.8416503
0.73241395,1.0,0.5122751
0.6938394,1.0,0.14045389
0.7372954,1.0,0.19774629
0.65791523,1.0,0.37607193
0.7709104,0.0,0.25095448
0.8118548,1.0,0.015620846
0.5358385,0.0,0.0
0.6294592,0.0,0.0
0.6929965,0.0,0.10064649
0.6835173,0.0,0.07756941
0.3227511,0.0,0.59540784
0.48754254,0.0,0.39850435
0.5204561,0.0,0.7149961
0.350423,0.0,0.63731617
0.33817342,0.0,0.102807015
0.74132675,0.0,0.06234869
0.74527496,0.0,0.026587129
0.5956214,0.0,0.1066318
0.8623647,0.0,0.0022319383
0.42219332,0.0,0.27865952
0.81215423,1.0,0.28833807
0.5065461,1.0,0.44839
0.8276078,1.0,0.122256234
0.5547294,1.0,0.510042
0.66217583,0.0,0.42779708
0.8488413,1.0,0.007903918
0.7411409,0.0,0.14990838
0.79398483,0.0,0.2927153
0.7415128,0.0,0.042112064
0.32683808,0.0,0.27387285
0.31377605,0.0,0.37981635
0.33098558,0.0,0.72537726
0.43964726,0.0,0.3960992
0.56909156,0.0,1.0
0.7094967,0.0,0.66964483
0.64744794,0.0,0.47747198
0.54826087,0.0,0.5515007
0.76811326,0.0,0.4143425
0.7314064,0.0,0.3985587
0.36756712,0.0,0.45673934
0.51515347,0.0,0.43636796
0.60332954,0.0,0.6279837
0.40764007,0.0,0.47009367
0.7109651,0.0,0.335563
0.46202412,0.0,0.44040003
0.730444,0.0,0.6168521
0.35696536,0.0,0.16962625
0.703248,0.0,0.20791826
0.7669717,0.0,0.4366172
0.510589,0.0,0.36359066
0.72828364,0.0,0.0
0.83456653,0.0,0.17467812
0.63608706,0.0,0.59084934
0.6693417,0.0,0.35955587
0.79862905,0.0,0.0
0.7978505,0.0,0.28732732
0.35806206,0.0,0.65108764
0.44659746,0.0,0.2386597
0.6446957,0.0,0.1480152
0.6084519,0.0,0.32486358
0.36066508,0.0,0.5618586
0.66986614,0.0,0.0
0.58784866,0.0,0.0302437
0.36321402,0.0,0.46456796
0.53727096,0.0,0.16033633
0.8110481,0.0,0.00046234205
0.41523033,0.0,0.24870037
0.5319632,0.0,0.51248103
0.81939423,0.0,0.21246253
0.37043655,0.0,0.64251596
0.773621,0.0,0.11918092
0.836179,0.0,0.10040918
0.4063259,0.0,0.52762836
0.5255925,0.0,0.45362994
0.7867701,0.0,0.30776024
0.60191905,0.0,0.3082516
0.46302822,0.0,0.28026006
0.4423705,0.0,0.23403166
0.61782354,0.0,0.0
0.8118333,0.0,0.0
0.7917302,0.0,0.4442416
0.7597332,0.0,0.093629874
0.9036963,0.0,0.0058585936
0.63703704,0.0,0.35705155
0.33858928,0.0,0.64598066
0.8537124,0.0,0.18154891
0.3771566,0.0,0.42999354
0.52621317,0.0,0.5505536
0.92132473,0.0,0.07968544
0.870879,0.0,0.37725374
0.3313518,0.0,0.24901502
0.77839303,0.0,0.37025076
0.84954804,0.0,0.03601242
0.74545825,0.0,0.0075877905
0.7432116,0.0,0.0
0.8559792,0.0,0.31686482
0.72484577,0.0,0.0040956708
0.8873189,0.0,0.000905892
0.8511989,0.0,0.0072218473
0.7348197,0.0,0.322887
0.84592974,1.0,0.60090286
0.5036423,0.0,0.4529406
0.48161548,0.0,0.69747615
0.8725955,0.0,0.21830316
0.690611,0.0,0.0
0.58967227,0.0,0.31893536
0.6356159,0.0,0.2945852
0.73558223,0.0,0.0
0.9483683,0.0,0.038226813
0.62471324,0.0,0.5186301
0.7413677,0.0,0.09460786
0.8039164,0.0,0.0002550048
0.79241014,0.0,0.009414068
0.7166266,0.0,0.2852728
0.7985644,0.0,0.21522847
0.8092277,0.0,0.009066601
0.57534957,0.0,0.45731008
0.8269356,0.0,0.019239496
0.6403742,0.0,0.4868759
0.36218765,0.0,0.6960274
0.73777574,0.0,0.2473059
0.58935076,0.0,0.19561785
0.7949045,0.0,0.0061419113
0.77406406,0.0,0.003966386
0.6669836,0.0,0.38865405
0.82027763,0.0,0.0
0.93000174,0.0,0.0
0.9192895,0.0,0.1776398
0.4989743,0.0,0.28101566
0.77453935,0.0,0.0003086954
0.9404347,1.0,0.018097946
0.6237764,0.0,0.35004166
0.92183286,0.0,0.1193023
0.8637826,0.0,0.004184561
0.86919427,1.0,0.40958932
0.92761,1.0,0.23545514
0.69898754,1.0,0.054219797
0.8389981,1.0,0.71244735
0.8485128,1.0,0.44873527
0.89163893,1.0,0.59160745
0.61953115,1.0,0.4984808
0.5816423,0.0,0.20186749
0.9025928,1.0,0.16514957
0.8895724,1.0,0.21371162
0.88348174,0.0,0.18522933
0.90660787,0.0,0.00063363335
0.83977246,0.0,0.0
0.60594195,1.0,0.2947105
0.82895994,0.0,0.18677074
0.84684134,0.0,0.0
0.91150254,0.0,0.0
0.4583576,0.0,0.38590732
0.57316124,0.0,0.23262872
0.7762233,0.0,0.009310325
0.52639645,0.0,0.114472784
0.42395046,0.0,0.72501975
0.8433135,0.0,0.099645115
0.51567763,0.0,0.7043876
0.32708055,0.0,0.6325336
0.57710785,0.0,0.4019481
0.86447376,0.0,0.04920655
0.22243506,0.0,0.48533693
0.8238234,0.0,0.30807617
0.6304942,0.0,0.21795493
0.9128199,1.0,0.5096769
0.7435827,0.0,0.022311613
0.6381277,0.0,0.0
0.89810884,1.0,0.19242461
0.8088696,1.0,0.39326108
0.93445987,0.0,0.0
0.92721134,0.0,0.0
0.8475796,1.0,0.18482633
0.928868,1.0,0.09335375
0.6887135,0.0,0.0
0.87409806,1.0,0.13915567
0.92817676,1.0,0.48488566
0.89899004,0.0,0.012520695
0.8284235,1.0,0.11996396
0.9105528,1.0,0.3718537
0.9118084,1.0,0.11794567
0.6070528,0.0,0.03861851
0.5124167,1.0,0.25921935
0.9362594,1.0,0.29880896
0.3200093,1.0,0.7235463
0.8527281,1.0,0.6442571
0.79123765,1.0,0.19058971
0.66850233,1.0,0.7105768
0.5103436,1.0,0.6568738
0.36779678,0.0,0.35295346
0.45010254,1.0,0.13441922
0.72525907,0.0,0.32370514
0.6970351,0.0,0.21621743
0.37519485,0.0,0.6130795
0.8610094,1.0,0.54772437
0.8448154,0.0,0.009357936
0.62708735,0.0,0.11101033
0.8585705,0.0,0.41737053
0.8333943,1.0,0.4316483
0.9218297,1.0,0.022179065
0.79013807,1.0,0.38210386
0.5669222,1.0,0.52486223
0.8142948,1.0,0.23818044
0.9095601,0.0,0.10161804
0.7611045,0.0,0.48044893
0.64172727,0.0,0.8432988
0.7131105,0.0,0.29804432
0.81242144,0.0,0.42373073
0.89446867,0.0,0.13157758
0.7012529,0.0,0.39624146
0.40132305,0.0,0.41714168
0.46375108,0.0,0.5138955
0.85339427,0.0,0.15794311
0.8498946,0.0,0.0
0.8502049,0.0,0.42597252
0.5319102,0.0,0.37961346
0.8246671,0.0,0.0026886435
0.73784417,0.0,0.0702145
0.47360173,0.0,0.30386955
0.91542965,0.0,0.21760356
0.75851345,0.0,0.0
0.6801926,0.0,0.37179568
0.8191482,0.0,0.6217543
0.71811074,0.0,0.4569485
0.7103183,0.0,0.40071267
0.84482604,1.0,0.066276364
0.41883323,1.0,0.60429496
0.84038794,1.0,0.36883023
0.8103825,1.0,0.32155
0.43846494,0.0,0.5841065
0.5037581,0.0,0.41989076
0.5612439,0.0,0.5804508
0.46085167,0.0,0.57983714
0.5919151,0.0,0.61183506
0.61730963,0.0,0.17861463
0.51207006,0.0,0.4081219
0.8305845,0.0,0.0
0.7003703,0.0,0.36582372
0.598371,0.0,0.15718669
0.3641978,0.0,0.6478493
0.5937234,0.0,0.06072004
0.53809315,0.0,0.50787395
0.6129857,0.0,0.67343247
0.56524265,0.0,0.123701476
0.56108105,0.0,0.5407209
0.5505969,0.0,0.44515616
0.34393236,0.0,0.51334727
0.56417495,0.0,0.026819158
0.7452334,0.0,0.12642393
0.7536649,1.0,0.6137786
0.40086088,0.0,0.29157278
0.7240568,0.0,0.008013342
0.7417171,0.0,0.41691536
0.42952695,0.0,0.51972413
0.48736894,0.0,0.49590415
0.5070481,0.0,0.3425881
0.44893783,0.0,0.10822179
0.6265579,0.0,0.0
0.3422024,0.0,0.26792422
0.60786337,0.0,0.0034687482
0.44349164,0.0,2.6742198e-05
0.44977066,0.0,0.18029067
0.4297522,0.0,0.2968384
0.79663604,0.0,0.007666524
0.58261657,0.0,0.0
0.4810614,0.0,0.47305176
0.2473014,0.0,0.5253599
0.80430335,0.0,0.0
0.47845915,0.0,0.3013342
0.38003883,0.0,0.47165558
0.5159501,0.0,0.36807013
0.32945535,0.0,0.5707029
0.6480758,0.0,0.034574043
0.36330223,0.0,0.6075092
0.8789717,0.0,0.10582112
0.8265891,0.0,0.011145866
0.52697396,0.0,0.40185848
0.27542263,0.0,0.13260764
0.78471124,0.0,0.0
0.7121767,0.0,0.30158043
0.45483926,0.0,0.45355636
0.44913852,0.0,0.22646981
0.801289,0.0,0.0
0.4473113,0.0,0.003331983
0.43186286,0.0,0.1337107
0.45574403,0.0,0.04292526
0.47322297,0.0,0.0
0.41089553,0.0,0.09318758
0.22899863,0.0,0.55832213
0.4820346,0.0,0.09798124
0.3439116,0.0,0.6507586
0.47806138,0.0,0.38964215
0.7668901,0.0,0.0
0.6926748,0.0,0.11856888
0.21583292,0.0,0.54036343
0.32511845,0.0,0.22459982
0.809298,1.0,0.14489788
0.60029143,1.0,0.4178856
0.59896654,1.0,0.5133283
0.617767,1.0,0.5002072
0.76871336,1.0,0.10891471
0.4214218,0.0,0.041831158
0.33424345,1.0,0.3473992
0.6418077,1.0,0.13458663
0.89146006,0.0,0.0
0.5458113,0.0,0.49926838
0.54586226,1.0,0.6167193
0.51693475,0.0,0.101402186
0.52192235,1.0,0.482795
0.8664,0.0,0.09535385
0.64644015,0.0,0.0
0.48504955,1.0,0.37698856
0.8577619,1.0,0.105674
0.44760087,1.0,0.69472253
0.55119216,1.0,0.6979241
0.31274864,0.0,0.6270534
0.46526748,0.0,0.15858519
0.31488574,0.0,0.29163745
0.57211417,0.0,0.2822713
0.62561464,0.0,0.570954
0.5802966,1.0,0.8451642
0.77703285,0.0,0.3189353
0.62723327,1.0,0.22558972
0.7237274,1.0,0.1680224
0.7554968,1.0,0.11576016
0.61404127,0.0,0.14285818
0.8117871,0.0,0.07126155
0.67124957,0.0,0.03583085
0.56493956,0.0,0.04793552
0.35673004,0.0,0.44781762
0.4609074,0.0,0.4819648
0.73344445,0.0,0.27743065
0.737822,0.0,0.09954566
0.6817156,0.0,0.6597409
0.37793434,0.0,0.48129493
0.5028685,0.0,0.6470321
0.6036737,0.0,0.019184537
0.41395143,0.0,0.29250577
0.8592803,0.0,0.08002306
0.88041776,0.0,0.051032495
0.72685033,0.0,0.23524399
0.66219884,0.0,0.008110315
0.6298673,0.0,0.4006737
0.7763417,0.0,0.06197421
0.6062305,0.0,0.034729343
0.574548,0.0,0.068576045
0.4900626,0.0,0.0
0.6684659,0.0,0.0
0.8852433,0.0,0.03766073
0.69364077,0.0,0.0
0.57764596,0.0,0.455711
0.6530749,0.0,0.233223
0.6227922,0.0,0.096568756
0.6518889,0.0,0.16210988
0.7056383,0.0,0.39928794
0.7582236,0.0,0.20237668
0.7721371,0.0,0.3702109
0.7717913,0.0,0.8197432
0.6881972,0.0,0.5412905
0.6256615,0.0,0.7661752
0.84900975,0.0,0.5072932
0.8754266,0.0,0.09298214
0.75647813,0.0,0.0
0.74443865,0.0,0.09027319
0.83320665,0.0,0.008375504
0.62655735,0.0,0.39653268
0.68854946,0.0,0.0
0.7774272,0.0,0.42460704
0.58828145,1.0,0.21368818
0.6702804,0.0,0.1224817
0.45078608,0.0,0.7927616
0.799644,0.0,0.73412484
0.909242,0.0,0.27818382
0.72157586,0.0,0.20963939
0.8782811,0.0,0.032474548
0.79551286,0.0,0.0058854865
0.7999295,0.0,0.07121507
0.756227,0.0,0.0050227726
0.48503396,0.0,0.3939318
0.82415134,0.0,0.008127052
0.66641253,0.0,0.22403026
0.67641306,0.0,0.73224616
0.81555516,0.0,0.8200751
0.8517409,0.0,0.12460435
0.81356305,0.0,0.12586226
0.76785994,0.0,0.0064184177
0.6408824,0.0,0.00776132
0.8842745,0.0,0.0026866214
0.49942535,0.0,0.011128532
0.4583576,0.0,0.0
0.68530613,0.0,0.08800763
0.67763907,0.0,0.028190976
0.4047849,0.0,0.18034911
0.77176183,0.0,0.06416977
0.4970418,0.0,0.00954234
0.5743496,0.0,0.011469441
0.6877687,0.0,0.029284777
0.82337815,0.0,0.21546942
0.6815695,0.0,0.29599914
0.47947398,0.0,0.6202716
0.48333815,0.0,0.77995104
0.64338243,0.0,0.77187985
0.61544776,0.0,0.27844197
0.7851833,0.0,0.59309536
0.8153245,0.0,0.49679244
0.72568923,0.0,0.10481466
0.52584463,0.0,0.7910273
0.6155481,0.0,0.0950362
0.54668003,0.0,0.44276786
0.51532537,0.0,0.12408576
0.64836323,0.0,0.5111218
0.8702348,0.0,0.13196011
0.52548915,0.0,0.66476715
0.7019685,0.0,0.22007807
0.8837004,0.0,0.019757409
0.5199457,0.0,0.5404273
0.6961568,0.0,0.39541867
0.8715311,0.0,0.061481506
0.5054328,0.0,0.21632391
0.60849214,0.0,0.42845595
0.73172325,0.0,0.25192276
0.7584678,0.0,0.5773381
0.850835,0.0,0.11418938
0.628407,0.0,0.5534724
0.70751065,0.0,0.8185822
0.6638989,0.0,0.18036467
0.79446185,0.0,0.61322796
0.8658604,0.0,0.37411296
0.5874526,0.0,0.5841532
0.6655997,0.0,0.72573787
0.82593215,0.0,0.6454973
0.4851153,0.0,0.8423085
0.80034024,0.0,0.71165115
0.7993694,0.0,0.048132665
0.74976677,0.0,0.30850902
0.8616453,0.0,0.0
0.58889437,0.0,0.09310113
0.8980012,0.0,0.00035438736
0.8218585,0.0,0.17429918
0.7290827,0.0,0.0028020302
0.7315431,0.0,0.08940846
0.76039946,0.0,0.41072825
0.7093899,0.0,0.4044942
0.6825223,0.0,0.3091799
0.7933405,0.0,0.35484695
0.6899063,0.0,0.14192016
0.77280015,0.0,0.12041738
0.7304687,0.0,0.46067286
0.734025,0.0,0.07020676
0.7902208,0.0,0.27402732
0.89846927,0.0,0.019609658
0.8557338,0.0,0.011975921
0.7920135,0.0,0.5517415
0.8916158,0.0,0.17228048
0.8482923,0.0,0.46888223
0.90222466,0.0,0.0030514565
0.7329413,0.0,0.3104629
0.9233531,0.0,0.108551085
0.45850033,0.0,0.2571949
0.89064777,0.0,0.07416196
0.8319999,0.0,0.014060996
0.74822086,0.0,0.55291444
0.6350915,0.0,0.2532153
0.8059233,0.0,0.18737759
0.59065676,0.0,0.6310641
0.86750567,0.0,0.48580602
0.6901707,0.0,0.5328052
0.75925857,0.0,0.3665363
0.62690866,0.0,0.5732587
0.6168163,0.0,0.12042722
0.83285433,0.0,0.37220648
0.7559556,0.0,0.009165302
0.8414547,0.0,0.2714864
0.8303849,0.0,0.030646134
0.8241133,0.0,0.12173461
0.91242826,0.0,0.016592301
0.9199378,0.0,9.765219e-05
0.8923674,0.0,0.1417113
0.9087224,0.0,0.065196656
0.8937422,0.0,0.30642405
0.8453657,0.0,0.5712484
0.42082924,0.0,0.6016732
0.90495557,0.0,0.008742858
0.8488171,0.0,0.21927069
0.649667,0.0,0.516375
0.88487685,0.0,0.39374456
0.8963542,0.0,0.073994786
0.8477444,0.0,0.037892647
0.6833251,0.0,0.81992394
0.5764143,0.0,0.5332755
0.8346187,0.0,0.042922053
0.7887447,0.0,0.17775533
0.6110226,0.0,0.0
0.6547569,0.0,0.0139817055
0.6398093,0.0,0.0
0.8378256,0.0,0.0
0.84332454,0.0,0.0
0.9094037,0.0,0.0102708135
0.8350806,0.0,0.26205558
0.89078623,0.0,0.048778027
0.66437423,0.0,0.28372812
0.62309563,0.0,0.048986305
0.8724541,0.0,0.0
0.7369343,0.0,0.0071505373
0.7069786,0.0,0.0067051267
0.8890924,0.0,0.14569026
0.45660618,0.0,0.059977006
0.73959506,0.0,0.0008502454
0.88003075,0.0,0.1012566
0.866593,0.0,0.5389928
0.7102101,0.0,0.36728546
0.71482253,0.0,0.20616403
0.33606917,0.0,0.7804621
0.6157482,0.0,0.216119
0.46826825,0.0,0.16239725
0.6053156,0.0,0.15707237
0.8894427,0.0,0.14795287
0.779926,0.0,0.0039399522
0.84536344,0.0,0.059441715
0.69222933,0.0,0.0016870826
0.8140979,0.0,0.0
0.87455195,0.0,0.0014036401
0.8437194,0.0,0.0
0.853722,1.0,0.43583858
0.65831965,1.0,0.40383708
0.671141,1.0,0.46583083
0.6352714,1.0,0.4509703
0.8137824,0.0,0.020612897
0.6627928,0.0,0.07013211
0.76394594,0.0,0.00027685077
0.6507534,0.0,0.029509615
0.75724274,0.0,0.0004119856
0.8197745,0.0,0.047855664
0.77780735,0.0,0.1659736
0.8090707,0.0,0.3369269
0.7806912,0.0,0.7468752
0.6741797,0.0,0.2034686
0.7465865,0.0,0.08471724
0.6295959,0.0,0.06590506
0.67181766,1.0,0.52323335
0.64967567,1.0,0.5045595
0.7022906,1.0,0.20094639
0.8052544,0.0,0.04624184
0.5271051,1.0,0.62884307
0.76699996,1.0,0.6411328
0.7658682,0.0,0.0930522
0.65759903,1.0,0.22685711
0.7646607,0.0,0.20186749
0.73701376,0.0,0.0077767423
0.45907924,0.0,0.41623437
0.9043079,0.0,0.10994143
0.6986793,0.0,0.18363616
0.8330273,0.0,0.5861724
0.6220185,0.0,0.34830564
0.7302321,0.0,0.81136125
0.77672744,0.0,0.7584706
0.9252603,0.0,0.16687775
0.84004796,0.0,0.100875266
0.9199719,0.0,0.06697334
0.7882988,0.0,0.019356353
0.62535685,0.0,0.06484988
0.6743808,0.0,0.00021972154
0.6668447,0.0,0.012058233
0.87092,0.0,0.009230581
0.85855144,0.0,0.36607674
0.9051729,0.0,0.14527197
0.58699036,0.0,0.0014320347
0.5594851,0.0,0.17020857
0.49642575,0.0,0.026556002
0.77751595,0.0,0.31950593
0.5469762,0.0,0.74924225
0.66319406,0.0,0.52817154
0.7954985,0.0,0.5261659
0.7239985,0.0,0.010042818
0.5872905,0.0,0.66017884
0.7397368,0.0,0.20790909
0.67861575,0.0,0.4588833
0.5294546,0.0,0.8104255
0.7517219,0.0,0.5606907
0.87501884,0.0,0.045727003
0.72962105,0.0,0.11555478
0.7924812,0.0,0.3695092
0.84391415,0.0,0.46079928
0.40553534,0.0,0.009410834
0.7534348,0.0,0.10497138
0.66908246,0.0,0.004868212
0.6383565,0.0,0.110004745
0.8745401,0.0,0.0
0.8908932,0.0,0.037980553
0.8616227,0.0,0.013783102
0.72899354,0.0,0.2000845
0.5775571,0.0,0.31253368
0.31190217,0.0,0.17145124
0.7202713,0.0,0.08369579
0.50639826,0.0,0.00573458
0.46291548,0.0,0.17820713
0.69947475,0.0,0.005996703
0.589708,0.0,0.22748682
0.45066777,0.0,0.32315785
0.35852262,0.0,0.22265948
0.40465474,0.0,0.0
0.615674,0.0,0.09846382
0.7617764,0.0,0.513183
0.34088388,0.0,0.2023318
0.8476936,0.0,0.00819363
0.6868355,0.0,0.044235263
0.48878077,0.0,0.36763236
0.7392784,0.0,0.19979818
0.8602161,0.0,0.0
0.8517116,0.0,0.18728136
0.2844931,0.0,0.6074569
0.69186175,0.0,0.29192042
0.90027416,0.0,0.026325835
0.47589895,0.0,0.6516358
0.4176148,0.0,0.7088964
0.64694476,0.0,0.5758287
0.75134623,0.0,0.5172402
0.65168905,0.0,0.50286275
0.5314247,0.0,0.49139985
0.57336754,0.0,0.24360509
0.39689428,0.0,0.6875799
0.4358442,0.0,0.3234474
0.39935485,0.0,0.27342972
0.42928824,0.0,0.70355946
0.4944624,0.0,0.4622582
0.81775665,0.0,0.07368499
0.6611618,0.0,0.4279284
0.5331446,0.0,0.20044675
0.66147524,0.0,0.0035525754
0.51844746,0.0,0.047996297
0.61732304,0.0,0.045033935
0.89383745,0.0,0.1497333
0.4473495,0.0,0.7522684
0.7314286,0.0,0.31257355
0.8652356,0.0,0.06609303
0.7205478,0.0,0.40478653
0.671005,1.0,0.57179135
0.65019864,1.0,0.41495323
0.68528837,1.0,0.6746646
0.5677722,1.0,0.113605715
0.5626148,1.0,0.21840523
0.7567456,1.0,0.13603616
0.7505675,0.0,0.20471875
0.68551517,0.0,0.061065093
0.6343389,0.0,0.0624505
0.7350984,1.0,0.31633222
0.6308566,0.0,0.0
0.58324647,1.0,0.1410495
0.7097347,0.0,0.009710941
0.5282711,0.0,0.107463315
0.7726945,0.0,0.02625127
0.5258421,0.0,0.21603575
0.6917292,0.0,0.6996416
0.6023936,1.0,0.7109033
0.86929137,1.0,0.25000072
0.68573433,1.0,0.39209142
0.69999295,0.0,0.00040810983
0.5771751,1.0,0.20274854
0.63856167,0.0,0.0075695775
0.7359273,1.0,0.10058506
0.77734655,0.0,0.013815578
0.7507271,1.0,0.27837348
0.9291573,0.0,0.004389952
0.8444492,0.0,0.0010398774
0.7455789,1.0,0.0450083
0.83240986,0.0,0.16745473
0.70794684,1.0,0.50920594
0.85320854,0.0,0.2910585
0.8713539,0.0,0.5465647
0.36926395,0.0,0.82439613
0.6625703,0.0,0.22189198
0.9203079,0.0,0.08267193
0.73558915,0.0,0.0
0.76375175,0.0,0.0
0.6503906,0.0,0.00016935113
0.78965795,0.0,0.0005508636
0.8684982,0.0,0.005624639
0.7896193,0.0,0.08347314
0.6336861,0.0,0.2084032
0.84807444,0.0,0.17089568
0.40900686,0.0,0.8390817
0.50294405,0.0,0.790747
0.5832493,0.0,1.0
0.8697113,0.0,0.7824427
0.7899645,0.0,0.17962989
0.9405227,0.0,0.0027977368
0.76062584,0.0,0.010245366
0.6539895,0.0,0.12776448
0.795902,0.0,0.0007591488
0.7954054,0.0,0.007370402
0.609536,0.0,0.0013397892
0.58202803,1.0,0.056568626
0.48894516,0.0,0.0
0.60748124,0.0,0.0
0.8295211,1.0,0.024503984
0.86713165,1.0,0.07869515
0.8362482,0.0,0.01053306
0.53095996,0.0,0.0
0.76728207,0.0,0.002066568
0.49626127,0.0,0.012962373
0.68689376,0.0,0.0
0.6073757,0.0,0.02251254
0.66161364,0.0,0.069235116
0.34452412,0.0,0.47642532
0.42672205,0.0,0.5977897
0.6282739,0.0,0.50997895
0.7857415,0.0,0.26079103
0.8148942,0.0,0.0
0.7065961,0.0,0.0
0.8200366,0.0,0.016850166
0.8432095,1.0,0.038927518
0.7699854,1.0,0.2879874
0.8461581,0.0,0.039080754
0.81671524,1.0,0.27199012
0.4682367,1.0,0.53868204
0.6240941,1.0,0.5998645
0.6668122,1.0,0.2584903
0.6527431,1.0,0.13691631
0.592769,0.0,0.0
0.7142783,1.0,0.30742368
0.52870107,1.0,0.61622936
0.66721404,0.0,0.23845118
0.6019254,0.0,0.51006746
0.74661326,0.0,0.35174882
0.49709338,0.0,0.18698733
0.74672335,0.0,0.19780675
0.7733021,0.0,0.05328137
0.6067219,0.0,0.38898286
0.7471245,0.0,0.44440228
0.7979575,0.0,0.1045941
0.7320908,0.0,0.45289108
0.80053365,0.0,0.0939498
0.87206966,0.0,0.110462405
0.8082106,0.0,0.65848756
0.58194387,0.0,0.5633915
0.7228352,0.0,0.20326638
0.6355677,0.0,0.3304316
0.65905255,0.0,0.06835405
0.63937086,0.0,0.110029265
0.83006495,0.0,0.010901788
0.69691116,0.0,0.0
0.81761074,0.0,0.07120828
0.8512886,0.0,0.070293896
0.87947375,0.0,0.38300294
0.73427504,0.0,0.18092038
0.66824204,0.0,0.43481937
0.48465726,0.0,0.70759916
0.75412065,0.0,0.1289998
0.5450394,1.0,0.2969795
0.6413447,0.0,0.1557325
0.62787986,0.0,0.124935836
0.7522193,0.0,0.020614296
0.7120001,0.0,0.0007554017
0.71748,0.0,0.0062206513
0.7251643,0.0,0.026398815
0.6584702,0.0,0.03816754
0.81899714,0.0,0.01596119
0.37823996,0.0,0.17582181
0.7554747,0.0,0.018346386
0.7923335,0.0,0.34368116
0.35087755,0.0,0.50405794
0.32206118,0.0,0.33427423
0.40880427,0.0,0.17706203
0.58662826,0.0,0.349013
0.30923587,0.0,0.28966874
0.79879194,0.0,0.039309304
0.38977948,0.0,0.051688343
0.61204386,0.0,0.004111069
0.66592443,0.0,0.04671131
0.84016687,0.0,0.0089992145
0.59801584,0.0,0.0078034136
0.8241789,0.0,0.0067766435
0.6788984,0.0,0.052718613
0.6272648,0.0,0.033199195
0.76755464,1.0,0.33262473
0.71279967,0.0,0.005874748
0.77936023,0.0,0.0
0.88011783,1.0,0.16907276
0.91566503,0.0,0.0009232939
0.8931328,0.0,0.0022074385
0.95136255,0.0,0.0073453668
0.94318336,0.0,0.16195224
0.86367005,0.0,0.0
0.9572678,0.0,0.011140446
0.9343032,0.0,0.019001953
0.93553483,0.0,0.09166021
0.82413614,0.0,0.047735427
0.92899525,0.0,0.023429606
0.8600927,0.0,0.02120007
0.633502,0.0,0.042585038
0.95119417,0.0,0.019591438
0.9392871,0.0,0.21142945
0.85108906,0.0,0.068437845
0.672926,0.0,0.06420373
0.8445063,0.0,0.79300845
0.6827136,0.0,0.44814107
0.8780994,0.0,0.24137147
0.65371007,0.0,0.48414385
0.788792,0.0,0.2398291
0.60755605,0.0,0.40254366
0.5940482,0.0,0.55490255
0.7646508,0.0,0.14381729
0.24148807,0.0,0.6732388
0.5178659,0.0,0.29046506
0.90489936,0.0,0.008086688
0.5888467,0.0,0.04296073
0.7551345,0.0,0.010095772
0.85800624,0.0,0.20402086
0.5892002,0.0,0.2681704
0.7446809,0.0,0.0072633172
0.8165349,0.0,0.0039429995
0.5422325,0.0,0.04877083
0.6753249,0.0,0.0014873766
0.7725657,0.0,0.019424397
0.777588,0.0,0.0
0.8641318,0.0,0.0
0.5670134,0.0,0.0104564885
0.6206282,0.0,0.0073381457
0.63407433,0.0,0.00971208
0.45981058,0.0,0.299597
0.7626827,0.0,0.00035477598
0.8142528,0.0,0.106123984
0.83269703,0.0,0.021718426
0.8486073,0.0,0.015466524
0.57246155,0.0,0.23752995
0.82567006,0.0,0.13127181
0.8484025,1.0,0.6721433
0.73349154,1.0,0.60410553
0.65861917,1.0,0.40971282
0.5006117,1.0,0.45546874
0.5297426,0.0,0.07415257
0.8081195,1.0,0.2933507
0.7486422,0.0,0.24723504
0.784098,0.0,0.0
0.7608361,0.0,0.43305743
0.8040046,0.0,0.28006712
0.8890157,0.0,0.008905997
0.7074546,0.0,0.0037031593
0.5092826,0.0,0.46223724
0.65777415,0.0,0.08031081
0.9038903,0.0,0.0658128
0.55375534,0.0,0.03584003
0.8011785,0.0,0.3430285
0.77223754,0.0,0.0034094802
0.8740191,0.0,0.036460623
0.63791806,0.0,0.2329828
0.89506394,0.0,0.24639186
0.62859476,0.0,0.004727354
0.8304897,0.0,0.010003578
0.72301984,0.0,0.36948758
0.70124006,0.0,0.53125226
0.844842,0.0,0.17846948
0.5863779,0.0,0.3757144
0.41654095,0.0,0.3937122
0.78040266,0.0,0.042871546
0.6259703,0.0,0.26954666
0.49901894,0.0,0.5968984
0.45256314,0.0,0.6409704
0.6045876,0.0,0.6245138
0.7905462,0.0,0.03746572
0.40489617,0.0,0.28026918
0.77966464,0.0,0.0109887365
0.312507,0.0,0.0033425852
0.74772465,0.0,0.055083286
0.6277532,0.0,0.015019025
0.80131596,0.0,0.0
0.64537215,0.0,0.041133914
0.86318606,1.0,0.11049552
0.6406901,1.0,0.027233586
0.86663204,0.0,0.0
0.5958692,0.0,0.0
0.26379722,0.0,0.0
0.7721942,0.0,0.0
0.8343807,0.0,0.006805758
0.5003115,0.0,0.013287476
0.6614682,0.0,0.09894674
0.6961097,0.0,0.023886772
0.80952215,0.0,0.0030523334
0.6128661,0.0,0.2449758
0.5692889,0.0,0.1539204
0.7290211,0.0,0.047577236
0.7769555,0.0,0.15045981
0.85441047,0.0,0.5304834
0.40240276,0.0,0.23085125
0.32108998,0.0,0.78732854
0.49019426,0.0,0.6618022
0.8223174,0.0,0.25543228
0.44176027,0.0,0.30241647
0.704442,0.0,0.030939927
0.5182194,0.0,0.53765726
0.8306753,0.0,0.09708491
0.6871057,0.0,0.20496619
0.7455307,0.0,0.0
0.6035315,0.0,0.011323904
0.56642485,0.0,0.025746042
0.73060405,0.0,0.01006381
0.7250546,0.0,0.01733486
0.87544155,0.0,0.004074127
0.5419974,0.0,0.0
0.9046649,1.0,0.0636363
0.84256876,0.0,0.00067667075
0.5010082,0.0,0.031322043
0.5856598,0.0,0.0
0.70137274,0.0,0.20000884
0.80521333,0.0,0.17966333
0.65358806,0.0,0.03048284
0.76083905,0.0,0.008891748
0.3820407,0.0,0.2259672
0.7922032,0.0,0.25114188
0.75251216,1.0,0.024052246
0.4125694,0.0,0.091966026
0.73698103,0.0,0.15346473
0.90326804,0.0,0.02377889
0.798775,0.0,0.0025056237
0.7493375,0.0,0.14460595
0.803982,0.0,0.3327524
0.53877,0.0,0.4843497
0.49053606,0.0,0.08205635
0.6694511,0.0,0.5275429
0.76050764,0.0,0.25088382
0.6564721,0.0,0.6105872
0.6279004,0.0,0.41868174
0.5126641,0.0,0.14696962
0.91430277,0.0,0.02391394
0.91043335,0.0,0.5233065
0.7765952,0.0,0.54150856
0.77603674,0.0,0.68186533
0.8954049,0.0,0.17304145
0.69054824,0.0,0.05080322
0.7693257,0.0,0.40873173
0.8882713,0.0,0.40640798
0.90825474,0.0,0.0015965106
0.8324879,0.0,0.5114618
0.6358916,0.0,0.58522165
0.86592066,0.0,0.12544721
0.88944507,0.0,0.14094822
0.36244613,0.0,0.72336924
0.876118,1.0,0.58040905
0.92493385,0.0,0.00029652184
0.83241117,0.0,0.13741297
0.8504201,0.0,0.37680572
0.92605,1.0,0.12759727
0.9122599,0.0,0.0
0.7723897,0.0,0.4044606
0.82748836,0.0,0.27767754
0.8516283,0.0,0.0
0.78404355,0.0,0.089608304
0.5757271,0.0,0.62221164
0.87212616,0.0,0.41176602
0.4619465,0.0,0.43154258
0.9375041,0.0,0.26268172
0.7635267,1.0,0.39534304
0.63649374,1.0,0.7483451
0.8247915,0.0,0.09247582
0.8436217,0.0,0.0
0.7833134,1.0,0.1184076
0.8521252,1.0,0.3435035
0.92732614,0.0,0.0
0.9241362,1.0,0.00786387
0.84271556,1.0,0.47145352
0.7185965,1.0,0.28865656
0.8446143,0.0,0.0
0.89192915,1.0,0.14665218
0.7878334,1.0,0.4641312
0.83238715,0.0,0.13165565
0.7928101,0.0,0.003218778
0.88116455,1.0,0.13619328
0.86950433,1.0,0.24721229
0.54840523,0.0,0.09052806
0.76189554,0.0,0.0
0.76706797,1.0,0.46834528
0.9062975,1.0,0.70391333
0.7423185,0.0,0.3246824
0.5712275,0.0,0.09214066
0.85291314,0.0,0.27651572
0.87986726,0.0,0.002626126
0.5754985,1.0,0.11503274
0.7930167,1.0,0.23034246
0.77562517,0.0,0.0
0.6856794,0.0,0.030386629
0.88910484,0.0,0.33409888
0.4954118,0.0,0.35107827
0.42336896,0.0,0.5713615
0.7440889,1.0,0.114048935
0.4488639,0.0,0.62710667
0.561032,0.0,0.7231788
0.5751738,0.0,0.8015168
0.85656184,1.0,0.6633167
0.81181264,1.0,0.4503372
0.63937163,1.0,0.21788995
0.67583597,0.0,0.051880915
0.5798275,0.0,0.56102777
0.80785555,0.0,0.3644333
0.9073589,0.0,0.18339813
0.4266099,0.0,0.41323167
0.5301436,0.0,0.16910744
0.83253205,0.0,0.023139805
0.7274513,0.0,0.12896211
0.68974715,0.0,0.3179666
0.6966158,0.0,0.0030480009
0.922604,0.0,0.052665133
0.8982328,0.0,0.23090133
0.57494944,0.0,0.13656452
0.5789274,0.0,0.58940977
0.5027608,0.0,0.39206144
0.6825725,0.0,0.027025606
0.57175744,0.0,0.14932784
0.50296086,0.0,0.48666143
0.9030413,0.0,0.092983484
0.7710692,0.0,0.04479897
0.5950695,0.0,0.34936592
0.7879989,0.0,0.13439731
0.69511324,0.0,0.34785742
0.7817948,0.0,0.18515363
0.68183583,0.0,0.7065274
0.6051944,0.0,0.5840585
0.7759414,0.0,0.0043254914
0.67107433,1.0,0.4647102
0.90040344,0.0,0.24196579
0.9079035,0.0,0.33706757
0.89789855,1.0,0.18431728
0.78229433,1.0,0.6905966
0.7617213,1.0,0.33157593
0.89265484,0.0,0.03303987
0.9257878,1.0,0.26727888
0.93058515,1.0,0.38213548
0.7794738,1.0,0.18305275
0.8524471,0.0,0.0
0.83275986,1.0,0.20359093
0.9077818,1.0,0.47587222
0.7315779,1.0,0.21600796
0.7706682,0.0,0.002879122
0.9342817,0.0,5.0261347e-06
0.42045134,1.0,0.1420552
0.8373044,0.0,0.0
0.68468124,0.0,0.12607543
0.89251864,0.0,0.09061199
0.8781868,0.0,0.0942267
0.55856794,0.0,0.17254882
0.5262976,0.0,0.48069465
0.8921469,0.0,0.101288006
0.82922477,0.0,0.0061694924
0.8517079,0.0,0.16728663
0.5470055,0.0,0.44398275
0.9054944,0.0,0.016671324
0.8940636,0.0,0.0
0.757233,0.0,0.35699007
0.48867434,0.0,0.49722466
0.4511907,0.0,0.4554999
0.6932319,0.0,0.050822917
0.3894365,0.0,0.10851677
0.7273952,0.0,0.012569681
0.84068304,0.0,0.0
0.38840082,0.0,0.0013686321
0.65667003,0.0,0.010095222
0.7966987,0.0,0.0
0.5205533,0.0,0.0
0.7552482,0.0,0.026305227
0.7305029,0.0,0.04735362
0.7227517,0.0,0.0
0.7348832,0.0,0.00257616
0.8760979,1.0,0.27226612
0.77383286,1.0,0.035717495
0.85314095,0.0,0.024279881
0.31872588,0.0,0.07769328
0.7014134,0.0,0.07531905
0.65795654,0.0,0.017464848
0.86012566,0.0,0.0018354306
0.6144533,0.0,0.31776017
0.9070553,0.0,0.11466902
0.7535839,0.0,0.008683709
0.88839054,0.0,0.014424909
0.7083486,0.0,0.23481801
0.7779617,0.0,0.5813236
0.89284706,0.0,0.042731725
0.56020147,0.0,0.4859496
0.7276428,0.0,0.040546294
0.35811862,0.0,0.3716795
0.70243347,0.0,0.24629572
0.5117182,0.0,0.36722073
0.3208709,0.0,0.30371416
0.42211607,0.0,0.33001283
0.8273081,0.0,0.016071275
0.7870348,0.0,0.49617466
0.7859643,0.0,0.59180325
0.712908,0.0,0.14500663
0.34816438,0.0,0.3653416
0.909155,0.0,0.52815914
0.9151393,0.0,0.6400009
0.76535124,0.0,0.5296003
0.8507942,0.0,0.03542396
0.8240205,0.0,0.44256383
0.895291,0.0,0.0018303286
0.68431026,0.0,0.41027084
0.7982415,0.0,0.47988972
0.84803903,0.0,0.31874797
0.47971854,0.0,0.6088521
0.5889174,0.0,0.5424078
0.55837953,0.0,0.46297312
0.92641264,0.0,0.014998105
0.7977919,0.0,0.0
0.75614506,0.0,0.22879581
0.75369865,0.0,0.03343606
0.6295145,0.0,0.07384787
0.72173804,0.0,0.20639338
0.8306356,0.0,0.19446446
0.564641,0.0,0.495236
0.56763685,0.0,0.11513508
0.8423236,0.0,0.00012969278
0.8575887,0.0,0.0
0.55618274,0.0,0.027677635
0.8237014,0.0,0.0
0.8649054,0.0,0.14509933
0.65394366,0.0,0.011071173
0.708766,0.0,0.22115114
0.6809018,0.0,0.4299913
0.7890467,0.0,0.0
0.6717793,0.0,0.00022694569
0.7063117,0.0,0.03598961
0.89262533,0.0,0.11675811
0.57979345,0.0,0.010375379
0.6188114,0.0,0.014716669
0.8718138,0.0,0.26247552
0.8945174,0.0,0.16479596
0.77707857,0.0,0.18913598
0.7079632,0.0,0.17998488
0.6030457,0.0,0.25917092
0.49134272,0.0,0.11479435
0.9197399,0.0,0.0084026875
0.63027644,0.0,0.0659221
0.8910415,0.0,0.010261849
0.8779859,0.0,0.0019523005
0.87778413,0.0,0.018215751
0.8859778,0.0,0.14056718
0.6332984,0.0,0.20738633
0.68167484,0.0,0.0
0.88069844,0.0,0.027495094
0.49149248,0.0,0.3678831
0.54446113,0.0,0.50158113
0.7794687,0.0,0.4536179
0.78273934,0.0,0.21131207
0.835424,0.0,0.3365589
0.75274,0.0,0.19469441
0.7041577,0.0,0.16028383
0.774929,0.0,0.3210754
0.78503567,0.0,0.00022235334
0.4276139,0.0,0.19211408
0.5263428,0.0,0.0017892272
0.47632802,0.0,0.35578656
0.41692725,0.0,0.37368354
0.6331499,0.0,0.0
0.64262027,0.0,0.09225969
0.5119159,0.0,0.06018789
0.73394406,0.0,0.1632073
0.7481011,0.0,0.27488643
0.69813114,0.0,0.49755153
0.6528968,0.0,0.5700326
0.55813944,0.0,0.7077677
0.9220322,0.0,0.3404362
0.69745374,0.0,0.86775494
0.6864282,0.0,0.61555463
0.5907494,0.0,0.37942922
0.591095,0.0,0.47627258
0.4557334,0.0,0.46049467
0.8416274,0.0,0.045659576
0.8091018,0.0,6.881211e-05
0.50022,0.0,0.19750686
0.37313807,0.0,0.4594297
0.6547867,0.0,0.0060296245
0.8197793,0.0,0.34519902
0.7827028,0.0,0.021048574
0.6075188,0.0,0.28319415
0.54182905,0.0,0.00045970306
0.7400763,0.0,0.36186442
0.44855317,0.0,0.60754293
0.40787092,0.0,0.22561893
0.38882425,0.0,0.17203802
0.5509929,0.0,0.00078136654
0.7289372,0.0,0.0
0.7626058,0.0,0.0
0.63488257,0.0,0.0
0.6753781,0.0,0.010244152
0.74253696,0.0,0.098727114
0.2218739,1.0,0.4289578
0.52662975,1.0,0.7294594
0.7139968,0.0,0.41555735
0.7606685,0.0,0.013948122
0.5152669,0.0,0.093311384
0.7364146,0.0,0.06915912
0.7970823,0.0,0.23369661
0.8881126,0.0,0.08934549
0.7894129,0.0,0.00029485216
0.86893266,0.0,0.0
0.847256,0.0,0.23215407
0.7708985,0.0,0.0154348165
0.73193717,0.0,0.0
0.86647564,0.0,0.0
0.63399816,0.0,0.12888849
0.89827245,0.0,0.46694344
0.89492565,0.0,0.1957744
0.43913114,0.0,0.63826907
0.5220223,0.0,0.19340123
0.83653605,0.0,0.29931113
0.6286312,0.0,0.3196015
0.7064995,0.0,0.26887423
0.6576551,0.0,0.24321315
0.728391,0.0,0.0689565
0.72363526,0.0,0.18486942
0.83368725,0.0,0.023595357
0.7058825,0.0,0.45669627
0.6682444,0.0,0.40371737
0.74122345,0.0,0.43652692
0.78572625,0.0,0.6435932
0.7440552,0.0,0.32266584
0.5832873,0.0,0.4959078
0.7967456,0.0,0.21530291
0.8079163,0.0,0.62348646
0.60185415,0.0,0.36166772
0.79025996,0.0,0.02373506
0.78344595,0.0,0.2677897
0.7693791,0.0,0.39852887
0.7785782,0.0,0.19725743
0.8790219,0.0,0.0020810696
0.58075124,0.0,0.021122908
0.6122781,0.0,0.08952482
0.6272148,0.0,0.016372463
0.5825658,0.0,0.3334406
0.5277094,0.0,0.38012034
0.6685301,1.0,0.33364606
0.6555618,0.0,0.049938142
0.83084375,0.0,0.095794156
0.68511933,0.0,0.54095435
0.6979581,0.0,0.52034575
0.68659514,0.0,0.19581601
0.75009483,0.0,0.54026365
0.8500605,0.0,0.12167484
0.5312283,1.0,0.6596174
0.87650037,1.0,0.38495988
0.45748258,0.0,0.00021461386
0.58620316,0.0,0.15922678
0.5049548,0.0,0.32135805
0.74879956,0.0,0.06885279
0.77257025,0.0,0.0
0.83402544,0.0,0.07318666
0.83943933,0.0,0.5537779
0.7376115,0.0,0.21463421
0.5230422,0.0,0.00024199404
0.51652676,0.0,0.33499604
0.69573504,0.0,0.6049328
0.8079718,0.0,0.24409789
0.62546927,0.0,0.16464278
0.63882095,0.0,0.5170529
0.63625526,0.0,0.7263181
0.8854226,0.0,0.48267052
0.5880362,0.0,0.44636056
0.61215305,0.0,0.16668041
0.70833266,0.0,0.36892143
0.43612844,0.0,0.42364952
0.5951164,0.0,0.097317725
0.8051166,0.0,0.0
0.6128432,0.0,0.38084617
0.37935245,0.0,0.5522761
0.8063379,0.0,0.03986427
0.8398659,0.0,0.0006590103
0.60936016,0.0,0.31916276
0.6293151,0.0,0.15173109
0.70221704,0.0,0.009320033
0.64045393,0.0,0.5122715
0.83878213,0.0,0.0039121886
0.56853956,0.0,0.36234042
0.68746203,0.0,0.09132456
0.6100978,0.0,0.51056856
0.78642064,0.0,0.4161799
0.7014774,0.0,0.11162926
0.4586597,0.0,0.25703716
0.61151326,1.0,0.45147356
0.7634868,1.0,0.3626475
0.5430936,1.0,0.4192591
0.8206557,0.0,0.0061901542
0.8136077,1.0,0.67721593
0.8537137,1.0,0.63347775
0.8972106,0.0,0.050362613
0.84349775,0.0,0.38955146
0.40923518,0.0,0.38496006
0.5125298,0.0,0.10905398
0.28424028,0.0,0.17775546
0.5534767,0.0,0.23819427
0.8280764,0.0,0.008361268
0.8099775,0.0,0.07179631
0.68576217,0.0,0.0007933204
0.8627017,0.0,0.027944569
0.8125017,0.0,0.0062976694
0.82258946,0.0,0.0004650013
0.84733236,0.0,0.13704385
0.78720784,0.0,0.15797244
0.76219547,0.0,0.03182186
0.6789048,0.0,0.010774108
0.5074562,0.0,0.09598554
0.36669856,0.0,0.44686103
0.3520051,0.0,0.0076422975
0.63106394,0.0,0.27188843
0.7372086,0.0,0.0014801179
0.8974797,0.0,0.0
0.7205587,0.0,0.0
0.885645,0.0,0.0046707764
0.8705421,0.0,0.06823573
0.87640357,0.0,0.0737369
0.6228405,0.0,0.038098235
0.90781575,0.0,0.08965242
0.44378817,1.0,0.28892908
0.60694176,1.0,0.68452406
0.8446538,1.0,0.08356031
0.7677566,1.0,0.51936114
0.84655106,1.0,0.7614347
0.42779285,0.0,0.552229
0.7755947,0.0,0.011011422
0.6532726,1.0,0.32984826
0.8143692,0.0,0.4832439
0.8147301,0.0,0.23478916
0.8774461,0.0,0.0036611487
0.80298793,0.0,0.11183112
0.8719975,0.0,0.55263203
0.8524938,0.0,0.010129444
0.76296353,0.0,0.0034935488
0.6907251,0.0,0.27113193
0.5171785,0.0,0.22669594
0.8782913,0.0,0.013746891
0.42199987,0.0,0.21811166
0.7611345,0.0,0.7032404
0.48852572,0.0,0.5414986
0.6246295,0.0,0.3692209
0.71467775,0.0,0.19925009
0.76626927,0.0,0.013495129
0.60756594,0.0,0.0
0.73607206,0.0,0.0
0.8026812,0.0,0.00061849004
0.8304355,0.0,0.007047006
0.8780809,0.0,0.015614807
0.69911,1.0,0.47445965
0.60177994,0.0,0.29546347
0.8000676,0.0,0.09141068
0.8603728,1.0,0.17680967
0.8696884,0.0,0.38243416
0.7440161,0.0,0.0064538396
0.77990234,0.0,0.0005955084
0.73019344,0.0,0.25783497
0.8244192,0.0,0.19242796
0.6101531,0.0,0.0121545745
0.6966495,0.0,0.3689184
0.83709586,0.0,0.105147816
0.7488183,0.0,0.0
0.6379469,0.0,0.0
0.5642419,0.0,0.035455
0.8894906,0.0,0.0
0.75103575,0.0,0.23958272
0.64615166,0.0,0.6891543
0.73004115,0.0,0.012941528
0.67299616,0.0,0.4183839
0.5612862,0.0,0.31207892
0.680484,0.0,0.47975335
0.71813965,0.0,0.11860733
0.59838814,0.0,0.28696463
0.7871001,0.0,0.088207036
0.78428257,0.0,0.3519446
0.8096858,0.0,0.21267603
0.74038565,0.0,0.3293285
0.40090024,0.0,0.3606421
0.7473342,0.0,0.0123317465
0.87345594,0.0,5.1130995e-05
0.70137006,0.0,0.35529825
0.4290654,0.0,0.6144734
0.8151629,0.0,0.18131907
0.72957057,0.0,0.3896484
0.7386404,1.0,0.2528794
0.8373611,1.0,0.6685545
0.80383575,1.0,0.7261793
0.83029234,1.0,0.06692695
0.7782478,1.0,0.3368863
0.73601055,1.0,0.5776575
0.74461156,1.0,0.28824228
0.7260434,0.0,0.028703418
0.6099952,1.0,0.27282873
0.66390085,1.0,0.19941111
0.78859645,0.0,0.01588393
0.786809,0.0,0.225888
0.8135917,1.0,0.48814884
0.8147436,0.0,0.069275215
0.5818152,0.0,0.07131133
0.6787751,0.0,0.36727974
0.58706397,0.0,0.5130713
0.6479352,0.0,0.37170523
0.7708023,0.0,0.20341587
0.8157482,0.0,0.39103955
0.7462015,0.0,0.0021563363
0.75461,0.0,0.05982392
0.72697085,0.0,0.63409215
0.6990292,0.0,0.17373359
0.81497556,0.0,0.38138926
0.74597734,1.0,0.55888534
0.7004172,1.0,0.55445623
0.4652441,0.0,0.33932614
0.7810317,1.0,0.05505165
0.73400706,1.0,0.59857875
0.53186953,1.0,0.52586377
0.83734435,0.0,0.4839517
0.74961036,1.0,0.0882842
0.6468984,1.0,0.6531002
0.61836123,1.0,0.6966981
0.6632127,0.0,0.89954144
0.6268261,0.0,0.83666325
0.70469534,0.0,0.8646567
0.6306503,0.0,0.44173732
0.7767772,0.0,0.15872003
0.6540648,0.0,0.4746076
0.6148654,0.0,0.4941589
0.7041159,0.0,0.21596538
0.6357969,0.0,0.4777399
0.47729975,0.0,0.6949876
0.69481504,0.0,0.646188
0.66855806,0.0,0.3411824
0.7557835,0.0,0.18929589
0.8072502,0.0,0.532953
0.5509096,0.0,0.28569055
0.7056955,1.0,0.29458526
0.72242683,1.0,0.71377
0.69648254,1.0,0.77096176
0.7272755,1.0,0.22003724
0.8094439,1.0,0.57554305
0.7961835,1.0,0.47789863
0.5959311,1.0,0.22789827
0.72850895,1.0,0.39002192
0.6359235,1.0,0.45983705
0.7706726,1.0,0.48468813
0.46741745,1.0,0.52995396
0.767269,1.0,0.6223953
0.5342755,1.0,0.70238405
0.61557734,0.0,0.21234141
0.69615215,0.0,0.26664716
0.766874,1.0,0.11216857
0.7329465,1.0,0.22532879
0.6629911,0.0,0.18201339
0.70656854,1.0,0.07453751
0.8062707,0.0,0.34507468
0.61285675,0.0,0.64441305
0.74695647,0.0,0.09643093
0.69220436,0.0,0.16914599
0.54257226,1.0,0.028973931
0.6634313,0.0,0.041317824
0.5674518,0.0,0.2161112
0.7396139,0.0,0.11097213
0.752718,0.0,0.48777178
0.77995646,0.0,0.7123038
0.773538,0.0,0.34879503
0.6495009,1.0,0.60294425
0.7762122,1.0,0.46753046
0.65595156,1.0,0.38660514
0.6376699,1.0,0.32255265
0.60684544,1.0,0.31939536
0.8090664,1.0,0.3924925
0.7707073,1.0,0.4732734
0.70422286,1.0,0.439603
0.82578313,1.0,0.34931636
0.52728707,0.0,0.59625983
0.6051932,1.0,0.48687038
0.5866357,1.0,0.3587127
0.58382684,0.0,0.3261316
0.7245127,1.0,0.4620157
0.7049,0.0,0.4436723
0.37840807,0.0,0.8126625
0.52188855,0.0,1.0
0.5248487,0.0,0.28553477
0.52874464,0.0,0.5177248
0.56493455,0.0,0.18767543
0.28688797,0.0,0.47727275
0.5507869,0.0,0.15450943
0.5815115,1.0,0.33738598
0.3877512,1.0,0.62231165
0.7318975,1.0,0.7241093
0.6917701,0.0,0.059029788
0.6983633,0.0,0.33698434
0.60833126,1.0,0.36068106
0.5900896,1.0,0.20221826
0.7043526,0.0,0.050964814
0.53296983,0.0,0.6809854
0.60635215,1.0,0.5425843
0.8206694,1.0,0.21860395
0.5278318,0.0,0.29560986
0.56431305,0.0,0.026109593
0.8481231,0.0,0.4650046
0.6288008,0.0,0.41525912
0.5893386,0.0,0.5195224
0.3898775,0.0,0.2197796
0.78414077,0.0,0.003534628
0.35342884,0.0,0.4580926
0.3576066,0.0,0.4999324
0.86487675,0.0,0.157966
0.31043538,0.0,0.039972432
0.59586,0.0,0.60368055
0.31449443,0.0,0.72524196
0.44156703,0.0,0.27854973
0.5904952,0.0,0.5666225
0.77947265,0.0,0.30082172
0.6736248,0.0,0.072388
0.38145447,0.0,0.35160863
0.63775957,1.0,0.015981644
0.29648808,1.0,0.36854807
0.7379538,1.0,0.02084558
0.28667054,1.0,0.55927277
0.74631923,1.0,0.25807056
0.6649634,0.0,0.35470706
0.34300235,0.0,0.4784544
0.28807345,1.0,0.7807026
0.36227417,1.0,0.56900895
0.6207261,1.0,0.007614392
0.41145566,1.0,0.5223131
0.44329622,1.0,0.7950139
0.3753338,0.0,0.31914765
0.6296539,1.0,0.4748194
0.66488636,0.0,0.72086996
0.38661712,0.0,0.113232225
0.7131824,0.0,0.1018348
0.73811495,0.0,0.5553021
0.6697508,0.0,0.059557788
0.689023,0.0,0.47975615
0.8646259,0.0,0.014608301
0.59832096,0.0,0.1159236
0.51308453,0.0,0.0
0.67975867,0.0,0.08497653
0.64104515,0.0,0.17456484
0.5248909,0.0,0.34230694
0.710498,0.0,0.5287697
0.57329696,0.0,0.18117577
0.48964164,0.0,0.47488293
0.69891727,0.0,0.0046632807
0.51379627,0.0,0.0
0.5821773,1.0,0.0
0.61423343,0.0,0.017158367
0.86780316,0.0,0.0032687932
0.41675887,0.0,0.42968127
0.8489776,0.0,0.5873241
0.8535155,0.0,0.14218149
0.5652062,0.0,0.050052714
0.6091771,0.0,0.13020773
0.8002461,0.0,0.0028623103
0.84733814,1.0,0.17914736
0.5828604,1.0,0.18626752
0.69968396,0.0,0.007496588
0.9310441,0.0,0.00018315032
0.7538324,1.0,0.13892582
0.42123032,0.0,0.25904116
0.764156,1.0,0.49813285
0.6981406,1.0,0.3248729
0.5637825,1.0,0.9239642
0.6741811,1.0,0.5061592
0.6753104,1.0,0.266818
0.5624185,1.0,0.8084576
0.71666247,1.0,0.20387958
0.76935697,1.0,0.12533318
0.39687333,1.0,0.7168482
0.7286457,1.0,0.5357363
0.6906902,0.0,0.05273094
0.31722984,0.0,0.49770385
0.6081627,0.0,0.30401576
0.5284553,0.0,0.53616357
0.64674574,0.0,0.7192304
0.33189514,0.0,1.0
0.7504339,0.0,0.72425926
0.7652403,0.0,0.7429013
0.83553284,0.0,0.73414886
0.63180715,0.0,0.22341824
0.44720316,0.0,0.23539567
0.5041379,1.0,0.49370843
0.84987456,1.0,0.07163702
0.49366754,1.0,0.7038829
0.89346975,0.0,0.032319423
0.5757758,0.0,0.31909776
0.74410844,1.0,0.40152866
0.7247959,1.0,0.06863344
0.84618455,0.0,0.010894694
0.4919197,1.0,0.45346206
0.7588008,1.0,0.28364184
0.8507957,0.0,0.030015118
0.5401225,0.0,0.14717908
0.47873947,1.0,0.49594977
0.5577268,0.0,0.21023272
0.8128248,0.0,0.016469026
0.40100065,0.0,0.50589114
0.851514,0.0,0.5001984
0.7432599,0.0,0.46029982
0.49371204,0.0,0.0063545527
0.503635,0.0,0.4129509
0.6015441,0.0,0.50156206
0.87371725,0.0,0.039808262
0.5413632,0.0,0.13296276
0.5045225,0.0,0.7132138
0.6125281,0.0,0.24386832
0.85572267,0.0,0.039508678
0.59297895,0.0,0.27511337
0.8499092,0.0,0.011919457
0.80628264,0.0,0.14100526
0.83678675,0.0,0.05693885
0.6736091,0.0,0.076939456
0.67563,0.0,0.088667095
0.568225,0.0,0.3348089
0.66092014,0.0,0.015795087
0.52259725,0.0,0.39306116
0.5262303,0.0,0.44889697
0.5044379,0.0,0.121704705
0.5290234,0.0,0.54107535
0.5272668,0.0,0.685852
0.66459835,0.0,0.41838863
0.5130253,0.0,0.54705554
0.71569026,0.0,0.17348196
0.8396661,0.0,0.03347916
0.71249145,0.0,0.19784212
0.62401414,0.0,0.029942414
0.74465275,0.0,0.024386667
0.8557622,0.0,0.010966079
0.6690819,0.0,0.050266154
0.68746144,0.0,0.012639721
0.59760356,0.0,0.52803683
0.7310808,0.0,0.47972706
0.5722422,0.0,0.695559
0.5169713,0.0,0.612324
0.7139517,0.0,0.11167998
0.72125304,0.0,0.26130432
0.7046959,0.0,0.06898299
0.8379667,0.0,0.20394395
0.7375023,0.0,0.47632807
0.56123143,0.0,0.38859582
0.5205078,0.0,0.2903634
0.47099724,0.0,0.7950574
0.45145062,0.0,0.45446154
0.56401694,0.0,0.7448842
0.70839196,0.0,0.24296688
0.8536365,0.0,0.40350732
0.9221175,0.0,0.22997338
0.84714526,0.0,0.23840296
0.8313023,0.0,0.07897294
0.875229,0.0,0.20535591
0.8258058,0.0,0.046278395
0.74019694,0.0,0.12296504
0.7948284,0.0,0.08738061
0.6690123,0.0,0.5605481
0.84697765,0.0,0.09859083
0.8950957,0.0,0.041042924
0.73624724,1.0,0.2904404
0.7787882,0.0,0.086431615
0.9138103,0.0,0.20505276
0.9216547,0.0,0.07929215
0.79445136,1.0,0.43523738
0.6521965,0.0,0.4955506
0.6887776,1.0,0.64081264
0.84242773,0.0,0.73887116
0.8003801,0.0,0.5833027
0.8756427,0.0,0.2661552
0.79098886,0.0,0.27984497
0.8190029,0.0,0.070728496
0.67923146,0.0,0.18685512
0.82303303,0.0,0.59215415
0.9143087,0.0,0.8223282
0.6367574,0.0,0.60630745
0.74819016,0.0,0.5160865
0.80330807,0.0,0.3780349
0.91876537,0.0,0.7393439
0.6602673,0.0,0.22813891
0.5755339,0.0,0.39669013
0.9048125,0.0,0.3436503
0.5279467,0.0,0.15724415
0.8525149,0.0,0.43537104
0.7160727,0.0,0.70526206
0.6592354,0.0,0.054740164
0.6989413,0.0,0.17263687
0.8088501,0.0,0.4855383
0.8291401,0.0,0.66451573
0.5539427,0.0,0.5147987
0.788939,0.0,0.26358223
0.6678459,0.0,0.47705796
0.77243567,0.0,0.3095124
0.8769781,0.0,0.14250864
0.7116794,0.0,0.18085021
0.59504706,1.0,0.3023291
0.5639559,1.0,0.5389831
0.83345526,1.0,0.5670399
0.76711667,1.0,0.78674024
0.7175145,1.0,0.58732605
0.6821224,1.0,0.7784932
0.6729777,1.0,0.7329214
0.7871676,1.0,1.0
0.32816032,0.0,0.9624663
0.32670602,0.0,0.8089256
0.35739204,0.0,0.79119414
0.39962834,0.0,0.52181286
0.23839113,0.0,0.5372826
0.2736303,0.0,0.27713892
0.24473062,0.0,0.44998133
0.2604417,0.0,0.43965134
0.6885679,0.0,0.160719
0.5709201,0.0,0.42981905
0.5490575,0.0,0.023962226
0.5591998,0.0,0.34508154
0.64176226,0.0,0.5318038
0.37770894,0.0,0.45832244
0.345497,0.0,0.32220113
0.39527163,0.0,0.40448034
0.60487556,0.0,0.15239489
0.32608956,0.0,0.27658677
0.64500487,0.0,0.008953712
0.21615636,0.0,0.45450652
0.7423111,0.0,0.2133079
0.2549191,0.0,0.49251163
0.49243954,0.0,0.8098321
0.5173832,0.0,0.5468054
0.27372178,0.0,0.6838916
0.401519,0.0,0.65104806
0.42322248,0.0,0.6836459
0.25467283,0.0,0.6894206
0.29874244,0.0,0.44226024
0.7178363,0.0,0.43345827
0.5926786,1.0,0.15949132
0.4189677,1.0,0.047703467
0.4777749,0.0,0.05613373
0.48631743,1.0,0.08900481
0.5143619,0.0,0.0013777926
0.58847433,1.0,0.1310607
0.34541178,0.0,0.1317052
0.33932012,0.0,0.33212823
0.33690342,0.0,0.74422216
0.2208603,0.0,0.5154368
0.34152564,1.0,0.75709003
0.28885788,1.0,0.5253368
0.46304747,1.0,0.5008694
0.79368687,0.0,0.2736102
0.89796966,0.0,0.0070038293
0.500284,1.0,0.05351279
0.72931606,0.0,0.07551768
0.7905145,1.0,0.2880056
0.41282418,0.0,0.4450708
0.31391466,0.0,0.8012437
0.7041861,1.0,0.47412145
0.5069415,0.0,0.6111903
0.610665,0.0,0.3093853
0.5531819,0.0,0.34275252
0.46025592,0.0,0.39000753
0.46768695,0.0,0.38954303
0.46273857,0.0,0.5977303
0.4884953,0.0,0.46034533
0.6589853,0.0,0.21982348
0.48498696,0.0,0.034873303
0.40148792,0.0,0.19459295
0.76531357,0.0,0.0083217425
0.5720502,0.0,0.40068266
0.3308049,0.0,0.6517612
0.60634017,0.0,0.708087
0.33560863,0.0,0.12638797
0.8643717,0.0,0.17405787
0.72708154,0.0,0.0
0.21969967,0.0,0.2495956
0.44615254,0.0,0.0
0.230851,0.0,0.32341853
0.23392724,0.0,0.63100284
0.53965116,0.0,0.019043893
0.22603467,0.0,0.49133584
0.53040713,0.0,0.46980664
0.2555272,0.0,0.7491086
0.28085154,0.0,0.241809
0.4291582,0.0,0.15196672
0.39733642,0.0,0.20034578
0.5079458,0.0,0.31210908
0.70647013,0.0,0.012154404
0.2120101,1.0,0.3145396
0.45818532,0.0,0.0
0.6405935,0.0,0.014178133
0.5880153,0.0,0.08279789
0.7318209,1.0,0.17718127
0.6277596,1.0,0.11600234
0.6314811,1.0,0.23669942
0.5573992,1.0,0.7792398
0.71503127,1.0,0.33084956
0.5440379,1.0,0.55007833
0.53191453,1.0,0.47846347
0.6590067,0.0,0.4643987
0.85542184,0.0,0.16966817
0.49888864,1.0,0.40389943
0.48071393,0.0,0.2359074
0.43194848,0.0,0.21648611
0.6462298,0.0,0.024727518
0.38936293,0.0,0.10649408
0.77237713,0.0,0.00018071233
0.36791605,0.0,0.23920013
0.7554287,0.0,0.14614147
0.6297379,0.0,0.33660543
0.49365953,0.0,0.7845317
0.54452455,0.0,1.0
0.66175413,0.0,1.0
0.7950368,0.0,0.43994147
0.53616774,0.0,0.37144604
0.5848814,0.0,0.6065499
0.6630585,0.0,0.3750577
0.8710598,0.0,0.012995268
0.82604104,0.0,0.055486955
0.9061721,0.0,0.0012263058
0.66854584,0.0,0.00023238685
0.8362608,0.0,0.0002941125
0.56881416,0.0,0.0
0.82270217,0.0,2.5751215e-05
0.7177421,0.0,0.0
0.49573642,1.0,0.17973678
0.7868121,0.0,0.0011636675
0.5266693,1.0,0.33381727
0.80092967,1.0,0.34903353
0.78818846,0.0,0.0
0.7530312,1.0,0.314073
0.55891484,1.0,0.7414633
0.81612504,0.0,0.06685297
0.71271396,0.0,0.06127135
0.45492688,0.0,0.48929882
0.75967973,0.0,0.14039555
0.84745806,0.0,0.0
0.7166511,0.0,0.075854085
0.57388514,0.0,0.30027267
0.79834706,0.0,0.029563827
0.7834689,0.0,0.0
0.30278456,0.0,0.2322766
0.3513779,0.0,0.30262113
0.8180234,0.0,0.0015807443
0.8848306,0.0,0.05272764
0.49733716,0.0,0.52839327
0.7304411,0.0,0.40610564
0.8429068,0.0,0.056987163
0.5183938,0.0,0.5358562
0.8332839,0.0,0.3448608
0.5814504,0.0,0.6701483
0.4761876,0.0,0.4307473
0.9042192,0.0,0.051364824
0.77308697,0.0,0.33225062
0.6960534,0.0,0.0020056055
0.9087839,0.0,0.0
0.7298703,0.0,0.0
0.7583959,0.0,0.0
0.49451452,0.0,0.006118532
0.77123123,0.0,0.00025328086
0.90327555,1.0,0.0137014985
0.7487723,1.0,0.30744863
0.45872626,1.0,0.44298145
0.85519207,0.0,0.17687294
0.7725136,0.0,0.34552684
0.25241682,0.0,0.32283697
0.53009903,0.0,0.26793826
0.80896336,0.0,0.03998375
0.34128729,0.0,0.51534176
0.7587815,0.0,0.18035533
0.6710649,0.0,0.111953646
0.7664927,0.0,0.18850169
0.7256355,0.0,0.39126632
0.7445491,0.0,0.22236434
0.6691885,0.0,0.49519637
0.5817128,0.0,0.5560791
0.7997827,0.0,0.039515924
0.5980803,0.0,0.40757152
0.42751762,0.0,0.43390527
0.74175006,0.0,0.021098265
0.77148587,0.0,0.108966164
0.4697262,0.0,0.42613524
0.44482085,0.0,0.15629958
0.9197423,0.0,0.00021459078
0.35473102,0.0,0.5315568
0.620125,1.0,0.62169284
0.40972182,0.0,0.16868699
0.55247843,1.0,0.58956057
0.6535224,1.0,0.12380066
0.47234738,1.0,0.6675379
0.71923226,1.0,0.40329456
0.7569234,1.0,0.47085944
0.87941486,1.0,0.10206165
0.7968188,1.0,0.22464456
0.7928733,0.0,0.0002979842
0.7360581,1.0,0.1438265
0.7723636,1.0,0.27107242
0.66788024,0.0,0.0
0.94656515,0.0,0.0
0.4442139,1.0,0.47575203
0.8818855,0.0,0.16963385
0.7875023,0.0,0.0
0.88072,0.0,0.02934246
0.35906756,0.0,0.41556972
0.52485913,0.0,0.10111165
0.7316866,0.0,0.0
0.38089114,0.0,0.53458667
0.35646766,0.0,0.80126053
0.76266676,0.0,0.34431598
0.6631364,0.0,0.32978195
0.6833841,0.0,0.07755198
0.5603767,0.0,0.658884
0.38940963,0.0,0.80002296
0.7638458,0.0,0.15247469
0.71365935,0.0,0.11736186
0.86050385,0.0,0.037364364
0.60714614,0.0,0.015844349
0.81099457,0.0,0.0
0.695718,0.0,0.00039830382
0.7747031,0.0,0.0
0.78247166,0.0,0.0
0.7403245,0.0,0.0
0.8344173,0.0,0.0
0.6910461,0.0,0.012785212
0.6303735,0.0,0.32748517
0.9115395,0.0,0.16972739
0.74033993,1.0,0.5715401
0.6099312,1.0,0.6243355
0.7144246,1.0,0.5982107
0.82301277,1.0,0.07435182
0.58708453,0.0,0.2133536
0.6493574,0.0,0.44808426
0.7862765,1.0,0.3727382
0.699381,0.0,0.0
0.38262516,0.0,0.24687295
0.26601088,0.0,0.5591889
0.3909868,0.0,0.07735668
0.76511616,0.0,0.0
0.33354744,0.0,0.59794766
0.30584985,0.0,0.28055248
0.82625806,0.0,0.0
0.5919316,0.0,0.2872222
0.5628867,0.0,0.4679574
0.6931988,0.0,0.10714244
0.6453515,0.0,0.37872192
0.7749132,0.0,0.042498253
0.7758186,0.0,0.16995709
0.7861605,0.0,0.0
0.76545936,0.0,0.014922568
0.8256367,0.0,0.0
0.705188,0.0,0.0
0.6322725,0.0,0.019097283
0.79900247,0.0,0.0
0.61676556,0.0,0.34926388
0.5714372,0.0,0.55637413
0.8366336,0.0,0.18742123
0.6851826,0.0,0.39139867
0.6783859,0.0,0.3644178
0.6385275,0.0,0.42461756
0.71314764,0.0,0.054083705
0.91618276,0.0,0.0
0.4930795,0.0,0.1960692
0.7486739,0.0,0.45334256
0.894703,0.0,0.00073206215
0.86268336,0.0,0.016948996
0.45924914,0.0,0.29617047
0.8920376,0.0,0.29144374
0.36542976,0.0,0.59201294
0.31621385,0.0,0.6314837
0.60280025,0.0,0.17270817
0.52260756,0.0,0.103556946
0.85784805,0.0,0.1447636
0.8360999,0.0,0.2312949
0.8979712,0.0,0.17546685
0.6791814,0.0,0.5021547
0.88131106,0.0,0.44702828
0.8218714,0.0,0.6785138
0.9164304,0.0,0.59620714
0.44519573,0.0,0.3709575
0.64919484,0.0,0.026538463
0.8983975,0.0,0.118180215
0.43442178,0.0,0.55671483
0.6148582,0.0,0.1984208
0.7671129,0.0,0.0
0.77501065,0.0,0.1347187
0.559856,0.0,0.40927833
0.6319377,0.0,0.20947234
0.7639991,0.0,0.004799722
0.82672226,0.0,0.40001515
0.6104312,0.0,0.705785
0.33315027,0.0,0.20733634
0.8717934,0.0,0.20218351
0.7789203,0.0,0.52515644
0.7390071,1.0,0.20600334
0.6960386,1.0,0.22684492
0.77684885,0.0,0.0046967333
0.7333791,1.0,0.12633601
0.6515801,0.0,0.010001079
0.70871615,0.0,0.09706325
0.7365621,0.0,0.019472789
0.7352851,0.0,0.25570217
0.61995214,0.0,0.3197104
0.7619843,0.0,0.55716777
0.8021901,0.0,0.40545925
0.82696223,0.0,0.0
0.73585206,0.0,0.26541898
0.6861997,0.0,0.036157694
0.78251487,0.0,0.0014402554
0.6993261,0.0,0.057071984
0.54695076,0.0,0.39476785
0.7818633,0.0,0.014297508
0.7521136,0.0,0.007150926
0.55154645,0.0,0.2647792
0.566478,0.0,0.15333258
0.7898152,0.0,0.4742519
0.76310647,0.0,0.20941183
0.7583078,0.0,0.60725605
0.82608724,1.0,0.6786499
0.8277068,1.0,0.6126836
0.7125223,1.0,0.34797502
0.78913736,1.0,0.3849994
0.7725632,1.0,0.096887805
0.528446,1.0,0.49259683
0.8390576,0.0,0.13632976
0.8389786,0.0,0.5860283
0.5926334,0.0,0.63369584
0.83549494,0.0,0.088031776
0.6977552,1.0,0.36703795
0.87542987,0.0,0.0
0.6708688,1.0,0.2563769
0.6198828,0.0,0.025075046
0.6960635,1.0,0.33838817
0.7840905,1.0,0.07545581
0.79506135,1.0,0.4866696
0.6554415,1.0,0.29263496
0.82588583,1.0,0.30930066
0.793706,0.0,0.42383108
0.7802284,0.0,0.43414015
0.63029665,0.0,0.53214025
0.83070797,0.0,0.32867685
0.45341444,0.0,0.0
0.8105185,1.0,0.09840183
0.6063572,0.0,0.003464071
0.82366353,1.0,0.047147885
0.75366074,0.0,0.0015268996
0.82584834,1.0,0.33273736
0.77574444,1.0,0.06903557
0.6503755,1.0,0.3679026
0.83299494,1.0,0.46220836
0.71428967,1.0,0.81886023
0.7527772,0.0,0.4935987
0.7312319,0.0,0.14943781
0.7543195,0.0,0.0065135914
0.79702353,0.0,0.024717983
0.5420011,0.0,0.4327896
0.839192,0.0,0.0
0.75749826,0.0,0.0
0.7469925,0.0,0.28730348
0.8419253,1.0,0.45557883
0.732144,0.0,0.043583278
0.83093107,0.0,0.0022116473
0.76850593,0.0,0.30327123
0.74845815,0.0,0.40562347
0.8704112,0.0,0.026245447
0.76193464,0.0,0.067363776
0.745058,0.0,0.4555234
0.6999568,0.0,0.14236754
0.60157275,0.0,0.5758921
0.62602353,0.0,0.035566825
0.4859418,0.0,0.8046292
0.59240884,0.0,0.40750715
0.6383636,0.0,0.25407836
0.71713525,0.0,0.5434158
0.5958022,0.0,0.40732965
0.7546846,0.0,0.12934774
0.7795528,0.0,0.05755203
0.6332009,0.0,0.4756495
0.5950685,0.0,0.46053725
0.51798713,0.0,0.5310018
0.7444275,0.0,0.019462312
0.6878774,0.0,0.3504909
0.8622253,0.0,0.031118855
0.47055066,0.0,0.34774098
0.8719371,0.0,0.03913985
0.5787243,1.0,0.3389697
0.6578367,0.0,0.0042305784
0.5326449,1.0,0.26335797
0.73866355,1.0,0.34393448
0.67640096,0.0,0.0
0.7919957,0.0,0.24500135
0.6518148,0.0,0.012146227
0.5752438,0.0,0.77860343
0.7208725,0.0,0.4960608
0.86635405,0.0,0.14108965
0.7510106,0.0,0.29689148
0.61555225,0.0,0.509071
0.8004955,0.0,0.087948635
0.8350835,0.0,0.0
0.605065,0.0,0.19986323
0.85133696,0.0,0.43075415
0.8431039,0.0,0.0
0.8851,0.0,0.0
0.35983002,0.0,0.40280977
0.80665076,0.0,0.3928231
0.8482003,0.0,0.14547835
0.61213654,0.0,0.5639647
0.71326447,0.0,0.03530915
0.50513947,0.0,0.63881946
0.70994073,0.0,0.092669815
0.69311976,0.0,0.38634402
0.7768274,0.0,0.098742425
0.72371364,0.0,0.45673358
0.806644,0.0,0.40236732
0.7553508,1.0,0.48158938
0.8849892,1.0,0.51630384
0.7722,1.0,0.3786694
0.81545573,0.0,0.040588424
0.82241774,0.0,0.07620005
0.7205658,0.0,0.0
0.6479667,0.0,0.24335413
0.8317693,0.0,0.019147312
0.349827,0.0,0.38465253
0.6692181,0.0,0.13217053
0.7749609,0.0,0.43565145
0.4822255,0.0,0.09793091
0.8841257,0.0,0.27704418
0.7316274,0.0,0.04839967
0.8768662,0.0,0.1796443
0.69540584,0.0,0.10155157
0.8280846,0.0,0.012307917
0.83123267,0.0,0.0001373348
0.73510474,0.0,0.0595771
0.74274343,0.0,0.028696422
0.80601,0.0,0.0011150278
0.7987421,0.0,0.069972716
0.657298,0.0,0.083382465
0.8805521,0.0,0.0
0.74596584,0.0,0.0027807988
0.84545434,0.0,0.29500738
0.7052405,0.0,0.2795008
0.8113084,0.0,0.027052393
0.7141306,0.0,0.5343169
0.7314051,0.0,0.7892976
0.70061,0.0,0.4867813
0.57672685,0.0,0.49459863
0.7495414,0.0,0.12416414
0.71045566,0.0,0.66799796
0.5723374,0.0,0.47029015
0.55935204,0.0,0.12897865
0.80300266,0.0,0.043263517
0.7684285,0.0,0.55879027
0.7094362,0.0,0.68702745
0.69691867,0.0,0.06769889
0.7273552,0.0,0.12531821
0.51606655,0.0,0.612211
0.66172683,0.0,0.6121245
0.5191865,0.0,0.028048044
0.74561375,0.0,0.6600711
0.7157704,0.0,0.13182828
0.6307869,0.0,0.2921755
0.48783818,0.0,0.5885557
0.6302359,0.0,0.45675558
0.5859875,0.0,0.07707355
0.5976494,0.0,0.53483635
0.61283356,0.0,0.4600668
0.4349589,0.0,0.3133389
0.3078674,0.0,0.417662
0.643512,0.0,0.024883138
0.6628693,0.0,0.3331595
0.41263756,0.0,0.35458463
0.24796405,0.0,0.09663953
0.6131708,0.0,0.0
0.42901886,0.0,0.3439729
0.30473527,0.0,0.40394467
0.84417766,0.0,0.0
0.6751357,0.0,0.12360801
0.6305971,0.0,0.5509112
0.463425,0.0,0.5558273
0.80307674,0.0,0.029784348
0.695542,0.0,0.5863978
0.7572002,0.0,0.08677908
0.87452316,0.0,0.4167594
0.55405813,0.0,0.0009433978
0.47400817,0.0,0.0
0.37344065,0.0,0.0
0.575088,0.0,0.018812349
0.64975375,0.0,0.0
0.47790155,0.0,0.06649278
0.41417643,0.0,0.16322103
0.5218349,0.0,0.11700425
0.38739905,0.0,0.62633973
0.46774662,0.0,0.4691279
0.4931339,0.0,0.19748224
0.5412947,0.0,0.46150708
0.7748998,0.0,0.40803525
0.638585,0.0,0.16484639
0.86068934,0.0,0.07408277
0.54437745,0.0,0.40036118
0.37350804,0.0,0.18844841
0.8040309,0.0,0.26334232
0.47031248,0.0,0.13291377
0.5128164,0.0,0.6378437
0.6299478,0.0,0.24721283
0.72349244,0.0,0.4623618
0.69460315,0.0,0.0014202622
0.3983349,0.0,0.02743532
0.6825003,0.0,0.009987754
0.24608986,0.0,0.0009966722
0.780875,1.0,0.07745558
0.5970988,0.0,0.00011384324
0.4842113,0.0,0.0005915062
0.5571357,0.0,0.0
0.2422664,0.0,0.0
0.31547147,0.0,0.0060458523
0.7581101,0.0,0.0
0.7984702,0.0,0.0
0.57531625,0.0,0.0
0.69287425,0.0,0.027199943
0.617315,0.0,0.00017367833
0.85656714,0.0,0.0053764093
0.6980496,0.0,0.21670564
0.7260623,0.0,0.24883121
0.48581558,0.0,0.24129036
0.76255476,0.0,0.31530026
0.6672035,0.0,0.57325345
0.41563088,0.0,0.6270637
0.52264166,0.0,0.502269
0.5988623,0.0,0.038374342
0.26745486,0.0,0.4567881
0.7394699,0.0,0.162226
0.37393934,0.0,0.59056383
0.5222956,0.0,0.34538817
0.42851815,0.0,0.41042683
0.75652164,0.0,0.112718835
0.17141093,0.0,0.55339533
0.5382126,0.0,0.043534286
0.6393762,1.0,0.55243987
0.33865398,1.0,0.53491277
0.23043011,1.0,0.6549659
0.51825964,1.0,0.36112392
0.7612405,1.0,0.20577131
0.49718317,1.0,0.30615684
0.43726075,1.0,0.56464106
0.5333693,1.0,0.47823873
0.9162576,1.0,0.0459825
0.5165045,1.0,0.24910313
0.7864001,1.0,0.21523117
0.9559641,0.0,0.0
0.458538,1.0,0.43328488
0.33868122,1.0,0.6557332
0.58991,1.0,0.22789411
0.48620987,0.0,0.2856792
0.38027045,1.0,0.7875656
0.3313403,0.0,0.39921388
0.8404161,0.0,0.013433883
0.48336253,0.0,0.010172701
0.8405151,0.0,0.18891257
0.4880096,0.0,0.0
0.5137804,0.0,0.10827307
0.48717842,0.0,0.3795607
0.81194365,0.0,0.0
0.83795244,0.0,0.0
0.6985051,0.0,0.24980405
0.51313424,0.0,0.0279737
0.77926236,0.0,0.0
0.5956783,0.0,0.0
0.747311,0.0,0.07697757
0.43773445,1.0,0.321015
0.7806026,1.0,0.106017984
0.83503443,0.0,0.0
0.7576574,1.0,0.07472225
0.7759661,0.0,0.012730518
0.83434457,0.0,0.0
0.8440515,0.0,0.0
0.8896428,0.0,0.10096266
0.74129325,0.0,0.15398085
0.899843,0.0,0.0
0.7805494,0.0,0.0
0.4600804,0.0,0.47288728
0.7500992,0.0,0.18911964
0.6107958,0.0,0.12175759
0.54193187,0.0,0.48862684
0.58906054,0.0,0.06288131
0.44936812,0.0,0.07603056
0.57764804,0.0,0.6163971
0.57483345,0.0,0.18588135
0.661893,0.0,0.0065038134
0.7291689,0.0,0.14377326
0.7078165,0.0,0.3968081
0.5878284,0.0,0.09762643
0.52489936,0.0,0.005803513
0.6750562,0.0,0.32766765
0.3126966,0.0,0.6669681
0.42764238,0.0,0.046732545
0.3618621,0.0,0.41955024
0.7599462,0.0,0.035651688
0.31564045,0.0,0.5736476
0.49769467,0.0,0.44142023
0.7364226,0.0,0.004225565
0.84592676,0.0,0.28127638
0.801527,0.0,0.02202405
0.89816725,0.0,0.2726607
0.8100906,0.0,0.12649538
0.68521446,0.0,0.34586242
0.77210885,0.0,0.012565928
0.7339278,1.0,0.24812394
0.53072935,1.0,0.4560473
0.88134867,0.0,0.008477724
0.8286053,1.0,0.11337082
0.640224,1.0,0.27972445
0.58985865,0.0,0.07372068
0.5369327,0.0,0.30301684
0.34709308,0.0,0.5685911
0.41242024,0.0,0.75132704
0.6922423,0.0,0.1546574
0.5353561,0.0,0.16692267
0.86705714,0.0,0.33317667
0.6386461,0.0,0.0030808502
0.757236,0.0,0.0047957227
0.40307832,0.0,0.0026793755
0.49967858,0.0,0.03564905
0.36016998,0.0,0.0
0.5345888,0.0,0.24144398
0.42229363,0.0,0.105200805
0.42628306,0.0,0.0013597116
0.6051821,0.0,0.0
0.6598375,0.0,0.2769362
0.8182935,0.0,0.0044722143
0.87073404,0.0,0.011298133
0.7274608,0.0,0.23992863
0.65930986,0.0,0.18574412
0.9249056,0.0,0.0022779151
0.91265357,0.0,0.07579632
0.81016815,0.0,0.28019786
0.84899867,0.0,0.30087304
0.38263017,0.0,0.6944005
0.84831554,0.0,0.44056848
0.7044247,0.0,0.02335012
0.5086995,0.0,0.31579763
0.36910042,0.0,0.42244655
0.25340852,0.0,0.7162987
0.68984556,0.0,0.041410092
0.48880196,0.0,0.11797847
0.6969159,0.0,0.6126012
0.44630522,0.0,0.23423555
0.8436996,0.0,3.7932765e-05
0.76561826,0.0,0.30507034
0.38087606,0.0,0.3756085
0.49146375,0.0,0.04899806
0.7473137,0.0,0.0027182852
0.58046573,0.0,0.2565204
0.49244064,0.0,0.23909566
0.46777952,0.0,0.0049371757
0.583808,1.0,0.48875406
0.6704257,1.0,0.4551816
0.83551747,0.0,0.07614828
0.54272723,0.0,0.0010927214
0.24636228,1.0,0.42576522
0.8749224,0.0,0.55627763
0.73643786,0.0,0.16761322
0.6820124,0.0,0.3725219
0.5283234,0.0,0.5521467
0.2911118,0.0,0.65850097
0.6359948,0.0,0.14564146
0.29123443,0.0,0.4230146
0.4598115,0.0,0.8356506
0.4001092,0.0,0.28152493
0.56516534,0.0,0.12875868
0.6329436,0.0,0.18297601
0.5383632,0.0,0.06061959
0.678057,0.0,0.0
0.7105336,0.0,0.0015454063
0.6282392,0.0,0.0019277731
0.84155,1.0,0.056466695
0.84318084,1.0,0.036599763
0.92006934,1.0,0.37569487
0.69633305,1.0,0.18873289
0.24712905,1.0,0.43608856
0.51070154,0.0,0.3676562
0.5228545,0.0,0.08550111
0.8124507,0.0,0.002458711
0.7221653,1.0,0.12448542
0.77244025,0.0,0.008731655
0.68650466,0.0,0.088169105
0.5382375,0.0,0.0
0.6902239,0.0,0.044877704
0.59694207,0.0,0.007790899
0.67841744,0.0,0.060353253
0.7103364,0.0,0.0
0.47562525,0.0,0.18162753
0.34336424,0.0,0.6914421
0.4235843,0.0,0.56147
0.44658405,0.0,0.5271449
0.40889737,0.0,0.12688673
0.38771456,0.0,0.19736464
0.7522563,0.0,0.030462608
0.72808963,0.0,0.00076989376
0.6752212,0.0,0.04976491
0.7992155,0.0,0.0
0.6895005,0.0,0.018741315
0.80374885,0.0,0.0011533113
0.80747503,0.0,0.0039549
0.85148865,0.0,0.06521563
0.39653286,0.0,0.29349738
0.853948,0.0,0.024954563
0.74144816,0.0,0.78435427
0.897042,0.0,0.1697914
0.81818014,0.0,0.34255597
0.5705279,1.0,0.4879494
0.4577034,0.0,0.40752885
0.50273895,0.0,0.41065666
0.79255146,0.0,0.071536265
0.7026347,1.0,0.28710654
0.4026147,0.0,0.506288
0.7622218,0.0,0.090103194
0.81219584,0.0,0.11755169
0.5863221,0.0,0.43304324
0.6245845,0.0,0.20659429
0.8417201,0.0,0.0
0.84779,0.0,0.16145703
0.72281986,0.0,0.28309268
0.77910525,0.0,0.0
0.84662956,0.0,0.004877698
0.7378172,0.0,0.19073322
0.3659225,0.0,0.4559768
0.38406804,0.0,0.22049896
0.8424537,0.0,0.055142798
0.5227562,0.0,0.70282143
0.5676011,0.0,0.34618214
0.8161691,0.0,0.912636
0.6139503,0.0,0.2468158
0.64290845,0.0,0.31103036
0.5915518,0.0,0.58511764
0.75712746,0.0,0.32698014
0.73615533,0.0,0.36393076
0.5714553,0.0,0.25777775
0.82245547,0.0,0.009619588
0.85925806,0.0,0.00344513
0.7229855,0.0,0.0
0.8567992,0.0,0.0
0.6829439,0.0,0.008800227
0.8129509,0.0,0.0
0.906955,0.0,0.25234646
0.88010293,0.0,0.26192802
0.520782,0.0,0.5942645
0.8433642,0.0,0.5479368
0.72500765,0.0,0.0005380969
0.43548742,0.0,0.17895013
0.58249044,0.0,0.30633464
0.7684272,0.0,0.004553889
0.52115357,0.0,0.29770628
0.37158772,0.0,0.28559905
0.89770365,0.0,0.00036758807
0.7178942,0.0,0.0397131
0.7264971,0.0,0.43468362
0.79537,0.0,0.24424048
0.4267422,0.0,0.5168245
0.51448274,0.0,0.17186263
0.60137784,0.0,0.035650726
0.88362575,0.0,0.26463726
0.61873233,0.0,0.016574223
0.47638434,0.0,0.0
0.84166276,0.0,0.013187303
0.73805165,0.0,0.00060069456
0.92236793,0.0,0.0
0.8941812,0.0,0.028747713
0.89611644,0.0,0.0038762954
0.77933466,0.0,0.18892756
0.7022408,0.0,0.3070697
0.8041329,0.0,0.023935271
0.71645254,0.0,0.09436835
0.8490116,0.0,0.5591828
0.48886794,0.0,0.33056808
0.5851404,0.0,0.42187852
0.528937,0.0,0.6691725
0.6666427,0.0,0.21319838
0.4583453,0.0,0.38752434
0.7198032,0.0,0.13919199
0.617912,0.0,0.26040083
0.808094,0.0,0.036299646
0.86815107,0.0,0.23621479
0.6888716,0.0,0.62160003
0.6372396,0.0,0.086011305
0.8343553,0.0,0.48199284
0.84713405,0.0,0.41541916
0.65467167,0.0,0.6592835
0.69586706,0.0,0.30130532
0.64387995,0.0,0.021039309
0.63176584,0.0,0.07931768
0.52814263,0.0,0.411622
0.31599057,0.0,0.02558034
0.75320405,0.0,0.0
0.40233216,0.0,0.39377514
0.31082627,0.0,0.20217629
0.756095,0.0,0.0
0.5188313,0.0,0.22013515
0.78700525,0.0,0.5505091
0.4656841,0.0,0.5645199
0.55599767,0.0,0.56998914
0.4764156,0.0,0.07812072
0.7911889,0.0,0.17546675
0.43881974,0.0,0.0
0.6976977,0.0,0.018527692
0.5673161,0.0,0.0004890125
0.7478002,0.0,0.0
0.71870893,0.0,0.0
0.6755405,0.0,0.0019070443
0.7194243,0.0,0.015570088
0.733457,0.0,0.36816132
0.83738446,0.0,0.35933733
0.8333001,0.0,0.72069436
0.79619265,0.0,0.37976104
0.5552072,0.0,0.053897902
0.74222285,0.0,0.29597917
0.86596364,0.0,2.3365565e-05
0.3979402,0.0,0.38150185
0.88266474,0.0,0.2548461
0.6351054,0.0,0.42823777
0.6783441,0.0,0.5390775
0.7505125,0.0,0.0057103774
0.83168715,0.0,0.0
0.68689436,0.0,0.29785785
0.63642794,0.0,0.28476363
0.8962104,0.0,0.0011089594
0.6824126,0.0,0.04524959
0.8528897,0.0,0.3558212
0.6409826,0.0,0.17155324
0.8719974,0.0,0.00087444345
0.669909,0.0,0.19763888
0.7852754,0.0,0.12627219
0.93812084,0.0,0.014961347
0.92369694,0.0,0.018770173
0.9196051,0.0,0.01876845
0.72586244,0.0,0.28692427
0.4368901,0.0,0.080910176
0.72391146,0.0,0.6851584
0.63896704,0.0,0.47501433
0.5566825,0.0,0.9235179
0.6482768,0.0,0.55231744
0.3966554,0.0,0.19766718
0.28323054,0.0,0.6784935
0.8332679,0.0,0.22369711
0.38905877,0.0,0.352769
0.898755,0.0,0.04264445
0.76460755,0.0,0.35678825
0.45245174,0.0,0.5728574
0.8400113,0.0,0.015993135
0.5590334,0.0,0.26536262
0.8664549,0.0,0.0054488024
0.54812306,0.0,0.07306399
0.38015264,0.0,0.0
0.4993672,0.0,0.0
0.64794594,0.0,0.0003909551
0.6439965,0.0,0.0143750785
0.6144547,0.0,0.0
0.8367461,0.0,0.0576077
0.5846749,0.0,0.1641487
0.7848799,0.0,0.3366744
0.53684646,0.0,0.31633458
0.81817853,0.0,0.4264679
0.8892352,0.0,0.6492301
0.90956944,0.0,0.40543658
0.5274778,0.0,0.013668912
0.8651411,0.0,0.21367896
0.73873633,0.0,0.0017564263
0.50311065,0.0,0.12809123
0.507578,0.0,0.20241886
0.6881682,0.0,0.0
0.7961295,0.0,0.0
0.6516261,0.0,0.36350068
0.69706684,0.0,0.19874562
0.73264104,0.0,0.005065138
0.7181733,0.0,0.18062167
0.51575315,0.0,0.5272726
0.5078041,0.0,0.21286549
0.68942153,0.0,0.25785258
0.41122803,0.0,0.29687363
0.7209465,0.0,0.6512537
0.7198773,0.0,0.8086644
0.681681,0.0,0.391135
0.5783217,0.0,0.8857366
0.5941939,0.0,0.36246246
0.55150634,0.0,0.24278459
0.783849,0.0,0.26760754
0.8989563,0.0,0.023660604
0.68474007,0.0,0.095915616
0.84920025,0.0,0.017781405
0.82798326,0.0,0.03316316
0.8527037,0.0,0.030453399
0.86914206,0.0,0.010665747
0.7737445,0.0,0.037668686
0.7431998,0.0,0.33231473
0.81031156,0.0,0.0012015277
0.6660588,0.0,0.28193453
0.7384076,0.0,0.28228706
0.7190293,0.0,0.64752626
0.8912113,0.0,0.16205226
0.83516073,0.0,0.44285342
0.8815378,0.0,0.49199602
0.6503308,0.0,0.027057206
0.86159813,0.0,0.095869124
0.7613755,0.0,0.18085569
0.8066405,0.0,0.35532886
0.91637814,0.0,0.01581903
0.8960856,0.0,0.01970464
0.83956194,0.0,0.6136888
0.7035817,0.0,0.28014827
0.46501148,0.0,0.36241764
0.8037169,0.0,0.3098646
0.8626399,0.0,0.022829395
0.8360135,0.0,0.15663894
0.86188793,0.0,0.09830248
0.69027746,0.0,0.005572521
0.33927476,0.0,0.009580487
0.57036054,0.0,0.006681971
0.72270304,0.0,0.012218198
0.8196845,0.0,0.0035421231
0.6269572,0.0,0.082581945
0.8606996,0.0,0.10567099
0.8486665,0.0,0.64057404
0.66805285,0.0,0.20106576
0.6057248,1.0,0.6713073
0.6999619,1.0,0.5951901
0.66741437,0.0,0.09628836
0.8499246,1.0,0.045856524
0.77792615,1.0,0.13472024
0.78475076,1.0,0.5350185
0.727843,1.0,0.4966401
0.6398131,1.0,0.29017413
0.82541996,0.0,0.047317676
0.6013986,1.0,0.3777034
0.47722393,1.0,0.28067416
0.67463225,0.0,0.050809216
0.5964142,0.0,0.005439097
0.48448172,1.0,0.32990745
0.39269248,0.0,0.46418276
0.67003363,0.0,0.0007933766
0.8004149,0.0,0.028230764
0.5784671,0.0,0.5897575
0.8322286,0.0,0.33126426
0.82355577,0.0,0.14435484
0.44396976,0.0,0.66668105
0.75803953,0.0,0.6378711
0.6682917,0.0,0.029084979
0.8265156,0.0,0.4565027
0.8357773,0.0,0.0
0.8273681,0.0,0.013563798
0.6317132,0.0,0.0056668026
0.76467216,0.0,0.0
0.872295,0.0,0.007138909
0.88226765,0.0,0.043454807
0.93922454,0.0,0.0
0.8111029,0.0,0.1513082
0.60075307,1.0,0.29768175
0.7642666,1.0,0.70796114
0.86279213,1.0,0.22804342
0.63694245,1.0,0.7470775
0.63354325,0.0,0.07258548
0.6426897,1.0,0.23728317
0.5975824,0.0,0.078419246
0.61736935,1.0,0.4176469
0.7768294,1.0,0.09703073
0.58258736,1.0,0.5641213
0.694318,1.0,0.47455683
0.8255507,0.0,0.0
0.6836463,1.0,0.4299514
0.7325231,1.0,0.5806416
0.85589904,1.0,0.2456918
0.82617015,0.0,0.06079829
0.8905708,0.0,0.036093727
0.6857486,0.0,0.3385737
0.5964094,1.0,0.22630073
0.89847344,0.0,0.0009500877
0.62567437,0.0,0.091593646
0.3542225,0.0,0.58949155
0.8188951,0.0,0.25136515
0.5234817,0.0,0.61322093
0.53467524,0.0,0.10874945
0.74557436,0.0,0.035850372
0.5364305,0.0,0.023809118
0.60650754,0.0,0.0
0.6157899,0.0,0.009200495
0.554094,0.0,0.0
0.7524069,0.0,0.0
0.56139266,0.0,0.10761831
0.6803258,0.0,0.022717327
0.3681656,0.0,0.060394056
0.85864156,0.0,0.19872491
0.6515999,0.0,0.22742906
0.810756,0.0,0.017370977
0.50911045,0.0,0.36522734
0.7003609,0.0,0.5216363
0.7729613,0.0,0.24123521
0.5554034,0.0,0.48934427
0.77562577,0.0,0.022790466
0.67215914,0.0,0.012326058
0.66972786,0.0,0.3013242
0.78079885,1.0,0.46361384
0.82393456,0.0,0.0
0.4084099,0.0,0.22606742
0.5024661,1.0,0.51665896
0.7416847,1.0,0.14181358
0.8707969,0.0,0.0072923237
0.6172509,0.0,1.0
0.55746514,0.0,0.76299274
0.66766727,0.0,0.49159017
0.5102256,0.0,0.59511065
0.5855169,0.0,0.6756217
0.5390584,0.0,0.7152031
0.52432877,0.0,0.56849104
0.47609526,1.0,0.58944017
0.55585825,1.0,0.26335615
0.73022085,0.0,0.26211172
0.7077877,1.0,0.3729111
0.72688156,0.0,0.41476968
0.52686334,1.0,0.6783576
0.77864057,0.0,0.113230586
0.49140722,1.0,0.6114179
0.64434654,0.0,0.35032958
0.8575077,0.0,0.0032129597
0.45749375,0.0,0.15599445
0.8237791,1.0,0.017768828
0.78941596,1.0,0.35350165
0.86503327,1.0,0.29184225
0.82486165,0.0,0.015616362
0.5898158,0.0,0.14679298
0.74301654,0.0,0.10488795
0.69144917,0.0,0.0
0.59550506,0.0,0.19308197
0.6732593,0.0,0.040313642
0.83100784,0.0,0.064592466
0.5401472,0.0,0.63847613
0.83469135,0.0,0.39670753
0.7228011,0.0,0.3801352
0.6134233,0.0,0.7950873
0.62947285,0.0,0.60772866
0.70688546,0.0,0.25404912
0.5142911,0.0,0.2208333
0.5520499,0.0,0.36594212
0.46079668,0.0,0.48563895
0.7080367,0.0,0.0888674
0.84514767,0.0,0.06424854
0.8277496,0.0,0.15096489
0.81494904,0.0,0.047562256
0.7971338,0.0,0.028762186
0.85770684,0.0,0.051072706
0.7541661,0.0,0.1677897
0.85331076,0.0,2.324152e-06
0.7149616,0.0,0.13287513
0.4757279,0.0,0.2737986
0.7559301,0.0,0.1135182
0.7593793,0.0,0.06932738
0.8890695,0.0,0.13878837
0.67516303,0.0,0.0
0.7504276,0.0,0.0
0.8209911,0.0,0.0
0.7921492,0.0,0.009915744
0.70127153,0.0,0.15650803
0.841338,0.0,0.8571572
0.7728148,0.0,0.37160158
0.73137856,0.0,0.040819757
0.7447524,0.0,0.0
0.5764987,0.0,0.012678459
0.6786116,0.0,0.038700394
0.74854016,0.0,0.001567334
0.6526505,0.0,0.2968377
0.85185856,0.0,0.004772762
0.36004338,0.0,0.6586352
0.7002232,0.0,0.32185712
0.7006858,0.0,0.0
0.5130506,0.0,0.12660569
0.53187656,0.0,0.2848178
0.53063935,0.0,0.19998571
0.5339087,0.0,0.13995144
0.5387661,0.0,0.6265007
0.572925,0.0,0.54488665
0.4408926,0.0,0.78126603
0.4466421,0.0,0.26722494
0.5482841,1.0,0.3293375
0.5155975,1.0,0.47513005
0.5006694,1.0,0.59388375
0.3786111,1.0,0.502581
0.52151346,0.0,0.37231416
0.59026694,0.0,0.28657427
0.5201385,0.0,0.603294
0.46103606,0.0,0.33904052
0.71684164,0.0,0.22925647
0.37401077,0.0,0.699708
0.77361476,0.0,0.26020566
0.7603102,0.0,0.26941496
0.64227474,0.0,0.37154093
0.8203436,0.0,0.02228792
0.6225748,0.0,0.6002567
0.80980724,0.0,0.12961918
0.5349845,0.0,0.48773965
0.8121934,0.0,0.17580807
0.66820246,0.0,0.60563964
0.81790566,0.0,0.06987617
0.6519338,0.0,0.08138792
0.80933106,0.0,0.05674076
0.9165727,0.0,0.017311228
0.88927484,0.0,0.10042676
0.72532064,0.0,0.13506609
0.89054954,0.0,0.0072176047
0.83513093,0.0,0.24925636
0.66474307,0.0,0.19914341
0.80494124,0.0,0.069977045
0.70610136,0.0,0.16939536
0.8863512,0.0,0.021785302
0.858618,0.0,0.0
0.88998294,0.0,0.0006657614
0.7614982,0.0,0.0
0.7043089,0.0,0.00068864075
0.8930243,0.0,0.0
0.72192013,0.0,0.19058834
0.88278556,0.0,0.0057235123
0.7454151,0.0,0.70120335
0.5142469,0.0,0.635219
0.6800139,0.0,0.49806944
0.592086,0.0,0.053298447
0.7765143,0.0,0.0
0.83598053,0.0,0.07126066
0.7667135,0.0,0.0
0.8747475,0.0,0.0
0.825891,0.0,0.0
0.89901865,0.0,0.0002537965
0.7254455,0.0,0.0045075943
0.7748593,0.0,0.0
0.67676777,0.0,0.08874305
0.8239583,0.0,0.028929112
0.78248334,0.0,0.07558357
0.6772273,0.0,0.32247314
0.5217561,0.0,0.112319075
0.4873654,0.0,0.7600538
0.69017506,0.0,0.7286447
0.49926347,0.0,0.23353876
0.46299356,0.0,0.8192506
0.4279023,0.0,0.49820852
0.50981957,0.0,0.08712762
0.5294156,0.0,0.52435696
0.646001,0.0,0.053252406
0.87519896,0.0,0.024348559
0.8761868,0.0,0.118131526
0.8152668,0.0,0.4053772
0.590253,0.0,0.14359908
0.39358371,0.0,0.476877
0.76128685,0.0,0.07122047
0.6969716,0.0,0.6650303
0.4790489,0.0,0.32343686
0.5183784,0.0,0.46134326
0.8708971,0.0,0.62073296
0.7281495,0.0,0.23114708
0.6887299,0.0,0.0
0.5804978,0.0,0.088220246
0.6474709,0.0,0.015531555
0.5943614,0.0,0.16393712
0.83699054,0.0,0.036182314
0.83915836,0.0,0.018198667
0.26116028,0.0,0.26464197
0.60867083,0.0,0.07018574
0.7609869,0.0,0.0011723507
0.60554856,0.0,0.36417422
0.84912246,0.0,0.41075364
0.8182732,0.0,0.31808668
0.8638814,0.0,0.38046062
0.7733874,0.0,0.15382923
0.72190607,0.0,0.15218236
0.79309976,0.0,0.0
0.80836976,0.0,0.0
0.78957736,0.0,0.0073731234
0.82725215,0.0,0.0
0.7996047,0.0,0.043643147
0.89456606,0.0,0.39643344
0.8840363,0.0,0.25398242
0.75911117,0.0,0.055867292
0.88320714,0.0,0.06702766
0.7597475,0.0,0.012297341
0.7462788,0.0,0.12470758
0.6220381,0.0,0.0015615107
0.9083213,0.0,0.0012023227
0.5622979,0.0,0.28211135
0.50962114,0.0,0.022615468
0.8072318,0.0,0.28553146
0.47997344,0.0,0.50085294
0.85430276,0.0,0.3696
0.61182916,0.0,0.2212052
0.39240763,0.0,0.5376116
0.46078533,0.0,0.42997342
0.57033366,0.0,0.37088546
0.87395656,0.0,0.12338421
0.7729122,0.0,0.4511081
0.8103057,0.0,0.1325768
0.53417295,0.0,0.52404684
0.5085434,0.0,0.31202862
0.72269833,0.0,0.70110744
0.44175875,0.0,0.1753733
0.5695857,0.0,0.24161854
0.7877117,0.0,0.016099654
0.8117721,0.0,0.068080254
0.88150954,0.0,0.0
0.6997173,0.0,0.0
0.68385124,0.0,0.060455814
0.6226736,0.0,0.040289443
0.8841698,0.0,0.06782925
0.6030352,0.0,0.3164247
0.71416414,0.0,0.5593586
0.5915928,0.0,0.042593338
0.677922,0.0,0.6456032
0.63052654,0.0,0.18998525
0.76057017,0.0,0.0
0.89025724,0.0,0.0
0.700395,0.0,0.0
0.7705827,0.0,0.0
0.6138195,0.0,0.1216517
0.32981604,0.0,0.29256052
0.8416558,0.0,0.46259972
0.7534556,0.0,0.002157384
0.74283457,0.0,0.15058184
0.75600046,0.0,0.0038435445
0.49253204,0.0,0.035238776
0.42157453,0.0,0.039086007
0.901919,0.0,0.0555431
0.7696872,0.0,0.24772868
0.5069694,0.0,0.20240124
0.65009916,0.0,0.56815714
0.8983441,0.0,0.08555294
0.40914637,0.0,0.4748786
0.45815685,0.0,0.44953546
0.61151475,0.0,0.4611429
0.59393924,0.0,0.3175399
0.29876277,0.0,0.4418453
0.61607856,0.0,0.0070614917
0.25561884,0.0,0.32090035
0.6722491,0.0,0.21738462
0.5418368,0.0,0.006677614
0.45740983,0.0,0.7231851
0.6515506,0.0,0.38656864
0.6738851,0.0,0.14534163
0.41337276,0.0,0.46378118
0.7253434,0.0,0.7553244
0.46539524,0.0,0.5948719
0.46081975,0.0,0.56942266
0.56802356,0.0,0.5008344
0.63959974,0.0,0.11151359
0.6379858,0.0,0.15385173
0.7400179,0.0,0.0
0.85056984,0.0,0.0039255195
0.8794661,0.0,0.024959061
0.8225693,0.0,0.014213197
0.82640994,0.0,0.11147921
0.7908682,0.0,0.05107238
0.8241601,0.0,0.045429446
0.89494973,0.0,0.18411362
0.80196667,0.0,0.5050432
0.82361364,0.0,0.24011755
0.85189724,0.0,0.098622516
0.8468338,0.0,0.0
0.9265717,0.0,0.001479376
0.80007297,0.0,0.0
0.9144263,0.0,0.0
0.7041714,0.0,0.011016261
0.8680696,0.0,0.04182663
0.8730944,0.0,0.12297561
0.8346033,0.0,0.14521834
0.6830639,0.0,0.5928868
0.7031922,0.0,0.35499656
0.7602069,0.0,0.24827671
0.6679872,0.0,0.14680086
0.56596047,0.0,0.5884767
0.59861445,0.0,0.4203865
0.61841595,0.0,0.29762778
0.6274059,0.0,0.045537397
0.6598681,0.0,0.10921623
0.6310651,0.0,0.0027846426
0.62590826,0.0,0.0
0.676878,0.0,0.025896482
0.75572366,0.0,0.009368441
0.68805575,0.0,0.24026777
0.72303396,0.0,0.028825859
0.5644336,0.0,0.24137768
0.61176205,0.0,0.39225546
0.47505948,0.0,0.8814403
0.374652,0.0,0.54334253
0.43694514,0.0,0.3149993
0.4658317,0.0,0.85501933
0.48608303,0.0,0.46478748
0.49426347,0.0,0.6602945
0.47149748,0.0,0.2928067
0.5155056,0.0,0.39848998
0.8036634,0.0,0.11630898
0.472326,0.0,0.25658843
0.61695415,0.0,0.17678323
0.74979234,0.0,0.01739969
0.5268614,1.0,0.2800591
0.57527125,1.0,0.24288605
0.51174664,1.0,0.1400952
0.6625954,0.0,0.009400337
0.655253,1.0,0.5507916
0.72201735,0.0,0.22439891
0.85701144,1.0,0.38473254
0.6441408,0.0,0.111428164
0.7121097,0.0,0.43413925
0.42309594,0.0,0.4152821
0.60948765,0.0,0.008084778
0.33678073,0.0,0.34775212
0.48550534,0.0,0.04912919
0.50566214,0.0,0.06177724
0.76065975,0.0,0.022809476
0.8220537,0.0,0.066326715
0.8938244,0.0,0.14960419
0.9282647,0.0,0.20669822
0.7025249,0.0,0.2171634
0.63569564,0.0,0.010920398
0.33285263,0.0,0.52634954
0.3896057,0.0,0.4746453
0.58164203,0.0,0.08134235
0.6564753,0.0,0.20272598
0.8969266,0.0,0.0
0.58683527,0.0,0.0031188536
0.80834043,0.0,0.0218725
0.8636169,0.0,0.0061804256
0.8592806,0.0,0.012419286
0.91819173,0.0,0.01624212
0.7975976,0.0,0.01722265
0.86027837,0.0,0.012681361
0.9038262,0.0,0.006893793
0.5646874,1.0,0.14974773
0.6458079,1.0,0.20242615
0.5928419,0.0,0.07546432
0.8401077,0.0,0.077451535
0.6051948,0.0,0.0049162824
0.80548567,0.0,0.004864892
0.81370753,0.0,0.017043404
0.5632892,0.0,0.19661374
0.38599697,0.0,0.16456203
0.5239927,0.0,0.7617314
0.5256247,0.0,0.36862344
0.4395306,0.0,0.63277406
0.465826,0.0,0.45980465
0.52427197,0.0,0.3326597
0.5406038,0.0,0.04003354
0.47362846,0.0,0.0875966
0.6649227,0.0,0.053485453
0.533176,0.0,0.08072633
0.46335855,1.0,0.40006724
0.6747476,0.0,0.09493663
0.5388331,1.0,0.364663
0.63234156,1.0,0.5850756
0.77110845,1.0,0.7208512
0.6508495,0.0,0.07570701
0.67406714,1.0,0.40678686
0.60621923,0.0,0.0052758614
0.46785206,1.0,0.36866516
0.7655254,1.0,0.062441356
0.65824986,1.0,0.17472139
0.80998814,1.0,0.5354448
0.8596707,1.0,0.13720568
0.5772441,1.0,0.7670382
0.5409005,0.0,0.6985943
0.8492189,1.0,0.6382262
0.69263786,1.0,0.4448368
0.6508904,1.0,0.3558992
0.80366856,0.0,0.008337647
0.8866227,0.0,0.022225056
0.7220864,0.0,0.0053617936
0.8270164,0.0,0.097353026
0.7941566,0.0,0.0
0.8963288,0.0,0.14469506
0.7548508,0.0,0.08785626
0.7103615,0.0,0.07133798
0.767346,0.0,0.0036816185
0.7610981,0.0,0.16063231
0.8028647,0.0,0.046325676
0.5254628,0.0,0.049315877
0.26638484,0.0,0.389175
0.6005619,0.0,0.51459944
0.37341726,0.0,0.39352378
0.6123749,0.0,0.0055702496
0.3874678,0.0,0.3243325
0.48261937,0.0,0.21524267
0.89362836,0.0,0.33460367
0.40093634,0.0,0.82493585
0.56305224,0.0,0.6761866
0.55216104,0.0,0.4945935
0.7372481,0.0,0.39363807
0.72581637,0.0,0.18852891
0.42584658,0.0,0.6354024
0.74076337,0.0,0.2645561
0.8984694,0.0,0.06385076
0.74013233,0.0,0.04069147
0.8409766,0.0,0.0
0.7906946,0.0,0.0022838353
0.78980255,0.0,0.0
0.9089147,0.0,0.011061277
0.85715854,0.0,0.010866173
0.89670414,0.0,0.0040751863
0.66250795,0.0,0.03311015
0.65808797,0.0,0.07618314
0.8254911,0.0,0.05838678
0.7423772,0.0,0.013159822
0.8472827,0.0,0.0
0.84608316,0.0,0.014254615
0.78287375,0.0,0.0057791886
0.8961512,1.0,0.04420161
0.75366306,0.0,0.012200441
0.72919226,0.0,0.0039389348
0.84375876,0.0,0.08252995
0.8184051,0.0,0.102273755
0.31628874,0.0,0.43722957
0.65896606,0.0,0.14567667
0.31094515,0.0,0.78237087
0.52295685,0.0,0.6891174
0.7493224,0.0,0.29823422
0.43755832,0.0,0.7537223
0.5373711,0.0,0.5724155
0.39287886,0.0,0.09880812
0.3536023,0.0,0.18696237
0.3803264,0.0,0.40297487
0.71228784,0.0,0.5109524
0.5821229,0.0,0.39347234
0.2938145,0.0,0.37024176
0.5465635,0.0,0.8493854
0.5870162,0.0,0.19579157
0.2834854,0.0,0.48928785
0.4753195,0.0,0.3403504
0.45498216,0.0,0.67998856
0.5501211,0.0,0.49332097
0.47853678,0.0,0.13383193
0.6028204,0.0,0.12775484
0.39480528,0.0,0.44724026
0.40468013,0.0,0.22731258
0.40398344,0.0,0.6284042
0.5518404,0.0,0.7396918
0.49720022,0.0,0.5063459
0.51137066,0.0,0.715514
0.60128695,0.0,0.6300619
0.5728997,0.0,1.0
