gate_value,label,rsa
0.43379703,0.0,0.9624663
0.44914407,0.0,0.8089256
0.4452095,0.0,0.79119414
0.6250165,0.0,0.52181286
0.5703577,0.0,0.5372826
0.74379593,0.0,0.27713892
0.62900585,0.0,0.44998133
0.58871424,0.0,0.43965134
0.7592655,0.0,0.160719
0.821212,0.0,0.42981905
0.7989123,0.0,0.023962226
0.82604927,0.0,0.34508154
0.51767653,0.0,0.5318038
0.5002428,0.0,0.45832244
0.36086434,0.0,0.32220113
0.6349783,0.0,0.40448034
0.61091834,0.0,0.15239489
0.38663986,0.0,0.27658677
0.70706785,0.0,0.008953712
0.5779404,0.0,0.45450652
0.6962205,0.0,0.2133079
0.44573173,0.0,0.49251163
0.6426632,0.0,0.8098321
0.71650064,0.0,0.5468054
0.4071826,0.0,0.6838916
0.56026465,0.0,0.65104806
0.47596592,0.0,0.6836459
0.44883367,0.0,0.6894206
0.41242632,0.0,0.44226024
0.7732171,0.0,0.43345827
0.7378421,1.0,0.15949132
0.7682267,1.0,0.047703467
0.70501435,0.0,0.05613373
0.52089113,1.0,0.08900481
0.88729805,0.0,0.0013777926
0.6242731,1.0,0.1310607
0.48545173,0.0,0.1317052
0.457075,0.0,0.33212823
0.41023883,0.0,0.74422216
0.49152136,0.0,0.5154368
0.43429062,1.0,0.75709003
0.5143606,1.0,0.5253368
0.5370128,1.0,0.5008694
0.90014917,0.0,0.2736102
0.8830793,0.0,0.0070038293
0.8387828,1.0,0.05351279
0.7431801,0.0,0.07551768
0.7215647,1.0,0.2880056
0.41230127,0.0,0.4450708
0.52754575,0.0,0.8012437
0.5879477,1.0,0.47412145
0.6445412,0.0,0.6111903
0.7369793,0.0,0.3093853
0.7790448,0.0,0.34275252
0.5980864,0.0,0.39000753
0.7960149,0.0,0.38954303
0.4565386,0.0,0.5977303
0.8173955,0.0,0.46034533
0.89901024,0.0,0.21982348
0.9302739,0.0,0.034873303
0.61722565,0.0,0.19459295
0.8727978,0.0,0.0083217425
0.5284748,0.0,0.40068266
0.35367125,0.0,0.6517612
0.36690706,0.0,0.708087
0.77859944,0.0,0.12638797
0.8769445,0.0,0.17405787
0.84319687,0.0,0.0
0.2439713,0.0,0.2495956
0.553737,0.0,0.0
0.36554536,0.0,0.32341853
0.38958022,0.0,0.63100284
0.5213985,0.0,0.019043893
0.35273385,0.0,0.49133584
0.48438564,0.0,0.46980664
0.5334875,0.0,0.7491086
0.50352496,0.0,0.241809
0.6170068,0.0,0.15196672
0.5482279,0.0,0.20034578
0.5751531,0.0,0.31210908
0.91222304,0.0,0.012154404
0.5008309,1.0,0.3145396
0.8291807,0.0,0.0
0.49265587,0.0,0.014178133
0.88494474,0.0,0.08279789
0.82466143,1.0,0.17718127
0.84995955,1.0,0.11600234
0.26833636,1.0,0.23669942
0.4087001,1.0,0.7792398
0.8199289,1.0,0.33084956
0.5602894,1.0,0.55007833
0.39368668,1.0,0.47846347
0.73197144,0.0,0.4643987
0.7062589,0.0,0.16966817
0.66926986,1.0,0.40389943
0.52732533,0.0,0.2359074
0.6149414,0.0,0.21648611
0.75218165,0.0,0.024727518
0.37188947,0.0,0.10649408
0.8008753,0.0,0.00018071233
0.36591402,0.0,0.23920013
0.742276,0.0,0.14614147
0.41738874,0.0,0.33660543
0.38952127,0.0,0.7845317
0.5289665,0.0,1.0
0.5226792,0.0,0.5679186
0.5009742,0.0,0.114027575
0.3679517,0.0,0.86244816
0.5416647,0.0,0.32810304
0.59039557,0.0,0.1719101
0.6659274,0.0,0.5652577
0.60064566,0.0,0.92893285
0.5800597,0.0,0.317675
0.6496634,0.0,0.6770252
0.49231637,0.0,0.10897321
0.42456493,0.0,0.42956075
0.5325524,0.0,0.58765274
0.52520883,0.0,0.53899485
0.57511526,0.0,0.24872689
0.7231783,0.0,0.1936969
0.7098471,0.0,0.13752337
0.515554,0.0,0.15402633
0.6961817,0.0,0.09532572
0.7205243,0.0,0.381429
0.475604,0.0,0.13743412
0.6923496,0.0,0.04107702
0.63517416,0.0,0.06452044
0.42873192,0.0,0.29167876
0.6709131,0.0,0.51204777
0.52075136,1.0,0.4625786
0.587027,0.0,0.25237396
0.5556819,1.0,0.43061015
0.76105505,0.0,0.09911079
0.7616921,1.0,0.3911022
0.6964357,0.0,0.0009920696
0.7031753,1.0,0.18052663
0.8031544,0.0,0.2130148
0.5580502,1.0,0.4210343
0.7259658,0.0,0.00952022
0.479614,0.0,0.5303675
0.71233654,0.0,0.003321044
0.52928776,0.0,0.36329117
0.79529095,0.0,0.00034638456
0.5381993,0.0,0.17007025
0.8017432,0.0,0.10327244
0.62625825,0.0,0.2168791
0.5682124,0.0,0.6671845
0.41194326,0.0,0.29044977
0.24252763,0.0,0.6045981
0.41857725,0.0,0.7403727
0.4285827,0.0,0.21323003
0.65270793,0.0,0.18620154
0.57173735,0.0,0.50919205
0.71764207,0.0,0.04867146
0.6459249,0.0,0.4701788
0.4183662,0.0,0.5304652
0.8516553,0.0,0.02957219
0.8051385,1.0,0.25137284
0.85624635,0.0,0.0012537548
0.65613323,1.0,0.40443778
0.8393432,0.0,0.0065226764
0.91292346,1.0,0.3306802
0.8643995,0.0,0.007481868
0.6187307,1.0,0.32314426
0.71464676,0.0,0.18176062
0.500229,1.0,0.57638437
0.65100056,1.0,0.5396993
0.76109165,0.0,0.018499002
0.80671376,1.0,0.13929941
0.81813776,0.0,0.014898232
0.9211839,1.0,0.36372882
0.85369354,1.0,0.017587552
0.7582118,1.0,0.20220757
0.8011481,0.0,0.016486397
0.7254796,1.0,0.20698129
0.5605391,1.0,0.4838156
0.7935419,0.0,0.0063372
0.6101235,0.0,0.19667682
0.779508,0.0,0.23368026
0.560608,0.0,0.37204972
0.8236911,0.0,0.0033720396
0.723219,0.0,0.0
0.6453244,0.0,0.06438955
0.46758294,0.0,0.025851302
0.6705525,0.0,0.0072570015
0.6207107,0.0,0.022343338
0.5717779,0.0,0.007064969
0.8295811,0.0,0.00035837467
0.49989638,0.0,0.01634956
0.6603226,0.0,0.072478496
0.8525431,0.0,0.0070801834
0.78944725,0.0,0.01814642
0.6137428,0.0,0.10313124
0.78558207,0.0,0.010672615
0.7206869,0.0,0.0
0.68072605,0.0,0.0
0.69971865,0.0,0.015570219
0.54185754,0.0,0.002749529
0.80342793,0.0,0.023419697
0.58084184,0.0,0.011882568
0.56996757,1.0,0.35178834
0.36554745,0.0,0.3277053
0.45034903,0.0,0.29845878
0.38424015,0.0,0.63908446
0.45038608,0.0,0.5009139
0.7129629,0.0,0.1301909
0.40118062,0.0,0.44658062
0.5449747,0.0,0.05369515
0.50497526,0.0,0.0017609202
0.86172634,0.0,0.0064770193
0.42105544,0.0,0.0687526
0.573315,0.0,0.10116778
0.7026614,0.0,0.01828621
0.44363597,0.0,5.527609e-05
0.64586717,0.0,0.02022046
0.55991364,0.0,0.18548393
0.83995223,0.0,0.029230105
0.42520407,0.0,0.33727527
0.5939597,0.0,0.02622168
0.43893996,0.0,0.4383916
0.7285933,0.0,0.029421814
0.3916673,0.0,0.20200814
0.740304,0.0,0.0020355093
0.3855404,0.0,0.22670327
0.7119842,0.0,0.028388785
0.52244943,0.0,0.3896868
0.37486938,0.0,0.7842478
0.7295085,0.0,0.35666957
0.5055885,0.0,0.68866277
0.85621405,0.0,0.4909761
0.5485675,0.0,0.399745
0.8657934,0.0,0.009523678
0.6158706,0.0,0.25350484
0.8533113,0.0,0.008314704
0.46633658,0.0,0.44419906
0.78374743,0.0,0.030959768
0.40095136,0.0,0.3253654
0.7577325,0.0,0.008203055
0.35357296,0.0,0.47110397
0.36912197,0.0,0.011354909
0.6721696,0.0,0.3048292
0.8136366,0.0,0.2934766
0.52871186,0.0,0.75953585
0.7339758,0.0,0.6087553
0.39744434,0.0,0.4251496
0.6614935,1.0,0.25449923
0.72284997,0.0,0.013751008
0.39122897,0.0,0.19052984
0.7725471,0.0,0.019220319
0.42017713,0.0,0.35737503
0.7828958,0.0,0.032023404
0.494451,0.0,0.3323677
0.8167857,0.0,0.02184758
0.39489472,0.0,0.42144278
0.69356126,0.0,0.1533257
0.46190777,0.0,0.16941379
0.82449174,0.0,0.010033336
0.5767173,0.0,0.14339328
0.65471715,0.0,0.5483036
0.7778423,0.0,0.06506565
0.5847961,0.0,0.38251856
0.40642563,0.0,0.44638675
0.41540298,0.0,0.4003604
0.70455843,0.0,0.04495879
0.4733189,0.0,0.4043179
0.69798905,0.0,0.09370165
0.42389563,0.0,0.40766767
0.682962,0.0,0.056936633
0.46967596,0.0,0.4978463
0.40281084,0.0,0.5405132
0.8932463,0.0,0.1408449
0.41038394,0.0,0.44608045
0.7390905,0.0,0.059714545
0.4881195,0.0,0.34475008
0.8822803,0.0,0.046561
0.4746763,0.0,0.36642003
0.7561984,0.0,0.1628032
0.36781055,0.0,0.48286197
0.5345829,0.0,0.62743837
0.54528356,0.0,0.21585031
0.6306732,0.0,0.297654
0.80745524,0.0,0.029664183
0.48723608,0.0,0.32214043
0.7350574,0.0,0.05205552
0.59959424,0.0,0.566232
0.80823874,0.0,0.1191563
0.470265,0.0,0.47503158
0.86459225,0.0,0.09728589
0.37301788,0.0,0.49737018
0.9359716,0.0,0.040176414
0.35539976,0.0,0.22353056
0.73322445,0.0,0.07904398
0.5548838,0.0,0.41773093
0.53212374,0.0,0.40475613
0.531699,0.0,0.77832144
0.70356554,0.0,0.7443787
0.6085468,0.0,0.40090892
0.5950338,0.0,0.4739174
0.4607965,0.0,0.49263823
0.7843298,0.0,0.28208143
0.32518375,0.0,0.34856674
0.83094496,0.0,0.014463951
0.41761872,0.0,0.2982305
0.88378,0.0,0.031318784
0.43348128,0.0,0.5289971
0.8859854,0.0,0.068884976
0.41430834,0.0,0.22941533
0.81729627,0.0,0.0048923604
0.39938304,0.0,0.33933273
0.8285976,0.0,0.06575886
0.7230408,0.0,0.50899583
0.7339755,0.0,0.36024603
0.7261552,0.0,0.93271124
0.6985229,0.0,1.0
0.8087577,0.0,0.7967524
0.8442161,0.0,0.21878585
0.55502063,0.0,0.29754642
0.6986363,0.0,0.5270314
0.6736707,0.0,0.2919188
0.64039105,0.0,0.05253527
0.68489325,0.0,0.13525626
0.6447221,0.0,0.014093515
0.40321225,0.0,0.28281808
0.6170681,0.0,0.025722802
0.3988837,0.0,0.32936463
0.45871457,0.0,0.33667386
0.7220098,0.0,0.04236736
0.55288994,1.0,0.47865695
0.73857266,1.0,0.056161437
0.81619966,1.0,0.53825504
0.9229773,0.0,0.087890364
0.80802053,0.0,0.29737356
0.62861884,0.0,0.48484558
0.723342,0.0,0.58723736
0.7211395,1.0,0.53669196
0.5094088,0.0,0.39964727
0.8547303,1.0,0.15266289
0.85704106,0.0,0.0037773186
0.84777945,1.0,0.39321396
0.9054526,1.0,0.013415969
0.778387,1.0,0.09897063
0.9010712,0.0,0.015917987
0.87281233,0.0,0.059101567
0.7955796,0.0,0.01829535
0.6945742,0.0,0.24901636
0.63625354,0.0,0.002914047
0.56108737,0.0,0.025493886
0.50193137,0.0,0.2248652
0.7038781,0.0,0.57104135
0.5647887,0.0,0.75515544
0.47786835,0.0,0.7405213
0.73778546,0.0,0.29685947
0.50111204,0.0,0.43147236
0.55621755,0.0,0.4139587
0.62320596,0.0,0.61151075
0.75809944,0.0,0.21330808
0.5851396,0.0,0.25010803
0.7486628,0.0,0.12732172
0.4606058,0.0,0.58079493
0.5677366,0.0,0.5928386
0.7770985,0.0,0.10627803
0.6004345,0.0,0.24009342
0.45128286,0.0,0.6263242
0.6623194,0.0,0.14922595
0.86150396,0.0,0.0
0.57608837,0.0,0.294482
0.6436082,0.0,0.42288944
0.71185553,0.0,0.04146968
0.62780625,0.0,0.06647514
0.48671812,0.0,0.47532445
0.57306963,0.0,0.29384357
0.8489091,0.0,0.17232613
0.5047042,0.0,0.6825418
0.57673234,0.0,0.45744953
0.59877884,0.0,0.68647254
0.6551595,0.0,0.08666665
0.4779617,0.0,0.7849177
0.8560256,0.0,0.22175346
0.53306234,0.0,0.4678052
0.8994274,0.0,0.23175052
0.61482054,0.0,0.7037374
0.7072663,1.0,0.3523858
0.5663062,0.0,0.0761
0.66444576,0.0,0.24074209
0.7665637,1.0,0.47153464
0.6983406,1.0,0.21074098
0.8803956,1.0,0.0818073
0.8075163,1.0,0.5428311
0.6946192,1.0,0.0814731
0.7282067,1.0,0.7048293
0.6588355,1.0,0.48542443
0.48498517,0.0,0.5303386
0.56207603,0.0,0.16113302
0.63377565,0.0,0.01898541
0.6138112,0.0,0.41334128
0.45054987,0.0,0.7326552
0.688131,0.0,0.35886788
0.34406406,0.0,0.57032603
0.6086061,0.0,0.66100734
0.61925995,0.0,0.22653465
0.88446385,0.0,0.11986688
0.9052838,0.0,0.02380006
0.5355155,0.0,0.25446767
0.7432209,1.0,0.075063825
0.80691195,0.0,0.09337856
0.64408636,0.0,0.018505458
0.8491593,0.0,0.00014953256
0.59919816,0.0,0.38896248
0.7359374,0.0,0.18766433
0.47873175,0.0,0.5663449
0.57835376,0.0,0.8082019
0.50559473,0.0,0.3310718
0.4975176,0.0,0.8416503
0.39880553,1.0,0.5122751
0.68641794,1.0,0.14045389
0.5462749,1.0,0.19774629
0.5741407,1.0,0.37607193
0.8032144,0.0,0.25095448
0.7869112,1.0,0.015620846
0.82987285,0.0,0.0
0.890178,0.0,0.0
0.7515056,0.0,0.10064649
0.7105648,0.0,0.07756941
0.74023604,0.0,0.59540784
0.45916873,0.0,0.39850435
0.40589675,0.0,0.7149961
0.6179989,0.0,0.63731617
0.86597383,0.0,0.102807015
0.89334226,0.0,0.06234869
0.87881523,0.0,0.026587129
0.9421079,0.0,0.1066318
0.59106994,0.0,0.0022319383
0.7874756,0.0,0.27865952
0.5267778,1.0,0.28833807
0.600013,1.0,0.44839
0.9139772,1.0,0.122256234
0.6659882,1.0,0.510042
0.42812932,0.0,0.42779708
0.87213236,1.0,0.007903918
0.7606679,0.0,0.14990838
0.55897176,0.0,0.2927153
0.83476514,0.0,0.042112064
0.52145094,0.0,0.27387285
0.43378332,0.0,0.37981635
0.432916,0.0,0.72537726
0.46120527,0.0,0.3960992
0.64367783,0.0,0.72425926
0.5438812,0.0,0.7429013
0.8432325,0.0,0.73414886
0.5724931,0.0,0.22341824
0.5284653,0.0,0.23539567
0.4238246,1.0,0.49370843
0.76302034,1.0,0.07163702
0.42453098,1.0,0.7038829
0.6517343,0.0,0.032319423
0.45398974,0.0,0.31909776
0.42290455,1.0,0.40152866
0.716053,1.0,0.06863344
0.8399977,0.0,0.010894694
0.32221445,1.0,0.45346206
0.43407854,1.0,0.28364184
0.8903217,0.0,0.030015118
0.4792053,0.0,0.14717908
0.30062422,1.0,0.49594977
0.6853616,0.0,0.21023272
0.78191465,0.0,0.016469026
0.6197696,0.0,0.50589114
0.72329015,0.0,0.5001984
0.8332592,0.0,0.46029982
0.6072874,0.0,0.0063545527
0.79097515,0.0,0.4129509
0.62216055,0.0,0.50156206
0.885161,0.0,0.039808262
0.5888737,0.0,0.13296276
0.3116941,0.0,0.7132138
0.42415985,0.0,0.24386832
0.6513656,0.0,0.039508678
0.5379622,0.0,0.27511337
0.6453667,0.0,0.011919457
0.59344226,0.0,0.14100526
0.8078843,0.0,0.05693885
0.6067406,0.0,0.076939456
0.5571858,0.0,0.088667095
0.37852457,0.0,0.3348089
0.5163682,0.0,0.015795087
0.33378157,0.0,0.39306116
0.57174116,0.0,0.44889697
0.53473794,0.0,0.121704705
0.3726807,0.0,0.54107535
0.48319182,0.0,0.685852
0.3512804,0.0,0.41838863
0.3377085,0.0,0.54705554
0.7288467,0.0,0.17348196
0.54961133,0.0,0.03347916
0.5830355,0.0,0.19784212
0.67712253,0.0,0.029942414
0.57513636,0.0,0.024386667
0.9246333,0.0,0.010966079
0.7959213,0.0,0.050266154
0.81854653,0.0,0.012639721
0.51962394,0.0,0.52803683
0.62942266,0.0,0.47972706
0.56537455,0.0,0.695559
0.30626118,0.0,0.612324
0.84228855,0.0,0.11167998
0.5968227,0.0,0.26130432
0.8510938,0.0,0.06898299
0.58506685,0.0,0.20394395
0.360595,0.0,0.47632807
0.36053208,0.0,0.38859582
0.57520235,0.0,0.2903634
0.49672297,0.0,0.7950574
0.31503937,0.0,0.45446154
0.33002394,0.0,0.7448842
0.4488706,0.0,0.24296688
0.58339673,0.0,0.40350732
0.8222552,0.0,0.22997338
0.7333379,0.0,0.23840296
0.860435,0.0,0.07897294
0.45495555,0.0,0.20535591
0.8527781,0.0,0.046278395
0.5994323,0.0,0.12296504
0.7353818,0.0,0.08738061
0.51576227,0.0,0.5605481
0.7219073,0.0,0.09859083
0.85762537,0.0,0.041042924
0.45673147,1.0,0.2904404
0.5770554,0.0,0.086431615
0.8859779,0.0,0.20505276
0.8627489,0.0,0.07929215
0.672938,1.0,0.43523738
0.8520256,0.0,0.4955506
0.6765869,1.0,0.64081264
0.71393704,0.0,0.73887116
0.6370712,0.0,0.5833027
0.68186146,0.0,0.2661552
0.89397174,0.0,0.27984497
0.43611693,0.0,0.070728496
0.6718876,0.0,0.18685512
0.76398736,0.0,0.59215415
0.75832736,0.0,0.8223282
0.70522517,0.0,0.60630745
0.8828138,0.0,0.5160865
0.64202964,0.0,0.3780349
0.94556785,0.0,0.7393439
0.49799746,0.0,0.22813891
0.8805538,0.0,0.39669013
0.6116068,0.0,0.3436503
0.5500247,0.0,0.15724415
0.7042153,0.0,0.43537104
0.7331208,0.0,0.70526206
0.8138513,0.0,0.054740164
0.65778434,0.0,0.17263687
0.89112645,0.0,0.4855383
0.8842083,0.0,0.66451573
0.46034974,0.0,0.5147987
0.86655897,0.0,0.26358223
0.8839496,0.0,0.47705796
0.83531195,0.0,0.3095124
0.8884829,0.0,0.14250864
0.8840663,0.0,0.18085021
0.71465003,1.0,0.3023291
0.84646803,1.0,0.5389831
0.703794,1.0,0.5670399
0.90976036,1.0,0.78674024
0.52309275,1.0,0.58732605
0.53711385,1.0,0.7784932
0.5829806,1.0,0.7329214
0.534945,1.0,1.0
0.6373138,0.0,0.5841065
0.7492145,0.0,0.41989076
0.7870609,0.0,0.5804508
0.64501935,0.0,0.57983714
0.7118748,0.0,0.61183506
0.75501144,0.0,0.17861463
0.79810077,0.0,0.4081219
0.85335207,0.0,0.0
0.6228919,0.0,0.36582372
0.46981406,0.0,0.15718669
0.70547307,0.0,0.6478493
0.5687598,0.0,0.06072004
0.6292337,0.0,0.50787395
0.35435054,0.0,0.67343247
0.7661349,0.0,0.123701476
0.47710288,0.0,0.5407209
0.41907126,0.0,0.44515616
0.49479845,0.0,0.51334727
0.69176304,0.0,0.026819158
0.6196243,0.0,0.12642393
0.44230753,1.0,0.6137786
0.3674577,0.0,0.29157278
0.5275351,0.0,0.008013342
0.5755867,0.0,0.41691536
0.42790553,0.0,0.51972413
0.39943096,0.0,0.49590415
0.5290378,0.0,0.3425881
0.41671517,0.0,0.10822179
0.5106642,0.0,0.0
0.5525798,0.0,0.26792422
0.658707,0.0,0.0034687482
0.5776683,0.0,2.6742198e-05
0.38026828,0.0,0.18029067
0.43088672,0.0,0.2968384
0.8126115,0.0,0.007666524
0.5287365,0.0,0.0
0.45412678,0.0,0.47305176
0.5689895,0.0,0.5253599
0.74921024,0.0,0.0
0.45508504,0.0,0.3013342
0.43237805,0.0,0.47165558
0.5687689,0.0,0.36807013
0.46917054,0.0,0.5707029
0.7492918,0.0,0.034574043
0.48398107,0.0,0.6075092
0.4042136,0.0,0.10582112
0.696527,0.0,0.011145866
0.5377583,0.0,0.40185848
0.4571069,0.0,0.13260764
0.84226614,0.0,0.0
0.65192413,0.0,0.30158043
0.35451826,0.0,0.45355636
0.45023856,0.0,0.22646981
0.81608444,0.0,0.0
0.8184314,0.0,0.003331983
0.62766945,0.0,0.1337107
0.3738906,0.0,0.04292526
0.75169086,0.0,0.0
0.540299,0.0,0.09318758
0.54881006,0.0,0.55832213
0.53723603,0.0,0.09798124
0.47866887,0.0,0.6507586
0.5972086,0.0,0.38964215
0.61618924,0.0,0.0
0.63832027,0.0,0.11856888
0.3842869,0.0,0.54036343
0.47385105,0.0,0.22459982
0.7579306,1.0,0.14489788
0.30878103,1.0,0.4178856
0.5032542,1.0,0.5133283
0.7194543,1.0,0.5002072
0.8657532,1.0,0.10891471
0.6156108,0.0,0.041831158
0.6407704,1.0,0.3473992
0.76473665,1.0,0.13458663
0.7706537,0.0,0.0
0.47758704,0.0,0.49926838
0.8672628,1.0,0.6167193
0.8301286,0.0,0.101402186
0.82630634,1.0,0.482795
0.7414347,0.0,0.09535385
0.4636331,0.0,0.0
0.72300357,1.0,0.37698856
0.9250325,1.0,0.105674
0.6505419,1.0,0.69472253
0.61390525,1.0,0.6979241
0.731156,0.0,0.6270534
0.7833827,0.0,0.15858519
0.41601187,0.0,0.29163745
0.6525189,0.0,0.2822713
0.6521283,0.0,0.570954
0.46087864,1.0,0.8451642
0.6344456,0.0,0.3189353
0.36498305,1.0,0.22558972
0.50019765,1.0,0.1680224
0.67452973,1.0,0.11576016
0.60470814,0.0,0.14285818
0.8426305,0.0,0.07126155
0.8172704,0.0,0.03583085
0.73540443,0.0,0.04793552
0.51824814,0.0,0.44781762
0.5432035,0.0,0.4819648
0.5211803,0.0,0.27743065
0.7637239,0.0,0.09954566
0.7343354,0.0,0.6597409
0.59274167,0.0,0.48129493
0.5310898,0.0,0.6470321
0.5998694,0.0,0.019184537
0.6501522,0.0,0.29250577
0.7383616,0.0,0.08002306
0.8264913,0.0,0.051032495
0.57431585,0.0,0.23524399
0.7282458,0.0,0.008110315
0.6479353,0.0,0.4006737
0.416839,0.0,0.06197421
0.76920265,0.0,0.034729343
0.58628243,0.0,0.068576045
0.7561684,0.0,0.0
0.82119596,0.0,0.0
0.84740096,0.0,0.03766073
0.43614587,0.0,0.0
0.31946215,0.0,0.455711
0.8745943,0.0,0.233223
0.79779494,0.0,0.096568756
0.77364105,0.0,0.16210988
0.70672846,0.0,0.39928794
0.6987944,0.0,0.20237668
0.81100565,0.0,0.3702109
0.71778804,0.0,0.8197432
0.4487359,0.0,0.5412905
0.6764662,0.0,0.7661752
0.3208233,0.0,0.66800034
0.41984752,0.0,0.5134894
0.4920639,0.0,0.16506518
0.46830323,0.0,0.5797796
0.7871695,0.0,0.0
0.62732166,0.0,0.09006069
0.827173,0.0,0.011111732
0.34300083,0.0,0.19827956
0.72181517,0.0,0.08644884
0.44283092,0.0,0.39086682
0.6646127,0.0,0.8289399
0.52990043,0.0,0.58402884
0.45633584,0.0,0.6371563
0.6472766,0.0,0.2610334
0.2699956,0.0,0.5660359
0.82176375,0.0,0.256316
0.5585985,0.0,0.45049268
0.8778485,0.0,0.0044642696
0.43203127,0.0,0.4057589
0.8019046,0.0,0.0
0.6705508,0.0,0.28420776
0.59376377,0.0,0.3411695
0.69918174,0.0,0.58704937
0.38238063,0.0,0.14069648
0.69671607,1.0,0.19903259
0.7141211,0.0,0.0
0.9338191,0.0,0.0
0.8379786,0.0,0.22171827
0.47276667,0.0,0.0
0.92878604,0.0,0.0
0.64064455,0.0,0.2349456
0.31380248,0.0,0.5820364
0.42657343,0.0,0.3211434
0.43114984,0.0,0.60486543
0.8148987,0.0,0.2672913
0.7443728,0.0,0.6731884
0.7000577,0.0,0.08846967
0.46109667,0.0,0.2467178
0.50039965,0.0,0.392032
0.5834612,0.0,0.5087932
0.7099098,0.0,0.3254099
0.39119118,1.0,0.32190093
0.710489,1.0,0.48588157
0.60225165,0.0,0.006403482
0.7956948,1.0,0.474383
0.7935259,1.0,0.19744189
0.8140762,1.0,0.0111708725
0.8584914,0.0,0.2055245
0.83400416,0.0,0.039862573
0.6047761,0.0,0.001155411
0.7647713,0.0,0.0007992741
0.505151,0.0,0.23936611
0.6414064,0.0,0.2101118
0.59663993,0.0,0.52460617
0.4054834,0.0,0.3684437
0.6610807,0.0,0.3098546
0.43520132,0.0,0.43819353
0.78923583,0.0,0.17633773
0.68619335,1.0,0.29707178
0.9078091,0.0,0.079288416
0.46565312,1.0,0.6285775
0.5421103,1.0,0.39934027
0.8053513,1.0,0.11768259
0.5308565,1.0,0.5586439
0.7888103,1.0,0.27061793
0.81919664,1.0,0.047950484
0.79817337,1.0,0.3989484
0.5996172,1.0,0.6194848
0.5518169,1.0,0.5998393
0.54087055,1.0,0.20560959
0.5800608,0.0,0.34028375
0.54930353,0.0,0.671039
0.6063752,0.0,0.37516683
0.5989453,0.0,0.114673264
0.87598175,0.0,0.09360562
0.85319126,0.0,0.0016068312
0.8337591,0.0,0.00081583374
0.9058499,0.0,0.01835889
0.8936383,0.0,0.028486226
0.9336615,1.0,0.042568292
0.7417458,0.0,0.0
0.60348177,0.0,0.2194301
0.6262864,0.0,0.005798101
0.5828935,0.0,0.4007649
0.6234515,0.0,0.21333621
0.5334723,0.0,0.41635704
0.7499083,0.0,0.010502776
0.7140578,0.0,0.24726498
0.8272635,0.0,0.0
0.568194,0.0,0.15204906
0.88430476,0.0,0.043129686
0.5902334,0.0,0.3635031
0.4696276,0.0,0.12012817
0.8405984,1.0,0.2514665
0.84775144,0.0,0.64005136
0.77193886,0.0,0.23585239
0.7831151,0.0,0.20871799
0.73437095,1.0,0.8756471
0.72534794,0.0,0.5072932
0.8022988,0.0,0.09298214
0.8897022,0.0,0.0
0.8705432,0.0,0.09027319
0.77914876,0.0,0.008375504
0.5832663,0.0,0.39653268
0.870926,0.0,0.0
0.6650202,0.0,0.42460704
0.66847825,1.0,0.21368818
0.83056724,0.0,0.1224817
0.64689815,0.0,0.7927616
0.7968746,0.0,0.73412484
0.5819546,0.0,0.27818382
0.68759733,0.0,0.20963939
0.8003595,0.0,0.032474548
0.9311978,0.0,0.0058854865
0.8087344,0.0,0.07121507
0.8124494,0.0,0.0050227726
0.44581413,0.0,0.3939318
0.84348845,0.0,0.008127052
0.7288066,0.0,0.22403026
0.684726,0.0,0.73224616
0.58780956,0.0,0.8200751
0.5578325,0.0,0.12460435
0.64959985,0.0,0.12586226
0.81972545,0.0,0.0064184177
0.8397592,0.0,0.00776132
0.92720366,0.0,0.0026866214
0.7229885,0.0,0.011128532
0.6674511,0.0,0.0
0.5934579,0.0,0.08800763
0.6699018,0.0,0.028190976
0.56536967,0.0,0.18034911
0.68399876,0.0,0.06416977
0.6680814,0.0,0.00954234
0.757838,0.0,0.011469441
0.70748764,0.0,0.029284777
0.6326325,0.0,0.21546942
0.73365885,0.0,0.29599914
0.6983627,0.0,0.6202716
0.68693995,0.0,0.77995104
0.56489074,0.0,0.77187985
0.75726026,0.0,0.27844197
0.52193934,0.0,0.59309536
0.6239665,0.0,0.49679244
0.7523657,0.0,0.10481466
0.6879533,0.0,0.7910273
0.8455123,0.0,0.0950362
0.5278909,0.0,0.44276786
0.6638539,0.0,0.12408576
0.6291376,0.0,0.5111218
0.70935935,0.0,0.13196011
0.6568457,0.0,0.66476715
0.5044027,0.0,0.22007807
0.7974958,0.0,0.019757409
0.7185291,0.0,0.5404273
0.6520623,0.0,0.39541867
0.84246,0.0,0.061481506
0.7249824,0.0,0.21632391
0.5588192,0.0,0.42845595
0.9125168,0.0,0.25192276
0.78918105,0.0,0.5773381
0.89062387,0.0,0.11418938
0.67999446,0.0,0.5534724
0.7311362,0.0,0.8185822
0.61785287,0.0,0.18036467
0.6509112,0.0,0.61322796
0.6654937,0.0,0.37411296
0.5817358,0.0,0.5841532
0.5843589,0.0,0.72573787
0.4314507,0.0,0.6454973
0.6404514,0.0,0.8423085
0.4973216,0.0,0.71165115
0.6720974,0.0,0.048132665
0.5162956,0.0,0.30850902
0.5318148,0.0,0.0
0.84777844,0.0,0.09310113
0.4147612,0.0,0.00035438736
0.84944445,0.0,0.17429918
0.682375,0.0,0.0028020302
0.65078413,0.0,0.08940846
0.88003314,0.0,0.41072825
0.72790825,0.0,0.4044942
0.8316104,0.0,0.3091799
0.7356704,0.0,0.35484695
0.633451,0.0,0.14192016
0.72148174,0.0,0.12041738
0.6776839,0.0,0.46067286
0.86455655,0.0,0.07020676
0.60886896,0.0,0.27402732
0.9221543,0.0,0.019609658
0.85344344,0.0,0.011975921
0.6844495,0.0,0.5517415
0.7723337,0.0,0.17228048
0.79126704,0.0,0.46888223
0.8609606,0.0,0.0030514565
0.7468652,0.0,0.3104629
0.92724764,0.0,0.108551085
0.50410056,0.0,0.2571949
0.892047,0.0,0.07416196
0.7707575,0.0,0.014060996
0.8267262,0.0,0.55291444
0.7267429,0.0,0.2532153
0.7453392,0.0,0.18737759
0.62670535,0.0,0.6310641
0.6373414,0.0,0.48580602
0.88661766,0.0,0.5328052
0.7216968,0.0,0.3665363
0.5487008,0.0,0.5732587
0.67934185,0.0,0.12042722
0.6064699,0.0,0.37220648
0.6927744,0.0,0.009165302
0.78433406,0.0,0.2714864
0.83184355,0.0,0.030646134
0.61377186,0.0,0.12173461
0.8539347,0.0,0.016592301
0.89482534,0.0,9.765219e-05
0.7076381,0.0,0.1417113
0.8561424,0.0,0.065196656
0.7284229,0.0,0.30642405
0.6124706,0.0,0.5712484
0.59207284,0.0,0.6016732
0.8566772,0.0,0.008742858
0.7340374,0.0,0.21927069
0.72921216,0.0,0.516375
0.7815415,0.0,0.39374456
0.82811147,0.0,0.073994786
0.59721243,0.0,0.037892647
0.53985596,0.0,0.81992394
0.6446429,0.0,0.5332755
0.9437215,0.0,0.042922053
0.6753382,0.0,0.17775533
0.8496724,0.0,0.0
0.9637078,0.0,0.0139817055
0.92305934,0.0,0.0
0.93865263,0.0,0.0
0.92770016,0.0,0.0
0.8419874,0.0,0.0102708135
0.749116,0.0,0.26205558
0.7657213,0.0,0.048778027
0.77977496,0.0,0.28372812
0.70543534,0.0,0.048986305
0.87845826,0.0,0.0
0.8922686,0.0,0.0071505373
0.66281575,0.0,0.0067051267
0.8128549,0.0,0.14569026
0.7530467,0.0,0.059977006
0.85094756,0.0,0.0008502454
0.8057559,0.0,0.1012566
0.66093093,0.0,0.5389928
0.69419336,0.0,0.36728546
0.6551173,0.0,0.20616403
0.61654776,0.0,0.7804621
0.7213517,0.0,0.216119
0.6865729,0.0,0.16239725
0.57055163,0.0,0.15707237
0.79801613,0.0,0.14795287
0.8478136,0.0,0.0039399522
0.78516686,0.0,0.059441715
0.74969614,0.0,0.0016870826
0.6208183,0.0,0.0
0.6136658,0.0,0.0014036401
0.59071916,0.0,0.0
0.63259816,1.0,0.43583858
0.654528,1.0,0.40383708
0.74803376,1.0,0.46583083
0.68311554,1.0,0.4509703
0.7995402,0.0,0.020612897
0.87066317,0.0,0.07013211
0.89347214,0.0,0.00027685077
0.8127137,0.0,0.029509615
0.87078094,0.0,0.0004119856
0.92971206,0.0,0.047855664
0.8430241,0.0,0.1659736
0.8998424,0.0,0.3369269
0.7374119,0.0,0.7468752
0.908334,0.0,0.2034686
0.6428567,0.0,0.08471724
0.8636416,0.0,0.06590506
0.7814867,1.0,0.52323335
0.8666196,1.0,0.5045595
0.87202334,1.0,0.20094639
0.78268594,0.0,0.04624184
0.74284965,1.0,0.62884307
0.7630829,1.0,0.6411328
0.81906986,0.0,0.0930522
0.47047368,1.0,0.22685711
0.78294164,0.0,0.20186749
0.7569509,0.0,0.0077767423
0.5970042,0.0,0.41623437
0.7890418,0.0,0.10994143
0.56046236,0.0,0.18363616
0.6523342,0.0,0.5861724
0.6839948,0.0,0.34830564
0.5941809,0.0,0.81136125
0.7052394,0.0,0.7584706
0.90784,0.0,0.16687775
0.5468348,0.0,0.100875266
0.89056456,0.0,0.06697334
0.941893,0.0,0.019356353
0.8669446,0.0,0.06484988
0.864251,0.0,0.00021972154
0.58665854,0.0,0.012058233
0.85499245,0.0,0.009230581
0.5239114,0.0,0.36607674
0.66995806,0.0,0.14527197
0.92344546,0.0,0.0014320347
0.5974809,0.0,0.17020857
0.7954858,0.0,0.026556002
0.65047807,0.0,0.31950593
0.59297705,0.0,0.74924225
0.5544154,0.0,0.52817154
0.44399208,0.0,0.5261659
0.79817617,0.0,0.010042818
0.5324224,0.0,0.66017884
0.83999443,0.0,0.20790909
0.6652539,0.0,0.4588833
0.59145844,0.0,0.8104255
0.6700314,0.0,0.5606907
0.70370513,0.0,0.045727003
0.6249788,0.0,0.11555478
0.7070418,0.0,0.3695092
0.63211656,0.0,0.46079928
0.5064898,0.0,0.009410834
0.81820464,0.0,0.10497138
0.9020398,0.0,0.004868212
0.6943215,0.0,0.110004745
0.78940123,0.0,0.0
0.8819573,0.0,0.037980553
0.78347206,0.0,0.013783102
0.54786175,0.0,0.2000845
0.76739967,0.0,0.31253368
0.47541428,0.0,0.17145124
0.8704007,0.0,0.08369579
0.76181936,0.0,0.00573458
0.8834252,0.0,0.17820713
0.79058766,0.0,0.005996703
0.67754465,0.0,0.22748682
0.40879276,0.0,0.32315785
0.5400495,0.0,0.22265948
0.66388786,0.0,0.0
0.7851155,0.0,0.09846382
0.47849756,0.0,0.513183
0.46692032,0.0,0.2023318
0.8346445,0.0,0.00819363
0.79798776,0.0,0.044235263
0.5422082,0.0,0.36763236
0.52589625,0.0,0.19979818
0.8481027,0.0,0.0
0.6442872,0.0,0.18728136
0.49274608,0.0,0.6074569
0.6928352,0.0,0.29192042
0.7991433,0.0,0.026325835
0.5605598,0.0,0.6516358
0.5002392,0.0,0.7088964
0.7676666,0.0,0.5758287
0.6701426,0.0,0.5172402
0.48053026,0.0,0.50286275
0.54778546,0.0,0.49139985
0.5462538,0.0,0.24360509
0.46475437,0.0,0.6875799
0.73370624,0.0,0.3234474
0.74954313,0.0,0.27342972
0.61216974,0.0,0.70355946
0.8141367,0.0,0.4622582
0.8180632,0.0,0.07368499
0.64338756,0.0,0.4279284
0.6402788,0.0,0.20044675
0.77539504,0.0,0.0035525754
0.824185,0.0,0.047996297
0.67422885,0.0,0.045033935
0.64680374,0.0,0.1497333
0.4173463,0.0,0.7522684
0.61991584,0.0,0.31257355
0.8717597,0.0,0.06609303
0.7308586,0.0,0.40478653
0.7583678,1.0,0.57179135
0.5818545,1.0,0.41495323
0.66742027,1.0,0.6746646
0.66185904,1.0,0.113605715
0.79806143,1.0,0.21840523
0.8994631,1.0,0.13603616
0.73625606,0.0,0.20471875
0.9135129,0.0,0.061065093
0.7784458,0.0,0.0624505
0.6886612,1.0,0.31633222
0.8727684,0.0,0.0
0.6505474,1.0,0.1410495
0.7715369,0.0,0.009710941
0.56294817,0.0,0.107463315
0.78536826,0.0,0.02625127
0.42559013,0.0,0.21603575
0.6434025,0.0,0.6996416
0.7466819,1.0,0.7109033
0.81525844,1.0,0.25000072
0.6233986,1.0,0.39209142
0.8649314,0.0,0.00040810983
0.48413616,1.0,0.20274854
0.87133735,0.0,0.0075695775
0.6871841,1.0,0.10058506
0.8557251,0.0,0.013815578
0.6342993,1.0,0.27837348
0.76077425,0.0,0.004389952
0.78469914,0.0,0.0010398774
0.8397592,1.0,0.0450083
0.86569536,0.0,0.16745473
0.60658944,1.0,0.50920594
0.8836115,0.0,0.2910585
0.590632,0.0,0.5465647
0.6306017,0.0,0.82439613
0.66898984,0.0,0.22189198
0.8839493,0.0,0.08267193
0.7775923,0.0,0.0
0.5985514,0.0,0.0
0.82250607,0.0,0.00016935113
0.63353395,0.0,0.0005508636
0.75516605,0.0,0.005624639
0.5966462,0.0,0.08347314
0.44003528,0.0,0.2084032
0.88622004,0.0,0.17089568
0.51792043,0.0,0.8390817
0.6771417,0.0,0.790747
0.8215026,0.0,1.0
0.86403656,0.0,0.7824427
0.7416643,0.0,0.17962989
0.95090985,0.0,0.0027977368
0.9548444,0.0,0.010245366
0.7983179,0.0,0.12776448
0.9213136,0.0,0.0007591488
0.9226325,0.0,0.007370402
0.8357393,0.0,0.0013397892
0.6446295,1.0,0.056568626
0.88483095,0.0,0.0
0.6691814,0.0,0.0
0.8158613,1.0,0.024503984
0.77357846,1.0,0.07869515
0.77394986,0.0,0.01053306
0.84690624,0.0,0.0
0.9204652,0.0,0.002066568
0.8182315,0.0,0.012962373
0.6776958,0.0,0.0
0.6780437,0.0,0.02251254
0.80254483,0.0,0.069235116
0.70336074,0.0,0.47642532
0.49712685,0.0,0.5977897
0.3849183,0.0,0.50997895
0.7070774,0.0,0.26079103
0.9139284,0.0,0.0
0.6977286,0.0,0.0
0.69063187,0.0,0.016850166
0.66082406,1.0,0.038927518
0.5710201,1.0,0.2879874
0.83766997,0.0,0.039080754
0.66642874,1.0,0.27199012
0.473943,1.0,0.53868204
0.7371515,1.0,0.5998645
0.50730884,1.0,0.2584903
0.5040714,1.0,0.13691631
0.37099487,0.0,0.0
0.66491216,1.0,0.30742368
0.781948,1.0,0.61622936
0.82291305,0.0,0.23845118
0.5933337,0.0,1.0
0.8161523,0.0,0.5353275
0.6367637,0.0,0.38324952
0.59910595,0.0,0.44901684
0.6248013,0.0,0.10551902
0.74415547,0.0,0.6452038
0.63734555,0.0,0.054535266
0.70711875,0.0,0.33768982
0.35359845,0.0,0.48117802
0.6670192,0.0,0.68261296
0.68308884,0.0,0.10435704
0.36998916,0.0,0.50092673
0.8353361,0.0,0.08586629
0.5248391,0.0,0.21716584
0.81494266,0.0,0.0
0.49933404,0.0,0.49438912
0.8806531,0.0,0.06222903
0.6557729,0.0,0.6576885
0.43987998,0.0,0.13248798
0.43953997,0.0,0.80548954
0.5368967,0.0,0.3786326
0.42792436,0.0,0.41795695
0.74432844,0.0,0.01690362
0.4793967,0.0,0.5994762
0.78327733,1.0,0.39593157
0.7889522,0.0,0.007913774
0.8503718,1.0,0.17136566
0.9197534,0.0,0.0
0.65162104,1.0,0.16650604
0.50698525,0.0,0.12192892
0.5521834,0.0,0.42825627
0.431189,1.0,0.8978357
0.6530762,1.0,0.454001
0.5884297,1.0,0.29796952
0.8862379,0.0,0.0010141023
0.8773583,0.0,0.0
0.9480514,1.0,0.23533353
0.70821255,0.0,0.03346708
0.7949532,1.0,0.3570579
0.31183356,0.0,0.685494
0.36583984,0.0,0.73232806
0.58619463,1.0,0.41766113
0.860914,0.0,0.26294753
0.7542047,1.0,0.57511264
0.9132362,0.0,0.07650758
0.8346476,1.0,0.27255532
0.73760253,1.0,0.66504216
0.5884486,0.0,0.45981467
0.84466016,0.0,0.13603827
0.653543,0.0,0.41062877
0.40423363,0.0,0.57411647
0.79656816,0.0,0.42220953
0.94147253,0.0,0.058965124
0.62491316,0.0,0.5837476
0.84866786,0.0,0.060596604
0.53378624,0.0,0.27484265
0.45945016,0.0,0.5375962
0.42853147,0.0,0.5497188
0.4189675,0.0,0.252522
0.7946242,0.0,0.0
0.502934,0.0,0.07523088
0.8579646,0.0,0.0
0.6577612,0.0,0.15123133
0.70243746,0.0,0.00064135937
0.35593644,0.0,0.34672672
0.40025988,0.0,0.30397362
0.50464535,0.0,0.019728312
0.4439783,0.0,0.31837684
0.5950697,0.0,0.5885045
0.42580816,0.0,0.49137974
0.7842273,0.0,0.051772203
0.724432,0.0,0.34960687
0.6468302,0.0,0.15333788
0.73671174,0.0,0.25880858
0.9628826,0.0,0.0
0.7911353,0.0,0.16089194
0.88752514,0.0,0.0
0.8222898,1.0,0.3069134
0.92968696,0.0,0.067330085
0.6720379,1.0,0.6109186
0.4993898,0.0,0.37437087
0.6505162,1.0,0.11538508
0.49500266,0.0,0.80395746
0.55603087,1.0,0.6088014
0.730006,1.0,0.26068473
0.60900176,0.0,0.09736703
0.49911562,0.0,0.3504192
0.60327244,0.0,0.032894693
0.31503317,0.0,0.3062043
0.84634554,0.0,0.0
0.2687413,0.0,0.36771226
0.58942306,0.0,0.20619415
0.36854813,0.0,0.29191816
0.4536793,0.0,0.7612267
0.45498636,0.0,0.98852354
0.45362657,0.0,0.3351077
0.3740231,0.0,0.48704132
0.46595445,0.0,0.7175872
0.6059964,0.0,0.66712147
0.58540565,0.0,0.1713507
0.43708795,0.0,0.32415932
0.7337507,0.0,0.05400343
0.5130257,0.0,0.6173236
0.4975466,0.0,0.35369426
0.6203159,0.0,0.10012408
0.482436,0.0,0.2937196
0.78946596,0.0,0.53620356
0.42067257,1.0,0.454548
0.5220265,1.0,0.08171018
0.6196962,0.0,0.4584402
0.6544259,1.0,0.4728441
0.7895585,0.0,0.3921162
0.81612176,0.0,0.74901533
0.8959797,0.0,0.33962363
0.7830284,0.0,0.08466584
0.75663793,0.0,0.3617659
0.60158694,0.0,0.35517356
0.77672726,0.0,0.07264031
0.5138921,1.0,0.4994691
0.7142746,1.0,0.69919354
0.8210216,1.0,0.6860567
0.7566271,1.0,0.17685314
0.75624067,1.0,0.030435747
0.6914314,1.0,0.33542627
0.68397206,1.0,0.28469235
0.9016756,0.0,0.0016982147
0.86873233,0.0,0.021256763
0.5801049,1.0,0.44305423
0.53357536,1.0,0.36653978
0.77148026,0.0,0.09284389
0.40003642,0.0,0.5846172
0.74334735,0.0,0.28497854
0.4340742,0.0,0.25353476
0.51007897,0.0,0.34842283
0.5477788,0.0,0.3212993
0.75166076,0.0,0.36595997
0.78772694,0.0,0.27915865
0.51460826,0.0,0.6890768
0.80624574,0.0,0.40471864
0.7004025,0.0,0.41029245
0.6180446,0.0,0.08150885
0.6342128,0.0,0.12885727
0.58143306,0.0,0.19878276
0.5512092,0.0,0.21192636
0.3838655,0.0,0.22488365
0.44377378,0.0,0.16727073
0.77811086,0.0,0.0
0.39007336,0.0,0.27148038
0.4459023,0.0,0.00204221
0.67785335,0.0,0.41082466
0.5266801,0.0,0.5309975
0.57705617,0.0,0.1594205
0.46517125,0.0,0.32553762
0.76654756,0.0,0.0039828047
0.7665026,0.0,0.0910084
0.79753906,0.0,0.0
0.5878142,0.0,0.11958003
0.4152801,0.0,0.18928419
0.6511499,0.0,0.036294706
0.35733348,0.0,0.35908827
0.27663264,0.0,0.23572946
0.32283047,0.0,0.75189084
0.71714056,0.0,0.17562018
0.82932997,1.0,0.4751986
0.517385,1.0,0.5554252
0.7643118,0.0,0.15798064
0.72248125,1.0,0.13412789
0.6746903,1.0,0.4836698
0.7412092,0.0,0.06446151
0.8429766,0.0,0.03539547
0.7364939,1.0,0.05560751
0.8151954,1.0,0.23216856
0.7981224,0.0,0.0
0.929812,0.0,0.042023633
0.49189568,1.0,0.3499173
0.38958433,1.0,0.44607496
0.7738038,0.0,0.094691075
0.6005969,0.0,0.25403237
0.5187766,0.0,0.043890767
0.6698859,0.0,0.34732598
0.8070299,0.0,0.23367876
0.74592966,0.0,0.5292694
0.61006254,0.0,0.048527315
0.9179085,0.0,0.030737013
0.8763592,0.0,0.12861054
0.66652477,0.0,0.23285238
0.8654284,0.0,0.1392397
0.5964886,0.0,0.03268229
0.85511047,0.0,0.0
0.8896653,1.0,0.12911434
0.91944945,1.0,0.048023887
0.66422343,1.0,0.30717835
0.62083644,0.0,0.3933667
0.74251634,0.0,0.37970167
0.56965166,0.0,0.6199132
0.67919767,0.0,0.59155214
0.38519788,0.0,0.62844074
0.69832367,0.0,0.6667543
0.6591304,0.0,0.19227937
0.7105484,0.0,0.2939644
0.7044612,0.0,0.03381784
0.673163,0.0,0.082508534
0.8262762,0.0,0.04601169
0.9494762,0.0,0.010224432
0.58232117,0.0,0.091959916
0.74147934,0.0,0.2569198
0.8791636,0.0,0.19174816
0.7714259,0.0,0.16775952
0.7817368,0.0,0.57694507
0.31101874,0.0,0.29921567
0.8311194,0.0,0.14487629
0.9240958,0.0,0.08427587
0.8695192,0.0,0.0
0.60070497,0.0,0.18517345
0.7839327,0.0,0.3726433
0.71520513,0.0,0.12752569
0.6277228,0.0,0.0077600726
0.5648255,0.0,0.3602008
0.4915096,0.0,0.6436585
0.47047326,0.0,0.30705342
0.46414706,0.0,0.33741152
0.5538325,0.0,0.12751536
0.4468327,0.0,0.48355156
0.6368407,0.0,0.20069863
0.49941322,0.0,0.3713383
0.50071025,0.0,0.13119395
0.6767901,0.0,0.00021020406
0.6039077,0.0,0.03268675
0.49513835,0.0,0.36234197
0.8503563,0.0,0.013131793
0.93019867,0.0,0.0
0.5201129,0.0,0.20015496
0.47921616,0.0,0.037922066
0.85413295,0.0,0.003424487
0.8637049,0.0,0.0
0.74078155,0.0,0.064227104
0.93846226,0.0,0.0
0.758867,0.0,0.0
0.74677587,0.0,0.056010257
0.7432288,0.0,0.1563151
0.6414142,0.0,0.0
0.9403446,0.0,0.051989347
0.4939646,0.0,0.35525808
0.6294731,0.0,0.28154343
0.7737779,0.0,0.3829774
0.49922687,0.0,0.8356601
0.7117722,0.0,0.56703854
0.8360311,0.0,0.79220796
0.5581613,0.0,0.4657495
0.6633035,0.0,0.1305806
0.47237834,0.0,0.058607332
0.33453956,0.0,0.15534885
0.8869748,0.0,0.02595644
0.92146206,0.0,0.0
0.8707689,0.0,0.0
0.8036663,0.0,0.0021943857
0.4705537,0.0,0.09033594
0.8351566,0.0,0.06565459
0.7651682,0.0,0.012015699
0.7729259,0.0,0.11673266
0.8623875,0.0,0.0
0.5791904,0.0,0.41747525
0.82862824,0.0,0.07604143
0.8448342,0.0,0.0030809925
0.75937194,0.0,0.16780703
0.7273738,0.0,0.0
0.6413946,0.0,0.1811895
0.52434295,0.0,0.75333285
0.34843376,0.0,0.47773224
0.5944888,0.0,0.16747804
0.7393622,0.0,0.086687006
0.5143977,0.0,0.0
0.6154482,0.0,0.0022557494
0.7163582,0.0,3.500611e-05
0.82992715,0.0,0.068767674
0.682837,0.0,0.095081665
0.75551134,0.0,0.0
0.8381148,0.0,0.07381926
0.8264511,0.0,0.13072462
0.82302636,0.0,0.0
0.56146336,0.0,0.0
0.60549086,0.0,0.14529727
0.75201017,0.0,0.11348519
0.55901146,0.0,0.3257381
0.4618826,0.0,0.37270457
0.3635128,0.0,0.7086451
0.3589119,0.0,0.4940469
0.3439894,0.0,0.52734184
0.45434058,0.0,0.39587712
0.4843409,0.0,0.23019691
0.5675061,0.0,0.281841
0.5299527,0.0,0.2719087
0.47545606,0.0,0.3487543
0.50209063,0.0,0.19800301
0.69435006,0.0,0.3825757
0.309039,0.0,0.66231036
0.62745816,0.0,0.30779254
0.6495991,0.0,0.21212287
0.83606094,0.0,0.121382855
0.86121553,0.0,0.18539771
0.6957049,0.0,0.33587456
0.54929894,0.0,0.06752426
0.9174252,0.0,0.04729901
0.9128002,0.0,0.049905434
0.874681,0.0,0.013102807
0.6071328,0.0,0.040398568
0.7945035,0.0,0.102203116
0.84737384,0.0,0.10700435
0.6280212,0.0,0.002452223
0.5162902,0.0,0.21547683
0.7562857,0.0,0.47312576
0.612262,0.0,0.54599005
0.6506183,0.0,0.12917104
0.65676963,0.0,0.31617928
0.60786396,0.0,0.24343656
0.36153,0.0,0.59890914
0.42459965,0.0,0.43668568
0.6125372,0.0,0.05841562
0.74041545,0.0,0.31911504
0.818981,0.0,0.07017674
0.76344633,0.0,0.01830294
0.45363316,0.0,0.21047698
0.41296428,0.0,0.2820908
0.854578,0.0,0.13622627
0.89875484,0.0,0.016917234
0.85784054,0.0,0.02121607
0.9256962,0.0,0.0
0.859614,0.0,0.04543716
0.74613553,0.0,0.003740442
0.8337505,0.0,0.00085992826
0.78835094,0.0,0.0
0.8530928,0.0,0.0017561837
0.8507329,0.0,0.0009127098
0.841014,0.0,0.015547879
0.8130588,0.0,0.0008837937
0.76017344,0.0,0.0
0.8431929,0.0,0.0
0.49705192,0.0,0.082988895
0.5305336,0.0,0.08323626
0.57553434,0.0,0.0
0.5224818,0.0,0.18536167
0.5369983,0.0,0.2795888
0.75606316,0.0,0.70542336
0.8127124,0.0,0.6085917
0.8395288,0.0,0.45054027
0.810272,0.0,0.3188173
0.5764039,0.0,0.16171654
0.613124,0.0,0.546367
0.869092,0.0,0.086028926
0.38803315,0.0,0.25620764
0.34793884,0.0,0.19503921
0.54770654,0.0,0.0
0.75093627,0.0,0.015647441
0.4363627,0.0,0.3205362
0.5203209,0.0,0.4535248
0.40130797,0.0,0.35651055
0.83607274,0.0,0.08089225
0.33093786,0.0,0.5028266
0.33817968,0.0,0.6688345
0.8257955,0.0,0.6739937
0.5931967,0.0,0.045212843
0.50811267,0.0,0.29728302
0.8346812,0.0,0.2246863
0.7339019,0.0,0.63287824
0.47258955,0.0,0.29652587
0.74946815,0.0,0.0022393838
0.7265458,0.0,0.3716581
0.41758367,0.0,0.47481155
0.5863779,0.0,0.06768268
0.8738864,0.0,0.014501842
0.68049955,0.0,0.16841826
0.62400824,0.0,0.49449784
0.4287177,0.0,0.39323345
0.44801128,0.0,0.70521295
0.5378878,0.0,0.32430616
0.7093877,0.0,0.18360268
0.39597458,0.0,0.06641565
0.5566781,0.0,0.5734036
0.72132564,0.0,0.21359272
0.536111,0.0,0.1420533
0.35060185,0.0,0.7153807
0.40216464,0.0,0.18996018
0.8179769,0.0,0.0025490026
0.43046188,0.0,0.4106633
0.5018613,0.0,0.43498456
0.4198244,0.0,0.2228311
0.607472,0.0,0.34720516
0.82318944,0.0,0.015018965
0.74507445,0.0,8.958586e-05
0.39318302,0.0,0.34447592
0.4882673,0.0,0.19109459
0.6129602,0.0,0.0034412201
0.69883263,0.0,0.0041497983
0.3061828,0.0,0.46664533
0.78407836,0.0,0.016909465
0.7042201,0.0,0.0
0.42546627,0.0,0.37648696
0.6089044,0.0,0.15464658
0.81321555,0.0,0.0
0.88612026,0.0,0.0414121
0.69151807,0.0,0.33594143
0.63609827,0.0,0.5645481
0.48449907,0.0,0.4793618
0.81124455,0.0,0.077258974
0.63480353,0.0,0.5195328
0.5925137,0.0,0.40984502
0.78191376,0.0,0.054785337
0.6572362,0.0,0.16963442
0.5700295,0.0,0.47600406
0.7324637,0.0,0.03509574
0.6473905,0.0,0.35440296
0.5027843,0.0,0.3684281
0.72174335,0.0,0.00014011071
0.5972145,0.0,0.30199638
0.59465617,0.0,0.44822818
0.33025068,0.0,0.26171052
0.8693133,0.0,0.0014871791
0.56734914,0.0,0.24882574
0.4705517,0.0,0.41525504
0.80032134,0.0,0.02998421
0.5648682,0.0,0.24002002
0.7481957,0.0,0.57843095
0.44399843,0.0,0.48356435
0.52358484,0.0,0.3166876
0.6425083,0.0,1.0
0.69291127,0.0,0.16028383
0.57989365,0.0,0.3210754
0.91402364,0.0,0.00022235334
0.36915848,0.0,0.19211408
0.5746624,0.0,0.0017892272
0.40707844,0.0,0.35578656
0.45854634,0.0,0.37368354
0.6468926,0.0,0.0
0.58638424,0.0,0.09225969
0.43488657,0.0,0.06018789
0.5610805,0.0,0.1632073
0.7908855,0.0,0.27488643
0.66831464,0.0,0.49755153
0.54231584,0.0,0.5700326
0.4423759,0.0,0.7077677
0.6736166,0.0,0.3404362
0.49247175,0.0,0.86775494
0.6812649,0.0,0.61555463
0.8107616,0.0,0.37942922
0.42300546,0.0,0.47627258
0.51313883,0.0,0.46049467
0.7744105,0.0,0.045659576
0.8182724,0.0,6.881211e-05
0.535374,0.0,0.19750686
0.49430808,0.0,0.4594297
0.6695416,0.0,0.0060296245
0.65620553,0.0,0.34519902
0.7076474,0.0,0.021048574
0.43910792,0.0,0.28319415
0.6018061,0.0,0.00045970306
0.4670858,0.0,0.36186442
0.47264817,0.0,0.60754293
0.4853523,0.0,0.22561893
0.78871185,0.0,0.17203802
0.5915315,0.0,0.00078136654
0.701407,0.0,0.0
0.63770396,0.0,0.0
0.9113651,0.0,0.0
0.83440274,0.0,0.010244152
0.8802701,0.0,0.098727114
0.5242284,1.0,0.4289578
0.84826374,1.0,0.7294594
0.7334006,0.0,0.41555735
0.8700657,0.0,0.013948122
0.8367803,0.0,0.093311384
0.5522328,0.0,0.06915912
0.73069245,0.0,0.23369661
0.7688818,0.0,0.08934549
0.7988164,0.0,0.00029485216
0.9261918,0.0,0.0
0.61368686,0.0,0.23215407
0.8740384,0.0,0.0154348165
0.94872975,0.0,0.0
0.82423645,0.0,0.0
0.80388814,0.0,0.12888849
0.91472536,0.0,0.46694344
0.8513859,0.0,0.1957744
0.4556528,0.0,0.63826907
0.7024467,0.0,0.19340123
0.6373405,0.0,0.29931113
0.50615495,0.0,0.3196015
0.65794945,0.0,0.26887423
0.7841549,0.0,0.24321315
0.907024,0.0,0.0689565
0.6088309,0.0,0.18486942
0.88438684,0.0,0.023595357
0.64148104,0.0,0.45669627
0.44555783,0.0,0.40371737
0.8015625,0.0,0.43652692
0.700786,0.0,0.6435932
0.55962336,0.0,0.32266584
0.47959623,0.0,0.4959078
0.5530913,0.0,0.21530291
0.822499,0.0,0.62348646
0.6746438,0.0,0.36166772
0.8047517,0.0,0.02373506
0.52582884,0.0,0.2677897
0.51531136,0.0,0.39852887
0.6330344,0.0,0.19725743
0.79697084,0.0,0.0020810696
0.29781058,0.0,0.021122908
0.404677,0.0,0.08952482
0.62703496,0.0,0.016372463
0.6393418,0.0,0.3334406
0.80878025,0.0,0.38012034
0.84785485,1.0,0.33364606
0.69104713,0.0,0.049938142
0.952891,0.0,0.095794156
0.78984594,0.0,0.54095435
0.9132226,0.0,0.52034575
0.5472911,0.0,0.19581601
0.7547728,0.0,0.54026365
0.7375552,0.0,0.12167484
0.6048306,1.0,0.6596174
0.52329344,1.0,0.38495988
0.5828161,0.0,0.00021461386
0.68031424,0.0,0.15922678
0.58909434,0.0,0.32135805
0.53064066,0.0,0.06885279
0.8043574,0.0,0.0
0.67348087,0.0,0.07318666
0.54090613,0.0,0.5537779
0.6562477,0.0,0.21463421
0.85387325,0.0,0.00024199404
0.63582593,0.0,0.33499604
0.65179914,0.0,0.6049328
0.5322117,0.0,0.24409789
0.44712573,0.0,0.16464278
0.42060658,0.0,0.5170529
0.5425476,0.0,0.7263181
0.8043776,0.0,0.48267052
0.7581384,0.0,0.44636056
0.44032404,0.0,0.16668041
0.6725645,0.0,0.36892143
0.47570544,0.0,0.42364952
0.5595233,0.0,0.097317725
0.83928573,0.0,0.0
0.43687782,0.0,0.38084617
0.47086358,0.0,0.5522761
0.61232144,0.0,0.03986427
0.7667289,0.0,0.0006590103
0.42821786,0.0,0.31916276
0.4460203,0.0,0.15173109
0.65351593,0.0,0.009320033
0.6162829,0.0,0.5122715
0.61270374,0.0,0.0039121886
0.73046684,0.0,0.36234042
0.65821373,0.0,0.09132456
0.6421291,0.0,0.51056856
0.7207321,0.0,0.4161799
0.79547423,0.0,0.11162926
0.6725663,0.0,0.25703716
0.5535967,1.0,0.45147356
0.6639304,1.0,0.3626475
0.75603,1.0,0.4192591
0.6874567,0.0,0.0061901542
0.84923464,1.0,0.67721593
0.54673886,1.0,0.63347775
0.800023,0.0,0.050362613
0.7736259,0.0,0.38955146
0.5593453,0.0,0.38496006
0.73474705,0.0,0.10905398
0.45741457,0.0,0.17775546
0.57153916,0.0,0.23819427
0.6735627,0.0,0.008361268
0.41244763,0.0,0.07179631
0.8023721,0.0,0.0007933204
0.7918605,0.0,0.027944569
0.86376107,0.0,0.0062976694
0.7310566,0.0,0.0004650013
0.761178,0.0,0.13704385
0.8878795,0.0,0.15797244
0.5402122,0.0,0.03182186
0.9154603,0.0,0.010774108
0.78027916,0.0,0.09598554
0.5956822,0.0,0.44686103
0.709493,0.0,0.0076422975
0.73072046,0.0,0.27188843
0.69157434,0.0,0.0014801179
0.70739174,0.0,0.0
0.85076374,0.0,0.0
0.85559183,0.0,0.0046707764
0.83588314,0.0,0.06823573
0.8673767,0.0,0.0737369
0.7488355,0.0,0.038098235
0.8483188,0.0,0.08965242
0.6967802,1.0,0.28892908
0.65231,1.0,0.68452406
0.8736252,1.0,0.08356031
0.83224785,1.0,0.51936114
0.5966396,1.0,0.7614347
0.76026213,0.0,0.552229
0.5014023,0.0,0.011011422
0.62174904,1.0,0.32984826
0.477269,0.0,0.4832439
0.72555584,0.0,0.23478916
0.9047956,0.0,0.0036611487
0.7706193,0.0,0.11183112
0.41464567,0.0,0.55263203
0.6467564,0.0,0.010129444
0.88684386,0.0,0.0034935488
0.6959381,0.0,0.27113193
0.468738,0.0,0.22669594
0.91249156,0.0,0.013746891
0.69669044,0.0,0.21811166
0.3068433,0.0,0.7032404
0.48412192,0.0,0.5414986
0.5448208,0.0,0.3692209
0.6864442,0.0,0.19925009
0.49469966,0.0,0.013495129
0.70352644,0.0,0.0
0.7467999,0.0,0.0
0.84382534,0.0,0.00061849004
0.7463791,0.0,0.007047006
0.8375516,0.0,0.015614807
0.7490438,1.0,0.47445965
0.902161,0.0,0.29546347
0.82077646,0.0,0.09141068
0.78114897,1.0,0.17680967
0.68208474,0.0,0.38243416
0.8780047,0.0,0.0064538396
0.75278723,0.0,0.0005955084
0.5917314,0.0,0.25783497
0.62945473,0.0,0.19242796
0.8663044,0.0,0.0121545745
0.57190543,0.0,0.3689184
0.64881355,0.0,0.105147816
0.8110277,0.0,0.0
0.6974405,0.0,0.0
0.7249218,0.0,0.035455
0.87235296,0.0,0.0
0.60113424,0.0,0.23958272
0.5529119,0.0,0.6891543
0.65381205,0.0,0.012941528
0.71054554,0.0,0.4183839
0.4870342,0.0,0.31207892
0.82085335,0.0,0.47975335
0.6204288,0.0,0.11860733
0.6720469,0.0,0.28696463
0.71303505,0.0,0.088207036
0.48243552,0.0,0.3519446
0.55270195,0.0,0.21267603
0.417365,0.0,0.3293285
0.60734147,0.0,0.3606421
0.690478,0.0,0.0123317465
0.7421606,0.0,5.1130995e-05
0.50354093,0.0,0.35529825
0.61264753,0.0,0.6144734
0.73366064,0.0,0.18131907
0.5579735,0.0,0.3896484
0.40361118,1.0,0.2528794
0.4899356,1.0,0.6685545
0.82724553,1.0,0.7261793
0.6066767,1.0,0.06692695
0.49122915,1.0,0.3368863
0.65046626,1.0,0.5776575
0.5981802,1.0,0.28824228
0.63125676,0.0,0.028703418
0.48390532,1.0,0.27282873
0.5341999,1.0,0.19941111
0.6000078,0.0,0.01588393
0.4148599,0.0,0.225888
0.46850258,1.0,0.48814884
0.5440258,0.0,0.069275215
0.6778543,0.0,0.07131133
0.59915715,0.0,0.36727974
0.5544859,0.0,0.5130713
0.43909684,0.0,0.37170523
0.68244475,0.0,0.20341587
0.77093554,0.0,0.39103955
0.43659785,0.0,0.0021563363
0.5874037,0.0,0.05982392
0.6001561,0.0,0.63409215
0.6327865,0.0,0.17373359
0.41503254,0.0,0.38138926
0.70550466,1.0,0.55888534
0.6124764,1.0,0.55445623
0.49267572,0.0,0.33932614
0.7629381,1.0,0.05505165
0.54229045,1.0,0.59857875
0.39823914,1.0,0.52586377
0.5632236,0.0,0.4839517
0.5395634,1.0,0.0882842
0.3742272,1.0,0.6531002
0.39225146,1.0,0.6966981
0.3975211,0.0,0.89954144
0.42642835,0.0,0.6550317
0.45765534,0.0,0.68264794
0.53861296,0.0,0.14853807
0.5103429,0.0,0.00011903637
0.38067585,0.0,0.5629487
0.46731168,0.0,0.4330095
0.7981886,0.0,0.06862725
0.6157667,0.0,0.41639924
0.70891714,0.0,0.12953115
0.654607,0.0,0.36513853
0.38009813,0.0,0.27131054
0.9505505,0.0,0.18273422
0.57281464,0.0,0.13437858
0.35122877,0.0,0.28580278
0.5589174,0.0,0.021384876
0.45443982,0.0,0.506639
0.37011886,0.0,0.35026097
0.8758282,0.0,0.015787533
0.7271031,0.0,0.11749167
0.5010485,0.0,0.45759842
0.7012859,0.0,0.0034583278
0.83590436,0.0,0.023059199
0.589841,0.0,0.35649335
0.44014338,0.0,0.213716
0.48944446,0.0,0.0
0.53837556,0.0,0.22733074
0.3213193,0.0,0.58735996
0.42404905,0.0,0.33594397
0.6113988,0.0,0.16696185
0.2981625,0.0,0.5215868
0.32194203,0.0,0.78002983
0.67661357,0.0,0.1348709
0.8492218,0.0,0.012481228
0.25435415,0.0,0.32864422
0.50043815,0.0,0.28516537
0.48440197,0.0,0.2740009
0.510273,0.0,0.4177942
0.9390902,0.0,0.13988493
0.7860718,0.0,0.18474054
0.39513892,0.0,0.3500578
0.721506,0.0,0.04164115
0.8644694,0.0,0.3877582
0.63713765,0.0,0.43416354
0.54366785,0.0,0.43487942
0.5408749,0.0,0.24831234
0.42197177,0.0,0.23941967
0.7903586,0.0,0.0
0.58509517,0.0,0.13708156
0.7132773,0.0,9.5585085e-05
0.6746457,0.0,0.0058791623
0.49884787,0.0,0.28479794
0.91470224,0.0,0.0
0.6784793,0.0,0.10296234
0.6073058,0.0,0.251281
0.648267,0.0,0.35525116
0.6565829,0.0,0.60633004
0.5466039,0.0,0.6468388
0.41694027,0.0,0.7350701
0.58019036,0.0,0.19271669
0.4561157,0.0,0.25368646
0.5130102,0.0,0.0
0.8221224,0.0,0.0
0.66400343,0.0,0.0
0.7238549,0.0,0.0035688253
0.670766,0.0,0.005641527
0.7777984,0.0,0.0
0.8264709,0.0,0.00038965628
0.56125194,0.0,0.015053507
0.6400133,1.0,0.013772575
0.70826405,0.0,0.0
0.76111114,1.0,0.099930696
0.7654269,1.0,0.020372668
0.4707861,0.0,0.112828925
0.8260796,0.0,0.015053259
0.7222543,0.0,0.0
0.82522,0.0,0.0053144093
0.9547826,0.0,0.09836554
0.80363184,0.0,0.0
0.79614735,0.0,0.0
0.8888822,0.0,0.024145532
0.80438495,0.0,0.101070546
0.79972297,0.0,0.0018664243
0.8644251,0.0,0.0
0.59500927,0.0,0.101379596
0.36204553,0.0,0.22942203
0.8119986,0.0,0.0038334236
0.8347547,0.0,0.109961696
0.55258644,0.0,0.45007485
0.60195345,0.0,0.12504728
0.6591406,0.0,0.24984059
0.44021136,0.0,0.47771278
0.61564344,0.0,0.6621802
0.5279503,0.0,0.28574666
0.5735377,0.0,0.6822861
0.6093182,0.0,0.35924834
0.8375365,0.0,0.0032891133
0.41601637,0.0,0.17145947
0.5668792,0.0,0.38840422
0.79544175,0.0,0.0012337532
0.82929385,0.0,0.0
0.5137398,0.0,0.34429643
0.6807864,0.0,0.366093
0.9538617,0.0,0.014281696
0.50339156,0.0,0.03482257
0.7674727,0.0,0.0006642811
0.61517584,0.0,0.027031034
0.7927595,0.0,0.0041170046
0.91145283,0.0,2.770007e-05
0.8614563,0.0,0.017302074
0.8466176,0.0,0.025203949
0.9264232,0.0,0.005724852
0.884658,0.0,0.0030168872
0.7731367,0.0,0.0
0.80194885,0.0,0.009646899
0.95208806,0.0,0.0
0.934131,0.0,0.01987314
0.7193786,0.0,0.16334777
0.7737407,0.0,0.1611604
0.88425213,0.0,0.035105594
0.67625874,0.0,0.2999183
0.69884926,0.0,0.56989706
0.71438813,0.0,0.56017166
0.87146145,1.0,0.30187273
0.8020518,0.0,0.21558842
0.56732714,1.0,0.3794167
0.7391308,0.0,0.12063775
0.8932401,1.0,0.077608384
0.6559803,0.0,0.018483438
0.7628874,0.0,0.00074214395
0.67923015,0.0,0.13755575
0.4743414,0.0,0.06433887
0.3689896,0.0,0.5311617
0.7948285,0.0,0.038071573
0.7498216,0.0,0.56327736
0.6456831,0.0,0.9009068
0.75388587,0.0,0.2494789
0.779478,0.0,0.9042013
0.5670182,0.0,0.23529369
0.56566465,0.0,0.32829237
0.7444327,0.0,0.005386957
0.88134766,0.0,0.024404744
0.8765973,0.0,0.0
0.7776021,0.0,0.0046760966
0.8583489,0.0,0.10835992
0.85087335,0.0,0.028358663
0.86237055,0.0,0.0
0.92835104,0.0,0.000472627
0.74911726,0.0,0.44875818
0.7064947,0.0,0.0787361
0.75364685,0.0,0.16787173
0.93995357,0.0,0.2035319
0.8133392,0.0,0.3566019
0.7917977,0.0,0.4907188
0.75773174,0.0,0.49657303
0.7752441,0.0,0.19895189
0.9213227,0.0,0.22486198
0.80256015,0.0,0.17128542
0.6211137,0.0,0.5676232
0.5189451,0.0,0.3840943
0.7108536,0.0,0.18447618
0.6059182,1.0,0.4210133
0.5981889,1.0,0.18474704
0.6614074,1.0,0.33083156
0.82210827,1.0,0.2262932
0.93305516,0.0,0.022840925
0.6063765,0.0,0.10644936
0.8465688,0.0,0.008253984
0.53527665,0.0,0.53275037
0.71824616,0.0,0.5109873
0.75693923,0.0,0.17720503
0.8978744,0.0,0.14284045
0.830998,0.0,0.2244787
0.72347635,0.0,0.041168384
0.51344335,0.0,0.34930998
0.69316924,0.0,0.014801263
0.79459006,0.0,0.0051692794
0.50452006,0.0,0.35651806
0.5918878,0.0,0.043829445
0.8429487,0.0,0.00499363
0.8751193,0.0,0.05079943
0.5645798,0.0,0.34580994
0.86642265,0.0,0.106514275
0.9297137,0.0,0.066470616
0.6703393,0.0,0.60546774
0.56951666,0.0,0.64694214
0.5417204,0.0,0.16975622
0.35586062,0.0,0.5790893
0.3712133,0.0,0.20826942
0.6335856,0.0,0.03620911
0.5510874,0.0,0.32113823
0.6087383,0.0,0.0
0.69473255,0.0,0.00032486167
0.8736539,0.0,0.0
0.757471,0.0,0.0077351974
0.787515,0.0,0.00027755552
0.71482265,1.0,0.035573866
0.8797019,1.0,0.027617149
0.82071865,1.0,0.26068047
0.87843215,1.0,0.2091998
0.8788985,0.0,0.092978016
0.9265775,1.0,0.076892786
0.89213616,0.0,0.00020364499
0.8894524,0.0,0.019387996
0.83839023,0.0,0.01332864
0.79938555,0.0,0.006416293
0.811295,0.0,0.10027788
0.9231924,0.0,0.0
0.8511942,0.0,0.19588149
0.6920064,0.0,0.26528987
0.7576022,0.0,0.61948454
0.8860614,0.0,0.4593142
0.6125579,0.0,0.60320544
0.5092472,0.0,0.025092583
0.4963973,0.0,0.7235746
0.76745605,0.0,0.21532181
0.609228,0.0,0.26197094
0.62814426,0.0,0.5351661
0.46993428,0.0,0.21463871
0.81401634,0.0,0.0
0.46165133,0.0,0.19655395
0.45224956,0.0,0.45837104
0.7608495,0.0,0.04021387
0.8185517,0.0,0.0
0.4876161,0.0,0.47260815
0.41016024,0.0,0.37218186
0.8731617,0.0,0.0
0.70572335,0.0,0.08738569
0.34574875,0.0,0.49717498
0.6140496,0.0,0.21686132
0.8627128,0.0,0.0012442069
0.67182,0.0,0.25258335
0.5175187,0.0,0.5680378
0.72447664,0.0,0.3900949
0.7723838,0.0,0.4060248
0.5197976,0.0,0.4089858
0.44824368,0.0,0.10487004
0.47766867,0.0,0.7103805
0.92223203,0.0,0.058880284
0.3954146,0.0,0.55564165
0.8796613,0.0,0.28454438
0.9266037,0.0,0.061736543
0.7964734,0.0,0.066861875
0.8555945,0.0,0.059094545
0.9236179,0.0,0.15425159
0.6809817,1.0,0.6895303
0.8121029,1.0,0.23610428
0.9374142,1.0,0.30021754
0.9348704,1.0,0.44591278
0.6514241,0.0,0.29912084
0.85084087,0.0,0.030498782
0.8031144,0.0,0.00039496893
0.8355035,0.0,0.0
0.87448424,0.0,0.014782471
0.80873525,0.0,0.015599044
0.7503472,0.0,0.013556862
0.79955894,0.0,0.004667864
0.856668,0.0,0.04674095
0.7216491,0.0,0.0
0.7281669,0.0,0.0906434
0.44708532,0.0,0.44417608
0.6228006,0.0,0.39985234
0.58860826,0.0,0.57957315
0.6764368,0.0,0.03926243
0.5271701,0.0,0.28757814
0.6678173,0.0,0.022234337
0.80084974,0.0,0.0
0.8058117,0.0,5.0241775e-05
0.7939361,0.0,0.061696563
0.8595047,0.0,0.0016144882
0.6142128,1.0,0.08783565
0.8191544,0.0,0.00082099455
0.81389457,0.0,0.10276218
0.8214247,0.0,0.09033023
0.5530246,1.0,0.57987404
0.82688105,1.0,0.36306536
0.63227475,1.0,0.71230316
0.60545397,0.0,0.34635463
0.78981715,0.0,0.06691706
0.86781377,1.0,0.14446162
0.8021049,0.0,0.49712604
0.8316869,0.0,0.016421415
0.74337316,0.0,0.26348552
0.64510435,0.0,0.2599855
0.46926725,0.0,0.580837
0.7742816,0.0,0.2030131
0.7957735,0.0,1.8224277e-05
0.48778385,0.0,0.23021008
0.5722181,0.0,0.21136114
0.9028938,0.0,0.0010771157
0.8922162,0.0,0.0
0.43902534,0.0,0.35921314
0.7371979,0.0,0.0014312799
0.82496524,0.0,0.00093780394
0.69408965,0.0,0.016134264
0.50728804,0.0,0.2596199
0.8715652,0.0,0.001655146
0.9420786,0.0,0.0
0.6199917,0.0,0.1509431
0.64116234,0.0,0.16175023
0.8645452,0.0,0.00015908813
0.8066173,0.0,0.0
0.70403683,0.0,0.30130032
0.73343956,0.0,0.17446502
0.7878259,0.0,0.031332456
0.75678784,0.0,0.18753216
0.8460967,0.0,0.5045935
0.46469474,0.0,0.39508277
0.5156042,0.0,0.9883398
0.46174347,0.0,0.7981514
0.68026626,0.0,0.34495905
0.6690951,0.0,0.18574262
0.88169384,0.0,0.16818118
0.6883133,0.0,0.0
0.73778325,0.0,0.011795723
0.91455793,0.0,0.0
0.8617786,0.0,0.013809844
0.90999216,0.0,0.031132413
0.8425286,0.0,0.0
0.8960234,0.0,0.056409337
0.78435063,0.0,0.07989713
0.7939156,0.0,0.123459905
0.9003154,0.0,0.044646043
0.9537912,0.0,0.0
0.85540915,0.0,0.2092679
0.65890855,0.0,0.0011381994
0.6985985,0.0,0.011154644
0.8178885,0.0,0.0030406278
0.9209091,0.0,0.00010246551
0.7101939,0.0,0.13540235
0.41297925,0.0,0.41721806
0.58195823,0.0,0.43829894
0.66252655,0.0,0.07515553
0.6028972,0.0,0.3488017
0.54932,0.0,0.2863064
0.5918683,0.0,0.329253
0.76172405,0.0,0.079758376
0.7426959,0.0,0.25853315
0.689711,0.0,0.025675137
0.83473593,0.0,0.40376946
0.59109414,0.0,0.33115354
0.6785422,0.0,0.49275953
0.8072628,0.0,0.05221982
0.456791,0.0,0.4619087
0.9146342,0.0,0.17116134
0.51145476,0.0,0.2656582
0.6647731,0.0,0.48309955
0.492651,0.0,0.4480007
0.33769655,0.0,0.42300135
0.46874774,0.0,0.71989614
0.60130674,0.0,0.120840766
0.71435475,0.0,0.19419606
0.60911727,0.0,0.045638923
0.6207434,0.0,0.022605445
0.62201,0.0,0.00032761492
0.68575287,0.0,0.25698408
0.7128538,0.0,0.025461918
0.5682302,0.0,0.32778537
0.49283502,0.0,0.24749653
0.83483636,0.0,0.0018017062
0.70807475,0.0,0.2196429
0.457464,0.0,0.41451007
0.5291049,0.0,0.083112404
0.87647194,0.0,0.003369541
0.70268273,0.0,0.18942602
0.5456239,0.0,0.2271034
0.71705645,0.0,0.0
0.9075889,0.0,0.06376399
0.5209826,0.0,0.5223627
0.5202593,0.0,0.30502355
0.7785543,0.0,0.014724758
0.73622257,0.0,0.06968911
0.50286716,0.0,0.5499165
0.5319802,0.0,0.5191931
0.6812055,0.0,0.25760898
0.66250765,0.0,0.70803505
0.6448178,0.0,0.061715618
0.58484775,0.0,0.37128896
0.7158703,0.0,0.08052694
0.5707161,0.0,0.29328182
0.44897828,0.0,0.2304773
0.8558688,0.0,0.018696262
0.73339176,0.0,0.049374327
0.81189114,0.0,0.0
0.92649865,0.0,0.005376591
0.8978499,0.0,0.0
0.72093827,0.0,0.0003015746
0.87484074,0.0,0.001431557
0.90651244,0.0,0.0
0.86874473,0.0,0.011247116
0.8444126,0.0,0.021525707
0.7514488,0.0,0.0058232956
0.8633346,0.0,0.0
0.87381,0.0,0.0
0.71681625,0.0,0.0024242834
0.810454,0.0,0.0016419481
0.93317866,0.0,0.0
0.8471929,0.0,0.041880343
0.38609275,0.0,0.46787554
0.5386013,0.0,0.74005127
0.4333049,0.0,0.5004198
0.6645304,0.0,0.03615968
0.48701006,0.0,0.42400604
0.54161084,0.0,0.19848412
0.6657706,0.0,0.16672854
0.7385627,0.0,0.23608701
0.5613942,0.0,0.2439232
0.81528145,0.0,0.0
0.6273292,0.0,0.00038366584
0.80132675,0.0,0.0
0.774808,0.0,0.037720084
0.7361473,0.0,0.039265845
0.702224,0.0,0.006213536
0.70638204,0.0,0.034202483
0.6394913,0.0,0.0751055
0.7527416,0.0,0.0050243563
0.6194651,0.0,0.07749211
0.79006684,0.0,0.53248984
0.81425786,0.0,0.08045911
0.67425483,0.0,0.02795013
0.5801844,0.0,0.28688776
0.4439301,0.0,0.3413125
0.73230314,0.0,0.060613032
0.5066247,0.0,0.3806669
0.42532817,0.0,0.66364133
0.44459587,0.0,0.47715878
0.63837874,0.0,0.56984
0.74524754,0.0,0.10979277
0.6948962,0.0,0.3249099
0.6080348,0.0,0.4398112
0.67271405,0.0,0.24205256
0.84520006,0.0,0.008226388
0.57657593,0.0,0.0944918
0.46336418,0.0,0.26591784
0.56551766,0.0,0.19625501
0.5940647,0.0,0.026180157
0.5416838,0.0,0.03221179
0.47791997,0.0,0.003377744
0.7479375,0.0,0.11055809
0.5389621,0.0,0.040383168
0.6484273,0.0,0.008922337
0.5677295,0.0,0.010275487
0.6793088,0.0,0.0035039845
0.588261,0.0,0.0
0.798619,0.0,0.00016374433
0.8801661,0.0,0.0
0.82103974,0.0,0.0
0.6084287,0.0,0.008024763
0.82573223,0.0,0.0013419886
0.3887523,0.0,0.20200676
0.6482223,0.0,0.12011973
0.8550952,0.0,0.00080684025
0.7861672,0.0,0.01234863
0.6725316,0.0,0.32993537
0.50424725,0.0,0.44134894
0.549205,0.0,0.25765648
0.57126963,0.0,0.7794976
0.53602636,0.0,0.3654419
0.880492,0.0,0.021303462
0.5423044,0.0,0.12307253
0.47725564,0.0,0.35757795
0.42867297,0.0,0.26827508
0.71309054,0.0,0.0
0.3881613,0.0,0.4440483
0.5569523,0.0,0.6832427
0.6031048,0.0,0.20460233
0.76553273,0.0,0.3001925
0.7665991,0.0,0.003743442
0.56481874,0.0,0.04069258
0.7843685,0.0,0.014897584
0.86922735,0.0,0.0
0.64683986,0.0,0.018675508
0.7806146,0.0,0.00091602164
0.84854484,0.0,0.0
0.7709548,0.0,0.0004433334
0.79114306,0.0,0.00056493626
0.9165288,0.0,0.0012817162
0.73088294,0.0,0.0032649983
0.4666015,0.0,0.069212325
0.47279656,0.0,0.20351079
0.80552256,0.0,0.039522078
0.7037112,0.0,0.0014744158
0.51393175,0.0,0.5425417
0.5857105,0.0,0.2053343
0.7876278,0.0,0.5294396
0.766157,0.0,0.1710527
0.74712956,0.0,0.17578447
0.51397026,0.0,0.018589566
0.71799695,0.0,0.014243514
0.8671242,0.0,0.0009480129
0.50845546,0.0,0.18685937
0.715081,0.0,0.0008946027
0.8434809,0.0,0.0
0.7529754,0.0,0.0055233804
0.4626768,0.0,0.005248535
0.79100245,0.0,0.00023318174
0.60968876,0.0,0.0056192577
0.6251955,0.0,0.0022668021
0.6857994,0.0,0.006499917
0.83189845,0.0,0.0039931354
0.5736517,0.0,0.060738355
0.45663053,0.0,0.0045623058
0.5045842,0.0,0.40330198
0.47247297,0.0,0.47021174
0.45851925,0.0,0.2866435
0.51866543,0.0,0.37020454
0.7612019,0.0,0.06703313
0.88178706,0.0,0.108527355
0.6382382,0.0,0.49942672
0.5235161,0.0,0.34584418
0.7797601,0.0,0.01677621
0.7028148,0.0,0.06841023
0.3197605,0.0,0.5887299
0.578341,0.0,0.29115677
0.871986,0.0,0.01195864
0.68802077,0.0,0.29543382
0.8832517,0.0,0.029097956
0.80427164,0.0,0.0779147
0.49613476,0.0,0.39984515
0.50843054,0.0,0.37774315
0.6540437,0.0,0.00048702257
0.7318172,0.0,0.06745795
0.73795015,0.0,0.08742639
0.46972582,0.0,0.40731898
0.8061905,0.0,0.13931978
0.49695322,0.0,0.24456485
0.48946822,0.0,0.3513153
0.81166697,0.0,0.014306947
0.7174034,0.0,0.050213408
0.74373174,0.0,0.24196798
0.57157606,0.0,0.44074464
0.716084,0.0,0.06665652
0.6192188,0.0,0.13796991
0.6615913,0.0,0.35647127
0.7496381,0.0,0.025752872
0.3851049,0.0,0.35782272
0.5234021,0.0,0.31695458
0.67770165,0.0,0.3841575
0.80632687,0.0,0.62639034
0.6575594,0.0,0.32613954
0.77500373,0.0,0.7421505
0.8285716,0.0,0.70045626
0.6059328,0.0,0.115308054
0.5400899,0.0,0.33456117
0.8549532,0.0,0.0096669085
0.75406194,0.0,0.15059789
0.8876539,0.0,0.003638375
0.7592986,0.0,0.0
0.8947855,0.0,0.0
0.82331604,0.0,0.007648044
0.85874563,0.0,0.013446406
0.90556157,0.0,0.0
0.8770556,0.0,0.08608792
0.9238156,0.0,0.067703
0.8462281,0.0,0.011045291
0.86326426,0.0,0.00477471
0.88472277,0.0,0.0
0.7558962,0.0,0.016665604
0.65649194,0.0,0.013476021
0.8436599,0.0,0.055054583
0.89246017,0.0,0.07435528
0.7486889,0.0,0.13291508
0.6447738,0.0,0.07599534
0.6404841,0.0,0.04905954
0.3999705,0.0,0.5447295
0.4799067,0.0,0.51577854
0.6868916,0.0,0.35186672
0.67395747,0.0,0.3578635
0.77222663,0.0,0.08301217
0.6613008,0.0,0.0
0.7295714,0.0,0.009716045
0.694127,0.0,0.04352726
0.8874801,0.0,0.0028938372
0.81259865,0.0,0.25422034
0.76499236,0.0,0.17242192
0.92584383,0.0,0.040030375
0.88332397,0.0,0.02441135
0.8881831,0.0,0.05236226
0.57091266,0.0,0.008627306
0.8074965,0.0,0.0
0.73432183,0.0,0.021448273
0.91649026,0.0,0.0009516249
0.6402058,0.0,0.06013597
0.66589075,0.0,0.08403689
0.5429357,0.0,0.66961527
0.5343847,0.0,0.5732601
0.70324033,0.0,0.23800272
0.48834234,0.0,0.21066417
0.59398055,0.0,0.416845
0.8189484,0.0,0.04674286
0.55735904,0.0,0.6308687
0.5466627,0.0,0.29000032
0.48863062,0.0,0.25049505
0.86717796,0.0,0.0076131513
0.87057877,0.0,0.0
0.781059,0.0,0.025062567
0.89656335,0.0,0.0012150347
0.8641484,0.0,0.0022699216
0.8790267,0.0,0.008400709
0.8068111,0.0,0.049302753
0.5291608,0.0,0.0
0.63783276,0.0,0.34304792
0.67183274,0.0,0.42557532
0.54366773,0.0,0.012470886
0.5776058,0.0,0.23768236
0.8056305,0.0,0.25806797
0.70567554,0.0,0.033121523
0.8878326,0.0,0.078611195
0.9170561,0.0,0.0012649408
0.5345935,0.0,0.005841117
0.79973054,0.0,0.0
0.89337945,0.0,0.0064228554
0.7948912,0.0,0.0
0.72608685,0.0,0.039282527
0.81551903,0.0,0.0057547404
0.6106633,0.0,0.07306887
0.8925916,0.0,0.010349051
0.9087809,0.0,0.16882434
0.90573025,0.0,0.12033805
0.96774006,0.0,0.0037969875
0.8744335,0.0,0.080492616
0.5724872,0.0,0.18788166
0.80182064,0.0,0.21881649
0.89339954,0.0,0.0016278399
0.8952263,0.0,0.20744443
0.76828283,0.0,0.2788196
0.64130306,0.0,0.54354393
0.52446073,0.0,0.4128391
0.54310274,0.0,0.591132
0.7449207,0.0,0.3849696
0.7897485,0.0,0.01405368
0.4452204,0.0,0.7176794
0.45869568,0.0,0.42157584
0.64886147,0.0,0.34310588
0.7185805,0.0,0.5683014
0.6005043,0.0,0.21580663
0.7029124,0.0,0.011635104
0.7221175,0.0,0.11695885
0.5453708,0.0,0.45709938
0.6542176,0.0,0.18276124
0.7362626,0.0,0.0
0.41417828,0.0,0.40893567
0.5404802,0.0,0.45210359
0.5280643,0.0,0.099209
0.318347,1.0,0.71952426
0.43250299,1.0,0.41660088
0.7049301,0.0,0.068480305
0.40776023,0.0,0.3232699
0.46343648,0.0,0.55149776
0.85952157,0.0,0.013674185
0.86381316,0.0,0.1392339
0.8500604,0.0,0.013774184
0.8186454,0.0,0.0073008514
0.65146273,0.0,0.0067507764
0.8567171,0.0,0.0
0.7727677,0.0,0.26181528
0.7034048,0.0,0.024644844
0.7466086,0.0,0.0018876302
0.777355,0.0,0.054361783
0.8887367,0.0,0.0
0.7887635,0.0,0.04740986
0.51828533,0.0,0.22247201
0.6499835,0.0,0.24672876
0.68089044,0.0,0.124348156
0.46366096,0.0,0.07573021
0.53008604,0.0,0.14323056
0.505357,0.0,0.10740174
0.723312,0.0,0.0
0.5216186,0.0,0.15577118
0.79544586,0.0,0.32785308
0.8248879,0.0,0.2313474
0.83026236,0.0,0.30418634
0.61988837,0.0,0.2202437
0.6679929,0.0,0.40950876
0.91179746,0.0,0.53343385
0.6724434,0.0,0.52299017
0.68967944,0.0,0.91673416
0.7573984,0.0,0.5032958
0.87667406,0.0,0.15667512
0.6163224,0.0,0.3688616
0.65310353,0.0,0.3533714
0.61444354,0.0,0.10558689
0.58974063,0.0,0.086383075
0.8518716,0.0,0.15733816
0.9320197,0.0,0.01174043
0.7170011,0.0,0.086522885
0.81826186,0.0,0.021478543
0.95773005,0.0,0.0043815067
0.9040126,0.0,0.0139470855
0.71193314,0.0,0.03851767
0.93740547,0.0,0.0037360005
0.8252469,0.0,0.020223381
0.8599321,0.0,0.0
0.94862944,0.0,0.010220336
0.85158855,0.0,0.058946528
0.9478203,0.0,0.010507263
0.7616578,0.0,0.10171311
0.7010491,0.0,0.054981504
0.94969034,0.0,0.017283902
0.8982588,0.0,0.081941575
0.84488046,0.0,0.37325844
0.70644873,0.0,0.060073722
0.9261254,0.0,4.9862316e-05
0.7831465,0.0,0.20207629
0.63892096,0.0,0.38087308
0.8199054,0.0,0.13410117
0.5408809,0.0,0.17153044
0.47022715,0.0,0.6153981
0.48167726,0.0,0.33812207
0.47292146,1.0,0.4311824
0.66947037,0.0,0.07767634
0.4357688,1.0,0.6443846
0.65819705,0.0,0.2670536
0.88010335,0.0,0.0060328445
0.7139848,0.0,0.24656823
0.8085608,0.0,0.0077619995
0.7636907,0.0,0.00055011606
0.70484847,0.0,0.07612054
0.6730016,0.0,0.56477314
0.8292657,0.0,0.23212916
0.8663623,0.0,0.0
0.8781889,0.0,0.25965777
0.85142064,0.0,0.07728256
0.8139946,0.0,0.2541633
0.5635643,0.0,0.11320999
0.942853,0.0,0.010160126
0.96506774,0.0,0.0060450723
0.62502176,0.0,0.2810887
0.9065646,0.0,0.039353322
0.91916716,0.0,0.0005905863
0.86338115,0.0,0.0
0.7648574,0.0,0.09371476
0.638867,0.0,0.012558523
0.80482036,0.0,0.121556796
0.5223061,1.0,0.25981036
0.6289278,0.0,0.0918306
0.58958405,1.0,0.3332154
0.92422104,0.0,0.011420471
0.4970197,0.0,0.1358365
0.7628064,0.0,0.06625792
0.69360834,0.0,0.060629487
0.5721686,0.0,0.48823565
0.893236,0.0,0.34333858
0.64932674,0.0,0.3885218
0.8792961,0.0,0.2990303
0.66750276,0.0,0.023444643
0.8214772,0.0,0.10686476
0.86243796,0.0,0.019648414
0.7449015,0.0,0.06690529
0.9228086,0.0,0.007690022
0.89974445,0.0,0.013797614
0.89807963,0.0,0.0
0.94087625,0.0,0.0048175743
0.79653054,0.0,0.010605234
0.8867142,0.0,0.0
0.83097064,0.0,0.0
0.59149104,0.0,0.14202823
0.8193282,0.0,0.31279784
0.7468725,0.0,0.33131084
0.72939354,0.0,0.51423407
0.8974634,0.0,0.09483902
0.8750525,0.0,0.016071076
0.66477674,0.0,0.67806864
0.59981924,0.0,0.22915182
0.7510939,0.0,0.034409504
0.6971788,0.0,0.42778328
0.66700685,0.0,0.3432283
0.8364191,0.0,0.026888877
0.8900479,0.0,0.31568596
0.65335494,0.0,0.6816207
0.56993353,0.0,0.2781291
0.87339264,0.0,0.5134333
0.71294326,0.0,0.49894154
0.7561354,0.0,0.43905622
0.9252676,0.0,0.35665125
0.35861576,0.0,0.3834436
0.6250371,0.0,0.29086643
0.7074494,0.0,0.020111915
0.2786358,0.0,0.5809776
0.38717714,1.0,0.31662652
0.45214498,1.0,0.44438457
0.6672861,1.0,0.6212292
0.57777125,1.0,0.6125664
0.46326435,1.0,0.43495017
0.55582917,1.0,0.6265778
0.68004966,1.0,0.34022957
0.68365055,1.0,0.16367099
0.59883064,1.0,0.4014817
0.4078051,1.0,0.6282815
0.55210656,0.0,0.1924936
0.82736206,0.0,0.035351127
0.43568963,0.0,0.46451256
0.5511535,0.0,0.15273131
0.73412204,0.0,0.007819972
0.44397438,0.0,0.31884697
0.47603226,0.0,0.5254605
0.68083805,0.0,0.021490995
0.8377145,0.0,0.018777976
0.4521284,0.0,0.60989827
0.61084586,0.0,0.5707214
0.72563666,0.0,0.013666765
0.6117941,0.0,0.30028743
0.49847296,0.0,0.5781477
0.55735165,0.0,0.6465354
0.7484271,0.0,0.32837212
0.53726685,0.0,0.7468575
0.46415558,0.0,0.6598165
0.46140566,0.0,1.0
0.39973474,0.0,0.43994147
0.5839552,0.0,0.37144604
0.39682758,0.0,0.6065499
0.44472322,0.0,0.3750577
0.75147897,0.0,0.012995268
0.73788476,0.0,0.055486955
0.84260476,0.0,0.0012263058
0.6884644,0.0,0.00023238685
0.7606009,0.0,0.0002941125
0.73225075,0.0,0.0
0.86776054,0.0,2.5751215e-05
0.7680921,0.0,0.0
0.44210118,1.0,0.17973678
0.6391338,0.0,0.0011636675
0.7571804,1.0,0.33381727
0.60990846,1.0,0.34903353
0.82760507,0.0,0.0
0.64440143,1.0,0.314073
0.41419113,1.0,0.7414633
0.8163773,0.0,0.06685297
0.88584757,0.0,0.06127135
0.63964534,0.0,0.48929882
0.88504213,0.0,0.14039555
0.8266685,0.0,0.0
0.80826396,0.0,0.075854085
0.40316737,0.0,0.30027267
0.75190043,0.0,0.029563827
0.8849927,0.0,0.0
0.65426433,0.0,0.2322766
0.81037724,0.0,0.30262113
0.8502814,0.0,0.0015807443
0.8643772,0.0,0.05272764
0.8104603,0.0,0.52839327
0.7620383,0.0,0.40610564
0.8710045,0.0,0.056987163
0.80900246,0.0,0.5358562
0.62241125,0.0,0.3448608
0.29059243,0.0,0.6701483
0.4512172,0.0,0.4307473
0.82433075,0.0,0.051364824
0.816304,0.0,0.33225062
0.71634406,0.0,0.0020056055
0.79103094,0.0,0.0
0.8260787,0.0,0.0
0.8439722,0.0,0.0
0.8767147,0.0,0.006118532
0.92912483,0.0,0.00025328086
0.93308824,1.0,0.0137014985
0.7723452,1.0,0.30744863
0.5294125,1.0,0.44298145
0.81710356,0.0,0.17687294
0.6980394,0.0,0.34552684
0.6242828,0.0,0.32283697
0.74144346,0.0,0.26793826
0.6060428,0.0,0.03998375
0.46327698,0.0,0.51534176
0.5903115,0.0,0.18035533
0.69270253,0.0,0.111953646
0.6848711,0.0,0.18850169
0.57284486,0.0,0.39126632
0.6347639,0.0,0.22236434
0.68063486,0.0,0.49519637
0.4544993,0.0,0.5560791
0.85982937,0.0,0.039515924
0.438426,0.0,0.40757152
0.43935022,0.0,0.43390527
0.8042834,0.0,0.021098265
0.6812596,0.0,0.108966164
0.6164247,0.0,0.42613524
0.7830954,0.0,0.15629958
0.7589178,0.0,0.00021459078
0.49980423,0.0,0.5315568
0.5720626,1.0,0.62169284
0.8573527,0.0,0.16868699
0.72013444,1.0,0.58956057
0.6131264,1.0,0.12380066
0.84943956,1.0,0.6675379
0.90098506,1.0,0.40329456
0.9536678,1.0,0.47085944
0.8727613,1.0,0.10206165
0.80976295,1.0,0.22464456
0.8421974,0.0,0.0002979842
0.793266,1.0,0.1438265
0.7978652,1.0,0.27107242
0.84439623,0.0,0.0
0.84293264,0.0,0.0
0.6640556,1.0,0.47575203
0.5737135,0.0,0.16963385
0.8959497,0.0,0.0
0.76569104,0.0,0.02934246
0.66556686,0.0,0.41556972
0.9148308,0.0,0.10111165
0.663775,0.0,0.0
0.5073925,0.0,0.53458667
0.51172876,0.0,0.80126053
0.7004112,0.0,0.34431598
0.57296234,0.0,0.32978195
0.535589,0.0,0.07755198
0.5278874,0.0,0.658884
0.5220936,0.0,0.80002296
0.6253291,0.0,0.15247469
0.5017497,0.0,0.11736186
0.62885827,0.0,0.037364364
0.5988562,0.0,0.015844349
0.88730454,0.0,0.0
0.7832204,0.0,0.00039830382
0.85500634,0.0,0.0
0.87942266,0.0,0.0
0.7167108,0.0,0.0
0.66483766,0.0,0.0
0.84455055,0.0,0.012785212
0.72747606,0.0,0.32748517
0.9020245,0.0,0.16972739
0.90102756,1.0,0.5715401
0.49962798,1.0,0.6243355
0.7622871,1.0,0.5982107
0.6958479,1.0,0.07435182
0.50490993,0.0,0.2133536
0.7986514,0.0,0.44808426
0.75946176,1.0,0.3727382
0.717196,0.0,0.0
0.8195756,0.0,0.24687295
0.5331917,0.0,0.5591889
0.69647765,0.0,0.07735668
0.7820957,0.0,0.0
0.49573398,0.0,0.59794766
0.6866124,0.0,0.28055248
0.7705014,0.0,0.0
0.6874031,0.0,0.2872222
0.3719735,0.0,0.4679574
0.63598967,0.0,0.10714244
0.45916504,0.0,0.37872192
0.8866635,0.0,0.042498253
0.42606163,0.0,0.16995709
0.8263621,0.0,0.0
0.76962274,0.0,0.014922568
0.6915925,0.0,0.0
0.8568982,0.0,0.0
0.60535103,0.0,0.019097283
0.8440043,0.0,0.0
0.7843468,0.0,0.34926388
0.7660218,0.0,0.55637413
0.91274196,0.0,0.18742123
0.84087765,0.0,0.39139867
0.7749797,0.0,0.3644178
0.51854694,0.0,0.42461756
0.8044518,0.0,0.054083705
0.78063023,0.0,0.0
0.49172753,0.0,0.1960692
0.44640392,0.0,0.45334256
0.77496994,0.0,0.00073206215
0.8318365,0.0,0.016948996
0.48873076,0.0,0.29617047
0.6084086,0.0,0.29144374
0.5046044,0.0,0.59201294
0.54146755,0.0,0.6314837
0.7362641,0.0,0.17270817
0.5244519,0.0,0.103556946
0.76225793,0.0,0.1447636
0.42969236,0.0,0.2312949
0.9329227,0.0,0.17546685
0.53358996,0.0,0.5021547
0.84689426,0.0,0.44702828
0.7421764,0.0,0.6785138
0.8971956,0.0,0.59620714
0.7161325,0.0,0.3709575
0.8044963,0.0,0.026538463
0.8904571,0.0,0.118180215
0.68553275,0.0,0.55671483
0.6320801,0.0,0.1984208
0.8094654,0.0,0.0
0.7372678,0.0,0.1347187
0.5219345,0.0,0.40927833
0.45486915,0.0,0.20947234
0.87437296,0.0,0.004799722
0.7423228,0.0,0.40001515
0.49363336,0.0,0.705785
0.727221,0.0,0.20733634
0.64245784,0.0,0.20218351
0.5586722,0.0,0.52515644
0.5441802,0.0,0.62833786
0.77694166,0.0,0.55405015
0.91478735,0.0,0.0593567
0.6452675,0.0,0.6366219
0.8025909,0.0,0.2313734
0.5958839,0.0,0.42655227
0.5410322,0.0,0.6416179
0.6895115,0.0,0.5671232
0.8223853,0.0,0.09774573
0.52229947,0.0,0.34526017
0.8246486,0.0,0.23192722
0.7725731,0.0,0.32660675
0.5211003,0.0,0.7003538
0.8412128,0.0,0.29125872
0.39187995,0.0,0.7545751
0.6433419,0.0,0.29554665
0.5802637,0.0,0.0020252557
0.8308848,0.0,0.07591198
0.36592212,0.0,0.35054496
0.7055267,0.0,0.18334855
0.9544752,0.0,0.0
0.72935236,0.0,0.18923485
0.37203914,0.0,0.45935816
0.70717293,0.0,0.34435531
0.5877395,0.0,0.13813925
0.34457564,0.0,0.5870893
0.5896822,0.0,0.6426582
0.53755945,0.0,0.34868065
0.7976419,0.0,0.16040553
0.742481,0.0,0.08267473
0.511967,0.0,0.25216022
0.70495975,0.0,0.12139657
0.8870413,0.0,0.0
0.7891008,0.0,0.06481107
0.73416764,0.0,0.046598125
0.7131373,0.0,0.014283818
0.9029612,0.0,0.0
0.8275225,0.0,0.012992589
0.7725318,0.0,0.0
0.85019016,0.0,0.0070001744
0.5477774,0.0,0.010702265
0.6209022,0.0,0.24693255
0.45292786,0.0,0.4767704
0.6562832,0.0,0.31606397
0.5194771,0.0,0.42228028
0.50693214,0.0,0.66276973
0.73587406,0.0,0.21292292
0.7162198,0.0,0.22456834
0.6760627,0.0,0.32833117
0.7187283,0.0,0.0
0.8981436,0.0,0.0037752604
0.6099366,0.0,0.13434014
0.660219,0.0,0.2522542
0.70589614,0.0,0.0
0.97059333,0.0,0.0
0.9454131,0.0,0.27921885
0.9000044,0.0,0.010838796
0.800678,0.0,0.027228037
0.85970277,0.0,0.14732708
0.8073075,0.0,0.10349274
0.5756633,0.0,0.2551553
0.72736996,1.0,0.36799976
0.5170065,0.0,0.36090633
0.8527627,1.0,0.09780166
0.47183308,0.0,0.66797626
0.48717692,0.0,0.22802825
0.92641526,0.0,0.0
0.57322854,0.0,0.03155313
0.5682821,0.0,0.08578139
0.60167074,0.0,0.0
0.93218064,0.0,0.0
0.66271806,0.0,0.51604307
0.56202704,0.0,0.3257875
0.69544154,0.0,0.0
0.56477356,0.0,0.106177144
0.5701525,0.0,0.608348
0.5666204,0.0,0.33042985
0.37664828,0.0,0.30773118
0.5974136,0.0,0.43569863
0.83091766,0.0,0.30379027
0.58843565,0.0,0.04956769
0.58326185,0.0,0.25212598
0.920597,0.0,0.5138534
0.76974374,0.0,0.0010080109
0.7969417,0.0,0.025543222
0.70566714,0.0,0.06454741
0.65646225,0.0,0.16118667
0.7330357,0.0,0.020248836
0.94910914,0.0,0.0073070796
0.8884093,1.0,0.09731024
0.858022,0.0,0.0035878194
0.8000301,0.0,0.04156121
0.64978594,1.0,0.07272521
0.87525505,1.0,0.30175552
0.7891607,1.0,0.29431194
0.60852945,0.0,0.50907373
0.4165464,0.0,0.35303727
0.58581936,0.0,0.20159675
0.58466405,0.0,0.448987
0.52781135,0.0,0.27726525
0.9123544,0.0,0.0021141963
0.6994643,0.0,0.016182465
0.53143054,0.0,0.29195142
0.43005285,0.0,0.106796086
0.9196319,0.0,0.00361682
0.5392278,0.0,0.28933728
0.60326797,0.0,0.17798238
0.72209346,0.0,0.023195373
0.7053854,0.0,0.0
0.5728674,0.0,0.42528227
0.46245998,0.0,0.23492384
0.4422158,0.0,0.100015335
0.40000755,0.0,0.75262076
0.62370074,0.0,0.5377344
0.53225505,0.0,0.10652124
0.526036,0.0,0.30237308
0.6457236,0.0,0.5605606
0.6237692,0.0,0.19464831
0.72741497,0.0,0.4441494
0.63672686,0.0,0.895077
0.5939637,0.0,0.8169514
0.8463283,0.0,0.7283773
0.8389226,0.0,0.9012012
0.6957537,0.0,0.57827944
0.79828274,0.0,0.7981764
0.8687567,0.0,0.62553704
0.4263433,0.0,0.4346902
0.621934,0.0,0.30096698
0.4414344,0.0,0.61963123
0.7093086,0.0,0.17951551
0.5335778,0.0,0.12540886
0.65959674,0.0,0.40707383
0.8031205,0.0,0.38236707
0.838609,0.0,0.0
0.7046235,0.0,0.1085597
0.7051735,0.0,0.44247496
0.7109701,0.0,0.16518691
0.8824453,0.0,6.8039306e-05
0.66593665,0.0,0.1955192
0.72083926,0.0,0.26473886
0.9001626,0.0,0.03715836
0.73403966,0.0,0.29422995
0.58218604,0.0,0.5662545
0.3793443,0.0,0.4670032
0.564778,0.0,0.37054735
0.5345847,0.0,0.60844177
0.4226862,0.0,0.6994773
0.73033327,0.0,0.4672444
0.6315868,0.0,0.3795512
0.7569462,0.0,0.23744322
0.83438754,0.0,0.13726442
0.91439617,0.0,0.16965337
0.7759962,0.0,0.017825387
0.8590405,0.0,0.11295094
0.55326915,0.0,0.030996786
0.83754385,0.0,0.0
0.9006879,0.0,0.033475697
0.9524249,0.0,0.0
0.8615858,1.0,0.012752018
0.89746153,0.0,0.0011188136
0.77408105,0.0,0.017213434
0.8703762,1.0,0.17916223
0.6170083,0.0,0.23888198
0.7489327,0.0,0.297351
0.73182875,0.0,0.34498432
0.7097008,0.0,0.26877397
0.7280125,0.0,0.2639713
0.68464434,0.0,0.5479753
0.45757863,0.0,0.40799296
0.90937454,0.0,0.0
0.53408396,0.0,0.15057802
0.77607733,0.0,0.51836926
0.56576645,0.0,0.035862017
0.9106372,1.0,0.004991336
0.50579727,0.0,0.38084716
0.534974,0.0,0.1721849
0.8922876,0.0,0.0
0.6605849,0.0,0.030259585
0.3819021,0.0,0.5240791
0.52140427,0.0,0.42313722
0.50887495,0.0,0.33289832
0.49723127,0.0,0.41762647
0.40498924,0.0,0.5093084
0.76218957,0.0,0.15176395
0.7281297,0.0,0.21180426
0.7255743,0.0,0.23848061
0.78626883,0.0,0.013144817
0.89787304,0.0,0.17326851
0.86226547,1.0,0.0648609
0.71539605,1.0,0.10216844
0.64166605,0.0,0.067678824
0.9275637,0.0,0.0
0.84947544,1.0,0.2721279
0.85097474,0.0,0.004728942
0.76873785,0.0,0.05660386
0.92635494,1.0,0.20273499
0.85165083,1.0,0.34475657
0.7519393,0.0,0.37444213
0.6318251,0.0,0.6983278
0.46216068,0.0,0.3271095
0.8105583,0.0,0.09380485
0.71312815,0.0,0.5081638
0.4905868,0.0,0.4144929
0.91646683,0.0,0.0
0.516768,0.0,0.05964974
0.63051397,0.0,0.46117857
0.37691438,0.0,0.019415947
0.9506689,1.0,0.018213691
0.63334244,0.0,0.3680859
0.4323554,0.0,0.24479459
0.7865395,0.0,0.0
0.7469197,0.0,0.06652815
0.53454643,0.0,0.5454278
0.53277355,0.0,0.24662721
0.6474521,0.0,0.132936
0.45491624,0.0,0.47338736
0.67767596,0.0,0.37803844
0.82062817,1.0,0.015587657
0.67233825,0.0,0.1154769
0.8257365,1.0,0.13910244
0.8497257,0.0,0.0
0.82311475,0.0,0.10875599
0.8303279,1.0,0.11981355
0.8179973,1.0,0.16512853
0.6042968,0.0,0.0090611745
0.9418296,0.0,0.0
0.90227425,1.0,0.31213748
0.87147415,0.0,0.0056550023
0.6106811,0.0,0.020194309
0.5636226,1.0,0.15534176
0.8941861,1.0,0.49301568
0.6833776,0.0,0.38187078
0.6745551,1.0,0.45812806
0.41264135,0.0,0.2639872
0.6204568,1.0,0.18623942
0.43771288,0.0,0.37553638
0.4490282,0.0,0.28829753
0.8854987,0.0,0.0
0.77528304,0.0,0.0006978974
0.58916765,0.0,0.2274488
0.7224219,0.0,0.06684231
0.9374142,0.0,0.0
0.5041242,0.0,0.0008959277
0.64227015,0.0,0.28725284
0.9028186,0.0,0.0
0.74525857,0.0,0.0
0.3430302,0.0,0.05265482
0.5493827,0.0,0.25217566
0.69455135,0.0,0.11455403
0.60880566,0.0,0.18556578
0.42330867,0.0,0.48799443
0.56231755,0.0,0.31228447
0.46228343,0.0,0.45121378
0.59998655,0.0,0.24946626
0.55294967,0.0,0.39372808
0.6974561,0.0,0.52279145
0.76149386,0.0,0.6364325
0.7973195,0.0,0.76217604
0.7444564,0.0,0.18594888
0.71800625,0.0,0.17718163
0.6835788,0.0,0.75309396
0.79409903,0.0,0.25212517
0.80986434,0.0,0.24620628
0.7026817,0.0,0.4564569
0.7310847,1.0,0.49480596
0.5203574,0.0,0.033223365
0.86705536,0.0,0.01255166
0.46908084,1.0,0.41031918
0.7867427,1.0,0.13158014
0.70631534,0.0,0.0006647321
0.6055401,1.0,0.26102108
0.49993598,1.0,0.48887154
0.7534622,0.0,0.0
0.7760356,0.0,0.0005967848
0.5237772,1.0,0.3097824
0.5634488,1.0,0.36003318
0.60237586,0.0,0.26375565
0.42863393,1.0,0.44381216
0.63589007,1.0,0.21992113
0.38776097,1.0,0.5003911
0.5498039,0.0,0.5916982
0.43553102,0.0,0.005049561
0.5851336,1.0,0.18144503
0.33015504,0.0,0.49886596
0.3370249,0.0,0.10812624
0.7869473,0.0,0.004303011
0.80651665,1.0,0.4277617
0.6696373,0.0,0.5819527
0.6324694,0.0,0.35162595
0.680269,0.0,0.26711354
0.7219043,0.0,0.013810182
0.28163722,0.0,0.2431694
0.49523702,0.0,0.34211767
0.8212258,0.0,0.0014511569
0.41819832,0.0,0.0055825305
0.36721596,0.0,0.54496485
0.573942,0.0,0.3900378
0.3760718,0.0,0.05127255
0.35213193,0.0,0.6118898
0.62235045,0.0,0.14432846
0.4629493,0.0,0.72237813
0.56949383,0.0,0.45756343
0.5228176,0.0,0.4600668
0.5087447,0.0,0.3133389
0.7968285,0.0,0.417662
0.6464483,0.0,0.024883138
0.72027534,0.0,0.3331595
0.6485744,0.0,0.35458463
0.73947453,0.0,0.09663953
0.76720613,0.0,0.0
0.40346217,0.0,0.3439729
0.666792,0.0,0.40394467
0.87174755,0.0,0.0
0.84921074,0.0,0.12360801
0.59672475,0.0,0.5509112
0.5988322,0.0,0.5558273
0.8784652,0.0,0.029784348
0.6478537,0.0,0.5863978
0.7206893,0.0,0.08677908
0.75442314,0.0,0.4167594
0.8888235,0.0,0.0009433978
0.6705406,0.0,0.0
0.7858176,0.0,0.0
0.70343524,0.0,0.018812349
0.77302057,0.0,0.0
0.70578814,0.0,0.06649278
0.75264126,0.0,0.16322103
0.5463941,0.0,0.11700425
0.4708657,0.0,0.62633973
0.5876251,0.0,0.4691279
0.49116644,0.0,0.19748224
0.4202221,0.0,0.46150708
0.7345127,0.0,0.40803525
0.8702504,0.0,0.16484639
0.80778056,0.0,0.07408277
0.57905155,0.0,0.40036118
0.5935443,0.0,0.18844841
0.61267525,0.0,0.26334232
0.7778066,0.0,0.13291377
0.6297791,0.0,0.6378437
0.5525372,0.0,0.24721283
0.63988096,0.0,0.4623618
0.63184285,0.0,0.0014202622
0.86007994,0.0,0.02743532
0.7976199,0.0,0.009987754
0.7165154,0.0,0.0009966722
0.8737086,1.0,0.07745558
0.7484555,0.0,0.00011384324
0.7529897,0.0,0.0005915062
0.5253051,0.0,0.0
0.6268395,0.0,0.0
0.63094044,0.0,0.0060458523
0.8121919,0.0,0.0
0.824055,0.0,0.0
0.78608936,0.0,0.0
0.61389136,0.0,0.027199943
0.88088214,0.0,0.00017367833
0.55877936,0.0,0.0053764093
0.5560638,0.0,0.21670564
0.66592556,0.0,0.24883121
0.7534947,0.0,0.24129036
0.6919549,0.0,0.31530026
0.6944154,0.0,0.57325345
0.7050029,0.0,0.6270637
0.7677495,0.0,0.502269
0.75423795,0.0,0.038374342
0.6901265,0.0,0.4567881
0.7159389,0.0,0.162226
0.5364842,0.0,0.59056383
0.734722,0.0,0.34538817
0.65231043,0.0,0.41042683
0.6959075,0.0,0.112718835
0.3976745,0.0,0.55339533
0.8867604,0.0,0.043534286
0.41263545,1.0,0.55243987
0.6392521,1.0,0.53491277
0.67333275,1.0,0.6549659
0.6654333,1.0,0.36112392
0.7387502,1.0,0.20577131
0.69066507,1.0,0.30615684
0.71147263,1.0,0.56464106
0.70533174,1.0,0.47823873
0.8872103,1.0,0.0459825
0.39322922,1.0,0.24910313
0.94158405,1.0,0.21523117
0.93514407,0.0,0.0
0.539808,1.0,0.43328488
0.48204783,1.0,0.6557332
0.5618334,1.0,0.22789411
0.5183278,0.0,0.2856792
0.5280705,1.0,0.7875656
0.5540402,0.0,0.39921388
0.8515615,0.0,0.013433883
0.6858276,0.0,0.010172701
0.6307623,0.0,0.18891257
0.80771726,0.0,0.0
0.5851663,0.0,0.10827307
0.45292658,0.0,0.3795607
0.69098455,0.0,0.0
0.7167078,0.0,0.0
0.49960122,0.0,0.24980405
0.7848546,0.0,0.0279737
0.8328893,0.0,0.0
0.5035516,0.0,0.0
0.61606914,0.0,0.07697757
0.7493833,1.0,0.321015
0.8429766,1.0,0.106017984
0.8415807,0.0,0.0
0.886342,1.0,0.07472225
0.82076114,0.0,0.012730518
0.8954506,0.0,0.0
0.8755302,0.0,0.0
0.8911426,0.0,0.10096266
0.52134,0.0,0.15398085
0.7397996,0.0,0.0
0.79724455,0.0,0.0
0.5484025,0.0,0.47288728
0.6997287,0.0,0.18911964
0.83009154,0.0,0.12175759
0.7912973,0.0,0.48862684
0.5322896,0.0,0.06288131
0.46746984,0.0,0.07603056
0.6934792,0.0,0.6163971
0.8002417,0.0,0.18588135
0.8932699,0.0,0.0065038134
0.52034485,0.0,0.14377326
0.4270695,0.0,0.3968081
0.5771915,0.0,0.09762643
0.73951775,0.0,0.005803513
0.5931573,0.0,0.32766765
0.4533452,0.0,0.6669681
0.66629714,0.0,0.046732545
0.8108563,0.0,0.41955024
0.8439116,0.0,0.035651688
0.39335933,0.0,0.5736476
0.66641676,0.0,0.44142023
0.8127018,0.0,0.004225565
0.7864255,0.0,0.28127638
0.70942825,0.0,0.02202405
0.86904174,0.0,0.2726607
0.859749,0.0,0.12649538
0.8193602,0.0,0.34586242
0.94592613,0.0,0.012565928
0.58926576,1.0,0.24812394
0.79573756,1.0,0.4560473
0.77239114,0.0,0.008477724
0.8441719,1.0,0.11337082
0.55356187,1.0,0.27972445
0.74131864,0.0,0.07372068
0.50784403,0.0,0.30301684
0.43064132,0.0,0.5685911
0.5887299,0.0,0.75132704
0.8989009,0.0,0.1546574
0.43853664,0.0,0.16692267
0.78445536,0.0,0.33317667
0.8549754,0.0,0.0030808502
0.7859612,0.0,0.0047957227
0.85482067,0.0,0.0026793755
0.39528397,0.0,0.03564905
0.6818487,0.0,0.0
0.7496356,0.0,0.24144398
0.602959,0.0,0.105200805
0.58357173,0.0,0.0013597116
0.81095195,0.0,0.0
0.6682591,0.0,0.2769362
0.88538235,0.0,0.0044722143
0.9564389,0.0,0.011298133
0.5696426,0.0,0.23992863
0.6521038,0.0,0.18574412
0.9147375,0.0,0.0022779151
0.9351205,0.0,0.07579632
0.7871391,0.0,0.28019786
0.67853266,0.0,0.30087304
0.50637186,0.0,0.6944005
0.7146021,0.0,0.44056848
0.7943141,0.0,0.02335012
0.5275478,0.0,0.31579763
0.44738767,0.0,0.42244655
0.4973216,0.0,0.7162987
0.7664924,0.0,0.041410092
0.5840766,0.0,0.11797847
0.47065413,0.0,0.6126012
0.71347505,0.0,0.23423555
0.7353239,0.0,3.7932765e-05
0.86796784,0.0,0.30507034
0.5690915,0.0,0.3756085
0.805253,0.0,0.04899806
0.73354566,0.0,0.0027182852
0.7898669,0.0,0.2565204
0.5963885,0.0,0.23909566
0.68782175,0.0,0.0049371757
0.40530786,1.0,0.48875406
0.82523763,1.0,0.4551816
0.88281155,0.0,0.07614828
0.824157,0.0,0.0010927214
0.48162958,1.0,0.42576522
0.7838256,0.0,0.55627763
0.90051675,0.0,0.16761322
0.81900173,0.0,0.3725219
0.51760566,0.0,0.5521467
0.4938147,0.0,0.65850097
0.7182302,0.0,0.14564146
0.6210224,0.0,0.4230146
0.5093874,0.0,0.8356506
0.4049298,0.0,0.28152493
0.863958,0.0,0.12875868
0.5906635,0.0,0.18297601
0.8329405,0.0,0.06061959
0.8362622,0.0,0.0
0.891498,0.0,0.0015454063
0.67429334,0.0,0.0019277731
0.6985494,1.0,0.056466695
0.95831865,1.0,0.036599763
0.9217312,1.0,0.37569487
0.8461801,1.0,0.18873289
0.7531629,1.0,0.43608856
0.62898755,0.0,0.3676562
0.6858927,0.0,0.08550111
0.9049491,0.0,0.002458711
0.8162132,1.0,0.12448542
0.8748676,0.0,0.008731655
0.8657618,0.0,0.088169105
0.90883493,0.0,0.0
0.66550934,0.0,0.044877704
0.5478855,0.0,0.007790899
0.6899685,0.0,0.060353253
0.5994189,0.0,0.0
0.60947746,0.0,0.18162753
0.42861155,0.0,0.6914421
0.45174888,0.0,0.56147
0.6501588,0.0,0.5271449
0.6469172,0.0,0.12688673
0.7181822,0.0,0.19736464
0.7549538,0.0,0.030462608
0.6613175,0.0,0.00076989376
0.82645553,0.0,0.04976491
0.69175524,0.0,0.0
0.793822,0.0,0.018741315
0.87725425,0.0,0.0011533113
0.86393833,0.0,0.0039549
0.32975835,0.0,0.06521563
0.4795547,0.0,0.29349738
0.41053122,0.0,0.024954563
0.5096922,0.0,0.78435427
0.7835412,0.0,0.1697914
0.68400383,0.0,0.34255597
0.7713896,1.0,0.4879494
0.8696397,0.0,0.40752885
0.7270893,0.0,0.41065666
0.8700361,0.0,0.071536265
0.83522725,1.0,0.28710654
0.38153934,0.0,0.506288
0.8713141,0.0,0.090103194
0.8789455,0.0,0.11755169
0.6667447,0.0,0.43304324
0.6435688,0.0,0.20659429
0.9222232,0.0,0.0
0.87462217,0.0,0.16145703
0.5159684,0.0,0.28309268
0.6718852,0.0,0.0
0.91828763,0.0,0.004877698
0.72132444,0.0,0.19073322
0.54850084,0.0,0.4559768
0.5300181,0.0,0.22049896
0.8696817,0.0,0.055142798
0.6258252,0.0,0.70282143
0.5155246,0.0,0.34618214
0.5205631,0.0,1.0
0.4568067,0.0,0.28553477
0.7764361,0.0,0.5177248
0.8693767,0.0,0.18767543
0.48982763,0.0,0.47727275
0.71657354,0.0,0.15450943
0.6878725,1.0,0.33738598
0.6851978,1.0,0.62231165
0.83064026,1.0,0.7241093
0.884629,0.0,0.059029788
0.39424884,0.0,0.33698434
0.48021045,1.0,0.36068106
0.8558966,1.0,0.20221826
0.85491735,0.0,0.050964814
0.28702542,0.0,0.6809854
0.7185725,1.0,0.5425843
0.92076224,1.0,0.21860395
0.47421375,0.0,0.29560986
0.77674276,0.0,0.026109593
0.67216575,0.0,0.4650046
0.86049575,0.0,0.41525912
0.6422918,0.0,0.5195224
0.5068183,0.0,0.2197796
0.8546692,0.0,0.003534628
0.5925285,0.0,0.4580926
0.58546764,0.0,0.4999324
0.78288406,0.0,0.157966
0.7639898,0.0,0.039972432
0.51092494,0.0,0.60368055
0.48639864,0.0,0.72524196
0.49092394,0.0,0.27854973
0.52778584,0.0,0.5666225
0.5162648,0.0,0.30082172
0.41513827,0.0,0.072388
0.5419883,0.0,0.35160863
0.5971199,1.0,0.015981644
0.5890156,1.0,0.36854807
0.6362263,1.0,0.02084558
0.55007356,1.0,0.55927277
0.7734564,1.0,0.25807056
0.6458393,0.0,0.35470706
0.58854455,0.0,0.4784544
0.5498459,1.0,0.7807026
0.6016649,1.0,0.56900895
0.58635485,1.0,0.007614392
0.60550874,1.0,0.5223131
0.48392537,1.0,0.7950139
0.67217135,0.0,0.31914765
0.85499793,1.0,0.4748194
0.7753465,0.0,0.72086996
0.60665745,0.0,0.113232225
0.8488473,0.0,0.1018348
0.729452,0.0,0.5553021
0.7693935,0.0,0.059557788
0.50596535,0.0,0.47975615
0.8763137,0.0,0.014608301
0.5757663,0.0,0.1159236
0.78155905,0.0,0.0
0.791022,0.0,0.08497653
0.6817956,0.0,0.17456484
0.5287606,0.0,0.34230694
0.4524496,0.0,0.5287697
0.6000372,0.0,0.18117577
0.76094794,0.0,0.47488293
0.95191014,0.0,0.0046632807
0.86271626,0.0,0.0
0.8592902,1.0,0.0
0.78034645,0.0,0.017158367
0.8380711,0.0,0.0032687932
0.7186709,0.0,0.42968127
0.62461746,0.0,0.5873241
0.46315235,0.0,0.14218149
0.50169444,0.0,0.050052714
0.6891202,0.0,0.13020773
0.83566016,0.0,0.0028623103
0.7929751,1.0,0.17914736
0.8446554,1.0,0.18626752
0.84143126,0.0,0.007496588
0.6476939,0.0,0.00018315032
0.63966256,1.0,0.13892582
0.5881311,0.0,0.25904116
0.51906013,1.0,0.49813285
0.7364851,1.0,0.3248729
0.33323184,1.0,0.9239642
0.7013376,1.0,0.5061592
0.8643366,1.0,0.266818
0.8261372,1.0,0.8084576
0.5845715,1.0,0.20387958
0.690752,1.0,0.12533318
0.46002746,1.0,0.7168482
0.76184165,1.0,0.5357363
0.8247873,0.0,0.05273094
0.59474564,0.0,0.49770385
0.72861975,0.0,0.30401576
0.65018743,0.0,0.53616357
0.50742245,0.0,0.7192304
0.57155836,0.0,1.0
0.42639366,0.0,0.6776049
0.5271421,0.0,0.48859715
0.46754166,0.0,0.5989045
0.5613247,0.0,0.5740823
0.45417148,0.0,0.52913
0.65069914,0.0,0.6062444
0.68559104,0.0,0.2014336
0.6634742,0.0,0.35050917
0.4889298,0.0,0.13405861
0.8039633,0.0,0.12958089
0.7148972,0.0,0.2953322
0.53175145,0.0,0.4000681
0.51474655,0.0,0.5916346
0.837937,0.0,0.18452147
0.5166735,0.0,0.059857093
0.36887372,0.0,0.35042998
0.63579816,0.0,0.3708703
0.77053225,0.0,0.0011887691
0.7859387,0.0,0.29284915
0.35140753,0.0,0.74457693
0.5326022,0.0,0.40409473
0.31746367,0.0,0.6914984
0.436754,0.0,0.21763542
0.36493888,0.0,0.21510397
0.6911626,0.0,0.009549654
0.48120305,0.0,0.46017814
0.5264974,0.0,0.08383434
0.4327959,0.0,0.10483634
0.3929823,0.0,0.14250593
0.59712136,0.0,0.03336961
0.5724852,0.0,0.01775094
0.46406892,0.0,0.31193998
0.3639511,0.0,0.053712677
0.6062049,0.0,0.037051346
0.48592338,0.0,0.12730254
0.4180185,0.0,0.30692786
0.4511182,0.0,0.35755518
0.8446985,0.0,0.026688121
0.7343632,0.0,0.0027065484
0.56729263,0.0,0.43348476
0.6903637,0.0,0.15894584
0.5331093,0.0,0.0025960556
0.45633525,0.0,0.091038376
0.712785,0.0,0.046677932
0.6942893,0.0,0.026999414
0.6718253,0.0,0.37737313
0.5815495,0.0,0.3074781
0.46478868,0.0,0.6700887
0.6692673,0.0,0.21302167
0.61658037,0.0,0.42910945
0.5583341,0.0,0.7385982
0.5420834,0.0,0.059533324
0.5896164,0.0,0.7611014
0.5743105,0.0,0.34825155
0.527146,0.0,0.511061
0.64506537,0.0,0.26852718
0.4952166,0.0,0.5314972
0.63450575,0.0,0.18391731
0.4839505,0.0,0.8283005
0.644916,0.0,0.5155631
0.44435528,0.0,0.74125236
0.7050977,0.0,0.30264
0.4548902,0.0,0.7980702
0.6323663,0.0,0.19878684
0.5099654,0.0,0.32273778
0.44561535,0.0,0.6693931
0.301638,0.0,0.41191703
0.7067414,0.0,0.08009926
0.7165822,0.0,0.14483036
0.74095064,0.0,0.0
0.43701878,0.0,0.23859324
0.36986274,0.0,0.6139172
0.43736002,0.0,0.39396894
0.7062967,0.0,0.082494035
0.32931745,0.0,0.5283795
0.4578565,0.0,0.4000539
0.5721348,0.0,0.00197257
0.49375546,0.0,0.49453855
0.73325264,0.0,0.053403914
0.80953217,0.0,0.0007052687
0.49440238,0.0,0.42719457
0.75043446,0.0,0.17684084
0.82437146,0.0,0.07231738
0.66319084,0.0,0.024002267
0.781748,1.0,0.078724004
0.92993945,1.0,0.0032119176
0.69603914,1.0,0.010325203
0.8693325,1.0,0.09485088
0.83291095,1.0,0.003314512
0.8573017,1.0,0.00556313
0.8402997,0.0,0.00035067223
0.703975,1.0,0.00020295463
0.8462385,1.0,0.011703981
0.7322174,0.0,0.0
0.69484675,0.0,0.014037371
0.87911844,0.0,0.013485193
0.70219666,0.0,0.00024604658
0.6955284,0.0,0.0
0.8885218,0.0,0.048324503
0.8601243,0.0,0.0
0.8727244,0.0,0.00043211505
0.85237503,0.0,0.0029369046
0.6305796,0.0,0.0038874755
0.8726069,0.0,0.00028667014
0.7691357,0.0,0.0
0.6364917,0.0,0.0030734274
0.6283865,0.0,0.037345067
0.82104975,0.0,0.24874811
0.6988577,0.0,0.054051295
0.53022933,0.0,0.49541602
0.47821617,0.0,0.44194815
0.63557786,0.0,0.67682594
0.8514284,0.0,0.29370582
0.57086134,0.0,0.3305493
0.6423551,0.0,0.20807894
0.528974,0.0,0.19443336
0.835871,0.0,0.0028159996
0.81850684,0.0,0.00093748904
0.8468464,0.0,0.026542999
0.66314846,0.0,0.045824513
0.8560907,0.0,0.0
0.7919516,0.0,0.00057926733
0.80094105,0.0,0.03185917
0.48808697,0.0,0.087962545
0.83795047,0.0,0.09249283
0.7709263,0.0,0.093207695
0.6246944,0.0,0.39937386
0.68681973,0.0,0.71846926
0.7851619,0.0,0.4712699
0.75350976,0.0,0.008066797
0.56902474,1.0,0.18246457
0.89584017,1.0,0.45299602
0.7906412,0.0,0.12153459
0.8645381,1.0,0.0029352803
0.76264614,1.0,0.40459818
0.81040084,1.0,0.0036100307
0.8972236,1.0,0.0
0.81877685,1.0,0.23751198
0.8273467,1.0,0.08185553
0.8902179,0.0,0.034005992
0.8508518,0.0,0.12511788
0.90668786,0.0,0.00033209403
0.94759804,0.0,0.0
0.5327638,0.0,0.20209883
0.79812044,0.0,0.005138807
0.85161155,0.0,0.0005737919
0.6885443,0.0,0.2818926
0.56624043,0.0,0.4483724
0.48667586,0.0,0.32642296
0.7831108,0.0,0.0
0.7693795,0.0,0.00039785545
0.89571345,0.0,0.0
0.9110338,0.0,0.055868465
0.81499463,0.0,0.0069990507
0.7144861,0.0,0.026390696
0.5481482,0.0,0.3510509
0.79696417,0.0,0.3187348
0.70752144,0.0,0.5354202
0.8031549,0.0,0.23927757
0.63034195,0.0,0.64387864
0.8144947,0.0,0.43274754
0.8293675,0.0,0.11033195
0.8008605,0.0,0.0022073013
0.69117117,0.0,0.059961185
0.61276156,0.0,0.057477504
0.94718075,0.0,0.045422982
0.568968,0.0,0.37960178
0.8094624,0.0,0.12580204
0.44098893,0.0,0.33225197
0.5945255,0.0,0.1885741
0.72110194,1.0,0.031463563
0.687068,1.0,0.2829164
0.84988576,1.0,0.045206092
0.81965625,1.0,0.09742516
0.7854623,0.0,0.53507656
0.5319028,0.0,0.79054976
0.75943244,1.0,0.53621656
0.6191142,0.0,0.5769941
0.75523067,1.0,0.41492915
0.49673358,0.0,0.35478953
0.5563725,1.0,0.5392806
0.61904746,1.0,0.02806724
0.5320308,1.0,0.18485774
0.6358995,1.0,0.12021691
0.76909417,1.0,0.6007483
0.8786486,0.0,0.25255552
0.6647371,0.0,0.6831669
0.7359022,0.0,0.2450653
0.5050788,0.0,0.26623207
0.49159634,0.0,0.7120827
0.6669421,0.0,0.27099675
0.42820597,0.0,0.3264876
0.5165226,0.0,0.50854063
0.5920245,0.0,0.61455077
0.4926351,0.0,0.08075112
0.55757946,0.0,0.3583396
0.46879426,0.0,0.76740235
0.42968675,0.0,0.8474193
0.9275146,0.0,0.27962527
0.387987,0.0,0.62494564
0.3670383,0.0,0.34391913
0.5733612,0.0,0.50016844
0.7780335,0.0,0.023963679
0.39392167,0.0,0.5058957
0.6771041,0.0,0.5615435
0.7220103,0.0,0.06070927
0.47777897,0.0,0.08088979
0.4266644,0.0,0.12145888
0.5602781,0.0,0.2975694
0.6271372,0.0,0.06890408
0.6043314,0.0,0.5563005
0.469095,0.0,0.35094222
0.7645956,0.0,0.026759382
0.7951619,0.0,0.06129027
0.6277279,0.0,0.11387397
0.7987302,0.0,0.02291604
0.58784556,0.0,0.03871401
0.3449043,0.0,0.36126056
0.43075925,0.0,0.26447558
0.8449844,0.0,0.22252683
0.66772234,0.0,0.620949
0.55168456,0.0,0.061222948
0.7663789,0.0,0.0035658083
0.65125245,0.0,0.051034037
0.54026425,0.0,0.020770025
0.8567104,0.0,0.012625357
0.8506112,0.0,0.0
0.41931763,0.0,0.2838465
0.45272937,0.0,0.46929774
0.5391882,0.0,0.14527507
0.7214496,0.0,0.0
0.7307896,0.0,0.0
0.85930717,0.0,0.0014662753
0.7658645,0.0,0.00090127334
0.716105,0.0,0.004226005
0.8414243,1.0,0.007281101
0.556455,0.0,0.0026956047
0.54144865,0.0,0.07385915
0.87793535,1.0,0.0
0.7992633,0.0,0.18857701
0.69941664,0.0,0.008556338
0.6321503,0.0,0.0
0.825053,0.0,0.00061964773
0.75140816,1.0,0.008261468
0.7385276,1.0,0.01552549
0.74942327,0.0,0.00062638
0.37401563,1.0,0.35498592
0.4109411,0.0,0.29903552
0.45365426,0.0,0.059058122
0.47533372,0.0,0.0025037625
0.8972162,0.0,0.001064499
0.4491746,0.0,0.22765397
0.60231686,0.0,0.25067627
0.6350835,0.0,0.19821306
0.48774606,0.0,0.20201263
0.70193017,0.0,0.2351176
0.7954369,1.0,0.4883985
0.76468724,1.0,0.4751493
0.86655223,1.0,0.09298237
0.9014862,1.0,0.21363932
0.96353656,1.0,0.07095511
0.8797933,1.0,0.0
0.9348374,1.0,0.0073621455
0.83734846,0.0,0.01353488
0.8853487,0.0,0.0060528703
0.8002059,0.0,0.0016194232
0.88874763,0.0,0.0
0.70373565,0.0,0.0
0.73040897,0.0,0.008378005
0.80144787,0.0,0.00083925383
0.52120924,0.0,0.5242823
0.7973145,0.0,0.28114066
0.53383857,0.0,0.7707261
0.54013383,0.0,0.6211284
0.7973434,0.0,0.093822554
0.60986716,0.0,0.29097182
0.82286197,0.0,0.10364899
0.818314,0.0,0.0010204571
0.69736505,0.0,0.0752596
0.9215498,0.0,0.0
0.8376747,0.0,0.014171448
0.7863393,0.0,0.005615447
0.8890882,0.0,0.022408703
0.9119782,1.0,0.028149322
0.79514766,0.0,0.104588665
0.6896591,0.0,0.38191724
0.8761199,1.0,0.36448768
0.95846605,1.0,0.0018164624
0.9254551,0.0,0.16227998
0.8668363,0.0,0.29926196
0.5760062,0.0,0.5099384
0.85936534,0.0,0.0
0.9362752,0.0,0.07179372
0.94918054,0.0,0.005471935
0.7055383,0.0,0.1569075
0.930545,0.0,0.0
0.5075085,0.0,0.06917197
0.77512586,0.0,0.06703763
0.5555888,0.0,0.33501688
0.78220844,0.0,0.5768114
0.6942851,0.0,0.2666337
0.8061433,0.0,0.12803169
0.87440217,0.0,0.13629696
0.76291203,0.0,0.20386517
0.89251393,0.0,0.00039878045
0.8565572,0.0,0.03297033
0.9045881,0.0,0.33491832
0.8253946,1.0,0.24519244
0.9091381,0.0,0.007356581
0.82221293,0.0,0.055330325
0.8637132,0.0,0.0
0.8229886,0.0,2.5197303e-05
0.7125049,0.0,0.27008814
0.6207494,0.0,0.01420624
0.804715,0.0,0.20442966
0.66293263,0.0,0.40451714
0.62648493,0.0,0.9385453
0.38720506,0.0,1.0
0.39395505,0.0,0.66964483
0.2855502,0.0,0.47747198
0.4903004,0.0,0.5515007
0.6399175,0.0,0.4143425
0.5160356,0.0,0.3985587
0.46619445,0.0,0.45673934
0.49017707,0.0,0.43636796
0.5007567,0.0,0.6279837
0.4585169,0.0,0.47009367
0.79827505,0.0,0.335563
0.3928748,0.0,0.44040003
0.5870949,0.0,0.6168521
0.43315518,0.0,0.16962625
0.68201745,0.0,0.20791826
0.47209582,0.0,0.4366172
0.48069927,0.0,0.36359066
0.89197665,0.0,0.0
0.5916649,0.0,0.17467812
0.30924833,0.0,0.59084934
0.40857792,0.0,0.35955587
0.5700963,0.0,0.0
0.628354,0.0,0.28732732
0.5966495,0.0,0.65108764
0.4493858,0.0,0.2386597
0.4745294,0.0,0.1480152
0.5596604,0.0,0.32486358
0.3944999,0.0,0.5618586
0.6856709,0.0,0.0
0.53062665,0.0,0.0302437
0.2772469,0.0,0.46456796
0.42470652,0.0,0.16033633
0.45112848,0.0,0.00046234205
0.3545082,0.0,0.24870037
0.39842737,0.0,0.51248103
0.51043445,0.0,0.21246253
0.42870238,0.0,0.64251596
0.75229484,0.0,0.11918092
0.69182867,0.0,0.10040918
0.453629,0.0,0.52762836
0.2704314,0.0,0.45362994
0.30199316,0.0,0.30776024
0.41776794,0.0,0.3082516
0.5091741,0.0,0.28026006
0.58519435,0.0,0.23403166
0.81918097,0.0,0.0
0.5850777,0.0,0.0
0.2752238,0.0,0.4442416
0.53782886,0.0,0.093629874
0.6045294,0.0,0.0058585936
0.42090034,0.0,0.35705155
0.4913416,0.0,0.64598066
0.81243896,0.0,0.18154891
0.52079123,0.0,0.42999354
0.4449462,0.0,0.5505536
0.7449752,0.0,0.07968544
0.53367984,0.0,0.37725374
0.4622764,0.0,0.24901502
0.61550987,0.0,0.37025076
0.53860354,0.0,0.03601242
0.7497683,0.0,0.0075877905
0.6430898,0.0,0.0
0.7468209,0.0,0.31686482
0.63722694,0.0,0.0040956708
0.6290849,0.0,0.000905892
0.7031645,0.0,0.0072218473
0.60547966,0.0,0.322887
0.5288115,1.0,0.60090286
0.5862751,0.0,0.4529406
0.5801997,0.0,0.69747615
0.79958665,0.0,0.21830316
0.6099809,0.0,0.0
0.5735448,0.0,0.31893536
0.24821222,0.0,0.2945852
0.6943574,0.0,0.0
0.63467425,0.0,0.038226813
0.40879017,0.0,0.5186301
0.4460543,0.0,0.09460786
0.56796926,0.0,0.0002550048
0.77525747,0.0,0.009414068
0.5195249,0.0,0.2852728
0.47630277,0.0,0.21522847
0.8054033,0.0,0.009066601
0.6632189,0.0,0.45731008
0.8951526,0.0,0.019239496
0.27348197,0.0,0.4868759
0.42332575,0.0,0.6960274
0.5891525,0.0,0.2473059
0.27149886,0.0,0.19561785
0.5343479,0.0,0.0061419113
0.6056662,0.0,0.003966386
0.3443178,0.0,0.38865405
0.6499317,0.0,0.0
0.73334324,0.0,0.0
0.7130547,0.0,0.1776398
0.36923283,0.0,0.28101566
0.59707344,0.0,0.0003086954
0.7717661,1.0,0.018097946
0.33368844,0.0,0.35004166
0.5870348,0.0,0.1193023
0.8178016,0.0,0.004184561
0.7022446,1.0,0.40958932
0.7382567,1.0,0.23545514
0.68823147,1.0,0.054219797
0.8294234,1.0,0.71244735
0.8862653,1.0,0.44873527
0.7883827,1.0,0.59160745
0.83368105,1.0,0.4984808
0.49432656,0.0,0.20186749
0.7963374,1.0,0.16514957
0.68583554,1.0,0.21371162
0.60302585,0.0,0.18522933
0.7168712,0.0,0.00063363335
0.6770141,0.0,0.0
0.5248353,1.0,0.2947105
0.38525862,0.0,0.18677074
0.6673005,0.0,0.0
0.7473245,0.0,0.0
0.40590024,0.0,0.38590732
0.4718818,0.0,0.23262872
0.83895475,0.0,0.009310325
0.35301778,0.0,0.114472784
0.41672873,0.0,0.72501975
0.59204996,0.0,0.099645115
0.41460916,0.0,0.7043876
0.54521334,0.0,0.6325336
0.7504471,0.0,0.4019481
0.8295294,0.0,0.04920655
0.30369413,0.0,0.48533693
0.6807438,0.0,0.30807617
0.38171136,0.0,0.21795493
0.7924033,1.0,0.5096769
0.67205155,0.0,0.022311613
0.71843773,0.0,0.0
0.84089637,1.0,0.19242461
0.9114419,1.0,0.39326108
0.770063,0.0,0.0
0.7611336,0.0,0.0
0.8643471,1.0,0.18482633
0.82422733,1.0,0.09335375
0.76615715,0.0,0.0
0.6260865,1.0,0.13915567
0.40995133,1.0,0.48488566
0.6239468,0.0,0.012520695
0.73026574,1.0,0.11996396
0.83702236,1.0,0.3718537
0.605877,1.0,0.11794567
0.67833006,0.0,0.03861851
0.7709667,1.0,0.25921935
0.85529494,1.0,0.29880896
0.439516,1.0,0.7235463
0.53968644,1.0,0.6442571
0.65945876,1.0,0.19058971
0.3358361,1.0,0.7105768
0.39487955,1.0,0.6568738
0.49620807,0.0,0.35295346
0.39947912,1.0,0.13441922
0.47116932,0.0,0.32370514
0.70357245,0.0,0.21621743
0.49514893,0.0,0.6130795
0.24614613,1.0,0.54772437
0.8758654,0.0,0.009357936
0.64038306,0.0,0.11101033
0.38585794,0.0,0.41737053
0.60080785,1.0,0.4316483
0.73523355,1.0,0.022179065
0.48787603,1.0,0.38210386
0.46923018,1.0,0.52486223
0.92291814,1.0,0.23818044
0.87311137,0.0,0.10161804
0.74721086,0.0,0.48044893
0.55325013,0.0,0.8432988
0.72518843,0.0,0.29804432
0.8140534,0.0,0.42373073
0.87384874,0.0,0.13157758
0.7004531,0.0,0.39624146
0.6718864,0.0,0.41714168
0.683237,0.0,0.5138955
0.76019657,0.0,0.15794311
0.73929447,0.0,0.0
0.59935355,0.0,0.42597252
0.40131795,0.0,0.37961346
0.8139545,0.0,0.0026886435
0.81305367,0.0,0.0702145
0.62112355,0.0,0.30386955
0.746629,0.0,0.21760356
0.88809556,0.0,0.0
0.69825405,0.0,0.37179568
0.3346559,0.0,0.6217543
0.30394265,0.0,0.4569485
0.632826,0.0,0.40071267
0.85265005,1.0,0.066276364
0.6141487,1.0,0.60429496
0.82494366,1.0,0.36883023
0.7623234,1.0,0.32155
0.44188747,0.0,0.83666325
0.7950302,0.0,0.8646567
0.70831984,0.0,0.44173732
0.815528,0.0,0.15872003
0.5168245,0.0,0.4746076
0.8102219,0.0,0.4941589
0.78573644,0.0,0.21596538
0.60077715,0.0,0.4777399
0.4422221,0.0,0.6949876
0.7234878,0.0,0.646188
0.7265507,0.0,0.3411824
0.7891218,0.0,0.18929589
0.5700604,0.0,0.532953
0.6005907,0.0,0.28569055
0.7709975,1.0,0.29458526
0.5989191,1.0,0.71377
0.5032475,1.0,0.77096176
0.8548417,1.0,0.22003724
0.60833687,1.0,0.57554305
0.5041278,1.0,0.47789863
0.8028533,1.0,0.22789827
0.50517124,1.0,0.39002192
0.7578812,1.0,0.45983705
0.70271224,1.0,0.48468813
0.47577286,1.0,0.52995396
0.81772363,1.0,0.6223953
0.5856859,1.0,0.70238405
0.5766603,0.0,0.21234141
0.48232928,0.0,0.26664716
0.75720173,1.0,0.11216857
0.7280381,1.0,0.22532879
0.7588222,0.0,0.18201339
0.8141322,1.0,0.07453751
0.6264477,0.0,0.34507468
0.5783188,0.0,0.64441305
0.7134478,0.0,0.09643093
0.8448277,0.0,0.16914599
0.80684423,1.0,0.028973931
0.8190428,0.0,0.041317824
0.53119534,0.0,0.2161112
0.86751616,0.0,0.11097213
0.6923917,0.0,0.48777178
0.7887229,0.0,0.7123038
0.63140804,0.0,0.34879503
0.741415,1.0,0.60294425
0.68968683,1.0,0.46753046
0.793712,1.0,0.38660514
0.65429527,1.0,0.32255265
0.70207906,1.0,0.31939536
0.81771517,1.0,0.3924925
0.6597656,1.0,0.4732734
0.76585495,1.0,0.439603
0.7522663,1.0,0.34931636
0.6463164,0.0,0.59625983
0.72956014,1.0,0.48687038
0.7903462,1.0,0.3587127
0.58793384,0.0,0.3261316
0.7544211,1.0,0.4620157
0.38532314,0.0,0.4436723
0.5397787,0.0,0.8126625
0.618734,0.0,0.51006746
0.7739999,0.0,0.35174882
0.5131611,0.0,0.18698733
0.7929212,0.0,0.19780675
0.59050727,0.0,0.05328137
0.5648285,0.0,0.38898286
0.68456924,0.0,0.44440228
0.83242697,0.0,0.1045941
0.7589414,0.0,0.45289108
0.7501775,0.0,0.0939498
0.8580239,0.0,0.110462405
0.5387651,0.0,0.65848756
0.4016364,0.0,0.5633915
0.90910715,0.0,0.20326638
0.7385264,0.0,0.3304316
0.89185244,0.0,0.06835405
0.5583869,0.0,0.110029265
0.83198583,0.0,0.010901788
0.65840805,0.0,0.0
0.8489005,0.0,0.07120828
0.8302838,0.0,0.070293896
0.89327604,0.0,0.38300294
0.823925,0.0,0.18092038
0.7991972,0.0,0.43481937
0.60849667,0.0,0.70759916
0.8846937,0.0,0.1289998
0.6815318,1.0,0.2969795
0.54710704,0.0,0.1557325
0.5162031,0.0,0.124935836
0.6884603,0.0,0.020614296
0.63188106,0.0,0.0007554017
0.7003345,0.0,0.0062206513
0.7524707,0.0,0.026398815
0.7539714,0.0,0.03816754
0.81425434,0.0,0.01596119
0.46697578,0.0,0.17582181
0.76620096,0.0,0.018346386
0.9297902,0.0,0.34368116
0.31191978,0.0,0.50405794
0.5791517,0.0,0.33427423
0.6156018,0.0,0.17706203
0.54398394,0.0,0.349013
0.50348806,0.0,0.28966874
0.6419312,0.0,0.039309304
0.52417195,0.0,0.051688343
0.80438465,0.0,0.004111069
0.8021335,0.0,0.04671131
0.8150561,0.0,0.0089992145
0.8572918,0.0,0.0078034136
0.8118395,0.0,0.0067766435
0.8424435,0.0,0.052718613
0.87044543,0.0,0.033199195
0.8900702,1.0,0.33262473
0.82467055,0.0,0.005874748
0.92615867,0.0,0.0
0.6971272,1.0,0.16907276
0.88823694,0.0,0.0009232939
0.86083126,0.0,0.0022074385
0.8480885,0.0,0.0073453668
0.8506027,0.0,0.16195224
0.88331765,0.0,0.0
0.8480554,0.0,0.011140446
0.8481835,0.0,0.019001953
0.8391366,0.0,0.09166021
0.87760663,0.0,0.047735427
0.95683557,0.0,0.023429606
0.9013087,0.0,0.02120007
0.6605126,0.0,0.042585038
0.90465736,0.0,0.019591438
0.738792,0.0,0.21142945
0.82460517,0.0,0.068437845
0.7359453,0.0,0.06420373
0.6673184,0.0,0.79300845
0.69646364,0.0,0.44814107
0.47338343,0.0,0.24137147
0.45899212,0.0,0.48414385
0.4923159,0.0,0.2398291
0.39523268,0.0,0.40254366
0.5972361,0.0,0.55490255
0.72091913,0.0,0.14381729
0.3975361,0.0,0.6732388
0.5256547,0.0,0.29046506
0.65846366,0.0,0.008086688
0.70833546,0.0,0.04296073
0.81549704,0.0,0.010095772
0.6257167,0.0,0.20402086
0.38204724,0.0,0.2681704
0.8637282,0.0,0.0072633172
0.8507647,0.0,0.0039429995
0.81516415,0.0,0.04877083
0.75841236,0.0,0.0014873766
0.8785674,0.0,0.019424397
0.88317156,0.0,0.0
0.9002499,0.0,0.0
0.9079824,0.0,0.0104564885
0.62896633,0.0,0.0073381457
0.58674324,0.0,0.00971208
0.6404353,0.0,0.299597
0.7213665,0.0,0.00035477598
0.8252972,0.0,0.106123984
0.7146535,0.0,0.021718426
0.8091277,0.0,0.015466524
0.49545124,0.0,0.23752995
0.47466648,0.0,0.13127181
0.5164648,1.0,0.6721433
0.5796714,1.0,0.60410553
0.61908275,1.0,0.40971282
0.6594736,1.0,0.45546874
0.7898195,0.0,0.07415257
0.64518815,1.0,0.2933507
0.58718556,0.0,0.24723504
0.73143405,0.0,0.0
0.75041497,0.0,0.43305743
0.47497675,0.0,0.28006712
0.6541356,0.0,0.008905997
0.8469462,0.0,0.0037031593
0.4492198,0.0,0.46223724
0.6116062,0.0,0.08031081
0.8898402,0.0,0.0658128
0.56149447,0.0,0.03584003
0.5252722,0.0,0.3430285
0.8434308,0.0,0.0034094802
0.82537824,0.0,0.036460623
0.6401387,0.0,0.2329828
0.42533556,0.0,0.24639186
0.69407916,0.0,0.004727354
0.76826584,0.0,0.010003578
0.66057634,0.0,0.36948758
0.7113275,0.0,0.53125226
0.79994965,0.0,0.17846948
0.5459815,0.0,0.3757144
0.76963305,0.0,0.3937122
0.7860572,0.0,0.042871546
0.8126713,0.0,0.26954666
0.36812347,0.0,0.5968984
0.49158886,0.0,0.6409704
0.529143,0.0,0.6245138
0.8431607,0.0,0.03746572
0.6115636,0.0,0.28026918
0.68830097,0.0,0.0109887365
0.58528155,0.0,0.0033425852
0.6924538,0.0,0.055083286
0.899464,0.0,0.015019025
0.8640641,0.0,0.0
0.81056315,0.0,0.041133914
0.80392617,1.0,0.11049552
0.8688168,1.0,0.027233586
0.80276114,0.0,0.0
0.8330435,0.0,0.0
0.5650717,0.0,0.0
0.94841176,0.0,0.0
0.84656394,0.0,0.006805758
0.753743,0.0,0.013287476
0.82444036,0.0,0.09894674
0.8818737,0.0,0.023886772
0.7838909,0.0,0.0030523334
0.5195886,0.0,0.2449758
0.65942603,0.0,0.1539204
0.6681367,0.0,0.047577236
0.47385052,0.0,0.15045981
0.6237578,0.0,0.5304834
0.6263596,0.0,0.23085125
0.57262254,0.0,0.78732854
0.6526866,0.0,0.6618022
0.6012264,0.0,0.25543228
0.56783944,0.0,0.30241647
0.6088724,0.0,0.030939927
0.38359216,0.0,0.53765726
0.8422475,0.0,0.09708491
0.47024044,0.0,0.20496619
0.7483297,0.0,0.0
0.8573312,0.0,0.011323904
0.88205576,0.0,0.025746042
0.85900825,0.0,0.01006381
0.9342951,0.0,0.01733486
0.80590266,0.0,0.004074127
0.7790825,0.0,0.0
0.8290885,1.0,0.0636363
0.8384987,0.0,0.00067667075
0.7555311,0.0,0.031322043
0.72234964,0.0,0.0
0.48636222,0.0,0.20000884
0.5817048,0.0,0.17966333
0.88369644,0.0,0.03048284
0.8740403,0.0,0.008891748
0.373908,0.0,0.2259672
0.3953747,0.0,0.25114188
0.8865856,1.0,0.024052246
0.69986296,0.0,0.091966026
0.4380711,0.0,0.15346473
0.74735355,0.0,0.02377889
0.8618073,0.0,0.0025056237
0.5008195,0.0,0.14460595
0.6074812,0.0,0.3327524
0.5654238,0.0,0.4843497
0.5704502,0.0,0.08205635
0.6627105,0.0,0.5275429
0.7789277,0.0,0.25088382
0.4288523,0.0,0.6105872
0.5007963,0.0,0.41868174
0.6429941,0.0,0.14696962
0.8366959,0.0,0.02391394
0.80261886,0.0,0.5233065
0.37446997,0.0,0.54150856
0.55261135,0.0,0.68186533
0.7094008,0.0,0.17304145
0.5955443,0.0,0.05080322
0.5172051,0.0,0.40873173
0.62905675,0.0,0.40640798
0.7807838,0.0,0.0015965106
0.54773927,0.0,0.5114618
0.77214175,0.0,0.58522165
0.7290267,0.0,0.12544721
0.75011784,0.0,0.14094822
0.5972057,0.0,0.72336924
0.59579283,1.0,0.58040905
0.6592127,0.0,0.00029652184
0.64389384,0.0,0.13741297
0.6491969,0.0,0.37680572
0.5793586,1.0,0.12759727
0.83884066,0.0,0.0
0.39437044,0.0,0.4044606
0.44745916,0.0,0.27767754
0.57015175,0.0,0.0
0.86655766,0.0,0.089608304
0.4512331,0.0,0.62221164
0.5985028,0.0,0.41176602
0.53223735,0.0,0.43154258
0.5176381,0.0,0.26268172
0.714332,1.0,0.39534304
0.6763825,1.0,0.7483451
0.4352321,0.0,0.09247582
0.5908736,0.0,0.0
0.7707667,1.0,0.1184076
0.53915906,1.0,0.3435035
0.8202845,0.0,0.0
0.78480744,1.0,0.00786387
0.6122186,1.0,0.47145352
0.7604632,1.0,0.28865656
0.7308384,0.0,0.0
0.88644487,1.0,0.14665218
0.57163626,1.0,0.4641312
0.62802285,0.0,0.13165565
0.86982644,0.0,0.003218778
0.90309983,1.0,0.13619328
0.8446741,1.0,0.24721229
0.6178736,0.0,0.09052806
0.92205185,0.0,0.0
0.7541216,1.0,0.46834528
0.5856598,1.0,0.70391333
0.52865905,0.0,0.3246824
0.67537546,0.0,0.09214066
0.787191,0.0,0.27651572
0.74724656,0.0,0.002626126
0.7222887,1.0,0.11503274
0.9106152,1.0,0.23034246
0.6263673,0.0,0.0
0.4877658,0.0,0.030386629
0.6272461,0.0,0.33409888
0.41376588,0.0,0.35107827
0.5292078,0.0,0.5713615
0.5752064,1.0,0.114048935
0.62682045,0.0,0.62710667
0.6399706,0.0,0.7231788
0.776918,0.0,0.8015168
0.65827,1.0,0.6633167
0.67664593,1.0,0.4503372
0.4922015,1.0,0.21788995
0.8976227,0.0,0.051880915
0.5986054,0.0,0.56102777
0.81167805,0.0,0.3644333
0.6647129,0.0,0.18339813
0.64422894,0.0,0.41323167
0.58841866,0.0,0.16910744
0.6896795,0.0,0.023139805
0.5475452,0.0,0.12896211
0.4782815,0.0,0.3179666
0.8184564,0.0,0.0030480009
0.93202883,0.0,0.052665133
0.5983664,0.0,0.23090133
0.51216847,0.0,0.13656452
0.7053224,0.0,0.58940977
0.5523018,0.0,0.39206144
0.86302906,0.0,0.027025606
0.6797514,0.0,0.14932784
0.35264486,0.0,0.48666143
0.490357,0.0,0.092983484
0.7574977,0.0,0.04479897
0.60220844,0.0,0.34936592
0.51585233,0.0,0.13439731
0.44128913,0.0,0.34785742
0.56486964,0.0,0.18515363
0.35146058,0.0,0.7065274
0.35333487,0.0,0.5840585
0.85212696,0.0,0.0043254914
0.36648408,1.0,0.4647102
0.64561146,0.0,0.24196579
0.7765218,0.0,0.33706757
0.71891195,1.0,0.18431728
0.68829566,1.0,0.6905966
0.67053443,1.0,0.33157593
0.77472574,0.0,0.03303987
0.73705566,1.0,0.26727888
0.7395169,1.0,0.38213548
0.39189208,1.0,0.18305275
0.47815195,0.0,0.0
0.7034694,1.0,0.20359093
0.65067637,1.0,0.47587222
0.69088215,1.0,0.21600796
0.5852058,0.0,0.002879122
0.75562996,0.0,5.0261347e-06
0.7368245,1.0,0.1420552
0.72728443,0.0,0.0
0.3798444,0.0,0.12607543
0.55298024,0.0,0.09061199
0.75657237,0.0,0.0942267
0.4139065,0.0,0.17254882
0.69187397,0.0,0.48069465
0.842752,0.0,0.101288006
0.9159539,0.0,0.0061694924
0.5295183,0.0,0.16728663
0.7133883,0.0,0.44398275
0.9169485,0.0,0.016671324
0.8914903,0.0,0.0
0.57349855,0.0,0.35699007
0.56042296,0.0,0.49722466
0.55731225,0.0,0.4554999
0.7277543,0.0,0.050822917
0.48356214,0.0,0.10851677
0.618615,0.0,0.012569681
0.560231,0.0,0.0
0.849647,0.0,0.0013686321
0.71182114,0.0,0.010095222
0.8137342,0.0,0.0
0.9104848,0.0,0.0
0.8552554,0.0,0.026305227
0.7165565,0.0,0.04735362
0.89862293,0.0,0.0
0.76617247,0.0,0.00257616
0.7011192,1.0,0.27226612
0.8562581,1.0,0.035717495
0.8655185,0.0,0.024279881
0.5504007,0.0,0.07769328
0.83210397,0.0,0.07531905
0.8961458,0.0,0.017464848
0.73219633,0.0,0.0018354306
0.5349316,0.0,0.31776017
0.5484637,0.0,0.11466902
0.69427013,0.0,0.008683709
0.8231695,0.0,0.014424909
0.4532489,0.0,0.23481801
0.43244466,0.0,0.5813236
0.4750918,0.0,0.042731725
0.34064823,0.0,0.4859496
0.5704226,0.0,0.040546294
0.47880182,0.0,0.3716795
0.73736817,0.0,0.24629572
0.6742736,0.0,0.36722073
0.49568698,0.0,0.30371416
0.5422066,0.0,0.33001283
0.81385005,0.0,0.016071275
0.5810049,0.0,0.49617466
0.59090483,0.0,0.59180325
0.5773064,0.0,0.14500663
0.5703626,0.0,0.3653416
0.737877,0.0,0.52815914
0.66716725,0.0,0.6400009
0.51160574,0.0,0.5296003
0.8838006,0.0,0.03542396
0.6032123,0.0,0.44256383
0.9196846,0.0,0.0018303286
0.48720035,0.0,0.41027084
0.807826,0.0,0.47988972
0.6327433,0.0,0.31874797
0.47368014,0.0,0.6088521
0.60532665,0.0,0.5424078
0.6261431,0.0,0.46297312
0.79430056,0.0,0.014998105
0.78456855,0.0,0.0
0.49194467,0.0,0.22879581
0.7110469,0.0,0.03343606
0.37646747,0.0,0.07384787
0.45996818,0.0,0.20639338
0.6557079,0.0,0.19446446
0.36719808,0.0,0.495236
0.5697947,0.0,0.11513508
0.9024981,0.0,0.00012969278
0.62932,0.0,0.0
0.7337882,0.0,0.027677635
0.6283499,0.0,0.0
0.6023496,0.0,0.14509933
0.8330773,0.0,0.011071173
0.53035575,0.0,0.22115114
0.47624013,0.0,0.4299913
0.8148755,0.0,0.0
0.9238206,0.0,0.00022694569
0.77827805,0.0,0.03598961
0.832321,0.0,0.11675811
0.9260275,0.0,0.010375379
0.9235077,0.0,0.014716669
0.69019616,0.0,0.26247552
0.9042244,0.0,0.16479596
0.832557,0.0,0.18913598
0.5838508,0.0,0.17998488
0.6663359,0.0,0.25917092
0.75071996,0.0,0.11479435
0.7238707,0.0,0.0084026875
0.55470484,0.0,0.0659221
0.52938485,0.0,0.010261849
0.77208483,0.0,0.0019523005
0.926288,0.0,0.018215751
0.61061174,0.0,0.14056718
0.38404006,0.0,0.20738633
0.7750069,0.0,0.0
0.7458547,0.0,0.027495094
0.5491423,0.0,0.3678831
0.6041228,0.0,0.50158113
0.66268307,0.0,0.4536179
0.53026724,0.0,0.21131207
0.5328144,0.0,0.3365589
0.78475183,0.0,0.19469441
0.65462446,0.0,0.912636
0.5604087,0.0,0.2468158
0.40231472,0.0,0.31103036
0.51355207,0.0,0.58511764
0.5004697,0.0,0.32698014
0.5991316,0.0,0.36393076
0.7884888,0.0,0.25777775
0.8943793,0.0,0.009619588
0.7120018,0.0,0.00344513
0.86176956,0.0,0.0
0.7226384,0.0,0.0
0.7898666,0.0,0.008800227
0.7900831,0.0,0.0
0.89134544,0.0,0.25234646
0.7969088,0.0,0.26192802
0.6537128,0.0,0.5942645
0.87130034,0.0,0.5479368
0.93915296,0.0,0.0005380969
0.60808134,0.0,0.17895013
0.6426387,0.0,0.30633464
0.8463674,0.0,0.004553889
0.53652394,0.0,0.29770628
0.5290969,0.0,0.28559905
0.8604284,0.0,0.00036758807
0.65650403,0.0,0.0397131
0.7696794,0.0,0.43468362
0.6150686,0.0,0.24424048
0.5038778,0.0,0.5168245
0.7522456,0.0,0.17186263
0.9289581,0.0,0.035650726
0.29704902,0.0,0.26463726
0.47947603,0.0,0.016574223
0.72562766,0.0,0.0
0.70920724,0.0,0.013187303
0.7506355,0.0,0.00060069456
0.8829975,0.0,0.0
0.84733695,0.0,0.028747713
0.7871115,0.0,0.0038762954
0.7111858,0.0,0.18892756
0.6534158,0.0,0.3070697
0.5371508,0.0,0.023935271
0.674756,0.0,0.09436835
0.62858367,0.0,0.5591828
0.4825685,0.0,0.33056808
0.5426899,0.0,0.42187852
0.61484563,0.0,0.6691725
0.56912,0.0,0.21319838
0.40543205,0.0,0.38752434
0.7742642,0.0,0.13919199
0.47841975,0.0,0.26040083
0.77042586,0.0,0.036299646
0.6273112,0.0,0.23621479
0.6514594,0.0,0.62160003
0.81981456,0.0,0.086011305
0.7813313,0.0,0.48199284
0.6579623,0.0,0.41541916
0.30980298,0.0,0.6592835
0.2990322,0.0,0.30130532
0.74041885,0.0,0.021039309
0.5878223,0.0,0.07931768
0.47002533,0.0,0.411622
0.5482951,0.0,0.02558034
0.70194864,0.0,0.0
0.4210236,0.0,0.39377514
0.58576727,0.0,0.20217629
0.6534462,0.0,0.0
0.69594795,0.0,0.22013515
0.37420264,0.0,0.5505091
0.51051986,0.0,0.5645199
0.42782933,0.0,0.56998914
0.73830247,0.0,0.07812072
0.50837183,0.0,0.17546675
0.6796516,0.0,0.0
0.58064014,0.0,0.018527692
0.74345595,0.0,0.0004890125
0.7266253,0.0,0.0
0.7764046,0.0,0.0
0.7800512,0.0,0.0019070443
0.71475935,0.0,0.015570088
0.59889925,0.0,0.36816132
0.8191997,0.0,0.35933733
0.7045486,0.0,0.72069436
0.7666876,0.0,0.37976104
0.9008322,0.0,0.053897902
0.640562,0.0,0.29597917
0.7628335,0.0,2.3365565e-05
0.500428,0.0,0.38150185
0.8346449,0.0,0.2548461
0.62130004,0.0,0.42823777
0.3885227,0.0,0.5390775
0.7528383,0.0,0.0057103774
0.77139574,0.0,0.0
0.70032996,0.0,0.29785785
0.63739336,0.0,0.28476363
0.8776496,0.0,0.0011089594
0.5147538,0.0,0.04524959
0.74941874,0.0,0.3558212
0.5784781,0.0,0.17155324
0.84824014,0.0,0.00087444345
0.6268281,0.0,0.19763888
0.333645,0.0,0.12627219
0.63821614,0.0,0.014961347
0.93283206,0.0,0.018770173
0.9243178,0.0,0.01876845
0.7455879,0.0,0.28692427
0.47441247,0.0,0.080910176
0.6019387,0.0,0.6851584
0.40453362,0.0,0.47501433
0.33567286,0.0,0.9235179
0.57557076,0.0,0.55231744
0.866974,0.0,0.19766718
0.3818587,0.0,0.6784935
0.42242923,0.0,0.22369711
0.49148974,0.0,0.352769
0.90508986,0.0,0.04264445
0.7112645,0.0,0.35678825
0.5714299,0.0,0.5728574
0.5851428,0.0,0.015993135
0.5887034,0.0,0.26536262
0.9088026,0.0,0.0054488024
0.49125728,0.0,0.07306399
0.6311565,0.0,0.0
0.72364426,0.0,0.0
0.82575136,0.0,0.0003909551
0.64469314,0.0,0.0143750785
0.7128338,0.0,0.0
0.81233907,0.0,0.0576077
0.44503212,0.0,0.1641487
0.5674527,0.0,0.3366744
0.47683042,0.0,0.31633458
0.57721734,0.0,0.4264679
0.66821986,0.0,0.6492301
0.7280658,0.0,0.40543658
0.6201813,0.0,0.013668912
0.6797293,0.0,0.21367896
0.8991782,0.0,0.0017564263
0.61492586,0.0,0.12809123
0.35494402,0.0,0.20241886
0.84385926,0.0,0.0
0.79161763,0.0,0.0
0.47646162,0.0,0.36350068
0.6004054,0.0,0.19874562
0.8429008,0.0,0.005065138
0.568714,0.0,0.18062167
0.473103,0.0,0.5272726
0.5587886,0.0,0.21286549
0.704833,0.0,0.25785258
0.444166,0.0,0.29687363
0.5870205,0.0,0.6512537
0.5956632,0.0,0.8086644
0.4678148,0.0,0.391135
0.535611,0.0,0.8857366
0.47734505,0.0,0.36246246
0.6097733,0.0,0.24278459
0.7570681,0.0,0.26760754
0.85121137,0.0,0.023660604
0.7030972,0.0,0.095915616
0.7979233,0.0,0.017781405
0.74937093,0.0,0.03316316
0.87368053,0.0,0.030453399
0.7420511,0.0,0.010665747
0.8263612,0.0,0.037668686
0.7932305,0.0,0.33231473
0.65864956,0.0,0.0012015277
0.86742926,0.0,0.28193453
0.93143946,0.0,0.28228706
0.6309618,0.0,0.64752626
0.7942377,0.0,0.16205226
0.859144,0.0,0.44285342
0.89032525,0.0,0.49199602
0.79214853,0.0,0.027057206
0.92110914,0.0,0.095869124
0.69303143,0.0,0.18085569
0.53755295,0.0,0.35532886
0.8141799,0.0,0.01581903
0.8223715,0.0,0.01970464
0.5611153,0.0,0.6136888
0.5401874,0.0,0.28014827
0.62968326,0.0,0.36241764
0.6556187,0.0,0.3098646
0.93440616,0.0,0.022829395
0.5178344,0.0,0.15663894
0.5636532,0.0,0.09830248
0.9157062,0.0,0.005572521
0.72799325,0.0,0.009580487
0.59710014,0.0,0.006681971
0.4764963,0.0,0.012218198
0.4429068,0.0,0.0035421231
0.7515673,0.0,0.082581945
0.5152873,0.0,0.10567099
0.70830417,0.0,0.64057404
0.43336746,0.0,0.20106576
0.45144728,1.0,0.6713073
0.6099797,1.0,0.5951901
0.4215894,0.0,0.09628836
0.6065754,1.0,0.045856524
0.7178283,1.0,0.13472024
0.5258528,1.0,0.5350185
0.66582584,1.0,0.4966401
0.6629434,1.0,0.29017413
0.836053,0.0,0.047317676
0.61587435,1.0,0.3777034
0.49549106,1.0,0.28067416
0.6319698,0.0,0.050809216
0.7604043,0.0,0.005439097
0.4827094,1.0,0.32990745
0.37186652,0.0,0.46418276
0.9260449,0.0,0.0007933766
0.4453665,0.0,0.028230764
0.32675466,0.0,0.5897575
0.49805447,0.0,0.33126426
0.81735885,0.0,0.14435484
0.3368556,0.0,0.66668105
0.6415023,0.0,0.6378711
0.6134131,0.0,0.029084979
0.61680984,0.0,0.4565027
0.7628962,0.0,0.0
0.6535521,0.0,0.013563798
0.73384136,0.0,0.0056668026
0.8240826,0.0,0.0
0.7936173,0.0,0.007138909
0.70049345,0.0,0.043454807
0.8937539,0.0,0.0
0.921503,0.0,0.1513082
0.78286606,1.0,0.29768175
0.7012266,1.0,0.70796114
0.9275108,1.0,0.22804342
0.8615147,1.0,0.7470775
0.7636669,0.0,0.07258548
0.89759356,1.0,0.23728317
0.7417779,0.0,0.078419246
0.8062794,1.0,0.4176469
0.7891227,1.0,0.09703073
0.851106,1.0,0.5641213
0.57488793,1.0,0.47455683
0.8125345,0.0,0.0
0.8769717,1.0,0.4299514
0.6304306,1.0,0.5806416
0.43871987,1.0,0.2456918
0.86301214,0.0,0.06079829
0.63425606,0.0,0.036093727
0.43940565,0.0,0.3385737
0.5942374,1.0,0.22630073
0.8007031,0.0,0.0009500877
0.69993174,0.0,0.091593646
0.43390873,0.0,0.58949155
0.5750142,0.0,0.25136515
0.5263969,0.0,0.61322093
0.44719723,0.0,0.10874945
0.8945067,0.0,0.035850372
0.44944352,0.0,0.023809118
0.7033728,0.0,0.0
0.93018705,0.0,0.009200495
0.7858984,0.0,0.0
0.8725906,0.0,0.0
0.8705977,0.0,0.10761831
0.8358069,0.0,0.022717327
0.7183934,0.0,0.060394056
0.8785463,0.0,0.19872491
0.7590356,0.0,0.22742906
0.91538507,0.0,0.017370977
0.5762178,0.0,0.36522734
0.67665696,0.0,0.5216363
0.7539942,0.0,0.24123521
0.4148724,0.0,0.48934427
0.71494496,0.0,0.022790466
0.44577453,0.0,0.012326058
0.6873029,0.0,0.3013242
0.816421,1.0,0.46361384
0.9063725,0.0,0.0
0.69976455,0.0,0.22606742
0.86063105,1.0,0.51665896
0.82739675,1.0,0.14181358
0.76403415,0.0,0.0072923237
0.5396968,0.0,1.0
0.59301937,0.0,0.76299274
0.7985554,0.0,0.49159017
0.600955,0.0,0.59511065
0.50544393,0.0,0.6756217
0.49858364,0.0,0.7152031
0.50643593,0.0,0.56849104
0.5670949,1.0,0.58944017
0.6659041,1.0,0.26335615
0.7292434,0.0,0.26211172
0.73193467,1.0,0.3729111
0.7333617,0.0,0.41476968
0.7059815,1.0,0.6783576
0.8217182,0.0,0.113230586
0.57827353,1.0,0.6114179
0.8066492,0.0,0.35032958
0.80617577,0.0,0.0032129597
0.6376335,0.0,0.15599445
0.887809,1.0,0.017768828
0.7340728,1.0,0.35350165
0.6046341,1.0,0.29184225
0.8192141,0.0,0.015616362
0.5459425,0.0,0.14679298
0.7237552,0.0,0.10488795
0.7320987,0.0,0.0
0.61431843,0.0,0.19308197
0.7320854,0.0,0.040313642
0.8580775,0.0,0.064592466
0.64220196,0.0,0.63847613
0.75911736,0.0,0.39670753
0.38071343,0.0,0.3801352
0.67721766,0.0,0.7950873
0.730026,0.0,0.60772866
0.7574576,0.0,0.25404912
0.5406356,0.0,0.2208333
0.4719915,0.0,0.36594212
0.69047654,0.0,0.48563895
0.5695677,0.0,0.0888674
0.51778144,0.0,0.06424854
0.62397456,0.0,0.15096489
0.7356813,0.0,0.047562256
0.8948601,0.0,0.028762186
0.72254664,0.0,0.051072706
0.89788216,0.0,0.1677897
0.8374934,0.0,2.324152e-06
0.7936196,0.0,0.13287513
0.64733726,0.0,0.2737986
0.78208125,0.0,0.1135182
0.48461193,0.0,0.06932738
0.78243417,0.0,0.13878837
0.810492,0.0,0.0
0.82065016,0.0,0.0
0.6092129,0.0,0.0
0.8123817,0.0,0.009915744
0.58773947,0.0,0.15650803
0.4477814,0.0,0.8571572
0.5732214,0.0,0.37160158
0.6077961,0.0,0.040819757
0.7340441,0.0,0.0
0.6288468,0.0,0.012678459
0.6833803,0.0,0.038700394
0.62264466,0.0,0.001567334
0.47884893,0.0,0.2968377
0.7481913,0.0,0.004772762
0.56335586,0.0,0.6586352
0.42960173,0.0,0.32185712
0.6215457,0.0,0.0
0.5744872,0.0,0.12660569
0.35607445,0.0,0.2848178
0.6634196,0.0,0.19998571
0.414999,0.0,0.13995144
0.43874115,0.0,0.6265007
0.4526377,0.0,0.54488665
0.49959156,0.0,0.78126603
0.7475244,0.0,0.26722494
0.6036404,1.0,0.3293375
0.43849602,1.0,0.47513005
0.47255477,1.0,0.59388375
0.580404,1.0,0.502581
0.620303,0.0,0.37231416
0.38230437,0.0,0.28657427
0.58516353,0.0,0.603294
0.5271224,0.0,0.33904052
0.7725277,0.0,0.22925647
0.41579255,0.0,0.699708
0.68572176,0.0,0.26020566
0.6115052,0.0,0.26941496
0.6213488,0.0,0.37154093
0.82718086,0.0,0.02228792
0.30248335,0.0,0.6002567
0.745228,0.0,0.12961918
0.520746,0.0,0.48773965
0.7354502,0.0,0.17580807
0.58948374,0.0,0.60563964
0.71355,0.0,0.06987617
0.52199596,0.0,0.08138792
0.5327907,0.0,0.05674076
0.9129144,0.0,0.017311228
0.7848144,0.0,0.10042676
0.8855848,0.0,0.13506609
0.8627518,0.0,0.0072176047
0.67794216,0.0,0.24925636
0.79920614,0.0,0.19914341
0.77243924,0.0,0.069977045
0.8319605,0.0,0.16939536
0.7715117,0.0,0.021785302
0.84786975,0.0,0.0
0.91049755,0.0,0.0006657614
0.7531853,0.0,0.0
0.43802592,0.0,0.00068864075
0.7699143,0.0,0.0
0.4904089,0.0,0.19058834
0.88541037,0.0,0.0057235123
0.6138336,0.0,0.70120335
0.63834095,0.0,0.635219
0.6740149,0.0,0.49806944
0.47958735,0.0,0.053298447
0.648713,0.0,0.0
0.67307675,0.0,0.07126066
0.8052675,0.0,0.0
0.70549977,0.0,0.0
0.7316993,0.0,0.0
0.8623519,0.0,0.0002537965
0.7186481,0.0,0.0045075943
0.785126,0.0,0.0
0.33310258,0.0,0.08874305
0.7438259,0.0,0.028929112
0.82554394,0.0,0.07558357
0.7210122,0.0,0.32247314
0.58581585,0.0,0.112319075
0.69806457,0.0,0.7600538
0.65462136,0.0,0.7286447
0.54296905,0.0,0.23353876
0.66741437,0.0,0.8192506
0.70836574,0.0,0.49820852
0.48479939,0.0,0.08712762
0.5454335,0.0,0.52435696
0.44063264,0.0,0.053252406
0.6447755,0.0,0.024348559
0.73316336,0.0,0.118131526
0.8204866,0.0,0.4053772
0.60007674,0.0,0.14359908
0.45906648,0.0,0.476877
0.79029423,0.0,0.07122047
0.71225685,0.0,0.6650303
0.59363276,0.0,0.32343686
0.57072985,0.0,0.46134326
0.68258554,0.0,0.62073296
0.58291876,0.0,0.23114708
0.5824841,0.0,0.0
0.59543127,0.0,0.088220246
0.72415584,0.0,0.015531555
0.50727147,0.0,0.16393712
0.67001283,0.0,0.036182314
0.82324106,0.0,0.018198667
0.5277108,0.0,0.26464197
0.7502109,0.0,0.07018574
0.8177447,0.0,0.0011723507
0.5662716,0.0,0.36417422
0.6367442,0.0,0.41075364
0.58124775,0.0,0.31808668
0.6137777,0.0,0.38046062
0.51711327,0.0,0.15382923
0.44966826,0.0,0.15218236
0.7390536,0.0,0.0
0.818028,0.0,0.0
0.71841943,0.0,0.0073731234
0.7893257,0.0,0.0
0.7124983,0.0,0.043643147
0.64695,0.0,0.39643344
0.78751415,0.0,0.25398242
0.7090455,0.0,0.055867292
0.75827265,0.0,0.06702766
0.7755832,0.0,0.012297341
0.38753617,0.0,0.12470758
0.76896745,0.0,0.0015615107
0.6568097,0.0,0.0012023227
0.6725213,0.0,0.28211135
0.77069,0.0,0.022615468
0.640865,0.0,0.28553146
0.6604395,0.0,0.50085294
0.5936891,0.0,0.3696
0.77164274,0.0,0.2212052
0.51516634,0.0,0.5376116
0.5090757,0.0,0.42997342
0.42421725,0.0,0.37088546
0.56804955,0.0,0.12338421
0.57685846,0.0,0.4511081
0.5968538,0.0,0.1325768
0.47911894,0.0,0.52404684
0.56964946,0.0,0.31202862
0.4378133,0.0,0.70110744
0.48888114,0.0,0.1753733
0.49198592,0.0,0.24161854
0.825324,0.0,0.016099654
0.48803845,0.0,0.068080254
0.6686963,0.0,0.0
0.85968846,0.0,0.0
0.53138125,0.0,0.060455814
0.8287387,0.0,0.040289443
0.7169214,0.0,0.06782925
0.4693605,0.0,0.3164247
0.5821125,0.0,0.5593586
0.8193628,0.0,0.042593338
0.44036907,0.0,0.6456032
0.8428966,0.0,0.18998525
0.7909425,0.0,0.0
0.8848316,0.0,0.0
0.7986182,0.0,0.0
0.8847145,0.0,0.0
0.6321042,0.0,0.1216517
0.5134902,0.0,0.29256052
0.33183494,0.0,0.46259972
0.78065014,0.0,0.002157384
0.65928304,0.0,0.15058184
0.8682828,0.0,0.0038435445
0.6861964,0.0,0.035238776
0.84226775,0.0,0.039086007
0.8201086,0.0,0.0555431
0.46377534,0.0,0.24772868
0.38807648,0.0,0.20240124
0.45216087,0.0,0.56815714
0.7327089,0.0,0.08555294
0.4315613,0.0,0.4748786
0.4889388,0.0,0.44953546
0.5458772,0.0,0.4611429
0.41624823,0.0,0.3175399
0.5460252,0.0,0.4418453
0.5368864,0.0,0.0070614917
0.3877167,0.0,0.32090035
0.63709587,0.0,0.21738462
0.64046293,0.0,0.006677614
0.5134927,0.0,0.7231851
0.6916012,0.0,0.38656864
0.79781795,0.0,0.14534163
0.7609188,0.0,0.46378118
0.66778314,0.0,0.7553244
0.6103017,0.0,0.5948719
0.5747934,0.0,0.56942266
0.33990115,0.0,0.5008344
0.52535903,0.0,0.11151359
0.6991567,0.0,0.15385173
0.76316535,0.0,0.0
0.6321039,0.0,0.0039255195
0.57184225,0.0,0.024959061
0.80991346,0.0,0.014213197
0.55392015,0.0,0.11147921
0.7074782,0.0,0.05107238
0.86130553,0.0,0.045429446
0.84272116,0.0,0.18411362
0.7506979,0.0,0.5050432
0.9035827,0.0,0.24011755
0.789153,0.0,0.098622516
0.87158597,0.0,0.0
0.95137596,0.0,0.001479376
0.84422493,0.0,0.0
0.85153073,0.0,0.0
0.90259016,0.0,0.011016261
0.79506373,0.0,0.04182663
0.7474227,0.0,0.12297561
0.74401784,0.0,0.14521834
0.6249236,0.0,0.5928868
0.63843274,0.0,0.35499656
0.4670296,0.0,0.24827671
0.5775311,0.0,0.14680086
0.73064923,0.0,0.5884767
0.6123986,0.0,0.4203865
0.64666426,0.0,0.29762778
0.6612343,0.0,0.045537397
0.88008827,0.0,0.10921623
0.8567897,0.0,0.0027846426
0.8326408,0.0,0.0
0.67421407,0.0,0.025896482
0.8251645,0.0,0.009368441
0.70059776,0.0,0.24026777
0.75133914,0.0,0.028825859
0.54669267,0.0,0.24137768
0.6778428,0.0,0.39225546
0.5514228,0.0,0.8814403
0.6006622,0.0,0.54334253
0.66343975,0.0,0.3149993
0.442926,0.0,0.85501933
0.59866095,0.0,0.46478748
0.52681744,0.0,0.6602945
0.7510537,0.0,0.2928067
0.7113441,0.0,0.39848998
0.72534466,0.0,0.11630898
0.60418016,0.0,0.25658843
0.6542602,0.0,0.17678323
0.8098749,0.0,0.01739969
0.5257895,1.0,0.2800591
0.6877861,1.0,0.24288605
0.53680146,1.0,0.1400952
0.76055,0.0,0.009400337
0.87053216,1.0,0.5507916
0.87525696,0.0,0.22439891
0.865743,1.0,0.38473254
0.50452596,0.0,0.111428164
0.64537114,0.0,0.43413925
0.6456683,0.0,0.4152821
0.6350355,0.0,0.008084778
0.51864135,0.0,0.34775212
0.5557643,0.0,0.04912919
0.756026,0.0,0.06177724
0.8861526,0.0,0.022809476
0.8917963,0.0,0.066326715
0.9427591,0.0,0.14960419
0.9093545,0.0,0.20669822
0.83430755,0.0,0.2171634
0.7914096,0.0,0.010920398
0.863173,0.0,0.52634954
0.62712955,0.0,0.4746453
0.6936597,0.0,0.08134235
0.5660191,0.0,0.20272598
0.7939592,0.0,0.0
0.8435812,0.0,0.0031188536
0.8277256,0.0,0.0218725
0.76061934,0.0,0.0061804256
0.9087008,0.0,0.012419286
0.5967235,0.0,0.01624212
0.46840322,0.0,0.01722265
0.5783433,0.0,0.012681361
0.7111515,0.0,0.006893793
0.48950157,1.0,0.14974773
0.7048106,1.0,0.20242615
0.8333331,0.0,0.07546432
0.76871425,0.0,0.077451535
0.7125292,0.0,0.0049162824
0.76114666,0.0,0.004864892
0.7192843,0.0,0.017043404
0.4649484,0.0,0.19661374
0.6804732,0.0,0.16456203
0.55417264,0.0,0.7617314
0.4764601,0.0,0.36862344
0.52348834,0.0,0.63277406
0.5588773,0.0,0.45980465
0.4284794,0.0,0.3326597
0.6446443,0.0,0.04003354
0.6879602,0.0,0.0875966
0.45445606,0.0,0.053485453
0.539544,0.0,0.08072633
0.54250574,1.0,0.40006724
0.5699201,0.0,0.09493663
0.7932633,1.0,0.364663
0.864404,1.0,0.5850756
0.57547086,1.0,0.7208512
0.4525645,0.0,0.07570701
0.6981855,1.0,0.40678686
0.67311925,0.0,0.0052758614
0.8360001,1.0,0.36866516
0.79802203,1.0,0.062441356
0.66904247,1.0,0.17472139
0.81000465,1.0,0.5354448
0.8058168,1.0,0.13720568
0.8727101,1.0,0.7670382
0.6236603,0.0,0.6985943
0.63070154,1.0,0.6382262
0.6702882,1.0,0.4448368
0.74303156,1.0,0.3558992
0.85598767,0.0,0.008337647
0.78529036,0.0,0.022225056
0.739359,0.0,0.0053617936
0.86649114,0.0,0.097353026
0.8442613,0.0,0.0
0.93262815,0.0,0.14469506
0.7820099,0.0,0.08785626
0.824569,0.0,0.07133798
0.8323336,0.0,0.0036816185
0.8721612,0.0,0.16063231
0.76694703,0.0,0.046325676
0.5240244,0.0,0.049315877
0.6077063,0.0,0.389175
0.8272064,0.0,0.51459944
0.50390065,0.0,0.39352378
0.86259663,0.0,0.0055702496
0.41233912,0.0,0.3243325
0.7460732,0.0,0.21524267
0.79929364,0.0,0.33460367
0.79512,0.0,0.82493585
0.8003581,0.0,0.6761866
0.55450845,0.0,0.4945935
0.3518315,0.0,0.39363807
0.83581376,0.0,0.18852891
0.60662913,0.0,0.6354024
0.5581507,0.0,0.2645561
0.79272425,0.0,0.06385076
0.7123623,0.0,0.04069147
0.81648946,0.0,0.0
0.858606,0.0,0.0022838353
0.8174301,0.0,0.0
0.8350621,0.0,0.011061277
0.83278006,0.0,0.010866173
0.8853457,0.0,0.0040751863
0.6033572,0.0,0.03311015
0.6735397,0.0,0.07618314
0.8044379,0.0,0.05838678
0.68636304,0.0,0.013159822
0.7733436,0.0,0.0
0.5741894,0.0,0.014254615
0.61155,0.0,0.0057791886
0.69424206,1.0,0.04420161
0.6861509,0.0,0.012200441
0.49900493,0.0,0.0039389348
0.7252664,0.0,0.08252995
0.5134711,0.0,0.102273755
0.50731677,0.0,0.43722957
0.57826173,0.0,0.14567667
0.39094394,0.0,0.78237087
0.43478578,0.0,0.6891174
0.843499,0.0,0.29823422
0.66915184,0.0,0.7537223
0.66595596,0.0,0.5724155
0.7755122,0.0,0.09880812
0.61007226,0.0,0.18696237
0.6961109,0.0,0.40297487
0.64200217,0.0,0.5109524
0.6444698,0.0,0.39347234
0.71310467,0.0,0.37024176
0.5068309,0.0,0.8493854
0.74050134,0.0,0.19579157
0.4978328,0.0,0.48928785
0.45813513,0.0,0.3403504
0.7201261,0.0,0.67998856
0.63989526,0.0,0.49332097
0.7268713,0.0,0.13383193
0.63844687,0.0,0.12775484
0.59790283,0.0,0.44724026
0.48161677,0.0,0.22731258
0.5601056,0.0,0.6284042
0.6382751,0.0,0.7396918
0.5230619,0.0,0.5063459
0.6986998,0.0,0.715514
0.6680006,0.0,0.6300619
0.5829387,0.0,1.0
0.48862877,0.0,1.0
0.5581773,0.0,0.47471568
0.64981985,0.0,0.43252975
0.67183566,0.0,0.23567708
0.52216125,0.0,0.65874916
0.6892163,0.0,0.5884787
0.569226,0.0,0.23382503
0.65431595,0.0,0.4578423
0.6996975,0.0,0.61549133
0.63068485,0.0,0.56233335
0.6969429,0.0,0.40052778
0.64403236,0.0,0.47150302
0.73169404,0.0,0.30066583
0.5291957,0.0,0.33555427
0.5838737,0.0,0.10301779
0.50646895,0.0,0.30356786
0.4380056,0.0,0.15556887
0.6853682,0.0,0.40382987
0.5094756,0.0,0.248979
0.6413119,0.0,0.0
0.48653683,0.0,0.37500185
0.48476422,0.0,0.5821192
0.7861901,0.0,0.02156088
0.4191901,0.0,0.3725288
0.642708,1.0,0.6700771
0.5607056,1.0,0.26412308
0.63823414,0.0,0.0224741
0.61617863,0.0,0.42150518
0.569969,0.0,0.40078324
0.8455626,0.0,0.0
0.8271774,0.0,0.0993501
0.6859715,0.0,0.68404216
0.5355452,0.0,0.15286653
0.46891207,0.0,0.40377778
0.83918875,0.0,0.26396298
0.75613666,0.0,0.0
0.7108448,0.0,0.1748053
0.5930366,0.0,0.4629732
0.74764776,0.0,0.06739343
0.7114924,0.0,0.0
0.62521106,0.0,0.3300879
0.5617842,0.0,0.397836
0.55413187,0.0,0.080901206
0.7925231,0.0,0.0077296426
0.4225304,0.0,0.5612377
0.37567803,1.0,0.481801
0.65390086,1.0,0.29387146
0.7337763,1.0,0.7199022
0.68186295,1.0,0.19781256
0.81463677,0.0,0.1096079
0.8888282,1.0,0.17780401
0.91732806,1.0,0.096449405
0.8597972,0.0,0.0
0.7545522,0.0,0.14004196
0.8882087,0.0,0.0
0.58206546,0.0,0.10579865
0.5625222,0.0,0.23774412
0.7476871,0.0,0.20997542
0.90696,0.0,0.0077141635
0.7529292,0.0,0.27499175
0.5624979,0.0,0.44205192
0.6835563,0.0,0.00441551
0.42449933,0.0,0.40221563
0.4073776,0.0,0.3647731
0.5987616,0.0,0.09174883
0.32997265,0.0,0.42792884
0.31530023,0.0,0.213762
0.34759203,0.0,0.68015486
0.4806053,0.0,0.36224747
0.36578882,0.0,0.42796034
0.63245004,0.0,0.0865877
0.57536745,0.0,0.16146022
0.47745836,0.0,0.40507782
0.5053227,0.0,0.22738956
0.61346287,0.0,0.0
0.5539812,0.0,0.49667856
0.42544946,0.0,0.47691426
0.7992739,0.0,0.039527267
0.79540265,0.0,0.12637304
0.3277449,0.0,0.2961602
0.4249084,0.0,0.20481223
0.5927949,0.0,0.061960656
0.8488591,0.0,0.008013614
0.570874,0.0,0.32242134
0.5970792,0.0,0.33522767
0.63856024,1.0,0.4254936
0.6791131,1.0,0.07909457
0.6443607,1.0,0.70373577
0.5968346,0.0,0.31495318
0.8796204,1.0,0.33225858
0.85726905,1.0,0.056303825
0.8492407,1.0,0.43255892
0.77981716,1.0,0.13464548
0.8111077,1.0,0.36158437
0.60659456,1.0,0.5818695
0.4683632,1.0,0.50884515
0.83464545,0.0,0.072481975
0.5061848,1.0,0.1672929
0.5801863,0.0,0.27150244
0.47800416,0.0,0.5279639
0.79122466,0.0,0.027547605
0.6953168,0.0,0.3731139
0.41674122,0.0,0.55062735
0.54378355,0.0,0.3594536
0.83812124,0.0,0.075931154
0.4937926,0.0,0.38998947
0.52060014,0.0,0.38010317
0.5459138,0.0,0.0933199
0.43721417,0.0,0.4973412
0.5615291,0.0,0.34697247
0.57311827,0.0,0.35321885
0.74293786,0.0,0.074682765
0.7609727,0.0,0.011493536
0.7799802,0.0,0.38208842
0.42969608,0.0,0.57737815
0.8355307,0.0,0.012939101
0.81972516,0.0,0.051165625
0.52182686,0.0,0.34414604
0.7949769,1.0,0.4125791
0.8828298,0.0,0.0013445776
0.8982511,0.0,0.16679569
0.43539068,0.0,0.3034216
0.7770834,1.0,0.31178546
0.8797392,0.0,0.0032708577
0.8290538,1.0,0.30785102
0.40684277,1.0,0.5831508
0.7781471,1.0,0.3520483
0.8590815,1.0,0.02205759
0.93246293,0.0,0.07284744
0.4209473,0.0,0.3220855
0.7552865,1.0,0.34267202
0.9285114,0.0,0.0
0.687951,1.0,0.18069977
0.5647533,1.0,0.6033206
0.46594566,0.0,0.108856775
0.73486155,0.0,0.73373026
0.6521128,0.0,0.39247867
0.8300748,0.0,0.027019538
0.48361167,0.0,0.44296378
0.5985895,0.0,0.3781378
0.69399536,0.0,0.12257793
0.6364338,0.0,0.11006981
0.36012736,0.0,0.368951
0.39433694,0.0,0.5375432
0.39229876,0.0,0.690258
0.5404438,0.0,1.0
0.3720628,1.0,0.20600334
0.531901,1.0,0.22684492
0.8261067,0.0,0.0046967333
0.5155166,1.0,0.12633601
0.812343,0.0,0.010001079
0.3558961,0.0,0.09706325
0.7705606,0.0,0.019472789
0.4351031,0.0,0.25570217
0.66266894,0.0,0.3197104
0.6180992,0.0,0.55716777
0.68818015,0.0,0.40545925
0.82800573,0.0,0.0
0.72639495,0.0,0.26541898
0.69331497,0.0,0.036157694
0.79321766,0.0,0.0014402554
0.6901618,0.0,0.057071984
0.70353913,0.0,0.39476785
0.7019103,0.0,0.014297508
0.8112956,0.0,0.007150926
0.74681294,0.0,0.2647792
0.5797399,0.0,0.15333258
0.6026804,0.0,0.4742519
0.6150602,0.0,0.20941183
0.7454473,0.0,0.60725605
0.83937335,1.0,0.6786499
0.8200124,1.0,0.6126836
0.9309597,1.0,0.34797502
0.7506523,1.0,0.3849994
0.80129045,1.0,0.096887805
0.45454836,1.0,0.49259683
0.90276384,0.0,0.13632976
0.5826239,0.0,0.5860283
0.6813596,0.0,0.63369584
0.8784667,0.0,0.088031776
0.6765196,1.0,0.36703795
0.8582913,0.0,0.0
0.7852664,1.0,0.2563769
0.734817,0.0,0.025075046
0.6857564,1.0,0.33838817
0.7610044,1.0,0.07545581
0.43224424,1.0,0.4866696
0.7320235,1.0,0.29263496
0.6324571,1.0,0.30930066
0.52508897,0.0,0.42383108
0.5167926,0.0,0.43414015
0.6092483,0.0,0.53214025
0.6394915,0.0,0.32867685
0.59921914,0.0,0.0
0.4278169,1.0,0.09840183
0.7971078,0.0,0.003464071
0.66894686,1.0,0.047147885
0.80913645,0.0,0.0015268996
0.7217998,1.0,0.33273736
0.8017738,1.0,0.06903557
0.6822201,1.0,0.3679026
0.70247096,1.0,0.46220836
0.68751585,1.0,0.81886023
0.7491863,0.0,0.4935987
0.6655491,0.0,0.14943781
0.7750013,0.0,0.0065135914
0.517707,0.0,0.024717983
0.7481156,0.0,0.4327896
0.7247287,0.0,0.0
0.77769095,0.0,0.0
0.54282606,0.0,0.28730348
0.59459037,1.0,0.45557883
0.761442,0.0,0.043583278
0.81370217,0.0,0.0022116473
0.7165505,0.0,0.30327123
0.6605592,0.0,0.40562347
0.76145226,0.0,0.026245447
0.8013661,0.0,0.067363776
0.78705376,0.0,0.4555234
0.7702899,0.0,0.14236754
0.6684432,0.0,0.5758921
0.6346239,0.0,0.035566825
0.50172645,0.0,0.8046292
0.65645957,0.0,0.40750715
0.6182935,0.0,0.25407836
0.6296257,0.0,0.5434158
0.7290941,0.0,0.40732965
0.8179762,0.0,0.12934774
0.5595688,0.0,0.05755203
0.61926794,0.0,0.4756495
0.6048349,0.0,0.46053725
0.46490106,0.0,0.5310018
0.8342952,0.0,0.019462312
0.3393804,0.0,0.3504909
0.8886344,0.0,0.031118855
0.5332376,0.0,0.34774098
0.84483606,0.0,0.03913985
0.47268057,1.0,0.3389697
0.75739664,0.0,0.0042305784
0.5472433,1.0,0.26335797
0.76675403,1.0,0.34393448
0.6620958,0.0,0.0
0.4480694,0.0,0.24500135
0.66349536,0.0,0.012146227
0.5403443,0.0,0.77860343
0.7541157,0.0,0.4960608
0.8757246,0.0,0.14108965
0.8259018,0.0,0.29689148
0.7247075,0.0,0.509071
0.6368841,0.0,0.087948635
0.8088048,0.0,0.0
0.7875932,0.0,0.19986323
0.4767435,0.0,0.43075415
0.7726252,0.0,0.0
0.8753304,0.0,0.0
0.52037257,0.0,0.40280977
0.47809717,0.0,0.3928231
0.7960482,0.0,0.14547835
0.49144953,0.0,0.5639647
0.78192574,0.0,0.03530915
0.37119764,0.0,0.63881946
0.82890403,0.0,0.092669815
0.5437523,0.0,0.38634402
0.67731965,0.0,0.098742425
0.50571126,0.0,0.45673358
0.68610466,0.0,0.40236732
0.81966656,1.0,0.48158938
0.6923148,1.0,0.51630384
0.8224188,1.0,0.3786694
0.8813301,0.0,0.040588424
0.4573983,0.0,0.07620005
0.8294197,0.0,0.0
0.5973291,0.0,0.24335413
0.6573732,0.0,0.019147312
0.47425985,0.0,0.38465253
0.41823488,0.0,0.13217053
0.6214543,0.0,0.43565145
0.62163955,0.0,0.09793091
0.58722395,0.0,0.27704418
0.75668114,0.0,0.04839967
0.8576475,0.0,0.1796443
0.73080695,0.0,0.10155157
0.7675751,0.0,0.012307917
0.85700774,0.0,0.0001373348
0.5388657,0.0,0.0595771
0.5986072,0.0,0.028696422
0.49263647,0.0,0.0011150278
0.7068537,0.0,0.069972716
0.698292,0.0,0.083382465
0.82665604,0.0,0.0
0.7373075,0.0,0.0027807988
0.4225066,0.0,0.29500738
0.83648735,0.0,0.2795008
0.89442796,0.0,0.027052393
0.7306781,0.0,0.5343169
0.7752986,0.0,0.7892976
0.6258978,0.0,0.4867813
0.49494606,0.0,0.49459863
0.8865531,0.0,0.12416414
0.8353737,0.0,0.66799796
0.4964806,0.0,0.47029015
0.74133295,0.0,0.12897865
0.7355629,0.0,0.043263517
0.76186717,0.0,0.55879027
0.7664208,0.0,0.68702745
0.841734,0.0,0.06769889
0.81958354,0.0,0.12531821
0.7734857,0.0,0.612211
0.8094971,0.0,0.6121245
0.53944975,0.0,0.028048044
0.599577,0.0,0.6600711
0.74674517,0.0,0.13182828
0.66435385,0.0,0.2921755
0.5309433,0.0,0.5885557
0.6606645,0.0,0.45675558
0.6087152,0.0,0.07707355
0.38111785,0.0,0.53483635
0.57818186,1.0,0.84034467
0.48996422,0.0,0.5556134
0.70150703,1.0,0.54203427
0.5513642,0.0,0.53613484
0.5258924,0.0,0.6690655
0.752142,1.0,0.6667337
0.6785135,1.0,0.79569906
0.45401058,0.0,0.29406205
0.7291631,0.0,0.6283288
0.5810016,1.0,0.4163894
0.44060054,0.0,0.97454953
0.63682026,0.0,0.7467324
0.4498024,0.0,0.45658776
0.7615482,0.0,0.06586456
0.6795204,0.0,0.053502243
0.5051989,0.0,0.68505234
0.46490562,0.0,0.6765375
0.51718706,0.0,0.20766547
0.46169305,0.0,0.3552806
0.54847306,0.0,0.41618198
0.74436986,0.0,0.14582628
0.670588,0.0,0.15284626
0.48340255,0.0,0.18578403
0.8954698,0.0,0.0
0.823624,0.0,0.0077437325
0.47026402,0.0,0.09475785
0.79089797,0.0,0.05728497
0.8869151,0.0,0.05142621
0.7756329,0.0,0.030904211
0.6178331,0.0,0.3342532
0.8672366,0.0,0.00024187162
0.8337789,0.0,0.009384689
0.6812162,0.0,0.006060282
0.46816966,0.0,0.23053432
0.90760773,0.0,0.0007856999
0.7437829,0.0,0.006781643
0.68590486,0.0,0.19877253
0.6598537,0.0,0.19155641
0.8918133,0.0,0.008131143
0.6659264,0.0,0.14844087
0.7055935,0.0,0.59778845
0.8772028,0.0,0.34830955
0.83638525,0.0,0.25432363
0.46923816,0.0,0.39577726
0.579514,0.0,0.6712337
0.39585,0.0,0.4599005
0.64578253,0.0,0.15319847
0.86980706,0.0,0.014736617
0.9006125,0.0,0.0
0.88163775,0.0,0.027486451
0.8781348,0.0,0.0075627347
0.7966519,0.0,0.044550106
0.6668243,0.0,0.021609152
0.8293767,0.0,0.028540641
0.65903616,0.0,0.016043833
0.8398726,0.0,0.0057914536
0.77402735,0.0,0.0014360351
0.76663,0.0,0.04121502
0.88724184,0.0,0.009749459
0.82959235,0.0,0.0045875725
0.70018065,0.0,0.0
0.6006976,0.0,0.013553587
0.9144422,0.0,0.00047373382
0.64055383,0.0,0.019573571
0.5979345,0.0,0.14199774
0.7748886,0.0,0.0
0.91077614,0.0,0.03622705
0.52118415,0.0,0.4902441
0.5382547,0.0,0.47331485
0.57139254,0.0,0.46834597
0.89944005,0.0,0.016903123
0.71250665,0.0,0.07681033
0.5513637,0.0,0.26363328
0.7264029,0.0,0.14559726
0.76301163,0.0,0.0
0.6760194,0.0,0.01478267
0.43727744,0.0,0.3207588
0.6436798,0.0,0.15643238
0.7793152,0.0,0.0
0.81076276,0.0,0.10312053
0.87296194,0.0,0.00021194106
0.52131593,0.0,0.35173488
0.8498079,0.0,0.2935205
0.7157118,0.0,0.0
0.89490217,0.0,0.2452616
0.31224325,0.0,0.6292652
0.57062244,0.0,0.39705262
0.7031875,0.0,0.11756678
0.75857913,0.0,0.79622096
0.57768214,0.0,0.5829986
0.81827885,0.0,0.057734918
0.6773582,0.0,0.42509153
0.7170399,0.0,0.41017115
0.7917558,0.0,0.3468237
0.86949044,0.0,0.08856874
0.84069425,0.0,0.00021752756
0.7021479,0.0,0.044601597
0.5128413,0.0,0.31840456
0.6957056,0.0,0.041794688
0.8904271,0.0,4.137861e-05
0.6832299,0.0,0.3516911
0.49273115,0.0,0.584193
0.8757983,0.0,0.013331486
0.8696548,0.0,0.06835794
0.715772,0.0,0.44526783
0.6639601,0.0,0.16971473
0.8467156,0.0,0.0036295194
0.9177378,0.0,0.18719472
0.7303984,0.0,0.34166664
0.76708215,0.0,0.81901246
0.61723286,0.0,0.1366638
0.65635407,0.0,0.68940747
0.6607403,0.0,0.28967318
0.86470014,0.0,0.06478369
0.71162724,0.0,0.18604775
0.8873655,0.0,0.042349562
0.7081859,0.0,0.31746763
0.8290614,0.0,0.21957994
0.8848806,0.0,0.012367414
0.7499128,0.0,0.053151026
0.5523063,0.0,0.084269956
0.7997439,0.0,0.0
0.6596614,0.0,0.008837644
0.84249973,0.0,0.0007133484
0.8279824,0.0,0.08415349
0.4571339,0.0,0.4707422
0.45865294,0.0,0.49194017
0.84446466,0.0,0.15792772
0.40426236,0.0,0.40849292
0.8682688,0.0,0.10557716
0.6182166,0.0,0.30344576
0.502073,0.0,0.6079653
0.70871174,0.0,0.45028824
0.8397896,0.0,0.006834185
0.4284609,0.0,0.26732957
0.33203608,0.0,0.25436774
0.37166688,0.0,0.26783088
0.6349017,0.0,0.0
0.5770342,0.0,0.39545116
0.44404134,0.0,0.3738451
0.70366037,0.0,0.16273576
0.85660374,0.0,0.026162194
0.39462176,0.0,0.38601926
0.6953421,0.0,0.056137107
0.7326578,0.0,0.30895677
0.8566992,0.0,0.019758904
0.77812606,0.0,0.24275532
0.75907284,0.0,0.5757673
0.76837605,0.0,0.031772595
0.77220476,0.0,0.12148147
0.80669194,0.0,0.02264677
0.38031942,0.0,0.50292045
0.5819229,0.0,0.29115003
0.3510157,0.0,0.6416562
0.34046802,0.0,0.4809416
0.6048377,0.0,0.10212332
0.77556103,0.0,0.13513337
0.59367514,0.0,0.36122462
0.35004985,0.0,0.62134725
0.6884335,0.0,0.038219046
0.7853047,0.0,0.064595245
0.39280435,0.0,0.39523974
0.5399646,0.0,0.40876737
0.8596164,0.0,0.00398887
0.43553147,0.0,0.2835883
0.4036677,0.0,0.7086462
0.82270753,0.0,0.18181224
0.78284144,0.0,0.0023758237
0.47722742,0.0,0.43841746
0.41175342,0.0,0.2441262
0.7885861,0.0,0.23778579
0.89598274,0.0,0.031534858
0.3601558,0.0,0.5542138
0.3217911,0.0,0.34397
0.9238202,0.0,0.006762
0.9480395,0.0,0.006804771
0.46432847,0.0,0.34951255
0.4433323,0.0,0.828771
0.8835104,0.0,0.109025694
0.5661063,0.0,0.46586514
0.42643043,0.0,0.49727282
0.70566547,0.0,0.5690876
0.69293565,0.0,0.03723856
0.79696655,0.0,0.19897701
0.82883346,0.0,0.0
0.8153024,0.0,0.0
0.75832057,0.0,0.019515622
0.8973067,0.0,0.008384438
0.7464651,0.0,0.001002843
0.77251977,0.0,0.017254818
0.86384314,0.0,0.043420576
0.87657017,0.0,0.02615199
0.8507174,0.0,0.016063105
0.40557286,0.0,0.21185999
0.78948516,0.0,0.046977043
0.7274337,0.0,0.17079818
0.81584156,0.0,0.010959064
0.7538775,0.0,0.51698923
0.36036548,0.0,0.16070594
0.47759727,0.0,0.16162808
0.92489386,0.0,0.015022436
0.7823939,0.0,0.08415245
0.8119607,1.0,0.38057816
0.7752373,1.0,0.5932993
0.63383055,1.0,0.19363227
0.7682803,1.0,0.19178161
0.64515513,1.0,0.2890354
0.56893575,1.0,0.538379
0.52454823,0.0,0.10810291
0.58700037,0.0,0.37217602
0.8151271,0.0,0.0
0.5946323,1.0,0.3291862
0.877505,0.0,0.18286936
0.5297712,0.0,0.30417845
0.6191553,0.0,0.5656447
0.47339383,0.0,0.69737345
0.53190243,0.0,0.4039452
0.5230197,0.0,0.38331336
0.5700726,0.0,0.27702278
0.4718371,0.0,0.45686495
0.6755491,0.0,0.054376163
0.4906405,0.0,0.31122103
0.80298936,0.0,0.0
0.8376243,0.0,0.0
0.83468604,1.0,0.16479233
0.778339,0.0,0.0
0.57447994,0.0,0.22077231
0.7055761,0.0,0.05314042
0.5431398,0.0,0.49190015
0.7511797,0.0,0.03390632
0.49319687,0.0,0.29227456
0.8524543,0.0,0.12760504
0.5502412,0.0,0.0917107
0.7232063,0.0,0.5460018
0.61453277,0.0,0.044793002
0.42450505,0.0,0.68468064
0.41463527,0.0,0.55221695
0.43561715,0.0,0.03377689
0.46649292,0.0,0.33731776
0.56451803,0.0,0.023822142
0.58927906,1.0,0.25528196
0.64215106,0.0,0.005577006
0.585341,0.0,0.016132774
0.47428405,0.0,0.03494439
0.6863994,0.0,0.015781878
0.48312345,0.0,0.2384697
0.90221983,0.0,0.0120405005
0.82650936,0.0,0.3075271
0.7528318,0.0,0.18159576
0.70686257,0.0,0.1983746
0.9082269,0.0,5.2772924e-05
0.72220427,0.0,0.0061656334
0.7267727,0.0,0.0
0.8434389,0.0,0.007640665
0.82235336,0.0,0.0014279825
0.49498558,0.0,0.0059769736
0.6451376,0.0,0.021634672
0.49846643,0.0,0.015968693
0.5140813,1.0,0.4350194
0.37858218,1.0,0.5361511
0.6035048,0.0,0.25603005
0.62767124,0.0,0.54210556
0.5145384,0.0,0.105803505
0.66820496,0.0,0.09185832
0.4154505,0.0,0.6558835
0.5087492,0.0,0.31990603
0.8940808,0.0,0.0013372479
0.83767873,0.0,0.017828815
0.5185737,0.0,0.44944653
0.47130108,0.0,0.36657894
0.71295196,0.0,0.009582471
0.4006005,0.0,0.266794
0.5775112,0.0,0.09134451
0.5094374,0.0,0.50149953
0.50106406,0.0,0.08342486
0.80054325,0.0,0.060555883
0.5597883,0.0,0.14908572
0.4975007,0.0,0.34364152
0.6605643,0.0,0.011252669
0.6169538,0.0,0.3307698
0.47789863,0.0,0.63224614
0.6635247,0.0,0.39416215
0.78004915,0.0,0.11197474
0.67414767,1.0,0.3802868
0.49408635,0.0,0.46147838
0.59306127,1.0,0.36944357
0.48218134,0.0,0.22461802
0.37815118,0.0,0.082951985
0.5409065,1.0,0.17937414
0.79115367,0.0,0.00045902995
0.49154705,0.0,0.053181387
0.79595387,0.0,0.0011303534
0.6001875,0.0,0.0
0.42759547,0.0,0.27292794
0.7735322,0.0,0.0340093
0.39469844,0.0,0.4184644
0.53540987,0.0,0.0
0.51935816,0.0,0.4362299
0.66163385,0.0,0.15248041
0.41398436,0.0,0.41663963
0.87805206,0.0,0.12416675
0.54612356,0.0,0.29275447
0.815303,0.0,0.0
0.5636288,0.0,0.030219277
0.5042723,0.0,0.34536347
0.42711487,0.0,0.0
0.8983746,0.0,0.0
0.39822862,0.0,0.23219523
0.5479599,0.0,0.5918189
0.6551528,0.0,0.16271546
0.80370796,0.0,0.25866243
0.7757136,0.0,0.00057158316
0.48466545,0.0,0.5102262
0.6203818,0.0,0.29996222
0.8389455,0.0,0.010876201
0.9044149,0.0,0.103321254
0.65420675,0.0,0.3275711
0.6594059,0.0,0.35694122
0.5073236,0.0,0.61138266
0.6995211,0.0,0.1530204
0.78428644,0.0,0.31003946
0.77661175,0.0,0.04714718
0.45092848,0.0,0.45104715
0.82153,0.0,0.19535956
0.7695357,0.0,0.0
0.85709053,0.0,0.020452278
0.5136621,0.0,0.5609635
0.60183936,0.0,0.30418345
0.44430298,0.0,0.5067468
0.8273361,0.0,0.007272279
0.5526085,0.0,0.044929236
0.7619105,0.0,0.027795536
0.4776436,0.0,0.34124604
0.63568616,0.0,0.14389405
0.7892466,0.0,0.004920061
0.42294142,0.0,0.05882007
0.6175232,0.0,0.022291416
0.43767917,0.0,0.0974301
0.6322081,0.0,0.10103301
0.5833284,0.0,0.08523402
0.53217775,0.0,0.0123675205
0.38448995,0.0,0.20018129
0.8845291,0.0,0.006748253
0.35619813,0.0,0.18097857
0.613199,0.0,0.08423059
0.44588587,0.0,0.07328314
0.7307633,0.0,0.0
0.89504766,0.0,0.0017625793
0.7130546,0.0,0.087138265
0.8140325,0.0,0.18202506
0.86872786,0.0,0.6315251
0.85014254,0.0,0.50588524
0.79048836,0.0,0.6624487
0.7806185,0.0,0.1903916
0.6807849,1.0,0.669716
0.8630744,1.0,0.6637891
0.86414564,1.0,0.6567706
0.9314284,1.0,0.33867785
0.8588901,1.0,0.24393666
0.6296099,1.0,0.3221661
0.88896227,1.0,0.8598034
0.5924512,1.0,0.57045776
0.8353815,1.0,0.20548277
0.64272994,1.0,0.62294567
0.4924922,1.0,0.3328796
0.6288771,1.0,0.50700194
0.8168661,0.0,0.20846933
0.70526004,0.0,0.10612309
0.84066737,0.0,0.0
0.7801484,0.0,0.1760939
0.8472971,1.0,0.20401482
0.74795884,0.0,0.0977684
0.9273118,0.0,0.0
0.89528996,0.0,0.0015013532
0.6183642,0.0,0.0
0.7961219,0.0,0.0006058722
0.8912917,0.0,0.0
0.8167222,0.0,0.090321824
0.46101344,0.0,0.00044453036
0.4812199,0.0,0.31679773
0.52606165,0.0,0.53797174
0.56964,0.0,0.040865485
0.82427907,0.0,0.23198865
0.6730871,0.0,0.010530187
0.8558572,0.0,0.029665591
0.9621754,0.0,0.0010510918
0.9166997,0.0,0.018056333
0.9105695,0.0,0.0012095452
0.88807243,0.0,0.0
0.8087456,0.0,0.034519333
0.83081263,0.0,0.0
0.85594213,0.0,0.07934428
0.54346055,0.0,0.08840895
0.5821049,0.0,0.071407326
0.41496184,0.0,0.52404314
0.629391,0.0,0.36712268
0.44493288,0.0,0.37741596
