gate_value,label,rsa
0.7941502,0.0,0.6550317
0.6452928,0.0,0.68264794
0.7313388,0.0,0.14853807
0.6917083,0.0,0.00011903637
0.6378572,0.0,0.5629487
0.8293235,0.0,0.4330095
0.9334757,0.0,0.06862725
0.86980444,0.0,0.41639924
0.7551323,0.0,0.12953115
0.4292155,0.0,0.36513853
0.50272334,0.0,0.27131054
0.58177143,0.0,0.18273422
0.85819733,0.0,0.13437858
0.7850101,0.0,0.28580278
0.5622816,0.0,0.021384876
0.684453,0.0,0.506639
0.74348664,0.0,0.35026097
0.9305399,0.0,0.015787533
0.67615277,0.0,0.11749167
0.75151753,0.0,0.45759842
0.88405895,0.0,0.0034583278
0.9734031,0.0,0.023059199
0.7960847,0.0,0.35649335
0.7927371,0.0,0.213716
0.67653346,0.0,0.0
0.90460026,0.0,0.22733074
0.60017693,0.0,0.58735996
0.5902404,0.0,0.33594397
0.8574492,0.0,0.16696185
0.8590756,0.0,0.5215868
0.8080982,0.0,0.78002983
0.9298311,0.0,0.1348709
0.99019253,0.0,0.012481228
0.617496,0.0,0.32864422
0.90944767,0.0,0.28516537
0.53601754,0.0,0.2740009
0.44645596,0.0,0.4177942
0.8358226,0.0,0.13988493
0.651067,0.0,0.18474054
0.5647071,0.0,0.3500578
0.6512424,0.0,0.04164115
0.530249,0.0,0.3877582
0.52442354,0.0,0.43416354
0.7327749,0.0,0.43487942
0.8536612,0.0,0.24831234
0.8254897,0.0,0.23941967
0.95539206,0.0,0.0
0.9491113,0.0,0.13708156
0.9772141,0.0,9.5585085e-05
0.89108014,0.0,0.0058791623
0.9339777,0.0,0.28479794
0.94206095,0.0,0.0
0.95261073,0.0,0.10296234
0.6283364,0.0,0.251281
0.7491618,0.0,0.35525116
0.6781878,0.0,0.60633004
0.7328956,0.0,0.6468388
0.82316774,0.0,0.7350701
0.88555676,0.0,0.19271669
0.9323381,0.0,0.25368646
0.9724343,0.0,0.0
0.98107004,0.0,0.0
0.93818754,0.0,0.0
0.9848771,0.0,0.0035688253
0.6020213,0.0,0.005641527
0.8736399,0.0,0.0
0.8138982,0.0,0.00038965628
0.85735154,0.0,0.015053507
0.72338206,1.0,0.013772575
0.8499607,0.0,0.0
0.8483513,1.0,0.099930696
0.83599025,1.0,0.020372668
0.50867105,0.0,0.112828925
0.84395653,0.0,0.015053259
0.8977556,0.0,0.0
0.5839898,0.0,0.0053144093
0.6311605,0.0,0.09836554
0.8586795,0.0,0.0
0.97913694,0.0,0.0
0.7242971,0.0,0.024145532
0.726401,0.0,0.101070546
0.9455916,0.0,0.0018664243
0.85059905,0.0,0.0
0.5537728,0.0,0.101379596
0.6766954,0.0,0.22942203
0.8751208,0.0,0.0038334236
0.95599145,0.0,0.109961696
0.6415729,0.0,0.45007485
0.8434621,0.0,0.12504728
0.9676743,0.0,0.24984059
0.8277717,0.0,0.47771278
0.5556415,0.0,0.6621802
0.6894315,0.0,0.28574666
0.7564428,0.0,0.6822861
0.5820095,0.0,0.35924834
0.82005215,0.0,0.0032891133
0.72981614,0.0,0.17145947
0.8543857,0.0,0.38840422
0.9369094,0.0,0.0012337532
0.9685421,0.0,0.0
0.5397335,0.0,0.34429643
0.4245761,0.0,0.366093
0.74476856,0.0,0.014281696
0.89130056,0.0,0.03482257
0.96395576,0.0,0.0006642811
0.9518446,0.0,0.027031034
0.95635724,0.0,0.0041170046
0.7749078,0.0,2.770007e-05
0.7742045,0.0,0.017302074
0.9216899,0.0,0.025203949
0.96193135,0.0,0.005724852
0.9041328,0.0,0.0030168872
0.85007256,0.0,0.0
0.8250662,0.0,0.009646899
0.7972856,0.0,0.0
0.7693891,0.0,0.01987314
0.81605166,0.0,0.16334777
0.82653826,0.0,0.1611604
0.7371232,0.0,0.035105594
0.73898077,0.0,0.2999183
0.52484465,0.0,0.56989706
0.4367262,0.0,0.56017166
0.5504547,1.0,0.30187273
0.5799332,0.0,0.21558842
0.91689897,1.0,0.3794167
0.86595714,0.0,0.12063775
0.50410265,1.0,0.077608384
0.64964837,0.0,0.018483438
0.745453,0.0,0.00074214395
0.46000636,0.0,0.13755575
0.4803746,0.0,0.06433887
0.41057178,0.0,0.5311617
0.44348577,0.0,0.038071573
0.298149,0.0,0.56327736
0.27757314,0.0,0.9009068
0.36584955,0.0,0.2494789
0.28092632,0.0,0.9042013
0.7469396,0.0,0.23529369
0.5712287,0.0,0.32829237
0.711502,0.0,0.005386957
0.77340335,0.0,0.024404744
0.57071036,0.0,0.0
0.94658077,0.0,0.0046760966
0.571068,0.0,0.10835992
0.6628807,0.0,0.028358663
0.6693729,0.0,0.0
0.8623298,0.0,0.000472627
0.49295753,0.0,0.44875818
0.6053963,0.0,0.0787361
0.63962066,0.0,0.16787173
0.6413411,0.0,0.2035319
0.69263333,0.0,0.3566019
0.3887078,0.0,0.4907188
0.48850763,0.0,0.49657303
0.56730217,0.0,0.19895189
0.7456554,0.0,0.22486198
0.6849077,0.0,0.17128542
0.765839,0.0,0.5676232
0.48275912,0.0,0.3840943
0.80060226,0.0,0.18447618
0.9018331,1.0,0.4210133
0.7503662,1.0,0.18474704
0.7499896,1.0,0.33083156
0.7154977,1.0,0.2262932
0.6127923,0.0,0.022840925
0.7812234,0.0,0.10644936
0.7620696,0.0,0.008253984
0.5598318,0.0,0.53275037
0.5616862,0.0,0.5109873
0.68181866,0.0,0.17720503
0.8457101,0.0,0.14284045
0.84667116,0.0,0.2244787
0.670238,0.0,0.041168384
0.9689753,0.0,0.34930998
0.93803746,0.0,0.014801263
0.88963085,0.0,0.0051692794
0.71015185,0.0,0.35651806
0.9076695,0.0,0.043829445
0.77998614,0.0,0.00499363
0.65319175,0.0,0.05079943
0.84119594,0.0,0.34580994
0.7590508,0.0,0.106514275
0.90417457,0.0,0.066470616
0.317911,0.0,0.60546774
0.5231589,0.0,0.64694214
0.48155874,0.0,0.16975622
0.6912864,0.0,0.5790893
0.8654364,0.0,0.20826942
0.97641104,0.0,0.03620911
0.75770104,0.0,0.32113823
0.9622976,0.0,0.0
0.67212015,0.0,0.00032486167
0.93715024,0.0,0.0
0.6956485,0.0,0.0077351974
0.9059744,0.0,0.00027755552
0.6255121,1.0,0.035573866
0.7660045,1.0,0.027617149
0.6208002,1.0,0.26068047
0.6839948,1.0,0.2091998
0.80958444,0.0,0.092978016
0.8181825,1.0,0.076892786
0.8125416,0.0,0.00020364499
0.9053466,0.0,0.019387996
0.5853106,0.0,0.01332864
0.7977068,0.0,0.006416293
0.5416704,0.0,0.10027788
0.74765444,0.0,0.0
0.47157106,0.0,0.19588149
0.22743478,0.0,0.26528987
0.2576198,0.0,0.61948454
0.31898263,0.0,0.4593142
0.4926168,0.0,0.60320544
0.8705865,0.0,0.025092583
0.7122912,0.0,0.7235746
0.8634016,0.0,0.21532181
0.45286703,0.0,0.26197094
0.8345154,0.0,0.5351661
0.7503397,0.0,0.21463871
0.9190448,0.0,0.0
0.6878829,0.0,0.19655395
0.52176464,0.0,0.45837104
0.7261008,0.0,0.04021387
0.9301894,0.0,0.0
0.46195796,0.0,0.47260815
0.6427206,0.0,0.37218186
0.8222524,0.0,0.0
0.8887464,0.0,0.08738569
0.46128836,0.0,0.49717498
0.48256227,0.0,0.21686132
0.9403917,0.0,0.0012442069
0.48328635,0.0,0.25258335
0.4894668,0.0,0.5680378
0.35775054,0.0,0.3900949
0.4286718,0.0,0.4060248
0.49556234,0.0,0.4089858
0.63365227,0.0,0.10487004
0.42863855,0.0,0.7103805
0.79985577,0.0,0.058880284
0.46503314,0.0,0.55564165
0.88002753,0.0,0.28454438
0.73502237,0.0,0.061736543
0.88864285,0.0,0.066861875
0.9230142,0.0,0.059094545
0.86959183,0.0,0.15425159
0.5843233,1.0,0.6895303
0.7202574,1.0,0.23610428
0.6875424,1.0,0.30021754
0.5060782,1.0,0.44591278
0.5921494,0.0,0.29912084
0.8778697,0.0,0.030498782
0.6729067,0.0,0.00039496893
0.71811974,0.0,0.0
0.7196854,0.0,0.014782471
0.9119092,0.0,0.015599044
0.80198336,0.0,0.013556862
0.6328738,0.0,0.004667864
0.7199874,0.0,0.04674095
0.98732203,0.0,0.0
0.8639046,0.0,0.0906434
0.7447686,0.0,0.44417608
0.768809,0.0,0.39985234
0.93421316,0.0,0.57957315
0.9848595,0.0,0.03926243
0.89568657,0.0,0.28757814
0.9604675,0.0,0.022234337
0.9360097,0.0,0.0
0.8940034,0.0,5.0241775e-05
0.8702196,0.0,0.061696563
0.9329916,0.0,0.0016144882
0.8774208,1.0,0.08783565
0.9278477,0.0,0.00082099455
0.51290774,0.0,0.10276218
0.6997989,0.0,0.09033023
0.5936178,1.0,0.57987404
0.8276255,1.0,0.36306536
0.42510563,1.0,0.71230316
0.4783042,0.0,0.34635463
0.6035293,0.0,0.06691706
0.6983991,1.0,0.14446162
0.6072844,0.0,0.49712604
0.70365775,0.0,0.016421415
0.71024877,0.0,0.26348552
0.39849794,0.0,0.2599855
0.54635864,0.0,0.580837
0.7559405,0.0,0.2030131
0.9750209,0.0,1.8224277e-05
0.749497,0.0,0.23021008
0.7516501,0.0,0.21136114
0.78265893,0.0,0.0010771157
0.8896051,0.0,0.0
0.42780983,0.0,0.35921314
0.8138427,0.0,0.0014312799
0.8785789,0.0,0.00093780394
0.7773873,0.0,0.016134264
0.55586135,0.0,0.2596199
0.8123803,0.0,0.001655146
0.96317613,0.0,0.0
0.7366966,0.0,0.1509431
0.7047104,0.0,0.16175023
0.96932495,0.0,0.00015908813
0.80782235,0.0,0.0
0.65675193,0.0,0.30130032
0.80702907,0.0,0.17446502
0.7895424,0.0,0.031332456
0.84171295,0.0,0.18753216
0.70899016,0.0,0.5045935
0.615383,0.0,0.39508277
0.6726351,0.0,0.9883398
0.58533984,0.0,0.66800034
0.7715121,0.0,0.5134894
0.94062746,0.0,0.16506518
0.6764186,0.0,0.5797796
0.8562214,0.0,0.0
0.3924235,0.0,0.09006069
0.7327256,0.0,0.011111732
0.64581853,0.0,0.19827956
0.53764117,0.0,0.08644884
0.7643161,0.0,0.39086682
0.38873965,0.0,0.8289399
0.70165676,0.0,0.58402884
0.5552992,0.0,0.6371563
0.5056283,0.0,0.2610334
0.4880405,0.0,0.5660359
0.46988443,0.0,0.256316
0.6258507,0.0,0.45049268
0.7654864,0.0,0.0044642696
0.6928649,0.0,0.4057589
0.8385127,0.0,0.0
0.48155272,0.0,0.28420776
0.8577934,0.0,0.3411695
0.58351994,0.0,0.58704937
0.45738453,0.0,0.14069648
0.48682973,1.0,0.19903259
0.668681,0.0,0.0
0.48879126,0.0,0.0
0.42732257,0.0,0.22171827
0.5172244,0.0,0.0
0.60655504,0.0,0.0
0.4963483,0.0,0.2349456
0.38401747,0.0,0.5820364
0.7287964,0.0,0.3211434
0.4578059,0.0,0.60486543
0.6969474,0.0,0.2672913
0.5073027,0.0,0.6731884
0.7838707,0.0,0.08846967
0.48813558,0.0,0.2467178
0.47390726,0.0,0.392032
0.40105772,0.0,0.5087932
0.58431304,0.0,0.3254099
0.3390142,1.0,0.32190093
0.48776194,1.0,0.48588157
0.5301463,0.0,0.006403482
0.50573355,1.0,0.474383
0.6481731,1.0,0.19744189
0.42999372,1.0,0.0111708725
0.53340006,0.0,0.2055245
0.63446635,0.0,0.039862573
0.38880336,0.0,0.001155411
0.40870097,0.0,0.0007992741
0.2721928,0.0,0.23936611
0.7992802,0.0,0.2101118
0.50939214,0.0,0.52460617
0.47602123,0.0,0.3684437
0.7971725,0.0,0.3098546
0.48006228,0.0,0.43819353
0.5916301,0.0,0.17633773
0.6542467,1.0,0.29707178
0.7481789,0.0,0.079288416
0.4682543,1.0,0.6285775
0.37858942,1.0,0.39934027
0.5519392,1.0,0.11768259
0.4746474,1.0,0.5586439
0.532655,1.0,0.27061793
0.5217647,1.0,0.047950484
0.518501,1.0,0.3989484
0.34032637,1.0,0.6194848
0.41045988,1.0,0.5998393
0.59675246,1.0,0.20560959
0.70514107,0.0,0.34028375
0.36634094,0.0,0.671039
0.338451,0.0,0.37516683
0.49457014,0.0,0.114673264
0.6803521,0.0,0.09360562
0.55597484,0.0,0.0016068312
0.5659608,0.0,0.00081583374
0.6032279,0.0,0.01835889
0.70647955,0.0,0.028486226
0.4539134,1.0,0.042568292
0.38859126,0.0,0.0
0.48416042,0.0,0.2194301
0.8913401,0.0,0.005798101
0.7895547,0.0,0.4007649
0.90299445,0.0,0.21333621
0.91819143,0.0,0.41635704
0.97411996,0.0,0.010502776
0.7827492,0.0,0.24726498
0.8104626,0.0,0.0
0.5763399,0.0,0.15204906
0.6956827,0.0,0.043129686
0.442868,0.0,0.3635031
0.49606407,0.0,0.12012817
0.4709967,1.0,0.2514665
0.48773086,0.0,0.64005136
0.4831461,0.0,0.23585239
0.49394146,0.0,0.20871799
0.36030614,1.0,0.8756471
0.47913656,0.0,0.912636
0.5161115,0.0,0.2468158
0.6397167,0.0,0.31103036
0.49166903,0.0,0.58511764
0.60066295,0.0,0.32698014
0.7585814,0.0,0.36393076
0.52750504,0.0,0.25777775
0.945717,0.0,0.009619588
0.8995912,0.0,0.00344513
0.9620816,0.0,0.0
0.7194717,0.0,0.0
0.92754596,0.0,0.008800227
0.7734475,0.0,0.0
0.44018808,0.0,0.25234646
0.5522112,0.0,0.26192802
0.58038497,0.0,0.5942645
0.5414421,0.0,0.5479368
0.53329855,0.0,0.0005380969
0.7236718,0.0,0.17895013
0.83003646,0.0,0.30633464
0.89116675,0.0,0.004553889
0.8036457,0.0,0.29770628
0.8217482,0.0,0.28559905
0.45488277,0.0,0.00036758807
0.92796916,0.0,0.0397131
0.79804814,0.0,0.43468362
0.7487987,0.0,0.24424048
0.6759871,0.0,0.5168245
0.45561078,0.0,0.17186263
0.97137016,0.0,0.035650726
0.5650525,0.0,0.26463726
0.447749,0.0,0.016574223
0.9646103,0.0,0.0
0.7994373,0.0,0.013187303
0.86218816,0.0,0.00060069456
0.65777415,0.0,0.0
0.67378473,0.0,0.028747713
0.93085754,0.0,0.0038762954
0.7028511,0.0,0.18892756
0.7667863,0.0,0.3070697
0.5008757,0.0,0.023935271
0.63992643,0.0,0.09436835
0.6186965,0.0,0.5591828
0.554073,0.0,0.33056808
0.8582342,0.0,0.42187852
0.7584843,0.0,0.6691725
0.8903157,0.0,0.21319838
0.9160015,0.0,0.38752434
0.94065195,0.0,0.13919199
0.8272779,0.0,0.26040083
0.8090314,0.0,0.036299646
0.6041232,0.0,0.23621479
0.5615474,0.0,0.62160003
0.5532709,0.0,0.086011305
0.5197849,0.0,0.48199284
0.8801286,0.0,0.41541916
0.6848781,0.0,0.6592835
0.61901265,0.0,0.30130532
0.9590982,0.0,0.021039309
0.9130995,0.0,0.07931768
0.8045609,0.0,0.411622
0.7311568,0.0,0.02558034
0.8295866,0.0,0.0
0.73967904,0.0,0.39377514
0.93448436,0.0,0.20217629
0.8900121,0.0,0.0
0.6515295,0.0,0.22013515
0.77424455,0.0,0.5505091
0.5359602,0.0,0.5645199
0.70895994,0.0,0.56998914
0.9397842,0.0,0.07812072
0.4859315,0.0,0.17546675
0.93656313,0.0,0.0
0.9668796,0.0,0.018527692
0.9440847,0.0,0.0004890125
0.9648433,0.0,0.0
0.8970172,0.0,0.0
0.7089943,0.0,0.0019070443
0.588294,0.0,0.015570088
0.39330384,0.0,0.36816132
0.4113076,0.0,0.35933733
0.3939147,0.0,0.72069436
0.30322915,0.0,0.37976104
0.45338848,0.0,0.053897902
0.47274306,0.0,0.29597917
0.78155965,0.0,2.3365565e-05
0.43827853,0.0,0.38150185
0.77073145,0.0,0.2548461
0.72510564,0.0,0.42823777
0.71223223,0.0,0.5390775
0.6525346,0.0,0.0057103774
0.8978398,0.0,0.0
0.4641731,0.0,0.29785785
0.746371,0.0,0.28476363
0.78846794,0.0,0.0011089594
0.96936506,0.0,0.04524959
0.51028496,0.0,0.3558212
0.6498097,0.0,0.17155324
0.814183,0.0,0.00087444345
0.77130526,0.0,0.19763888
0.55073076,0.0,0.12627219
0.6745893,0.0,0.014961347
0.51875925,0.0,0.018770173
0.63702804,0.0,0.01876845
0.7733354,0.0,0.28692427
0.7977249,0.0,0.080910176
0.61562216,0.0,0.6851584
0.4150933,0.0,0.47501433
0.512728,0.0,0.9235179
0.57764864,0.0,0.55231744
0.7260097,0.0,0.19766718
0.8059486,0.0,0.6784935
0.803024,0.0,0.22369711
0.86471367,0.0,0.352769
0.8318183,0.0,0.04264445
0.7781868,0.0,0.35678825
0.7386577,0.0,0.5728574
0.9479544,0.0,0.015993135
0.7293273,0.0,0.26536262
0.8826006,0.0,0.0054488024
0.67068285,0.0,0.07306399
0.83939576,0.0,0.0
0.9894337,0.0,0.0
0.7578556,0.0,0.0003909551
0.93847555,0.0,0.0143750785
0.6810887,0.0,0.0
0.803663,0.0,0.0576077
0.6135936,0.0,0.1641487
0.3790763,0.0,0.3366744
0.4479461,0.0,0.31633458
0.5520709,0.0,0.4264679
0.5373732,0.0,0.6492301
0.46384135,0.0,0.40543658
0.45279482,0.0,0.013668912
0.64880556,0.0,0.21367896
0.619255,0.0,0.0017564263
0.60625476,0.0,0.12809123
0.72594064,0.0,0.20241886
0.87189555,0.0,0.0
0.9204158,0.0,0.0
0.3140878,0.0,0.36350068
0.55991125,0.0,0.19874562
0.8867379,0.0,0.005065138
0.39199838,0.0,0.18062167
0.3168165,0.0,0.5272726
0.7219287,0.0,0.21286549
0.7933135,0.0,0.25785258
0.7024596,0.0,0.29687363
0.4952244,0.0,0.6512537
0.54146284,0.0,0.8086644
0.64140344,0.0,0.391135
0.55286473,0.0,0.8857366
0.72635823,0.0,0.36246246
0.5662708,0.0,0.24278459
0.6646007,0.0,0.26760754
0.7203084,0.0,0.023660604
0.6472417,0.0,0.095915616
0.93772,0.0,0.017781405
0.7487037,0.0,0.03316316
0.6639935,0.0,0.030453399
0.55202883,0.0,0.010665747
0.69067675,0.0,0.037668686
0.4577333,0.0,0.33231473
0.8011752,0.0,0.0012015277
0.67746985,0.0,0.28193453
0.63587475,0.0,0.28228706
0.59616745,0.0,0.64752626
0.51180965,0.0,0.16205226
0.3416104,0.0,0.44285342
0.4891673,0.0,0.49199602
0.5228422,0.0,0.027057206
0.54015416,0.0,0.095869124
0.7433639,0.0,0.18085569
0.5162176,0.0,0.35532886
0.9083626,0.0,0.01581903
0.86033416,0.0,0.01970464
0.4689843,0.0,0.6136888
0.46134365,0.0,0.28014827
0.5479068,0.0,0.36241764
0.77417165,0.0,0.3098646
0.978786,0.0,0.022829395
0.3833577,0.0,0.15663894
0.54570484,0.0,0.09830248
0.93351656,0.0,0.005572521
0.8635239,0.0,0.009580487
0.9228975,0.0,0.006681971
0.6389681,0.0,0.012218198
0.89579934,0.0,0.0035421231
0.64076936,0.0,0.082581945
0.45893618,0.0,0.10567099
0.5534363,0.0,0.64057404
0.50149953,0.0,0.20106576
0.39608663,1.0,0.6713073
0.34005702,1.0,0.5951901
0.80127966,0.0,0.09628836
0.6908483,1.0,0.045856524
0.40693513,1.0,0.13472024
0.4947719,1.0,0.5350185
0.39288038,1.0,0.4966401
0.49488145,1.0,0.29017413
0.5251278,0.0,0.047317676
0.55156183,1.0,0.3777034
0.5605446,1.0,0.28067416
0.7221837,0.0,0.050809216
0.8635568,0.0,0.005439097
0.78061724,1.0,0.32990745
0.67706454,0.0,0.46418276
0.72981745,0.0,0.0007933766
0.9261734,0.0,0.028230764
0.7269996,0.0,0.5897575
0.59355634,0.0,0.33126426
0.60066557,0.0,0.14435484
0.7451165,0.0,0.66668105
0.38757208,0.0,0.6378711
0.3929781,0.0,0.029084979
0.6957677,0.0,0.4565027
0.8294168,0.0,0.0
0.8766199,0.0,0.013563798
0.9621004,0.0,0.0056668026
0.7729965,0.0,0.0
0.9133658,0.0,0.007138909
0.5944523,0.0,0.043454807
0.80652064,0.0,0.0
0.52651507,0.0,0.1513082
0.38895842,1.0,0.29768175
0.33898813,1.0,0.70796114
0.5437597,1.0,0.22804342
0.36387914,1.0,0.7470775
0.44249132,0.0,0.07258548
0.62476045,1.0,0.23728317
0.7605336,0.0,0.078419246
0.37521753,1.0,0.4176469
0.4963684,1.0,0.09703073
0.42282766,1.0,0.5641213
0.3780506,1.0,0.47455683
0.8617573,0.0,0.0
0.4600593,1.0,0.4299514
0.33073252,1.0,0.5806416
0.32410932,1.0,0.2456918
0.64375716,0.0,0.06079829
0.5017319,0.0,0.036093727
0.63493544,0.0,0.3385737
0.7789463,1.0,0.22630073
0.79336536,0.0,0.0009500877
0.5664839,0.0,0.091593646
0.8649728,0.0,0.58949155
0.80906224,0.0,0.25136515
0.58525527,0.0,0.61322093
0.74883723,0.0,0.10874945
0.6599066,0.0,0.035850372
0.7766617,0.0,0.023809118
0.5564138,0.0,0.0
0.68166673,0.0,0.009200495
0.8560883,0.0,0.0
0.5068089,0.0,0.0
0.680663,0.0,0.10761831
0.5026996,0.0,0.022717327
0.5771073,0.0,0.060394056
0.57028496,0.0,0.19872491
0.66636103,0.0,0.22742906
0.7228101,0.0,0.017370977
0.55233526,0.0,0.36522734
0.41017714,0.0,0.5216363
0.66578686,0.0,0.24123521
0.7606889,0.0,0.48934427
0.6872131,0.0,0.022790466
0.84188783,0.0,0.012326058
0.5013025,0.0,0.3013242
0.46481267,1.0,0.46361384
0.9290787,0.0,0.0
0.59246576,0.0,0.22606742
0.48625275,1.0,0.51665896
0.38520965,1.0,0.14181358
0.9039504,0.0,0.0072923237
0.8316413,0.0,0.5841065
0.8291617,0.0,0.41989076
0.8602471,0.0,0.5804508
0.7367051,0.0,0.57983714
0.7366169,0.0,0.61183506
0.6806926,0.0,0.17861463
0.6191592,0.0,0.4081219
0.74118733,0.0,0.0
0.89145553,0.0,0.36582372
0.752034,0.0,0.15718669
0.80283016,0.0,0.6478493
0.79893625,0.0,0.06072004
0.50611526,0.0,0.50787395
0.69390893,0.0,0.67343247
0.5396083,0.0,0.123701476
0.39650607,0.0,0.5407209
0.6526408,0.0,0.44515616
0.7830796,0.0,0.51334727
0.895206,0.0,0.026819158
0.83512145,0.0,0.12642393
0.8426369,1.0,0.6137786
0.56734926,0.0,0.29157278
0.5076744,0.0,0.008013342
0.57020295,0.0,0.41691536
0.66278374,0.0,0.51972413
0.76126075,0.0,0.49590415
0.7421766,0.0,0.3425881
0.637507,0.0,0.10822179
0.86248565,0.0,0.0
0.8628505,0.0,0.26792422
0.9456215,0.0,0.0034687482
0.52309656,0.0,2.6742198e-05
0.77899486,0.0,0.18029067
0.8982866,0.0,0.2968384
0.86895365,0.0,0.007666524
0.9147539,0.0,0.0
0.8561661,0.0,0.47305176
0.8705509,0.0,0.5253599
0.9657989,0.0,0.0
0.65518117,0.0,0.3013342
0.78287756,0.0,0.47165558
0.9026263,0.0,0.36807013
0.7955891,0.0,0.5707029
0.97097564,0.0,0.034574043
0.6701636,0.0,0.6075092
0.86042637,0.0,0.10582112
0.6397606,0.0,0.011145866
0.6020149,0.0,0.40185848
0.88835984,0.0,0.13260764
0.8791166,0.0,0.0
0.40621966,0.0,0.30158043
0.61705303,0.0,0.45355636
0.541959,0.0,0.22646981
0.5684287,0.0,0.0
0.92491966,0.0,0.003331983
0.86562407,0.0,0.1337107
0.7596095,0.0,0.04292526
0.86653525,0.0,0.0
0.93705153,0.0,0.09318758
0.8772952,0.0,0.55832213
0.8587635,0.0,0.09798124
0.65406513,0.0,0.6507586
0.7591702,0.0,0.38964215
0.6872679,0.0,0.0
0.9527257,0.0,0.11856888
0.87252194,0.0,0.54036343
0.89023334,0.0,0.22459982
0.953803,1.0,0.14489788
0.6248738,1.0,0.4178856
0.6176044,1.0,0.5133283
0.62544394,1.0,0.5002072
0.871287,1.0,0.10891471
0.9377739,0.0,0.041831158
0.81285876,1.0,0.3473992
0.82532763,1.0,0.13458663
0.94437593,0.0,0.0
0.72112983,0.0,0.49926838
0.7848328,1.0,0.6167193
0.6503762,0.0,0.101402186
0.6936499,1.0,0.482795
0.8199305,0.0,0.09535385
0.6344312,0.0,0.0
0.57701784,1.0,0.37698856
0.7237751,1.0,0.105674
0.6461808,1.0,0.69472253
0.5891672,1.0,0.6979241
0.7409253,0.0,0.6270534
0.8815132,0.0,0.15858519
0.7711987,0.0,0.29163745
0.5610647,0.0,0.2822713
0.48803708,0.0,0.570954
0.5613496,1.0,0.8451642
0.40960592,0.0,0.3189353
0.7291441,1.0,0.22558972
0.57637334,1.0,0.1680224
0.93990964,1.0,0.11576016
0.6208449,0.0,0.14285818
0.9101415,0.0,0.07126155
0.68442404,0.0,0.03583085
0.51657933,0.0,0.04793552
0.8660367,0.0,0.44781762
0.53651464,0.0,0.4819648
0.7232441,0.0,0.27743065
0.66646284,0.0,0.09954566
0.5717072,0.0,0.6597409
0.6669655,0.0,0.48129493
0.575417,0.0,0.6470321
0.70876354,0.0,0.019184537
0.84204566,0.0,0.29250577
0.88107485,0.0,0.08002306
0.76799935,0.0,0.051032495
0.7508,0.0,0.23524399
0.79941493,0.0,0.008110315
0.84242916,0.0,0.4006737
0.8688684,0.0,0.06197421
0.9804434,0.0,0.034729343
0.9443654,0.0,0.068576045
0.9551381,0.0,0.0
0.9001733,0.0,0.0
0.6410381,0.0,0.03766073
0.6096237,0.0,0.0
0.6577495,0.0,0.455711
0.67219543,0.0,0.233223
0.8190441,0.0,0.096568756
0.5598231,0.0,0.16210988
0.69270694,0.0,0.39928794
0.8112687,0.0,0.20237668
0.79533076,0.0,0.3702109
0.5166686,0.0,0.8197432
0.60095334,0.0,0.5412905
0.5997523,0.0,0.7661752
0.38124755,0.0,0.9624663
0.5146959,0.0,0.8089256
0.32580215,0.0,0.79119414
0.34103948,0.0,0.52181286
0.36769795,0.0,0.5372826
0.4520955,0.0,0.27713892
0.37676007,0.0,0.44998133
0.38723361,0.0,0.43965134
0.70614946,0.0,0.160719
0.378976,0.0,0.42981905
0.77523506,0.0,0.023962226
0.41248757,0.0,0.34508154
0.48715746,0.0,0.5318038
0.6899343,0.0,0.45832244
0.45430002,0.0,0.32220113
0.6403218,0.0,0.40448034
0.9260505,0.0,0.15239489
0.7785615,0.0,0.27658677
0.87773156,0.0,0.008953712
0.871708,0.0,0.45450652
0.87125164,0.0,0.2133079
0.625485,0.0,0.49251163
0.58444357,0.0,0.8098321
0.65126246,0.0,0.5468054
0.5715577,0.0,0.6838916
0.35298392,0.0,0.65104806
0.45689288,0.0,0.6836459
0.49097383,0.0,0.6894206
0.5238692,0.0,0.44226024
0.5334607,0.0,0.43345827
0.5152585,1.0,0.15949132
0.50055575,1.0,0.047703467
0.87806886,0.0,0.05613373
0.37297183,1.0,0.08900481
0.9262024,0.0,0.0013777926
0.65044326,1.0,0.1310607
0.7794727,0.0,0.1317052
0.68594885,0.0,0.33212823
0.52796674,0.0,0.74422216
0.56373227,0.0,0.5154368
0.57814723,1.0,0.75709003
0.3324139,1.0,0.5253368
0.3715685,1.0,0.5008694
0.8824893,0.0,0.2736102
0.9402038,0.0,0.0070038293
0.5600177,1.0,0.05351279
0.9109866,0.0,0.07551768
0.42858157,1.0,0.2880056
0.5966938,0.0,0.4450708
0.38032272,0.0,0.8012437
0.3353485,1.0,0.47412145
0.57294595,0.0,0.6111903
0.39635876,0.0,0.3093853
0.55542684,0.0,0.34275252
0.41644412,0.0,0.39000753
0.4271957,0.0,0.38954303
0.3404209,0.0,0.5977303
0.41030556,0.0,0.46034533
0.41780505,0.0,0.21982348
0.87344265,0.0,0.034873303
0.35855284,0.0,0.19459295
0.74240583,0.0,0.0083217425
0.76659334,0.0,0.40068266
0.396482,0.0,0.6517612
0.4720706,0.0,0.708087
0.75329995,0.0,0.12638797
0.77498585,0.0,0.17405787
0.7834808,0.0,0.0
0.6614555,0.0,0.2495956
0.92244613,0.0,0.0
0.7422499,0.0,0.32341853
0.7095488,0.0,0.63100284
0.6300783,0.0,0.019043893
0.418216,0.0,0.49133584
0.50498086,0.0,0.46980664
0.51710135,0.0,0.7491086
0.8508535,0.0,0.241809
0.5868456,0.0,0.15196672
0.8121229,0.0,0.20034578
0.3773832,0.0,0.31210908
0.89328307,0.0,0.012154404
0.5422548,1.0,0.3145396
0.81082255,0.0,0.0
0.54938847,0.0,0.014178133
0.74895114,0.0,0.08279789
0.6087162,1.0,0.17718127
0.65298134,1.0,0.11600234
0.47026634,1.0,0.23669942
0.40314442,1.0,0.7792398
0.5084346,1.0,0.33084956
0.46239275,1.0,0.55007833
0.6188498,1.0,0.47846347
0.5310733,0.0,0.4643987
0.47710136,0.0,0.16966817
0.49006996,1.0,0.40389943
0.5988489,0.0,0.2359074
0.3990496,0.0,0.21648611
0.8287348,0.0,0.024727518
0.6683748,0.0,0.10649408
0.92147905,0.0,0.00018071233
0.3365894,0.0,0.23920013
0.44491702,0.0,0.14614147
0.46491396,0.0,0.33660543
0.69743055,0.0,0.7845317
0.5715214,0.0,1.0
0.9470749,0.0,0.5679186
0.90484536,0.0,0.114027575
0.90005213,0.0,0.86244816
0.77445865,0.0,0.32810304
0.824395,0.0,0.1719101
0.88555825,0.0,0.5652577
0.86911505,0.0,0.92893285
0.9454731,0.0,0.317675
0.54885674,0.0,0.6770252
0.8690354,0.0,0.10897321
0.8088035,0.0,0.42956075
0.68205184,0.0,0.58765274
0.9287155,0.0,0.53899485
0.8529474,0.0,0.24872689
0.84344846,0.0,0.1936969
0.47079107,0.0,0.13752337
0.5386547,0.0,0.15402633
0.676732,0.0,0.09532572
0.51620287,0.0,0.381429
0.49073488,0.0,0.13743412
0.9484882,0.0,0.04107702
0.54505974,0.0,0.06452044
0.7636794,0.0,0.29167876
0.59897363,0.0,0.51204777
0.4508192,1.0,0.4625786
0.6172986,0.0,0.25237396
0.7306824,1.0,0.43061015
0.7249241,0.0,0.09911079
0.5994859,1.0,0.3911022
0.7966978,0.0,0.0009920696
0.46325323,1.0,0.18052663
0.70921504,0.0,0.2130148
0.61281085,1.0,0.4210343
0.58584994,0.0,0.00952022
0.43149284,0.0,0.5303675
0.6389895,0.0,0.003321044
0.5069836,0.0,0.36329117
0.7420706,0.0,0.00034638456
0.5495896,0.0,0.17007025
0.80402315,0.0,0.10327244
0.3906778,0.0,0.2168791
0.479288,0.0,0.6671845
0.46896282,0.0,0.29044977
0.54130566,0.0,0.6045981
0.60704195,0.0,0.7403727
0.5385531,0.0,0.21323003
0.34315187,0.0,0.18620154
0.49728706,0.0,0.50919205
0.49489835,0.0,0.04867146
0.63350844,0.0,0.4701788
0.6480409,0.0,0.5304652
0.58468217,0.0,0.02957219
0.6492881,1.0,0.25137284
0.744855,0.0,0.0012537548
0.58324575,1.0,0.40443778
0.801642,0.0,0.0065226764
0.599867,1.0,0.3306802
0.71671724,0.0,0.007481868
0.74669266,1.0,0.32314426
0.59962064,0.0,0.18176062
0.5301593,1.0,0.57638437
0.5740477,1.0,0.5396993
0.79977375,0.0,0.018499002
0.5252887,1.0,0.13929941
0.87708104,0.0,0.014898232
0.7740007,1.0,0.36372882
0.7370544,1.0,0.017587552
0.872573,1.0,0.20220757
0.7711515,0.0,0.016486397
0.6562505,1.0,0.20698129
0.57614875,1.0,0.4838156
0.6585487,0.0,0.0063372
0.43925688,0.0,0.19667682
0.45518264,0.0,0.23368026
0.40890503,0.0,0.37204972
0.4489034,0.0,0.0033720396
0.57682484,0.0,0.0
0.3881242,0.0,0.06438955
0.51575196,0.0,0.025851302
0.5853908,0.0,0.0072570015
0.32316586,0.0,0.022343338
0.4624967,0.0,0.007064969
0.65248036,0.0,0.00035837467
0.3458493,0.0,0.01634956
0.30412945,0.0,0.072478496
0.5179019,0.0,0.0070801834
0.5302042,0.0,0.01814642
0.3913211,0.0,0.10313124
0.40299398,0.0,0.010672615
0.5544861,0.0,0.0
0.44860333,0.0,0.0
0.4842927,0.0,0.015570219
0.5817835,0.0,0.002749529
0.5890741,0.0,0.023419697
0.4723557,0.0,0.011882568
0.519545,1.0,0.35178834
0.5712337,0.0,0.3277053
0.67449707,0.0,0.29845878
0.73082405,0.0,0.63908446
0.6159229,0.0,0.5009139
0.6290068,0.0,0.1301909
0.5232203,0.0,0.44658062
0.70703197,0.0,0.05369515
0.51191914,0.0,0.0017609202
0.78227055,0.0,0.0064770193
0.5535948,0.0,0.0687526
0.6653029,0.0,0.10116778
0.4417984,0.0,0.01828621
0.63084424,0.0,5.527609e-05
0.7805554,0.0,0.02022046
0.7859165,0.0,0.18548393
0.80728155,0.0,0.029230105
0.8641502,0.0,0.33727527
0.7873888,0.0,0.02622168
0.8302934,0.0,0.4383916
0.91005427,0.0,0.029421814
0.73676604,0.0,0.20200814
0.9437578,0.0,0.0020355093
0.6410004,0.0,0.22670327
0.8365363,0.0,0.028388785
0.582842,0.0,0.3896868
0.5400984,0.0,0.7842478
0.45291337,0.0,0.35666957
0.48227233,0.0,0.68866277
0.65927994,0.0,0.4909761
0.46509263,0.0,0.399745
0.7685535,0.0,0.009523678
0.6537774,0.0,0.25350484
0.83598375,0.0,0.008314704
0.72697246,0.0,0.44419906
0.7675671,0.0,0.030959768
0.49708655,0.0,0.3253654
0.6814301,0.0,0.008203055
0.6046987,0.0,0.47110397
0.68832934,0.0,0.011354909
0.79725766,0.0,0.3048292
0.70226735,0.0,0.2934766
0.6729227,0.0,0.75953585
0.6759691,0.0,0.6087553
0.88982445,0.0,0.4251496
0.8059637,1.0,0.25449923
0.82498246,0.0,0.013751008
0.5493404,0.0,0.19052984
0.7086831,0.0,0.019220319
0.7092017,0.0,0.35737503
0.4559935,0.0,0.032023404
0.5608985,0.0,0.3323677
0.51632446,0.0,0.02184758
0.54906315,0.0,0.42144278
0.74390465,0.0,0.1533257
0.53202254,0.0,0.16941379
0.8794699,0.0,0.010033336
0.6644255,0.0,0.14339328
0.46262884,0.0,0.5483036
0.7386575,0.0,0.06506565
0.6121141,0.0,0.38251856
0.6548238,0.0,0.44638675
0.5516102,0.0,0.4003604
0.6314774,0.0,0.04495879
0.6449163,0.0,0.4043179
0.62053996,0.0,0.09370165
0.4759819,0.0,0.40766767
0.68447995,0.0,0.056936633
0.6006849,0.0,0.4978463
0.7697167,0.0,0.5405132
0.5795532,0.0,0.1408449
0.66718054,0.0,0.44608045
0.84278244,0.0,0.059714545
0.7188883,0.0,0.34475008
0.8202002,0.0,0.046561
0.7865812,0.0,0.36642003
0.82793635,0.0,0.1628032
0.6993269,0.0,0.48286197
0.61936796,0.0,0.62743837
0.8265738,0.0,0.21585031
0.7980127,0.0,0.297654
0.904402,0.0,0.029664183
0.63299114,0.0,0.32214043
0.87276673,0.0,0.05205552
0.5000111,0.0,0.566232
0.92763144,0.0,0.1191563
0.59023046,0.0,0.47503158
0.81320316,0.0,0.09728589
0.7563552,0.0,0.49737018
0.8641908,0.0,0.040176414
0.8274257,0.0,0.22353056
0.9518246,0.0,0.07904398
0.74666506,0.0,0.41773093
0.8115206,0.0,0.40475613
0.6919596,0.0,0.77832144
0.79270005,0.0,0.7443787
0.4838068,0.0,0.40090892
0.75988024,0.0,0.4739174
0.70336175,0.0,0.49263823
0.8240627,0.0,0.28208143
0.66668403,0.0,0.34856674
0.7005322,0.0,0.014463951
0.47406003,0.0,0.2982305
0.68729115,0.0,0.031318784
0.6922843,0.0,0.5289971
0.83088607,0.0,0.068884976
0.72995716,0.0,0.22941533
0.9088951,0.0,0.0048923604
0.5326547,0.0,0.33933273
0.85100895,0.0,0.06575886
0.500121,0.0,0.50899583
0.677667,0.0,0.36024603
0.8721481,0.0,0.93271124
0.7117285,0.0,1.0
0.648552,0.0,0.7967524
0.79374844,0.0,0.21878585
0.593197,0.0,0.29754642
0.7238873,0.0,0.5270314
0.58407456,0.0,0.2919188
0.77189857,0.0,0.05253527
0.6892911,0.0,0.13525626
0.7306405,0.0,0.014093515
0.68150187,0.0,0.28281808
0.7626926,0.0,0.025722802
0.67266595,0.0,0.32936463
0.6995056,0.0,0.33667386
0.62692237,0.0,0.04236736
0.5752113,1.0,0.47865695
0.88426405,1.0,0.056161437
0.61331433,1.0,0.53825504
0.9137213,0.0,0.087890364
0.899829,0.0,0.29737356
0.5804936,0.0,0.48484558
0.6451312,0.0,0.58723736
0.75314003,1.0,0.53669196
0.93217546,0.0,0.39964727
0.8868922,1.0,0.15266289
0.96095204,0.0,0.0037773186
0.690468,1.0,0.39321396
0.73147804,1.0,0.013415969
0.66012174,1.0,0.09897063
0.59897333,0.0,0.015917987
0.75220096,0.0,0.059101567
0.7677445,0.0,0.01829535
0.77118176,0.0,0.24901636
0.6015761,0.0,0.002914047
0.7252081,0.0,0.025493886
0.75925535,0.0,0.2248652
0.7168232,0.0,0.57104135
0.5094235,0.0,0.75515544
0.85147846,0.0,0.7981514
0.6518326,0.0,0.34495905
0.5989252,0.0,0.18574262
0.9709552,0.0,0.16818118
0.9759477,0.0,0.0
0.98065645,0.0,0.011795723
0.90099,0.0,0.0
0.8145715,0.0,0.013809844
0.9030051,0.0,0.031132413
0.8798169,0.0,0.0
0.6856458,0.0,0.056409337
0.7055764,0.0,0.07989713
0.71238935,0.0,0.123459905
0.68705726,0.0,0.044646043
0.9399636,0.0,0.0
0.6056412,0.0,0.2092679
0.9769703,0.0,0.0011381994
0.9363182,0.0,0.011154644
0.97991496,0.0,0.0030406278
0.861817,0.0,0.00010246551
0.8678402,0.0,0.13540235
0.8165381,0.0,0.41721806
0.80367595,0.0,0.43829894
0.7557236,0.0,0.07515553
0.57558566,0.0,0.3488017
0.39335126,0.0,0.2863064
0.8612645,0.0,0.329253
0.88306284,0.0,0.079758376
0.54275155,0.0,0.25853315
0.8817308,0.0,0.025675137
0.59275484,0.0,0.40376946
0.8294426,0.0,0.33115354
0.60265666,0.0,0.49275953
0.7514811,0.0,0.05221982
0.44283974,0.0,0.4619087
0.7382904,0.0,0.17116134
0.6861565,0.0,0.2656582
0.6028288,0.0,0.48309955
0.94354326,0.0,0.4480007
0.77098316,0.0,0.42300135
0.8243271,0.0,0.71989614
0.81310546,0.0,0.120840766
0.9778021,0.0,0.19419606
0.8325141,0.0,0.045638923
0.70500714,0.0,0.022605445
0.7667075,0.0,0.00032761492
0.7711127,0.0,0.25698408
0.88002974,0.0,0.025461918
0.70213795,0.0,0.32778537
0.7279437,0.0,0.24749653
0.6032548,0.0,0.0018017062
0.8857138,0.0,0.2196429
0.3150685,0.0,0.41451007
0.5771757,0.0,0.083112404
0.7929363,0.0,0.003369541
0.67926896,0.0,0.18942602
0.58808404,0.0,0.2271034
0.8657766,0.0,0.0
0.5441115,0.0,0.06376399
0.6398887,0.0,0.5223627
0.6279807,0.0,0.30502355
0.9263154,0.0,0.014724758
0.7533139,0.0,0.06968911
0.5278232,0.0,0.5499165
0.49499553,0.0,0.5191931
0.9165644,0.0,0.25760898
0.5850609,0.0,0.70803505
0.9316981,0.0,0.061715618
0.6023277,0.0,0.37128896
0.8091278,0.0,0.08052694
0.47186467,0.0,0.29328182
0.7995954,0.0,0.2304773
0.92068106,0.0,0.018696262
0.75800836,0.0,0.049374327
0.9461574,0.0,0.0
0.8655153,0.0,0.005376591
0.9411843,0.0,0.0
0.53266585,0.0,0.0003015746
0.6892949,0.0,0.001431557
0.7279067,0.0,0.0
0.70972586,0.0,0.011247116
0.6034868,0.0,0.021525707
0.61138225,0.0,0.0058232956
0.5010465,0.0,0.0
0.5912326,0.0,0.0
0.88357395,0.0,0.0024242834
0.98238385,0.0,0.0016419481
0.82082725,0.0,0.0
0.87873185,0.0,0.041880343
0.52461994,0.0,0.46787554
0.66336167,0.0,0.74005127
0.50645655,0.0,0.5004198
0.79330677,0.0,0.03615968
0.5922732,0.0,0.42400604
0.92751795,0.0,0.19848412
0.9740475,0.0,0.16672854
0.79620034,0.0,0.23608701
0.90837365,0.0,0.2439232
0.9359536,0.0,0.0
0.61168635,0.0,0.00038366584
0.7216286,0.0,0.0
0.6295777,0.0,0.037720084
0.64777917,0.0,0.039265845
0.783398,0.0,0.006213536
0.51861787,0.0,0.034202483
0.47145614,0.0,0.0751055
0.67555577,0.0,0.0050243563
0.5182017,0.0,0.07749211
0.42418578,0.0,0.53248984
0.7573792,0.0,0.08045911
0.96753657,0.0,0.02795013
0.71992046,0.0,0.28688776
0.4296609,0.0,0.3413125
0.73283124,0.0,0.060613032
0.51623774,0.0,0.3806669
0.51421046,0.0,0.66364133
0.5866947,0.0,0.47715878
0.5202772,0.0,0.56984
0.6053139,0.0,0.10979277
0.61853147,0.0,0.3249099
0.4803686,0.0,0.4398112
0.8336303,0.0,0.24205256
0.944305,0.0,0.008226388
0.91373974,0.0,0.0944918
0.9149187,0.0,0.26591784
0.77853507,0.0,0.19625501
0.91868114,0.0,0.026180157
0.86158097,0.0,0.03221179
0.9029856,0.0,0.003377744
0.9455009,0.0,0.11055809
0.94811827,0.0,0.040383168
0.6749851,0.0,0.008922337
0.84066826,0.0,0.010275487
0.7335057,0.0,0.0035039845
0.826356,0.0,0.0
0.73196787,0.0,0.00016374433
0.89872956,0.0,0.0
0.76258534,0.0,0.0
0.79177177,0.0,0.008024763
0.9179275,0.0,0.0013419886
0.84996,0.0,0.20200676
0.7838811,0.0,0.12011973
0.654179,0.0,0.00080684025
0.83068264,0.0,0.01234863
0.80294794,0.0,0.32993537
0.50270975,0.0,0.44134894
0.8936311,0.0,0.25765648
0.5582647,0.0,0.7794976
0.51454633,0.0,0.3654419
0.9410006,0.0,0.021303462
0.7412803,0.0,0.12307253
0.8652796,0.0,0.35757795
0.92396075,0.0,0.26827508
0.95414877,0.0,0.0
0.4720347,0.0,0.4440483
0.71511334,0.0,0.6832427
0.773341,0.0,0.20460233
0.6405584,0.0,0.3001925
0.846369,0.0,0.003743442
0.97887117,0.0,0.04069258
0.88309664,0.0,0.014897584
0.9151852,0.0,0.0
0.8211495,0.0,0.018675508
0.84900796,0.0,0.00091602164
0.54399186,0.0,0.0
0.49551937,0.0,0.0004433334
0.72672415,0.0,0.00056493626
0.8609919,0.0,0.0012817162
0.6379514,0.0,0.0032649983
0.79011905,0.0,0.069212325
0.80149883,0.0,0.20351079
0.46283945,0.0,0.039522078
0.7266915,0.0,0.0014744158
0.5329281,0.0,0.5425417
0.7296061,0.0,0.2053343
0.56714785,0.0,0.5294396
0.9482091,0.0,0.1710527
0.7521126,0.0,0.17578447
0.95545244,0.0,0.018589566
0.68774444,0.0,0.014243514
0.8525342,0.0,0.0009480129
0.75879693,0.0,0.18685937
0.53357875,0.0,0.0008946027
0.72910845,0.0,0.0
0.943664,0.0,0.0055233804
0.9008943,0.0,0.005248535
0.6159373,0.0,0.00023318174
0.62619627,0.0,0.0056192577
0.90669453,0.0,0.0022668021
0.9109965,0.0,0.006499917
0.9792652,0.0,0.0039931354
0.7822239,0.0,0.060738355
0.90367955,0.0,0.0045623058
0.5048532,0.0,0.40330198
0.65831566,0.0,0.47021174
0.6762483,0.0,0.2866435
0.50711167,0.0,0.37020454
0.85983634,0.0,0.06703313
0.74112624,0.0,0.108527355
0.4831858,0.0,0.49942672
0.51072496,0.0,0.34584418
0.8081369,0.0,0.01677621
0.9420603,0.0,0.06841023
0.40917397,0.0,0.5887299
0.42504838,0.0,0.29115677
0.74128795,0.0,0.01195864
0.42452762,0.0,0.29543382
0.6495875,0.0,0.029097956
0.66650796,0.0,0.0779147
0.7839301,0.0,0.39984515
0.44939032,0.0,0.37774315
0.7784414,0.0,0.00048702257
0.81238675,0.0,0.06745795
0.84120506,0.0,0.08742639
0.49807104,0.0,0.40731898
0.97218937,0.0,0.13931978
0.9106826,0.0,0.24456485
0.78857315,0.0,0.3513153
0.79870737,0.0,0.014306947
0.7831528,0.0,0.050213408
0.8133857,0.0,0.24196798
0.88255316,0.0,0.44074464
0.7163384,0.0,0.06665652
0.769475,0.0,0.13796991
0.561129,0.0,0.35647127
0.8406675,0.0,0.025752872
0.51272595,0.0,0.35782272
0.5592796,0.0,0.31695458
0.40260327,0.0,0.3841575
0.44550142,0.0,0.62639034
0.3784789,0.0,0.32613954
0.33919847,0.0,0.7421505
0.42289415,0.0,0.70045626
0.6556581,0.0,0.115308054
0.4393769,0.0,0.33456117
0.666979,0.0,0.0096669085
0.40605778,0.0,0.15059789
0.7185068,0.0,0.003638375
0.9736692,0.0,0.0
0.86648345,0.0,0.0
0.777061,0.0,0.007648044
0.4883279,0.0,0.013446406
0.60776407,0.0,0.0
0.5872985,0.0,0.08608792
0.7438121,0.0,0.067703
0.5979611,0.0,0.011045291
0.858331,0.0,0.00477471
0.773156,0.0,0.0
0.64418656,0.0,0.016665604
0.71316415,0.0,0.013476021
0.87696916,0.0,0.055054583
0.9218853,0.0,0.07435528
0.706681,0.0,0.13291508
0.8837557,0.0,0.07599534
0.9318374,0.0,0.04905954
0.869562,0.0,0.5447295
0.83989304,0.0,0.51577854
0.81921744,0.0,0.35186672
0.95539576,0.0,0.3578635
0.954898,0.0,0.08301217
0.74672747,0.0,0.0
0.9340094,0.0,0.009716045
0.7440607,0.0,0.04352726
0.92435414,0.0,0.0028938372
0.4547862,0.0,0.25422034
0.6789611,0.0,0.17242192
0.64123166,0.0,0.040030375
0.8938114,0.0,0.02441135
0.4955408,0.0,0.05236226
0.89645654,0.0,0.008627306
0.8970082,0.0,0.0
0.9784008,0.0,0.021448273
0.93373084,0.0,0.0009516249
0.78910005,0.0,0.06013597
0.68623334,0.0,0.08403689
0.64964336,0.0,0.66961527
0.555318,0.0,0.5732601
0.8049389,0.0,0.23800272
0.73385614,0.0,0.21066417
0.39603803,0.0,0.416845
0.8756925,0.0,0.04674286
0.65692234,0.0,0.6308687
0.6109546,0.0,0.29000032
0.68543196,0.0,0.25049505
0.72600985,0.0,0.0076131513
0.51786935,0.0,0.0
0.7053673,0.0,0.025062567
0.59773743,0.0,0.0012150347
0.67882884,0.0,0.0022699216
0.84388995,0.0,0.008400709
0.87328845,0.0,0.049302753
0.89332354,0.0,0.0
0.55510896,0.0,0.34304792
0.7665624,0.0,0.42557532
0.7350281,0.0,0.012470886
0.49667075,0.0,0.23768236
0.72028387,0.0,0.25806797
0.5617514,0.0,0.033121523
0.8343894,0.0,0.078611195
0.94601893,0.0,0.0012649408
0.961043,0.0,0.005841117
0.8027325,0.0,0.0
0.7518832,0.0,0.0064228554
0.62764233,0.0,0.0
0.8282604,0.0,0.039282527
0.5688747,0.0,0.0057547404
0.53751904,0.0,0.07306887
0.73679364,0.0,0.010349051
0.8298243,0.0,0.16882434
0.73835164,0.0,0.12033805
0.5943057,0.0,0.0037969875
0.81128705,0.0,0.080492616
0.7460421,0.0,0.18788166
0.75151944,0.0,0.21881649
0.9552797,0.0,0.0016278399
0.7075283,0.0,0.20744443
0.49367705,0.0,0.2788196
0.39056543,0.0,0.54354393
0.55828494,0.0,0.4128391
0.5494596,0.0,0.591132
0.6051922,0.0,0.3849696
0.8665693,0.0,0.01405368
0.71947515,0.0,0.7176794
0.67334425,0.0,0.42157584
0.7640359,0.0,0.34310588
0.4174495,0.0,0.5683014
0.72276986,0.0,0.21580663
0.9250953,0.0,0.011635104
0.6405387,0.0,0.11695885
0.4061282,0.0,0.45709938
0.47510123,0.0,0.18276124
0.80797404,0.0,0.0
0.40469208,0.0,0.40893567
0.27529308,0.0,0.45210359
0.69180834,0.0,0.099209
0.44377026,1.0,0.71952426
0.49297276,1.0,0.41660088
0.6273604,0.0,0.068480305
0.46538615,0.0,0.3232699
0.6788705,0.0,0.55149776
0.9628769,0.0,0.013674185
0.86511594,0.0,0.1392339
0.7647746,0.0,0.013774184
0.91050005,0.0,0.0073008514
0.7891292,0.0,0.0067507764
0.71732813,0.0,0.0
0.63426757,0.0,0.26181528
0.37241027,0.0,0.024644844
0.6458239,0.0,0.0018876302
0.683343,0.0,0.054361783
0.73255426,0.0,0.0
0.8483254,0.0,0.04740986
0.8056571,0.0,0.22247201
0.84081113,0.0,0.24672876
0.7323003,0.0,0.124348156
0.7605805,0.0,0.07573021
0.5054137,0.0,0.14323056
0.5569939,0.0,0.10740174
0.92986375,0.0,0.0
0.5702374,0.0,0.15577118
0.9543308,0.0,0.32785308
0.9262502,0.0,0.2313474
0.9298508,0.0,0.30418634
0.5234117,0.0,0.2202437
0.68146455,0.0,0.40950876
0.57535625,0.0,0.53343385
0.39102444,0.0,0.52299017
0.47835514,0.0,0.91673416
0.7611844,0.0,0.5032958
0.84972566,0.0,0.15667512
0.55698663,0.0,0.3688616
0.5303059,0.0,0.3533714
0.77435404,0.0,0.10558689
0.87015796,0.0,0.086383075
0.8144501,0.0,0.15733816
0.592651,0.0,0.01174043
0.81252635,0.0,0.086522885
0.9562923,0.0,0.021478543
0.72195715,0.0,0.0043815067
0.77101207,0.0,0.0139470855
0.6125543,0.0,0.03851767
0.5268991,0.0,0.0037360005
0.5125976,0.0,0.020223381
0.9361987,0.0,0.0
0.8153317,0.0,0.010220336
0.61445385,0.0,0.058946528
0.5965922,0.0,0.010507263
0.88034576,0.0,0.10171311
0.664784,0.0,0.054981504
0.6369391,0.0,0.017283902
0.88620657,0.0,0.081941575
0.7548619,0.0,0.37325844
0.72475016,0.0,0.060073722
0.8429133,0.0,4.9862316e-05
0.70093364,0.0,0.20207629
0.7226962,0.0,0.38087308
0.67944336,0.0,0.13410117
0.8473611,0.0,0.17153044
0.6741434,0.0,0.6153981
0.79440796,0.0,0.33812207
0.5257021,1.0,0.4311824
0.94127476,0.0,0.07767634
0.43347347,1.0,0.6443846
0.60275847,0.0,0.2670536
0.9750666,0.0,0.0060328445
0.8501988,0.0,0.24656823
0.9518585,0.0,0.0077619995
0.67802185,0.0,0.00055011606
0.70406395,0.0,0.07612054
0.6305564,0.0,0.56477314
0.95013845,0.0,0.23212916
0.5926424,0.0,0.0
0.29787228,0.0,0.25965777
0.55188626,0.0,0.07728256
0.3691255,0.0,0.2541633
0.84484184,0.0,0.11320999
0.89810807,0.0,0.010160126
0.8665911,0.0,0.0060450723
0.5397738,0.0,0.2810887
0.8901957,0.0,0.039353322
0.60285676,0.0,0.0005905863
0.89285874,0.0,0.0
0.6826958,0.0,0.09371476
0.8570163,0.0,0.012558523
0.6445569,0.0,0.121556796
0.5983312,1.0,0.25981036
0.7263134,0.0,0.0918306
0.53403515,1.0,0.3332154
0.73845154,0.0,0.011420471
0.3649109,0.0,0.1358365
0.50035435,0.0,0.06625792
0.8682826,0.0,0.060629487
0.61350566,0.0,0.48823565
0.548232,0.0,0.34333858
0.4094215,0.0,0.3885218
0.51901865,0.0,0.2990303
0.5144486,0.0,0.023444643
0.5207001,0.0,0.10686476
0.8488303,0.0,0.019648414
0.8880848,0.0,0.06690529
0.8198221,0.0,0.007690022
0.9387357,0.0,0.013797614
0.97120553,0.0,0.0
0.9001345,0.0,0.0048175743
0.66370106,0.0,0.010605234
0.9633173,0.0,0.0
0.8811857,0.0,0.0
0.5460093,0.0,0.14202823
0.5390082,0.0,0.31279784
0.81831306,0.0,0.33131084
0.75646126,0.0,0.51423407
0.64979863,0.0,0.09483902
0.8062623,0.0,0.016071076
0.46073705,0.0,0.67806864
0.5488692,0.0,0.22915182
0.6202508,0.0,0.034409504
0.4740184,0.0,0.42778328
0.710877,0.0,0.3432283
0.81677806,0.0,0.026888877
0.54284,0.0,0.31568596
0.5658584,0.0,0.6816207
0.35482913,0.0,0.2781291
0.65405214,0.0,0.5134333
0.5799856,0.0,0.49894154
0.45671844,0.0,0.43905622
0.6446967,0.0,0.35665125
0.54181075,0.0,0.3834436
0.41122457,0.0,0.29086643
0.8919933,0.0,0.020111915
0.41885903,0.0,0.5809776
0.8580926,1.0,0.31662652
0.3758482,1.0,0.44438457
0.6513879,1.0,0.6212292
0.53475815,1.0,0.6125664
0.690217,1.0,0.43495017
0.4832559,1.0,0.6265778
0.51216435,1.0,0.34022957
0.76651967,1.0,0.16367099
0.570594,1.0,0.4014817
0.5938663,1.0,0.6282815
0.73358375,0.0,0.1924936
0.6986797,0.0,0.035351127
0.3777176,0.0,0.46451256
0.6225995,0.0,0.15273131
0.72253346,0.0,0.007819972
0.5813914,0.0,0.31884697
0.6142373,0.0,0.5254605
0.7511775,0.0,0.021490995
0.6986916,0.0,0.018777976
0.43628696,0.0,0.60989827
0.5007945,0.0,0.5707214
0.7818629,0.0,0.013666765
0.81911975,0.0,0.30028743
0.3964284,0.0,0.5781477
0.7227277,0.0,0.6465354
0.557378,0.0,0.32837212
0.55058867,0.0,0.7468575
0.3758749,0.0,0.6598165
0.53272873,0.0,0.5072932
0.5148851,0.0,0.09298214
0.87053007,0.0,0.0
0.59059846,0.0,0.09027319
0.8801279,0.0,0.008375504
0.74468726,0.0,0.39653268
0.9339842,0.0,0.0
0.6615957,0.0,0.42460704
0.93864304,1.0,0.21368818
0.80577254,0.0,0.1224817
0.40661827,0.0,0.7927616
0.3585878,0.0,0.73412484
0.43965957,0.0,0.27818382
0.94796115,0.0,0.20963939
0.7796842,0.0,0.032474548
0.8835767,0.0,0.0058854865
0.7900471,0.0,0.07121507
0.92672795,0.0,0.0050227726
0.8321963,0.0,0.3939318
0.92552125,0.0,0.008127052
0.503277,0.0,0.22403026
0.5352656,0.0,0.73224616
0.51704186,0.0,0.8200751
0.43164837,0.0,0.12460435
0.5458229,0.0,0.12586226
0.84914494,0.0,0.0064184177
0.8034194,0.0,0.00776132
0.6082979,0.0,0.0026866214
0.6263866,0.0,0.011128532
0.55939096,0.0,0.0
0.854896,0.0,0.08800763
0.49368757,0.0,0.028190976
0.59063417,0.0,0.18034911
0.6762185,0.0,0.06416977
0.83524483,0.0,0.00954234
0.6733123,0.0,0.011469441
0.8025494,0.0,0.029284777
0.46802247,0.0,0.21546942
0.7209686,0.0,0.29599914
0.29085255,0.0,0.6202716
0.529786,0.0,0.77995104
0.50932,0.0,0.77187985
0.341919,0.0,0.27844197
0.53281015,0.0,0.59309536
0.44584966,0.0,0.49679244
0.4790035,0.0,0.10481466
0.54604185,0.0,0.7910273
0.7333779,0.0,0.0950362
0.671917,0.0,0.44276786
0.86542696,0.0,0.12408576
0.34967837,0.0,0.5111218
0.5527234,0.0,0.13196011
0.47844458,0.0,0.66476715
0.4328466,0.0,0.22007807
0.9327365,0.0,0.019757409
0.40156233,0.0,0.5404273
0.2680049,0.0,0.39541867
0.61480004,0.0,0.061481506
0.6781357,0.0,0.21632391
0.46183264,0.0,0.42845595
0.5124399,0.0,0.25192276
0.4884138,0.0,0.5773381
0.48128992,0.0,0.11418938
0.3724028,0.0,0.5534724
0.4400355,0.0,0.8185822
0.82196385,0.0,0.18036467
0.39048427,0.0,0.61322796
0.5817349,0.0,0.37411296
0.49373993,0.0,0.5841532
0.51936567,0.0,0.72573787
0.8692746,0.0,0.6454973
0.4777683,0.0,0.8423085
0.42816392,0.0,0.71165115
0.7714021,0.0,0.048132665
0.52303576,0.0,0.30850902
0.69431305,0.0,0.0
0.75529647,0.0,0.09310113
0.53545684,0.0,0.00035438736
0.7751892,0.0,0.17429918
0.64983314,0.0,0.0028020302
0.56236094,0.0,0.08940846
0.43591642,0.0,0.41072825
0.6767605,0.0,0.4044942
0.7484911,0.0,0.3091799
0.68386865,0.0,0.35484695
0.63114107,0.0,0.14192016
0.78187984,0.0,0.12041738
0.4868485,0.0,0.46067286
0.76738405,0.0,0.07020676
0.62571484,0.0,0.27402732
0.69694465,0.0,0.019609658
0.85809445,0.0,0.011975921
0.54067105,0.0,0.5517415
0.8121293,0.0,0.17228048
0.44772995,0.0,0.46888223
0.8633431,0.0,0.0030514565
0.64895684,0.0,0.3104629
0.8156009,0.0,0.108551085
0.90682644,0.0,0.2571949
0.93030584,0.0,0.07416196
0.47322106,0.0,0.014060996
0.7424164,0.0,0.55291444
0.7651845,0.0,0.2532153
0.6012972,0.0,0.18737759
0.6391855,0.0,0.6310641
0.7520924,0.0,0.48580602
0.916529,0.0,0.5328052
0.7380305,0.0,0.3665363
0.72417957,0.0,0.5732587
0.6950915,0.0,0.12042722
0.69134027,0.0,0.37220648
0.7340735,0.0,0.009165302
0.3216904,0.0,0.2714864
0.8353787,0.0,0.030646134
0.56323296,0.0,0.12173461
0.9276579,0.0,0.016592301
0.56604826,0.0,9.765219e-05
0.93255115,0.0,0.1417113
0.8743975,0.0,0.065196656
0.6107745,0.0,0.30642405
0.73424816,0.0,0.5712484
0.55767995,0.0,0.6016732
0.34228274,0.0,0.008742858
0.49658313,0.0,0.21927069
0.47233462,0.0,0.516375
0.40545353,0.0,0.39374456
0.52121377,0.0,0.073994786
0.6120261,0.0,0.037892647
0.6203012,0.0,0.81992394
0.44754022,0.0,0.5332755
0.73634726,0.0,0.042922053
0.7087459,0.0,0.17775533
0.80788517,0.0,0.0
0.9542611,0.0,0.0139817055
0.92779106,0.0,0.0
0.5455539,0.0,0.0
0.8397252,0.0,0.0
0.7626109,0.0,0.0102708135
0.75098586,0.0,0.26205558
0.6628364,0.0,0.048778027
0.5503551,0.0,0.28372812
0.5239977,0.0,0.048986305
0.7791901,0.0,0.0
0.91124135,0.0,0.0071505373
0.96608526,0.0,0.0067051267
0.94759816,0.0,0.14569026
0.705582,0.0,0.059977006
0.95370173,0.0,0.0008502454
0.9406451,0.0,0.1012566
0.5902731,0.0,0.5389928
0.7158822,0.0,0.36728546
0.7792629,0.0,0.20616403
0.526783,0.0,0.7804621
0.80741733,0.0,0.216119
0.5385527,0.0,0.16239725
0.8566417,0.0,0.15707237
0.66178805,0.0,0.14795287
0.91057366,0.0,0.0039399522
0.53169405,0.0,0.059441715
0.878465,0.0,0.0016870826
0.9377803,0.0,0.0
0.8182244,0.0,0.0014036401
0.57093287,0.0,0.0
0.4868675,1.0,0.43583858
0.399904,1.0,0.40383708
0.4961576,1.0,0.46583083
0.3405892,1.0,0.4509703
0.6338861,0.0,0.020612897
0.77287734,0.0,0.07013211
0.9785033,0.0,0.00027685077
0.8338565,0.0,0.029509615
0.8763875,0.0,0.0004119856
0.7640872,0.0,0.047855664
0.60976875,0.0,0.1659736
0.6737006,0.0,0.3369269
0.48378906,0.0,0.7468752
0.7027284,0.0,0.2034686
0.48383906,0.0,0.08471724
0.49471107,0.0,0.06590506
0.5652156,1.0,0.52323335
0.42206365,1.0,0.5045595
0.70208645,1.0,0.20094639
0.5023045,0.0,0.04624184
0.31911832,1.0,0.62884307
0.6747341,1.0,0.6411328
0.7826591,0.0,0.0930522
0.50504416,1.0,0.22685711
0.6169543,0.0,0.20186749
0.8865169,0.0,0.0077767423
0.7862902,0.0,0.41623437
0.9639199,0.0,0.10994143
0.85498583,0.0,0.18363616
0.70796674,0.0,0.5861724
0.45455357,0.0,0.34830564
0.44696438,0.0,0.81136125
0.33373478,0.0,0.7584706
0.505785,0.0,0.16687775
0.6350022,0.0,0.100875266
0.801531,0.0,0.06697334
0.86296594,0.0,0.019356353
0.6751018,0.0,0.06484988
0.85283864,0.0,0.00021972154
0.6922773,0.0,0.012058233
0.9310836,0.0,0.009230581
0.65244836,0.0,0.36607674
0.7158842,0.0,0.14527197
0.8624733,0.0,0.0014320347
0.9309445,0.0,0.17020857
0.88635594,0.0,0.026556002
0.8286346,0.0,0.31950593
0.5659374,0.0,0.74924225
0.6146864,0.0,0.52817154
0.68063134,0.0,0.5261659
0.96704036,0.0,0.010042818
0.69053465,0.0,0.66017884
0.9642923,0.0,0.20790909
0.58165735,0.0,0.4588833
0.7952699,0.0,0.8104255
0.48289225,0.0,0.5606907
0.7940959,0.0,0.045727003
0.8855349,0.0,0.11555478
0.5440547,0.0,0.3695092
0.44315913,0.0,0.46079928
0.7320302,0.0,0.009410834
0.6378187,0.0,0.10497138
0.90715194,0.0,0.004868212
0.5255335,0.0,0.110004745
0.71563196,0.0,0.0
0.50020516,0.0,0.037980553
0.51412636,0.0,0.013783102
0.722765,0.0,0.2000845
0.63928175,0.0,0.31253368
0.71845484,0.0,0.17145124
0.6370804,0.0,0.08369579
0.73881686,0.0,0.00573458
0.48469985,0.0,0.17820713
0.7249187,0.0,0.005996703
0.5159763,0.0,0.22748682
0.5753537,0.0,0.32315785
0.48321384,0.0,0.22265948
0.82444245,0.0,0.0
0.7203981,0.0,0.09846382
0.7419169,0.0,0.513183
0.82282245,0.0,0.2023318
0.9515495,0.0,0.00819363
0.52641076,0.0,0.044235263
0.65929496,0.0,0.36763236
0.62714493,0.0,0.19979818
0.777256,0.0,0.0
0.5408459,0.0,0.18728136
0.6520101,0.0,0.6074569
0.6043079,0.0,0.29192042
0.6062346,0.0,0.026325835
0.63214433,0.0,0.6516358
0.7234403,0.0,0.7088964
0.6505755,0.0,0.5758287
0.9047971,0.0,0.5172402
0.76072794,0.0,0.50286275
0.85699457,0.0,0.49139985
0.7917482,0.0,0.24360509
0.5734913,0.0,0.6875799
0.76191485,0.0,0.3234474
0.84607065,0.0,0.27342972
0.5421138,0.0,0.70355946
0.48259187,0.0,0.4622582
0.6000839,0.0,0.07368499
0.78159666,0.0,0.4279284
0.9850365,0.0,0.20044675
0.9061527,0.0,0.0035525754
0.9218667,0.0,0.047996297
0.61735904,0.0,0.045033935
0.9172179,0.0,0.1497333
0.50894165,0.0,0.7522684
0.5405958,0.0,0.31257355
0.55073744,0.0,0.06609303
0.5640652,0.0,0.40478653
0.5763482,1.0,0.57179135
0.7724418,1.0,0.41495323
0.46826684,1.0,0.6746646
0.51949525,1.0,0.113605715
0.731355,1.0,0.21840523
0.41604447,1.0,0.13603616
0.5633293,0.0,0.20471875
0.7259451,0.0,0.061065093
0.8640372,0.0,0.0624505
0.8172931,1.0,0.31633222
0.98832035,0.0,0.0
0.7434048,1.0,0.1410495
0.978384,0.0,0.009710941
0.947419,0.0,0.107463315
0.9547854,0.0,0.02625127
0.8955665,0.0,0.21603575
0.6874074,0.0,0.6996416
0.6373628,1.0,0.7109033
0.8534508,1.0,0.25000072
0.8357395,1.0,0.39209142
0.9715334,0.0,0.00040810983
0.7794178,1.0,0.20274854
0.943715,0.0,0.0075695775
0.5422786,1.0,0.10058506
0.9637007,0.0,0.013815578
0.83753306,1.0,0.27837348
0.92072815,0.0,0.004389952
0.95818007,0.0,0.0010398774
0.9141059,1.0,0.0450083
0.80387366,0.0,0.16745473
0.7768365,1.0,0.50920594
0.91979474,0.0,0.2910585
0.4600828,0.0,0.5465647
0.7083559,0.0,0.82439613
0.48149237,0.0,0.22189198
0.79840666,0.0,0.08267193
0.8482212,0.0,0.0
0.9228556,0.0,0.0
0.95150566,0.0,0.00016935113
0.6608858,0.0,0.0005508636
0.8780902,0.0,0.005624639
0.466846,0.0,0.08347314
0.6278191,0.0,0.2084032
0.76039,0.0,0.17089568
0.44300875,0.0,0.8390817
0.49777725,0.0,0.790747
0.42754498,0.0,1.0
0.4621523,0.0,0.7824427
0.6386785,0.0,0.17962989
0.6933644,0.0,0.0027977368
0.8188003,0.0,0.010245366
0.792047,0.0,0.12776448
0.9563808,0.0,0.0007591488
0.8231823,0.0,0.007370402
0.9207119,0.0,0.0013397892
0.90633726,1.0,0.056568626
0.9496707,0.0,0.0
0.88298553,0.0,0.0
0.8550415,1.0,0.024503984
0.8342356,1.0,0.07869515
0.94481117,0.0,0.01053306
0.9784801,0.0,0.0
0.9782284,0.0,0.002066568
0.94375575,0.0,0.012962373
0.8566777,0.0,0.0
0.8047012,0.0,0.02251254
0.9571383,0.0,0.069235116
0.71009886,0.0,0.47642532
0.7092172,0.0,0.5977897
0.9024379,0.0,0.50997895
0.5513235,0.0,0.26079103
0.9527559,0.0,0.0
0.92281675,0.0,0.0
0.8813132,0.0,0.016850166
0.70005304,1.0,0.038927518
0.71794486,1.0,0.2879874
0.6447237,0.0,0.039080754
0.48479873,1.0,0.27199012
0.52894104,1.0,0.53868204
0.572229,1.0,0.5998645
0.46080458,1.0,0.2584903
0.7344727,1.0,0.13691631
0.9437545,0.0,0.0
0.46856225,1.0,0.30742368
0.5199878,1.0,0.61622936
0.43166083,0.0,0.23845118
0.48120302,0.0,1.0
0.6560165,0.0,0.47471568
0.5480496,0.0,0.43252975
0.69088775,0.0,0.23567708
0.70046645,0.0,0.65874916
0.629592,0.0,0.5884787
0.79676515,0.0,0.23382503
0.7042318,0.0,0.4578423
0.5835119,0.0,0.61549133
0.582552,0.0,0.56233335
0.49233267,0.0,0.40052778
0.44895095,0.0,0.47150302
0.42980874,0.0,0.30066583
0.3433008,0.0,0.33555427
0.4614929,0.0,0.10301779
0.63624763,0.0,0.30356786
0.5095943,0.0,0.15556887
0.5043842,0.0,0.40382987
0.5795148,0.0,0.248979
0.77888465,0.0,0.0
0.3727546,0.0,0.37500185
0.43295828,0.0,0.5821192
0.4979721,0.0,0.02156088
0.54206115,0.0,0.3725288
0.31274033,1.0,0.6700771
0.3176214,1.0,0.26412308
0.6522263,0.0,0.0224741
0.39308217,0.0,0.42150518
0.36703396,0.0,0.40078324
0.5199821,0.0,0.0
0.46893004,0.0,0.0993501
0.40975654,0.0,0.68404216
0.83962774,0.0,0.15286653
0.44452405,0.0,0.40377778
0.6526249,0.0,0.26396298
0.7935939,0.0,0.0
0.45657054,0.0,0.1748053
0.45568496,0.0,0.4629732
0.7098476,0.0,0.06739343
0.64215344,0.0,0.0
0.45723066,0.0,0.3300879
0.3739932,0.0,0.397836
0.48700315,0.0,0.080901206
0.48305124,0.0,0.0077296426
0.5236447,0.0,0.5612377
0.72735894,1.0,0.481801
0.44238588,1.0,0.29387146
0.55659586,1.0,0.7199022
0.6208202,1.0,0.19781256
0.5092431,0.0,0.1096079
0.5252235,1.0,0.17780401
0.61783975,1.0,0.096449405
0.72286147,0.0,0.0
0.4092685,0.0,0.14004196
0.66295487,0.0,0.0
0.51141,0.0,0.10579865
0.5507626,0.0,0.23774412
0.57772446,0.0,0.20997542
0.888487,0.0,0.0077141635
0.4539856,0.0,0.27499175
0.75538784,0.0,0.44205192
0.93577707,0.0,0.00441551
0.5045429,0.0,0.40221563
0.4185221,0.0,0.3647731
0.5378801,0.0,0.09174883
0.27785516,0.0,0.42792884
0.5046421,0.0,0.213762
0.6659257,0.0,0.68015486
0.6441019,0.0,0.36224747
0.4121011,0.0,0.42796034
0.724647,0.0,0.0865877
0.68808216,0.0,0.16146022
0.5024099,0.0,0.40507782
0.24382591,0.0,0.22738956
0.5480221,0.0,0.0
0.33583277,0.0,0.49667856
0.28365725,0.0,0.47691426
0.65769947,0.0,0.039527267
0.57901025,0.0,0.12637304
0.42053086,0.0,0.2961602
0.37416467,0.0,0.20481223
0.53196573,0.0,0.061960656
0.76279587,0.0,0.008013614
0.4359782,0.0,0.32242134
0.41392115,0.0,0.33522767
0.5259529,1.0,0.4254936
0.52383995,1.0,0.07909457
0.55589974,1.0,0.70373577
0.45616907,0.0,0.31495318
0.4892913,1.0,0.33225858
0.4734887,1.0,0.056303825
0.69615585,1.0,0.43255892
0.66587204,1.0,0.13464548
0.5697513,1.0,0.36158437
0.49963453,1.0,0.5818695
0.2813269,1.0,0.50884515
0.5199397,0.0,0.072481975
0.3220481,1.0,0.1672929
0.2902043,0.0,0.27150244
0.48185828,0.0,0.5279639
0.7773946,0.0,0.027547605
0.35249904,0.0,0.3731139
0.39478916,0.0,0.55062735
0.41125417,0.0,0.3594536
0.60875285,0.0,0.075931154
0.4132232,0.0,0.38998947
0.3601044,0.0,0.38010317
0.3614597,0.0,0.0933199
0.3717078,0.0,0.4973412
0.30249438,0.0,0.34697247
0.34302026,0.0,0.35321885
0.58685666,0.0,0.074682765
0.48470762,0.0,0.011493536
0.47436407,0.0,0.38208842
0.29526812,0.0,0.57737815
0.69623727,0.0,0.012939101
0.49035242,0.0,0.051165625
0.26584902,0.0,0.34414604
0.3947185,1.0,0.4125791
0.7097896,0.0,0.0013445776
0.54003006,0.0,0.16679569
0.4726548,0.0,0.3034216
0.61624277,1.0,0.31178546
0.8246923,0.0,0.0032708577
0.60754627,1.0,0.30785102
0.43092415,1.0,0.5831508
0.48181096,1.0,0.3520483
0.8788074,1.0,0.02205759
0.81637156,0.0,0.07284744
0.60914683,0.0,0.3220855
0.38955522,1.0,0.34267202
0.6339026,0.0,0.0
0.53590846,1.0,0.18069977
0.34387976,1.0,0.6033206
0.41238344,0.0,0.108856775
0.3994452,0.0,0.73373026
0.5555017,0.0,0.39247867
0.8169236,0.0,0.027019538
0.442039,0.0,0.44296378
0.39598215,0.0,0.3781378
0.4893193,0.0,0.12257793
0.44005454,0.0,0.11006981
0.3473019,0.0,0.368951
0.25863686,0.0,0.5375432
0.2851977,0.0,0.690258
0.35214278,0.0,1.0
0.4247886,0.0,1.0
0.46354935,0.0,0.66964483
0.369904,0.0,0.47747198
0.46935934,0.0,0.5515007
0.44562793,0.0,0.4143425
0.5995801,0.0,0.3985587
0.5619331,0.0,0.45673934
0.62557125,0.0,0.43636796
0.5595987,0.0,0.6279837
0.58999455,0.0,0.47009367
0.54139954,0.0,0.335563
0.76039433,0.0,0.44040003
0.67349815,0.0,0.6168521
0.4113614,0.0,0.16962625
0.5384873,0.0,0.20791826
0.52539104,0.0,0.4366172
0.31159574,0.0,0.36359066
0.7932734,0.0,0.0
0.56178707,0.0,0.17467812
0.5535338,0.0,0.59084934
0.44964686,0.0,0.35955587
0.5878212,0.0,0.0
0.6893793,0.0,0.28732732
0.5707082,0.0,0.65108764
0.51308787,0.0,0.2386597
0.7520809,0.0,0.1480152
0.4116954,0.0,0.32486358
0.5924027,0.0,0.5618586
0.8466658,0.0,0.0
0.73619616,0.0,0.0302437
0.60857344,0.0,0.46456796
0.6330697,0.0,0.16033633
0.5019979,0.0,0.00046234205
0.72119915,0.0,0.24870037
0.4731963,0.0,0.51248103
0.42969558,0.0,0.21246253
0.60989517,0.0,0.64251596
0.6871953,0.0,0.11918092
0.6946764,0.0,0.10040918
0.55787873,0.0,0.52762836
0.38849634,0.0,0.45362994
0.63043004,0.0,0.30776024
0.7767027,0.0,0.3082516
0.7204786,0.0,0.28026006
0.85115874,0.0,0.23403166
0.6286896,0.0,0.0
0.89729136,0.0,0.0
0.42607895,0.0,0.4442416
0.45800716,0.0,0.093629874
0.7782744,0.0,0.0058585936
0.7555356,0.0,0.35705155
0.35104913,0.0,0.64598066
0.6238651,0.0,0.18154891
0.502581,0.0,0.42999354
0.4299722,0.0,0.5505536
0.66627467,0.0,0.07968544
0.40765753,0.0,0.37725374
0.6910377,0.0,0.24901502
0.3653603,0.0,0.37025076
0.48678544,0.0,0.03601242
0.45614368,0.0,0.0075877905
0.8297387,0.0,0.0
0.4301153,0.0,0.31686482
0.4877237,0.0,0.0040956708
0.53947574,0.0,0.000905892
0.665045,0.0,0.0072218473
0.48717433,0.0,0.322887
0.47346207,1.0,0.60090286
0.7339415,0.0,0.4529406
0.60473317,0.0,0.69747615
0.5025377,0.0,0.21830316
0.64261043,0.0,0.0
0.4605363,0.0,0.31893536
0.78351825,0.0,0.2945852
0.8474731,0.0,0.0
0.69490373,0.0,0.038226813
0.69177336,0.0,0.5186301
0.858553,0.0,0.09460786
0.77249444,0.0,0.0002550048
0.89473474,0.0,0.009414068
0.54306173,0.0,0.2852728
0.76669466,0.0,0.21522847
0.8444599,0.0,0.009066601
0.67384404,0.0,0.45731008
0.8368899,0.0,0.019239496
0.42628416,0.0,0.4868759
0.5051659,0.0,0.6960274
0.5636451,0.0,0.2473059
0.7449716,0.0,0.19561785
0.56225985,0.0,0.0061419113
0.479977,0.0,0.003966386
0.5839373,0.0,0.38865405
0.8739552,0.0,0.0
0.82970303,0.0,0.0
0.75423855,0.0,0.1776398
0.80753016,0.0,0.28101566
0.8768864,0.0,0.0003086954
0.67500603,1.0,0.018097946
0.6814927,0.0,0.35004166
0.6243876,0.0,0.1193023
0.78437907,0.0,0.004184561
0.60523134,1.0,0.40958932
0.6248048,1.0,0.23545514
0.53166515,1.0,0.054219797
0.61637247,1.0,0.71244735
0.69533306,1.0,0.44873527
0.48809206,1.0,0.59160745
0.7648299,1.0,0.4984808
0.790526,0.0,0.20186749
0.51092297,1.0,0.16514957
0.5897385,1.0,0.21371162
0.70944685,0.0,0.18522933
0.7557293,0.0,0.00063363335
0.8858259,0.0,0.0
0.5360913,1.0,0.2947105
0.7871625,0.0,0.18677074
0.7233569,0.0,0.0
0.74834955,0.0,0.0
0.39001724,0.0,0.38590732
0.8550426,0.0,0.23262872
0.62395316,0.0,0.009310325
0.81954366,0.0,0.114472784
0.89526814,0.0,0.72501975
0.96056175,0.0,0.099645115
0.8586727,0.0,0.7043876
0.814337,0.0,0.6325336
0.78557634,0.0,0.4019481
0.8990685,0.0,0.04920655
0.4998547,0.0,0.48533693
0.9124075,0.0,0.30807617
0.49929136,0.0,0.21795493
0.5030276,1.0,0.5096769
0.8605459,0.0,0.022311613
0.9291352,0.0,0.0
0.4590481,1.0,0.19242461
0.573056,1.0,0.39326108
0.6731238,0.0,0.0
0.89153403,0.0,0.0
0.4426535,1.0,0.18482633
0.8240886,1.0,0.09335375
0.7134136,0.0,0.0
0.827087,1.0,0.13915567
0.8902679,1.0,0.48488566
0.8554462,0.0,0.012520695
0.56275576,1.0,0.11996396
0.5695884,1.0,0.3718537
0.6297818,1.0,0.11794567
0.84229594,0.0,0.03861851
0.6104595,1.0,0.25921935
0.5221036,1.0,0.29880896
0.7184838,1.0,0.7235463
0.51072884,1.0,0.6442571
0.7520874,1.0,0.19058971
0.5884928,1.0,0.7105768
0.6008617,1.0,0.6568738
0.5299214,0.0,0.35295346
0.7564443,1.0,0.13441922
0.5208587,0.0,0.32370514
0.85981995,0.0,0.21621743
0.57297796,0.0,0.6130795
0.46824452,1.0,0.54772437
0.6169336,0.0,0.009357936
0.5947006,0.0,0.11101033
0.326219,0.0,0.41737053
0.58807147,1.0,0.4316483
0.6216684,1.0,0.022179065
0.46992108,1.0,0.38210386
0.5138512,1.0,0.52486223
0.645709,1.0,0.23818044
0.5436952,0.0,0.10161804
0.35178405,0.0,0.48044893
0.40365425,0.0,0.8432988
0.5378837,0.0,0.29804432
0.52761155,0.0,0.42373073
0.5940907,0.0,0.13157758
0.5132134,0.0,0.39624146
0.603571,0.0,0.41714168
0.5204635,0.0,0.5138955
0.46585283,0.0,0.15794311
0.86170053,0.0,0.0
0.35906655,0.0,0.42597252
0.35824344,0.0,0.37961346
0.5266721,0.0,0.0026886435
0.82574636,0.0,0.0702145
0.5161603,0.0,0.30386955
0.6361122,0.0,0.21760356
0.793428,0.0,0.0
0.6696959,0.0,0.37179568
0.5124315,0.0,0.6217543
0.4831414,0.0,0.4569485
0.77235204,0.0,0.40071267
0.6407026,1.0,0.066276364
0.4179434,1.0,0.60429496
0.55103517,1.0,0.36883023
0.71687347,1.0,0.32155
0.8450035,0.0,0.6776049
0.61479837,0.0,0.48859715
0.70841247,0.0,0.5989045
0.56221443,0.0,0.5740823
0.5373422,0.0,0.52913
0.5638493,0.0,0.6062444
0.55610925,0.0,0.2014336
0.47944602,0.0,0.35050917
0.60274583,0.0,0.13405861
0.52516675,0.0,0.12958089
0.6443888,0.0,0.2953322
0.8081695,0.0,0.4000681
0.77544695,0.0,0.5916346
0.95743006,0.0,0.18452147
0.9754463,0.0,0.059857093
0.837153,0.0,0.35042998
0.6346761,0.0,0.3708703
0.93683565,0.0,0.0011887691
0.67945445,0.0,0.29284915
0.7448787,0.0,0.74457693
0.63334674,0.0,0.40409473
0.6909717,0.0,0.6914984
0.87359446,0.0,0.21763542
0.66983145,0.0,0.21510397
0.742885,0.0,0.009549654
0.74806833,0.0,0.46017814
0.96291894,0.0,0.08383434
0.81864965,0.0,0.10483634
0.826618,0.0,0.14250593
0.77339935,0.0,0.03336961
0.8051451,0.0,0.01775094
0.7356166,0.0,0.31193998
0.71879774,0.0,0.053712677
0.8926484,0.0,0.037051346
0.74885666,0.0,0.12730254
0.5679256,0.0,0.30692786
0.6346654,0.0,0.35755518
0.4625878,0.0,0.026688121
0.8660067,0.0,0.0027065484
0.73003733,0.0,0.43348476
0.6189073,0.0,0.15894584
0.603383,0.0,0.0025960556
0.80046767,0.0,0.091038376
0.72116274,0.0,0.046677932
0.88895917,0.0,0.026999414
0.52999544,0.0,0.37737313
0.48640633,0.0,0.3074781
0.45770568,0.0,0.6700887
0.48212907,0.0,0.21302167
0.5604067,0.0,0.42910945
0.45736533,0.0,0.7385982
0.627787,0.0,0.059533324
0.7111152,0.0,0.7611014
0.67441016,0.0,0.34825155
0.6819045,0.0,0.511061
0.91517746,0.0,0.26852718
0.5579942,0.0,0.5314972
0.7497319,0.0,0.18391731
0.66556966,0.0,0.8283005
0.65582913,0.0,0.5155631
0.7148316,0.0,0.74125236
0.772626,0.0,0.30264
0.803389,0.0,0.7980702
0.9159961,0.0,0.19878684
0.9331735,0.0,0.32273778
0.7327086,0.0,0.6693931
0.96864754,0.0,0.41191703
0.9819682,0.0,0.08009926
0.8391585,0.0,0.14483036
0.9805054,0.0,0.0
0.7314472,0.0,0.23859324
0.8464352,0.0,0.6139172
0.600197,0.0,0.39396894
0.9498238,0.0,0.082494035
0.82626766,0.0,0.5283795
0.7898246,0.0,0.4000539
0.9658201,0.0,0.00197257
0.70548135,0.0,0.49453855
0.91918135,0.0,0.053403914
0.9592973,0.0,0.0007052687
0.78076386,0.0,0.42719457
0.71849614,0.0,0.17684084
0.96957254,0.0,0.07231738
0.8621122,0.0,0.024002267
0.74897254,1.0,0.078724004
0.902395,1.0,0.0032119176
0.6041995,1.0,0.010325203
0.5729623,1.0,0.09485088
0.5893723,1.0,0.003314512
0.45643008,1.0,0.00556313
0.7897137,0.0,0.00035067223
0.73885554,1.0,0.00020295463
0.5620572,1.0,0.011703981
0.9171402,0.0,0.0
0.6174571,0.0,0.014037371
0.7880261,0.0,0.013485193
0.9527516,0.0,0.00024604658
0.9892513,0.0,0.0
0.9318087,0.0,0.048324503
0.96071917,0.0,0.0
0.9564526,0.0,0.00043211505
0.95905995,0.0,0.0029369046
0.905074,0.0,0.0038874755
0.7613251,0.0,0.00028667014
0.8185062,0.0,0.0
0.9099959,0.0,0.0030734274
0.6002224,0.0,0.037345067
0.45371374,0.0,0.24874811
0.5697575,0.0,0.054051295
0.57021654,0.0,0.49541602
0.75348413,0.0,0.44194815
0.41634503,0.0,0.67682594
0.69289905,0.0,0.29370582
0.78329736,0.0,0.3305493
0.8968762,0.0,0.20807894
0.6253845,0.0,0.19443336
0.8721751,0.0,0.0028159996
0.8242303,0.0,0.00093748904
0.75239104,0.0,0.026542999
0.44917524,0.0,0.045824513
0.76852334,0.0,0.0
0.8357329,0.0,0.00057926733
0.92842984,0.0,0.03185917
0.5286948,0.0,0.087962545
0.86837703,0.0,0.09249283
0.93145746,0.0,0.093207695
0.6826535,0.0,0.39937386
0.5519488,0.0,0.71846926
0.38630715,0.0,0.4712699
0.81043607,0.0,0.008066797
0.38452742,1.0,0.18246457
0.6238745,1.0,0.45299602
0.49709156,0.0,0.12153459
0.90437,1.0,0.0029352803
0.5312433,1.0,0.40459818
0.57668936,1.0,0.0036100307
0.696108,1.0,0.0
0.55811936,1.0,0.23751198
0.8900471,1.0,0.08185553
0.47507197,0.0,0.034005992
0.3891175,0.0,0.12511788
0.8684062,0.0,0.00033209403
0.85531735,0.0,0.0
0.5134749,0.0,0.20209883
0.8864722,0.0,0.005138807
0.96276623,0.0,0.0005737919
0.88207257,0.0,0.2818926
0.34315714,0.0,0.4483724
0.3361497,0.0,0.32642296
0.91591597,0.0,0.0
0.91124225,0.0,0.00039785545
0.9873678,0.0,0.0
0.8925609,0.0,0.055868465
0.8226264,0.0,0.0069990507
0.88810545,0.0,0.026390696
0.8551525,0.0,0.3510509
0.730456,0.0,0.3187348
0.564609,0.0,0.5354202
0.5412607,0.0,0.23927757
0.54828507,0.0,0.64387864
0.7184369,0.0,0.43274754
0.6807707,0.0,0.11033195
0.9605312,0.0,0.0022073013
0.6239481,0.0,0.059961185
0.85066813,0.0,0.057477504
0.64657706,0.0,0.045422982
0.6952192,0.0,0.37960178
0.81116897,0.0,0.12580204
0.84588265,0.0,0.33225197
0.80021644,0.0,0.1885741
0.9582033,1.0,0.031463563
0.6612646,1.0,0.2829164
0.81713355,1.0,0.045206092
0.866736,1.0,0.09742516
0.87411433,0.0,0.53507656
0.80624425,0.0,0.79054976
0.8478608,1.0,0.53621656
0.45678788,0.0,0.5769941
0.6911994,1.0,0.41492915
0.8287848,0.0,0.35478953
0.5526485,1.0,0.5392806
0.80577326,1.0,0.02806724
0.4161953,1.0,0.18485774
0.5197945,1.0,0.12021691
0.4563402,1.0,0.6007483
0.6608213,0.0,0.25255552
0.5013378,0.0,0.6831669
0.6012943,0.0,0.2450653
0.83610874,0.0,0.26623207
0.45845687,0.0,0.7120827
0.8729186,0.0,0.27099675
0.8247679,0.0,0.3264876
0.6717407,0.0,0.50854063
0.53339964,0.0,0.61455077
0.9268244,0.0,0.08075112
0.62945515,0.0,0.3583396
0.70735407,0.0,0.76740235
0.5968278,0.0,0.8474193
0.87274593,0.0,0.27962527
0.8496191,0.0,0.62494564
0.7745931,0.0,0.34391913
0.657334,0.0,0.50016844
0.8945689,0.0,0.023963679
0.57838106,0.0,0.5058957
0.75575006,0.0,0.5615435
0.8928173,0.0,0.06070927
0.7338978,0.0,0.08088979
0.85767907,0.0,0.12145888
0.71309817,0.0,0.2975694
0.80779785,0.0,0.06890408
0.45159867,0.0,0.5563005
0.6343016,0.0,0.35094222
0.7757115,0.0,0.026759382
0.66209775,0.0,0.06129027
0.46909878,0.0,0.11387397
0.8739974,0.0,0.02291604
0.40942016,0.0,0.03871401
0.5651156,0.0,0.36126056
0.8513919,0.0,0.26447558
0.48218971,0.0,0.22252683
0.6009124,0.0,0.620949
0.6497432,0.0,0.061222948
0.6604257,0.0,0.0035658083
0.86003894,0.0,0.051034037
0.80029875,0.0,0.020770025
0.72379965,0.0,0.012625357
0.9544911,0.0,0.0
0.9049777,0.0,0.2838465
0.46435687,0.0,0.46929774
0.47067586,0.0,0.14527507
0.69618523,0.0,0.0
0.8332974,0.0,0.0
0.97213227,0.0,0.0014662753
0.46687806,0.0,0.00090127334
0.95807177,0.0,0.004226005
0.3273472,1.0,0.007281101
0.8958275,0.0,0.0026956047
0.6335329,0.0,0.07385915
0.9330576,1.0,0.0
0.5265867,0.0,0.18857701
0.47195563,0.0,0.008556338
0.50650233,0.0,0.0
0.6555022,0.0,0.00061964773
0.621744,1.0,0.008261468
0.70538646,1.0,0.01552549
0.8468171,0.0,0.00062638
0.41788927,1.0,0.35498592
0.90313417,0.0,0.29903552
0.6540736,0.0,0.059058122
0.9524408,0.0,0.0025037625
0.7597559,0.0,0.001064499
0.6987982,0.0,0.22765397
0.7744711,0.0,0.25067627
0.6014878,0.0,0.19821306
0.50511533,0.0,0.20201263
0.6049154,0.0,0.2351176
0.33093923,1.0,0.4883985
0.40918928,1.0,0.4751493
0.43803972,1.0,0.09298237
0.42661342,1.0,0.21363932
0.5269844,1.0,0.07095511
0.58796066,1.0,0.0
0.5516465,1.0,0.0073621455
0.7702729,0.0,0.01353488
0.8603337,0.0,0.0060528703
0.86399686,0.0,0.0016194232
0.54485095,0.0,0.0
0.65984,0.0,0.0
0.5707929,0.0,0.008378005
0.7290474,0.0,0.00083925383
0.50984406,0.0,0.5242823
0.7888035,0.0,0.28114066
0.82290643,0.0,0.7707261
0.7411772,0.0,0.6211284
0.49029842,0.0,0.093822554
0.70542854,0.0,0.29097182
0.9429192,0.0,0.10364899
0.8807502,0.0,0.0010204571
0.88976914,0.0,0.0752596
0.9438148,0.0,0.0
0.9800152,0.0,0.014171448
0.7121288,0.0,0.005615447
0.66410303,0.0,0.022408703
0.43338117,1.0,0.028149322
0.46641105,0.0,0.104588665
0.48014888,0.0,0.38191724
0.39112875,1.0,0.36448768
0.63146245,1.0,0.0018164624
0.7184776,0.0,0.16227998
0.56536806,0.0,0.29926196
0.42871162,0.0,0.5099384
0.6304935,0.0,0.0
0.8858017,0.0,0.07179372
0.73489106,0.0,0.005471935
0.8036733,0.0,0.1569075
0.71862924,0.0,0.0
0.90518653,0.0,0.06917197
0.6891649,0.0,0.06703763
0.7879137,0.0,0.33501688
0.3248906,0.0,0.5768114
0.5683228,0.0,0.2666337
0.68559074,0.0,0.12803169
0.87824976,0.0,0.13629696
0.70748526,0.0,0.20386517
0.8872296,0.0,0.00039878045
0.74706775,0.0,0.03297033
0.6251271,0.0,0.33491832
0.5921417,1.0,0.24519244
0.94274616,0.0,0.007356581
0.74254286,0.0,0.055330325
0.65258974,0.0,0.0
0.7836481,0.0,2.5197303e-05
0.6586288,0.0,0.27008814
0.8635885,0.0,0.01420624
0.66297275,0.0,0.20442966
0.7112826,0.0,0.40451714
0.7687738,0.0,0.9385453
0.5073749,1.0,0.84034467
0.77311194,0.0,0.5556134
0.54294294,1.0,0.54203427
0.6531911,0.0,0.53613484
0.5311677,0.0,0.6690655
0.5541747,1.0,0.6667337
0.47919863,1.0,0.79569906
0.6447234,0.0,0.29406205
0.5065529,0.0,0.6283288
0.67690843,1.0,0.4163894
0.8288701,0.0,0.97454953
0.62991196,0.0,0.7467324
0.49132925,0.0,0.45658776
0.51721454,0.0,0.06586456
0.5105359,0.0,0.053502243
0.42327622,0.0,0.68505234
0.3662961,0.0,0.6765375
0.34057823,0.0,0.20766547
0.45778626,0.0,0.3552806
0.6297656,0.0,0.41618198
0.6759978,0.0,0.14582628
0.62540466,0.0,0.15284626
0.53590107,0.0,0.18578403
0.79500306,0.0,0.0
0.79443175,0.0,0.0077437325
0.8617912,0.0,0.09475785
0.82931113,0.0,0.05728497
0.75125986,0.0,0.05142621
0.85887426,0.0,0.030904211
0.40822622,0.0,0.3342532
0.6771259,0.0,0.00024187162
0.74459165,0.0,0.009384689
0.93483406,0.0,0.006060282
0.7058815,0.0,0.23053432
0.68040663,0.0,0.0007856999
0.93322706,0.0,0.006781643
0.4957486,0.0,0.19877253
0.5943875,0.0,0.19155641
0.57629526,0.0,0.008131143
0.65680087,0.0,0.14844087
0.8427116,0.0,0.59778845
0.3979724,0.0,0.34830955
0.9633012,0.0,0.25432363
0.64453363,0.0,0.39577726
0.8059979,0.0,0.6712337
0.51065177,0.0,0.4599005
0.58460027,0.0,0.15319847
0.748523,0.0,0.014736617
0.8374706,0.0,0.0
0.9216834,0.0,0.027486451
0.8135933,0.0,0.0075627347
0.72962826,0.0,0.044550106
0.71645963,0.0,0.021609152
0.76135516,0.0,0.028540641
0.7874985,0.0,0.016043833
0.6163554,0.0,0.0057914536
0.735837,0.0,0.0014360351
0.30474022,0.0,0.04121502
0.52010584,0.0,0.009749459
0.6230079,0.0,0.0045875725
0.7832944,0.0,0.0
0.7892659,0.0,0.013553587
0.5988644,0.0,0.00047373382
0.6911482,0.0,0.019573571
0.7438363,0.0,0.14199774
0.5619764,0.0,0.0
0.7874228,0.0,0.03622705
0.4114336,0.0,0.4902441
0.6865244,0.0,0.47331485
0.4741431,0.0,0.46834597
0.7273025,0.0,0.016903123
0.7696452,0.0,0.07681033
0.8524995,0.0,0.26363328
0.5189017,0.0,0.14559726
0.94201535,0.0,0.0
0.8690196,0.0,0.01478267
0.9085027,0.0,0.3207588
0.67916226,0.0,0.15643238
0.89208555,0.0,0.0
0.61937773,0.0,0.10312053
0.88729674,0.0,0.00021194106
0.665224,0.0,0.35173488
0.575073,0.0,0.2935205
0.49855426,0.0,0.0
0.76379,0.0,0.2452616
0.7914151,0.0,0.6292652
0.71265924,0.0,0.39705262
0.4667796,0.0,0.11756678
0.74522895,0.0,0.79622096
0.65481025,0.0,0.5829986
0.4265889,0.0,0.057734918
0.6714107,0.0,0.42509153
0.5793504,0.0,0.41017115
0.6359978,0.0,0.3468237
0.5829742,0.0,0.08856874
0.6968085,0.0,0.00021752756
0.69798344,0.0,0.044601597
0.64203703,0.0,0.31840456
0.48257628,0.0,0.041794688
0.8299801,0.0,4.137861e-05
0.6843542,0.0,0.3516911
0.4340448,0.0,0.584193
0.51217854,0.0,0.013331486
0.66519386,0.0,0.06835794
0.87499046,0.0,0.44526783
0.5752039,0.0,0.16971473
0.62037104,0.0,0.0036295194
0.8214198,0.0,0.18719472
0.68911093,0.0,0.34166664
0.54213107,0.0,0.81901246
0.64527285,0.0,0.1366638
0.61911976,0.0,0.68940747
0.6354421,0.0,0.28967318
0.69612575,0.0,0.06478369
0.5237409,0.0,0.18604775
0.68055034,0.0,0.042349562
0.56909144,0.0,0.31746763
0.52481407,0.0,0.21957994
0.58265233,0.0,0.012367414
0.81549466,0.0,0.053151026
0.89028245,0.0,0.084269956
0.6958728,0.0,0.0
0.78711516,0.0,0.008837644
0.9161457,0.0,0.0007133484
0.74498004,0.0,0.08415349
0.6865647,0.0,0.4707422
0.5649019,0.0,0.49194017
0.8680952,0.0,0.15792772
0.6767486,0.0,0.40849292
0.7505302,0.0,0.10557716
0.66406506,0.0,0.30344576
0.7732012,0.0,0.6079653
0.8093676,0.0,0.45028824
0.88254595,0.0,0.006834185
0.6500939,0.0,0.26732957
0.7914388,0.0,0.25436774
0.72607356,0.0,0.26783088
0.938109,0.0,0.0
0.8268591,0.0,0.39545116
0.860224,0.0,0.3738451
0.6055979,0.0,0.16273576
0.88087994,0.0,0.026162194
0.72048414,0.0,0.38601926
0.88585395,0.0,0.056137107
0.42579406,0.0,0.30895677
0.79689586,0.0,0.019758904
0.34486657,0.0,0.24275532
0.5927055,0.0,0.5757673
0.9636382,0.0,0.031772595
0.6048786,0.0,0.12148147
0.91075677,0.0,0.02264677
0.5000316,0.0,0.50292045
0.8134767,0.0,0.29115003
0.5948858,0.0,0.6416562
0.5206253,0.0,0.4809416
0.77760553,0.0,0.10212332
0.7405267,0.0,0.13513337
0.82360744,0.0,0.36122462
0.71127725,0.0,0.62134725
0.946805,0.0,0.038219046
0.8863605,0.0,0.064595245
0.86322427,0.0,0.39523974
0.5290215,0.0,0.40876737
0.93302506,0.0,0.00398887
0.9053686,0.0,0.2835883
0.8314116,0.0,0.7086462
0.36720505,0.0,0.18181224
0.7186085,0.0,0.0023758237
0.4858912,0.0,0.43841746
0.5779953,0.0,0.2441262
0.66529554,0.0,0.23778579
0.9100575,0.0,0.031534858
0.5925495,0.0,0.5542138
0.4004608,0.0,0.34397
0.44479057,0.0,0.006762
0.65726805,0.0,0.006804771
0.5512428,0.0,0.34951255
0.43754897,0.0,0.828771
0.71685064,0.0,0.109025694
0.50513476,0.0,0.46586514
0.435261,0.0,0.49727282
0.50121003,0.0,0.5690876
0.83939743,0.0,0.03723856
0.6498102,0.0,0.19897701
0.86742073,0.0,0.0
0.94860286,0.0,0.0
0.84404886,0.0,0.019515622
0.82928723,0.0,0.008384438
0.5595356,0.0,0.001002843
0.9687072,0.0,0.017254818
0.90595716,0.0,0.043420576
0.8202073,0.0,0.02615199
0.7513503,0.0,0.016063105
0.5051114,0.0,0.21185999
0.8731889,0.0,0.046977043
0.70369154,0.0,0.17079818
0.5789943,0.0,0.010959064
0.91069484,0.0,0.51698923
0.946442,0.0,0.16070594
0.6710054,0.0,0.16162808
0.9068366,0.0,0.015022436
0.6014733,0.0,0.08415245
0.6890043,1.0,0.38057816
0.3529374,1.0,0.5932993
0.51709676,1.0,0.19363227
0.7865136,1.0,0.19178161
0.32704628,1.0,0.2890354
0.5423873,1.0,0.538379
0.5710119,0.0,0.10810291
0.66465104,0.0,0.37217602
0.88807714,0.0,0.0
0.7501792,1.0,0.3291862
0.95899695,0.0,0.18286936
0.8338032,0.0,0.30417845
0.82222015,0.0,0.5656447
0.40040872,0.0,0.69737345
0.75336313,0.0,0.4039452
0.730443,0.0,0.38331336
0.96314317,0.0,0.27702278
0.7284636,0.0,0.45686495
0.9780197,0.0,0.054376163
0.7818352,0.0,0.31122103
0.95256174,0.0,0.0
0.9676216,0.0,0.0
0.5793612,1.0,0.16479233
0.7492751,0.0,0.0
0.32860118,0.0,0.22077231
0.61222905,0.0,0.05314042
0.5854268,0.0,0.49190015
0.9068137,0.0,0.03390632
0.6620589,0.0,0.29227456
0.66015637,0.0,0.12760504
0.8881657,0.0,0.0917107
0.39919823,0.0,0.5460018
0.9260888,0.0,0.044793002
0.37337124,0.0,0.68468064
0.5678448,0.0,0.55221695
0.61702824,0.0,0.03377689
0.85461044,0.0,0.33731776
0.9698159,0.0,0.023822142
0.7580634,1.0,0.25528196
0.9668893,0.0,0.005577006
0.9664092,0.0,0.016132774
0.9639323,0.0,0.03494439
0.94252867,0.0,0.015781878
0.727459,0.0,0.2384697
0.6704551,0.0,0.0120405005
0.4166226,0.0,0.3075271
0.5528568,0.0,0.18159576
0.4849679,0.0,0.1983746
0.50239915,0.0,5.2772924e-05
0.94584215,0.0,0.0061656334
0.9837107,0.0,0.0
0.9105175,0.0,0.007640665
0.83912724,0.0,0.0014279825
0.9579365,0.0,0.0059769736
0.8906252,0.0,0.021634672
0.90459484,0.0,0.015968693
0.8287077,1.0,0.4350194
0.7242041,1.0,0.5361511
0.46735469,0.0,0.25603005
0.57836807,0.0,0.54210556
0.6947752,0.0,0.105803505
0.7271421,0.0,0.09185832
0.6262734,0.0,0.6558835
0.6968241,0.0,0.31990603
0.7081073,0.0,0.0013372479
0.83575714,0.0,0.017828815
0.74967015,0.0,0.44944653
0.7148583,0.0,0.36657894
0.8023033,0.0,0.009582471
0.55217665,0.0,0.266794
0.7425591,0.0,0.09134451
0.42261088,0.0,0.50149953
0.9094065,0.0,0.08342486
0.9215904,0.0,0.060555883
0.7234207,0.0,0.14908572
0.7934343,0.0,0.34364152
0.7736837,0.0,0.011252669
0.36853102,0.0,0.3307698
0.42625925,0.0,0.63224614
0.77984715,0.0,0.39416215
0.82069916,0.0,0.11197474
0.4347118,1.0,0.3802868
0.323509,0.0,0.46147838
0.30347347,1.0,0.36944357
0.41157427,0.0,0.22461802
0.6696816,0.0,0.082951985
0.3645091,1.0,0.17937414
0.9118981,0.0,0.00045902995
0.67094946,0.0,0.053181387
0.9012749,0.0,0.0011303534
0.86701924,0.0,0.0
0.65261286,0.0,0.27292794
0.74630976,0.0,0.0340093
0.3850359,0.0,0.4184644
0.74629235,0.0,0.0
0.54978174,0.0,0.4362299
0.60775185,0.0,0.15248041
0.6832849,0.0,0.41663963
0.8268511,0.0,0.12416675
0.40979433,0.0,0.29275447
0.90643007,0.0,0.0
0.5403073,0.0,0.030219277
0.6340139,0.0,0.34536347
0.74692655,0.0,0.0
0.9400239,0.0,0.0
0.4040074,0.0,0.23219523
0.44232208,0.0,0.5918189
0.78576684,0.0,0.16271546
0.45387083,0.0,0.25866243
0.80823827,0.0,0.00057158316
0.5157727,0.0,0.5102262
0.3319355,0.0,0.29996222
0.75971097,0.0,0.010876201
0.72260004,0.0,0.103321254
0.49982303,0.0,0.3275711
0.34770912,0.0,0.35694122
0.35297662,0.0,0.61138266
0.9788624,0.0,0.1530204
0.4502219,0.0,0.31003946
0.91646373,0.0,0.04714718
0.79994124,0.0,0.45104715
0.74671125,0.0,0.19535956
0.8571425,0.0,0.0
0.7363589,0.0,0.020452278
0.43941638,0.0,0.5609635
0.33028907,0.0,0.30418345
0.38647157,0.0,0.5067468
0.87831384,0.0,0.007272279
0.6680568,0.0,0.044929236
0.7599815,0.0,0.027795536
0.47950718,0.0,0.34124604
0.68469435,0.0,0.14389405
0.77232057,0.0,0.004920061
0.41041386,0.0,0.05882007
0.817282,0.0,0.022291416
0.77954376,0.0,0.0974301
0.89757156,0.0,0.10103301
0.8578687,0.0,0.08523402
0.82428354,0.0,0.0123675205
0.66993636,0.0,0.20018129
0.8312877,0.0,0.006748253
0.62915206,0.0,0.18097857
0.42405668,0.0,0.08423059
0.34946612,0.0,0.07328314
0.49801603,0.0,0.0
0.8048682,0.0,0.0017625793
0.3750557,0.0,0.087138265
0.5973701,0.0,0.18202506
0.42875892,0.0,0.6315251
0.5510099,0.0,0.50588524
0.48406902,0.0,0.6624487
0.6054847,0.0,0.1903916
0.634232,1.0,0.669716
0.5549487,1.0,0.6637891
0.3625394,1.0,0.6567706
0.5412602,1.0,0.33867785
0.5753942,1.0,0.24393666
0.5268475,1.0,0.3221661
0.6120399,1.0,0.8598034
0.7451096,1.0,0.57045776
0.6718494,1.0,0.20548277
0.54048973,1.0,0.62294567
0.5928,1.0,0.3328796
0.29849526,1.0,0.50700194
0.70263875,0.0,0.20846933
0.37522838,0.0,0.10612309
0.8780569,0.0,0.0
0.38140085,0.0,0.1760939
0.29036584,1.0,0.20401482
0.7886312,0.0,0.0977684
0.84938776,0.0,0.0
0.86743253,0.0,0.0015013532
0.5857542,0.0,0.0
0.94924754,0.0,0.0006058722
0.84414023,0.0,0.0
0.9811288,0.0,0.090321824
0.7632316,0.0,0.00044453036
0.4069139,0.0,0.31679773
0.4766781,0.0,0.53797174
0.5914356,0.0,0.040865485
0.66070217,0.0,0.23198865
0.64861584,0.0,0.010530187
0.7768591,0.0,0.029665591
0.46701118,0.0,0.0010510918
0.8117878,0.0,0.018056333
0.77032703,0.0,0.0012095452
0.66642386,0.0,0.0
0.70479023,0.0,0.034519333
0.75411475,0.0,0.0
0.6674627,0.0,0.07934428
0.66058385,0.0,0.08840895
0.88802147,0.0,0.071407326
0.737973,0.0,0.52404314
0.5451736,0.0,0.36712268
0.51933265,0.0,0.37741596
0.5676445,0.0,1.0
0.48007458,0.0,0.5353275
0.42479557,0.0,0.38324952
0.30568305,0.0,0.44901684
0.58011013,0.0,0.10551902
0.3732941,0.0,0.6452038
0.817368,0.0,0.054535266
0.48717806,0.0,0.33768982
0.50335,0.0,0.48117802
0.7035745,0.0,0.68261296
0.57298756,0.0,0.10435704
0.6956702,0.0,0.50092673
0.90219015,0.0,0.08586629
0.604734,0.0,0.21716584
0.88374853,0.0,0.0
0.7450375,0.0,0.49438912
0.81209683,0.0,0.06222903
0.5682825,0.0,0.6576885
0.63039005,0.0,0.13248798
0.39549467,0.0,0.80548954
0.42332208,0.0,0.3786326
0.6837183,0.0,0.41795695
0.7952161,0.0,0.01690362
0.36390513,0.0,0.5994762
0.3405168,1.0,0.39593157
0.88125527,0.0,0.007913774
0.5727658,1.0,0.17136566
0.8674542,0.0,0.0
0.511839,1.0,0.16650604
0.42797527,0.0,0.12192892
0.8643125,0.0,0.42825627
0.64154327,1.0,0.8978357
0.6682686,1.0,0.454001
0.4987391,1.0,0.29796952
0.8502408,0.0,0.0010141023
0.92604965,0.0,0.0
0.7277806,1.0,0.23533353
0.91396266,0.0,0.03346708
0.62093455,1.0,0.3570579
0.6890049,0.0,0.685494
0.76763827,0.0,0.73232806
0.37330905,1.0,0.41766113
0.6091169,0.0,0.26294753
0.37133652,1.0,0.57511264
0.5110909,0.0,0.07650758
0.611677,1.0,0.27255532
0.444112,1.0,0.66504216
0.5098741,0.0,0.45981467
0.82450235,0.0,0.13603827
0.4315778,0.0,0.41062877
0.7732809,0.0,0.57411647
0.63779646,0.0,0.42220953
0.9029248,0.0,0.058965124
0.47977155,0.0,0.5837476
0.63329434,0.0,0.060596604
0.8610501,0.0,0.27484265
0.37350556,0.0,0.5375962
0.30038333,0.0,0.5497188
0.4989446,0.0,0.252522
0.81783354,0.0,0.0
0.86646205,0.0,0.07523088
0.8946958,0.0,0.0
0.64606434,0.0,0.15123133
0.8897173,0.0,0.00064135937
0.6483408,0.0,0.34672672
0.7807809,0.0,0.30397362
0.777283,0.0,0.019728312
0.6546393,0.0,0.31837684
0.61655533,0.0,0.5885045
0.55525595,0.0,0.49137974
0.82082754,0.0,0.051772203
0.73556745,0.0,0.34960687
0.77869457,0.0,0.15333788
0.46442798,0.0,0.25880858
0.88214016,0.0,0.0
0.36103117,0.0,0.16089194
0.52110183,0.0,0.0
0.30364013,1.0,0.3069134
0.5086424,0.0,0.067330085
0.7568913,1.0,0.6109186
0.36206448,0.0,0.37437087
0.5187169,1.0,0.11538508
0.31715965,0.0,0.80395746
0.5335114,1.0,0.6088014
0.3237485,1.0,0.26068473
0.49629205,0.0,0.09736703
0.26717636,0.0,0.3504192
0.7380437,0.0,0.032894693
0.39166978,0.0,0.3062043
0.8573019,0.0,0.0
0.27005067,0.0,0.36771226
0.63082916,0.0,0.20619415
0.62394136,0.0,0.29191816
0.73732483,0.0,0.7612267
0.5164011,0.0,0.98852354
0.58299726,0.0,0.4600668
0.5179719,0.0,0.3133389
0.5125142,0.0,0.417662
0.79641736,0.0,0.024883138
0.6378632,0.0,0.3331595
0.7378599,0.0,0.35458463
0.64714026,0.0,0.09663953
0.9847798,0.0,0.0
0.6278569,0.0,0.3439729
0.7981761,0.0,0.40394467
0.9081629,0.0,0.0
0.7998967,0.0,0.12360801
0.62353694,0.0,0.5509112
0.5170956,0.0,0.5558273
0.8904792,0.0,0.029784348
0.5938964,0.0,0.5863978
0.67406344,0.0,0.08677908
0.46479112,0.0,0.4167594
0.8272872,0.0,0.0009433978
0.8152935,0.0,0.0
0.8573329,0.0,0.0
0.9520092,0.0,0.018812349
0.88124925,0.0,0.0
0.883983,0.0,0.06649278
0.9593739,0.0,0.16322103
0.89567894,0.0,0.11700425
0.8152793,0.0,0.62633973
0.774603,0.0,0.4691279
0.88526255,0.0,0.19748224
0.72657555,0.0,0.46150708
0.6119206,0.0,0.40803525
0.7590583,0.0,0.16484639
0.67074645,0.0,0.07408277
0.58795506,0.0,0.40036118
0.8694551,0.0,0.18844841
0.715438,0.0,0.26334232
0.7400516,0.0,0.13291377
0.6529256,0.0,0.6378437
0.5134693,0.0,0.24721283
0.41111138,0.0,0.4623618
0.86470306,0.0,0.0014202622
0.6585632,0.0,0.02743532
0.86442924,0.0,0.009987754
0.86079514,0.0,0.0009966722
0.7364848,1.0,0.07745558
0.6363047,0.0,0.00011384324
0.9136912,0.0,0.0005915062
0.72687584,0.0,0.0
0.9712643,0.0,0.0
0.93613863,0.0,0.0060458523
0.9691393,0.0,0.0
0.93977034,0.0,0.0
0.9469019,0.0,0.0
0.944401,0.0,0.027199943
0.9366877,0.0,0.00017367833
0.91376776,0.0,0.0053764093
0.73128146,0.0,0.21670564
0.48182228,0.0,0.24883121
0.89578956,0.0,0.24129036
0.63855296,0.0,0.31530026
0.50588614,0.0,0.57325345
0.6571188,0.0,0.6270637
0.6142254,0.0,0.502269
0.77217245,0.0,0.038374342
0.55110854,0.0,0.4567881
0.7834203,0.0,0.162226
0.6233047,0.0,0.59056383
0.59237313,0.0,0.34538817
0.54857713,0.0,0.41042683
0.7149552,0.0,0.112718835
0.5131209,0.0,0.55339533
0.7621274,0.0,0.043534286
0.46439654,1.0,0.55243987
0.31522396,1.0,0.53491277
0.43390256,1.0,0.6549659
0.8427389,1.0,0.36112392
0.8027508,1.0,0.20577131
0.71298474,1.0,0.30615684
0.51191396,1.0,0.56464106
0.67699575,1.0,0.47823873
0.8598649,1.0,0.0459825
0.8747085,1.0,0.24910313
0.88710195,1.0,0.21523117
0.8357425,0.0,0.0
0.6354891,1.0,0.43328488
0.64609224,1.0,0.6557332
0.93286425,1.0,0.22789411
0.6255399,0.0,0.2856792
0.585256,1.0,0.7875656
0.6069713,0.0,0.39921388
0.5617421,0.0,0.013433883
0.84976697,0.0,0.010172701
0.8454372,0.0,0.18891257
0.97022396,0.0,0.0
0.61925316,0.0,0.10827307
0.66648954,0.0,0.3795607
0.74636716,0.0,0.0
0.91049004,0.0,0.0
0.6797404,0.0,0.24980405
0.59521407,0.0,0.0279737
0.83005786,0.0,0.0
0.96030414,0.0,0.0
0.79890287,0.0,0.07697757
0.87305844,1.0,0.321015
0.93261135,1.0,0.106017984
0.9336157,0.0,0.0
0.72725946,1.0,0.07472225
0.7872468,0.0,0.012730518
0.8402936,0.0,0.0
0.90525156,0.0,0.0
0.8214967,0.0,0.10096266
0.81703,0.0,0.15398085
0.80163765,0.0,0.0
0.85147655,0.0,0.0
0.35076693,0.0,0.47288728
0.41362265,0.0,0.18911964
0.7869296,0.0,0.12175759
0.35521492,0.0,0.48862684
0.46524772,0.0,0.06288131
0.64159083,0.0,0.07603056
0.24349315,0.0,0.6163971
0.32499135,0.0,0.18588135
0.8573703,0.0,0.0065038134
0.6635051,0.0,0.14377326
0.42294303,0.0,0.3968081
0.6435816,0.0,0.09762643
0.9753219,0.0,0.005803513
0.48020676,0.0,0.32766765
0.5807289,0.0,0.6669681
0.7624683,0.0,0.046732545
0.88544035,0.0,0.41955024
0.96657145,0.0,0.035651688
0.74030685,0.0,0.5736476
0.7573232,0.0,0.44142023
0.8640203,0.0,0.004225565
0.59960574,0.0,0.28127638
0.96131426,0.0,0.02202405
0.8386065,0.0,0.2726607
0.757945,0.0,0.12649538
0.8679464,0.0,0.34586242
0.5962446,0.0,0.012565928
0.62721413,1.0,0.24812394
0.46282178,1.0,0.4560473
0.7842138,0.0,0.008477724
0.708234,1.0,0.11337082
0.3888389,1.0,0.27972445
0.88044924,0.0,0.07372068
0.5786029,0.0,0.30301684
0.7986891,0.0,0.5685911
0.72767496,0.0,0.75132704
0.5276937,0.0,0.1546574
0.53344446,0.0,0.16692267
0.65874356,0.0,0.33317667
0.9691292,0.0,0.0030808502
0.7346574,0.0,0.0047957227
0.80711085,0.0,0.0026793755
0.86935157,0.0,0.03564905
0.9510339,0.0,0.0
0.5992599,0.0,0.24144398
0.7893414,0.0,0.105200805
0.8933686,0.0,0.0013597116
0.95345676,0.0,0.0
0.4281831,0.0,0.2769362
0.76764756,0.0,0.0044722143
0.74594843,0.0,0.011298133
0.74187255,0.0,0.23992863
0.5943976,0.0,0.18574412
0.74988455,0.0,0.0022779151
0.6130662,0.0,0.07579632
0.6469314,0.0,0.28019786
0.7412053,0.0,0.30087304
0.4842853,0.0,0.6944005
0.62432116,0.0,0.44056848
0.8417118,0.0,0.02335012
0.7595358,0.0,0.31579763
0.5967747,0.0,0.42244655
0.6736404,0.0,0.7162987
0.9851386,0.0,0.041410092
0.934565,0.0,0.11797847
0.6465953,0.0,0.6126012
0.47758964,0.0,0.23423555
0.91843957,0.0,3.7932765e-05
0.6321647,0.0,0.30507034
0.47762272,0.0,0.3756085
0.97056794,0.0,0.04899806
0.9883436,0.0,0.0027182852
0.8878143,0.0,0.2565204
0.6981463,0.0,0.23909566
0.9540328,0.0,0.0049371757
0.72427356,1.0,0.48875406
0.7117732,1.0,0.4551816
0.8901736,0.0,0.07614828
0.8472022,0.0,0.0010927214
0.827432,1.0,0.42576522
0.7826558,0.0,0.55627763
0.97903854,0.0,0.16761322
0.728639,0.0,0.3725219
0.81661063,0.0,0.5521467
0.9590504,0.0,0.65850097
0.9649311,0.0,0.14564146
0.8344848,0.0,0.4230146
0.70623344,0.0,0.8356506
0.75603366,0.0,0.28152493
0.98957574,0.0,0.12875868
0.4282225,0.0,0.18297601
0.9846779,0.0,0.06061959
0.98878235,0.0,0.0
0.8276115,0.0,0.0015454063
0.9188193,0.0,0.0019277731
0.908934,1.0,0.056466695
0.83782625,1.0,0.036599763
0.7669185,1.0,0.37569487
0.8042908,1.0,0.18873289
0.37003502,1.0,0.43608856
0.5637496,0.0,0.3676562
0.58175695,0.0,0.08550111
0.7176606,0.0,0.002458711
0.38178003,1.0,0.12448542
0.97150606,0.0,0.008731655
0.9122688,0.0,0.088169105
0.955057,0.0,0.0
0.97413886,0.0,0.044877704
0.8890867,0.0,0.007790899
0.9405276,0.0,0.060353253
0.5777174,0.0,0.0
0.95608974,0.0,0.18162753
0.76641476,0.0,0.6914421
0.80037814,0.0,0.56147
0.6321495,0.0,0.5271449
0.63327223,0.0,0.12688673
0.85992634,0.0,0.19736464
0.95878613,0.0,0.030462608
0.9774244,0.0,0.00076989376
0.92590535,0.0,0.04976491
0.9741566,0.0,0.0
0.8024809,0.0,0.018741315
0.9548618,0.0,0.0011533113
0.9154626,0.0,0.0039549
0.77911335,0.0,0.06521563
0.8877794,0.0,0.29349738
0.7875725,0.0,0.024954563
0.5077941,0.0,0.78435427
0.79382205,0.0,0.1697914
0.5760751,0.0,0.34255597
0.32820323,1.0,0.4879494
0.3655764,0.0,0.40752885
0.5631339,0.0,0.41065666
0.56612766,0.0,0.071536265
0.48706108,1.0,0.28710654
0.50411165,0.0,0.506288
0.578914,0.0,0.090103194
0.89547706,0.0,0.11755169
0.5245658,0.0,0.43304324
0.3453807,0.0,0.20659429
0.7515408,0.0,0.0
0.86176157,0.0,0.16145703
0.4474802,0.0,0.28309268
0.7221203,0.0,0.0
0.7838768,0.0,0.004877698
0.8600614,0.0,0.19073322
0.65254563,0.0,0.4559768
0.93391746,0.0,0.22049896
0.91831064,0.0,0.055142798
0.5791831,0.0,0.70282143
0.81287575,0.0,0.34618214
0.39736027,0.0,1.0
0.48855612,0.0,0.76299274
0.4019193,0.0,0.49159017
0.38512558,0.0,0.59511065
0.36300147,0.0,0.6756217
0.5890524,0.0,0.7152031
0.46692738,0.0,0.56849104
0.40215886,1.0,0.58944017
0.61461323,1.0,0.26335615
0.45411098,0.0,0.26211172
0.53011036,1.0,0.3729111
0.4963026,0.0,0.41476968
0.5498414,1.0,0.6783576
0.57471937,0.0,0.113230586
0.38923305,1.0,0.6114179
0.6894774,0.0,0.35032958
0.638241,0.0,0.0032129597
0.4694466,0.0,0.15599445
0.65374994,1.0,0.017768828
0.49519083,1.0,0.35350165
0.47793108,1.0,0.29184225
0.5952743,0.0,0.015616362
0.5564461,0.0,0.14679298
0.42924035,0.0,0.10488795
0.7937346,0.0,0.0
0.4484701,0.0,0.19308197
0.70450425,0.0,0.040313642
0.7337692,0.0,0.064592466
0.6042437,0.0,0.63847613
0.6551832,0.0,0.39670753
0.49645466,0.0,0.3801352
0.6004933,0.0,0.7950873
0.51832366,0.0,0.60772866
0.34249255,0.0,0.25404912
0.6602291,0.0,0.2208333
0.48768336,0.0,0.36594212
0.65850127,0.0,0.48563895
0.46437544,0.0,0.0888674
0.52884495,0.0,0.06424854
0.55800664,0.0,0.15096489
0.66556424,0.0,0.047562256
0.6310682,0.0,0.028762186
0.65319437,0.0,0.051072706
0.5861132,0.0,0.1677897
0.86165273,0.0,2.324152e-06
0.64921737,0.0,0.13287513
0.5096888,0.0,0.2737986
0.8772928,0.0,0.1135182
0.82251877,0.0,0.06932738
0.64372194,0.0,0.13878837
0.94792575,0.0,0.0
0.8861705,0.0,0.0
0.713685,0.0,0.0
0.6987722,0.0,0.009915744
0.86648387,0.0,0.15650803
0.520361,0.0,0.8571572
0.63997877,0.0,0.37160158
0.6799407,0.0,0.040819757
0.87569684,0.0,0.0
0.7451208,0.0,0.012678459
0.7756417,0.0,0.038700394
0.7745984,0.0,0.001567334
0.939164,0.0,0.2968377
0.6015383,0.0,0.004772762
0.6970027,0.0,0.6586352
0.6627218,0.0,0.32185712
0.9343485,0.0,0.0
0.6705126,0.0,0.12660569
0.7022909,0.0,0.2848178
0.50698173,0.0,0.19998571
0.7150387,0.0,0.13995144
0.65222776,0.0,0.6265007
0.6218936,0.0,0.54488665
0.558373,0.0,0.78126603
0.6729908,0.0,0.26722494
0.8499911,1.0,0.3293375
0.8158455,1.0,0.47513005
0.69402456,1.0,0.59388375
0.7090318,1.0,0.502581
0.817083,0.0,0.37231416
0.84243333,0.0,0.28657427
0.70495296,0.0,0.603294
0.57920784,0.0,0.33904052
0.63732964,0.0,0.22925647
0.6664886,0.0,0.699708
0.54527545,0.0,0.26020566
0.66096324,0.0,0.26941496
0.57740384,0.0,0.37154093
0.6813645,0.0,0.02228792
0.6024438,0.0,0.6002567
0.43256587,0.0,0.12961918
0.5179914,0.0,0.48773965
0.7522623,0.0,0.17580807
0.5368738,0.0,0.60563964
0.78255403,0.0,0.06987617
0.5162513,0.0,0.08138792
0.5957168,0.0,0.05674076
0.6566277,0.0,0.017311228
0.66996026,0.0,0.10042676
0.5300802,0.0,0.13506609
0.7028906,0.0,0.0072176047
0.47172552,0.0,0.24925636
0.7792986,0.0,0.19914341
0.7783521,0.0,0.069977045
0.7551439,0.0,0.16939536
0.67174363,0.0,0.021785302
0.7320878,0.0,0.0
0.9396515,0.0,0.0006657614
0.85933805,0.0,0.0
0.87890446,0.0,0.00068864075
0.56544024,0.0,0.0
0.5045316,0.0,0.19058834
0.67326957,0.0,0.0057235123
0.38748914,0.0,0.70120335
0.55615216,0.0,0.635219
0.56235653,0.0,0.49806944
0.71195245,0.0,0.053298447
0.67330474,0.0,0.0
0.5455927,0.0,0.07126066
0.8849436,0.0,0.0
0.6916171,0.0,0.0
0.84591734,0.0,0.0
0.65324825,0.0,0.0002537965
0.7182194,0.0,0.0045075943
0.93612814,0.0,0.0
0.46488592,0.0,0.08874305
0.4348015,0.0,0.028929112
0.68825144,0.0,0.07558357
0.752664,0.0,0.32247314
0.79488945,0.0,0.112319075
0.7834279,0.0,0.7600538
0.7503236,0.0,0.7286447
0.74751765,0.0,0.23353876
0.5017902,0.0,0.8192506
0.5808744,0.0,0.49820852
0.5403276,0.0,0.08712762
0.7258644,0.0,0.52435696
0.7700283,0.0,0.053252406
0.59688926,0.0,0.024348559
0.7373023,0.0,0.118131526
0.52860993,0.0,0.4053772
0.9137375,0.0,0.14359908
0.5616895,0.0,0.476877
0.78376216,0.0,0.07122047
0.57664484,0.0,0.6650303
0.619036,0.0,0.32343686
0.63271075,0.0,0.46134326
0.6412943,0.0,0.62073296
0.7080927,0.0,0.23114708
0.8657183,0.0,0.0
0.51261926,0.0,0.088220246
0.97002393,0.0,0.015531555
0.75548583,0.0,0.16393712
0.68852633,0.0,0.036182314
0.70395994,0.0,0.018198667
0.70670503,0.0,0.26464197
0.52265537,0.0,0.07018574
0.73334897,0.0,0.0011723507
0.6750139,0.0,0.36417422
0.4382839,0.0,0.41075364
0.3938225,0.0,0.31808668
0.4185199,0.0,0.38046062
0.7080084,0.0,0.15382923
0.45949143,0.0,0.15218236
0.9231938,0.0,0.0
0.7878854,0.0,0.0
0.7213361,0.0,0.0073731234
0.90630835,0.0,0.0
0.83751124,0.0,0.043643147
0.49349967,0.0,0.39643344
0.5615201,0.0,0.25398242
0.8535953,0.0,0.055867292
0.72291785,0.0,0.06702766
0.8132676,0.0,0.012297341
0.74042106,0.0,0.12470758
0.82295185,0.0,0.0015615107
0.6832475,0.0,0.0012023227
0.70638937,0.0,0.28211135
0.78630733,0.0,0.022615468
0.6241729,0.0,0.28553146
0.7363571,0.0,0.50085294
0.46355295,0.0,0.3696
0.5281256,0.0,0.2212052
0.46959865,0.0,0.5376116
0.64192617,0.0,0.42997342
0.8900348,0.0,0.37088546
0.64717555,0.0,0.12338421
0.695126,0.0,0.4511081
0.6579699,0.0,0.1325768
0.7344849,0.0,0.52404684
0.88041526,0.0,0.31202862
0.5630274,0.0,0.70110744
0.8929617,0.0,0.1753733
0.7552594,0.0,0.24161854
0.93999875,0.0,0.016099654
0.63317,0.0,0.068080254
0.71288747,0.0,0.0
0.6172747,0.0,0.0
0.91507864,0.0,0.060455814
0.57812274,0.0,0.040289443
0.76991075,0.0,0.06782925
0.5711063,0.0,0.3164247
0.41825223,0.0,0.5593586
0.6470356,0.0,0.042593338
0.3821006,0.0,0.6456032
0.74416256,0.0,0.18998525
0.5629777,0.0,0.0
0.6601553,0.0,0.0
0.82707,0.0,0.0
0.61021817,0.0,0.0
0.8613567,0.0,0.1216517
0.7618901,0.0,0.29256052
0.7538091,0.0,0.46259972
0.8984841,0.0,0.002157384
0.72779065,0.0,0.15058184
0.792562,0.0,0.0038435445
0.87137645,0.0,0.035238776
0.7386443,0.0,0.039086007
0.83583283,0.0,0.0555431
0.6813957,0.0,0.24772868
0.7758485,0.0,0.20240124
0.7385977,0.0,0.56815714
0.6453887,0.0,0.08555294
0.6468718,0.0,0.4748786
0.85844564,0.0,0.44953546
0.7198229,0.0,0.4611429
0.37258965,0.0,0.3175399
0.6050178,0.0,0.4418453
0.6676092,0.0,0.0070614917
0.5339309,0.0,0.32090035
0.8905842,0.0,0.21738462
0.75353134,0.0,0.006677614
0.5586725,0.0,0.7231851
0.45727754,0.0,0.38656864
0.72811186,0.0,0.14534163
0.570855,0.0,0.46378118
0.6320078,0.0,0.7553244
0.6297138,0.0,0.5948719
0.67109853,0.0,0.56942266
0.7351295,0.0,0.5008344
0.87525403,0.0,0.11151359
0.71023935,0.0,0.15385173
0.7674513,0.0,0.0
0.6266085,0.0,0.0039255195
0.5296225,0.0,0.024959061
0.60432345,0.0,0.014213197
0.42200607,0.0,0.11147921
0.438226,0.0,0.05107238
0.40901768,0.0,0.045429446
0.44543937,0.0,0.18411362
0.38029358,0.0,0.5050432
0.518251,0.0,0.24011755
0.69365495,0.0,0.098622516
0.73573333,0.0,0.0
0.7438906,0.0,0.001479376
0.87338454,0.0,0.0
0.84703237,0.0,0.0
0.8931159,0.0,0.011016261
0.72225493,0.0,0.04182663
0.69625473,0.0,0.12297561
0.30493897,0.0,0.14521834
0.45968708,0.0,0.5928868
0.60735285,0.0,0.35499656
0.58177894,0.0,0.24827671
0.42563722,0.0,0.14680086
0.4585564,0.0,0.5884767
0.41788515,0.0,0.4203865
0.5708906,0.0,0.29762778
0.68208265,0.0,0.045537397
0.6565482,0.0,0.10921623
0.7564513,0.0,0.0027846426
0.7382358,0.0,0.0
0.5109697,0.0,0.025896482
0.7520136,0.0,0.009368441
0.40731686,0.0,0.24026777
0.800975,0.0,0.028825859
0.8454645,0.0,0.24137768
0.6195852,0.0,0.39225546
0.7208902,0.0,0.8814403
0.83802795,0.0,0.54334253
0.8094526,0.0,0.3149993
0.7377056,0.0,0.85501933
0.6888711,0.0,0.46478748
0.7791399,0.0,0.6602945
0.73739725,0.0,0.2928067
0.5580176,0.0,0.39848998
0.61492807,0.0,0.11630898
0.5476774,0.0,0.25658843
0.63060385,0.0,0.17678323
0.78189194,0.0,0.01739969
0.71047485,1.0,0.2800591
0.68828076,1.0,0.24288605
0.4936615,1.0,0.1400952
0.7074276,0.0,0.009400337
0.3807162,1.0,0.5507916
0.5207993,0.0,0.22439891
0.55181724,1.0,0.38473254
0.54485977,0.0,0.111428164
0.48324314,0.0,0.43413925
0.67434627,0.0,0.4152821
0.7376079,0.0,0.008084778
0.7509182,0.0,0.34775212
0.8426175,0.0,0.04912919
0.8239867,0.0,0.06177724
0.78259534,0.0,0.022809476
0.5795358,0.0,0.066326715
0.5891158,0.0,0.14960419
0.7119413,0.0,0.20669822
0.6495135,0.0,0.2171634
0.84304595,0.0,0.010920398
0.39848727,0.0,0.52634954
0.5714761,0.0,0.4746453
0.7463992,0.0,0.08134235
0.7160652,0.0,0.20272598
0.5222086,0.0,0.0
0.8645512,0.0,0.0031188536
0.5317367,0.0,0.0218725
0.6779409,0.0,0.0061804256
0.7663896,0.0,0.012419286
0.7916061,0.0,0.01624212
0.7109323,0.0,0.01722265
0.5815246,0.0,0.012681361
0.72762185,0.0,0.006893793
0.66800505,1.0,0.14974773
0.575366,1.0,0.20242615
0.5751296,0.0,0.07546432
0.54347295,0.0,0.077451535
0.7365276,0.0,0.0049162824
0.7326181,0.0,0.004864892
0.8193786,0.0,0.017043404
0.8160083,0.0,0.19661374
0.6169552,0.0,0.16456203
0.87625116,0.0,0.7617314
0.79505074,0.0,0.36862344
0.76109624,0.0,0.63277406
0.7149671,0.0,0.45980465
0.6075179,0.0,0.3326597
0.86391,0.0,0.04003354
0.526419,0.0,0.0875966
0.6186289,0.0,0.053485453
0.6297353,0.0,0.08072633
0.5220298,1.0,0.40006724
0.7403631,0.0,0.09493663
0.57199436,1.0,0.364663
0.6391636,1.0,0.5850756
0.7907264,1.0,0.7208512
0.956739,0.0,0.07570701
0.6978694,1.0,0.40678686
0.81598365,0.0,0.0052758614
0.7176686,1.0,0.36866516
0.69830835,1.0,0.062441356
0.8375389,1.0,0.17472139
0.7046636,1.0,0.5354448
0.642326,1.0,0.13720568
0.60132945,1.0,0.7670382
0.42896396,0.0,0.6985943
0.47477052,1.0,0.6382262
0.45792255,1.0,0.4448368
0.5050961,1.0,0.3558992
0.6628385,0.0,0.008337647
0.71327066,0.0,0.022225056
0.88452846,0.0,0.0053617936
0.37579584,0.0,0.097353026
0.7227921,0.0,0.0
0.66325593,0.0,0.14469506
0.94541556,0.0,0.08785626
0.7735524,0.0,0.07133798
0.40058535,0.0,0.0036816185
0.62917966,0.0,0.16063231
0.47978923,0.0,0.046325676
0.89493483,0.0,0.049315877
0.7979574,0.0,0.389175
0.94318086,0.0,0.51459944
0.8651506,0.0,0.39352378
0.6339749,0.0,0.0055702496
0.6523842,0.0,0.3243325
0.64911026,0.0,0.21524267
0.53783745,0.0,0.33460367
0.5680562,0.0,0.82493585
0.49302632,0.0,0.6761866
0.48506886,0.0,0.4945935
0.563713,0.0,0.39363807
0.6895816,0.0,0.18852891
0.6863473,0.0,0.6354024
0.5296137,0.0,0.2645561
0.7558317,0.0,0.06385076
0.84346086,0.0,0.04069147
0.73152614,0.0,0.0
0.6754686,0.0,0.0022838353
0.71466184,0.0,0.0
0.6618704,0.0,0.011061277
0.69039166,0.0,0.010866173
0.4869273,0.0,0.0040751863
0.5412254,0.0,0.03311015
0.5372474,0.0,0.07618314
0.76119703,0.0,0.05838678
0.9221306,0.0,0.013159822
0.6776662,0.0,0.0
0.9191137,0.0,0.014254615
0.813473,0.0,0.0057791886
0.9257104,1.0,0.04420161
0.48571977,0.0,0.012200441
0.7191322,0.0,0.0039389348
0.43187326,0.0,0.08252995
0.485674,0.0,0.102273755
0.6140649,0.0,0.43722957
0.73602855,0.0,0.14567667
0.90571475,0.0,0.78237087
0.5310304,0.0,0.6891174
0.5456252,0.0,0.29823422
0.5487572,0.0,0.7537223
0.8599645,0.0,0.5724155
0.72825944,0.0,0.09880812
0.786453,0.0,0.18696237
0.57274103,0.0,0.40297487
0.6308101,0.0,0.5109524
0.6240311,0.0,0.39347234
0.784977,0.0,0.37024176
0.6970684,0.0,0.8493854
0.44426325,0.0,0.19579157
0.65558046,0.0,0.48928785
0.6770669,0.0,0.3403504
0.6147149,0.0,0.67998856
0.5946095,0.0,0.49332097
0.7369163,0.0,0.13383193
0.5090795,0.0,0.12775484
0.48926952,0.0,0.44724026
0.73306847,0.0,0.22731258
0.46450078,0.0,0.6284042
0.5749104,0.0,0.7396918
0.72201204,0.0,0.5063459
0.7238124,0.0,0.715514
0.7250517,0.0,0.6300619
0.80075985,0.0,1.0
0.5089307,0.0,0.3351077
0.5289384,0.0,0.48704132
0.4628889,0.0,0.7175872
0.3705692,0.0,0.66712147
0.5002056,0.0,0.1713507
0.52530277,0.0,0.32415932
0.39035112,0.0,0.05400343
0.4127327,0.0,0.6173236
0.57032305,0.0,0.35369426
0.40804398,0.0,0.10012408
0.37565973,0.0,0.2937196
0.37877065,0.0,0.53620356
0.5340597,1.0,0.454548
0.36526796,1.0,0.08171018
0.45026296,0.0,0.4584402
0.4922357,1.0,0.4728441
0.44419238,0.0,0.3921162
0.5693648,0.0,0.74901533
0.6014718,0.0,0.33962363
0.6359875,0.0,0.08466584
0.6236876,0.0,0.3617659
0.5384067,0.0,0.35517356
0.4934941,0.0,0.07264031
0.38093343,1.0,0.4994691
0.49654126,1.0,0.69919354
0.46606112,1.0,0.6860567
0.6300697,1.0,0.17685314
0.4821352,1.0,0.030435747
0.52787197,1.0,0.33542627
0.37212974,1.0,0.28469235
0.71090794,0.0,0.0016982147
0.54140705,0.0,0.021256763
0.5771237,1.0,0.44305423
0.45361677,1.0,0.36653978
0.55729234,0.0,0.09284389
0.45027545,0.0,0.5846172
0.6099415,0.0,0.28497854
0.48230442,0.0,0.25353476
0.571363,0.0,0.34842283
0.62226766,0.0,0.3212993
0.57804084,0.0,0.36595997
0.55359095,0.0,0.27915865
0.44703662,0.0,0.6890768
0.53608006,0.0,0.40471864
0.3619743,0.0,0.41029245
0.67533743,0.0,0.08150885
0.7755282,0.0,0.12885727
0.50748396,0.0,0.19878276
0.78257746,0.0,0.21192636
0.8912406,0.0,0.22488365
0.81683964,0.0,0.16727073
0.92417365,0.0,0.0
0.6953477,0.0,0.27148038
0.54335845,0.0,0.00204221
0.48368183,0.0,0.41082466
0.69486547,0.0,0.5309975
0.81989557,0.0,0.1594205
0.83880186,0.0,0.32553762
0.9363639,0.0,0.0039828047
0.90783405,0.0,0.0910084
0.9779595,0.0,0.0
0.63159955,0.0,0.11958003
0.7729089,0.0,0.18928419
0.95298123,0.0,0.036294706
0.80006003,0.0,0.35908827
0.44971395,0.0,0.23572946
0.34129456,0.0,0.75189084
0.86149466,0.0,0.17562018
0.40133476,1.0,0.4751986
0.5019445,1.0,0.5554252
0.4047408,0.0,0.15798064
0.74217534,1.0,0.13412789
0.41005102,1.0,0.4836698
0.67769307,0.0,0.06446151
0.6778377,0.0,0.03539547
0.4403487,1.0,0.05560751
0.46926996,1.0,0.23216856
0.55562323,0.0,0.0
0.61281973,0.0,0.042023633
0.559171,1.0,0.3499173
0.41723758,1.0,0.44607496
0.56130004,0.0,0.094691075
0.503288,0.0,0.25403237
0.6266286,0.0,0.043890767
0.58117414,0.0,0.34732598
0.7725456,0.0,0.23367876
0.4967738,0.0,0.5292694
0.8707225,0.0,0.048527315
0.8678985,0.0,0.030737013
0.85448813,0.0,0.12861054
0.52388483,0.0,0.23285238
0.66907036,0.0,0.1392397
0.7248687,0.0,0.03268229
0.5541932,0.0,0.0
0.59347653,1.0,0.12911434
0.64723605,1.0,0.048023887
0.45769253,1.0,0.30717835
0.37581354,0.0,0.3933667
0.52456045,0.0,0.37970167
0.4992045,0.0,0.6199132
0.5205428,0.0,0.59155214
0.4431278,0.0,0.62844074
0.46017513,0.0,0.6667543
0.4355492,0.0,0.19227937
0.40674376,0.0,0.2939644
0.85403967,0.0,0.03381784
0.9680189,0.0,0.082508534
0.579734,0.0,0.04601169
0.8311527,0.0,0.010224432
0.6092631,0.0,0.091959916
0.9385283,0.0,0.2569198
0.88625354,0.0,0.19174816
0.9428839,0.0,0.16775952
0.5726748,0.0,0.57694507
0.57717484,0.0,0.29921567
0.60270387,0.0,0.14487629
0.89107865,0.0,0.08427587
0.95426404,0.0,0.0
0.7461262,0.0,0.18517345
0.52828085,0.0,0.3726433
0.91242623,0.0,0.12752569
0.6798971,0.0,0.0077600726
0.39369488,0.0,0.3602008
0.55664295,0.0,0.6436585
0.7141542,0.0,0.30705342
0.5325475,0.0,0.33741152
0.8894702,0.0,0.12751536
0.4316142,0.0,0.48355156
0.44678098,0.0,0.20069863
0.43302408,0.0,0.3713383
0.35436592,0.0,0.13119395
0.5550137,0.0,0.00021020406
0.649783,0.0,0.03268675
0.45600155,0.0,0.36234197
0.7610613,0.0,0.013131793
0.74619544,0.0,0.0
0.6633383,0.0,0.20015496
0.7426367,0.0,0.037922066
0.8113268,0.0,0.003424487
0.855423,0.0,0.0
0.34287608,0.0,0.064227104
0.63152754,0.0,0.0
0.64403105,0.0,0.0
0.77250665,0.0,0.056010257
0.6649531,0.0,0.1563151
0.54047054,0.0,0.0
0.58630866,0.0,0.051989347
0.35831863,0.0,0.35525808
0.5889442,0.0,0.28154343
0.7662205,0.0,0.3829774
0.4542895,0.0,0.8356601
0.6362,0.0,0.56703854
0.41668454,0.0,0.79220796
0.44037065,0.0,0.4657495
0.54792005,0.0,0.1305806
0.56056035,0.0,0.058607332
0.770627,0.0,0.15534885
0.8186673,0.0,0.02595644
0.8195997,0.0,0.0
0.89837414,0.0,0.0
0.7639132,0.0,0.0021943857
0.78628206,0.0,0.09033594
0.7500209,0.0,0.06565459
0.8648541,0.0,0.012015699
0.38722426,0.0,0.11673266
0.7079915,0.0,0.0
0.71419066,0.0,0.41747525
0.7121353,0.0,0.07604143
0.86780345,0.0,0.0030809925
0.7554016,0.0,0.16780703
0.89325076,0.0,0.0
0.8127948,0.0,0.1811895
0.51041126,0.0,0.75333285
0.61168236,0.0,0.47773224
0.83717626,0.0,0.16747804
0.7248518,0.0,0.086687006
0.96375495,0.0,0.0
0.9849592,0.0,0.0022557494
0.90106124,0.0,3.500611e-05
0.7523966,0.0,0.068767674
0.5406139,0.0,0.095081665
0.6857532,0.0,0.0
0.66589665,0.0,0.07381926
0.5082194,0.0,0.13072462
0.559721,0.0,0.0
0.63624483,0.0,0.0
0.74730724,0.0,0.14529727
0.5788267,0.0,0.11348519
0.5581681,0.0,0.3257381
0.5390298,0.0,0.37270457
0.40205124,0.0,0.7086451
0.38281578,0.0,0.4940469
0.4256081,0.0,0.52734184
0.50649667,0.0,0.39587712
0.41477373,0.0,0.23019691
0.3545746,0.0,0.281841
0.38775235,0.0,0.2719087
0.47085708,0.0,0.3487543
0.32654047,0.0,0.19800301
0.471725,0.0,0.3825757
0.6041038,0.0,0.66231036
0.63060313,0.0,0.30779254
0.7414679,0.0,0.21212287
0.63019663,0.0,0.121382855
0.6243619,0.0,0.18539771
0.5845541,0.0,0.33587456
0.48916054,0.0,0.06752426
0.8050413,0.0,0.04729901
0.82909733,0.0,0.049905434
0.8235642,0.0,0.013102807
0.71731937,0.0,0.040398568
0.58374816,0.0,0.102203116
0.8331744,0.0,0.10700435
0.5569527,0.0,0.002452223
0.49301484,0.0,0.21547683
0.5249118,0.0,0.47312576
0.4690411,0.0,0.54599005
0.5587571,0.0,0.12917104
0.6273395,0.0,0.31617928
0.54466933,0.0,0.24343656
0.4993861,0.0,0.59890914
0.8724723,0.0,0.43668568
0.8917967,0.0,0.05841562
0.682587,0.0,0.31911504
0.7969969,0.0,0.07017674
0.8468484,0.0,0.01830294
0.91933817,0.0,0.21047698
0.7722038,0.0,0.2820908
0.7155406,0.0,0.13622627
0.81008244,0.0,0.016917234
0.7645185,0.0,0.02121607
0.53794706,0.0,0.0
0.4410243,0.0,0.04543716
0.93654746,0.0,0.003740442
0.596002,0.0,0.00085992826
0.3876245,0.0,0.0
0.5717819,0.0,0.0017561837
0.9342708,0.0,0.0009127098
0.87016857,0.0,0.015547879
0.5604472,0.0,0.0008837937
0.3698507,0.0,0.0
0.43195596,0.0,0.0
0.29348218,0.0,0.082988895
0.41916302,0.0,0.08323626
0.94577336,0.0,0.0
0.5407322,0.0,0.18536167
0.44080114,0.0,0.2795888
0.31964448,0.0,0.70542336
0.38507313,0.0,0.6085917
0.39111343,0.0,0.45054027
0.44098932,0.0,0.3188173
0.43987933,0.0,0.16171654
0.5318298,0.0,0.546367
0.82256633,0.0,0.086028926
0.6037298,0.0,0.25620764
0.50169855,0.0,0.19503921
0.780807,0.0,0.0
0.5209878,0.0,0.015647441
0.65205723,0.0,0.3205362
0.54528135,0.0,0.4535248
0.4405396,0.0,0.35651055
0.86877316,0.0,0.08089225
0.55817485,0.0,0.5028266
0.55826426,0.0,0.6688345
0.6138338,0.0,0.6739937
0.72470003,0.0,0.045212843
0.69187695,0.0,0.29728302
0.7867073,0.0,0.2246863
0.39952922,0.0,0.63287824
0.44257718,0.0,0.29652587
0.8728578,0.0,0.0022393838
0.60311764,0.0,0.3716581
0.3723824,0.0,0.47481155
0.6530039,0.0,0.06768268
0.74143857,0.0,0.014501842
0.71227163,0.0,0.16841826
0.51086974,0.0,0.49449784
0.50723416,0.0,0.39323345
0.41142666,0.0,0.70521295
0.71013445,0.0,0.32430616
0.41683245,0.0,0.18360268
0.76022494,0.0,0.06641565
0.35137144,0.0,0.5734036
0.5648083,0.0,0.21359272
0.4426079,0.0,0.1420533
0.5731871,0.0,0.7153807
0.33978528,0.0,0.18996018
0.71130437,0.0,0.0025490026
0.44449568,0.0,0.4106633
0.6773529,0.0,0.43498456
0.7270028,0.0,0.2228311
0.543966,0.0,0.34720516
0.50725347,0.0,0.015018965
0.4522034,0.0,8.958586e-05
0.42154077,0.0,0.34447592
0.3346544,0.0,0.19109459
0.6983412,0.0,0.0034412201
0.56499624,0.0,0.0041497983
0.3327401,0.0,0.46664533
0.40143546,0.0,0.016909465
0.920739,0.0,0.0
0.49258476,0.0,0.37648696
0.45931265,0.0,0.15464658
0.8002401,0.0,0.0
0.5266997,0.0,0.0414121
0.32262588,0.0,0.33594143
0.4083978,0.0,0.5645481
0.49176568,0.0,0.4793618
0.5197145,0.0,0.077258974
0.5294716,0.0,0.5195328
0.4548241,0.0,0.40984502
0.5709996,0.0,0.054785337
0.5037075,0.0,0.16963442
0.31810135,0.0,0.47600406
0.6931239,0.0,0.03509574
0.33099154,0.0,0.35440296
0.296638,0.0,0.3684281
0.8132612,0.0,0.00014011071
0.42610833,0.0,0.30199638
0.3098532,0.0,0.44822818
0.34004664,0.0,0.26171052
0.81371504,0.0,0.0014871791
0.38881388,0.0,0.24882574
0.30591962,0.0,0.41525504
0.4896713,0.0,0.02998421
0.70094335,0.0,0.24002002
0.441231,0.0,0.57843095
0.47321424,0.0,0.48356435
0.28552383,0.0,0.3166876
0.35569006,0.0,1.0
0.9222699,0.0,1.0
0.7100428,0.0,0.28553477
0.67526776,0.0,0.5177248
0.6144772,0.0,0.18767543
0.72392917,0.0,0.47727275
0.8637607,0.0,0.15450943
0.51140386,1.0,0.33738598
0.6918725,1.0,0.62231165
0.5841994,1.0,0.7241093
0.86767685,0.0,0.059029788
0.7376136,0.0,0.33698434
0.71091694,1.0,0.36068106
0.6341156,1.0,0.20221826
0.9136226,0.0,0.050964814
0.653321,0.0,0.6809854
0.62947726,1.0,0.5425843
0.56834066,1.0,0.21860395
0.40345496,0.0,0.29560986
0.65455145,0.0,0.026109593
0.66207445,0.0,0.4650046
0.6613803,0.0,0.41525912
0.62989247,0.0,0.5195224
0.73744863,0.0,0.2197796
0.8941443,0.0,0.003534628
0.86895806,0.0,0.4580926
0.7436232,0.0,0.4999324
0.70154583,0.0,0.157966
0.85624236,0.0,0.039972432
0.72119606,0.0,0.60368055
0.56319344,0.0,0.72524196
0.71575236,0.0,0.27854973
0.7116548,0.0,0.5666225
0.61474234,0.0,0.30082172
0.6915628,0.0,0.072388
0.78546256,0.0,0.35160863
0.7621728,1.0,0.015981644
0.8180773,1.0,0.36854807
0.8453391,1.0,0.02084558
0.6442183,1.0,0.55927277
0.4871388,1.0,0.25807056
0.83206576,0.0,0.35470706
0.8339192,0.0,0.4784544
0.66767836,1.0,0.7807026
0.7270655,1.0,0.56900895
0.75541055,1.0,0.007614392
0.78423065,1.0,0.5223131
0.8387454,1.0,0.7950139
0.76883703,0.0,0.31914765
0.5272169,1.0,0.4748194
0.39899555,0.0,0.72086996
0.6675599,0.0,0.113232225
0.61017126,0.0,0.1018348
0.7797945,0.0,0.5553021
0.89115447,0.0,0.059557788
0.8759747,0.0,0.47975615
0.918393,0.0,0.014608301
0.7863428,0.0,0.1159236
0.8941918,0.0,0.0
0.90787923,0.0,0.08497653
0.83014184,0.0,0.17456484
0.9220345,0.0,0.34230694
0.61679083,0.0,0.5287697
0.5579294,0.0,0.18117577
0.52916086,0.0,0.47488293
0.53666866,0.0,0.0046632807
0.8758181,0.0,0.0
0.61450666,1.0,0.0
0.9680454,0.0,0.017158367
0.7681075,0.0,0.0032687932
0.8623654,0.0,0.42968127
0.6741576,0.0,0.5873241
0.86453086,0.0,0.14218149
0.862765,0.0,0.050052714
0.9175897,0.0,0.13020773
0.7167365,0.0,0.0028623103
0.37462133,1.0,0.17914736
0.8150725,1.0,0.18626752
0.7947465,0.0,0.007496588
0.9386189,0.0,0.00018315032
0.80680203,1.0,0.13892582
0.73748106,0.0,0.25904116
0.48707137,1.0,0.49813285
0.5181055,1.0,0.3248729
0.61627144,1.0,0.9239642
0.6448589,1.0,0.5061592
0.78298414,1.0,0.266818
0.9110365,1.0,0.8084576
0.738452,1.0,0.20387958
0.7566723,1.0,0.12533318
0.74503666,1.0,0.7168482
0.74268496,1.0,0.5357363
0.8792384,0.0,0.05273094
0.72234154,0.0,0.49770385
0.558286,0.0,0.30401576
0.48791304,0.0,0.53616357
0.7379783,0.0,0.7192304
0.73347497,0.0,1.0
0.7260317,0.0,0.7405213
0.5629287,0.0,0.29685947
0.40353227,0.0,0.43147236
0.66875637,0.0,0.4139587
0.8219354,0.0,0.61151075
0.713567,0.0,0.21330808
0.8832466,0.0,0.25010803
0.8772355,0.0,0.12732172
0.4791565,0.0,0.58079493
0.6994953,0.0,0.5928386
0.7396747,0.0,0.10627803
0.6635343,0.0,0.24009342
0.6494857,0.0,0.6263242
0.5407846,0.0,0.14922595
0.8439699,0.0,0.0
0.8333155,0.0,0.294482
0.59407175,0.0,0.42288944
0.66451275,0.0,0.04146968
0.9080402,0.0,0.06647514
0.6854649,0.0,0.47532445
0.81738114,0.0,0.29384357
0.910273,0.0,0.17232613
0.8054415,0.0,0.6825418
0.66458,0.0,0.45744953
0.59030944,0.0,0.68647254
0.69047886,0.0,0.08666665
0.72858363,0.0,0.7849177
0.89223784,0.0,0.22175346
0.87191004,0.0,0.4678052
0.8077824,0.0,0.23175052
0.8413462,0.0,0.7037374
0.7557439,1.0,0.3523858
0.80428857,0.0,0.0761
0.6698306,0.0,0.24074209
0.82602894,1.0,0.47153464
0.777103,1.0,0.21074098
0.8233385,1.0,0.0818073
0.51197094,1.0,0.5428311
0.72724134,1.0,0.0814731
0.7458042,1.0,0.7048293
0.72622484,1.0,0.48542443
0.7173747,0.0,0.5303386
0.8886752,0.0,0.16113302
0.9522609,0.0,0.01898541
0.7981277,0.0,0.41334128
0.7551925,0.0,0.7326552
0.83904153,0.0,0.35886788
0.6352598,0.0,0.57032603
0.6937819,0.0,0.66100734
0.7823522,0.0,0.22653465
0.73248476,0.0,0.11986688
0.75512654,0.0,0.02380006
0.6387089,0.0,0.25446767
0.5639622,1.0,0.075063825
0.85801935,0.0,0.09337856
0.6008479,0.0,0.018505458
0.9435112,0.0,0.00014953256
0.8277748,0.0,0.38896248
0.7468005,0.0,0.18766433
0.84152526,0.0,0.5663449
0.8087334,0.0,0.8082019
0.708307,0.0,0.3310718
0.64012647,0.0,0.8416503
0.7916006,1.0,0.5122751
0.582837,1.0,0.14045389
0.8215112,1.0,0.19774629
0.873125,1.0,0.37607193
0.6977447,0.0,0.25095448
0.63920426,1.0,0.015620846
0.8446518,0.0,0.0
0.7360626,0.0,0.0
0.5855029,0.0,0.10064649
0.90239537,0.0,0.07756941
0.6164572,0.0,0.59540784
0.48115298,0.0,0.39850435
0.66521484,0.0,0.7149961
0.8131483,0.0,0.63731617
0.76684195,0.0,0.102807015
0.7913025,0.0,0.06234869
0.8370284,0.0,0.026587129
0.8931195,0.0,0.1066318
0.78680885,0.0,0.0022319383
0.4684048,0.0,0.27865952
0.73095965,1.0,0.28833807
0.6562864,1.0,0.44839
0.75955766,1.0,0.122256234
0.8543995,1.0,0.510042
0.5407758,0.0,0.42779708
0.58047056,1.0,0.007903918
0.508807,0.0,0.14990838
0.6602514,0.0,0.2927153
0.808557,0.0,0.042112064
0.64520895,0.0,0.27387285
0.4691866,0.0,0.37981635
0.6615753,0.0,0.72537726
0.9560711,0.0,0.3960992
0.6506947,0.0,0.72425926
0.45533958,0.0,0.7429013
0.30704105,0.0,0.73414886
0.34481487,0.0,0.22341824
0.5425693,0.0,0.23539567
0.5170476,1.0,0.49370843
0.6489987,1.0,0.07163702
0.45364347,1.0,0.7038829
0.8022844,0.0,0.032319423
0.36608762,0.0,0.31909776
0.4053625,1.0,0.40152866
0.8524222,1.0,0.06863344
0.8728746,0.0,0.010894694
0.38242754,1.0,0.45346206
0.27112886,1.0,0.28364184
0.79872125,0.0,0.030015118
0.553619,0.0,0.14717908
0.38699204,1.0,0.49594977
0.5635579,0.0,0.21023272
0.78472126,0.0,0.016469026
0.706134,0.0,0.50589114
0.31807157,0.0,0.5001984
0.38161683,0.0,0.46029982
0.5837296,0.0,0.0063545527
0.41510805,0.0,0.4129509
0.32670864,0.0,0.50156206
0.40892717,0.0,0.039808262
0.68343556,0.0,0.13296276
0.33295193,0.0,0.7132138
0.32198107,0.0,0.24386832
0.5184292,0.0,0.039508678
0.57020015,0.0,0.27511337
0.38707757,0.0,0.011919457
0.55049866,0.0,0.14100526
0.9140339,0.0,0.05693885
0.9674136,0.0,0.076939456
0.9337008,0.0,0.088667095
0.8505942,0.0,0.3348089
0.9402052,0.0,0.015795087
0.6424192,0.0,0.39306116
0.7950951,0.0,0.44889697
0.9144121,0.0,0.121704705
0.60157853,0.0,0.54107535
0.70204914,0.0,0.685852
0.52188253,0.0,0.41838863
0.5226132,0.0,0.54705554
0.6320311,0.0,0.17348196
0.79272515,0.0,0.03347916
0.82173175,0.0,0.19784212
0.94172555,0.0,0.029942414
0.8331764,0.0,0.024386667
0.760069,0.0,0.010966079
0.79520893,0.0,0.050266154
0.9176657,0.0,0.012639721
0.72273254,0.0,0.52803683
0.5717249,0.0,0.47972706
0.7299245,0.0,0.695559
0.62350106,0.0,0.612324
0.7739198,0.0,0.11167998
0.6757079,0.0,0.26130432
0.6412532,0.0,0.06898299
0.473227,0.0,0.20394395
0.81066686,0.0,0.47632807
0.6721189,0.0,0.38859582
0.5616349,0.0,0.2903634
0.5863226,0.0,0.7950574
0.50484675,0.0,0.45446154
0.53107846,0.0,0.7448842
0.9062829,0.0,0.24296688
0.3840009,0.0,0.40350732
0.69664645,0.0,0.22997338
0.43991828,0.0,0.23840296
0.67877257,0.0,0.07897294
0.4263296,0.0,0.20535591
0.8437838,0.0,0.046278395
0.77823603,0.0,0.12296504
0.5887054,0.0,0.08738061
0.82090825,0.0,0.5605481
0.80352813,0.0,0.09859083
0.916429,0.0,0.041042924
0.54152757,1.0,0.2904404
0.81380725,0.0,0.086431615
0.70956624,0.0,0.20505276
0.45761648,0.0,0.07929215
0.45203432,1.0,0.43523738
0.5306652,0.0,0.4955506
0.33089542,1.0,0.64081264
0.65445346,0.0,0.73887116
0.48325226,0.0,0.5833027
0.50836474,0.0,0.2661552
0.36882567,0.0,0.27984497
0.40182632,0.0,0.070728496
0.9493016,0.0,0.18685512
0.5945054,0.0,0.59215415
0.5814418,0.0,0.8223282
0.43312567,0.0,0.60630745
0.52524614,0.0,0.5160865
0.52320766,0.0,0.3780349
0.8517253,0.0,0.7393439
0.31777617,0.0,0.22813891
0.4876287,0.0,0.39669013
0.277787,0.0,0.3436503
0.48024607,0.0,0.15724415
0.39954123,0.0,0.43537104
0.42147443,0.0,0.70526206
0.48098117,0.0,0.054740164
0.7720342,0.0,0.17263687
0.6324857,0.0,0.4855383
0.5082513,0.0,0.66451573
0.6274563,0.0,0.5147987
0.8526027,0.0,0.26358223
0.5889933,0.0,0.47705796
0.6387891,0.0,0.3095124
0.8145235,0.0,0.14250864
0.4511646,0.0,0.18085021
0.6267761,1.0,0.3023291
0.6428716,1.0,0.5389831
0.6783237,1.0,0.5670399
0.49429202,1.0,0.78674024
0.6161328,1.0,0.58732605
0.82903624,1.0,0.7784932
0.6407092,1.0,0.7329214
0.5376986,1.0,1.0
0.6800038,0.0,1.0
0.96100193,0.0,0.43994147
0.7727496,0.0,0.37144604
0.85992026,0.0,0.6065499
0.651205,0.0,0.3750577
0.8998232,0.0,0.012995268
0.7251288,0.0,0.055486955
0.79234296,0.0,0.0012263058
0.87138283,0.0,0.00023238685
0.77907526,0.0,0.0002941125
0.7660762,0.0,0.0
0.59689367,0.0,2.5751215e-05
0.7453442,0.0,0.0
0.59239966,1.0,0.17973678
0.51150745,0.0,0.0011636675
0.55716234,1.0,0.33381727
0.6390546,1.0,0.34903353
0.8891271,0.0,0.0
0.3823057,1.0,0.314073
0.4372526,1.0,0.7414633
0.7215317,0.0,0.06685297
0.64643025,0.0,0.06127135
0.4433637,0.0,0.48929882
0.69539475,0.0,0.14039555
0.7835042,0.0,0.0
0.7562822,0.0,0.075854085
0.57589567,0.0,0.30027267
0.7159282,0.0,0.029563827
0.86492515,0.0,0.0
0.6249531,0.0,0.2322766
0.7453898,0.0,0.30262113
0.69573975,0.0,0.0015807443
0.9261329,0.0,0.05272764
0.6694757,0.0,0.52839327
0.636185,0.0,0.40610564
0.70349216,0.0,0.056987163
0.9040014,0.0,0.5358562
0.87850785,0.0,0.3448608
0.90060127,0.0,0.6701483
0.690148,0.0,0.4307473
0.6979432,0.0,0.051364824
0.68798083,0.0,0.33225062
0.90825903,0.0,0.0020056055
0.81675875,0.0,0.0
0.6877471,0.0,0.0
0.7889971,0.0,0.0
0.8576838,0.0,0.006118532
0.81282675,0.0,0.00025328086
0.7893421,1.0,0.0137014985
0.63632447,1.0,0.30744863
0.51679975,1.0,0.44298145
0.8096859,0.0,0.17687294
0.32115322,0.0,0.34552684
0.72990894,0.0,0.32283697
0.59119666,0.0,0.26793826
0.812339,0.0,0.03998375
0.7740999,0.0,0.51534176
0.9208353,0.0,0.18035533
0.615741,0.0,0.111953646
0.52022153,0.0,0.18850169
0.60999805,0.0,0.39126632
0.83965546,0.0,0.22236434
0.743506,0.0,0.49519637
0.4518523,0.0,0.5560791
0.8918593,0.0,0.039515924
0.8225674,0.0,0.40757152
0.4278479,0.0,0.43390527
0.65045494,0.0,0.021098265
0.89248866,0.0,0.108966164
0.8340151,0.0,0.42613524
0.6588301,0.0,0.15629958
0.6140132,0.0,0.00021459078
0.58066946,0.0,0.5315568
0.42264554,1.0,0.62169284
0.5525266,0.0,0.16868699
0.30943853,1.0,0.58956057
0.6713392,1.0,0.12380066
0.46279076,1.0,0.6675379
0.54981804,1.0,0.40329456
0.6052117,1.0,0.47085944
0.6375024,1.0,0.10206165
0.761271,1.0,0.22464456
0.7943122,0.0,0.0002979842
0.7499918,1.0,0.1438265
0.4802761,1.0,0.27107242
0.65977615,0.0,0.0
0.65098447,0.0,0.0
0.66188073,1.0,0.47575203
0.4442944,0.0,0.16963385
0.6520626,0.0,0.0
0.54741544,0.0,0.02934246
0.8749606,0.0,0.41556972
0.62197614,0.0,0.10111165
0.74528426,0.0,0.0
0.78180194,0.0,0.53458667
0.49663818,0.0,0.80126053
0.57429165,0.0,0.34431598
0.7712668,0.0,0.32978195
0.73391247,0.0,0.07755198
0.6902965,0.0,0.658884
0.7169322,0.0,0.80002296
0.9032157,0.0,0.15247469
0.5589762,0.0,0.11736186
0.70818174,0.0,0.037364364
0.6879392,0.0,0.015844349
0.6264991,0.0,0.0
0.7878252,0.0,0.00039830382
0.88785446,0.0,0.0
0.63577294,0.0,0.0
0.6387429,0.0,0.0
0.5477374,0.0,0.0
0.4825865,0.0,0.012785212
0.39565355,0.0,0.32748517
0.62695825,0.0,0.16972739
0.34747478,1.0,0.5715401
0.4082641,1.0,0.6243355
0.3194277,1.0,0.5982107
0.4336409,1.0,0.07435182
0.71971226,0.0,0.2133536
0.6808793,0.0,0.44808426
0.4819713,1.0,0.3727382
0.87979233,0.0,0.0
0.7224851,0.0,0.24687295
0.6936593,0.0,0.5591889
0.77310675,0.0,0.07735668
0.8437449,0.0,0.0
0.8637558,0.0,0.59794766
0.6778908,0.0,0.28055248
0.9254952,0.0,0.0
0.80978954,0.0,0.2872222
0.9111191,0.0,0.4679574
0.5750602,0.0,0.10714244
0.7257863,0.0,0.37872192
0.8892596,0.0,0.042498253
0.89519805,0.0,0.16995709
0.9453594,0.0,0.0
0.89143944,0.0,0.014922568
0.93258834,0.0,0.0
0.90007573,0.0,0.0
0.8266546,0.0,0.019097283
0.88418585,0.0,0.0
0.9263275,0.0,0.34926388
0.6313027,0.0,0.55637413
0.80644774,0.0,0.18742123
0.61423534,0.0,0.39139867
0.58022565,0.0,0.3644178
0.777217,0.0,0.42461756
0.75182503,0.0,0.054083705
0.7744911,0.0,0.0
0.78677547,0.0,0.1960692
0.84606546,0.0,0.45334256
0.77515054,0.0,0.00073206215
0.7789056,0.0,0.016948996
0.6600523,0.0,0.29617047
0.8720105,0.0,0.29144374
0.79533195,0.0,0.59201294
0.70912856,0.0,0.6314837
0.95952404,0.0,0.17270817
0.95144975,0.0,0.103556946
0.8765451,0.0,0.1447636
0.81139773,0.0,0.2312949
0.926535,0.0,0.17546685
0.6155158,0.0,0.5021547
0.7855421,0.0,0.44702828
0.81571305,0.0,0.6785138
0.8633168,0.0,0.59620714
0.8350429,0.0,0.3709575
0.5972753,0.0,0.026538463
0.667325,0.0,0.118180215
0.60880804,0.0,0.55671483
0.6232213,0.0,0.1984208
0.8102147,0.0,0.0
0.9186747,0.0,0.1347187
0.8533986,0.0,0.40927833
0.4224943,0.0,0.20947234
0.6714183,0.0,0.004799722
0.85168964,0.0,0.40001515
0.6294058,0.0,0.705785
0.58860207,0.0,0.20733634
0.7116849,0.0,0.20218351
0.9489691,0.0,0.52515644
0.67811584,1.0,0.20600334
0.7312289,1.0,0.22684492
0.44814482,0.0,0.0046967333
0.505563,1.0,0.12633601
0.6529052,0.0,0.010001079
0.61624634,0.0,0.09706325
0.46278045,0.0,0.019472789
0.51793164,0.0,0.25570217
0.39361152,0.0,0.3197104
0.5197129,0.0,0.55716777
0.45203868,0.0,0.40545925
0.37586838,0.0,0.0
0.53817767,0.0,0.26541898
0.6147816,0.0,0.036157694
0.64530784,0.0,0.0014402554
0.5087259,0.0,0.057071984
0.5456611,0.0,0.39476785
0.6148918,0.0,0.014297508
0.6595629,0.0,0.007150926
0.46917254,0.0,0.2647792
0.53991,0.0,0.15333258
0.6988628,0.0,0.4742519
0.5401876,0.0,0.20941183
0.550164,0.0,0.60725605
0.5632144,1.0,0.6786499
0.60253716,1.0,0.6126836
0.43966925,1.0,0.34797502
0.57737494,1.0,0.3849994
0.53241503,1.0,0.096887805
0.63891023,1.0,0.49259683
0.6529249,0.0,0.13632976
0.56450486,0.0,0.5860283
0.64602774,0.0,0.63369584
0.58429754,0.0,0.088031776
0.5894069,1.0,0.36703795
0.69466513,0.0,0.0
0.3591074,1.0,0.2563769
0.757629,0.0,0.025075046
0.49830005,1.0,0.33838817
0.5313495,1.0,0.07545581
0.7741828,1.0,0.4866696
0.56590587,1.0,0.29263496
0.4712408,1.0,0.30930066
0.5095661,0.0,0.42383108
0.6293867,0.0,0.43414015
0.69538546,0.0,0.53214025
0.6581931,0.0,0.32867685
0.7671429,0.0,0.0
0.7360076,1.0,0.09840183
0.6029353,0.0,0.003464071
0.51662225,1.0,0.047147885
0.5934802,0.0,0.0015268996
0.58225805,1.0,0.33273736
0.5823513,1.0,0.06903557
0.75067353,1.0,0.3679026
0.80761135,1.0,0.46220836
0.6613201,1.0,0.81886023
0.71468127,0.0,0.4935987
0.64223444,0.0,0.14943781
0.55536175,0.0,0.0065135914
0.7088986,0.0,0.024717983
0.6631175,0.0,0.4327896
0.49485508,0.0,0.0
0.72891176,0.0,0.0
0.7604621,0.0,0.28730348
0.624597,1.0,0.45557883
0.6889695,0.0,0.043583278
0.51443225,0.0,0.0022116473
0.50697994,0.0,0.30327123
0.7046,0.0,0.40562347
0.55741334,0.0,0.026245447
0.3990218,0.0,0.067363776
0.5887326,0.0,0.4555234
0.4969539,0.0,0.14236754
0.6365338,0.0,0.5758921
0.83573097,0.0,0.035566825
0.6499701,0.0,0.8046292
0.7194776,0.0,0.40750715
0.6015444,0.0,0.25407836
0.7402161,0.0,0.5434158
0.67613685,0.0,0.40732965
0.57761705,0.0,0.12934774
0.5499947,0.0,0.05755203
0.6425535,0.0,0.4756495
0.6445397,0.0,0.46053725
0.5913857,0.0,0.5310018
0.63356036,0.0,0.019462312
0.80397725,0.0,0.3504909
0.7571021,0.0,0.031118855
0.6580727,0.0,0.34774098
0.6522431,0.0,0.03913985
0.6314954,1.0,0.3389697
0.74290854,0.0,0.0042305784
0.44068536,1.0,0.26335797
0.6438232,1.0,0.34393448
0.41478363,0.0,0.0
0.541363,0.0,0.24500135
0.55542874,0.0,0.012146227
0.49764615,0.0,0.77860343
0.41906783,0.0,0.4960608
0.6262623,0.0,0.14108965
0.55703646,0.0,0.29689148
0.4924145,0.0,0.509071
0.47292638,0.0,0.087948635
0.8105277,0.0,0.0
0.3934895,0.0,0.19986323
0.6196225,0.0,0.43075415
0.4715136,0.0,0.0
0.78188324,0.0,0.0
0.72733766,0.0,0.40280977
0.49954015,0.0,0.3928231
0.62072796,0.0,0.14547835
0.5942794,0.0,0.5639647
0.9078885,0.0,0.03530915
0.7391474,0.0,0.63881946
0.79755473,0.0,0.092669815
0.6400714,0.0,0.38634402
0.7812608,0.0,0.098742425
0.42551658,0.0,0.45673358
0.50112104,0.0,0.40236732
0.38820827,1.0,0.48158938
0.5775725,1.0,0.51630384
0.5072617,1.0,0.3786694
0.5401039,0.0,0.040588424
0.78652394,0.0,0.07620005
0.72470653,0.0,0.0
0.7662394,0.0,0.24335413
0.69694376,0.0,0.019147312
0.70595926,0.0,0.38465253
0.6142817,0.0,0.13217053
0.53410167,0.0,0.43565145
0.77101755,0.0,0.09793091
0.66279685,0.0,0.27704418
0.7795686,0.0,0.04839967
0.65413034,0.0,0.1796443
0.6299291,0.0,0.10155157
0.77923125,0.0,0.012307917
0.67084324,0.0,0.0001373348
0.795058,0.0,0.0595771
0.5797433,0.0,0.028696422
0.8680531,0.0,0.0011150278
0.5732646,0.0,0.069972716
0.7196036,0.0,0.083382465
0.5282312,0.0,0.0
0.7657109,0.0,0.0027807988
0.6183422,0.0,0.29500738
0.7664549,0.0,0.2795008
0.7113196,0.0,0.027052393
0.75249356,0.0,0.5343169
0.7207923,0.0,0.7892976
0.8050105,0.0,0.4867813
0.69388545,0.0,0.49459863
0.6772599,0.0,0.12416414
0.66588,0.0,0.66799796
0.6153254,0.0,0.47029015
0.53810215,0.0,0.12897865
0.5553782,0.0,0.043263517
0.5465416,0.0,0.55879027
0.61328375,0.0,0.68702745
0.6463884,0.0,0.06769889
0.56358063,0.0,0.12531821
0.78225446,0.0,0.612211
0.6860586,0.0,0.6121245
0.5996689,0.0,0.028048044
0.6836565,0.0,0.6600711
0.64800304,0.0,0.13182828
0.60566545,0.0,0.2921755
0.7996557,0.0,0.5885557
0.7581332,0.0,0.45675558
0.6980969,0.0,0.07707355
0.5787611,0.0,0.53483635
0.7591193,0.0,0.83666325
0.5748466,0.0,0.8646567
0.69456613,0.0,0.44173732
0.83433115,0.0,0.15872003
0.8492868,0.0,0.4746076
0.7495816,0.0,0.4941589
0.830305,0.0,0.21596538
0.8579915,0.0,0.4777399
0.8082054,0.0,0.6949876
0.7613639,0.0,0.646188
0.72503114,0.0,0.3411824
0.7817388,0.0,0.18929589
0.8083622,0.0,0.532953
0.68663645,0.0,0.28569055
0.7844975,1.0,0.29458526
0.7048314,1.0,0.71377
0.7216749,1.0,0.77096176
0.8125529,1.0,0.22003724
0.75356746,1.0,0.57554305
0.7431723,1.0,0.47789863
0.78544825,1.0,0.22789827
0.7499063,1.0,0.39002192
0.9157647,1.0,0.45983705
0.8053244,1.0,0.48468813
0.64024216,1.0,0.52995396
0.7017568,1.0,0.6223953
0.764636,1.0,0.70238405
0.84614766,0.0,0.21234141
0.911527,0.0,0.26664716
0.7381491,1.0,0.11216857
0.6957045,1.0,0.22532879
0.8045586,0.0,0.18201339
0.65725523,1.0,0.07453751
0.7661449,0.0,0.34507468
0.67766935,0.0,0.64441305
0.7552897,0.0,0.09643093
0.7241147,0.0,0.16914599
0.8437882,1.0,0.028973931
0.539407,0.0,0.041317824
0.78225756,0.0,0.2161112
0.80531424,0.0,0.11097213
0.6461787,0.0,0.48777178
0.6253788,0.0,0.7123038
0.7016816,0.0,0.34879503
0.7974881,1.0,0.60294425
0.80950195,1.0,0.46753046
0.61099166,1.0,0.38660514
0.7743883,1.0,0.32255265
0.69899136,1.0,0.31939536
0.4723839,1.0,0.3924925
0.6531779,1.0,0.4732734
0.72498095,1.0,0.439603
0.7276022,1.0,0.34931636
0.7858361,0.0,0.59625983
0.77557224,1.0,0.48687038
0.760461,1.0,0.3587127
0.8509732,0.0,0.3261316
0.8465419,1.0,0.4620157
0.77457625,0.0,0.4436723
0.7912088,0.0,0.8126625
0.9306378,0.0,0.16028383
0.94300497,0.0,0.3210754
0.967426,0.0,0.00022235334
0.6201295,0.0,0.19211408
0.9566291,0.0,0.0017892272
0.7604897,0.0,0.35578656
0.7242784,0.0,0.37368354
0.9842583,0.0,0.0
0.87175244,0.0,0.09225969
0.85757864,0.0,0.06018789
0.8441645,0.0,0.1632073
0.91531765,0.0,0.27488643
0.7002152,0.0,0.49755153
0.5206754,0.0,0.5700326
0.48857102,0.0,0.7077677
0.6324826,0.0,0.3404362
0.51422036,0.0,0.86775494
0.9150302,0.0,0.61555463
0.46764806,0.0,0.37942922
0.6185317,0.0,0.47627258
0.48049077,0.0,0.46049467
0.73910725,0.0,0.045659576
0.95229214,0.0,6.881211e-05
0.8526985,0.0,0.19750686
0.6161344,0.0,0.4594297
0.9623177,0.0,0.0060296245
0.81008965,0.0,0.34519902
0.8141507,0.0,0.021048574
0.6906684,0.0,0.28319415
0.9419521,0.0,0.00045970306
0.83755594,0.0,0.36186442
0.634647,0.0,0.60754293
0.84376323,0.0,0.22561893
0.8736031,0.0,0.17203802
0.8752137,0.0,0.00078136654
0.98569775,0.0,0.0
0.861808,0.0,0.0
0.9426758,0.0,0.0
0.5884015,0.0,0.010244152
0.87168884,0.0,0.098727114
0.89314663,1.0,0.4289578
0.6805074,1.0,0.7294594
0.76164424,0.0,0.41555735
0.93767065,0.0,0.013948122
0.95179003,0.0,0.093311384
0.9224014,0.0,0.06915912
0.6219073,0.0,0.23369661
0.88817054,0.0,0.08934549
0.9654831,0.0,0.00029485216
0.9815314,0.0,0.0
0.8221302,0.0,0.23215407
0.9244932,0.0,0.0154348165
0.80203426,0.0,0.0
0.75394034,0.0,0.0
0.63919866,0.0,0.12888849
0.7352488,0.0,0.46694344
0.54649174,0.0,0.1957744
0.42575058,0.0,0.63826907
0.67916876,0.0,0.19340123
0.6884393,0.0,0.29931113
0.6095519,0.0,0.3196015
0.6490029,0.0,0.26887423
0.7291492,0.0,0.24321315
0.871831,0.0,0.0689565
0.7002491,0.0,0.18486942
0.60229874,0.0,0.023595357
0.93762684,0.0,0.45669627
0.66259754,0.0,0.40371737
0.71339625,0.0,0.43652692
0.81335914,0.0,0.6435932
0.5066766,0.0,0.32266584
0.43579358,0.0,0.4959078
0.7363097,0.0,0.21530291
0.44088632,0.0,0.62348646
0.6284452,0.0,0.36166772
0.8476353,0.0,0.02373506
0.72665465,0.0,0.2677897
0.59902155,0.0,0.39852887
0.7033688,0.0,0.19725743
0.65484196,0.0,0.0020810696
0.7598129,0.0,0.021122908
0.7063945,0.0,0.08952482
0.864935,0.0,0.016372463
0.64245856,0.0,0.3334406
0.76128525,0.0,0.38012034
0.7592124,1.0,0.33364606
0.72127324,0.0,0.049938142
0.8084231,0.0,0.095794156
0.5403412,0.0,0.54095435
0.747872,0.0,0.52034575
0.76978576,0.0,0.19581601
0.8003874,0.0,0.54026365
0.60434633,0.0,0.12167484
0.47191378,1.0,0.6596174
0.4947461,1.0,0.38495988
0.97558933,0.0,0.00021461386
0.7478907,0.0,0.15922678
0.52833277,0.0,0.32135805
0.7182086,0.0,0.06885279
0.8423049,0.0,0.0
0.6665684,0.0,0.07318666
0.5599432,0.0,0.5537779
0.4934873,0.0,0.21463421
0.87830174,0.0,0.00024199404
0.48065332,0.0,0.33499604
0.67245615,0.0,0.6049328
0.6801288,0.0,0.24409789
0.80006903,0.0,0.16464278
0.58127844,0.0,0.5170529
0.49338508,0.0,0.7263181
0.53400725,0.0,0.48267052
0.5095091,0.0,0.44636056
0.79250973,0.0,0.16668041
0.6230709,0.0,0.36892143
0.7586198,0.0,0.42364952
0.81757855,0.0,0.097317725
0.8296484,0.0,0.0
0.73539525,0.0,0.38084617
0.46123224,0.0,0.5522761
0.79236484,0.0,0.03986427
0.9896634,0.0,0.0006590103
0.69373435,0.0,0.31916276
0.49363232,0.0,0.15173109
0.7926172,0.0,0.009320033
0.45314753,0.0,0.5122715
0.91038,0.0,0.0039121886
0.59011686,0.0,0.36234042
0.91282195,0.0,0.09132456
0.6623679,0.0,0.51056856
0.73576266,0.0,0.4161799
0.9616905,0.0,0.11162926
0.50018424,0.0,0.25703716
0.6210862,1.0,0.45147356
0.7636405,1.0,0.3626475
0.643529,1.0,0.4192591
0.7243195,0.0,0.0061901542
0.626845,1.0,0.67721593
0.5081909,1.0,0.63347775
0.7257788,0.0,0.050362613
0.8342379,0.0,0.38955146
0.8633626,0.0,0.38496006
0.9172254,0.0,0.10905398
0.90417117,0.0,0.17775546
0.85135764,0.0,0.23819427
0.59376925,0.0,0.008361268
0.76761955,0.0,0.07179631
0.893125,0.0,0.0007933204
0.7169137,0.0,0.027944569
0.82182235,0.0,0.0062976694
0.88756186,0.0,0.0004650013
0.6286537,0.0,0.13704385
0.55430955,0.0,0.15797244
0.8001414,0.0,0.03182186
0.8044655,0.0,0.010774108
0.6614761,0.0,0.09598554
0.50398725,0.0,0.44686103
0.927082,0.0,0.0076422975
0.6527871,0.0,0.27188843
0.9421753,0.0,0.0014801179
0.9284152,0.0,0.0
0.9288955,0.0,0.0
0.9430782,0.0,0.0046707764
0.674158,0.0,0.06823573
0.6394184,0.0,0.0737369
0.555611,0.0,0.038098235
0.86897236,0.0,0.08965242
0.6352833,1.0,0.28892908
0.7501215,1.0,0.68452406
0.8456603,1.0,0.08356031
0.801892,1.0,0.51936114
0.5236619,1.0,0.7614347
0.665425,0.0,0.552229
0.9018394,0.0,0.011011422
0.40206957,1.0,0.32984826
0.6727948,0.0,0.4832439
0.5999937,0.0,0.23478916
0.7255837,0.0,0.0036611487
0.8804917,0.0,0.11183112
0.63381535,0.0,0.55263203
0.6637846,0.0,0.010129444
0.8655219,0.0,0.0034935488
0.5678233,0.0,0.27113193
0.42861757,0.0,0.22669594
0.6739471,0.0,0.013746891
0.6520272,0.0,0.21811166
0.52452946,0.0,0.7032404
0.65888774,0.0,0.5414986
0.56771034,0.0,0.3692209
0.63375175,0.0,0.19925009
0.96377665,0.0,0.013495129
0.88002014,0.0,0.0
0.822249,0.0,0.0
0.72138375,0.0,0.00061849004
0.45892012,0.0,0.007047006
0.6051059,0.0,0.015614807
0.72528434,1.0,0.47445965
0.777213,0.0,0.29546347
0.74378777,0.0,0.09141068
0.5565575,1.0,0.17680967
0.54336625,0.0,0.38243416
0.6963082,0.0,0.0064538396
0.51669216,0.0,0.0005955084
0.6358787,0.0,0.25783497
0.7427585,0.0,0.19242796
0.97032744,0.0,0.0121545745
0.70858586,0.0,0.3689184
0.85105675,0.0,0.105147816
0.9516538,0.0,0.0
0.9337195,0.0,0.0
0.95983845,0.0,0.035455
0.9602617,0.0,0.0
0.67950976,0.0,0.23958272
0.73450357,0.0,0.6891543
0.9359536,0.0,0.012941528
0.57965195,0.0,0.4183839
0.53914434,0.0,0.31207892
0.7533721,0.0,0.47975335
0.95282763,0.0,0.11860733
0.6297127,0.0,0.28696463
0.87101555,0.0,0.088207036
0.6090837,0.0,0.3519446
0.7664886,0.0,0.21267603
0.44165602,0.0,0.3293285
0.5577784,0.0,0.3606421
0.95338947,0.0,0.0123317465
0.5991035,0.0,5.1130995e-05
0.50863147,0.0,0.35529825
0.40424705,0.0,0.6144734
0.73221457,0.0,0.18131907
0.7118424,0.0,0.3896484
0.66733223,1.0,0.2528794
0.6368003,1.0,0.6685545
0.6894206,1.0,0.7261793
0.6300414,1.0,0.06692695
0.73153955,1.0,0.3368863
0.7876324,1.0,0.5776575
0.7806233,1.0,0.28824228
0.85209674,0.0,0.028703418
0.8744833,1.0,0.27282873
0.94837475,1.0,0.19941111
0.8897918,0.0,0.01588393
0.8888402,0.0,0.225888
0.86020553,1.0,0.48814884
0.86591405,0.0,0.069275215
0.8033428,0.0,0.07131133
0.83170694,0.0,0.36727974
0.6921095,0.0,0.5130713
0.66143066,0.0,0.37170523
0.9146083,0.0,0.20341587
0.6473876,0.0,0.39103955
0.71075577,0.0,0.0021563363
0.5601992,0.0,0.05982392
0.8927473,0.0,0.63409215
0.86247885,0.0,0.17373359
0.8699454,0.0,0.38138926
0.87204665,1.0,0.55888534
0.7777755,1.0,0.55445623
0.8459312,0.0,0.33932614
0.968315,1.0,0.05505165
0.874115,1.0,0.59857875
0.79853046,1.0,0.52586377
0.92195314,0.0,0.4839517
0.9622221,1.0,0.0882842
0.84359473,1.0,0.6531002
0.8765299,1.0,0.6966981
0.87376034,0.0,0.89954144
0.8638301,0.0,0.51006746
0.88812876,0.0,0.35174882
0.50889236,0.0,0.18698733
0.7983444,0.0,0.19780675
0.57646966,0.0,0.05328137
0.5574568,0.0,0.38898286
0.5487271,0.0,0.44440228
0.49043706,0.0,0.1045941
0.4054732,0.0,0.45289108
0.5253455,0.0,0.0939498
0.5200386,0.0,0.110462405
0.54838526,0.0,0.65848756
0.5458268,0.0,0.5633915
0.5593892,0.0,0.20326638
0.6517171,0.0,0.3304316
0.82295513,0.0,0.06835405
0.9019971,0.0,0.110029265
0.85336274,0.0,0.010901788
0.9203632,0.0,0.0
0.58117574,0.0,0.07120828
0.9860551,0.0,0.070293896
0.6769477,0.0,0.38300294
0.96667796,0.0,0.18092038
0.7536198,0.0,0.43481937
0.7337427,0.0,0.70759916
0.5947263,0.0,0.1289998
0.5327841,1.0,0.2969795
0.8634265,0.0,0.1557325
0.577031,0.0,0.124935836
0.9780622,0.0,0.020614296
0.8978096,0.0,0.0007554017
0.98704576,0.0,0.0062206513
0.90812963,0.0,0.026398815
0.9088659,0.0,0.03816754
0.9017846,0.0,0.01596119
0.64399225,0.0,0.17582181
0.8425725,0.0,0.018346386
0.45691875,0.0,0.34368116
0.91084856,0.0,0.50405794
0.79177684,0.0,0.33427423
0.7715069,0.0,0.17706203
0.8310419,0.0,0.349013
0.6187216,0.0,0.28966874
0.8331651,0.0,0.039309304
0.92092216,0.0,0.051688343
0.9826341,0.0,0.004111069
0.97879744,0.0,0.04671131
0.9917012,0.0,0.0089992145
0.7821698,0.0,0.0078034136
0.8704577,0.0,0.0067766435
0.7412892,0.0,0.052718613
0.6851894,0.0,0.033199195
0.6596037,1.0,0.33262473
0.7319644,0.0,0.005874748
0.6904235,0.0,0.0
0.7519361,1.0,0.16907276
0.6463535,0.0,0.0009232939
0.9017887,0.0,0.0022074385
0.74248636,0.0,0.0073453668
0.63422835,0.0,0.16195224
0.7243454,0.0,0.0
0.9080752,0.0,0.011140446
0.8625621,0.0,0.019001953
0.6658938,0.0,0.09166021
0.65743977,0.0,0.047735427
0.89491117,0.0,0.023429606
0.7777306,0.0,0.02120007
0.8669117,0.0,0.042585038
0.8914488,0.0,0.019591438
0.5893634,0.0,0.21142945
0.8641931,0.0,0.068437845
0.896651,0.0,0.06420373
0.510268,0.0,0.79300845
0.74024767,0.0,0.44814107
0.789153,0.0,0.24137147
0.6955312,0.0,0.48414385
0.75035197,0.0,0.2398291
0.6435468,0.0,0.40254366
0.7205108,0.0,0.55490255
0.70393705,0.0,0.14381729
0.8278316,0.0,0.6732388
0.8567194,0.0,0.29046506
0.7873374,0.0,0.008086688
0.9150922,0.0,0.04296073
0.9637442,0.0,0.010095772
0.84782493,0.0,0.20402086
0.89007753,0.0,0.2681704
0.9915816,0.0,0.0072633172
0.7708899,0.0,0.0039429995
0.9731357,0.0,0.04877083
0.9474815,0.0,0.0014873766
0.673517,0.0,0.019424397
0.9521392,0.0,0.0
0.8274662,0.0,0.0
0.5884811,0.0,0.0104564885
0.959428,0.0,0.0073381457
0.9870085,0.0,0.00971208
0.7958409,0.0,0.299597
0.8864869,0.0,0.00035477598
0.8523666,0.0,0.106123984
0.7956505,0.0,0.021718426
0.80827236,0.0,0.015466524
0.54110086,0.0,0.23752995
0.8121114,0.0,0.13127181
0.5085428,1.0,0.6721433
0.4687075,1.0,0.60410553
0.6059466,1.0,0.40971282
0.6508527,1.0,0.45546874
0.7753072,0.0,0.07415257
0.48092493,1.0,0.2933507
0.6543745,0.0,0.24723504
0.63011134,0.0,0.0
0.49693,0.0,0.43305743
0.41263622,0.0,0.28006712
0.66635936,0.0,0.008905997
0.6079513,0.0,0.0037031593
0.4823179,0.0,0.46223724
0.94628495,0.0,0.08031081
0.9418851,0.0,0.0658128
0.82348746,0.0,0.03584003
0.7527535,0.0,0.3430285
0.903159,0.0,0.0034094802
0.868015,0.0,0.036460623
0.7499623,0.0,0.2329828
0.6149446,0.0,0.24639186
0.8297434,0.0,0.004727354
0.96914476,0.0,0.010003578
0.6897546,0.0,0.36948758
0.5418647,0.0,0.53125226
0.94877654,0.0,0.17846948
0.8625262,0.0,0.3757144
0.729251,0.0,0.3937122
0.9616164,0.0,0.042871546
0.9526555,0.0,0.26954666
0.57753974,0.0,0.5968984
0.86313224,0.0,0.6409704
0.6714582,0.0,0.6245138
0.54720145,0.0,0.03746572
0.88967335,0.0,0.28026918
0.92906255,0.0,0.0109887365
0.9749253,0.0,0.0033425852
0.8684446,0.0,0.055083286
0.85806465,0.0,0.015019025
0.83919334,0.0,0.0
0.7424089,0.0,0.041133914
0.541815,1.0,0.11049552
0.8284015,1.0,0.027233586
0.9018633,0.0,0.0
0.70316225,0.0,0.0
0.29812434,0.0,0.0
0.6831987,0.0,0.0
0.9502552,0.0,0.006805758
0.8878409,0.0,0.013287476
0.8669993,0.0,0.09894674
0.8588065,0.0,0.023886772
0.7869528,0.0,0.0030523334
0.8511714,0.0,0.2449758
0.6713922,0.0,0.1539204
0.85362494,0.0,0.047577236
0.75200325,0.0,0.15045981
0.67127055,0.0,0.5304834
0.6276759,0.0,0.23085125
0.6998077,0.0,0.78732854
0.60388184,0.0,0.6618022
0.74686587,0.0,0.25543228
0.8617349,0.0,0.30241647
0.9756207,0.0,0.030939927
0.7293752,0.0,0.53765726
0.9704971,0.0,0.09708491
0.84076506,0.0,0.20496619
0.9136813,0.0,0.0
0.9165167,0.0,0.011323904
0.8866375,0.0,0.025746042
0.759939,0.0,0.01006381
0.81261355,0.0,0.01733486
0.8427074,0.0,0.004074127
0.88506025,0.0,0.0
0.78727025,1.0,0.0636363
0.9531993,0.0,0.00067667075
0.7829764,0.0,0.031322043
0.6916846,0.0,0.0
0.7390151,0.0,0.20000884
0.6716764,0.0,0.17966333
0.78607506,0.0,0.03048284
0.8088291,0.0,0.008891748
0.75597167,0.0,0.2259672
0.6392142,0.0,0.25114188
0.51250046,1.0,0.024052246
0.92897564,0.0,0.091966026
0.6185701,0.0,0.15346473
0.75652945,0.0,0.02377889
0.9208812,0.0,0.0025056237
0.9435029,0.0,0.14460595
0.5293046,0.0,0.3327524
0.48814684,0.0,0.4843497
0.57029426,0.0,0.08205635
0.5860333,0.0,0.5275429
0.6993745,0.0,0.25088382
0.6683021,0.0,0.6105872
0.9113416,0.0,0.41868174
0.8635809,0.0,0.14696962
0.7600466,0.0,0.02391394
0.49868703,0.0,0.5233065
0.88544244,0.0,0.54150856
0.47999513,0.0,0.68186533
0.4787115,0.0,0.17304145
0.9735309,0.0,0.05080322
0.6836718,0.0,0.40873173
0.713027,0.0,0.40640798
0.967581,0.0,0.0015965106
0.37665787,0.0,0.5114618
0.41085526,0.0,0.58522165
0.66766614,0.0,0.12544721
0.66604716,0.0,0.14094822
0.8464054,0.0,0.72336924
0.47661594,1.0,0.58040905
0.97823,0.0,0.00029652184
0.6087234,0.0,0.13741297
0.6148586,0.0,0.37680572
0.6360144,1.0,0.12759727
0.84275705,0.0,0.0
0.52200454,0.0,0.4044606
0.8113786,0.0,0.27767754
0.9582812,0.0,0.0
0.59730893,0.0,0.089608304
0.7125882,0.0,0.62221164
0.64184046,0.0,0.41176602
0.43544596,0.0,0.43154258
0.5102351,0.0,0.26268172
0.4037634,1.0,0.39534304
0.34827715,1.0,0.7483451
0.65899837,0.0,0.09247582
0.9724224,0.0,0.0
0.5756166,1.0,0.1184076
0.43738168,1.0,0.3435035
0.88655835,0.0,0.0
0.55000144,1.0,0.00786387
0.44933134,1.0,0.47145352
0.83201283,1.0,0.28865656
0.97850364,0.0,0.0
0.6176796,1.0,0.14665218
0.41206872,1.0,0.4641312
0.6431429,0.0,0.13165565
0.71421987,0.0,0.003218778
0.6356933,1.0,0.13619328
0.6465263,1.0,0.24721229
0.97924054,0.0,0.09052806
0.9065241,0.0,0.0
0.49454215,1.0,0.46834528
0.59157354,1.0,0.70391333
0.8921202,0.0,0.3246824
0.37209752,0.0,0.09214066
0.9599737,0.0,0.27651572
0.8775749,0.0,0.002626126
0.9308435,1.0,0.11503274
0.81767005,1.0,0.23034246
0.8526023,0.0,0.0
0.925311,0.0,0.030386629
0.66336787,0.0,0.33409888
0.8087603,0.0,0.35107827
0.8446361,0.0,0.5713615
0.9316084,1.0,0.114048935
0.49110755,0.0,0.62710667
0.48673227,0.0,0.7231788
0.4963199,0.0,0.8015168
0.64132804,1.0,0.6633167
0.6842022,1.0,0.4503372
0.9484604,1.0,0.21788995
0.7277193,0.0,0.051880915
0.5012696,0.0,0.56102777
0.76647854,0.0,0.3644333
0.5470702,0.0,0.18339813
0.69807404,0.0,0.41323167
0.60418296,0.0,0.16910744
0.7358482,0.0,0.023139805
0.6710964,0.0,0.12896211
0.7133463,0.0,0.3179666
0.7476157,0.0,0.0030480009
0.96886295,0.0,0.052665133
0.95635545,0.0,0.23090133
0.58125377,0.0,0.13656452
0.5199735,0.0,0.58940977
0.49790886,0.0,0.39206144
0.92448103,0.0,0.027025606
0.95426893,0.0,0.14932784
0.81274366,0.0,0.48666143
0.5483375,0.0,0.092983484
0.9723017,0.0,0.04479897
0.5277877,0.0,0.34936592
0.93381506,0.0,0.13439731
0.46905413,0.0,0.34785742
0.57264113,0.0,0.18515363
0.6140305,0.0,0.7065274
0.6062353,0.0,0.5840585
0.48243484,0.0,0.0043254914
0.31982645,1.0,0.4647102
0.39902472,0.0,0.24196579
0.86841327,0.0,0.33706757
0.4323803,1.0,0.18431728
0.5269978,1.0,0.6905966
0.55389845,1.0,0.33157593
0.97475386,0.0,0.03303987
0.8470068,1.0,0.26727888
0.59805936,1.0,0.38213548
0.74645245,1.0,0.18305275
0.8888594,0.0,0.0
0.5736481,1.0,0.20359093
0.60197353,1.0,0.47587222
0.7386147,1.0,0.21600796
0.79398763,0.0,0.002879122
0.672796,0.0,5.0261347e-06
0.84629744,1.0,0.1420552
0.8908531,0.0,0.0
0.6356156,0.0,0.12607543
0.85728383,0.0,0.09061199
0.60132354,0.0,0.0942267
0.5952145,0.0,0.17254882
0.4388832,0.0,0.48069465
0.5812107,0.0,0.101288006
0.90902674,0.0,0.0061694924
0.43199247,0.0,0.16728663
0.41662294,0.0,0.44398275
0.82739556,0.0,0.016671324
0.86696416,0.0,0.0
0.82696456,0.0,0.35699007
0.7062835,0.0,0.49722466
0.67032486,0.0,0.4554999
0.940762,0.0,0.050822917
0.7913902,0.0,0.10851677
0.96162295,0.0,0.012569681
0.98809475,0.0,0.0
0.75653404,0.0,0.0013686321
0.91473174,0.0,0.010095222
0.72252166,0.0,0.0
0.7306644,0.0,0.0
0.6816563,0.0,0.026305227
0.6790497,0.0,0.04735362
0.45558232,0.0,0.0
0.8266671,0.0,0.00257616
0.37429392,1.0,0.27226612
0.87596273,1.0,0.035717495
0.7856175,0.0,0.024279881
0.8359172,0.0,0.07769328
0.48994848,0.0,0.07531905
0.7303574,0.0,0.017464848
0.86071193,0.0,0.0018354306
0.5364542,0.0,0.31776017
0.6916691,0.0,0.11466902
0.7652781,0.0,0.008683709
0.83336246,0.0,0.014424909
0.88710475,0.0,0.23481801
0.27814865,0.0,0.5813236
0.8513774,0.0,0.042731725
0.56649345,0.0,0.4859496
0.7411302,0.0,0.040546294
0.63946486,0.0,0.3716795
0.6454941,0.0,0.24629572
0.80317724,0.0,0.36722073
0.7784941,0.0,0.30371416
0.7839174,0.0,0.33001283
0.92511725,0.0,0.016071275
0.8276497,0.0,0.49617466
0.62124676,0.0,0.59180325
0.6487194,0.0,0.14500663
0.64987236,0.0,0.3653416
0.5189368,0.0,0.52815914
0.51392776,0.0,0.6400009
0.58969706,0.0,0.5296003
0.7946586,0.0,0.03542396
0.5169282,0.0,0.44256383
0.78750974,0.0,0.0018303286
0.49457213,0.0,0.41027084
0.4046645,0.0,0.47988972
0.4736166,0.0,0.31874797
0.5723458,0.0,0.6088521
0.52977914,0.0,0.5424078
0.8378119,0.0,0.46297312
0.88758874,0.0,0.014998105
0.9512192,0.0,0.0
0.5305047,0.0,0.22879581
0.80651945,0.0,0.03343606
0.77787465,0.0,0.07384787
0.59048957,0.0,0.20639338
0.87416244,0.0,0.19446446
0.80846196,0.0,0.495236
0.79037285,0.0,0.11513508
0.9169128,0.0,0.00012969278
0.62069404,0.0,0.0
0.8190937,0.0,0.027677635
0.9453334,0.0,0.0
0.82675284,0.0,0.14509933
0.95606184,0.0,0.011071173
0.7373881,0.0,0.22115114
0.7440363,0.0,0.4299913
0.62072074,0.0,0.0
0.6638399,0.0,0.00022694569
0.5959107,0.0,0.03598961
0.5831368,0.0,0.11675811
0.8343262,0.0,0.010375379
0.75554496,0.0,0.014716669
0.42987028,0.0,0.26247552
0.4280623,0.0,0.16479596
0.9336966,0.0,0.18913598
0.83788836,0.0,0.17998488
0.64292437,0.0,0.25917092
0.42870957,0.0,0.11479435
0.8408266,0.0,0.0084026875
0.85011464,0.0,0.0659221
0.49429178,0.0,0.010261849
0.94476795,0.0,0.0019523005
0.9767512,0.0,0.018215751
0.66388786,0.0,0.14056718
0.8083081,0.0,0.20738633
0.55210644,0.0,0.0
0.72469324,0.0,0.027495094
0.50822234,0.0,0.3678831
0.5408745,0.0,0.50158113
0.4069217,0.0,0.4536179
0.52785915,0.0,0.21131207
0.5617138,0.0,0.3365589
0.5420982,0.0,0.19469441
0.49808288,0.0,0.62833786
0.4999174,0.0,0.55405015
0.64478135,0.0,0.0593567
0.49921197,0.0,0.6366219
0.74942636,0.0,0.2313734
0.51621294,0.0,0.42655227
0.54493594,0.0,0.6416179
0.49530873,0.0,0.5671232
0.48241708,0.0,0.09774573
0.6705791,0.0,0.34526017
0.838664,0.0,0.23192722
0.47141948,0.0,0.32660675
0.48591077,0.0,0.7003538
0.47037312,0.0,0.29125872
0.48818126,0.0,0.7545751
0.4827431,0.0,0.29554665
0.60379714,0.0,0.0020252557
0.6956299,0.0,0.07591198
0.5526053,0.0,0.35054496
0.31421146,0.0,0.18334855
0.7677548,0.0,0.0
0.4512169,0.0,0.18923485
0.6311154,0.0,0.45935816
0.5454619,0.0,0.34435531
0.6103034,0.0,0.13813925
0.3510324,0.0,0.5870893
0.36512488,0.0,0.6426582
0.30448928,0.0,0.34868065
0.69648516,0.0,0.16040553
0.5906901,0.0,0.08267473
0.47356698,0.0,0.25216022
0.5013633,0.0,0.12139657
0.8822491,0.0,0.0
0.5305931,0.0,0.06481107
0.45444793,0.0,0.046598125
0.81382906,0.0,0.014283818
0.90004176,0.0,0.0
0.4111063,0.0,0.012992589
0.39981925,0.0,0.0
0.6897169,0.0,0.0070001744
0.8067208,0.0,0.010702265
0.28461945,0.0,0.24693255
0.41670814,0.0,0.4767704
0.48215732,0.0,0.31606397
0.47076127,0.0,0.42228028
0.45022067,0.0,0.66276973
0.4442012,0.0,0.21292292
0.78096735,0.0,0.22456834
0.42589995,0.0,0.32833117
0.9233648,0.0,0.0
0.47393945,0.0,0.0037752604
0.34594402,0.0,0.13434014
0.31307513,0.0,0.2522542
0.9298,0.0,0.0
0.7842064,0.0,0.0
0.3615432,0.0,0.27921885
0.8306605,0.0,0.010838796
0.9456576,0.0,0.027228037
0.5029936,0.0,0.14732708
0.435775,0.0,0.10349274
0.5653692,0.0,0.2551553
0.33364904,1.0,0.36799976
0.5672064,0.0,0.36090633
0.5620143,1.0,0.09780166
0.46415535,0.0,0.66797626
0.3777268,0.0,0.22802825
0.6304942,0.0,0.0
0.4388832,0.0,0.03155313
0.26203948,0.0,0.08578139
0.7031335,0.0,0.0
0.61238456,0.0,0.0
0.3526341,0.0,0.51604307
0.44510877,0.0,0.3257875
0.9665763,0.0,0.0
0.76220304,0.0,0.106177144
0.48017982,0.0,0.608348
0.7355992,0.0,0.33042985
0.32235956,0.0,0.30773118
0.47978237,0.0,0.43569863
0.6614133,0.0,0.30379027
0.737154,0.0,0.04956769
0.50891477,0.0,0.25212598
0.3087952,0.0,0.5138534
0.8944059,0.0,0.0010080109
0.7887283,0.0,0.025543222
0.34800553,0.0,0.06454741
0.24927488,0.0,0.16118667
0.81855416,0.0,0.020248836
0.4972532,0.0,0.0073070796
0.42399713,1.0,0.09731024
0.6997072,0.0,0.0035878194
0.9572926,0.0,0.04156121
0.72107816,1.0,0.07272521
0.5382261,1.0,0.30175552
0.50226235,1.0,0.29431194
0.36371008,0.0,0.50907373
0.63662827,0.0,0.35303727
0.5803848,0.0,0.20159675
0.5620256,0.0,0.448987
0.4756383,0.0,0.27726525
0.821178,0.0,0.0021141963
0.6803214,0.0,0.016182465
0.56313074,0.0,0.29195142
0.7504615,0.0,0.106796086
0.94894207,0.0,0.00361682
0.6901374,0.0,0.28933728
0.5206942,0.0,0.17798238
0.8004384,0.0,0.023195373
0.82708704,0.0,0.0
0.7498756,0.0,0.42528227
0.6017447,0.0,0.23492384
0.7532763,0.0,0.100015335
0.559121,0.0,0.75262076
0.76132226,0.0,0.5377344
0.8013323,0.0,0.10652124
0.85190976,0.0,0.30237308
0.8038337,0.0,0.5605606
0.9435042,0.0,0.19464831
0.9684834,0.0,0.4441494
0.87428546,0.0,0.895077
0.60411394,0.0,0.8169514
0.9672633,0.0,0.7283773
0.8438122,0.0,0.9012012
0.8096103,0.0,0.57827944
0.8260355,0.0,0.7981764
0.951058,0.0,0.62553704
0.74984366,0.0,0.4346902
0.8700569,0.0,0.30096698
0.91541994,0.0,0.61963123
0.80222416,0.0,0.17951551
0.89184296,0.0,0.12540886
0.86978525,0.0,0.40707383
0.8312398,0.0,0.38236707
0.915989,0.0,0.0
0.788479,0.0,0.1085597
0.73212534,0.0,0.44247496
0.97116405,0.0,0.16518691
0.9396277,0.0,6.8039306e-05
0.86046904,0.0,0.1955192
0.5309846,0.0,0.26473886
0.8124126,0.0,0.03715836
0.85615975,0.0,0.29422995
0.60269475,0.0,0.5662545
0.8505511,0.0,0.4670032
0.58461404,0.0,0.37054735
0.5292487,0.0,0.60844177
0.71883553,0.0,0.6994773
0.4858178,0.0,0.4672444
0.43710575,0.0,0.3795512
0.30516097,0.0,0.23744322
0.5709665,0.0,0.13726442
0.45888186,0.0,0.16965337
0.67464817,0.0,0.017825387
0.5213786,0.0,0.11295094
0.51958036,0.0,0.030996786
0.40295658,0.0,0.0
0.64953077,0.0,0.033475697
0.6252956,0.0,0.0
0.64963096,1.0,0.012752018
0.65313596,0.0,0.0011188136
0.9163195,0.0,0.017213434
0.6770465,1.0,0.17916223
0.49319282,0.0,0.23888198
0.5702012,0.0,0.297351
0.55139315,0.0,0.34498432
0.7230481,0.0,0.26877397
0.38109738,0.0,0.2639713
0.78200597,0.0,0.5479753
0.58566463,0.0,0.40799296
0.7272768,0.0,0.0
0.72082114,0.0,0.15057802
0.4880054,0.0,0.51836926
0.88872397,0.0,0.035862017
0.70142007,1.0,0.004991336
0.64536285,0.0,0.38084716
0.48717225,0.0,0.1721849
0.6564022,0.0,0.0
0.81473225,0.0,0.030259585
0.614205,0.0,0.5240791
0.914878,0.0,0.42313722
0.6355277,0.0,0.33289832
0.5760781,0.0,0.41762647
0.6771985,0.0,0.5093084
0.6443769,0.0,0.15176395
0.78048193,0.0,0.21180426
0.59795153,0.0,0.23848061
0.74173546,0.0,0.013144817
0.6765441,0.0,0.17326851
0.69413483,1.0,0.0648609
0.37770087,1.0,0.10216844
0.95987976,0.0,0.067678824
0.83152086,0.0,0.0
0.63082725,1.0,0.2721279
0.6589351,0.0,0.004728942
0.82730985,0.0,0.05660386
0.5283429,1.0,0.20273499
0.66677755,1.0,0.34475657
0.68401575,0.0,0.37444213
0.61037594,0.0,0.6983278
0.8960394,0.0,0.3271095
0.45800224,0.0,0.09380485
0.7922623,0.0,0.5081638
0.6913344,0.0,0.4144929
0.78753495,0.0,0.0
0.6527419,0.0,0.05964974
0.34105283,0.0,0.46117857
0.9568922,0.0,0.019415947
0.7271391,1.0,0.018213691
0.7114375,0.0,0.3680859
0.73538095,0.0,0.24479459
0.840254,0.0,0.0
0.7837656,0.0,0.06652815
0.56165564,0.0,0.5454278
0.591577,0.0,0.24662721
0.67061,0.0,0.132936
0.53994465,0.0,0.47338736
0.50316435,0.0,0.37803844
0.5834356,1.0,0.015587657
0.6023835,0.0,0.1154769
0.4313569,1.0,0.13910244
0.9315919,0.0,0.0
0.44296443,0.0,0.10875599
0.33379677,1.0,0.11981355
0.6287483,1.0,0.16512853
0.9399841,0.0,0.0090611745
0.9218752,0.0,0.0
0.43925935,1.0,0.31213748
0.62951386,0.0,0.0056550023
0.9861762,0.0,0.020194309
0.73844755,1.0,0.15534176
0.70715153,1.0,0.49301568
0.6338025,0.0,0.38187078
0.5132305,1.0,0.45812806
0.89560604,0.0,0.2639872
0.4934739,1.0,0.18623942
0.69787097,0.0,0.37553638
0.6564916,0.0,0.28829753
0.8547499,0.0,0.0
0.84757173,0.0,0.0006978974
0.43598828,0.0,0.2274488
0.5999305,0.0,0.06684231
0.8651817,0.0,0.0
0.78639245,0.0,0.0008959277
0.6722162,0.0,0.28725284
0.7843853,0.0,0.0
0.8141809,0.0,0.0
0.71806455,0.0,0.05265482
0.7253469,0.0,0.25217566
0.8805739,0.0,0.11455403
0.81086093,0.0,0.18556578
0.62805724,0.0,0.48799443
0.6224819,0.0,0.31228447
0.46789768,0.0,0.45121378
0.67315704,0.0,0.24946626
0.5753717,0.0,0.39372808
0.51004124,0.0,0.52279145
0.5773031,0.0,0.6364325
0.43723896,0.0,0.76217604
0.4409451,0.0,0.18594888
0.5472583,0.0,0.17718163
0.6183995,0.0,0.75309396
0.50920975,0.0,0.25212517
0.4320928,0.0,0.24620628
0.4914633,0.0,0.4564569
0.42926258,1.0,0.49480596
0.85532933,0.0,0.033223365
0.72114176,0.0,0.01255166
0.3826752,1.0,0.41031918
0.50786525,1.0,0.13158014
0.82442796,0.0,0.0006647321
0.73640513,1.0,0.26102108
0.40767145,1.0,0.48887154
0.67176473,0.0,0.0
0.9317138,0.0,0.0005967848
0.48049933,1.0,0.3097824
0.61871505,1.0,0.36003318
0.69831663,0.0,0.26375565
0.50305694,1.0,0.44381216
0.8693273,1.0,0.21992113
0.5868658,1.0,0.5003911
0.63002145,0.0,0.5916982
0.79898214,0.0,0.005049561
0.6644121,1.0,0.18144503
0.69341576,0.0,0.49886596
0.90690017,0.0,0.10812624
0.92336726,0.0,0.004303011
0.5199957,1.0,0.4277617
0.588157,0.0,0.5819527
0.68268025,0.0,0.35162595
0.73889846,0.0,0.26711354
0.7222472,0.0,0.013810182
0.607469,0.0,0.2431694
0.40203083,0.0,0.34211767
0.72087747,0.0,0.0014511569
0.56107795,0.0,0.0055825305
0.6957227,0.0,0.54496485
0.45887196,0.0,0.3900378
0.606875,0.0,0.05127255
0.5750433,0.0,0.6118898
0.5879747,0.0,0.14432846
0.65154856,0.0,0.72237813
0.4515156,0.0,0.45756343
