gate_value,label,rsa
0.91906,0.0,1.0
0.9009602,0.0,0.43994147
0.6580253,0.0,0.37144604
0.60160947,0.0,0.6065499
0.5481414,0.0,0.3750577
0.82868594,0.0,0.012995268
0.75002915,0.0,0.055486955
0.89847577,0.0,0.0012263058
0.9339083,0.0,0.00023238685
0.9112481,0.0,0.0002941125
0.89346987,0.0,0.0
0.892713,0.0,2.5751215e-05
0.7366235,0.0,0.0
0.7760666,1.0,0.17973678
0.7090695,0.0,0.0011636675
0.44268826,1.0,0.33381727
0.6245922,1.0,0.34903353
0.8194382,0.0,0.0
0.30214226,1.0,0.314073
0.37703893,1.0,0.7414633
0.7887646,0.0,0.06685297
0.90394425,0.0,0.06127135
0.47418818,0.0,0.48929882
0.6911196,0.0,0.14039555
0.74212897,0.0,0.0
0.82809997,0.0,0.075854085
0.59615237,0.0,0.30027267
0.82444555,0.0,0.029563827
0.8722438,0.0,0.0
0.6947548,0.0,0.2322766
0.42112043,0.0,0.30262113
0.7929477,0.0,0.0015807443
0.92920166,0.0,0.05272764
0.83610827,0.0,0.52839327
0.32223827,0.0,0.40610564
0.74970335,0.0,0.056987163
0.6649688,0.0,0.5358562
0.8824197,0.0,0.3448608
0.79595274,0.0,0.6701483
0.7787374,0.0,0.4307473
0.8149861,0.0,0.051364824
0.85032916,0.0,0.33225062
0.9557225,0.0,0.0020056055
0.8329263,0.0,0.0
0.85746145,0.0,0.0
0.9514627,0.0,0.0
0.9185672,0.0,0.006118532
0.88039666,0.0,0.00025328086
0.75708365,1.0,0.0137014985
0.6321243,1.0,0.30744863
0.5410447,1.0,0.44298145
0.69423157,0.0,0.17687294
0.44055167,0.0,0.34552684
0.8374708,0.0,0.32283697
0.5231008,0.0,0.26793826
0.8415441,0.0,0.03998375
0.73237544,0.0,0.51534176
0.95512885,0.0,0.18035533
0.6860414,0.0,0.111953646
0.5849478,0.0,0.18850169
0.8415231,0.0,0.39126632
0.75940776,0.0,0.22236434
0.5676958,0.0,0.49519637
0.67492217,0.0,0.5560791
0.9243642,0.0,0.039515924
0.8895321,0.0,0.40757152
0.48280036,0.0,0.43390527
0.66205645,0.0,0.021098265
0.9448388,0.0,0.108966164
0.7384757,0.0,0.42613524
0.84011096,0.0,0.15629958
0.79431015,0.0,0.00021459078
0.6440503,0.0,0.5315568
0.37181285,1.0,0.62169284
0.68073124,0.0,0.16868699
0.35723367,1.0,0.58956057
0.68261087,1.0,0.12380066
0.41151038,1.0,0.6675379
0.44244665,1.0,0.40329456
0.5465432,1.0,0.47085944
0.58700585,1.0,0.10206165
0.65660167,1.0,0.22464456
0.8605092,0.0,0.0002979842
0.61348456,1.0,0.1438265
0.66408616,1.0,0.27107242
0.7862263,0.0,0.0
0.86770064,0.0,0.0
0.53634065,1.0,0.47575203
0.5042151,0.0,0.16963385
0.8040982,0.0,0.0
0.7354684,0.0,0.02934246
0.8105918,0.0,0.41556972
0.55042356,0.0,0.10111165
0.88218534,0.0,0.0
0.78181434,0.0,0.53458667
0.5337865,0.0,0.80126053
0.6390301,0.0,0.34431598
0.83296126,0.0,0.32978195
0.6313989,0.0,0.07755198
0.6986624,0.0,0.658884
0.71079737,0.0,0.80002296
0.86107355,0.0,0.15247469
0.60166854,0.0,0.11736186
0.79852295,0.0,0.037364364
0.7389134,0.0,0.015844349
0.80222625,0.0,0.0
0.8785266,0.0,0.00039830382
0.8180008,0.0,0.0
0.7249156,0.0,0.0
0.6425641,0.0,0.0
0.7791337,0.0,0.0
0.8158609,0.0,0.012785212
0.59592295,0.0,0.32748517
0.745581,0.0,0.16972739
0.41848904,1.0,0.5715401
0.2979286,1.0,0.6243355
0.26886684,1.0,0.5982107
0.52062213,1.0,0.07435182
0.6272028,0.0,0.2133536
0.65676135,0.0,0.44808426
0.753325,1.0,0.3727382
0.8668697,0.0,0.0
0.8693262,0.0,0.24687295
0.55035466,0.0,0.5591889
0.7927694,0.0,0.07735668
0.77052736,0.0,0.0
0.8148932,0.0,0.59794766
0.8213116,0.0,0.28055248
0.8740576,0.0,0.0
0.8672724,0.0,0.2872222
0.58336455,0.0,0.4679574
0.80922604,0.0,0.10714244
0.6870969,0.0,0.37872192
0.9226091,0.0,0.042498253
0.8663512,0.0,0.16995709
0.9329723,0.0,0.0
0.89498544,0.0,0.014922568
0.84006107,0.0,0.0
0.9186997,0.0,0.0
0.90290785,0.0,0.019097283
0.8254013,0.0,0.0
0.7622765,0.0,0.34926388
0.60488874,0.0,0.55637413
0.82082725,0.0,0.18742123
0.6740296,0.0,0.39139867
0.6127898,0.0,0.3644178
0.4549075,0.0,0.42461756
0.79774314,0.0,0.054083705
0.8803496,0.0,0.0
0.8806071,0.0,0.1960692
0.66509575,0.0,0.45334256
0.84502625,0.0,0.00073206215
0.8398984,0.0,0.016948996
0.6735068,0.0,0.29617047
0.73028046,0.0,0.29144374
0.66832703,0.0,0.59201294
0.6152742,0.0,0.6314837
0.8988548,0.0,0.17270817
0.91028,0.0,0.103556946
0.78937966,0.0,0.1447636
0.48138583,0.0,0.2312949
0.7161691,0.0,0.17546685
0.5050483,0.0,0.5021547
0.6474435,0.0,0.44702828
0.790176,0.0,0.6785138
0.816969,0.0,0.59620714
0.6377952,0.0,0.3709575
0.6521265,0.0,0.026538463
0.7365633,0.0,0.118180215
0.5960248,0.0,0.55671483
0.68090415,0.0,0.1984208
0.82192075,0.0,0.0
0.8077408,0.0,0.1347187
0.75466985,0.0,0.40927833
0.5895385,0.0,0.20947234
0.8120502,0.0,0.004799722
0.8340775,0.0,0.40001515
0.52037066,0.0,0.705785
0.6884862,0.0,0.20733634
0.8283971,0.0,0.20218351
0.9343773,0.0,0.52515644
0.8518465,0.0,0.7981514
0.697247,0.0,0.34495905
0.83066964,0.0,0.18574262
0.9622157,0.0,0.16818118
0.974177,0.0,0.0
0.97422564,0.0,0.011795723
0.9646913,0.0,0.0
0.95479083,0.0,0.013809844
0.92162806,0.0,0.031132413
0.9388811,0.0,0.0
0.8434035,0.0,0.056409337
0.84852785,0.0,0.07989713
0.83571,0.0,0.123459905
0.8718298,0.0,0.044646043
0.89891565,0.0,0.0
0.86538154,0.0,0.2092679
0.96070665,0.0,0.0011381994
0.9721692,0.0,0.011154644
0.97625285,0.0,0.0030406278
0.96102285,0.0,0.00010246551
0.8945423,0.0,0.13540235
0.76964396,0.0,0.41721806
0.76428914,0.0,0.43829894
0.82718784,0.0,0.07515553
0.8235374,0.0,0.3488017
0.81016904,0.0,0.2863064
0.9321448,0.0,0.329253
0.95234996,0.0,0.079758376
0.82163215,0.0,0.25853315
0.95143044,0.0,0.025675137
0.7676252,0.0,0.40376946
0.8383843,0.0,0.33115354
0.7976618,0.0,0.49275953
0.9335375,0.0,0.05221982
0.78877324,0.0,0.4619087
0.8411943,0.0,0.17116134
0.8812883,0.0,0.2656582
0.80685,0.0,0.48309955
0.9411985,0.0,0.4480007
0.85795677,0.0,0.42300135
0.7527695,0.0,0.71989614
0.9124215,0.0,0.120840766
0.9699739,0.0,0.19419606
0.8946571,0.0,0.045638923
0.82097095,0.0,0.022605445
0.7728351,0.0,0.00032761492
0.92542535,0.0,0.25698408
0.9539435,0.0,0.025461918
0.8990326,0.0,0.32778537
0.8181229,0.0,0.24749653
0.85481966,0.0,0.0018017062
0.91013336,0.0,0.2196429
0.5008399,0.0,0.41451007
0.89525604,0.0,0.083112404
0.69375324,0.0,0.003369541
0.8899192,0.0,0.18942602
0.78109556,0.0,0.2271034
0.9557018,0.0,0.0
0.78536886,0.0,0.06376399
0.8421554,0.0,0.5223627
0.86270547,0.0,0.30502355
0.8947682,0.0,0.014724758
0.9346407,0.0,0.06968911
0.49178243,0.0,0.5499165
0.73081577,0.0,0.5191931
0.9475226,0.0,0.25760898
0.58906144,0.0,0.70803505
0.9026161,0.0,0.061715618
0.5461243,0.0,0.37128896
0.6685826,0.0,0.08052694
0.5371927,0.0,0.29328182
0.8921841,0.0,0.2304773
0.9513095,0.0,0.018696262
0.8516464,0.0,0.049374327
0.9542725,0.0,0.0
0.94752675,0.0,0.005376591
0.97155637,0.0,0.0
0.8994633,0.0,0.0003015746
0.8697122,0.0,0.001431557
0.9049526,0.0,0.0
0.80966944,0.0,0.011247116
0.8871193,0.0,0.021525707
0.6730096,0.0,0.0058232956
0.85707116,0.0,0.0
0.8940813,0.0,0.0
0.97135293,0.0,0.0024242834
0.9712053,0.0,0.0016419481
0.902959,0.0,0.0
0.9657467,0.0,0.041880343
0.59640086,0.0,0.46787554
0.5911578,0.0,0.74005127
0.724997,0.0,0.5004198
0.93942195,0.0,0.03615968
0.83478886,0.0,0.42400604
0.9749467,0.0,0.19848412
0.9618888,0.0,0.16672854
0.8739275,0.0,0.23608701
0.8983799,0.0,0.2439232
0.8434529,0.0,0.0
0.7360073,0.0,0.00038366584
0.8210777,0.0,0.0
0.6853404,0.0,0.037720084
0.6944906,0.0,0.039265845
0.77684194,0.0,0.006213536
0.82797474,0.0,0.034202483
0.7310879,0.0,0.0751055
0.6187059,0.0,0.0050243563
0.6827594,0.0,0.07749211
0.5688847,0.0,0.53248984
0.96650285,0.0,0.08045911
0.9601964,0.0,0.02795013
0.7252191,0.0,0.28688776
0.47217306,0.0,0.3413125
0.93784404,0.0,0.060613032
0.7541553,0.0,0.3806669
0.45866308,0.0,0.66364133
0.4788704,0.0,0.47715878
0.72886866,0.0,0.56984
0.90184927,0.0,0.10979277
0.5250203,0.0,0.3249099
0.6207102,0.0,0.4398112
0.96490896,0.0,0.24205256
0.98299557,0.0,0.008226388
0.9673597,0.0,0.0944918
0.8732154,0.0,0.26591784
0.93369883,0.0,0.19625501
0.95723814,0.0,0.026180157
0.9643234,0.0,0.03221179
0.9552684,0.0,0.003377744
0.9512757,0.0,0.11055809
0.96989775,0.0,0.040383168
0.90203696,0.0,0.008922337
0.9049596,0.0,0.010275487
0.7275436,0.0,0.0035039845
0.7161129,0.0,0.0
0.8373156,0.0,0.00016374433
0.9233959,0.0,0.0
0.8665837,0.0,0.0
0.8694581,0.0,0.008024763
0.9599763,0.0,0.0013419886
0.7996204,0.0,0.20200676
0.89315975,0.0,0.12011973
0.9196538,0.0,0.00080684025
0.9687167,0.0,0.01234863
0.81804156,0.0,0.32993537
0.8510948,0.0,0.44134894
0.9241407,0.0,0.25765648
0.68468314,0.0,0.7794976
0.731064,0.0,0.3654419
0.91966456,0.0,0.021303462
0.7476772,0.0,0.12307253
0.8187794,0.0,0.35757795
0.9493046,0.0,0.26827508
0.96301436,0.0,0.0
0.73799664,0.0,0.4440483
0.55499977,0.0,0.6832427
0.8965195,0.0,0.20460233
0.9096021,0.0,0.3001925
0.9127871,0.0,0.003743442
0.9804146,0.0,0.04069258
0.86961067,0.0,0.014897584
0.9563567,0.0,0.0
0.85404897,0.0,0.018675508
0.9133069,0.0,0.00091602164
0.6368544,0.0,0.0
0.79629636,0.0,0.0004433334
0.91991025,0.0,0.00056493626
0.9836907,0.0,0.0012817162
0.93915296,0.0,0.0032649983
0.9293551,0.0,0.069212325
0.8748009,0.0,0.20351079
0.8892234,0.0,0.039522078
0.8640315,0.0,0.0014744158
0.7707781,0.0,0.5425417
0.8332309,0.0,0.2053343
0.8608065,0.0,0.5294396
0.95021087,0.0,0.1710527
0.9436568,0.0,0.17578447
0.9642219,0.0,0.018589566
0.93026257,0.0,0.014243514
0.8100398,0.0,0.0009480129
0.8892043,0.0,0.18685937
0.6266105,0.0,0.0008946027
0.7353568,0.0,0.0
0.90753496,0.0,0.0055233804
0.8693229,0.0,0.005248535
0.7911354,0.0,0.00023318174
0.8549415,0.0,0.0056192577
0.85937184,0.0,0.0022668021
0.95795405,0.0,0.006499917
0.9646915,0.0,0.0039931354
0.9475913,0.0,0.060738355
0.9529482,0.0,0.0045623058
0.894383,0.0,0.40330198
0.6557399,0.0,0.47021174
0.92234683,0.0,0.2866435
0.79806226,0.0,0.37020454
0.8782986,0.0,0.06703313
0.8980914,0.0,0.108527355
0.64627916,0.0,0.49942672
0.59623176,0.0,0.34584418
0.87749505,0.0,0.01677621
0.9709571,0.0,0.06841023
0.5906842,0.0,0.5887299
0.7107087,0.0,0.29115677
0.85016185,0.0,0.01195864
0.8796074,0.0,0.29543382
0.9263711,0.0,0.029097956
0.7181029,0.0,0.0779147
0.79192835,0.0,0.39984515
0.71716,0.0,0.37774315
0.92460346,0.0,0.00048702257
0.96108747,0.0,0.06745795
0.92915803,0.0,0.08742639
0.8308811,0.0,0.40731898
0.96164167,0.0,0.13931978
0.94428843,0.0,0.24456485
0.84158003,0.0,0.3513153
0.8410707,0.0,0.014306947
0.8284896,0.0,0.050213408
0.92353636,0.0,0.24196798
0.89848834,0.0,0.44074464
0.7330293,0.0,0.06665652
0.8803057,0.0,0.13796991
0.77675766,0.0,0.35647127
0.9382183,0.0,0.025752872
0.78791046,0.0,0.35782272
0.6739815,0.0,0.31695458
0.5376984,0.0,0.3841575
0.6220722,0.0,0.62639034
0.40236884,0.0,0.32613954
0.4622978,0.0,0.7421505
0.5708162,0.0,0.70045626
0.7845916,0.0,0.115308054
0.78871703,0.0,0.33456117
0.7371066,0.0,0.0096669085
0.82862717,0.0,0.15059789
0.91283196,0.0,0.003638375
0.94767,0.0,0.0
0.90675384,0.0,0.0
0.78941494,0.0,0.007648044
0.6805487,0.0,0.013446406
0.6601131,0.0,0.0
0.6098111,0.0,0.08608792
0.6115026,0.0,0.067703
0.45513314,0.0,0.011045291
0.80694795,0.0,0.00477471
0.58326685,0.0,0.0
0.822724,0.0,0.016665604
0.67783123,0.0,0.013476021
0.83009124,0.0,0.055054583
0.8426559,0.0,0.07435528
0.8313924,0.0,0.13291508
0.8864923,0.0,0.07599534
0.87090236,0.0,0.04905954
0.82687527,0.0,0.5447295
0.8261005,0.0,0.51577854
0.87401474,0.0,0.35186672
0.96166646,0.0,0.3578635
0.886053,0.0,0.08301217
0.79666346,0.0,0.0
0.86585605,0.0,0.009716045
0.8320199,0.0,0.04352726
0.9062767,0.0,0.0028938372
0.62349707,0.0,0.25422034
0.59934044,0.0,0.17242192
0.73319757,0.0,0.040030375
0.81325465,0.0,0.02441135
0.68520296,0.0,0.05236226
0.91370404,0.0,0.008627306
0.89448965,0.0,0.0
0.8969592,0.0,0.021448273
0.8994294,0.0,0.0009516249
0.8113957,0.0,0.06013597
0.7119458,0.0,0.08403689
0.82612836,0.0,0.66961527
0.67693853,0.0,0.5732601
0.9566346,0.0,0.23800272
0.9177916,0.0,0.21066417
0.73515415,0.0,0.416845
0.85907006,0.0,0.04674286
0.65960485,0.0,0.6308687
0.738956,0.0,0.29000032
0.82645404,0.0,0.25049505
0.86666864,0.0,0.0076131513
0.80203795,0.0,0.0
0.7239385,0.0,0.025062567
0.76953816,0.0,0.0012150347
0.8329018,0.0,0.0022699216
0.8714496,0.0,0.008400709
0.9128294,0.0,0.049302753
0.94448924,0.0,0.0
0.87256086,0.0,0.34304792
0.9042158,0.0,0.42557532
0.8656885,0.0,0.012470886
0.8455473,0.0,0.23768236
0.8276113,0.0,0.25806797
0.90273744,0.0,0.033121523
0.94073623,0.0,0.078611195
0.9196052,0.0,0.0012649408
0.9685845,0.0,0.005841117
0.6573958,0.0,0.0
0.7547515,0.0,0.0064228554
0.7781307,0.0,0.0
0.8399433,0.0,0.039282527
0.5001977,0.0,0.0057547404
0.78280187,0.0,0.07306887
0.83907944,0.0,0.010349051
0.8550545,0.0,0.16882434
0.78330857,0.0,0.12033805
0.8940028,0.0,0.0037969875
0.8278921,0.0,0.080492616
0.70730656,0.0,0.18788166
0.80584115,0.0,0.21881649
0.9607282,0.0,0.0016278399
0.817785,0.0,0.20744443
0.41096193,0.0,0.2788196
0.43191943,0.0,0.54354393
0.8909066,0.0,0.4128391
0.84270144,0.0,0.591132
0.84125584,0.0,0.3849696
0.88245517,0.0,0.01405368
0.692084,0.0,0.7176794
0.79423386,0.0,0.42157584
0.6875322,0.0,0.34310588
0.554475,0.0,0.5683014
0.804263,0.0,0.21580663
0.9092866,0.0,0.011635104
0.8189407,0.0,0.11695885
0.58200645,0.0,0.45709938
0.8893772,0.0,0.18276124
0.95892566,0.0,0.0
0.7156636,0.0,0.40893567
0.45762873,0.0,0.45210359
0.91887826,0.0,0.099209
0.73715067,1.0,0.71952426
0.83250564,1.0,0.41660088
0.74081564,0.0,0.068480305
0.7264898,0.0,0.3232699
0.8068416,0.0,0.55149776
0.9650441,0.0,0.013674185
0.93534803,0.0,0.1392339
0.97778016,0.0,0.013774184
0.9125819,0.0,0.0073008514
0.8218014,0.0,0.0067507764
0.8599437,0.0,0.0
0.7961294,0.0,0.26181528
0.6658055,0.0,0.024644844
0.8202368,0.0,0.0018876302
0.85339296,0.0,0.054361783
0.9026627,0.0,0.0
0.873808,0.0,0.04740986
0.754274,0.0,0.22247201
0.9468844,0.0,0.24672876
0.7666003,0.0,0.124348156
0.8836649,0.0,0.07573021
0.6404864,0.0,0.14323056
0.79117703,0.0,0.10740174
0.9314822,0.0,0.0
0.62461174,0.0,0.15577118
0.8986292,0.0,0.32785308
0.9760467,0.0,0.2313474
0.967405,0.0,0.30418634
0.82181793,0.0,0.2202437
0.9159355,0.0,0.40950876
0.9349196,0.0,0.53343385
0.8258368,0.0,0.52299017
0.7173298,0.0,0.91673416
0.6437698,0.0,0.5032958
0.82277524,0.0,0.15667512
0.66048205,0.0,0.3688616
0.8755284,0.0,0.3533714
0.7751771,0.0,0.10558689
0.9620369,0.0,0.086383075
0.9393678,0.0,0.15733816
0.8859428,0.0,0.01174043
0.85524523,0.0,0.086522885
0.88528824,0.0,0.021478543
0.83958596,0.0,0.0043815067
0.934826,0.0,0.0139470855
0.74043155,0.0,0.03851767
0.6643312,0.0,0.0037360005
0.8291546,0.0,0.020223381
0.93778336,0.0,0.0
0.8785642,0.0,0.010220336
0.7344678,0.0,0.058946528
0.9018938,0.0,0.010507263
0.92126644,0.0,0.10171311
0.81928927,0.0,0.054981504
0.7904649,0.0,0.017283902
0.8895643,0.0,0.081941575
0.8616174,0.0,0.37325844
0.7573584,0.0,0.060073722
0.87127626,0.0,4.9862316e-05
0.78600097,0.0,0.20207629
0.5590823,0.0,0.38087308
0.49058828,0.0,0.13410117
0.9260428,0.0,0.17153044
0.74307764,0.0,0.6153981
0.76592934,0.0,0.33812207
0.63453734,1.0,0.4311824
0.92305535,0.0,0.07767634
0.48056307,1.0,0.6443846
0.901678,0.0,0.2670536
0.9730656,0.0,0.0060328445
0.91208863,0.0,0.24656823
0.8645508,0.0,0.0077619995
0.6896986,0.0,0.00055011606
0.6559262,0.0,0.07612054
0.55540335,0.0,0.56477314
0.93109924,0.0,0.23212916
0.77299607,0.0,0.0
0.5048986,0.0,0.25965777
0.80606997,0.0,0.07728256
0.7151641,0.0,0.2541633
0.83874893,0.0,0.11320999
0.9610092,0.0,0.010160126
0.80113846,0.0,0.0060450723
0.7905059,0.0,0.2810887
0.80967945,0.0,0.039353322
0.7470107,0.0,0.0005905863
0.93647146,0.0,0.0
0.77611315,0.0,0.09371476
0.8999925,0.0,0.012558523
0.8382444,0.0,0.121556796
0.8053011,1.0,0.25981036
0.8940087,0.0,0.0918306
0.8755916,1.0,0.3332154
0.90379894,0.0,0.011420471
0.76977235,0.0,0.1358365
0.8349523,0.0,0.06625792
0.8373443,0.0,0.060629487
0.48453268,0.0,0.48823565
0.7728997,0.0,0.34333858
0.6465695,0.0,0.3885218
0.6790513,0.0,0.2990303
0.58050716,0.0,0.023444643
0.47866976,0.0,0.10686476
0.7844346,0.0,0.019648414
0.8867186,0.0,0.06690529
0.6238681,0.0,0.007690022
0.7964062,0.0,0.013797614
0.8537472,0.0,0.0
0.81439537,0.0,0.0048175743
0.7053594,0.0,0.010605234
0.8141246,0.0,0.0
0.9391482,0.0,0.0
0.6381452,0.0,0.14202823
0.4533921,0.0,0.31279784
0.68678284,0.0,0.33131084
0.83493084,0.0,0.51423407
0.75724655,0.0,0.09483902
0.9005468,0.0,0.016071076
0.5190356,0.0,0.67806864
0.54266816,0.0,0.22915182
0.56013274,0.0,0.034409504
0.6394298,0.0,0.42778328
0.8420968,0.0,0.3432283
0.8705588,0.0,0.026888877
0.7366653,0.0,0.31568596
0.6891186,0.0,0.6816207
0.57133764,0.0,0.2781291
0.75498307,0.0,0.5134333
0.61893344,0.0,0.49894154
0.4346838,0.0,0.43905622
0.5728524,0.0,0.35665125
0.619964,0.0,0.3834436
0.71300143,0.0,0.29086643
0.86495835,0.0,0.020111915
0.8350336,0.0,0.5809776
0.8105375,1.0,0.31662652
0.7104702,1.0,0.44438457
0.8256963,1.0,0.6212292
0.6813749,1.0,0.6125664
0.8056788,1.0,0.43495017
0.6130179,1.0,0.6265778
0.90108746,1.0,0.34022957
0.9636084,1.0,0.16367099
0.8711494,1.0,0.4014817
0.56910217,1.0,0.6282815
0.9607327,0.0,0.1924936
0.9220742,0.0,0.035351127
0.6026777,0.0,0.46451256
0.92860687,0.0,0.15273131
0.88389426,0.0,0.007819972
0.794743,0.0,0.31884697
0.79898095,0.0,0.5254605
0.9443742,0.0,0.021490995
0.94168997,0.0,0.018777976
0.78010166,0.0,0.60989827
0.8958972,0.0,0.5707214
0.8528498,0.0,0.013666765
0.8903835,0.0,0.30028743
0.7272446,0.0,0.5781477
0.6708041,0.0,0.6465354
0.64459544,0.0,0.32837212
0.49318817,0.0,0.7468575
0.40016302,0.0,0.6598165
0.6078155,0.0,0.9624663
0.62033284,0.0,0.8089256
0.3546977,0.0,0.79119414
0.4476602,0.0,0.52181286
0.7155588,0.0,0.5372826
0.6389744,0.0,0.27713892
0.7459546,0.0,0.44998133
0.6630171,0.0,0.43965134
0.94600207,0.0,0.160719
0.6440312,0.0,0.42981905
0.92003745,0.0,0.023962226
0.64455247,0.0,0.34508154
0.6821081,0.0,0.5318038
0.82756346,0.0,0.45832244
0.5893202,0.0,0.32220113
0.80527496,0.0,0.40448034
0.89032674,0.0,0.15239489
0.96446824,0.0,0.27658677
0.9708374,0.0,0.008953712
0.9414855,0.0,0.45450652
0.96958566,0.0,0.2133079
0.69966406,0.0,0.49251163
0.797474,0.0,0.8098321
0.59958863,0.0,0.5468054
0.6474433,0.0,0.6838916
0.36281675,0.0,0.65104806
0.39162785,0.0,0.6836459
0.43720216,0.0,0.6894206
0.7482967,0.0,0.44226024
0.730601,0.0,0.43345827
0.66696155,1.0,0.15949132
0.54192495,1.0,0.047703467
0.9332597,0.0,0.05613373
0.5995545,1.0,0.08900481
0.8310628,0.0,0.0013777926
0.870299,1.0,0.1310607
0.7973931,0.0,0.1317052
0.8392712,0.0,0.33212823
0.48178858,0.0,0.74422216
0.5911945,0.0,0.5154368
0.65164924,1.0,0.75709003
0.5067227,1.0,0.5253368
0.66357136,1.0,0.5008694
0.8614473,0.0,0.2736102
0.8405365,0.0,0.0070038293
0.46015185,1.0,0.05351279
0.7811746,0.0,0.07551768
0.51581377,1.0,0.2880056
0.78507704,0.0,0.4450708
0.47827563,0.0,0.8012437
0.35211876,1.0,0.47412145
0.5262204,0.0,0.6111903
0.47546014,0.0,0.3093853
0.66328377,0.0,0.34275252
0.6244178,0.0,0.39000753
0.63623524,0.0,0.38954303
0.58176285,0.0,0.5977303
0.6073587,0.0,0.46034533
0.74001694,0.0,0.21982348
0.9332225,0.0,0.034873303
0.70188886,0.0,0.19459295
0.8517949,0.0,0.0083217425
0.9467256,0.0,0.40068266
0.7416578,0.0,0.6517612
0.67263687,0.0,0.708087
0.8749332,0.0,0.12638797
0.943166,0.0,0.17405787
0.94487894,0.0,0.0
0.8377,0.0,0.2495956
0.9661696,0.0,0.0
0.8648906,0.0,0.32341853
0.7267028,0.0,0.63100284
0.82152665,0.0,0.019043893
0.59738165,0.0,0.49133584
0.66179585,0.0,0.46980664
0.56363237,0.0,0.7491086
0.896192,0.0,0.241809
0.7468209,0.0,0.15196672
0.8939198,0.0,0.20034578
0.67883724,0.0,0.31210908
0.9735545,0.0,0.012154404
0.6886676,1.0,0.3145396
0.9589626,0.0,0.0
0.9263575,0.0,0.014178133
0.94722056,0.0,0.08279789
0.9674163,1.0,0.17718127
0.89311,1.0,0.11600234
0.7672213,1.0,0.23669942
0.60936093,1.0,0.7792398
0.74735165,1.0,0.33084956
0.64966273,1.0,0.55007833
0.871185,1.0,0.47846347
0.5434733,0.0,0.4643987
0.48854017,0.0,0.16966817
0.5382506,1.0,0.40389943
0.7890905,0.0,0.2359074
0.82227784,0.0,0.21648611
0.95471704,0.0,0.024727518
0.8714255,0.0,0.10649408
0.9583441,0.0,0.00018071233
0.46924928,0.0,0.23920013
0.6637672,0.0,0.14614147
0.6388907,0.0,0.33660543
0.6876313,0.0,0.7845317
0.6513082,0.0,1.0
0.87701195,0.0,0.5679186
0.875104,0.0,0.114027575
0.8207989,0.0,0.86244816
0.8708847,0.0,0.32810304
0.79066586,0.0,0.1719101
0.8583728,0.0,0.5652577
0.78717566,0.0,0.92893285
0.7700322,0.0,0.317675
0.8591031,0.0,0.6770252
0.76879513,0.0,0.10897321
0.8305035,0.0,0.42956075
0.62727547,0.0,0.58765274
0.93813163,0.0,0.53899485
0.96810436,0.0,0.24872689
0.95208246,0.0,0.1936969
0.79727113,0.0,0.13752337
0.6728588,0.0,0.15402633
0.79381585,0.0,0.09532572
0.42914242,0.0,0.381429
0.635493,0.0,0.13743412
0.7727342,0.0,0.04107702
0.7654151,0.0,0.06452044
0.8365895,0.0,0.29167876
0.5875832,0.0,0.51204777
0.47079653,1.0,0.4625786
0.70094275,0.0,0.25237396
0.7865878,1.0,0.43061015
0.89057887,0.0,0.09911079
0.680846,1.0,0.3911022
0.73253244,0.0,0.0009920696
0.7299282,1.0,0.18052663
0.7528024,0.0,0.2130148
0.6351733,1.0,0.4210343
0.62886435,0.0,0.00952022
0.592122,0.0,0.5303675
0.76674646,0.0,0.003321044
0.6699562,0.0,0.36329117
0.83939576,0.0,0.00034638456
0.91750896,0.0,0.17007025
0.87452316,0.0,0.10327244
0.74524623,0.0,0.2168791
0.71470046,0.0,0.6671845
0.5567756,0.0,0.29044977
0.43094048,0.0,0.6045981
0.5193208,0.0,0.7403727
0.752579,0.0,0.21323003
0.619026,0.0,0.18620154
0.7449199,0.0,0.50919205
0.7999797,0.0,0.04867146
0.52839583,0.0,0.4701788
0.75740194,0.0,0.5304652
0.73796606,0.0,0.02957219
0.7900325,1.0,0.25137284
0.75427395,0.0,0.0012537548
0.72256124,1.0,0.40443778
0.9004372,0.0,0.0065226764
0.8060155,1.0,0.3306802
0.8152546,0.0,0.007481868
0.81909704,1.0,0.32314426
0.6664815,0.0,0.18176062
0.72557074,1.0,0.57638437
0.7828977,1.0,0.5396993
0.85421497,0.0,0.018499002
0.75004375,1.0,0.13929941
0.73589885,0.0,0.014898232
0.92617583,1.0,0.36372882
0.82020926,1.0,0.017587552
0.86395615,1.0,0.20220757
0.89492315,0.0,0.016486397
0.7588882,1.0,0.20698129
0.81640923,1.0,0.4838156
0.7996734,0.0,0.0063372
0.41326442,0.0,0.19667682
0.4320668,0.0,0.23368026
0.38860673,0.0,0.37204972
0.692608,0.0,0.0033720396
0.63871646,0.0,0.0
0.4428338,0.0,0.06438955
0.637815,0.0,0.025851302
0.8835608,0.0,0.0072570015
0.4433473,0.0,0.022343338
0.57814354,0.0,0.007064969
0.8654041,0.0,0.00035837467
0.5245405,0.0,0.01634956
0.4403153,0.0,0.072478496
0.69097936,0.0,0.0070801834
0.743514,0.0,0.01814642
0.5132951,0.0,0.10313124
0.44520733,0.0,0.010672615
0.61149657,0.0,0.0
0.7221144,0.0,0.0
0.6321201,0.0,0.015570219
0.55810475,0.0,0.002749529
0.6473167,0.0,0.023419697
0.79543114,0.0,0.011882568
0.8350596,1.0,0.35178834
0.74522835,0.0,0.3277053
0.8467271,0.0,0.29845878
0.7522169,0.0,0.63908446
0.76073456,0.0,0.5009139
0.83494717,0.0,0.1301909
0.61501503,0.0,0.44658062
0.89915854,0.0,0.05369515
0.71935606,0.0,0.0017609202
0.86095583,0.0,0.0064770193
0.78137714,0.0,0.0687526
0.74913025,0.0,0.10116778
0.4696406,0.0,0.01828621
0.7553476,0.0,5.527609e-05
0.82113343,0.0,0.02022046
0.80671364,0.0,0.18548393
0.76726866,0.0,0.029230105
0.8722379,0.0,0.33727527
0.8157236,0.0,0.02622168
0.80006117,0.0,0.4383916
0.83699846,0.0,0.029421814
0.84076244,0.0,0.20200814
0.9574569,0.0,0.0020355093
0.8956415,0.0,0.22670327
0.8875454,0.0,0.028388785
0.7202882,0.0,0.3896868
0.5588461,0.0,0.7842478
0.5601511,0.0,0.35666957
0.6712696,0.0,0.68866277
0.6935146,0.0,0.4909761
0.5225012,0.0,0.399745
0.85014564,0.0,0.009523678
0.90171874,0.0,0.25350484
0.9388369,0.0,0.008314704
0.81260234,0.0,0.44419906
0.8728363,0.0,0.030959768
0.7644526,0.0,0.3253654
0.77254426,0.0,0.008203055
0.87132317,0.0,0.47110397
0.9441374,0.0,0.011354909
0.9608649,0.0,0.3048292
0.86838484,0.0,0.2934766
0.6698458,0.0,0.75953585
0.8105723,0.0,0.6087553
0.91644204,0.0,0.4251496
0.95254105,1.0,0.25449923
0.7753987,0.0,0.013751008
0.67057437,0.0,0.19052984
0.84767157,0.0,0.019220319
0.832834,0.0,0.35737503
0.66625446,0.0,0.032023404
0.810811,0.0,0.3323677
0.7145062,0.0,0.02184758
0.61918974,0.0,0.42144278
0.8807266,0.0,0.1533257
0.8270751,0.0,0.16941379
0.945458,0.0,0.010033336
0.80797964,0.0,0.14339328
0.8183811,0.0,0.5483036
0.92313486,0.0,0.06506565
0.75065476,0.0,0.38251856
0.6823233,0.0,0.44638675
0.69219655,0.0,0.4003604
0.74727935,0.0,0.04495879
0.7670364,0.0,0.4043179
0.876854,0.0,0.09370165
0.6565524,0.0,0.40766767
0.85343975,0.0,0.056936633
0.7092018,0.0,0.4978463
0.83692235,0.0,0.5405132
0.8373422,0.0,0.1408449
0.8586874,0.0,0.44608045
0.8348123,0.0,0.059714545
0.878699,0.0,0.34475008
0.903739,0.0,0.046561
0.9339309,0.0,0.36642003
0.91845566,0.0,0.1628032
0.8454367,0.0,0.48286197
0.59600496,0.0,0.62743837
0.8674957,0.0,0.21585031
0.91900724,0.0,0.297654
0.8774984,0.0,0.029664183
0.8440971,0.0,0.32214043
0.7671956,0.0,0.05205552
0.64057803,0.0,0.566232
0.7524938,0.0,0.1191563
0.75357425,0.0,0.47503158
0.8769293,0.0,0.09728589
0.84949046,0.0,0.49737018
0.95447004,0.0,0.040176414
0.92582643,0.0,0.22353056
0.96642673,0.0,0.07904398
0.74339074,0.0,0.41773093
0.8176409,0.0,0.40475613
0.7226345,0.0,0.77832144
0.75255156,0.0,0.7443787
0.40100294,0.0,0.40090892
0.7570678,0.0,0.4739174
0.54991263,0.0,0.49263823
0.83971906,0.0,0.28208143
0.65624154,0.0,0.34856674
0.7589195,0.0,0.014463951
0.7434168,0.0,0.2982305
0.66629505,0.0,0.031318784
0.7623964,0.0,0.5289971
0.890571,0.0,0.068884976
0.73944515,0.0,0.22941533
0.92208344,0.0,0.0048923604
0.91357505,0.0,0.33933273
0.93725675,0.0,0.06575886
0.7439273,0.0,0.50899583
0.8117742,0.0,0.36024603
0.91762924,0.0,0.93271124
0.90921926,0.0,1.0
0.78269297,0.0,0.7967524
0.817686,0.0,0.21878585
0.5660234,0.0,0.29754642
0.6559295,0.0,0.5270314
0.5616145,0.0,0.2919188
0.49294624,0.0,0.05253527
0.5791878,0.0,0.13525626
0.5221752,0.0,0.014093515
0.61389506,0.0,0.28281808
0.5729437,0.0,0.025722802
0.6193093,0.0,0.32936463
0.59522146,0.0,0.33667386
0.6616678,0.0,0.04236736
0.7404058,1.0,0.47865695
0.80980045,1.0,0.056161437
0.845948,1.0,0.53825504
0.8893788,0.0,0.087890364
0.89678293,0.0,0.29737356
0.57873684,0.0,0.48484558
0.69607323,0.0,0.58723736
0.62122077,1.0,0.53669196
0.81924546,0.0,0.39964727
0.8390366,1.0,0.15266289
0.7954712,0.0,0.0037773186
0.6632276,1.0,0.39321396
0.70667535,1.0,0.013415969
0.63852686,1.0,0.09897063
0.50085235,0.0,0.015917987
0.47265834,0.0,0.059101567
0.7504046,0.0,0.01829535
0.57783794,0.0,0.24901636
0.50695366,0.0,0.002914047
0.7522056,0.0,0.025493886
0.6564944,0.0,0.2248652
0.5904866,0.0,0.57104135
0.55672437,0.0,0.75515544
0.46974877,0.0,1.0
0.58856654,0.0,0.47471568
0.36380112,0.0,0.43252975
0.51772964,0.0,0.23567708
0.47262076,0.0,0.65874916
0.496091,0.0,0.5884787
0.6137061,0.0,0.23382503
0.47517842,0.0,0.4578423
0.49369577,0.0,0.61549133
0.44406283,0.0,0.56233335
0.4930885,0.0,0.40052778
0.49033076,0.0,0.47150302
0.49144718,0.0,0.30066583
0.56210953,0.0,0.33555427
0.61927027,0.0,0.10301779
0.7152626,0.0,0.30356786
0.5746358,0.0,0.15556887
0.53513014,0.0,0.40382987
0.7359873,0.0,0.248979
0.8808801,0.0,0.0
0.5643791,0.0,0.37500185
0.6194445,0.0,0.5821192
0.8102858,0.0,0.02156088
0.75196534,0.0,0.3725288
0.44048816,1.0,0.6700771
0.5197166,1.0,0.26412308
0.60064846,0.0,0.0224741
0.64060485,0.0,0.42150518
0.56264174,0.0,0.40078324
0.70822084,0.0,0.0
0.86187273,0.0,0.0993501
0.50733614,0.0,0.68404216
0.97520566,0.0,0.15286653
0.46067703,0.0,0.40377778
0.696014,0.0,0.26396298
0.70968205,0.0,0.0
0.68869025,0.0,0.1748053
0.7006308,0.0,0.4629732
0.74693924,0.0,0.06739343
0.6522647,0.0,0.0
0.7002111,0.0,0.3300879
0.34190777,0.0,0.397836
0.616852,0.0,0.080901206
0.7314518,0.0,0.0077296426
0.7685852,0.0,0.5612377
0.6773656,1.0,0.481801
0.39858073,1.0,0.29387146
0.43328235,1.0,0.7199022
0.69889104,1.0,0.19781256
0.6418981,0.0,0.1096079
0.5659345,1.0,0.17780401
0.7156128,1.0,0.096449405
0.637238,0.0,0.0
0.74459535,0.0,0.14004196
0.7250463,0.0,0.0
0.7508562,0.0,0.10579865
0.6119245,0.0,0.23774412
0.72527826,0.0,0.20997542
0.84967923,0.0,0.0077141635
0.43922505,0.0,0.27499175
0.7204964,0.0,0.44205192
0.9542882,0.0,0.00441551
0.5607399,0.0,0.40221563
0.39055672,0.0,0.3647731
0.5521132,0.0,0.09174883
0.3014485,0.0,0.42792884
0.42833003,0.0,0.213762
0.6563713,0.0,0.68015486
0.47885716,0.0,0.36224747
0.41247126,0.0,0.42796034
0.84224886,0.0,0.0865877
0.8434373,0.0,0.16146022
0.62288195,0.0,0.40507782
0.5430868,0.0,0.22738956
0.8041073,0.0,0.0
0.7168892,0.0,0.49667856
0.4698794,0.0,0.47691426
0.8611349,0.0,0.039527267
0.8941421,0.0,0.12637304
0.6520541,0.0,0.2961602
0.51210326,0.0,0.20481223
0.8820984,0.0,0.061960656
0.86305857,0.0,0.008013614
0.71711975,0.0,0.32242134
0.57689434,0.0,0.33522767
0.71116775,1.0,0.4254936
0.74169785,1.0,0.07909457
0.5118152,1.0,0.70373577
0.58983,0.0,0.31495318
0.63304776,1.0,0.33225858
0.6416245,1.0,0.056303825
0.5121382,1.0,0.43255892
0.45796186,1.0,0.13464548
0.3933956,1.0,0.36158437
0.37515363,1.0,0.5818695
0.2928516,1.0,0.50884515
0.64118814,0.0,0.072481975
0.545215,1.0,0.1672929
0.5370079,0.0,0.27150244
0.7022777,0.0,0.5279639
0.9396357,0.0,0.027547605
0.8691532,0.0,0.3731139
0.49329454,0.0,0.55062735
0.7884708,0.0,0.3594536
0.8055052,0.0,0.075931154
0.6601465,0.0,0.38998947
0.5970367,0.0,0.38010317
0.6434691,0.0,0.0933199
0.45301938,0.0,0.4973412
0.44085044,0.0,0.34697247
0.42848322,0.0,0.35321885
0.78461003,0.0,0.074682765
0.7720802,0.0,0.011493536
0.74516314,0.0,0.38208842
0.4833309,0.0,0.57737815
0.81762695,0.0,0.012939101
0.7044443,0.0,0.051165625
0.32373777,0.0,0.34414604
0.59949183,1.0,0.4125791
0.7509388,0.0,0.0013445776
0.704335,0.0,0.16679569
0.4052395,0.0,0.3034216
0.6247043,1.0,0.31178546
0.6671305,0.0,0.0032708577
0.42826465,1.0,0.30785102
0.38575995,1.0,0.5831508
0.5122727,1.0,0.3520483
0.8188401,1.0,0.02205759
0.8270003,0.0,0.07284744
0.456474,0.0,0.3220855
0.44614998,1.0,0.34267202
0.7971314,0.0,0.0
0.84465003,1.0,0.18069977
0.38802573,1.0,0.6033206
0.71940345,0.0,0.108856775
0.3820119,0.0,0.73373026
0.58050287,0.0,0.39247867
0.8342847,0.0,0.027019538
0.6810894,0.0,0.44296378
0.6825859,0.0,0.3781378
0.90161455,0.0,0.12257793
0.86947167,0.0,0.11006981
0.54348934,0.0,0.368951
0.4701481,0.0,0.5375432
0.41270253,0.0,0.690258
0.48576736,0.0,1.0
0.44874695,0.0,1.0
0.3432392,0.0,0.66964483
0.38421428,0.0,0.47747198
0.5126367,0.0,0.5515007
0.44088158,0.0,0.4143425
0.5092799,0.0,0.3985587
0.58894634,0.0,0.45673934
0.6553721,0.0,0.43636796
0.44327417,0.0,0.6279837
0.5278157,0.0,0.47009367
0.4092856,0.0,0.335563
0.6985857,0.0,0.44040003
0.47120643,0.0,0.6168521
0.5419763,0.0,0.16962625
0.8030622,0.0,0.20791826
0.5539063,0.0,0.4366172
0.46048442,0.0,0.36359066
0.77542514,0.0,0.0
0.6907973,0.0,0.17467812
0.42932427,0.0,0.59084934
0.7214319,0.0,0.35955587
0.7408452,0.0,0.0
0.74288136,0.0,0.28732732
0.4139176,0.0,0.65108764
0.6918012,0.0,0.2386597
0.5069585,0.0,0.1480152
0.3364094,0.0,0.32486358
0.52235067,0.0,0.5618586
0.56234205,0.0,0.0
0.7648327,0.0,0.0302437
0.6375901,0.0,0.46456796
0.87262493,0.0,0.16033633
0.8955895,0.0,0.00046234205
0.90193677,0.0,0.24870037
0.38334113,0.0,0.51248103
0.45111123,0.0,0.21246253
0.7382173,0.0,0.64251596
0.7983429,0.0,0.11918092
0.81955826,0.0,0.10040918
0.62082493,0.0,0.52762836
0.42024866,0.0,0.45362994
0.7834012,0.0,0.30776024
0.8694211,0.0,0.3082516
0.5567968,0.0,0.28026006
0.8099968,0.0,0.23403166
0.88835627,0.0,0.0
0.8530406,0.0,0.0
0.3560702,0.0,0.4442416
0.3835149,0.0,0.093629874
0.9158312,0.0,0.0058585936
0.548074,0.0,0.35705155
0.34389177,0.0,0.64598066
0.515627,0.0,0.18154891
0.5323541,0.0,0.42999354
0.6531258,0.0,0.5505536
0.5148705,0.0,0.07968544
0.51945454,0.0,0.37725374
0.65945584,0.0,0.24901502
0.26235527,0.0,0.37025076
0.53082377,0.0,0.03601242
0.851937,0.0,0.0075877905
0.7970245,0.0,0.0
0.45427158,0.0,0.31686482
0.737621,0.0,0.0040956708
0.77708817,0.0,0.000905892
0.40098953,0.0,0.0072218473
0.41143757,0.0,0.322887
0.2670172,1.0,0.60090286
0.61437225,0.0,0.4529406
0.50383395,0.0,0.69747615
0.35020876,0.0,0.21830316
0.7801677,0.0,0.0
0.7221388,0.0,0.31893536
0.8910828,0.0,0.2945852
0.92621726,0.0,0.0
0.76001453,0.0,0.038226813
0.82970786,0.0,0.5186301
0.89656574,0.0,0.09460786
0.78734285,0.0,0.0002550048
0.93821335,0.0,0.009414068
0.5848289,0.0,0.2852728
0.77925444,0.0,0.21522847
0.7737016,0.0,0.009066601
0.66960126,0.0,0.45731008
0.78002244,0.0,0.019239496
0.43275726,0.0,0.4868759
0.5683275,0.0,0.6960274
0.78946894,0.0,0.2473059
0.5711278,0.0,0.19561785
0.68899775,0.0,0.0061419113
0.3071094,0.0,0.003966386
0.48961768,0.0,0.38865405
0.8429641,0.0,0.0
0.82798153,0.0,0.0
0.5285921,0.0,0.1776398
0.6129334,0.0,0.28101566
0.63407594,0.0,0.0003086954
0.64070636,1.0,0.018097946
0.36767247,0.0,0.35004166
0.49157053,0.0,0.1193023
0.5679148,0.0,0.004184561
0.5393917,1.0,0.40958932
0.5037015,1.0,0.23545514
0.37439996,1.0,0.054219797
0.4154755,1.0,0.71244735
0.40008983,1.0,0.44873527
0.4292232,1.0,0.59160745
0.48547152,1.0,0.4984808
0.5944967,0.0,0.20186749
0.39946377,1.0,0.16514957
0.57630104,1.0,0.21371162
0.6719905,0.0,0.18522933
0.8242197,0.0,0.00063363335
0.66667396,0.0,0.0
0.5121998,1.0,0.2947105
0.65530217,0.0,0.18677074
0.6708761,0.0,0.0
0.74641836,0.0,0.0
0.55985624,0.0,0.38590732
0.8518663,0.0,0.23262872
0.8799283,0.0,0.009310325
0.9113738,0.0,0.114472784
0.69862765,0.0,0.72501975
0.81264627,0.0,0.099645115
0.8551668,0.0,0.7043876
0.82294965,0.0,0.6325336
0.8054595,0.0,0.4019481
0.8360619,0.0,0.04920655
0.40494543,0.0,0.48533693
0.7669814,0.0,0.30807617
0.49925408,0.0,0.21795493
0.41618565,1.0,0.5096769
0.91333663,0.0,0.022311613
0.87382054,0.0,0.0
0.5297039,1.0,0.19242461
0.4139399,1.0,0.39326108
0.7787086,0.0,0.0
0.52448183,0.0,0.0
0.5585154,1.0,0.18482633
0.7066419,1.0,0.09335375
0.71768177,0.0,0.0
0.68657094,1.0,0.13915567
0.720574,1.0,0.48488566
0.7885995,0.0,0.012520695
0.70947933,1.0,0.11996396
0.368058,1.0,0.3718537
0.45158312,1.0,0.11794567
0.8481276,0.0,0.03861851
0.7773547,1.0,0.25921935
0.48980075,1.0,0.29880896
0.55673015,1.0,0.7235463
0.3830668,1.0,0.6442571
0.38476455,1.0,0.19058971
0.3337742,1.0,0.7105768
0.53203046,1.0,0.6568738
0.67166483,0.0,0.35295346
0.73940176,1.0,0.13441922
0.55432725,0.0,0.32370514
0.7911127,0.0,0.21621743
0.4818167,0.0,0.6130795
0.68700385,1.0,0.54772437
0.6438302,0.0,0.009357936
0.9303431,0.0,0.11101033
0.39994484,0.0,0.41737053
0.5548658,1.0,0.4316483
0.6478772,1.0,0.022179065
0.39069927,1.0,0.38210386
0.4147597,1.0,0.52486223
0.41027308,1.0,0.23818044
0.6652487,0.0,0.10161804
0.3578972,0.0,0.48044893
0.3371349,0.0,0.8432988
0.5215301,0.0,0.29804432
0.44347805,0.0,0.42373073
0.6044377,0.0,0.13157758
0.5844625,0.0,0.39624146
0.558482,0.0,0.41714168
0.56479216,0.0,0.5138955
0.5989471,0.0,0.15794311
0.8077839,0.0,0.0
0.56071097,0.0,0.42597252
0.56022614,0.0,0.37961346
0.88613164,0.0,0.0026886435
0.90967244,0.0,0.0702145
0.70164603,0.0,0.30386955
0.7220707,0.0,0.21760356
0.8419623,0.0,0.0
0.61558384,0.0,0.37179568
0.36405253,0.0,0.6217543
0.6587801,0.0,0.4569485
0.7057638,0.0,0.40071267
0.5910893,1.0,0.066276364
0.4028401,1.0,0.60429496
0.4653258,1.0,0.36883023
0.4635366,1.0,0.32155
0.8658903,0.0,0.6550317
0.8356907,0.0,0.68264794
0.757833,0.0,0.14853807
0.811543,0.0,0.00011903637
0.80125165,0.0,0.5629487
0.95969045,0.0,0.4330095
0.9258436,0.0,0.06862725
0.95942384,0.0,0.41639924
0.8589197,0.0,0.12953115
0.4577863,0.0,0.36513853
0.75389785,0.0,0.27131054
0.8034078,0.0,0.18273422
0.94886994,0.0,0.13437858
0.92806244,0.0,0.28580278
0.8616337,0.0,0.021384876
0.75600725,0.0,0.506639
0.90223205,0.0,0.35026097
0.91150284,0.0,0.015787533
0.909421,0.0,0.11749167
0.7369223,0.0,0.45759842
0.9481711,0.0,0.0034583278
0.9611685,0.0,0.023059199
0.9600808,0.0,0.35649335
0.77785647,0.0,0.213716
0.944362,0.0,0.0
0.95594156,0.0,0.22733074
0.56373817,0.0,0.58735996
0.7200633,0.0,0.33594397
0.94052434,0.0,0.16696185
0.8961148,0.0,0.5215868
0.79844207,0.0,0.78002983
0.9537616,0.0,0.1348709
0.9824786,0.0,0.012481228
0.8291945,0.0,0.32864422
0.9352111,0.0,0.28516537
0.8667187,0.0,0.2740009
0.81256795,0.0,0.4177942
0.710137,0.0,0.13988493
0.788563,0.0,0.18474054
0.8820221,0.0,0.3500578
0.8617677,0.0,0.04164115
0.48513955,0.0,0.3877582
0.862585,0.0,0.43416354
0.88674027,0.0,0.43487942
0.945094,0.0,0.24831234
0.8981747,0.0,0.23941967
0.9578036,0.0,0.0
0.9772276,0.0,0.13708156
0.98907894,0.0,9.5585085e-05
0.984035,0.0,0.0058791623
0.89668393,0.0,0.28479794
0.9618924,0.0,0.0
0.9612594,0.0,0.10296234
0.84216696,0.0,0.251281
0.7633749,0.0,0.35525116
0.79890704,0.0,0.60633004
0.9017286,0.0,0.6468388
0.8967407,0.0,0.7350701
0.92259073,0.0,0.19271669
0.939728,0.0,0.25368646
0.9762388,0.0,0.0
0.96390516,0.0,0.0
0.873962,0.0,0.0
0.98510575,0.0,0.0035688253
0.8109421,0.0,0.005641527
0.93071854,0.0,0.0
0.86089236,0.0,0.00038965628
0.89483565,0.0,0.015053507
0.8721398,1.0,0.013772575
0.78848207,0.0,0.0
0.7863861,1.0,0.099930696
0.75137633,1.0,0.020372668
0.7838971,0.0,0.112828925
0.8722394,0.0,0.015053259
0.89973307,0.0,0.0
0.6952432,0.0,0.0053144093
0.7399671,0.0,0.09836554
0.914964,0.0,0.0
0.9757725,0.0,0.0
0.9626807,0.0,0.024145532
0.89678466,0.0,0.101070546
0.9272769,0.0,0.0018664243
0.8887879,0.0,0.0
0.92093277,0.0,0.101379596
0.8510534,0.0,0.22942203
0.8935804,0.0,0.0038334236
0.96850586,0.0,0.109961696
0.6907176,0.0,0.45007485
0.9059541,0.0,0.12504728
0.9578798,0.0,0.24984059
0.9333269,0.0,0.47771278
0.58487177,0.0,0.6621802
0.7956495,0.0,0.28574666
0.7203397,0.0,0.6822861
0.74152726,0.0,0.35924834
0.91991377,0.0,0.0032891133
0.63992137,0.0,0.17145947
0.9397374,0.0,0.38840422
0.96683425,0.0,0.0012337532
0.98695195,0.0,0.0
0.7652615,0.0,0.34429643
0.78627497,0.0,0.366093
0.9409647,0.0,0.014281696
0.9468984,0.0,0.03482257
0.97585344,0.0,0.0006642811
0.9866425,0.0,0.027031034
0.98358905,0.0,0.0041170046
0.9665418,0.0,2.770007e-05
0.9611485,0.0,0.017302074
0.9706792,0.0,0.025203949
0.96616715,0.0,0.005724852
0.83811605,0.0,0.0030168872
0.78722394,0.0,0.0
0.9041818,0.0,0.009646899
0.86205137,0.0,0.0
0.86135423,0.0,0.01987314
0.95504236,0.0,0.16334777
0.9447538,0.0,0.1611604
0.8444526,0.0,0.035105594
0.78604746,0.0,0.2999183
0.6797792,0.0,0.56989706
0.5042833,0.0,0.56017166
0.742725,1.0,0.30187273
0.8250571,0.0,0.21558842
0.82979214,1.0,0.3794167
0.8503436,0.0,0.12063775
0.8346812,1.0,0.077608384
0.707895,0.0,0.018483438
0.93698734,0.0,0.00074214395
0.96103626,0.0,0.13755575
0.90262365,0.0,0.06433887
0.8293025,0.0,0.5311617
0.8742186,0.0,0.038071573
0.39491212,0.0,0.56327736
0.46334922,0.0,0.9009068
0.53675544,0.0,0.2494789
0.3759797,0.0,0.9042013
0.90392137,0.0,0.23529369
0.93825233,0.0,0.32829237
0.84585774,0.0,0.005386957
0.8438425,0.0,0.024404744
0.7350019,0.0,0.0
0.97073823,0.0,0.0046760966
0.64356846,0.0,0.10835992
0.7629432,0.0,0.028358663
0.8311826,0.0,0.0
0.7261407,0.0,0.000472627
0.6789352,0.0,0.44875818
0.810146,0.0,0.0787361
0.855096,0.0,0.16787173
0.7116019,0.0,0.2035319
0.82893413,0.0,0.3566019
0.41686442,0.0,0.4907188
0.5006293,0.0,0.49657303
0.57929397,0.0,0.19895189
0.87014115,0.0,0.22486198
0.5371145,0.0,0.17128542
0.6648781,0.0,0.5676232
0.6767468,0.0,0.3840943
0.79621035,0.0,0.18447618
0.8082161,1.0,0.4210133
0.7616675,1.0,0.18474704
0.7461444,1.0,0.33083156
0.49159774,1.0,0.2262932
0.65391874,0.0,0.022840925
0.8160514,0.0,0.10644936
0.68292433,0.0,0.008253984
0.6376632,0.0,0.53275037
0.82132083,0.0,0.5109873
0.71112347,0.0,0.17720503
0.84213966,0.0,0.14284045
0.9273186,0.0,0.2244787
0.7766593,0.0,0.041168384
0.921971,0.0,0.34930998
0.89131534,0.0,0.014801263
0.90027136,0.0,0.0051692794
0.79780906,0.0,0.35651806
0.9381651,0.0,0.043829445
0.93985254,0.0,0.00499363
0.956881,0.0,0.05079943
0.90200806,0.0,0.34580994
0.833264,0.0,0.106514275
0.95931906,0.0,0.066470616
0.8192834,0.0,0.60546774
0.71736944,0.0,0.64694214
0.82526886,0.0,0.16975622
0.87358546,0.0,0.5790893
0.9141853,0.0,0.20826942
0.9713931,0.0,0.03620911
0.7112138,0.0,0.32113823
0.9341761,0.0,0.0
0.6897729,0.0,0.00032486167
0.96866465,0.0,0.0
0.8148512,0.0,0.0077351974
0.9673431,0.0,0.00027755552
0.7954369,1.0,0.035573866
0.5470221,1.0,0.027617149
0.5996284,1.0,0.26068047
0.5621037,1.0,0.2091998
0.60327286,0.0,0.092978016
0.7087486,1.0,0.076892786
0.9589903,0.0,0.00020364499
0.8281841,0.0,0.019387996
0.8170621,0.0,0.01332864
0.55001676,0.0,0.006416293
0.7689485,0.0,0.10027788
0.79605484,0.0,0.0
0.797237,0.0,0.19588149
0.5515433,0.0,0.26528987
0.5776405,0.0,0.61948454
0.7992058,0.0,0.4593142
0.86585414,0.0,0.60320544
0.8381303,0.0,0.025092583
0.6720448,0.0,0.7235746
0.89344007,0.0,0.21532181
0.8812364,0.0,0.26197094
0.7862236,0.0,0.5351661
0.8711368,0.0,0.21463871
0.9412605,0.0,0.0
0.9460742,0.0,0.19655395
0.7538478,0.0,0.45837104
0.95856506,0.0,0.04021387
0.94362295,0.0,0.0
0.8551992,0.0,0.47260815
0.8137885,0.0,0.37218186
0.8672791,0.0,0.0
0.8958689,0.0,0.08738569
0.67615366,0.0,0.49717498
0.5705468,0.0,0.21686132
0.8867617,0.0,0.0012442069
0.5832831,0.0,0.25258335
0.4202209,0.0,0.5680378
0.3889845,0.0,0.3900949
0.60085166,0.0,0.4060248
0.67027843,0.0,0.4089858
0.78651863,0.0,0.10487004
0.6032293,0.0,0.7103805
0.8525312,0.0,0.058880284
0.8096822,0.0,0.55564165
0.94726086,0.0,0.28454438
0.8077687,0.0,0.061736543
0.89621115,0.0,0.066861875
0.76829815,0.0,0.059094545
0.7329751,0.0,0.15425159
0.7038386,1.0,0.6895303
0.68558955,1.0,0.23610428
0.5364157,1.0,0.30021754
0.4815145,1.0,0.44591278
0.7732585,0.0,0.29912084
0.6807798,0.0,0.030498782
0.40029562,0.0,0.00039496893
0.69046587,0.0,0.0
0.48610944,0.0,0.014782471
0.74260885,0.0,0.015599044
0.5616726,0.0,0.013556862
0.56649965,0.0,0.004667864
0.841261,0.0,0.04674095
0.9682748,0.0,0.0
0.84108883,0.0,0.0906434
0.7569682,0.0,0.44417608
0.9147723,0.0,0.39985234
0.9730411,0.0,0.57957315
0.98849726,0.0,0.03926243
0.79038906,0.0,0.28757814
0.9693934,0.0,0.022234337
0.9239218,0.0,0.0
0.9421691,0.0,5.0241775e-05
0.946262,0.0,0.061696563
0.91088563,0.0,0.0016144882
0.722664,1.0,0.08783565
0.83323234,0.0,0.00082099455
0.48092273,0.0,0.10276218
0.6403822,0.0,0.09033023
0.8227786,1.0,0.57987404
0.82246655,1.0,0.36306536
0.41262335,1.0,0.71230316
0.6649217,0.0,0.34635463
0.7276165,0.0,0.06691706
0.5289462,1.0,0.14446162
0.65129286,0.0,0.49712604
0.6661493,0.0,0.016421415
0.6287111,0.0,0.26348552
0.66602737,0.0,0.2599855
0.532381,0.0,0.580837
0.8359819,0.0,0.2030131
0.959394,0.0,1.8224277e-05
0.9333888,0.0,0.23021008
0.83144695,0.0,0.21136114
0.85484713,0.0,0.0010771157
0.92078155,0.0,0.0
0.82291776,0.0,0.35921314
0.8067534,0.0,0.0014312799
0.7944473,0.0,0.00093780394
0.9303394,0.0,0.016134264
0.5900287,0.0,0.2596199
0.8251542,0.0,0.001655146
0.9673594,0.0,0.0
0.8805175,0.0,0.1509431
0.9216938,0.0,0.16175023
0.95234174,0.0,0.00015908813
0.820671,0.0,0.0
0.8401232,0.0,0.30130032
0.8006521,0.0,0.17446502
0.8899047,0.0,0.031332456
0.7166075,0.0,0.18753216
0.67119676,0.0,0.5045935
0.68488234,0.0,0.39508277
0.87689066,0.0,0.9883398
0.6496353,0.0,0.5841065
0.67914927,0.0,0.41989076
0.70624423,0.0,0.5804508
0.606148,0.0,0.57983714
0.64038223,0.0,0.61183506
0.6854042,0.0,0.17861463
0.5475851,0.0,0.4081219
0.65808433,0.0,0.0
0.68845934,0.0,0.36582372
0.726795,0.0,0.15718669
0.57088846,0.0,0.6478493
0.66290826,0.0,0.06072004
0.49544728,0.0,0.50787395
0.5438536,0.0,0.67343247
0.43864837,0.0,0.123701476
0.5204122,0.0,0.5407209
0.63850266,0.0,0.44515616
0.6499953,0.0,0.51334727
0.6649477,0.0,0.026819158
0.70360893,0.0,0.12642393
0.5791538,1.0,0.6137786
0.6026315,0.0,0.29157278
0.43730143,0.0,0.008013342
0.5045781,0.0,0.41691536
0.45881373,0.0,0.51972413
0.5780748,0.0,0.49590415
0.60662514,0.0,0.3425881
0.71474075,0.0,0.10822179
0.6628766,0.0,0.0
0.9120626,0.0,0.26792422
0.8228693,0.0,0.0034687482
0.692365,0.0,2.6742198e-05
0.67020327,0.0,0.18029067
0.9020742,0.0,0.2968384
0.8494351,0.0,0.007666524
0.92497045,0.0,0.0
0.8187639,0.0,0.47305176
0.7971248,0.0,0.5253599
0.9649734,0.0,0.0
0.82044804,0.0,0.3013342
0.71378386,0.0,0.47165558
0.8894595,0.0,0.36807013
0.86329395,0.0,0.5707029
0.9741736,0.0,0.034574043
0.57567894,0.0,0.6075092
0.703618,0.0,0.10582112
0.6900429,0.0,0.011145866
0.5388653,0.0,0.40185848
0.8849238,0.0,0.13260764
0.81973386,0.0,0.0
0.48549137,0.0,0.30158043
0.5556945,0.0,0.45355636
0.5267972,0.0,0.22646981
0.8931804,0.0,0.0
0.8677257,0.0,0.003331983
0.7706854,0.0,0.1337107
0.76677185,0.0,0.04292526
0.87354535,0.0,0.0
0.8216052,0.0,0.09318758
0.70072633,0.0,0.55832213
0.87991416,0.0,0.09798124
0.58865523,0.0,0.6507586
0.595158,0.0,0.38964215
0.8763318,0.0,0.0
0.9467549,0.0,0.11856888
0.80961305,0.0,0.54036343
0.8511646,0.0,0.22459982
0.91921127,1.0,0.14489788
0.68076074,1.0,0.4178856
0.41577345,1.0,0.5133283
0.45931855,1.0,0.5002072
0.8813366,1.0,0.10891471
0.9500504,0.0,0.041831158
0.78215265,1.0,0.3473992
0.89872843,1.0,0.13458663
0.8997484,0.0,0.0
0.6550201,0.0,0.49926838
0.57701623,1.0,0.6167193
0.7419252,0.0,0.101402186
0.58676714,1.0,0.482795
0.851975,0.0,0.09535385
0.7412229,0.0,0.0
0.76469946,1.0,0.37698856
0.8073624,1.0,0.105674
0.5283253,1.0,0.69472253
0.74565226,1.0,0.6979241
0.6565059,0.0,0.6270534
0.73367125,0.0,0.15858519
0.5653753,0.0,0.29163745
0.453983,0.0,0.2822713
0.3658403,0.0,0.570954
0.49356702,1.0,0.8451642
0.49075863,0.0,0.3189353
0.73086077,1.0,0.22558972
0.7781252,1.0,0.1680224
0.88419116,1.0,0.11576016
0.5394843,0.0,0.14285818
0.9300384,0.0,0.07126155
0.7751878,0.0,0.03583085
0.7357898,0.0,0.04793552
0.9116337,0.0,0.44781762
0.7373353,0.0,0.4819648
0.7686087,0.0,0.27743065
0.8711829,0.0,0.09954566
0.383088,0.0,0.6597409
0.4573572,0.0,0.48129493
0.6255627,0.0,0.6470321
0.5432427,0.0,0.019184537
0.80176705,0.0,0.29250577
0.7951196,0.0,0.08002306
0.773542,0.0,0.051032495
0.8475742,0.0,0.23524399
0.9307115,0.0,0.008110315
0.848681,0.0,0.4006737
0.87303644,0.0,0.06197421
0.94163597,0.0,0.034729343
0.92123485,0.0,0.068576045
0.9015703,0.0,0.0
0.8256336,0.0,0.0
0.6682921,0.0,0.03766073
0.71054685,0.0,0.0
0.5031462,0.0,0.455711
0.7716477,0.0,0.233223
0.81333864,0.0,0.096568756
0.5065161,0.0,0.16210988
0.74338496,0.0,0.39928794
0.36298266,0.0,0.20237668
0.7953941,0.0,0.3702109
0.37160975,0.0,0.8197432
0.2515287,0.0,0.5412905
0.34781715,0.0,0.7661752
0.74219024,1.0,0.20600334
0.5862307,1.0,0.22684492
0.39571643,0.0,0.0046967333
0.61595714,1.0,0.12633601
0.50845283,0.0,0.010001079
0.6420853,0.0,0.09706325
0.5560917,0.0,0.019472789
0.517953,0.0,0.25570217
0.55207443,0.0,0.3197104
0.50981885,0.0,0.55716777
0.5779331,0.0,0.40545925
0.5031145,0.0,0.0
0.55364674,0.0,0.26541898
0.6790527,0.0,0.036157694
0.52070326,0.0,0.0014402554
0.58776104,0.0,0.057071984
0.509257,0.0,0.39476785
0.48859397,0.0,0.014297508
0.5021699,0.0,0.007150926
0.45647132,0.0,0.2647792
0.40468958,0.0,0.15333258
0.71853334,0.0,0.4742519
0.5987391,0.0,0.20941183
0.40749067,0.0,0.60725605
0.6071543,1.0,0.6786499
0.586535,1.0,0.6126836
0.5740635,1.0,0.34797502
0.65112656,1.0,0.3849994
0.6030628,1.0,0.096887805
0.7197701,1.0,0.49259683
0.45445034,0.0,0.13632976
0.48297387,0.0,0.5860283
0.56524706,0.0,0.63369584
0.55905455,0.0,0.088031776
0.5030191,1.0,0.36703795
0.5702459,0.0,0.0
0.62521356,1.0,0.2563769
0.58772343,0.0,0.025075046
0.5199935,1.0,0.33838817
0.6154585,1.0,0.07545581
0.7287848,1.0,0.4866696
0.63015825,1.0,0.29263496
0.5657944,1.0,0.30930066
0.6091003,0.0,0.42383108
0.689198,0.0,0.43414015
0.8100934,0.0,0.53214025
0.71539664,0.0,0.32867685
0.7748413,0.0,0.0
0.7841915,1.0,0.09840183
0.6660545,0.0,0.003464071
0.5984938,1.0,0.047147885
0.57750946,0.0,0.0015268996
0.55455387,1.0,0.33273736
0.45142847,1.0,0.06903557
0.6958313,1.0,0.3679026
0.61485046,1.0,0.46220836
0.720634,1.0,0.81886023
0.5902098,0.0,0.4935987
0.64769524,0.0,0.14943781
0.68292356,0.0,0.0065135914
0.6100204,0.0,0.024717983
0.56743836,0.0,0.4327896
0.58524764,0.0,0.0
0.6219411,0.0,0.0
0.6584459,0.0,0.28730348
0.7187902,1.0,0.45557883
0.6236738,0.0,0.043583278
0.5686688,0.0,0.0022116473
0.64369524,0.0,0.30327123
0.7730394,0.0,0.40562347
0.6678574,0.0,0.026245447
0.50906765,0.0,0.067363776
0.62098956,0.0,0.4555234
0.7372223,0.0,0.14236754
0.7378179,0.0,0.5758921
0.7784751,0.0,0.035566825
0.74004024,0.0,0.8046292
0.7256528,0.0,0.40750715
0.60780346,0.0,0.25407836
0.72200656,0.0,0.5434158
0.7576145,0.0,0.40732965
0.6072646,0.0,0.12934774
0.64179987,0.0,0.05755203
0.74896973,0.0,0.4756495
0.62522626,0.0,0.46053725
0.67814225,0.0,0.5310018
0.6560451,0.0,0.019462312
0.83383495,0.0,0.3504909
0.731482,0.0,0.031118855
0.7903908,0.0,0.34774098
0.61998886,0.0,0.03913985
0.772525,1.0,0.3389697
0.8222582,0.0,0.0042305784
0.7290611,1.0,0.26335797
0.81766737,1.0,0.34393448
0.47043687,0.0,0.0
0.7902345,0.0,0.24500135
0.80356604,0.0,0.012146227
0.6269943,0.0,0.77860343
0.5146827,0.0,0.4960608
0.7967225,0.0,0.14108965
0.80747056,0.0,0.29689148
0.52370214,0.0,0.509071
0.54464114,0.0,0.087948635
0.7351792,0.0,0.0
0.76905704,0.0,0.19986323
0.49703944,0.0,0.43075415
0.4837281,0.0,0.0
0.67279226,0.0,0.0
0.782401,0.0,0.40280977
0.41869166,0.0,0.3928231
0.6019646,0.0,0.14547835
0.72274417,0.0,0.5639647
0.8493961,0.0,0.03530915
0.7540412,0.0,0.63881946
0.7466203,0.0,0.092669815
0.74629486,0.0,0.38634402
0.75608516,0.0,0.098742425
0.58381444,0.0,0.45673358
0.7182029,0.0,0.40236732
0.49971548,1.0,0.48158938
0.7372404,1.0,0.51630384
0.72460896,1.0,0.3786694
0.7959991,0.0,0.040588424
0.92937434,0.0,0.07620005
0.7664908,0.0,0.0
0.8797194,0.0,0.24335413
0.6724198,0.0,0.019147312
0.7997172,0.0,0.38465253
0.7358494,0.0,0.13217053
0.73233134,0.0,0.43565145
0.756911,0.0,0.09793091
0.7565372,0.0,0.27704418
0.6547198,0.0,0.04839967
0.67285365,0.0,0.1796443
0.7621724,0.0,0.10155157
0.6875083,0.0,0.012307917
0.7400554,0.0,0.0001373348
0.74011433,0.0,0.0595771
0.59289944,0.0,0.028696422
0.6784129,0.0,0.0011150278
0.70493686,0.0,0.069972716
0.4418253,0.0,0.083382465
0.574378,0.0,0.0
0.6605859,0.0,0.0027807988
0.62266606,0.0,0.29500738
0.6176263,0.0,0.2795008
0.5756513,0.0,0.027052393
0.7363562,0.0,0.5343169
0.5939818,0.0,0.7892976
0.7757719,0.0,0.4867813
0.6080733,0.0,0.49459863
0.56485635,0.0,0.12416414
0.6595552,0.0,0.66799796
0.6096708,0.0,0.47029015
0.5395762,0.0,0.12897865
0.52494,0.0,0.043263517
0.5506376,0.0,0.55879027
0.6133907,0.0,0.68702745
0.4887458,0.0,0.06769889
0.49527198,0.0,0.12531821
0.5894658,0.0,0.612211
0.61612624,0.0,0.6121245
0.4979491,0.0,0.028048044
0.6133561,0.0,0.6600711
0.6131424,0.0,0.13182828
0.49020097,0.0,0.2921755
0.56395566,0.0,0.5885557
0.498799,0.0,0.45675558
0.38530177,0.0,0.07707355
0.487471,0.0,0.53483635
0.7532442,0.0,0.66800034
0.9210202,0.0,0.5134894
0.95993215,0.0,0.16506518
0.84658146,0.0,0.5797796
0.9686072,0.0,0.0
0.9185906,0.0,0.09006069
0.9675537,0.0,0.011111732
0.85323405,0.0,0.19827956
0.88476527,0.0,0.08644884
0.7886077,0.0,0.39086682
0.3725794,0.0,0.8289399
0.6270972,0.0,0.58402884
0.6014837,0.0,0.6371563
0.56128997,0.0,0.2610334
0.45742953,0.0,0.5660359
0.5171669,0.0,0.256316
0.7750589,0.0,0.45049268
0.8828868,0.0,0.0044642696
0.84967744,0.0,0.4057589
0.78499824,0.0,0.0
0.54358375,0.0,0.28420776
0.8087172,0.0,0.3411695
0.5538395,0.0,0.58704937
0.6060949,0.0,0.14069648
0.54874784,1.0,0.19903259
0.90409553,0.0,0.0
0.49012014,0.0,0.0
0.55566555,0.0,0.22171827
0.7465854,0.0,0.0
0.90890807,0.0,0.0
0.57264066,0.0,0.2349456
0.3472199,0.0,0.5820364
0.49926028,0.0,0.3211434
0.6894852,0.0,0.60486543
0.9354255,0.0,0.2672913
0.626482,0.0,0.6731884
0.9327732,0.0,0.08846967
0.5725978,0.0,0.2467178
0.60185164,0.0,0.392032
0.49252576,0.0,0.5087932
0.54344857,0.0,0.3254099
0.5998172,1.0,0.32190093
0.48054874,1.0,0.48588157
0.619779,0.0,0.006403482
0.47203705,1.0,0.474383
0.47258496,1.0,0.19744189
0.46220702,1.0,0.0111708725
0.40686944,0.0,0.2055245
0.6874754,0.0,0.039862573
0.5718254,0.0,0.001155411
0.41886845,0.0,0.0007992741
0.38118726,0.0,0.23936611
0.6584189,0.0,0.2101118
0.69412977,0.0,0.52460617
0.4897232,0.0,0.3684437
0.8620928,0.0,0.3098546
0.6746421,0.0,0.43819353
0.5971902,0.0,0.17633773
0.59459543,1.0,0.29707178
0.44352296,0.0,0.079288416
0.2968759,1.0,0.6285775
0.4236116,1.0,0.39934027
0.5530084,1.0,0.11768259
0.4362334,1.0,0.5586439
0.46405745,1.0,0.27061793
0.8231715,1.0,0.047950484
0.5052567,1.0,0.3989484
0.39621818,1.0,0.6194848
0.62332565,1.0,0.5998393
0.8135828,1.0,0.20560959
0.601168,0.0,0.34028375
0.41403487,0.0,0.671039
0.41003928,0.0,0.37516683
0.68061393,0.0,0.114673264
0.810425,0.0,0.09360562
0.749366,0.0,0.0016068312
0.77118963,0.0,0.00081583374
0.7040287,0.0,0.01835889
0.70619875,0.0,0.028486226
0.7243504,1.0,0.042568292
0.7312006,0.0,0.0
0.7443073,0.0,0.2194301
0.9548176,0.0,0.005798101
0.85834885,0.0,0.4007649
0.9277927,0.0,0.21333621
0.93321186,0.0,0.41635704
0.96147084,0.0,0.010502776
0.9378708,0.0,0.24726498
0.9007618,0.0,0.0
0.65558726,0.0,0.15204906
0.7947532,0.0,0.043129686
0.67054635,0.0,0.3635031
0.49088857,0.0,0.12012817
0.42366835,1.0,0.2514665
0.5225445,0.0,0.64005136
0.7116835,0.0,0.23585239
0.6520707,0.0,0.20871799
0.45863318,1.0,0.8756471
0.57471204,0.0,0.5072932
0.47126207,0.0,0.09298214
0.7248517,0.0,0.0
0.47052214,0.0,0.09027319
0.75688297,0.0,0.008375504
0.6875705,0.0,0.39653268
0.92633957,0.0,0.0
0.6304522,0.0,0.42460704
0.72682065,1.0,0.21368818
0.851949,0.0,0.1224817
0.46130422,0.0,0.7927616
0.3201565,0.0,0.73412484
0.518402,0.0,0.27818382
0.8695464,0.0,0.20963939
0.812219,0.0,0.032474548
0.9522967,0.0,0.0058854865
0.8930157,0.0,0.07121507
0.84636986,0.0,0.0050227726
0.8292234,0.0,0.3939318
0.9210884,0.0,0.008127052
0.50171465,0.0,0.22403026
0.58120096,0.0,0.73224616
0.3739204,0.0,0.8200751
0.3081994,0.0,0.12460435
0.6918995,0.0,0.12586226
0.95589405,0.0,0.0064184177
0.8490416,0.0,0.00776132
0.78100336,0.0,0.0026866214
0.7707183,0.0,0.011128532
0.8425534,0.0,0.0
0.7900321,0.0,0.08800763
0.7052218,0.0,0.028190976
0.6537739,0.0,0.18034911
0.91342753,0.0,0.06416977
0.9393999,0.0,0.00954234
0.7901848,0.0,0.011469441
0.88929605,0.0,0.029284777
0.6306589,0.0,0.21546942
0.79037493,0.0,0.29599914
0.37830135,0.0,0.6202716
0.49892733,0.0,0.77995104
0.39656585,0.0,0.77187985
0.4273773,0.0,0.27844197
0.47166207,0.0,0.59309536
0.34287402,0.0,0.49679244
0.62303734,0.0,0.10481466
0.8854209,0.0,0.7910273
0.7047801,0.0,0.0950362
0.66937727,0.0,0.44276786
0.90072185,0.0,0.12408576
0.382303,0.0,0.5111218
0.621211,0.0,0.13196011
0.36844158,0.0,0.66476715
0.57115847,0.0,0.22007807
0.8734013,0.0,0.019757409
0.246819,0.0,0.5404273
0.24206269,0.0,0.39541867
0.44636157,0.0,0.061481506
0.6128535,0.0,0.21632391
0.39577007,0.0,0.42845595
0.37443334,0.0,0.25192276
0.49396333,0.0,0.5773381
0.47010604,0.0,0.11418938
0.5464871,0.0,0.5534724
0.65235305,0.0,0.8185822
0.8102373,0.0,0.18036467
0.49867517,0.0,0.61322796
0.61379504,0.0,0.37411296
0.58153594,0.0,0.5841532
0.6298381,0.0,0.72573787
0.7967772,0.0,0.6454973
0.6667894,0.0,0.8423085
0.6131412,0.0,0.71165115
0.8211874,0.0,0.048132665
0.6445645,0.0,0.30850902
0.76861686,0.0,0.0
0.9270287,0.0,0.09310113
0.72305775,0.0,0.00035438736
0.79399115,0.0,0.17429918
0.7572422,0.0,0.0028020302
0.6325208,0.0,0.08940846
0.4866029,0.0,0.41072825
0.6463563,0.0,0.4044942
0.49738234,0.0,0.3091799
0.7148345,0.0,0.35484695
0.7118467,0.0,0.14192016
0.7149268,0.0,0.12041738
0.61628085,0.0,0.46067286
0.8861213,0.0,0.07020676
0.61095995,0.0,0.27402732
0.5954454,0.0,0.019609658
0.67041,0.0,0.011975921
0.4507517,0.0,0.5517415
0.7265948,0.0,0.17228048
0.6317525,0.0,0.46888223
0.6460025,0.0,0.0030514565
0.77636886,0.0,0.3104629
0.8359024,0.0,0.108551085
0.8553634,0.0,0.2571949
0.8414395,0.0,0.07416196
0.6479246,0.0,0.014060996
0.6864974,0.0,0.55291444
0.31359515,0.0,0.2532153
0.2616143,0.0,0.18737759
0.3940302,0.0,0.6310641
0.5289089,0.0,0.48580602
0.6404603,0.0,0.5328052
0.5498715,0.0,0.3665363
0.70773745,0.0,0.5732587
0.5581198,0.0,0.12042722
0.6283914,0.0,0.37220648
0.60912585,0.0,0.009165302
0.5609542,0.0,0.2714864
0.9147579,0.0,0.030646134
0.5185017,0.0,0.12173461
0.9149289,0.0,0.016592301
0.63324004,0.0,9.765219e-05
0.86170536,0.0,0.1417113
0.9198374,0.0,0.065196656
0.618049,0.0,0.30642405
0.7812457,0.0,0.5712484
0.75292146,0.0,0.6016732
0.6156113,0.0,0.008742858
0.5905027,0.0,0.21927069
0.5370154,0.0,0.516375
0.39908063,0.0,0.39374456
0.50051415,0.0,0.073994786
0.34787887,0.0,0.037892647
0.45815593,0.0,0.81992394
0.49008268,0.0,0.5332755
0.5288556,0.0,0.042922053
0.52959585,0.0,0.17775533
0.81411433,0.0,0.0
0.88443476,0.0,0.0139817055
0.8145993,0.0,0.0
0.6191212,0.0,0.0
0.750895,0.0,0.0
0.493988,0.0,0.0102708135
0.52590376,0.0,0.26205558
0.69090754,0.0,0.048778027
0.7144633,0.0,0.28372812
0.6982004,0.0,0.048986305
0.8800577,0.0,0.0
0.84377927,0.0,0.0071505373
0.8982077,0.0,0.0067051267
0.89910054,0.0,0.14569026
0.70453626,0.0,0.059977006
0.86487556,0.0,0.0008502454
0.9181221,0.0,0.1012566
0.35418764,0.0,0.5389928
0.6145314,0.0,0.36728546
0.5645609,0.0,0.20616403
0.50507206,0.0,0.7804621
0.91419023,0.0,0.216119
0.6386763,0.0,0.16239725
0.8375272,0.0,0.15707237
0.68784535,0.0,0.14795287
0.793951,0.0,0.0039399522
0.6342682,0.0,0.059441715
0.9237921,0.0,0.0016870826
0.8905398,0.0,0.0
0.9570516,0.0,0.0014036401
0.6601405,0.0,0.0
0.640596,1.0,0.43583858
0.45009777,1.0,0.40383708
0.6868193,1.0,0.46583083
0.38124904,1.0,0.4509703
0.6854847,0.0,0.020612897
0.73049325,0.0,0.07013211
0.94281715,0.0,0.00027685077
0.82046854,0.0,0.029509615
0.8491132,0.0,0.0004119856
0.66673684,0.0,0.047855664
0.4596941,0.0,0.1659736
0.60570306,0.0,0.3369269
0.49731582,0.0,0.7468752
0.5645543,0.0,0.2034686
0.4794652,0.0,0.08471724
0.38584173,0.0,0.06590506
0.43464795,1.0,0.52323335
0.41653094,1.0,0.5045595
0.48425695,1.0,0.20094639
0.5866916,0.0,0.04624184
0.35360777,1.0,0.62884307
0.57785726,1.0,0.6411328
0.6457548,0.0,0.0930522
0.7902217,1.0,0.22685711
0.8871057,0.0,0.20186749
0.82817453,0.0,0.0077767423
0.7473649,0.0,0.41623437
0.9362085,0.0,0.10994143
0.8940876,0.0,0.18363616
0.85446477,0.0,0.5861724
0.617721,0.0,0.34830564
0.4593116,0.0,0.81136125
0.34738767,0.0,0.7584706
0.5564362,0.0,0.16687775
0.6304456,0.0,0.100875266
0.7545232,0.0,0.06697334
0.9393277,0.0,0.019356353
0.7561703,0.0,0.06484988
0.8283045,0.0,0.00021972154
0.82923824,0.0,0.012058233
0.9113363,0.0,0.009230581
0.6414024,0.0,0.36607674
0.7959804,0.0,0.14527197
0.9088147,0.0,0.0014320347
0.95693284,0.0,0.17020857
0.8399052,0.0,0.026556002
0.7747641,0.0,0.31950593
0.5376423,0.0,0.74924225
0.900081,0.0,0.52817154
0.82149273,0.0,0.5261659
0.86708885,0.0,0.010042818
0.5651063,0.0,0.66017884
0.95705223,0.0,0.20790909
0.5101782,0.0,0.4588833
0.6132373,0.0,0.8104255
0.46687758,0.0,0.5606907
0.82426965,0.0,0.045727003
0.76587856,0.0,0.11555478
0.5261108,0.0,0.3695092
0.33918473,0.0,0.46079928
0.6625186,0.0,0.009410834
0.5596714,0.0,0.10497138
0.88746965,0.0,0.004868212
0.8237847,0.0,0.110004745
0.9311777,0.0,0.0
0.6560622,0.0,0.037980553
0.79825926,0.0,0.013783102
0.63347167,0.0,0.2000845
0.780213,0.0,0.31253368
0.5562322,0.0,0.17145124
0.91648287,0.0,0.08369579
0.7830018,0.0,0.00573458
0.617033,0.0,0.17820713
0.9609961,0.0,0.005996703
0.87176305,0.0,0.22748682
0.5963063,0.0,0.32315785
0.5059276,0.0,0.22265948
0.94044894,0.0,0.0
0.96228725,0.0,0.09846382
0.6509873,0.0,0.513183
0.76058656,0.0,0.2023318
0.97872853,0.0,0.00819363
0.6527867,0.0,0.044235263
0.6001847,0.0,0.36763236
0.6275557,0.0,0.19979818
0.85910916,0.0,0.0
0.6012829,0.0,0.18728136
0.41753072,0.0,0.6074569
0.44391116,0.0,0.29192042
0.62050253,0.0,0.026325835
0.33927065,0.0,0.6516358
0.36315206,0.0,0.7088964
0.5792331,0.0,0.5758287
0.7712288,0.0,0.5172402
0.67915374,0.0,0.50286275
0.89436126,0.0,0.49139985
0.67206866,0.0,0.24360509
0.63942015,0.0,0.6875799
0.7753406,0.0,0.3234474
0.7008462,0.0,0.27342972
0.6071635,0.0,0.70355946
0.36797673,0.0,0.4622582
0.6958083,0.0,0.07368499
0.8853627,0.0,0.4279284
0.93970466,0.0,0.20044675
0.873876,0.0,0.0035525754
0.9762814,0.0,0.047996297
0.72848964,0.0,0.045033935
0.7238864,0.0,0.1497333
0.34524527,0.0,0.7522684
0.58085924,0.0,0.31257355
0.4548014,0.0,0.06609303
0.42675617,0.0,0.40478653
0.57956254,1.0,0.57179135
0.6226317,1.0,0.41495323
0.46332037,1.0,0.6746646
0.63091594,1.0,0.113605715
0.6870838,1.0,0.21840523
0.474275,1.0,0.13603616
0.6584327,0.0,0.20471875
0.6556965,0.0,0.061065093
0.6838327,0.0,0.0624505
0.8401177,1.0,0.31633222
0.96491706,0.0,0.0
0.8511699,1.0,0.1410495
0.9787467,0.0,0.009710941
0.94314414,0.0,0.107463315
0.9664373,0.0,0.02625127
0.83253115,0.0,0.21603575
0.6853774,0.0,0.6996416
0.485124,1.0,0.7109033
0.8906181,1.0,0.25000072
0.8391411,1.0,0.39209142
0.8191043,0.0,0.00040810983
0.81992775,1.0,0.20274854
0.8599391,0.0,0.0075695775
0.5875859,1.0,0.10058506
0.82339644,0.0,0.013815578
0.41422713,1.0,0.27837348
0.8425262,0.0,0.004389952
0.94340223,0.0,0.0010398774
0.8798507,1.0,0.0450083
0.76860934,0.0,0.16745473
0.7797669,1.0,0.50920594
0.7907832,0.0,0.2910585
0.4462636,0.0,0.5465647
0.49433094,0.0,0.82439613
0.52290976,0.0,0.22189198
0.89210594,0.0,0.08267193
0.8598367,0.0,0.0
0.942143,0.0,0.0
0.9797736,0.0,0.00016935113
0.93867487,0.0,0.0005508636
0.9426576,0.0,0.005624639
0.82382226,0.0,0.08347314
0.9091013,0.0,0.2084032
0.76418006,0.0,0.17089568
0.45464814,0.0,0.8390817
0.7528989,0.0,0.790747
0.56896096,0.0,1.0
0.5477628,0.0,0.7824427
0.7542239,0.0,0.17962989
0.8856365,0.0,0.0027977368
0.8877668,0.0,0.010245366
0.7698521,0.0,0.12776448
0.9477399,0.0,0.0007591488
0.8256674,0.0,0.007370402
0.81362706,0.0,0.0013397892
0.7509436,1.0,0.056568626
0.94570196,0.0,0.0
0.8123764,0.0,0.0
0.6250168,1.0,0.024503984
0.8219217,1.0,0.07869515
0.93335795,0.0,0.01053306
0.929427,0.0,0.0
0.9447457,0.0,0.002066568
0.90713644,0.0,0.012962373
0.9365606,0.0,0.0
0.95737755,0.0,0.02251254
0.9638656,0.0,0.069235116
0.6693232,0.0,0.47642532
0.65873104,0.0,0.5977897
0.6950443,0.0,0.50997895
0.85644585,0.0,0.26079103
0.9454457,0.0,0.0
0.954688,0.0,0.0
0.9108276,0.0,0.016850166
0.6776071,1.0,0.038927518
0.6126506,1.0,0.2879874
0.4505041,0.0,0.039080754
0.61785364,1.0,0.27199012
0.6737344,1.0,0.53868204
0.6234692,1.0,0.5998645
0.67254835,1.0,0.2584903
0.7872847,1.0,0.13691631
0.9300776,0.0,0.0
0.73041856,1.0,0.30742368
0.6611095,1.0,0.61622936
0.48367602,0.0,0.23845118
0.5485394,1.0,0.84034467
0.6918613,0.0,0.5556134
0.5145372,1.0,0.54203427
0.57911825,0.0,0.53613484
0.49287024,0.0,0.6690655
0.50958526,1.0,0.6667337
0.53750527,1.0,0.79569906
0.51641345,0.0,0.29406205
0.59917086,0.0,0.6283288
0.6663356,1.0,0.4163894
0.72728,0.0,0.97454953
0.5564069,0.0,0.7467324
0.44003153,0.0,0.45658776
0.47022453,0.0,0.06586456
0.43981078,0.0,0.053502243
0.3863389,0.0,0.68505234
0.44015297,0.0,0.6765375
0.46382833,0.0,0.20766547
0.38990188,0.0,0.3552806
0.68832403,0.0,0.41618198
0.68362343,0.0,0.14582628
0.51279324,0.0,0.15284626
0.63266486,0.0,0.18578403
0.8595693,0.0,0.0
0.7700451,0.0,0.0077437325
0.8699232,0.0,0.09475785
0.89288706,0.0,0.05728497
0.8109184,0.0,0.05142621
0.82441294,0.0,0.030904211
0.73292017,0.0,0.3342532
0.8344839,0.0,0.00024187162
0.8780758,0.0,0.009384689
0.8876596,0.0,0.006060282
0.9258686,0.0,0.23053432
0.933883,0.0,0.0007856999
0.9710419,0.0,0.006781643
0.9384974,0.0,0.19877253
0.74623054,0.0,0.19155641
0.9095019,0.0,0.008131143
0.7618594,0.0,0.14844087
0.86317956,0.0,0.59778845
0.6371486,0.0,0.34830955
0.9059916,0.0,0.25432363
0.7231669,0.0,0.39577726
0.87053317,0.0,0.6712337
0.64177513,0.0,0.4599005
0.84594643,0.0,0.15319847
0.895137,0.0,0.014736617
0.8821861,0.0,0.0
0.6595297,0.0,0.027486451
0.9189595,0.0,0.0075627347
0.778147,0.0,0.044550106
0.8307975,0.0,0.021609152
0.69322413,0.0,0.028540641
0.8879165,0.0,0.016043833
0.9195377,0.0,0.0057914536
0.92177176,0.0,0.0014360351
0.6061335,0.0,0.04121502
0.71037775,0.0,0.009749459
0.8034077,0.0,0.0045875725
0.8451894,0.0,0.0
0.8332725,0.0,0.013553587
0.59217006,0.0,0.00047373382
0.8934595,0.0,0.019573571
0.84646,0.0,0.14199774
0.7693403,0.0,0.0
0.90851736,0.0,0.03622705
0.83822745,0.0,0.4902441
0.8766714,0.0,0.47331485
0.75469536,0.0,0.46834597
0.92163706,0.0,0.016903123
0.9002729,0.0,0.07681033
0.9123922,0.0,0.26363328
0.8137449,0.0,0.14559726
0.9451452,0.0,0.0
0.94263744,0.0,0.01478267
0.89301956,0.0,0.3207588
0.77198905,0.0,0.15643238
0.94641006,0.0,0.0
0.926845,0.0,0.10312053
0.8484934,0.0,0.00021194106
0.73272,0.0,0.35173488
0.76742804,0.0,0.2935205
0.68885756,0.0,0.0
0.7869174,0.0,0.2452616
0.7715966,0.0,0.6292652
0.5977006,0.0,0.39705262
0.63355327,0.0,0.11756678
0.6147334,0.0,0.79622096
0.55036265,0.0,0.5829986
0.56928134,0.0,0.057734918
0.72676194,0.0,0.42509153
0.66233313,0.0,0.41017115
0.808265,0.0,0.3468237
0.8517601,0.0,0.08856874
0.7648476,0.0,0.00021752756
0.70904607,0.0,0.044601597
0.6741471,0.0,0.31840456
0.6514813,0.0,0.041794688
0.8116877,0.0,4.137861e-05
0.660015,0.0,0.3516911
0.4875729,0.0,0.584193
0.78513217,0.0,0.013331486
0.73486054,0.0,0.06835794
0.8434494,0.0,0.44526783
0.64148736,0.0,0.16971473
0.7531173,0.0,0.0036295194
0.7261598,0.0,0.18719472
0.591178,0.0,0.34166664
0.4867416,0.0,0.81901246
0.5379907,0.0,0.1366638
0.4911286,0.0,0.68940747
0.62533545,0.0,0.28967318
0.73984015,0.0,0.06478369
0.4364079,0.0,0.18604775
0.5696039,0.0,0.042349562
0.47142214,0.0,0.31746763
0.4962117,0.0,0.21957994
0.6691661,0.0,0.012367414
0.83119285,0.0,0.053151026
0.8709982,0.0,0.084269956
0.8728423,0.0,0.0
0.8705343,0.0,0.008837644
0.90469766,0.0,0.0007133484
0.8166178,0.0,0.08415349
0.8029453,0.0,0.4707422
0.6914171,0.0,0.49194017
0.9266298,0.0,0.15792772
0.88131404,0.0,0.40849292
0.87347275,0.0,0.10557716
0.925131,0.0,0.30344576
0.7745882,0.0,0.6079653
0.86132944,0.0,0.45028824
0.8784491,0.0,0.006834185
0.63039035,0.0,0.26732957
0.9073835,0.0,0.25436774
0.8643745,0.0,0.26783088
0.9222651,0.0,0.0
0.76592517,0.0,0.39545116
0.66342,0.0,0.3738451
0.5222273,0.0,0.16273576
0.9440535,0.0,0.026162194
0.83687717,0.0,0.38601926
0.84967524,0.0,0.056137107
0.71036804,0.0,0.30895677
0.8555708,0.0,0.019758904
0.6660073,0.0,0.24275532
0.69020814,0.0,0.5757673
0.9420111,0.0,0.031772595
0.7987556,0.0,0.12148147
0.8742418,0.0,0.02264677
0.39205098,0.0,0.50292045
0.8086515,0.0,0.29115003
0.52364445,0.0,0.6416562
0.42590258,0.0,0.4809416
0.75355303,0.0,0.10212332
0.64052945,0.0,0.13513337
0.7566915,0.0,0.36122462
0.8288099,0.0,0.62134725
0.80707276,0.0,0.038219046
0.87083435,0.0,0.064595245
0.82747287,0.0,0.39523974
0.90332526,0.0,0.40876737
0.82698274,0.0,0.00398887
0.9087356,0.0,0.2835883
0.66491306,0.0,0.7086462
0.41226062,0.0,0.18181224
0.7132973,0.0,0.0023758237
0.64619243,0.0,0.43841746
0.6092894,0.0,0.2441262
0.8927028,0.0,0.23778579
0.7034926,0.0,0.031534858
0.43831733,0.0,0.5542138
0.5630753,0.0,0.34397
0.5420897,0.0,0.006762
0.6904362,0.0,0.006804771
0.5831766,0.0,0.34951255
0.695282,0.0,0.828771
0.594062,0.0,0.109025694
0.6462488,0.0,0.46586514
0.60039663,0.0,0.49727282
0.66712654,0.0,0.5690876
0.9096598,0.0,0.03723856
0.74708974,0.0,0.19897701
0.88121295,0.0,0.0
0.90524966,0.0,0.0
0.9407239,0.0,0.019515622
0.92074245,0.0,0.008384438
0.75267214,0.0,0.001002843
0.94933933,0.0,0.017254818
0.82139707,0.0,0.043420576
0.7256851,0.0,0.02615199
0.64009356,0.0,0.016063105
0.6191053,0.0,0.21185999
0.6336747,0.0,0.046977043
0.76138824,0.0,0.17079818
0.81434244,0.0,0.010959064
0.64399225,0.0,0.51698923
0.8344259,0.0,0.16070594
0.68796796,0.0,0.16162808
0.89726895,0.0,0.015022436
0.73937285,0.0,0.08415245
0.5846689,1.0,0.38057816
0.56319433,1.0,0.5932993
0.75862396,1.0,0.19363227
0.7349836,1.0,0.19178161
0.40780178,1.0,0.2890354
0.57235515,1.0,0.538379
0.65856725,0.0,0.10810291
0.8681894,0.0,0.37217602
0.9011813,0.0,0.0
0.89448696,1.0,0.3291862
0.87744385,0.0,0.18286936
0.7496828,0.0,0.30417845
0.79246694,0.0,0.5656447
0.4828492,0.0,0.69737345
0.86146706,0.0,0.4039452
0.89610326,0.0,0.38331336
0.9574982,0.0,0.27702278
0.8661226,0.0,0.45686495
0.9473284,0.0,0.054376163
0.82742375,0.0,0.31122103
0.958864,0.0,0.0
0.9475438,0.0,0.0
0.6907964,1.0,0.16479233
0.83672297,0.0,0.0
0.36948672,0.0,0.22077231
0.7223093,0.0,0.05314042
0.6841844,0.0,0.49190015
0.95308155,0.0,0.03390632
0.9113032,0.0,0.29227456
0.87014484,0.0,0.12760504
0.9462956,0.0,0.0917107
0.7515505,0.0,0.5460018
0.9738265,0.0,0.044793002
0.6394303,0.0,0.68468064
0.6381098,0.0,0.55221695
0.8425552,0.0,0.03377689
0.8951984,0.0,0.33731776
0.96663374,0.0,0.023822142
0.8876469,1.0,0.25528196
0.97753763,0.0,0.005577006
0.9724973,0.0,0.016132774
0.885097,0.0,0.03494439
0.9037741,0.0,0.015781878
0.5730859,0.0,0.2384697
0.90134054,0.0,0.0120405005
0.5189389,0.0,0.3075271
0.5119428,0.0,0.18159576
0.63283724,0.0,0.1983746
0.65679574,0.0,5.2772924e-05
0.96470594,0.0,0.0061656334
0.92746586,0.0,0.0
0.95119774,0.0,0.007640665
0.94597644,0.0,0.0014279825
0.9730127,0.0,0.0059769736
0.9163409,0.0,0.021634672
0.8288062,0.0,0.015968693
0.9055555,1.0,0.4350194
0.72376394,1.0,0.5361511
0.5905524,0.0,0.25603005
0.8120603,0.0,0.54210556
0.87846464,0.0,0.105803505
0.8731223,0.0,0.09185832
0.68272,0.0,0.6558835
0.8762184,0.0,0.31990603
0.9217767,0.0,0.0013372479
0.8905177,0.0,0.017828815
0.7900521,0.0,0.44944653
0.87060696,0.0,0.36657894
0.9588475,0.0,0.009582471
0.8126333,0.0,0.266794
0.88428736,0.0,0.09134451
0.5420294,0.0,0.50149953
0.9714983,0.0,0.08342486
0.9405666,0.0,0.060555883
0.8384074,0.0,0.14908572
0.88897073,0.0,0.34364152
0.8118049,0.0,0.011252669
0.75234,0.0,0.3307698
0.44908836,0.0,0.63224614
0.91107005,0.0,0.39416215
0.91509557,0.0,0.11197474
0.5732063,1.0,0.3802868
0.60732055,0.0,0.46147838
0.59257704,1.0,0.36944357
0.6407874,0.0,0.22461802
0.7673038,0.0,0.082951985
0.6458081,1.0,0.17937414
0.9560533,0.0,0.00045902995
0.84036094,0.0,0.053181387
0.946815,0.0,0.0011303534
0.8905337,0.0,0.0
0.88549185,0.0,0.27292794
0.9113729,0.0,0.0340093
0.62125957,0.0,0.4184644
0.874261,0.0,0.0
0.6570268,0.0,0.4362299
0.7725492,0.0,0.15248041
0.7486649,0.0,0.41663963
0.9761973,0.0,0.12416675
0.6644206,0.0,0.29275447
0.94955325,0.0,0.0
0.5031985,0.0,0.030219277
0.6594726,0.0,0.34536347
0.8804809,0.0,0.0
0.967581,0.0,0.0
0.8411912,0.0,0.23219523
0.50181323,0.0,0.5918189
0.63796026,0.0,0.16271546
0.90438485,0.0,0.25866243
0.8288166,0.0,0.00057158316
0.72558534,0.0,0.5102262
0.66134655,0.0,0.29996222
0.8291628,0.0,0.010876201
0.91144896,0.0,0.103321254
0.695339,0.0,0.3275711
0.54821014,0.0,0.35694122
0.53189045,0.0,0.61138266
0.966154,0.0,0.1530204
0.7123828,0.0,0.31003946
0.9459836,0.0,0.04714718
0.6636516,0.0,0.45104715
0.8164307,0.0,0.19535956
0.82137746,0.0,0.0
0.82024604,0.0,0.020452278
0.5187074,0.0,0.5609635
0.55710775,0.0,0.30418345
0.6344253,0.0,0.5067468
0.8834252,0.0,0.007272279
0.9131228,0.0,0.044929236
0.864165,0.0,0.027795536
0.42778033,0.0,0.34124604
0.7431117,0.0,0.14389405
0.6403187,0.0,0.004920061
0.5908361,0.0,0.05882007
0.81315964,0.0,0.022291416
0.78336775,0.0,0.0974301
0.8670189,0.0,0.10103301
0.8900172,0.0,0.08523402
0.8270073,0.0,0.0123675205
0.9273851,0.0,0.20018129
0.849287,0.0,0.006748253
0.84758425,0.0,0.18097857
0.6010639,0.0,0.08423059
0.6309405,0.0,0.07328314
0.6315715,0.0,0.0
0.6586292,0.0,0.0017625793
0.36942762,0.0,0.087138265
0.5665831,0.0,0.18202506
0.3761344,0.0,0.6315251
0.46405187,0.0,0.50588524
0.61737096,0.0,0.6624487
0.4860005,0.0,0.1903916
0.5760183,1.0,0.669716
0.7576768,1.0,0.6637891
0.4154159,1.0,0.6567706
0.46254423,1.0,0.33867785
0.4940307,1.0,0.24393666
0.49860486,1.0,0.3221661
0.39011547,1.0,0.8598034
0.70008075,1.0,0.57045776
0.5459445,1.0,0.20548277
0.59945554,1.0,0.62294567
0.5251034,1.0,0.3328796
0.6823742,1.0,0.50700194
0.8426054,0.0,0.20846933
0.8918197,0.0,0.10612309
0.95003194,0.0,0.0
0.79501635,0.0,0.1760939
0.5747533,1.0,0.20401482
0.75459206,0.0,0.0977684
0.92541945,0.0,0.0
0.9338703,0.0,0.0015013532
0.8094101,0.0,0.0
0.98440164,0.0,0.0006058722
0.93402,0.0,0.0
0.935943,0.0,0.090321824
0.8656472,0.0,0.00044453036
0.6284175,0.0,0.31679773
0.5535643,0.0,0.53797174
0.49838138,0.0,0.040865485
0.870594,0.0,0.23198865
0.8633793,0.0,0.010530187
0.87474275,0.0,0.029665591
0.71727264,0.0,0.0010510918
0.74161494,0.0,0.018056333
0.8628442,0.0,0.0012095452
0.88707155,0.0,0.0
0.9044146,0.0,0.034519333
0.9229946,0.0,0.0
0.91945106,0.0,0.07934428
0.8817009,0.0,0.08840895
0.9346378,0.0,0.071407326
0.8773832,0.0,0.52404314
0.72285116,0.0,0.36712268
0.73000264,0.0,0.37741596
0.5323017,0.0,0.62833786
0.5829228,0.0,0.55405015
0.594004,0.0,0.0593567
0.6883071,0.0,0.6366219
0.6420533,0.0,0.2313734
0.59545875,0.0,0.42655227
0.5205531,0.0,0.6416179
0.537619,0.0,0.5671232
0.65421623,0.0,0.09774573
0.58929586,0.0,0.34526017
0.7251619,0.0,0.23192722
0.5752883,0.0,0.32660675
0.54990757,0.0,0.7003538
0.45259103,0.0,0.29125872
0.34951836,0.0,0.7545751
0.52763206,0.0,0.29554665
0.6516444,0.0,0.0020252557
0.86741954,0.0,0.07591198
0.8273581,0.0,0.35054496
0.4713273,0.0,0.18334855
0.84766465,0.0,0.0
0.7873644,0.0,0.18923485
0.51365465,0.0,0.45935816
0.5740263,0.0,0.34435531
0.59283066,0.0,0.13813925
0.4768318,0.0,0.5870893
0.4124227,0.0,0.6426582
0.30052945,0.0,0.34868065
0.7523602,0.0,0.16040553
0.58484626,0.0,0.08267473
0.4541765,0.0,0.25216022
0.43074432,0.0,0.12139657
0.89689416,0.0,0.0
0.5920372,0.0,0.06481107
0.47634074,0.0,0.046598125
0.88243824,0.0,0.014283818
0.87928987,0.0,0.0
0.5947416,0.0,0.012992589
0.42334297,0.0,0.0
0.83332396,0.0,0.0070001744
0.9002994,0.0,0.010702265
0.27529052,0.0,0.24693255
0.404095,0.0,0.4767704
0.76907706,0.0,0.31606397
0.66114074,0.0,0.42228028
0.5785705,0.0,0.66276973
0.8519551,0.0,0.21292292
0.8002846,0.0,0.22456834
0.45004624,0.0,0.32833117
0.82745624,0.0,0.0
0.73604554,0.0,0.0037752604
0.48399746,0.0,0.13434014
0.69541454,0.0,0.2522542
0.82422984,0.0,0.0
0.73458445,0.0,0.0
0.5708174,0.0,0.27921885
0.66373223,0.0,0.010838796
0.9076123,0.0,0.027228037
0.47749254,0.0,0.14732708
0.49807712,0.0,0.10349274
0.71953666,0.0,0.2551553
0.44197968,1.0,0.36799976
0.69095343,0.0,0.36090633
0.4849614,1.0,0.09780166
0.39374092,0.0,0.66797626
0.3719173,0.0,0.22802825
0.67747545,0.0,0.0
0.564209,0.0,0.03155313
0.2872982,0.0,0.08578139
0.839061,0.0,0.0
0.68337816,0.0,0.0
0.65708685,0.0,0.51604307
0.63103545,0.0,0.3257875
0.9749792,0.0,0.0
0.9536248,0.0,0.106177144
0.5364744,0.0,0.608348
0.939033,0.0,0.33042985
0.546952,0.0,0.30773118
0.5123233,0.0,0.43569863
0.8743466,0.0,0.30379027
0.88228166,0.0,0.04956769
0.49038142,0.0,0.25212598
0.36697075,0.0,0.5138534
0.8857601,0.0,0.0010080109
0.88693255,0.0,0.025543222
0.48361078,0.0,0.06454741
0.6126454,0.0,0.16118667
0.8289774,0.0,0.020248836
0.5243948,0.0,0.0073070796
0.46483698,1.0,0.09731024
0.67327523,0.0,0.0035878194
0.9361758,0.0,0.04156121
0.5258004,1.0,0.07272521
0.70316166,1.0,0.30175552
0.53104985,1.0,0.29431194
0.28202954,0.0,0.50907373
0.7209011,0.0,0.35303727
0.38143075,0.0,0.20159675
0.3517394,0.0,0.448987
0.39645523,0.0,0.27726525
0.71014726,0.0,0.0021141963
0.7190469,0.0,0.016182465
0.51040345,0.0,0.29195142
0.8926999,0.0,0.106796086
0.9572064,0.0,0.00361682
0.8939128,0.0,0.28933728
0.4724049,0.0,0.17798238
0.62990266,0.0,0.023195373
0.84802043,0.0,0.0
0.48656666,0.0,0.42528227
0.6019273,0.0,0.23492384
0.6672016,0.0,0.100015335
0.40190393,0.0,0.75262076
0.63834316,0.0,0.5377344
0.8467789,0.0,0.10652124
0.5187413,0.0,0.30237308
0.5540874,0.0,0.5605606
0.77200687,0.0,0.19464831
0.92355484,0.0,0.4441494
0.6495653,0.0,0.895077
0.45787275,0.0,0.8169514
0.8721591,0.0,0.7283773
0.7572139,0.0,0.9012012
0.6011834,0.0,0.57827944
0.64679724,0.0,0.7981764
0.86649996,0.0,0.62553704
0.53417194,0.0,0.4346902
0.65942246,0.0,0.30096698
0.7666432,0.0,0.61963123
0.6147041,0.0,0.17951551
0.7646158,0.0,0.12540886
0.7299853,0.0,0.40707383
0.77035004,0.0,0.38236707
0.6679717,0.0,0.0
0.68820393,0.0,0.1085597
0.6609988,0.0,0.44247496
0.930937,0.0,0.16518691
0.9351329,0.0,6.8039306e-05
0.9275153,0.0,0.1955192
0.7196777,0.0,0.26473886
0.817791,0.0,0.03715836
0.9302959,0.0,0.29422995
0.7476816,0.0,0.5662545
0.79495496,0.0,0.4670032
0.7077708,0.0,0.37054735
0.42821273,0.0,0.60844177
0.5439173,0.0,0.6994773
0.5810323,0.0,0.4672444
0.4389829,0.0,0.3795512
0.61605114,0.0,0.23744322
0.55935204,0.0,0.13726442
0.5444277,0.0,0.16965337
0.7207908,0.0,0.017825387
0.73134845,0.0,0.11295094
0.43416014,0.0,0.030996786
0.54674983,0.0,0.0
0.8664894,0.0,0.033475697
0.8640701,0.0,0.0
0.59559655,1.0,0.012752018
0.6790637,0.0,0.0011188136
0.9340658,0.0,0.017213434
0.69907093,1.0,0.17916223
0.5511719,0.0,0.23888198
0.6021128,0.0,0.297351
0.43942088,0.0,0.34498432
0.7777225,0.0,0.26877397
0.39775458,0.0,0.2639713
0.6600441,0.0,0.5479753
0.564353,0.0,0.40799296
0.7930177,0.0,0.0
0.59780806,0.0,0.15057802
0.46883416,0.0,0.51836926
0.8893057,0.0,0.035862017
0.87519383,1.0,0.004991336
0.79656607,0.0,0.38084716
0.60603446,0.0,0.1721849
0.8140065,0.0,0.0
0.965019,0.0,0.030259585
0.45867425,0.0,0.5240791
0.79391235,0.0,0.42313722
0.65765107,0.0,0.33289832
0.4281829,0.0,0.41762647
0.7439026,0.0,0.5093084
0.91322964,0.0,0.15176395
0.61280376,0.0,0.21180426
0.72222525,0.0,0.23848061
0.8520464,0.0,0.013144817
0.7270473,0.0,0.17326851
0.662211,1.0,0.0648609
0.41863695,1.0,0.10216844
0.90252197,0.0,0.067678824
0.8032268,0.0,0.0
0.4353211,1.0,0.2721279
0.6169877,0.0,0.004728942
0.75340754,0.0,0.05660386
0.37876546,1.0,0.20273499
0.6576102,1.0,0.34475657
0.54197353,0.0,0.37444213
0.36581787,0.0,0.6983278
0.7923774,0.0,0.3271095
0.42415112,0.0,0.09380485
0.6055801,0.0,0.5081638
0.6365436,0.0,0.4144929
0.8310909,0.0,0.0
0.6928076,0.0,0.05964974
0.29492086,0.0,0.46117857
0.9465836,0.0,0.019415947
0.69687176,1.0,0.018213691
0.8987863,0.0,0.3680859
0.66124713,0.0,0.24479459
0.9123051,0.0,0.0
0.9580418,0.0,0.06652815
0.4602725,0.0,0.5454278
0.7345395,0.0,0.24662721
0.52229655,0.0,0.132936
0.3995203,0.0,0.47338736
0.6355375,0.0,0.37803844
0.80790216,1.0,0.015587657
0.63680536,0.0,0.1154769
0.38971147,1.0,0.13910244
0.65210235,0.0,0.0
0.58757883,0.0,0.10875599
0.5663653,1.0,0.11981355
0.76622134,1.0,0.16512853
0.9282208,0.0,0.0090611745
0.8895474,0.0,0.0
0.56978774,1.0,0.31213748
0.70576173,0.0,0.0056550023
0.9459047,0.0,0.020194309
0.606082,1.0,0.15534176
0.7740011,1.0,0.49301568
0.72123766,0.0,0.38187078
0.32442963,1.0,0.45812806
0.8197285,0.0,0.2639872
0.60809547,1.0,0.18623942
0.54386115,0.0,0.37553638
0.69171363,0.0,0.28829753
0.8051344,0.0,0.0
0.8466548,0.0,0.0006978974
0.46358994,0.0,0.2274488
0.83472556,0.0,0.06684231
0.7269493,0.0,0.0
0.9200415,0.0,0.0008959277
0.72348803,0.0,0.28725284
0.75302577,0.0,0.0
0.90520716,0.0,0.0
0.7966228,0.0,0.05265482
0.7666369,0.0,0.25217566
0.63761616,0.0,0.11455403
0.5929502,0.0,0.18556578
0.46490484,0.0,0.48799443
0.57666963,0.0,0.31228447
0.38763523,0.0,0.45121378
0.57530564,0.0,0.24946626
0.46709105,0.0,0.39372808
0.36928824,0.0,0.52279145
0.3803446,0.0,0.6364325
0.37643865,0.0,0.76217604
0.47120038,0.0,0.18594888
0.449075,0.0,0.17718163
0.49253467,0.0,0.75309396
0.46903667,0.0,0.25212517
0.45899785,0.0,0.24620628
0.43914554,0.0,0.4564569
0.36576116,1.0,0.49480596
0.80349463,0.0,0.033223365
0.80087936,0.0,0.01255166
0.3649562,1.0,0.41031918
0.4832593,1.0,0.13158014
0.9160513,0.0,0.0006647321
0.72239995,1.0,0.26102108
0.39704144,1.0,0.48887154
0.61261487,0.0,0.0
0.92102224,0.0,0.0005967848
0.51884747,1.0,0.3097824
0.6782102,1.0,0.36003318
0.6816039,0.0,0.26375565
0.43521345,1.0,0.44381216
0.731395,1.0,0.21992113
0.47440448,1.0,0.5003911
0.4473409,0.0,0.5916982
0.81264794,0.0,0.005049561
0.5949785,1.0,0.18144503
0.70636845,0.0,0.49886596
0.93182415,0.0,0.10812624
0.7840132,0.0,0.004303011
0.6183317,1.0,0.4277617
0.4512848,0.0,0.5819527
0.74044615,0.0,0.35162595
0.5451168,0.0,0.26711354
0.72746575,0.0,0.013810182
0.39393368,0.0,0.2431694
0.43948677,0.0,0.34211767
0.6210663,0.0,0.0014511569
0.59310746,0.0,0.0055825305
0.53632706,0.0,0.54496485
0.5211842,0.0,0.3900378
0.5571946,0.0,0.05127255
0.6150261,0.0,0.6118898
0.44213468,0.0,0.14432846
0.5205319,0.0,0.72237813
0.36135775,0.0,0.45756343
0.80459493,0.0,1.0
0.75303096,0.0,0.28553477
0.7989238,0.0,0.5177248
0.6864818,0.0,0.18767543
0.74283904,0.0,0.47727275
0.8354876,0.0,0.15450943
0.635892,1.0,0.33738598
0.60015947,1.0,0.62231165
0.38707376,1.0,0.7241093
0.8298898,0.0,0.059029788
0.88999814,0.0,0.33698434
0.44188422,1.0,0.36068106
0.5249819,1.0,0.20221826
0.9322759,0.0,0.050964814
0.67959446,0.0,0.6809854
0.46429288,1.0,0.5425843
0.44270247,1.0,0.21860395
0.4144501,0.0,0.29560986
0.9023073,0.0,0.026109593
0.529907,0.0,0.4650046
0.69697833,0.0,0.41525912
0.48123488,0.0,0.5195224
0.7276904,0.0,0.2197796
0.87531596,0.0,0.003534628
0.9120527,0.0,0.4580926
0.89614576,0.0,0.4999324
0.7694642,0.0,0.157966
0.91331905,0.0,0.039972432
0.60241175,0.0,0.60368055
0.5852037,0.0,0.72524196
0.606676,0.0,0.27854973
0.78351647,0.0,0.5666225
0.3703909,0.0,0.30082172
0.64017963,0.0,0.072388
0.7346036,0.0,0.35160863
0.7007499,1.0,0.015981644
0.5991115,1.0,0.36854807
0.8521769,1.0,0.02084558
0.5577737,1.0,0.55927277
0.3420785,1.0,0.25807056
0.4353299,0.0,0.35470706
0.7220688,0.0,0.4784544
0.5374289,1.0,0.7807026
0.58692837,1.0,0.56900895
0.58391035,1.0,0.007614392
0.5126808,1.0,0.5223131
0.52609235,1.0,0.7950139
0.6099052,0.0,0.31914765
0.47561952,1.0,0.4748194
0.37297395,0.0,0.72086996
0.6631016,0.0,0.113232225
0.48658112,0.0,0.1018348
0.7238198,0.0,0.5553021
0.83619165,0.0,0.059557788
0.81514025,0.0,0.47975615
0.8552484,0.0,0.014608301
0.7310963,0.0,0.1159236
0.8666547,0.0,0.0
0.9075985,0.0,0.08497653
0.8097346,0.0,0.17456484
0.8766304,0.0,0.34230694
0.7921377,0.0,0.5287697
0.5483975,0.0,0.18117577
0.7113864,0.0,0.47488293
0.813372,0.0,0.0046632807
0.9486455,0.0,0.0
0.8012345,1.0,0.0
0.89011544,0.0,0.017158367
0.71140623,0.0,0.0032687932
0.7112231,0.0,0.42968127
0.64390296,0.0,0.5873241
0.6641615,0.0,0.14218149
0.7522689,0.0,0.050052714
0.79065466,0.0,0.13020773
0.88914466,0.0,0.0028623103
0.38440165,1.0,0.17914736
0.5107736,1.0,0.18626752
0.6371697,0.0,0.007496588
0.91860557,0.0,0.00018315032
0.6749647,1.0,0.13892582
0.8160796,0.0,0.25904116
0.53970546,1.0,0.49813285
0.5751195,1.0,0.3248729
0.6472395,1.0,0.9239642
0.7001267,1.0,0.5061592
0.67876863,1.0,0.266818
0.887663,1.0,0.8084576
0.5524773,1.0,0.20387958
0.77443284,1.0,0.12533318
0.59627783,1.0,0.7168482
0.7878133,1.0,0.5357363
0.715699,0.0,0.05273094
0.6556574,0.0,0.49770385
0.33628246,0.0,0.30401576
0.46275306,0.0,0.53616357
0.47620228,0.0,0.7192304
0.35064834,0.0,1.0
0.8559768,0.0,1.0
0.7344838,0.0,0.5353275
0.79023707,0.0,0.38324952
0.77271473,0.0,0.44901684
0.97379774,0.0,0.10551902
0.7594543,0.0,0.6452038
0.9462146,0.0,0.054535266
0.7482741,0.0,0.33768982
0.5967976,0.0,0.48117802
0.84338707,0.0,0.68261296
0.7038931,0.0,0.10435704
0.92321616,0.0,0.50092673
0.92334414,0.0,0.08586629
0.91786695,0.0,0.21716584
0.9817093,0.0,0.0
0.9596023,0.0,0.49438912
0.9610255,0.0,0.06222903
0.60867685,0.0,0.6576885
0.8167486,0.0,0.13248798
0.40646455,0.0,0.80548954
0.6051558,0.0,0.3786326
0.9020447,0.0,0.41795695
0.93193793,0.0,0.01690362
0.5200566,0.0,0.5994762
0.5402183,1.0,0.39593157
0.94002306,0.0,0.007913774
0.543748,1.0,0.17136566
0.78718525,0.0,0.0
0.41298103,1.0,0.16650604
0.45077232,0.0,0.12192892
0.86851007,0.0,0.42825627
0.48863146,1.0,0.8978357
0.73990905,1.0,0.454001
0.614129,1.0,0.29796952
0.7703107,0.0,0.0010141023
0.82521075,0.0,0.0
0.57439053,1.0,0.23533353
0.8372444,0.0,0.03346708
0.592629,1.0,0.3570579
0.8150599,0.0,0.685494
0.90055346,0.0,0.73232806
0.6828168,1.0,0.41766113
0.5040236,0.0,0.26294753
0.4981155,1.0,0.57511264
0.6831093,0.0,0.07650758
0.6516692,1.0,0.27255532
0.61651075,1.0,0.66504216
0.56166077,0.0,0.45981467
0.9098442,0.0,0.13603827
0.5947732,0.0,0.41062877
0.79652965,0.0,0.57411647
0.91917974,0.0,0.42220953
0.93635744,0.0,0.058965124
0.6990652,0.0,0.5837476
0.7247789,0.0,0.060596604
0.96091926,0.0,0.27484265
0.71737075,0.0,0.5375962
0.41490918,0.0,0.5497188
0.68908954,0.0,0.252522
0.8939752,0.0,0.0
0.9507457,0.0,0.07523088
0.9514257,0.0,0.0
0.9086182,0.0,0.15123133
0.97162694,0.0,0.00064135937
0.7157366,0.0,0.34672672
0.9021514,0.0,0.30397362
0.87128264,0.0,0.019728312
0.8259828,0.0,0.31837684
0.84306985,0.0,0.5885045
0.54387707,0.0,0.49137974
0.7971928,0.0,0.051772203
0.7811338,0.0,0.34960687
0.94667155,0.0,0.15333788
0.7826256,0.0,0.25880858
0.97798026,0.0,0.0
0.7976321,0.0,0.16089194
0.8939932,0.0,0.0
0.53698796,1.0,0.3069134
0.90594584,0.0,0.067330085
0.7795084,1.0,0.6109186
0.6840887,0.0,0.37437087
0.7749007,1.0,0.11538508
0.41684785,0.0,0.80395746
0.45980686,1.0,0.6088014
0.4420408,1.0,0.26068473
0.786492,0.0,0.09736703
0.52705663,0.0,0.3504192
0.9354871,0.0,0.032894693
0.58055484,0.0,0.3062043
0.95468086,0.0,0.0
0.5823063,0.0,0.36771226
0.7487676,0.0,0.20619415
0.87016994,0.0,0.29191816
0.82123286,0.0,0.7612267
0.49923253,0.0,0.98852354
0.63643986,0.0,0.83666325
0.46526837,0.0,0.8646567
0.6308166,0.0,0.44173732
0.65690005,0.0,0.15872003
0.7006727,0.0,0.4746076
0.68526196,0.0,0.4941589
0.55148196,0.0,0.21596538
0.7197256,0.0,0.4777399
0.61958617,0.0,0.6949876
0.56222445,0.0,0.646188
0.6782163,0.0,0.3411824
0.58358455,0.0,0.18929589
0.64985824,0.0,0.532953
0.5423913,0.0,0.28569055
0.5844708,1.0,0.29458526
0.652675,1.0,0.71377
0.6156499,1.0,0.77096176
0.6350402,1.0,0.22003724
0.64206094,1.0,0.57554305
0.6781844,1.0,0.47789863
0.60086894,1.0,0.22789827
0.7229588,1.0,0.39002192
0.7854085,1.0,0.45983705
0.7134991,1.0,0.48468813
0.631271,1.0,0.52995396
0.63737166,1.0,0.6223953
0.6526606,1.0,0.70238405
0.7868533,0.0,0.21234141
0.7125315,0.0,0.26664716
0.65847254,1.0,0.11216857
0.5539271,1.0,0.22532879
0.6803677,0.0,0.18201339
0.55515957,1.0,0.07453751
0.62484056,0.0,0.34507468
0.56334305,0.0,0.64441305
0.6291661,0.0,0.09643093
0.71698815,0.0,0.16914599
0.6729316,1.0,0.028973931
0.52812403,0.0,0.041317824
0.57659686,0.0,0.2161112
0.60413945,0.0,0.11097213
0.528143,0.0,0.48777178
0.502782,0.0,0.7123038
0.49606475,0.0,0.34879503
0.6644782,1.0,0.60294425
0.6597339,1.0,0.46753046
0.55120075,1.0,0.38660514
0.5168499,1.0,0.32255265
0.57899356,1.0,0.31939536
0.44547614,1.0,0.3924925
0.5930864,1.0,0.4732734
0.6922992,1.0,0.439603
0.5457493,1.0,0.34931636
0.65911233,0.0,0.59625983
0.59008324,1.0,0.48687038
0.7217285,1.0,0.3587127
0.6554639,0.0,0.3261316
0.54336506,1.0,0.4620157
0.49959657,0.0,0.4436723
0.52680856,0.0,0.8126625
0.62290615,0.0,0.7405213
0.42715642,0.0,0.29685947
0.30161327,0.0,0.43147236
0.75681597,0.0,0.4139587
0.89796484,0.0,0.61151075
0.8299452,0.0,0.21330808
0.9430165,0.0,0.25010803
0.78984,0.0,0.12732172
0.3852259,0.0,0.58079493
0.75044554,0.0,0.5928386
0.716731,0.0,0.10627803
0.48426205,0.0,0.24009342
0.5404634,0.0,0.6263242
0.66656506,0.0,0.14922595
0.8248413,0.0,0.0
0.8171985,0.0,0.294482
0.7319286,0.0,0.42288944
0.8416617,0.0,0.04146968
0.9548555,0.0,0.06647514
0.6728319,0.0,0.47532445
0.8410365,0.0,0.29384357
0.88443214,0.0,0.17232613
0.9218647,0.0,0.6825418
0.2853847,0.0,0.45744953
0.74230754,0.0,0.68647254
0.77276415,0.0,0.08666665
0.7023688,0.0,0.7849177
0.84283864,0.0,0.22175346
0.7882392,0.0,0.4678052
0.84992886,0.0,0.23175052
0.7012861,0.0,0.7037374
0.6970769,1.0,0.3523858
0.6735631,0.0,0.0761
0.54694337,0.0,0.24074209
0.5465252,1.0,0.47153464
0.7092448,1.0,0.21074098
0.57988393,1.0,0.0818073
0.55176574,1.0,0.5428311
0.6880491,1.0,0.0814731
0.7229167,1.0,0.7048293
0.4797563,1.0,0.48542443
0.6132488,0.0,0.5303386
0.9070198,0.0,0.16113302
0.80388373,0.0,0.01898541
0.6767278,0.0,0.41334128
0.7556513,0.0,0.7326552
0.9024403,0.0,0.35886788
0.62376434,0.0,0.57032603
0.67320967,0.0,0.66100734
0.7999398,0.0,0.22653465
0.8071353,0.0,0.11986688
0.82788306,0.0,0.02380006
0.769568,0.0,0.25446767
0.6337693,1.0,0.075063825
0.88318115,0.0,0.09337856
0.6206341,0.0,0.018505458
0.8702269,0.0,0.00014953256
0.86298203,0.0,0.38896248
0.850606,0.0,0.18766433
0.8167181,0.0,0.5663449
0.80631775,0.0,0.8082019
0.78157496,0.0,0.3310718
0.6000803,0.0,0.8416503
0.85635334,1.0,0.5122751
0.7867833,1.0,0.14045389
0.60748684,1.0,0.19774629
0.7223614,1.0,0.37607193
0.76129735,0.0,0.25095448
0.70171815,1.0,0.015620846
0.84899163,0.0,0.0
0.76992875,0.0,0.0
0.6854666,0.0,0.10064649
0.8934356,0.0,0.07756941
0.77030265,0.0,0.59540784
0.5266552,0.0,0.39850435
0.8113545,0.0,0.7149961
0.6407053,0.0,0.63731617
0.644058,0.0,0.102807015
0.74466753,0.0,0.06234869
0.82261634,0.0,0.026587129
0.736936,0.0,0.1066318
0.70433223,0.0,0.0022319383
0.3969468,0.0,0.27865952
0.83871335,1.0,0.28833807
0.73709667,1.0,0.44839
0.770456,1.0,0.122256234
0.70588857,1.0,0.510042
0.3541109,0.0,0.42779708
0.50765055,1.0,0.007903918
0.7176174,0.0,0.14990838
0.67312264,0.0,0.2927153
0.73589844,0.0,0.042112064
0.49813905,0.0,0.27387285
0.6232503,0.0,0.37981635
0.6731982,0.0,0.72537726
0.9361958,0.0,0.3960992
0.5688068,0.0,1.0
0.40630284,0.0,0.76299274
0.39976206,0.0,0.49159017
0.4079756,0.0,0.59511065
0.30647975,0.0,0.6756217
0.50412434,0.0,0.7152031
0.35096535,0.0,0.56849104
0.35145187,1.0,0.58944017
0.4111338,1.0,0.26335615
0.37611657,0.0,0.26211172
0.53628075,1.0,0.3729111
0.30731437,0.0,0.41476968
0.598768,1.0,0.6783576
0.47443423,0.0,0.113230586
0.3459598,1.0,0.6114179
0.6655858,0.0,0.35032958
0.51882553,0.0,0.0032129597
0.44813958,0.0,0.15599445
0.6015935,1.0,0.017768828
0.4571465,1.0,0.35350165
0.4177882,1.0,0.29184225
0.55958104,0.0,0.015616362
0.4210419,0.0,0.14679298
0.44409025,0.0,0.10488795
0.7927299,0.0,0.0
0.46562174,0.0,0.19308197
0.71530527,0.0,0.040313642
0.8283022,0.0,0.064592466
0.533702,0.0,0.63847613
0.57135904,0.0,0.39670753
0.44375116,0.0,0.3801352
0.55458206,0.0,0.7950873
0.5167802,0.0,0.60772866
0.4358262,0.0,0.25404912
0.5531471,0.0,0.2208333
0.4248952,0.0,0.36594212
0.6636899,0.0,0.48563895
0.67647874,0.0,0.0888674
0.6758333,0.0,0.06424854
0.71138424,0.0,0.15096489
0.788027,0.0,0.047562256
0.6924539,0.0,0.028762186
0.5436613,0.0,0.051072706
0.7037191,0.0,0.1677897
0.7761435,0.0,2.324152e-06
0.6859079,0.0,0.13287513
0.41488567,0.0,0.2737986
0.8576566,0.0,0.1135182
0.83045006,0.0,0.06932738
0.9055298,0.0,0.13878837
0.92451745,0.0,0.0
0.9690122,0.0,0.0
0.8794232,0.0,0.0
0.85372055,0.0,0.009915744
0.8113968,0.0,0.15650803
0.6066456,0.0,0.8571572
0.68966174,0.0,0.37160158
0.8692104,0.0,0.040819757
0.9041919,0.0,0.0
0.7484869,0.0,0.012678459
0.8544128,0.0,0.038700394
0.8932481,0.0,0.001567334
0.8791981,0.0,0.2968377
0.71341455,0.0,0.004772762
0.6782272,0.0,0.6586352
0.7636133,0.0,0.32185712
0.95004094,0.0,0.0
0.9362888,0.0,0.12660569
0.8238519,0.0,0.2848178
0.66108125,0.0,0.19998571
0.58957464,0.0,0.13995144
0.6450869,0.0,0.6265007
0.62215644,0.0,0.54488665
0.57084066,0.0,0.78126603
0.63926905,0.0,0.26722494
0.73069936,1.0,0.3293375
0.7817958,1.0,0.47513005
0.73134637,1.0,0.59388375
0.7821008,1.0,0.502581
0.8636825,0.0,0.37231416
0.7939691,0.0,0.28657427
0.73922807,0.0,0.603294
0.734191,0.0,0.33904052
0.81506276,0.0,0.22925647
0.7534043,0.0,0.699708
0.731876,0.0,0.26020566
0.7793013,0.0,0.26941496
0.7667515,0.0,0.37154093
0.7572116,0.0,0.02228792
0.7725879,0.0,0.6002567
0.8150139,0.0,0.12961918
0.6715261,0.0,0.48773965
0.7670977,0.0,0.17580807
0.7288032,0.0,0.60563964
0.9203822,0.0,0.06987617
0.5814434,0.0,0.08138792
0.718612,0.0,0.05674076
0.7743343,0.0,0.017311228
0.7623218,0.0,0.10042676
0.8834859,0.0,0.13506609
0.80667037,0.0,0.0072176047
0.7299159,0.0,0.24925636
0.8224328,0.0,0.19914341
0.8709856,0.0,0.069977045
0.78931063,0.0,0.16939536
0.848439,0.0,0.021785302
0.9423581,0.0,0.0
0.9503967,0.0,0.0006657614
0.95627254,0.0,0.0
0.9483965,0.0,0.00068864075
0.91184914,0.0,0.0
0.60341305,0.0,0.19058834
0.81040174,0.0,0.0057235123
0.4802652,0.0,0.70120335
0.57941526,0.0,0.635219
0.7291539,0.0,0.49806944
0.65355194,0.0,0.053298447
0.81475115,0.0,0.0
0.77057296,0.0,0.07126066
0.905445,0.0,0.0
0.8953902,0.0,0.0
0.89526117,0.0,0.0
0.8834008,0.0,0.0002537965
0.73421395,0.0,0.0045075943
0.9331753,0.0,0.0
0.44994244,0.0,0.08874305
0.4735954,0.0,0.028929112
0.73124814,0.0,0.07558357
0.8577593,0.0,0.32247314
0.68636525,0.0,0.112319075
0.6701922,0.0,0.7600538
0.6402694,0.0,0.7286447
0.60906523,0.0,0.23353876
0.47456443,0.0,0.8192506
0.5628159,0.0,0.49820852
0.47781494,0.0,0.08712762
0.61772037,0.0,0.52435696
0.8353831,0.0,0.053252406
0.6110527,0.0,0.024348559
0.6986284,0.0,0.118131526
0.7603286,0.0,0.4053772
0.8322773,0.0,0.14359908
0.6587288,0.0,0.476877
0.9076531,0.0,0.07122047
0.6266093,0.0,0.6650303
0.49726033,0.0,0.32343686
0.55059373,0.0,0.46134326
0.4824466,0.0,0.62073296
0.68447393,0.0,0.23114708
0.7881741,0.0,0.0
0.7925816,0.0,0.088220246
0.93770003,0.0,0.015531555
0.7080245,0.0,0.16393712
0.9037636,0.0,0.036182314
0.9571639,0.0,0.018198667
0.7966698,0.0,0.26464197
0.73539346,0.0,0.07018574
0.83850384,0.0,0.0011723507
0.61673474,0.0,0.36417422
0.4641939,0.0,0.41075364
0.61003834,0.0,0.31808668
0.5295879,0.0,0.38046062
0.5931222,0.0,0.15382923
0.80951524,0.0,0.15218236
0.9246909,0.0,0.0
0.9174644,0.0,0.0
0.9356179,0.0,0.0073731234
0.95021296,0.0,0.0
0.911759,0.0,0.043643147
0.51261985,0.0,0.39643344
0.63643724,0.0,0.25398242
0.82866067,0.0,0.055867292
0.771762,0.0,0.06702766
0.93190974,0.0,0.012297341
0.8162617,0.0,0.12470758
0.9174071,0.0,0.0015615107
0.8221756,0.0,0.0012023227
0.7898483,0.0,0.28211135
0.8708951,0.0,0.022615468
0.7876239,0.0,0.28553146
0.7569073,0.0,0.50085294
0.5148867,0.0,0.3696
0.6767079,0.0,0.2212052
0.42577845,0.0,0.5376116
0.78932744,0.0,0.42997342
0.76152194,0.0,0.37088546
0.64255077,0.0,0.12338421
0.7763803,0.0,0.4511081
0.8408015,0.0,0.1325768
0.68871725,0.0,0.52404684
0.829224,0.0,0.31202862
0.6483882,0.0,0.70110744
0.8817561,0.0,0.1753733
0.81798875,0.0,0.24161854
0.95894593,0.0,0.016099654
0.7793199,0.0,0.068080254
0.83719814,0.0,0.0
0.9412952,0.0,0.0
0.9108015,0.0,0.060455814
0.83498406,0.0,0.040289443
0.8342663,0.0,0.06782925
0.62008756,0.0,0.3164247
0.5211763,0.0,0.5593586
0.8871541,0.0,0.042593338
0.4338737,0.0,0.6456032
0.82606304,0.0,0.18998525
0.9076032,0.0,0.0
0.8932069,0.0,0.0
0.97773093,0.0,0.0
0.83553636,0.0,0.0
0.8742091,0.0,0.1216517
0.6200477,0.0,0.29256052
0.63791716,0.0,0.46259972
0.94819605,0.0,0.002157384
0.6155291,0.0,0.15058184
0.8863686,0.0,0.0038435445
0.8301185,0.0,0.035238776
0.78379864,0.0,0.039086007
0.892959,0.0,0.0555431
0.78832906,0.0,0.24772868
0.6584006,0.0,0.20240124
0.6647456,0.0,0.56815714
0.7462903,0.0,0.08555294
0.50721425,0.0,0.4748786
0.8638554,0.0,0.44953546
0.49681643,0.0,0.4611429
0.30966797,0.0,0.3175399
0.7264629,0.0,0.4418453
0.91515887,0.0,0.0070614917
0.714077,0.0,0.32090035
0.9272692,0.0,0.21738462
0.9172218,0.0,0.006677614
0.76116043,0.0,0.7231851
0.8265876,0.0,0.38656864
0.87658125,0.0,0.14534163
0.7042548,0.0,0.46378118
0.55922854,0.0,0.7553244
0.69262415,0.0,0.5948719
0.7827183,0.0,0.56942266
0.8485315,0.0,0.5008344
0.9250492,0.0,0.11151359
0.8635226,0.0,0.15385173
0.91313183,0.0,0.0
0.78508,0.0,0.0039255195
0.7410791,0.0,0.024959061
0.93604285,0.0,0.014213197
0.7508781,0.0,0.11147921
0.63174415,0.0,0.05107238
0.66421723,0.0,0.045429446
0.5490573,0.0,0.18411362
0.40649405,0.0,0.5050432
0.7135618,0.0,0.24011755
0.8913391,0.0,0.098622516
0.8240932,0.0,0.0
0.9312859,0.0,0.001479376
0.9545369,0.0,0.0
0.9117014,0.0,0.0
0.9002671,0.0,0.011016261
0.7496978,0.0,0.04182663
0.7235558,0.0,0.12297561
0.48911887,0.0,0.14521834
0.6501993,0.0,0.5928868
0.7166509,0.0,0.35499656
0.41248846,0.0,0.24827671
0.39361715,0.0,0.14680086
0.45010298,0.0,0.5884767
0.38075775,0.0,0.4203865
0.53040177,0.0,0.29762778
0.7432152,0.0,0.045537397
0.7672984,0.0,0.10921623
0.83174753,0.0,0.0027846426
0.8563529,0.0,0.0
0.7247174,0.0,0.025896482
0.75943464,0.0,0.009368441
0.6876036,0.0,0.24026777
0.8055164,0.0,0.028825859
0.8397573,0.0,0.24137768
0.71767545,0.0,0.39225546
0.60545236,0.0,0.8814403
0.75182885,0.0,0.54334253
0.64304394,0.0,0.3149993
0.60910803,0.0,0.85501933
0.6162977,0.0,0.46478748
0.7056304,0.0,0.6602945
0.7127454,0.0,0.2928067
0.5786009,0.0,0.39848998
0.8199736,0.0,0.11630898
0.55359286,0.0,0.25658843
0.71308887,0.0,0.17678323
0.8848328,0.0,0.01739969
0.80663747,1.0,0.2800591
0.7557521,1.0,0.24288605
0.753267,1.0,0.1400952
0.85708904,0.0,0.009400337
0.72420406,1.0,0.5507916
0.6933948,0.0,0.22439891
0.6290331,1.0,0.38473254
0.6430917,0.0,0.111428164
0.529329,0.0,0.43413925
0.74747455,0.0,0.4152821
0.72172594,0.0,0.008084778
0.7593405,0.0,0.34775212
0.85865194,0.0,0.04912919
0.8198191,0.0,0.06177724
0.8650891,0.0,0.022809476
0.65637225,0.0,0.066326715
0.7318841,0.0,0.14960419
0.533784,0.0,0.20669822
0.4681636,0.0,0.2171634
0.7959304,0.0,0.010920398
0.49339408,0.0,0.52634954
0.44308653,0.0,0.4746453
0.82429105,0.0,0.08134235
0.8217167,0.0,0.20272598
0.86806995,0.0,0.0
0.954201,0.0,0.0031188536
0.9307936,0.0,0.0218725
0.8792433,0.0,0.0061804256
0.8048122,0.0,0.012419286
0.89877313,0.0,0.01624212
0.69596994,0.0,0.01722265
0.64033264,0.0,0.012681361
0.7181871,0.0,0.006893793
0.6508183,1.0,0.14974773
0.79866964,1.0,0.20242615
0.788939,0.0,0.07546432
0.7249292,0.0,0.077451535
0.79558474,0.0,0.0049162824
0.85024136,0.0,0.004864892
0.75809586,0.0,0.017043404
0.5555456,0.0,0.19661374
0.58509845,0.0,0.16456203
0.5875084,0.0,0.7617314
0.60355145,0.0,0.36862344
0.5233047,0.0,0.63277406
0.5716872,0.0,0.45980465
0.78165144,0.0,0.3326597
0.8801332,0.0,0.04003354
0.60907423,0.0,0.0875966
0.6629837,0.0,0.053485453
0.7006777,0.0,0.08072633
0.566682,1.0,0.40006724
0.6683566,0.0,0.09493663
0.5640369,1.0,0.364663
0.6752888,1.0,0.5850756
0.7487478,1.0,0.7208512
0.916738,0.0,0.07570701
0.6319146,1.0,0.40678686
0.7781361,0.0,0.0052758614
0.8330913,1.0,0.36866516
0.8332038,1.0,0.062441356
0.6949065,1.0,0.17472139
0.882868,1.0,0.5354448
0.5712033,1.0,0.13720568
0.6024533,1.0,0.7670382
0.43996534,0.0,0.6985943
0.5310063,1.0,0.6382262
0.6309657,1.0,0.4448368
0.6938319,1.0,0.3558992
0.72677195,0.0,0.008337647
0.6941402,0.0,0.022225056
0.91003895,0.0,0.0053617936
0.5868683,0.0,0.097353026
0.7810746,0.0,0.0
0.81895655,0.0,0.14469506
0.8031094,0.0,0.08785626
0.70140296,0.0,0.07133798
0.39359978,0.0,0.0036816185
0.7499062,0.0,0.16063231
0.36572614,0.0,0.046325676
0.7139497,0.0,0.049315877
0.60150075,0.0,0.389175
0.90558374,0.0,0.51459944
0.8757084,0.0,0.39352378
0.8136265,0.0,0.0055702496
0.7616754,0.0,0.3243325
0.7731045,0.0,0.21524267
0.3411835,0.0,0.33460367
0.4458637,0.0,0.82493585
0.48549142,0.0,0.6761866
0.4379295,0.0,0.4945935
0.57980305,0.0,0.39363807
0.69715476,0.0,0.18852891
0.4494429,0.0,0.6354024
0.5660651,0.0,0.2645561
0.8987244,0.0,0.06385076
0.82891315,0.0,0.04069147
0.93719214,0.0,0.0
0.8941293,0.0,0.0022838353
0.8818706,0.0,0.0
0.9245986,0.0,0.011061277
0.92984015,0.0,0.010866173
0.7880647,0.0,0.0040751863
0.56070817,0.0,0.03311015
0.6273597,0.0,0.07618314
0.81509525,0.0,0.05838678
0.87387514,0.0,0.013159822
0.846712,0.0,0.0
0.9435252,0.0,0.014254615
0.87584686,0.0,0.0057791886
0.90596443,1.0,0.04420161
0.6332474,0.0,0.012200441
0.7748845,0.0,0.0039389348
0.6210387,0.0,0.08252995
0.793625,0.0,0.102273755
0.8015193,0.0,0.43722957
0.85436463,0.0,0.14567667
0.8351938,0.0,0.78237087
0.66637415,0.0,0.6891174
0.763438,0.0,0.29823422
0.5765934,0.0,0.7537223
0.89867586,0.0,0.5724155
0.9192978,0.0,0.09880812
0.8872082,0.0,0.18696237
0.67939293,0.0,0.40297487
0.8457186,0.0,0.5109524
0.8135008,0.0,0.39347234
0.83199227,0.0,0.37024176
0.7305679,0.0,0.8493854
0.69457865,0.0,0.19579157
0.7141181,0.0,0.48928785
0.7627682,0.0,0.3403504
0.67782193,0.0,0.67998856
0.59631944,0.0,0.49332097
0.68598014,0.0,0.13383193
0.56955874,0.0,0.12775484
0.49492252,0.0,0.44724026
0.5240464,0.0,0.22731258
0.49930063,0.0,0.6284042
0.47006443,0.0,0.7396918
0.5860626,0.0,0.5063459
0.58257335,0.0,0.715514
0.41676626,0.0,0.6300619
0.57110786,0.0,1.0
0.5734187,0.0,0.4600668
0.4046105,0.0,0.3133389
0.52891964,0.0,0.417662
0.78206706,0.0,0.024883138
0.65878195,0.0,0.3331595
0.62033087,0.0,0.35458463
0.79321796,0.0,0.09663953
0.84106684,0.0,0.0
0.6490373,0.0,0.3439729
0.49454775,0.0,0.40394467
0.9434656,0.0,0.0
0.78215444,0.0,0.12360801
0.46689785,0.0,0.5509112
0.50419784,0.0,0.5558273
0.8311658,0.0,0.029784348
0.6412553,0.0,0.5863978
0.7897369,0.0,0.08677908
0.6839454,0.0,0.4167594
0.803681,0.0,0.0009433978
0.9135904,0.0,0.0
0.8791849,0.0,0.0
0.9659781,0.0,0.018812349
0.7914743,0.0,0.0
0.9023156,0.0,0.06649278
0.92484576,0.0,0.16322103
0.8781958,0.0,0.11700425
0.63362557,0.0,0.62633973
0.60903007,0.0,0.4691279
0.819567,0.0,0.19748224
0.5823619,0.0,0.46150708
0.62943023,0.0,0.40803525
0.7072399,0.0,0.16484639
0.7564022,0.0,0.07408277
0.9185135,0.0,0.40036118
0.95627403,0.0,0.18844841
0.9217657,0.0,0.26334232
0.9153412,0.0,0.13291377
0.78929675,0.0,0.6378437
0.88305336,0.0,0.24721283
0.8753976,0.0,0.4623618
0.9436032,0.0,0.0014202622
0.74570316,0.0,0.02743532
0.9313839,0.0,0.009987754
0.8626586,0.0,0.0009966722
0.8588501,1.0,0.07745558
0.96197116,0.0,0.00011384324
0.95531005,0.0,0.0005915062
0.90889496,0.0,0.0
0.9780758,0.0,0.0
0.991152,0.0,0.0060458523
0.977091,0.0,0.0
0.9424693,0.0,0.0
0.98375905,0.0,0.0
0.9848015,0.0,0.027199943
0.94831836,0.0,0.00017367833
0.9368725,0.0,0.0053764093
0.94331557,0.0,0.21670564
0.8037086,0.0,0.24883121
0.88537544,0.0,0.24129036
0.6267294,0.0,0.31530026
0.5944892,0.0,0.57325345
0.6197239,0.0,0.6270637
0.52074814,0.0,0.502269
0.73044795,0.0,0.038374342
0.8125659,0.0,0.4567881
0.8561409,0.0,0.162226
0.7557629,0.0,0.59056383
0.6296112,0.0,0.34538817
0.7268532,0.0,0.41042683
0.8410855,0.0,0.112718835
0.9075029,0.0,0.55339533
0.93546915,0.0,0.043534286
0.73059857,1.0,0.55243987
0.46337816,1.0,0.53491277
0.69133216,1.0,0.6549659
0.92770857,1.0,0.36112392
0.9328912,1.0,0.20577131
0.9039578,1.0,0.30615684
0.51720524,1.0,0.56464106
0.5811609,1.0,0.47823873
0.8588718,1.0,0.0459825
0.6461567,1.0,0.24910313
0.70469135,1.0,0.21523117
0.8153314,0.0,0.0
0.6875047,1.0,0.43328488
0.5381874,1.0,0.6557332
0.97832835,1.0,0.22789411
0.78175545,0.0,0.2856792
0.55107504,1.0,0.7875656
0.7442275,0.0,0.39921388
0.8814044,0.0,0.013433883
0.87275803,0.0,0.010172701
0.89613676,0.0,0.18891257
0.97471005,0.0,0.0
0.85657537,0.0,0.10827307
0.65865844,0.0,0.3795607
0.8979979,0.0,0.0
0.92264766,0.0,0.0
0.8506808,0.0,0.24980405
0.79989964,0.0,0.0279737
0.97132605,0.0,0.0
0.9791965,0.0,0.0
0.94051313,0.0,0.07697757
0.7935957,1.0,0.321015
0.78788453,1.0,0.106017984
0.89952004,0.0,0.0
0.78540957,1.0,0.07472225
0.8856079,0.0,0.012730518
0.8480396,0.0,0.0
0.7764124,0.0,0.0
0.8576482,0.0,0.10096266
0.8715345,0.0,0.15398085
0.8792865,0.0,0.0
0.8269822,0.0,0.0
0.62308866,0.0,0.47288728
0.6934348,0.0,0.18911964
0.7985009,0.0,0.12175759
0.5078211,0.0,0.48862684
0.35484838,0.0,0.06288131
0.67689264,0.0,0.07603056
0.31269956,0.0,0.6163971
0.43413553,0.0,0.18588135
0.75308067,0.0,0.0065038134
0.70718193,0.0,0.14377326
0.37690115,0.0,0.3968081
0.86469424,0.0,0.09762643
0.8858444,0.0,0.005803513
0.48231408,0.0,0.32766765
0.2977543,0.0,0.6669681
0.66451377,0.0,0.046732545
0.93181133,0.0,0.41955024
0.95331514,0.0,0.035651688
0.8421723,0.0,0.5736476
0.657598,0.0,0.44142023
0.7456034,0.0,0.004225565
0.5763056,0.0,0.28127638
0.9326773,0.0,0.02202405
0.74739546,0.0,0.2726607
0.7208577,0.0,0.12649538
0.752355,0.0,0.34586242
0.5522468,0.0,0.012565928
0.6084481,1.0,0.24812394
0.36421376,1.0,0.4560473
0.6177674,0.0,0.008477724
0.71496856,1.0,0.11337082
0.63699937,1.0,0.27972445
0.8966335,0.0,0.07372068
0.77280426,0.0,0.30301684
0.7129037,0.0,0.5685911
0.6605688,0.0,0.75132704
0.7702693,0.0,0.1546574
0.7534431,0.0,0.16692267
0.8331165,0.0,0.33317667
0.8848233,0.0,0.0030808502
0.85438377,0.0,0.0047957227
0.9328507,0.0,0.0026793755
0.9561376,0.0,0.03564905
0.9672278,0.0,0.0
0.8515212,0.0,0.24144398
0.91729915,0.0,0.105200805
0.9277249,0.0,0.0013597116
0.9817076,0.0,0.0
0.51312536,0.0,0.2769362
0.8526522,0.0,0.0044722143
0.91055924,0.0,0.011298133
0.69838566,0.0,0.23992863
0.42950165,0.0,0.18574412
0.63996416,0.0,0.0022779151
0.7191948,0.0,0.07579632
0.5112456,0.0,0.28019786
0.7919703,0.0,0.30087304
0.5830064,0.0,0.6944005
0.72589713,0.0,0.44056848
0.9026102,0.0,0.02335012
0.8559797,0.0,0.31579763
0.4734729,0.0,0.42244655
0.5630525,0.0,0.7162987
0.9534533,0.0,0.041410092
0.8952718,0.0,0.11797847
0.7183955,0.0,0.6126012
0.8884576,0.0,0.23423555
0.95965004,0.0,3.7932765e-05
0.68364304,0.0,0.30507034
0.47467476,0.0,0.3756085
0.9280872,0.0,0.04899806
0.925347,0.0,0.0027182852
0.9113145,0.0,0.2565204
0.854833,0.0,0.23909566
0.962058,0.0,0.0049371757
0.6611213,1.0,0.48875406
0.5884732,1.0,0.4551816
0.5156647,0.0,0.07614828
0.81293464,0.0,0.0010927214
0.918566,1.0,0.42576522
0.92127925,0.0,0.55627763
0.9739402,0.0,0.16761322
0.6899873,0.0,0.3725219
0.7430971,0.0,0.5521467
0.9555137,0.0,0.65850097
0.9659507,0.0,0.14564146
0.7416661,0.0,0.4230146
0.6870666,0.0,0.8356506
0.72611994,0.0,0.28152493
0.95300084,0.0,0.12875868
0.68380195,0.0,0.18297601
0.9896291,0.0,0.06061959
0.98596036,0.0,0.0
0.88073665,0.0,0.0015454063
0.8854829,0.0,0.0019277731
0.89448965,1.0,0.056466695
0.6465808,1.0,0.036599763
0.8146334,1.0,0.37569487
0.79075307,1.0,0.18873289
0.6648459,1.0,0.43608856
0.81477493,0.0,0.3676562
0.80900216,0.0,0.08550111
0.8271754,0.0,0.002458711
0.8241935,1.0,0.12448542
0.9770405,0.0,0.008731655
0.94444674,0.0,0.088169105
0.9760686,0.0,0.0
0.966147,0.0,0.044877704
0.8743151,0.0,0.007790899
0.9361917,0.0,0.060353253
0.68337387,0.0,0.0
0.9179515,0.0,0.18162753
0.79863346,0.0,0.6914421
0.81705445,0.0,0.56147
0.7887837,0.0,0.5271449
0.79120016,0.0,0.12688673
0.80419326,0.0,0.19736464
0.9450613,0.0,0.030462608
0.9674104,0.0,0.00076989376
0.9577546,0.0,0.04976491
0.9847521,0.0,0.0
0.9579141,0.0,0.018741315
0.93684536,0.0,0.0011533113
0.9552229,0.0,0.0039549
0.8032512,0.0,0.06521563
0.9569376,0.0,0.29349738
0.88914555,0.0,0.024954563
0.6422407,0.0,0.78435427
0.8781089,0.0,0.1697914
0.6739471,0.0,0.34255597
0.52006334,1.0,0.4879494
0.39719874,0.0,0.40752885
0.72998786,0.0,0.41065666
0.73980206,0.0,0.071536265
0.8152213,1.0,0.28710654
0.56621593,0.0,0.506288
0.70386887,0.0,0.090103194
0.8577707,0.0,0.11755169
0.88014764,0.0,0.43304324
0.76559365,0.0,0.20659429
0.7970351,0.0,0.0
0.7751343,0.0,0.16145703
0.507275,0.0,0.28309268
0.893574,0.0,0.0
0.822193,0.0,0.004877698
0.74753785,0.0,0.19073322
0.5376541,0.0,0.4559768
0.8838806,0.0,0.22049896
0.70438886,0.0,0.055142798
0.70940167,0.0,0.70282143
0.57898873,0.0,0.34618214
0.6059393,0.0,0.72425926
0.43221194,0.0,0.7429013
0.404475,0.0,0.73414886
0.45068583,0.0,0.22341824
0.67997,0.0,0.23539567
0.7485374,1.0,0.49370843
0.64950997,1.0,0.07163702
0.60265726,1.0,0.7038829
0.915137,0.0,0.032319423
0.75193894,0.0,0.31909776
0.5558092,1.0,0.40152866
0.83591187,1.0,0.06863344
0.92751366,0.0,0.010894694
0.5073473,1.0,0.45346206
0.5538596,1.0,0.28364184
0.8635078,0.0,0.030015118
0.7529959,0.0,0.14717908
0.40201792,1.0,0.49594977
0.70215786,0.0,0.21023272
0.9187269,0.0,0.016469026
0.6991314,0.0,0.50589114
0.29376152,0.0,0.5001984
0.4645781,0.0,0.46029982
0.52946734,0.0,0.0063545527
0.5262238,0.0,0.4129509
0.346329,0.0,0.50156206
0.5608805,0.0,0.039808262
0.9124609,0.0,0.13296276
0.47534764,0.0,0.7132138
0.29340735,0.0,0.24386832
0.39657462,0.0,0.039508678
0.6569165,0.0,0.27511337
0.59452605,0.0,0.011919457
0.86444974,0.0,0.14100526
0.9295732,0.0,0.05693885
0.9842896,0.0,0.076939456
0.9505205,0.0,0.088667095
0.899435,0.0,0.3348089
0.96843934,0.0,0.015795087
0.56702304,0.0,0.39306116
0.8345733,0.0,0.44889697
0.96109056,0.0,0.121704705
0.5310908,0.0,0.54107535
0.61747533,0.0,0.685852
0.37572494,0.0,0.41838863
0.5543444,0.0,0.54705554
0.6586382,0.0,0.17348196
0.91757905,0.0,0.03347916
0.8918991,0.0,0.19784212
0.9553115,0.0,0.029942414
0.927414,0.0,0.024386667
0.8430728,0.0,0.010966079
0.89048344,0.0,0.050266154
0.94086456,0.0,0.012639721
0.52738994,0.0,0.52803683
0.53649503,0.0,0.47972706
0.7720871,0.0,0.695559
0.49418235,0.0,0.612324
0.7705923,0.0,0.11167998
0.8346348,0.0,0.26130432
0.7692965,0.0,0.06898299
0.79181397,0.0,0.20394395
0.81022877,0.0,0.47632807
0.81045187,0.0,0.38859582
0.7448951,0.0,0.2903634
0.6628254,0.0,0.7950574
0.56669515,0.0,0.45446154
0.57860243,0.0,0.7448842
0.9415701,0.0,0.24296688
0.5215182,0.0,0.40350732
0.66548115,0.0,0.22997338
0.8380689,0.0,0.23840296
0.817544,0.0,0.07897294
0.8578304,0.0,0.20535591
0.9350636,0.0,0.046278395
0.860693,0.0,0.12296504
0.86145675,0.0,0.08738061
0.8561368,0.0,0.5605481
0.9270153,0.0,0.09859083
0.84102845,0.0,0.041042924
0.9534451,1.0,0.2904404
0.93180346,0.0,0.086431615
0.8712072,0.0,0.20505276
0.568225,0.0,0.07929215
0.6435738,1.0,0.43523738
0.3885672,0.0,0.4955506
0.37360924,1.0,0.64081264
0.8571533,0.0,0.73887116
0.5467605,0.0,0.5833027
0.4771268,0.0,0.2661552
0.4346707,0.0,0.27984497
0.51281303,0.0,0.070728496
0.9704112,0.0,0.18685512
0.590942,0.0,0.59215415
0.34667665,0.0,0.8223282
0.35141098,0.0,0.60630745
0.35691714,0.0,0.5160865
0.68484855,0.0,0.3780349
0.8496345,0.0,0.7393439
0.42407238,0.0,0.22813891
0.9401551,0.0,0.39669013
0.48069966,0.0,0.3436503
0.6974083,0.0,0.15724415
0.4395029,0.0,0.43537104
0.41188127,0.0,0.70526206
0.33598033,0.0,0.054740164
0.85672104,0.0,0.17263687
0.7348459,0.0,0.4855383
0.5486869,0.0,0.66451573
0.36089912,0.0,0.5147987
0.8265383,0.0,0.26358223
0.41644764,0.0,0.47705796
0.5230703,0.0,0.3095124
0.72325754,0.0,0.14250864
0.5115513,0.0,0.18085021
0.5084576,1.0,0.3023291
0.4361123,1.0,0.5389831
0.4746775,1.0,0.5670399
0.47838318,1.0,0.78674024
0.46458715,1.0,0.58732605
0.6956245,1.0,0.7784932
0.5437381,1.0,0.7329214
0.7012278,1.0,1.0
0.46070436,0.0,0.3351077
0.4246703,0.0,0.48704132
0.47962606,0.0,0.7175872
0.50240815,0.0,0.66712147
0.48158434,0.0,0.1713507
0.48544532,0.0,0.32415932
0.37272617,0.0,0.05400343
0.4255164,0.0,0.6173236
0.5710418,0.0,0.35369426
0.42810613,0.0,0.10012408
0.37428322,0.0,0.2937196
0.45063284,0.0,0.53620356
0.59883964,1.0,0.454548
0.4864279,1.0,0.08171018
0.53584075,0.0,0.4584402
0.5051694,1.0,0.4728441
0.44053423,0.0,0.3921162
0.6327144,0.0,0.74901533
0.5130898,0.0,0.33962363
0.6215726,0.0,0.08466584
0.53607076,0.0,0.3617659
0.6859098,0.0,0.35517356
0.6937156,0.0,0.07264031
0.54356945,1.0,0.4994691
0.8619767,1.0,0.69919354
0.8642348,1.0,0.6860567
0.9228796,1.0,0.17685314
0.7439317,1.0,0.030435747
0.8696075,1.0,0.33542627
0.81473494,1.0,0.28469235
0.95356405,0.0,0.0016982147
0.90090805,0.0,0.021256763
0.84019774,1.0,0.44305423
0.94206345,1.0,0.36653978
0.95170355,0.0,0.09284389
0.88131166,0.0,0.5846172
0.93951666,0.0,0.28497854
0.8406215,0.0,0.25353476
0.7801588,0.0,0.34842283
0.8734482,0.0,0.3212993
0.8337657,0.0,0.36595997
0.83196145,0.0,0.27915865
0.64117956,0.0,0.6890768
0.85246956,0.0,0.40471864
0.52013576,0.0,0.41029245
0.72965175,0.0,0.08150885
0.8579372,0.0,0.12885727
0.76024145,0.0,0.19878276
0.94335365,0.0,0.21192636
0.97767967,0.0,0.22488365
0.9388,0.0,0.16727073
0.9553433,0.0,0.0
0.8535809,0.0,0.27148038
0.6733255,0.0,0.00204221
0.54131246,0.0,0.41082466
0.5372006,0.0,0.5309975
0.8471727,0.0,0.1594205
0.95468813,0.0,0.32553762
0.92069656,0.0,0.0039828047
0.9469771,0.0,0.0910084
0.96929663,0.0,0.0
0.8707705,0.0,0.11958003
0.9236084,0.0,0.18928419
0.94982517,0.0,0.036294706
0.95779556,0.0,0.35908827
0.82952976,0.0,0.23572946
0.49251825,0.0,0.75189084
0.8836124,0.0,0.17562018
0.82426393,1.0,0.4751986
0.4971767,1.0,0.5554252
0.7271284,0.0,0.15798064
0.89801675,1.0,0.13412789
0.559858,1.0,0.4836698
0.7586757,0.0,0.06446151
0.88022625,0.0,0.03539547
0.6858777,1.0,0.05560751
0.7749841,1.0,0.23216856
0.6853027,0.0,0.0
0.68350464,0.0,0.042023633
0.57811,1.0,0.3499173
0.5898978,1.0,0.44607496
0.6275315,0.0,0.094691075
0.82923037,0.0,0.25403237
0.7321871,0.0,0.043890767
0.48722878,0.0,0.34732598
0.9548901,0.0,0.23367876
0.6254192,0.0,0.5292694
0.9387874,0.0,0.048527315
0.94704795,0.0,0.030737013
0.95051545,0.0,0.12861054
0.62381077,0.0,0.23285238
0.6379354,0.0,0.1392397
0.8340911,0.0,0.03268229
0.6683922,0.0,0.0
0.6537159,1.0,0.12911434
0.7179469,1.0,0.048023887
0.69877636,1.0,0.30717835
0.74016124,0.0,0.3933667
0.62181187,0.0,0.37970167
0.85067797,0.0,0.6199132
0.72158456,0.0,0.59155214
0.68874526,0.0,0.62844074
0.71828485,0.0,0.6667543
0.5158194,0.0,0.19227937
0.8779997,0.0,0.2939644
0.9169422,0.0,0.03381784
0.9476911,0.0,0.082508534
0.8946636,0.0,0.04601169
0.95382345,0.0,0.010224432
0.9572936,0.0,0.091959916
0.95008886,0.0,0.2569198
0.95302707,0.0,0.19174816
0.9058623,0.0,0.16775952
0.600832,0.0,0.57694507
0.9053015,0.0,0.29921567
0.83721924,0.0,0.14487629
0.83638346,0.0,0.08427587
0.95144683,0.0,0.0
0.58235085,0.0,0.18517345
0.42785853,0.0,0.3726433
0.9375797,0.0,0.12752569
0.9706906,0.0,0.0077600726
0.86690223,0.0,0.3602008
0.6893398,0.0,0.6436585
0.73179436,0.0,0.30705342
0.7986238,0.0,0.33741152
0.960782,0.0,0.12751536
0.700333,0.0,0.48355156
0.79972214,0.0,0.20069863
0.67170507,0.0,0.3713383
0.8660682,0.0,0.13119395
0.9458346,0.0,0.00021020406
0.93249714,0.0,0.03268675
0.7168221,0.0,0.36234197
0.9634684,0.0,0.013131793
0.971446,0.0,0.0
0.9247925,0.0,0.20015496
0.9202591,0.0,0.037922066
0.9697482,0.0,0.003424487
0.972322,0.0,0.0
0.5003941,0.0,0.064227104
0.70602155,0.0,0.0
0.7780886,0.0,0.0
0.9112868,0.0,0.056010257
0.8869273,0.0,0.1563151
0.8447771,0.0,0.0
0.82220393,0.0,0.051989347
0.48596156,0.0,0.35525808
0.8046888,0.0,0.28154343
0.7651471,0.0,0.3829774
0.52861005,0.0,0.8356601
0.5941261,0.0,0.56703854
0.37127474,0.0,0.79220796
0.55782735,0.0,0.4657495
0.6113084,0.0,0.1305806
0.66169554,0.0,0.058607332
0.9290101,0.0,0.15534885
0.8952027,0.0,0.02595644
0.9097381,0.0,0.0
0.9747977,0.0,0.0
0.914886,0.0,0.0021943857
0.8519446,0.0,0.09033594
0.817051,0.0,0.06565459
0.9866052,0.0,0.012015699
0.8017211,0.0,0.11673266
0.89234054,0.0,0.0
0.71863776,0.0,0.41747525
0.8740634,0.0,0.07604143
0.9619444,0.0,0.0030809925
0.96427,0.0,0.16780703
0.9730722,0.0,0.0
0.8327255,0.0,0.1811895
0.6116156,0.0,0.75333285
0.6057315,0.0,0.47773224
0.837499,0.0,0.16747804
0.8845408,0.0,0.086687006
0.96808094,0.0,0.0
0.96573657,0.0,0.0022557494
0.9049843,0.0,3.500611e-05
0.8373705,0.0,0.068767674
0.7144695,0.0,0.095081665
0.8361052,0.0,0.0
0.7663771,0.0,0.07381926
0.6299049,0.0,0.13072462
0.77594846,0.0,0.0
0.87019706,0.0,0.0
0.7703213,0.0,0.14529727
0.70174605,0.0,0.11348519
0.70545846,0.0,0.3257381
0.58207124,0.0,0.37270457
0.5442592,0.0,0.7086451
0.5781356,0.0,0.4940469
0.695349,0.0,0.52734184
0.7054576,0.0,0.39587712
0.48546594,0.0,0.23019691
0.6628569,0.0,0.281841
0.560092,0.0,0.2719087
0.62766826,0.0,0.3487543
0.5924151,0.0,0.19800301
0.4711836,0.0,0.3825757
0.5227679,0.0,0.66231036
0.80010986,0.0,0.30779254
0.8033393,0.0,0.21212287
0.8153876,0.0,0.121382855
0.5803228,0.0,0.18539771
0.7096799,0.0,0.33587456
0.6338977,0.0,0.06752426
0.9604738,0.0,0.04729901
0.8903932,0.0,0.049905434
0.9505229,0.0,0.013102807
0.8751334,0.0,0.040398568
0.83079207,0.0,0.102203116
0.92583996,0.0,0.10700435
0.8743408,0.0,0.002452223
0.86797446,0.0,0.21547683
0.9224464,0.0,0.47312576
0.66960114,0.0,0.54599005
0.69687515,0.0,0.12917104
0.76279825,0.0,0.31617928
0.75153035,0.0,0.24343656
0.70808256,0.0,0.59890914
0.9255018,0.0,0.43668568
0.9483472,0.0,0.05841562
0.8292264,0.0,0.31911504
0.9555611,0.0,0.07017674
0.9339668,0.0,0.01830294
0.92931926,0.0,0.21047698
0.90360576,0.0,0.2820908
0.8615989,0.0,0.13622627
0.88262564,0.0,0.016917234
0.9729425,0.0,0.02121607
0.8354099,0.0,0.0
0.82636327,0.0,0.04543716
0.99077576,0.0,0.003740442
0.97391313,0.0,0.00085992826
0.8040267,0.0,0.0
0.9390557,0.0,0.0017561837
0.97494906,0.0,0.0009127098
0.9096291,0.0,0.015547879
0.7712189,0.0,0.0008837937
0.7851785,0.0,0.0
0.841361,0.0,0.0
0.6783019,0.0,0.082988895
0.76252407,0.0,0.08323626
0.87845194,0.0,0.0
0.7208116,0.0,0.18536167
0.53450364,0.0,0.2795888
0.44705814,0.0,0.70542336
0.36628944,0.0,0.6085917
0.4075473,0.0,0.45054027
0.4643928,0.0,0.3188173
0.49829635,0.0,0.16171654
0.7485146,0.0,0.546367
0.84885377,0.0,0.086028926
0.7610222,0.0,0.25620764
0.57148254,0.0,0.19503921
0.7175045,0.0,0.0
0.6854241,0.0,0.015647441
0.6288635,0.0,0.3205362
0.59918326,0.0,0.4535248
0.58318925,0.0,0.35651055
0.8740919,0.0,0.08089225
0.6403228,0.0,0.5028266
0.7456365,0.0,0.6688345
0.73766446,0.0,0.6739937
0.8096282,0.0,0.045212843
0.76587856,0.0,0.29728302
0.8840906,0.0,0.2246863
0.6974897,0.0,0.63287824
0.8415921,0.0,0.29652587
0.893019,0.0,0.0022393838
0.834808,0.0,0.3716581
0.54300314,0.0,0.47481155
0.88273966,0.0,0.06768268
0.93079484,0.0,0.014501842
0.9181973,0.0,0.16841826
0.46439642,0.0,0.49449784
0.56586164,0.0,0.39323345
0.63225466,0.0,0.70521295
0.926517,0.0,0.32430616
0.87877864,0.0,0.18360268
0.7869401,0.0,0.06641565
0.7438133,0.0,0.5734036
0.9197532,0.0,0.21359272
0.81060153,0.0,0.1420533
0.75900114,0.0,0.7153807
0.48371473,0.0,0.18996018
0.9187526,0.0,0.0025490026
0.7672157,0.0,0.4106633
0.74862725,0.0,0.43498456
0.83939743,0.0,0.2228311
0.5804877,0.0,0.34720516
0.62742805,0.0,0.015018965
0.9051998,0.0,8.958586e-05
0.7074845,0.0,0.34447592
0.6331759,0.0,0.19109459
0.96303093,0.0,0.0034412201
0.9085128,0.0,0.0041497983
0.5105185,0.0,0.46664533
0.94499904,0.0,0.016909465
0.9635537,0.0,0.0
0.7970042,0.0,0.37648696
0.73723733,0.0,0.15464658
0.95441574,0.0,0.0
0.94638854,0.0,0.0414121
0.6772087,0.0,0.33594143
0.77833575,0.0,0.5645481
0.65000385,0.0,0.4793618
0.7164687,0.0,0.077258974
0.68688184,0.0,0.5195328
0.6161175,0.0,0.40984502
0.65762717,0.0,0.054785337
0.6323877,0.0,0.16963442
0.45880675,0.0,0.47600406
0.7931048,0.0,0.03509574
0.46287042,0.0,0.35440296
0.4424194,0.0,0.3684281
0.8143557,0.0,0.00014011071
0.46099237,0.0,0.30199638
0.34829754,0.0,0.44822818
0.75830954,0.0,0.26171052
0.91113186,0.0,0.0014871791
0.5455705,0.0,0.24882574
0.43514222,0.0,0.41525504
0.7069816,0.0,0.02998421
0.6502998,0.0,0.24002002
0.34123626,0.0,0.57843095
0.40979138,0.0,0.48356435
0.35415605,0.0,0.3166876
0.5326603,0.0,1.0
0.69887316,0.0,0.16028383
0.8970573,0.0,0.3210754
0.9502688,0.0,0.00022235334
0.80018556,0.0,0.19211408
0.97863775,0.0,0.0017892272
0.7495565,0.0,0.35578656
0.879261,0.0,0.37368354
0.9642014,0.0,0.0
0.8795988,0.0,0.09225969
0.82847095,0.0,0.06018789
0.9259501,0.0,0.1632073
0.8200548,0.0,0.27488643
0.6397329,0.0,0.49755153
0.3907228,0.0,0.5700326
0.4875839,0.0,0.7077677
0.4850002,0.0,0.3404362
0.3742078,0.0,0.86775494
0.85340375,0.0,0.61555463
0.58606315,0.0,0.37942922
0.6398419,0.0,0.47627258
0.5843898,0.0,0.46049467
0.84640235,0.0,0.045659576
0.9638432,0.0,6.881211e-05
0.9090098,0.0,0.19750686
0.79443777,0.0,0.4594297
0.9482861,0.0,0.0060296245
0.89674383,0.0,0.34519902
0.9423441,0.0,0.021048574
0.7979583,0.0,0.28319415
0.8854243,0.0,0.00045970306
0.7443814,0.0,0.36186442
0.66019684,0.0,0.60754293
0.7913048,0.0,0.22561893
0.82020986,0.0,0.17203802
0.92960453,0.0,0.00078136654
0.96271574,0.0,0.0
0.8776984,0.0,0.0
0.9481642,0.0,0.0
0.87964445,0.0,0.010244152
0.8819114,0.0,0.098727114
0.6843205,1.0,0.4289578
0.5575441,1.0,0.7294594
0.6872961,0.0,0.41555735
0.73645645,0.0,0.013948122
0.86280954,0.0,0.093311384
0.8710091,0.0,0.06915912
0.7416351,0.0,0.23369661
0.9012663,0.0,0.08934549
0.9833745,0.0,0.00029485216
0.9494082,0.0,0.0
0.78752106,0.0,0.23215407
0.8372813,0.0,0.0154348165
0.88200516,0.0,0.0
0.8452253,0.0,0.0
0.90929693,0.0,0.12888849
0.66420954,0.0,0.46694344
0.6196031,0.0,0.1957744
0.63657165,0.0,0.63826907
0.83970594,0.0,0.19340123
0.7421414,0.0,0.29931113
0.7049762,0.0,0.3196015
0.7768603,0.0,0.26887423
0.6649614,0.0,0.24321315
0.8558268,0.0,0.0689565
0.7016046,0.0,0.18486942
0.46077976,0.0,0.023595357
0.68103546,0.0,0.45669627
0.5344334,0.0,0.40371737
0.6251953,0.0,0.43652692
0.53232455,0.0,0.6435932
0.44216442,0.0,0.32266584
0.45734572,0.0,0.4959078
0.54464024,0.0,0.21530291
0.41811368,0.0,0.62348646
0.76365966,0.0,0.36166772
0.5788016,0.0,0.02373506
0.79168206,0.0,0.2677897
0.589423,0.0,0.39852887
0.84224427,0.0,0.19725743
0.79633915,0.0,0.0020810696
0.8286947,0.0,0.021122908
0.8866688,0.0,0.08952482
0.9072683,0.0,0.016372463
0.5033513,0.0,0.3334406
0.6339641,0.0,0.38012034
0.5631373,1.0,0.33364606
0.54776204,0.0,0.049938142
0.72251165,0.0,0.095794156
0.7442179,0.0,0.54095435
0.73731434,0.0,0.52034575
0.74400955,0.0,0.19581601
0.76353765,0.0,0.54026365
0.8667891,0.0,0.12167484
0.66062903,1.0,0.6596174
0.7669254,1.0,0.38495988
0.9570106,0.0,0.00021461386
0.933913,0.0,0.15922678
0.6120358,0.0,0.32135805
0.77464163,0.0,0.06885279
0.93565965,0.0,0.0
0.9199968,0.0,0.07318666
0.62632483,0.0,0.5537779
0.7439325,0.0,0.21463421
0.9252957,0.0,0.00024199404
0.5059136,0.0,0.33499604
0.6172187,0.0,0.6049328
0.72601044,0.0,0.24409789
0.80193025,0.0,0.16464278
0.51824546,0.0,0.5170529
0.47923324,0.0,0.7263181
0.5972076,0.0,0.48267052
0.6034603,0.0,0.44636056
0.92565817,0.0,0.16668041
0.7216153,0.0,0.36892143
0.7564381,0.0,0.42364952
0.94663733,0.0,0.097317725
0.86852306,0.0,0.0
0.87505645,0.0,0.38084617
0.63827574,0.0,0.5522761
0.91068786,0.0,0.03986427
0.98936886,0.0,0.0006590103
0.8550513,0.0,0.31916276
0.716351,0.0,0.15173109
0.67323136,0.0,0.009320033
0.8351088,0.0,0.5122715
0.94873965,0.0,0.0039121886
0.6839849,0.0,0.36234042
0.78584707,0.0,0.09132456
0.66852856,0.0,0.51056856
0.48404145,0.0,0.4161799
0.9383729,0.0,0.11162926
0.6539578,0.0,0.25703716
0.7116581,1.0,0.45147356
0.89765334,1.0,0.3626475
0.8212291,1.0,0.4192591
0.7425569,0.0,0.0061901542
0.49163607,1.0,0.67721593
0.5292283,1.0,0.63347775
0.8232912,0.0,0.050362613
0.7103761,0.0,0.38955146
0.6382659,0.0,0.38496006
0.6112017,0.0,0.10905398
0.9030424,0.0,0.17775546
0.69570124,0.0,0.23819427
0.8119565,0.0,0.008361268
0.874713,0.0,0.07179631
0.90557206,0.0,0.0007933204
0.7841417,0.0,0.027944569
0.93933225,0.0,0.0062976694
0.9152859,0.0,0.0004650013
0.76698637,0.0,0.13704385
0.4923403,0.0,0.15797244
0.9436048,0.0,0.03182186
0.7841694,0.0,0.010774108
0.9037926,0.0,0.09598554
0.7894496,0.0,0.44686103
0.82519823,0.0,0.0076422975
0.6523208,0.0,0.27188843
0.8044186,0.0,0.0014801179
0.96465087,0.0,0.0
0.9675839,0.0,0.0
0.91012275,0.0,0.0046707764
0.8046205,0.0,0.06823573
0.71859837,0.0,0.0737369
0.642521,0.0,0.038098235
0.8452527,0.0,0.08965242
0.47709486,1.0,0.28892908
0.82136554,1.0,0.68452406
0.56261724,1.0,0.08356031
0.769131,1.0,0.51936114
0.4425653,1.0,0.7614347
0.4173979,0.0,0.552229
0.922813,0.0,0.011011422
0.5636838,1.0,0.32984826
0.78227204,0.0,0.4832439
0.64122826,0.0,0.23478916
0.6703682,0.0,0.0036611487
0.9629099,0.0,0.11183112
0.6046835,0.0,0.55263203
0.8217159,0.0,0.010129444
0.8014463,0.0,0.0034935488
0.8274054,0.0,0.27113193
0.44576883,0.0,0.22669594
0.5389417,0.0,0.013746891
0.62833464,0.0,0.21811166
0.5441976,0.0,0.7032404
0.64706224,0.0,0.5414986
0.6546671,0.0,0.3692209
0.50092787,0.0,0.19925009
0.9610954,0.0,0.013495129
0.9666781,0.0,0.0
0.885678,0.0,0.0
0.90048873,0.0,0.00061849004
0.6439949,0.0,0.007047006
0.80084217,0.0,0.015614807
0.683295,1.0,0.47445965
0.8957429,0.0,0.29546347
0.73275656,0.0,0.09141068
0.6740703,1.0,0.17680967
0.50299215,0.0,0.38243416
0.771845,0.0,0.0064538396
0.8609996,0.0,0.0005955084
0.624646,0.0,0.25783497
0.72030807,0.0,0.19242796
0.9292205,0.0,0.0121545745
0.63476926,0.0,0.3689184
0.69202924,0.0,0.105147816
0.95151365,0.0,0.0
0.88539577,0.0,0.0
0.9721053,0.0,0.035455
0.96558684,0.0,0.0
0.8826128,0.0,0.23958272
0.71817595,0.0,0.6891543
0.91081065,0.0,0.012941528
0.6727316,0.0,0.4183839
0.6201032,0.0,0.31207892
0.77691555,0.0,0.47975335
0.8551678,0.0,0.11860733
0.77522725,0.0,0.28696463
0.9692263,0.0,0.088207036
0.77027637,0.0,0.3519446
0.80283785,0.0,0.21267603
0.44789994,0.0,0.3293285
0.6504882,0.0,0.3606421
0.79607934,0.0,0.0123317465
0.81072944,0.0,5.1130995e-05
0.56253314,0.0,0.35529825
0.4725415,0.0,0.6144734
0.70160145,0.0,0.18131907
0.6754828,0.0,0.3896484
0.75737685,1.0,0.2528794
0.6199742,1.0,0.6685545
0.6767218,1.0,0.7261793
0.80339324,1.0,0.06692695
0.67299265,1.0,0.3368863
0.7622462,1.0,0.5776575
0.7104667,1.0,0.28824228
0.8140009,0.0,0.028703418
0.84064037,1.0,0.27282873
0.86710894,1.0,0.19941111
0.83360285,0.0,0.01588393
0.76077294,0.0,0.225888
0.78360695,1.0,0.48814884
0.74332666,0.0,0.069275215
0.68440086,0.0,0.07131133
0.5794427,0.0,0.36727974
0.453476,0.0,0.5130713
0.5012998,0.0,0.37170523
0.71542794,0.0,0.20341587
0.51901734,0.0,0.39103955
0.5245833,0.0,0.0021563363
0.56778014,0.0,0.05982392
0.8618828,0.0,0.63409215
0.8564142,0.0,0.17373359
0.6740748,0.0,0.38138926
0.79835904,1.0,0.55888534
0.6925932,1.0,0.55445623
0.7668868,0.0,0.33932614
0.7961857,1.0,0.05505165
0.87118447,1.0,0.59857875
0.64924645,1.0,0.52586377
0.5924805,0.0,0.4839517
0.60094225,1.0,0.0882842
0.5713231,1.0,0.6531002
0.410741,1.0,0.6966981
0.5580661,0.0,0.89954144
0.91072154,0.0,0.51006746
0.87607086,0.0,0.35174882
0.6639607,0.0,0.18698733
0.8750843,0.0,0.19780675
0.8644244,0.0,0.05328137
0.67353266,0.0,0.38898286
0.7964624,0.0,0.44440228
0.68822443,0.0,0.1045941
0.75547457,0.0,0.45289108
0.72641325,0.0,0.0939498
0.7631721,0.0,0.110462405
0.8158711,0.0,0.65848756
0.802509,0.0,0.5633915
0.8123914,0.0,0.20326638
0.8089941,0.0,0.3304316
0.73803616,0.0,0.06835405
0.9167497,0.0,0.110029265
0.8608493,0.0,0.010901788
0.9319301,0.0,0.0
0.84902215,0.0,0.07120828
0.9885832,0.0,0.070293896
0.8676855,0.0,0.38300294
0.9829621,0.0,0.18092038
0.90025777,0.0,0.43481937
0.8223534,0.0,0.70759916
0.83486736,0.0,0.1289998
0.8802474,1.0,0.2969795
0.91853136,0.0,0.1557325
0.93633884,0.0,0.124935836
0.9763204,0.0,0.020614296
0.9277928,0.0,0.0007554017
0.9889025,0.0,0.0062206513
0.8298078,0.0,0.026398815
0.9879451,0.0,0.03816754
0.7416192,0.0,0.01596119
0.9499677,0.0,0.17582181
0.91741353,0.0,0.018346386
0.8250304,0.0,0.34368116
0.95880115,0.0,0.50405794
0.88725376,0.0,0.33427423
0.9252699,0.0,0.17706203
0.9301731,0.0,0.349013
0.6853547,0.0,0.28966874
0.9005615,0.0,0.039309304
0.94292617,0.0,0.051688343
0.9783286,0.0,0.004111069
0.95633334,0.0,0.04671131
0.9813213,0.0,0.0089992145
0.7191079,0.0,0.0078034136
0.9660998,0.0,0.0067766435
0.6757777,0.0,0.052718613
0.7449012,0.0,0.033199195
0.7113309,1.0,0.33262473
0.59303373,0.0,0.005874748
0.6978444,0.0,0.0
0.8281587,1.0,0.16907276
0.69155943,0.0,0.0009232939
0.7833191,0.0,0.0022074385
0.78891975,0.0,0.0073453668
0.6203714,0.0,0.16195224
0.6602945,0.0,0.0
0.8888289,0.0,0.011140446
0.9163233,0.0,0.019001953
0.6052484,0.0,0.09166021
0.5570574,0.0,0.047735427
0.8388258,0.0,0.023429606
0.7503971,0.0,0.02120007
0.8250269,0.0,0.042585038
0.95588374,0.0,0.019591438
0.949957,0.0,0.21142945
0.9763204,0.0,0.068437845
0.96303666,0.0,0.06420373
0.70154077,0.0,0.79300845
0.8657034,0.0,0.44814107
0.8843828,0.0,0.24137147
0.9355716,0.0,0.48414385
0.93113035,0.0,0.2398291
0.9255924,0.0,0.40254366
0.96188426,0.0,0.55490255
0.9434245,0.0,0.14381729
0.73995495,0.0,0.6732388
0.9216656,0.0,0.29046506
0.8598989,0.0,0.008086688
0.9265878,0.0,0.04296073
0.9744547,0.0,0.010095772
0.9594156,0.0,0.20402086
0.9832628,0.0,0.2681704
0.99213445,0.0,0.0072633172
0.96109456,0.0,0.0039429995
0.97102386,0.0,0.04877083
0.9825382,0.0,0.0014873766
0.92423445,0.0,0.019424397
0.9714869,0.0,0.0
0.6878354,0.0,0.0
0.91702837,0.0,0.0104564885
0.877085,0.0,0.0073381457
0.982275,0.0,0.00971208
0.7544922,0.0,0.299597
0.88231796,0.0,0.00035477598
0.9125303,0.0,0.106123984
0.9063675,0.0,0.021718426
0.87854147,0.0,0.015466524
0.8757992,0.0,0.23752995
0.97340006,0.0,0.13127181
0.8125223,1.0,0.6721433
0.69612104,1.0,0.60410553
0.9095738,1.0,0.40971282
0.97711736,1.0,0.45546874
0.8861309,0.0,0.07415257
0.8264416,1.0,0.2933507
0.9091777,0.0,0.24723504
0.88609236,0.0,0.0
0.6700432,0.0,0.43305743
0.83726954,0.0,0.28006712
0.89538616,0.0,0.008905997
0.91955435,0.0,0.0037031593
0.7861416,0.0,0.46223724
0.94423133,0.0,0.08031081
0.9736365,0.0,0.0658128
0.9746756,0.0,0.03584003
0.8077224,0.0,0.3430285
0.8981733,0.0,0.0034094802
0.98380524,0.0,0.036460623
0.95251304,0.0,0.2329828
0.76061285,0.0,0.24639186
0.9462857,0.0,0.004727354
0.971271,0.0,0.010003578
0.7621008,0.0,0.36948758
0.72120166,0.0,0.53125226
0.9166139,0.0,0.17846948
0.9275929,0.0,0.3757144
0.7212647,0.0,0.3937122
0.9658983,0.0,0.042871546
0.93743426,0.0,0.26954666
0.7216714,0.0,0.5968984
0.8038146,0.0,0.6409704
0.85943145,0.0,0.6245138
0.8586467,0.0,0.03746572
0.84560865,0.0,0.28026918
0.82882535,0.0,0.0109887365
0.9890231,0.0,0.0033425852
0.9581499,0.0,0.055083286
0.84309644,0.0,0.015019025
0.87748533,0.0,0.0
0.6641595,0.0,0.041133914
0.5070742,1.0,0.11049552
0.7266299,1.0,0.027233586
0.8489112,0.0,0.0
0.7928592,0.0,0.0
0.34739408,0.0,0.0
0.67172104,0.0,0.0
0.9660524,0.0,0.006805758
0.9085296,0.0,0.013287476
0.8410335,0.0,0.09894674
0.928844,0.0,0.023886772
0.90154874,0.0,0.0030523334
0.94375366,0.0,0.2449758
0.86584264,0.0,0.1539204
0.9418673,0.0,0.047577236
0.9437944,0.0,0.15045981
0.7779234,0.0,0.5304834
0.9452085,0.0,0.23085125
0.7409953,0.0,0.78732854
0.71178645,0.0,0.6618022
0.8598669,0.0,0.25543228
0.83290774,0.0,0.30241647
0.96045136,0.0,0.030939927
0.9214118,0.0,0.53765726
0.966123,0.0,0.09708491
0.8592827,0.0,0.20496619
0.80596757,0.0,0.0
0.93690467,0.0,0.011323904
0.90156114,0.0,0.025746042
0.7934456,0.0,0.01006381
0.85992044,0.0,0.01733486
0.7406343,0.0,0.004074127
0.7970043,0.0,0.0
0.6660625,1.0,0.0636363
0.766782,0.0,0.00067667075
0.7917458,0.0,0.031322043
0.6452094,0.0,0.0
0.70490915,0.0,0.20000884
0.8623195,0.0,0.17966333
0.846642,0.0,0.03048284
0.9030458,0.0,0.008891748
0.7592175,0.0,0.2259672
0.6653325,0.0,0.25114188
0.8038698,1.0,0.024052246
0.9376214,0.0,0.091966026
0.87320065,0.0,0.15346473
0.8133316,0.0,0.02377889
0.85541743,0.0,0.0025056237
0.97628844,0.0,0.14460595
0.78724515,0.0,0.3327524
0.5910398,0.0,0.4843497
0.49252495,0.0,0.08205635
0.4983304,0.0,0.5275429
0.8319679,0.0,0.25088382
0.74668294,0.0,0.6105872
0.9124008,0.0,0.41868174
0.93570316,0.0,0.14696962
0.82229865,0.0,0.02391394
0.5300753,0.0,0.5233065
0.80923986,0.0,0.54150856
0.5930276,0.0,0.68186533
0.67604315,0.0,0.17304145
0.9720144,0.0,0.05080322
0.7137327,0.0,0.40873173
0.79781103,0.0,0.40640798
0.90680844,0.0,0.0015965106
0.7038834,0.0,0.5114618
0.48154837,0.0,0.58522165
0.87367684,0.0,0.12544721
0.9295382,0.0,0.14094822
0.66792065,0.0,0.72336924
0.45917836,1.0,0.58040905
0.957489,0.0,0.00029652184
0.9613113,0.0,0.13741297
0.39530003,0.0,0.37680572
0.672347,1.0,0.12759727
0.8750551,0.0,0.0
0.53059524,0.0,0.4044606
0.5651939,0.0,0.27767754
0.96467084,0.0,0.0
0.93272036,0.0,0.089608304
0.81228024,0.0,0.62221164
0.6014805,0.0,0.41176602
0.76634157,0.0,0.43154258
0.793151,0.0,0.26268172
0.6082191,1.0,0.39534304
0.41466105,1.0,0.7483451
0.7387885,0.0,0.09247582
0.9315617,0.0,0.0
0.662215,1.0,0.1184076
0.47338328,1.0,0.3435035
0.9065644,0.0,0.0
0.70161533,1.0,0.00786387
0.5377721,1.0,0.47145352
0.8641868,1.0,0.28865656
0.96897495,0.0,0.0
0.7387115,1.0,0.14665218
0.67639583,1.0,0.4641312
0.84473085,0.0,0.13165565
0.793049,0.0,0.003218778
0.65524006,1.0,0.13619328
0.853665,1.0,0.24721229
0.9461967,0.0,0.09052806
0.75297916,0.0,0.0
0.63182,1.0,0.46834528
0.5939339,1.0,0.70391333
0.82193637,0.0,0.3246824
0.62489295,0.0,0.09214066
0.91463035,0.0,0.27651572
0.9251534,0.0,0.002626126
0.7685406,1.0,0.11503274
0.78387195,1.0,0.23034246
0.9167458,0.0,0.0
0.93816626,0.0,0.030386629
0.8302915,0.0,0.33409888
0.7995157,0.0,0.35107827
0.8239658,0.0,0.5713615
0.9274697,1.0,0.114048935
0.73808116,0.0,0.62710667
0.51226556,0.0,0.7231788
0.47254467,0.0,0.8015168
0.7017827,1.0,0.6633167
0.7128385,1.0,0.4503372
0.9413664,1.0,0.21788995
0.60963297,0.0,0.051880915
0.5008045,0.0,0.56102777
0.7221136,0.0,0.3644333
0.5774239,0.0,0.18339813
0.5601538,0.0,0.41323167
0.7034359,0.0,0.16910744
0.6673332,0.0,0.023139805
0.6901236,0.0,0.12896211
0.57076097,0.0,0.3179666
0.8453445,0.0,0.0030480009
0.96820754,0.0,0.052665133
0.9273287,0.0,0.23090133
0.6792201,0.0,0.13656452
0.5028239,0.0,0.58940977
0.5321996,0.0,0.39206144
0.77954984,0.0,0.027025606
0.74211884,0.0,0.14932784
0.71777695,0.0,0.48666143
0.6772759,0.0,0.092983484
0.9479567,0.0,0.04479897
0.92126584,0.0,0.34936592
0.9193367,0.0,0.13439731
0.48133135,0.0,0.34785742
0.39334595,0.0,0.18515363
0.52688235,0.0,0.7065274
0.7372135,0.0,0.5840585
0.68478334,0.0,0.0043254914
0.5814489,1.0,0.4647102
0.33036628,0.0,0.24196579
0.78576875,0.0,0.33706757
0.5403368,1.0,0.18431728
0.45646277,1.0,0.6905966
0.5947405,1.0,0.33157593
0.83339936,0.0,0.03303987
0.6481907,1.0,0.26727888
0.48377532,1.0,0.38213548
0.87643194,1.0,0.18305275
0.71377754,0.0,0.0
0.60525215,1.0,0.20359093
0.42542505,1.0,0.47587222
0.6668115,1.0,0.21600796
0.54348856,0.0,0.002879122
0.54152733,0.0,5.0261347e-06
0.60606134,1.0,0.1420552
0.6337878,0.0,0.0
0.5623166,0.0,0.12607543
0.75233626,0.0,0.09061199
0.41156393,0.0,0.0942267
0.7716979,0.0,0.17254882
0.5466356,0.0,0.48069465
0.870102,0.0,0.101288006
0.94554025,0.0,0.0061694924
0.7942836,0.0,0.16728663
0.72221416,0.0,0.44398275
0.93620455,0.0,0.016671324
0.95038646,0.0,0.0
0.7659594,0.0,0.35699007
0.76674175,0.0,0.49722466
0.913253,0.0,0.4554999
0.9109777,0.0,0.050822917
0.89884573,0.0,0.10851677
0.9465595,0.0,0.012569681
0.9678252,0.0,0.0
0.94820374,0.0,0.0013686321
0.9051718,0.0,0.010095222
0.74127066,0.0,0.0
0.905903,0.0,0.0
0.8172868,0.0,0.026305227
0.9044631,0.0,0.04735362
0.8156667,0.0,0.0
0.95610225,0.0,0.00257616
0.38362035,1.0,0.27226612
0.6508279,1.0,0.035717495
0.8270052,0.0,0.024279881
0.7941603,0.0,0.07769328
0.7475935,0.0,0.07531905
0.61510366,0.0,0.017464848
0.7724569,0.0,0.0018354306
0.70078534,0.0,0.31776017
0.67381805,0.0,0.11466902
0.7197475,0.0,0.008683709
0.95716333,0.0,0.014424909
0.96296877,0.0,0.23481801
0.4104997,0.0,0.5813236
0.94319683,0.0,0.042731725
0.80170083,0.0,0.4859496
0.95372754,0.0,0.040546294
0.7076197,0.0,0.3716795
0.9049133,0.0,0.24629572
0.9358324,0.0,0.36722073
0.8681693,0.0,0.30371416
0.9610174,0.0,0.33001283
0.9794565,0.0,0.016071275
0.9774026,0.0,0.49617466
0.807177,0.0,0.59180325
0.98210734,0.0,0.14500663
0.8410921,0.0,0.3653416
0.9608483,0.0,0.52815914
0.88632995,0.0,0.6400009
0.9175553,0.0,0.5296003
0.936098,0.0,0.03542396
0.85591054,0.0,0.44256383
0.92861325,0.0,0.0018303286
0.7485559,0.0,0.41027084
0.4832652,0.0,0.47988972
0.72829545,0.0,0.31874797
0.674986,0.0,0.6088521
0.6377134,0.0,0.5424078
0.92602587,0.0,0.46297312
0.8507492,0.0,0.014998105
0.95024276,0.0,0.0
0.886274,0.0,0.22879581
0.89608294,0.0,0.03343606
0.79458433,0.0,0.07384787
0.8596555,0.0,0.20639338
0.9605576,0.0,0.19446446
0.92701256,0.0,0.495236
0.9542634,0.0,0.11513508
0.9240577,0.0,0.00012969278
0.94594234,0.0,0.0
0.95447916,0.0,0.027677635
0.98122495,0.0,0.0
0.8874437,0.0,0.14509933
0.9621223,0.0,0.011071173
0.8768313,0.0,0.22115114
0.89554894,0.0,0.4299913
0.7205304,0.0,0.0
0.8425996,0.0,0.00022694569
0.82557374,0.0,0.03598961
0.7058885,0.0,0.11675811
0.9463725,0.0,0.010375379
0.8711396,0.0,0.014716669
0.71101373,0.0,0.26247552
0.72996855,0.0,0.16479596
0.933368,0.0,0.18913598
0.7646657,0.0,0.17998488
0.6752479,0.0,0.25917092
0.8282433,0.0,0.11479435
0.9340602,0.0,0.0084026875
0.9403219,0.0,0.0659221
0.8597384,0.0,0.010261849
0.9497036,0.0,0.0019523005
0.9426207,0.0,0.018215751
0.89790326,0.0,0.14056718
0.91171354,0.0,0.20738633
0.8081867,0.0,0.0
0.9151938,0.0,0.027495094
0.74354225,0.0,0.3678831
0.8056065,0.0,0.50158113
0.71239525,0.0,0.4536179
0.63033974,0.0,0.21131207
0.6777287,0.0,0.3365589
0.6061662,0.0,0.19469441
0.54291177,0.0,0.912636
0.6843258,0.0,0.2468158
0.783304,0.0,0.31103036
0.6598793,0.0,0.58511764
0.75356495,0.0,0.32698014
0.8699127,0.0,0.36393076
0.88557094,0.0,0.25777775
0.94685555,0.0,0.009619588
0.9695878,0.0,0.00344513
0.97614723,0.0,0.0
0.8762184,0.0,0.0
0.88795346,0.0,0.008800227
0.6977053,0.0,0.0
0.5871157,0.0,0.25234646
0.7104629,0.0,0.26192802
0.6330614,0.0,0.5942645
0.6281358,0.0,0.5479368
0.6276243,0.0,0.0005380969
0.87408346,0.0,0.17895013
0.9587189,0.0,0.30633464
0.9612734,0.0,0.004553889
0.93740284,0.0,0.29770628
0.90297073,0.0,0.28559905
0.8702039,0.0,0.00036758807
0.95772445,0.0,0.0397131
0.9275546,0.0,0.43468362
0.7920409,0.0,0.24424048
0.8813339,0.0,0.5168245
0.6064386,0.0,0.17186263
0.93855315,0.0,0.035650726
0.6769384,0.0,0.26463726
0.85022765,0.0,0.016574223
0.9824822,0.0,0.0
0.97496945,0.0,0.013187303
0.9322427,0.0,0.00060069456
0.77177304,0.0,0.0
0.63954204,0.0,0.028747713
0.8310399,0.0,0.0038762954
0.81133664,0.0,0.18892756
0.7102875,0.0,0.3070697
0.6650979,0.0,0.023935271
0.70720106,0.0,0.09436835
0.65228206,0.0,0.5591828
0.54545486,0.0,0.33056808
0.8780083,0.0,0.42187852
0.86094373,0.0,0.6691725
0.947251,0.0,0.21319838
0.96677667,0.0,0.38752434
0.95966715,0.0,0.13919199
0.9135422,0.0,0.26040083
0.9578932,0.0,0.036299646
0.7839736,0.0,0.23621479
0.7767784,0.0,0.62160003
0.84994996,0.0,0.086011305
0.79961383,0.0,0.48199284
0.90418005,0.0,0.41541916
0.84874004,0.0,0.6592835
0.85461205,0.0,0.30130532
0.9731785,0.0,0.021039309
0.9791804,0.0,0.07931768
0.9296368,0.0,0.411622
0.8929461,0.0,0.02558034
0.9047837,0.0,0.0
0.8679523,0.0,0.39377514
0.9398252,0.0,0.20217629
0.8640083,0.0,0.0
0.9264569,0.0,0.22013515
0.724224,0.0,0.5505091
0.72846675,0.0,0.5645199
0.89721555,0.0,0.56998914
0.95014817,0.0,0.07812072
0.89839196,0.0,0.17546675
0.9672884,0.0,0.0
0.98387975,0.0,0.018527692
0.9724779,0.0,0.0004890125
0.9630127,0.0,0.0
0.9243202,0.0,0.0
0.82295287,0.0,0.0019070443
0.5444461,0.0,0.015570088
0.4751706,0.0,0.36816132
0.55857354,0.0,0.35933733
0.47208723,0.0,0.72069436
0.38536564,0.0,0.37976104
0.6420241,0.0,0.053897902
0.619451,0.0,0.29597917
0.9120845,0.0,2.3365565e-05
0.61055857,0.0,0.38150185
0.85053957,0.0,0.2548461
0.90562737,0.0,0.42823777
0.67768985,0.0,0.5390775
0.90526104,0.0,0.0057103774
0.94618076,0.0,0.0
0.767929,0.0,0.29785785
0.8570596,0.0,0.28476363
0.7736944,0.0,0.0011089594
0.8830032,0.0,0.04524959
0.8659992,0.0,0.3558212
0.7701271,0.0,0.17155324
0.94928485,0.0,0.00087444345
0.9683672,0.0,0.19763888
0.7837242,0.0,0.12627219
0.5264646,0.0,0.014961347
0.74900216,0.0,0.018770173
0.7899167,0.0,0.01876845
0.80766624,0.0,0.28692427
0.75726324,0.0,0.080910176
0.5212757,0.0,0.6851584
0.50357765,0.0,0.47501433
0.4948316,0.0,0.9235179
0.55102694,0.0,0.55231744
0.87842894,0.0,0.19766718
0.91745996,0.0,0.6784935
0.85940135,0.0,0.22369711
0.7959923,0.0,0.352769
0.6959661,0.0,0.04264445
0.6921323,0.0,0.35678825
0.70823354,0.0,0.5728574
0.9518342,0.0,0.015993135
0.8055607,0.0,0.26536262
0.85792327,0.0,0.0054488024
0.64092684,0.0,0.07306399
0.8347348,0.0,0.0
0.9805055,0.0,0.0
0.8509389,0.0,0.0003909551
0.9589524,0.0,0.0143750785
0.88253546,0.0,0.0
0.79687136,0.0,0.0576077
0.75865203,0.0,0.1641487
0.3622557,0.0,0.3366744
0.55122614,0.0,0.31633458
0.80735004,0.0,0.4264679
0.62452024,0.0,0.6492301
0.80192715,0.0,0.40543658
0.6464108,0.0,0.013668912
0.9342785,0.0,0.21367896
0.92633784,0.0,0.0017564263
0.9593978,0.0,0.12809123
0.9317907,0.0,0.20241886
0.9473187,0.0,0.0
0.94935435,0.0,0.0
0.56132686,0.0,0.36350068
0.84540886,0.0,0.19874562
0.9650451,0.0,0.005065138
0.5925977,0.0,0.18062167
0.41340914,0.0,0.5272726
0.84981614,0.0,0.21286549
0.9225705,0.0,0.25785258
0.63135546,0.0,0.29687363
0.6762606,0.0,0.6512537
0.7942488,0.0,0.8086644
0.72684544,0.0,0.391135
0.75515217,0.0,0.8857366
0.8094097,0.0,0.36246246
0.68297726,0.0,0.24278459
0.8938716,0.0,0.26760754
0.9037739,0.0,0.023660604
0.98450387,0.0,0.095915616
0.97566104,0.0,0.017781405
0.96038634,0.0,0.03316316
0.97452277,0.0,0.030453399
0.9228627,0.0,0.010665747
0.9091974,0.0,0.037668686
0.79313016,0.0,0.33231473
0.9270834,0.0,0.0012015277
0.908923,0.0,0.28193453
0.8934184,0.0,0.28228706
0.71449304,0.0,0.64752626
0.7710696,0.0,0.16205226
0.55913556,0.0,0.44285342
0.6941068,0.0,0.49199602
0.83901215,0.0,0.027057206
0.83889437,0.0,0.095869124
0.9085841,0.0,0.18085569
0.70052016,0.0,0.35532886
0.9357541,0.0,0.01581903
0.93363327,0.0,0.01970464
0.6370259,0.0,0.6136888
0.64259005,0.0,0.28014827
0.8254401,0.0,0.36241764
0.9273946,0.0,0.3098646
0.9412655,0.0,0.022829395
0.50995624,0.0,0.15663894
0.7763217,0.0,0.09830248
0.9341574,0.0,0.005572521
0.917612,0.0,0.009580487
0.96153605,0.0,0.006681971
0.79580337,0.0,0.012218198
0.895782,0.0,0.0035421231
0.8114088,0.0,0.082581945
0.7599506,0.0,0.10567099
0.6574396,0.0,0.64057404
0.75003374,0.0,0.20106576
0.54795045,1.0,0.6713073
0.62126607,1.0,0.5951901
0.8530278,0.0,0.09628836
0.8357514,1.0,0.045856524
0.6065054,1.0,0.13472024
0.5637605,1.0,0.5350185
0.4951859,1.0,0.4966401
0.8189914,1.0,0.29017413
0.7406745,0.0,0.047317676
0.894365,1.0,0.3777034
0.8720545,1.0,0.28067416
0.94675016,0.0,0.050809216
0.94924766,0.0,0.005439097
0.94020206,1.0,0.32990745
0.76983976,0.0,0.46418276
0.7449872,0.0,0.0007933766
0.978119,0.0,0.028230764
0.72910476,0.0,0.5897575
0.8064427,0.0,0.33126426
0.68564934,0.0,0.14435484
0.80345863,0.0,0.66668105
0.51644784,0.0,0.6378711
0.57893044,0.0,0.029084979
0.93710387,0.0,0.4565027
0.867981,0.0,0.0
0.9590718,0.0,0.013563798
0.97270864,0.0,0.0056668026
0.92834294,0.0,0.0
0.9565965,0.0,0.007138909
0.8075657,0.0,0.043454807
0.6854038,0.0,0.0
0.6919662,0.0,0.1513082
0.6112571,1.0,0.29768175
0.37169528,1.0,0.70796114
0.57499135,1.0,0.22804342
0.3503725,1.0,0.7470775
0.47291714,0.0,0.07258548
0.6851842,1.0,0.23728317
0.9139058,0.0,0.078419246
0.5597934,1.0,0.4176469
0.75515264,1.0,0.09703073
0.61450124,1.0,0.5641213
0.85864675,1.0,0.47455683
0.87426996,0.0,0.0
0.85894334,1.0,0.4299514
0.7114528,1.0,0.5806416
0.7583881,1.0,0.2456918
0.9069274,0.0,0.06079829
0.9510433,0.0,0.036093727
0.84292674,0.0,0.3385737
0.9030728,1.0,0.22630073
0.93848735,0.0,0.0009500877
0.8380945,0.0,0.091593646
0.75534475,0.0,0.58949155
0.8791309,0.0,0.25136515
0.7546514,0.0,0.61322093
0.8501803,0.0,0.10874945
0.47511157,0.0,0.035850372
0.92675704,0.0,0.023809118
0.7949997,0.0,0.0
0.8779569,0.0,0.009200495
0.9354054,0.0,0.0
0.8818141,0.0,0.0
0.70282567,0.0,0.10761831
0.5830767,0.0,0.022717327
0.7628438,0.0,0.060394056
0.46110192,0.0,0.19872491
0.71859807,0.0,0.22742906
0.7532204,0.0,0.017370977
0.75189584,0.0,0.36522734
0.3674206,0.0,0.5216363
0.63441944,0.0,0.24123521
0.80730975,0.0,0.48934427
0.85124904,0.0,0.022790466
0.9464684,0.0,0.012326058
0.7355098,0.0,0.3013242
0.78624076,1.0,0.46361384
0.88358617,0.0,0.0
0.70050454,0.0,0.22606742
0.38820684,1.0,0.51665896
0.8172657,1.0,0.14181358
0.9539755,0.0,0.0072923237
0.73963994,0.0,0.6776049
0.58528906,0.0,0.48859715
0.54877275,0.0,0.5989045
0.51985747,0.0,0.5740823
0.57413584,0.0,0.52913
0.5095253,0.0,0.6062444
0.48685166,0.0,0.2014336
0.5232128,0.0,0.35050917
0.6709111,0.0,0.13405861
0.6850651,0.0,0.12958089
0.4904169,0.0,0.2953322
0.6933337,0.0,0.4000681
0.84658515,0.0,0.5916346
0.88748515,0.0,0.18452147
0.90172696,0.0,0.059857093
0.89673674,0.0,0.35042998
0.8264934,0.0,0.3708703
0.8634112,0.0,0.0011887691
0.76945335,0.0,0.29284915
0.53540534,0.0,0.74457693
0.66134113,0.0,0.40409473
0.7293086,0.0,0.6914984
0.8669454,0.0,0.21763542
0.7172096,0.0,0.21510397
0.67056686,0.0,0.009549654
0.7559364,0.0,0.46017814
0.71736586,0.0,0.08383434
0.85687166,0.0,0.10483634
0.5812509,0.0,0.14250593
0.74249303,0.0,0.03336961
0.72100204,0.0,0.01775094
0.53751427,0.0,0.31193998
0.5751449,0.0,0.053712677
0.8841882,0.0,0.037051346
0.79411554,0.0,0.12730254
0.7737242,0.0,0.30692786
0.7106236,0.0,0.35755518
0.71287495,0.0,0.026688121
0.89304173,0.0,0.0027065484
0.7751707,0.0,0.43348476
0.55385375,0.0,0.15894584
0.6625211,0.0,0.0025960556
0.77882326,0.0,0.091038376
0.79184,0.0,0.046677932
0.8071854,0.0,0.026999414
0.4761427,0.0,0.37737313
0.50891924,0.0,0.3074781
0.6294034,0.0,0.6700887
0.6779088,0.0,0.21302167
0.6516554,0.0,0.42910945
0.5659477,0.0,0.7385982
0.85416573,0.0,0.059533324
0.80592436,0.0,0.7611014
0.813193,0.0,0.34825155
0.8371062,0.0,0.511061
0.942423,0.0,0.26852718
0.85608333,0.0,0.5314972
0.89006686,0.0,0.18391731
0.7865955,0.0,0.8283005
0.70613354,0.0,0.5155631
0.7008645,0.0,0.74125236
0.8659178,0.0,0.30264
0.8504986,0.0,0.7980702
0.9634181,0.0,0.19878684
0.9066737,0.0,0.32273778
0.7171545,0.0,0.6693931
0.9197704,0.0,0.41191703
0.952157,0.0,0.08009926
0.94764465,0.0,0.14483036
0.9736154,0.0,0.0
0.6076249,0.0,0.23859324
0.6273329,0.0,0.6139172
0.78079146,0.0,0.39396894
0.8311492,0.0,0.082494035
0.75941044,0.0,0.5283795
0.8015536,0.0,0.4000539
0.94834924,0.0,0.00197257
0.75763726,0.0,0.49453855
0.8900324,0.0,0.053403914
0.9352818,0.0,0.0007052687
0.62258905,0.0,0.42719457
0.7730458,0.0,0.17684084
0.90195346,0.0,0.07231738
0.8087699,0.0,0.024002267
0.64049315,1.0,0.078724004
0.7788396,1.0,0.0032119176
0.5186473,1.0,0.010325203
0.34134182,1.0,0.09485088
0.6939203,1.0,0.003314512
0.5981823,1.0,0.00556313
0.65258765,0.0,0.00035067223
0.66679347,1.0,0.00020295463
0.7809508,1.0,0.011703981
0.88549507,0.0,0.0
0.41527006,0.0,0.014037371
0.7451422,0.0,0.013485193
0.9632398,0.0,0.00024604658
0.96386844,0.0,0.0
0.8626041,0.0,0.048324503
0.9356413,0.0,0.0
0.95533025,0.0,0.00043211505
0.8549794,0.0,0.0029369046
0.9195924,0.0,0.0038874755
0.8503268,0.0,0.00028667014
0.82248515,0.0,0.0
0.93037117,0.0,0.0030734274
0.6171581,0.0,0.037345067
0.6154411,0.0,0.24874811
0.7919636,0.0,0.054051295
0.862979,0.0,0.49541602
0.8957532,0.0,0.44194815
0.50283617,0.0,0.67682594
0.59584564,0.0,0.29370582
0.8652992,0.0,0.3305493
0.9211305,0.0,0.20807894
0.7490051,0.0,0.19443336
0.945666,0.0,0.0028159996
0.89191055,0.0,0.00093748904
0.78546506,0.0,0.026542999
0.5335053,0.0,0.045824513
0.8272621,0.0,0.0
0.93829405,0.0,0.00057926733
0.9374749,0.0,0.03185917
0.654997,0.0,0.087962545
0.89467484,0.0,0.09249283
0.9297156,0.0,0.093207695
0.884103,0.0,0.39937386
0.49278963,0.0,0.71846926
0.5738292,0.0,0.4712699
0.8562223,0.0,0.008066797
0.6531256,1.0,0.18246457
0.54919857,1.0,0.45299602
0.37029472,0.0,0.12153459
0.5590873,1.0,0.0029352803
0.40770742,1.0,0.40459818
0.44348842,1.0,0.0036100307
0.41213286,1.0,0.0
0.48109958,1.0,0.23751198
0.931438,1.0,0.08185553
0.53231144,0.0,0.034005992
0.42725506,0.0,0.12511788
0.90844536,0.0,0.00033209403
0.7714613,0.0,0.0
0.7149123,0.0,0.20209883
0.9352422,0.0,0.005138807
0.94459563,0.0,0.0005737919
0.88881856,0.0,0.2818926
0.39132038,0.0,0.4483724
0.57039183,0.0,0.32642296
0.93554634,0.0,0.0
0.9629681,0.0,0.00039785545
0.9578341,0.0,0.0
0.8669081,0.0,0.055868465
0.81559217,0.0,0.0069990507
0.9184834,0.0,0.026390696
0.84849924,0.0,0.3510509
0.8666071,0.0,0.3187348
0.7995611,0.0,0.5354202
0.7647922,0.0,0.23927757
0.6675202,0.0,0.64387864
0.8092266,0.0,0.43274754
0.8797581,0.0,0.11033195
0.9500486,0.0,0.0022073013
0.9166432,0.0,0.059961185
0.85909534,0.0,0.057477504
0.9359533,0.0,0.045422982
0.93813616,0.0,0.37960178
0.8721821,0.0,0.12580204
0.9342866,0.0,0.33225197
0.83722436,0.0,0.1885741
0.87552637,1.0,0.031463563
0.83670455,1.0,0.2829164
0.9100618,1.0,0.045206092
0.91217303,1.0,0.09742516
0.81510055,0.0,0.53507656
0.81741583,0.0,0.79054976
0.83423126,1.0,0.53621656
0.74246407,0.0,0.5769941
0.757905,1.0,0.41492915
0.87633324,0.0,0.35478953
0.75560635,1.0,0.5392806
0.91414714,1.0,0.02806724
0.60795695,1.0,0.18485774
0.6859875,1.0,0.12021691
0.5971804,1.0,0.6007483
0.8032689,0.0,0.25255552
0.822751,0.0,0.6831669
0.73918796,0.0,0.2450653
0.8704934,0.0,0.26623207
0.65607274,0.0,0.7120827
0.9220241,0.0,0.27099675
0.9400777,0.0,0.3264876
0.7503286,0.0,0.50854063
0.8337467,0.0,0.61455077
0.9464639,0.0,0.08075112
0.77303714,0.0,0.3583396
0.7874829,0.0,0.76740235
0.73522705,0.0,0.8474193
0.908754,0.0,0.27962527
0.8019474,0.0,0.62494564
0.8235496,0.0,0.34391913
0.8654902,0.0,0.50016844
0.9377863,0.0,0.023963679
0.7248287,0.0,0.5058957
0.78040934,0.0,0.5615435
0.88908803,0.0,0.06070927
0.8042002,0.0,0.08088979
0.8417343,0.0,0.12145888
0.71983016,0.0,0.2975694
0.7956227,0.0,0.06890408
0.3584178,0.0,0.5563005
0.5047556,0.0,0.35094222
0.76271874,0.0,0.026759382
0.9123427,0.0,0.06129027
0.57136565,0.0,0.11387397
0.8695917,0.0,0.02291604
0.60275805,0.0,0.03871401
0.83869046,0.0,0.36126056
0.87686265,0.0,0.26447558
0.81769454,0.0,0.22252683
0.7532828,0.0,0.620949
0.91150147,0.0,0.061222948
0.9068041,0.0,0.0035658083
0.9713244,0.0,0.051034037
0.9067195,0.0,0.020770025
0.86877686,0.0,0.012625357
0.9535771,0.0,0.0
0.9197337,0.0,0.2838465
0.6696638,0.0,0.46929774
0.70630777,0.0,0.14527507
0.72753954,0.0,0.0
0.87335974,0.0,0.0
0.966658,0.0,0.0014662753
0.68738353,0.0,0.00090127334
0.9110558,0.0,0.004226005
0.4354541,1.0,0.007281101
0.9360276,0.0,0.0026956047
0.6026813,0.0,0.07385915
0.7892831,1.0,0.0
0.7506347,0.0,0.18857701
0.41481876,0.0,0.008556338
0.61430854,0.0,0.0
0.8853801,0.0,0.00061964773
0.6640535,1.0,0.008261468
0.7298883,1.0,0.01552549
0.8451059,0.0,0.00062638
0.50197464,1.0,0.35498592
0.758896,0.0,0.29903552
0.76451844,0.0,0.059058122
0.9201316,0.0,0.0025037625
0.8959368,0.0,0.001064499
0.6799555,0.0,0.22765397
0.69499505,0.0,0.25067627
0.5325433,0.0,0.19821306
0.65361977,0.0,0.20201263
0.5593186,0.0,0.2351176
0.45982972,1.0,0.4883985
0.55886894,1.0,0.4751493
0.37942415,1.0,0.09298237
0.38455594,1.0,0.21363932
0.55380595,1.0,0.07095511
0.8152884,1.0,0.0
0.6017627,1.0,0.0073621455
0.90901,0.0,0.01353488
0.88232076,0.0,0.0060528703
0.9481994,0.0,0.0016194232
0.6083285,0.0,0.0
0.78065014,0.0,0.0
0.89400136,0.0,0.008378005
0.95723736,0.0,0.00083925383
0.67238134,0.0,0.5242823
0.8793871,0.0,0.28114066
0.87410605,0.0,0.7707261
0.7856589,0.0,0.6211284
0.6709274,0.0,0.093822554
0.76510566,0.0,0.29097182
0.95255476,0.0,0.10364899
0.86734146,0.0,0.0010204571
0.87902147,0.0,0.0752596
0.9786944,0.0,0.0
0.8674894,0.0,0.014171448
0.78250855,0.0,0.005615447
0.4786555,0.0,0.022408703
0.28503913,1.0,0.028149322
0.33975443,0.0,0.104588665
0.4495283,0.0,0.38191724
0.39951238,1.0,0.36448768
0.6363767,1.0,0.0018164624
0.6470455,0.0,0.16227998
0.6533285,0.0,0.29926196
0.585584,0.0,0.5099384
0.53247607,0.0,0.0
0.83167267,0.0,0.07179372
0.62612826,0.0,0.005471935
0.7843758,0.0,0.1569075
0.8159434,0.0,0.0
0.9744519,0.0,0.06917197
0.8741619,0.0,0.06703763
0.89541864,0.0,0.33501688
0.5367684,0.0,0.5768114
0.6400084,0.0,0.2666337
0.81737536,0.0,0.12803169
0.8634987,0.0,0.13629696
0.87321615,0.0,0.20386517
0.93244684,0.0,0.00039878045
0.66982186,0.0,0.03297033
0.50525475,0.0,0.33491832
0.6300497,1.0,0.24519244
0.94659376,0.0,0.007356581
0.68838155,0.0,0.055330325
0.8742541,0.0,0.0
0.8950178,0.0,2.5197303e-05
0.7963294,0.0,0.27008814
0.80252665,0.0,0.01420624
0.8204797,0.0,0.20442966
0.78464484,0.0,0.40451714
0.83551246,0.0,0.9385453
