gate_value,label,rsa
0.74961483,0.0,0.5841065
0.7598395,0.0,0.41989076
0.6911368,0.0,0.5804508
0.6379459,0.0,0.57983714
0.7635356,0.0,0.61183506
0.7905578,0.0,0.17861463
0.68385804,0.0,0.4081219
0.8961014,0.0,0.0
0.8091512,0.0,0.36582372
0.77720946,0.0,0.15718669
0.7548381,0.0,0.6478493
0.8808272,0.0,0.06072004
0.5832174,0.0,0.50787395
0.7709164,0.0,0.67343247
0.56257117,0.0,0.123701476
0.5506573,0.0,0.5407209
0.7044637,0.0,0.44515616
0.66963106,0.0,0.51334727
0.9082508,0.0,0.026819158
0.7476223,0.0,0.12642393
0.72917366,1.0,0.6137786
0.66076267,0.0,0.29157278
0.65594625,0.0,0.008013342
0.710935,0.0,0.41691536
0.6693438,0.0,0.51972413
0.8361973,0.0,0.49590415
0.79133016,0.0,0.3425881
0.8449558,0.0,0.10822179
0.89544684,0.0,0.0
0.8996377,0.0,0.26792422
0.9096279,0.0,0.0034687482
0.7473566,0.0,2.6742198e-05
0.75141627,0.0,0.18029067
0.79920274,0.0,0.2968384
0.97593725,0.0,0.007666524
0.92687815,0.0,0.0
0.7679212,0.0,0.47305176
0.76300484,0.0,0.5253599
0.90412515,0.0,0.0
0.7682375,0.0,0.3013342
0.8866367,0.0,0.47165558
0.8173641,0.0,0.36807013
0.8232442,0.0,0.5707029
0.9567435,0.0,0.034574043
0.6986886,0.0,0.6075092
0.7702001,0.0,0.10582112
0.5710266,0.0,0.011145866
0.4416472,0.0,0.40185848
0.7817905,0.0,0.13260764
0.8760635,0.0,0.0
0.66772044,0.0,0.30158043
0.65975106,0.0,0.45355636
0.65980744,0.0,0.22646981
0.8767759,0.0,0.0
0.964542,0.0,0.003331983
0.84322983,0.0,0.1337107
0.842363,0.0,0.04292526
0.9430653,0.0,0.0
0.94602466,0.0,0.09318758
0.87847936,0.0,0.55832213
0.9221232,0.0,0.09798124
0.7698894,0.0,0.6507586
0.78758204,0.0,0.38964215
0.93579525,0.0,0.0
0.9624791,0.0,0.11856888
0.7571515,0.0,0.54036343
0.8105485,0.0,0.22459982
0.9201623,1.0,0.14489788
0.79097515,1.0,0.4178856
0.5579237,1.0,0.5133283
0.6255727,1.0,0.5002072
0.89808,1.0,0.10891471
0.91054404,0.0,0.041831158
0.7261579,1.0,0.3473992
0.821446,1.0,0.13458663
0.9647137,0.0,0.0
0.7618284,0.0,0.49926838
0.68855476,1.0,0.6167193
0.84999895,0.0,0.101402186
0.5574548,1.0,0.482795
0.8669003,0.0,0.09535385
0.69236475,0.0,0.0
0.64209807,1.0,0.37698856
0.8569425,1.0,0.105674
0.68118453,1.0,0.69472253
0.67400855,1.0,0.6979241
0.79149526,0.0,0.6270534
0.91414773,0.0,0.15858519
0.673457,0.0,0.29163745
0.6556102,0.0,0.2822713
0.6985058,0.0,0.570954
0.6222893,1.0,0.8451642
0.62022036,0.0,0.3189353
0.8062279,1.0,0.22558972
0.65180326,1.0,0.1680224
0.90637004,1.0,0.11576016
0.76934636,0.0,0.14285818
0.9639572,0.0,0.07126155
0.9307535,0.0,0.03583085
0.88613975,0.0,0.04793552
0.96234196,0.0,0.44781762
0.49370763,0.0,0.4819648
0.8667161,0.0,0.27743065
0.92782605,0.0,0.09954566
0.8734018,0.0,0.6597409
0.7678153,0.0,0.48129493
0.75950885,0.0,0.6470321
0.8346018,0.0,0.019184537
0.8490344,0.0,0.29250577
0.9276709,0.0,0.08002306
0.97083527,0.0,0.051032495
0.94265366,0.0,0.23524399
0.91370213,0.0,0.008110315
0.9459549,0.0,0.4006737
0.9694044,0.0,0.06197421
0.9942227,0.0,0.034729343
0.9710585,0.0,0.068576045
0.9705658,0.0,0.0
0.9085364,0.0,0.0
0.8689842,0.0,0.03766073
0.77116776,0.0,0.0
0.79468226,0.0,0.455711
0.80186176,0.0,0.233223
0.93796265,0.0,0.096568756
0.4872135,0.0,0.16210988
0.82308936,0.0,0.39928794
0.9189281,0.0,0.20237668
0.93326443,0.0,0.3702109
0.46919867,0.0,0.8197432
0.7487755,0.0,0.5412905
0.8253482,0.0,0.7661752
0.62510306,0.0,0.62833786
0.64800894,0.0,0.55405015
0.67958915,0.0,0.0593567
0.74300593,0.0,0.6366219
0.7558463,0.0,0.2313734
0.74000305,0.0,0.42655227
0.7383628,0.0,0.6416179
0.7734468,0.0,0.5671232
0.4416843,0.0,0.09774573
0.55612814,0.0,0.34526017
0.8716323,0.0,0.23192722
0.59902036,0.0,0.32660675
0.68855613,0.0,0.7003538
0.7102565,0.0,0.29125872
0.6122541,0.0,0.7545751
0.6975543,0.0,0.29554665
0.75320774,0.0,0.0020252557
0.87732136,0.0,0.07591198
0.8530856,0.0,0.35054496
0.5211583,0.0,0.18334855
0.9399563,0.0,0.0
0.57134134,0.0,0.18923485
0.8217318,0.0,0.45935816
0.83863276,0.0,0.34435531
0.83441967,0.0,0.13813925
0.73356026,0.0,0.5870893
0.8233154,0.0,0.6426582
0.6661997,0.0,0.34868065
0.7740468,0.0,0.16040553
0.83362424,0.0,0.08267473
0.6568388,0.0,0.25216022
0.5555737,0.0,0.12139657
0.9653357,0.0,0.0
0.77999425,0.0,0.06481107
0.507865,0.0,0.046598125
0.74660426,0.0,0.014283818
0.9648327,0.0,0.0
0.7147049,0.0,0.012992589
0.70369035,0.0,0.0
0.7843235,0.0,0.0070001744
0.9804365,0.0,0.010702265
0.3253094,0.0,0.24693255
0.76899034,0.0,0.4767704
0.9106511,0.0,0.31606397
0.7052849,0.0,0.42228028
0.82735443,0.0,0.66276973
0.76868254,0.0,0.21292292
0.8453393,0.0,0.22456834
0.7574425,0.0,0.32833117
0.9349126,0.0,0.0
0.9425495,0.0,0.0037752604
0.73669416,0.0,0.13434014
0.8600517,0.0,0.2522542
0.9606165,0.0,0.0
0.9186531,0.0,0.0
0.5810594,0.0,0.27921885
0.8695381,0.0,0.010838796
0.9491859,0.0,0.027228037
0.5772141,0.0,0.14732708
0.7182859,0.0,0.10349274
0.6121002,0.0,0.2551553
0.5333263,1.0,0.36799976
0.8778164,0.0,0.36090633
0.5252146,1.0,0.09780166
0.63872546,0.0,0.66797626
0.37032765,0.0,0.22802825
0.8737924,0.0,0.0
0.72407305,0.0,0.03155313
0.44604132,0.0,0.08578139
0.7230985,0.0,0.0
0.9215402,0.0,0.0
0.7710961,0.0,0.51604307
0.8076638,0.0,0.3257875
0.9642935,0.0,0.0
0.973796,0.0,0.106177144
0.78038347,0.0,0.608348
0.93848217,0.0,0.33042985
0.70866555,0.0,0.30773118
0.71649784,0.0,0.43569863
0.9107509,0.0,0.30379027
0.85294706,0.0,0.04956769
0.68644714,0.0,0.25212598
0.5513797,0.0,0.5138534
0.96589255,0.0,0.0010080109
0.9281524,0.0,0.025543222
0.74882877,0.0,0.06454741
0.6247058,0.0,0.16118667
0.8737838,0.0,0.020248836
0.84877396,0.0,0.0073070796
0.40345114,1.0,0.09731024
0.8155147,0.0,0.0035878194
0.9501808,0.0,0.04156121
0.62328136,1.0,0.07272521
0.7492257,1.0,0.30175552
0.8546972,1.0,0.29431194
0.5882938,0.0,0.50907373
0.74568415,0.0,0.35303727
0.5610244,0.0,0.20159675
0.6722998,0.0,0.448987
0.7372438,0.0,0.27726525
0.92403644,0.0,0.0021141963
0.8824452,0.0,0.016182465
0.787671,0.0,0.29195142
0.8282117,0.0,0.106796086
0.9634588,0.0,0.00361682
0.874082,0.0,0.28933728
0.8190673,0.0,0.17798238
0.88205504,0.0,0.023195373
0.9140024,0.0,0.0
0.7116686,0.0,0.42528227
0.8929268,0.0,0.23492384
0.8091347,0.0,0.100015335
0.6676109,0.0,0.75262076
0.8334053,0.0,0.5377344
0.9181034,0.0,0.10652124
0.82751566,0.0,0.30237308
0.84981775,0.0,0.5605606
0.9405274,0.0,0.19464831
0.9566136,0.0,0.4441494
0.914418,0.0,0.895077
0.76207644,0.0,0.8169514
0.9368548,0.0,0.7283773
0.87711036,0.0,0.9012012
0.86826414,0.0,0.57827944
0.8366475,0.0,0.7981764
0.8746089,0.0,0.62553704
0.6877035,0.0,0.4346902
0.84417236,0.0,0.30096698
0.8836452,0.0,0.61963123
0.54388666,0.0,0.17951551
0.7490483,0.0,0.12540886
0.76557904,0.0,0.40707383
0.8580162,0.0,0.38236707
0.81235427,0.0,0.0
0.84535134,0.0,0.1085597
0.8356848,0.0,0.44247496
0.9165634,0.0,0.16518691
0.8998484,0.0,6.8039306e-05
0.8329234,0.0,0.1955192
0.77235913,0.0,0.26473886
0.7818576,0.0,0.03715836
0.9627168,0.0,0.29422995
0.86984646,0.0,0.5662545
0.89730996,0.0,0.4670032
0.6904491,0.0,0.37054735
0.66936064,0.0,0.60844177
0.7563271,0.0,0.6994773
0.7443765,0.0,0.4672444
0.42739207,0.0,0.3795512
0.72296363,0.0,0.23744322
0.83235186,0.0,0.13726442
0.6012454,0.0,0.16965337
0.84060675,0.0,0.017825387
0.8512623,0.0,0.11295094
0.78597647,0.0,0.030996786
0.6302,0.0,0.0
0.91401714,0.0,0.033475697
0.94901925,0.0,0.0
0.8110823,1.0,0.012752018
0.84039235,0.0,0.0011188136
0.9619223,0.0,0.017213434
0.7983058,1.0,0.17916223
0.6326713,0.0,0.23888198
0.8847883,0.0,0.297351
0.88582915,0.0,0.34498432
0.891575,0.0,0.26877397
0.67563117,0.0,0.2639713
0.86701614,0.0,0.5479753
0.7898933,0.0,0.40799296
0.94237316,0.0,0.0
0.92420393,0.0,0.15057802
0.7372988,0.0,0.51836926
0.940017,0.0,0.035862017
0.9659502,1.0,0.004991336
0.9046459,0.0,0.38084716
0.7921072,0.0,0.1721849
0.8971354,0.0,0.0
0.98038566,0.0,0.030259585
0.7973539,0.0,0.5240791
0.91361874,0.0,0.42313722
0.93129015,0.0,0.33289832
0.68814576,0.0,0.41762647
0.8966673,0.0,0.5093084
0.9472416,0.0,0.15176395
0.89720803,0.0,0.21180426
0.752873,0.0,0.23848061
0.9761965,0.0,0.013144817
0.9292756,0.0,0.17326851
0.8962341,1.0,0.0648609
0.7410557,1.0,0.10216844
0.98579353,0.0,0.067678824
0.921382,0.0,0.0
0.80224323,1.0,0.2721279
0.7444124,0.0,0.004728942
0.92931193,0.0,0.05660386
0.75903285,1.0,0.20273499
0.80905044,1.0,0.34475657
0.9170035,0.0,0.37444213
0.82308346,0.0,0.6983278
0.943989,0.0,0.3271095
0.5251727,0.0,0.09380485
0.8948936,0.0,0.5081638
0.87418175,0.0,0.4144929
0.94864964,0.0,0.0
0.9346316,0.0,0.05964974
0.64772546,0.0,0.46117857
0.9377088,0.0,0.019415947
0.9458952,1.0,0.018213691
0.94711554,0.0,0.3680859
0.91275316,0.0,0.24479459
0.9736926,0.0,0.0
0.9899384,0.0,0.06652815
0.808203,0.0,0.5454278
0.88802016,0.0,0.24662721
0.8353939,0.0,0.132936
0.8511921,0.0,0.47338736
0.8526764,0.0,0.37803844
0.80956,1.0,0.015587657
0.9224236,0.0,0.1154769
0.69869417,1.0,0.13910244
0.9371513,0.0,0.0
0.71507686,0.0,0.10875599
0.8023665,1.0,0.11981355
0.89945567,1.0,0.16512853
0.9833007,0.0,0.0090611745
0.97831637,0.0,0.0
0.6242333,1.0,0.31213748
0.89260805,0.0,0.0056550023
0.99138355,0.0,0.020194309
0.84952193,1.0,0.15534176
0.7934227,1.0,0.49301568
0.9389177,0.0,0.38187078
0.8244628,1.0,0.45812806
0.95949656,0.0,0.2639872
0.9049283,1.0,0.18623942
0.84004575,0.0,0.37553638
0.91264474,0.0,0.28829753
0.95451987,0.0,0.0
0.9304973,0.0,0.0006978974
0.7410262,0.0,0.2274488
0.93439734,0.0,0.06684231
0.9589053,0.0,0.0
0.8582604,0.0,0.0008959277
0.9448171,0.0,0.28725284
0.8970606,0.0,0.0
0.93237036,0.0,0.0
0.7813088,0.0,0.05265482
0.95112824,0.0,0.25217566
0.91424316,0.0,0.11455403
0.8387792,0.0,0.18556578
0.74182177,0.0,0.48799443
0.8555872,0.0,0.31228447
0.6140058,0.0,0.45121378
0.78881437,0.0,0.24946626
0.83662695,0.0,0.39372808
0.7208812,0.0,0.52279145
0.7997628,0.0,0.6364325
0.82088274,0.0,0.76217604
0.8181662,0.0,0.18594888
0.92586863,0.0,0.17718163
0.87412417,0.0,0.75309396
0.7467935,0.0,0.25212517
0.7343153,0.0,0.24620628
0.6955887,0.0,0.4564569
0.6661277,1.0,0.49480596
0.92734265,0.0,0.033223365
0.9579196,0.0,0.01255166
0.6549604,1.0,0.41031918
0.73248315,1.0,0.13158014
0.96109676,0.0,0.0006647321
0.8006345,1.0,0.26102108
0.6130602,1.0,0.48887154
0.8741369,0.0,0.0
0.946525,0.0,0.0005967848
0.8037545,1.0,0.3097824
0.85946053,1.0,0.36003318
0.8202515,0.0,0.26375565
0.7539121,1.0,0.44381216
0.8910618,1.0,0.21992113
0.81446886,1.0,0.5003911
0.7095082,0.0,0.5916982
0.86960644,0.0,0.005049561
0.8237713,1.0,0.18144503
0.867691,0.0,0.49886596
0.9536334,0.0,0.10812624
0.88812625,0.0,0.004303011
0.6810496,1.0,0.4277617
0.8425461,0.0,0.5819527
0.78659195,0.0,0.35162595
0.89229083,0.0,0.26711354
0.7001918,0.0,0.013810182
0.69554436,0.0,0.2431694
0.51775116,0.0,0.34211767
0.7807519,0.0,0.0014511569
0.60319346,0.0,0.0055825305
0.7383802,0.0,0.54496485
0.7895623,0.0,0.3900378
0.6253298,0.0,0.05127255
0.7076232,0.0,0.6118898
0.7046389,0.0,0.14432846
0.6683976,0.0,0.72237813
0.55646133,0.0,0.45756343
0.75966567,1.0,0.84034467
0.8636245,0.0,0.5556134
0.67334145,1.0,0.54203427
0.85583895,0.0,0.53613484
0.6444045,0.0,0.6690655
0.82347363,1.0,0.6667337
0.65684414,1.0,0.79569906
0.8464243,0.0,0.29406205
0.8136614,0.0,0.6283288
0.8185244,1.0,0.4163894
0.85876024,0.0,0.97454953
0.73670805,0.0,0.7467324
0.67591655,0.0,0.45658776
0.67251664,0.0,0.06586456
0.68066347,0.0,0.053502243
0.7212936,0.0,0.68505234
0.75255346,0.0,0.6765375
0.5406432,0.0,0.20766547
0.7714759,0.0,0.3552806
0.91103065,0.0,0.41618198
0.8612237,0.0,0.14582628
0.84182805,0.0,0.15284626
0.95057774,0.0,0.18578403
0.9476932,0.0,0.0
0.8769116,0.0,0.0077437325
0.9282394,0.0,0.09475785
0.95625323,0.0,0.05728497
0.85893583,0.0,0.05142621
0.89961207,0.0,0.030904211
0.7446467,0.0,0.3342532
0.91163516,0.0,0.00024187162
0.8902206,0.0,0.009384689
0.93766993,0.0,0.006060282
0.84911937,0.0,0.23053432
0.94756925,0.0,0.0007856999
0.96330726,0.0,0.006781643
0.87881655,0.0,0.19877253
0.79796207,0.0,0.19155641
0.8804316,0.0,0.008131143
0.79794323,0.0,0.14844087
0.8539434,0.0,0.59778845
0.8247367,0.0,0.34830955
0.94036484,0.0,0.25432363
0.8944461,0.0,0.39577726
0.84642035,0.0,0.6712337
0.6387505,0.0,0.4599005
0.8729072,0.0,0.15319847
0.86000276,0.0,0.014736617
0.92189443,0.0,0.0
0.8446326,0.0,0.027486451
0.9686988,0.0,0.0075627347
0.51751596,0.0,0.044550106
0.70413053,0.0,0.021609152
0.9322883,0.0,0.028540641
0.9289918,0.0,0.016043833
0.97506636,0.0,0.0057914536
0.9737941,0.0,0.0014360351
0.6523959,0.0,0.04121502
0.71934074,0.0,0.009749459
0.7980622,0.0,0.0045875725
0.96559715,0.0,0.0
0.92283136,0.0,0.013553587
0.9096622,0.0,0.00047373382
0.9613863,0.0,0.019573571
0.8444498,0.0,0.14199774
0.87463087,0.0,0.0
0.9733209,0.0,0.03622705
0.8991329,0.0,0.4902441
0.95599246,0.0,0.47331485
0.74171257,0.0,0.46834597
0.96369183,0.0,0.016903123
0.9779984,0.0,0.07681033
0.9365021,0.0,0.26363328
0.8403339,0.0,0.14559726
0.9804866,0.0,0.0
0.9752728,0.0,0.01478267
0.9485253,0.0,0.3207588
0.88220567,0.0,0.15643238
0.958917,0.0,0.0
0.88515383,0.0,0.10312053
0.9640816,0.0,0.00021194106
0.92078376,0.0,0.35173488
0.92686886,0.0,0.2935205
0.8854879,0.0,0.0
0.9436746,0.0,0.2452616
0.89442086,0.0,0.6292652
0.91815656,0.0,0.39705262
0.8088304,0.0,0.11756678
0.91181225,0.0,0.79622096
0.8384736,0.0,0.5829986
0.91562384,0.0,0.057734918
0.96020705,0.0,0.42509153
0.9474377,0.0,0.41017115
0.94741464,0.0,0.3468237
0.8757301,0.0,0.08856874
0.9225966,0.0,0.00021752756
0.9403628,0.0,0.044601597
0.809612,0.0,0.31840456
0.689616,0.0,0.041794688
0.8885671,0.0,4.137861e-05
0.95043933,0.0,0.3516911
0.8010518,0.0,0.584193
0.8368747,0.0,0.013331486
0.8803993,0.0,0.06835794
0.9116242,0.0,0.44526783
0.84516037,0.0,0.16971473
0.7862931,0.0,0.0036295194
0.86246485,0.0,0.18719472
0.9122055,0.0,0.34166664
0.8530645,0.0,0.81901246
0.80002135,0.0,0.1366638
0.84901625,0.0,0.68940747
0.85439813,0.0,0.28967318
0.86986876,0.0,0.06478369
0.6844037,0.0,0.18604775
0.8965798,0.0,0.042349562
0.89352065,0.0,0.31746763
0.7613021,0.0,0.21957994
0.7957728,0.0,0.012367414
0.83689284,0.0,0.053151026
0.92537963,0.0,0.084269956
0.9275901,0.0,0.0
0.9284613,0.0,0.008837644
0.9467507,0.0,0.0007133484
0.88364273,0.0,0.08415349
0.83969194,0.0,0.4707422
0.7006312,0.0,0.49194017
0.93549335,0.0,0.15792772
0.86097485,0.0,0.40849292
0.95170146,0.0,0.10557716
0.8845438,0.0,0.30344576
0.78282756,0.0,0.6079653
0.7828129,0.0,0.45028824
0.95270884,0.0,0.006834185
0.87127817,0.0,0.26732957
0.9347208,0.0,0.25436774
0.86842114,0.0,0.26783088
0.9722539,0.0,0.0
0.945143,0.0,0.39545116
0.9372251,0.0,0.3738451
0.93737906,0.0,0.16273576
0.98556316,0.0,0.026162194
0.94570845,0.0,0.38601926
0.952543,0.0,0.056137107
0.8855137,0.0,0.30895677
0.9838335,0.0,0.019758904
0.91890186,0.0,0.24275532
0.81108236,0.0,0.5757673
0.9778936,0.0,0.031772595
0.8527967,0.0,0.12148147
0.9007793,0.0,0.02264677
0.8584418,0.0,0.50292045
0.8796505,0.0,0.29115003
0.7406267,0.0,0.6416562
0.7911433,0.0,0.4809416
0.8853144,0.0,0.10212332
0.85470873,0.0,0.13513337
0.87421995,0.0,0.36122462
0.8929768,0.0,0.62134725
0.9566241,0.0,0.038219046
0.9602108,0.0,0.064595245
0.88346624,0.0,0.39523974
0.9420275,0.0,0.40876737
0.9751536,0.0,0.00398887
0.9799498,0.0,0.2835883
0.8830166,0.0,0.7086462
0.81987625,0.0,0.18181224
0.8636754,0.0,0.0023758237
0.8890239,0.0,0.43841746
0.86091727,0.0,0.2441262
0.95380455,0.0,0.23778579
0.9725042,0.0,0.031534858
0.69190055,0.0,0.5542138
0.63745993,0.0,0.34397
0.7186777,0.0,0.006762
0.8072057,0.0,0.006804771
0.78198224,0.0,0.34951255
0.7089974,0.0,0.828771
0.86763436,0.0,0.109025694
0.80415505,0.0,0.46586514
0.8140359,0.0,0.49727282
0.85700524,0.0,0.5690876
0.9716252,0.0,0.03723856
0.8944518,0.0,0.19897701
0.98355293,0.0,0.0
0.99299145,0.0,0.0
0.96501833,0.0,0.019515622
0.98823315,0.0,0.008384438
0.7747674,0.0,0.001002843
0.9496728,0.0,0.017254818
0.9597885,0.0,0.043420576
0.8929785,0.0,0.02615199
0.83752793,0.0,0.016063105
0.685006,0.0,0.21185999
0.95275384,0.0,0.046977043
0.83825165,0.0,0.17079818
0.9151671,0.0,0.010959064
0.82340837,0.0,0.51698923
0.8854871,0.0,0.16070594
0.61289054,0.0,0.16162808
0.9113611,0.0,0.015022436
0.7663442,0.0,0.08415245
0.6400269,1.0,0.38057816
0.7792119,1.0,0.5932993
0.7955375,1.0,0.19363227
0.7551505,1.0,0.19178161
0.5972226,1.0,0.2890354
0.654455,1.0,0.538379
0.89325047,0.0,0.10810291
0.7194544,0.0,0.37217602
0.93796307,0.0,0.0
0.9138122,1.0,0.3291862
0.9371829,0.0,0.18286936
0.9322312,0.0,0.30417845
0.8892068,0.0,0.5656447
0.8856745,0.0,0.69737345
0.96608645,0.0,0.4039452
0.92897767,0.0,0.38331336
0.97345394,0.0,0.27702278
0.86638963,0.0,0.45686495
0.9775754,0.0,0.054376163
0.7582248,0.0,0.31122103
0.9683829,0.0,0.0
0.96696335,0.0,0.0
0.6490723,1.0,0.16479233
0.87602884,0.0,0.0
0.6844877,0.0,0.22077231
0.94516265,0.0,0.05314042
0.736428,0.0,0.49190015
0.91380763,0.0,0.03390632
0.8499856,0.0,0.29227456
0.90698737,0.0,0.12760504
0.96190304,0.0,0.0917107
0.8494778,0.0,0.5460018
0.9839818,0.0,0.044793002
0.73986787,0.0,0.68468064
0.8811689,0.0,0.55221695
0.9771599,0.0,0.03377689
0.9331796,0.0,0.33731776
0.9879601,0.0,0.023822142
0.951733,1.0,0.25528196
0.9942888,0.0,0.005577006
0.9844982,0.0,0.016132774
0.90076566,0.0,0.03494439
0.942466,0.0,0.015781878
0.8827478,0.0,0.2384697
0.9598481,0.0,0.0120405005
0.8733504,0.0,0.3075271
0.95515287,0.0,0.18159576
0.88560534,0.0,0.1983746
0.9719482,0.0,5.2772924e-05
0.9945121,0.0,0.0061656334
0.98242444,0.0,0.0
0.99307394,0.0,0.007640665
0.98121166,0.0,0.0014279825
0.9835079,0.0,0.0059769736
0.9116419,0.0,0.021634672
0.8264837,0.0,0.015968693
0.89533937,1.0,0.4350194
0.84493035,1.0,0.5361511
0.7895874,0.0,0.25603005
0.93143046,0.0,0.54210556
0.8602769,0.0,0.105803505
0.8474778,0.0,0.09185832
0.8382291,0.0,0.6558835
0.79244673,0.0,0.31990603
0.94826627,0.0,0.0013372479
0.91551465,0.0,0.017828815
0.8711496,0.0,0.44944653
0.8022759,0.0,0.36657894
0.9662417,0.0,0.009582471
0.9468921,0.0,0.266794
0.8765698,0.0,0.09134451
0.826478,0.0,0.50149953
0.96537614,0.0,0.08342486
0.97696733,0.0,0.060555883
0.9334178,0.0,0.14908572
0.94062716,0.0,0.34364152
0.92079157,0.0,0.011252669
0.78889227,0.0,0.3307698
0.75303096,0.0,0.63224614
0.96630245,0.0,0.39416215
0.9796552,0.0,0.11197474
0.81709725,1.0,0.3802868
0.7834839,0.0,0.46147838
0.85737276,1.0,0.36944357
0.7044668,0.0,0.22461802
0.9646601,0.0,0.082951985
0.82331514,1.0,0.17937414
0.99081284,0.0,0.00045902995
0.8655476,0.0,0.053181387
0.9791829,0.0,0.0011303534
0.8123936,0.0,0.0
0.8012416,0.0,0.27292794
0.97868526,0.0,0.0340093
0.7933697,0.0,0.4184644
0.976082,0.0,0.0
0.8692541,0.0,0.4362299
0.84928787,0.0,0.15248041
0.83916533,0.0,0.41663963
0.9821467,0.0,0.12416675
0.8022701,0.0,0.29275447
0.9803689,0.0,0.0
0.70245767,0.0,0.030219277
0.70803785,0.0,0.34536347
0.96249944,0.0,0.0
0.99218845,0.0,0.0
0.9043059,0.0,0.23219523
0.8318816,0.0,0.5918189
0.97199506,0.0,0.16271546
0.8936662,0.0,0.25866243
0.9803146,0.0,0.00057158316
0.8674309,0.0,0.5102262
0.8100535,0.0,0.29996222
0.983809,0.0,0.010876201
0.9644514,0.0,0.103321254
0.8074348,0.0,0.3275711
0.73306704,0.0,0.35694122
0.7966922,0.0,0.61138266
0.9833935,0.0,0.1530204
0.8550799,0.0,0.31003946
0.98564607,0.0,0.04714718
0.9347126,0.0,0.45104715
0.9410825,0.0,0.19535956
0.9871022,0.0,0.0
0.96187156,0.0,0.020452278
0.7103074,0.0,0.5609635
0.9139567,0.0,0.30418345
0.8574311,0.0,0.5067468
0.98281467,0.0,0.007272279
0.87489045,0.0,0.044929236
0.98144895,0.0,0.027795536
0.5370264,0.0,0.34124604
0.67485607,0.0,0.14389405
0.87330765,0.0,0.004920061
0.723356,0.0,0.05882007
0.9571997,0.0,0.022291416
0.78916115,0.0,0.0974301
0.9511163,0.0,0.10103301
0.58331144,0.0,0.08523402
0.9597653,0.0,0.0123675205
0.9093397,0.0,0.20018129
0.9741232,0.0,0.006748253
0.9062266,0.0,0.18097857
0.8203128,0.0,0.08423059
0.92911184,0.0,0.07328314
0.911273,0.0,0.0
0.9774473,0.0,0.0017625793
0.6840897,0.0,0.087138265
0.9667037,0.0,0.18202506
0.6753357,0.0,0.6315251
0.63893867,0.0,0.50588524
0.6838596,0.0,0.6624487
0.5267548,0.0,0.1903916
0.7198492,1.0,0.669716
0.8398192,1.0,0.6637891
0.6045824,1.0,0.6567706
0.82014847,1.0,0.33867785
0.87439454,1.0,0.24393666
0.6407183,1.0,0.3221661
0.7251654,1.0,0.8598034
0.97666806,1.0,0.57045776
0.8779076,1.0,0.20548277
0.86514086,1.0,0.62294567
0.853717,1.0,0.3328796
0.76696366,1.0,0.50700194
0.9757824,0.0,0.20846933
0.95719343,0.0,0.10612309
0.9855215,0.0,0.0
0.81332713,0.0,0.1760939
0.7946998,1.0,0.20401482
0.9335603,0.0,0.0977684
0.9831246,0.0,0.0
0.9955122,0.0,0.0015013532
0.9640105,0.0,0.0
0.99715674,0.0,0.0006058722
0.9741275,0.0,0.0
0.9791835,0.0,0.090321824
0.975025,0.0,0.00044453036
0.8836087,0.0,0.31679773
0.81620115,0.0,0.53797174
0.93284386,0.0,0.040865485
0.97578216,0.0,0.23198865
0.928932,0.0,0.010530187
0.9864731,0.0,0.029665591
0.9772076,0.0,0.0010510918
0.95279413,0.0,0.018056333
0.9753304,0.0,0.0012095452
0.9559966,0.0,0.0
0.85609764,0.0,0.034519333
0.96104586,0.0,0.0
0.9638603,0.0,0.07934428
0.8293939,0.0,0.08840895
0.8490515,0.0,0.071407326
0.9579588,0.0,0.52404314
0.91730183,0.0,0.36712268
0.863103,0.0,0.37741596
0.78316367,0.0,1.0
0.83515406,0.0,0.47471568
0.6959096,0.0,0.43252975
0.8659845,0.0,0.23567708
0.7428728,0.0,0.65874916
0.81392616,0.0,0.5884787
0.81818676,0.0,0.23382503
0.6961831,0.0,0.4578423
0.72305757,0.0,0.61549133
0.5764568,0.0,0.56233335
0.7003698,0.0,0.40052778
0.6981906,0.0,0.47150302
0.74518174,0.0,0.30066583
0.77150613,0.0,0.33555427
0.6424929,0.0,0.10301779
0.8216831,0.0,0.30356786
0.63393915,0.0,0.15556887
0.7345627,0.0,0.40382987
0.8304325,0.0,0.248979
0.85793895,0.0,0.0
0.708037,0.0,0.37500185
0.6670911,0.0,0.5821192
0.9442309,0.0,0.02156088
0.8727059,0.0,0.3725288
0.72046846,1.0,0.6700771
0.584693,1.0,0.26412308
0.44065702,0.0,0.0224741
0.7735649,0.0,0.42150518
0.83921605,0.0,0.40078324
0.89281875,0.0,0.0
0.9148577,0.0,0.0993501
0.8456866,0.0,0.68404216
0.9543672,0.0,0.15286653
0.7170881,0.0,0.40377778
0.8987862,0.0,0.26396298
0.96829826,0.0,0.0
0.82458824,0.0,0.1748053
0.7082417,0.0,0.4629732
0.82914037,0.0,0.06739343
0.73349476,0.0,0.0
0.77458453,0.0,0.3300879
0.7827274,0.0,0.397836
0.6295381,0.0,0.080901206
0.8885844,0.0,0.0077296426
0.92431176,0.0,0.5612377
0.8032875,1.0,0.481801
0.42427966,1.0,0.29387146
0.63590366,1.0,0.7199022
0.76698524,1.0,0.19781256
0.8674442,0.0,0.1096079
0.82940567,1.0,0.17780401
0.82904047,1.0,0.096449405
0.942962,0.0,0.0
0.722765,0.0,0.14004196
0.89766103,0.0,0.0
0.9345262,0.0,0.10579865
0.88044584,0.0,0.23774412
0.92136043,0.0,0.20997542
0.9640827,0.0,0.0077141635
0.7979153,0.0,0.27499175
0.7993339,0.0,0.44205192
0.9600923,0.0,0.00441551
0.8863635,0.0,0.40221563
0.7989659,0.0,0.3647731
0.6369551,0.0,0.09174883
0.7008811,0.0,0.42792884
0.82157,0.0,0.213762
0.84145397,0.0,0.68015486
0.84663355,0.0,0.36224747
0.7878181,0.0,0.42796034
0.96278733,0.0,0.0865877
0.94437,0.0,0.16146022
0.7961342,0.0,0.40507782
0.66139543,0.0,0.22738956
0.95432943,0.0,0.0
0.8848141,0.0,0.49667856
0.8334908,0.0,0.47691426
0.94790345,0.0,0.039527267
0.9012409,0.0,0.12637304
0.88007045,0.0,0.2961602
0.6642636,0.0,0.20481223
0.5298924,0.0,0.061960656
0.97111636,0.0,0.008013614
0.94820356,0.0,0.32242134
0.8794326,0.0,0.33522767
0.8008577,1.0,0.4254936
0.8028803,1.0,0.07909457
0.82918733,1.0,0.70373577
0.93222034,0.0,0.31495318
0.75029236,1.0,0.33225858
0.8433248,1.0,0.056303825
0.5797688,1.0,0.43255892
0.89276916,1.0,0.13464548
0.54249126,1.0,0.36158437
0.5574965,1.0,0.5818695
0.4632321,1.0,0.50884515
0.74814,0.0,0.072481975
0.5883303,1.0,0.1672929
0.76876575,0.0,0.27150244
0.7456363,0.0,0.5279639
0.7885226,0.0,0.027547605
0.8545474,0.0,0.3731139
0.7823464,0.0,0.55062735
0.7908168,0.0,0.3594536
0.85607755,0.0,0.075931154
0.86767256,0.0,0.38998947
0.8548998,0.0,0.38010317
0.7434429,0.0,0.0933199
0.7229024,0.0,0.4973412
0.58565646,0.0,0.34697247
0.6594834,0.0,0.35321885
0.86878407,0.0,0.074682765
0.89208746,0.0,0.011493536
0.759776,0.0,0.38208842
0.5061926,0.0,0.57737815
0.8431189,0.0,0.012939101
0.8019936,0.0,0.051165625
0.45211506,0.0,0.34414604
0.76666,1.0,0.4125791
0.93175864,0.0,0.0013445776
0.5230059,0.0,0.16679569
0.5851323,0.0,0.3034216
0.6649727,1.0,0.31178546
0.81956136,0.0,0.0032708577
0.8403552,1.0,0.30785102
0.7177636,1.0,0.5831508
0.5189022,1.0,0.3520483
0.92298985,1.0,0.02205759
0.9062907,0.0,0.07284744
0.7104309,0.0,0.3220855
0.6829834,1.0,0.34267202
0.8508556,0.0,0.0
0.7753629,1.0,0.18069977
0.605127,1.0,0.6033206
0.78986907,0.0,0.108856775
0.5638271,0.0,0.73373026
0.62101984,0.0,0.39247867
0.96810293,0.0,0.027019538
0.817305,0.0,0.44296378
0.7492201,0.0,0.3781378
0.8157809,0.0,0.12257793
0.84273756,0.0,0.11006981
0.817386,0.0,0.368951
0.8136899,0.0,0.5375432
0.83702093,0.0,0.690258
0.76859903,0.0,1.0
0.7985092,0.0,0.7405213
0.5623897,0.0,0.29685947
0.59334296,0.0,0.43147236
0.7942782,0.0,0.4139587
0.8770666,0.0,0.61151075
0.7985599,0.0,0.21330808
0.91143024,0.0,0.25010803
0.8277029,0.0,0.12732172
0.65912575,0.0,0.58079493
0.7513831,0.0,0.5928386
0.87021655,0.0,0.10627803
0.79419893,0.0,0.24009342
0.7380821,0.0,0.6263242
0.8523742,0.0,0.14922595
0.9790126,0.0,0.0
0.89420444,0.0,0.294482
0.80394095,0.0,0.42288944
0.7732666,0.0,0.04146968
0.9190788,0.0,0.06647514
0.7546359,0.0,0.47532445
0.7239864,0.0,0.29384357
0.96665245,0.0,0.17232613
0.9098152,0.0,0.6825418
0.86751884,0.0,0.45744953
0.8450462,0.0,0.68647254
0.8400988,0.0,0.08666665
0.8199403,0.0,0.7849177
0.8613458,0.0,0.22175346
0.8097036,0.0,0.4678052
0.9079473,0.0,0.23175052
0.8325588,0.0,0.7037374
0.9201829,1.0,0.3523858
0.86512315,0.0,0.0761
0.8433089,0.0,0.24074209
0.8736321,1.0,0.47153464
0.84974045,1.0,0.21074098
0.9295556,1.0,0.0818073
0.6230579,1.0,0.5428311
0.90070987,1.0,0.0814731
0.8423759,1.0,0.7048293
0.8763078,1.0,0.48542443
0.87478316,0.0,0.5303386
0.91518474,0.0,0.16113302
0.9375845,0.0,0.01898541
0.78233755,0.0,0.41334128
0.9170379,0.0,0.7326552
0.9212805,0.0,0.35886788
0.7902868,0.0,0.57032603
0.81645316,0.0,0.66100734
0.85619736,0.0,0.22653465
0.7784199,0.0,0.11986688
0.88236594,0.0,0.02380006
0.8885234,0.0,0.25446767
0.84766376,1.0,0.075063825
0.9089653,0.0,0.09337856
0.61491114,0.0,0.018505458
0.9515202,0.0,0.00014953256
0.8558566,0.0,0.38896248
0.7455751,0.0,0.18766433
0.7337478,0.0,0.5663449
0.8454527,0.0,0.8082019
0.87761873,0.0,0.3310718
0.7413082,0.0,0.8416503
0.84199286,1.0,0.5122751
0.90172976,1.0,0.14045389
0.90283936,1.0,0.19774629
0.877318,1.0,0.37607193
0.91492015,0.0,0.25095448
0.90249705,1.0,0.015620846
0.97553885,0.0,0.0
0.96467674,0.0,0.0
0.8510744,0.0,0.10064649
0.9434092,0.0,0.07756941
0.84979045,0.0,0.59540784
0.8258205,0.0,0.39850435
0.8148053,0.0,0.7149961
0.74721205,0.0,0.63731617
0.900516,0.0,0.102807015
0.97402275,0.0,0.06234869
0.98617953,0.0,0.026587129
0.95734215,0.0,0.1066318
0.8668266,0.0,0.0022319383
0.6846649,0.0,0.27865952
0.9565148,1.0,0.28833807
0.916103,1.0,0.44839
0.9491248,1.0,0.122256234
0.94449025,1.0,0.510042
0.4981949,0.0,0.42779708
0.5806892,1.0,0.007903918
0.80714566,0.0,0.14990838
0.5528837,0.0,0.2927153
0.97004056,0.0,0.042112064
0.6893609,0.0,0.27387285
0.54434294,0.0,0.37981635
0.776572,0.0,0.72537726
0.9417944,0.0,0.3960992
0.85004914,0.0,1.0
0.9002271,0.0,0.5353275
0.79180396,0.0,0.38324952
0.71645695,0.0,0.44901684
0.89290625,0.0,0.10551902
0.7317218,0.0,0.6452038
0.93916386,0.0,0.054535266
0.81217736,0.0,0.33768982
0.6555219,0.0,0.48117802
0.8983365,0.0,0.68261296
0.822923,0.0,0.10435704
0.8712474,0.0,0.50092673
0.9809991,0.0,0.08586629
0.9263974,0.0,0.21716584
0.9678536,0.0,0.0
0.77270126,0.0,0.49438912
0.8273311,0.0,0.06222903
0.67872643,0.0,0.6576885
0.84984106,0.0,0.13248798
0.50984585,0.0,0.80548954
0.77644444,0.0,0.3786326
0.8809043,0.0,0.41795695
0.9356081,0.0,0.01690362
0.684269,0.0,0.5994762
0.57905024,1.0,0.39593157
0.9772718,0.0,0.007913774
0.53018755,1.0,0.17136566
0.96257323,0.0,0.0
0.7362425,1.0,0.16650604
0.6316386,0.0,0.12192892
0.9500857,0.0,0.42825627
0.8778194,1.0,0.8978357
0.83578825,1.0,0.454001
0.7983643,1.0,0.29796952
0.9630096,0.0,0.0010141023
0.9855078,0.0,0.0
0.8403452,1.0,0.23533353
0.9216673,0.0,0.03346708
0.82522064,1.0,0.3570579
0.67044324,0.0,0.685494
0.888249,0.0,0.73232806
0.7927768,1.0,0.41766113
0.750136,0.0,0.26294753
0.74098945,1.0,0.57511264
0.714046,0.0,0.07650758
0.5845312,1.0,0.27255532
0.5913876,1.0,0.66504216
0.49596998,0.0,0.45981467
0.94620895,0.0,0.13603827
0.693075,0.0,0.41062877
0.80195785,0.0,0.57411647
0.93378,0.0,0.42220953
0.929603,0.0,0.058965124
0.6594776,0.0,0.5837476
0.8227658,0.0,0.060596604
0.97904426,0.0,0.27484265
0.63812816,0.0,0.5375962
0.6211471,0.0,0.5497188
0.895947,0.0,0.252522
0.9177441,0.0,0.0
0.9719077,0.0,0.07523088
0.98941565,0.0,0.0
0.94916767,0.0,0.15123133
0.9531373,0.0,0.00064135937
0.6038771,0.0,0.34672672
0.75106436,0.0,0.30397362
0.8056487,0.0,0.019728312
0.85992193,0.0,0.31837684
0.6667224,0.0,0.5885045
0.614048,0.0,0.49137974
0.86103576,0.0,0.051772203
0.7872285,0.0,0.34960687
0.89395195,0.0,0.15333788
0.8814343,0.0,0.25880858
0.9938075,0.0,0.0
0.9418418,0.0,0.16089194
0.95656073,0.0,0.0
0.4675893,1.0,0.3069134
0.8473357,0.0,0.067330085
0.7961711,1.0,0.6109186
0.8520354,0.0,0.37437087
0.7695696,1.0,0.11538508
0.5356637,0.0,0.80395746
0.8296333,1.0,0.6088014
0.75769156,1.0,0.26068473
0.87128174,0.0,0.09736703
0.5750712,0.0,0.3504192
0.89301234,0.0,0.032894693
0.6777533,0.0,0.3062043
0.9436208,0.0,0.0
0.74407524,0.0,0.36771226
0.89104426,0.0,0.20619415
0.8326123,0.0,0.29191816
0.88115907,0.0,0.7612267
0.6815867,0.0,0.98852354
0.8299756,0.0,0.4600668
0.77054316,0.0,0.3133389
0.66523516,0.0,0.417662
0.9146382,0.0,0.024883138
0.8827312,0.0,0.3331595
0.7620871,0.0,0.35458463
0.7824484,0.0,0.09663953
0.9871106,0.0,0.0
0.86291426,0.0,0.3439729
0.79363763,0.0,0.40394467
0.95667243,0.0,0.0
0.9001733,0.0,0.12360801
0.67020744,0.0,0.5509112
0.5764589,0.0,0.5558273
0.9739014,0.0,0.029784348
0.7703362,0.0,0.5863978
0.86670375,0.0,0.08677908
0.78201926,0.0,0.4167594
0.95997554,0.0,0.0009433978
0.97136253,0.0,0.0
0.98331314,0.0,0.0
0.99336445,0.0,0.018812349
0.9602604,0.0,0.0
0.99257374,0.0,0.06649278
0.9799499,0.0,0.16322103
0.9318538,0.0,0.11700425
0.90421844,0.0,0.62633973
0.9543929,0.0,0.4691279
0.9245343,0.0,0.19748224
0.95268655,0.0,0.46150708
0.80678713,0.0,0.40803525
0.9787477,0.0,0.16484639
0.9173118,0.0,0.07408277
0.94118524,0.0,0.40036118
0.95655835,0.0,0.18844841
0.93502825,0.0,0.26334232
0.8875715,0.0,0.13291377
0.7853956,0.0,0.6378437
0.8535357,0.0,0.24721283
0.8703247,0.0,0.4623618
0.95271266,0.0,0.0014202622
0.8321798,0.0,0.02743532
0.97357756,0.0,0.009987754
0.9315947,0.0,0.0009966722
0.9539232,1.0,0.07745558
0.87494487,0.0,0.00011384324
0.9258966,0.0,0.0005915062
0.95798,0.0,0.0
0.9872847,0.0,0.0
0.981564,0.0,0.0060458523
0.97260565,0.0,0.0
0.98920304,0.0,0.0
0.9768778,0.0,0.0
0.9296932,0.0,0.027199943
0.9582217,0.0,0.00017367833
0.9539989,0.0,0.0053764093
0.9092334,0.0,0.21670564
0.8040846,0.0,0.24883121
0.98192143,0.0,0.24129036
0.79122305,0.0,0.31530026
0.8858536,0.0,0.57325345
0.88305515,0.0,0.6270637
0.7467514,0.0,0.502269
0.804805,0.0,0.038374342
0.9150201,0.0,0.4567881
0.91485,0.0,0.162226
0.8635053,0.0,0.59056383
0.8803326,0.0,0.34538817
0.913632,0.0,0.41042683
0.9610627,0.0,0.112718835
0.8039449,0.0,0.55339533
0.9797061,0.0,0.043534286
0.8451125,1.0,0.55243987
0.73205256,1.0,0.53491277
0.81978625,1.0,0.6549659
0.9008663,1.0,0.36112392
0.91957384,1.0,0.20577131
0.9368172,1.0,0.30615684
0.6716172,1.0,0.56464106
0.84409523,1.0,0.47823873
0.86881953,1.0,0.0459825
0.94120425,1.0,0.24910313
0.9815321,1.0,0.21523117
0.97754526,0.0,0.0
0.8866214,1.0,0.43328488
0.8072964,1.0,0.6557332
0.97598344,1.0,0.22789411
0.9359426,0.0,0.2856792
0.8325459,1.0,0.7875656
0.87029994,0.0,0.39921388
0.8085063,0.0,0.013433883
0.98177254,0.0,0.010172701
0.9660226,0.0,0.18891257
0.9910132,0.0,0.0
0.9147606,0.0,0.10827307
0.8383113,0.0,0.3795607
0.9136449,0.0,0.0
0.97473335,0.0,0.0
0.92767817,0.0,0.24980405
0.9131625,0.0,0.0279737
0.9734334,0.0,0.0
0.9929246,0.0,0.0
0.9874514,0.0,0.07697757
0.9737137,1.0,0.321015
0.98047125,1.0,0.106017984
0.98974854,0.0,0.0
0.92255217,1.0,0.07472225
0.9771402,0.0,0.012730518
0.97221667,0.0,0.0
0.975715,0.0,0.0
0.92147714,0.0,0.10096266
0.9704011,0.0,0.15398085
0.97046745,0.0,0.0
0.97884,0.0,0.0
0.8838475,0.0,0.47288728
0.79812694,0.0,0.18911964
0.9540702,0.0,0.12175759
0.63747835,0.0,0.48862684
0.75071484,0.0,0.06288131
0.8154608,0.0,0.07603056
0.5493954,0.0,0.6163971
0.5290871,0.0,0.18588135
0.98124915,0.0,0.0065038134
0.8710398,0.0,0.14377326
0.67117226,0.0,0.3968081
0.84648913,0.0,0.09762643
0.9909251,0.0,0.005803513
0.80831397,0.0,0.32766765
0.67571384,0.0,0.6669681
0.9201528,0.0,0.046732545
0.93882114,0.0,0.41955024
0.9897681,0.0,0.035651688
0.8864979,0.0,0.5736476
0.8004701,0.0,0.44142023
0.9194734,0.0,0.004225565
0.5810449,0.0,0.28127638
0.9516775,0.0,0.02202405
0.60342586,0.0,0.2726607
0.822879,0.0,0.12649538
0.9454761,0.0,0.34586242
0.8978418,0.0,0.012565928
0.662333,1.0,0.24812394
0.71453744,1.0,0.4560473
0.84164375,0.0,0.008477724
0.7245132,1.0,0.11337082
0.6354509,1.0,0.27972445
0.88215375,0.0,0.07372068
0.77771515,0.0,0.30301684
0.8692903,0.0,0.5685911
0.90303886,0.0,0.75132704
0.7277874,0.0,0.1546574
0.87501293,0.0,0.16692267
0.9593881,0.0,0.33317667
0.9740434,0.0,0.0030808502
0.90546274,0.0,0.0047957227
0.9923544,0.0,0.0026793755
0.98023623,0.0,0.03564905
0.98797077,0.0,0.0
0.9494305,0.0,0.24144398
0.94462246,0.0,0.105200805
0.9925,0.0,0.0013597116
0.99137974,0.0,0.0
0.82631445,0.0,0.2769362
0.79734516,0.0,0.0044722143
0.9446976,0.0,0.011298133
0.93148154,0.0,0.23992863
0.85387325,0.0,0.18574412
0.9714237,0.0,0.0022779151
0.93098885,0.0,0.07579632
0.85153383,0.0,0.28019786
0.9285019,0.0,0.30087304
0.6948405,0.0,0.6944005
0.8673108,0.0,0.44056848
0.97810155,0.0,0.02335012
0.9724955,0.0,0.31579763
0.74568945,0.0,0.42244655
0.8470318,0.0,0.7162987
0.995411,0.0,0.041410092
0.9323361,0.0,0.11797847
0.9293942,0.0,0.6126012
0.89143664,0.0,0.23423555
0.9863095,0.0,3.7932765e-05
0.85486263,0.0,0.30507034
0.85287905,0.0,0.3756085
0.99529594,0.0,0.04899806
0.9950068,0.0,0.0027182852
0.9648659,0.0,0.2565204
0.95354295,0.0,0.23909566
0.9789721,0.0,0.0049371757
0.94973385,1.0,0.48875406
0.9701387,1.0,0.4551816
0.96563953,0.0,0.07614828
0.96745276,0.0,0.0010927214
0.89594936,1.0,0.42576522
0.9353332,0.0,0.55627763
0.9943153,0.0,0.16761322
0.9358479,0.0,0.3725219
0.9365039,0.0,0.5521467
0.954642,0.0,0.65850097
0.98584545,0.0,0.14564146
0.8520501,0.0,0.4230146
0.832379,0.0,0.8356506
0.89655435,0.0,0.28152493
0.99841213,0.0,0.12875868
0.8768504,0.0,0.18297601
0.99815196,0.0,0.06061959
0.994371,0.0,0.0
0.95792043,0.0,0.0015454063
0.9779196,0.0,0.0019277731
0.9881887,1.0,0.056466695
0.9579084,1.0,0.036599763
0.9801256,1.0,0.37569487
0.97696483,1.0,0.18873289
0.8834653,1.0,0.43608856
0.9639222,0.0,0.3676562
0.9566385,0.0,0.08550111
0.97525054,0.0,0.002458711
0.952731,1.0,0.12448542
0.9939387,0.0,0.008731655
0.9883096,0.0,0.088169105
0.9946568,0.0,0.0
0.9931831,0.0,0.044877704
0.96016806,0.0,0.007790899
0.9881854,0.0,0.060353253
0.81724143,0.0,0.0
0.94499093,0.0,0.18162753
0.7133392,0.0,0.6914421
0.88696396,0.0,0.56147
0.8574186,0.0,0.5271449
0.88374794,0.0,0.12688673
0.9353082,0.0,0.19736464
0.9916027,0.0,0.030462608
0.9927119,0.0,0.00076989376
0.994793,0.0,0.04976491
0.9965957,0.0,0.0
0.9877198,0.0,0.018741315
0.9941842,0.0,0.0011533113
0.9936739,0.0,0.0039549
0.97323835,0.0,0.06521563
0.9704394,0.0,0.29349738
0.9220176,0.0,0.024954563
0.8172464,0.0,0.78435427
0.9587908,0.0,0.1697914
0.9096817,0.0,0.34255597
0.67059237,1.0,0.4879494
0.74802107,0.0,0.40752885
0.8110267,0.0,0.41065666
0.95643276,0.0,0.071536265
0.8003203,1.0,0.28710654
0.7930315,0.0,0.506288
0.9355573,0.0,0.090103194
0.9875737,0.0,0.11755169
0.95651436,0.0,0.43304324
0.7944997,0.0,0.20659429
0.97478944,0.0,0.0
0.96755487,0.0,0.16145703
0.8294709,0.0,0.28309268
0.90925485,0.0,0.0
0.9515917,0.0,0.004877698
0.95871615,0.0,0.19073322
0.79397863,0.0,0.4559768
0.9674095,0.0,0.22049896
0.9697193,0.0,0.055142798
0.82151467,0.0,0.70282143
0.84766394,0.0,0.34618214
0.84824914,0.0,0.7981514
0.7294613,0.0,0.34495905
0.7910799,0.0,0.18574262
0.9739612,0.0,0.16818118
0.9780949,0.0,0.0
0.99472445,0.0,0.011795723
0.91144836,0.0,0.0
0.99009633,0.0,0.013809844
0.93617886,0.0,0.031132413
0.99338114,0.0,0.0
0.9693759,0.0,0.056409337
0.97706974,0.0,0.07989713
0.90202266,0.0,0.123459905
0.95354694,0.0,0.044646043
0.9897452,0.0,0.0
0.88898396,0.0,0.2092679
0.9834938,0.0,0.0011381994
0.98664886,0.0,0.011154644
0.96940887,0.0,0.0030406278
0.98208594,0.0,0.00010246551
0.91807485,0.0,0.13540235
0.8246869,0.0,0.41721806
0.85078084,0.0,0.43829894
0.93286777,0.0,0.07515553
0.85765916,0.0,0.3488017
0.8805537,0.0,0.2863064
0.9710751,0.0,0.329253
0.7295072,0.0,0.079758376
0.5496911,0.0,0.25853315
0.8910351,0.0,0.025675137
0.6427122,0.0,0.40376946
0.91428465,0.0,0.33115354
0.8463102,0.0,0.49275953
0.97677815,0.0,0.05221982
0.857421,0.0,0.4619087
0.93383884,0.0,0.17116134
0.85668856,0.0,0.2656582
0.876643,0.0,0.48309955
0.85126275,0.0,0.4480007
0.91180176,0.0,0.42300135
0.824802,0.0,0.71989614
0.93288696,0.0,0.120840766
0.9812463,0.0,0.19419606
0.9460869,0.0,0.045638923
0.932314,0.0,0.022605445
0.9415273,0.0,0.00032761492
0.9476486,0.0,0.25698408
0.980433,0.0,0.025461918
0.954888,0.0,0.32778537
0.880245,0.0,0.24749653
0.9548336,0.0,0.0018017062
0.98199373,0.0,0.2196429
0.78164834,0.0,0.41451007
0.9154501,0.0,0.083112404
0.9832116,0.0,0.003369541
0.9195482,0.0,0.18942602
0.92198586,0.0,0.2271034
0.97372264,0.0,0.0
0.972726,0.0,0.06376399
0.89277434,0.0,0.5223627
0.9366457,0.0,0.30502355
0.9323179,0.0,0.014724758
0.957241,0.0,0.06968911
0.7856181,0.0,0.5499165
0.8575831,0.0,0.5191931
0.9729011,0.0,0.25760898
0.7458748,0.0,0.70803505
0.9390952,0.0,0.061715618
0.83503944,0.0,0.37128896
0.8099619,0.0,0.08052694
0.7546568,0.0,0.29328182
0.84328663,0.0,0.2304773
0.97517973,0.0,0.018696262
0.8915398,0.0,0.049374327
0.9302074,0.0,0.0
0.9614533,0.0,0.005376591
0.9844565,0.0,0.0
0.88029504,0.0,0.0003015746
0.93318886,0.0,0.001431557
0.7773967,0.0,0.0
0.82996756,0.0,0.011247116
0.9511694,0.0,0.021525707
0.9187421,0.0,0.0058232956
0.9147256,0.0,0.0
0.9677977,0.0,0.0
0.98390895,0.0,0.0024242834
0.97937155,0.0,0.0016419481
0.98429686,0.0,0.0
0.9927053,0.0,0.041880343
0.81627893,0.0,0.46787554
0.8149839,0.0,0.74005127
0.8984009,0.0,0.5004198
0.90284723,0.0,0.03615968
0.924452,0.0,0.42400604
0.97580427,0.0,0.19848412
0.9928405,0.0,0.16672854
0.9441796,0.0,0.23608701
0.8829618,0.0,0.2439232
0.9727308,0.0,0.0
0.9310612,0.0,0.00038366584
0.94048667,0.0,0.0
0.9210003,0.0,0.037720084
0.83512837,0.0,0.039265845
0.9465405,0.0,0.006213536
0.97759616,0.0,0.034202483
0.95350933,0.0,0.0751055
0.9215766,0.0,0.0050243563
0.847567,0.0,0.07749211
0.73663515,0.0,0.53248984
0.93585944,0.0,0.08045911
0.98650706,0.0,0.02795013
0.84168386,0.0,0.28688776
0.84689206,0.0,0.3413125
0.92270344,0.0,0.060613032
0.88420767,0.0,0.3806669
0.8482829,0.0,0.66364133
0.89220405,0.0,0.47715878
0.7987491,0.0,0.56984
0.8391945,0.0,0.10979277
0.8280981,0.0,0.3249099
0.7212449,0.0,0.4398112
0.88632977,0.0,0.24205256
0.9859956,0.0,0.008226388
0.93845195,0.0,0.0944918
0.887874,0.0,0.26591784
0.8316357,0.0,0.19625501
0.98225075,0.0,0.026180157
0.95111877,0.0,0.03221179
0.97649324,0.0,0.003377744
0.9620164,0.0,0.11055809
0.985669,0.0,0.040383168
0.8947466,0.0,0.008922337
0.8076785,0.0,0.010275487
0.9253879,0.0,0.0035039845
0.93254805,0.0,0.0
0.8759909,0.0,0.00016374433
0.9697177,0.0,0.0
0.9397801,0.0,0.0
0.931099,0.0,0.008024763
0.97666913,0.0,0.0013419886
0.8673326,0.0,0.20200676
0.9516436,0.0,0.12011973
0.93075013,0.0,0.00080684025
0.9849375,0.0,0.01234863
0.8757331,0.0,0.32993537
0.8258357,0.0,0.44134894
0.9730241,0.0,0.25765648
0.80528647,0.0,0.7794976
0.7678374,0.0,0.3654419
0.9717601,0.0,0.021303462
0.8819204,0.0,0.12307253
0.8945554,0.0,0.35757795
0.973736,0.0,0.26827508
0.9878385,0.0,0.0
0.8912283,0.0,0.4440483
0.9347441,0.0,0.6832427
0.9482596,0.0,0.20460233
0.95656866,0.0,0.3001925
0.9806655,0.0,0.003743442
0.9903019,0.0,0.04069258
0.9763693,0.0,0.014897584
0.9865263,0.0,0.0
0.89879996,0.0,0.018675508
0.9838971,0.0,0.00091602164
0.9002562,0.0,0.0
0.9026543,0.0,0.0004433334
0.9669576,0.0,0.00056493626
0.99488527,0.0,0.0012817162
0.9695361,0.0,0.0032649983
0.94009554,0.0,0.069212325
0.7086178,0.0,0.20351079
0.91525865,0.0,0.039522078
0.91871625,0.0,0.0014744158
0.82572484,0.0,0.5425417
0.8380867,0.0,0.2053343
0.88272965,0.0,0.5294396
0.9713685,0.0,0.1710527
0.9836301,0.0,0.17578447
0.9858645,0.0,0.018589566
0.9842046,0.0,0.014243514
0.9556348,0.0,0.0009480129
0.9303918,0.0,0.18685937
0.9473806,0.0,0.0008946027
0.9230589,0.0,0.0
0.98853815,0.0,0.0055233804
0.98548084,0.0,0.005248535
0.9371068,0.0,0.00023318174
0.9176674,0.0,0.0056192577
0.9721139,0.0,0.0022668021
0.98624134,0.0,0.006499917
0.9901338,0.0,0.0039931354
0.95376074,0.0,0.060738355
0.8744719,0.0,0.0045623058
0.74910235,0.0,0.40330198
0.9185928,0.0,0.47021174
0.96614,0.0,0.2866435
0.8557747,0.0,0.37020454
0.985188,0.0,0.06703313
0.9830487,0.0,0.108527355
0.8278313,0.0,0.49942672
0.8539263,0.0,0.34584418
0.98988265,0.0,0.01677621
0.9927862,0.0,0.06841023
0.7201882,0.0,0.5887299
0.8065749,0.0,0.29115677
0.9820977,0.0,0.01195864
0.7160755,0.0,0.29543382
0.95553386,0.0,0.029097956
0.94605094,0.0,0.0779147
0.91363925,0.0,0.39984515
0.8839491,0.0,0.37774315
0.98504436,0.0,0.00048702257
0.9845408,0.0,0.06745795
0.95824105,0.0,0.08742639
0.86432433,0.0,0.40731898
0.99305516,0.0,0.13931978
0.94251734,0.0,0.24456485
0.9508665,0.0,0.3513153
0.95630467,0.0,0.014306947
0.9243553,0.0,0.050213408
0.9306069,0.0,0.24196798
0.93890613,0.0,0.44074464
0.9070687,0.0,0.06665652
0.94995147,0.0,0.13796991
0.9019995,0.0,0.35647127
0.9403291,0.0,0.025752872
0.86810696,0.0,0.35782272
0.87561214,0.0,0.31695458
0.85202855,0.0,0.3841575
0.7905495,0.0,0.62639034
0.74626863,0.0,0.32613954
0.9146295,0.0,0.7421505
0.9197563,0.0,0.70045626
0.95107716,0.0,0.115308054
0.8869735,0.0,0.33456117
0.96018606,0.0,0.0096669085
0.8621475,0.0,0.15059789
0.9740511,0.0,0.003638375
0.96450436,0.0,0.0
0.85227007,0.0,0.0
0.9729086,0.0,0.007648044
0.9383016,0.0,0.013446406
0.9375796,0.0,0.0
0.9073905,0.0,0.08608792
0.85645765,0.0,0.067703
0.836064,0.0,0.011045291
0.9756974,0.0,0.00477471
0.93861216,0.0,0.0
0.8155559,0.0,0.016665604
0.88541764,0.0,0.013476021
0.9786677,0.0,0.055054583
0.97418594,0.0,0.07435528
0.8718101,0.0,0.13291508
0.9596636,0.0,0.07599534
0.9545966,0.0,0.04905954
0.9442252,0.0,0.5447295
0.8725812,0.0,0.51577854
0.94885504,0.0,0.35186672
0.9606282,0.0,0.3578635
0.97299314,0.0,0.08301217
0.89406896,0.0,0.0
0.9699655,0.0,0.009716045
0.912857,0.0,0.04352726
0.9792954,0.0,0.0028938372
0.76287097,0.0,0.25422034
0.89928865,0.0,0.17242192
0.89058566,0.0,0.040030375
0.9838943,0.0,0.02441135
0.84989345,0.0,0.05236226
0.96317613,0.0,0.008627306
0.9323568,0.0,0.0
0.93700033,0.0,0.021448273
0.8290488,0.0,0.0009516249
0.6874511,0.0,0.06013597
0.795574,0.0,0.08403689
0.77713156,0.0,0.66961527
0.7678443,0.0,0.5732601
0.9437568,0.0,0.23800272
0.8846019,0.0,0.21066417
0.8069241,0.0,0.416845
0.9097937,0.0,0.04674286
0.8224836,0.0,0.6308687
0.87425375,0.0,0.29000032
0.7970701,0.0,0.25049505
0.92352635,0.0,0.0076131513
0.9573759,0.0,0.0
0.88437116,0.0,0.025062567
0.91765636,0.0,0.0012150347
0.94569266,0.0,0.0022699216
0.9634114,0.0,0.008400709
0.9862131,0.0,0.049302753
0.97346944,0.0,0.0
0.93101686,0.0,0.34304792
0.90583616,0.0,0.42557532
0.949453,0.0,0.012470886
0.9171807,0.0,0.23768236
0.9574771,0.0,0.25806797
0.95329565,0.0,0.033121523
0.9823361,0.0,0.078611195
0.9720696,0.0,0.0012649408
0.9690578,0.0,0.005841117
0.92927706,0.0,0.0
0.9261268,0.0,0.0064228554
0.82116556,0.0,0.0
0.9781089,0.0,0.039282527
0.77798235,0.0,0.0057547404
0.9314742,0.0,0.07306887
0.98794985,0.0,0.010349051
0.96895707,0.0,0.16882434
0.92056036,0.0,0.12033805
0.9802879,0.0,0.0037969875
0.9813141,0.0,0.080492616
0.8113343,0.0,0.18788166
0.96346503,0.0,0.21881649
0.99503124,0.0,0.0016278399
0.9641196,0.0,0.20744443
0.59221303,0.0,0.2788196
0.5313076,0.0,0.54354393
0.972356,0.0,0.4128391
0.86677164,0.0,0.591132
0.96138024,0.0,0.3849696
0.95063555,0.0,0.01405368
0.8914487,0.0,0.7176794
0.9137749,0.0,0.42157584
0.89986026,0.0,0.34310588
0.78467304,0.0,0.5683014
0.9225633,0.0,0.21580663
0.96237475,0.0,0.011635104
0.85440725,0.0,0.11695885
0.84542084,0.0,0.45709938
0.7851773,0.0,0.18276124
0.9717389,0.0,0.0
0.68899536,0.0,0.40893567
0.7462826,0.0,0.45210359
0.9072158,0.0,0.099209
0.7798821,1.0,0.71952426
0.65692145,1.0,0.41660088
0.82023865,0.0,0.068480305
0.63373405,0.0,0.3232699
0.7748746,0.0,0.55149776
0.9860387,0.0,0.013674185
0.9625704,0.0,0.1392339
0.9884439,0.0,0.013774184
0.9366672,0.0,0.0073008514
0.8044782,0.0,0.0067507764
0.93505913,0.0,0.0
0.877618,0.0,0.26181528
0.682229,0.0,0.024644844
0.91091776,0.0,0.0018876302
0.89221954,0.0,0.054361783
0.93088657,0.0,0.0
0.93829817,0.0,0.04740986
0.86363167,0.0,0.22247201
0.9708203,0.0,0.24672876
0.9720114,0.0,0.124348156
0.9001566,0.0,0.07573021
0.8810082,0.0,0.14323056
0.8515333,0.0,0.10740174
0.9793809,0.0,0.0
0.8012686,0.0,0.15577118
0.94301003,0.0,0.32785308
0.9636812,0.0,0.2313474
0.97125477,0.0,0.30418634
0.78226864,0.0,0.2202437
0.82230264,0.0,0.40950876
0.917987,0.0,0.53343385
0.7992614,0.0,0.52299017
0.7043994,0.0,0.91673416
0.92770517,0.0,0.5032958
0.9469958,0.0,0.15667512
0.8029114,0.0,0.3688616
0.7367627,0.0,0.3533714
0.8259871,0.0,0.10558689
0.9656286,0.0,0.086383075
0.98591053,0.0,0.15733816
0.9665578,0.0,0.01174043
0.9635155,0.0,0.086522885
0.97737294,0.0,0.021478543
0.93847775,0.0,0.0043815067
0.9886955,0.0,0.0139470855
0.9732223,0.0,0.03851767
0.9145161,0.0,0.0037360005
0.97783864,0.0,0.020223381
0.98679674,0.0,0.0
0.9572316,0.0,0.010220336
0.9075627,0.0,0.058946528
0.9690231,0.0,0.010507263
0.98355365,0.0,0.10171311
0.9776095,0.0,0.054981504
0.9515117,0.0,0.017283902
0.98932487,0.0,0.081941575
0.94720644,0.0,0.37325844
0.95733273,0.0,0.060073722
0.978028,0.0,4.9862316e-05
0.9602371,0.0,0.20207629
0.91473764,0.0,0.38087308
0.89302653,0.0,0.13410117
0.9754049,0.0,0.17153044
0.90546244,0.0,0.6153981
0.95860875,0.0,0.33812207
0.78209156,1.0,0.4311824
0.9753632,0.0,0.07767634
0.7321126,1.0,0.6443846
0.7073137,0.0,0.2670536
0.98606443,0.0,0.0060328445
0.9770827,0.0,0.24656823
0.98241687,0.0,0.0077619995
0.9165807,0.0,0.00055011606
0.8774364,0.0,0.07612054
0.9205931,0.0,0.56477314
0.9893936,0.0,0.23212916
0.9460669,0.0,0.0
0.7331198,0.0,0.25965777
0.9014313,0.0,0.07728256
0.733028,0.0,0.2541633
0.9576429,0.0,0.11320999
0.9933153,0.0,0.010160126
0.96381176,0.0,0.0060450723
0.88377225,0.0,0.2810887
0.9569828,0.0,0.039353322
0.8658545,0.0,0.0005905863
0.9778503,0.0,0.0
0.8569776,0.0,0.09371476
0.9820586,0.0,0.012558523
0.8634926,0.0,0.121556796
0.824196,1.0,0.25981036
0.93351346,0.0,0.0918306
0.85863817,1.0,0.3332154
0.96963835,0.0,0.011420471
0.85778666,0.0,0.1358365
0.7336296,0.0,0.06625792
0.8615958,0.0,0.060629487
0.8743594,0.0,0.48823565
0.9039315,0.0,0.34333858
0.7648989,0.0,0.3885218
0.9273739,0.0,0.2990303
0.9128075,0.0,0.023444643
0.7413263,0.0,0.10686476
0.97557384,0.0,0.019648414
0.99431324,0.0,0.06690529
0.96713525,0.0,0.007690022
0.9808003,0.0,0.013797614
0.99313325,0.0,0.0
0.9853393,0.0,0.0048175743
0.95314217,0.0,0.010605234
0.97343636,0.0,0.0
0.9912232,0.0,0.0
0.9203041,0.0,0.14202823
0.89697814,0.0,0.31279784
0.9366651,0.0,0.33131084
0.90646136,0.0,0.51423407
0.8970444,0.0,0.09483902
0.96177995,0.0,0.016071076
0.7405943,0.0,0.67806864
0.8756277,0.0,0.22915182
0.81795615,0.0,0.034409504
0.8363092,0.0,0.42778328
0.8836583,0.0,0.3432283
0.9606368,0.0,0.026888877
0.8856564,0.0,0.31568596
0.8982466,0.0,0.6816207
0.7707168,0.0,0.2781291
0.9387497,0.0,0.5134333
0.7884642,0.0,0.49894154
0.75564873,0.0,0.43905622
0.8705502,0.0,0.35665125
0.77893513,0.0,0.3834436
0.85787463,0.0,0.29086643
0.95135444,0.0,0.020111915
0.8732365,0.0,0.5809776
0.9176604,1.0,0.31662652
0.88165027,1.0,0.44438457
0.8886513,1.0,0.6212292
0.8771753,1.0,0.6125664
0.8465982,1.0,0.43495017
0.72045916,1.0,0.6265778
0.8769728,1.0,0.34022957
0.9635367,1.0,0.16367099
0.8281891,1.0,0.4014817
0.8368059,1.0,0.6282815
0.9799819,0.0,0.1924936
0.9300977,0.0,0.035351127
0.8131,0.0,0.46451256
0.9367667,0.0,0.15273131
0.9555863,0.0,0.007819972
0.81368744,0.0,0.31884697
0.8437584,0.0,0.5254605
0.9382442,0.0,0.021490995
0.93542826,0.0,0.018777976
0.8585726,0.0,0.60989827
0.8371651,0.0,0.5707214
0.9177985,0.0,0.013666765
0.95926464,0.0,0.30028743
0.7980817,0.0,0.5781477
0.88311964,0.0,0.6465354
0.8521661,0.0,0.32837212
0.77012193,0.0,0.7468575
0.65513754,0.0,0.6598165
0.76158154,0.0,0.16028383
0.8253764,0.0,0.3210754
0.98427194,0.0,0.00022235334
0.8452497,0.0,0.19211408
0.9894503,0.0,0.0017892272
0.7495633,0.0,0.35578656
0.60698026,0.0,0.37368354
0.9568754,0.0,0.0
0.813446,0.0,0.09225969
0.72108436,0.0,0.06018789
0.6830716,0.0,0.1632073
0.7598506,0.0,0.27488643
0.40047014,0.0,0.49755153
0.4723417,0.0,0.5700326
0.70495695,0.0,0.7077677
0.5942647,0.0,0.3404362
0.57681257,0.0,0.86775494
0.7710546,0.0,0.61555463
0.8137775,0.0,0.37942922
0.76417005,0.0,0.47627258
0.67055595,0.0,0.46049467
0.8856177,0.0,0.045659576
0.9817407,0.0,6.881211e-05
0.9066174,0.0,0.19750686
0.5100067,0.0,0.4594297
0.95529264,0.0,0.0060296245
0.79689384,0.0,0.34519902
0.90874887,0.0,0.021048574
0.73151857,0.0,0.28319415
0.954797,0.0,0.00045970306
0.766571,0.0,0.36186442
0.7348782,0.0,0.60754293
0.82190233,0.0,0.22561893
0.93048316,0.0,0.17203802
0.8948274,0.0,0.00078136654
0.9700903,0.0,0.0
0.94288117,0.0,0.0
0.97922945,0.0,0.0
0.9342888,0.0,0.010244152
0.9432496,0.0,0.098727114
0.70478797,1.0,0.4289578
0.7531824,1.0,0.7294594
0.9058434,0.0,0.41555735
0.8891477,0.0,0.013948122
0.9531894,0.0,0.093311384
0.96126956,0.0,0.06915912
0.78121334,0.0,0.23369661
0.97365385,0.0,0.08934549
0.981824,0.0,0.00029485216
0.9665391,0.0,0.0
0.91104966,0.0,0.23215407
0.9281827,0.0,0.0154348165
0.90012985,0.0,0.0
0.93202436,0.0,0.0
0.73530805,0.0,0.12888849
0.84981877,0.0,0.46694344
0.7379448,0.0,0.1957744
0.66813534,0.0,0.63826907
0.69478124,0.0,0.19340123
0.59606206,0.0,0.29931113
0.62799615,0.0,0.3196015
0.5811097,0.0,0.26887423
0.74173033,0.0,0.24321315
0.87577254,0.0,0.0689565
0.8427446,0.0,0.18486942
0.78233796,0.0,0.023595357
0.6894599,0.0,0.45669627
0.8180262,0.0,0.40371737
0.781074,0.0,0.43652692
0.8044022,0.0,0.6435932
0.63432693,0.0,0.32266584
0.71760523,0.0,0.4959078
0.78222823,0.0,0.21530291
0.47035193,0.0,0.62348646
0.71996546,0.0,0.36166772
0.90322894,0.0,0.02373506
0.8248139,0.0,0.2677897
0.6575453,0.0,0.39852887
0.7847441,0.0,0.19725743
0.7744896,0.0,0.0020810696
0.92033136,0.0,0.021122908
0.8925933,0.0,0.08952482
0.93552476,0.0,0.016372463
0.7886813,0.0,0.3334406
0.5287119,0.0,0.38012034
0.7601572,1.0,0.33364606
0.6857866,0.0,0.049938142
0.96374756,0.0,0.095794156
0.7625132,0.0,0.54095435
0.82501537,0.0,0.52034575
0.9548766,0.0,0.19581601
0.90535045,0.0,0.54026365
0.82315296,0.0,0.12167484
0.73077404,1.0,0.6596174
0.93827516,1.0,0.38495988
0.986527,0.0,0.00021461386
0.9181024,0.0,0.15922678
0.777448,0.0,0.32135805
0.9252567,0.0,0.06885279
0.9763772,0.0,0.0
0.7765591,0.0,0.07318666
0.8241881,0.0,0.5537779
0.8259632,0.0,0.21463421
0.9429763,0.0,0.00024199404
0.670774,0.0,0.33499604
0.75752187,0.0,0.6049328
0.6224692,0.0,0.24409789
0.8359018,0.0,0.16464278
0.5637417,0.0,0.5170529
0.6856269,0.0,0.7263181
0.66103685,0.0,0.48267052
0.7692335,0.0,0.44636056
0.7069933,0.0,0.16668041
0.8313941,0.0,0.36892143
0.860689,0.0,0.42364952
0.93247765,0.0,0.097317725
0.93520796,0.0,0.0
0.859519,0.0,0.38084617
0.8321126,0.0,0.5522761
0.8715022,0.0,0.03986427
0.9962924,0.0,0.0006590103
0.8618285,0.0,0.31916276
0.71330446,0.0,0.15173109
0.91821456,0.0,0.009320033
0.7445443,0.0,0.5122715
0.9561133,0.0,0.0039121886
0.73490083,0.0,0.36234042
0.8499169,0.0,0.09132456
0.62114406,0.0,0.51056856
0.6765773,0.0,0.4161799
0.808472,0.0,0.11162926
0.7004569,0.0,0.25703716
0.79904586,1.0,0.45147356
0.7233955,1.0,0.3626475
0.7665996,1.0,0.4192591
0.85067,0.0,0.0061901542
0.6407204,1.0,0.67721593
0.5584034,1.0,0.63347775
0.89920694,0.0,0.050362613
0.8878057,0.0,0.38955146
0.77899987,0.0,0.38496006
0.8880786,0.0,0.10905398
0.9555499,0.0,0.17775546
0.8280658,0.0,0.23819427
0.7935734,0.0,0.008361268
0.805016,0.0,0.07179631
0.9651297,0.0,0.0007933204
0.89481103,0.0,0.027944569
0.9537687,0.0,0.0062976694
0.8515144,0.0,0.0004650013
0.7522909,0.0,0.13704385
0.74933994,0.0,0.15797244
0.9457728,0.0,0.03182186
0.91431063,0.0,0.010774108
0.6747261,0.0,0.09598554
0.5952342,0.0,0.44686103
0.7448481,0.0,0.0076422975
0.76220614,0.0,0.27188843
0.91060686,0.0,0.0014801179
0.97562784,0.0,0.0
0.9886285,0.0,0.0
0.9765518,0.0,0.0046707764
0.8402354,0.0,0.06823573
0.94029284,0.0,0.0737369
0.95773286,0.0,0.038098235
0.95250493,0.0,0.08965242
0.47446266,1.0,0.28892908
0.733635,1.0,0.68452406
0.7422124,1.0,0.08356031
0.805263,1.0,0.51936114
0.65394473,1.0,0.7614347
0.7281678,0.0,0.552229
0.9542434,0.0,0.011011422
0.63598955,1.0,0.32984826
0.7926701,0.0,0.4832439
0.6132057,0.0,0.23478916
0.88676995,0.0,0.0036611487
0.9434168,0.0,0.11183112
0.68488836,0.0,0.55263203
0.7754281,0.0,0.010129444
0.8953942,0.0,0.0034935488
0.7637144,0.0,0.27113193
0.60825205,0.0,0.22669594
0.8366356,0.0,0.013746891
0.6422406,0.0,0.21811166
0.72354186,0.0,0.7032404
0.76123744,0.0,0.5414986
0.74893856,0.0,0.3692209
0.5343844,0.0,0.19925009
0.95611304,0.0,0.013495129
0.9230559,0.0,0.0
0.9368959,0.0,0.0
0.9588893,0.0,0.00061849004
0.80645734,0.0,0.007047006
0.6762714,0.0,0.015614807
0.56426775,1.0,0.47445965
0.8938702,0.0,0.29546347
0.8678072,0.0,0.09141068
0.77596325,1.0,0.17680967
0.7095919,0.0,0.38243416
0.603028,0.0,0.0064538396
0.844804,0.0,0.0005955084
0.6060194,0.0,0.25783497
0.86506516,0.0,0.19242796
0.9297185,0.0,0.0121545745
0.6376276,0.0,0.3689184
0.7629072,0.0,0.105147816
0.9590886,0.0,0.0
0.94263375,0.0,0.0
0.8510929,0.0,0.035455
0.9302743,0.0,0.0
0.7457639,0.0,0.23958272
0.44520193,0.0,0.6891543
0.88844115,0.0,0.012941528
0.8029032,0.0,0.4183839
0.7477316,0.0,0.31207892
0.7056506,0.0,0.47975335
0.79342985,0.0,0.11860733
0.39698127,0.0,0.28696463
0.7964496,0.0,0.088207036
0.78690934,0.0,0.3519446
0.6210742,0.0,0.21267603
0.678529,0.0,0.3293285
0.5825082,0.0,0.3606421
0.84810996,0.0,0.0123317465
0.8332424,0.0,5.1130995e-05
0.70550424,0.0,0.35529825
0.56569886,0.0,0.6144734
0.85423315,0.0,0.18131907
0.7790394,0.0,0.3896484
0.7681788,1.0,0.2528794
0.75163734,1.0,0.6685545
0.8254765,1.0,0.7261793
0.8141296,1.0,0.06692695
0.8302051,1.0,0.3368863
0.79977685,1.0,0.5776575
0.75318015,1.0,0.28824228
0.8806298,0.0,0.028703418
0.85890394,1.0,0.27282873
0.8773954,1.0,0.19941111
0.86989254,0.0,0.01588393
0.8762703,0.0,0.225888
0.73539275,1.0,0.48814884
0.7689727,0.0,0.069275215
0.71000105,0.0,0.07131133
0.74013275,0.0,0.36727974
0.73848796,0.0,0.5130713
0.7651509,0.0,0.37170523
0.9114642,0.0,0.20341587
0.7179876,0.0,0.39103955
0.7403431,0.0,0.0021563363
0.6919973,0.0,0.05982392
0.88648903,0.0,0.63409215
0.9527732,0.0,0.17373359
0.84554064,0.0,0.38138926
0.6914003,1.0,0.55888534
0.7814889,1.0,0.55445623
0.81430304,0.0,0.33932614
0.9097635,1.0,0.05505165
0.814989,1.0,0.59857875
0.7929035,1.0,0.52586377
0.8018848,0.0,0.4839517
0.8550572,1.0,0.0882842
0.76600456,1.0,0.6531002
0.7340123,1.0,0.6966981
0.6608766,0.0,0.89954144
0.7778504,0.0,1.0
0.9479768,0.0,0.43994147
0.85565317,0.0,0.37144604
0.90823627,0.0,0.6065499
0.6887844,0.0,0.3750577
0.7715507,0.0,0.012995268
0.87065685,0.0,0.055486955
0.95249593,0.0,0.0012263058
0.986245,0.0,0.00023238685
0.9784576,0.0,0.0002941125
0.96322244,0.0,0.0
0.9478114,0.0,2.5751215e-05
0.8753373,0.0,0.0
0.9370708,1.0,0.17973678
0.9389509,0.0,0.0011636675
0.94844705,1.0,0.33381727
0.8031427,1.0,0.34903353
0.95327884,0.0,0.0
0.8604827,1.0,0.314073
0.73802,1.0,0.7414633
0.87051356,0.0,0.06685297
0.9797284,0.0,0.06127135
0.70292896,0.0,0.48929882
0.8773632,0.0,0.14039555
0.9552611,0.0,0.0
0.9253786,0.0,0.075854085
0.83444184,0.0,0.30027267
0.8638942,0.0,0.029563827
0.9748947,0.0,0.0
0.830638,0.0,0.2322766
0.63342416,0.0,0.30262113
0.8853443,0.0,0.0015807443
0.95768946,0.0,0.05272764
0.8500865,0.0,0.52839327
0.70514387,0.0,0.40610564
0.7126813,0.0,0.056987163
0.87840945,0.0,0.5358562
0.98954403,0.0,0.3448608
0.8463769,0.0,0.6701483
0.91350853,0.0,0.4307473
0.9304108,0.0,0.051364824
0.9161814,0.0,0.33225062
0.9849881,0.0,0.0020056055
0.9720462,0.0,0.0
0.9607226,0.0,0.0
0.98248166,0.0,0.0
0.97387004,0.0,0.006118532
0.96867496,0.0,0.00025328086
0.93224376,1.0,0.0137014985
0.944197,1.0,0.30744863
0.9449549,1.0,0.44298145
0.95113367,0.0,0.17687294
0.59990084,0.0,0.34552684
0.93967885,0.0,0.32283697
0.87029445,0.0,0.26793826
0.9017895,0.0,0.03998375
0.76675755,0.0,0.51534176
0.96493953,0.0,0.18035533
0.8637794,0.0,0.111953646
0.82499546,0.0,0.18850169
0.92627496,0.0,0.39126632
0.93198293,0.0,0.22236434
0.89996016,0.0,0.49519637
0.9051492,0.0,0.5560791
0.97851366,0.0,0.039515924
0.9649025,0.0,0.40757152
0.8128977,0.0,0.43390527
0.92962277,0.0,0.021098265
0.95112115,0.0,0.108966164
0.9415368,0.0,0.42613524
0.95016783,0.0,0.15629958
0.92334026,0.0,0.00021459078
0.928358,0.0,0.5315568
0.83539784,1.0,0.62169284
0.912847,0.0,0.16868699
0.7123851,1.0,0.58956057
0.89521897,1.0,0.12380066
0.75808716,1.0,0.6675379
0.8471352,1.0,0.40329456
0.9407272,1.0,0.47085944
0.91604394,1.0,0.10206165
0.9497497,1.0,0.22464456
0.948155,0.0,0.0002979842
0.91541994,1.0,0.1438265
0.94680834,1.0,0.27107242
0.94902354,0.0,0.0
0.94278896,0.0,0.0
0.8435541,1.0,0.47575203
0.77771896,0.0,0.16963385
0.9563219,0.0,0.0
0.86930835,0.0,0.02934246
0.9497227,0.0,0.41556972
0.90898865,0.0,0.10111165
0.96616423,0.0,0.0
0.92998004,0.0,0.53458667
0.8689204,0.0,0.80126053
0.96524495,0.0,0.34431598
0.8310849,0.0,0.32978195
0.92246675,0.0,0.07755198
0.7983218,0.0,0.658884
0.9164466,0.0,0.80002296
0.9393149,0.0,0.15247469
0.74347353,0.0,0.11736186
0.88365465,0.0,0.037364364
0.951002,0.0,0.015844349
0.9723788,0.0,0.0
0.9894656,0.0,0.00039830382
0.93546474,0.0,0.0
0.9721897,0.0,0.0
0.9455005,0.0,0.0
0.75107455,0.0,0.0
0.9036085,0.0,0.012785212
0.6656875,0.0,0.32748517
0.832352,0.0,0.16972739
0.70437294,1.0,0.5715401
0.59836274,1.0,0.6243355
0.72161436,1.0,0.5982107
0.9182087,1.0,0.07435182
0.85020477,0.0,0.2133536
0.905984,0.0,0.44808426
0.7982175,1.0,0.3727382
0.9504402,0.0,0.0
0.9379033,0.0,0.24687295
0.85456115,0.0,0.5591889
0.9545302,0.0,0.07735668
0.95575845,0.0,0.0
0.9020758,0.0,0.59794766
0.9424639,0.0,0.28055248
0.9798338,0.0,0.0
0.9651994,0.0,0.2872222
0.9438048,0.0,0.4679574
0.8541409,0.0,0.10714244
0.89998096,0.0,0.37872192
0.95717293,0.0,0.042498253
0.95342493,0.0,0.16995709
0.9884948,0.0,0.0
0.9527147,0.0,0.014922568
0.9564715,0.0,0.0
0.9881883,0.0,0.0
0.9826988,0.0,0.019097283
0.9780372,0.0,0.0
0.9854936,0.0,0.34926388
0.8880022,0.0,0.55637413
0.88321024,0.0,0.18742123
0.92724085,0.0,0.39139867
0.7165064,0.0,0.3644178
0.8462057,0.0,0.42461756
0.93144745,0.0,0.054083705
0.9093281,0.0,0.0
0.93440604,0.0,0.1960692
0.9445741,0.0,0.45334256
0.9662193,0.0,0.00073206215
0.93229216,0.0,0.016948996
0.7819765,0.0,0.29617047
0.97595984,0.0,0.29144374
0.87254304,0.0,0.59201294
0.92674065,0.0,0.6314837
0.98027325,0.0,0.17270817
0.9616431,0.0,0.103556946
0.86473143,0.0,0.1447636
0.6585512,0.0,0.2312949
0.95197785,0.0,0.17546685
0.82560426,0.0,0.5021547
0.89077735,0.0,0.44702828
0.93555385,0.0,0.6785138
0.91985524,0.0,0.59620714
0.9070613,0.0,0.3709575
0.94607174,0.0,0.026538463
0.9230178,0.0,0.118180215
0.91079897,0.0,0.55671483
0.86256105,0.0,0.1984208
0.96214217,0.0,0.0
0.95905155,0.0,0.1347187
0.8435112,0.0,0.40927833
0.7726632,0.0,0.20947234
0.9289325,0.0,0.004799722
0.9082065,0.0,0.40001515
0.782898,0.0,0.705785
0.85613364,0.0,0.20733634
0.9218519,0.0,0.20218351
0.94043726,0.0,0.52515644
0.4511653,0.0,0.9624663
0.64717114,0.0,0.8089256
0.5039031,0.0,0.79119414
0.53120077,0.0,0.52181286
0.6956496,0.0,0.5372826
0.78353405,0.0,0.27713892
0.6783631,0.0,0.44998133
0.6598156,0.0,0.43965134
0.84569794,0.0,0.160719
0.7299337,0.0,0.42981905
0.9269363,0.0,0.023962226
0.7563501,0.0,0.34508154
0.653011,0.0,0.5318038
0.88916,0.0,0.45832244
0.7839275,0.0,0.32220113
0.7848439,0.0,0.40448034
0.9647061,0.0,0.15239489
0.91727567,0.0,0.27658677
0.9886552,0.0,0.008953712
0.8376426,0.0,0.45450652
0.8846336,0.0,0.2133079
0.66940504,0.0,0.49251163
0.8207843,0.0,0.8098321
0.67217815,0.0,0.5468054
0.59702855,0.0,0.6838916
0.723055,0.0,0.65104806
0.56991243,0.0,0.6836459
0.67951703,0.0,0.6894206
0.7603047,0.0,0.44226024
0.6555382,0.0,0.43345827
0.7878429,1.0,0.15949132
0.4902943,1.0,0.047703467
0.9780719,0.0,0.05613373
0.76051664,1.0,0.08900481
0.97615266,0.0,0.0013777926
0.98737866,1.0,0.1310607
0.9011994,0.0,0.1317052
0.8579963,0.0,0.33212823
0.7866327,0.0,0.74422216
0.84532046,0.0,0.5154368
0.7448992,1.0,0.75709003
0.7712824,1.0,0.5253368
0.76868373,1.0,0.5008694
0.97517097,0.0,0.2736102
0.97972554,0.0,0.0070038293
0.6529589,1.0,0.05351279
0.9183752,0.0,0.07551768
0.7345068,1.0,0.2880056
0.72910124,0.0,0.4450708
0.658661,0.0,0.8012437
0.5931189,1.0,0.47412145
0.8344177,0.0,0.6111903
0.7526549,0.0,0.3093853
0.7634202,0.0,0.34275252
0.660591,0.0,0.39000753
0.8788018,0.0,0.38954303
0.7248769,0.0,0.5977303
0.77164567,0.0,0.46034533
0.6026861,0.0,0.21982348
0.9403682,0.0,0.034873303
0.60004944,0.0,0.19459295
0.9363989,0.0,0.0083217425
0.9240616,0.0,0.40068266
0.5453711,0.0,0.6517612
0.75267357,0.0,0.708087
0.8086977,0.0,0.12638797
0.98113304,0.0,0.17405787
0.98474056,0.0,0.0
0.88120526,0.0,0.2495956
0.9697646,0.0,0.0
0.6485652,0.0,0.32341853
0.78489625,0.0,0.63100284
0.53821415,0.0,0.019043893
0.7871077,0.0,0.49133584
0.6059591,0.0,0.46980664
0.5967343,0.0,0.7491086
0.9424288,0.0,0.241809
0.64882934,0.0,0.15196672
0.9037602,0.0,0.20034578
0.68180853,0.0,0.31210908
0.989116,0.0,0.012154404
0.9166369,1.0,0.3145396
0.9737681,0.0,0.0
0.9415141,0.0,0.014178133
0.9788173,0.0,0.08279789
0.9596958,1.0,0.17718127
0.9345647,1.0,0.11600234
0.55318546,1.0,0.23669942
0.71772647,1.0,0.7792398
0.9095408,1.0,0.33084956
0.8920441,1.0,0.55007833
0.9437863,1.0,0.47846347
0.823076,0.0,0.4643987
0.603522,0.0,0.16966817
0.92010134,1.0,0.40389943
0.92168266,0.0,0.2359074
0.82482916,0.0,0.21648611
0.95961523,0.0,0.024727518
0.83275265,0.0,0.10649408
0.9737254,0.0,0.00018071233
0.638831,0.0,0.23920013
0.79085076,0.0,0.14614147
0.63133144,0.0,0.33660543
0.82605946,0.0,0.7845317
0.8015281,0.0,1.0
0.82863116,0.0,0.6550317
0.6877999,0.0,0.68264794
0.68816483,0.0,0.14853807
0.5820164,0.0,0.00011903637
0.65367025,0.0,0.5629487
0.7503041,0.0,0.4330095
0.8119205,0.0,0.06862725
0.68213105,0.0,0.41639924
0.82322276,0.0,0.12953115
0.48785907,0.0,0.36513853
0.44558713,0.0,0.27131054
0.64541805,0.0,0.18273422
0.7659503,0.0,0.13437858
0.75597507,0.0,0.28580278
0.8920435,0.0,0.021384876
0.7652423,0.0,0.506639
0.792705,0.0,0.35026097
0.966267,0.0,0.015787533
0.7903816,0.0,0.11749167
0.7662876,0.0,0.45759842
0.85149133,0.0,0.0034583278
0.97697806,0.0,0.023059199
0.91920865,0.0,0.35649335
0.62854207,0.0,0.213716
0.80880296,0.0,0.0
0.90144324,0.0,0.22733074
0.66226095,0.0,0.58735996
0.66353315,0.0,0.33594397
0.8799655,0.0,0.16696185
0.74683094,0.0,0.5215868
0.7969259,0.0,0.78002983
0.9537422,0.0,0.1348709
0.97769827,0.0,0.012481228
0.77643806,0.0,0.32864422
0.9042971,0.0,0.28516537
0.8726016,0.0,0.2740009
0.6795949,0.0,0.4177942
0.83874726,0.0,0.13988493
0.6693684,0.0,0.18474054
0.79226756,0.0,0.3500578
0.84304243,0.0,0.04164115
0.48106977,0.0,0.3877582
0.89522564,0.0,0.43416354
0.859498,0.0,0.43487942
0.93957126,0.0,0.24831234
0.9174915,0.0,0.23941967
0.99324644,0.0,0.0
0.9940479,0.0,0.13708156
0.9827623,0.0,9.5585085e-05
0.97385603,0.0,0.0058791623
0.7530353,0.0,0.28479794
0.9674035,0.0,0.0
0.9157497,0.0,0.10296234
0.74302053,0.0,0.251281
0.79820246,0.0,0.35525116
0.7750097,0.0,0.60633004
0.81416935,0.0,0.6468388
0.78608125,0.0,0.7350701
0.8966639,0.0,0.19271669
0.9196236,0.0,0.25368646
0.9635287,0.0,0.0
0.98528254,0.0,0.0
0.9827256,0.0,0.0
0.9922645,0.0,0.0035688253
0.8761637,0.0,0.005641527
0.9572334,0.0,0.0
0.9854407,0.0,0.00038965628
0.96429706,0.0,0.015053507
0.79673535,1.0,0.013772575
0.97136587,0.0,0.0
0.88496894,1.0,0.099930696
0.89322424,1.0,0.020372668
0.935549,0.0,0.112828925
0.86916625,0.0,0.015053259
0.980589,0.0,0.0
0.9233432,0.0,0.0053144093
0.97847694,0.0,0.09836554
0.9697995,0.0,0.0
0.9941911,0.0,0.0
0.9788923,0.0,0.024145532
0.98182,0.0,0.101070546
0.9862955,0.0,0.0018664243
0.98563427,0.0,0.0
0.9341825,0.0,0.101379596
0.89446497,0.0,0.22942203
0.9911111,0.0,0.0038334236
0.9893523,0.0,0.109961696
0.78855,0.0,0.45007485
0.84170634,0.0,0.12504728
0.9722501,0.0,0.24984059
0.90017784,0.0,0.47771278
0.84998,0.0,0.6621802
0.93650806,0.0,0.28574666
0.7476529,0.0,0.6822861
0.77401644,0.0,0.35924834
0.96079344,0.0,0.0032891133
0.72144896,0.0,0.17145947
0.85609424,0.0,0.38840422
0.980926,0.0,0.0012337532
0.9884715,0.0,0.0
0.7462564,0.0,0.34429643
0.80790925,0.0,0.366093
0.8920748,0.0,0.014281696
0.93654954,0.0,0.03482257
0.99232894,0.0,0.0006642811
0.9867693,0.0,0.027031034
0.993186,0.0,0.0041170046
0.98785734,0.0,2.770007e-05
0.9750534,0.0,0.017302074
0.9918628,0.0,0.025203949
0.9939535,0.0,0.005724852
0.93733644,0.0,0.0030168872
0.9387783,0.0,0.0
0.88941354,0.0,0.009646899
0.87567604,0.0,0.0
0.89937085,0.0,0.01987314
0.88433367,0.0,0.16334777
0.84686667,0.0,0.1611604
0.87343603,0.0,0.035105594
0.9287474,0.0,0.2999183
0.7996526,0.0,0.56989706
0.51855737,0.0,0.56017166
0.5494117,1.0,0.30187273
0.85576916,0.0,0.21558842
0.95770913,1.0,0.3794167
0.98682016,0.0,0.12063775
0.8471261,1.0,0.077608384
0.83230174,0.0,0.018483438
0.90696645,0.0,0.00074214395
0.9217841,0.0,0.13755575
0.77002275,0.0,0.06433887
0.7822018,0.0,0.5311617
0.46826053,0.0,0.038071573
0.26961598,0.0,0.56327736
0.41655612,0.0,0.9009068
0.61153084,0.0,0.2494789
0.31042397,0.0,0.9042013
0.95396453,0.0,0.23529369
0.9375327,0.0,0.32829237
0.9143999,0.0,0.005386957
0.9307438,0.0,0.024404744
0.85068125,0.0,0.0
0.9808518,0.0,0.0046760966
0.8980599,0.0,0.10835992
0.9036307,0.0,0.028358663
0.7897824,0.0,0.0
0.9509215,0.0,0.000472627
0.7089186,0.0,0.44875818
0.8610843,0.0,0.0787361
0.8700049,0.0,0.16787173
0.82527065,0.0,0.2035319
0.7738517,0.0,0.3566019
0.6727141,0.0,0.4907188
0.79009354,0.0,0.49657303
0.7478432,0.0,0.19895189
0.8767696,0.0,0.22486198
0.7879335,0.0,0.17128542
0.8266013,0.0,0.5676232
0.8010081,0.0,0.3840943
0.7810936,0.0,0.18447618
0.9331171,1.0,0.4210133
0.95984054,1.0,0.18474704
0.9042191,1.0,0.33083156
0.7901109,1.0,0.2262932
0.91213936,0.0,0.022840925
0.8184745,0.0,0.10644936
0.7691078,0.0,0.008253984
0.63624626,0.0,0.53275037
0.79698014,0.0,0.5109873
0.87798274,0.0,0.17720503
0.8459743,0.0,0.14284045
0.8809492,0.0,0.2244787
0.8771538,0.0,0.041168384
0.95166963,0.0,0.34930998
0.95305717,0.0,0.014801263
0.96164364,0.0,0.0051692794
0.71727616,0.0,0.35651806
0.8762545,0.0,0.043829445
0.9459084,0.0,0.00499363
0.8822848,0.0,0.05079943
0.73812205,0.0,0.34580994
0.8899065,0.0,0.106514275
0.9808709,0.0,0.066470616
0.655356,0.0,0.60546774
0.7487573,0.0,0.64694214
0.7879499,0.0,0.16975622
0.87651795,0.0,0.5790893
0.79173654,0.0,0.20826942
0.9862876,0.0,0.03620911
0.8161542,0.0,0.32113823
0.93072486,0.0,0.0
0.8881723,0.0,0.00032486167
0.99438584,0.0,0.0
0.88885397,0.0,0.0077351974
0.99662054,0.0,0.00027755552
0.91104674,1.0,0.035573866
0.9120686,1.0,0.027617149
0.8005892,1.0,0.26068047
0.820088,1.0,0.2091998
0.69794524,0.0,0.092978016
0.92351073,1.0,0.076892786
0.9927159,0.0,0.00020364499
0.9635163,0.0,0.019387996
0.9473046,0.0,0.01332864
0.6983739,0.0,0.006416293
0.9157746,0.0,0.10027788
0.906858,0.0,0.0
0.8727791,0.0,0.19588149
0.5649962,0.0,0.26528987
0.7234888,0.0,0.61948454
0.74323326,0.0,0.4593142
0.7560327,0.0,0.60320544
0.9072874,0.0,0.025092583
0.7981449,0.0,0.7235746
0.66395587,0.0,0.21532181
0.9153861,0.0,0.26197094
0.8349696,0.0,0.5351661
0.8485352,0.0,0.21463871
0.98156816,0.0,0.0
0.9165097,0.0,0.19655395
0.77199686,0.0,0.45837104
0.9345872,0.0,0.04021387
0.9905782,0.0,0.0
0.8157674,0.0,0.47260815
0.8597846,0.0,0.37218186
0.9715116,0.0,0.0
0.94057643,0.0,0.08738569
0.73118466,0.0,0.49717498
0.776257,0.0,0.21686132
0.9601607,0.0,0.0012442069
0.64651275,0.0,0.25258335
0.59818166,0.0,0.5680378
0.4350612,0.0,0.3900949
0.60756266,0.0,0.4060248
0.892825,0.0,0.4089858
0.8014582,0.0,0.10487004
0.68096095,0.0,0.7103805
0.9510773,0.0,0.058880284
0.7085114,0.0,0.55564165
0.9248011,0.0,0.28454438
0.7296193,0.0,0.061736543
0.95465946,0.0,0.066861875
0.94925743,0.0,0.059094545
0.8804139,0.0,0.15425159
0.7525972,1.0,0.6895303
0.90815014,1.0,0.23610428
0.76177955,1.0,0.30021754
0.7989587,1.0,0.44591278
0.8899215,0.0,0.29912084
0.97269666,0.0,0.030498782
0.9124535,0.0,0.00039496893
0.9580714,0.0,0.0
0.98489535,0.0,0.014782471
0.98422027,0.0,0.015599044
0.9610017,0.0,0.013556862
0.8860407,0.0,0.004667864
0.9595058,0.0,0.04674095
0.99127895,0.0,0.0
0.97472894,0.0,0.0906434
0.9036602,0.0,0.44417608
0.86807096,0.0,0.39985234
0.9499478,0.0,0.57957315
0.99382126,0.0,0.03926243
0.7352555,0.0,0.28757814
0.9867426,0.0,0.022234337
0.9868391,0.0,0.0
0.9803714,0.0,5.0241775e-05
0.9889466,0.0,0.061696563
0.9884207,0.0,0.0016144882
0.9298344,1.0,0.08783565
0.9521277,0.0,0.00082099455
0.74437404,0.0,0.10276218
0.80664325,0.0,0.09033023
0.85269004,1.0,0.57987404
0.9382638,1.0,0.36306536
0.6909823,1.0,0.71230316
0.7480809,0.0,0.34635463
0.7934051,0.0,0.06691706
0.84603345,1.0,0.14446162
0.89193153,0.0,0.49712604
0.92422825,0.0,0.016421415
0.6405505,0.0,0.26348552
0.8001605,0.0,0.2599855
0.82312447,0.0,0.580837
0.9101612,0.0,0.2030131
0.9892079,0.0,1.8224277e-05
0.9397389,0.0,0.23021008
0.8943749,0.0,0.21136114
0.82701,0.0,0.0010771157
0.97969294,0.0,0.0
0.75174713,0.0,0.35921314
0.9355362,0.0,0.0014312799
0.93591565,0.0,0.00093780394
0.9688525,0.0,0.016134264
0.6658006,0.0,0.2596199
0.97550404,0.0,0.001655146
0.9746278,0.0,0.0
0.83635724,0.0,0.1509431
0.82554704,0.0,0.16175023
0.990906,0.0,0.00015908813
0.9699425,0.0,0.0
0.7373724,0.0,0.30130032
0.8408451,0.0,0.17446502
0.9628268,0.0,0.031332456
0.9189712,0.0,0.18753216
0.7531303,0.0,0.5045935
0.67770994,0.0,0.39508277
0.7325216,0.0,0.9883398
0.8195077,0.0,0.83666325
0.6684881,0.0,0.8646567
0.8722904,0.0,0.44173732
0.8378136,0.0,0.15872003
0.8296998,0.0,0.4746076
0.7954173,0.0,0.4941589
0.80798626,0.0,0.21596538
0.8944349,0.0,0.4777399
0.77954,0.0,0.6949876
0.7423596,0.0,0.646188
0.8399366,0.0,0.3411824
0.8085549,0.0,0.18929589
0.82472414,0.0,0.532953
0.742973,0.0,0.28569055
0.8394501,1.0,0.29458526
0.74933237,1.0,0.71377
0.8336938,1.0,0.77096176
0.7828798,1.0,0.22003724
0.80925626,1.0,0.57554305
0.81558895,1.0,0.47789863
0.7837216,1.0,0.22789827
0.8135944,1.0,0.39002192
0.90595484,1.0,0.45983705
0.81010956,1.0,0.48468813
0.6946213,1.0,0.52995396
0.8667608,1.0,0.6223953
0.72626805,1.0,0.70238405
0.8873078,0.0,0.21234141
0.88924396,0.0,0.26664716
0.8429638,1.0,0.11216857
0.80398136,1.0,0.22532879
0.80744296,0.0,0.18201339
0.77736026,1.0,0.07453751
0.68349046,0.0,0.34507468
0.61085236,0.0,0.64441305
0.72468615,0.0,0.09643093
0.8060378,0.0,0.16914599
0.7228862,1.0,0.028973931
0.73068213,0.0,0.041317824
0.77336884,0.0,0.2161112
0.89739877,0.0,0.11097213
0.7197046,0.0,0.48777178
0.7712727,0.0,0.7123038
0.79853,0.0,0.34879503
0.78951216,1.0,0.60294425
0.81250775,1.0,0.46753046
0.8143936,1.0,0.38660514
0.86344993,1.0,0.32255265
0.7773723,1.0,0.31939536
0.6505758,1.0,0.3924925
0.81068724,1.0,0.4732734
0.8238412,1.0,0.439603
0.8019142,1.0,0.34931636
0.82327753,0.0,0.59625983
0.81429577,1.0,0.48687038
0.8267282,1.0,0.3587127
0.84040874,0.0,0.3261316
0.624342,1.0,0.4620157
0.7343308,0.0,0.4436723
0.6980442,0.0,0.8126625
0.7374866,0.0,0.66800034
0.6963623,0.0,0.5134894
0.876967,0.0,0.16506518
0.8001645,0.0,0.5797796
0.95319015,0.0,0.0
0.7335669,0.0,0.09006069
0.8893819,0.0,0.011111732
0.85275215,0.0,0.19827956
0.75954664,0.0,0.08644884
0.78699994,0.0,0.39086682
0.54834956,0.0,0.8289399
0.8377945,0.0,0.58402884
0.77232844,0.0,0.6371563
0.7224572,0.0,0.2610334
0.72394896,0.0,0.5660359
0.78847575,0.0,0.256316
0.75065774,0.0,0.45049268
0.8655991,0.0,0.0044642696
0.68230045,0.0,0.4057589
0.90422493,0.0,0.0
0.6255678,0.0,0.28420776
0.8540432,0.0,0.3411695
0.75270414,0.0,0.58704937
0.58646894,0.0,0.14069648
0.76506686,1.0,0.19903259
0.9479348,0.0,0.0
0.8954829,0.0,0.0
0.64559287,0.0,0.22171827
0.6073353,0.0,0.0
0.94802576,0.0,0.0
0.89546925,0.0,0.2349456
0.70790046,0.0,0.5820364
0.8149833,0.0,0.3211434
0.8293895,0.0,0.60486543
0.931578,0.0,0.2672913
0.6357906,0.0,0.6731884
0.9342694,0.0,0.08846967
0.60728616,0.0,0.2467178
0.7452124,0.0,0.392032
0.4973854,0.0,0.5087932
0.95574945,0.0,0.3254099
0.8638238,1.0,0.32190093
0.8313056,1.0,0.48588157
0.87008125,0.0,0.006403482
0.6841105,1.0,0.474383
0.8638103,1.0,0.19744189
0.499873,1.0,0.0111708725
0.41307175,0.0,0.2055245
0.9388771,0.0,0.039862573
0.7639038,0.0,0.001155411
0.93697083,0.0,0.0007992741
0.66967666,0.0,0.23936611
0.9463681,0.0,0.2101118
0.838138,0.0,0.52460617
0.565905,0.0,0.3684437
0.8519027,0.0,0.3098546
0.7403605,0.0,0.43819353
0.85251105,0.0,0.17633773
0.8569789,1.0,0.29707178
0.7391731,0.0,0.079288416
0.74671245,1.0,0.6285775
0.82679725,1.0,0.39934027
0.7701534,1.0,0.11768259
0.67617804,1.0,0.5586439
0.6410981,1.0,0.27061793
0.84217846,1.0,0.047950484
0.6713628,1.0,0.3989484
0.48996714,1.0,0.6194848
0.65503585,1.0,0.5998393
0.80505735,1.0,0.20560959
0.856257,0.0,0.34028375
0.757923,0.0,0.671039
0.71077335,0.0,0.37516683
0.7576705,0.0,0.114673264
0.9307971,0.0,0.09360562
0.7622792,0.0,0.0016068312
0.8474186,0.0,0.00081583374
0.8626017,0.0,0.01835889
0.96301216,0.0,0.028486226
0.81219906,1.0,0.042568292
0.89781916,0.0,0.0
0.6264395,0.0,0.2194301
0.94097453,0.0,0.005798101
0.824088,0.0,0.4007649
0.9419285,0.0,0.21333621
0.8981355,0.0,0.41635704
0.95202106,0.0,0.010502776
0.89423656,0.0,0.24726498
0.9649465,0.0,0.0
0.82817477,0.0,0.15204906
0.6882399,0.0,0.043129686
0.6558983,0.0,0.3635031
0.69268423,0.0,0.12012817
0.6314069,1.0,0.2514665
0.5875655,0.0,0.64005136
0.6983313,0.0,0.23585239
0.64121264,0.0,0.20871799
0.50215554,1.0,0.8756471
0.770546,0.0,0.6776049
0.7438872,0.0,0.48859715
0.8409615,0.0,0.5989045
0.7392166,0.0,0.5740823
0.8010116,0.0,0.52913
0.67836946,0.0,0.6062444
0.64717656,0.0,0.2014336
0.73275846,0.0,0.35050917
0.7065794,0.0,0.13405861
0.6365136,0.0,0.12958089
0.5123454,0.0,0.2953322
0.57337546,0.0,0.4000681
0.74619263,0.0,0.5916346
0.9178479,0.0,0.18452147
0.8686894,0.0,0.059857093
0.6382972,0.0,0.35042998
0.5371971,0.0,0.3708703
0.8827047,0.0,0.0011887691
0.71479523,0.0,0.29284915
0.66109294,0.0,0.74457693
0.62807405,0.0,0.40409473
0.6471,0.0,0.6914984
0.6539961,0.0,0.21763542
0.50089735,0.0,0.21510397
0.9297126,0.0,0.009549654
0.68575764,0.0,0.46017814
0.9485641,0.0,0.08383434
0.71029747,0.0,0.10483634
0.73145306,0.0,0.14250593
0.62426484,0.0,0.03336961
0.59665674,0.0,0.01775094
0.685148,0.0,0.31193998
0.7823954,0.0,0.053712677
0.89150715,0.0,0.037051346
0.7025559,0.0,0.12730254
0.8130869,0.0,0.30692786
0.7288582,0.0,0.35755518
0.7202982,0.0,0.026688121
0.91306806,0.0,0.0027065484
0.8660072,0.0,0.43348476
0.6688907,0.0,0.15894584
0.5565712,0.0,0.0025960556
0.71782345,0.0,0.091038376
0.79428476,0.0,0.046677932
0.91255975,0.0,0.026999414
0.6833193,0.0,0.37737313
0.69928944,0.0,0.3074781
0.7792434,0.0,0.6700887
0.71464765,0.0,0.21302167
0.77480286,0.0,0.42910945
0.5851408,0.0,0.7385982
0.8272175,0.0,0.059533324
0.82081556,0.0,0.7611014
0.7705002,0.0,0.34825155
0.88800484,0.0,0.511061
0.9255857,0.0,0.26852718
0.8767491,0.0,0.5314972
0.8542684,0.0,0.18391731
0.8132961,0.0,0.8283005
0.8039214,0.0,0.5155631
0.759919,0.0,0.74125236
0.8562876,0.0,0.30264
0.83174425,0.0,0.7980702
0.9221993,0.0,0.19878684
0.9105406,0.0,0.32273778
0.83564156,0.0,0.6693931
0.8983422,0.0,0.41191703
0.9596138,0.0,0.08009926
0.96099025,0.0,0.14483036
0.98098695,0.0,0.0
0.9450791,0.0,0.23859324
0.8562152,0.0,0.6139172
0.7850258,0.0,0.39396894
0.9464075,0.0,0.082494035
0.8405383,0.0,0.5283795
0.8491606,0.0,0.4000539
0.9712697,0.0,0.00197257
0.77392477,0.0,0.49453855
0.9403976,0.0,0.053403914
0.9775171,0.0,0.0007052687
0.8387766,0.0,0.42719457
0.8328079,0.0,0.17684084
0.9780146,0.0,0.07231738
0.9297635,0.0,0.024002267
0.84658676,1.0,0.078724004
0.8144483,1.0,0.0032119176
0.7920276,1.0,0.010325203
0.56628066,1.0,0.09485088
0.8674052,1.0,0.003314512
0.73182905,1.0,0.00556313
0.8959883,0.0,0.00035067223
0.85348755,1.0,0.00020295463
0.8305585,1.0,0.011703981
0.93560445,0.0,0.0
0.6433635,0.0,0.014037371
0.7918039,0.0,0.013485193
0.9775263,0.0,0.00024604658
0.9887046,0.0,0.0
0.97319716,0.0,0.048324503
0.968908,0.0,0.0
0.9682828,0.0,0.00043211505
0.98452395,0.0,0.0029369046
0.96613085,0.0,0.0038874755
0.86358833,0.0,0.00028667014
0.9564041,0.0,0.0
0.9710146,0.0,0.0030734274
0.89372265,0.0,0.037345067
0.6314742,0.0,0.24874811
0.76979107,0.0,0.054051295
0.78740764,0.0,0.49541602
0.8720773,0.0,0.44194815
0.7898858,0.0,0.67682594
0.8679446,0.0,0.29370582
0.8847942,0.0,0.3305493
0.8934407,0.0,0.20807894
0.9544011,0.0,0.19443336
0.96889216,0.0,0.0028159996
0.9352914,0.0,0.00093748904
0.8798081,0.0,0.026542999
0.6683001,0.0,0.045824513
0.69584894,0.0,0.0
0.9513813,0.0,0.00057926733
0.97933286,0.0,0.03185917
0.7909101,0.0,0.087962545
0.93664366,0.0,0.09249283
0.9338553,0.0,0.093207695
0.89751387,0.0,0.39937386
0.72178113,0.0,0.71846926
0.7034691,0.0,0.4712699
0.870305,0.0,0.008066797
0.73421216,1.0,0.18246457
0.76304674,1.0,0.45299602
0.7484444,0.0,0.12153459
0.95670485,1.0,0.0029352803
0.5518927,1.0,0.40459818
0.7395527,1.0,0.0036100307
0.7872735,1.0,0.0
0.8654951,1.0,0.23751198
0.9505078,1.0,0.08185553
0.9352403,0.0,0.034005992
0.80390507,0.0,0.12511788
0.9388355,0.0,0.00033209403
0.97690225,0.0,0.0
0.82438743,0.0,0.20209883
0.8806065,0.0,0.005138807
0.98903126,0.0,0.0005737919
0.97588694,0.0,0.2818926
0.7219892,0.0,0.4483724
0.62892365,0.0,0.32642296
0.92238784,0.0,0.0
0.9681345,0.0,0.00039785545
0.95699745,0.0,0.0
0.9578089,0.0,0.055868465
0.9151359,0.0,0.0069990507
0.95597565,0.0,0.026390696
0.9274127,0.0,0.3510509
0.84614986,0.0,0.3187348
0.91981846,0.0,0.5354202
0.9186968,0.0,0.23927757
0.81948704,0.0,0.64387864
0.932691,0.0,0.43274754
0.8759636,0.0,0.11033195
0.97267413,0.0,0.0022073013
0.9067469,0.0,0.059961185
0.88968426,0.0,0.057477504
0.94639206,0.0,0.045422982
0.88828546,0.0,0.37960178
0.9241367,0.0,0.12580204
0.8640991,0.0,0.33225197
0.8160218,0.0,0.1885741
0.9534689,1.0,0.031463563
0.8837271,1.0,0.2829164
0.94178593,1.0,0.045206092
0.9647785,1.0,0.09742516
0.91353726,0.0,0.53507656
0.8122423,0.0,0.79054976
0.8913626,1.0,0.53621656
0.79914856,0.0,0.5769941
0.8397637,1.0,0.41492915
0.8557985,0.0,0.35478953
0.7824823,1.0,0.5392806
0.85110813,1.0,0.02806724
0.6802137,1.0,0.18485774
0.81049496,1.0,0.12021691
0.7526818,1.0,0.6007483
0.9165622,0.0,0.25255552
0.73433566,0.0,0.6831669
0.6199916,0.0,0.2450653
0.8976519,0.0,0.26623207
0.71176165,0.0,0.7120827
0.97026706,0.0,0.27099675
0.90147924,0.0,0.3264876
0.89662045,0.0,0.50854063
0.820899,0.0,0.61455077
0.9683593,0.0,0.08075112
0.8992886,0.0,0.3583396
0.91679966,0.0,0.76740235
0.8683132,0.0,0.8474193
0.92959833,0.0,0.27962527
0.8978603,0.0,0.62494564
0.9511754,0.0,0.34391913
0.8917007,0.0,0.50016844
0.9641985,0.0,0.023963679
0.83224463,0.0,0.5058957
0.9255682,0.0,0.5615435
0.9113837,0.0,0.06070927
0.884036,0.0,0.08088979
0.94344604,0.0,0.12145888
0.9310436,0.0,0.2975694
0.9291283,0.0,0.06890408
0.79016334,0.0,0.5563005
0.8018606,0.0,0.35094222
0.73363674,0.0,0.026759382
0.82884353,0.0,0.06129027
0.4845038,0.0,0.11387397
0.936166,0.0,0.02291604
0.8084414,0.0,0.03871401
0.8445268,0.0,0.36126056
0.9250081,0.0,0.26447558
0.8759648,0.0,0.22252683
0.87542367,0.0,0.620949
0.92896277,0.0,0.061222948
0.9819655,0.0,0.0035658083
0.9949392,0.0,0.051034037
0.96185404,0.0,0.020770025
0.96607924,0.0,0.012625357
0.9636076,0.0,0.0
0.9733743,0.0,0.2838465
0.85338223,0.0,0.46929774
0.9272725,0.0,0.14527507
0.8705181,0.0,0.0
0.90500057,0.0,0.0
0.9888206,0.0,0.0014662753
0.9552461,0.0,0.00090127334
0.9772833,0.0,0.004226005
0.7084875,1.0,0.007281101
0.97157896,0.0,0.0026956047
0.7767028,0.0,0.07385915
0.97696006,1.0,0.0
0.8712064,0.0,0.18857701
0.8310237,0.0,0.008556338
0.73622143,0.0,0.0
0.9203128,0.0,0.00061964773
0.8615197,1.0,0.008261468
0.7880028,1.0,0.01552549
0.9566045,0.0,0.00062638
0.81585133,1.0,0.35498592
0.95944947,0.0,0.29903552
0.9257932,0.0,0.059058122
0.9803617,0.0,0.0025037625
0.9384,0.0,0.001064499
0.84711945,0.0,0.22765397
0.93057173,0.0,0.25067627
0.6641267,0.0,0.19821306
0.9534533,0.0,0.20201263
0.84516215,0.0,0.2351176
0.8298123,1.0,0.4883985
0.79487044,1.0,0.4751493
0.7336343,1.0,0.09298237
0.7490513,1.0,0.21363932
0.8802222,1.0,0.07095511
0.9241758,1.0,0.0
0.93186283,1.0,0.0073621455
0.99014586,0.0,0.01353488
0.98199505,0.0,0.0060528703
0.98482174,0.0,0.0016194232
0.96432894,0.0,0.0
0.9584713,0.0,0.0
0.9284067,0.0,0.008378005
0.96418047,0.0,0.00083925383
0.7860568,0.0,0.5242823
0.9693405,0.0,0.28114066
0.8464306,0.0,0.7707261
0.80279,0.0,0.6211284
0.8450962,0.0,0.093822554
0.81983924,0.0,0.29097182
0.95135665,0.0,0.10364899
0.98616207,0.0,0.0010204571
0.99036086,0.0,0.0752596
0.99383646,0.0,0.0
0.9726713,0.0,0.014171448
0.9450715,0.0,0.005615447
0.68605393,0.0,0.022408703
0.7550297,1.0,0.028149322
0.5714101,0.0,0.104588665
0.5740562,0.0,0.38191724
0.5641115,1.0,0.36448768
0.9139085,1.0,0.0018164624
0.8732211,0.0,0.16227998
0.8129899,0.0,0.29926196
0.7047993,0.0,0.5099384
0.8144014,0.0,0.0
0.94298714,0.0,0.07179372
0.87737894,0.0,0.005471935
0.92800575,0.0,0.1569075
0.8866915,0.0,0.0
0.8441104,0.0,0.06917197
0.92590433,0.0,0.06703763
0.9082835,0.0,0.33501688
0.59733796,0.0,0.5768114
0.7512479,0.0,0.2666337
0.85912955,0.0,0.12803169
0.9822338,0.0,0.13629696
0.94315994,0.0,0.20386517
0.9820472,0.0,0.00039878045
0.9320223,0.0,0.03297033
0.84917766,0.0,0.33491832
0.6359203,1.0,0.24519244
0.98117507,0.0,0.007356581
0.87674147,0.0,0.055330325
0.913817,0.0,0.0
0.9596508,0.0,2.5197303e-05
0.8653831,0.0,0.27008814
0.8100833,0.0,0.01420624
0.88252366,0.0,0.20442966
0.8683905,0.0,0.40451714
0.86250556,0.0,0.9385453
0.6496865,0.0,0.912636
0.80793476,0.0,0.2468158
0.8738726,0.0,0.31103036
0.66293174,0.0,0.58511764
0.71851444,0.0,0.32698014
0.84122515,0.0,0.36393076
0.8016488,0.0,0.25777775
0.9039824,0.0,0.009619588
0.9609262,0.0,0.00344513
0.9208042,0.0,0.0
0.8927821,0.0,0.0
0.9808857,0.0,0.008800227
0.8418909,0.0,0.0
0.7482691,0.0,0.25234646
0.74980164,0.0,0.26192802
0.7855211,0.0,0.5942645
0.8815478,0.0,0.5479368
0.87204653,0.0,0.0005380969
0.8903094,0.0,0.17895013
0.9665238,0.0,0.30633464
0.9357705,0.0,0.004553889
0.9262397,0.0,0.29770628
0.8887689,0.0,0.28559905
0.761915,0.0,0.00036758807
0.97002643,0.0,0.0397131
0.95415443,0.0,0.43468362
0.9596284,0.0,0.24424048
0.8432305,0.0,0.5168245
0.79634476,0.0,0.17186263
0.97023916,0.0,0.035650726
0.87205553,0.0,0.26463726
0.91587687,0.0,0.016574223
0.98317784,0.0,0.0
0.88461244,0.0,0.013187303
0.95935225,0.0,0.00060069456
0.8738864,0.0,0.0
0.59723693,0.0,0.028747713
0.96676016,0.0,0.0038762954
0.9027547,0.0,0.18892756
0.7101853,0.0,0.3070697
0.6583991,0.0,0.023935271
0.88470775,0.0,0.09436835
0.7807954,0.0,0.5591828
0.5749607,0.0,0.33056808
0.88324,0.0,0.42187852
0.80288935,0.0,0.6691725
0.88535786,0.0,0.21319838
0.886427,0.0,0.38752434
0.97455364,0.0,0.13919199
0.87125224,0.0,0.26040083
0.92969763,0.0,0.036299646
0.86754423,0.0,0.23621479
0.85865414,0.0,0.62160003
0.8556227,0.0,0.086011305
0.7745045,0.0,0.48199284
0.9305991,0.0,0.41541916
0.7562828,0.0,0.6592835
0.8871067,0.0,0.30130532
0.9872385,0.0,0.021039309
0.94678897,0.0,0.07931768
0.83638227,0.0,0.411622
0.8893007,0.0,0.02558034
0.9026462,0.0,0.0
0.7569391,0.0,0.39377514
0.92334825,0.0,0.20217629
0.94032836,0.0,0.0
0.9195692,0.0,0.22013515
0.8651211,0.0,0.5505091
0.79691035,0.0,0.5645199
0.8733011,0.0,0.56998914
0.98187745,0.0,0.07812072
0.79962814,0.0,0.17546675
0.97942346,0.0,0.0
0.99598324,0.0,0.018527692
0.9904855,0.0,0.0004890125
0.9926847,0.0,0.0
0.97959065,0.0,0.0
0.97505367,0.0,0.0019070443
0.943926,0.0,0.015570088
0.7659181,0.0,0.36816132
0.9007705,0.0,0.35933733
0.7943818,0.0,0.72069436
0.5454602,0.0,0.37976104
0.7828365,0.0,0.053897902
0.8033825,0.0,0.29597917
0.9217245,0.0,2.3365565e-05
0.7271591,0.0,0.38150185
0.91413707,0.0,0.2548461
0.6616805,0.0,0.42823777
0.85779166,0.0,0.5390775
0.952123,0.0,0.0057103774
0.9499875,0.0,0.0
0.80515563,0.0,0.29785785
0.92755634,0.0,0.28476363
0.8916525,0.0,0.0011089594
0.9576939,0.0,0.04524959
0.7501052,0.0,0.3558212
0.92188764,0.0,0.17155324
0.97519976,0.0,0.00087444345
0.9757136,0.0,0.19763888
0.7415081,0.0,0.12627219
0.8930543,0.0,0.014961347
0.9497658,0.0,0.018770173
0.9233982,0.0,0.01876845
0.95063645,0.0,0.28692427
0.89821005,0.0,0.080910176
0.7815981,0.0,0.6851584
0.6598355,0.0,0.47501433
0.6968465,0.0,0.9235179
0.72539645,0.0,0.55231744
0.88719773,0.0,0.19766718
0.8242154,0.0,0.6784935
0.89746904,0.0,0.22369711
0.82439727,0.0,0.352769
0.92971385,0.0,0.04264445
0.85991424,0.0,0.35678825
0.65944445,0.0,0.5728574
0.9493585,0.0,0.015993135
0.8905537,0.0,0.26536262
0.9549877,0.0,0.0054488024
0.78107774,0.0,0.07306399
0.9114976,0.0,0.0
0.99554837,0.0,0.0
0.9610981,0.0,0.0003909551
0.99355364,0.0,0.0143750785
0.9688938,0.0,0.0
0.9412311,0.0,0.0576077
0.83009106,0.0,0.1641487
0.8167835,0.0,0.3366744
0.74452907,0.0,0.31633458
0.8867472,0.0,0.4264679
0.790316,0.0,0.6492301
0.7140206,0.0,0.40543658
0.7172792,0.0,0.013668912
0.9044175,0.0,0.21367896
0.9464195,0.0,0.0017564263
0.83715934,0.0,0.12809123
0.67140144,0.0,0.20241886
0.9816171,0.0,0.0
0.9659721,0.0,0.0
0.6169367,0.0,0.36350068
0.652484,0.0,0.19874562
0.9689191,0.0,0.005065138
0.8328999,0.0,0.18062167
0.6706116,0.0,0.5272726
0.9122262,0.0,0.21286549
0.8923929,0.0,0.25785258
0.86586684,0.0,0.29687363
0.82889557,0.0,0.6512537
0.8768402,0.0,0.8086644
0.8805231,0.0,0.391135
0.7954874,0.0,0.8857366
0.9286087,0.0,0.36246246
0.8652615,0.0,0.24278459
0.91387,0.0,0.26760754
0.9446838,0.0,0.023660604
0.9803238,0.0,0.095915616
0.9788544,0.0,0.017781405
0.9922625,0.0,0.03316316
0.9692271,0.0,0.030453399
0.97300434,0.0,0.010665747
0.88733906,0.0,0.037668686
0.8104292,0.0,0.33231473
0.9108267,0.0,0.0012015277
0.8174976,0.0,0.28193453
0.7692846,0.0,0.28228706
0.8329369,0.0,0.64752626
0.8867465,0.0,0.16205226
0.6547826,0.0,0.44285342
0.6510551,0.0,0.49199602
0.74991876,0.0,0.027057206
0.89554685,0.0,0.095869124
0.9010508,0.0,0.18085569
0.74981785,0.0,0.35532886
0.98529196,0.0,0.01581903
0.90939,0.0,0.01970464
0.83624333,0.0,0.6136888
0.8475982,0.0,0.28014827
0.91132736,0.0,0.36241764
0.9764122,0.0,0.3098646
0.96858317,0.0,0.022829395
0.81801754,0.0,0.15663894
0.7966958,0.0,0.09830248
0.9506722,0.0,0.005572521
0.9908388,0.0,0.009580487
0.95662266,0.0,0.006681971
0.8286441,0.0,0.012218198
0.8617695,0.0,0.0035421231
0.9517914,0.0,0.082581945
0.94050705,0.0,0.10567099
0.8757628,0.0,0.64057404
0.78540915,0.0,0.20106576
0.6227633,1.0,0.6713073
0.5772442,1.0,0.5951901
0.8107763,0.0,0.09628836
0.8329908,1.0,0.045856524
0.6809713,1.0,0.13472024
0.60779417,1.0,0.5350185
0.69780564,1.0,0.4966401
0.8530466,1.0,0.29017413
0.9144042,0.0,0.047317676
0.8865248,1.0,0.3777034
0.8387812,1.0,0.28067416
0.9633429,0.0,0.050809216
0.96774775,0.0,0.005439097
0.7962596,1.0,0.32990745
0.71410173,0.0,0.46418276
0.952589,0.0,0.0007933766
0.9235603,0.0,0.028230764
0.8069679,0.0,0.5897575
0.8176159,0.0,0.33126426
0.8652106,0.0,0.14435484
0.83829874,0.0,0.66668105
0.80144083,0.0,0.6378711
0.830781,0.0,0.029084979
0.8929166,0.0,0.4565027
0.9343355,0.0,0.0
0.9709334,0.0,0.013563798
0.9212734,0.0,0.0056668026
0.97292465,0.0,0.0
0.9833286,0.0,0.007138909
0.57293147,0.0,0.043454807
0.9152393,0.0,0.0
0.82744825,0.0,0.1513082
0.66840136,1.0,0.29768175
0.57020247,1.0,0.70796114
0.8576088,1.0,0.22804342
0.60090274,1.0,0.7470775
0.65940195,0.0,0.07258548
0.87918043,1.0,0.23728317
0.856452,0.0,0.078419246
0.7562106,1.0,0.4176469
0.87856317,1.0,0.09703073
0.73212206,1.0,0.5641213
0.74605167,1.0,0.47455683
0.9558934,0.0,0.0
0.9073415,1.0,0.4299514
0.72063106,1.0,0.5806416
0.81273776,1.0,0.2456918
0.932149,0.0,0.06079829
0.8751658,0.0,0.036093727
0.7788303,0.0,0.3385737
0.725431,1.0,0.22630073
0.8745722,0.0,0.0009500877
0.80036193,0.0,0.091593646
0.8544686,0.0,0.58949155
0.8544328,0.0,0.25136515
0.80267906,0.0,0.61322093
0.8711698,0.0,0.10874945
0.8714576,0.0,0.035850372
0.8865182,0.0,0.023809118
0.7258859,0.0,0.0
0.929959,0.0,0.009200495
0.97482944,0.0,0.0
0.8654627,0.0,0.0
0.9770347,0.0,0.10761831
0.9121122,0.0,0.022717327
0.9190877,0.0,0.060394056
0.80632687,0.0,0.19872491
0.81924415,0.0,0.22742906
0.92375773,0.0,0.017370977
0.86828375,0.0,0.36522734
0.850445,0.0,0.5216363
0.9056482,0.0,0.24123521
0.87534183,0.0,0.48934427
0.9657746,0.0,0.022790466
0.98744977,0.0,0.012326058
0.8534046,0.0,0.3013242
0.8116699,1.0,0.46361384
0.9669252,0.0,0.0
0.7893443,0.0,0.22606742
0.80521137,1.0,0.51665896
0.7985538,1.0,0.14181358
0.92671925,0.0,0.0072923237
0.76545495,0.0,1.0
0.5304388,0.0,0.76299274
0.56155926,0.0,0.49159017
0.5135651,0.0,0.59511065
0.56158286,0.0,0.6756217
0.6380224,0.0,0.7152031
0.57893264,0.0,0.56849104
0.60141504,1.0,0.58944017
0.7259045,1.0,0.26335615
0.607209,0.0,0.26211172
0.6700643,1.0,0.3729111
0.6216271,0.0,0.41476968
0.7412116,1.0,0.6783576
0.7120081,0.0,0.113230586
0.48662505,1.0,0.6114179
0.6946395,0.0,0.35032958
0.66718924,0.0,0.0032129597
0.726323,0.0,0.15599445
0.6581535,1.0,0.017768828
0.73134375,1.0,0.35350165
0.55576843,1.0,0.29184225
0.7662352,0.0,0.015616362
0.73058736,0.0,0.14679298
0.63238406,0.0,0.10488795
0.90233463,0.0,0.0
0.6600353,0.0,0.19308197
0.9043956,0.0,0.040313642
0.8960619,0.0,0.064592466
0.83461136,0.0,0.63847613
0.8913012,0.0,0.39670753
0.7776262,0.0,0.3801352
0.7768012,0.0,0.7950873
0.7928275,0.0,0.60772866
0.75880814,0.0,0.25404912
0.87297857,0.0,0.2208333
0.7823044,0.0,0.36594212
0.87194085,0.0,0.48563895
0.87110066,0.0,0.0888674
0.8720338,0.0,0.06424854
0.93279433,0.0,0.15096489
0.8287613,0.0,0.047562256
0.8357966,0.0,0.028762186
0.7724047,0.0,0.051072706
0.84644127,0.0,0.1677897
0.94113636,0.0,2.324152e-06
0.68281245,0.0,0.13287513
0.7511564,0.0,0.2737986
0.9506441,0.0,0.1135182
0.9240928,0.0,0.06932738
0.9703507,0.0,0.13878837
0.9587448,0.0,0.0
0.9704057,0.0,0.0
0.96286136,0.0,0.0
0.88300765,0.0,0.009915744
0.91859853,0.0,0.15650803
0.62947106,0.0,0.8571572
0.850563,0.0,0.37160158
0.6770212,0.0,0.040819757
0.91200525,0.0,0.0
0.91357756,0.0,0.012678459
0.8939039,0.0,0.038700394
0.8886794,0.0,0.001567334
0.7718135,0.0,0.2968377
0.6193638,0.0,0.004772762
0.8692215,0.0,0.6586352
0.7727211,0.0,0.32185712
0.9245581,0.0,0.0
0.8767589,0.0,0.12660569
0.8366806,0.0,0.2848178
0.7771381,0.0,0.19998571
0.8704317,0.0,0.13995144
0.7898941,0.0,0.6265007
0.8664061,0.0,0.54488665
0.84557074,0.0,0.78126603
0.7637604,0.0,0.26722494
0.9083089,1.0,0.3293375
0.8965598,1.0,0.47513005
0.87578267,1.0,0.59388375
0.81753206,1.0,0.502581
0.8791559,0.0,0.37231416
0.8358613,0.0,0.28657427
0.8553337,0.0,0.603294
0.86928475,0.0,0.33904052
0.93891966,0.0,0.22925647
0.8933906,0.0,0.699708
0.84903115,0.0,0.26020566
0.87455654,0.0,0.26941496
0.7100151,0.0,0.37154093
0.8958514,0.0,0.02228792
0.6280192,0.0,0.6002567
0.87055075,0.0,0.12961918
0.845147,0.0,0.48773965
0.85096943,0.0,0.17580807
0.82972914,0.0,0.60563964
0.9374877,0.0,0.06987617
0.8232374,0.0,0.08138792
0.72825843,0.0,0.05674076
0.7190886,0.0,0.017311228
0.7937415,0.0,0.10042676
0.7381357,0.0,0.13506609
0.83244,0.0,0.0072176047
0.7231736,0.0,0.24925636
0.9313905,0.0,0.19914341
0.94240266,0.0,0.069977045
0.95701647,0.0,0.16939536
0.93323284,0.0,0.021785302
0.9704911,0.0,0.0
0.9398356,0.0,0.0006657614
0.9630335,0.0,0.0
0.9573925,0.0,0.00068864075
0.94233966,0.0,0.0
0.8678187,0.0,0.19058834
0.94150615,0.0,0.0057235123
0.72618264,0.0,0.70120335
0.7981912,0.0,0.635219
0.8324623,0.0,0.49806944
0.8426487,0.0,0.053298447
0.88647074,0.0,0.0
0.91213584,0.0,0.07126066
0.96817946,0.0,0.0
0.9549557,0.0,0.0
0.94479924,0.0,0.0
0.9541264,0.0,0.0002537965
0.76110953,0.0,0.0045075943
0.9350899,0.0,0.0
0.82180077,0.0,0.08874305
0.70968825,0.0,0.028929112
0.87605906,0.0,0.07558357
0.9511259,0.0,0.32247314
0.85150445,0.0,0.112319075
0.90823066,0.0,0.7600538
0.93298644,0.0,0.7286447
0.89131033,0.0,0.23353876
0.87279135,0.0,0.8192506
0.89494663,0.0,0.49820852
0.8497798,0.0,0.08712762
0.93125355,0.0,0.52435696
0.83476377,0.0,0.053252406
0.7456866,0.0,0.024348559
0.8400931,0.0,0.118131526
0.7474954,0.0,0.4053772
0.937908,0.0,0.14359908
0.82271755,0.0,0.476877
0.9309384,0.0,0.07122047
0.72663355,0.0,0.6650303
0.74971193,0.0,0.32343686
0.8027118,0.0,0.46134326
0.8773217,0.0,0.62073296
0.7980858,0.0,0.23114708
0.88843775,0.0,0.0
0.89424175,0.0,0.088220246
0.986829,0.0,0.015531555
0.89561445,0.0,0.16393712
0.90205544,0.0,0.036182314
0.9796814,0.0,0.018198667
0.79386806,0.0,0.26464197
0.8911773,0.0,0.07018574
0.86092323,0.0,0.0011723507
0.83743566,0.0,0.36417422
0.7352905,0.0,0.41075364
0.8643081,0.0,0.31808668
0.76871884,0.0,0.38046062
0.8887285,0.0,0.15382923
0.9002911,0.0,0.15218236
0.97139174,0.0,0.0
0.9176277,0.0,0.0
0.97579545,0.0,0.0073731234
0.9346485,0.0,0.0
0.9296505,0.0,0.043643147
0.6756538,0.0,0.39643344
0.88430226,0.0,0.25398242
0.93810743,0.0,0.055867292
0.9234547,0.0,0.06702766
0.936839,0.0,0.012297341
0.9089203,0.0,0.12470758
0.9049145,0.0,0.0015615107
0.96071213,0.0,0.0012023227
0.8553375,0.0,0.28211135
0.9512613,0.0,0.022615468
0.84819674,0.0,0.28553146
0.8899564,0.0,0.50085294
0.72733104,0.0,0.3696
0.89765745,0.0,0.2212052
0.7814249,0.0,0.5376116
0.8763348,0.0,0.42997342
0.8965643,0.0,0.37088546
0.8431381,0.0,0.12338421
0.82895494,0.0,0.4511081
0.9195074,0.0,0.1325768
0.7729479,0.0,0.52404684
0.9037058,0.0,0.31202862
0.8146883,0.0,0.70110744
0.9629414,0.0,0.1753733
0.88505334,0.0,0.24161854
0.9860175,0.0,0.016099654
0.9171749,0.0,0.068080254
0.8561002,0.0,0.0
0.9640426,0.0,0.0
0.94027835,0.0,0.060455814
0.88063604,0.0,0.040289443
0.75236744,0.0,0.06782925
0.7608508,0.0,0.3164247
0.789787,0.0,0.5593586
0.9159884,0.0,0.042593338
0.8483685,0.0,0.6456032
0.9134735,0.0,0.18998525
0.9690341,0.0,0.0
0.94780874,0.0,0.0
0.9843114,0.0,0.0
0.87412244,0.0,0.0
0.91779375,0.0,0.1216517
0.83086014,0.0,0.29256052
0.91122806,0.0,0.46259972
0.9663166,0.0,0.002157384
0.87615615,0.0,0.15058184
0.92119235,0.0,0.0038435445
0.9621158,0.0,0.035238776
0.6984128,0.0,0.039086007
0.97962946,0.0,0.0555431
0.81690747,0.0,0.24772868
0.7311907,0.0,0.20240124
0.89804137,0.0,0.56815714
0.8495347,0.0,0.08555294
0.7756157,0.0,0.4748786
0.9457524,0.0,0.44953546
0.8119347,0.0,0.4611429
0.69158566,0.0,0.3175399
0.6940633,0.0,0.4418453
0.93778825,0.0,0.0070614917
0.68349653,0.0,0.32090035
0.8595398,0.0,0.21738462
0.8172991,0.0,0.006677614
0.7790807,0.0,0.7231851
0.8157405,0.0,0.38656864
0.87748164,0.0,0.14534163
0.9181482,0.0,0.46378118
0.89003825,0.0,0.7553244
0.8643541,0.0,0.5948719
0.87229383,0.0,0.56942266
0.8847229,0.0,0.5008344
0.959929,0.0,0.11151359
0.9518139,0.0,0.15385173
0.9682692,0.0,0.0
0.8375552,0.0,0.0039255195
0.7457131,0.0,0.024959061
0.9297701,0.0,0.014213197
0.71647817,0.0,0.11147921
0.6973678,0.0,0.05107238
0.8091773,0.0,0.045429446
0.84154665,0.0,0.18411362
0.5051425,0.0,0.5050432
0.7679381,0.0,0.24011755
0.9097452,0.0,0.098622516
0.93272316,0.0,0.0
0.96118593,0.0,0.001479376
0.9656092,0.0,0.0
0.8853618,0.0,0.0
0.95846236,0.0,0.011016261
0.90995723,0.0,0.04182663
0.92063177,0.0,0.12297561
0.70210916,0.0,0.14521834
0.85860425,0.0,0.5928868
0.8695343,0.0,0.35499656
0.8067913,0.0,0.24827671
0.71481735,0.0,0.14680086
0.76926833,0.0,0.5884767
0.7316061,0.0,0.4203865
0.79534495,0.0,0.29762778
0.8382944,0.0,0.045537397
0.8267493,0.0,0.10921623
0.8681916,0.0,0.0027846426
0.88028204,0.0,0.0
0.689119,0.0,0.025896482
0.84701484,0.0,0.009368441
0.67331606,0.0,0.24026777
0.7814332,0.0,0.028825859
0.7907154,0.0,0.24137768
0.89729726,0.0,0.39225546
0.89754343,0.0,0.8814403
0.9244109,0.0,0.54334253
0.9347682,0.0,0.3149993
0.8761793,0.0,0.85501933
0.88988644,0.0,0.46478748
0.89375013,0.0,0.6602945
0.92739177,0.0,0.2928067
0.82943517,0.0,0.39848998
0.7320448,0.0,0.11630898
0.78430396,0.0,0.25658843
0.7013281,0.0,0.17678323
0.7547729,0.0,0.01739969
0.77469254,1.0,0.2800591
0.8220854,1.0,0.24288605
0.62261206,1.0,0.1400952
0.87629324,0.0,0.009400337
0.59726495,1.0,0.5507916
0.7465916,0.0,0.22439891
0.753783,1.0,0.38473254
0.8293849,0.0,0.111428164
0.7876115,0.0,0.43413925
0.87259924,0.0,0.4152821
0.94726825,0.0,0.008084778
0.87074476,0.0,0.34775212
0.9052408,0.0,0.04912919
0.9528849,0.0,0.06177724
0.94338673,0.0,0.022809476
0.83370435,0.0,0.066326715
0.8608952,0.0,0.14960419
0.7698495,0.0,0.20669822
0.7947229,0.0,0.2171634
0.916895,0.0,0.010920398
0.756266,0.0,0.52634954
0.80418175,0.0,0.4746453
0.9460363,0.0,0.08134235
0.7766547,0.0,0.20272598
0.94112074,0.0,0.0
0.9689743,0.0,0.0031188536
0.9466147,0.0,0.0218725
0.94755375,0.0,0.0061804256
0.9482601,0.0,0.012419286
0.9364106,0.0,0.01624212
0.8648727,0.0,0.01722265
0.86625427,0.0,0.012681361
0.89403385,0.0,0.006893793
0.7289716,1.0,0.14974773
0.8384786,1.0,0.20242615
0.8712158,0.0,0.07546432
0.729782,0.0,0.077451535
0.8456383,0.0,0.0049162824
0.87124395,0.0,0.004864892
0.8009858,0.0,0.017043404
0.7371981,0.0,0.19661374
0.7281886,0.0,0.16456203
0.8632726,0.0,0.7617314
0.7894808,0.0,0.36862344
0.8503011,0.0,0.63277406
0.9381301,0.0,0.45980465
0.9024122,0.0,0.3326597
0.94513553,0.0,0.04003354
0.8626508,0.0,0.0875966
0.7608541,0.0,0.053485453
0.85671157,0.0,0.08072633
0.72834885,1.0,0.40006724
0.8783696,0.0,0.09493663
0.790628,1.0,0.364663
0.7977599,1.0,0.5850756
0.8223465,1.0,0.7208512
0.9394264,0.0,0.07570701
0.8676978,1.0,0.40678686
0.89811504,0.0,0.0052758614
0.77986,1.0,0.36866516
0.8561415,1.0,0.062441356
0.78063893,1.0,0.17472139
0.94515693,1.0,0.5354448
0.82437,1.0,0.13720568
0.8021251,1.0,0.7670382
0.80556154,0.0,0.6985943
0.86213386,1.0,0.6382262
0.7757355,1.0,0.4448368
0.7899443,1.0,0.3558992
0.89077705,0.0,0.008337647
0.8754486,0.0,0.022225056
0.9406199,0.0,0.0053617936
0.8143755,0.0,0.097353026
0.93722147,0.0,0.0
0.8627326,0.0,0.14469506
0.95802546,0.0,0.08785626
0.9483324,0.0,0.07133798
0.6713191,0.0,0.0036816185
0.9087569,0.0,0.16063231
0.6991035,0.0,0.046325676
0.8924874,0.0,0.049315877
0.7312548,0.0,0.389175
0.8894431,0.0,0.51459944
0.8765895,0.0,0.39352378
0.899157,0.0,0.0055702496
0.8187292,0.0,0.3243325
0.92886347,0.0,0.21524267
0.6831073,0.0,0.33460367
0.6090388,0.0,0.82493585
0.76129216,0.0,0.6761866
0.84475327,0.0,0.4945935
0.74823874,0.0,0.39363807
0.8770115,0.0,0.18852891
0.62659705,0.0,0.6354024
0.7115512,0.0,0.2645561
0.8338001,0.0,0.06385076
0.8561213,0.0,0.04069147
0.9398624,0.0,0.0
0.9665995,0.0,0.0022838353
0.9587158,0.0,0.0
0.94497484,0.0,0.011061277
0.9697887,0.0,0.010866173
0.8445338,0.0,0.0040751863
0.5405379,0.0,0.03311015
0.8699374,0.0,0.07618314
0.85987514,0.0,0.05838678
0.9421427,0.0,0.013159822
0.93430305,0.0,0.0
0.902899,0.0,0.014254615
0.5971351,0.0,0.0057791886
0.94536483,1.0,0.04420161
0.50811213,0.0,0.012200441
0.68990326,0.0,0.0039389348
0.829477,0.0,0.08252995
0.68495464,0.0,0.102273755
0.7945118,0.0,0.43722957
0.8409835,0.0,0.14567667
0.88302594,0.0,0.78237087
0.72916037,0.0,0.6891174
0.84165704,0.0,0.29823422
0.8172087,0.0,0.7537223
0.8664833,0.0,0.5724155
0.887481,0.0,0.09880812
0.8863004,0.0,0.18696237
0.69532776,0.0,0.40297487
0.75894165,0.0,0.5109524
0.74834585,0.0,0.39347234
0.87519246,0.0,0.37024176
0.79969126,0.0,0.8493854
0.7543738,0.0,0.19579157
0.7322934,0.0,0.48928785
0.76241094,0.0,0.3403504
0.815146,0.0,0.67998856
0.788082,0.0,0.49332097
0.8644366,0.0,0.13383193
0.74208355,0.0,0.12775484
0.6496686,0.0,0.44724026
0.8424941,0.0,0.22731258
0.70718014,0.0,0.6284042
0.8007245,0.0,0.7396918
0.8539496,0.0,0.5063459
0.8710957,0.0,0.715514
0.81314194,0.0,0.6300619
0.80582505,0.0,1.0
0.8530906,0.0,0.5679186
0.8744743,0.0,0.114027575
0.77226967,0.0,0.86244816
0.8756719,0.0,0.32810304
0.8716144,0.0,0.1719101
0.7504439,0.0,0.5652577
0.8645546,0.0,0.92893285
0.9334287,0.0,0.317675
0.7817633,0.0,0.6770252
0.9530907,0.0,0.10897321
0.66178906,0.0,0.42956075
0.8536753,0.0,0.58765274
0.7106483,0.0,0.53899485
0.9376914,0.0,0.24872689
0.9090103,0.0,0.1936969
0.41785976,0.0,0.13752337
0.5932275,0.0,0.15402633
0.7514387,0.0,0.09532572
0.648657,0.0,0.381429
0.63663024,0.0,0.13743412
0.7504357,0.0,0.04107702
0.5685757,0.0,0.06452044
0.8932296,0.0,0.29167876
0.5763869,0.0,0.51204777
0.7140026,1.0,0.4625786
0.7872866,0.0,0.25237396
0.8037171,1.0,0.43061015
0.8497755,0.0,0.09911079
0.79904366,1.0,0.3911022
0.77651423,0.0,0.0009920696
0.6741103,1.0,0.18052663
0.8026804,0.0,0.2130148
0.76195085,1.0,0.4210343
0.7805539,0.0,0.00952022
0.7112276,0.0,0.5303675
0.85585773,0.0,0.003321044
0.6633904,0.0,0.36329117
0.82809407,0.0,0.00034638456
0.7024097,0.0,0.17007025
0.89129895,0.0,0.10327244
0.6971877,0.0,0.2168791
0.81159455,0.0,0.6671845
0.52946585,0.0,0.29044977
0.51106787,0.0,0.6045981
0.6676809,0.0,0.7403727
0.6862174,0.0,0.21323003
0.7335359,0.0,0.18620154
0.6542575,0.0,0.50919205
0.7837814,0.0,0.04867146
0.72123903,0.0,0.4701788
0.713558,0.0,0.5304652
0.64652014,0.0,0.02957219
0.6495914,1.0,0.25137284
0.86855704,0.0,0.0012537548
0.75983113,1.0,0.40443778
0.88184446,0.0,0.0065226764
0.691147,1.0,0.3306802
0.80981916,0.0,0.007481868
0.7462717,1.0,0.32314426
0.64403296,0.0,0.18176062
0.7111631,1.0,0.57638437
0.5763329,1.0,0.5396993
0.8996258,0.0,0.018499002
0.839914,1.0,0.13929941
0.91452426,0.0,0.014898232
0.9384886,1.0,0.36372882
0.7734671,1.0,0.017587552
0.91821116,1.0,0.20220757
0.90129894,0.0,0.016486397
0.75466466,1.0,0.20698129
0.61811286,1.0,0.4838156
0.66381884,0.0,0.0063372
0.55826753,0.0,0.19667682
0.7431487,0.0,0.23368026
0.61653054,0.0,0.37204972
0.8644188,0.0,0.0033720396
0.8639344,0.0,0.0
0.64214945,0.0,0.06438955
0.5566626,0.0,0.025851302
0.89411646,0.0,0.0072570015
0.57632095,0.0,0.022343338
0.5547232,0.0,0.007064969
0.928376,0.0,0.00035837467
0.73949313,0.0,0.01634956
0.5178779,0.0,0.072478496
0.90547496,0.0,0.0070801834
0.90154874,0.0,0.01814642
0.75262207,0.0,0.10313124
0.82865334,0.0,0.010672615
0.88431054,0.0,0.0
0.84110624,0.0,0.0
0.78771,0.0,0.015570219
0.6621909,0.0,0.002749529
0.81213427,0.0,0.023419697
0.8009588,0.0,0.011882568
0.7374219,1.0,0.35178834
0.74388105,0.0,0.3277053
0.7176701,0.0,0.29845878
0.7621951,0.0,0.63908446
0.79341996,0.0,0.5009139
0.77275354,0.0,0.1301909
0.74206865,0.0,0.44658062
0.8967791,0.0,0.05369515
0.768216,0.0,0.0017609202
0.8650719,0.0,0.0064770193
0.6914549,0.0,0.0687526
0.90050167,0.0,0.10116778
0.58922297,0.0,0.01828621
0.7368286,0.0,5.527609e-05
0.84196866,0.0,0.02022046
0.85691315,0.0,0.18548393
0.8712304,0.0,0.029230105
0.8088289,0.0,0.33727527
0.8626328,0.0,0.02622168
0.7761526,0.0,0.4383916
0.892141,0.0,0.029421814
0.77929693,0.0,0.20200814
0.9645882,0.0,0.0020355093
0.6140959,0.0,0.22670327
0.93440586,0.0,0.028388785
0.48605943,0.0,0.3896868
0.81023216,0.0,0.7842478
0.70760393,0.0,0.35666957
0.85436624,0.0,0.68866277
0.8227385,0.0,0.4909761
0.70619154,0.0,0.399745
0.9151284,0.0,0.009523678
0.74513066,0.0,0.25350484
0.93290585,0.0,0.008314704
0.72763073,0.0,0.44419906
0.8956431,0.0,0.030959768
0.66408557,0.0,0.3253654
0.8441471,0.0,0.008203055
0.71075505,0.0,0.47110397
0.82460195,0.0,0.011354909
0.9362957,0.0,0.3048292
0.88742065,0.0,0.2934766
0.6700759,0.0,0.75953585
0.8684059,0.0,0.6087553
0.9632957,0.0,0.4251496
0.9417466,1.0,0.25449923
0.95737207,0.0,0.013751008
0.8283181,0.0,0.19052984
0.9453582,0.0,0.019220319
0.78694797,0.0,0.35737503
0.6991257,0.0,0.032023404
0.66822934,0.0,0.3323677
0.817752,0.0,0.02184758
0.67449594,0.0,0.42144278
0.94990414,0.0,0.1533257
0.70822716,0.0,0.16941379
0.89136124,0.0,0.010033336
0.5767623,0.0,0.14339328
0.66183984,0.0,0.5483036
0.8132112,0.0,0.06506565
0.62539095,0.0,0.38251856
0.6416301,0.0,0.44638675
0.64422673,0.0,0.4003604
0.8000226,0.0,0.04495879
0.69429463,0.0,0.4043179
0.79486746,0.0,0.09370165
0.6116731,0.0,0.40766767
0.85823977,0.0,0.056936633
0.62091523,0.0,0.4978463
0.7943541,0.0,0.5405132
0.80668277,0.0,0.1408449
0.83549684,0.0,0.44608045
0.90731853,0.0,0.059714545
0.8305208,0.0,0.34475008
0.93414843,0.0,0.046561
0.92408264,0.0,0.36642003
0.904652,0.0,0.1628032
0.932672,0.0,0.48286197
0.6235828,0.0,0.62743837
0.9073536,0.0,0.21585031
0.79058975,0.0,0.297654
0.9289455,0.0,0.029664183
0.8186588,0.0,0.32214043
0.92099696,0.0,0.05205552
0.6532035,0.0,0.566232
0.84321576,0.0,0.1191563
0.73384506,0.0,0.47503158
0.9347746,0.0,0.09728589
0.8843062,0.0,0.49737018
0.9666986,0.0,0.040176414
0.9418585,0.0,0.22353056
0.97642434,0.0,0.07904398
0.79441726,0.0,0.41773093
0.8582318,0.0,0.40475613
0.86082155,0.0,0.77832144
0.76533854,0.0,0.7443787
0.6264582,0.0,0.40090892
0.7329504,0.0,0.4739174
0.8213989,0.0,0.49263823
0.91003335,0.0,0.28208143
0.86014974,0.0,0.34856674
0.85610795,0.0,0.014463951
0.7476097,0.0,0.2982305
0.9088869,0.0,0.031318784
0.8699982,0.0,0.5289971
0.9500008,0.0,0.068884976
0.84087133,0.0,0.22941533
0.9654187,0.0,0.0048923604
0.7735699,0.0,0.33933273
0.93450516,0.0,0.06575886
0.6920019,0.0,0.50899583
0.8863311,0.0,0.36024603
0.84821236,0.0,0.93271124
0.894037,0.0,1.0
0.882261,0.0,0.7967524
0.820353,0.0,0.21878585
0.7687535,0.0,0.29754642
0.84433,0.0,0.5270314
0.68579334,0.0,0.2919188
0.7303942,0.0,0.05253527
0.6919093,0.0,0.13525626
0.72477096,0.0,0.014093515
0.83999443,0.0,0.28281808
0.7804406,0.0,0.025722802
0.7405776,0.0,0.32936463
0.78404105,0.0,0.33667386
0.69417864,0.0,0.04236736
0.7233256,1.0,0.47865695
0.8614277,1.0,0.056161437
0.8337923,1.0,0.53825504
0.88928723,0.0,0.087890364
0.935009,0.0,0.29737356
0.6402995,0.0,0.48484558
0.8794061,0.0,0.58723736
0.8405344,1.0,0.53669196
0.8737823,0.0,0.39964727
0.8756087,1.0,0.15266289
0.917357,0.0,0.0037773186
0.8767816,1.0,0.39321396
0.7736632,1.0,0.013415969
0.7217978,1.0,0.09897063
0.76805323,0.0,0.015917987
0.77795905,0.0,0.059101567
0.7569298,0.0,0.01829535
0.8331902,0.0,0.24901636
0.84433734,0.0,0.002914047
0.8397963,0.0,0.025493886
0.8654045,0.0,0.2248652
0.73624843,0.0,0.57104135
0.70587975,0.0,0.75515544
0.7195108,0.0,0.3351077
0.7753966,0.0,0.48704132
0.7349394,0.0,0.7175872
0.72796273,0.0,0.66712147
0.6625632,0.0,0.1713507
0.6182658,0.0,0.32415932
0.61104655,0.0,0.05400343
0.5917829,0.0,0.6173236
0.74094623,0.0,0.35369426
0.6620528,0.0,0.10012408
0.7168649,0.0,0.2937196
0.72350603,0.0,0.53620356
0.78858924,1.0,0.454548
0.78359085,1.0,0.08171018
0.7128512,0.0,0.4584402
0.7651385,1.0,0.4728441
0.7709173,0.0,0.3921162
0.7717749,0.0,0.74901533
0.77793914,0.0,0.33962363
0.7610362,0.0,0.08466584
0.73429555,0.0,0.3617659
0.75932485,0.0,0.35517356
0.651584,0.0,0.07264031
0.6385088,1.0,0.4994691
0.8949012,1.0,0.69919354
0.8447861,1.0,0.6860567
0.9463819,1.0,0.17685314
0.7892337,1.0,0.030435747
0.93720585,1.0,0.33542627
0.88161415,1.0,0.28469235
0.94451374,0.0,0.0016982147
0.901876,0.0,0.021256763
0.90112627,1.0,0.44305423
0.92614895,1.0,0.36653978
0.88077205,0.0,0.09284389
0.7949927,0.0,0.5846172
0.8830688,0.0,0.28497854
0.8473883,0.0,0.25353476
0.8670285,0.0,0.34842283
0.7751756,0.0,0.3212993
0.9392361,0.0,0.36595997
0.8676371,0.0,0.27915865
0.7318913,0.0,0.6890768
0.92826,0.0,0.40471864
0.5063807,0.0,0.41029245
0.6830111,0.0,0.08150885
0.92438143,0.0,0.12885727
0.83744353,0.0,0.19878276
0.9736545,0.0,0.21192636
0.99169147,0.0,0.22488365
0.8187655,0.0,0.16727073
0.96578825,0.0,0.0
0.88376313,0.0,0.27148038
0.8915022,0.0,0.00204221
0.7768902,0.0,0.41082466
0.90973556,0.0,0.5309975
0.9702351,0.0,0.1594205
0.95138454,0.0,0.32553762
0.9779459,0.0,0.0039828047
0.95192987,0.0,0.0910084
0.99028134,0.0,0.0
0.9128984,0.0,0.11958003
0.8714835,0.0,0.18928419
0.8675305,0.0,0.036294706
0.89388525,0.0,0.35908827
0.8502616,0.0,0.23572946
0.46012193,0.0,0.75189084
0.95964706,0.0,0.17562018
0.5329881,1.0,0.4751986
0.7043654,1.0,0.5554252
0.5747632,0.0,0.15798064
0.96374243,1.0,0.13412789
0.6645101,1.0,0.4836698
0.8380693,0.0,0.06446151
0.85219127,0.0,0.03539547
0.3844948,1.0,0.05560751
0.7465107,1.0,0.23216856
0.7586449,0.0,0.0
0.8941874,0.0,0.042023633
0.82126653,1.0,0.3499173
0.7486314,1.0,0.44607496
0.6915909,0.0,0.094691075
0.9005967,0.0,0.25403237
0.94331694,0.0,0.043890767
0.8755151,0.0,0.34732598
0.9711159,0.0,0.23367876
0.90721864,0.0,0.5292694
0.9781386,0.0,0.048527315
0.9854982,0.0,0.030737013
0.9627634,0.0,0.12861054
0.93352073,0.0,0.23285238
0.8417201,0.0,0.1392397
0.82440394,0.0,0.03268229
0.8271036,0.0,0.0
0.74073,1.0,0.12911434
0.9291373,1.0,0.048023887
0.699033,1.0,0.30717835
0.6615859,0.0,0.3933667
0.79670924,0.0,0.37970167
0.848246,0.0,0.6199132
0.77849907,0.0,0.59155214
0.7617719,0.0,0.62844074
0.8625134,0.0,0.6667543
0.8282651,0.0,0.19227937
0.90773827,0.0,0.2939644
0.97506624,0.0,0.03381784
0.99628806,0.0,0.082508534
0.91987634,0.0,0.04601169
0.9828644,0.0,0.010224432
0.97383153,0.0,0.091959916
0.95765746,0.0,0.2569198
0.99221075,0.0,0.19174816
0.9937849,0.0,0.16775952
0.8159018,0.0,0.57694507
0.9505496,0.0,0.29921567
0.953506,0.0,0.14487629
0.9743679,0.0,0.08427587
0.9781381,0.0,0.0
0.6826558,0.0,0.18517345
0.6317253,0.0,0.3726433
0.981974,0.0,0.12752569
0.973105,0.0,0.0077600726
0.8052631,0.0,0.3602008
0.78951627,0.0,0.6436585
0.91127986,0.0,0.30705342
0.803222,0.0,0.33741152
0.93994105,0.0,0.12751536
0.6785098,0.0,0.48355156
0.84854156,0.0,0.20069863
0.72611165,0.0,0.3713383
0.864185,0.0,0.13119395
0.5638955,0.0,0.00021020406
0.85976046,0.0,0.03268675
0.67601746,0.0,0.36234197
0.9645535,0.0,0.013131793
0.9436895,0.0,0.0
0.8956943,0.0,0.20015496
0.9136639,0.0,0.037922066
0.9835048,0.0,0.003424487
0.9904226,0.0,0.0
0.6898214,0.0,0.064227104
0.8610488,0.0,0.0
0.9104017,0.0,0.0
0.95354724,0.0,0.056010257
0.8546338,0.0,0.1563151
0.91652864,0.0,0.0
0.93969065,0.0,0.051989347
0.87422377,0.0,0.35525808
0.896896,0.0,0.28154343
0.96007365,0.0,0.3829774
0.6126468,0.0,0.8356601
0.80169946,0.0,0.56703854
0.45038775,0.0,0.79220796
0.6117875,0.0,0.4657495
0.49950624,0.0,0.1305806
0.85183614,0.0,0.058607332
0.95251983,0.0,0.15534885
0.98383856,0.0,0.02595644
0.95633507,0.0,0.0
0.9784454,0.0,0.0
0.9376962,0.0,0.0021943857
0.91192555,0.0,0.09033594
0.84150463,0.0,0.06565459
0.9965592,0.0,0.012015699
0.73504424,0.0,0.11673266
0.92003876,0.0,0.0
0.8774098,0.0,0.41747525
0.9676761,0.0,0.07604143
0.97379297,0.0,0.0030809925
0.9784347,0.0,0.16780703
0.98193914,0.0,0.0
0.9519219,0.0,0.1811895
0.7021837,0.0,0.75333285
0.75286263,0.0,0.47773224
0.96961737,0.0,0.16747804
0.8943917,0.0,0.086687006
0.99645644,0.0,0.0
0.9921409,0.0,0.0022557494
0.97537225,0.0,3.500611e-05
0.9759627,0.0,0.068767674
0.8254956,0.0,0.095081665
0.97862816,0.0,0.0
0.9672666,0.0,0.07381926
0.76838505,0.0,0.13072462
0.905265,0.0,0.0
0.97318316,0.0,0.0
0.9270558,0.0,0.14529727
0.9022396,0.0,0.11348519
0.9103345,0.0,0.3257381
0.8068959,0.0,0.37270457
0.8313112,0.0,0.7086451
0.8578299,0.0,0.4940469
0.8993583,0.0,0.52734184
0.8571902,0.0,0.39587712
0.73297113,0.0,0.23019691
0.65949255,0.0,0.281841
0.84650403,0.0,0.2719087
0.8702827,0.0,0.3487543
0.8729342,0.0,0.19800301
0.79751235,0.0,0.3825757
0.87628824,0.0,0.66231036
0.95204365,0.0,0.30779254
0.97057986,0.0,0.21212287
0.9763007,0.0,0.121382855
0.82494634,0.0,0.18539771
0.8794448,0.0,0.33587456
0.94078183,0.0,0.06752426
0.99372274,0.0,0.04729901
0.98789805,0.0,0.049905434
0.97414964,0.0,0.013102807
0.9429787,0.0,0.040398568
0.96160364,0.0,0.102203116
0.98964405,0.0,0.10700435
0.9799855,0.0,0.002452223
0.95068365,0.0,0.21547683
0.8841083,0.0,0.47312576
0.8826463,0.0,0.54599005
0.95439935,0.0,0.12917104
0.86415267,0.0,0.31617928
0.86349905,0.0,0.24343656
0.8289564,0.0,0.59890914
0.8938579,0.0,0.43668568
0.8581791,0.0,0.05841562
0.8143127,0.0,0.31911504
0.93520164,0.0,0.07017674
0.91791874,0.0,0.01830294
0.97675896,0.0,0.21047698
0.9873953,0.0,0.2820908
0.957016,0.0,0.13622627
0.95686305,0.0,0.016917234
0.9856779,0.0,0.02121607
0.9610005,0.0,0.0
0.9683687,0.0,0.04543716
0.9978325,0.0,0.003740442
0.9923529,0.0,0.00085992826
0.81319815,0.0,0.0
0.99440056,0.0,0.0017561837
0.9771046,0.0,0.0009127098
0.94429606,0.0,0.015547879
0.9330044,0.0,0.0008837937
0.9641726,0.0,0.0
0.96332026,0.0,0.0
0.6725797,0.0,0.082988895
0.9271143,0.0,0.08323626
0.98682934,0.0,0.0
0.95016664,0.0,0.18536167
0.83736426,0.0,0.2795888
0.68403417,0.0,0.70542336
0.7826392,0.0,0.6085917
0.8774755,0.0,0.45054027
0.8430806,0.0,0.3188173
0.8239572,0.0,0.16171654
0.81873333,0.0,0.546367
0.941965,0.0,0.086028926
0.9094846,0.0,0.25620764
0.9358769,0.0,0.19503921
0.93472666,0.0,0.0
0.8837708,0.0,0.015647441
0.6652083,0.0,0.3205362
0.718398,0.0,0.4535248
0.6056642,0.0,0.35651055
0.9448159,0.0,0.08089225
0.78754824,0.0,0.5028266
0.8684749,0.0,0.6688345
0.8446323,0.0,0.6739937
0.8519756,0.0,0.045212843
0.93834627,0.0,0.29728302
0.8988325,0.0,0.2246863
0.8277849,0.0,0.63287824
0.5798963,0.0,0.29652587
0.8957771,0.0,0.0022393838
0.9461525,0.0,0.3716581
0.71109164,0.0,0.47481155
0.93313766,0.0,0.06768268
0.9882924,0.0,0.014501842
0.931513,0.0,0.16841826
0.7550645,0.0,0.49449784
0.70230323,0.0,0.39323345
0.5277151,0.0,0.70521295
0.8808269,0.0,0.32430616
0.8892759,0.0,0.18360268
0.8882375,0.0,0.06641565
0.7177818,0.0,0.5734036
0.9349157,0.0,0.21359272
0.5908055,0.0,0.1420533
0.7644634,0.0,0.7153807
0.7426137,0.0,0.18996018
0.9858467,0.0,0.0025490026
0.71866685,0.0,0.4106633
0.93921876,0.0,0.43498456
0.95018816,0.0,0.2228311
0.6322431,0.0,0.34720516
0.78009313,0.0,0.015018965
0.9439174,0.0,8.958586e-05
0.6520935,0.0,0.34447592
0.5397477,0.0,0.19109459
0.9854596,0.0,0.0034412201
0.87401336,0.0,0.0041497983
0.73176146,0.0,0.46664533
0.9306689,0.0,0.016909465
0.9890593,0.0,0.0
0.85742885,0.0,0.37648696
0.93133295,0.0,0.15464658
0.986296,0.0,0.0
0.9916609,0.0,0.0414121
0.7455661,0.0,0.33594143
0.8702199,0.0,0.5645481
0.8551592,0.0,0.4793618
0.920984,0.0,0.077258974
0.90229124,0.0,0.5195328
0.9296109,0.0,0.40984502
0.9634436,0.0,0.054785337
0.9137551,0.0,0.16963442
0.6277889,0.0,0.47600406
0.9759696,0.0,0.03509574
0.5748956,0.0,0.35440296
0.37982792,0.0,0.3684281
0.96414274,0.0,0.00014011071
0.7890591,0.0,0.30199638
0.6751057,0.0,0.44822818
0.6786712,0.0,0.26171052
0.8719152,0.0,0.0014871791
0.74812657,0.0,0.24882574
0.560186,0.0,0.41525504
0.8064342,0.0,0.02998421
0.84618336,0.0,0.24002002
0.7950029,0.0,0.57843095
0.7703853,0.0,0.48356435
0.69951046,0.0,0.3166876
0.6686126,0.0,1.0
0.90204984,1.0,0.20600334
0.8374795,1.0,0.22684492
0.8051842,0.0,0.0046967333
0.8288007,1.0,0.12633601
0.9129182,0.0,0.010001079
0.81288576,0.0,0.09706325
0.84445125,0.0,0.019472789
0.7170074,0.0,0.25570217
0.73778164,0.0,0.3197104
0.8338929,0.0,0.55716777
0.839002,0.0,0.40545925
0.82748324,0.0,0.0
0.8418229,0.0,0.26541898
0.8440867,0.0,0.036157694
0.8268759,0.0,0.0014402554
0.8599821,0.0,0.057071984
0.80533546,0.0,0.39476785
0.7423668,0.0,0.014297508
0.82193106,0.0,0.007150926
0.8219749,0.0,0.2647792
0.66617006,0.0,0.15333258
0.8202804,0.0,0.4742519
0.7743688,0.0,0.20941183
0.8621878,0.0,0.60725605
0.8582427,1.0,0.6786499
0.80090034,1.0,0.6126836
0.8279194,1.0,0.34797502
0.8614069,1.0,0.3849994
0.84629655,1.0,0.096887805
0.85007215,1.0,0.49259683
0.87175816,0.0,0.13632976
0.6151209,0.0,0.5860283
0.82796496,0.0,0.63369584
0.893224,0.0,0.088031776
0.8336096,1.0,0.36703795
0.9338323,0.0,0.0
0.88958323,1.0,0.2563769
0.8633282,0.0,0.025075046
0.7243622,1.0,0.33838817
0.82705605,1.0,0.07545581
0.82864887,1.0,0.4866696
0.85326797,1.0,0.29263496
0.8387202,1.0,0.30930066
0.76025236,0.0,0.42383108
0.85000986,0.0,0.43414015
0.8747193,0.0,0.53214025
0.86229396,0.0,0.32867685
0.89768004,0.0,0.0
0.90863085,1.0,0.09840183
0.8882054,0.0,0.003464071
0.865987,1.0,0.047147885
0.89376265,0.0,0.0015268996
0.778095,1.0,0.33273736
0.78644574,1.0,0.06903557
0.8898905,1.0,0.3679026
0.8978132,1.0,0.46220836
0.8785463,1.0,0.81886023
0.78922904,0.0,0.4935987
0.86597186,0.0,0.14943781
0.92934304,0.0,0.0065135914
0.89102733,0.0,0.024717983
0.79742205,0.0,0.4327896
0.80634385,0.0,0.0
0.8962544,0.0,0.0
0.8933806,0.0,0.28730348
0.8128211,1.0,0.45557883
0.7858663,0.0,0.043583278
0.745044,0.0,0.0022116473
0.876228,0.0,0.30327123
0.8696696,0.0,0.40562347
0.8280044,0.0,0.026245447
0.83584046,0.0,0.067363776
0.7712779,0.0,0.4555234
0.8652942,0.0,0.14236754
0.7316043,0.0,0.5758921
0.80515856,0.0,0.035566825
0.75120664,0.0,0.8046292
0.89974195,0.0,0.40750715
0.8148175,0.0,0.25407836
0.8802443,0.0,0.5434158
0.89322346,0.0,0.40732965
0.8216921,0.0,0.12934774
0.82002556,0.0,0.05755203
0.83182985,0.0,0.4756495
0.8829699,0.0,0.46053725
0.70913595,0.0,0.5310018
0.8963152,0.0,0.019462312
0.83613366,0.0,0.3504909
0.8806149,0.0,0.031118855
0.81358975,0.0,0.34774098
0.92150223,0.0,0.03913985
0.8302474,1.0,0.3389697
0.94113696,0.0,0.0042305784
0.8710085,1.0,0.26335797
0.8975399,1.0,0.34393448
0.63079566,0.0,0.0
0.7329825,0.0,0.24500135
0.80503166,0.0,0.012146227
0.65277773,0.0,0.77860343
0.71699023,0.0,0.4960608
0.91748613,0.0,0.14108965
0.87565285,0.0,0.29689148
0.78523993,0.0,0.509071
0.7370461,0.0,0.087948635
0.9133987,0.0,0.0
0.8021413,0.0,0.19986323
0.645794,0.0,0.43075415
0.52239466,0.0,0.0
0.812551,0.0,0.0
0.92666256,0.0,0.40280977
0.8037161,0.0,0.3928231
0.8270843,0.0,0.14547835
0.7998831,0.0,0.5639647
0.9137437,0.0,0.03530915
0.7793578,0.0,0.63881946
0.91466016,0.0,0.092669815
0.8631125,0.0,0.38634402
0.82071304,0.0,0.098742425
0.71511656,0.0,0.45673358
0.8666499,0.0,0.40236732
0.70945257,1.0,0.48158938
0.7992911,1.0,0.51630384
0.8088938,1.0,0.3786694
0.9355408,0.0,0.040588424
0.9305932,0.0,0.07620005
0.9211923,0.0,0.0
0.8234026,0.0,0.24335413
0.8834507,0.0,0.019147312
0.8498472,0.0,0.38465253
0.8465436,0.0,0.13217053
0.7979624,0.0,0.43565145
0.88469553,0.0,0.09793091
0.8810234,0.0,0.27704418
0.82002985,0.0,0.04839967
0.7968655,0.0,0.1796443
0.7169789,0.0,0.10155157
0.8598048,0.0,0.012307917
0.8638092,0.0,0.0001373348
0.7804634,0.0,0.0595771
0.8428167,0.0,0.028696422
0.9043424,0.0,0.0011150278
0.8358718,0.0,0.069972716
0.7625841,0.0,0.083382465
0.85414433,0.0,0.0
0.8347351,0.0,0.0027807988
0.7455348,0.0,0.29500738
0.80340886,0.0,0.2795008
0.78455675,0.0,0.027052393
0.8166401,0.0,0.5343169
0.74754417,0.0,0.7892976
0.81290346,0.0,0.4867813
0.5580833,0.0,0.49459863
0.69559026,0.0,0.12416414
0.8074676,0.0,0.66799796
0.8103027,0.0,0.47029015
0.84618,0.0,0.12897865
0.83423316,0.0,0.043263517
0.793541,0.0,0.55879027
0.8282649,0.0,0.68702745
0.7788203,0.0,0.06769889
0.67738116,0.0,0.12531821
0.79437965,0.0,0.612211
0.81493473,0.0,0.6121245
0.6100076,0.0,0.028048044
0.7511366,0.0,0.6600711
0.84631085,0.0,0.13182828
0.70011336,0.0,0.2921755
0.83708525,0.0,0.5885557
0.75631213,0.0,0.45675558
0.7380476,0.0,0.07707355
0.62792194,0.0,0.53483635
0.7343396,0.0,0.51006746
0.7581903,0.0,0.35174882
0.53939813,0.0,0.18698733
0.71909815,0.0,0.19780675
0.6044694,0.0,0.05328137
0.5476894,0.0,0.38898286
0.64727104,0.0,0.44440228
0.6198611,0.0,0.1045941
0.71072555,0.0,0.45289108
0.76271164,0.0,0.0939498
0.60215664,0.0,0.110462405
0.68004113,0.0,0.65848756
0.57041293,0.0,0.5633915
0.69943494,0.0,0.20326638
0.669179,0.0,0.3304316
0.7592322,0.0,0.06835405
0.77918875,0.0,0.110029265
0.8062439,0.0,0.010901788
0.84985596,0.0,0.0
0.54664,0.0,0.07120828
0.97910964,0.0,0.070293896
0.5392404,0.0,0.38300294
0.9589323,0.0,0.18092038
0.7992729,0.0,0.43481937
0.86796606,0.0,0.70759916
0.80875355,0.0,0.1289998
0.8405529,1.0,0.2969795
0.92246693,0.0,0.1557325
0.750117,0.0,0.124935836
0.9645533,0.0,0.020614296
0.9127087,0.0,0.0007554017
0.9862201,0.0,0.0062206513
0.9837608,0.0,0.026398815
0.96071446,0.0,0.03816754
0.9171392,0.0,0.01596119
0.79609174,0.0,0.17582181
0.9217031,0.0,0.018346386
0.74166346,0.0,0.34368116
0.7975008,0.0,0.50405794
0.82582545,0.0,0.33427423
0.8963682,0.0,0.17706203
0.8705971,0.0,0.349013
0.66853696,0.0,0.28966874
0.5192581,0.0,0.039309304
0.78967524,0.0,0.051688343
0.9944218,0.0,0.004111069
0.9876922,0.0,0.04671131
0.9921904,0.0,0.0089992145
0.92876774,0.0,0.0078034136
0.96349794,0.0,0.0067766435
0.7191922,0.0,0.052718613
0.844929,0.0,0.033199195
0.79176855,1.0,0.33262473
0.84504384,0.0,0.005874748
0.893806,0.0,0.0
0.8985251,1.0,0.16907276
0.9657118,0.0,0.0009232939
0.96788085,0.0,0.0022074385
0.8568756,0.0,0.0073453668
0.7035796,0.0,0.16195224
0.83262104,0.0,0.0
0.9257673,0.0,0.011140446
0.9205688,0.0,0.019001953
0.7195558,0.0,0.09166021
0.71029353,0.0,0.047735427
0.8633518,0.0,0.023429606
0.69236255,0.0,0.02120007
0.73467654,0.0,0.042585038
0.9730617,0.0,0.019591438
0.502582,0.0,0.21142945
0.8597725,0.0,0.068437845
0.7169322,0.0,0.06420373
0.41332513,0.0,0.79300845
0.5845002,0.0,0.44814107
0.61220306,0.0,0.24137147
0.79777557,0.0,0.48414385
0.8490567,0.0,0.2398291
0.7623578,0.0,0.40254366
0.84429026,0.0,0.55490255
0.67453927,0.0,0.14381729
0.61390114,0.0,0.6732388
0.7922095,0.0,0.29046506
0.65338904,0.0,0.008086688
0.9455941,0.0,0.04296073
0.9236234,0.0,0.010095772
0.77516514,0.0,0.20402086
0.7972466,0.0,0.2681704
0.97293323,0.0,0.0072633172
0.9022829,0.0,0.0039429995
0.9813431,0.0,0.04877083
0.9940825,0.0,0.0014873766
0.7270461,0.0,0.019424397
0.9675513,0.0,0.0
0.8411819,0.0,0.0
0.6550866,0.0,0.0104564885
0.9565651,0.0,0.0073381457
0.9929564,0.0,0.00971208
0.6666116,0.0,0.299597
0.9670497,0.0,0.00035477598
0.9004852,0.0,0.106123984
0.92251307,0.0,0.021718426
0.8455186,0.0,0.015466524
0.705206,0.0,0.23752995
0.9490877,0.0,0.13127181
0.677812,1.0,0.6721433
0.76488274,1.0,0.60410553
0.8325286,1.0,0.40971282
0.8332216,1.0,0.45546874
0.91286874,0.0,0.07415257
0.91216326,1.0,0.2933507
0.8696228,0.0,0.24723504
0.89971715,0.0,0.0
0.72589886,0.0,0.43305743
0.884646,0.0,0.28006712
0.9094638,0.0,0.008905997
0.95667547,0.0,0.0037031593
0.7122589,0.0,0.46223724
0.9548877,0.0,0.08031081
0.9912884,0.0,0.0658128
0.9642485,0.0,0.03584003
0.82971346,0.0,0.3430285
0.96246904,0.0,0.0034094802
0.9872978,0.0,0.036460623
0.8891996,0.0,0.2329828
0.7072538,0.0,0.24639186
0.97809327,0.0,0.004727354
0.95047843,0.0,0.010003578
0.7970913,0.0,0.36948758
0.7393597,0.0,0.53125226
0.92760515,0.0,0.17846948
0.9203776,0.0,0.3757144
0.8400021,0.0,0.3937122
0.9909321,0.0,0.042871546
0.9317661,0.0,0.26954666
0.8113062,0.0,0.5968984
0.810177,0.0,0.6409704
0.8095077,0.0,0.6245138
0.7263131,0.0,0.03746572
0.67028815,0.0,0.28026918
0.9049687,0.0,0.0109887365
0.9882075,0.0,0.0033425852
0.9677991,0.0,0.055083286
0.9001428,0.0,0.015019025
0.92205995,0.0,0.0
0.9138903,0.0,0.041133914
0.8168739,1.0,0.11049552
0.9246133,1.0,0.027233586
0.95852804,0.0,0.0
0.9066361,0.0,0.0
0.41234127,0.0,0.0
0.9051452,0.0,0.0
0.94412327,0.0,0.006805758
0.88835955,0.0,0.013287476
0.6146396,0.0,0.09894674
0.9200478,0.0,0.023886772
0.8780826,0.0,0.0030523334
0.8451659,0.0,0.2449758
0.69776624,0.0,0.1539204
0.9686946,0.0,0.047577236
0.79810274,0.0,0.15045981
0.80234736,0.0,0.5304834
0.8426338,0.0,0.23085125
0.70997506,0.0,0.78732854
0.79135615,0.0,0.6618022
0.8446538,0.0,0.25543228
0.7973017,0.0,0.30241647
0.97132295,0.0,0.030939927
0.8284918,0.0,0.53765726
0.9754141,0.0,0.09708491
0.83588946,0.0,0.20496619
0.6726907,0.0,0.0
0.961215,0.0,0.011323904
0.8832154,0.0,0.025746042
0.934572,0.0,0.01006381
0.8938787,0.0,0.01733486
0.74700785,0.0,0.004074127
0.87737924,0.0,0.0
0.90046936,1.0,0.0636363
0.89252067,0.0,0.00067667075
0.8675843,0.0,0.031322043
0.8246775,0.0,0.0
0.6988394,0.0,0.20000884
0.81958115,0.0,0.17966333
0.7987186,0.0,0.03048284
0.8877302,0.0,0.008891748
0.7562722,0.0,0.2259672
0.7815045,0.0,0.25114188
0.77923834,1.0,0.024052246
0.90883046,0.0,0.091966026
0.8357393,0.0,0.15346473
0.84461415,0.0,0.02377889
0.96296483,0.0,0.0025056237
0.9774939,0.0,0.14460595
0.8413798,0.0,0.3327524
0.72638804,0.0,0.4843497
0.71317303,0.0,0.08205635
0.65233785,0.0,0.5275429
0.86574924,0.0,0.25088382
0.84891844,0.0,0.6105872
0.83953005,0.0,0.41868174
0.86258817,0.0,0.14696962
0.8420539,0.0,0.02391394
0.8925862,0.0,0.5233065
0.8678642,0.0,0.54150856
0.7401513,0.0,0.68186533
0.6889387,0.0,0.17304145
0.95135707,0.0,0.05080322
0.8047987,0.0,0.40873173
0.8003675,0.0,0.40640798
0.98828214,0.0,0.0015965106
0.88545847,0.0,0.5114618
0.7633505,0.0,0.58522165
0.90689546,0.0,0.12544721
0.85858595,0.0,0.14094822
0.8881917,0.0,0.72336924
0.6968549,1.0,0.58040905
0.982898,0.0,0.00029652184
0.848387,0.0,0.13741297
0.81893766,0.0,0.37680572
0.83686996,1.0,0.12759727
0.9587937,0.0,0.0
0.7028683,0.0,0.4044606
0.8152173,0.0,0.27767754
0.973458,0.0,0.0
0.9057613,0.0,0.089608304
0.8617947,0.0,0.62221164
0.90445966,0.0,0.41176602
0.67647207,0.0,0.43154258
0.8732142,0.0,0.26268172
0.4658605,1.0,0.39534304
0.7984506,1.0,0.7483451
0.8423302,0.0,0.09247582
0.9836586,0.0,0.0
0.75051135,1.0,0.1184076
0.5672046,1.0,0.3435035
0.94800663,0.0,0.0
0.8184711,1.0,0.00786387
0.559694,1.0,0.47145352
0.88290906,1.0,0.28865656
0.9809061,0.0,0.0
0.79581445,1.0,0.14665218
0.6197611,1.0,0.4641312
0.7166907,0.0,0.13165565
0.7426737,0.0,0.003218778
0.8300683,1.0,0.13619328
0.72419643,1.0,0.24721229
0.91061527,0.0,0.09052806
0.95936674,0.0,0.0
0.7167711,1.0,0.46834528
0.7450425,1.0,0.70391333
0.874542,0.0,0.3246824
0.66092163,0.0,0.09214066
0.9663676,0.0,0.27651572
0.8686109,0.0,0.002626126
0.84523463,1.0,0.11503274
0.95609224,1.0,0.23034246
0.8649118,0.0,0.0
0.9525874,0.0,0.030386629
0.8531658,0.0,0.33409888
0.84338015,0.0,0.35107827
0.8692689,0.0,0.5713615
0.9219214,1.0,0.114048935
0.7699672,0.0,0.62710667
0.74748427,0.0,0.7231788
0.64510393,0.0,0.8015168
0.68765277,1.0,0.6633167
0.6468972,1.0,0.4503372
0.8674753,1.0,0.21788995
0.93999505,0.0,0.051880915
0.76923996,0.0,0.56102777
0.8737537,0.0,0.3644333
0.7674283,0.0,0.18339813
0.6554505,0.0,0.41323167
0.67760867,0.0,0.16910744
0.91165715,0.0,0.023139805
0.83401287,0.0,0.12896211
0.66376007,0.0,0.3179666
0.9455488,0.0,0.0030480009
0.9708118,0.0,0.052665133
0.85920244,0.0,0.23090133
0.68538773,0.0,0.13656452
0.53481096,0.0,0.58940977
0.51700807,0.0,0.39206144
0.91381353,0.0,0.027025606
0.90199506,0.0,0.14932784
0.79180264,0.0,0.48666143
0.5712981,0.0,0.092983484
0.9627726,0.0,0.04479897
0.9094552,0.0,0.34936592
0.9401417,0.0,0.13439731
0.69307554,0.0,0.34785742
0.5921339,0.0,0.18515363
0.5244955,0.0,0.7065274
0.63656485,0.0,0.5840585
0.81664044,0.0,0.0043254914
0.5980086,1.0,0.4647102
0.6568759,0.0,0.24196579
0.94107425,0.0,0.33706757
0.7710239,1.0,0.18431728
0.6925798,1.0,0.6905966
0.8093816,1.0,0.33157593
0.93295085,0.0,0.03303987
0.82320976,1.0,0.26727888
0.7425375,1.0,0.38213548
0.8017361,1.0,0.18305275
0.8637701,0.0,0.0
0.85818964,1.0,0.20359093
0.73854595,1.0,0.47587222
0.90491927,1.0,0.21600796
0.85820603,0.0,0.002879122
0.7226575,0.0,5.0261347e-06
0.8986638,1.0,0.1420552
0.9317696,0.0,0.0
0.8065601,0.0,0.12607543
0.9294884,0.0,0.09061199
0.74290854,0.0,0.0942267
0.86067283,0.0,0.17254882
0.7127061,0.0,0.48069465
0.8016227,0.0,0.101288006
0.93833417,0.0,0.0061694924
0.8019587,0.0,0.16728663
0.719001,0.0,0.44398275
0.9725627,0.0,0.016671324
0.9687214,0.0,0.0
0.77418864,0.0,0.35699007
0.8300305,0.0,0.49722466
0.9084457,0.0,0.4554999
0.949245,0.0,0.050822917
0.9596439,0.0,0.10851677
0.97214746,0.0,0.012569681
0.95904803,0.0,0.0
0.8760893,0.0,0.0013686321
0.96668756,0.0,0.010095222
0.8850881,0.0,0.0
0.89015424,0.0,0.0
0.83430916,0.0,0.026305227
0.8085945,0.0,0.04735362
0.6427705,0.0,0.0
0.74260896,0.0,0.00257616
0.63572484,1.0,0.27226612
0.920338,1.0,0.035717495
0.8560737,0.0,0.024279881
0.8624834,0.0,0.07769328
0.8422014,0.0,0.07531905
0.9486607,0.0,0.017464848
0.84127474,0.0,0.0018354306
0.7054939,0.0,0.31776017
0.7110481,0.0,0.11466902
0.8463341,0.0,0.008683709
0.93159515,0.0,0.014424909
0.8452064,0.0,0.23481801
0.4785419,0.0,0.5813236
0.7642491,0.0,0.042731725
0.6745411,0.0,0.4859496
0.8751891,0.0,0.040546294
0.5621195,0.0,0.3716795
0.6654371,0.0,0.24629572
0.834369,0.0,0.36722073
0.75055957,0.0,0.30371416
0.8855445,0.0,0.33001283
0.9096597,0.0,0.016071275
0.8675141,0.0,0.49617466
0.81502134,0.0,0.59180325
0.865194,0.0,0.14500663
0.7798759,0.0,0.3653416
0.7593108,0.0,0.52815914
0.8493891,0.0,0.6400009
0.84970593,0.0,0.5296003
0.8762666,0.0,0.03542396
0.7560615,0.0,0.44256383
0.86993587,0.0,0.0018303286
0.5509281,0.0,0.41027084
0.5223428,0.0,0.47988972
0.7408571,0.0,0.31874797
0.66659325,0.0,0.6088521
0.81582713,0.0,0.5424078
0.877875,0.0,0.46297312
0.84209776,0.0,0.014998105
0.93017405,0.0,0.0
0.7412659,0.0,0.22879581
0.81975716,0.0,0.03343606
0.7221782,0.0,0.07384787
0.83388925,0.0,0.20639338
0.84180915,0.0,0.19446446
0.8046117,0.0,0.495236
0.852362,0.0,0.11513508
0.9114605,0.0,0.00012969278
0.91657376,0.0,0.0
0.90107083,0.0,0.027677635
0.96638185,0.0,0.0
0.7758673,0.0,0.14509933
0.9605105,0.0,0.011071173
0.5796181,0.0,0.22115114
0.61549675,0.0,0.4299913
0.9470846,0.0,0.0
0.9427045,0.0,0.00022694569
0.6966472,0.0,0.03598961
0.80639476,0.0,0.11675811
0.94508964,0.0,0.010375379
0.8022204,0.0,0.014716669
0.7070017,0.0,0.26247552
0.6323346,0.0,0.16479596
0.84215194,0.0,0.18913598
0.9458473,0.0,0.17998488
0.828741,0.0,0.25917092
0.8057118,0.0,0.11479435
0.9591761,0.0,0.0084026875
0.9042499,0.0,0.0659221
0.64213455,0.0,0.010261849
0.9754818,0.0,0.0019523005
0.977692,0.0,0.018215751
0.6287129,0.0,0.14056718
0.85699326,0.0,0.20738633
0.8699172,0.0,0.0
0.8973905,0.0,0.027495094
0.73801565,0.0,0.3678831
0.80754673,0.0,0.50158113
0.6136546,0.0,0.4536179
0.4759334,0.0,0.21131207
0.71589124,0.0,0.3365589
0.649062,0.0,0.19469441
0.8419888,0.0,1.0
0.7729148,0.0,0.28553477
0.82515043,0.0,0.5177248
0.8199865,0.0,0.18767543
0.80443025,0.0,0.47727275
0.88497674,0.0,0.15450943
0.8837994,1.0,0.33738598
0.6667685,1.0,0.62231165
0.5532522,1.0,0.7241093
0.9542738,0.0,0.059029788
0.83556426,0.0,0.33698434
0.6478316,1.0,0.36068106
0.512678,1.0,0.20221826
0.95699835,0.0,0.050964814
0.8905984,0.0,0.6809854
0.7283348,1.0,0.5425843
0.71008784,1.0,0.21860395
0.7575576,0.0,0.29560986
0.91429716,0.0,0.026109593
0.89989966,0.0,0.4650046
0.780898,0.0,0.41525912
0.6533045,0.0,0.5195224
0.70266104,0.0,0.2197796
0.8176433,0.0,0.003534628
0.8491425,0.0,0.4580926
0.7578234,0.0,0.4999324
0.5599786,0.0,0.157966
0.9363977,0.0,0.039972432
0.8852741,0.0,0.60368055
0.8587033,0.0,0.72524196
0.71573484,0.0,0.27854973
0.8324221,0.0,0.5666225
0.5690486,0.0,0.30082172
0.7190711,0.0,0.072388
0.83714616,0.0,0.35160863
0.8669093,1.0,0.015981644
0.83234173,1.0,0.36854807
0.93378574,1.0,0.02084558
0.8146708,1.0,0.55927277
0.8466307,1.0,0.25807056
0.82471156,0.0,0.35470706
0.9136648,0.0,0.4784544
0.8453349,1.0,0.7807026
0.86553216,1.0,0.56900895
0.8461747,1.0,0.007614392
0.87034124,1.0,0.5223131
0.91063774,1.0,0.7950139
0.87651014,0.0,0.31914765
0.7737458,1.0,0.4748194
0.75878406,0.0,0.72086996
0.917036,0.0,0.113232225
0.89099556,0.0,0.1018348
0.91038245,0.0,0.5553021
0.89519,0.0,0.059557788
0.86379033,0.0,0.47975615
0.93731236,0.0,0.014608301
0.8458533,0.0,0.1159236
0.9362709,0.0,0.0
0.9723994,0.0,0.08497653
0.92943066,0.0,0.17456484
0.9230539,0.0,0.34230694
0.72291523,0.0,0.5287697
0.8275769,0.0,0.18117577
0.70687914,0.0,0.47488293
0.82996607,0.0,0.0046632807
0.98891044,0.0,0.0
0.9627682,1.0,0.0
0.976356,0.0,0.017158367
0.95074755,0.0,0.0032687932
0.8288244,0.0,0.42968127
0.88313854,0.0,0.5873241
0.9393639,0.0,0.14218149
0.907256,0.0,0.050052714
0.89836365,0.0,0.13020773
0.97874475,0.0,0.0028623103
0.74709284,1.0,0.17914736
0.73217446,1.0,0.18626752
0.90807295,0.0,0.007496588
0.978575,0.0,0.00018315032
0.7335712,1.0,0.13892582
0.8939539,0.0,0.25904116
0.7251189,1.0,0.49813285
0.6927699,1.0,0.3248729
0.69841176,1.0,0.9239642
0.66129637,1.0,0.5061592
0.84686923,1.0,0.266818
0.9163431,1.0,0.8084576
0.76380676,1.0,0.20387958
0.7091909,1.0,0.12533318
0.5678723,1.0,0.7168482
0.85283613,1.0,0.5357363
0.8879084,0.0,0.05273094
0.6441279,0.0,0.49770385
0.39208034,0.0,0.30401576
0.37774378,0.0,0.53616357
0.5895562,0.0,0.7192304
0.49361548,0.0,1.0
0.59702367,0.0,1.0
0.6061427,0.0,0.66964483
0.58630246,0.0,0.47747198
0.5877356,0.0,0.5515007
0.7102539,0.0,0.4143425
0.67937076,0.0,0.3985587
0.5971217,0.0,0.45673934
0.81396943,0.0,0.43636796
0.7341103,0.0,0.6279837
0.6927235,0.0,0.47009367
0.7523977,0.0,0.335563
0.82042056,0.0,0.44040003
0.7146116,0.0,0.6168521
0.73609567,0.0,0.16962625
0.86753654,0.0,0.20791826
0.77121973,0.0,0.4366172
0.55992573,0.0,0.36359066
0.8910418,0.0,0.0
0.66276306,0.0,0.17467812
0.77573544,0.0,0.59084934
0.67535865,0.0,0.35955587
0.88760865,0.0,0.0
0.84753966,0.0,0.28732732
0.8201574,0.0,0.65108764
0.78571343,0.0,0.2386597
0.75359696,0.0,0.1480152
0.6338728,0.0,0.32486358
0.68172985,0.0,0.5618586
0.89996445,0.0,0.0
0.8543397,0.0,0.0302437
0.63854885,0.0,0.46456796
0.6163565,0.0,0.16033633
0.89877176,0.0,0.00046234205
0.86631554,0.0,0.24870037
0.6106538,0.0,0.51248103
0.5510416,0.0,0.21246253
0.7480779,0.0,0.64251596
0.84544575,0.0,0.11918092
0.7960461,0.0,0.10040918
0.7741411,0.0,0.52762836
0.64657944,0.0,0.45362994
0.8593297,0.0,0.30776024
0.71782416,0.0,0.3082516
0.6873052,0.0,0.28026006
0.8796955,0.0,0.23403166
0.88978386,0.0,0.0
0.92671853,0.0,0.0
0.63575876,0.0,0.4442416
0.7432101,0.0,0.093629874
0.93446344,0.0,0.0058585936
0.9581578,0.0,0.35705155
0.68302697,0.0,0.64598066
0.83885777,0.0,0.18154891
0.82752216,0.0,0.42999354
0.6328054,0.0,0.5505536
0.83302635,0.0,0.07968544
0.7335147,0.0,0.37725374
0.744496,0.0,0.24901502
0.37702686,0.0,0.37025076
0.7221304,0.0,0.03601242
0.90620214,0.0,0.0075877905
0.9232861,0.0,0.0
0.46600628,0.0,0.31686482
0.8951692,0.0,0.0040956708
0.9198417,0.0,0.000905892
0.8978821,0.0,0.0072218473
0.7764478,0.0,0.322887
0.70173126,1.0,0.60090286
0.89808846,0.0,0.4529406
0.6370757,0.0,0.69747615
0.7711916,0.0,0.21830316
0.8497328,0.0,0.0
0.7592654,0.0,0.31893536
0.85364264,0.0,0.2945852
0.9784061,0.0,0.0
0.9150556,0.0,0.038226813
0.8512891,0.0,0.5186301
0.9047353,0.0,0.09460786
0.871026,0.0,0.0002550048
0.95216143,0.0,0.009414068
0.72140175,0.0,0.2852728
0.76885945,0.0,0.21522847
0.87138635,0.0,0.009066601
0.83689183,0.0,0.45731008
0.940388,0.0,0.019239496
0.52984494,0.0,0.4868759
0.66737247,0.0,0.6960274
0.7691353,0.0,0.2473059
0.84992856,0.0,0.19561785
0.9619864,0.0,0.0061419113
0.84188306,0.0,0.003966386
0.73534304,0.0,0.38865405
0.9741887,0.0,0.0
0.97692823,0.0,0.0
0.9279884,0.0,0.1776398
0.9238159,0.0,0.28101566
0.958561,0.0,0.0003086954
0.924262,1.0,0.018097946
0.8912317,0.0,0.35004166
0.8597301,0.0,0.1193023
0.82483447,0.0,0.004184561
0.7267302,1.0,0.40958932
0.7610629,1.0,0.23545514
0.6827051,1.0,0.054219797
0.82885534,1.0,0.71244735
0.70831436,1.0,0.44873527
0.9007377,1.0,0.59160745
0.69650716,1.0,0.4984808
0.9461001,0.0,0.20186749
0.81890804,1.0,0.16514957
0.7528312,1.0,0.21371162
0.96036494,0.0,0.18522933
0.9648281,0.0,0.00063363335
0.9444325,0.0,0.0
0.9042321,1.0,0.2947105
0.95722264,0.0,0.18677074
0.9332299,0.0,0.0
0.9601432,0.0,0.0
0.75778127,0.0,0.38590732
0.95950097,0.0,0.23262872
0.9559627,0.0,0.009310325
0.9602695,0.0,0.114472784
0.8617101,0.0,0.72501975
0.92202973,0.0,0.099645115
0.9424603,0.0,0.7043876
0.8808884,0.0,0.6325336
0.6164545,0.0,0.4019481
0.8801419,0.0,0.04920655
0.58646107,0.0,0.48533693
0.9663885,0.0,0.30807617
0.7222622,0.0,0.21795493
0.5465706,1.0,0.5096769
0.9637511,0.0,0.022311613
0.9483218,0.0,0.0
0.68608785,1.0,0.19242461
0.49043578,1.0,0.39326108
0.8413522,0.0,0.0
0.88069147,0.0,0.0
0.683322,1.0,0.18482633
0.97610915,1.0,0.09335375
0.8695902,0.0,0.0
0.94354886,1.0,0.13915567
0.90362275,1.0,0.48488566
0.9719492,0.0,0.012520695
0.8319767,1.0,0.11996396
0.8230797,1.0,0.3718537
0.8221164,1.0,0.11794567
0.9711864,0.0,0.03861851
0.87057436,1.0,0.25921935
0.66937184,1.0,0.29880896
0.9230438,1.0,0.7235463
0.6842346,1.0,0.6442571
0.9369587,1.0,0.19058971
0.8230967,1.0,0.7105768
0.77077234,1.0,0.6568738
0.8120069,0.0,0.35295346
0.87060905,1.0,0.13441922
0.8622116,0.0,0.32370514
0.90839666,0.0,0.21621743
0.8342569,0.0,0.6130795
0.73475087,1.0,0.54772437
0.8342946,0.0,0.009357936
0.8864476,0.0,0.11101033
0.74033827,0.0,0.41737053
0.82929593,1.0,0.4316483
0.53364134,1.0,0.022179065
0.59743375,1.0,0.38210386
0.84737206,1.0,0.52486223
0.86009437,1.0,0.23818044
0.784636,0.0,0.10161804
0.84889644,0.0,0.48044893
0.82358706,0.0,0.8432988
0.86523205,0.0,0.29804432
0.7160884,0.0,0.42373073
0.89140713,0.0,0.13157758
0.8837721,0.0,0.39624146
0.91184694,0.0,0.41714168
0.83698195,0.0,0.5138955
0.92486286,0.0,0.15794311
0.98705393,0.0,0.0
0.86045706,0.0,0.42597252
0.7224015,0.0,0.37961346
0.9659592,0.0,0.0026886435
0.98433715,0.0,0.0702145
0.8546981,0.0,0.30386955
0.9082979,0.0,0.21760356
0.98271704,0.0,0.0
0.88793445,0.0,0.37179568
0.81506306,0.0,0.6217543
0.6725314,0.0,0.4569485
0.7351726,0.0,0.40071267
0.8121811,1.0,0.066276364
0.64110124,1.0,0.60429496
0.81561327,1.0,0.36883023
0.7033948,1.0,0.32155
0.7486898,0.0,0.5072932
0.62310183,0.0,0.09298214
0.7688796,0.0,0.0
0.6227027,0.0,0.09027319
0.8537566,0.0,0.008375504
0.5880927,0.0,0.39653268
0.9496484,0.0,0.0
0.7334246,0.0,0.42460704
0.86055106,1.0,0.21368818
0.9393662,0.0,0.1224817
0.5903309,0.0,0.7927616
0.6829607,0.0,0.73412484
0.8026542,0.0,0.27818382
0.923559,0.0,0.20963939
0.843263,0.0,0.032474548
0.93007123,0.0,0.0058854865
0.9214402,0.0,0.07121507
0.9450942,0.0,0.0050227726
0.70933,0.0,0.3939318
0.8867334,0.0,0.008127052
0.830694,0.0,0.22403026
0.7440527,0.0,0.73224616
0.8014317,0.0,0.8200751
0.80399305,0.0,0.12460435
0.6481925,0.0,0.12586226
0.9676619,0.0,0.0064184177
0.8439269,0.0,0.00776132
0.9256006,0.0,0.0026866214
0.9427629,0.0,0.011128532
0.95532143,0.0,0.0
0.9710471,0.0,0.08800763
0.9001893,0.0,0.028190976
0.6332753,0.0,0.18034911
0.9722481,0.0,0.06416977
0.9641783,0.0,0.00954234
0.94303757,0.0,0.011469441
0.8217273,0.0,0.029284777
0.4040955,0.0,0.21546942
0.8776855,0.0,0.29599914
0.70501506,0.0,0.6202716
0.8072569,0.0,0.77995104
0.775155,0.0,0.77187985
0.6607161,0.0,0.27844197
0.823107,0.0,0.59309536
0.65804344,0.0,0.49679244
0.64876884,0.0,0.10481466
0.740769,0.0,0.7910273
0.8932635,0.0,0.0950362
0.7407618,0.0,0.44276786
0.91148424,0.0,0.12408576
0.741106,0.0,0.5111218
0.85311794,0.0,0.13196011
0.6445808,0.0,0.66476715
0.6088737,0.0,0.22007807
0.9866419,0.0,0.019757409
0.50913644,0.0,0.5404273
0.43051028,0.0,0.39541867
0.8474399,0.0,0.061481506
0.7694359,0.0,0.21632391
0.7698727,0.0,0.42845595
0.8471915,0.0,0.25192276
0.84522945,0.0,0.5773381
0.8484126,0.0,0.11418938
0.75879955,0.0,0.5534724
0.86325234,0.0,0.8185822
0.8784677,0.0,0.18036467
0.8228782,0.0,0.61322796
0.9031142,0.0,0.37411296
0.6439073,0.0,0.5841532
0.75969887,0.0,0.72573787
0.88588274,0.0,0.6454973
0.7609563,0.0,0.8423085
0.8681624,0.0,0.71165115
0.9021196,0.0,0.048132665
0.7748921,0.0,0.30850902
0.8898015,0.0,0.0
0.979422,0.0,0.09310113
0.6487717,0.0,0.00035438736
0.97703457,0.0,0.17429918
0.9138658,0.0,0.0028020302
0.8322037,0.0,0.08940846
0.8190788,0.0,0.41072825
0.96430016,0.0,0.4044942
0.92849964,0.0,0.3091799
0.9097494,0.0,0.35484695
0.90427536,0.0,0.14192016
0.9736076,0.0,0.12041738
0.83688575,0.0,0.46067286
0.9495265,0.0,0.07020676
0.8987467,0.0,0.27402732
0.8855315,0.0,0.019609658
0.96926504,0.0,0.011975921
0.70226973,0.0,0.5517415
0.9450871,0.0,0.17228048
0.73942536,0.0,0.46888223
0.8708676,0.0,0.0030514565
0.736616,0.0,0.3104629
0.9009633,0.0,0.108551085
0.8772086,0.0,0.2571949
0.86880225,0.0,0.07416196
0.63021415,0.0,0.014060996
0.8349033,0.0,0.55291444
0.7777987,0.0,0.2532153
0.8768552,0.0,0.18737759
0.7977451,0.0,0.6310641
0.9585505,0.0,0.48580602
0.95576066,0.0,0.5328052
0.93728393,0.0,0.3665363
0.89097255,0.0,0.5732587
0.87611204,0.0,0.12042722
0.71531075,0.0,0.37220648
0.819805,0.0,0.009165302
0.71280295,0.0,0.2714864
0.9131835,0.0,0.030646134
0.7023171,0.0,0.12173461
0.9718864,0.0,0.016592301
0.89140415,0.0,9.765219e-05
0.9024244,0.0,0.1417113
0.9488237,0.0,0.065196656
0.8388794,0.0,0.30642405
0.8674837,0.0,0.5712484
0.7191264,0.0,0.6016732
0.5827548,0.0,0.008742858
0.70189077,0.0,0.21927069
0.7546175,0.0,0.516375
0.56956637,0.0,0.39374456
0.59281147,0.0,0.073994786
0.8026485,0.0,0.037892647
0.87574244,0.0,0.81992394
0.6797886,0.0,0.5332755
0.93857384,0.0,0.042922053
0.7663431,0.0,0.17775533
0.93157816,0.0,0.0
0.9781497,0.0,0.0139817055
0.98507696,0.0,0.0
0.88118684,0.0,0.0
0.85709566,0.0,0.0
0.9598467,0.0,0.0102708135
0.857362,0.0,0.26205558
0.8823223,0.0,0.048778027
0.76384115,0.0,0.28372812
0.7485298,0.0,0.048986305
0.94153076,0.0,0.0
0.94077504,0.0,0.0071505373
0.96645445,0.0,0.0067051267
0.9679107,0.0,0.14569026
0.78489864,0.0,0.059977006
0.9353319,0.0,0.0008502454
0.9649089,0.0,0.1012566
0.78260005,0.0,0.5389928
0.7863732,0.0,0.36728546
0.85009843,0.0,0.20616403
0.6167874,0.0,0.7804621
0.90329343,0.0,0.216119
0.7887187,0.0,0.16239725
0.7412848,0.0,0.15707237
0.77357346,0.0,0.14795287
0.9355864,0.0,0.0039399522
0.8914268,0.0,0.059441715
0.986088,0.0,0.0016870826
0.95520246,0.0,0.0
0.9434038,0.0,0.0014036401
0.5597138,0.0,0.0
0.8692768,1.0,0.43583858
0.7644368,1.0,0.40383708
0.82167983,1.0,0.46583083
0.5779356,1.0,0.4509703
0.79322696,0.0,0.020612897
0.88624185,0.0,0.07013211
0.9827739,0.0,0.00027685077
0.8898855,0.0,0.029509615
0.94344455,0.0,0.0004119856
0.90652347,0.0,0.047855664
0.86267513,0.0,0.1659736
0.69186944,0.0,0.3369269
0.732272,0.0,0.7468752
0.8031945,0.0,0.2034686
0.7871754,0.0,0.08471724
0.7122045,0.0,0.06590506
0.7020399,1.0,0.52323335
0.67839396,1.0,0.5045595
0.88389313,1.0,0.20094639
0.82378703,0.0,0.04624184
0.6304849,1.0,0.62884307
0.8362452,1.0,0.6411328
0.91387635,0.0,0.0930522
0.6808233,1.0,0.22685711
0.63855624,0.0,0.20186749
0.9516504,0.0,0.0077767423
0.68046874,0.0,0.41623437
0.969907,0.0,0.10994143
0.89929146,0.0,0.18363616
0.8551497,0.0,0.5861724
0.81107944,0.0,0.34830564
0.6986812,0.0,0.81136125
0.6873107,0.0,0.7584706
0.8140855,0.0,0.16687775
0.9051119,0.0,0.100875266
0.869245,0.0,0.06697334
0.97868276,0.0,0.019356353
0.7921738,0.0,0.06484988
0.9930738,0.0,0.00021972154
0.6832674,0.0,0.012058233
0.94657713,0.0,0.009230581
0.46607852,0.0,0.36607674
0.6471466,0.0,0.14527197
0.97190315,0.0,0.0014320347
0.9275038,0.0,0.17020857
0.90145415,0.0,0.026556002
0.73958963,0.0,0.31950593
0.7086744,0.0,0.74924225
0.7188095,0.0,0.52817154
0.91111296,0.0,0.5261659
0.9762589,0.0,0.010042818
0.6998458,0.0,0.66017884
0.9483558,0.0,0.20790909
0.76990277,0.0,0.4588833
0.7574528,0.0,0.8104255
0.7290183,0.0,0.5606907
0.85674834,0.0,0.045727003
0.8014224,0.0,0.11555478
0.81505597,0.0,0.3695092
0.7585613,0.0,0.46079928
0.6780546,0.0,0.009410834
0.663144,0.0,0.10497138
0.9610569,0.0,0.004868212
0.91180253,0.0,0.110004745
0.96273905,0.0,0.0
0.9319793,0.0,0.037980553
0.7258606,0.0,0.013783102
0.963277,0.0,0.2000845
0.9303288,0.0,0.31253368
0.74865866,0.0,0.17145124
0.91800576,0.0,0.08369579
0.9097506,0.0,0.00573458
0.8495021,0.0,0.17820713
0.94726133,0.0,0.005996703
0.5829112,0.0,0.22748682
0.66102517,0.0,0.32315785
0.5060499,0.0,0.22265948
0.9485857,0.0,0.0
0.9732127,0.0,0.09846382
0.8491482,0.0,0.513183
0.7468572,0.0,0.2023318
0.9659633,0.0,0.00819363
0.80579555,0.0,0.044235263
0.71836305,0.0,0.36763236
0.7710287,0.0,0.19979818
0.91864747,0.0,0.0
0.8154833,0.0,0.18728136
0.7523979,0.0,0.6074569
0.89793104,0.0,0.29192042
0.6653837,0.0,0.026325835
0.8173768,0.0,0.6516358
0.7451259,0.0,0.7088964
0.85271436,0.0,0.5758287
0.88937837,0.0,0.5172402
0.81265384,0.0,0.50286275
0.9119704,0.0,0.49139985
0.8343043,0.0,0.24360509
0.8243462,0.0,0.6875799
0.8748493,0.0,0.3234474
0.8631612,0.0,0.27342972
0.74324876,0.0,0.70355946
0.5003462,0.0,0.4622582
0.7879958,0.0,0.07368499
0.92530155,0.0,0.4279284
0.963316,0.0,0.20044675
0.97265786,0.0,0.0035525754
0.98344165,0.0,0.047996297
0.8692029,0.0,0.045033935
0.78887427,0.0,0.1497333
0.534028,0.0,0.7522684
0.6653524,0.0,0.31257355
0.5551728,0.0,0.06609303
0.8033073,0.0,0.40478653
0.7664564,1.0,0.57179135
0.719698,1.0,0.41495323
0.82400954,1.0,0.6746646
0.8959613,1.0,0.113605715
0.85710794,1.0,0.21840523
0.86643046,1.0,0.13603616
0.8580575,0.0,0.20471875
0.8618489,0.0,0.061065093
0.849025,0.0,0.0624505
0.81117904,1.0,0.31633222
0.9847171,0.0,0.0
0.87185186,1.0,0.1410495
0.99142635,0.0,0.009710941
0.9603803,0.0,0.107463315
0.9855898,0.0,0.02625127
0.851529,0.0,0.21603575
0.8859154,0.0,0.6996416
0.8066498,1.0,0.7109033
0.75912654,1.0,0.25000072
0.93125385,1.0,0.39209142
0.976394,0.0,0.00040810983
0.87678015,1.0,0.20274854
0.9615573,0.0,0.0075695775
0.71676356,1.0,0.10058506
0.8976868,0.0,0.013815578
0.794101,1.0,0.27837348
0.90962136,0.0,0.004389952
0.96479255,0.0,0.0010398774
0.8344643,1.0,0.0450083
0.76651055,0.0,0.16745473
0.72520167,1.0,0.50920594
0.8562883,0.0,0.2910585
0.70238405,0.0,0.5465647
0.7474745,0.0,0.82439613
0.79376286,0.0,0.22189198
0.9381239,0.0,0.08267193
0.97699076,0.0,0.0
0.97751564,0.0,0.0
0.98781013,0.0,0.00016935113
0.9730837,0.0,0.0005508636
0.9566597,0.0,0.005624639
0.8201936,0.0,0.08347314
0.860192,0.0,0.2084032
0.9453495,0.0,0.17089568
0.6590771,0.0,0.8390817
0.9054995,0.0,0.790747
0.7302271,0.0,1.0
0.7577417,0.0,0.7824427
0.8705213,0.0,0.17962989
0.9421882,0.0,0.0027977368
0.9043347,0.0,0.010245366
0.97249484,0.0,0.12776448
0.98762983,0.0,0.0007591488
0.8306248,0.0,0.007370402
0.982262,0.0,0.0013397892
0.929641,1.0,0.056568626
0.8940846,0.0,0.0
0.9203053,0.0,0.0
0.958709,1.0,0.024503984
0.94006234,1.0,0.07869515
0.9749733,0.0,0.01053306
0.96997356,0.0,0.0
0.9901452,0.0,0.002066568
0.78687745,0.0,0.012962373
0.9327924,0.0,0.0
0.9164085,0.0,0.02251254
0.9289655,0.0,0.069235116
0.8422315,0.0,0.47642532
0.74861145,0.0,0.5977897
0.89610136,0.0,0.50997895
0.9530549,0.0,0.26079103
0.9841235,0.0,0.0
0.9778902,0.0,0.0
0.9075034,0.0,0.016850166
0.87810385,1.0,0.038927518
0.82984394,1.0,0.2879874
0.70922804,0.0,0.039080754
0.8019312,1.0,0.27199012
0.6684943,1.0,0.53868204
0.7663543,1.0,0.5998645
0.7078059,1.0,0.2584903
0.8314999,1.0,0.13691631
0.7633673,0.0,0.0
0.807193,1.0,0.30742368
0.82338804,1.0,0.61622936
0.6747518,0.0,0.23845118
0.6364007,0.0,0.72425926
0.5057043,0.0,0.7429013
0.5715997,0.0,0.73414886
0.45001224,0.0,0.22341824
0.56195307,0.0,0.23539567
0.64710844,1.0,0.49370843
0.7295184,1.0,0.07163702
0.50692123,1.0,0.7038829
0.83758265,0.0,0.032319423
0.47889355,0.0,0.31909776
0.28529316,1.0,0.40152866
0.7129715,1.0,0.06863344
0.76154834,0.0,0.010894694
0.6359501,1.0,0.45346206
0.4167391,1.0,0.28364184
0.8427536,0.0,0.030015118
0.7794984,0.0,0.14717908
0.5926177,1.0,0.49594977
0.7213109,0.0,0.21023272
0.9038496,0.0,0.016469026
0.83994466,0.0,0.50589114
0.78278095,0.0,0.5001984
0.70950854,0.0,0.46029982
0.76192254,0.0,0.0063545527
0.6286862,0.0,0.4129509
0.42661417,0.0,0.50156206
0.44431585,0.0,0.039808262
0.7619969,0.0,0.13296276
0.5348834,0.0,0.7132138
0.5331201,0.0,0.24386832
0.72082555,0.0,0.039508678
0.8034158,0.0,0.27511337
0.6917659,0.0,0.011919457
0.57295924,0.0,0.14100526
0.9075701,0.0,0.05693885
0.96098024,0.0,0.076939456
0.9410025,0.0,0.088667095
0.86677617,0.0,0.3348089
0.95689994,0.0,0.015795087
0.7142329,0.0,0.39306116
0.83406794,0.0,0.44889697
0.7369453,0.0,0.121704705
0.55477995,0.0,0.54107535
0.66901535,0.0,0.685852
0.68478113,0.0,0.41838863
0.5781641,0.0,0.54705554
0.8438527,0.0,0.17348196
0.77283233,0.0,0.03347916
0.8814638,0.0,0.19784212
0.96254206,0.0,0.029942414
0.82144105,0.0,0.024386667
0.9282957,0.0,0.010966079
0.78443694,0.0,0.050266154
0.8538304,0.0,0.012639721
0.53140223,0.0,0.52803683
0.73098546,0.0,0.47972706
0.7495179,0.0,0.695559
0.66712165,0.0,0.612324
0.8417506,0.0,0.11167998
0.7444596,0.0,0.26130432
0.67272717,0.0,0.06898299
0.65507984,0.0,0.20394395
0.7894237,0.0,0.47632807
0.75779605,0.0,0.38859582
0.7750509,0.0,0.2903634
0.6950183,0.0,0.7950574
0.7409286,0.0,0.45446154
0.788874,0.0,0.7448842
0.95183873,0.0,0.24296688
0.58764946,0.0,0.40350732
0.9270768,0.0,0.22997338
0.85531676,0.0,0.23840296
0.95960283,0.0,0.07897294
0.68817675,0.0,0.20535591
0.9324642,0.0,0.046278395
0.87064093,0.0,0.12296504
0.7100472,0.0,0.08738061
0.807906,0.0,0.5605481
0.8897814,0.0,0.09859083
0.9136742,0.0,0.041042924
0.7354921,1.0,0.2904404
0.79445523,0.0,0.086431615
0.80413467,0.0,0.20505276
0.59694666,0.0,0.07929215
0.85340106,1.0,0.43523738
0.8011722,0.0,0.4955506
0.5564688,1.0,0.64081264
0.80487984,0.0,0.73887116
0.7622329,0.0,0.5833027
0.5018564,0.0,0.2661552
0.44742054,0.0,0.27984497
0.54355544,0.0,0.070728496
0.97490263,0.0,0.18685512
0.62743485,0.0,0.59215415
0.35170326,0.0,0.8223282
0.6144604,0.0,0.60630745
0.6877893,0.0,0.5160865
0.885953,0.0,0.3780349
0.9423305,0.0,0.7393439
0.54177094,0.0,0.22813891
0.94692963,0.0,0.39669013
0.61935973,0.0,0.3436503
0.59542716,0.0,0.15724415
0.5081461,0.0,0.43537104
0.5510513,0.0,0.70526206
0.5135457,0.0,0.054740164
0.7001938,0.0,0.17263687
0.8113838,0.0,0.4855383
0.586105,0.0,0.66451573
0.5929342,0.0,0.5147987
0.7087104,0.0,0.26358223
0.75217795,0.0,0.47705796
0.82920223,0.0,0.3095124
0.9407027,0.0,0.14250864
0.61280715,0.0,0.18085021
0.70124316,1.0,0.3023291
0.75461763,1.0,0.5389831
0.76755255,1.0,0.5670399
0.6209371,1.0,0.78674024
0.61276186,1.0,0.58732605
0.769842,1.0,0.7784932
0.68083453,1.0,0.7329214
0.5828556,1.0,1.0
