gate_value,label,rsa
0.5121232,0.0,0.3351077
0.460361,0.0,0.48704132
0.4291833,0.0,0.7175872
0.6273421,0.0,0.66712147
0.50596786,0.0,0.1713507
0.51761466,0.0,0.32415932
0.5171752,0.0,0.05400343
0.40257528,0.0,0.6173236
0.44409418,0.0,0.35369426
0.65869445,0.0,0.10012408
0.6039425,0.0,0.2937196
0.7137475,0.0,0.53620356
0.46608847,1.0,0.454548
0.7144834,1.0,0.08171018
0.5866522,0.0,0.4584402
0.6750938,1.0,0.4728441
0.7055624,0.0,0.3921162
0.79452294,0.0,0.74901533
0.80277073,0.0,0.33962363
0.7901049,0.0,0.08466584
0.7923502,0.0,0.3617659
0.7688563,0.0,0.35517356
0.7641759,0.0,0.07264031
0.44995967,1.0,0.4994691
0.47346133,1.0,0.69919354
0.5492391,1.0,0.6860567
0.4530347,1.0,0.17685314
0.55655104,1.0,0.030435747
0.75651765,1.0,0.33542627
0.70418596,1.0,0.28469235
0.7508392,0.0,0.0016982147
0.7986263,0.0,0.021256763
0.50577337,1.0,0.44305423
0.62618095,1.0,0.36653978
0.7844284,0.0,0.09284389
0.39290833,0.0,0.5846172
0.6693412,0.0,0.28497854
0.5154725,0.0,0.25353476
0.40074548,0.0,0.34842283
0.74407977,0.0,0.3212993
0.8347073,0.0,0.36595997
0.6803031,0.0,0.27915865
0.66167915,0.0,0.6890768
0.72947735,0.0,0.40471864
0.63996583,0.0,0.41029245
0.73705035,0.0,0.08150885
0.7987638,0.0,0.12885727
0.62966603,0.0,0.19878276
0.72356117,0.0,0.21192636
0.6638412,0.0,0.22488365
0.63774455,0.0,0.16727073
0.92353094,0.0,0.0
0.6541514,0.0,0.27148038
0.7906934,0.0,0.00204221
0.60353726,0.0,0.41082466
0.5140207,0.0,0.5309975
0.50384635,0.0,0.1594205
0.531702,0.0,0.32553762
0.70613974,0.0,0.0039828047
0.8144006,0.0,0.0910084
0.8276045,0.0,0.0
0.4999466,0.0,0.11958003
0.6353559,0.0,0.18928419
0.7952751,0.0,0.036294706
0.6375512,0.0,0.35908827
0.53133994,0.0,0.23572946
0.4552027,0.0,0.75189084
0.627879,0.0,0.17562018
0.6150803,1.0,0.4751986
0.5471017,1.0,0.5554252
0.76000035,0.0,0.15798064
0.6352793,1.0,0.13412789
0.72207725,1.0,0.4836698
0.7003463,0.0,0.06446151
0.76723593,0.0,0.03539547
0.8319587,1.0,0.05560751
0.83223873,1.0,0.23216856
0.852541,0.0,0.0
0.87369555,0.0,0.042023633
0.7249344,1.0,0.3499173
0.8464931,1.0,0.44607496
0.7815999,0.0,0.094691075
0.6958713,0.0,0.25403237
0.7643544,0.0,0.043890767
0.78297114,0.0,0.34732598
0.8905049,0.0,0.23367876
0.65560013,0.0,0.5292694
0.6768843,0.0,0.048527315
0.8598863,0.0,0.030737013
0.96877813,0.0,0.12861054
0.82621425,0.0,0.23285238
0.94169015,0.0,0.1392397
0.8679017,0.0,0.03268229
0.8509371,0.0,0.0
0.9619455,1.0,0.12911434
0.8807033,1.0,0.048023887
0.82203376,1.0,0.30717835
0.68980384,0.0,0.3933667
0.551023,0.0,0.37970167
0.57233876,0.0,0.6199132
0.5631068,0.0,0.59155214
0.4653018,0.0,0.62844074
0.83445835,0.0,0.6667543
0.62590516,0.0,0.19227937
0.78779054,0.0,0.2939644
0.8722342,0.0,0.03381784
0.80203414,0.0,0.082508534
0.7086843,0.0,0.04601169
0.9492959,0.0,0.010224432
0.5045474,0.0,0.091959916
0.7737997,0.0,0.2569198
0.7955005,0.0,0.19174816
0.87450385,0.0,0.16775952
0.8568246,0.0,0.57694507
0.6328132,0.0,0.29921567
0.6609628,0.0,0.14487629
0.8947144,0.0,0.08427587
0.9529214,0.0,0.0
0.7448443,0.0,0.18517345
0.7130063,0.0,0.3726433
0.68998843,0.0,0.12752569
0.86627287,0.0,0.0077600726
0.6640784,0.0,0.3602008
0.5256789,0.0,0.6436585
0.69750196,0.0,0.30705342
0.42307502,0.0,0.33741152
0.6345244,0.0,0.12751536
0.52819604,0.0,0.48355156
0.6498401,0.0,0.20069863
0.70264184,0.0,0.3713383
0.6785022,0.0,0.13119395
0.8763326,0.0,0.00021020406
0.5728001,0.0,0.03268675
0.40872937,0.0,0.36234197
0.8112434,0.0,0.013131793
0.94943815,0.0,0.0
0.609265,0.0,0.20015496
0.6183363,0.0,0.037922066
0.8492129,0.0,0.003424487
0.88923424,0.0,0.0
0.8773326,0.0,0.064227104
0.89452225,0.0,0.0
0.79893506,0.0,0.0
0.78333896,0.0,0.056010257
0.7394931,0.0,0.1563151
0.7069296,0.0,0.0
0.958263,0.0,0.051989347
0.6462452,0.0,0.35525808
0.6683641,0.0,0.28154343
0.66268927,0.0,0.3829774
0.5842652,0.0,0.8356601
0.63790345,0.0,0.56703854
0.5546204,0.0,0.79220796
0.6814581,0.0,0.4657495
0.6346777,0.0,0.1305806
0.45892543,0.0,0.058607332
0.55508393,0.0,0.15534885
0.5601914,0.0,0.02595644
0.8691639,0.0,0.0
0.8422984,0.0,0.0
0.77504253,0.0,0.0021943857
0.48103237,0.0,0.09033594
0.7620035,0.0,0.06565459
0.56266266,0.0,0.012015699
0.684205,0.0,0.11673266
0.755236,0.0,0.0
0.4545175,0.0,0.41747525
0.78309065,0.0,0.07604143
0.8910565,0.0,0.0030809925
0.8056705,0.0,0.16780703
0.60698634,0.0,0.0
0.54359806,0.0,0.1811895
0.48320183,0.0,0.75333285
0.41853333,0.0,0.47773224
0.54828316,0.0,0.16747804
0.3941932,0.0,0.086687006
0.8308848,0.0,0.0
0.5746537,0.0,0.0022557494
0.6523761,0.0,3.500611e-05
0.7835413,0.0,0.068767674
0.6185496,0.0,0.095081665
0.8343303,0.0,0.0
0.73993325,0.0,0.07381926
0.541611,0.0,0.13072462
0.79718083,0.0,0.0
0.57413757,0.0,0.0
0.66408974,0.0,0.14529727
0.74797136,0.0,0.11348519
0.53433675,0.0,0.3257381
0.4905325,0.0,0.37270457
0.4673434,0.0,0.7086451
0.4935626,0.0,0.4940469
0.5587825,0.0,0.52734184
0.66009694,0.0,0.39587712
0.56790966,0.0,0.23019691
0.57610875,0.0,0.281841
0.6858353,0.0,0.2719087
0.6425772,0.0,0.3487543
0.6589518,0.0,0.19800301
0.5292376,0.0,0.3825757
0.4858402,0.0,0.66231036
0.74652684,0.0,0.30779254
0.7838181,0.0,0.21212287
0.7349985,0.0,0.121382855
0.801861,0.0,0.18539771
0.7404791,0.0,0.33587456
0.6932428,0.0,0.06752426
0.82912,0.0,0.04729901
0.83745146,0.0,0.049905434
0.82842547,0.0,0.013102807
0.8107826,0.0,0.040398568
0.8117946,0.0,0.102203116
0.7230302,0.0,0.10700435
0.6489639,0.0,0.002452223
0.5376228,0.0,0.21547683
0.44010407,0.0,0.47312576
0.65260977,0.0,0.54599005
0.75526273,0.0,0.12917104
0.49365836,0.0,0.31617928
0.7002739,0.0,0.24343656
0.45014313,0.0,0.59890914
0.5738832,0.0,0.43668568
0.7422822,0.0,0.05841562
0.7959542,0.0,0.31911504
0.63725954,0.0,0.07017674
0.8029516,0.0,0.01830294
0.6981489,0.0,0.21047698
0.71950513,0.0,0.2820908
0.86097085,0.0,0.13622627
0.67741925,0.0,0.016917234
0.61995816,0.0,0.02121607
0.80528104,0.0,0.0
0.8445113,0.0,0.04543716
0.71565276,0.0,0.003740442
0.88998646,0.0,0.00085992826
0.854842,0.0,0.0
0.71454585,0.0,0.0017561837
0.8628186,0.0,0.0009127098
0.7904384,0.0,0.015547879
0.7077506,0.0,0.0008837937
0.8463835,0.0,0.0
0.8231115,0.0,0.0
0.6936654,0.0,0.082988895
0.7698009,0.0,0.08323626
0.8059681,0.0,0.0
0.77050436,0.0,0.18536167
0.80830675,0.0,0.2795888
0.740185,0.0,0.70542336
0.58139324,0.0,0.6085917
0.66097605,0.0,0.45054027
0.6383482,0.0,0.3188173
0.63056785,0.0,0.16171654
0.61915004,0.0,0.546367
0.6418784,0.0,0.086028926
0.43786833,0.0,0.25620764
0.58528215,0.0,0.19503921
0.54178643,0.0,0.0
0.810238,0.0,0.015647441
0.603953,0.0,0.3205362
0.5151339,0.0,0.4535248
0.6857858,0.0,0.35651055
0.73935884,0.0,0.08089225
0.5616003,0.0,0.5028266
0.5560336,0.0,0.6688345
0.66008514,0.0,0.6739937
0.7070262,0.0,0.045212843
0.7004721,0.0,0.29728302
0.75182503,0.0,0.2246863
0.51392853,0.0,0.63287824
0.58049405,0.0,0.29652587
0.8653207,0.0,0.0022393838
0.75839335,0.0,0.3716581
0.49769574,0.0,0.47481155
0.70326906,0.0,0.06768268
0.7812858,0.0,0.014501842
0.7556899,0.0,0.16841826
0.6878829,0.0,0.49449784
0.5303108,0.0,0.39323345
0.58215636,0.0,0.70521295
0.65492314,0.0,0.32430616
0.7868281,0.0,0.18360268
0.9017061,0.0,0.06641565
0.5872547,0.0,0.5734036
0.72208035,0.0,0.21359272
0.6744038,0.0,0.1420533
0.64245975,0.0,0.7153807
0.5412158,0.0,0.18996018
0.78629863,0.0,0.0025490026
0.5655934,0.0,0.4106633
0.5463934,0.0,0.43498456
0.7904229,0.0,0.2228311
0.60884196,0.0,0.34720516
0.76061517,0.0,0.015018965
0.8423408,0.0,8.958586e-05
0.63400847,0.0,0.34447592
0.49690035,0.0,0.19109459
0.8087699,0.0,0.0034412201
0.7682257,0.0,0.0041497983
0.50290394,0.0,0.46664533
0.89681274,0.0,0.016909465
0.7006227,0.0,0.0
0.5955013,0.0,0.37648696
0.6694306,0.0,0.15464658
0.9581812,0.0,0.0
0.95761603,0.0,0.0414121
0.87379813,0.0,0.33594143
0.76997155,0.0,0.5645481
0.6769462,0.0,0.4793618
0.8043102,0.0,0.077258974
0.5262165,0.0,0.5195328
0.48888037,0.0,0.40984502
0.8668187,0.0,0.054785337
0.5536485,0.0,0.16963442
0.7200205,0.0,0.47600406
0.72025245,0.0,0.03509574
0.7321014,0.0,0.35440296
0.6682526,0.0,0.3684281
0.8913559,0.0,0.00014011071
0.6579779,0.0,0.30199638
0.7516511,0.0,0.44822818
0.6082646,0.0,0.26171052
0.89274055,0.0,0.0014871791
0.7471677,0.0,0.24882574
0.54568607,0.0,0.41525504
0.90219885,0.0,0.02998421
0.600796,0.0,0.24002002
0.5982545,0.0,0.57843095
0.5747883,0.0,0.48356435
0.75762075,0.0,0.3166876
0.598289,0.0,1.0
0.55847365,1.0,0.20600334
0.66922385,1.0,0.22684492
0.76387703,0.0,0.0046967333
0.50685745,1.0,0.12633601
0.7764443,0.0,0.010001079
0.4126807,0.0,0.09706325
0.85029507,0.0,0.019472789
0.40490934,0.0,0.25570217
0.60763925,0.0,0.3197104
0.71521485,0.0,0.55716777
0.7759939,0.0,0.40545925
0.70212126,0.0,0.0
0.5156136,0.0,0.26541898
0.6827687,0.0,0.036157694
0.7035337,0.0,0.0014402554
0.5094127,0.0,0.057071984
0.6581722,0.0,0.39476785
0.7204171,0.0,0.014297508
0.6662483,0.0,0.007150926
0.45173067,0.0,0.2647792
0.60250586,0.0,0.15333258
0.74512446,0.0,0.4742519
0.6164954,0.0,0.20941183
0.6164905,0.0,0.60725605
0.72706527,1.0,0.6786499
0.63192445,1.0,0.6126836
0.8558878,1.0,0.34797502
0.4091075,1.0,0.3849994
0.6031393,1.0,0.096887805
0.4153496,1.0,0.49259683
0.8449538,0.0,0.13632976
0.709136,0.0,0.5860283
0.6614211,0.0,0.63369584
0.73595786,0.0,0.088031776
0.5253715,1.0,0.36703795
0.8622391,0.0,0.0
0.7655034,1.0,0.2563769
0.6490617,0.0,0.025075046
0.609216,1.0,0.33838817
0.846121,1.0,0.07545581
0.5617449,1.0,0.4866696
0.6231534,1.0,0.29263496
0.7981143,1.0,0.30930066
0.59959006,0.0,0.42383108
0.51393735,0.0,0.43414015
0.61093694,0.0,0.53214025
0.4938302,0.0,0.32867685
0.7621428,0.0,0.0
0.54286057,1.0,0.09840183
0.6550077,0.0,0.003464071
0.7493984,1.0,0.047147885
0.7330032,0.0,0.0015268996
0.7565328,1.0,0.33273736
0.5861762,1.0,0.06903557
0.65173787,1.0,0.3679026
0.6971057,1.0,0.46220836
0.6007323,1.0,0.81886023
0.5729173,0.0,0.4935987
0.61060745,0.0,0.14943781
0.8825866,0.0,0.0065135914
0.5104937,0.0,0.024717983
0.50462836,0.0,0.4327896
0.73881316,0.0,0.0
0.7135099,0.0,0.0
0.45245686,0.0,0.28730348
0.51782423,1.0,0.45557883
0.7043437,0.0,0.043583278
0.72139144,0.0,0.0022116473
0.58404744,0.0,0.30327123
0.44482908,0.0,0.40562347
0.8145558,0.0,0.026245447
0.86329406,0.0,0.067363776
0.49601385,0.0,0.4555234
0.6439587,0.0,0.14236754
0.5211278,0.0,0.5758921
0.81219506,0.0,0.035566825
0.4951131,0.0,0.8046292
0.6015292,0.0,0.40750715
0.5536499,0.0,0.25407836
0.5191379,0.0,0.5434158
0.6419151,0.0,0.40732965
0.61334527,0.0,0.12934774
0.58060944,0.0,0.05755203
0.5599628,0.0,0.4756495
0.5995812,0.0,0.46053725
0.39898914,0.0,0.5310018
0.70135814,0.0,0.019462312
0.44248465,0.0,0.3504909
0.8270046,0.0,0.031118855
0.45578143,0.0,0.34774098
0.82822716,0.0,0.03913985
0.6044901,1.0,0.3389697
0.757654,0.0,0.0042305784
0.724292,1.0,0.26335797
0.89268243,1.0,0.34393448
0.5915162,0.0,0.0
0.63829225,0.0,0.24500135
0.821791,0.0,0.012146227
0.5672495,0.0,0.77860343
0.6698658,0.0,0.4960608
0.89693385,0.0,0.14108965
0.6188507,0.0,0.29689148
0.6540631,0.0,0.509071
0.7321158,0.0,0.087948635
0.9034507,0.0,0.0
0.6045126,0.0,0.19986323
0.51684046,0.0,0.43075415
0.86191064,0.0,0.0
0.7764066,0.0,0.0
0.49424052,0.0,0.40280977
0.50178856,0.0,0.3928231
0.80890554,0.0,0.14547835
0.45841444,0.0,0.5639647
0.7099836,0.0,0.03530915
0.42084882,0.0,0.63881946
0.72872883,0.0,0.092669815
0.49560264,0.0,0.38634402
0.69551104,0.0,0.098742425
0.53698796,0.0,0.45673358
0.5087245,0.0,0.40236732
0.74754846,1.0,0.48158938
0.61485237,1.0,0.51630384
0.5583326,1.0,0.3786694
0.8720438,0.0,0.040588424
0.48743472,0.0,0.07620005
0.8028881,0.0,0.0
0.45641717,0.0,0.24335413
0.74411905,0.0,0.019147312
0.4849432,0.0,0.38465253
0.61299825,0.0,0.13217053
0.64831406,0.0,0.43565145
0.7668165,0.0,0.09793091
0.63715965,0.0,0.27704418
0.7988767,0.0,0.04839967
0.79095364,0.0,0.1796443
0.6875188,0.0,0.10155157
0.90591365,0.0,0.012307917
0.8014945,0.0,0.0001373348
0.62775683,0.0,0.0595771
0.7476705,0.0,0.028696422
0.73517215,0.0,0.0011150278
0.7552539,0.0,0.069972716
0.66941553,0.0,0.083382465
0.87033325,0.0,0.0
0.6332636,0.0,0.0027807988
0.53471977,0.0,0.29500738
0.76098114,0.0,0.2795008
0.6317321,0.0,0.027052393
0.638943,0.0,0.5343169
0.716053,0.0,0.7892976
0.51420087,0.0,0.4867813
0.5971876,0.0,0.49459863
0.88644123,0.0,0.12416414
0.62580657,0.0,0.66799796
0.62642646,0.0,0.47029015
0.5094194,0.0,0.12897865
0.76370454,0.0,0.043263517
0.704139,0.0,0.55879027
0.64267945,0.0,0.68702745
0.73483264,0.0,0.06769889
0.7090949,0.0,0.12531821
0.5307381,0.0,0.612211
0.51852757,0.0,0.6121245
0.57148045,0.0,0.028048044
0.67209303,0.0,0.6600711
0.66671157,0.0,0.13182828
0.577848,0.0,0.2921755
0.5625708,0.0,0.5885557
0.48079383,0.0,0.45675558
0.56431764,0.0,0.07707355
0.39698622,0.0,0.53483635
0.5498265,1.0,0.84034467
0.59895295,0.0,0.5556134
0.4493011,1.0,0.54203427
0.41933835,0.0,0.53613484
0.4560779,0.0,0.6690655
0.50134414,1.0,0.6667337
0.6700145,1.0,0.79569906
0.55679137,0.0,0.29406205
0.54714054,0.0,0.6283288
0.45263243,1.0,0.4163894
0.41809076,0.0,0.97454953
0.42242554,0.0,0.7467324
0.50477177,0.0,0.45658776
0.42557296,0.0,0.06586456
0.57147706,0.0,0.053502243
0.50578547,0.0,0.68505234
0.6013391,0.0,0.6765375
0.5445777,0.0,0.20766547
0.57275164,0.0,0.3552806
0.6222317,0.0,0.41618198
0.6975522,0.0,0.14582628
0.49131286,0.0,0.15284626
0.6009413,0.0,0.18578403
0.6812031,0.0,0.0
0.75408673,0.0,0.0077437325
0.62002784,0.0,0.09475785
0.5745829,0.0,0.05728497
0.8307964,0.0,0.05142621
0.7214464,0.0,0.030904211
0.80788094,0.0,0.3342532
0.8765957,0.0,0.00024187162
0.8263539,0.0,0.009384689
0.79852325,0.0,0.006060282
0.6454736,0.0,0.23053432
0.915714,0.0,0.0007856999
0.822823,0.0,0.006781643
0.67363244,0.0,0.19877253
0.50181043,0.0,0.19155641
0.7109279,0.0,0.008131143
0.67891765,0.0,0.14844087
0.6172505,0.0,0.59778845
0.6083615,0.0,0.34830955
0.7144654,0.0,0.25432363
0.45501167,0.0,0.39577726
0.48389354,0.0,0.6712337
0.43936417,0.0,0.4599005
0.7494366,0.0,0.15319847
0.8182726,0.0,0.014736617
0.70394224,0.0,0.0
0.6775401,0.0,0.027486451
0.8258998,0.0,0.0075627347
0.7309636,0.0,0.044550106
0.7684605,0.0,0.021609152
0.8000654,0.0,0.028540641
0.48186687,0.0,0.016043833
0.6175166,0.0,0.0057914536
0.5329204,0.0,0.0014360351
0.73489964,0.0,0.04121502
0.77529097,0.0,0.009749459
0.7236379,0.0,0.0045875725
0.7180209,0.0,0.0
0.8940445,0.0,0.013553587
0.7929401,0.0,0.00047373382
0.731225,0.0,0.019573571
0.70941985,0.0,0.14199774
0.74992776,0.0,0.0
0.88484997,0.0,0.03622705
0.693783,0.0,0.4902441
0.67211866,0.0,0.47331485
0.5756594,0.0,0.46834597
0.8901305,0.0,0.016903123
0.86145294,0.0,0.07681033
0.55892015,0.0,0.26363328
0.46010834,0.0,0.14559726
0.8305553,0.0,0.0
0.71422476,0.0,0.01478267
0.4334018,0.0,0.3207588
0.53451747,0.0,0.15643238
0.77028596,0.0,0.0
0.5049237,0.0,0.10312053
0.6510589,0.0,0.00021194106
0.5678709,0.0,0.35173488
0.6351404,0.0,0.2935205
0.57158834,0.0,0.0
0.694434,0.0,0.2452616
0.49819243,0.0,0.6292652
0.6109455,0.0,0.39705262
0.40260288,0.0,0.11756678
0.60052717,0.0,0.79622096
0.6152595,0.0,0.5829986
0.6043616,0.0,0.057734918
0.6226746,0.0,0.42509153
0.7433258,0.0,0.41017115
0.558276,0.0,0.3468237
0.6353734,0.0,0.08856874
0.7524233,0.0,0.00021752756
0.84978116,0.0,0.044601597
0.45120177,0.0,0.31840456
0.5326969,0.0,0.041794688
0.8911403,0.0,4.137861e-05
0.64129895,0.0,0.3516911
0.5545092,0.0,0.584193
0.8922223,0.0,0.013331486
0.7647037,0.0,0.06835794
0.5770685,0.0,0.44526783
0.6089288,0.0,0.16971473
0.8327209,0.0,0.0036295194
0.7281857,0.0,0.18719472
0.705889,0.0,0.34166664
0.6496399,0.0,0.81901246
0.7594893,0.0,0.1366638
0.628369,0.0,0.68940747
0.66264385,0.0,0.28967318
0.79630953,0.0,0.06478369
0.6570909,0.0,0.18604775
0.81840336,0.0,0.042349562
0.7572887,0.0,0.31746763
0.753634,0.0,0.21957994
0.63441473,0.0,0.012367414
0.6801189,0.0,0.053151026
0.5986665,0.0,0.084269956
0.6828764,0.0,0.0
0.75122637,0.0,0.008837644
0.80201685,0.0,0.0007133484
0.6581358,0.0,0.08415349
0.4691219,0.0,0.4707422
0.44798428,0.0,0.49194017
0.687162,0.0,0.15792772
0.5544741,0.0,0.40849292
0.9078123,0.0,0.10557716
0.5915182,0.0,0.30344576
0.49788415,0.0,0.6079653
0.5865951,0.0,0.45028824
0.78110784,0.0,0.006834185
0.41146135,0.0,0.26732957
0.51110685,0.0,0.25436774
0.52717924,0.0,0.26783088
0.74472415,0.0,0.0
0.46128634,0.0,0.39545116
0.41935605,0.0,0.3738451
0.5305627,0.0,0.16273576
0.66572833,0.0,0.026162194
0.42888492,0.0,0.38601926
0.4953071,0.0,0.056137107
0.65436983,0.0,0.30895677
0.54696524,0.0,0.019758904
0.5841306,0.0,0.24275532
0.54426223,0.0,0.5757673
0.73482746,0.0,0.031772595
0.5823399,0.0,0.12148147
0.75808203,0.0,0.02264677
0.49436316,0.0,0.50292045
0.6989299,0.0,0.29115003
0.5458396,0.0,0.6416562
0.44910455,0.0,0.4809416
0.6182128,0.0,0.10212332
0.740082,0.0,0.13513337
0.54868156,0.0,0.36122462
0.4237234,0.0,0.62134725
0.7485288,0.0,0.038219046
0.80146384,0.0,0.064595245
0.47185102,0.0,0.39523974
0.6197253,0.0,0.40876737
0.8347992,0.0,0.00398887
0.49359804,0.0,0.2835883
0.49278048,0.0,0.7086462
0.71229374,0.0,0.18181224
0.9112449,0.0,0.0023758237
0.65758604,0.0,0.43841746
0.5915455,0.0,0.2441262
0.58739024,0.0,0.23778579
0.8111208,0.0,0.031534858
0.4778569,0.0,0.5542138
0.4642653,0.0,0.34397
0.7718287,0.0,0.006762
0.8522311,0.0,0.006804771
0.39671484,0.0,0.34951255
0.6331606,0.0,0.828771
0.90005213,0.0,0.109025694
0.6028882,0.0,0.46586514
0.548515,0.0,0.49727282
0.62760335,0.0,0.5690876
0.65239936,0.0,0.03723856
0.55600923,0.0,0.19897701
0.74752146,0.0,0.0
0.8203778,0.0,0.0
0.59242666,0.0,0.019515622
0.67008865,0.0,0.008384438
0.8587078,0.0,0.001002843
0.6734922,0.0,0.017254818
0.8952589,0.0,0.043420576
0.7411526,0.0,0.02615199
0.7763312,0.0,0.016063105
0.48961747,0.0,0.21185999
0.8418173,0.0,0.046977043
0.6199337,0.0,0.17079818
0.81320935,0.0,0.010959064
0.54485697,0.0,0.51698923
0.3543334,0.0,0.16070594
0.4323321,0.0,0.16162808
0.8369095,0.0,0.015022436
0.6625385,0.0,0.08415245
0.5442432,1.0,0.38057816
0.5617391,1.0,0.5932993
0.5477062,1.0,0.19363227
0.74168247,1.0,0.19178161
0.48249474,1.0,0.2890354
0.4751744,1.0,0.538379
0.53360605,0.0,0.10810291
0.42919317,0.0,0.37217602
0.7965567,0.0,0.0
0.7163342,1.0,0.3291862
0.64823025,0.0,0.18286936
0.6947506,0.0,0.30417845
0.53425705,0.0,0.5656447
0.3857792,0.0,0.69737345
0.5114248,0.0,0.4039452
0.57031715,0.0,0.38331336
0.77138084,0.0,0.27702278
0.5221346,0.0,0.45686495
0.7468357,0.0,0.054376163
0.5572427,0.0,0.31122103
0.83599234,0.0,0.0
0.7142987,0.0,0.0
0.61581755,1.0,0.16479233
0.60476786,0.0,0.0
0.63895804,0.0,0.22077231
0.7009681,0.0,0.05314042
0.48244172,0.0,0.49190015
0.69728035,0.0,0.03390632
0.5929194,0.0,0.29227456
0.81294715,0.0,0.12760504
0.69861007,0.0,0.0917107
0.66898155,0.0,0.5460018
0.69695926,0.0,0.044793002
0.51240283,0.0,0.68468064
0.72169656,0.0,0.55221695
0.6328236,0.0,0.03377689
0.5152538,0.0,0.33731776
0.75768787,0.0,0.023822142
0.56523037,1.0,0.25528196
0.66052854,0.0,0.005577006
0.62941724,0.0,0.016132774
0.58624715,0.0,0.03494439
0.714345,0.0,0.015781878
0.6525447,0.0,0.2384697
0.72536504,0.0,0.0120405005
0.5377635,0.0,0.3075271
0.8384836,0.0,0.18159576
0.62620044,0.0,0.1983746
0.8551354,0.0,5.2772924e-05
0.49890032,0.0,0.0061656334
0.74158776,0.0,0.0
0.8241935,0.0,0.007640665
0.6296368,0.0,0.0014279825
0.66548824,0.0,0.0059769736
0.7553723,0.0,0.021634672
0.6992151,0.0,0.015968693
0.52237964,1.0,0.4350194
0.5275328,1.0,0.5361511
0.48937836,0.0,0.25603005
0.60982484,0.0,0.54210556
0.58571196,0.0,0.105803505
0.9077579,0.0,0.09185832
0.6212893,0.0,0.6558835
0.6042979,0.0,0.31990603
0.7607405,0.0,0.0013372479
0.7656554,0.0,0.017828815
0.5964213,0.0,0.44944653
0.4845982,0.0,0.36657894
0.7114848,0.0,0.009582471
0.4343785,0.0,0.266794
0.6689863,0.0,0.09134451
0.4477929,0.0,0.50149953
0.5853611,0.0,0.08342486
0.79162323,0.0,0.060555883
0.73817444,0.0,0.14908572
0.5106335,0.0,0.34364152
0.6797292,0.0,0.011252669
0.73928666,0.0,0.3307698
0.40039995,0.0,0.63224614
0.57619786,0.0,0.39416215
0.7000396,0.0,0.11197474
0.40218076,1.0,0.3802868
0.5354102,0.0,0.46147838
0.47975686,1.0,0.36944357
0.5041683,0.0,0.22461802
0.6839398,0.0,0.082951985
0.49405795,1.0,0.17937414
0.8496674,0.0,0.00045902995
0.5215649,0.0,0.053181387
0.7561957,0.0,0.0011303534
0.7414985,0.0,0.0
0.4584324,0.0,0.27292794
0.7788154,0.0,0.0340093
0.44152382,0.0,0.4184644
0.51197225,0.0,0.0
0.39798015,0.0,0.4362299
0.636793,0.0,0.15248041
0.5705028,0.0,0.41663963
0.6755844,0.0,0.12416675
0.66344357,0.0,0.29275447
0.85105646,0.0,0.0
0.5140092,0.0,0.030219277
0.59294283,0.0,0.34536347
0.73976725,0.0,0.0
0.7712344,0.0,0.0
0.5318959,0.0,0.23219523
0.45335877,0.0,0.5918189
0.790064,0.0,0.16271546
0.58614236,0.0,0.25866243
0.86568296,0.0,0.00057158316
0.5074418,0.0,0.5102262
0.7623672,0.0,0.29996222
0.7596647,0.0,0.010876201
0.83854896,0.0,0.103321254
0.6645858,0.0,0.3275711
0.7458209,0.0,0.35694122
0.56011325,0.0,0.61138266
0.8112386,0.0,0.1530204
0.72788286,0.0,0.31003946
0.9317286,0.0,0.04714718
0.5800768,0.0,0.45104715
0.6515037,0.0,0.19535956
0.765232,0.0,0.0
0.8538516,0.0,0.020452278
0.48163822,0.0,0.5609635
0.46676022,0.0,0.30418345
0.52047616,0.0,0.5067468
0.78428954,0.0,0.007272279
0.597646,0.0,0.044929236
0.79687285,0.0,0.027795536
0.50801915,0.0,0.34124604
0.57119024,0.0,0.14389405
0.92110133,0.0,0.004920061
0.53706926,0.0,0.05882007
0.6865162,0.0,0.022291416
0.53085715,0.0,0.0974301
0.69909054,0.0,0.10103301
0.62064016,0.0,0.08523402
0.7883201,0.0,0.0123675205
0.52210003,0.0,0.20018129
0.9064916,0.0,0.006748253
0.65246785,0.0,0.18097857
0.80935496,0.0,0.08423059
0.55505806,0.0,0.07328314
0.7358482,0.0,0.0
0.89589167,0.0,0.0017625793
0.4130583,0.0,0.087138265
0.80322826,0.0,0.18202506
0.6380149,0.0,0.6315251
0.76757276,0.0,0.50588524
0.7733624,0.0,0.6624487
0.8502228,0.0,0.1903916
0.7854231,1.0,0.669716
0.9365444,1.0,0.6637891
0.86832684,1.0,0.6567706
0.8486439,1.0,0.33867785
0.7657418,1.0,0.24393666
0.8056836,1.0,0.3221661
0.8223751,1.0,0.8598034
0.72619593,1.0,0.57045776
0.69002354,1.0,0.20548277
0.58017886,1.0,0.62294567
0.8726522,1.0,0.3328796
0.5709009,1.0,0.50700194
0.9332673,0.0,0.20846933
0.5455615,0.0,0.10612309
0.80272245,0.0,0.0
0.5273423,0.0,0.1760939
0.8116,1.0,0.20401482
0.8156398,0.0,0.0977684
0.9613649,0.0,0.0
0.83891875,0.0,0.0015013532
0.75777173,0.0,0.0
0.82045984,0.0,0.0006058722
0.6375027,0.0,0.0
0.6246291,0.0,0.090321824
0.5545464,0.0,0.00044453036
0.49477598,0.0,0.31679773
0.57619977,0.0,0.53797174
0.8356932,0.0,0.040865485
0.68089664,0.0,0.23198865
0.6357645,0.0,0.010530187
0.8197418,0.0,0.029665591
0.93552536,0.0,0.0010510918
0.77102864,0.0,0.018056333
0.9687562,0.0,0.0012095452
0.6497704,0.0,0.0
0.4662455,0.0,0.034519333
0.7850001,0.0,0.0
0.75157624,0.0,0.07934428
0.6990218,0.0,0.08840895
0.7258432,0.0,0.071407326
0.55274415,0.0,0.52404314
0.5937587,0.0,0.36712268
0.5606258,0.0,0.37741596
0.5475015,0.0,0.5841065
0.5624301,0.0,0.41989076
0.63016456,0.0,0.5804508
0.5283716,0.0,0.57983714
0.65813845,0.0,0.61183506
0.6971198,0.0,0.17861463
0.56981754,0.0,0.4081219
0.67434686,0.0,0.0
0.6275697,0.0,0.36582372
0.6160105,0.0,0.15718669
0.5580939,0.0,0.6478493
0.7398514,0.0,0.06072004
0.6031659,0.0,0.50787395
0.5742532,0.0,0.67343247
0.68937963,0.0,0.123701476
0.56831926,0.0,0.5407209
0.5949533,0.0,0.44515616
0.4573771,0.0,0.51334727
0.628511,0.0,0.026819158
0.6408208,0.0,0.12642393
0.6202245,1.0,0.6137786
0.6692429,0.0,0.29157278
0.68247306,0.0,0.008013342
0.71597576,0.0,0.41691536
0.47795352,0.0,0.51972413
0.6570038,0.0,0.49590415
0.62368405,0.0,0.3425881
0.60346353,0.0,0.10822179
0.7639868,0.0,0.0
0.7478117,0.0,0.26792422
0.7938305,0.0,0.0034687482
0.69924456,0.0,2.6742198e-05
0.7550371,0.0,0.18029067
0.7327447,0.0,0.2968384
0.77041924,0.0,0.007666524
0.75297815,0.0,0.0
0.7548947,0.0,0.47305176
0.5968386,0.0,0.5253599
0.8686286,0.0,0.0
0.6413502,0.0,0.3013342
0.62104285,0.0,0.47165558
0.81240994,0.0,0.36807013
0.71654624,0.0,0.5707029
0.85874057,0.0,0.034574043
0.4100112,0.0,0.6075092
0.77853423,0.0,0.10582112
0.89601797,0.0,0.011145866
0.7066197,0.0,0.40185848
0.57144606,0.0,0.13260764
0.9135347,0.0,0.0
0.7507916,0.0,0.30158043
0.56552356,0.0,0.45355636
0.5507897,0.0,0.22646981
0.88258886,0.0,0.0
0.7200475,0.0,0.003331983
0.4850566,0.0,0.1337107
0.5425936,0.0,0.04292526
0.8423813,0.0,0.0
0.54875976,0.0,0.09318758
0.5788579,0.0,0.55832213
0.68867683,0.0,0.09798124
0.5488469,0.0,0.6507586
0.61149955,0.0,0.38964215
0.7435389,0.0,0.0
0.6190268,0.0,0.11856888
0.61275744,0.0,0.54036343
0.738542,0.0,0.22459982
0.9295828,1.0,0.14489788
0.5415588,1.0,0.4178856
0.47635275,1.0,0.5133283
0.7207757,1.0,0.5002072
0.85591143,1.0,0.10891471
0.6876046,0.0,0.041831158
0.7507818,1.0,0.3473992
0.5872001,1.0,0.13458663
0.830368,0.0,0.0
0.6029572,0.0,0.49926838
0.63356096,1.0,0.6167193
0.5779813,0.0,0.101402186
0.709485,1.0,0.482795
0.7706235,0.0,0.09535385
0.6791329,0.0,0.0
0.7424309,1.0,0.37698856
0.80065084,1.0,0.105674
0.7361685,1.0,0.69472253
0.5044977,1.0,0.6979241
0.6542247,0.0,0.6270534
0.71781725,0.0,0.15858519
0.37737077,0.0,0.29163745
0.556281,0.0,0.2822713
0.603106,0.0,0.570954
0.5175847,1.0,0.8451642
0.5775898,0.0,0.3189353
0.50913066,1.0,0.22558972
0.49199036,1.0,0.1680224
0.6898409,1.0,0.11576016
0.4316594,0.0,0.14285818
0.77102125,0.0,0.07126155
0.79075813,0.0,0.03583085
0.86805147,0.0,0.04793552
0.5628936,0.0,0.44781762
0.5863936,0.0,0.4819648
0.80239487,0.0,0.27743065
0.83779234,0.0,0.09954566
0.6173943,0.0,0.6597409
0.533364,0.0,0.48129493
0.78881466,0.0,0.6470321
0.85000074,0.0,0.019184537
0.8070722,0.0,0.29250577
0.693629,0.0,0.08002306
0.8193828,0.0,0.051032495
0.6305818,0.0,0.23524399
0.6755564,0.0,0.008110315
0.8676946,0.0,0.4006737
0.77879137,0.0,0.06197421
0.9355498,0.0,0.034729343
0.7263034,0.0,0.068576045
0.7468847,0.0,0.0
0.8650518,0.0,0.0
0.76026154,0.0,0.03766073
0.75495124,0.0,0.0
0.63331884,0.0,0.455711
0.6413407,0.0,0.233223
0.9189064,0.0,0.096568756
0.7628165,0.0,0.16210988
0.7361137,0.0,0.39928794
0.77681834,0.0,0.20237668
0.93332493,0.0,0.3702109
0.79355085,0.0,0.8197432
0.8126668,0.0,0.5412905
0.8191127,0.0,0.7661752
0.53230655,0.0,0.6550317
0.52093124,0.0,0.68264794
0.5023959,0.0,0.14853807
0.51781225,0.0,0.00011903637
0.38350055,0.0,0.5629487
0.44422156,0.0,0.4330095
0.62918735,0.0,0.06862725
0.5343692,0.0,0.41639924
0.5354472,0.0,0.12953115
0.6832889,0.0,0.36513853
0.44799635,0.0,0.27131054
0.78781813,0.0,0.18273422
0.573433,0.0,0.13437858
0.6300261,0.0,0.28580278
0.6686103,0.0,0.021384876
0.41358668,0.0,0.506639
0.41812435,0.0,0.35026097
0.49390814,0.0,0.015787533
0.55601144,0.0,0.11749167
0.50746596,0.0,0.45759842
0.5182479,0.0,0.0034583278
0.7030288,0.0,0.023059199
0.6329893,0.0,0.35649335
0.49023724,0.0,0.213716
0.8693905,0.0,0.0
0.44565496,0.0,0.22733074
0.51616704,0.0,0.58735996
0.44849214,0.0,0.33594397
0.5749385,0.0,0.16696185
0.48258293,0.0,0.5215868
0.45339945,0.0,0.78002983
0.65305716,0.0,0.1348709
0.5127534,0.0,0.012481228
0.39075354,0.0,0.32864422
0.58361214,0.0,0.28516537
0.50412124,0.0,0.2740009
0.5200631,0.0,0.4177942
0.72241795,0.0,0.13988493
0.47987267,0.0,0.18474054
0.49761108,0.0,0.3500578
0.68346167,0.0,0.04164115
0.5641139,0.0,0.3877582
0.63314,0.0,0.43416354
0.5718398,0.0,0.43487942
0.6783171,0.0,0.24831234
0.5733117,0.0,0.23941967
0.89914507,0.0,0.0
0.70529866,0.0,0.13708156
0.6357362,0.0,9.5585085e-05
0.7622413,0.0,0.0058791623
0.57996774,0.0,0.28479794
0.8841817,0.0,0.0
0.6740387,0.0,0.10296234
0.5772398,0.0,0.251281
0.6247415,0.0,0.35525116
0.58432174,0.0,0.60633004
0.51593447,0.0,0.6468388
0.42160437,0.0,0.7350701
0.5265547,0.0,0.19271669
0.5438398,0.0,0.25368646
0.7440313,0.0,0.0
0.6425333,0.0,0.0
0.55612147,0.0,0.0
0.50160104,0.0,0.0035688253
0.55558217,0.0,0.005641527
0.5834837,0.0,0.0
0.81592834,0.0,0.00038965628
0.62369204,0.0,0.015053507
0.7263048,1.0,0.013772575
0.60442704,0.0,0.0
0.6736391,1.0,0.099930696
0.43329543,1.0,0.020372668
0.7292443,0.0,0.112828925
0.55028784,0.0,0.015053259
0.5659477,0.0,0.0
0.63736004,0.0,0.0053144093
0.8589182,0.0,0.09836554
0.7350518,0.0,0.0
0.72351086,0.0,0.0
0.85559094,0.0,0.024145532
0.75447804,0.0,0.101070546
0.8450934,0.0,0.0018664243
0.93322945,0.0,0.0
0.7600278,0.0,0.101379596
0.60020304,0.0,0.22942203
0.9288198,0.0,0.0038334236
0.83848935,0.0,0.109961696
0.54728514,0.0,0.45007485
0.6499863,0.0,0.12504728
0.6234832,0.0,0.24984059
0.43685034,0.0,0.47771278
0.51684314,0.0,0.6621802
0.6476361,0.0,0.28574666
0.53881466,0.0,0.6822861
0.5220658,0.0,0.35924834
0.7440826,0.0,0.0032891133
0.6241755,0.0,0.17145947
0.5729587,0.0,0.38840422
0.7281039,0.0,0.0012337532
0.7594806,0.0,0.0
0.5904951,0.0,0.34429643
0.5287106,0.0,0.366093
0.690502,0.0,0.014281696
0.61861247,0.0,0.03482257
0.68203133,0.0,0.0006642811
0.7935933,0.0,0.027031034
0.6621478,0.0,0.0041170046
0.8258365,0.0,2.770007e-05
0.7901827,0.0,0.017302074
0.7424105,0.0,0.025203949
0.60131305,0.0,0.005724852
0.75434,0.0,0.0030168872
0.58229727,0.0,0.0
0.8448822,0.0,0.009646899
0.757775,0.0,0.0
0.94741374,0.0,0.01987314
0.61044073,0.0,0.16334777
0.62793964,0.0,0.1611604
0.79340637,0.0,0.035105594
0.65770113,0.0,0.2999183
0.63447464,0.0,0.56989706
0.75482476,0.0,0.56017166
0.915592,1.0,0.30187273
0.7512826,0.0,0.21558842
0.86970866,1.0,0.3794167
0.671212,0.0,0.12063775
0.75973773,1.0,0.077608384
0.6432601,0.0,0.018483438
0.81041336,0.0,0.00074214395
0.8066542,0.0,0.13755575
0.80464804,0.0,0.06433887
0.5457822,0.0,0.5311617
0.83525354,0.0,0.038071573
0.64884675,0.0,0.56327736
0.6862109,0.0,0.9009068
0.87018555,0.0,0.2494789
0.6308124,0.0,0.9042013
0.6223414,0.0,0.23529369
0.54425836,0.0,0.32829237
0.7332152,0.0,0.005386957
0.8153639,0.0,0.024404744
0.775692,0.0,0.0
0.6602966,0.0,0.0046760966
0.7257827,0.0,0.10835992
0.7585012,0.0,0.028358663
0.74958587,0.0,0.0
0.78306735,0.0,0.000472627
0.51668286,0.0,0.44875818
0.83402824,0.0,0.0787361
0.75386894,0.0,0.16787173
0.8270476,0.0,0.2035319
0.6573132,0.0,0.3566019
0.62206274,0.0,0.4907188
0.591068,0.0,0.49657303
0.65563655,0.0,0.19895189
0.5524949,0.0,0.22486198
0.7564756,0.0,0.17128542
0.5221761,0.0,0.5676232
0.54598564,0.0,0.3840943
0.5167334,0.0,0.18447618
0.6651795,1.0,0.4210133
0.7135456,1.0,0.18474704
0.58714825,1.0,0.33083156
0.74204314,1.0,0.2262932
0.7664621,0.0,0.022840925
0.6516673,0.0,0.10644936
0.8945327,0.0,0.008253984
0.57581246,0.0,0.53275037
0.68020463,0.0,0.5109873
0.622936,0.0,0.17720503
0.8920541,0.0,0.14284045
0.8188248,0.0,0.2244787
0.7461009,0.0,0.041168384
0.46435365,0.0,0.34930998
0.59965307,0.0,0.014801263
0.6542593,0.0,0.0051692794
0.5391692,0.0,0.35651806
0.60251874,0.0,0.043829445
0.80792004,0.0,0.00499363
0.75279516,0.0,0.05079943
0.6685365,0.0,0.34580994
0.5893571,0.0,0.106514275
0.8047409,0.0,0.066470616
0.7393049,0.0,0.60546774
0.47754684,0.0,0.64694214
0.6288463,0.0,0.16975622
0.45294112,0.0,0.5790893
0.43869674,0.0,0.20826942
0.5708398,0.0,0.03620911
0.50057566,0.0,0.32113823
0.7141525,0.0,0.0
0.7059635,0.0,0.00032486167
0.5583089,0.0,0.0
0.5599443,0.0,0.0077351974
0.6899552,0.0,0.00027755552
0.72383416,1.0,0.035573866
0.759946,1.0,0.027617149
0.5728177,1.0,0.26068047
0.7749025,1.0,0.2091998
0.71633786,0.0,0.092978016
0.89615947,1.0,0.076892786
0.688177,0.0,0.00020364499
0.7788306,0.0,0.019387996
0.6613122,0.0,0.01332864
0.7911485,0.0,0.006416293
0.80015534,0.0,0.10027788
0.8560001,0.0,0.0
0.5538393,0.0,0.19588149
0.6749845,0.0,0.26528987
0.58659786,0.0,0.61948454
0.5114943,0.0,0.4593142
0.49436355,0.0,0.60320544
0.75240916,0.0,0.025092583
0.5613419,0.0,0.7235746
0.70859706,0.0,0.21532181
0.6365749,0.0,0.26197094
0.603259,0.0,0.5351661
0.57020086,0.0,0.21463871
0.7693538,0.0,0.0
0.5860935,0.0,0.19655395
0.4512443,0.0,0.45837104
0.5443905,0.0,0.04021387
0.61793417,0.0,0.0
0.6166843,0.0,0.47260815
0.49261963,0.0,0.37218186
0.7205512,0.0,0.0
0.7304198,0.0,0.08738569
0.45356232,0.0,0.49717498
0.59655184,0.0,0.21686132
0.71176887,0.0,0.0012442069
0.7426961,0.0,0.25258335
0.48292243,0.0,0.5680378
0.65923953,0.0,0.3900949
0.60868394,0.0,0.4060248
0.54455686,0.0,0.4089858
0.4967052,0.0,0.10487004
0.35321364,0.0,0.7103805
0.8274674,0.0,0.058880284
0.4762473,0.0,0.55564165
0.67473066,0.0,0.28454438
0.68468815,0.0,0.061736543
0.6589269,0.0,0.066861875
0.7107543,0.0,0.059094545
0.5634811,0.0,0.15425159
0.43289062,1.0,0.6895303
0.62685925,1.0,0.23610428
0.7818445,1.0,0.30021754
0.74209404,1.0,0.44591278
0.4800955,0.0,0.29912084
0.5625118,0.0,0.030498782
0.7950111,0.0,0.00039496893
0.8171469,0.0,0.0
0.6893677,0.0,0.014782471
0.7493059,0.0,0.015599044
0.4773784,0.0,0.013556862
0.75906384,0.0,0.004667864
0.71433043,0.0,0.04674095
0.59024185,0.0,0.0
0.6484905,0.0,0.0906434
0.65037453,0.0,0.44417608
0.64842296,0.0,0.39985234
0.5814491,0.0,0.57957315
0.65703166,0.0,0.03926243
0.47166154,0.0,0.28757814
0.7738036,0.0,0.022234337
0.5405643,0.0,0.0
0.845228,0.0,5.0241775e-05
0.69356567,0.0,0.061696563
0.70222133,0.0,0.0016144882
0.71426857,1.0,0.08783565
0.7802251,0.0,0.00082099455
0.84224087,0.0,0.10276218
0.87255967,0.0,0.09033023
0.5745859,1.0,0.57987404
0.63953835,1.0,0.36306536
0.51232666,1.0,0.71230316
0.49999958,0.0,0.34635463
0.7434904,0.0,0.06691706
0.90696144,1.0,0.14446162
0.77169454,0.0,0.49712604
0.854194,0.0,0.016421415
0.6418073,0.0,0.26348552
0.62430847,0.0,0.2599855
0.4523735,0.0,0.580837
0.5964066,0.0,0.2030131
0.5996118,0.0,1.8224277e-05
0.55635583,0.0,0.23021008
0.59332925,0.0,0.21136114
0.5535724,0.0,0.0010771157
0.68392766,0.0,0.0
0.73791176,0.0,0.35921314
0.5139883,0.0,0.0014312799
0.72144765,0.0,0.00093780394
0.51682705,0.0,0.016134264
0.55125535,0.0,0.2596199
0.7453458,0.0,0.001655146
0.69873554,0.0,0.0
0.5933268,0.0,0.1509431
0.5902163,0.0,0.16175023
0.8550713,0.0,0.00015908813
0.80544513,0.0,0.0
0.56190014,0.0,0.30130032
0.6380555,0.0,0.17446502
0.7528209,0.0,0.031332456
0.63911587,0.0,0.18753216
0.5936693,0.0,0.5045935
0.58484674,0.0,0.39508277
0.5952431,0.0,0.9883398
0.53409606,0.0,0.912636
0.5016474,0.0,0.2468158
0.51013684,0.0,0.31103036
0.47800505,0.0,0.58511764
0.43100291,0.0,0.32698014
0.64667094,0.0,0.36393076
0.52036506,0.0,0.25777775
0.80476916,0.0,0.009619588
0.4861198,0.0,0.00344513
0.6309689,0.0,0.0
0.64072394,0.0,0.0
0.50978106,0.0,0.008800227
0.5693275,0.0,0.0
0.63098574,0.0,0.25234646
0.73994756,0.0,0.26192802
0.5446395,0.0,0.5942645
0.6029805,0.0,0.5479368
0.8147267,0.0,0.0005380969
0.56203276,0.0,0.17895013
0.6428915,0.0,0.30633464
0.881404,0.0,0.004553889
0.72396445,0.0,0.29770628
0.6648199,0.0,0.28559905
0.9118318,0.0,0.00036758807
0.78540033,0.0,0.0397131
0.7753454,0.0,0.43468362
0.5710464,0.0,0.24424048
0.5812503,0.0,0.5168245
0.6807317,0.0,0.17186263
0.8285207,0.0,0.035650726
0.4941498,0.0,0.26463726
0.7853412,0.0,0.016574223
0.5651576,0.0,0.0
0.6111962,0.0,0.013187303
0.79372185,0.0,0.00060069456
0.69450927,0.0,0.0
0.79299206,0.0,0.028747713
0.84509337,0.0,0.0038762954
0.6307003,0.0,0.18892756
0.65206945,0.0,0.3070697
0.5167858,0.0,0.023935271
0.46213856,0.0,0.09436835
0.480653,0.0,0.5591828
0.46232665,0.0,0.33056808
0.5181389,0.0,0.42187852
0.5405418,0.0,0.6691725
0.75894636,0.0,0.21319838
0.46129444,0.0,0.38752434
0.6146068,0.0,0.13919199
0.49132282,0.0,0.26040083
0.5567157,0.0,0.036299646
0.53510165,0.0,0.23621479
0.49956533,0.0,0.62160003
0.618579,0.0,0.086011305
0.803357,0.0,0.48199284
0.5902759,0.0,0.41541916
0.52996397,0.0,0.6592835
0.6240441,0.0,0.30130532
0.7065896,0.0,0.021039309
0.726032,0.0,0.07931768
0.6441168,0.0,0.411622
0.7522034,0.0,0.02558034
0.5651845,0.0,0.0
0.53278923,0.0,0.39377514
0.54611075,0.0,0.20217629
0.70874304,0.0,0.0
0.87410927,0.0,0.22013515
0.48624256,0.0,0.5505091
0.6610659,0.0,0.5645199
0.52598035,0.0,0.56998914
0.67444044,0.0,0.07812072
0.6068754,0.0,0.17546675
0.78159165,0.0,0.0
0.6612305,0.0,0.018527692
0.93057275,0.0,0.0004890125
0.7359133,0.0,0.0
0.90082777,0.0,0.0
0.7566962,0.0,0.0019070443
0.6147523,0.0,0.015570088
0.5925961,0.0,0.36816132
0.75174904,0.0,0.35933733
0.65629244,0.0,0.72069436
0.5108235,0.0,0.37976104
0.74776506,0.0,0.053897902
0.57660437,0.0,0.29597917
0.76646566,0.0,2.3365565e-05
0.49228984,0.0,0.38150185
0.62031907,0.0,0.2548461
0.53757447,0.0,0.42823777
0.58479357,0.0,0.5390775
0.5182263,0.0,0.0057103774
0.8520634,0.0,0.0
0.62972254,0.0,0.29785785
0.7044853,0.0,0.28476363
0.86548585,0.0,0.0011089594
0.6949991,0.0,0.04524959
0.520838,0.0,0.3558212
0.62849414,0.0,0.17155324
0.89805067,0.0,0.00087444345
0.7993841,0.0,0.19763888
0.44901603,0.0,0.12627219
0.7620368,0.0,0.014961347
0.9236522,0.0,0.018770173
0.9344806,0.0,0.01876845
0.6201275,0.0,0.28692427
0.54703707,0.0,0.080910176
0.5350863,0.0,0.6851584
0.56401986,0.0,0.47501433
0.55803984,0.0,0.9235179
0.50885606,0.0,0.55231744
0.83955353,0.0,0.19766718
0.6564981,0.0,0.6784935
0.7129798,0.0,0.22369711
0.65025085,0.0,0.352769
0.9340563,0.0,0.04264445
0.685141,0.0,0.35678825
0.6943283,0.0,0.5728574
0.8925034,0.0,0.015993135
0.7153237,0.0,0.26536262
0.8873898,0.0,0.0054488024
0.78943014,0.0,0.07306399
0.75738484,0.0,0.0
0.59482217,0.0,0.0
0.78010184,0.0,0.0003909551
0.5708132,0.0,0.0143750785
0.7772219,0.0,0.0
0.74471706,0.0,0.0576077
0.39145035,0.0,0.1641487
0.5799597,0.0,0.3366744
0.62292653,0.0,0.31633458
0.6354953,0.0,0.4264679
0.61647844,0.0,0.6492301
0.756635,0.0,0.40543658
0.5537708,0.0,0.013668912
0.7184573,0.0,0.21367896
0.8350342,0.0,0.0017564263
0.71103364,0.0,0.12809123
0.59242517,0.0,0.20241886
0.79749197,0.0,0.0
0.92502767,0.0,0.0
0.65571314,0.0,0.36350068
0.744823,0.0,0.19874562
0.7899683,0.0,0.005065138
0.8914313,0.0,0.18062167
0.64741313,0.0,0.5272726
0.741028,0.0,0.21286549
0.90603065,0.0,0.25785258
0.59625816,0.0,0.29687363
0.6046534,0.0,0.6512537
0.7011731,0.0,0.8086644
0.6532096,0.0,0.391135
0.6280146,0.0,0.8857366
0.5118895,0.0,0.36246246
0.6055931,0.0,0.24278459
0.72212803,0.0,0.26760754
0.89259654,0.0,0.023660604
0.72410244,0.0,0.095915616
0.8091634,0.0,0.017781405
0.57592547,0.0,0.03316316
0.84413224,0.0,0.030453399
0.6948284,0.0,0.010665747
0.84466493,0.0,0.037668686
0.66262496,0.0,0.33231473
0.44930476,0.0,0.0012015277
0.66191494,0.0,0.28193453
0.7373857,0.0,0.28228706
0.5059961,0.0,0.64752626
0.6620572,0.0,0.16205226
0.6976128,0.0,0.44285342
0.6580955,0.0,0.49199602
0.666658,0.0,0.027057206
0.7775355,0.0,0.095869124
0.7247608,0.0,0.18085569
0.518004,0.0,0.35532886
0.7662439,0.0,0.01581903
0.8072254,0.0,0.01970464
0.6638085,0.0,0.6136888
0.7224264,0.0,0.28014827
0.86407346,0.0,0.36241764
0.79344606,0.0,0.3098646
0.92207015,0.0,0.022829395
0.68716115,0.0,0.15663894
0.77829283,0.0,0.09830248
0.87842524,0.0,0.005572521
0.76833093,0.0,0.009580487
0.6989841,0.0,0.006681971
0.6998974,0.0,0.012218198
0.6038047,0.0,0.0035421231
0.6568847,0.0,0.082581945
0.5989831,0.0,0.10567099
0.7018073,0.0,0.64057404
0.50087243,0.0,0.20106576
0.45978847,1.0,0.6713073
0.5605337,1.0,0.5951901
0.5348093,0.0,0.09628836
0.54624265,1.0,0.045856524
0.6925076,1.0,0.13472024
0.7034394,1.0,0.5350185
0.6098353,1.0,0.4966401
0.5687991,1.0,0.29017413
0.67656916,0.0,0.047317676
0.59373945,1.0,0.3777034
0.56122726,1.0,0.28067416
0.65153575,0.0,0.050809216
0.7933424,0.0,0.005439097
0.6066497,1.0,0.32990745
0.569162,0.0,0.46418276
0.84718484,0.0,0.0007933766
0.5920192,0.0,0.028230764
0.56274396,0.0,0.5897575
0.7741553,0.0,0.33126426
0.86998,0.0,0.14435484
0.6129057,0.0,0.66668105
0.7255747,0.0,0.6378711
0.6300788,0.0,0.029084979
0.76987267,0.0,0.4565027
0.9308678,0.0,0.0
0.69114566,0.0,0.013563798
0.8391576,0.0,0.0056668026
0.642447,0.0,0.0
0.64930975,0.0,0.007138909
0.676629,0.0,0.043454807
0.76307106,0.0,0.0
0.70199823,0.0,0.1513082
0.6773143,1.0,0.29768175
0.7397111,1.0,0.70796114
0.88683265,1.0,0.22804342
0.625869,1.0,0.7470775
0.52332115,0.0,0.07258548
0.5682551,1.0,0.23728317
0.6461321,0.0,0.078419246
0.6961132,1.0,0.4176469
0.85316724,1.0,0.09703073
0.7489406,1.0,0.5641213
0.53521305,1.0,0.47455683
0.8693312,0.0,0.0
0.701417,1.0,0.4299514
0.71070313,1.0,0.5806416
0.74624836,1.0,0.2456918
0.92656726,0.0,0.06079829
0.75086707,0.0,0.036093727
0.60778075,0.0,0.3385737
0.6054667,1.0,0.22630073
0.88345456,0.0,0.0009500877
0.44596857,0.0,0.091593646
0.58037895,0.0,0.58949155
0.81678635,0.0,0.25136515
0.5736938,0.0,0.61322093
0.67660904,0.0,0.10874945
0.7130864,0.0,0.035850372
0.7335562,0.0,0.023809118
0.80596155,0.0,0.0
0.887341,0.0,0.009200495
0.88025874,0.0,0.0
0.82555145,0.0,0.0
0.7485635,0.0,0.10761831
0.76632094,0.0,0.022717327
0.60116565,0.0,0.060394056
0.8686353,0.0,0.19872491
0.7214851,0.0,0.22742906
0.9587763,0.0,0.017370977
0.70595497,0.0,0.36522734
0.5096423,0.0,0.5216363
0.7289917,0.0,0.24123521
0.56917584,0.0,0.48934427
0.80784357,0.0,0.022790466
0.53548706,0.0,0.012326058
0.7295628,0.0,0.3013242
0.82499444,1.0,0.46361384
0.93122643,0.0,0.0
0.68191034,0.0,0.22606742
0.84665513,1.0,0.51665896
0.8436106,1.0,0.14181358
0.8821093,0.0,0.0072923237
0.46487382,0.0,0.51006746
0.5844962,0.0,0.35174882
0.5079023,0.0,0.18698733
0.6377912,0.0,0.19780675
0.6759615,0.0,0.05328137
0.48134845,0.0,0.38898286
0.60483587,0.0,0.44440228
0.5507284,0.0,0.1045941
0.6157516,0.0,0.45289108
0.6403317,0.0,0.0939498
0.6662358,0.0,0.110462405
0.62093514,0.0,0.65848756
0.51822525,0.0,0.5633915
0.79932064,0.0,0.20326638
0.6308076,0.0,0.3304316
0.8385579,0.0,0.06835405
0.5150202,0.0,0.110029265
0.46429273,0.0,0.010901788
0.7390005,0.0,0.0
0.659078,0.0,0.07120828
0.7303578,0.0,0.070293896
0.72322893,0.0,0.38300294
0.75316495,0.0,0.18092038
0.525897,0.0,0.43481937
0.6235981,0.0,0.70759916
0.70301646,0.0,0.1289998
0.64953136,1.0,0.2969795
0.5500548,0.0,0.1557325
0.59187496,0.0,0.124935836
0.6891868,0.0,0.020614296
0.8209403,0.0,0.0007554017
0.71144336,0.0,0.0062206513
0.72784317,0.0,0.026398815
0.8297398,0.0,0.03816754
0.93158615,0.0,0.01596119
0.58646977,0.0,0.17582181
0.67952836,0.0,0.018346386
0.85537535,0.0,0.34368116
0.48249578,0.0,0.50405794
0.5908859,0.0,0.33427423
0.46397218,0.0,0.17706203
0.60005224,0.0,0.349013
0.49291152,0.0,0.28966874
0.85496134,0.0,0.039309304
0.61738473,0.0,0.051688343
0.79697824,0.0,0.004111069
0.50853455,0.0,0.04671131
0.6074994,0.0,0.0089992145
0.6771974,0.0,0.0078034136
0.53420305,0.0,0.0067766435
0.699914,0.0,0.052718613
0.77118766,0.0,0.033199195
0.8440541,1.0,0.33262473
0.8463659,0.0,0.005874748
0.87062144,0.0,0.0
0.67582303,1.0,0.16907276
0.8257,0.0,0.0009232939
0.7945041,0.0,0.0022074385
0.84956586,0.0,0.0073453668
0.7712579,0.0,0.16195224
0.85626936,0.0,0.0
0.9126774,0.0,0.011140446
0.8508955,0.0,0.019001953
0.6428707,0.0,0.09166021
0.63385266,0.0,0.047735427
0.8436146,0.0,0.023429606
0.9170824,0.0,0.02120007
0.6325184,0.0,0.042585038
0.8700328,0.0,0.019591438
0.8257747,0.0,0.21142945
0.71927774,0.0,0.068437845
0.76133573,0.0,0.06420373
0.56954587,0.0,0.79300845
0.6907448,0.0,0.44814107
0.4767805,0.0,0.24137147
0.6815177,0.0,0.48414385
0.52483016,0.0,0.2398291
0.5627235,0.0,0.40254366
0.6028054,0.0,0.55490255
0.76723427,0.0,0.14381729
0.43450016,0.0,0.6732388
0.5600688,0.0,0.29046506
0.5675092,0.0,0.008086688
0.5548521,0.0,0.04296073
0.756448,0.0,0.010095772
0.4967431,0.0,0.20402086
0.54169786,0.0,0.2681704
0.7767191,0.0,0.0072633172
0.89043903,0.0,0.0039429995
0.73916894,0.0,0.04877083
0.8387906,0.0,0.0014873766
0.90366834,0.0,0.019424397
0.7332268,0.0,0.0
0.8018627,0.0,0.0
0.7698776,0.0,0.0104564885
0.50043744,0.0,0.0073381457
0.718961,0.0,0.00971208
0.5717062,0.0,0.299597
0.6794385,0.0,0.00035477598
0.9070731,0.0,0.106123984
0.87802356,0.0,0.021718426
0.8558463,0.0,0.015466524
0.5709257,0.0,0.23752995
0.5986911,0.0,0.13127181
0.5188338,1.0,0.6721433
0.50791055,1.0,0.60410553
0.4588177,1.0,0.40971282
0.51828605,1.0,0.45546874
0.74779654,0.0,0.07415257
0.7688071,1.0,0.2933507
0.69738483,0.0,0.24723504
0.66110367,0.0,0.0
0.68156636,0.0,0.43305743
0.6235989,0.0,0.28006712
0.6160656,0.0,0.008905997
0.8115165,0.0,0.0037031593
0.63655585,0.0,0.46223724
0.6895388,0.0,0.08031081
0.8971808,0.0,0.0658128
0.6757403,0.0,0.03584003
0.5548054,0.0,0.3430285
0.60487103,0.0,0.0034094802
0.906828,0.0,0.036460623
0.6753695,0.0,0.2329828
0.51923543,0.0,0.24639186
0.73240036,0.0,0.004727354
0.85565203,0.0,0.010003578
0.5860791,0.0,0.36948758
0.6169946,0.0,0.53125226
0.76130027,0.0,0.17846948
0.51802903,0.0,0.3757144
0.60860354,0.0,0.3937122
0.78691465,0.0,0.042871546
0.5668583,0.0,0.26954666
0.4231632,0.0,0.5968984
0.570818,0.0,0.6409704
0.55585253,0.0,0.6245138
0.89486074,0.0,0.03746572
0.64226896,0.0,0.28026918
0.8584955,0.0,0.0109887365
0.79718846,0.0,0.0033425852
0.5366298,0.0,0.055083286
0.6802781,0.0,0.015019025
0.71616995,0.0,0.0
0.6044528,0.0,0.041133914
0.83611655,1.0,0.11049552
0.6307808,1.0,0.027233586
0.7507405,0.0,0.0
0.774472,0.0,0.0
0.56671023,0.0,0.0
0.6962066,0.0,0.0
0.65883017,0.0,0.006805758
0.550588,0.0,0.013287476
0.6101281,0.0,0.09894674
0.7377993,0.0,0.023886772
0.87590796,0.0,0.0030523334
0.612972,0.0,0.2449758
0.7078355,0.0,0.1539204
0.6709007,0.0,0.047577236
0.559078,0.0,0.15045981
0.74708974,0.0,0.5304834
0.79444396,0.0,0.23085125
0.46548948,0.0,0.78732854
0.61403567,0.0,0.6618022
0.685245,0.0,0.25543228
0.597346,0.0,0.30241647
0.7785483,0.0,0.030939927
0.51392996,0.0,0.53765726
0.7092712,0.0,0.09708491
0.5379103,0.0,0.20496619
0.6082949,0.0,0.0
0.7514994,0.0,0.011323904
0.6727567,0.0,0.025746042
0.69908684,0.0,0.01006381
0.76454836,0.0,0.01733486
0.7465181,0.0,0.004074127
0.72601366,0.0,0.0
0.86668164,1.0,0.0636363
0.67644966,0.0,0.00067667075
0.5692713,0.0,0.031322043
0.54225516,0.0,0.0
0.56820005,0.0,0.20000884
0.49448028,0.0,0.17966333
0.63344204,0.0,0.03048284
0.6736181,0.0,0.008891748
0.569622,0.0,0.2259672
0.45254415,0.0,0.25114188
0.7722127,1.0,0.024052246
0.60575044,0.0,0.091966026
0.48373097,0.0,0.15346473
0.62959135,0.0,0.02377889
0.66796917,0.0,0.0025056237
0.64228344,0.0,0.14460595
0.6747112,0.0,0.3327524
0.48415512,0.0,0.4843497
0.6028667,0.0,0.08205635
0.46180853,0.0,0.5275429
0.5164235,0.0,0.25088382
0.40195686,0.0,0.6105872
0.48096475,0.0,0.41868174
0.6653725,0.0,0.14696962
0.6038121,0.0,0.02391394
0.58552366,0.0,0.5233065
0.5322301,0.0,0.54150856
0.39415097,0.0,0.68186533
0.568112,0.0,0.17304145
0.6420165,0.0,0.05080322
0.5935757,0.0,0.40873173
0.51942885,0.0,0.40640798
0.6773883,0.0,0.0015965106
0.67742,0.0,0.5114618
0.5146594,0.0,0.58522165
0.435465,0.0,0.12544721
0.5696512,0.0,0.14094822
0.6159781,0.0,0.72336924
0.50279945,1.0,0.58040905
0.47224012,0.0,0.00029652184
0.7024624,0.0,0.13741297
0.56881577,0.0,0.37680572
0.605023,1.0,0.12759727
0.6790322,0.0,0.0
0.58448815,0.0,0.4044606
0.50043964,0.0,0.27767754
0.6256593,0.0,0.0
0.7331599,0.0,0.089608304
0.55349845,0.0,0.62221164
0.6862993,0.0,0.41176602
0.5135241,0.0,0.43154258
0.5413662,0.0,0.26268172
0.5959261,1.0,0.39534304
0.5866822,1.0,0.7483451
0.53023416,0.0,0.09247582
0.547355,0.0,0.0
0.6456526,1.0,0.1184076
0.564705,1.0,0.3435035
0.5993744,0.0,0.0
0.65207356,1.0,0.00786387
0.5995284,1.0,0.47145352
0.47964746,1.0,0.28865656
0.61206007,0.0,0.0
0.6689489,1.0,0.14665218
0.46351257,1.0,0.4641312
0.62293035,0.0,0.13165565
0.7883078,0.0,0.003218778
0.7787285,1.0,0.13619328
0.6717875,1.0,0.24721229
0.5993599,0.0,0.09052806
0.70018893,0.0,0.0
0.38570604,1.0,0.46834528
0.5182118,1.0,0.70391333
0.5557387,0.0,0.3246824
0.46987474,0.0,0.09214066
0.5152456,0.0,0.27651572
0.6992572,0.0,0.002626126
0.6917713,1.0,0.11503274
0.66033745,1.0,0.23034246
0.63108397,0.0,0.0
0.54757464,0.0,0.030386629
0.54987425,0.0,0.33409888
0.4625423,0.0,0.35107827
0.5122492,0.0,0.5713615
0.52668524,1.0,0.114048935
0.4988079,0.0,0.62710667
0.4690033,0.0,0.7231788
0.4503352,0.0,0.8015168
0.46315265,1.0,0.6633167
0.5891113,1.0,0.4503372
0.62376297,1.0,0.21788995
0.682871,0.0,0.051880915
0.50727767,0.0,0.56102777
0.65408987,0.0,0.3644333
0.6289979,0.0,0.18339813
0.5221738,0.0,0.41323167
0.6323989,0.0,0.16910744
0.6206024,0.0,0.023139805
0.5181444,0.0,0.12896211
0.4357695,0.0,0.3179666
0.5783046,0.0,0.0030480009
0.7457043,0.0,0.052665133
0.58624053,0.0,0.23090133
0.6065252,0.0,0.13656452
0.6470988,0.0,0.58940977
0.59330875,0.0,0.39206144
0.84051687,0.0,0.027025606
0.5629848,0.0,0.14932784
0.49043676,0.0,0.48666143
0.63469154,0.0,0.092983484
0.6220045,0.0,0.04479897
0.4671262,0.0,0.34936592
0.55385935,0.0,0.13439731
0.47995415,0.0,0.34785742
0.71373236,0.0,0.18515363
0.5374624,0.0,0.7065274
0.5379224,0.0,0.5840585
0.71130955,0.0,0.0043254914
0.38404974,1.0,0.4647102
0.59629095,0.0,0.24196579
0.6930355,0.0,0.33706757
0.63462883,1.0,0.18431728
0.5056184,1.0,0.6905966
0.4780932,1.0,0.33157593
0.5177851,0.0,0.03303987
0.54379386,1.0,0.26727888
0.60351837,1.0,0.38213548
0.47048193,1.0,0.18305275
0.6338875,0.0,0.0
0.69801027,1.0,0.20359093
0.5804948,1.0,0.47587222
0.5153286,1.0,0.21600796
0.71447265,0.0,0.002879122
0.7316359,0.0,5.0261347e-06
0.5262387,1.0,0.1420552
0.6401479,0.0,0.0
0.46972498,0.0,0.12607543
0.6027697,0.0,0.09061199
0.66290635,0.0,0.0942267
0.55388045,0.0,0.17254882
0.6408199,0.0,0.48069465
0.8130057,0.0,0.101288006
0.7563276,0.0,0.0061694924
0.641076,0.0,0.16728663
0.64057475,0.0,0.44398275
0.8153024,0.0,0.016671324
0.84462833,0.0,0.0
0.5293453,0.0,0.35699007
0.5191606,0.0,0.49722466
0.6417471,0.0,0.4554999
0.76158214,0.0,0.050822917
0.5896146,0.0,0.10851677
0.74613255,0.0,0.012569681
0.65317464,0.0,0.0
0.818708,0.0,0.0013686321
0.5838754,0.0,0.010095222
0.8124458,0.0,0.0
0.6858442,0.0,0.0
0.69512105,0.0,0.026305227
0.820727,0.0,0.04735362
0.8485804,0.0,0.0
0.75587946,0.0,0.00257616
0.69814754,1.0,0.27226612
0.6659303,1.0,0.035717495
0.8461251,0.0,0.024279881
0.5994518,0.0,0.07769328
0.8128872,0.0,0.07531905
0.8119239,0.0,0.017464848
0.8033343,0.0,0.0018354306
0.779144,0.0,0.31776017
0.84742385,0.0,0.11466902
0.85544854,0.0,0.008683709
0.7686863,0.0,0.014424909
0.73719126,0.0,0.23481801
0.3927708,0.0,0.5813236
0.6468008,0.0,0.042731725
0.43086672,0.0,0.4859496
0.7520007,0.0,0.040546294
0.6105184,0.0,0.3716795
0.61347157,0.0,0.24629572
0.6954915,0.0,0.36722073
0.53061247,0.0,0.30371416
0.64952075,0.0,0.33001283
0.7370205,0.0,0.016071275
0.6917763,0.0,0.49617466
0.5847892,0.0,0.59180325
0.77831763,0.0,0.14500663
0.53024983,0.0,0.3653416
0.7219188,0.0,0.52815914
0.6013487,0.0,0.6400009
0.5324531,0.0,0.5296003
0.8954766,0.0,0.03542396
0.7372289,0.0,0.44256383
0.60918766,0.0,0.0018303286
0.52338994,0.0,0.41027084
0.8041528,0.0,0.47988972
0.77270687,0.0,0.31874797
0.49958616,0.0,0.6088521
0.4503693,0.0,0.5424078
0.5175858,0.0,0.46297312
0.73586804,0.0,0.014998105
0.862176,0.0,0.0
0.59723836,0.0,0.22879581
0.77532804,0.0,0.03343606
0.5910696,0.0,0.07384787
0.4439458,0.0,0.20639338
0.67055964,0.0,0.19446446
0.5712566,0.0,0.495236
0.82203585,0.0,0.11513508
0.81066436,0.0,0.00012969278
0.85638475,0.0,0.0
0.7187941,0.0,0.027677635
0.6570178,0.0,0.0
0.7584907,0.0,0.14509933
0.66962683,0.0,0.011071173
0.53762025,0.0,0.22115114
0.46483347,0.0,0.4299913
0.6924707,0.0,0.0
0.6872277,0.0,0.00022694569
0.8001585,0.0,0.03598961
0.77665466,0.0,0.11675811
0.7186586,0.0,0.010375379
0.7684773,0.0,0.014716669
0.92785275,0.0,0.26247552
0.91411006,0.0,0.16479596
0.46574578,0.0,0.18913598
0.69251657,0.0,0.17998488
0.7289773,0.0,0.25917092
0.49384725,0.0,0.11479435
0.64470166,0.0,0.0084026875
0.76841784,0.0,0.0659221
0.66076607,0.0,0.010261849
0.8790489,0.0,0.0019523005
0.8228416,0.0,0.018215751
0.6553018,0.0,0.14056718
0.49164948,0.0,0.20738633
0.72833973,0.0,0.0
0.7451197,0.0,0.027495094
0.42808282,0.0,0.3678831
0.455193,0.0,0.50158113
0.5717733,0.0,0.4536179
0.7492219,0.0,0.21131207
0.7110121,0.0,0.3365589
0.746518,0.0,0.19469441
0.47827563,0.0,0.62833786
0.4597731,0.0,0.55405015
0.87985456,0.0,0.0593567
0.5845251,0.0,0.6366219
0.9053068,0.0,0.2313734
0.58175695,0.0,0.42655227
0.6035827,0.0,0.6416179
0.66355836,0.0,0.5671232
0.78173226,0.0,0.09774573
0.5743335,0.0,0.34526017
0.70067245,0.0,0.23192722
0.76714206,0.0,0.32660675
0.6569681,0.0,0.7003538
0.6666679,0.0,0.29125872
0.46919164,0.0,0.7545751
0.5301845,0.0,0.29554665
0.7442889,0.0,0.0020252557
0.6368704,0.0,0.07591198
0.54892975,0.0,0.35054496
0.9006356,0.0,0.18334855
0.9118302,0.0,0.0
0.59492916,0.0,0.18923485
0.7235897,0.0,0.45935816
0.57376605,0.0,0.34435531
0.72411734,0.0,0.13813925
0.45570517,0.0,0.5870893
0.54716766,0.0,0.6426582
0.5654683,0.0,0.34868065
0.52802074,0.0,0.16040553
0.5598013,0.0,0.08267473
0.6906976,0.0,0.25216022
0.6823578,0.0,0.12139657
0.6697925,0.0,0.0
0.87596595,0.0,0.06481107
0.7264766,0.0,0.046598125
0.67608005,0.0,0.014283818
0.8543592,0.0,0.0
0.82030857,0.0,0.012992589
0.7287657,0.0,0.0
0.81273526,0.0,0.0070001744
0.7643183,0.0,0.010702265
0.74249727,0.0,0.24693255
0.43982473,0.0,0.4767704
0.51323456,0.0,0.31606397
0.47258368,0.0,0.42228028
0.4639335,0.0,0.66276973
0.69036555,0.0,0.21292292
0.6605263,0.0,0.22456834
0.6585535,0.0,0.32833117
0.85047776,0.0,0.0
0.96608335,0.0,0.0037752604
0.59442866,0.0,0.13434014
0.5575576,0.0,0.2522542
0.8928247,0.0,0.0
0.9088916,0.0,0.0
0.89477366,0.0,0.27921885
0.8724305,0.0,0.010838796
0.7879591,0.0,0.027228037
0.85454893,0.0,0.14732708
0.7698708,0.0,0.10349274
0.63477784,0.0,0.2551553
0.48858905,1.0,0.36799976
0.5433554,0.0,0.36090633
0.73512536,1.0,0.09780166
0.45773584,0.0,0.66797626
0.6689385,0.0,0.22802825
0.8514726,0.0,0.0
0.9149872,0.0,0.03155313
0.58416945,0.0,0.08578139
0.6425525,0.0,0.0
0.8272417,0.0,0.0
0.7610983,0.0,0.51604307
0.81696916,0.0,0.3257875
0.80028325,0.0,0.0
0.7793561,0.0,0.106177144
0.5699752,0.0,0.608348
0.63173926,0.0,0.33042985
0.563652,0.0,0.30773118
0.6305686,0.0,0.43569863
0.6396054,0.0,0.30379027
0.5404822,0.0,0.04956769
0.7022223,0.0,0.25212598
0.7060856,0.0,0.5138534
0.68273956,0.0,0.0010080109
0.8925656,0.0,0.025543222
0.66141933,0.0,0.06454741
0.6675225,0.0,0.16118667
0.8461797,0.0,0.020248836
0.9351147,0.0,0.0073070796
0.8000892,1.0,0.09731024
0.7896896,0.0,0.0035878194
0.8766328,0.0,0.04156121
0.65791994,1.0,0.07272521
0.75184846,1.0,0.30175552
0.57397264,1.0,0.29431194
0.5815293,0.0,0.50907373
0.6065362,0.0,0.35303727
0.6322925,0.0,0.20159675
0.5672625,0.0,0.448987
0.5806752,0.0,0.27726525
0.7694704,0.0,0.0021141963
0.81021154,0.0,0.016182465
0.62146336,0.0,0.29195142
0.6819639,0.0,0.106796086
0.57287806,0.0,0.00361682
0.7279268,0.0,0.28933728
0.5373335,0.0,0.17798238
0.57182103,0.0,0.023195373
0.7353036,0.0,0.0
0.56654394,0.0,0.42528227
0.49318033,0.0,0.23492384
0.52713454,0.0,0.100015335
0.5896103,0.0,0.75262076
0.77652246,0.0,0.5377344
0.74018145,0.0,0.10652124
0.74697655,0.0,0.30237308
0.56927425,0.0,0.5605606
0.7738157,0.0,0.19464831
0.7950237,0.0,0.4441494
0.62909067,0.0,0.895077
0.63109183,0.0,0.8169514
0.8191476,0.0,0.7283773
0.8016822,0.0,0.9012012
0.61127126,0.0,0.57827944
0.8528294,0.0,0.7981764
0.8075719,0.0,0.62553704
0.6240924,0.0,0.4346902
0.67077917,0.0,0.30096698
0.59217894,0.0,0.61963123
0.52209103,0.0,0.17951551
0.65450484,0.0,0.12540886
0.5791505,0.0,0.40707383
0.6950554,0.0,0.38236707
0.563385,0.0,0.0
0.6242403,0.0,0.1085597
0.6461292,0.0,0.44247496
0.74216,0.0,0.16518691
0.8203877,0.0,6.8039306e-05
0.7026342,0.0,0.1955192
0.6824229,0.0,0.26473886
0.74515194,0.0,0.03715836
0.6885755,0.0,0.29422995
0.5223804,0.0,0.5662545
0.5253715,0.0,0.4670032
0.5571645,0.0,0.37054735
0.43153176,0.0,0.60844177
0.52997303,0.0,0.6994773
0.7764217,0.0,0.4672444
0.6869453,0.0,0.3795512
0.7111914,0.0,0.23744322
0.8544973,0.0,0.13726442
0.88605154,0.0,0.16965337
0.5971829,0.0,0.017825387
0.8817343,0.0,0.11295094
0.55538046,0.0,0.030996786
0.78871065,0.0,0.0
0.9082278,0.0,0.033475697
0.80901736,0.0,0.0
0.64984334,1.0,0.012752018
0.7731796,0.0,0.0011188136
0.78209406,0.0,0.017213434
0.8231053,1.0,0.17916223
0.5562656,0.0,0.23888198
0.45856187,0.0,0.297351
0.600264,0.0,0.34498432
0.60546374,0.0,0.26877397
0.5599968,0.0,0.2639713
0.6977843,0.0,0.5479753
0.51534015,0.0,0.40799296
0.6755752,0.0,0.0
0.73713475,0.0,0.15057802
0.7035531,0.0,0.51836926
0.72027034,0.0,0.035862017
0.7480985,1.0,0.004991336
0.62064654,0.0,0.38084716
0.71901256,0.0,0.1721849
0.84614944,0.0,0.0
0.7198457,0.0,0.030259585
0.5694594,0.0,0.5240791
0.6060412,0.0,0.42313722
0.49261728,0.0,0.33289832
0.56966704,0.0,0.41762647
0.48547915,0.0,0.5093084
0.6310165,0.0,0.15176395
0.6858054,0.0,0.21180426
0.766674,0.0,0.23848061
0.68523955,0.0,0.013144817
0.8830452,0.0,0.17326851
0.7078908,1.0,0.0648609
0.8160923,1.0,0.10216844
0.80229676,0.0,0.067678824
0.7711246,0.0,0.0
0.89509237,1.0,0.2721279
0.8199416,0.0,0.004728942
0.7340048,0.0,0.05660386
0.85457957,1.0,0.20273499
0.7881618,1.0,0.34475657
0.6994957,0.0,0.37444213
0.52739114,0.0,0.6983278
0.6089477,0.0,0.3271095
0.8528161,0.0,0.09380485
0.72268987,0.0,0.5081638
0.6676893,0.0,0.4144929
0.88924015,0.0,0.0
0.77172536,0.0,0.05964974
0.6004229,0.0,0.46117857
0.66713935,0.0,0.019415947
0.6804702,1.0,0.018213691
0.64277583,0.0,0.3680859
0.76333106,0.0,0.24479459
0.7749529,0.0,0.0
0.73271704,0.0,0.06652815
0.5449994,0.0,0.5454278
0.59493107,0.0,0.24662721
0.5197651,0.0,0.132936
0.6027563,0.0,0.47338736
0.75814027,0.0,0.37803844
0.86893785,1.0,0.015587657
0.73732287,0.0,0.1154769
0.85256535,1.0,0.13910244
0.5642794,0.0,0.0
0.85439664,0.0,0.10875599
0.5701302,1.0,0.11981355
0.80583763,1.0,0.16512853
0.6967727,0.0,0.0090611745
0.6403953,0.0,0.0
0.8876828,1.0,0.31213748
0.80855757,0.0,0.0056550023
0.8495932,0.0,0.020194309
0.5708542,1.0,0.15534176
0.8560286,1.0,0.49301568
0.49442032,0.0,0.38187078
0.6142518,1.0,0.45812806
0.60485196,0.0,0.2639872
0.7039764,1.0,0.18623942
0.5274472,0.0,0.37553638
0.6641517,0.0,0.28829753
0.7491015,0.0,0.0
0.82817143,0.0,0.0006978974
0.5143285,0.0,0.2274488
0.6570791,0.0,0.06684231
0.70367694,0.0,0.0
0.61954737,0.0,0.0008959277
0.51418173,0.0,0.28725284
0.75528467,0.0,0.0
0.7477043,0.0,0.0
0.50934577,0.0,0.05265482
0.7458848,0.0,0.25217566
0.6653644,0.0,0.11455403
0.6900012,0.0,0.18556578
0.48330995,0.0,0.48799443
0.5121182,0.0,0.31228447
0.4584058,0.0,0.45121378
0.56902903,0.0,0.24946626
0.55408347,0.0,0.39372808
0.70350647,0.0,0.52279145
0.646551,0.0,0.6364325
0.59145707,0.0,0.76217604
0.63799834,0.0,0.18594888
0.58325255,0.0,0.17718163
0.5862474,0.0,0.75309396
0.8952402,0.0,0.25212517
0.7391336,0.0,0.24620628
0.61698717,0.0,0.4564569
0.6992152,1.0,0.49480596
0.58746654,0.0,0.033223365
0.75795215,0.0,0.01255166
0.5244654,1.0,0.41031918
0.67812735,1.0,0.13158014
0.83649445,0.0,0.0006647321
0.5267077,1.0,0.26102108
0.53417903,1.0,0.48887154
0.6763454,0.0,0.0
0.69220525,0.0,0.0005967848
0.5076095,1.0,0.3097824
0.6118536,1.0,0.36003318
0.7111902,0.0,0.26375565
0.58372843,1.0,0.44381216
0.6411584,1.0,0.21992113
0.47917816,1.0,0.5003911
0.5841262,0.0,0.5916982
0.75736177,0.0,0.005049561
0.81915265,1.0,0.18144503
0.58651614,0.0,0.49886596
0.55444956,0.0,0.10812624
0.6660854,0.0,0.004303011
0.7379268,1.0,0.4277617
0.6603944,0.0,0.5819527
0.49039754,0.0,0.35162595
0.8188436,0.0,0.26711354
0.88734424,0.0,0.013810182
0.47346875,0.0,0.2431694
0.51440394,0.0,0.34211767
0.8665577,0.0,0.0014511569
0.5884419,0.0,0.0055825305
0.50789446,0.0,0.54496485
0.5086739,0.0,0.3900378
0.6376266,0.0,0.05127255
0.41261443,0.0,0.6118898
0.63235706,0.0,0.14432846
0.47773913,0.0,0.72237813
0.5819155,0.0,0.45756343
0.58267176,0.0,0.7405213
0.6744306,0.0,0.29685947
0.6383799,0.0,0.43147236
0.6315312,0.0,0.4139587
0.5303135,0.0,0.61151075
0.7965106,0.0,0.21330808
0.8108322,0.0,0.25010803
0.6253099,0.0,0.12732172
0.5719662,0.0,0.58079493
0.71238047,0.0,0.5928386
0.92573166,0.0,0.10627803
0.6337385,0.0,0.24009342
0.7240133,0.0,0.6263242
0.65171,0.0,0.14922595
0.7930591,0.0,0.0
0.7274602,0.0,0.294482
0.71542877,0.0,0.42288944
0.79171145,0.0,0.04146968
0.7415979,0.0,0.06647514
0.60617286,0.0,0.47532445
0.64551795,0.0,0.29384357
0.8487659,0.0,0.17232613
0.7237098,0.0,0.6825418
0.66441566,0.0,0.45744953
0.5318312,0.0,0.68647254
0.6053481,0.0,0.08666665
0.49060193,0.0,0.7849177
0.79405105,0.0,0.22175346
0.56701744,0.0,0.4678052
0.73137707,0.0,0.23175052
0.53463715,0.0,0.7037374
0.62539524,1.0,0.3523858
0.6293529,0.0,0.0761
0.47101355,0.0,0.24074209
0.5357812,1.0,0.47153464
0.5550826,1.0,0.21074098
0.71873146,1.0,0.0818073
0.6396303,1.0,0.5428311
0.60776174,1.0,0.0814731
0.66048527,1.0,0.7048293
0.4634625,1.0,0.48542443
0.5448778,0.0,0.5303386
0.5581064,0.0,0.16113302
0.782832,0.0,0.01898541
0.48363543,0.0,0.41334128
0.45281553,0.0,0.7326552
0.5933252,0.0,0.35886788
0.44648355,0.0,0.57032603
0.45683235,0.0,0.66100734
0.5204941,0.0,0.22653465
0.5691923,0.0,0.11986688
0.77951306,0.0,0.02380006
0.5743587,0.0,0.25446767
0.6470057,1.0,0.075063825
0.7387448,0.0,0.09337856
0.5426195,0.0,0.018505458
0.7039787,0.0,0.00014953256
0.5818473,0.0,0.38896248
0.55566156,0.0,0.18766433
0.66411173,0.0,0.5663449
0.5815732,0.0,0.8082019
0.69558644,0.0,0.3310718
0.48675194,0.0,0.8416503
0.53244656,1.0,0.5122751
0.6691492,1.0,0.14045389
0.533066,1.0,0.19774629
0.5060773,1.0,0.37607193
0.79483044,0.0,0.25095448
0.8562746,1.0,0.015620846
0.7090255,0.0,0.0
0.79913545,0.0,0.0
0.51550597,0.0,0.10064649
0.6474408,0.0,0.07756941
0.70015526,0.0,0.59540784
0.55925316,0.0,0.39850435
0.52577317,0.0,0.7149961
0.6139794,0.0,0.63731617
0.73262167,0.0,0.102807015
0.84849507,0.0,0.06234869
0.8361294,0.0,0.026587129
0.7515414,0.0,0.1066318
0.75686455,0.0,0.0022319383
0.77280784,0.0,0.27865952
0.7065383,1.0,0.28833807
0.68104994,1.0,0.44839
0.68717295,1.0,0.122256234
0.61137545,1.0,0.510042
0.6293815,0.0,0.42779708
0.86480635,1.0,0.007903918
0.6852533,0.0,0.14990838
0.5947112,0.0,0.2927153
0.84867686,0.0,0.042112064
0.7555792,0.0,0.27387285
0.6945829,0.0,0.37981635
0.59850204,0.0,0.72537726
0.72012186,0.0,0.3960992
0.5753644,0.0,1.0
0.50352484,0.0,0.66964483
0.3808515,0.0,0.47747198
0.49202412,0.0,0.5515007
0.52743435,0.0,0.4143425
0.50109065,0.0,0.3985587
0.44316953,0.0,0.45673934
0.44163343,0.0,0.43636796
0.5142364,0.0,0.6279837
0.38022822,0.0,0.47009367
0.48188135,0.0,0.335563
0.45065087,0.0,0.44040003
0.41210943,0.0,0.6168521
0.5295296,0.0,0.16962625
0.61144024,0.0,0.20791826
0.5309869,0.0,0.4366172
0.5186775,0.0,0.36359066
0.7533904,0.0,0.0
0.66645503,0.0,0.17467812
0.57581544,0.0,0.59084934
0.5291272,0.0,0.35955587
0.67219955,0.0,0.0
0.5145988,0.0,0.28732732
0.5093178,0.0,0.65108764
0.5364819,0.0,0.2386597
0.5463217,0.0,0.1480152
0.46103954,0.0,0.32486358
0.52531946,0.0,0.5618586
0.613769,0.0,0.0
0.6825661,0.0,0.0302437
0.51695704,0.0,0.46456796
0.5962207,0.0,0.16033633
0.75906837,0.0,0.00046234205
0.60756075,0.0,0.24870037
0.42191353,0.0,0.51248103
0.6099458,0.0,0.21246253
0.63407904,0.0,0.64251596
0.6654635,0.0,0.11918092
0.78294337,0.0,0.10040918
0.60428435,0.0,0.52762836
0.57142085,0.0,0.45362994
0.5578483,0.0,0.30776024
0.5462645,0.0,0.3082516
0.6109661,0.0,0.28026006
0.68483305,0.0,0.23403166
0.7194096,0.0,0.0
0.7410896,0.0,0.0
0.56231934,0.0,0.4442416
0.7559259,0.0,0.093629874
0.7887936,0.0,0.0058585936
0.60757,0.0,0.35705155
0.43124062,0.0,0.64598066
0.9048026,0.0,0.18154891
0.49239555,0.0,0.42999354
0.56447625,0.0,0.5505536
0.84222573,0.0,0.07968544
0.6663155,0.0,0.37725374
0.55490386,0.0,0.24901502
0.6147705,0.0,0.37025076
0.7385961,0.0,0.03601242
0.7662675,0.0,0.0075877905
0.75509775,0.0,0.0
0.69862753,0.0,0.31686482
0.718344,0.0,0.0040956708
0.6657804,0.0,0.000905892
0.63712853,0.0,0.0072218473
0.4489958,0.0,0.322887
0.64289474,1.0,0.60090286
0.61413926,0.0,0.4529406
0.65310454,0.0,0.69747615
0.5184246,0.0,0.21830316
0.7596829,0.0,0.0
0.46358132,0.0,0.31893536
0.6158157,0.0,0.2945852
0.6829597,0.0,0.0
0.80143315,0.0,0.038226813
0.4446988,0.0,0.5186301
0.70947474,0.0,0.09460786
0.75420237,0.0,0.0002550048
0.70846176,0.0,0.009414068
0.6168187,0.0,0.2852728
0.6785864,0.0,0.21522847
0.8460474,0.0,0.009066601
0.7073478,0.0,0.45731008
0.91328496,0.0,0.019239496
0.5935081,0.0,0.4868759
0.6419083,0.0,0.6960274
0.5736913,0.0,0.2473059
0.65786093,0.0,0.19561785
0.7642831,0.0,0.0061419113
0.61377776,0.0,0.003966386
0.4418999,0.0,0.38865405
0.77812755,0.0,0.0
0.847813,0.0,0.0
0.8408785,0.0,0.1776398
0.5738005,0.0,0.28101566
0.66567135,0.0,0.0003086954
0.8310789,1.0,0.018097946
0.3951421,0.0,0.35004166
0.40336004,0.0,0.1193023
0.85832363,0.0,0.004184561
0.5455942,1.0,0.40958932
0.70249915,1.0,0.23545514
0.605147,1.0,0.054219797
0.5560865,1.0,0.71244735
0.73497224,1.0,0.44873527
0.75991964,1.0,0.59160745
0.76188785,1.0,0.4984808
0.43306747,0.0,0.20186749
0.8576566,1.0,0.16514957
0.54246426,1.0,0.21371162
0.70963514,0.0,0.18522933
0.6856852,0.0,0.00063363335
0.7631287,0.0,0.0
0.552964,1.0,0.2947105
0.5012897,0.0,0.18677074
0.6479402,0.0,0.0
0.71988064,0.0,0.0
0.65064746,0.0,0.38590732
0.52233213,0.0,0.23262872
0.717512,0.0,0.009310325
0.58471894,0.0,0.114472784
0.4980718,0.0,0.72501975
0.5051995,0.0,0.099645115
0.5421773,0.0,0.7043876
0.5369027,0.0,0.6325336
0.44958645,0.0,0.4019481
0.8064357,0.0,0.04920655
0.46339777,0.0,0.48533693
0.6349738,0.0,0.30807617
0.5417589,0.0,0.21795493
0.67636836,1.0,0.5096769
0.5512348,0.0,0.022311613
0.6054001,0.0,0.0
0.85592836,1.0,0.19242461
0.9264635,1.0,0.39326108
0.76880443,0.0,0.0
0.77403724,0.0,0.0
0.9198768,1.0,0.18482633
0.7390223,1.0,0.09335375
0.6457035,0.0,0.0
0.8353732,1.0,0.13915567
0.5986626,1.0,0.48488566
0.7543551,0.0,0.012520695
0.61716104,1.0,0.11996396
0.78396636,1.0,0.3718537
0.45002097,1.0,0.11794567
0.8982715,0.0,0.03861851
0.8362935,1.0,0.25921935
0.74797684,1.0,0.29880896
0.532154,1.0,0.7235463
0.6744345,1.0,0.6442571
0.58355606,1.0,0.19058971
0.4305961,1.0,0.7105768
0.4631095,1.0,0.6568738
0.47361264,0.0,0.35295346
0.58601516,1.0,0.13441922
0.52267575,0.0,0.32370514
0.5757078,0.0,0.21621743
0.60474944,0.0,0.6130795
0.43582627,1.0,0.54772437
0.8760209,0.0,0.009357936
0.6984549,0.0,0.11101033
0.54103404,0.0,0.41737053
0.6227202,1.0,0.4316483
0.7186927,1.0,0.022179065
0.59531933,1.0,0.38210386
0.47643396,1.0,0.52486223
0.79944533,1.0,0.23818044
0.85716766,0.0,0.10161804
0.6231083,0.0,0.48044893
0.42894983,0.0,0.8432988
0.69000477,0.0,0.29804432
0.5635711,0.0,0.42373073
0.7842204,0.0,0.13157758
0.6173618,0.0,0.39624146
0.61798805,0.0,0.41714168
0.60438395,0.0,0.5138955
0.5822328,0.0,0.15794311
0.7258334,0.0,0.0
0.7210569,0.0,0.42597252
0.3937836,0.0,0.37961346
0.67148656,0.0,0.0026886435
0.8149902,0.0,0.0702145
0.53292835,0.0,0.30386955
0.65053856,0.0,0.21760356
0.747782,0.0,0.0
0.74518245,0.0,0.37179568
0.40045178,0.0,0.6217543
0.4154722,0.0,0.4569485
0.52353275,0.0,0.40071267
0.7773593,1.0,0.066276364
0.51049984,1.0,0.60429496
0.8514708,1.0,0.36883023
0.5177263,1.0,0.32155
0.51869744,0.0,0.7981514
0.614032,0.0,0.34495905
0.7270794,0.0,0.18574262
0.8307772,0.0,0.16818118
0.68087065,0.0,0.0
0.87603575,0.0,0.011795723
0.8023653,0.0,0.0
0.90074253,0.0,0.013809844
0.74139273,0.0,0.031132413
0.83753955,0.0,0.0
0.8376211,0.0,0.056409337
0.8207069,0.0,0.07989713
0.8761702,0.0,0.123459905
0.72640526,0.0,0.044646043
0.9556823,0.0,0.0
0.7056338,0.0,0.2092679
0.7534806,0.0,0.0011381994
0.83157414,0.0,0.011154644
0.8722389,0.0,0.0030406278
0.9596696,0.0,0.00010246551
0.83377254,0.0,0.13540235
0.55955255,0.0,0.41721806
0.6894997,0.0,0.43829894
0.7908056,0.0,0.07515553
0.7001338,0.0,0.3488017
0.8170906,0.0,0.2863064
0.6705894,0.0,0.329253
0.6916706,0.0,0.079758376
0.84816635,0.0,0.25853315
0.71497715,0.0,0.025675137
0.73468727,0.0,0.40376946
0.7414842,0.0,0.33115354
0.651402,0.0,0.49275953
0.88696957,0.0,0.05221982
0.62684256,0.0,0.4619087
0.7781698,0.0,0.17116134
0.48558325,0.0,0.2656582
0.67195404,0.0,0.48309955
0.51947886,0.0,0.4480007
0.48572114,0.0,0.42300135
0.48040318,0.0,0.71989614
0.608142,0.0,0.120840766
0.70092124,0.0,0.19419606
0.7118604,0.0,0.045638923
0.72744656,0.0,0.022605445
0.7345701,0.0,0.00032761492
0.6275557,0.0,0.25698408
0.59453964,0.0,0.025461918
0.71715957,0.0,0.32778537
0.59428185,0.0,0.24749653
0.7488439,0.0,0.0018017062
0.63951534,0.0,0.2196429
0.5493511,0.0,0.41451007
0.58527344,0.0,0.083112404
0.80833626,0.0,0.003369541
0.6917699,0.0,0.18942602
0.63316727,0.0,0.2271034
0.61736333,0.0,0.0
0.77307415,0.0,0.06376399
0.5218709,0.0,0.5223627
0.643166,0.0,0.30502355
0.79229534,0.0,0.014724758
0.89672184,0.0,0.06968911
0.56447184,0.0,0.5499165
0.59178543,0.0,0.5191931
0.76660967,0.0,0.25760898
0.6766655,0.0,0.70803505
0.7448788,0.0,0.061715618
0.6749115,0.0,0.37128896
0.7223724,0.0,0.08052694
0.4162638,0.0,0.29328182
0.51520544,0.0,0.2304773
0.8544685,0.0,0.018696262
0.68189883,0.0,0.049374327
0.7670798,0.0,0.0
0.9127797,0.0,0.005376591
0.8624876,0.0,0.0
0.76658934,0.0,0.0003015746
0.7678195,0.0,0.001431557
0.8436651,0.0,0.0
0.7547246,0.0,0.011247116
0.73652023,0.0,0.021525707
0.7111053,0.0,0.0058232956
0.6242411,0.0,0.0
0.72865677,0.0,0.0
0.70619965,0.0,0.0024242834
0.7395108,0.0,0.0016419481
0.76326305,0.0,0.0
0.761415,0.0,0.041880343
0.69370484,0.0,0.46787554
0.65743524,0.0,0.74005127
0.6691269,0.0,0.5004198
0.83995515,0.0,0.03615968
0.6975566,0.0,0.42400604
0.836817,0.0,0.19848412
0.9359978,0.0,0.16672854
0.87142473,0.0,0.23608701
0.74994093,0.0,0.2439232
0.82719064,0.0,0.0
0.74911207,0.0,0.00038366584
0.7415904,0.0,0.0
0.9107619,0.0,0.037720084
0.6651462,0.0,0.039265845
0.7492384,0.0,0.006213536
0.7936653,0.0,0.034202483
0.67017263,0.0,0.0751055
0.49935788,0.0,0.0050243563
0.8275385,0.0,0.07749211
0.77656734,0.0,0.53248984
0.5523952,0.0,0.08045911
0.8418514,0.0,0.02795013
0.65857726,0.0,0.28688776
0.6003172,0.0,0.3413125
0.8743604,0.0,0.060613032
0.496589,0.0,0.3806669
0.519521,0.0,0.66364133
0.43805003,0.0,0.47715878
0.5833018,0.0,0.56984
0.7130701,0.0,0.10979277
0.60456467,0.0,0.3249099
0.5121103,0.0,0.4398112
0.5341296,0.0,0.24205256
0.61619025,0.0,0.008226388
0.6255496,0.0,0.0944918
0.53013676,0.0,0.26591784
0.49798995,0.0,0.19625501
0.47536886,0.0,0.026180157
0.5085667,0.0,0.03221179
0.57341856,0.0,0.003377744
0.50412965,0.0,0.11055809
0.6336356,0.0,0.040383168
0.81155163,0.0,0.008922337
0.51662666,0.0,0.010275487
0.71295726,0.0,0.0035039845
0.72964114,0.0,0.0
0.51414996,0.0,0.00016374433
0.73096836,0.0,0.0
0.7130947,0.0,0.0
0.44318604,0.0,0.008024763
0.7305301,0.0,0.0013419886
0.555413,0.0,0.20200676
0.5822098,0.0,0.12011973
0.77473,0.0,0.00080684025
0.7955286,0.0,0.01234863
0.5181709,0.0,0.32993537
0.55506164,0.0,0.44134894
0.7224062,0.0,0.25765648
0.42158285,0.0,0.7794976
0.46572155,0.0,0.3654419
0.73093015,0.0,0.021303462
0.8359242,0.0,0.12307253
0.62841475,0.0,0.35757795
0.6484068,0.0,0.26827508
0.77511925,0.0,0.0
0.55090475,0.0,0.4440483
0.66011834,0.0,0.6832427
0.699279,0.0,0.20460233
0.6504447,0.0,0.3001925
0.9368886,0.0,0.003743442
0.854363,0.0,0.04069258
0.88654083,0.0,0.014897584
0.85294205,0.0,0.0
0.6191213,0.0,0.018675508
0.6569186,0.0,0.00091602164
0.6430312,0.0,0.0
0.61589587,0.0,0.0004433334
0.5763591,0.0,0.00056493626
0.820827,0.0,0.0012817162
0.7032833,0.0,0.0032649983
0.60639393,0.0,0.069212325
0.6194661,0.0,0.20351079
0.9237673,0.0,0.039522078
0.74368614,0.0,0.0014744158
0.5644882,0.0,0.5425417
0.6636661,0.0,0.2053343
0.6845799,0.0,0.5294396
0.6378038,0.0,0.1710527
0.88237906,0.0,0.17578447
0.6864818,0.0,0.018589566
0.6498823,0.0,0.014243514
0.8138109,0.0,0.0009480129
0.5640952,0.0,0.18685937
0.5141797,0.0,0.0008946027
0.6614338,0.0,0.0
0.760826,0.0,0.0055233804
0.5706687,0.0,0.005248535
0.7195324,0.0,0.00023318174
0.6763455,0.0,0.0056192577
0.74169207,0.0,0.0022668021
0.6986872,0.0,0.006499917
0.6521148,0.0,0.0039931354
0.5186953,0.0,0.060738355
0.51896876,0.0,0.0045623058
0.7081847,0.0,0.40330198
0.6397719,0.0,0.47021174
0.5160634,0.0,0.2866435
0.46483254,0.0,0.37020454
0.70694506,0.0,0.06703313
0.67383,0.0,0.108527355
0.78711885,0.0,0.49942672
0.5941006,0.0,0.34584418
0.74147505,0.0,0.01677621
0.67161983,0.0,0.06841023
0.44159085,0.0,0.5887299
0.5748998,0.0,0.29115677
0.9315909,0.0,0.01195864
0.596364,0.0,0.29543382
0.70720696,0.0,0.029097956
0.83616644,0.0,0.0779147
0.61446905,0.0,0.39984515
0.5959214,0.0,0.37774315
0.7423727,0.0,0.00048702257
0.8642728,0.0,0.06745795
0.71168596,0.0,0.08742639
0.6207014,0.0,0.40731898
0.87598485,0.0,0.13931978
0.5874543,0.0,0.24456485
0.52067256,0.0,0.3513153
0.5408083,0.0,0.014306947
0.6810175,0.0,0.050213408
0.7263025,0.0,0.24196798
0.60824883,0.0,0.44074464
0.6815092,0.0,0.06665652
0.7292443,0.0,0.13796991
0.6598057,0.0,0.35647127
0.70346045,0.0,0.025752872
0.7227226,0.0,0.35782272
0.4885857,0.0,0.31695458
0.75611895,0.0,0.3841575
0.870803,0.0,0.62639034
0.82553995,0.0,0.32613954
0.7795536,0.0,0.7421505
0.51374215,0.0,0.70045626
0.45522314,0.0,0.115308054
0.64736027,0.0,0.33456117
0.72120816,0.0,0.0096669085
0.7120032,0.0,0.15059789
0.78495866,0.0,0.003638375
0.7201082,0.0,0.0
0.8428149,0.0,0.0
0.7295718,0.0,0.007648044
0.7946773,0.0,0.013446406
0.8216457,0.0,0.0
0.81583905,0.0,0.08608792
0.811571,0.0,0.067703
0.7706592,0.0,0.011045291
0.79561687,0.0,0.00477471
0.8267126,0.0,0.0
0.836842,0.0,0.016665604
0.90443957,0.0,0.013476021
0.8711325,0.0,0.055054583
0.8981397,0.0,0.07435528
0.6689659,0.0,0.13291508
0.8344467,0.0,0.07599534
0.6997924,0.0,0.04905954
0.54221666,0.0,0.5447295
0.5657702,0.0,0.51577854
0.6737943,0.0,0.35186672
0.6203932,0.0,0.3578635
0.79836035,0.0,0.08301217
0.53601396,0.0,0.0
0.5324479,0.0,0.009716045
0.78186595,0.0,0.04352726
0.7303328,0.0,0.0028938372
0.9015623,0.0,0.25422034
0.75108784,0.0,0.17242192
0.9189678,0.0,0.040030375
0.7804316,0.0,0.02441135
0.9311422,0.0,0.05236226
0.8856233,0.0,0.008627306
0.79497576,0.0,0.0
0.92827106,0.0,0.021448273
0.86339086,0.0,0.0009516249
0.74427414,0.0,0.06013597
0.682594,0.0,0.08403689
0.54973584,0.0,0.66961527
0.5002186,0.0,0.5732601
0.81540596,0.0,0.23800272
0.61346704,0.0,0.21066417
0.5683627,0.0,0.416845
0.6537797,0.0,0.04674286
0.639338,0.0,0.6308687
0.6489984,0.0,0.29000032
0.67687356,0.0,0.25049505
0.7996163,0.0,0.0076131513
0.66404384,0.0,0.0
0.62484354,0.0,0.025062567
0.7713224,0.0,0.0012150347
0.6346535,0.0,0.0022699216
0.84097105,0.0,0.008400709
0.77839524,0.0,0.049302753
0.8804892,0.0,0.0
0.6972524,0.0,0.34304792
0.7270564,0.0,0.42557532
0.7452256,0.0,0.012470886
0.6230127,0.0,0.23768236
0.86117375,0.0,0.25806797
0.6696254,0.0,0.033121523
0.7901855,0.0,0.078611195
0.7050414,0.0,0.0012649408
0.6422676,0.0,0.005841117
0.5008373,0.0,0.0
0.71332246,0.0,0.0064228554
0.62931824,0.0,0.0
0.50643206,0.0,0.039282527
0.7522913,0.0,0.0057547404
0.65638477,0.0,0.07306887
0.78541225,0.0,0.010349051
0.8262018,0.0,0.16882434
0.79652274,0.0,0.12033805
0.78976953,0.0,0.0037969875
0.81613564,0.0,0.080492616
0.5838032,0.0,0.18788166
0.6129611,0.0,0.21881649
0.72097933,0.0,0.0016278399
0.91180325,0.0,0.20744443
0.8894959,0.0,0.2788196
0.75225276,0.0,0.54354393
0.75958616,0.0,0.4128391
0.45158342,0.0,0.591132
0.65856737,0.0,0.3849696
0.844432,0.0,0.01405368
0.4141238,0.0,0.7176794
0.7340059,0.0,0.42157584
0.6138912,0.0,0.34310588
0.702973,0.0,0.5683014
0.69973665,0.0,0.21580663
0.5357418,0.0,0.011635104
0.7302007,0.0,0.11695885
0.654234,0.0,0.45709938
0.7738172,0.0,0.18276124
0.6781769,0.0,0.0
0.515082,0.0,0.40893567
0.50464594,0.0,0.45210359
0.37831557,0.0,0.099209
0.4025939,1.0,0.71952426
0.5914843,1.0,0.41660088
0.5831847,0.0,0.068480305
0.5774661,0.0,0.3232699
0.6242486,0.0,0.55149776
0.73192495,0.0,0.013674185
0.57966393,0.0,0.1392339
0.6105362,0.0,0.013774184
0.66200686,0.0,0.0073008514
0.6344094,0.0,0.0067507764
0.66965806,0.0,0.0
0.79177594,0.0,0.26181528
0.6020212,0.0,0.024644844
0.69692796,0.0,0.0018876302
0.76606345,0.0,0.054361783
0.8182649,0.0,0.0
0.69587433,0.0,0.04740986
0.53513575,0.0,0.22247201
0.54979765,0.0,0.24672876
0.60118395,0.0,0.124348156
0.5175784,0.0,0.07573021
0.53267604,0.0,0.14323056
0.46892175,0.0,0.10740174
0.6253349,0.0,0.0
0.56837004,0.0,0.15577118
0.66222215,0.0,0.32785308
0.6385008,0.0,0.2313474
0.63629204,0.0,0.30418634
0.62494135,0.0,0.2202437
0.62815493,0.0,0.40950876
0.6717263,0.0,0.53343385
0.7814314,0.0,0.52299017
0.5831241,0.0,0.91673416
0.55029315,0.0,0.5032958
0.64366484,0.0,0.15667512
0.7036085,0.0,0.3688616
0.70882094,0.0,0.3533714
0.5086415,0.0,0.10558689
0.6918094,0.0,0.086383075
0.73982596,0.0,0.15733816
0.8927605,0.0,0.01174043
0.762407,0.0,0.086522885
0.6960466,0.0,0.021478543
0.848134,0.0,0.0043815067
0.9280923,0.0,0.0139470855
0.676159,0.0,0.03851767
0.7906896,0.0,0.0037360005
0.5981125,0.0,0.020223381
0.75202537,0.0,0.0
0.7605752,0.0,0.010220336
0.6268948,0.0,0.058946528
0.7262007,0.0,0.010507263
0.8490683,0.0,0.10171311
0.608375,0.0,0.054981504
0.84399855,0.0,0.017283902
0.8932819,0.0,0.081941575
0.68307954,0.0,0.37325844
0.5028452,0.0,0.060073722
0.9149716,0.0,4.9862316e-05
0.7712095,0.0,0.20207629
0.6742477,0.0,0.38087308
0.7453122,0.0,0.13410117
0.7801111,0.0,0.17153044
0.6151601,0.0,0.6153981
0.50244904,0.0,0.33812207
0.50475967,1.0,0.4311824
0.8210507,0.0,0.07767634
0.5224979,1.0,0.6443846
0.6570713,0.0,0.2670536
0.7544282,0.0,0.0060328445
0.61724794,0.0,0.24656823
0.64125687,0.0,0.0077619995
0.6077079,0.0,0.00055011606
0.6029982,0.0,0.07612054
0.6206056,0.0,0.56477314
0.77511907,0.0,0.23212916
0.5614707,0.0,0.0
0.76349306,0.0,0.25965777
0.91890365,0.0,0.07728256
0.767222,0.0,0.2541633
0.7235873,0.0,0.11320999
0.63926435,0.0,0.010160126
0.86042,0.0,0.0060450723
0.6112243,0.0,0.2810887
0.86251956,0.0,0.039353322
0.83912915,0.0,0.0005905863
0.68996847,0.0,0.0
0.8744128,0.0,0.09371476
0.8557941,0.0,0.012558523
0.8276846,0.0,0.121556796
0.7017273,1.0,0.25981036
0.6953546,0.0,0.0918306
0.63707787,1.0,0.3332154
0.80859756,0.0,0.011420471
0.85741353,0.0,0.1358365
0.5860265,0.0,0.06625792
0.7799196,0.0,0.060629487
0.6506645,0.0,0.48823565
0.81585497,0.0,0.34333858
0.7147981,0.0,0.3885218
0.85699505,0.0,0.2990303
0.7704859,0.0,0.023444643
0.65739816,0.0,0.10686476
0.6680801,0.0,0.019648414
0.8859548,0.0,0.06690529
0.8612974,0.0,0.007690022
0.7338682,0.0,0.013797614
0.9125711,0.0,0.0
0.85900515,0.0,0.0048175743
0.79238915,0.0,0.010605234
0.8603355,0.0,0.0
0.82702315,0.0,0.0
0.7071891,0.0,0.14202823
0.6157836,0.0,0.31279784
0.5514564,0.0,0.33131084
0.62775445,0.0,0.51423407
0.8171851,0.0,0.09483902
0.92716575,0.0,0.016071076
0.5784175,0.0,0.67806864
0.9117616,0.0,0.22915182
0.8690666,0.0,0.034409504
0.62727237,0.0,0.42778328
0.4957273,0.0,0.3432283
0.7944555,0.0,0.026888877
0.6471606,0.0,0.31568596
0.6634004,0.0,0.6816207
0.7748524,0.0,0.2781291
0.9122199,0.0,0.5134333
0.6998568,0.0,0.49894154
0.8544936,0.0,0.43905622
0.8595976,0.0,0.35665125
0.6122883,0.0,0.3834436
0.82972026,0.0,0.29086643
0.84453887,0.0,0.020111915
0.56492823,0.0,0.5809776
0.5496978,1.0,0.31662652
0.6491225,1.0,0.44438457
0.5883702,1.0,0.6212292
0.76880133,1.0,0.6125664
0.5922024,1.0,0.43495017
0.41816303,1.0,0.6265778
0.6859972,1.0,0.34022957
0.7346969,1.0,0.16367099
0.62113756,1.0,0.4014817
0.61514014,1.0,0.6282815
0.7264348,0.0,0.1924936
0.6742218,0.0,0.035351127
0.5655285,0.0,0.46451256
0.7563544,0.0,0.15273131
0.76201576,0.0,0.007819972
0.57470137,0.0,0.31884697
0.49513987,0.0,0.5254605
0.76672727,0.0,0.021490995
0.7119176,0.0,0.018777976
0.5391,0.0,0.60989827
0.54140997,0.0,0.5707214
0.5070697,0.0,0.013666765
0.74471176,0.0,0.30028743
0.46717575,0.0,0.5781477
0.42615193,0.0,0.6465354
0.49680713,0.0,0.32837212
0.52512336,0.0,0.7468575
0.47104725,0.0,0.6598165
0.657789,0.0,0.5679186
0.54980487,0.0,0.114027575
0.45691118,0.0,0.86244816
0.56836945,0.0,0.32810304
0.62312394,0.0,0.1719101
0.65758294,0.0,0.5652577
0.5796347,0.0,0.92893285
0.5982004,0.0,0.317675
0.6405314,0.0,0.6770252
0.6096907,0.0,0.10897321
0.54415154,0.0,0.42956075
0.45193067,0.0,0.58765274
0.6374205,0.0,0.53899485
0.5766768,0.0,0.24872689
0.609708,0.0,0.1936969
0.6520851,0.0,0.13752337
0.60738575,0.0,0.15402633
0.6028301,0.0,0.09532572
0.56679136,0.0,0.381429
0.54197216,0.0,0.13743412
0.7321312,0.0,0.04107702
0.58266747,0.0,0.06452044
0.6022795,0.0,0.29167876
0.46519446,0.0,0.51204777
0.62944835,1.0,0.4625786
0.49389577,0.0,0.25237396
0.644001,1.0,0.43061015
0.73475486,0.0,0.09911079
0.71290386,1.0,0.3911022
0.8399939,0.0,0.0009920696
0.7902575,1.0,0.18052663
0.7299064,0.0,0.2130148
0.59901,1.0,0.4210343
0.71448183,0.0,0.00952022
0.5239161,0.0,0.5303675
0.58771825,0.0,0.003321044
0.43910623,0.0,0.36329117
0.71792716,0.0,0.00034638456
0.752037,0.0,0.17007025
0.71700007,0.0,0.10327244
0.6556875,0.0,0.2168791
0.47716433,0.0,0.6671845
0.5965437,0.0,0.29044977
0.4331084,0.0,0.6045981
0.52383006,0.0,0.7403727
0.5887667,0.0,0.21323003
0.49925414,0.0,0.18620154
0.48867667,0.0,0.50919205
0.7330226,0.0,0.04867146
0.56957895,0.0,0.4701788
0.44236192,0.0,0.5304652
0.6835683,0.0,0.02957219
0.6002488,1.0,0.25137284
0.70962334,0.0,0.0012537548
0.7546366,1.0,0.40443778
0.49863616,0.0,0.0065226764
0.72998893,1.0,0.3306802
0.7441646,0.0,0.007481868
0.4831949,1.0,0.32314426
0.52863204,0.0,0.18176062
0.52686495,1.0,0.57638437
0.61103934,1.0,0.5396993
0.6577467,0.0,0.018499002
0.67033845,1.0,0.13929941
0.6129622,0.0,0.014898232
0.8271647,1.0,0.36372882
0.5659728,1.0,0.017587552
0.54716045,1.0,0.20220757
0.62538195,0.0,0.016486397
0.55614007,1.0,0.20698129
0.46674812,1.0,0.4838156
0.7476686,0.0,0.0063372
0.52527773,0.0,0.19667682
0.5213549,0.0,0.23368026
0.4909474,0.0,0.37204972
0.6440949,0.0,0.0033720396
0.68568766,0.0,0.0
0.5886545,0.0,0.06438955
0.5054999,0.0,0.025851302
0.64501804,0.0,0.0072570015
0.48248124,0.0,0.022343338
0.5071655,0.0,0.007064969
0.6728394,0.0,0.00035837467
0.56868446,0.0,0.01634956
0.6324888,0.0,0.072478496
0.70800954,0.0,0.0070801834
0.5703516,0.0,0.01814642
0.54800147,0.0,0.10313124
0.6899882,0.0,0.010672615
0.54509044,0.0,0.0
0.47662264,0.0,0.0
0.50418365,0.0,0.015570219
0.6605633,0.0,0.002749529
0.5674824,0.0,0.023419697
0.5297944,0.0,0.011882568
0.4127477,1.0,0.35178834
0.4588437,0.0,0.3277053
0.5246771,0.0,0.29845878
0.5275244,0.0,0.63908446
0.48293424,0.0,0.5009139
0.5215601,0.0,0.1301909
0.42083734,0.0,0.44658062
0.6000862,0.0,0.05369515
0.48886815,0.0,0.0017609202
0.7146032,0.0,0.0064770193
0.4487601,0.0,0.0687526
0.563963,0.0,0.10116778
0.642463,0.0,0.01828621
0.44756344,0.0,5.527609e-05
0.52102286,0.0,0.02022046
0.5081681,0.0,0.18548393
0.6940926,0.0,0.029230105
0.45684052,0.0,0.33727527
0.54253966,0.0,0.02622168
0.44575262,0.0,0.4383916
0.6361096,0.0,0.029421814
0.50802284,0.0,0.20200814
0.7457321,0.0,0.0020355093
0.558883,0.0,0.22670327
0.7477866,0.0,0.028388785
0.4498497,0.0,0.3896868
0.5301286,0.0,0.7842478
0.6577241,0.0,0.35666957
0.55095226,0.0,0.68866277
0.7110475,0.0,0.4909761
0.5098511,0.0,0.399745
0.66247714,0.0,0.009523678
0.61402106,0.0,0.25350484
0.5973583,0.0,0.008314704
0.5674462,0.0,0.44419906
0.67272556,0.0,0.030959768
0.57141083,0.0,0.3253654
0.85691637,0.0,0.008203055
0.46892568,0.0,0.47110397
0.47449335,0.0,0.011354909
0.65611464,0.0,0.3048292
0.766476,0.0,0.2934766
0.5413982,0.0,0.75953585
0.5554504,0.0,0.6087553
0.58742255,0.0,0.4251496
0.62549853,1.0,0.25449923
0.8656083,0.0,0.013751008
0.58621365,0.0,0.19052984
0.57991135,0.0,0.019220319
0.49945098,0.0,0.35737503
0.5408019,0.0,0.032023404
0.40675747,0.0,0.3323677
0.7611398,0.0,0.02184758
0.3854514,0.0,0.42144278
0.55567235,0.0,0.1533257
0.40148252,0.0,0.16941379
0.7443315,0.0,0.010033336
0.6113864,0.0,0.14339328
0.50131536,0.0,0.5483036
0.7443097,0.0,0.06506565
0.5898616,0.0,0.38251856
0.4745566,0.0,0.44638675
0.44572207,0.0,0.4003604
0.5523968,0.0,0.04495879
0.47573614,0.0,0.4043179
0.72031724,0.0,0.09370165
0.5045234,0.0,0.40766767
0.559104,0.0,0.056936633
0.4435129,0.0,0.4978463
0.5654587,0.0,0.5405132
0.5995252,0.0,0.1408449
0.52824354,0.0,0.44608045
0.6846754,0.0,0.059714545
0.4934955,0.0,0.34475008
0.71078,0.0,0.046561
0.6040739,0.0,0.36642003
0.39532906,0.0,0.1628032
0.63363475,0.0,0.48286197
0.5306015,0.0,0.62743837
0.5246747,0.0,0.21585031
0.59941036,0.0,0.297654
0.80154604,0.0,0.029664183
0.4946664,0.0,0.32214043
0.4710814,0.0,0.05205552
0.5164925,0.0,0.566232
0.57037216,0.0,0.1191563
0.4958812,0.0,0.47503158
0.65890354,0.0,0.09728589
0.49753505,0.0,0.49737018
0.69055086,0.0,0.040176414
0.54778504,0.0,0.22353056
0.6195287,0.0,0.07904398
0.49240732,0.0,0.41773093
0.6261483,0.0,0.40475613
0.6615772,0.0,0.77832144
0.5863375,0.0,0.7443787
0.62602913,0.0,0.40090892
0.5027334,0.0,0.4739174
0.6533237,0.0,0.49263823
0.6455057,0.0,0.28208143
0.5721271,0.0,0.34856674
0.6782071,0.0,0.014463951
0.54173505,0.0,0.2982305
0.6086288,0.0,0.031318784
0.51840955,0.0,0.5289971
0.63880247,0.0,0.068884976
0.5435959,0.0,0.22941533
0.7100266,0.0,0.0048923604
0.54714304,0.0,0.33933273
0.6119799,0.0,0.06575886
0.3940178,0.0,0.50899583
0.43377355,0.0,0.36024603
0.49776295,0.0,0.93271124
0.57406825,0.0,1.0
0.5292408,0.0,0.7967524
0.46348533,0.0,0.21878585
0.53563607,0.0,0.29754642
0.46012083,0.0,0.5270314
0.44957927,0.0,0.2919188
0.46818492,0.0,0.05253527
0.43450764,0.0,0.13525626
0.49793705,0.0,0.014093515
0.4475387,0.0,0.28281808
0.7115533,0.0,0.025722802
0.400351,0.0,0.32936463
0.4645776,0.0,0.33667386
0.50364375,0.0,0.04236736
0.48877785,1.0,0.47865695
0.59151053,1.0,0.056161437
0.56105953,1.0,0.53825504
0.7281495,0.0,0.087890364
0.6809739,0.0,0.29737356
0.5412867,0.0,0.48484558
0.62430185,0.0,0.58723736
0.5414623,1.0,0.53669196
0.5492672,0.0,0.39964727
0.7595464,1.0,0.15266289
0.6510965,0.0,0.0037773186
0.65078086,1.0,0.39321396
0.6044405,1.0,0.013415969
0.7477162,1.0,0.09897063
0.81698895,0.0,0.015917987
0.7601511,0.0,0.059101567
0.67566043,0.0,0.01829535
0.507669,0.0,0.24901636
0.5724081,0.0,0.002914047
0.5247915,0.0,0.025493886
0.58102816,0.0,0.2248652
0.606035,0.0,0.57104135
0.5595846,0.0,0.75515544
0.62131745,0.0,1.0
0.7352782,0.0,0.28553477
0.69412285,0.0,0.5177248
0.7217475,0.0,0.18767543
0.52906966,0.0,0.47727275
0.85163516,0.0,0.15450943
0.5967972,1.0,0.33738598
0.81535155,1.0,0.62231165
0.65012276,1.0,0.7241093
0.6059229,0.0,0.059029788
0.7320118,0.0,0.33698434
0.5771006,1.0,0.36068106
0.87448734,1.0,0.20221826
0.95443666,0.0,0.050964814
0.67897975,0.0,0.6809854
0.6799758,1.0,0.5425843
0.8808321,1.0,0.21860395
0.48075277,0.0,0.29560986
0.7525963,0.0,0.026109593
0.8881881,0.0,0.4650046
0.80830485,0.0,0.41525912
0.65946615,0.0,0.5195224
0.50188965,0.0,0.2197796
0.86834824,0.0,0.003534628
0.7048721,0.0,0.4580926
0.540065,0.0,0.4999324
0.7966421,0.0,0.157966
0.84300923,0.0,0.039972432
0.60601056,0.0,0.60368055
0.5036386,0.0,0.72524196
0.5403544,0.0,0.27854973
0.45496696,0.0,0.5666225
0.39423385,0.0,0.30082172
0.51432455,0.0,0.072388
0.4885206,0.0,0.35160863
0.46532482,1.0,0.015981644
0.5616857,1.0,0.36854807
0.66566926,1.0,0.02084558
0.5763533,1.0,0.55927277
0.49989632,1.0,0.25807056
0.7420098,0.0,0.35470706
0.57238454,0.0,0.4784544
0.45980838,1.0,0.7807026
0.43013957,1.0,0.56900895
0.50008285,1.0,0.007614392
0.6524358,1.0,0.5223131
0.5139305,1.0,0.7950139
0.44720072,0.0,0.31914765
0.5416387,1.0,0.4748194
0.6585842,0.0,0.72086996
0.5924237,0.0,0.113232225
0.7292372,0.0,0.1018348
0.7411037,0.0,0.5553021
0.71307236,0.0,0.059557788
0.57038957,0.0,0.47975615
0.7562721,0.0,0.014608301
0.653812,0.0,0.1159236
0.7142579,0.0,0.0
0.7378844,0.0,0.08497653
0.69951,0.0,0.17456484
0.6614222,0.0,0.34230694
0.5805726,0.0,0.5287697
0.66423184,0.0,0.18117577
0.694881,0.0,0.47488293
0.7391717,0.0,0.0046632807
0.6389854,0.0,0.0
0.79580975,1.0,0.0
0.7723244,0.0,0.017158367
0.61740303,0.0,0.0032687932
0.8257457,0.0,0.42968127
0.6115933,0.0,0.5873241
0.6843666,0.0,0.14218149
0.6521897,0.0,0.050052714
0.5531534,0.0,0.13020773
0.8550958,0.0,0.0028623103
0.7564386,1.0,0.17914736
0.83244604,1.0,0.18626752
0.69225043,0.0,0.007496588
0.7515076,0.0,0.00018315032
0.6646843,1.0,0.13892582
0.52725685,0.0,0.25904116
0.44001797,1.0,0.49813285
0.7145991,1.0,0.3248729
0.4988995,1.0,0.9239642
0.52901167,1.0,0.5061592
0.47728616,1.0,0.266818
0.5584334,1.0,0.8084576
0.63862437,1.0,0.20387958
0.67203635,1.0,0.12533318
0.50889623,1.0,0.7168482
0.54327846,1.0,0.5357363
0.6167307,0.0,0.05273094
0.52419966,0.0,0.49770385
0.6181661,0.0,0.30401576
0.54596955,0.0,0.53616357
0.5068771,0.0,0.7192304
0.5901859,0.0,1.0
0.5182842,0.0,0.83666325
0.6275016,0.0,0.8646567
0.59724396,0.0,0.44173732
0.6028771,0.0,0.15872003
0.44068435,0.0,0.4746076
0.572088,0.0,0.4941589
0.65241975,0.0,0.21596538
0.4131651,0.0,0.4777399
0.5072924,0.0,0.6949876
0.46924633,0.0,0.646188
0.5924539,0.0,0.3411824
0.6895996,0.0,0.18929589
0.43302706,0.0,0.532953
0.5772943,0.0,0.28569055
0.7238035,1.0,0.29458526
0.45595077,1.0,0.71377
0.50936604,1.0,0.77096176
0.80349725,1.0,0.22003724
0.510018,1.0,0.57554305
0.45990285,1.0,0.47789863
0.7518696,1.0,0.22789827
0.48120213,1.0,0.39002192
0.6772716,1.0,0.45983705
0.51596075,1.0,0.48468813
0.58283734,1.0,0.52995396
0.7358866,1.0,0.6223953
0.66570514,1.0,0.70238405
0.55512077,0.0,0.21234141
0.46732235,0.0,0.26664716
0.6769173,1.0,0.11216857
0.65698034,1.0,0.22532879
0.7571276,0.0,0.18201339
0.79237455,1.0,0.07453751
0.5932449,0.0,0.34507468
0.5833678,0.0,0.64441305
0.7150772,0.0,0.09643093
0.56413764,0.0,0.16914599
0.6205944,1.0,0.028973931
0.7327779,0.0,0.041317824
0.5336609,0.0,0.2161112
0.7120597,0.0,0.11097213
0.6232706,0.0,0.48777178
0.6777065,0.0,0.7123038
0.5825677,0.0,0.34879503
0.58466804,1.0,0.60294425
0.433621,1.0,0.46753046
0.74679554,1.0,0.38660514
0.58830845,1.0,0.32255265
0.8228797,1.0,0.31939536
0.7847036,1.0,0.3924925
0.70923406,1.0,0.4732734
0.6553258,1.0,0.439603
0.8522459,1.0,0.34931636
0.677939,0.0,0.59625983
0.7230733,1.0,0.48687038
0.50401163,1.0,0.3587127
0.5533715,0.0,0.3261316
0.65820396,1.0,0.4620157
0.4290575,0.0,0.4436723
0.47967336,0.0,0.8126625
0.6244334,0.0,1.0
0.5613057,0.0,0.47471568
0.6025066,0.0,0.43252975
0.57109916,0.0,0.23567708
0.48302355,0.0,0.65874916
0.5694036,0.0,0.5884787
0.5377176,0.0,0.23382503
0.557522,0.0,0.4578423
0.5582389,0.0,0.61549133
0.5196137,0.0,0.56233335
0.57578886,0.0,0.40052778
0.5740384,0.0,0.47150302
0.55224967,0.0,0.30066583
0.511449,0.0,0.33555427
0.7401126,0.0,0.10301779
0.75884193,0.0,0.30356786
0.5350307,0.0,0.15556887
0.55227786,0.0,0.40382987
0.6556665,0.0,0.248979
0.61981905,0.0,0.0
0.52233917,0.0,0.37500185
0.5569466,0.0,0.5821192
0.6803319,0.0,0.02156088
0.41688457,0.0,0.3725288
0.4270995,1.0,0.6700771
0.71350574,1.0,0.26412308
0.85802865,0.0,0.0224741
0.6213812,0.0,0.42150518
0.44204488,0.0,0.40078324
0.7388975,0.0,0.0
0.7589274,0.0,0.0993501
0.4936813,0.0,0.68404216
0.81324047,0.0,0.15286653
0.4862174,0.0,0.40377778
0.7256015,0.0,0.26396298
0.8339029,0.0,0.0
0.8057446,0.0,0.1748053
0.75000477,0.0,0.4629732
0.8611725,0.0,0.06739343
0.6913124,0.0,0.0
0.7853469,0.0,0.3300879
0.5856068,0.0,0.397836
0.68805015,0.0,0.080901206
0.8667058,0.0,0.0077296426
0.48090038,0.0,0.5612377
0.4681749,1.0,0.481801
0.73745555,1.0,0.29387146
0.7704942,1.0,0.7199022
0.8138908,1.0,0.19781256
0.6968664,0.0,0.1096079
0.76620585,1.0,0.17780401
0.85995156,1.0,0.096449405
0.79977113,0.0,0.0
0.6373943,0.0,0.14004196
0.8430542,0.0,0.0
0.86466616,0.0,0.10579865
0.45680797,0.0,0.23774412
0.6144908,0.0,0.20997542
0.90751123,0.0,0.0077141635
0.8662878,0.0,0.27499175
0.5625848,0.0,0.44205192
0.7261589,0.0,0.00441551
0.48040372,0.0,0.40221563
0.4352837,0.0,0.3647731
0.5967778,0.0,0.09174883
0.44253832,0.0,0.42792884
0.5523756,0.0,0.213762
0.4620797,0.0,0.68015486
0.37659404,0.0,0.36224747
0.46899092,0.0,0.42796034
0.7819787,0.0,0.0865877
0.65139157,0.0,0.16146022
0.4944512,0.0,0.40507782
0.5555419,0.0,0.22738956
0.8067624,0.0,0.0
0.6418402,0.0,0.49667856
0.6023087,0.0,0.47691426
0.69303215,0.0,0.039527267
0.8455878,0.0,0.12637304
0.5782438,0.0,0.2961602
0.63481426,0.0,0.20481223
0.8862038,0.0,0.061960656
0.8766572,0.0,0.008013614
0.54336756,0.0,0.32242134
0.62315017,0.0,0.33522767
0.5088202,1.0,0.4254936
0.68778944,1.0,0.07909457
0.5173327,1.0,0.70373577
0.6598772,0.0,0.31495318
0.49882695,1.0,0.33225858
0.5817438,1.0,0.056303825
0.8796731,1.0,0.43255892
0.7745474,1.0,0.13464548
0.78684676,1.0,0.36158437
0.63647014,1.0,0.5818695
0.41771063,1.0,0.50884515
0.6891507,0.0,0.072481975
0.7776021,1.0,0.1672929
0.5500611,0.0,0.27150244
0.4487255,0.0,0.5279639
0.72151613,0.0,0.027547605
0.6442032,0.0,0.3731139
0.48086202,0.0,0.55062735
0.58347195,0.0,0.3594536
0.845849,0.0,0.075931154
0.58168846,0.0,0.38998947
0.60620886,0.0,0.38010317
0.7698391,0.0,0.0933199
0.48606482,0.0,0.4973412
0.5231524,0.0,0.34697247
0.4600196,0.0,0.35321885
0.83511704,0.0,0.074682765
0.86646885,0.0,0.011493536
0.49384475,0.0,0.38208842
0.5035788,0.0,0.57737815
0.8121261,0.0,0.012939101
0.70488995,0.0,0.051165625
0.58350134,0.0,0.34414604
0.72909224,1.0,0.4125791
0.77332443,0.0,0.0013445776
0.84885436,0.0,0.16679569
0.4858223,0.0,0.3034216
0.7620085,1.0,0.31178546
0.92951685,0.0,0.0032708577
0.45516914,1.0,0.30785102
0.55846035,1.0,0.5831508
0.7659501,1.0,0.3520483
0.8575307,1.0,0.02205759
0.7363415,0.0,0.07284744
0.5432785,0.0,0.3220855
0.80058074,1.0,0.34267202
0.8729583,0.0,0.0
0.6000832,1.0,0.18069977
0.5293474,1.0,0.6033206
0.6926156,0.0,0.108856775
0.44674602,0.0,0.73373026
0.53823924,0.0,0.39247867
0.7440993,0.0,0.027019538
0.4987322,0.0,0.44296378
0.5262544,0.0,0.3781378
0.6710759,0.0,0.12257793
0.76692086,0.0,0.11006981
0.49569473,0.0,0.368951
0.51562357,0.0,0.5375432
0.66337544,0.0,0.690258
0.74648273,0.0,1.0
0.6277157,0.0,0.16028383
0.45123574,0.0,0.3210754
0.61820817,0.0,0.00022235334
0.47150645,0.0,0.19211408
0.68567955,0.0,0.0017892272
0.5045167,0.0,0.35578656
0.5426528,0.0,0.37368354
0.7774217,0.0,0.0
0.49447137,0.0,0.09225969
0.56769294,0.0,0.06018789
0.5376897,0.0,0.1632073
0.74387294,0.0,0.27488643
0.5881003,0.0,0.49755153
0.48386785,0.0,0.5700326
0.51471,0.0,0.7077677
0.75577813,0.0,0.3404362
0.54521,0.0,0.86775494
0.62169623,0.0,0.61555463
0.62818456,0.0,0.37942922
0.54815966,0.0,0.47627258
0.52649516,0.0,0.46049467
0.6608576,0.0,0.045659576
0.5795854,0.0,6.881211e-05
0.6083813,0.0,0.19750686
0.53500897,0.0,0.4594297
0.60685045,0.0,0.0060296245
0.5009538,0.0,0.34519902
0.75231665,0.0,0.021048574
0.43755424,0.0,0.28319415
0.7141317,0.0,0.00045970306
0.60421455,0.0,0.36186442
0.5214889,0.0,0.60754293
0.6597994,0.0,0.22561893
0.76710576,0.0,0.17203802
0.77614045,0.0,0.00078136654
0.8467493,0.0,0.0
0.8200383,0.0,0.0
0.8488334,0.0,0.0
0.81886023,0.0,0.010244152
0.81631315,0.0,0.098727114
0.524419,1.0,0.4289578
0.59609175,1.0,0.7294594
0.78754044,0.0,0.41555735
0.7858275,0.0,0.013948122
0.67112106,0.0,0.093311384
0.5394844,0.0,0.06915912
0.789268,0.0,0.23369661
0.6866907,0.0,0.08934549
0.7791365,0.0,0.00029485216
0.8453079,0.0,0.0
0.60931194,0.0,0.23215407
0.82163787,0.0,0.0154348165
0.6447328,0.0,0.0
0.68497795,0.0,0.0
0.6372743,0.0,0.12888849
0.5529145,0.0,0.46694344
0.48124474,0.0,0.1957744
0.5200081,0.0,0.63826907
0.72067064,0.0,0.19340123
0.45336974,0.0,0.29931113
0.42039183,0.0,0.3196015
0.66544366,0.0,0.26887423
0.4757802,0.0,0.24321315
0.7584054,0.0,0.0689565
0.57745874,0.0,0.18486942
0.8518237,0.0,0.023595357
0.6247598,0.0,0.45669627
0.63753843,0.0,0.40371737
0.63915056,0.0,0.43652692
0.5920146,0.0,0.6435932
0.7208732,0.0,0.32266584
0.5402139,0.0,0.4959078
0.75349903,0.0,0.21530291
0.669599,0.0,0.62348646
0.60885787,0.0,0.36166772
0.69642186,0.0,0.02373506
0.77973294,0.0,0.2677897
0.5172965,0.0,0.39852887
0.5510195,0.0,0.19725743
0.85512674,0.0,0.0020810696
0.5007971,0.0,0.021122908
0.52081734,0.0,0.08952482
0.6039426,0.0,0.016372463
0.83793235,0.0,0.3334406
0.83046514,0.0,0.38012034
0.6027473,1.0,0.33364606
0.78380054,0.0,0.049938142
0.8906863,0.0,0.095794156
0.8672445,0.0,0.54095435
0.7740529,0.0,0.52034575
0.68839604,0.0,0.19581601
0.6757016,0.0,0.54026365
0.83372694,0.0,0.12167484
0.77050555,1.0,0.6596174
0.6897113,1.0,0.38495988
0.7984134,0.0,0.00021461386
0.6132548,0.0,0.15922678
0.6549942,0.0,0.32135805
0.52356064,0.0,0.06885279
0.7007854,0.0,0.0
0.75713724,0.0,0.07318666
0.46553195,0.0,0.5537779
0.49623743,0.0,0.21463421
0.68974,0.0,0.00024199404
0.5248204,0.0,0.33499604
0.5883441,0.0,0.6049328
0.6032838,0.0,0.24409789
0.5316376,0.0,0.16464278
0.53088284,0.0,0.5170529
0.57466155,0.0,0.7263181
0.6361256,0.0,0.48267052
0.6113672,0.0,0.44636056
0.5906424,0.0,0.16668041
0.55450416,0.0,0.36892143
0.5203857,0.0,0.42364952
0.6199892,0.0,0.097317725
0.7778607,0.0,0.0
0.52177143,0.0,0.38084617
0.5089914,0.0,0.5522761
0.88163805,0.0,0.03986427
0.8918662,0.0,0.0006590103
0.48321876,0.0,0.31916276
0.51107776,0.0,0.15173109
0.9064906,0.0,0.009320033
0.6922869,0.0,0.5122715
0.85438395,0.0,0.0039121886
0.70848304,0.0,0.36234042
0.7347764,0.0,0.09132456
0.63890606,0.0,0.51056856
0.61580265,0.0,0.4161799
0.84327316,0.0,0.11162926
0.6678134,0.0,0.25703716
0.571121,1.0,0.45147356
0.672624,1.0,0.3626475
0.6960792,1.0,0.4192591
0.53342205,0.0,0.0061901542
0.50680506,1.0,0.67721593
0.56631494,1.0,0.63347775
0.8620035,0.0,0.050362613
0.8426518,0.0,0.38955146
0.92319715,0.0,0.38496006
0.9298367,0.0,0.10905398
0.786737,0.0,0.17775546
0.64010304,0.0,0.23819427
0.68141687,0.0,0.008361268
0.72515196,0.0,0.07179631
0.68224967,0.0,0.0007933204
0.77291495,0.0,0.027944569
0.8887564,0.0,0.0062976694
0.8420974,0.0,0.0004650013
0.79574835,0.0,0.13704385
0.8637187,0.0,0.15797244
0.5785,0.0,0.03182186
0.7109672,0.0,0.010774108
0.70509857,0.0,0.09598554
0.52623487,0.0,0.44686103
0.6959942,0.0,0.0076422975
0.4864603,0.0,0.27188843
0.8051849,0.0,0.0014801179
0.74787116,0.0,0.0
0.7558719,0.0,0.0
0.68013245,0.0,0.0046707764
0.7769627,0.0,0.06823573
0.7808894,0.0,0.0737369
0.6899683,0.0,0.038098235
0.65786624,0.0,0.08965242
0.6321948,1.0,0.28892908
0.6265731,1.0,0.68452406
0.8685448,1.0,0.08356031
0.7753571,1.0,0.51936114
0.84985167,1.0,0.7614347
0.64343286,0.0,0.552229
0.76250076,0.0,0.011011422
0.7500099,1.0,0.32984826
0.560759,0.0,0.4832439
0.80693376,0.0,0.23478916
0.9083201,0.0,0.0036611487
0.5417344,0.0,0.11183112
0.7224643,0.0,0.55263203
0.67452985,0.0,0.010129444
0.8172337,0.0,0.0034935488
0.6945601,0.0,0.27113193
0.4964491,0.0,0.22669594
0.8705071,0.0,0.013746891
0.77113986,0.0,0.21811166
0.5351849,0.0,0.7032404
0.53734654,0.0,0.5414986
0.6532128,0.0,0.3692209
0.75078905,0.0,0.19925009
0.67898697,0.0,0.013495129
0.6672041,0.0,0.0
0.6393508,0.0,0.0
0.7231642,0.0,0.00061849004
0.7570338,0.0,0.007047006
0.6343778,0.0,0.015614807
0.88105154,1.0,0.47445965
0.7844417,0.0,0.29546347
0.9216005,0.0,0.09141068
0.74487793,1.0,0.17680967
0.56639725,0.0,0.38243416
0.90275085,0.0,0.0064538396
0.7984663,0.0,0.0005955084
0.62753564,0.0,0.25783497
0.7164611,0.0,0.19242796
0.75219154,0.0,0.0121545745
0.5183424,0.0,0.3689184
0.60313904,0.0,0.105147816
0.88687307,0.0,0.0
0.6337518,0.0,0.0
0.68736666,0.0,0.035455
0.7760675,0.0,0.0
0.67957145,0.0,0.23958272
0.5682901,0.0,0.6891543
0.6444821,0.0,0.012941528
0.6909997,0.0,0.4183839
0.5548302,0.0,0.31207892
0.4711065,0.0,0.47975335
0.67457396,0.0,0.11860733
0.51664805,0.0,0.28696463
0.73461884,0.0,0.088207036
0.54086894,0.0,0.3519446
0.6674701,0.0,0.21267603
0.6257462,0.0,0.3293285
0.54393446,0.0,0.3606421
0.7367592,0.0,0.0123317465
0.68290764,0.0,5.1130995e-05
0.52208006,0.0,0.35529825
0.4747247,0.0,0.6144734
0.8318535,0.0,0.18131907
0.7603877,0.0,0.3896484
0.6134637,1.0,0.2528794
0.54249424,1.0,0.6685545
0.7216396,1.0,0.7261793
0.72282946,1.0,0.06692695
0.5156976,1.0,0.3368863
0.6637529,1.0,0.5776575
0.7212058,1.0,0.28824228
0.7620847,0.0,0.028703418
0.60665387,1.0,0.27282873
0.56163627,1.0,0.19941111
0.79096496,0.0,0.01588393
0.67217696,0.0,0.225888
0.6372761,1.0,0.48814884
0.6233845,0.0,0.069275215
0.6792294,0.0,0.07131133
0.68892735,0.0,0.36727974
0.61619955,0.0,0.5130713
0.5738949,0.0,0.37170523
0.79134434,0.0,0.20341587
0.80481505,0.0,0.39103955
0.73142874,0.0,0.0021563363
0.5925061,0.0,0.05982392
0.73128194,0.0,0.63409215
0.7866327,0.0,0.17373359
0.70234466,0.0,0.38138926
0.7693993,1.0,0.55888534
0.6755099,1.0,0.55445623
0.5586284,0.0,0.33932614
0.6873426,1.0,0.05505165
0.5731444,1.0,0.59857875
0.5891214,1.0,0.52586377
0.6094792,0.0,0.4839517
0.8293767,1.0,0.0882842
0.6198955,1.0,0.6531002
0.58988637,1.0,0.6966981
0.5861309,0.0,0.89954144
0.4954666,0.0,1.0
0.46504694,0.0,0.43994147
0.47663033,0.0,0.37144604
0.4709413,0.0,0.6065499
0.40155676,0.0,0.3750577
0.67003703,0.0,0.012995268
0.8139506,0.0,0.055486955
0.75132334,0.0,0.0012263058
0.5780778,0.0,0.00023238685
0.5407865,0.0,0.0002941125
0.508426,0.0,0.0
0.6769525,0.0,2.5751215e-05
0.6853334,0.0,0.0
0.5929234,1.0,0.17973678
0.73288083,0.0,0.0011636675
0.6735518,1.0,0.33381727
0.64487356,1.0,0.34903353
0.7176333,0.0,0.0
0.5485671,1.0,0.314073
0.5184432,1.0,0.7414633
0.7125328,0.0,0.06685297
0.6875405,0.0,0.06127135
0.5743075,0.0,0.48929882
0.70638496,0.0,0.14039555
0.68455374,0.0,0.0
0.56226945,0.0,0.075854085
0.48035222,0.0,0.30027267
0.7918215,0.0,0.029563827
0.49066666,0.0,0.0
0.52324206,0.0,0.2322766
0.5442315,0.0,0.30262113
0.6804244,0.0,0.0015807443
0.60912704,0.0,0.05272764
0.50426275,0.0,0.52839327
0.6132772,0.0,0.40610564
0.78577507,0.0,0.056987163
0.5093192,0.0,0.5358562
0.53999877,0.0,0.3448608
0.48026362,0.0,0.6701483
0.39273095,0.0,0.4307473
0.65683734,0.0,0.051364824
0.6130686,0.0,0.33225062
0.569679,0.0,0.0020056055
0.69641155,0.0,0.0
0.8471659,0.0,0.0
0.60657066,0.0,0.0
0.5302599,0.0,0.006118532
0.748959,0.0,0.00025328086
0.65394145,1.0,0.0137014985
0.60429037,1.0,0.30744863
0.49135265,1.0,0.44298145
0.80086976,0.0,0.17687294
0.48104995,0.0,0.34552684
0.6831106,0.0,0.32283697
0.44763163,0.0,0.26793826
0.5803628,0.0,0.03998375
0.51108557,0.0,0.51534176
0.8054277,0.0,0.18035533
0.6088352,0.0,0.111953646
0.6674604,0.0,0.18850169
0.7460664,0.0,0.39126632
0.5605717,0.0,0.22236434
0.5578742,0.0,0.49519637
0.49955347,0.0,0.5560791
0.7826282,0.0,0.039515924
0.4882871,0.0,0.40757152
0.53349125,0.0,0.43390527
0.8183959,0.0,0.021098265
0.73140997,0.0,0.108966164
0.589859,0.0,0.42613524
0.49204773,0.0,0.15629958
0.7226359,0.0,0.00021459078
0.3754787,0.0,0.5315568
0.3778622,1.0,0.62169284
0.5687428,0.0,0.16868699
0.7904204,1.0,0.58956057
0.5998293,1.0,0.12380066
0.8060543,1.0,0.6675379
0.85170597,1.0,0.40329456
0.97721225,1.0,0.47085944
0.8958263,1.0,0.10206165
0.56449133,1.0,0.22464456
0.8197701,0.0,0.0002979842
0.71371895,1.0,0.1438265
0.676417,1.0,0.27107242
0.8609135,0.0,0.0
0.7478345,0.0,0.0
0.577743,1.0,0.47575203
0.5063213,0.0,0.16963385
0.84755546,0.0,0.0
0.70084244,0.0,0.02934246
0.7110365,0.0,0.41556972
0.9164209,0.0,0.10111165
0.6448407,0.0,0.0
0.39171076,0.0,0.53458667
0.46535817,0.0,0.80126053
0.57131517,0.0,0.34431598
0.8161394,0.0,0.32978195
0.6219444,0.0,0.07755198
0.40070742,0.0,0.658884
0.50237167,0.0,0.80002296
0.5189007,0.0,0.15247469
0.6469734,0.0,0.11736186
0.7500592,0.0,0.037364364
0.55912083,0.0,0.015844349
0.73792815,0.0,0.0
0.5901789,0.0,0.00039830382
0.65346444,0.0,0.0
0.72464925,0.0,0.0
0.66859955,0.0,0.0
0.71863335,0.0,0.0
0.8054358,0.0,0.012785212
0.6913272,0.0,0.32748517
0.81625575,0.0,0.16972739
0.7486599,1.0,0.5715401
0.46104455,1.0,0.6243355
0.6888874,1.0,0.5982107
0.5149661,1.0,0.07435182
0.4297847,0.0,0.2133536
0.6147325,0.0,0.44808426
0.742722,1.0,0.3727382
0.52274835,0.0,0.0
0.61998373,0.0,0.24687295
0.5963578,0.0,0.5591889
0.5231945,0.0,0.07735668
0.7877267,0.0,0.0
0.5172484,0.0,0.59794766
0.52390045,0.0,0.28055248
0.8181775,0.0,0.0
0.8326197,0.0,0.2872222
0.4183809,0.0,0.4679574
0.6646861,0.0,0.10714244
0.52754027,0.0,0.37872192
0.6827863,0.0,0.042498253
0.483874,0.0,0.16995709
0.5734568,0.0,0.0
0.6739858,0.0,0.014922568
0.69893783,0.0,0.0
0.62691563,0.0,0.0
0.58079135,0.0,0.019097283
0.6589575,0.0,0.0
0.5913183,0.0,0.34926388
0.6603134,0.0,0.55637413
0.69328666,0.0,0.18742123
0.6539529,0.0,0.39139867
0.6365755,0.0,0.3644178
0.6195612,0.0,0.42461756
0.73688906,0.0,0.054083705
0.7512513,0.0,0.0
0.5388014,0.0,0.1960692
0.4359357,0.0,0.45334256
0.6937908,0.0,0.00073206215
0.9154335,0.0,0.016948996
0.44870067,0.0,0.29617047
0.5862308,0.0,0.29144374
0.3958945,0.0,0.59201294
0.42331576,0.0,0.6314837
0.569947,0.0,0.17270817
0.4254091,0.0,0.103556946
0.6744352,0.0,0.1447636
0.63547873,0.0,0.2312949
0.83846,0.0,0.17546685
0.48295596,0.0,0.5021547
0.6227843,0.0,0.44702828
0.6890456,0.0,0.6785138
0.82524645,0.0,0.59620714
0.56318676,0.0,0.3709575
0.6219786,0.0,0.026538463
0.6977438,0.0,0.118180215
0.44464827,0.0,0.55671483
0.49008784,0.0,0.1984208
0.4567113,0.0,0.0
0.6119846,0.0,0.1347187
0.4577088,0.0,0.40927833
0.53296465,0.0,0.20947234
0.7921474,0.0,0.004799722
0.527754,0.0,0.40001515
0.43575835,0.0,0.705785
0.54870605,0.0,0.20733634
0.67360675,0.0,0.20218351
0.5554882,0.0,0.52515644
0.57353187,0.0,0.4600668
0.52278465,0.0,0.3133389
0.59447926,0.0,0.417662
0.70389,0.0,0.024883138
0.5721285,0.0,0.3331595
0.61506796,0.0,0.35458463
0.6265789,0.0,0.09663953
0.80927294,0.0,0.0
0.5896053,0.0,0.3439729
0.49156183,0.0,0.40394467
0.8334623,0.0,0.0
0.82779,0.0,0.12360801
0.49148288,0.0,0.5509112
0.56439805,0.0,0.5558273
0.8813747,0.0,0.029784348
0.44232553,0.0,0.5863978
0.66376585,0.0,0.08677908
0.6137195,0.0,0.4167594
0.8905364,0.0,0.0009433978
0.7652831,0.0,0.0
0.9136485,0.0,0.0
0.8688648,0.0,0.018812349
0.78639936,0.0,0.0
0.7259424,0.0,0.06649278
0.73021686,0.0,0.16322103
0.711466,0.0,0.11700425
0.6491071,0.0,0.62633973
0.5718146,0.0,0.4691279
0.56945324,0.0,0.19748224
0.53197926,0.0,0.46150708
0.8005607,0.0,0.40803525
0.7654138,0.0,0.16484639
0.6901604,0.0,0.07408277
0.6415209,0.0,0.40036118
0.5701201,0.0,0.18844841
0.5688915,0.0,0.26334232
0.7695603,0.0,0.13291377
0.5962164,0.0,0.6378437
0.7071146,0.0,0.24721283
0.77535534,0.0,0.4623618
0.8933138,0.0,0.0014202622
0.6349999,0.0,0.02743532
0.62622637,0.0,0.009987754
0.72854954,0.0,0.0009966722
0.8137917,1.0,0.07745558
0.6581418,0.0,0.00011384324
0.74171394,0.0,0.0005915062
0.4775442,0.0,0.0
0.51452875,0.0,0.0
0.6763265,0.0,0.0060458523
0.54701936,0.0,0.0
0.6831991,0.0,0.0
0.76066315,0.0,0.0
0.6107077,0.0,0.027199943
0.86807716,0.0,0.00017367833
0.84878683,0.0,0.0053764093
0.65060365,0.0,0.21670564
0.64122045,0.0,0.24883121
0.8658514,0.0,0.24129036
0.73228616,0.0,0.31530026
0.6190153,0.0,0.57325345
0.5842535,0.0,0.6270637
0.6138865,0.0,0.502269
0.82302624,0.0,0.038374342
0.6125,0.0,0.4567881
0.7695301,0.0,0.162226
0.5319197,0.0,0.59056383
0.5693333,0.0,0.34538817
0.7220692,0.0,0.41042683
0.8736561,0.0,0.112718835
0.65135175,0.0,0.55339533
0.7482106,0.0,0.043534286
0.58551794,1.0,0.55243987
0.52506375,1.0,0.53491277
0.52313405,1.0,0.6549659
0.6426295,1.0,0.36112392
0.7742121,1.0,0.20577131
0.65831834,1.0,0.30615684
0.60303336,1.0,0.56464106
0.48584473,1.0,0.47823873
0.8020782,1.0,0.0459825
0.5166603,1.0,0.24910313
0.8147982,1.0,0.21523117
0.74142545,0.0,0.0
0.6360111,1.0,0.43328488
0.48403537,1.0,0.6557332
0.68101233,1.0,0.22789411
0.50354177,0.0,0.2856792
0.68216574,1.0,0.7875656
0.4778898,0.0,0.39921388
0.61846656,0.0,0.013433883
0.806597,0.0,0.010172701
0.7378312,0.0,0.18891257
0.7311883,0.0,0.0
0.7495842,0.0,0.10827307
0.5767466,0.0,0.3795607
0.7771092,0.0,0.0
0.7160625,0.0,0.0
0.7427511,0.0,0.24980405
0.5526426,0.0,0.0279737
0.7483434,0.0,0.0
0.6568138,0.0,0.0
0.60717607,0.0,0.07697757
0.5114228,1.0,0.321015
0.616747,1.0,0.106017984
0.62117934,0.0,0.0
0.792007,1.0,0.07472225
0.7991662,0.0,0.012730518
0.8824063,0.0,0.0
0.80412376,0.0,0.0
0.6425667,0.0,0.10096266
0.54206264,0.0,0.15398085
0.77933973,0.0,0.0
0.6975157,0.0,0.0
0.49969882,0.0,0.47288728
0.6679629,0.0,0.18911964
0.7098266,0.0,0.12175759
0.5972689,0.0,0.48862684
0.58713114,0.0,0.06288131
0.62150913,0.0,0.07603056
0.54479176,0.0,0.6163971
0.7279043,0.0,0.18588135
0.5989883,0.0,0.0065038134
0.5185167,0.0,0.14377326
0.6037355,0.0,0.3968081
0.63092834,0.0,0.09762643
0.7628294,0.0,0.005803513
0.64632815,0.0,0.32766765
0.45758313,0.0,0.6669681
0.669005,0.0,0.046732545
0.6155125,0.0,0.41955024
0.6583416,0.0,0.035651688
0.5037225,0.0,0.5736476
0.58955014,0.0,0.44142023
0.847628,0.0,0.004225565
0.63761544,0.0,0.28127638
0.765751,0.0,0.02202405
0.7891451,0.0,0.2726607
0.6777198,0.0,0.12649538
0.59049636,0.0,0.34586242
0.6600316,0.0,0.012565928
0.5248103,1.0,0.24812394
0.47223645,1.0,0.4560473
0.64787346,0.0,0.008477724
0.71928865,1.0,0.11337082
0.39787614,1.0,0.27972445
0.55375004,0.0,0.07372068
0.44666928,0.0,0.30301684
0.43939492,0.0,0.5685911
0.45818636,0.0,0.75132704
0.89354074,0.0,0.1546574
0.51589674,0.0,0.16692267
0.48229593,0.0,0.33317667
0.7256578,0.0,0.0030808502
0.7666049,0.0,0.0047957227
0.54830587,0.0,0.0026793755
0.5927279,0.0,0.03564905
0.8241873,0.0,0.0
0.81474,0.0,0.24144398
0.6016796,0.0,0.105200805
0.6727315,0.0,0.0013597116
0.805548,0.0,0.0
0.7710096,0.0,0.2769362
0.80228025,0.0,0.0044722143
0.70404905,0.0,0.011298133
0.8008854,0.0,0.23992863
0.68826914,0.0,0.18574412
0.8746135,0.0,0.0022779151
0.9659946,0.0,0.07579632
0.6325955,0.0,0.28019786
0.63243645,0.0,0.30087304
0.49821103,0.0,0.6944005
0.7780112,0.0,0.44056848
0.7305391,0.0,0.02335012
0.6384416,0.0,0.31579763
0.61519843,0.0,0.42244655
0.6557061,0.0,0.7162987
0.74545854,0.0,0.041410092
0.8220628,0.0,0.11797847
0.70826477,0.0,0.6126012
0.7076879,0.0,0.23423555
0.8691475,0.0,3.7932765e-05
0.7702729,0.0,0.30507034
0.46937725,0.0,0.3756085
0.797757,0.0,0.04899806
0.75256836,0.0,0.0027182852
0.5574574,0.0,0.2565204
0.7140825,0.0,0.23909566
0.7012825,0.0,0.0049371757
0.52022415,1.0,0.48875406
0.47819856,1.0,0.4551816
0.7442716,0.0,0.07614828
0.8287489,0.0,0.0010927214
0.54293454,1.0,0.42576522
0.60218394,0.0,0.55627763
0.79465157,0.0,0.16761322
0.7016947,0.0,0.3725219
0.536254,0.0,0.5521467
0.6443326,0.0,0.65850097
0.7825484,0.0,0.14564146
0.66644603,0.0,0.4230146
0.5652144,0.0,0.8356506
0.54557544,0.0,0.28152493
0.7612144,0.0,0.12875868
0.6970281,0.0,0.18297601
0.71259964,0.0,0.06061959
0.7912075,0.0,0.0
0.8149113,0.0,0.0015454063
0.48553914,0.0,0.0019277731
0.709173,1.0,0.056466695
0.94265586,1.0,0.036599763
0.70489955,1.0,0.37569487
0.7062078,1.0,0.18873289
0.557525,1.0,0.43608856
0.6167841,0.0,0.3676562
0.64814365,0.0,0.08550111
0.65572876,0.0,0.002458711
0.6526184,1.0,0.12448542
0.85589933,0.0,0.008731655
0.6939844,0.0,0.088169105
0.7373168,0.0,0.0
0.71168274,0.0,0.044877704
0.74488693,0.0,0.007790899
0.72567546,0.0,0.060353253
0.80736643,0.0,0.0
0.62961274,0.0,0.18162753
0.71547014,0.0,0.6914421
0.5164522,0.0,0.56147
0.75527316,0.0,0.5271449
0.574717,0.0,0.12688673
0.7882191,0.0,0.19736464
0.7108357,0.0,0.030462608
0.8638802,0.0,0.00076989376
0.86718786,0.0,0.04976491
0.6741535,0.0,0.0
0.8235157,0.0,0.018741315
0.781479,0.0,0.0011533113
0.8336742,0.0,0.0039549
0.5336931,0.0,0.06521563
0.5047524,0.0,0.29349738
0.4899004,0.0,0.024954563
0.55205166,0.0,0.78435427
0.626872,0.0,0.1697914
0.60569865,0.0,0.34255597
0.57223386,1.0,0.4879494
0.47653124,0.0,0.40752885
0.50388455,0.0,0.41065666
0.8276044,0.0,0.071536265
0.72007173,1.0,0.28710654
0.4910994,0.0,0.506288
0.7388685,0.0,0.090103194
0.7967315,0.0,0.11755169
0.6728902,0.0,0.43304324
0.52835095,0.0,0.20659429
0.85108364,0.0,0.0
0.75999624,0.0,0.16145703
0.6338747,0.0,0.28309268
0.7515513,0.0,0.0
0.8853911,0.0,0.004877698
0.71290964,0.0,0.19073322
0.60528463,0.0,0.4559768
0.66131544,0.0,0.22049896
0.8463811,0.0,0.055142798
0.5743035,0.0,0.70282143
0.6360277,0.0,0.34618214
0.498349,0.0,0.9624663
0.42870745,0.0,0.8089256
0.47827768,0.0,0.79119414
0.47117102,0.0,0.52181286
0.50187534,0.0,0.5372826
0.64678544,0.0,0.27713892
0.5523972,0.0,0.44998133
0.7007008,0.0,0.43965134
0.54226166,0.0,0.160719
0.7070969,0.0,0.42981905
0.9215608,0.0,0.023962226
0.8238035,0.0,0.34508154
0.60274583,0.0,0.5318038
0.62222767,0.0,0.45832244
0.5937686,0.0,0.32220113
0.6789341,0.0,0.40448034
0.81925315,0.0,0.15239489
0.559933,0.0,0.27658677
0.76775473,0.0,0.008953712
0.6647871,0.0,0.45450652
0.8826425,0.0,0.2133079
0.4913204,0.0,0.49251163
0.5986051,0.0,0.8098321
0.66358954,0.0,0.5468054
0.5009829,0.0,0.6838916
0.7302374,0.0,0.65104806
0.5276414,0.0,0.6836459
0.58092046,0.0,0.6894206
0.4709432,0.0,0.44226024
0.75248945,0.0,0.43345827
0.5523155,1.0,0.15949132
0.54909784,1.0,0.047703467
0.6639825,0.0,0.05613373
0.44698927,1.0,0.08900481
0.8229891,0.0,0.0013777926
0.40491062,1.0,0.1310607
0.615653,0.0,0.1317052
0.4376513,0.0,0.33212823
0.3991267,0.0,0.74422216
0.58924747,0.0,0.5154368
0.54246366,1.0,0.75709003
0.55986154,1.0,0.5253368
0.52662337,1.0,0.5008694
0.6532125,0.0,0.2736102
0.7385789,0.0,0.0070038293
0.6453994,1.0,0.05351279
0.7460061,0.0,0.07551768
0.68093354,1.0,0.2880056
0.5148395,0.0,0.4450708
0.47347796,0.0,0.8012437
0.5254106,1.0,0.47412145
0.6562883,0.0,0.6111903
0.46564493,0.0,0.3093853
0.5791571,0.0,0.34275252
0.6113446,0.0,0.39000753
0.5664502,0.0,0.38954303
0.49635735,0.0,0.5977303
0.6952061,0.0,0.46034533
0.4531902,0.0,0.21982348
0.79525745,0.0,0.034873303
0.56524307,0.0,0.19459295
0.68071437,0.0,0.0083217425
0.6647131,0.0,0.40068266
0.59771216,0.0,0.6517612
0.5507667,0.0,0.708087
0.71046835,0.0,0.12638797
0.83370394,0.0,0.17405787
0.9364995,0.0,0.0
0.688371,0.0,0.2495956
0.7914807,0.0,0.0
0.7255505,0.0,0.32341853
0.64802593,0.0,0.63100284
0.81370205,0.0,0.019043893
0.61445343,0.0,0.49133584
0.48486727,0.0,0.46980664
0.54047364,0.0,0.7491086
0.67769045,0.0,0.241809
0.70995,0.0,0.15196672
0.7813991,0.0,0.20034578
0.6301754,0.0,0.31210908
0.8673927,0.0,0.012154404
0.5712005,1.0,0.3145396
0.89998424,0.0,0.0
0.6093976,0.0,0.014178133
0.8881416,0.0,0.08279789
0.5929412,1.0,0.17718127
0.870165,1.0,0.11600234
0.45349675,1.0,0.23669942
0.41064915,1.0,0.7792398
0.6623866,1.0,0.33084956
0.5871926,1.0,0.55007833
0.64888746,1.0,0.47846347
0.71633923,0.0,0.4643987
0.53388494,0.0,0.16966817
0.56911796,1.0,0.40389943
0.6140088,0.0,0.2359074
0.49512535,0.0,0.21648611
0.8086105,0.0,0.024727518
0.5366182,0.0,0.10649408
0.79052055,0.0,0.00018071233
0.48020083,0.0,0.23920013
0.74014467,0.0,0.14614147
0.6268017,0.0,0.33660543
0.56236875,0.0,0.7845317
0.65563774,0.0,1.0
0.58179235,0.0,0.5072932
0.7261145,0.0,0.09298214
0.77773875,0.0,0.0
0.7982234,0.0,0.09027319
0.77071667,0.0,0.008375504
0.5864003,0.0,0.39653268
0.8103792,0.0,0.0
0.5603599,0.0,0.42460704
0.62575203,1.0,0.21368818
0.55672485,0.0,0.1224817
0.6277922,0.0,0.7927616
0.7642398,0.0,0.73412484
0.92186236,0.0,0.27818382
0.62612873,0.0,0.20963939
0.6758166,0.0,0.032474548
0.7371214,0.0,0.0058854865
0.78547114,0.0,0.07121507
0.9068234,0.0,0.0050227726
0.6920065,0.0,0.3939318
0.8664769,0.0,0.008127052
0.72968006,0.0,0.22403026
0.67101157,0.0,0.73224616
0.6235019,0.0,0.8200751
0.6219586,0.0,0.12460435
0.5323673,0.0,0.12586226
0.707919,0.0,0.0064184177
0.52052814,0.0,0.00776132
0.88609713,0.0,0.0026866214
0.54329294,0.0,0.011128532
0.71137977,0.0,0.0
0.7559598,0.0,0.08800763
0.688066,0.0,0.028190976
0.61749095,0.0,0.18034911
0.72295403,0.0,0.06416977
0.6165519,0.0,0.00954234
0.60208714,0.0,0.011469441
0.65810555,0.0,0.029284777
0.7190459,0.0,0.21546942
0.8397448,0.0,0.29599914
0.8437567,0.0,0.6202716
0.79239357,0.0,0.77995104
0.57699066,0.0,0.77187985
0.66937083,0.0,0.27844197
0.7593001,0.0,0.59309536
0.8554879,0.0,0.49679244
0.65999764,0.0,0.10481466
0.7780163,0.0,0.7910273
0.62002295,0.0,0.0950362
0.6013877,0.0,0.44276786
0.65275204,0.0,0.12408576
0.5668288,0.0,0.5111218
0.73015964,0.0,0.13196011
0.49923584,0.0,0.66476715
0.42000937,0.0,0.22007807
0.7355301,0.0,0.019757409
0.6098863,0.0,0.5404273
0.5665455,0.0,0.39541867
0.68649673,0.0,0.061481506
0.60575765,0.0,0.21632391
0.54505193,0.0,0.42845595
0.7632177,0.0,0.25192276
0.64835143,0.0,0.5773381
0.6842066,0.0,0.11418938
0.5210001,0.0,0.5534724
0.4880947,0.0,0.8185822
0.44795385,0.0,0.18036467
0.51498085,0.0,0.61322796
0.71838206,0.0,0.37411296
0.47068244,0.0,0.5841532
0.5389908,0.0,0.72573787
0.44927767,0.0,0.6454973
0.52904975,0.0,0.8423085
0.54224384,0.0,0.71165115
0.41405082,0.0,0.048132665
0.4729897,0.0,0.30850902
0.4835923,0.0,0.0
0.50908643,0.0,0.09310113
0.5065569,0.0,0.00035438736
0.474076,0.0,0.17429918
0.502205,0.0,0.0028020302
0.76827097,0.0,0.08940846
0.7508993,0.0,0.41072825
0.81348616,0.0,0.4044942
0.75513506,0.0,0.3091799
0.5648258,0.0,0.35484695
0.5551387,0.0,0.14192016
0.7861914,0.0,0.12041738
0.6834937,0.0,0.46067286
0.7548496,0.0,0.07020676
0.65979016,0.0,0.27402732
0.9497669,0.0,0.019609658
0.7491952,0.0,0.011975921
0.8448531,0.0,0.5517415
0.7804087,0.0,0.17228048
0.7560622,0.0,0.46888223
0.76630217,0.0,0.0030514565
0.8047288,0.0,0.3104629
0.8811147,0.0,0.108551085
0.7463282,0.0,0.2571949
0.80223787,0.0,0.07416196
0.88674027,0.0,0.014060996
0.8535536,0.0,0.55291444
0.76751167,0.0,0.2532153
0.67578167,0.0,0.18737759
0.815083,0.0,0.6310641
0.8484454,0.0,0.48580602
0.9012628,0.0,0.5328052
0.74405044,0.0,0.3665363
0.6787583,0.0,0.5732587
0.7047795,0.0,0.12042722
0.7454441,0.0,0.37220648
0.7129832,0.0,0.009165302
0.8339218,0.0,0.2714864
0.8633273,0.0,0.030646134
0.79194385,0.0,0.12173461
0.92593205,0.0,0.016592301
0.81520104,0.0,9.765219e-05
0.6871,0.0,0.1417113
0.9235586,0.0,0.065196656
0.7751651,0.0,0.30642405
0.6556381,0.0,0.5712484
0.48517635,0.0,0.6016732
0.6126587,0.0,0.008742858
0.8339463,0.0,0.21927069
0.5011772,0.0,0.516375
0.6929795,0.0,0.39374456
0.89163744,0.0,0.073994786
0.50815314,0.0,0.037892647
0.5431449,0.0,0.81992394
0.5368168,0.0,0.5332755
0.7600464,0.0,0.042922053
0.7693405,0.0,0.17775533
0.7223313,0.0,0.0
0.80244714,0.0,0.0139817055
0.8460645,0.0,0.0
0.8820401,0.0,0.0
0.88220125,0.0,0.0
0.75641274,0.0,0.0102708135
0.72784156,0.0,0.26205558
0.7806437,0.0,0.048778027
0.8968083,0.0,0.28372812
0.69643855,0.0,0.048986305
0.72784114,0.0,0.0
0.9381055,0.0,0.0071505373
0.8095814,0.0,0.0067051267
0.7941744,0.0,0.14569026
0.70350146,0.0,0.059977006
0.89129555,0.0,0.0008502454
0.7068155,0.0,0.1012566
0.79321396,0.0,0.5389928
0.87918997,0.0,0.36728546
0.89691293,0.0,0.20616403
0.7240342,0.0,0.7804621
0.8076088,0.0,0.216119
0.6578593,0.0,0.16239725
0.695375,0.0,0.15707237
0.84268665,0.0,0.14795287
0.5717164,0.0,0.0039399522
0.69691783,0.0,0.059441715
0.6202628,0.0,0.0016870826
0.6328777,0.0,0.0
0.82653844,0.0,0.0014036401
0.6161882,0.0,0.0
0.68154985,1.0,0.43583858
0.825073,1.0,0.40383708
0.77448106,1.0,0.46583083
0.79448986,1.0,0.4509703
0.81968576,0.0,0.020612897
0.84541076,0.0,0.07013211
0.86519533,0.0,0.00027685077
0.8124886,0.0,0.029509615
0.874959,0.0,0.0004119856
0.92477375,0.0,0.047855664
0.8238412,0.0,0.1659736
0.92635226,0.0,0.3369269
0.85607004,0.0,0.7468752
0.9137349,0.0,0.2034686
0.72858495,0.0,0.08471724
0.82807815,0.0,0.06590506
0.7564126,1.0,0.52323335
0.7669542,1.0,0.5045595
0.5098901,1.0,0.20094639
0.6538479,0.0,0.04624184
0.59410375,1.0,0.62884307
0.5730581,1.0,0.6411328
0.9298814,0.0,0.0930522
0.5063073,1.0,0.22685711
0.7016929,0.0,0.20186749
0.54281086,0.0,0.0077767423
0.66715014,0.0,0.41623437
0.76728934,0.0,0.10994143
0.6073214,0.0,0.18363616
0.65207773,0.0,0.5861724
0.5802403,0.0,0.34830564
0.55503196,0.0,0.81136125
0.53704494,0.0,0.7584706
0.919046,0.0,0.16687775
0.7566618,0.0,0.100875266
0.7454877,0.0,0.06697334
0.7801176,0.0,0.019356353
0.67820996,0.0,0.06484988
0.58748627,0.0,0.00021972154
0.6542211,0.0,0.012058233
0.86636263,0.0,0.009230581
0.4242525,0.0,0.36607674
0.63607943,0.0,0.14527197
0.9147252,0.0,0.0014320347
0.830944,0.0,0.17020857
0.7450035,0.0,0.026556002
0.66138357,0.0,0.31950593
0.52668154,0.0,0.74924225
0.50458556,0.0,0.52817154
0.63888747,0.0,0.5261659
0.74077743,0.0,0.010042818
0.6098926,0.0,0.66017884
0.75105214,0.0,0.20790909
0.55297226,0.0,0.4588833
0.54374576,0.0,0.8104255
0.56441736,0.0,0.5606907
0.73733574,0.0,0.045727003
0.62981445,0.0,0.11555478
0.5974385,0.0,0.3695092
0.6800768,0.0,0.46079928
0.77756214,0.0,0.009410834
0.90592027,0.0,0.10497138
0.81647676,0.0,0.004868212
0.67107093,0.0,0.110004745
0.7680414,0.0,0.0
0.7662769,0.0,0.037980553
0.5582169,0.0,0.013783102
0.7046401,0.0,0.2000845
0.8060925,0.0,0.31253368
0.65700233,0.0,0.17145124
0.7502081,0.0,0.08369579
0.7208672,0.0,0.00573458
0.7240584,0.0,0.17820713
0.69876534,0.0,0.005996703
0.6787793,0.0,0.22748682
0.648291,0.0,0.32315785
0.584393,0.0,0.22265948
0.7055176,0.0,0.0
0.72663903,0.0,0.09846382
0.5203131,0.0,0.513183
0.6275021,0.0,0.2023318
0.81035405,0.0,0.00819363
0.8443914,0.0,0.044235263
0.5470565,0.0,0.36763236
0.6511154,0.0,0.19979818
0.86072457,0.0,0.0
0.6078796,0.0,0.18728136
0.703556,0.0,0.6074569
0.70377535,0.0,0.29192042
0.87592643,0.0,0.026325835
0.5908177,0.0,0.6516358
0.76938987,0.0,0.7088964
0.90054274,0.0,0.5758287
0.76442236,0.0,0.5172402
0.62415344,0.0,0.50286275
0.6293069,0.0,0.49139985
0.601934,0.0,0.24360509
0.587571,0.0,0.6875799
0.657963,0.0,0.3234474
0.7408132,0.0,0.27342972
0.60246307,0.0,0.70355946
0.73218375,0.0,0.4622582
0.802196,0.0,0.07368499
0.55910206,0.0,0.4279284
0.7264678,0.0,0.20044675
0.7065392,0.0,0.0035525754
0.7341244,0.0,0.047996297
0.6442459,0.0,0.045033935
0.7791584,0.0,0.1497333
0.5213623,0.0,0.7522684
0.5185516,0.0,0.31257355
0.88899016,0.0,0.06609303
0.5316646,0.0,0.40478653
0.6714952,1.0,0.57179135
0.65824455,1.0,0.41495323
0.58527726,1.0,0.6746646
0.41479892,1.0,0.113605715
0.6425987,1.0,0.21840523
0.84361786,1.0,0.13603616
0.65201735,0.0,0.20471875
0.81924355,0.0,0.061065093
0.7462796,0.0,0.0624505
0.66331166,1.0,0.31633222
0.7964788,0.0,0.0
0.6165905,1.0,0.1410495
0.715228,0.0,0.009710941
0.7361608,0.0,0.107463315
0.6641926,0.0,0.02625127
0.5618876,0.0,0.21603575
0.6341404,0.0,0.6996416
0.5195803,1.0,0.7109033
0.6961557,1.0,0.25000072
0.67798203,1.0,0.39209142
0.74121606,0.0,0.00040810983
0.53728855,1.0,0.20274854
0.81425214,0.0,0.0075695775
0.53402394,1.0,0.10058506
0.74690306,0.0,0.013815578
0.52507234,1.0,0.27837348
0.56885976,0.0,0.004389952
0.64225596,0.0,0.0010398774
0.66315645,1.0,0.0450083
0.63364774,0.0,0.16745473
0.70787394,1.0,0.50920594
0.7673702,0.0,0.2910585
0.8392779,0.0,0.5465647
0.6949509,0.0,0.82439613
0.59457207,0.0,0.22189198
0.5664553,0.0,0.08267193
0.8880092,0.0,0.0
0.67907405,0.0,0.0
0.69916815,0.0,0.00016935113
0.6443667,0.0,0.0005508636
0.8061933,0.0,0.005624639
0.5589771,0.0,0.08347314
0.7090391,0.0,0.2084032
0.8784887,0.0,0.17089568
0.6018899,0.0,0.8390817
0.7360141,0.0,0.790747
0.7395054,0.0,1.0
0.7698104,0.0,0.7824427
0.6235764,0.0,0.17962989
0.8815033,0.0,0.0027977368
0.9410555,0.0,0.010245366
0.6783681,0.0,0.12776448
0.90811926,0.0,0.0007591488
0.9011468,0.0,0.007370402
0.8310587,0.0,0.0013397892
0.55167687,1.0,0.056568626
0.6156424,0.0,0.0
0.6700581,0.0,0.0
0.6523634,1.0,0.024503984
0.7184382,1.0,0.07869515
0.7423619,0.0,0.01053306
0.64021397,0.0,0.0
0.85652786,0.0,0.002066568
0.60909206,0.0,0.012962373
0.8045889,0.0,0.0
0.69122076,0.0,0.02251254
0.61648756,0.0,0.069235116
0.5786634,0.0,0.47642532
0.5943898,0.0,0.5977897
0.52780104,0.0,0.50997895
0.8686671,0.0,0.26079103
0.9237914,0.0,0.0
0.8509644,0.0,0.0
0.7911337,0.0,0.016850166
0.70072514,1.0,0.038927518
0.6241007,1.0,0.2879874
0.73733014,0.0,0.039080754
0.87037754,1.0,0.27199012
0.6587856,1.0,0.53868204
0.4981048,1.0,0.5998645
0.43546808,1.0,0.2584903
0.5380512,1.0,0.13691631
0.5402518,0.0,0.0
0.6977275,1.0,0.30742368
0.82124496,1.0,0.61622936
0.70337784,0.0,0.23845118
0.53502953,0.0,0.6776049
0.4918485,0.0,0.48859715
0.46913666,0.0,0.5989045
0.6011724,0.0,0.5740823
0.5008536,0.0,0.52913
0.6859467,0.0,0.6062444
0.6567572,0.0,0.2014336
0.46962568,0.0,0.35050917
0.5791498,0.0,0.13405861
0.733823,0.0,0.12958089
0.5877844,0.0,0.2953322
0.5164028,0.0,0.4000681
0.4886688,0.0,0.5916346
0.6195973,0.0,0.18452147
0.558075,0.0,0.059857093
0.553426,0.0,0.35042998
0.41178823,0.0,0.3708703
0.77264583,0.0,0.0011887691
0.89138037,0.0,0.29284915
0.39926362,0.0,0.74457693
0.60225546,0.0,0.40409473
0.540677,0.0,0.6914984
0.46981227,0.0,0.21763542
0.42377314,0.0,0.21510397
0.76369154,0.0,0.009549654
0.50654525,0.0,0.46017814
0.524889,0.0,0.08383434
0.48003095,0.0,0.10483634
0.4662711,0.0,0.14250593
0.623844,0.0,0.03336961
0.5680363,0.0,0.01775094
0.52734613,0.0,0.31193998
0.44073066,0.0,0.053712677
0.46819994,0.0,0.037051346
0.5922084,0.0,0.12730254
0.66156906,0.0,0.30692786
0.44881308,0.0,0.35755518
0.47088483,0.0,0.026688121
0.7712231,0.0,0.0027065484
0.43964168,0.0,0.43348476
0.5125382,0.0,0.15894584
0.66822267,0.0,0.0025960556
0.68489146,0.0,0.091038376
0.596053,0.0,0.046677932
0.5190564,0.0,0.026999414
0.68990105,0.0,0.37737313
0.52940506,0.0,0.3074781
0.453869,0.0,0.6700887
0.53883314,0.0,0.21302167
0.5027789,0.0,0.42910945
0.4565852,0.0,0.7385982
0.42263308,0.0,0.059533324
0.44130912,0.0,0.7611014
0.40495685,0.0,0.34825155
0.37999707,0.0,0.511061
0.45480406,0.0,0.26852718
0.41047904,0.0,0.5314972
0.4984023,0.0,0.18391731
0.43023762,0.0,0.8283005
0.54575014,0.0,0.5155631
0.48622045,0.0,0.74125236
0.4402194,0.0,0.30264
0.4056655,0.0,0.7980702
0.6220473,0.0,0.19878684
0.5200853,0.0,0.32273778
0.39942983,0.0,0.6693931
0.3909296,0.0,0.41191703
0.63468754,0.0,0.08009926
0.78859675,0.0,0.14483036
0.59475964,0.0,0.0
0.57336384,0.0,0.23859324
0.45366222,0.0,0.6139172
0.46188095,0.0,0.39396894
0.6353538,0.0,0.082494035
0.51647437,0.0,0.5283795
0.5216405,0.0,0.4000539
0.6484044,0.0,0.00197257
0.5586573,0.0,0.49453855
0.67840517,0.0,0.053403914
0.56267005,0.0,0.0007052687
0.51483756,0.0,0.42719457
0.48626387,0.0,0.17684084
0.709549,0.0,0.07231738
0.584766,0.0,0.024002267
0.70297956,1.0,0.078724004
0.822751,1.0,0.0032119176
0.5614364,1.0,0.010325203
0.85032856,1.0,0.09485088
0.82667315,1.0,0.003314512
0.8014161,1.0,0.00556313
0.6840477,0.0,0.00035067223
0.70106554,1.0,0.00020295463
0.78824186,1.0,0.011703981
0.5259226,0.0,0.0
0.6323185,0.0,0.014037371
0.7844406,0.0,0.013485193
0.5871677,0.0,0.00024604658
0.6234816,0.0,0.0
0.6823739,0.0,0.048324503
0.7033264,0.0,0.0
0.9041499,0.0,0.00043211505
0.8506239,0.0,0.0029369046
0.76533294,0.0,0.0038874755
0.72509223,0.0,0.00028667014
0.6658251,0.0,0.0
0.7861287,0.0,0.0030734274
0.6937295,0.0,0.037345067
0.7570458,0.0,0.24874811
0.73227096,0.0,0.054051295
0.5082062,0.0,0.49541602
0.52829885,0.0,0.44194815
0.47415763,0.0,0.67682594
0.56495005,0.0,0.29370582
0.498149,0.0,0.3305493
0.50419873,0.0,0.20807894
0.5997133,0.0,0.19443336
0.77259994,0.0,0.0028159996
0.57290417,0.0,0.00093748904
0.7423477,0.0,0.026542999
0.6223521,0.0,0.045824513
0.6033676,0.0,0.0
0.69967294,0.0,0.00057926733
0.5758753,0.0,0.03185917
0.5200289,0.0,0.087962545
0.6142243,0.0,0.09249283
0.7834081,0.0,0.093207695
0.69835234,0.0,0.39937386
0.5736417,0.0,0.71846926
0.50196195,0.0,0.4712699
0.62197244,0.0,0.008066797
0.51454985,1.0,0.18246457
0.82144904,1.0,0.45299602
0.85059303,0.0,0.12153459
0.93090063,1.0,0.0029352803
0.6584919,1.0,0.40459818
0.81875616,1.0,0.0036100307
0.89989984,1.0,0.0
0.70609885,1.0,0.23751198
0.61262834,1.0,0.08185553
0.7708868,0.0,0.034005992
0.46983263,0.0,0.12511788
0.82685965,0.0,0.00033209403
0.8069125,0.0,0.0
0.53123313,0.0,0.20209883
0.5962809,0.0,0.005138807
0.5803924,0.0,0.0005737919
0.41966966,0.0,0.2818926
0.60942906,0.0,0.4483724
0.49882606,0.0,0.32642296
0.6457024,0.0,0.0
0.65842164,0.0,0.00039785545
0.5099672,0.0,0.0
0.6018063,0.0,0.055868465
0.66740596,0.0,0.0069990507
0.62672627,0.0,0.026390696
0.38157663,0.0,0.3510509
0.59885186,0.0,0.3187348
0.5311205,0.0,0.5354202
0.5725036,0.0,0.23927757
0.4297179,0.0,0.64387864
0.4834294,0.0,0.43274754
0.5601944,0.0,0.11033195
0.7367135,0.0,0.0022073013
0.63646835,0.0,0.059961185
0.6766102,0.0,0.057477504
0.7404846,0.0,0.045422982
0.52057487,0.0,0.37960178
0.71094984,0.0,0.12580204
0.52715474,0.0,0.33225197
0.5018018,0.0,0.1885741
0.7464803,1.0,0.031463563
0.5155066,1.0,0.2829164
0.6925411,1.0,0.045206092
0.64693564,1.0,0.09742516
0.5798709,0.0,0.53507656
0.50953126,0.0,0.79054976
0.70423776,1.0,0.53621656
0.495943,0.0,0.5769941
0.6602493,1.0,0.41492915
0.51421136,0.0,0.35478953
0.5863075,1.0,0.5392806
0.53205985,1.0,0.02806724
0.3851233,1.0,0.18485774
0.65449035,1.0,0.12021691
0.44066,1.0,0.6007483
0.6267995,0.0,0.25255552
0.39649338,0.0,0.6831669
0.52380395,0.0,0.2450653
0.47543567,0.0,0.26623207
0.50104725,0.0,0.7120827
0.66023386,0.0,0.27099675
0.5253396,0.0,0.3264876
0.52842635,0.0,0.50854063
0.41429546,0.0,0.61455077
0.62670547,0.0,0.08075112
0.7305789,0.0,0.3583396
0.5231192,0.0,0.76740235
0.420489,0.0,0.8474193
0.63597226,0.0,0.27962527
0.48580626,0.0,0.62494564
0.5270903,0.0,0.34391913
0.44834238,0.0,0.50016844
0.5621487,0.0,0.023963679
0.5175889,0.0,0.5058957
0.5128052,0.0,0.5615435
0.53838545,0.0,0.06070927
0.45423418,0.0,0.08088979
0.4373068,0.0,0.12145888
0.48345459,0.0,0.2975694
0.47947672,0.0,0.06890408
0.60494125,0.0,0.5563005
0.523548,0.0,0.35094222
0.7070708,0.0,0.026759382
0.5558729,0.0,0.06129027
0.68741983,0.0,0.11387397
0.63287467,0.0,0.02291604
0.6136897,0.0,0.03871401
0.531159,0.0,0.36126056
0.6376455,0.0,0.26447558
0.6794509,0.0,0.22252683
0.5083413,0.0,0.620949
0.6771538,0.0,0.061222948
0.9063582,0.0,0.0035658083
0.849238,0.0,0.051034037
0.6767666,0.0,0.020770025
0.57566476,0.0,0.012625357
0.7169153,0.0,0.0
0.60874337,0.0,0.2838465
0.6339942,0.0,0.46929774
0.5419755,0.0,0.14527507
0.7901576,0.0,0.0
0.8499519,0.0,0.0
0.7492489,0.0,0.0014662753
0.5640359,0.0,0.00090127334
0.65388817,0.0,0.004226005
0.7222738,1.0,0.007281101
0.8454262,0.0,0.0026956047
0.696048,0.0,0.07385915
0.7495196,1.0,0.0
0.5545166,0.0,0.18857701
0.61728984,0.0,0.008556338
0.5325923,0.0,0.0
0.7027586,0.0,0.00061964773
0.5455955,1.0,0.008261468
0.4769687,1.0,0.01552549
0.52989334,0.0,0.00062638
0.37536454,1.0,0.35498592
0.4659253,0.0,0.29903552
0.7026967,0.0,0.059058122
0.5250067,0.0,0.0025037625
0.6305138,0.0,0.001064499
0.48748642,0.0,0.22765397
0.59923685,0.0,0.25067627
0.59445745,0.0,0.19821306
0.5385618,0.0,0.20201263
0.6206573,0.0,0.2351176
0.6914418,1.0,0.4883985
0.8313008,1.0,0.4751493
0.7544122,1.0,0.09298237
0.77672774,1.0,0.21363932
0.9722884,1.0,0.07095511
0.934216,1.0,0.0
0.9165591,1.0,0.0073621455
0.8264601,0.0,0.01353488
0.8266245,0.0,0.0060528703
0.7381853,0.0,0.0016194232
0.9481223,0.0,0.0
0.81781465,0.0,0.0
0.7752568,0.0,0.008378005
0.89150476,0.0,0.00083925383
0.69141144,0.0,0.5242823
0.75009567,0.0,0.28114066
0.4006583,0.0,0.7707261
0.5421269,0.0,0.6211284
0.5963331,0.0,0.093822554
0.71802974,0.0,0.29097182
0.6844291,0.0,0.10364899
0.8010356,0.0,0.0010204571
0.70831853,0.0,0.0752596
0.73943096,0.0,0.0
0.71236765,0.0,0.014171448
0.6416775,0.0,0.005615447
0.8480114,0.0,0.022408703
0.86125064,1.0,0.028149322
0.63726556,0.0,0.104588665
0.546048,0.0,0.38191724
0.61887246,1.0,0.36448768
0.8416965,1.0,0.0018164624
0.7714282,0.0,0.16227998
0.52567047,0.0,0.29926196
0.48364356,0.0,0.5099384
0.8520308,0.0,0.0
0.8694449,0.0,0.07179372
0.96874905,0.0,0.005471935
0.7551368,0.0,0.1569075
0.91532916,0.0,0.0
0.6114481,0.0,0.06917197
0.7530856,0.0,0.06703763
0.5321943,0.0,0.33501688
0.7239869,0.0,0.5768114
0.69310015,0.0,0.2666337
0.7992594,0.0,0.12803169
0.8302585,0.0,0.13629696
0.765064,0.0,0.20386517
0.8027604,0.0,0.00039878045
0.7651065,0.0,0.03297033
0.7519756,0.0,0.33491832
0.7923964,1.0,0.24519244
0.8770845,0.0,0.007356581
0.7145219,0.0,0.055330325
0.78520405,0.0,0.0
0.70964205,0.0,2.5197303e-05
0.63773143,0.0,0.27008814
0.6918157,0.0,0.01420624
0.48709434,0.0,0.20442966
0.5025187,0.0,0.40451714
0.57718384,0.0,0.9385453
0.4104848,0.0,0.66800034
0.5252252,0.0,0.5134894
0.8191683,0.0,0.16506518
0.46817982,0.0,0.5797796
0.8032793,0.0,0.0
0.4410456,0.0,0.09006069
0.7491703,0.0,0.011111732
0.5732935,0.0,0.19827956
0.8353462,0.0,0.08644884
0.57935727,0.0,0.39086682
0.74520946,0.0,0.8289399
0.5871169,0.0,0.58402884
0.49923193,0.0,0.6371563
0.4012243,0.0,0.2610334
0.4520836,0.0,0.5660359
0.5264801,0.0,0.256316
0.4657449,0.0,0.45049268
0.86676896,0.0,0.0044642696
0.6109551,0.0,0.4057589
0.86437917,0.0,0.0
0.63520086,0.0,0.28420776
0.66218024,0.0,0.3411695
0.6067801,0.0,0.58704937
0.4749803,0.0,0.14069648
0.54318076,1.0,0.19903259
0.6850555,0.0,0.0
0.93638384,0.0,0.0
0.7196028,0.0,0.22171827
0.59125787,0.0,0.0
0.8054646,0.0,0.0
0.64787835,0.0,0.2349456
0.4517798,0.0,0.5820364
0.4546814,0.0,0.3211434
0.46224368,0.0,0.60486543
0.68932474,0.0,0.2672913
0.62904567,0.0,0.6731884
0.83496666,0.0,0.08846967
0.6208596,0.0,0.2467178
0.89975303,0.0,0.392032
0.7309247,0.0,0.5087932
0.8669384,0.0,0.3254099
0.6304551,1.0,0.32190093
0.6776269,1.0,0.48588157
0.6380595,0.0,0.006403482
0.9099833,1.0,0.474383
0.74681306,1.0,0.19744189
0.8067092,1.0,0.0111708725
0.886293,0.0,0.2055245
0.8776053,0.0,0.039862573
0.75639224,0.0,0.001155411
0.72281975,0.0,0.0007992741
0.62729293,0.0,0.23936611
0.6640466,0.0,0.2101118
0.59458864,0.0,0.52460617
0.439614,0.0,0.3684437
0.59176135,0.0,0.3098546
0.37963998,0.0,0.43819353
0.780504,0.0,0.17633773
0.6462713,1.0,0.29707178
0.83799374,0.0,0.079288416
0.45038298,1.0,0.6285775
0.51922077,1.0,0.39934027
0.739414,1.0,0.11768259
0.7062136,1.0,0.5586439
0.6983694,1.0,0.27061793
0.74639326,1.0,0.047950484
0.7110693,1.0,0.3989484
0.51276195,1.0,0.6194848
0.47517648,1.0,0.5998393
0.70466685,1.0,0.20560959
0.7092361,0.0,0.34028375
0.6428745,0.0,0.671039
0.732917,0.0,0.37516683
0.6716536,0.0,0.114673264
0.9296721,0.0,0.09360562
0.84425175,0.0,0.0016068312
0.8685461,0.0,0.00081583374
0.7280251,0.0,0.01835889
0.9192557,0.0,0.028486226
0.91679716,1.0,0.042568292
0.808634,0.0,0.0
0.6675718,0.0,0.2194301
0.7657097,0.0,0.005798101
0.57218903,0.0,0.4007649
0.5649763,0.0,0.21333621
0.69686055,0.0,0.41635704
0.8647157,0.0,0.010502776
0.5604396,0.0,0.24726498
0.85207176,0.0,0.0
0.7261368,0.0,0.15204906
0.79922515,0.0,0.043129686
0.53450114,0.0,0.3635031
0.5750606,0.0,0.12012817
0.61833245,1.0,0.2514665
0.47140363,0.0,0.64005136
0.4438775,0.0,0.23585239
0.7719074,0.0,0.20871799
0.58521914,1.0,0.8756471
0.5158815,0.0,0.72425926
0.5071233,0.0,0.7429013
0.7355341,0.0,0.73414886
0.5717458,0.0,0.22341824
0.45741108,0.0,0.23539567
0.39823362,1.0,0.49370843
0.75213605,1.0,0.07163702
0.4005342,1.0,0.7038829
0.5206618,0.0,0.032319423
0.49354693,0.0,0.31909776
0.49750376,1.0,0.40152866
0.7453767,1.0,0.06863344
0.6978172,0.0,0.010894694
0.45856678,1.0,0.45346206
0.55583775,1.0,0.28364184
0.93701607,0.0,0.030015118
0.58171976,0.0,0.14717908
0.5146162,1.0,0.49594977
0.6324269,0.0,0.21023272
0.851564,0.0,0.016469026
0.5603169,0.0,0.50589114
0.604586,0.0,0.5001984
0.6604385,0.0,0.46029982
0.73155546,0.0,0.0063545527
0.6034428,0.0,0.4129509
0.4837606,0.0,0.50156206
0.83614165,0.0,0.039808262
0.598686,0.0,0.13296276
0.48549536,0.0,0.7132138
0.524627,0.0,0.24386832
0.86096317,0.0,0.039508678
0.4763369,0.0,0.27511337
0.74818325,0.0,0.011919457
0.66038,0.0,0.14100526
0.7508986,0.0,0.05693885
0.6088817,0.0,0.076939456
0.6669328,0.0,0.088667095
0.4728889,0.0,0.3348089
0.54345083,0.0,0.015795087
0.4733674,0.0,0.39306116
0.45714903,0.0,0.44889697
0.6009202,0.0,0.121704705
0.38517556,0.0,0.54107535
0.5554926,0.0,0.685852
0.50327134,0.0,0.41838863
0.43695337,0.0,0.54705554
0.59589183,0.0,0.17348196
0.630145,0.0,0.03347916
0.6350914,0.0,0.19784212
0.74008656,0.0,0.029942414
0.60007286,0.0,0.024386667
0.83816653,0.0,0.010966079
0.563979,0.0,0.050266154
0.72756404,0.0,0.012639721
0.50225085,0.0,0.52803683
0.53859866,0.0,0.47972706
0.5031124,0.0,0.695559
0.51851577,0.0,0.612324
0.8493565,0.0,0.11167998
0.535969,0.0,0.26130432
0.72038156,0.0,0.06898299
0.5571194,0.0,0.20394395
0.6924216,0.0,0.47632807
0.4077651,0.0,0.38859582
0.44876683,0.0,0.2903634
0.54364765,0.0,0.7950574
0.50833476,0.0,0.45446154
0.43940267,0.0,0.7448842
0.4911355,0.0,0.24296688
0.5243366,0.0,0.40350732
0.74817,0.0,0.22997338
0.58594704,0.0,0.23840296
0.74938405,0.0,0.07897294
0.55859137,0.0,0.20535591
0.7861103,0.0,0.046278395
0.5588818,0.0,0.12296504
0.59352034,0.0,0.08738061
0.47002319,0.0,0.5605481
0.5339912,0.0,0.09859083
0.90075105,0.0,0.041042924
0.38644287,1.0,0.2904404
0.5655076,0.0,0.086431615
0.883088,0.0,0.20505276
0.8065037,0.0,0.07929215
0.48855746,1.0,0.43523738
0.5555617,0.0,0.4955506
0.3629303,1.0,0.64081264
0.6736479,0.0,0.73887116
0.5417303,0.0,0.5833027
0.8731709,0.0,0.2661552
0.7367271,0.0,0.27984497
0.42588657,0.0,0.070728496
0.7083725,0.0,0.18685512
0.8287276,0.0,0.59215415
0.73250234,0.0,0.8223282
0.5096327,0.0,0.60630745
0.7179661,0.0,0.5160865
0.6027184,0.0,0.3780349
0.90911365,0.0,0.7393439
0.51270354,0.0,0.22813891
0.8081969,0.0,0.39669013
0.46528643,0.0,0.3436503
0.67348003,0.0,0.15724415
0.4462714,0.0,0.43537104
0.8520219,0.0,0.70526206
0.6703473,0.0,0.054740164
0.59582007,0.0,0.17263687
0.8055703,0.0,0.4855383
0.7320352,0.0,0.66451573
0.48475933,0.0,0.5147987
0.8277537,0.0,0.26358223
0.5557431,0.0,0.47705796
0.4835553,0.0,0.3095124
0.71309215,0.0,0.14250864
0.8162494,0.0,0.18085021
0.47277012,1.0,0.3023291
0.6527044,1.0,0.5389831
0.7253957,1.0,0.5670399
0.8208595,1.0,0.78674024
0.61832017,1.0,0.58732605
0.7415398,1.0,0.7784932
0.6696158,1.0,0.7329214
0.70886785,1.0,1.0
0.5271604,0.0,1.0
0.48002478,0.0,0.76299274
0.40517986,0.0,0.49159017
0.41440353,0.0,0.59511065
0.47629172,0.0,0.6756217
0.4361319,0.0,0.7152031
0.4253941,0.0,0.56849104
0.5254208,1.0,0.58944017
0.59781414,1.0,0.26335615
0.59949255,0.0,0.26211172
0.42585823,1.0,0.3729111
0.44308335,0.0,0.41476968
0.39700735,1.0,0.6783576
0.69245744,0.0,0.113230586
0.47891665,1.0,0.6114179
0.55082047,0.0,0.35032958
0.6677929,0.0,0.0032129597
0.4925829,0.0,0.15599445
0.71287453,1.0,0.017768828
0.5557959,1.0,0.35350165
0.61375624,1.0,0.29184225
0.56948775,0.0,0.015616362
0.5658503,0.0,0.14679298
0.61638445,0.0,0.10488795
0.6196325,0.0,0.0
0.5864281,0.0,0.19308197
0.5911941,0.0,0.040313642
0.61470705,0.0,0.064592466
0.59400505,0.0,0.63847613
0.72648484,0.0,0.39670753
0.7055686,0.0,0.3801352
0.76120204,0.0,0.7950873
0.59752744,0.0,0.60772866
0.64613295,0.0,0.25404912
0.71990263,0.0,0.2208333
0.5651624,0.0,0.36594212
0.8137531,0.0,0.48563895
0.5115378,0.0,0.0888674
0.68660086,0.0,0.06424854
0.7232602,0.0,0.15096489
0.7737329,0.0,0.047562256
0.75215775,0.0,0.028762186
0.5668755,0.0,0.051072706
0.7597807,0.0,0.1677897
0.58374614,0.0,2.324152e-06
0.68744403,0.0,0.13287513
0.5123101,0.0,0.2737986
0.56539303,0.0,0.1135182
0.38893664,0.0,0.06932738
0.6198998,0.0,0.13878837
0.614428,0.0,0.0
0.7954636,0.0,0.0
0.5710619,0.0,0.0
0.7911168,0.0,0.009915744
0.6032269,0.0,0.15650803
0.42538473,0.0,0.8571572
0.51469,0.0,0.37160158
0.49714258,0.0,0.040819757
0.52840245,0.0,0.0
0.56232935,0.0,0.012678459
0.58217204,0.0,0.038700394
0.5961031,0.0,0.001567334
0.636956,0.0,0.2968377
0.61391175,0.0,0.004772762
0.4009989,0.0,0.6586352
0.50393426,0.0,0.32185712
0.65526783,0.0,0.0
0.44913116,0.0,0.12660569
0.6124328,0.0,0.2848178
0.6528047,0.0,0.19998571
0.69987816,0.0,0.13995144
0.7067876,0.0,0.6265007
0.63182056,0.0,0.54488665
0.58308876,0.0,0.78126603
0.6795482,0.0,0.26722494
0.62700546,1.0,0.3293375
0.691807,1.0,0.47513005
0.5879524,1.0,0.59388375
0.53990424,1.0,0.502581
0.6012285,0.0,0.37231416
0.6990473,0.0,0.28657427
0.6476125,0.0,0.603294
0.6347069,0.0,0.33904052
0.6300804,0.0,0.22925647
0.51877934,0.0,0.699708
0.6917653,0.0,0.26020566
0.6678038,0.0,0.26941496
0.65301234,0.0,0.37154093
0.72008574,0.0,0.02228792
0.5698667,0.0,0.6002567
0.65603256,0.0,0.12961918
0.42627987,0.0,0.48773965
0.6051929,0.0,0.17580807
0.52971715,0.0,0.60563964
0.8935051,0.0,0.06987617
0.43077236,0.0,0.08138792
0.58429736,0.0,0.05674076
0.7937311,0.0,0.017311228
0.5500268,0.0,0.10042676
0.72871673,0.0,0.13506609
0.6359829,0.0,0.0072176047
0.6005068,0.0,0.24925636
0.6608875,0.0,0.19914341
0.61261743,0.0,0.069977045
0.70245546,0.0,0.16939536
0.6888733,0.0,0.021785302
0.83823866,0.0,0.0
0.8224197,0.0,0.0006657614
0.5650486,0.0,0.0
0.60486335,0.0,0.00068864075
0.66766304,0.0,0.0
0.555369,0.0,0.19058834
0.7797212,0.0,0.0057235123
0.53433543,0.0,0.70120335
0.6229667,0.0,0.635219
0.44165102,0.0,0.49806944
0.39384216,0.0,0.053298447
0.5467112,0.0,0.0
0.6459338,0.0,0.07126066
0.6439745,0.0,0.0
0.653813,0.0,0.0
0.77381897,0.0,0.0
0.6524866,0.0,0.0002537965
0.67047155,0.0,0.0045075943
0.65411985,0.0,0.0
0.5478737,0.0,0.08874305
0.6606565,0.0,0.028929112
0.7832457,0.0,0.07558357
0.5665589,0.0,0.32247314
0.6866617,0.0,0.112319075
0.7252427,0.0,0.7600538
0.6620953,0.0,0.7286447
0.67882204,0.0,0.23353876
0.5246962,0.0,0.8192506
0.5628207,0.0,0.49820852
0.56093323,0.0,0.08712762
0.5220253,0.0,0.52435696
0.7187339,0.0,0.053252406
0.7227688,0.0,0.024348559
0.7382841,0.0,0.118131526
0.6604862,0.0,0.4053772
0.5759481,0.0,0.14359908
0.6187012,0.0,0.476877
0.7208951,0.0,0.07122047
0.66325366,0.0,0.6650303
0.62167597,0.0,0.32343686
0.7299647,0.0,0.46134326
0.5515813,0.0,0.62073296
0.55120695,0.0,0.23114708
0.43958125,0.0,0.0
0.5527031,0.0,0.088220246
0.7678225,0.0,0.015531555
0.47646248,0.0,0.16393712
0.54252166,0.0,0.036182314
0.72788537,0.0,0.018198667
0.4828062,0.0,0.26464197
0.54422325,0.0,0.07018574
0.79059774,0.0,0.0011723507
0.51516384,0.0,0.36417422
0.4880104,0.0,0.41075364
0.5762586,0.0,0.31808668
0.5703855,0.0,0.38046062
0.41458163,0.0,0.15382923
0.54006124,0.0,0.15218236
0.7234808,0.0,0.0
0.80293745,0.0,0.0
0.6163618,0.0,0.0073731234
0.58118767,0.0,0.0
0.5433759,0.0,0.043643147
0.43210208,0.0,0.39643344
0.6835143,0.0,0.25398242
0.40281594,0.0,0.055867292
0.5125353,0.0,0.06702766
0.7509908,0.0,0.012297341
0.45745286,0.0,0.12470758
0.47558388,0.0,0.0015615107
0.5411587,0.0,0.0012023227
0.5120068,0.0,0.28211135
0.5392042,0.0,0.022615468
0.47623473,0.0,0.28553146
0.5400205,0.0,0.50085294
0.45006675,0.0,0.3696
0.49845684,0.0,0.2212052
0.510683,0.0,0.5376116
0.4888129,0.0,0.42997342
0.5050121,0.0,0.37088546
0.6954765,0.0,0.12338421
0.46806225,0.0,0.4511081
0.6466678,0.0,0.1325768
0.5572646,0.0,0.52404684
0.5362879,0.0,0.31202862
0.41810456,0.0,0.70110744
0.35799837,0.0,0.1753733
0.5042144,0.0,0.24161854
0.6781873,0.0,0.016099654
0.4239485,0.0,0.068080254
0.6332427,0.0,0.0
0.740907,0.0,0.0
0.52826214,0.0,0.060455814
0.59723526,0.0,0.040289443
0.67770404,0.0,0.06782925
0.4144246,0.0,0.3164247
0.53967214,0.0,0.5593586
0.62148184,0.0,0.042593338
0.5198116,0.0,0.6456032
0.7857997,0.0,0.18998525
0.611288,0.0,0.0
0.717955,0.0,0.0
0.7977589,0.0,0.0
0.65714294,0.0,0.0
0.57954514,0.0,0.1216517
0.466133,0.0,0.29256052
0.39450234,0.0,0.46259972
0.5874965,0.0,0.002157384
0.4151609,0.0,0.15058184
0.61144924,0.0,0.0038435445
0.55990595,0.0,0.035238776
0.72361374,0.0,0.039086007
0.7142284,0.0,0.0555431
0.48846644,0.0,0.24772868
0.5345248,0.0,0.20240124
0.40331006,0.0,0.56815714
0.62802744,0.0,0.08555294
0.4096425,0.0,0.4748786
0.5580677,0.0,0.44953546
0.5482074,0.0,0.4611429
0.46695364,0.0,0.3175399
0.47791147,0.0,0.4418453
0.654498,0.0,0.0070614917
0.51886725,0.0,0.32090035
0.5149281,0.0,0.21738462
0.52380747,0.0,0.006677614
0.46906078,0.0,0.7231851
0.58724296,0.0,0.38656864
0.54855204,0.0,0.14534163
0.5731284,0.0,0.46378118
0.5230575,0.0,0.7553244
0.57915336,0.0,0.5948719
0.49392426,0.0,0.56942266
0.4082515,0.0,0.5008344
0.45217356,0.0,0.11151359
0.51456696,0.0,0.15385173
0.5908045,0.0,0.0
0.5866651,0.0,0.0039255195
0.422508,0.0,0.024959061
0.45512712,0.0,0.014213197
0.47275162,0.0,0.11147921
0.6156348,0.0,0.05107238
0.46470636,0.0,0.045429446
0.7358694,0.0,0.18411362
0.6076864,0.0,0.5050432
0.69647276,0.0,0.24011755
0.6895712,0.0,0.098622516
0.66992223,0.0,0.0
0.8617356,0.0,0.001479376
0.7436696,0.0,0.0
0.5968782,0.0,0.0
0.76889056,0.0,0.011016261
0.6745135,0.0,0.04182663
0.62709916,0.0,0.12297561
0.5584936,0.0,0.14521834
0.4532407,0.0,0.5928868
0.3751776,0.0,0.35499656
0.41932273,0.0,0.24827671
0.38268477,0.0,0.14680086
0.47533384,0.0,0.5884767
0.43081504,0.0,0.4203865
0.4376104,0.0,0.29762778
0.5255392,0.0,0.045537397
0.4983609,0.0,0.10921623
0.5881415,0.0,0.0027846426
0.46208265,0.0,0.0
0.41874298,0.0,0.025896482
0.47757083,0.0,0.009368441
0.55050296,0.0,0.24026777
0.5455686,0.0,0.028825859
0.50094837,0.0,0.24137768
0.4929028,0.0,0.39225546
0.59426826,0.0,0.8814403
0.70673406,0.0,0.54334253
0.72210246,0.0,0.3149993
0.521155,0.0,0.85501933
0.5268296,0.0,0.46478748
0.46461958,0.0,0.6602945
0.46715832,0.0,0.2928067
0.5171408,0.0,0.39848998
0.6292117,0.0,0.11630898
0.44991425,0.0,0.25658843
0.51004064,0.0,0.17678323
0.5874046,0.0,0.01739969
0.41031525,1.0,0.2800591
0.5126529,1.0,0.24288605
0.5329512,1.0,0.1400952
0.58510226,0.0,0.009400337
0.6446472,1.0,0.5507916
0.5410576,0.0,0.22439891
0.55471796,1.0,0.38473254
0.49385574,0.0,0.111428164
0.4227608,0.0,0.43413925
0.62801874,0.0,0.4152821
0.61993825,0.0,0.008084778
0.70265365,0.0,0.34775212
0.68864787,0.0,0.04912919
0.7069718,0.0,0.06177724
0.5458122,0.0,0.022809476
0.7827636,0.0,0.066326715
0.7058387,0.0,0.14960419
0.5721468,0.0,0.20669822
0.7273322,0.0,0.2171634
0.66311556,0.0,0.010920398
0.6955967,0.0,0.52634954
0.59691274,0.0,0.4746453
0.63910466,0.0,0.08134235
0.7304012,0.0,0.20272598
0.67000157,0.0,0.0
0.7251965,0.0,0.0031188536
0.5821322,0.0,0.0218725
0.57997966,0.0,0.0061804256
0.6626954,0.0,0.012419286
0.65652406,0.0,0.01624212
0.489824,0.0,0.01722265
0.46133167,0.0,0.012681361
0.51713777,0.0,0.006893793
0.36087883,1.0,0.14974773
0.5524753,1.0,0.20242615
0.65883714,0.0,0.07546432
0.5273325,0.0,0.077451535
0.54637235,0.0,0.0049162824
0.5446143,0.0,0.004864892
0.6522288,0.0,0.017043404
0.5435857,0.0,0.19661374
0.4731509,0.0,0.16456203
0.56894916,0.0,0.7617314
0.6322354,0.0,0.36862344
0.59585375,0.0,0.63277406
0.5965122,0.0,0.45980465
0.49049637,0.0,0.3326597
0.645754,0.0,0.04003354
0.5600291,0.0,0.0875966
0.5116098,0.0,0.053485453
0.51274353,0.0,0.08072633
0.4372026,1.0,0.40006724
0.54340285,0.0,0.09493663
0.46908975,1.0,0.364663
0.7248397,1.0,0.5850756
0.43287453,1.0,0.7208512
0.58765393,0.0,0.07570701
0.57649785,1.0,0.40678686
0.70270735,0.0,0.0052758614
0.59444696,1.0,0.36866516
0.69389147,1.0,0.062441356
0.74884045,1.0,0.17472139
0.58749235,1.0,0.5354448
0.69334847,1.0,0.13720568
0.768838,1.0,0.7670382
0.5971492,0.0,0.6985943
0.5815918,1.0,0.6382262
0.5115417,1.0,0.4448368
0.6203287,1.0,0.3558992
0.57788324,0.0,0.008337647
0.6305453,0.0,0.022225056
0.8495944,0.0,0.0053617936
0.7883803,0.0,0.097353026
0.6887146,0.0,0.0
0.73285,0.0,0.14469506
0.6913085,0.0,0.08785626
0.8361771,0.0,0.07133798
0.67865866,0.0,0.0036816185
0.67431,0.0,0.16063231
0.55774355,0.0,0.046325676
0.46980354,0.0,0.049315877
0.40886787,0.0,0.389175
0.58037025,0.0,0.51459944
0.5590151,0.0,0.39352378
0.6365042,0.0,0.0055702496
0.51657563,0.0,0.3243325
0.6816761,0.0,0.21524267
0.5595891,0.0,0.33460367
0.54538006,0.0,0.82493585
0.6251089,0.0,0.6761866
0.48705214,0.0,0.4945935
0.44514236,0.0,0.39363807
0.8062665,0.0,0.18852891
0.7132107,0.0,0.6354024
0.7191987,0.0,0.2645561
0.7780381,0.0,0.06385076
0.74213874,0.0,0.04069147
0.74014276,0.0,0.0
0.67144316,0.0,0.0022838353
0.65179425,0.0,0.0
0.7474718,0.0,0.011061277
0.79949373,0.0,0.010866173
0.7429685,0.0,0.0040751863
0.7897412,0.0,0.03311015
0.63734865,0.0,0.07618314
0.6279706,0.0,0.05838678
0.63534117,0.0,0.013159822
0.70802915,0.0,0.0
0.7241682,0.0,0.014254615
0.80259657,0.0,0.0057791886
0.8126245,1.0,0.04420161
0.62912023,0.0,0.012200441
0.48618945,0.0,0.0039389348
0.5316283,0.0,0.08252995
0.6966819,0.0,0.102273755
0.5188135,0.0,0.43722957
0.63748133,0.0,0.14567667
0.5915978,0.0,0.78237087
0.48482987,0.0,0.6891174
0.64810765,0.0,0.29823422
0.7513259,0.0,0.7537223
0.6914765,0.0,0.5724155
0.5163046,0.0,0.09880812
0.47721303,0.0,0.18696237
0.66658604,0.0,0.40297487
0.6364925,0.0,0.5109524
0.6802567,0.0,0.39347234
0.6290982,0.0,0.37024176
0.60306954,0.0,0.8493854
0.6209451,0.0,0.19579157
0.54138213,0.0,0.48928785
0.46551257,0.0,0.3403504
0.48629567,0.0,0.67998856
0.4793001,0.0,0.49332097
0.6059765,0.0,0.13383193
0.661342,0.0,0.12775484
0.52018714,0.0,0.44724026
0.5450195,0.0,0.22731258
0.41982856,0.0,0.6284042
0.46520364,0.0,0.7396918
0.40594852,0.0,0.5063459
0.3664625,0.0,0.715514
0.46207502,0.0,0.6300619
0.5129288,0.0,1.0
0.60112774,0.0,1.0
0.58036596,0.0,0.5353275
0.4869178,0.0,0.38324952
0.5417208,0.0,0.44901684
0.5745487,0.0,0.10551902
0.64591813,0.0,0.6452038
0.869292,0.0,0.054535266
0.6503887,0.0,0.33768982
0.42675927,0.0,0.48117802
0.62374896,0.0,0.68261296
0.81259507,0.0,0.10435704
0.5750283,0.0,0.50092673
0.91380966,0.0,0.08586629
0.49961215,0.0,0.21716584
0.74948514,0.0,0.0
0.5069798,0.0,0.49438912
0.82782096,0.0,0.06222903
0.51386964,0.0,0.6576885
0.5819321,0.0,0.13248798
0.4441596,0.0,0.80548954
0.4837587,0.0,0.3786326
0.44166413,0.0,0.41795695
0.6554177,0.0,0.01690362
0.36307362,0.0,0.5994762
0.5417762,1.0,0.39593157
0.79566383,0.0,0.007913774
0.75315106,1.0,0.17136566
0.816273,0.0,0.0
0.649144,1.0,0.16650604
0.76553637,0.0,0.12192892
0.5417265,0.0,0.42825627
0.5015682,1.0,0.8978357
0.5893125,1.0,0.454001
0.71563244,1.0,0.29796952
0.81974137,0.0,0.0010141023
0.68693507,0.0,0.0
0.8466417,1.0,0.23533353
0.8046963,0.0,0.03346708
0.73857164,1.0,0.3570579
0.495127,0.0,0.685494
0.51867175,0.0,0.73232806
0.50330055,1.0,0.41766113
0.62216157,0.0,0.26294753
0.6400573,1.0,0.57511264
0.76510596,0.0,0.07650758
0.629987,1.0,0.27255532
0.6043024,1.0,0.66504216
0.42004165,0.0,0.45981467
0.6263633,0.0,0.13603827
0.52383566,0.0,0.41062877
0.5285317,0.0,0.57411647
0.6635207,0.0,0.42220953
0.92943835,0.0,0.058965124
0.6585579,0.0,0.5837476
0.7996733,0.0,0.060596604
0.51468927,0.0,0.27484265
0.44983304,0.0,0.5375962
0.6636394,0.0,0.5497188
0.6090729,0.0,0.252522
0.84561217,0.0,0.0
0.6597575,0.0,0.07523088
0.92198026,0.0,0.0
0.6434444,0.0,0.15123133
0.8280859,0.0,0.00064135937
0.7119876,0.0,0.34672672
0.6765146,0.0,0.30397362
0.74093956,0.0,0.019728312
0.5831821,0.0,0.31837684
0.5024386,0.0,0.5885045
0.43889698,0.0,0.49137974
0.776969,0.0,0.051772203
0.68641907,0.0,0.34960687
0.79053897,0.0,0.15333788
0.5354339,0.0,0.25880858
0.9059063,0.0,0.0
0.51798475,0.0,0.16089194
0.8366442,0.0,0.0
0.5774882,1.0,0.3069134
0.8963269,0.0,0.067330085
0.63996077,1.0,0.6109186
0.49710327,0.0,0.37437087
0.5187008,1.0,0.11538508
0.65148425,0.0,0.80395746
0.57802427,1.0,0.6088014
0.56450915,1.0,0.26068473
0.6462519,0.0,0.09736703
0.4851131,0.0,0.3504192
0.6592493,0.0,0.032894693
0.49101958,0.0,0.3062043
0.7696978,0.0,0.0
0.4934033,0.0,0.36771226
0.7499658,0.0,0.20619415
0.5273346,0.0,0.29191816
0.44310814,0.0,0.7612267
0.5361747,0.0,0.98852354
