[runtime] LEARNING_RATE = 0.0001  (must be 1e-4; if 1e-3, wildcard import override failed)
Random seed: 2024
The base Model type: AGAT
Add node features: all
Map cutoff: 14
Use edge features or not while using GAT model: True
The parameter of normalizing the distance: 15
Feature dim: 61
Hidden dim: 256
Layer: 8
Dropout: 0.3
Alpha: 0.7
Lambda: 1.5
Learning rate: 0.0001
Training epochs: 50
[config] ALPHA_RSA=1.0



========== Fold 1 ==========
Train on 267 samples, validate on 67 samples
Fold 1 neg/pos weight: 5.5172

========== Train epoch 1 ==========
========== Evaluate Train set ==========
Train loss:  1.0023029818293754
Train binary acc:  0.5477593254041315
Train AUC:  0.7879282871811316
Train AUPRC:  0.4167048937484959
========== Evaluate Valid set ==========
Valid loss:  0.6285685483199447
Valid binary acc:  0.5128636287203632
Valid precision:  0.23977491078781224
Valid recall:  0.8726273726273727
Valid f1:  0.37618432385874245
Valid AUC:  0.7633810033476431
Valid AUPRC:  0.4350313692647648
Valid mcc:  0.24014485815192224

========== Train epoch 2 ==========
========== Evaluate Train set ==========
Train loss:  0.6517781745293614
Train binary acc:  0.7661192326103767
Train AUC:  0.8412771780345437
Train AUPRC:  0.5129812304464278
========== Evaluate Valid set ==========
Valid loss:  0.6589929003324082
Valid binary acc:  0.7476879098705229
Valid precision:  0.3679619349722443
Valid recall:  0.6953046953046953
Valid f1:  0.4812445980985307
Valid AUC:  0.8091064061292529
Valid AUPRC:  0.5000821845758154
Valid mcc:  0.36440659904788286

========== Train epoch 3 ==========
========== Evaluate Train set ==========
Train loss:  0.5899218358238985
Train binary acc:  0.6770630040136981
Train AUC:  0.8638068580437881
Train AUPRC:  0.5641756424048908
========== Evaluate Valid set ==========
Valid loss:  0.5650801520739028
Valid binary acc:  0.6537750126114007
Valid precision:  0.30636896046852125
Valid recall:  0.8361638361638362
Valid f1:  0.44843289579426737
Valid AUC:  0.8178205235928648
Valid AUPRC:  0.5208242313882243
Valid mcc:  0.3401232619026844

========== Train epoch 4 ==========
========== Evaluate Train set ==========
Train loss:  0.5487129940522297
Train binary acc:  0.6555031851824575
Train AUC:  0.8754859820000829
Train AUPRC:  0.626069141753868
========== Evaluate Valid set ==========
Valid loss:  0.6172369380495442
Valid binary acc:  0.6087943500924836
Valid precision:  0.27904650775129186
Valid recall:  0.8361638361638362
Valid f1:  0.4184476940382452
Valid AUC:  0.7956133029930038
Valid AUPRC:  0.5073157867643239
Valid mcc:  0.29853987015327366

========== Train epoch 5 ==========
========== Evaluate Train set ==========
Train loss:  0.51214969515354
Train binary acc:  0.8517693412379865
Train AUC:  0.8986665055486296
Train AUPRC:  0.6657717617298888
========== Evaluate Valid set ==========
Valid loss:  0.7149941371892815
Valid binary acc:  0.7958634605683538
Valid precision:  0.42665289256198347
Valid recall:  0.6188811188811189
Valid f1:  0.5050958010599266
Valid AUC:  0.8144568987421799
Valid AUPRC:  0.5260102490713119
Valid mcc:  0.39242054744674143

========== Train epoch 6 ==========
========== Evaluate Train set ==========
Train loss:  0.4802523940969049
Train binary acc:  0.7730051183856832
Train AUC:  0.9188742851855018
Train AUPRC:  0.7194573969683428
========== Evaluate Valid set ==========
Valid loss:  0.632564406786392
Valid binary acc:  0.7006894232386077
Valid precision:  0.33411413969335607
Valid recall:  0.7837162837162838
Valid f1:  0.468498059122126
Valid AUC:  0.8115003678084955
Valid AUPRC:  0.5064935106687669
Valid mcc:  0.3579156754530831

========== Train epoch 7 ==========
========== Evaluate Train set ==========
Train loss:  0.47179028815990975
Train binary acc:  0.8530765548477373
Train AUC:  0.9321394392841786
Train AUPRC:  0.75793773236305
========== Evaluate Valid set ==========
Valid loss:  0.7352723043356368
Valid binary acc:  0.7650075668404237
Valid precision:  0.38382654556108997
Valid recall:  0.6543456543456544
Valid f1:  0.4838411819021237
Valid AUC:  0.8031989240036147
Valid AUPRC:  0.513970140357514
Valid mcc:  0.36539163141235614

========== Train epoch 8 ==========
========== Evaluate Train set ==========
Train loss:  0.42687373887398716
Train binary acc:  0.9038369481165077
Train AUC:  0.9387345467343039
Train AUPRC:  0.7689812500416916
========== Evaluate Valid set ==========
Valid loss:  1.0755735460057188
Valid binary acc:  0.8226837060702875
Valid precision:  0.47404172731683647
Valid recall:  0.48801198801198803
Valid f1:  0.4809254245631307
Valid AUC:  0.8042160528513136
Valid AUPRC:  0.5022206437372635
Valid mcc:  0.3740898246364332

========== Train epoch 9 ==========
========== Evaluate Train set ==========
Train loss:  0.3915198793571987
Train binary acc:  0.8427477261847774
Train AUC:  0.9518686495510981
Train AUPRC:  0.8145654396322866
========== Evaluate Valid set ==========
Valid loss:  0.74157366690351
Valid binary acc:  0.7597107785438036
Valid precision:  0.38196359624931053
Valid recall:  0.6918081918081919
Valid f1:  0.492181947405828
Valid AUC:  0.8129744295332649
Valid AUPRC:  0.5246857556123223
Valid mcc:  0.3781438671858713

========== Train epoch 10 ==========
========== Evaluate Train set ==========
Train loss:  0.3573528822469577
Train binary acc:  0.7973266561107634
Train AUC:  0.9551705032801379
Train AUPRC:  0.8133275616402873
========== Evaluate Valid set ==========
Valid loss:  0.7528647758177857
Valid binary acc:  0.714225659996637
Valid precision:  0.3396832683038788
Valid recall:  0.7392607392607392
Valid f1:  0.46548199402421764
Valid AUC:  0.8006581217003781
Valid AUPRC:  0.5098059059077373
Valid mcc:  0.34822960767865735

========== Train epoch 11 ==========
========== Evaluate Train set ==========
Train loss:  0.33395394840546316
Train binary acc:  0.8649335346319549
Train AUC:  0.9625534972426216
Train AUPRC:  0.8425434172722972
========== Evaluate Valid set ==========
Valid loss:  0.8260744307468186
Valid binary acc:  0.762821590718009
Valid precision:  0.3795233892321271
Valid recall:  0.6443556443556444
Valid f1:  0.47768931679318644
Valid AUC:  0.7911083053622481
Valid AUPRC:  0.48207377985666855
Valid mcc:  0.35706582505548984

========== Train epoch 12 ==========
========== Evaluate Train set ==========
Train loss:  0.2928469815615858
Train binary acc:  0.918179474905181
Train AUC:  0.9684226484151821
Train AUPRC:  0.8651650651304221
========== Evaluate Valid set ==========
Valid loss:  1.160671517697733
Valid binary acc:  0.8164620817218766
Valid precision:  0.45939883355764916
Valid recall:  0.5114885114885115
Valid f1:  0.48404632474592296
Valid AUC:  0.7944430215962768
Valid AUPRC:  0.4896101895524372
Valid mcc:  0.373609863964749

========== Train epoch 13 ==========
========== Evaluate Train set ==========
Train loss:  0.27654531228352575
Train binary acc:  0.888905254630482
Train AUC:  0.9729476435273606
Train AUPRC:  0.8779786447818072
========== Evaluate Valid set ==========
Valid loss:  1.024118301138949
Valid binary acc:  0.7898940642340676
Valid precision:  0.4147512864493997
Valid recall:  0.6038961038961039
Valid f1:  0.4917632702867602
Valid AUC:  0.7843035452214587
Valid AUPRC:  0.4854812877030526
Valid mcc:  0.3752793754935189

========== Train epoch 14 ==========
========== Evaluate Train set ==========
Train loss:  0.2537443296572242
Train binary acc:  0.9144971830467283
Train AUC:  0.9778729493724017
Train AUPRC:  0.8938723716386372
========== Evaluate Valid set ==========
Valid loss:  1.2054991221694804
Valid binary acc:  0.8003194888178914
Valid precision:  0.4297551789077213
Valid recall:  0.5699300699300699
Valid f1:  0.49001503113592443
Valid AUC:  0.7910766952416771
Valid AUPRC:  0.4833734926974106
Valid mcc:  0.37457378622617493

========== Train epoch 15 ==========
========== Evaluate Train set ==========
Train loss:  0.24002091454042032
Train binary acc:  0.8804912177339176
Train AUC:  0.9802245446288612
Train AUPRC:  0.904623491554374
========== Evaluate Valid set ==========
Valid loss:  1.090441829010622
Valid binary acc:  0.7671094669581302
Valid precision:  0.3832826747720365
Valid recall:  0.6298701298701299
Valid f1:  0.47656840513983373
Valid AUC:  0.7863492906204188
Valid AUPRC:  0.4831959363582866
Valid mcc:  0.3552747341166732

========== Train epoch 16 ==========
========== Evaluate Train set ==========
Train loss:  0.22068287907272913
Train binary acc:  0.8972456456898774
Train AUC:  0.9836817961044195
Train AUPRC:  0.9201172761707282
========== Evaluate Valid set ==========
Valid loss:  1.2457015694522147
Valid binary acc:  0.7878762401210695
Valid precision:  0.4100172711571675
Valid recall:  0.5929070929070929
Valid f1:  0.4847866040432918
Valid AUC:  0.784298041222829
Valid AUPRC:  0.4877259818787942
Valid mcc:  0.3663974638793663

========== Train epoch 17 ==========
========== Evaluate Train set ==========
Train loss:  0.21150932147791993
Train binary acc:  0.9169643185918916
Train AUC:  0.9861106439888462
Train AUPRC:  0.9305137643880131
========== Evaluate Valid set ==========
Valid loss:  1.3257041133161802
Valid binary acc:  0.8088111652934252
Valid precision:  0.4461172741679873
Valid recall:  0.5624375624375625
Valid f1:  0.4975695978789218
Valid AUC:  0.7884805499797413
Valid AUPRC:  0.487822858154775
Valid mcc:  0.3853509652905217

========== Train epoch 18 ==========
========== Evaluate Train set ==========
Train loss:  0.18248742871851512
Train binary acc:  0.9321721839673013
Train AUC:  0.9888079149405323
Train AUPRC:  0.9424926856874787
========== Evaluate Valid set ==========
Valid loss:  1.5680890797234293
Valid binary acc:  0.8129308895241298
Valid precision:  0.4517942066580199
Valid recall:  0.521978021978022
Valid f1:  0.4843568945538818
Valid AUC:  0.7808568301896244
Valid AUPRC:  0.4935596522665293
Valid mcc:  0.372262715719413

========== Train epoch 19 ==========
========== Evaluate Train set ==========
Train loss:  0.1712602125864462
Train binary acc:  0.9379349707257797
Train AUC:  0.9901593896846668
Train AUPRC:  0.9479400284760845
========== Evaluate Valid set ==========
Valid loss:  1.5996306200525654
Valid binary acc:  0.8210862619808307
Valid precision:  0.4721238938053097
Valid recall:  0.532967032967033
Valid f1:  0.5007038948850305
Valid AUC:  0.79173942212256
Valid AUPRC:  0.4970123190502771
Valid mcc:  0.393276365284233

========== Train epoch 20 ==========
========== Evaluate Train set ==========
Train loss:  0.1594568903519587
Train binary acc:  0.9064697867953014
Train AUC:  0.9909648924475776
Train AUPRC:  0.9526605855566149
========== Evaluate Valid set ==========
Valid loss:  1.4874044469933012
Valid binary acc:  0.78543803598453
Valid precision:  0.40601503759398494
Valid recall:  0.5934065934065934
Valid f1:  0.48214285714285715
Valid AUC:  0.7878949295750752
Valid AUPRC:  0.49816649570457605
Valid mcc:  0.3628799933157153

========== Train epoch 21 ==========
========== Evaluate Train set ==========
Train loss:  0.1580104786860809
Train binary acc:  0.9447472106639172
Train AUC:  0.9918644211812337
Train AUPRC:  0.9567232760792577
========== Evaluate Valid set ==========
Valid loss:  1.8036808451609825
Valid binary acc:  0.8158735496889188
Valid precision:  0.45898778359511344
Valid recall:  0.5254745254745254
Valid f1:  0.4899860270144388
Valid AUC:  0.7854030068193029
Valid AUPRC:  0.4929617871925313
Valid mcc:  0.37955695813840923

========== Train epoch 22 ==========
========== Evaluate Train set ==========
Train loss:  0.15171105092677395
Train binary acc:  0.9361674706337224
Train AUC:  0.9907424809234052
Train AUPRC:  0.9509184279946489
========== Evaluate Valid set ==========
Valid loss:  1.7799115214330048
Valid binary acc:  0.8164620817218766
Valid precision:  0.459289248762933
Valid recall:  0.50999000999001
Valid f1:  0.4833136094674556
Valid AUC:  0.7736780758667132
Valid AUPRC:  0.4795022521045384
Valid mcc:  0.3728505046857909

========== Train epoch 23 ==========
========== Evaluate Train set ==========
Train loss:  0.14144631480791148
Train binary acc:  0.9301653349044445
Train AUC:  0.9932414323774499
Train AUPRC:  0.963805717531621
========== Evaluate Valid set ==========
Valid loss:  1.7651763000150225
Valid binary acc:  0.8057003531192197
Valid precision:  0.4390532544378698
Valid recall:  0.5559440559440559
Valid f1:  0.49063257659246196
Valid AUC:  0.7852525052787891
Valid AUPRC:  0.5026537936743241
Valid mcc:  0.3765905751887543

========== Train epoch 24 ==========
========== Evaluate Train set ==========
Train loss:  0.1288620310936695
Train binary acc:  0.951375336009132
Train AUC:  0.9940939944465166
Train AUPRC:  0.9671508962963888
========== Evaluate Valid set ==========
Valid loss:  2.032867762802252
Valid binary acc:  0.8257104422397847
Valid precision:  0.48262359275575134
Valid recall:  0.4925074925074925
Valid f1:  0.48751545117428924
Valid AUC:  0.7853153468044289
Valid AUPRC:  0.49112992384876925
Valid mcc:  0.3825577371239553

========== Train epoch 25 ==========
========== Evaluate Train set ==========
Train loss:  0.121655353313584
Train binary acc:  0.9468829399418198
Train AUC:  0.994910244935951
Train AUPRC:  0.9718204571312248
========== Evaluate Valid set ==========
Valid loss:  1.9467789010325474
Valid binary acc:  0.8199091979149151
Valid precision:  0.46916299559471364
Valid recall:  0.531968031968032
Valid f1:  0.49859550561797755
Valid AUC:  0.7862218149824296
Valid AUPRC:  0.49712807287541333
Valid mcc:  0.3905068322101839

========== Train epoch 26 ==========
========== Evaluate Train set ==========
Train loss:  0.1174477410192291
Train binary acc:  0.9582059874065618
Train AUC:  0.9947608349661735
Train AUPRC:  0.9713469224454044
========== Evaluate Valid set ==========
Valid loss:  2.3060877919197083
Valid binary acc:  0.8268034303009921
Valid precision:  0.4849896480331263
Valid recall:  0.468031968031968
Valid f1:  0.47635993899339096
Valid AUC:  0.7823479846073862
Valid AUPRC:  0.4910699757088499
Valid mcc:  0.3727265711232894

========== Train epoch 27 ==========
========== Evaluate Train set ==========
Train loss:  0.11385065491907717
Train binary acc:  0.959126560371175
Train AUC:  0.9956874528767581
Train AUPRC:  0.9759589470801637
========== Evaluate Valid set ==========
Valid loss:  2.3535262962330634
Valid binary acc:  0.8279804943669077
Valid precision:  0.488855116514691
Valid recall:  0.482017982017982
Valid f1:  0.48541247484909456
Valid AUC:  0.7828435464656653
Valid AUPRC:  0.49651085457272975
Valid mcc:  0.38216154065707336

========== Train epoch 28 ==========
========== Evaluate Train set ==========
Train loss:  0.1111214632370722
Train binary acc:  0.9602312479287108
Train AUC:  0.9959872866543013
Train AUPRC:  0.9774796212854057
========== Evaluate Valid set ==========
Valid loss:  2.313118594573505
Valid binary acc:  0.8297460904657811
Valid precision:  0.4943097476496784
Valid recall:  0.499000999000999
Valid f1:  0.4966442953020134
Valid AUC:  0.7930433648438097
Valid AUPRC:  0.5014953271988972
Valid mcc:  0.39419958133748073

========== Train epoch 29 ==========
========== Evaluate Train set ==========
Train loss:  0.10784339455866747
Train binary acc:  0.959678904149943
Train AUC:  0.9961475226392502
Train AUPRC:  0.9786636363822931
========== Evaluate Valid set ==========
Valid loss:  2.3868058773119056
Valid binary acc:  0.8283167983857407
Valid precision:  0.4899598393574297
Valid recall:  0.4875124875124875
Valid f1:  0.4887330996494742
Valid AUC:  0.7878295380317216
Valid AUPRC:  0.5000258190423201
Valid mcc:  0.38557304778374435

========== Train epoch 30 ==========
========== Evaluate Train set ==========
Train loss:  0.0993710747686274
Train binary acc:  0.9661597378208197
Train AUC:  0.996480484258084
Train AUPRC:  0.9801830176683464
========== Evaluate Valid set ==========
Valid loss:  2.5558132811713574
Valid binary acc:  0.8308390785269884
Valid precision:  0.4973794549266247
Valid recall:  0.474025974025974
Valid f1:  0.4854219948849105
Valid AUC:  0.7880016263558521
Valid AUPRC:  0.49831222043962853
Valid mcc:  0.3844336623514393

========== Train epoch 31 ==========
========== Evaluate Train set ==========
Train loss:  0.09582048947207825
Train binary acc:  0.9651471075597452
Train AUC:  0.9964188776163674
Train AUPRC:  0.9798018800904882
========== Evaluate Valid set ==========
Valid loss:  2.6572488357326876
Valid binary acc:  0.8326046746258617
Valid precision:  0.5029940119760479
Valid recall:  0.46153846153846156
Valid f1:  0.4813753581661891
Valid AUC:  0.7796867255267983
Valid AUPRC:  0.4905381374855725
Valid mcc:  0.3822926755201032

========== Train epoch 32 ==========
========== Evaluate Train set ==========
Train loss:  0.09394879300803058
Train binary acc:  0.9681481754243841
Train AUC:  0.9964847040161972
Train AUPRC:  0.980045281119819
========== Evaluate Valid set ==========
Valid loss:  2.843199620273576
Valid binary acc:  0.8336976626870691
Valid precision:  0.5068571428571429
Valid recall:  0.44305694305694304
Valid f1:  0.4728144989339019
Valid AUC:  0.7788824600389501
Valid AUPRC:  0.48797835998170697
Valid mcc:  0.3758152207488993

========== Train epoch 33 ==========
========== Evaluate Train set ==========
Train loss:  0.09197767997641912
Train binary acc:  0.9699709098943182
Train AUC:  0.9970921847783277
Train AUPRC:  0.9832189449985776
========== Evaluate Valid set ==========
Valid loss:  2.7696221733271185
Valid binary acc:  0.8341180427106104
Valid precision:  0.5077415910304325
Valid recall:  0.47502497502497504
Valid f1:  0.4908387096774194
Valid AUC:  0.7929361631090299
Valid AUPRC:  0.5021912863775722
Valid mcc:  0.3921989798567022

========== Train epoch 34 ==========
========== Evaluate Train set ==========
Train loss:  0.09133191943894164
Train binary acc:  0.9656626284199286
Train AUC:  0.9971344188941613
Train AUPRC:  0.9833907614463139
========== Evaluate Valid set ==========
Valid loss:  2.7796115165770945
Valid binary acc:  0.8302505464940306
Valid precision:  0.49546666666666667
Valid recall:  0.46403596403596403
Valid f1:  0.4792365230848594
Valid AUC:  0.7824388510801774
Valid AUPRC:  0.4900830074326209
Valid mcc:  0.37825491226409236

========== Train epoch 35 ==========
========== Evaluate Train set ==========
Train loss:  0.08752088974254409
Train binary acc:  0.9659203888500203
Train AUC:  0.9973580491116171
Train AUPRC:  0.9847258800190257
========== Evaluate Valid set ==========
Valid loss:  2.8640532724892913
Valid binary acc:  0.8329409786446949
Valid precision:  0.5040518638573744
Valid recall:  0.466033966033966
Valid f1:  0.4842979496496237
Valid AUC:  0.7852042316761282
Valid AUPRC:  0.4946834080295197
Valid mcc:  0.38522784788290976

========== Train epoch 36 ==========
========== Evaluate Train set ==========
Train loss:  0.08160834406826938
Train binary acc:  0.9725485141952351
Train AUC:  0.997598864992062
Train AUPRC:  0.9861069038405809
========== Evaluate Valid set ==========
Valid loss:  2.9814306588760062
Valid binary acc:  0.834958802757693
Valid precision:  0.5109612141652614
Valid recall:  0.45404595404595405
Valid f1:  0.4808251785241999
Valid AUC:  0.7897214744414502
Valid AUPRC:  0.49826621831631646
Valid mcc:  0.3840592858012752

========== Train epoch 37 ==========
========== Evaluate Train set ==========
Train loss:  0.08100343771167239
Train binary acc:  0.9713885922598225
Train AUC:  0.9976179008767598
Train AUPRC:  0.9861204594909043
========== Evaluate Valid set ==========
Valid loss:  2.9872363054040654
Valid binary acc:  0.8328569026399866
Valid precision:  0.5038126361655774
Valid recall:  0.46203796203796205
Valid f1:  0.4820218863991662
Valid AUC:  0.7871604992258046
Valid AUPRC:  0.4965563661493368
Valid mcc:  0.3831044086252356

========== Train epoch 38 ==========
========== Evaluate Train set ==========
Train loss:  0.07896698353470265
Train binary acc:  0.9725301027359429
Train AUC:  0.9976980058211263
Train AUPRC:  0.9867200550257882
========== Evaluate Valid set ==========
Valid loss:  3.0375925652793985
Valid binary acc:  0.8350428787624012
Valid precision:  0.511001100110011
Valid recall:  0.46403596403596403
Valid f1:  0.4863874345549738
Valid AUC:  0.787164463114726
Valid AUPRC:  0.4980859016611545
Valid mcc:  0.389042145515288

========== Train epoch 39 ==========
========== Evaluate Train set ==========
Train loss:  0.07973242229834367
Train binary acc:  0.9688662223367824
Train AUC:  0.997785700849891
Train AUPRC:  0.9871810261191103
========== Evaluate Valid set ==========
Valid loss:  3.0172422412616102
Valid binary acc:  0.8314276105599462
Valid precision:  0.49921424829753797
Valid recall:  0.476023976023976
Valid f1:  0.48734339043722835
Valid AUC:  0.7862139124522869
Valid AUPRC:  0.495574732708281
Valid mcc:  0.3866978697783901

========== Train epoch 40 ==========
========== Evaluate Train set ==========
Train loss:  0.07933777519449424
Train binary acc:  0.9758809883271348
Train AUC:  0.997986342910749
Train AUPRC:  0.9882910952785106
========== Evaluate Valid set ==========
Valid loss:  3.211434361649983
Valid binary acc:  0.8357995628047755
Valid precision:  0.5137717818999438
Valid recall:  0.4565434565434565
Valid f1:  0.48346998148637926
Valid AUC:  0.7887223219562483
Valid AUPRC:  0.4983853983851154
Valid mcc:  0.3872095931805238

========== Train epoch 41 ==========
========== Evaluate Train set ==========
Train loss:  0.07837661133890741
Train binary acc:  0.9712228891261921
Train AUC:  0.9979803760109804
Train AUPRC:  0.9882739299508242
========== Evaluate Valid set ==========
Valid loss:  3.123905213243926
Valid binary acc:  0.8339498907011939
Valid precision:  0.5073329712112982
Valid recall:  0.46653346653346656
Valid f1:  0.4860785844392402
Valid AUC:  0.7863374494490547
Valid AUPRC:  0.4960958739858619
Valid mcc:  0.38774749902425465

========== Train epoch 42 ==========
========== Evaluate Train set ==========
Train loss:  0.07387482159341989
Train binary acc:  0.9735611444563096
Train AUC:  0.9981727077318807
Train AUPRC:  0.9892694553129917
========== Evaluate Valid set ==========
Valid loss:  3.187591596548237
Valid binary acc:  0.8353791827812342
Valid precision:  0.5121012101210121
Valid recall:  0.46503496503496505
Valid f1:  0.487434554973822
Valid AUC:  0.7893181171840695
Valid AUPRC:  0.49781512927123145
Valid mcc:  0.3902910890971114

========== Train epoch 43 ==========
========== Evaluate Train set ==========
Train loss:  0.0726572625053007
Train binary acc:  0.9749604153625216
Train AUC:  0.9981037628342495
Train AUPRC:  0.9889809707314816
========== Evaluate Valid set ==========
Valid loss:  3.2691687218733687
Valid binary acc:  0.8354632587859425
Valid precision:  0.5125909345271404
Valid recall:  0.45754245754245754
Valid f1:  0.4835048825547638
Valid AUC:  0.7879260599893434
Valid AUPRC:  0.49633268150528254
Valid mcc:  0.38690571250482014

========== Train epoch 44 ==========
========== Evaluate Train set ==========
Train loss:  0.07302696511763312
Train binary acc:  0.9754022903855359
Train AUC:  0.9981762072344348
Train AUPRC:  0.9893049401471612
========== Evaluate Valid set ==========
Valid loss:  3.30379865329657
Valid binary acc:  0.8359677148141921
Valid precision:  0.5143986448334275
Valid recall:  0.45504495504495507
Valid f1:  0.48290485025178903
Valid AUC:  0.7899266120050593
Valid AUPRC:  0.49645054533031535
Valid mcc:  0.38688608051189827

========== Train epoch 45 ==========
========== Evaluate Train set ==========
Train loss:  0.07165538182321671
Train binary acc:  0.9755127591412895
Train AUC:  0.9982852698447892
Train AUPRC:  0.9898937639258703
========== Evaluate Valid set ==========
Valid loss:  3.3315492103348916
Valid binary acc:  0.8368925508659828
Valid precision:  0.517260579064588
Valid recall:  0.46403596403596403
Valid f1:  0.4892048446550816
Valid AUC:  0.7913889587969654
Valid AUPRC:  0.49969352276048395
Valid mcc:  0.3933150848472207

========== Train epoch 46 ==========
========== Evaluate Train set ==========
Train loss:  0.06921794309807516
Train binary acc:  0.9778326030121147
Train AUC:  0.9981830013842476
Train AUPRC:  0.9893656607355735
========== Evaluate Valid set ==========
Valid loss:  3.478753305193204
Valid binary acc:  0.8374810828989406
Valid precision:  0.5200931857891672
Valid recall:  0.44605394605394605
Valid f1:  0.48023662274805057
Valid AUC:  0.7890745021254524
Valid AUPRC:  0.4973108469633708
Valid mcc:  0.38618165258781795

========== Train epoch 47 ==========
========== Evaluate Train set ==========
Train loss:  0.0711420646900039
Train binary acc:  0.9784585926280517
Train AUC:  0.9983235556031551
Train AUPRC:  0.9902228741061067
========== Evaluate Valid set ==========
Valid loss:  3.465709074219661
Valid binary acc:  0.8373129308895241
Valid precision:  0.5191100969766115
Valid recall:  0.45454545454545453
Valid f1:  0.48468708388814913
Valid AUC:  0.7938857543588638
Valid AUPRC:  0.5006335064544365
Valid mcc:  0.3898087065466887

========== Train epoch 48 ==========
========== Evaluate Train set ==========
Train loss:  0.06844089058147611
Train binary acc:  0.9776116655006076
Train AUC:  0.9983465059202397
Train AUPRC:  0.990355410705597
========== Evaluate Valid set ==========
Valid loss:  3.461305691012696
Valid binary acc:  0.8374810828989406
Valid precision:  0.5197030268418047
Valid recall:  0.45454545454545453
Valid f1:  0.484945377031708
Valid AUC:  0.7886319604374599
Valid AUPRC:  0.4980354684322829
Valid mcc:  0.39020630643502086

========== Train epoch 49 ==========
========== Evaluate Train set ==========
Train loss:  0.06888704692198432
Train binary acc:  0.9769856758846707
Train AUC:  0.9983892697892565
Train AUPRC:  0.9905803199519005
========== Evaluate Valid set ==========
Valid loss:  3.45156142693847
Valid binary acc:  0.8360517908189002
Valid precision:  0.5145576707726763
Valid recall:  0.45904095904095904
Valid f1:  0.48521647307286164
Valid AUC:  0.7913041770199069
Valid AUPRC:  0.4988424341282325
Valid mcc:  0.38898787957748343

========== Train epoch 50 ==========
========== Evaluate Train set ==========
Train loss:  0.06881549206565829
Train binary acc:  0.9779614832271606
Train AUC:  0.9984100228049612
Train AUPRC:  0.9907018533671057
========== Evaluate Valid set ==========
Valid loss:  3.470119823048364
Valid binary acc:  0.8383218429460232
Valid precision:  0.5226361031518625
Valid recall:  0.45554445554445555
Valid f1:  0.4867894315452362
Valid AUC:  0.7900875660934293
Valid AUPRC:  0.499740910286857
Valid mcc:  0.392672625393469


========== Fold 2 ==========
Train on 267 samples, validate on 67 samples
Fold 2 neg/pos weight: 5.3592

========== Train epoch 1 ==========
========== Evaluate Train set ==========
Train loss:  0.9213466250271386
Train binary acc:  0.32088458720549107
Train AUC:  0.8253337879772709
Train AUPRC:  0.4779497738938078
========== Evaluate Valid set ==========
Valid loss:  0.6935902242340258
Valid binary acc:  0.2953562961929996
Valid precision:  0.1751106738809641
Valid recall:  0.9798165137614679
Valid f1:  0.2971206009180693
Valid AUC:  0.7644973477322206
Valid AUPRC:  0.3652754514695149
Valid mcc:  0.15353328427507792

========== Train epoch 2 ==========
========== Evaluate Train set ==========
Train loss:  0.6255106587758225
Train binary acc:  0.771333821771488
Train AUC:  0.8537492065891056
Train AUPRC:  0.5355385906689205
========== Evaluate Valid set ==========
Valid loss:  0.6541572715809096
Valid binary acc:  0.7371356853995259
Valid precision:  0.32293986636971045
Valid recall:  0.6651376146788991
Valid f1:  0.43478260869565216
Valid AUC:  0.7857019495224258
Valid AUPRC:  0.3965052852591274
Valid mcc:  0.3214256024052657

========== Train epoch 3 ==========
========== Evaluate Train set ==========
Train loss:  0.6055373393752602
Train binary acc:  0.7204527050476227
Train AUC:  0.8701681066155743
Train AUPRC:  0.5685434966700469
========== Evaluate Valid set ==========
Valid loss:  0.5708142765867177
Valid binary acc:  0.676404964440106
Valid precision:  0.28955019668205917
Valid recall:  0.7766055045871559
Valid f1:  0.4218263361156098
Valid AUC:  0.793763248137906
Valid AUPRC:  0.40052451036265824
Valid mcc:  0.31784949114432687

========== Train epoch 4 ==========
========== Evaluate Train set ==========
Train loss:  0.5486017518610543
Train binary acc:  0.6030347433771642
Train AUC:  0.8869218927998516
Train AUPRC:  0.6194651248828946
========== Evaluate Valid set ==========
Valid loss:  0.549471190616266
Valid binary acc:  0.5610096220889694
Valid precision:  0.24152223059532782
Valid recall:  0.8821100917431193
Valid f1:  0.37921514494182607
Valid AUC:  0.7967086722216439
Valid AUPRC:  0.4302696407684538
Valid mcc:  0.2785513077940674

========== Train epoch 5 ==========
========== Evaluate Train set ==========
Train loss:  0.5021576485997729
Train binary acc:  0.6755870898083522
Train AUC:  0.8986175491886703
Train AUPRC:  0.6500959476379927
========== Evaluate Valid set ==========
Valid loss:  0.5658865637743651
Valid binary acc:  0.6140008367033887
Valid precision:  0.2619182746878547
Valid recall:  0.846788990825688
Valid f1:  0.400086692674469
Valid AUC:  0.7955655040742031
Valid AUPRC:  0.4173089094555302
Valid mcc:  0.300950129910865

========== Train epoch 6 ==========
========== Evaluate Train set ==========
Train loss:  0.4732274540354697
Train binary acc:  0.7755562410827903
Train AUC:  0.9172416462262029
Train AUPRC:  0.7027840324758405
========== Evaluate Valid set ==========
Valid loss:  0.5747736429990228
Valid binary acc:  0.7239576070283085
Valid precision:  0.323406789755807
Valid recall:  0.7472477064220183
Valid f1:  0.45143411389774146
Valid AUC:  0.8063952391944227
Valid AUPRC:  0.4423338062366562
Valid mcc:  0.3512626335469554

========== Train epoch 7 ==========
========== Evaluate Train set ==========
Train loss:  0.446316005920203
Train binary acc:  0.7247329657193537
Train AUC:  0.92855977395265
Train AUPRC:  0.7293332167868399
========== Evaluate Valid set ==========
Valid loss:  0.5458337001836122
Valid binary acc:  0.6450983126481662
Valid precision:  0.27799816905706437
Valid recall:  0.8357798165137614
Valid f1:  0.4172200595374399
Valid AUC:  0.813059288293059
Valid AUPRC:  0.4623653704910333
Valid mcc:  0.3219434604540976

========== Train epoch 8 ==========
========== Evaluate Train set ==========
Train loss:  0.4192255891106102
Train binary acc:  0.688331469556164
Train AUC:  0.941107431902428
Train AUPRC:  0.7715722946107325
========== Evaluate Valid set ==========
Valid loss:  0.5777385737468947
Valid binary acc:  0.6171384744108214
Valid precision:  0.264274526555603
Valid recall:  0.8513761467889909
Valid f1:  0.4033467347604042
Valid AUC:  0.8054229673113276
Valid AUPRC:  0.4429101671125296
Valid mcc:  0.3063312827418833

========== Train epoch 9 ==========
========== Evaluate Train set ==========
Train loss:  0.3933930312482159
Train binary acc:  0.7456329772876258
Train AUC:  0.9435099087020666
Train AUPRC:  0.7717387863149703
========== Evaluate Valid set ==========
Valid loss:  0.6050309965859598
Valid binary acc:  0.6649700181285734
Valid precision:  0.28641171684296174
Valid recall:  0.8073394495412844
Valid f1:  0.4228228228228228
Valid AUC:  0.8005662471014394
Valid AUPRC:  0.4303285266876373
Valid mcc:  0.32414995948255704

========== Train epoch 10 ==========
========== Evaluate Train set ==========
Train loss:  0.3772732848475935
Train binary acc:  0.8461612617128755
Train AUC:  0.9553200409448829
Train AUPRC:  0.8102900521063764
========== Evaluate Valid set ==========
Valid loss:  0.7378644440601121
Valid binary acc:  0.7473853019104727
Valid precision:  0.3292307692307692
Valid recall:  0.6380733944954129
Valid f1:  0.4343481654957065
Valid AUC:  0.778978665689039
Valid AUPRC:  0.3978893160132173
Valid mcc:  0.3190089312987068

========== Train epoch 11 ==========
========== Evaluate Train set ==========
Train loss:  0.33896145777086195
Train binary acc:  0.9042147071299117
Train AUC:  0.9578517580257503
Train AUPRC:  0.8213150384003528
========== Evaluate Valid set ==========
Valid loss:  1.099009568789112
Valid binary acc:  0.8086040998466044
Valid precision:  0.39892665474060823
Valid recall:  0.5114678899082569
Valid f1:  0.4482412060301508
Valid AUC:  0.7761096187704521
Valid AUPRC:  0.4084017665193445
Valid mcc:  0.33837736619261544

========== Train epoch 12 ==========
========== Evaluate Train set ==========
Train loss:  0.3109925226604894
Train binary acc:  0.8561099757066286
Train AUC:  0.966824960344883
Train AUPRC:  0.8481068767177118
========== Evaluate Valid set ==========
Valid loss:  0.8610236965008636
Valid binary acc:  0.7590991493515549
Valid precision:  0.3408239700374532
Valid recall:  0.6261467889908257
Valid f1:  0.4413904607922393
Valid AUC:  0.7867638561378576
Valid AUPRC:  0.4016981261954311
Valid mcc:  0.3273689854422819

========== Train epoch 13 ==========
========== Evaluate Train set ==========
Train loss:  0.28947000010183244
Train binary acc:  0.8842208768750242
Train AUC:  0.9695065811729612
Train AUPRC:  0.8542203446327331
========== Evaluate Valid set ==========
Valid loss:  0.8977679947196547
Valid binary acc:  0.7709524473574118
Valid precision:  0.3553286200576067
Valid recall:  0.6224770642201835
Valid f1:  0.4524087347891315
Valid AUC:  0.7931189831766563
Valid AUPRC:  0.42123917472189626
Valid mcc:  0.34117731429793974

========== Train epoch 14 ==========
========== Evaluate Train set ==========
Train loss:  0.253085266003448
Train binary acc:  0.9319399992287819
Train AUC:  0.9771163509797341
Train AUPRC:  0.8911994058673717
========== Evaluate Valid set ==========
Valid loss:  1.362518170320276
Valid binary acc:  0.8233161344303445
Valid precision:  0.41954545454545455
Valid recall:  0.423394495412844
Valid f1:  0.4214611872146119
Valid AUC:  0.7921536323848233
Valid AUPRC:  0.4036723855819524
Valid mcc:  0.31720568631425194

========== Train epoch 15 ==========
========== Evaluate Train set ==========
Train loss:  0.2262971897082829
Train binary acc:  0.9050244861759149
Train AUC:  0.9822199101057182
Train AUPRC:  0.9096980095759846
========== Evaluate Valid set ==========
Valid loss:  1.191247483020398
Valid binary acc:  0.773113931111421
Valid precision:  0.34881756756756754
Valid recall:  0.568348623853211
Valid f1:  0.4323098394975576
Valid AUC:  0.7743247881429449
Valid AUPRC:  0.3815696741309596
Valid mcc:  0.3145329342765789

========== Train epoch 16 ==========
========== Evaluate Train set ==========
Train loss:  0.219569898283716
Train binary acc:  0.9277175799174796
Train AUC:  0.9842390096952931
Train AUPRC:  0.9208366724462737
========== Evaluate Valid set ==========
Valid loss:  1.4084197378425456
Valid binary acc:  0.809231627388091
Valid precision:  0.39756816507000736
Valid recall:  0.49495412844036696
Valid f1:  0.44094809971393545
Valid AUC:  0.7759996545111936
Valid AUPRC:  0.39061195128399256
Valid mcc:  0.3304467417825747

========== Train epoch 17 ==========
========== Evaluate Train set ==========
Train loss:  0.20243829757337936
Train binary acc:  0.932749778274785
Train AUC:  0.9859937535266603
Train AUPRC:  0.9245941984800246
========== Evaluate Valid set ==========
Valid loss:  1.4090291728724296
Valid binary acc:  0.8063728908102078
Valid precision:  0.3919652551574376
Valid recall:  0.49678899082568806
Valid f1:  0.438195427877807
Valid AUC:  0.7788895401378033
Valid AUPRC:  0.3866490678977896
Valid mcc:  0.32649777990498846

========== Train epoch 18 ==========
========== Evaluate Train set ==========
Train loss:  0.19217346745372266
Train binary acc:  0.9036362935256237
Train AUC:  0.9865163626375587
Train AUPRC:  0.928958233425484
========== Evaluate Valid set ==========
Valid loss:  1.2070401918087432
Valid binary acc:  0.7692790405801143
Valid precision:  0.35203145478374837
Valid recall:  0.6160550458715597
Valid f1:  0.4480400333611343
Valid AUC:  0.7776540404840465
Valid AUPRC:  0.3972466829041802
Valid mcc:  0.33540520880075636

========== Train epoch 19 ==========
========== Evaluate Train set ==========
Train loss:  0.18325403493860465
Train binary acc:  0.9153973701461459
Train AUC:  0.98875284867751
Train AUPRC:  0.9408930336701933
========== Evaluate Valid set ==========
Valid loss:  1.3425424087848237
Valid binary acc:  0.7775763491842141
Valid precision:  0.3588596981553941
Valid recall:  0.5889908256880734
Valid f1:  0.4459881903438694
Valid AUC:  0.7786259163373962
Valid AUPRC:  0.39231835262855125
Valid mcc:  0.3321894532672844

========== Train epoch 20 ==========
========== Evaluate Train set ==========
Train loss:  0.1623132017681773
Train binary acc:  0.9440866849188293
Train AUC:  0.9910859760073217
Train AUPRC:  0.9492725985606526
========== Evaluate Valid set ==========
Valid loss:  1.6210049088321514
Valid binary acc:  0.8004462418072793
Valid precision:  0.3804347826086957
Valid recall:  0.49770642201834864
Valid f1:  0.43124006359300476
Valid AUC:  0.7690164808721405
Valid AUPRC:  0.37818893635345974
Valid mcc:  0.31699603460662157

========== Train epoch 21 ==========
========== Evaluate Train set ==========
Train loss:  0.1493600575944011
Train binary acc:  0.9396714610727644
Train AUC:  0.9919433268154985
Train AUPRC:  0.954652887567866
========== Evaluate Valid set ==========
Valid loss:  1.6245707785015675
Valid binary acc:  0.8004462418072793
Valid precision:  0.38782894736842105
Valid recall:  0.5408256880733945
Valid f1:  0.4517241379310345
Valid AUC:  0.7757640733884608
Valid AUPRC:  0.3863971986564846
Valid mcc:  0.340669434965295

========== Train epoch 22 ==========
========== Evaluate Train set ==========
Train loss:  0.14119584395197893
Train binary acc:  0.9488682373809432
Train AUC:  0.9928294196591314
Train AUPRC:  0.9579165850077798
========== Evaluate Valid set ==========
Valid loss:  1.757107550528512
Valid binary acc:  0.8072095941988565
Valid precision:  0.3945945945945946
Valid recall:  0.5022935779816514
Valid f1:  0.4419778002018164
Valid AUC:  0.7791464314325414
Valid AUPRC:  0.3776939292465512
Valid mcc:  0.33096282921400605

========== Train epoch 23 ==========
========== Evaluate Train set ==========
Train loss:  0.13988898861595195
Train binary acc:  0.9619982261982802
Train AUC:  0.9933428127491944
Train AUPRC:  0.9619018576199461
========== Evaluate Valid set ==========
Valid loss:  2.0879980125534
Valid binary acc:  0.8201784967229118
Valid precision:  0.4152146196345091
Valid recall:  0.4481651376146789
Valid f1:  0.43106110743437015
Valid AUC:  0.7786008155949724
Valid AUPRC:  0.3881754567778877
Valid mcc:  0.32479297113547295

========== Train epoch 24 ==========
========== Evaluate Train set ==========
Train loss:  0.12856402235238182
Train binary acc:  0.9419079936760113
Train AUC:  0.9942385606053721
Train AUPRC:  0.9673238778529811
========== Evaluate Valid set ==========
Valid loss:  1.8475139977327033
Valid binary acc:  0.7982847580532701
Valid precision:  0.3839140345164442
Valid recall:  0.5408256880733945
Valid f1:  0.44905732241477814
Valid AUC:  0.7799493157360344
Valid AUPRC:  0.38828365009433224
Valid mcc:  0.3371806140424724

========== Train epoch 25 ==========
========== Evaluate Train set ==========
Train loss:  0.1222219266109029
Train binary acc:  0.9528592912505303
Train AUC:  0.9940650621056858
Train AUPRC:  0.9660309875635831
========== Evaluate Valid set ==========
Valid loss:  2.0240049935988527
Valid binary acc:  0.8116720122716496
Valid precision:  0.40319583797844666
Valid recall:  0.49770642201834864
Valid f1:  0.44549373845206325
Valid AUC:  0.7761345875029608
Valid AUPRC:  0.39102685939247944
Valid mcc:  0.3362518869608617

========== Train epoch 26 ==========
========== Evaluate Train set ==========
Train loss:  0.11577228593817923
Train binary acc:  0.9631743338603324
Train AUC:  0.9949566584747727
Train AUPRC:  0.9703842263767066
========== Evaluate Valid set ==========
Valid loss:  2.3480493555318063
Valid binary acc:  0.8149491005438572
Valid precision:  0.40389294403892945
Valid recall:  0.45688073394495415
Valid f1:  0.4287559190701679
Valid AUC:  0.7750657032205892
Valid AUPRC:  0.3809135195189632
Valid mcc:  0.3197087278259833

========== Train epoch 27 ==========
========== Evaluate Train set ==========
Train loss:  0.10848725798159614
Train binary acc:  0.9662013650561061
Train AUC:  0.9954777879171304
Train AUPRC:  0.973018010553459
========== Evaluate Valid set ==========
Valid loss:  2.2555384204458835
Valid binary acc:  0.8175986612745781
Valid precision:  0.4115977291159773
Valid recall:  0.46559633027522934
Valid f1:  0.43693499784761086
Valid AUC:  0.7857526790469338
Valid AUPRC:  0.387899082261596
Valid mcc:  0.3294878740986739

========== Train epoch 28 ==========
========== Evaluate Train set ==========
Train loss:  0.10867634799666284
Train binary acc:  0.9665676936721551
Train AUC:  0.9958157175637863
Train AUPRC:  0.9751926745595618
========== Evaluate Valid set ==========
Valid loss:  2.460140049012739
Valid binary acc:  0.8197601450285874
Valid precision:  0.41488020176544765
Valid recall:  0.45275229357798163
Valid f1:  0.4329896907216495
Valid AUC:  0.7815007339751279
Valid AUPRC:  0.3903471879558028
Valid mcc:  0.32652179691546196

========== Train epoch 29 ==========
========== Evaluate Train set ==========
Train loss:  0.10098502621724365
Train binary acc:  0.9654301469170555
Train AUC:  0.996120139380008
Train AUPRC:  0.9768818031407793
========== Evaluate Valid set ==========
Valid loss:  2.465199813024322
Valid binary acc:  0.8164830567563799
Valid precision:  0.40879741727199354
Valid recall:  0.4646788990825688
Valid f1:  0.43495062258480033
Valid AUC:  0.7765660524811074
Valid AUPRC:  0.38875861658352834
Valid mcc:  0.32689089082047285

========== Train epoch 30 ==========
========== Evaluate Train set ==========
Train loss:  0.09781362818840068
Train binary acc:  0.9663170477769637
Train AUC:  0.9963010165869861
Train AUPRC:  0.9787748348893276
========== Evaluate Valid set ==========
Valid loss:  2.655633494702738
Valid binary acc:  0.8175986612745781
Valid precision:  0.4090909090909091
Valid recall:  0.45
Valid f1:  0.42857142857142855
Valid AUC:  0.7743609777182351
Valid AUPRC:  0.3835379960619608
Valid mcc:  0.320858463354521

========== Train epoch 31 ==========
========== Evaluate Train set ==========
Train loss:  0.09761470868269659
Train binary acc:  0.972139744726796
Train AUC:  0.9965743457284395
Train AUPRC:  0.9796831719868181
========== Evaluate Valid set ==========
Valid loss:  2.6162378530004133
Valid binary acc:  0.821642727653047
Valid precision:  0.4195744680851064
Valid recall:  0.4522935779816514
Valid f1:  0.43532008830022073
Valid AUC:  0.7877766739234402
Valid AUPRC:  0.39528469669981353
Valid mcc:  0.3299209947719788

========== Train epoch 32 ==========
========== Evaluate Train set ==========
Train loss:  0.0910293767943783
Train binary acc:  0.9750896541086647
Train AUC:  0.996939986551426
Train AUPRC:  0.9814661321440314
========== Evaluate Valid set ==========
Valid loss:  2.7209373521271036
Valid binary acc:  0.8210849253939478
Valid precision:  0.4162326388888889
Valid recall:  0.4399082568807339
Valid f1:  0.427743086529884
Valid AUC:  0.7868018749933996
Valid AUPRC:  0.39442092728041545
Valid mcc:  0.3219790896706908

========== Train epoch 33 ==========
========== Evaluate Train set ==========
Train loss:  0.08725417230787516
Train binary acc:  0.9752824586434273
Train AUC:  0.9971058679138182
Train AUPRC:  0.9824054093100879
========== Evaluate Valid set ==========
Valid loss:  2.779697307899817
Valid binary acc:  0.8244317389485427
Valid precision:  0.42488888888888887
Valid recall:  0.43853211009174314
Valid f1:  0.43160270880361173
Valid AUC:  0.7901940206297553
Valid AUPRC:  0.39497880237180794
Valid mcc:  0.32787268651186585

========== Train epoch 34 ==========
========== Evaluate Train set ==========
Train loss:  0.08705916962750283
Train binary acc:  0.9760151158755254
Train AUC:  0.9974391299425559
Train AUPRC:  0.98455776084609
========== Evaluate Valid set ==========
Valid loss:  2.8090002078618577
Valid binary acc:  0.8227583321712453
Valid precision:  0.4181735985533454
Valid recall:  0.4243119266055046
Valid f1:  0.42122040072859745
Valid AUC:  0.7861690383190838
Valid AUPRC:  0.3934741226322347
Valid mcc:  0.3165951726450419

========== Train epoch 35 ==========
========== Evaluate Train set ==========
Train loss:  0.08241027616459723
Train binary acc:  0.9764392858520032
Train AUC:  0.9973691900078417
Train AUPRC:  0.983937007007492
========== Evaluate Valid set ==========
Valid loss:  2.8262511142599047
Valid binary acc:  0.8247803653604797
Valid precision:  0.42536978933213804
Valid recall:  0.4353211009174312
Valid f1:  0.43028791657220583
Valid AUC:  0.7889850361103692
Valid AUPRC:  0.3960080519581321
Valid mcc:  0.3268041031757997

========== Train epoch 36 ==========
========== Evaluate Train set ==========
Train loss:  0.08071857247996922
Train binary acc:  0.9758608722477152
Train AUC:  0.99758212763489
Train AUPRC:  0.985497028653677
========== Evaluate Valid set ==========
Valid loss:  2.8768307488800873
Valid binary acc:  0.8243620136661554
Valid precision:  0.4260148406809254
Valid recall:  0.44770642201834865
Valid f1:  0.4365913665846567
Valid AUC:  0.7914390815730754
Valid AUPRC:  0.39919258193085994
Valid mcc:  0.3327762243294502

========== Train epoch 37 ==========
========== Evaluate Train set ==========
Train loss:  0.07777827194707
Train binary acc:  0.9765935294798134
Train AUC:  0.9975174177323927
Train AUPRC:  0.985032928213684
========== Evaluate Valid set ==========
Valid loss:  2.9614193746403084
Valid binary acc:  0.8238042114070562
Valid precision:  0.423467137185708
Valid recall:  0.44036697247706424
Valid f1:  0.43175174274791994
Valid AUC:  0.786886663075997
Valid AUPRC:  0.3918431813960042
Valid mcc:  0.3276247031354752

========== Train epoch 38 ==========
========== Evaluate Train set ==========
Train loss:  0.07601457024830278
Train binary acc:  0.978887903443489
Train AUC:  0.9978111901427089
Train AUPRC:  0.9867376280254846
========== Evaluate Valid set ==========
Valid loss:  2.982129395452898
Valid binary acc:  0.826244596290615
Valid precision:  0.42777777777777776
Valid recall:  0.42385321100917434
Valid f1:  0.4258064516129032
Valid AUC:  0.7880284168314904
Valid AUPRC:  0.39538658557033224
Valid mcc:  0.32344769509689103

========== Train epoch 39 ==========
========== Evaluate Train set ==========
Train loss:  0.07345873198021999
Train binary acc:  0.9795048779547295
Train AUC:  0.9978480850816984
Train AUPRC:  0.9870544769109271
========== Evaluate Valid set ==========
Valid loss:  3.145921716494347
Valid binary acc:  0.827499651373588
Valid precision:  0.4291907514450867
Valid recall:  0.4087155963302752
Valid f1:  0.41870300751879697
Valid AUC:  0.7839894414698211
Valid AUPRC:  0.39503298899537737
Valid mcc:  0.3176275422790086

========== Train epoch 40 ==========
========== Evaluate Train set ==========
Train loss:  0.07247051804881083
Train binary acc:  0.9778853198627232
Train AUC:  0.9979712986939984
Train AUPRC:  0.9878522746135561
========== Evaluate Valid set ==========
Valid loss:  3.0871839423233003
Valid binary acc:  0.8259656951610654
Valid precision:  0.4287646528403968
Valid recall:  0.4362385321100917
Valid f1:  0.4324693042291951
Valid AUC:  0.7897676851797372
Valid AUPRC:  0.4003311852097708
Valid mcc:  0.3297202735224534

========== Train epoch 41 ==========
========== Evaluate Train set ==========
Train loss:  0.07210631765188015
Train binary acc:  0.9800061697451125
Train AUC:  0.998077872697229
Train AUPRC:  0.9885399879702372
========== Evaluate Valid set ==========
Valid loss:  3.217182779934869
Valid binary acc:  0.8272207502440385
Valid precision:  0.4308263695450325
Valid recall:  0.42568807339449544
Valid f1:  0.4282418089524688
Valid AUC:  0.7916510329210098
Valid AUPRC:  0.4031041310935636
Valid mcc:  0.32648836192957253

========== Train epoch 42 ==========
========== Evaluate Train set ==========
Train loss:  0.07178580859669027
Train binary acc:  0.9796784020360159
Train AUC:  0.9980809961302531
Train AUPRC:  0.9884357219224262
========== Evaluate Valid set ==========
Valid loss:  3.232009519836796
Valid binary acc:  0.8254776181843536
Valid precision:  0.4259513984410821
Valid recall:  0.4261467889908257
Valid f1:  0.42604907131391884
Valid AUC:  0.7901497407325268
Valid AUPRC:  0.3977235691041129
Valid mcc:  0.3231423757001096

========== Train epoch 43 ==========
========== Evaluate Train set ==========
Train loss:  0.06991745655735333
Train binary acc:  0.9796976824894922
Train AUC:  0.9982178367184221
Train AUPRC:  0.9892865917698624
========== Evaluate Valid set ==========
Valid loss:  3.248981723367278
Valid binary acc:  0.8261051457258402
Valid precision:  0.4279816513761468
Valid recall:  0.4279816513761468
Valid f1:  0.4279816513761468
Valid AUC:  0.7907169119033717
Valid AUPRC:  0.398947265401573
Valid mcc:  0.3254491731653262

========== Train epoch 44 ==========
========== Evaluate Train set ==========
Train loss:  0.06713357533603795
Train binary acc:  0.9806617051633054
Train AUC:  0.9982625269159423
Train AUPRC:  0.9895903191159416
========== Evaluate Valid set ==========
Valid loss:  3.322880095732746
Valid binary acc:  0.827499651373588
Valid precision:  0.43137254901960786
Valid recall:  0.42385321100917434
Valid f1:  0.42757982415548357
Valid AUC:  0.7919789832671775
Valid AUPRC:  0.400943572297917
Valid mcc:  0.32605494099971666

========== Train epoch 45 ==========
========== Evaluate Train set ==========
Train loss:  0.06435955509766657
Train binary acc:  0.9818185323718814
Train AUC:  0.9982757695987498
Train AUPRC:  0.9897266591354741
========== Evaluate Valid set ==========
Valid loss:  3.4613707434775223
Valid binary acc:  0.827151024961651
Valid precision:  0.4285031085604974
Valid recall:  0.41100917431192663
Valid f1:  0.41957387028798876
Valid AUC:  0.7901169268393508
Valid AUPRC:  0.3998295406564836
Valid mcc:  0.3181767813503126

========== Train epoch 46 ==========
========== Evaluate Train set ==========
Train loss:  0.06540337278183257
Train binary acc:  0.9788493425365364
Train AUC:  0.9983119772983221
Train AUPRC:  0.9899142707046761
========== Evaluate Valid set ==========
Valid loss:  3.321336238464313
Valid binary acc:  0.8251289917724167
Valid precision:  0.4261926192619262
Valid recall:  0.4344036697247706
Valid f1:  0.43025897319400275
Valid AUC:  0.7914090587466753
Valid AUPRC:  0.4021092498046977
Valid mcc:  0.3270044648289047

========== Train epoch 47 ==========
========== Evaluate Train set ==========
Train loss:  0.06383508846359083
Train binary acc:  0.9821270196275016
Train AUC:  0.9983715146723091
Train AUPRC:  0.9902748397626719
========== Evaluate Valid set ==========
Valid loss:  3.4711905132923553
Valid binary acc:  0.828894157021336
Valid precision:  0.43469971401334606
Valid recall:  0.41834862385321103
Valid f1:  0.426367461430575
Valid AUC:  0.7922886219522683
Valid AUPRC:  0.40292920296346546
Valid mcc:  0.32594453862260914

========== Train epoch 48 ==========
========== Evaluate Train set ==========
Train loss:  0.06351306896538156
Train binary acc:  0.9784058921065824
Train AUC:  0.9983579984962639
Train AUPRC:  0.9901064131728932
========== Evaluate Valid set ==========
Valid loss:  3.3314729364060645
Valid binary acc:  0.8231766838655696
Valid precision:  0.4218612818261633
Valid recall:  0.4408256880733945
Valid f1:  0.43113503813369225
Valid AUC:  0.7928864948576481
Valid AUPRC:  0.4012826530798954
Valid mcc:  0.32662464518987294

========== Train epoch 49 ==========
========== Evaluate Train set ==========
Train loss:  0.06306184377967754
Train binary acc:  0.985848147148421
Train AUC:  0.998503335607675
Train AUPRC:  0.9911366464827231
========== Evaluate Valid set ==========
Valid loss:  3.727063726578186
Valid binary acc:  0.8332868498117417
Valid precision:  0.4451378055122205
Valid recall:  0.3926605504587156
Valid f1:  0.4172556665854253
Valid AUC:  0.7951843160151412
Valid AUPRC:  0.4053249652670655
Valid mcc:  0.32128872115327706

========== Train epoch 50 ==========
========== Evaluate Train set ==========
Train loss:  0.0618009876463325
Train binary acc:  0.9831874445686962
Train AUC:  0.9984976693888079
Train AUPRC:  0.9910129001624554
========== Evaluate Valid set ==========
Valid loss:  3.563776664324661
Valid binary acc:  0.8290336075861108
Valid precision:  0.4344894026974952
Valid recall:  0.41376146788990825
Valid f1:  0.42387218045112784
Valid AUC:  0.792818905781129
Valid AUPRC:  0.4008749385837964
Valid mcc:  0.3236991891123848


========== Fold 3 ==========
Train on 267 samples, validate on 67 samples
Fold 3 neg/pos weight: 5.5976

========== Train epoch 1 ==========
========== Evaluate Train set ==========
Train loss:  1.0255240403980799
Train binary acc:  0.300568865550815
Train AUC:  0.790375005891818
Train AUPRC:  0.4299195478178728
========== Evaluate Valid set ==========
Valid loss:  0.7463291060568681
Valid binary acc:  0.305756028868157
Valid precision:  0.1993232851430329
Valid recall:  0.9609490855165596
Valid f1:  0.33016304347826086
Valid AUC:  0.7496051802176248
Valid AUPRC:  0.4043280363359373
Valid mcc:  0.13691141972958645

========== Train epoch 2 ==========
========== Evaluate Train set ==========
Train loss:  0.6524911640623535
Train binary acc:  0.7518141705867337
Train AUC:  0.8398286623047942
Train AUPRC:  0.5025810951106991
========== Evaluate Valid set ==========
Valid loss:  0.7462110323692436
Valid binary acc:  0.7386903714134836
Valid precision:  0.37453580901856764
Valid recall:  0.6979733069698467
Valid f1:  0.48748489556361124
Valid AUC:  0.799456639480115
Valid AUPRC:  0.46165948683371244
Valid mcc:  0.3619355298212286

========== Train epoch 3 ==========
========== Evaluate Train set ==========
Train loss:  0.5914223516701759
Train binary acc:  0.6835503044889326
Train AUC:  0.8630491550049388
Train AUPRC:  0.5616286434179867
========== Evaluate Valid set ==========
Valid loss:  0.6077053978371976
Valid binary acc:  0.6671360675937335
Valid precision:  0.3311576118256863
Valid recall:  0.8526940187839842
Valid f1:  0.47704646017699115
Valid AUC:  0.8265262681857005
Valid AUPRC:  0.5286356854436535
Valid mcc:  0.3682461228686344

========== Train epoch 4 ==========
========== Evaluate Train set ==========
Train loss:  0.5479383558481373
Train binary acc:  0.697607847427342
Train AUC:  0.8823656767836194
Train AUPRC:  0.6051829268402312
========== Evaluate Valid set ==========
Valid loss:  0.6194365789641195
Valid binary acc:  0.668808308396409
Valid precision:  0.33054148811842615
Valid recall:  0.8388531883341572
Valid f1:  0.47422104233617435
Valid AUC:  0.8170575272681965
Valid AUPRC:  0.5065605872064415
Valid mcc:  0.3619152775298806

========== Train epoch 5 ==========
========== Evaluate Train set ==========
Train loss:  0.5109570333071416
Train binary acc:  0.8331327717609306
Train AUC:  0.8956509559942856
Train AUPRC:  0.6351191040393651
========== Evaluate Valid set ==========
Valid loss:  0.7643124839263176
Valid binary acc:  0.7817285689139236
Valid precision:  0.4247116968698517
Valid recall:  0.6371725160652496
Valid f1:  0.5096876235666271
Valid AUC:  0.8134344004225527
Valid AUPRC:  0.5063121290845278
Valid mcc:  0.3892638479462874

========== Train epoch 6 ==========
========== Evaluate Train set ==========
Train loss:  0.4844765384657106
Train binary acc:  0.7341647522152938
Train AUC:  0.9087347959787144
Train AUPRC:  0.6763913008998378
========== Evaluate Valid set ==========
Valid loss:  0.6904981438793353
Valid binary acc:  0.6767294490406619
Valid precision:  0.3274058577405858
Valid recall:  0.7736035590706871
Valid f1:  0.4600911362634132
Valid AUC:  0.7896076742898366
Valid AUPRC:  0.4814058991891039
Valid mcc:  0.33270932619547866

========== Train epoch 7 ==========
========== Evaluate Train set ==========
Train loss:  0.4508343813626954
Train binary acc:  0.785125624475805
Train AUC:  0.9193036062469894
Train AUPRC:  0.7101492970454024
========== Evaluate Valid set ==========
Valid loss:  0.7212609157188615
Valid binary acc:  0.7119345185706741
Valid precision:  0.35342401500938087
Valid recall:  0.7449332674246169
Valid f1:  0.47940194051216795
Valid AUC:  0.7964127545540239
Valid AUPRC:  0.4803042459584657
Valid mcc:  0.35531487949632656

========== Train epoch 8 ==========
========== Evaluate Train set ==========
Train loss:  0.41811255276314774
Train binary acc:  0.7977610035371768
Train AUC:  0.9369801830359444
Train AUPRC:  0.7545252325114009
========== Evaluate Valid set ==========
Valid loss:  0.769233841727029
Valid binary acc:  0.7154550255236755
Valid precision:  0.3539352969579913
Valid recall:  0.7246663371230845
Valid f1:  0.47558799675588
Valid AUC:  0.7877402959445339
Valid AUPRC:  0.47601964490732895
Valid mcc:  0.34823589258371884

========== Train epoch 9 ==========
========== Evaluate Train set ==========
Train loss:  0.39069555191957994
Train binary acc:  0.7460890493381468
Train AUC:  0.9453796100083326
Train AUPRC:  0.7766703666450773
========== Evaluate Valid set ==========
Valid loss:  0.7579961534756333
Valid binary acc:  0.6636155606407322
Valid precision:  0.32345436702649655
Valid recall:  0.81463173504696
Valid f1:  0.4630514189379039
Valid AUC:  0.7963342854951547
Valid AUPRC:  0.48722304939277444
Valid mcc:  0.342710515822649

========== Train epoch 10 ==========
========== Evaluate Train set ==========
Train loss:  0.3407371849770403
Train binary acc:  0.8993180906538307
Train AUC:  0.9558629238049885
Train AUPRC:  0.8191545813637566
========== Evaluate Valid set ==========
Valid loss:  1.1830109148772794
Valid binary acc:  0.7891216335152262
Valid precision:  0.42654588420638045
Valid recall:  0.5353435491843797
Valid f1:  0.4747917580008768
Valid AUC:  0.7810314428297728
Valid AUPRC:  0.4743186812502748
Valid mcc:  0.34845740440715584

========== Train epoch 11 ==========
========== Evaluate Train set ==========
Train loss:  0.3224508622417066
Train binary acc:  0.8561608868468075
Train AUC:  0.9634189764589649
Train AUPRC:  0.8447246318728414
========== Evaluate Valid set ==========
Valid loss:  0.9470765672957719
Valid binary acc:  0.7414187643020596
Valid precision:  0.3739322127307798
Valid recall:  0.6707859614434009
Valid f1:  0.48018400566171265
Valid AUC:  0.7841034866356739
Valid AUPRC:  0.4721516881579124
Valid mcc:  0.3507695908513896

========== Train epoch 12 ==========
========== Evaluate Train set ==========
Train loss:  0.2948856569184793
Train binary acc:  0.9105130729679466
Train AUC:  0.9650497378001782
Train AUPRC:  0.8440047854828387
========== Evaluate Valid set ==========
Valid loss:  1.2908289808390745
Valid binary acc:  0.7870973420172505
Valid precision:  0.4158878504672897
Valid recall:  0.4839347503707365
Valid f1:  0.4473383596070368
Valid AUC:  0.7523068183075275
Valid AUPRC:  0.44294083066231155
Valid mcc:  0.3178171482313032

========== Train epoch 13 ==========
========== Evaluate Train set ==========
Train loss:  0.2803458305082741
Train binary acc:  0.8753054005761587
Train AUC:  0.9726710751436781
Train AUPRC:  0.8736929842513743
========== Evaluate Valid set ==========
Valid loss:  1.182044559450292
Valid binary acc:  0.7527723992254884
Valid precision:  0.37840346534653463
Valid recall:  0.6045477014335146
Valid f1:  0.4654614652711703
Valid AUC:  0.7720101740361683
Valid AUPRC:  0.459497098395644
Valid mcc:  0.33021340524082954

========== Train epoch 14 ==========
========== Evaluate Train set ==========
Train loss:  0.2641727556701233
Train binary acc:  0.8889435874995442
Train AUC:  0.9757072009749305
Train AUPRC:  0.8826673686105063
========== Evaluate Valid set ==========
Valid loss:  1.2719994002758568
Valid binary acc:  0.7506600950536877
Valid precision:  0.36935483870967745
Valid recall:  0.5659911023232822
Valid f1:  0.4470037087643959
Valid AUC:  0.7445319504570975
Valid AUPRC:  0.4259878705318877
Valid mcc:  0.30631741016383934

========== Train epoch 15 ==========
========== Evaluate Train set ==========
Train loss:  0.2513769715745351
Train binary acc:  0.9306968602997484
Train AUC:  0.9787526668546205
Train AUPRC:  0.8962552946970376
========== Evaluate Valid set ==========
Valid loss:  1.5668098139229105
Valid binary acc:  0.7937863052279528
Valid precision:  0.4292661361626879
Valid recall:  0.4799802273850717
Valid f1:  0.4532088681446908
Valid AUC:  0.7581634418662307
Valid AUPRC:  0.4414375550673756
Valid mcc:  0.3274013120232834

========== Train epoch 16 ==========
========== Evaluate Train set ==========
Train loss:  0.22455258608868953
Train binary acc:  0.9188637275279875
Train AUC:  0.9833963435026193
Train AUPRC:  0.9165475540643502
========== Evaluate Valid set ==========
Valid loss:  1.4396958055336084
Valid binary acc:  0.777239922548847
Valid precision:  0.40695970695970696
Valid recall:  0.5491843796342066
Valid f1:  0.46749421418051756
Valid AUC:  0.7686389421322847
Valid AUPRC:  0.46334798140611055
Valid mcc:  0.3365093669292924

========== Train epoch 17 ==========
========== Evaluate Train set ==========
Train loss:  0.20435370314405876
Train binary acc:  0.8922255041388616
Train AUC:  0.9839941518422868
Train AUPRC:  0.9165873754925662
========== Evaluate Valid set ==========
Valid loss:  1.3501516024568188
Valid binary acc:  0.7416828023235346
Valid precision:  0.3648488441019561
Valid recall:  0.6085022244191794
Valid f1:  0.4561793589030943
Valid AUC:  0.7606361567321134
Valid AUPRC:  0.443793155004354
Valid mcc:  0.31734757963197224

========== Train epoch 18 ==========
========== Evaluate Train set ==========
Train loss:  0.19710277615303404
Train binary acc:  0.9353280093352295
Train AUC:  0.9864700415076872
Train AUPRC:  0.9289433399459892
========== Evaluate Valid set ==========
Valid loss:  1.8146443820711393
Valid binary acc:  0.7904418236226016
Valid precision:  0.4249161073825503
Valid recall:  0.5007414730598122
Valid f1:  0.45972316768776944
Valid AUC:  0.7605753134382378
Valid AUPRC:  0.45226602067813426
Valid mcc:  0.33253095895752177

========== Train epoch 19 ==========
========== Evaluate Train set ==========
Train loss:  0.18649367427223185
Train binary acc:  0.9253728621959669
Train AUC:  0.9868926315210079
Train AUPRC:  0.9290080927542812
========== Evaluate Valid set ==========
Valid loss:  1.915628603812474
Valid binary acc:  0.7735433902481957
Valid precision:  0.39638281838733985
Valid recall:  0.5200197726149284
Valid f1:  0.4498610220226641
Valid AUC:  0.7540618257847157
Valid AUPRC:  0.4416708475846017
Valid mcc:  0.31507768341583053

========== Train epoch 20 ==========
========== Evaluate Train set ==========
Train loss:  0.1870128343837538
Train binary acc:  0.9382452685701783
Train AUC:  0.9878694718484904
Train AUPRC:  0.9342804375335498
========== Evaluate Valid set ==========
Valid loss:  1.994016628434409
Valid binary acc:  0.7896497095581764
Valid precision:  0.42174840085287846
Valid recall:  0.4888779041028176
Valid f1:  0.45283882783882784
Valid AUC:  0.7576507332397633
Valid AUPRC:  0.4506925560158174
Valid mcc:  0.324863087083883

========== Train epoch 21 ==========
========== Evaluate Train set ==========
Train loss:  0.17247920923548915
Train binary acc:  0.9403785143857346
Train AUC:  0.9890211491967161
Train AUPRC:  0.9405631964723257
========== Evaluate Valid set ==========
Valid loss:  2.0545712264616096
Valid binary acc:  0.7906178489702517
Valid precision:  0.42502106149957875
Valid recall:  0.49876421156697975
Valid f1:  0.45894928360245624
Valid AUC:  0.7604056191362243
Valid AUPRC:  0.45282390269634354
Valid mcc:  0.33178915333896836

========== Train epoch 22 ==========
========== Evaluate Train set ==========
Train loss:  0.16240469461188334
Train binary acc:  0.9287459431863764
Train AUC:  0.9906156903833038
Train AUPRC:  0.9476340211156162
========== Evaluate Valid set ==========
Valid loss:  1.940042603816559
Valid binary acc:  0.7723112128146453
Valid precision:  0.3967789165446559
Valid recall:  0.5358378645575878
Valid f1:  0.45594111461619347
Valid AUC:  0.7626440912904532
Valid AUPRC:  0.4450225418457867
Valid mcc:  0.3216981205984343

========== Train epoch 23 ==========
========== Evaluate Train set ==========
Train loss:  0.15431783007185781
Train binary acc:  0.9315355723297961
Train AUC:  0.9911969048201419
Train AUPRC:  0.9512846459614389
========== Evaluate Valid set ==========
Valid loss:  2.0689752008487927
Valid binary acc:  0.771607111424045
Valid precision:  0.39083969465648855
Valid recall:  0.5061789421651013
Valid f1:  0.44109412018091754
Valid AUC:  0.7515166759056375
Valid AUPRC:  0.4432367385474141
Valid mcc:  0.30451117025043756

========== Train epoch 24 ==========
========== Evaluate Train set ==========
Train loss:  0.1452497107426772
Train binary acc:  0.9393939393939394
Train AUC:  0.9925957405827164
Train AUPRC:  0.9581869638105369
========== Evaluate Valid set ==========
Valid loss:  2.180014747292248
Valid binary acc:  0.7847209998239747
Valid precision:  0.41509433962264153
Valid recall:  0.5111220958971824
Valid f1:  0.4581302614089499
Valid AUC:  0.7586307098943581
Valid AUPRC:  0.4605319526873578
Valid mcc:  0.3283503476112669

========== Train epoch 25 ==========
========== Evaluate Train set ==========
Train loss:  0.14384561423770387
Train binary acc:  0.950023702731284
Train AUC:  0.9923347840757754
Train AUPRC:  0.9565018238339407
========== Evaluate Valid set ==========
Valid loss:  2.3821529325709414
Valid binary acc:  0.7912339376870269
Valid precision:  0.4231616028181418
Valid recall:  0.4750370736529906
Valid f1:  0.44760130414531907
Valid AUC:  0.7554201212239776
Valid AUPRC:  0.45108100120106814
Valid mcc:  0.3202387658013373

========== Train epoch 26 ==========
========== Evaluate Train set ==========
Train loss:  0.13937617726065915
Train binary acc:  0.9497319768077891
Train AUC:  0.9930401154253166
Train AUPRC:  0.9605737615729195
========== Evaluate Valid set ==========
Valid loss:  2.4089629303163558
Valid binary acc:  0.7906178489702517
Valid precision:  0.42320966350301986
Valid recall:  0.4849233811171527
Valid f1:  0.45196959225984795
Valid AUC:  0.7614098113688512
Valid AUPRC:  0.4516223711627146
Valid mcc:  0.32443877329073895

========== Train epoch 27 ==========
========== Evaluate Train set ==========
Train loss:  0.13422787989304866
Train binary acc:  0.9391751449513183
Train AUC:  0.9933540682408654
Train AUPRC:  0.9618345601215594
========== Evaluate Valid set ==========
Valid loss:  2.330470423645048
Valid binary acc:  0.7791762013729977
Valid precision:  0.40559440559440557
Valid recall:  0.5160652496292635
Valid f1:  0.4542092669132043
Valid AUC:  0.7561447360070613
Valid AUPRC:  0.4660882338635175
Valid mcc:  0.32190872960247446

========== Train epoch 28 ==========
========== Evaluate Train set ==========
Train loss:  0.12743811370728167
Train binary acc:  0.9432046092695913
Train AUC:  0.9940050848692044
Train AUPRC:  0.9650171391669854
========== Evaluate Valid set ==========
Valid loss:  2.410887071445807
Valid binary acc:  0.7819045942615737
Valid precision:  0.40867121637896425
Valid recall:  0.5032130499258527
Valid f1:  0.4510412051395658
Valid AUC:  0.7552091678114151
Valid AUPRC:  0.4519197113676143
Valid mcc:  0.3194531449081954

========== Train epoch 29 ==========
========== Evaluate Train set ==========
Train loss:  0.1223504107361764
Train binary acc:  0.9466870874813114
Train AUC:  0.9940650286951596
Train AUPRC:  0.9662275425599882
========== Evaluate Valid set ==========
Valid loss:  2.6976983845233917
Valid binary acc:  0.7826967083259989
Valid precision:  0.40838126540673786
Valid recall:  0.4913494809688581
Valid f1:  0.44603993717747364
Valid AUC:  0.7522718843588908
Valid AUPRC:  0.45013469409689044
Valid mcc:  0.3143716872396644

========== Train epoch 30 ==========
========== Evaluate Train set ==========
Train loss:  0.121423757495533
Train binary acc:  0.9527221675236116
Train AUC:  0.9946379552285126
Train AUPRC:  0.9684690371443043
========== Evaluate Valid set ==========
Valid loss:  2.6130926933751177
Valid binary acc:  0.7889456081675761
Valid precision:  0.4191461836998706
Valid recall:  0.4804745427582798
Valid f1:  0.44771994472593274
Valid AUC:  0.7550501918800059
Valid AUPRC:  0.45082587442082345
Valid mcc:  0.31914772338539815

========== Train epoch 31 ==========
========== Evaluate Train set ==========
Train loss:  0.11599289961438278
Train binary acc:  0.9554388651861576
Train AUC:  0.9949458989262666
Train AUPRC:  0.9700786867905444
========== Evaluate Valid set ==========
Valid loss:  2.7270759664364714
Valid binary acc:  0.7881534941031508
Valid precision:  0.4180887372013652
Valid recall:  0.4844290657439446
Valid f1:  0.44882070070986946
Valid AUC:  0.7591419629396324
Valid AUPRC:  0.45819181651721497
Valid mcc:  0.31989859324609693

========== Train epoch 32 ==========
========== Evaluate Train set ==========
Train loss:  0.11517124241462137
Train binary acc:  0.952995660576888
Train AUC:  0.9951548194976957
Train AUPRC:  0.9718896879215563
========== Evaluate Valid set ==========
Valid loss:  2.7946666198879924
Valid binary acc:  0.7831367716951241
Valid precision:  0.4086199751346871
Valid recall:  0.48739495798319327
Valid f1:  0.44454463480613166
Valid AUC:  0.756102974059373
Valid AUPRC:  0.4527411635510529
Valid mcc:  0.31296912464475374

========== Train epoch 33 ==========
========== Evaluate Train set ==========
Train loss:  0.11395079530915071
Train binary acc:  0.9617474382817343
Train AUC:  0.995316253949625
Train AUPRC:  0.9727784427948608
========== Evaluate Valid set ==========
Valid loss:  2.9810361399579404
Valid binary acc:  0.7963386727688787
Valid precision:  0.4340136054421769
Valid recall:  0.4730598121601582
Valid f1:  0.45269631031220436
Valid AUC:  0.7594629318252877
Valid AUPRC:  0.45825041225237756
Valid mcc:  0.3283319733039224

========== Train epoch 34 ==========
========== Evaluate Train set ==========
Train loss:  0.10938036891419008
Train binary acc:  0.9636801225248879
Train AUC:  0.9956183901691567
Train AUPRC:  0.9741326941347042
========== Evaluate Valid set ==========
Valid loss:  3.0191622207413857
Valid binary acc:  0.7958986093997535
Valid precision:  0.4312267657992565
Valid recall:  0.4587246663371231
Valid f1:  0.44455089820359284
Valid AUC:  0.756262373432584
Valid AUPRC:  0.453302972967841
Valid mcc:  0.31990604077605317

========== Train epoch 35 ==========
========== Evaluate Train set ==========
Train loss:  0.10868143819774805
Train binary acc:  0.9559129198118368
Train AUC:  0.995721864876829
Train AUPRC:  0.9749725047278833
========== Evaluate Valid set ==========
Valid loss:  2.9372191851708425
Valid binary acc:  0.7911459250132019
Valid precision:  0.4253412969283277
Valid recall:  0.49283242708848246
Valid f1:  0.4566063659262652
Valid AUC:  0.7608992993467298
Valid AUPRC:  0.46591879098924516
Valid mcc:  0.3295640338884924

========== Train epoch 36 ==========
========== Evaluate Train set ==========
Train loss:  0.10627152751573128
Train binary acc:  0.9548736462093863
Train AUC:  0.9958886893096585
Train AUPRC:  0.9756835319596117
========== Evaluate Valid set ==========
Valid loss:  2.949386574883959
Valid binary acc:  0.7841049111071995
Valid precision:  0.4107883817427386
Valid recall:  0.4893722194760257
Valid f1:  0.4466501240694789
Valid AUC:  0.7570817597839007
Valid AUPRC:  0.4635524641471997
Valid mcc:  0.3156631049421827

========== Train epoch 37 ==========
========== Evaluate Train set ==========
Train loss:  0.10358910205031044
Train binary acc:  0.9606534660686286
Train AUC:  0.9959397881381794
Train AUPRC:  0.9757979150048506
========== Evaluate Valid set ==========
Valid loss:  3.0903226292845027
Valid binary acc:  0.7899137475796515
Valid precision:  0.41889483065953653
Valid recall:  0.46465645081562035
Valid f1:  0.4405905788610265
Valid AUC:  0.7524842139573087
Valid AUPRC:  0.4562842772608513
Valid mcc:  0.3123246545098368

========== Train epoch 38 ==========
========== Evaluate Train set ==========
Train loss:  0.10368691809642851
Train binary acc:  0.9613827808773657
Train AUC:  0.9961268734704362
Train AUPRC:  0.9770973003054024
========== Evaluate Valid set ==========
Valid loss:  3.174549657462248
Valid binary acc:  0.7898257349058264
Valid precision:  0.42020113686051597
Valid recall:  0.4750370736529906
Valid f1:  0.4459396751740139
Valid AUC:  0.7544641748916265
Valid AUPRC:  0.45838210561180226
Valid mcc:  0.3177631857052911

========== Train epoch 39 ==========
========== Evaluate Train set ==========
Train loss:  0.10138057534014353
Train binary acc:  0.9570433577653794
Train AUC:  0.9960017212160782
Train AUPRC:  0.976062162549864
========== Evaluate Valid set ==========
Valid loss:  3.195452352957939
Valid binary acc:  0.7876254180602007
Valid precision:  0.41594827586206895
Valid recall:  0.47701433514582303
Valid f1:  0.44439327653695604
Valid AUC:  0.7516633984899114
Valid AUPRC:  0.46034097559491205
Valid mcc:  0.3149998523746626

========== Train epoch 40 ==========
========== Evaluate Train set ==========
Train loss:  0.10086151574867383
Train binary acc:  0.9607628632899391
Train AUC:  0.9963605440069204
Train AUPRC:  0.9783435311806803
========== Evaluate Valid set ==========
Valid loss:  3.1568777890347723
Valid binary acc:  0.7890336208414012
Valid precision:  0.41925734024179623
Valid recall:  0.4799802273850717
Valid f1:  0.44756856418529617
Valid AUC:  0.7549679912402595
Valid AUPRC:  0.4602271769374394
Valid mcc:  0.3190353532561725

========== Train epoch 41 ==========
========== Evaluate Train set ==========
Train loss:  0.09701954650479867
Train binary acc:  0.9639718484483828
Train AUC:  0.996471366925964
Train AUPRC:  0.9790383908284626
========== Evaluate Valid set ==========
Valid loss:  3.246527165619295
Valid binary acc:  0.7930822038373526
Valid precision:  0.4261261261261261
Valid recall:  0.467622343054869
Valid f1:  0.445910912090502
Valid AUC:  0.7560892122008191
Valid AUPRC:  0.45926870831952266
Valid mcc:  0.3195568546505757

========== Train epoch 42 ==========
========== Evaluate Train set ==========
Train loss:  0.0976453134092443
Train binary acc:  0.9645006016847172
Train AUC:  0.9963735975841655
Train AUPRC:  0.9785292796042255
========== Evaluate Valid set ==========
Valid loss:  3.3923451357813024
Valid binary acc:  0.7928181658158775
Valid precision:  0.42453260373917007
Valid recall:  0.4602076124567474
Valid f1:  0.4416508538899431
Valid AUC:  0.7534401602896595
Valid AUPRC:  0.45594162829807683
Valid mcc:  0.31510253288794426

========== Train epoch 43 ==========
========== Evaluate Train set ==========
Train loss:  0.09560434222360899
Train binary acc:  0.9627137804033111
Train AUC:  0.9965789661969583
Train AUPRC:  0.9798122711443429
========== Evaluate Valid set ==========
Valid loss:  3.3141608256012645
Valid binary acc:  0.7919380390776272
Valid precision:  0.4243231247225921
Valid recall:  0.4725654967869501
Valid f1:  0.4471468662301216
Valid AUC:  0.7561672842829994
Valid AUPRC:  0.4630865774857428
Valid mcc:  0.3201618330437793

========== Train epoch 44 ==========
========== Evaluate Train set ==========
Train loss:  0.09596583293576477
Train binary acc:  0.9660868613937206
Train AUC:  0.9965750070814914
Train AUPRC:  0.9794849140110542
========== Evaluate Valid set ==========
Valid loss:  3.4105559084842456
Valid binary acc:  0.794138355923253
Valid precision:  0.4279197080291971
Valid recall:  0.46366782006920415
Valid f1:  0.4450771055753262
Valid AUC:  0.7558571660935117
Valid AUPRC:  0.4564602819586409
Valid mcc:  0.3193423371809847

========== Train epoch 45 ==========
========== Evaluate Train set ==========
Train loss:  0.09577003682960061
Train binary acc:  0.9693505451628195
Train AUC:  0.9966833599157627
Train AUPRC:  0.980212892091413
========== Evaluate Valid set ==========
Valid loss:  3.4940291305086504
Valid binary acc:  0.7992430910051047
Valid precision:  0.43815915627996166
Valid recall:  0.45180425111220957
Valid f1:  0.444877099050864
Valid AUC:  0.7575844381326916
Valid AUPRC:  0.4629078695641905
Valid mcc:  0.3224331460370765

========== Train epoch 46 ==========
========== Evaluate Train set ==========
Train loss:  0.09309609667903809
Train binary acc:  0.9680924771177479
Train AUC:  0.9968119180693226
Train AUPRC:  0.9810186661450164
========== Evaluate Valid set ==========
Valid loss:  3.448664549126554
Valid binary acc:  0.7979229008977293
Valid precision:  0.43706777316735823
Valid recall:  0.46861097380128525
Valid f1:  0.45229007633587787
Valid AUC:  0.7622755116672242
Valid AUPRC:  0.4655954314611933
Valid mcc:  0.32888038499947214

========== Train epoch 47 ==========
========== Evaluate Train set ==========
Train loss:  0.09105426062261232
Train binary acc:  0.9662874229661234
Train AUC:  0.9967875972346414
Train AUPRC:  0.9808866564526273
========== Evaluate Valid set ==========
Valid loss:  3.4921137125634436
Valid binary acc:  0.7949304699876782
Valid precision:  0.42929525564256105
Valid recall:  0.4607019278299555
Valid f1:  0.4444444444444444
Valid AUC:  0.755430839594582
Valid AUPRC:  0.4609855218064782
Valid mcc:  0.31919323465830735

========== Train epoch 48 ==========
========== Evaluate Train set ==========
Train loss:  0.09187386707796921
Train binary acc:  0.9641177114101301
Train AUC:  0.996888159801554
Train AUPRC:  0.9814864839342002
========== Evaluate Valid set ==========
Valid loss:  3.4295770410281508
Valid binary acc:  0.791674001056152
Valid precision:  0.4239610963748895
Valid recall:  0.4740484429065744
Valid f1:  0.447607934655776
Valid AUC:  0.7582116613013944
Valid AUPRC:  0.4639611057987701
Valid mcc:  0.3204874468611574

========== Train epoch 49 ==========
========== Evaluate Train set ==========
Train loss:  0.09174034083506252
Train binary acc:  0.9652481493636729
Train AUC:  0.9968430222660576
Train AUPRC:  0.981258760615375
========== Evaluate Valid set ==========
Valid loss:  3.5372437510027814
Valid binary acc:  0.7911459250132019
Valid precision:  0.42152466367713004
Valid recall:  0.46465645081562035
Valid f1:  0.442040912297202
Valid AUC:  0.7545141674893348
Valid AUPRC:  0.4581075500399366
Valid mcc:  0.31450717251632226

========== Train epoch 50 ==========
========== Evaluate Train set ==========
Train loss:  0.09106702642508326
Train binary acc:  0.9636983553951063
Train AUC:  0.9969458300120645
Train AUPRC:  0.981846294899435
========== Evaluate Valid set ==========
Valid loss:  3.4560973630912266
Valid binary acc:  0.7896497095581764
Valid precision:  0.41976388281591603
Valid recall:  0.4745427582797825
Valid f1:  0.44547563805104406
Valid AUC:  0.7577182722071274
Valid AUPRC:  0.4627625959946261
Valid mcc:  0.3171893992968355


========== Fold 4 ==========
Train on 267 samples, validate on 67 samples
Fold 4 neg/pos weight: 5.2892

========== Train epoch 1 ==========
========== Evaluate Train set ==========
Train loss:  0.9550811445221918
Train binary acc:  0.4551605482417986
Train AUC:  0.7837962257042919
Train AUPRC:  0.4182178710591606
========== Evaluate Valid set ==========
Valid loss:  0.6247275840880265
Valid binary acc:  0.43000207196629603
Valid precision:  0.19719976336028397
Valid recall:  0.9474182851729038
Valid f1:  0.32645066514323023
Valid AUC:  0.7490679979446047
Valid AUPRC:  0.3160147368091225
Valid mcc:  0.22273846178275247

========== Train epoch 2 ==========
========== Evaluate Train set ==========
Train loss:  0.6529910033673383
Train binary acc:  0.2905720195634944
Train AUC:  0.8457365091537543
Train AUPRC:  0.5434968328165233
========== Evaluate Valid set ==========
Valid loss:  0.6283338852782747
Valid binary acc:  0.2672836521859244
Valid precision:  0.16548575027554716
Valid recall:  0.995736617716722
Valid f1:  0.28380476608384525
Valid AUC:  0.796418478517321
Valid AUPRC:  0.3924425147609827
Valid mcc:  0.1491582315681875

========== Train epoch 3 ==========
========== Evaluate Train set ==========
Train loss:  0.5699405466461003
Train binary acc:  0.4030234491291152
Train AUC:  0.8662147323070457
Train AUPRC:  0.5896973801514174
========== Evaluate Valid set ==========
Valid loss:  0.6814238798262467
Valid binary acc:  0.37177981904827684
Valid precision:  0.18606741573033708
Valid recall:  0.9805779251539555
Valid f1:  0.31278331822302813
Valid AUC:  0.8077582166781161
Valid AUPRC:  0.4034373515619514
Valid mcc:  0.2078238596693654

========== Train epoch 4 ==========
========== Evaluate Train set ==========
Train loss:  0.5323369103982654
Train binary acc:  0.7147248158673085
Train AUC:  0.8790405521876339
Train AUPRC:  0.6189599617180157
========== Evaluate Valid set ==========
Valid loss:  0.611543581556918
Valid binary acc:  0.6509427446646868
Valid precision:  0.26779233075587816
Valid recall:  0.8038844149692089
Valid f1:  0.4017518939393939
Valid AUC:  0.7949646801727905
Valid AUPRC:  0.3952620254839238
Valid mcc:  0.3049740863590854

========== Train epoch 5 ==========
========== Evaluate Train set ==========
Train loss:  0.47713900081227334
Train binary acc:  0.7818051769800305
Train AUC:  0.9133477590992576
Train AUPRC:  0.6966264859480945
========== Evaluate Valid set ==========
Valid loss:  0.6145025064696127
Valid binary acc:  0.697354789695421
Valid precision:  0.2936580047246956
Valid recall:  0.7655139744197063
Valid f1:  0.4244812188074599
Valid AUC:  0.8022390149117266
Valid AUPRC:  0.42058898612439055
Valid mcc:  0.32806178092056176

========== Train epoch 6 ==========
========== Evaluate Train set ==========
Train loss:  0.4760015741381306
Train binary acc:  0.8743838079220553
Train AUC:  0.919489520440981
Train AUPRC:  0.7160996912888247
========== Evaluate Valid set ==========
Valid loss:  0.8819399627286997
Valid binary acc:  0.8024725464465778
Valid precision:  0.37462336792768663
Valid recall:  0.5300805305542396
Valid f1:  0.43899568458218907
Valid AUC:  0.793025509972711
Valid AUPRC:  0.4057578837675522
Valid mcc:  0.33057491626688407

========== Train epoch 7 ==========
========== Evaluate Train set ==========
Train loss:  0.4255357472302762
Train binary acc:  0.6867521119681417
Train AUC:  0.9297006515000263
Train AUPRC:  0.73871095058918
========== Evaluate Valid set ==========
Valid loss:  0.6691518497111192
Valid binary acc:  0.5552869673319981
Valid precision:  0.23051058530510585
Valid recall:  0.8768356229275225
Valid f1:  0.3650527561384479
Valid AUC:  0.7867848669539155
Valid AUPRC:  0.40686207030994476
Valid mcc:  0.2678597786976042

========== Train epoch 8 ==========
========== Evaluate Train set ==========
Train loss:  0.3817783074265116
Train binary acc:  0.8253977459452145
Train AUC:  0.9507907179132323
Train AUPRC:  0.8043473339696982
========== Evaluate Valid set ==========
Valid loss:  0.7639737095850617
Valid binary acc:  0.7054354582498792
Valid precision:  0.28989465470152165
Valid recall:  0.7039317858834675
Valid f1:  0.41066740362028464
Valid AUC:  0.7826312367362972
Valid AUPRC:  0.4063770366593136
Valid mcc:  0.302283449287157

========== Train epoch 9 ==========
========== Evaluate Train set ==========
Train loss:  0.3595646799085069
Train binary acc:  0.8607744205378027
Train AUC:  0.9567366100423564
Train AUPRC:  0.8256598770861099
========== Evaluate Valid set ==========
Valid loss:  0.8379654726430551
Valid binary acc:  0.7397610332205263
Valid precision:  0.31200363058770136
Valid recall:  0.6513500710563714
Valid f1:  0.42190856090825407
Valid AUC:  0.7848763760086236
Valid AUPRC:  0.39702367951991296
Valid mcc:  0.31153423587043194

========== Train epoch 10 ==========
========== Evaluate Train set ==========
Train loss:  0.3216936108324858
Train binary acc:  0.8419841868197723
Train AUC:  0.9628432434260317
Train AUPRC:  0.8403713518433645
========== Evaluate Valid set ==========
Valid loss:  0.7906434240181055
Valid binary acc:  0.6894813177705643
Valid precision:  0.2785515320334262
Valid recall:  0.7105637138796779
Valid f1:  0.400213447171825
Valid AUC:  0.7752814294985363
Valid AUPRC:  0.3976112001909284
Valid mcc:  0.28947313525032303

========== Train epoch 11 ==========
========== Evaluate Train set ==========
Train loss:  0.3120187142033702
Train binary acc:  0.8539117322971641
Train AUC:  0.9700932884206713
Train AUPRC:  0.867445285506403
========== Evaluate Valid set ==========
Valid loss:  0.8939699083566666
Valid binary acc:  0.709579390841909
Valid precision:  0.2901803607214429
Valid recall:  0.6859308384651823
Valid f1:  0.4078298831150542
Valid AUC:  0.776482669783056
Valid AUPRC:  0.39840463293998124
Valid mcc:  0.2966885739403234

========== Train epoch 12 ==========
========== Evaluate Train set ==========
Train loss:  0.2642524299187383
Train binary acc:  0.900616675365849
Train AUC:  0.9765244169980248
Train AUPRC:  0.8923144174032336
========== Evaluate Valid set ==========
Valid loss:  1.0475515547528196
Valid binary acc:  0.7524690931694178
Valid precision:  0.31935246504782927
Valid recall:  0.6167693036475604
Valid f1:  0.42081447963800905
Valid AUC:  0.7785812112430239
Valid AUPRC:  0.3914808501648976
Valid mcc:  0.30788890049364165

========== Train epoch 13 ==========
========== Evaluate Train set ==========
Train loss:  0.24393822484360206
Train binary acc:  0.9109203734848924
Train AUC:  0.9787202504384883
Train AUPRC:  0.9053951947537218
========== Evaluate Valid set ==========
Valid loss:  1.2059652182593275
Valid binary acc:  0.7689757579943366
Valid precision:  0.32803790412486067
Valid recall:  0.5575556608242539
Valid f1:  0.41305492191612564
Valid AUC:  0.7681164446627443
Valid AUPRC:  0.3911065856918887
Valid mcc:  0.29640262855196303

========== Train epoch 14 ==========
========== Evaluate Train set ==========
Train loss:  0.22847773121453627
Train binary acc:  0.9046762937617198
Train AUC:  0.9828595756418583
Train AUPRC:  0.9178556042422111
========== Evaluate Valid set ==========
Valid loss:  1.0949844991538062
Valid binary acc:  0.731818495752469
Valid precision:  0.2976244860666971
Valid recall:  0.6172430127901468
Valid f1:  0.4016027122823239
Valid AUC:  0.7707521603404333
Valid AUPRC:  0.3888750853039812
Valid mcc:  0.2832368610677293

========== Train epoch 15 ==========
========== Evaluate Train set ==========
Train loss:  0.21415012059837915
Train binary acc:  0.9099731291925226
Train AUC:  0.9848852035825795
Train AUPRC:  0.9254401340147623
========== Evaluate Valid set ==========
Valid loss:  1.1872490166283365
Valid binary acc:  0.747634505145383
Valid precision:  0.3078455790784558
Valid recall:  0.5855045002368545
Valid f1:  0.40352595494613125
Valid AUC:  0.7656355041019045
Valid AUPRC:  0.3793070682029328
Valid mcc:  0.28443489829549046

========== Train epoch 16 ==========
========== Evaluate Train set ==========
Train loss:  0.20174309172517574
Train binary acc:  0.9323590249183243
Train AUC:  0.9863963555459666
Train AUPRC:  0.9333443157142747
========== Evaluate Valid set ==========
Valid loss:  1.310711012847388
Valid binary acc:  0.771945576351958
Valid precision:  0.32784041630529054
Valid recall:  0.5371861676930365
Valid f1:  0.407181328545781
Valid AUC:  0.7643394300660068
Valid AUPRC:  0.3809858534525129
Valid mcc:  0.28900363891794195

========== Train epoch 17 ==========
========== Evaluate Train set ==========
Train loss:  0.19301158800190976
Train binary acc:  0.9289566780722612
Train AUC:  0.9876623244510374
Train AUPRC:  0.9390850597839273
========== Evaluate Valid set ==========
Valid loss:  1.5369412483119254
Valid binary acc:  0.771393052006354
Valid precision:  0.3214179326779863
Valid recall:  0.5111321648507816
Valid f1:  0.394659839063643
Valid AUC:  0.7564538083028405
Valid AUPRC:  0.37451153987500907
Valid mcc:  0.2734036594645606

========== Train epoch 18 ==========
========== Evaluate Train set ==========
Train loss:  0.17528313195353815
Train binary acc:  0.9405555877747491
Train AUC:  0.9910267301696605
Train AUPRC:  0.9546585349500297
========== Evaluate Valid set ==========
Valid loss:  1.4852022573129455
Valid binary acc:  0.7740866081911735
Valid precision:  0.3300117233294256
Valid recall:  0.5333964945523448
Valid f1:  0.4077494115516929
Valid AUC:  0.7664880311839113
Valid AUPRC:  0.3882466571070951
Valid mcc:  0.2898396221703114

========== Train epoch 19 ==========
========== Evaluate Train set ==========
Train loss:  0.16085578828757063
Train binary acc:  0.9378105124784937
Train AUC:  0.9903058699280423
Train AUPRC:  0.9513119769676897
========== Evaluate Valid set ==========
Valid loss:  1.7269253185880717
Valid binary acc:  0.7709095932039506
Valid precision:  0.3192446043165468
Valid recall:  0.5045002368545712
Valid f1:  0.39104093996695427
Valid AUC:  0.7449898210752157
Valid AUPRC:  0.36668408876285874
Valid mcc:  0.26892059837140203

========== Train epoch 20 ==========
========== Evaluate Train set ==========
Train loss:  0.1488154772808601
Train binary acc:  0.9329003073711071
Train AUC:  0.9923086498142644
Train AUPRC:  0.9606721186282294
========== Evaluate Valid set ==========
Valid loss:  1.6744669531263523
Valid binary acc:  0.7514331100214103
Valid precision:  0.30275715800636266
Valid recall:  0.5409758408337281
Valid f1:  0.38823729389767125
Valid AUC:  0.7510099641316997
Valid AUPRC:  0.3747198937794156
Valid mcc:  0.2639885437554376

========== Train epoch 21 ==========
========== Evaluate Train set ==========
Train loss:  0.14429697976186034
Train binary acc:  0.9491001179222487
Train AUC:  0.9933784001694704
Train AUPRC:  0.9658309881511503
========== Evaluate Valid set ==========
Valid loss:  1.8556984622976673
Valid binary acc:  0.7829960632640376
Valid precision:  0.3365049159530606
Valid recall:  0.5026054002842255
Valid f1:  0.40311550151975684
Valid AUC:  0.7612631932285945
Valid AUPRC:  0.3854659020099475
Valid mcc:  0.28512566844759873

========== Train epoch 22 ==========
========== Evaluate Train set ==========
Train loss:  0.1374187929074416
Train binary acc:  0.9474376075315587
Train AUC:  0.9936673859288068
Train AUPRC:  0.9666234926919282
========== Evaluate Valid set ==========
Valid loss:  1.7983002731604363
Valid binary acc:  0.7783686718696042
Valid precision:  0.32982021078735274
Valid recall:  0.5040265277119849
Valid f1:  0.3987258759602773
Valid AUC:  0.7683614190867404
Valid AUPRC:  0.3906002847597707
Valid mcc:  0.27919940314510394

========== Train epoch 23 ==========
========== Evaluate Train set ==========
Train loss:  0.1315742655803732
Train binary acc:  0.9589591911693635
Train AUC:  0.9937831269541926
Train AUPRC:  0.9683836994360744
========== Evaluate Valid set ==========
Valid loss:  2.155482192760083
Valid binary acc:  0.7937702880033152
Valid precision:  0.34313373969164573
Valid recall:  0.4533396494552345
Valid f1:  0.3906122448979592
Valid AUC:  0.7609569177468115
Valid AUPRC:  0.38354193753585875
Valid mcc:  0.2731296620929213

========== Train epoch 24 ==========
========== Evaluate Train set ==========
Train loss:  0.12157036162815178
Train binary acc:  0.9566394092288658
Train AUC:  0.9954178884155293
Train AUPRC:  0.9759918124161385
========== Evaluate Valid set ==========
Valid loss:  1.9049641881416093
Valid binary acc:  0.7825126044616341
Valid precision:  0.33460803059273425
Valid recall:  0.4973945997157745
Valid f1:  0.40007620499142693
Valid AUC:  0.7670977670098658
Valid AUPRC:  0.38895834841325155
Valid mcc:  0.28143106774096105

========== Train epoch 25 ==========
========== Evaluate Train set ==========
Train loss:  0.11358644079403038
Train binary acc:  0.9638114017282375
Train AUC:  0.9956782355058571
Train AUPRC:  0.9773846121289378
========== Evaluate Valid set ==========
Valid loss:  2.246583700402459
Valid binary acc:  0.7965329097313351
Valid precision:  0.34889612739775605
Valid recall:  0.45665561345333966
Valid f1:  0.39556832170701683
Valid AUC:  0.7706977343466092
Valid AUPRC:  0.38668759347344017
Valid mcc:  0.2794813022458996

========== Train epoch 26 ==========
========== Evaluate Train set ==========
Train loss:  0.10958175098502569
Train binary acc:  0.9658412109261729
Train AUC:  0.9959214119709218
Train AUPRC:  0.9783394085267637
========== Evaluate Valid set ==========
Valid loss:  2.2624284972005815
Valid binary acc:  0.7958422542993301
Valid precision:  0.3443830570902394
Valid recall:  0.44291804831833254
Valid f1:  0.3874844591794447
Valid AUC:  0.760842416333344
Valid AUPRC:  0.3765039834775346
Valid mcc:  0.2703336350633006

========== Train epoch 27 ==========
========== Evaluate Train set ==========
Train loss:  0.10567457718279366
Train binary acc:  0.9675230528330337
Train AUC:  0.9959687513624154
Train AUPRC:  0.9786152002017662
========== Evaluate Valid set ==========
Valid loss:  2.381882721586014
Valid binary acc:  0.7986739415705505
Valid precision:  0.34830188679245283
Valid recall:  0.43723353860729514
Valid f1:  0.38773366939718545
Valid AUC:  0.7649583390274439
Valid AUPRC:  0.38128304341991626
Valid mcc:  0.2715991250222901

========== Train epoch 28 ==========
========== Evaluate Train set ==========
Train loss:  0.10444137359505401
Train binary acc:  0.9539329969649519
Train AUC:  0.9962263778141215
Train AUPRC:  0.9804991127585464
========== Evaluate Valid set ==========
Valid loss:  2.076091360245178
Valid binary acc:  0.7798190482768147
Valid precision:  0.33374498301945044
Valid recall:  0.5120795831359545
Valid f1:  0.4041121495327103
Valid AUC:  0.7716845645583444
Valid AUPRC:  0.39321327548454194
Valid mcc:  0.2858932259671446

========== Train epoch 29 ==========
========== Evaluate Train set ==========
Train loss:  0.10533768878307904
Train binary acc:  0.9580312783931644
Train AUC:  0.9967913987016951
Train AUPRC:  0.9831566412432287
========== Evaluate Valid set ==========
Valid loss:  2.099217257837751
Valid binary acc:  0.785137095103253
Valid precision:  0.3408656906429026
Valid recall:  0.50734249171009
Valid f1:  0.4077669902912621
Valid AUC:  0.7734229790605851
Valid AUPRC:  0.3940985245282109
Valid mcc:  0.2909949778815533

========== Train epoch 30 ==========
========== Evaluate Train set ==========
Train loss:  0.09224231321232093
Train binary acc:  0.9635020974695045
Train AUC:  0.997057459552334
Train AUPRC:  0.9843122105526877
========== Evaluate Valid set ==========
Valid loss:  2.2827204078880707
Valid binary acc:  0.7827198010912356
Valid precision:  0.32926426921807983
Valid recall:  0.472761724301279
Valid f1:  0.3881758070789576
Valid AUC:  0.7623684315753801
Valid AUPRC:  0.3842809073625562
Valid mcc:  0.2675042040012933

========== Train epoch 31 ==========
========== Evaluate Train set ==========
Train loss:  0.0888615368642192
Train binary acc:  0.9706160954203639
Train AUC:  0.9971832461201205
Train AUPRC:  0.9850664131507195
========== Evaluate Valid set ==========
Valid loss:  2.545444085971633
Valid binary acc:  0.7992264659161544
Valid precision:  0.34958427815570675
Valid recall:  0.438180956892468
Valid f1:  0.38890056758461217
Valid AUC:  0.7700344343036507
Valid AUPRC:  0.3882126234202328
Valid mcc:  0.27306654713386896

========== Train epoch 32 ==========
========== Evaluate Train set ==========
Train loss:  0.08939919824806157
Train binary acc:  0.9661118521525643
Train AUC:  0.9973856213899487
Train AUPRC:  0.9860331334259234
========== Evaluate Valid set ==========
Valid loss:  2.467837087254026
Valid binary acc:  0.7885213067200774
Valid precision:  0.33449356073790465
Valid recall:  0.4552344860255803
Valid f1:  0.38563402889245585
Valid AUC:  0.7645448585092685
Valid AUPRC:  0.3854219008630181
Valid mcc:  0.2660323159313109

========== Train epoch 33 ==========
========== Evaluate Train set ==========
Train loss:  0.08580920532387629
Train binary acc:  0.9716793288097586
Train AUC:  0.9977594318266929
Train AUPRC:  0.9880251984837527
========== Evaluate Valid set ==========
Valid loss:  2.548919850765769
Valid binary acc:  0.7963257131017335
Valid precision:  0.3456153279292557
Valid recall:  0.4443391757460919
Valid f1:  0.38880829015544044
Valid AUC:  0.7712115831384057
Valid AUPRC:  0.3898511006945509
Valid mcc:  0.2719494616617136

========== Train epoch 34 ==========
========== Evaluate Train set ==========
Train loss:  0.0849318126502555
Train binary acc:  0.9667884552185428
Train AUC:  0.9977319571494527
Train AUPRC:  0.9879715588238253
========== Evaluate Valid set ==========
Valid loss:  2.5247573189770995
Valid binary acc:  0.786518405967263
Valid precision:  0.33207676490747084
Valid recall:  0.45902415916627193
Valid f1:  0.3853648836746868
Valid AUC:  0.7649533790230805
Valid AUPRC:  0.385109045250857
Valid mcc:  0.26518838243272275

========== Train epoch 35 ==========
========== Evaluate Train set ==========
Train loss:  0.08123050007118045
Train binary acc:  0.9713120300025131
Train AUC:  0.997944827908079
Train AUPRC:  0.9890050839166639
========== Evaluate Valid set ==========
Valid loss:  2.591382146548869
Valid binary acc:  0.797914220595345
Valid precision:  0.3502388827636898
Valid recall:  0.4514448128848887
Valid f1:  0.39445364238410596
Valid AUC:  0.7713121237673911
Valid AUPRC:  0.390760075583936
Valid mcc:  0.27868356635492936

========== Train epoch 36 ==========
========== Evaluate Train set ==========
Train loss:  0.07707090656471889
Train binary acc:  0.9732258501034237
Train AUC:  0.9979346677830555
Train AUPRC:  0.9889460995083432
========== Evaluate Valid set ==========
Valid loss:  2.7559499273549264
Valid binary acc:  0.7985358104841495
Valid precision:  0.3465346534653465
Valid recall:  0.43107531975367125
Valid f1:  0.38420941524171415
Valid AUC:  0.7667710195409617
Valid AUPRC:  0.38233957315596817
Valid mcc:  0.2677355202212319

========== Train epoch 37 ==========
========== Evaluate Train set ==========
Train loss:  0.07454004063713975
Train binary acc:  0.974849697461772
Train AUC:  0.9981131875097116
Train AUPRC:  0.9898643126119614
========== Evaluate Valid set ==========
Valid loss:  2.7740044206825654
Valid binary acc:  0.7995717936321569
Valid precision:  0.3504725897920605
Valid recall:  0.4391283751776409
Valid f1:  0.38982338099243063
Valid AUC:  0.7725917857425191
Valid AUPRC:  0.3895775404321956
Valid mcc:  0.2741934347803536

========== Train epoch 38 ==========
========== Evaluate Train set ==========
Train loss:  0.07434458692108145
Train binary acc:  0.9741537628796226
Train AUC:  0.998087145115259
Train AUPRC:  0.9897421151930934
========== Evaluate Valid set ==========
Valid loss:  2.837496538882825
Valid binary acc:  0.7978451550521445
Valid precision:  0.3460377358490566
Valid recall:  0.43439128375177644
Valid f1:  0.3852131905061962
Valid AUC:  0.7675759765425115
Valid AUPRC:  0.38539393555353435
Valid mcc:  0.2685624451512963

========== Train epoch 39 ==========
========== Evaluate Train set ==========
Train loss:  0.07393061481799916
Train binary acc:  0.9756616211409461
Train AUC:  0.9979906469837941
Train AUPRC:  0.9891551523443454
========== Evaluate Valid set ==========
Valid loss:  2.9914148187459406
Valid binary acc:  0.8019890876441743
Valid precision:  0.3481927710843373
Valid recall:  0.4107058266224538
Valid f1:  0.3768745924798957
Valid AUC:  0.7611993451415398
Valid AUPRC:  0.37504001881934174
Valid mcc:  0.26136869200942514

========== Train epoch 40 ==========
========== Evaluate Train set ==========
Train loss:  0.07198909436411849
Train binary acc:  0.9716793288097586
Train AUC:  0.9983006307074722
Train AUPRC:  0.9908708449452004
========== Evaluate Valid set ==========
Valid loss:  2.799184236953508
Valid binary acc:  0.796394778644934
Valid precision:  0.34709535988308365
Valid recall:  0.45002368545712934
Valid f1:  0.3919141914191419
Valid AUC:  0.7719680316802946
Valid AUPRC:  0.3897666151546906
Valid mcc:  0.2753914989536402

========== Train epoch 41 ==========
========== Evaluate Train set ==========
Train loss:  0.06978133418649603
Train binary acc:  0.9775754412418566
Train AUC:  0.9983011267663889
Train AUPRC:  0.9907399823889791
========== Evaluate Valid set ==========
Valid loss:  3.01292554389185
Valid binary acc:  0.8049589060017956
Valid precision:  0.35642368103101085
Valid recall:  0.41923259118900996
Valid f1:  0.38528515454941226
Valid AUC:  0.7702717867904397
Valid AUPRC:  0.38576162765118677
Valid mcc:  0.2715360418125562

========== Train epoch 42 ==========
========== Evaluate Train set ==========
Train loss:  0.07092087675925442
Train binary acc:  0.972568578553616
Train AUC:  0.9984102401651778
Train AUPRC:  0.9913892034973073
========== Evaluate Valid set ==========
Valid loss:  2.856576740296919
Valid binary acc:  0.7948753366945231
Valid precision:  0.3438749545619775
Valid recall:  0.4481288488867835
Valid f1:  0.3891402714932127
Valid AUC:  0.7702543980492742
Valid AUPRC:  0.38924286716613765
Valid mcc:  0.27184001114754275

========== Train epoch 43 ==========
========== Evaluate Train set ==========
Train loss:  0.07067614289921488
Train binary acc:  0.9769761642405614
Train AUC:  0.9984404676200686
Train AUPRC:  0.9915568814901876
========== Evaluate Valid set ==========
Valid loss:  3.0499456880697564
Valid binary acc:  0.8031632018785828
Valid precision:  0.353431178103927
Valid recall:  0.42207484604452866
Valid f1:  0.38471502590673573
Valid AUC:  0.7701455843628183
Valid AUPRC:  0.3876953009629528
Valid mcc:  0.27014687497435025

========== Train epoch 44 ==========
========== Evaluate Train set ==========
Train loss:  0.06858352117749691
Train binary acc:  0.9766475284656576
Train AUC:  0.9985563763273418
Train AUPRC:  0.9921490777307019
========== Evaluate Valid set ==========
Valid loss:  3.0268638747841563
Valid binary acc:  0.8017818910145729
Valid precision:  0.35262135922330096
Valid recall:  0.43012790146849833
Valid f1:  0.38753734528382416
Valid AUC:  0.7715054107327907
Valid AUPRC:  0.390097219756929
Valid mcc:  0.2725761159150765

========== Train epoch 45 ==========
========== Evaluate Train set ==========
Train loss:  0.06694619008775954
Train binary acc:  0.9773627945639777
Train AUC:  0.9985842324808759
Train AUPRC:  0.9923293035419544
========== Evaluate Valid set ==========
Valid loss:  3.0048895807408575
Valid binary acc:  0.8042682505697907
Valid precision:  0.35817967830521774
Valid recall:  0.4324964471814306
Valid f1:  0.39184549356223175
Valid AUC:  0.7791819271382636
Valid AUPRC:  0.3973284365631439
Valid mcc:  0.278181191356234

========== Train epoch 46 ==========
========== Evaluate Train set ==========
Train loss:  0.06540266524525952
Train binary acc:  0.9759515938835083
Train AUC:  0.9985433139083183
Train AUPRC:  0.9920504666282539
========== Evaluate Valid set ==========
Valid loss:  3.080215442314077
Valid binary acc:  0.7988811382001519
Valid precision:  0.3474285714285714
Valid recall:  0.43202273803884417
Valid f1:  0.38513513513513514
Valid AUC:  0.768663079274888
Valid AUPRC:  0.3848798587252098
Valid mcc:  0.2688652417865359

========== Train epoch 47 ==========
========== Evaluate Train set ==========
Train loss:  0.06481447505977438
Train binary acc:  0.9754489744630671
Train AUC:  0.9986632623517273
Train AUPRC:  0.9927599711202149
========== Evaluate Valid set ==========
Valid loss:  3.0382564766193503
Valid binary acc:  0.7995027280889564
Valid precision:  0.35
Valid recall:  0.43770724774988157
Valid f1:  0.3889707430014734
Valid AUC:  0.7721490814148522
Valid AUPRC:  0.39051682100624163
Valid mcc:  0.2732439250623555

========== Train epoch 48 ==========
========== Evaluate Train set ==========
Train loss:  0.06280303908832902
Train binary acc:  0.9785806800827389
Train AUC:  0.9986618524265245
Train AUPRC:  0.9926828722785199
========== Evaluate Valid set ==========
Valid loss:  3.16447716239673
Valid binary acc:  0.8046135782857932
Valid precision:  0.355475040257649
Valid recall:  0.41828517290383704
Valid f1:  0.3843307943416757
Valid AUC:  0.770420165608226
Valid AUPRC:  0.38695589374578454
Valid mcc:  0.2703787665322033

========== Train epoch 49 ==========
========== Evaluate Train set ==========
Train loss:  0.06188582132608814
Train binary acc:  0.9793346092134007
Train AUC:  0.998684321799428
Train AUPRC:  0.9927983446018259
========== Evaluate Valid set ==========
Valid loss:  3.221912196323053
Valid binary acc:  0.8053732992609987
Valid precision:  0.3572870407751312
Valid recall:  0.41923259118900996
Valid f1:  0.38578901482127287
Valid AUC:  0.772210842086943
Valid AUPRC:  0.38765736823394825
Valid mcc:  0.27225137601344773

========== Train epoch 50 ==========
========== Evaluate Train set ==========
Train loss:  0.06397615818739329
Train binary acc:  0.9766281969494868
Train AUC:  0.9987295148627636
Train AUPRC:  0.9930702068231969
========== Evaluate Valid set ==========
Valid loss:  3.1254116038777937
Valid binary acc:  0.8014365632985704
Valid precision:  0.3527370855821126
Valid recall:  0.4334438654666035
Valid f1:  0.3889479277364506
Valid AUC:  0.7715807300268476
Valid AUPRC:  0.39118186406157057
Valid mcc:  0.27395168203206477


========== Fold 5 ==========
Train on 268 samples, validate on 66 samples
Fold 5 neg/pos weight: 5.2623

========== Train epoch 1 ==========
========== Evaluate Train set ==========
Train loss:  1.056345773276998
Train binary acc:  0.37580889836204084
Train AUC:  0.7966151070884738
Train AUPRC:  0.4456379626520507
========== Evaluate Valid set ==========
Valid loss:  0.5630196046197053
Valid binary acc:  0.36954214139126745
Valid precision:  0.1818013856812933
Valid recall:  0.9742574257425742
Valid f1:  0.30642273258077074
Valid AUC:  0.8132692765189325
Valid AUPRC:  0.43814443084958843
Valid mcc:  0.20086171818711357

========== Train epoch 2 ==========
========== Evaluate Train set ==========
Train loss:  0.6386452301113463
Train binary acc:  0.6892678149662999
Train AUC:  0.8316711140058413
Train AUPRC:  0.5090371320978604
========== Evaluate Valid set ==========
Valid loss:  0.5223880365039363
Valid binary acc:  0.7053994763286392
Valid precision:  0.3041491500639737
Valid recall:  0.8237623762376237
Valid f1:  0.4442664530770258
Valid AUC:  0.8333796458664939
Valid AUPRC:  0.47671360393385037
Valid mcc:  0.36605758601331223

========== Train epoch 3 ==========
========== Evaluate Train set ==========
Train loss:  0.5889528196916651
Train binary acc:  0.26209267046872897
Train AUC:  0.85735559414463
Train AUPRC:  0.5669998099349738
========== Evaluate Valid set ==========
Valid loss:  0.6647237941171183
Valid binary acc:  0.2656570660250513
Valid precision:  0.16228885476440638
Valid recall:  0.994059405940594
Valid f1:  0.2790245258111582
Valid AUC:  0.8396643955948729
Valid AUPRC:  0.5009885947063363
Valid mcc:  0.14659125571069248

========== Train epoch 4 ==========
========== Evaluate Train set ==========
Train loss:  0.5443184512542255
Train binary acc:  0.6555677170343914
Train AUC:  0.8641759228840191
Train AUPRC:  0.5872395452419719
========== Evaluate Valid set ==========
Valid loss:  0.5302328821836095
Valid binary acc:  0.6719977354751964
Valid precision:  0.28463185636633176
Valid recall:  0.8554455445544554
Valid f1:  0.4271412680756396
Valid AUC:  0.8258084664052237
Valid AUPRC:  0.444410645698616
Valid mcc:  0.35130940867245

========== Train epoch 5 ==========
========== Evaluate Train set ==========
Train loss:  0.5146517495610821
Train binary acc:  0.718551375847303
Train AUC:  0.8928539663040704
Train AUPRC:  0.6773895318615366
========== Evaluate Valid set ==========
Valid loss:  0.5472496291904738
Valid binary acc:  0.7041964475267143
Valid precision:  0.3005908419497784
Valid recall:  0.805940594059406
Valid f1:  0.4378698224852071
Valid AUC:  0.8206004932918362
Valid AUPRC:  0.4817246440440477
Valid mcc:  0.35504773307234483

========== Train epoch 6 ==========
========== Evaluate Train set ==========
Train loss:  0.4683923204220943
Train binary acc:  0.6189488641818846
Train AUC:  0.9091883559017536
Train AUPRC:  0.701570505077778
========== Evaluate Valid set ==========
Valid loss:  0.590070762191758
Valid binary acc:  0.6090864057745382
Valid precision:  0.2510656436487639
Valid recall:  0.8747524752475248
Valid f1:  0.3901523515124752
Valid AUC:  0.8193091379982684
Valid AUPRC:  0.49290379159204245
Valid mcc:  0.3076896712824483

========== Train epoch 7 ==========
========== Evaluate Train set ==========
Train loss:  0.4472626055688111
Train binary acc:  0.7348541582656452
Train AUC:  0.9239810469586983
Train AUPRC:  0.7281431229040247
========== Evaluate Valid set ==========
Valid loss:  0.5568546060134064
Valid binary acc:  0.7073809355318095
Valid precision:  0.3044201960421676
Valid recall:  0.8148514851485148
Valid f1:  0.44324761007136126
Valid AUC:  0.8278796135744364
Valid AUPRC:  0.4992382218605209
Valid mcc:  0.36318254935532684

========== Train epoch 8 ==========
========== Evaluate Train set ==========
Train loss:  0.4172448291262584
Train binary acc:  0.8021967471244503
Train AUC:  0.9367184174975359
Train AUPRC:  0.769634476019432
========== Evaluate Valid set ==========
Valid loss:  0.5647494790680481
Valid binary acc:  0.7383766187814026
Valid precision:  0.3235108398231951
Valid recall:  0.7608910891089109
Valid f1:  0.45399497858514254
Valid AUC:  0.8238412873984946
Valid AUPRC:  0.46720908991438337
Valid mcc:  0.3671354943401771

========== Train epoch 9 ==========
========== Evaluate Train set ==========
Train loss:  0.384561640099247
Train binary acc:  0.8628569234018857
Train AUC:  0.9423381946576115
Train AUPRC:  0.7943938374377817
========== Evaluate Valid set ==========
Valid loss:  0.7273429164832289
Valid binary acc:  0.8116198428985918
Valid precision:  0.4001244555071562
Valid recall:  0.6366336633663366
Valid f1:  0.4914023691249522
Valid AUC:  0.8184100698898229
Valid AUPRC:  0.4813547969514737
Valid mcc:  0.39866625874625794

========== Train epoch 10 ==========
========== Evaluate Train set ==========
Train loss:  0.34422734727276794
Train binary acc:  0.8524108531597442
Train AUC:  0.9586686547822034
Train AUPRC:  0.8408939928908861
========== Evaluate Valid set ==========
Valid loss:  0.6764473156495527
Valid binary acc:  0.7972542636756068
Valid precision:  0.3842148533844889
Valid recall:  0.694059405940594
Valid f1:  0.49461986240959604
Valid AUC:  0.8249858773343274
Valid AUPRC:  0.48227135870912496
Valid mcc:  0.4066956178861052

========== Train epoch 11 ==========
========== Evaluate Train set ==========
Train loss:  0.3140502838668094
Train binary acc:  0.8801582272404325
Train AUC:  0.9653455412664527
Train AUPRC:  0.858153545360754
========== Evaluate Valid set ==========
Valid loss:  0.7442306082582835
Valid binary acc:  0.8058877644894205
Valid precision:  0.39282537800177886
Valid recall:  0.655940594059406
Valid f1:  0.4913777118486928
Valid AUC:  0.8226834331934556
Valid AUPRC:  0.4797674202380734
Valid mcc:  0.3997388213069907

========== Train epoch 12 ==========
========== Evaluate Train set ==========
Train loss:  0.28013611433388136
Train binary acc:  0.8934846477331644
Train AUC:  0.9702929457362629
Train AUPRC:  0.8748255391793642
========== Evaluate Valid set ==========
Valid loss:  0.8066675366100037
Valid binary acc:  0.8166442573066308
Valid precision:  0.40611640907596186
Valid recall:  0.6113861386138614
Valid f1:  0.48804584074293617
Valid AUC:  0.8161127352517268
Valid AUPRC:  0.45786896271475513
Valid mcc:  0.39371611408962265

========== Train epoch 13 ==========
========== Evaluate Train set ==========
Train loss:  0.26154802588106535
Train binary acc:  0.8907963208326133
Train AUC:  0.9746215268912419
Train AUPRC:  0.8911112384502069
========== Evaluate Valid set ==========
Valid loss:  0.7915886893416896
Valid binary acc:  0.815158162904253
Valid precision:  0.4074421513445904
Valid recall:  0.6450495049504951
Valid f1:  0.4994250670755079
Valid AUC:  0.8242803367530213
Valid AUPRC:  0.49326194167658566
Valid mcc:  0.4086886980325584

========== Train epoch 14 ==========
========== Evaluate Train set ==========
Train loss:  0.24908675916437337
Train binary acc:  0.8940415154482785
Train AUC:  0.977564020761731
Train AUPRC:  0.9011911700150742
========== Evaluate Valid set ==========
Valid loss:  0.9004761686153484
Valid binary acc:  0.8077276908923643
Valid precision:  0.390991554582421
Valid recall:  0.6188118811881188
Valid f1:  0.47920260686218136
Valid AUC:  0.8065915038370324
Valid AUPRC:  0.4550218742349625
Valid mcc:  0.3831922481075467

========== Train epoch 15 ==========
========== Evaluate Train set ==========
Train loss:  0.23181661268445983
Train binary acc:  0.9137239088273134
Train AUC:  0.980548164299107
Train AUPRC:  0.9107572480442977
========== Evaluate Valid set ==========
Valid loss:  1.0268303874992963
Valid binary acc:  0.8232255325171609
Valid precision:  0.41315406976744184
Valid recall:  0.5628712871287128
Valid f1:  0.4765297569153395
Valid AUC:  0.8042036492477587
Valid AUPRC:  0.4538016231932581
Valid mcc:  0.37964201528832975

========== Train epoch 16 ==========
========== Evaluate Train set ==========
Train loss:  0.214983743719701
Train binary acc:  0.9204447260786912
Train AUC:  0.9834289640681176
Train AUPRC:  0.9199855883282089
========== Evaluate Valid set ==========
Valid loss:  1.0178158337419683
Valid binary acc:  0.8217394381147831
Valid precision:  0.4126706335316766
Valid recall:  0.5836633663366336
Valid f1:  0.4834939511995079
Valid AUC:  0.8094151785750783
Valid AUPRC:  0.46291497843875057
Valid mcc:  0.3879185068901703

========== Train epoch 17 ==========
========== Evaluate Train set ==========
Train loss:  0.1998320605828246
Train binary acc:  0.9491714192445802
Train AUC:  0.9856362686365429
Train AUPRC:  0.9314179228029569
========== Evaluate Valid set ==========
Valid loss:  1.3742265600823995
Valid binary acc:  0.8500459981600736
Valid precision:  0.47393364928909953
Valid recall:  0.44554455445544555
Valid f1:  0.45930084205154376
Valid AUC:  0.8051942592079371
Valid AUPRC:  0.45790370355277354
Valid mcc:  0.3725889337428051

========== Train epoch 18 ==========
========== Evaluate Train set ==========
Train loss:  0.18525718199784186
Train binary acc:  0.9400311077827064
Train AUC:  0.9877234920795398
Train AUPRC:  0.9412154297423756
========== Evaluate Valid set ==========
Valid loss:  1.2863696057236556
Valid binary acc:  0.8416955629467129
Valid precision:  0.451627284886313
Valid recall:  0.5014851485148515
Valid f1:  0.47525216983345064
Valid AUC:  0.8142601317352444
Valid AUPRC:  0.47607556111819016
Valid mcc:  0.3830670112206474

========== Train epoch 19 ==========
========== Evaluate Train set ==========
Train loss:  0.1755463481088405
Train binary acc:  0.9447932868636826
Train AUC:  0.9886062001215906
Train AUPRC:  0.9443351552743547
========== Evaluate Valid set ==========
Valid loss:  1.2830965539271182
Valid binary acc:  0.8388649069421839
Valid precision:  0.44520255863539443
Valid recall:  0.5168316831683168
Valid f1:  0.47835051546391755
Valid AUC:  0.8152849958020323
Valid AUPRC:  0.4701028583904971
Valid mcc:  0.38518386812943517

========== Train epoch 20 ==========
========== Evaluate Train set ==========
Train loss:  0.16681156245602377
Train binary acc:  0.9325037924611633
Train AUC:  0.9889906743326454
Train AUPRC:  0.9451696716738232
========== Evaluate Valid set ==========
Valid loss:  1.1840046680334844
Valid binary acc:  0.8264807869223693
Valid precision:  0.41964285714285715
Valid recall:  0.5584158415841585
Valid f1:  0.4791843670348343
Valid AUC:  0.8134350492269935
Valid AUPRC:  0.4675328243060854
Valid mcc:  0.3831358392905156

========== Train epoch 21 ==========
========== Evaluate Train set ==========
Train loss:  0.16155877201678925
Train binary acc:  0.9312556406859074
Train AUC:  0.9893909681077481
Train AUPRC:  0.9468834862520732
========== Evaluate Valid set ==========
Valid loss:  1.2309252845518517
Valid binary acc:  0.8085061212936098
Valid precision:  0.3855903935957305
Valid recall:  0.5722772277227722
Valid f1:  0.4607413312076524
Valid AUC:  0.7997499818101701
Valid AUPRC:  0.4278551023143656
Valid mcc:  0.35973556100055887

========== Train epoch 22 ==========
========== Evaluate Train set ==========
Train loss:  0.14970460113610573
Train binary acc:  0.9494786566046431
Train AUC:  0.9910397530338803
Train AUPRC:  0.9539200779102931
========== Evaluate Valid set ==========
Valid loss:  1.5414277683153297
Valid binary acc:  0.8356804189370887
Valid precision:  0.4299628942486085
Valid recall:  0.45891089108910893
Valid f1:  0.44396551724137934
Valid AUC:  0.7906723983025006
Valid AUPRC:  0.4361711688224766
Valid mcc:  0.34793495920909767

========== Train epoch 23 ==========
========== Evaluate Train set ==========
Train loss:  0.13726283855208044
Train binary acc:  0.9415288899130134
Train AUC:  0.9925668136003823
Train AUPRC:  0.9616591428253481
========== Evaluate Valid set ==========
Valid loss:  1.380392942690488
Valid binary acc:  0.8281084141249735
Valid precision:  0.4206441598758246
Valid recall:  0.5366336633663367
Valid f1:  0.47161192081792475
Valid AUC:  0.8073345890447355
Valid AUPRC:  0.45908465771929047
Valid mcc:  0.3746863836942037

========== Train epoch 24 ==========
========== Evaluate Train set ==========
Train loss:  0.1313128036259215
Train binary acc:  0.9542408356856193
Train AUC:  0.9933334304435284
Train AUPRC:  0.9658671522292189
========== Evaluate Valid set ==========
Valid loss:  1.5712890444379863
Valid binary acc:  0.8409171325454674
Valid precision:  0.4488330341113106
Valid recall:  0.49504950495049505
Valid f1:  0.4708097928436911
Valid AUC:  0.8064264464593598
Valid AUPRC:  0.4607525455465269
Valid mcc:  0.3780895142226577

========== Train epoch 25 ==========
========== Evaluate Train set ==========
Train loss:  0.12958776743721162
Train binary acc:  0.9570827812662019
Train AUC:  0.9936972694250864
Train AUPRC:  0.9670012173761426
========== Evaluate Valid set ==========
Valid loss:  1.611596718204744
Valid binary acc:  0.8426862925482981
Valid precision:  0.4534189995410739
Valid recall:  0.4891089108910891
Valid f1:  0.47058823529411764
Valid AUC:  0.8081930059490963
Valid AUPRC:  0.4599191414083463
Valid mcc:  0.37873582984945764

========== Train epoch 26 ==========
========== Evaluate Train set ==========
Train loss:  0.12393013011914358
Train binary acc:  0.9581005050214106
Train AUC:  0.9939280957424967
Train AUPRC:  0.9679607528486515
========== Evaluate Valid set ==========
Valid loss:  1.6639016209678217
Valid binary acc:  0.8417663293468262
Valid precision:  0.4471106758080313
Valid recall:  0.451980198019802
Valid f1:  0.44953225012309206
Valid AUC:  0.8017378645221471
Valid AUPRC:  0.4448557977217045
Valid mcc:  0.3571458653972311

========== Train epoch 27 ==========
========== Evaluate Train set ==========
Train loss:  0.12326408730152605
Train binary acc:  0.962229007047257
Train AUC:  0.9943755280813392
Train AUPRC:  0.9709584353188281
========== Evaluate Valid set ==========
Valid loss:  1.8019861093524732
Valid binary acc:  0.8469322765550916
Valid precision:  0.4623089088033738
Valid recall:  0.43415841584158416
Valid f1:  0.4477916773040592
Valid AUC:  0.804021975767059
Valid AUPRC:  0.44405956759643284
Valid mcc:  0.3592842820020349

========== Train epoch 28 ==========
========== Evaluate Train set ==========
Train loss:  0.11174749631309576
Train binary acc:  0.9613456996370758
Train AUC:  0.9949495883775265
Train AUPRC:  0.9736656163028679
========== Evaluate Valid set ==========
Valid loss:  1.7866408678166794
Valid binary acc:  0.8397848701436558
Valid precision:  0.44184938036224974
Valid recall:  0.45891089108910893
Valid f1:  0.4502185526954832
Valid AUC:  0.80248779646357
Valid AUPRC:  0.4497791554257758
Valid mcc:  0.35657486588998727

========== Train epoch 29 ==========
========== Evaluate Train set ==========
Train loss:  0.10880850567899422
Train binary acc:  0.9642260498876664
Train AUC:  0.9953553696755407
Train AUPRC:  0.9762968741885879
========== Evaluate Valid set ==========
Valid loss:  1.8259975284789547
Valid binary acc:  0.8430401245488642
Valid precision:  0.4544198895027624
Valid recall:  0.4886138613861386
Valid f1:  0.4708969465648855
Valid AUC:  0.8090027803870304
Valid AUPRC:  0.4561489738581629
Valid mcc:  0.37923495963794596

========== Train epoch 30 ==========
========== Evaluate Train set ==========
Train loss:  0.10506374716981133
Train binary acc:  0.9619601743572018
Train AUC:  0.9953403456237029
Train AUPRC:  0.9754139703065466
========== Evaluate Valid set ==========
Valid loss:  1.8422285487706012
Valid binary acc:  0.8366711485386739
Valid precision:  0.4338235294117647
Valid recall:  0.46732673267326735
Valid f1:  0.449952335557674
Valid AUC:  0.8002110020266332
Valid AUPRC:  0.44808717669161247
Valid mcc:  0.35454295507858213

========== Train epoch 31 ==========
========== Evaluate Train set ==========
Train loss:  0.10412874818890731
Train binary acc:  0.9643028592276821
Train AUC:  0.9957541260099474
Train AUPRC:  0.9777183388446118
========== Evaluate Valid set ==========
Valid loss:  1.943727956802556
Valid binary acc:  0.8394310381430896
Valid precision:  0.4397677793904209
Valid recall:  0.45
Valid f1:  0.44482505505260583
Valid AUC:  0.8026223194526536
Valid AUPRC:  0.44649463187003996
Valid mcc:  0.35101399643590087

========== Train epoch 32 ==========
========== Evaluate Train set ==========
Train loss:  0.10278349038588801
Train binary acc:  0.9668567697832057
Train AUC:  0.995794932076667
Train AUPRC:  0.9780190309990228
========== Evaluate Valid set ==========
Valid loss:  1.9809631705284119
Valid binary acc:  0.8493383341589413
Valid precision:  0.4716883116883117
Valid recall:  0.4495049504950495
Valid f1:  0.4603295310519645
Valid AUC:  0.8090418578642604
Valid AUPRC:  0.4590642835140664
Valid mcc:  0.37298269866075684

========== Train epoch 33 ==========
========== Evaluate Train set ==========
Train loss:  0.10123235761507679
Train binary acc:  0.9710620811490678
Train AUC:  0.9958702598010429
Train AUPRC:  0.9780347288292512
========== Evaluate Valid set ==========
Valid loss:  2.1727927069772375
Valid binary acc:  0.8496213997593942
Valid precision:  0.4702886247877759
Valid recall:  0.41138613861386136
Valid f1:  0.4388698177977291
Valid AUC:  0.799125171372723
Valid AUPRC:  0.4464287213362347
Valid mcc:  0.3535458331326034

========== Train epoch 34 ==========
========== Evaluate Train set ==========
Train loss:  0.09484026235625592
Train binary acc:  0.9715037348541583
Train AUC:  0.9963975057837173
Train AUPRC:  0.9808289923314069
========== Evaluate Valid set ==========
Valid loss:  2.0941487501064935
Valid binary acc:  0.8499752317599604
Valid precision:  0.47231450719822815
Valid recall:  0.42227722772277226
Valid f1:  0.4458964976476738
Valid AUC:  0.8041469542049572
Valid AUPRC:  0.44747586267508743
Valid mcc:  0.36020678063511824

========== Train epoch 35 ==========
========== Evaluate Train set ==========
Train loss:  0.09198449332781358
Train binary acc:  0.9708508554640244
Train AUC:  0.9966671610658264
Train AUPRC:  0.9823727634434679
========== Evaluate Valid set ==========
Valid loss:  2.0955788836334692
Valid binary acc:  0.849550633359281
Valid precision:  0.471627408993576
Valid recall:  0.43613861386138614
Valid f1:  0.4531893004115226
Valid AUC:  0.8058720040941424
Valid AUPRC:  0.4511403310762265
Valid mcc:  0.3664963125222024

========== Train epoch 36 ==========
========== Evaluate Train set ==========
Train loss:  0.09125789313980226
Train binary acc:  0.967336828158304
Train AUC:  0.9966923550336865
Train AUPRC:  0.9823180117758026
========== Evaluate Valid set ==========
Valid loss:  2.0569585737856952
Valid binary acc:  0.8415540301464864
Valid precision:  0.4465592972181552
Valid recall:  0.452970297029703
Valid f1:  0.44974195133939543
Valid AUC:  0.8045474983465649
Valid AUPRC:  0.45313306502941036
Valid mcc:  0.35721239246166014

========== Train epoch 37 ==========
========== Evaluate Train set ==========
Train loss:  0.08745431941725425
Train binary acc:  0.9703323924189181
Train AUC:  0.9965288161341725
Train AUPRC:  0.98136821335324
========== Evaluate Valid set ==========
Valid loss:  2.1314122439785437
Valid binary acc:  0.8435354893496568
Valid precision:  0.4500784108729744
Valid recall:  0.4262376237623762
Valid f1:  0.43783371472158655
Valid AUC:  0.7993967721022783
Valid AUPRC:  0.4402266701898989
Valid mcc:  0.3472060416637915

========== Train epoch 38 ==========
========== Evaluate Train set ==========
Train loss:  0.08845909330437877
Train binary acc:  0.9714845325191543
Train AUC:  0.9968348808697521
Train AUPRC:  0.9831547208533985
========== Evaluate Valid set ==========
Valid loss:  2.1908603459596634
Valid binary acc:  0.84580001415328
Valid precision:  0.45839874411302983
Valid recall:  0.43366336633663366
Valid f1:  0.4456881200712287
Valid AUC:  0.802108896175721
Valid AUPRC:  0.4483444874296892
Valid mcc:  0.35639641748497425

========== Train epoch 39 ==========
========== Evaluate Train set ==========
Train loss:  0.08529671617616802
Train binary acc:  0.9734815753595637
Train AUC:  0.9971628324956632
Train AUPRC:  0.9848612793892831
========== Evaluate Valid set ==========
Valid loss:  2.23409457143509
Valid binary acc:  0.8499044653598471
Valid precision:  0.47247956403269753
Valid recall:  0.4292079207920792
Valid f1:  0.44980544747081713
Valid AUC:  0.8054711942583904
Valid AUPRC:  0.4561676748169874
Valid mcc:  0.36369737563138815

========== Train epoch 40 ==========
========== Evaluate Train set ==========
Train loss:  0.08262771719531503
Train binary acc:  0.9702555830789024
Train AUC:  0.9973360714231582
Train AUPRC:  0.9857922981842706
========== Evaluate Valid set ==========
Valid loss:  2.1046780957417055
Valid binary acc:  0.8455877149529404
Valid precision:  0.4604105571847507
Valid recall:  0.46633663366336636
Valid f1:  0.4633546483030005
Valid AUC:  0.8082879609486835
Valid AUPRC:  0.46031011868661886
Valid mcc:  0.3731891697708827

========== Train epoch 41 ==========
========== Evaluate Train set ==========
Train loss:  0.08349580947073426
Train binary acc:  0.9743456804347409
Train AUC:  0.9971235130337983
Train AUPRC:  0.984582898816204
========== Evaluate Valid set ==========
Valid loss:  2.286065431255283
Valid binary acc:  0.8516736253626778
Valid precision:  0.47850678733031676
Valid recall:  0.4188118811881188
Valid f1:  0.44667370644139387
Valid AUC:  0.8035327715332841
Valid AUPRC:  0.4521025078924154
Valid mcc:  0.3625391027702077

========== Train epoch 42 ==========
========== Evaluate Train set ==========
Train loss:  0.08120416814753258
Train binary acc:  0.9735583846995794
Train AUC:  0.9972055414715546
Train AUPRC:  0.9850351961365156
========== Evaluate Valid set ==========
Valid loss:  2.260554643742966
Valid binary acc:  0.8509659613615456
Valid precision:  0.4766050054406964
Valid recall:  0.43366336633663366
Valid f1:  0.45412130637636083
Valid AUC:  0.803635574729135
Valid AUPRC:  0.45469383062257296
Valid mcc:  0.36859641177191593

========== Train epoch 43 ==========
========== Evaluate Train set ==========
Train loss:  0.0819977525267194
Train binary acc:  0.9720221978992646
Train AUC:  0.9974758754808343
Train AUPRC:  0.9865309020346988
========== Evaluate Valid set ==========
Valid loss:  2.187522518363866
Valid binary acc:  0.8493383341589413
Valid precision:  0.4715701617110068
Valid recall:  0.44752475247524753
Valid f1:  0.4592329184658369
Valid AUC:  0.8057624563546272
Valid AUPRC:  0.46501113170197383
Valid mcc:  0.3719512194651697

========== Train epoch 44 ==========
========== Evaluate Train set ==========
Train loss:  0.07876093860597475
Train binary acc:  0.9736735987096031
Train AUC:  0.9975323925702118
Train AUPRC:  0.9868127926981272
========== Evaluate Valid set ==========
Valid loss:  2.262217443775047
Valid binary acc:  0.8491968013587149
Valid precision:  0.4706193753308629
Valid recall:  0.4400990099009901
Valid f1:  0.45484778715784085
Valid AUC:  0.8059059107545632
Valid AUPRC:  0.4562013512914485
Valid mcc:  0.3677353118134082

========== Train epoch 45 ==========
========== Evaluate Train set ==========
Train loss:  0.07953199957768474
Train binary acc:  0.9726366726193905
Train AUC:  0.997377644149313
Train AUPRC:  0.9859406775682114
========== Evaluate Valid set ==========
Valid loss:  2.245405843086315
Valid binary acc:  0.8462246125539594
Valid precision:  0.4604651162790698
Valid recall:  0.4410891089108911
Valid f1:  0.45056890012642226
Valid AUC:  0.8036132155449877
Valid AUPRC:  0.453239375864625
Valid mcc:  0.3613316070829052

========== Train epoch 46 ==========
========== Evaluate Train set ==========
Train loss:  0.076881224723922
Train binary acc:  0.9733087543445283
Train AUC:  0.9973739345068838
Train AUPRC:  0.9858713854082704
========== Evaluate Valid set ==========
Valid loss:  2.2645880882487153
Valid binary acc:  0.84580001415328
Valid precision:  0.4585721730067744
Valid recall:  0.43564356435643564
Valid f1:  0.4468139121604468
Valid AUC:  0.8021759328521408
Valid AUPRC:  0.4533654650632805
Valid mcc:  0.3574550032867886

========== Train epoch 47 ==========
========== Evaluate Train set ==========
Train loss:  0.0765966599383183
Train binary acc:  0.9753249995199417
Train AUC:  0.9975804805276252
Train AUPRC:  0.9870413305013086
========== Evaluate Valid set ==========
Valid loss:  2.3073432752580354
Valid binary acc:  0.8525228221640365
Valid precision:  0.4826086956521739
Valid recall:  0.4396039603960396
Valid f1:  0.46010362694300516
Valid AUC:  0.8068092504073296
Valid AUPRC:  0.4582959682679945
Valid mcc:  0.3754634293774601

========== Train epoch 48 ==========
========== Evaluate Train set ==========
Train loss:  0.07739283593802421
Train binary acc:  0.9751713808399102
Train AUC:  0.9977352839061895
Train AUPRC:  0.9877641361247899
========== Evaluate Valid set ==========
Valid loss:  2.290518643278064
Valid binary acc:  0.8503290637605265
Valid precision:  0.474854420328216
Valid recall:  0.44405940594059407
Valid f1:  0.4589409056024559
Valid AUC:  0.8077983070786643
Valid AUPRC:  0.46448735275092246
Valid mcc:  0.3724881719023496

========== Train epoch 49 ==========
========== Evaluate Train set ==========
Train loss:  0.07474955408521164
Train binary acc:  0.9764579372851738
Train AUC:  0.9977140221593046
Train AUPRC:  0.9876951020273295
========== Evaluate Valid set ==========
Valid loss:  2.3595945128437243
Valid binary acc:  0.8524520557639232
Valid precision:  0.48230811105062604
Valid recall:  0.4386138613861386
Valid f1:  0.4594244231267825
Valid AUC:  0.8070479868150302
Valid AUPRC:  0.4636609719412463
Valid mcc:  0.3747794871320799

========== Train epoch 50 ==========
========== Evaluate Train set ==========
Train loss:  0.0760925235956518
Train binary acc:  0.974883345814851
Train AUC:  0.9977644252083822
Train AUPRC:  0.9879181049512962
========== Evaluate Valid set ==========
Valid loss:  2.306280639135476
Valid binary acc:  0.8514613261623382
Valid precision:  0.47908946532556906
Valid recall:  0.44801980198019803
Valid f1:  0.46303402404707084
Valid AUC:  0.8066956968176383
Valid AUPRC:  0.46587160044599774
Valid mcc:  0.37724103199129105


Best epoch: 5 7 3 5 3
Average AUC of 5 fold: 0.8192
Average AUPR of 5 fold: 0.4877


Training a full model using all training data...

Full model neg/pos weight: 5.4056

========== Train epoch 1 ==========
========== Evaluate Train set ==========
Train loss:  1.0887206347581155
Train binary acc:  0.725667593040116
Train AUC:  0.8154514938252272
Train AUPRC:  0.46066986844180413

========== Train epoch 2 ==========
========== Evaluate Train set ==========
Train loss:  0.6275257176446344
Train binary acc:  0.6863974142097632
Train AUC:  0.8476260054771365
Train AUPRC:  0.5338525881663502

========== Train epoch 3 ==========
========== Evaluate Train set ==========
Train loss:  0.5782691517365193
Train binary acc:  0.5680280328661189
Train AUC:  0.861064728730076
Train AUPRC:  0.5648750734806427

========== Train epoch 4 ==========
========== Evaluate Train set ==========
Train loss:  0.5557656525048668
Train binary acc:  0.5957890285161914
Train AUC:  0.868863314275509
Train AUPRC:  0.5854283434900193

========== Train epoch 5 ==========
========== Evaluate Train set ==========
Train loss:  0.5134747751101763
Train binary acc:  0.7521447559207347
Train AUC:  0.8934365137715818
Train AUPRC:  0.6491288855253861

========== Train epoch 6 ==========
========== Evaluate Train set ==========
Train loss:  0.4835307544130765
Train binary acc:  0.8109594006766554
Train AUC:  0.8958159616939558
Train AUPRC:  0.639470311096011

========== Train epoch 7 ==========
========== Evaluate Train set ==========
Train loss:  0.44271088474078807
Train binary acc:  0.7684267762203963
Train AUC:  0.9234646106320196
Train AUPRC:  0.7139402826063785

========== Train epoch 8 ==========
========== Evaluate Train set ==========
Train loss:  0.42103993234609416
Train binary acc:  0.8148108989850169
Train AUC:  0.9322086968286535
Train AUPRC:  0.7471673639379893

========== Train epoch 9 ==========
========== Evaluate Train set ==========
Train loss:  0.4103360911998563
Train binary acc:  0.7709189221846302
Train AUC:  0.9427517018249807
Train AUPRC:  0.7789698746852795

========== Train epoch 10 ==========
========== Evaluate Train set ==========
Train loss:  0.3680579973284356
Train binary acc:  0.8511207104881585
Train AUC:  0.9514370531097283
Train AUPRC:  0.8003573378998399

========== Train epoch 11 ==========
========== Evaluate Train set ==========
Train loss:  0.3431176800436959
Train binary acc:  0.834581923634606
Train AUC:  0.9572791595019045
Train AUPRC:  0.8185523279168001

========== Train epoch 12 ==========
========== Evaluate Train set ==========
Train loss:  0.33235898735503594
Train binary acc:  0.8834732962783953
Train AUC:  0.9645009865331838
Train AUPRC:  0.8481045839873613

========== Train epoch 13 ==========
========== Evaluate Train set ==========
Train loss:  0.30754282573115327
Train binary acc:  0.9099051474142098
Train AUC:  0.9627823483613805
Train AUPRC:  0.8370702113599566

========== Train epoch 14 ==========
========== Evaluate Train set ==========
Train loss:  0.29300781428635475
Train binary acc:  0.8389469550507491
Train AUC:  0.9720975479820194
Train AUPRC:  0.8749017461202899

========== Train epoch 15 ==========
========== Evaluate Train set ==========
Train loss:  0.2670768388507966
Train binary acc:  0.8907684871918802
Train AUC:  0.9732805242422752
Train AUPRC:  0.8838982717939207

========== Train epoch 16 ==========
========== Evaluate Train set ==========
Train loss:  0.25393506175208236
Train binary acc:  0.8496707346544224
Train AUC:  0.9802098178535126
Train AUPRC:  0.906362020874261

========== Train epoch 17 ==========
========== Evaluate Train set ==========
Train loss:  0.2382711799045701
Train binary acc:  0.9303105364910584
Train AUC:  0.9820295611483368
Train AUPRC:  0.9106884884119422

========== Train epoch 18 ==========
========== Evaluate Train set ==========
Train loss:  0.22110382206514925
Train binary acc:  0.9129712421459643
Train AUC:  0.9846051110175202
Train AUPRC:  0.9238773527292933

========== Train epoch 19 ==========
========== Evaluate Train set ==========
Train loss:  0.21190554946995602
Train binary acc:  0.9328933059449009
Train AUC:  0.9820314460196947
Train AUPRC:  0.9086800407014218

========== Train epoch 20 ==========
========== Evaluate Train set ==========
Train loss:  0.1994793015827765
Train binary acc:  0.8935476075398744
Train AUC:  0.9884121849222371
Train AUPRC:  0.9400246253799883

========== Train epoch 21 ==========
========== Evaluate Train set ==========
Train loss:  0.18880130534065875
Train binary acc:  0.9244653214113098
Train AUC:  0.9889551499527114
Train AUPRC:  0.9421144390609101

========== Train epoch 22 ==========
========== Evaluate Train set ==========
Train loss:  0.17807844010164994
Train binary acc:  0.9061442725954567
Train AUC:  0.9901771197597493
Train AUPRC:  0.9474763041294945

========== Train epoch 23 ==========
========== Evaluate Train set ==========
Train loss:  0.1720570336447326
Train binary acc:  0.952603914934751
Train AUC:  0.9891284550860835
Train AUPRC:  0.9432714235813848

========== Train epoch 24 ==========
========== Evaluate Train set ==========
Train loss:  0.15897255136581237
Train binary acc:  0.944478008699855
Train AUC:  0.9917708092291448
Train AUPRC:  0.9564516159552255

========== Train epoch 25 ==========
========== Evaluate Train set ==========
Train loss:  0.1556428094216048
Train binary acc:  0.9485258579023683
Train AUC:  0.9915987543273944
Train AUPRC:  0.9533297672001371

========== Train epoch 26 ==========
========== Evaluate Train set ==========
Train loss:  0.1500195638878929
Train binary acc:  0.9528002658289029
Train AUC:  0.9927451162905195
Train AUPRC:  0.9614940083836342

========== Train epoch 27 ==========
========== Evaluate Train set ==========
Train loss:  0.13604706605550593
Train binary acc:  0.9577996616723055
Train AUC:  0.9944184673326737
Train AUPRC:  0.9687615419985538

========== Train epoch 28 ==========
========== Evaluate Train set ==========
Train loss:  0.1345656611008603
Train binary acc:  0.947332648622523
Train AUC:  0.9945530655028277
Train AUPRC:  0.9699376620066091

========== Train epoch 29 ==========
========== Evaluate Train set ==========
Train loss:  0.12252946987380078
Train binary acc:  0.9624667713871435
Train AUC:  0.9955525235187617
Train AUPRC:  0.9752776709907696

========== Train epoch 30 ==========
========== Evaluate Train set ==========
Train loss:  0.1255317025171024
Train binary acc:  0.9603069115514742
Train AUC:  0.9954515664494852
Train AUPRC:  0.9747925314247562

========== Train epoch 31 ==========
========== Evaluate Train set ==========
Train loss:  0.11647388114577192
Train binary acc:  0.9710457950700822
Train AUC:  0.9958504223718787
Train AUPRC:  0.9768066339184132

========== Train epoch 32 ==========
========== Evaluate Train set ==========
Train loss:  0.10802657269833688
Train binary acc:  0.9533137989366844
Train AUC:  0.9966077060204394
Train AUPRC:  0.9813666688132779

========== Train epoch 33 ==========
========== Evaluate Train set ==========
Train loss:  0.1074965381214094
Train binary acc:  0.9739306428226197
Train AUC:  0.9972544792370398
Train AUPRC:  0.9848036052603295

========== Train epoch 34 ==========
========== Evaluate Train set ==========
Train loss:  0.09539047751609168
Train binary acc:  0.9786883760270663
Train AUC:  0.9977131237637598
Train AUPRC:  0.9874136450789956

========== Train epoch 35 ==========
========== Evaluate Train set ==========
Train loss:  0.09480341503251634
Train binary acc:  0.9637657080715322
Train AUC:  0.9976590088213573
Train AUPRC:  0.9865503586809802

========== Train epoch 36 ==========
========== Evaluate Train set ==========
Train loss:  0.09125954484633968
Train binary acc:  0.978703479942001
Train AUC:  0.9975979076469901
Train AUPRC:  0.9868274928437117

========== Train epoch 37 ==========
========== Evaluate Train set ==========
Train loss:  0.08740386197867686
Train binary acc:  0.9813315611406477
Train AUC:  0.9980751904951255
Train AUPRC:  0.9892982393288717

========== Train epoch 38 ==========
========== Evaluate Train set ==========
Train loss:  0.08661965271569565
Train binary acc:  0.9749728129531174
Train AUC:  0.9985319813196972
Train AUPRC:  0.991594102882466

========== Train epoch 39 ==========
========== Evaluate Train set ==========
Train loss:  0.08069670093273688
Train binary acc:  0.9834763170613823
Train AUC:  0.9977768717234926
Train AUPRC:  0.9877376136773945

========== Train epoch 40 ==========
========== Evaluate Train set ==========
Train loss:  0.0755462395612842
Train binary acc:  0.9742478250362494
Train AUC:  0.9985308808734427
Train AUPRC:  0.9918550630142504

========== Train epoch 41 ==========
========== Evaluate Train set ==========
Train loss:  0.07137903688520104
Train binary acc:  0.9765889318511358
Train AUC:  0.9984381247694863
Train AUPRC:  0.9912407106790442

========== Train epoch 42 ==========
========== Evaluate Train set ==========
Train loss:  0.06947435325424293
Train binary acc:  0.9818601981633639
Train AUC:  0.9986819822741677
Train AUPRC:  0.9925416758339795

========== Train epoch 43 ==========
========== Evaluate Train set ==========
Train loss:  0.06749307950624003
Train binary acc:  0.9832648622522958
Train AUC:  0.9987657451953981
Train AUPRC:  0.9932176394264975

========== Train epoch 44 ==========
========== Evaluate Train set ==========
Train loss:  0.0643424809782091
Train binary acc:  0.9882793620106332
Train AUC:  0.9990235015700415
Train AUPRC:  0.9946526365474695

========== Train epoch 45 ==========
========== Evaluate Train set ==========
Train loss:  0.06534356634344482
Train binary acc:  0.9814221846302562
Train AUC:  0.9989568479473427
Train AUPRC:  0.9942067121828321

========== Train epoch 46 ==========
========== Evaluate Train set ==========
Train loss:  0.06074501419562601
Train binary acc:  0.9879017641372644
Train AUC:  0.9992637373857517
Train AUPRC:  0.9959674317883939

========== Train epoch 47 ==========
========== Evaluate Train set ==========
Train loss:  0.06291170420493195
Train binary acc:  0.9835820444659256
Train AUC:  0.9991185763168533
Train AUPRC:  0.9952365162755686

========== Train epoch 48 ==========
========== Evaluate Train set ==========
Train loss:  0.05368946164338933
Train binary acc:  0.9896538182696955
Train AUC:  0.9992413864651711
Train AUPRC:  0.995875845450036

========== Train epoch 49 ==========
========== Evaluate Train set ==========
Train loss:  0.055771482839321575
Train binary acc:  0.9884455050749155
Train AUC:  0.9990898928518945
Train AUPRC:  0.9950975577510682

========== Train epoch 50 ==========
========== Evaluate Train set ==========
Train loss:  0.05176342963966022
Train binary acc:  0.9884304011599807
Train AUC:  0.9993318273895175
Train AUPRC:  0.9964416018655643
