gate_value,label,rsa
0.8681337,0.0,0.6550317
0.75057375,0.0,0.68264794
0.7960671,0.0,0.14853807
0.7910864,0.0,0.00011903637
0.8471731,0.0,0.5629487
0.8777704,0.0,0.4330095
0.83590174,0.0,0.06862725
0.90052915,0.0,0.41639924
0.51210225,0.0,0.12953115
0.6540713,0.0,0.36513853
0.576178,0.0,0.27131054
0.52221596,0.0,0.18273422
0.84750944,0.0,0.13437858
0.54502344,0.0,0.28580278
0.2876712,0.0,0.021384876
0.93269455,0.0,0.506639
0.9540525,0.0,0.35026097
0.82349247,0.0,0.015787533
0.7578163,0.0,0.11749167
0.9252176,0.0,0.45759842
0.8728551,0.0,0.0034583278
0.7437557,0.0,0.023059199
0.9068774,0.0,0.35649335
0.81227976,0.0,0.213716
0.95405394,0.0,0.0
0.9532348,0.0,0.22733074
0.88582885,0.0,0.58735996
0.91495174,0.0,0.33594397
0.8863442,0.0,0.16696185
0.9617623,0.0,0.5215868
0.969973,0.0,0.78002983
0.97356826,0.0,0.1348709
0.9852202,0.0,0.012481228
0.7763607,0.0,0.32864422
0.94905853,0.0,0.28516537
0.84597546,0.0,0.2740009
0.7256921,0.0,0.4177942
0.7826537,0.0,0.13988493
0.87846893,0.0,0.18474054
0.9568947,0.0,0.3500578
0.84367645,0.0,0.04164115
0.33786,0.0,0.3877582
0.6861065,0.0,0.43416354
0.91896445,0.0,0.43487942
0.81456715,0.0,0.24831234
0.95249754,0.0,0.23941967
0.75917673,0.0,0.0
0.9683805,0.0,0.13708156
0.9335118,0.0,9.5585085e-05
0.61351556,0.0,0.0058791623
0.9542773,0.0,0.28479794
0.83155394,0.0,0.0
0.9784338,0.0,0.10296234
0.87094176,0.0,0.251281
0.93464273,0.0,0.35525116
0.9316572,0.0,0.60633004
0.9501547,0.0,0.6468388
0.94640285,0.0,0.7350701
0.9234714,0.0,0.19271669
0.91931117,0.0,0.25368646
0.9663109,0.0,0.0
0.85804653,0.0,0.0
0.6731832,0.0,0.0
0.56966937,0.0,0.0035688253
0.09416578,0.0,0.005641527
0.19840619,0.0,0.0
0.21318075,0.0,0.00038965628
0.52423126,0.0,0.015053507
0.10100568,1.0,0.013772575
0.29252908,0.0,0.0
0.3022629,1.0,0.099930696
0.2445595,1.0,0.020372668
0.4241224,0.0,0.112828925
0.43940285,0.0,0.015053259
0.71990126,0.0,0.0
0.40647948,0.0,0.0053144093
0.29557884,0.0,0.09836554
0.55532926,0.0,0.0
0.8264723,0.0,0.0
0.7495857,0.0,0.024145532
0.8358121,0.0,0.101070546
0.8774099,0.0,0.0018664243
0.88698226,0.0,0.0
0.95171714,0.0,0.101379596
0.94362646,0.0,0.22942203
0.7259278,0.0,0.0038334236
0.89750963,0.0,0.109961696
0.9598434,0.0,0.45007485
0.954492,0.0,0.12504728
0.9256354,0.0,0.24984059
0.959646,0.0,0.47771278
0.90516603,0.0,0.6621802
0.90738547,0.0,0.28574666
0.88727343,0.0,0.6822861
0.93982774,0.0,0.35924834
0.89479303,0.0,0.0032891133
0.94881874,0.0,0.17145947
0.95190686,0.0,0.38840422
0.7944194,0.0,0.0012337532
0.91804594,0.0,0.0
0.9144493,0.0,0.34429643
0.50513494,0.0,0.366093
0.671918,0.0,0.014281696
0.82935464,0.0,0.03482257
0.6773054,0.0,0.0006642811
0.8787912,0.0,0.027031034
0.84834665,0.0,0.0041170046
0.23859379,0.0,2.770007e-05
0.34303486,0.0,0.017302074
0.3653256,0.0,0.025203949
0.49610072,0.0,0.005724852
0.18643786,0.0,0.0030168872
0.70115966,0.0,0.0
0.8318202,0.0,0.009646899
0.33086655,0.0,0.0
0.545037,0.0,0.01987314
0.9390765,0.0,0.16334777
0.76380837,0.0,0.1611604
0.54545575,0.0,0.035105594
0.8795148,0.0,0.2999183
0.7956807,0.0,0.56989706
0.67615855,0.0,0.56017166
0.24029785,1.0,0.30187273
0.58261395,0.0,0.21558842
0.5097041,1.0,0.3794167
0.71687907,0.0,0.12063775
0.17672823,1.0,0.077608384
0.3778471,0.0,0.018483438
0.6175073,0.0,0.00074214395
0.59367186,0.0,0.13755575
0.7306977,0.0,0.06433887
0.78293645,0.0,0.5311617
0.51501036,0.0,0.038071573
0.36958426,0.0,0.56327736
0.12130561,0.0,0.9009068
0.2525633,0.0,0.2494789
0.08240414,0.0,0.9042013
0.6219014,0.0,0.23529369
0.35534355,0.0,0.32829237
0.3924965,0.0,0.005386957
0.78868246,0.0,0.024404744
0.18421488,0.0,0.0
0.8411941,0.0,0.0046760966
0.1118468,0.0,0.10835992
0.23741865,0.0,0.028358663
0.29660496,0.0,0.0
0.6596816,0.0,0.000472627
0.5451919,0.0,0.44875818
0.72263193,0.0,0.0787361
0.48060232,0.0,0.16787173
0.46282092,0.0,0.2035319
0.6272646,0.0,0.3566019
0.29729313,0.0,0.4907188
0.4122859,0.0,0.49657303
0.5555692,0.0,0.19895189
0.6796909,0.0,0.22486198
0.4331039,0.0,0.17128542
0.40389577,0.0,0.5676232
0.29039708,0.0,0.3840943
0.5603159,0.0,0.18447618
0.8304638,1.0,0.4210133
0.6358493,1.0,0.18474704
0.16129614,1.0,0.33083156
0.14351586,1.0,0.2262932
0.40969473,0.0,0.022840925
0.3745958,0.0,0.10644936
0.4781435,0.0,0.008253984
0.4225287,0.0,0.53275037
0.7756978,0.0,0.5109873
0.6853728,0.0,0.17720503
0.57501316,0.0,0.14284045
0.76561725,0.0,0.2244787
0.7656091,0.0,0.041168384
0.8797398,0.0,0.34930998
0.7975774,0.0,0.014801263
0.91253,0.0,0.0051692794
0.9461517,0.0,0.35651806
0.9227319,0.0,0.043829445
0.8011988,0.0,0.00499363
0.80510324,0.0,0.05079943
0.98056567,0.0,0.34580994
0.8867918,0.0,0.106514275
0.7749179,0.0,0.066470616
0.85426575,0.0,0.60546774
0.93525827,0.0,0.64694214
0.6768707,0.0,0.16975622
0.88425773,0.0,0.5790893
0.92732644,0.0,0.20826942
0.949614,0.0,0.03620911
0.79055625,0.0,0.32113823
0.86977804,0.0,0.0
0.339126,0.0,0.00032486167
0.6004309,0.0,0.0
0.35477915,0.0,0.0077351974
0.66557175,0.0,0.00027755552
0.13205247,1.0,0.035573866
0.3576741,1.0,0.027617149
0.25836504,1.0,0.26068047
0.38069448,1.0,0.2091998
0.16398354,0.0,0.092978016
0.17500319,1.0,0.076892786
0.69832873,0.0,0.00020364499
0.5098423,0.0,0.019387996
0.76437414,0.0,0.01332864
0.44170627,0.0,0.006416293
0.6488269,0.0,0.10027788
0.29900044,0.0,0.0
0.6673535,0.0,0.19588149
0.5651085,0.0,0.26528987
0.3058484,0.0,0.61948454
0.63438493,0.0,0.4593142
0.62830395,0.0,0.60320544
0.8800313,0.0,0.025092583
0.7797107,0.0,0.7235746
0.8990516,0.0,0.21532181
0.60049915,0.0,0.26197094
0.93014795,0.0,0.5351661
0.91821647,0.0,0.21463871
0.7752733,0.0,0.0
0.90465754,0.0,0.19655395
0.82805246,0.0,0.45837104
0.9117535,0.0,0.04021387
0.6736691,0.0,0.0
0.9025093,0.0,0.47260815
0.9203984,0.0,0.37218186
0.8460271,0.0,0.0
0.7373389,0.0,0.08738569
0.7671655,0.0,0.49717498
0.8756279,0.0,0.21686132
0.5968138,0.0,0.0012442069
0.6103854,0.0,0.25258335
0.61930346,0.0,0.5680378
0.20266904,0.0,0.3900949
0.31172764,0.0,0.4060248
0.4590386,0.0,0.4089858
0.450721,0.0,0.10487004
0.6708115,0.0,0.7103805
0.5931533,0.0,0.058880284
0.41474682,0.0,0.55564165
0.85190177,0.0,0.28454438
0.44936052,0.0,0.061736543
0.61002654,0.0,0.066861875
0.55327773,0.0,0.059094545
0.33413103,0.0,0.15425159
0.7637899,1.0,0.6895303
0.51854724,1.0,0.23610428
0.09795045,1.0,0.30021754
0.25371882,1.0,0.44591278
0.32472637,0.0,0.29912084
0.3753007,0.0,0.030498782
0.3220338,0.0,0.00039496893
0.5192174,0.0,0.0
0.24709103,0.0,0.014782471
0.3810815,0.0,0.015599044
0.17772366,0.0,0.013556862
0.37917966,0.0,0.004667864
0.8058871,0.0,0.04674095
0.8743165,0.0,0.0
0.7220529,0.0,0.0906434
0.61578983,0.0,0.44417608
0.9174995,0.0,0.39985234
0.9407913,0.0,0.57957315
0.96140164,0.0,0.03926243
0.86114913,0.0,0.28757814
0.91363287,0.0,0.022234337
0.7334361,0.0,0.0
0.7951688,0.0,5.0241775e-05
0.37187657,0.0,0.061696563
0.798739,0.0,0.0016144882
0.3921264,1.0,0.08783565
0.47857806,0.0,0.00082099455
0.37040827,0.0,0.10276218
0.38195932,0.0,0.09033023
0.6138538,1.0,0.57987404
0.5006901,1.0,0.36306536
0.15329239,1.0,0.71230316
0.40223354,0.0,0.34635463
0.20514008,0.0,0.06691706
0.55085564,1.0,0.14446162
0.18067397,0.0,0.49712604
0.37141943,0.0,0.016421415
0.7567272,0.0,0.26348552
0.820546,0.0,0.2599855
0.59892106,0.0,0.580837
0.46111956,0.0,0.2030131
0.96407884,0.0,1.8224277e-05
0.9299152,0.0,0.23021008
0.7628691,0.0,0.21136114
0.7969109,0.0,0.0010771157
0.9046748,0.0,0.0
0.8269041,0.0,0.35921314
0.56119907,0.0,0.0014312799
0.706792,0.0,0.00093780394
0.8215809,0.0,0.016134264
0.7845752,0.0,0.2596199
0.673402,0.0,0.001655146
0.74252367,0.0,0.0
0.8809366,0.0,0.1509431
0.9133444,0.0,0.16175023
0.75096214,0.0,0.00015908813
0.8811226,0.0,0.0
0.9734697,0.0,0.30130032
0.8408223,0.0,0.17446502
0.89916414,0.0,0.031332456
0.94026566,0.0,0.18753216
0.94408065,0.0,0.5045935
0.9142312,0.0,0.39508277
0.8942068,0.0,0.9883398
0.7839126,0.0,0.66800034
0.8906569,0.0,0.5134894
0.9768321,0.0,0.16506518
0.94984204,0.0,0.5797796
0.9378237,0.0,0.0
0.9133622,0.0,0.09006069
0.699386,0.0,0.011111732
0.9070494,0.0,0.19827956
0.723504,0.0,0.08644884
0.8422627,0.0,0.39086682
0.42438826,0.0,0.8289399
0.61102873,0.0,0.58402884
0.8339997,0.0,0.6371563
0.7138244,0.0,0.2610334
0.874997,0.0,0.5660359
0.7562355,0.0,0.256316
0.8933004,0.0,0.45049268
0.8243443,0.0,0.0044642696
0.9216082,0.0,0.4057589
0.97256684,0.0,0.0
0.90687823,0.0,0.28420776
0.8198151,0.0,0.3411695
0.5064983,0.0,0.58704937
0.76102847,0.0,0.14069648
0.44889957,1.0,0.19903259
0.72194636,0.0,0.0
0.07374687,0.0,0.0
0.051662866,0.0,0.22171827
0.86267865,0.0,0.0
0.6581548,0.0,0.0
0.29790312,0.0,0.2349456
0.56627303,0.0,0.5820364
0.80577713,0.0,0.3211434
0.6839273,0.0,0.60486543
0.90980506,0.0,0.2672913
0.39322162,0.0,0.6731884
0.50050014,0.0,0.08846967
0.18014851,0.0,0.2467178
0.24815242,0.0,0.392032
0.053394075,0.0,0.5087932
0.23930484,0.0,0.3254099
0.18052271,1.0,0.32190093
0.08033435,1.0,0.48588157
0.16980962,0.0,0.006403482
0.023487257,1.0,0.474383
0.48939654,1.0,0.19744189
0.16014038,1.0,0.0111708725
0.1361964,0.0,0.2055245
0.59589565,0.0,0.039862573
0.5461661,0.0,0.001155411
0.78574896,0.0,0.0007992741
0.7433665,0.0,0.23936611
0.8094671,0.0,0.2101118
0.6879147,0.0,0.52460617
0.6103738,0.0,0.3684437
0.87489974,0.0,0.3098546
0.8433926,0.0,0.43819353
0.90434974,0.0,0.17633773
0.8282957,1.0,0.29707178
0.272719,0.0,0.079288416
0.83555716,1.0,0.6285775
0.4372758,1.0,0.39934027
0.32173395,1.0,0.11768259
0.20486747,1.0,0.5586439
0.06329595,1.0,0.27061793
0.3415132,1.0,0.047950484
0.1253574,1.0,0.3989484
0.31853518,1.0,0.6194848
0.33086073,1.0,0.5998393
0.24798423,1.0,0.20560959
0.33392024,0.0,0.34028375
0.34658197,0.0,0.671039
0.4774071,0.0,0.37516683
0.6704568,0.0,0.114673264
0.6053531,0.0,0.09360562
0.57507324,0.0,0.0016068312
0.053577323,0.0,0.00081583374
0.083945334,0.0,0.01835889
0.5401976,0.0,0.028486226
0.056812037,1.0,0.042568292
0.7175782,0.0,0.0
0.6116506,0.0,0.2194301
0.90864885,0.0,0.005798101
0.86349154,0.0,0.4007649
0.8622236,0.0,0.21333621
0.9524395,0.0,0.41635704
0.94343036,0.0,0.010502776
0.95997936,0.0,0.24726498
0.8691006,0.0,0.0
0.6737794,0.0,0.15204906
0.41132218,0.0,0.043129686
0.24505576,0.0,0.3635031
0.51522034,0.0,0.12012817
0.10832065,1.0,0.2514665
0.15148705,0.0,0.64005136
0.315534,0.0,0.23585239
0.16782631,0.0,0.20871799
0.2524024,1.0,0.8756471
0.8973018,0.0,0.912636
0.63463205,0.0,0.2468158
0.85068035,0.0,0.31103036
0.8547798,0.0,0.58511764
0.813774,0.0,0.32698014
0.852497,0.0,0.36393076
0.7298902,0.0,0.25777775
0.82128394,0.0,0.009619588
0.6085307,0.0,0.00344513
0.7590727,0.0,0.0
0.65673083,0.0,0.0
0.76518035,0.0,0.008800227
0.66658264,0.0,0.0
0.53178066,0.0,0.25234646
0.6752754,0.0,0.26192802
0.7029543,0.0,0.5942645
0.772773,0.0,0.5479368
0.6936143,0.0,0.0005380969
0.8697243,0.0,0.17895013
0.87514025,0.0,0.30633464
0.66843575,0.0,0.004553889
0.8828423,0.0,0.29770628
0.9675598,0.0,0.28559905
0.6861835,0.0,0.00036758807
0.9198226,0.0,0.0397131
0.9251114,0.0,0.43468362
0.927489,0.0,0.24424048
0.73321784,0.0,0.5168245
0.7566128,0.0,0.17186263
0.9383789,0.0,0.035650726
0.54790884,0.0,0.26463726
0.79511505,0.0,0.016574223
0.92655545,0.0,0.0
0.76057786,0.0,0.013187303
0.834064,0.0,0.00060069456
0.52683854,0.0,0.0
0.6352268,0.0,0.028747713
0.63595617,0.0,0.0038762954
0.64258754,0.0,0.18892756
0.8982026,0.0,0.3070697
0.8253366,0.0,0.023935271
0.71333945,0.0,0.09436835
0.63917106,0.0,0.5591828
0.62723744,0.0,0.33056808
0.78535295,0.0,0.42187852
0.8300139,0.0,0.6691725
0.8939923,0.0,0.21319838
0.8919803,0.0,0.38752434
0.89162123,0.0,0.13919199
0.8461144,0.0,0.26040083
0.7968163,0.0,0.036299646
0.6948359,0.0,0.23621479
0.85224193,0.0,0.62160003
0.7854453,0.0,0.086011305
0.8868296,0.0,0.48199284
0.8620916,0.0,0.41541916
0.90009826,0.0,0.6592835
0.7675659,0.0,0.30130532
0.84860903,0.0,0.021039309
0.86203,0.0,0.07931768
0.90290475,0.0,0.411622
0.83426327,0.0,0.02558034
0.86822236,0.0,0.0
0.933839,0.0,0.39377514
0.9641637,0.0,0.20217629
0.8346295,0.0,0.0
0.8772091,0.0,0.22013515
0.84610057,0.0,0.5505091
0.93043774,0.0,0.5645199
0.8876135,0.0,0.56998914
0.94513583,0.0,0.07812072
0.7018098,0.0,0.17546675
0.93635553,0.0,0.0
0.75127923,0.0,0.018527692
0.6540875,0.0,0.0004890125
0.5528758,0.0,0.0
0.788248,0.0,0.0
0.47739428,0.0,0.0019070443
0.5897369,0.0,0.015570088
0.540791,0.0,0.36816132
0.5940311,0.0,0.35933733
0.53038895,0.0,0.72069436
0.5080789,0.0,0.37976104
0.72470266,0.0,0.053897902
0.6355214,0.0,0.29597917
0.7463505,0.0,2.3365565e-05
0.6992384,0.0,0.38150185
0.6889037,0.0,0.2548461
0.8427419,0.0,0.42823777
0.92279106,0.0,0.5390775
0.8911484,0.0,0.0057103774
0.83907545,0.0,0.0
0.75778174,0.0,0.29785785
0.89575684,0.0,0.28476363
0.7550694,0.0,0.0011089594
0.91918516,0.0,0.04524959
0.89816207,0.0,0.3558212
0.84418404,0.0,0.17155324
0.7986388,0.0,0.00087444345
0.88033867,0.0,0.19763888
0.8614122,0.0,0.12627219
0.8147566,0.0,0.014961347
0.6396066,0.0,0.018770173
0.77781755,0.0,0.01876845
0.8337363,0.0,0.28692427
0.9225038,0.0,0.080910176
0.82558995,0.0,0.6851584
0.81311965,0.0,0.47501433
0.8099157,0.0,0.9235179
0.80320233,0.0,0.55231744
0.84871054,0.0,0.19766718
0.90755045,0.0,0.6784935
0.73467314,0.0,0.22369711
0.8625576,0.0,0.352769
0.8662651,0.0,0.04264445
0.7738315,0.0,0.35678825
0.89292985,0.0,0.5728574
0.9797162,0.0,0.015993135
0.84396094,0.0,0.26536262
0.5697208,0.0,0.0054488024
0.59122616,0.0,0.07306399
0.56956214,0.0,0.0
0.97427034,0.0,0.0
0.54436487,0.0,0.0003909551
0.59341866,0.0,0.0143750785
0.38723642,0.0,0.0
0.7420394,0.0,0.0576077
0.6699439,0.0,0.1641487
0.33711419,0.0,0.3366744
0.35051778,0.0,0.31633458
0.6449681,0.0,0.4264679
0.7225931,0.0,0.6492301
0.6864108,0.0,0.40543658
0.80225956,0.0,0.013668912
0.8495357,0.0,0.21367896
0.7433555,0.0,0.0017564263
0.8823718,0.0,0.12809123
0.8983955,0.0,0.20241886
0.7076595,0.0,0.0
0.8974593,0.0,0.0
0.62862724,0.0,0.36350068
0.8700443,0.0,0.19874562
0.73898023,0.0,0.005065138
0.8453895,0.0,0.18062167
0.9217222,0.0,0.5272726
0.79201496,0.0,0.21286549
0.87204146,0.0,0.25785258
0.80097115,0.0,0.29687363
0.8059137,0.0,0.6512537
0.70060927,0.0,0.8086644
0.81404716,0.0,0.391135
0.8293112,0.0,0.8857366
0.7511297,0.0,0.36246246
0.7932913,0.0,0.24278459
0.8236435,0.0,0.26760754
0.7702641,0.0,0.023660604
0.74638134,0.0,0.095915616
0.63652265,0.0,0.017781405
0.75803024,0.0,0.03316316
0.71273476,0.0,0.030453399
0.68341225,0.0,0.010665747
0.7177928,0.0,0.037668686
0.3392561,0.0,0.33231473
0.7973961,0.0,0.0012015277
0.39316773,0.0,0.28193453
0.56757534,0.0,0.28228706
0.5704721,0.0,0.64752626
0.5140303,0.0,0.16205226
0.4409819,0.0,0.44285342
0.6626395,0.0,0.49199602
0.60308003,0.0,0.027057206
0.7740377,0.0,0.095869124
0.8443767,0.0,0.18085569
0.85030246,0.0,0.35532886
0.814002,0.0,0.01581903
0.7571673,0.0,0.01970464
0.7582855,0.0,0.6136888
0.641831,0.0,0.28014827
0.83193517,0.0,0.36241764
0.89304304,0.0,0.3098646
0.93200946,0.0,0.022829395
0.65179193,0.0,0.15663894
0.41814318,0.0,0.09830248
0.7843827,0.0,0.005572521
0.72572273,0.0,0.009580487
0.89679664,0.0,0.006681971
0.54188514,0.0,0.012218198
0.8303466,0.0,0.0035421231
0.7507949,0.0,0.082581945
0.6792568,0.0,0.10567099
0.6389237,0.0,0.64057404
0.659833,0.0,0.20106576
0.62778807,1.0,0.6713073
0.7071998,1.0,0.5951901
0.88251954,0.0,0.09628836
0.802059,1.0,0.045856524
0.51340926,1.0,0.13472024
0.7233232,1.0,0.5350185
0.5159401,1.0,0.4966401
0.5336412,1.0,0.29017413
0.67102736,0.0,0.047317676
0.80410075,1.0,0.3777034
0.6663057,1.0,0.28067416
0.74522996,0.0,0.050809216
0.76254195,0.0,0.005439097
0.92063814,1.0,0.32990745
0.7818209,0.0,0.46418276
0.7200602,0.0,0.0007933766
0.96161157,0.0,0.028230764
0.91475034,0.0,0.5897575
0.6846954,0.0,0.33126426
0.8153043,0.0,0.14435484
0.9573142,0.0,0.66668105
0.8070147,0.0,0.6378711
0.78668886,0.0,0.029084979
0.6818618,0.0,0.4565027
0.7172212,0.0,0.0
0.7135059,0.0,0.013563798
0.86191016,0.0,0.0056668026
0.6974772,0.0,0.0
0.7701709,0.0,0.007138909
0.5326979,0.0,0.043454807
0.8390835,0.0,0.0
0.6554676,0.0,0.1513082
0.64138114,1.0,0.29768175
0.5076043,1.0,0.70796114
0.5871041,1.0,0.22804342
0.4053276,1.0,0.7470775
0.5875593,0.0,0.07258548
0.7467455,1.0,0.23728317
0.8699983,0.0,0.078419246
0.5757636,1.0,0.4176469
0.6727256,1.0,0.09703073
0.42071125,1.0,0.5641213
0.7998084,1.0,0.47455683
0.8201119,0.0,0.0
0.70254076,1.0,0.4299514
0.74693745,1.0,0.5806416
0.7034071,1.0,0.2456918
0.81087595,0.0,0.06079829
0.9067086,0.0,0.036093727
0.93392193,0.0,0.3385737
0.89184725,1.0,0.22630073
0.9201337,0.0,0.0009500877
0.80969524,0.0,0.091593646
0.9276818,0.0,0.58949155
0.86123466,0.0,0.25136515
0.82497126,0.0,0.61322093
0.86534536,0.0,0.10874945
0.7272358,0.0,0.035850372
0.933705,0.0,0.023809118
0.83820677,0.0,0.0
0.7515303,0.0,0.009200495
0.8721017,0.0,0.0
0.59453404,0.0,0.0
0.534856,0.0,0.10761831
0.7418265,0.0,0.022717327
0.7185444,0.0,0.060394056
0.22709118,0.0,0.19872491
0.5324697,0.0,0.22742906
0.81231225,0.0,0.017370977
0.8858745,0.0,0.36522734
0.6570617,0.0,0.5216363
0.63337606,0.0,0.24123521
0.9457275,0.0,0.48934427
0.8165631,0.0,0.022790466
0.93548906,0.0,0.012326058
0.6446799,0.0,0.3013242
0.4782897,1.0,0.46361384
0.6816206,0.0,0.0
0.84348273,0.0,0.22606742
0.59087235,1.0,0.51665896
0.44307563,1.0,0.14181358
0.8965899,0.0,0.0072923237
0.7940907,0.0,0.5841065
0.45366004,0.0,0.41989076
0.63494587,0.0,0.5804508
0.70161426,0.0,0.57983714
0.767609,0.0,0.61183506
0.53895843,0.0,0.17861463
0.7855864,0.0,0.4081219
0.87279963,0.0,0.0
0.7558715,0.0,0.36582372
0.7435674,0.0,0.15718669
0.81976753,0.0,0.6478493
0.80058,0.0,0.06072004
0.7773757,0.0,0.50787395
0.9122332,0.0,0.67343247
0.73952246,0.0,0.123701476
0.7319255,0.0,0.5407209
0.72412694,0.0,0.44515616
0.7896175,0.0,0.51334727
0.9172793,0.0,0.026819158
0.6468786,0.0,0.12642393
0.7245232,1.0,0.6137786
0.823319,0.0,0.29157278
0.7476046,0.0,0.008013342
0.6156103,0.0,0.41691536
0.7779258,0.0,0.51972413
0.8809394,0.0,0.49590415
0.80890036,0.0,0.3425881
0.67578995,0.0,0.10822179
0.8482621,0.0,0.0
0.8746252,0.0,0.26792422
0.9223671,0.0,0.0034687482
0.93048006,0.0,2.6742198e-05
0.8474851,0.0,0.18029067
0.93922895,0.0,0.2968384
0.9576923,0.0,0.007666524
0.9323078,0.0,0.0
0.946679,0.0,0.47305176
0.9300077,0.0,0.5253599
0.9004402,0.0,0.0
0.8262401,0.0,0.3013342
0.9615982,0.0,0.47165558
0.90298086,0.0,0.36807013
0.9491587,0.0,0.5707029
0.96487594,0.0,0.034574043
0.82410926,0.0,0.6075092
0.7350217,0.0,0.10582112
0.5954605,0.0,0.011145866
0.6286098,0.0,0.40185848
0.8155283,0.0,0.13260764
0.8545023,0.0,0.0
0.44635037,0.0,0.30158043
0.8073786,0.0,0.45355636
0.8873354,0.0,0.22646981
0.69637334,0.0,0.0
0.82553244,0.0,0.003331983
0.8309672,0.0,0.1337107
0.89541984,0.0,0.04292526
0.89609236,0.0,0.0
0.8472914,0.0,0.09318758
0.9601009,0.0,0.55832213
0.9488267,0.0,0.09798124
0.84369737,0.0,0.6507586
0.89707005,0.0,0.38964215
0.8707376,0.0,0.0
0.874152,0.0,0.11856888
0.89088655,0.0,0.54036343
0.83225405,0.0,0.22459982
0.8684815,1.0,0.14489788
0.7091026,1.0,0.4178856
0.64427704,1.0,0.5133283
0.35950285,1.0,0.5002072
0.75090045,1.0,0.10891471
0.89550096,0.0,0.041831158
0.68944204,1.0,0.3473992
0.3665692,1.0,0.13458663
0.733829,0.0,0.0
0.6784219,0.0,0.49926838
0.41880286,1.0,0.6167193
0.46855,0.0,0.101402186
0.32299492,1.0,0.482795
0.6913463,0.0,0.09535385
0.64968634,0.0,0.0
0.6761037,1.0,0.37698856
0.78086406,1.0,0.105674
0.72174984,1.0,0.69472253
0.6967689,1.0,0.6979241
0.74367297,0.0,0.6270534
0.85924447,0.0,0.15858519
0.8180227,0.0,0.29163745
0.7241617,0.0,0.2822713
0.6717804,0.0,0.570954
0.6953813,1.0,0.8451642
0.4905519,0.0,0.3189353
0.5923015,1.0,0.22558972
0.5235125,1.0,0.1680224
0.8335975,1.0,0.11576016
0.60677934,0.0,0.14285818
0.80681926,0.0,0.07126155
0.81215066,0.0,0.03583085
0.5802028,0.0,0.04793552
0.9099779,0.0,0.44781762
0.83307785,0.0,0.4819648
0.78284377,0.0,0.27743065
0.6154013,0.0,0.09954566
0.60142255,0.0,0.6597409
0.8633317,0.0,0.48129493
0.8457936,0.0,0.6470321
0.6361618,0.0,0.019184537
0.9317016,0.0,0.29250577
0.8710867,0.0,0.08002306
0.66093636,0.0,0.051032495
0.9267521,0.0,0.23524399
0.620263,0.0,0.008110315
0.87452143,0.0,0.4006737
0.85740334,0.0,0.06197421
0.9631556,0.0,0.034729343
0.8574981,0.0,0.068576045
0.7784442,0.0,0.0
0.80943334,0.0,0.0
0.7782479,0.0,0.03766073
0.30329117,0.0,0.0
0.3578782,0.0,0.455711
0.34590316,0.0,0.233223
0.509193,0.0,0.096568756
0.13842821,0.0,0.16210988
0.6732151,0.0,0.39928794
0.6940569,0.0,0.20237668
0.7882472,0.0,0.3702109
0.32251236,0.0,0.8197432
0.4726653,0.0,0.5412905
0.63715816,0.0,0.7661752
0.8246485,0.0,0.9624663
0.90880656,0.0,0.8089256
0.8054804,0.0,0.79119414
0.55028915,0.0,0.52181286
0.8203112,0.0,0.5372826
0.84459716,0.0,0.27713892
0.6550222,0.0,0.44998133
0.5566274,0.0,0.43965134
0.8284591,0.0,0.160719
0.6687321,0.0,0.42981905
0.9752759,0.0,0.023962226
0.73284465,0.0,0.34508154
0.8057235,0.0,0.5318038
0.83727247,0.0,0.45832244
0.48802438,0.0,0.32220113
0.7690207,0.0,0.40448034
0.8614407,0.0,0.15239489
0.85493773,0.0,0.27658677
0.65207577,0.0,0.008953712
0.9125936,0.0,0.45450652
0.8782708,0.0,0.2133079
0.9189291,0.0,0.49251163
0.87064344,0.0,0.8098321
0.84623235,0.0,0.5468054
0.7986473,0.0,0.6838916
0.6371867,0.0,0.65104806
0.70169765,0.0,0.6836459
0.7554696,0.0,0.6894206
0.7460875,0.0,0.44226024
0.76013523,0.0,0.43345827
0.36950183,1.0,0.15949132
0.15228137,1.0,0.047703467
0.687181,0.0,0.05613373
0.29299548,1.0,0.08900481
0.7717546,0.0,0.0013777926
0.8888529,1.0,0.1310607
0.8586654,0.0,0.1317052
0.84563315,0.0,0.33212823
0.7249275,0.0,0.74422216
0.73005986,0.0,0.5154368
0.7793757,1.0,0.75709003
0.8408475,1.0,0.5253368
0.7562922,1.0,0.5008694
0.8070383,0.0,0.2736102
0.88596076,0.0,0.0070038293
0.6395316,1.0,0.05351279
0.88462794,0.0,0.07551768
0.47016537,1.0,0.2880056
0.70036376,0.0,0.4450708
0.69442624,0.0,0.8012437
0.3712538,1.0,0.47412145
0.6252857,0.0,0.6111903
0.52726924,0.0,0.3093853
0.664384,0.0,0.34275252
0.6525294,0.0,0.39000753
0.6158053,0.0,0.38954303
0.5688605,0.0,0.5977303
0.44818267,0.0,0.46034533
0.34569207,0.0,0.21982348
0.8498888,0.0,0.034873303
0.7556203,0.0,0.19459295
0.6981653,0.0,0.0083217425
0.7953015,0.0,0.40068266
0.5406386,0.0,0.6517612
0.67204744,0.0,0.708087
0.789291,0.0,0.12638797
0.6282961,0.0,0.17405787
0.6266982,0.0,0.0
0.7233712,0.0,0.2495956
0.8743394,0.0,0.0
0.9612573,0.0,0.32341853
0.91673326,0.0,0.63100284
0.89625823,0.0,0.019043893
0.7852319,0.0,0.49133584
0.71489537,0.0,0.46980664
0.82688826,0.0,0.7491086
0.9137122,0.0,0.241809
0.68673,0.0,0.15196672
0.9508484,0.0,0.20034578
0.5933862,0.0,0.31210908
0.9007786,0.0,0.012154404
0.7956159,1.0,0.3145396
0.8353951,0.0,0.0
0.8534753,0.0,0.014178133
0.77356154,0.0,0.08279789
0.7641838,1.0,0.17718127
0.72581285,1.0,0.11600234
0.6709877,1.0,0.23669942
0.604307,1.0,0.7792398
0.4327844,1.0,0.33084956
0.74754816,1.0,0.55007833
0.8437072,1.0,0.47846347
0.80912983,0.0,0.4643987
0.61333,0.0,0.16966817
0.83044046,1.0,0.40389943
0.84378445,0.0,0.2359074
0.7513434,0.0,0.21648611
0.90971506,0.0,0.024727518
0.82020885,0.0,0.10649408
0.73379123,0.0,0.00018071233
0.79285395,0.0,0.23920013
0.8131393,0.0,0.14614147
0.48677978,0.0,0.33660543
0.9460777,0.0,0.7845317
0.6046083,0.0,1.0
0.95792526,0.0,0.5679186
0.9201519,0.0,0.114027575
0.94974893,0.0,0.86244816
0.8454121,0.0,0.32810304
0.83113736,0.0,0.1719101
0.9298106,0.0,0.5652577
0.85141087,0.0,0.92893285
0.88876325,0.0,0.317675
0.574428,0.0,0.6770252
0.8790646,0.0,0.10897321
0.95091164,0.0,0.42956075
0.8801508,0.0,0.58765274
0.96378195,0.0,0.53899485
0.9754117,0.0,0.24872689
0.8406308,0.0,0.1936969
0.58820266,0.0,0.13752337
0.8766601,0.0,0.15402633
0.8569418,0.0,0.09532572
0.77119577,0.0,0.381429
0.68627393,0.0,0.13743412
0.8756011,0.0,0.04107702
0.7786355,0.0,0.06452044
0.93378013,0.0,0.29167876
0.77690965,0.0,0.51204777
0.73421115,1.0,0.4625786
0.8874364,0.0,0.25237396
0.6828682,1.0,0.43061015
0.6285149,0.0,0.09911079
0.4936749,1.0,0.3911022
0.6863041,0.0,0.0009920696
0.4129,1.0,0.18052663
0.46370885,0.0,0.2130148
0.7636735,1.0,0.4210343
0.7132219,0.0,0.00952022
0.70217854,0.0,0.5303675
0.66063595,0.0,0.003321044
0.68248254,0.0,0.36329117
0.8078889,0.0,0.00034638456
0.9014087,0.0,0.17007025
0.94183385,0.0,0.10327244
0.8447487,0.0,0.2168791
0.7592981,0.0,0.6671845
0.77980375,0.0,0.29044977
0.7446125,0.0,0.6045981
0.7915381,0.0,0.7403727
0.73326206,0.0,0.21323003
0.8615034,0.0,0.18620154
0.85047466,0.0,0.50919205
0.83323044,0.0,0.04867146
0.80759513,0.0,0.4701788
0.84666604,0.0,0.5304652
0.7818177,0.0,0.02957219
0.76561624,1.0,0.25137284
0.64851123,0.0,0.0012537548
0.44079605,1.0,0.40443778
0.7765483,0.0,0.0065226764
0.53822273,1.0,0.3306802
0.8295811,0.0,0.007481868
0.73278344,1.0,0.32314426
0.64348924,0.0,0.18176062
0.5699511,1.0,0.57638437
0.58042204,1.0,0.5396993
0.8931987,0.0,0.018499002
0.4267263,1.0,0.13929941
0.8810976,0.0,0.014898232
0.37650344,1.0,0.36372882
0.6504365,1.0,0.017587552
0.80341995,1.0,0.20220757
0.8149547,0.0,0.016486397
0.7391877,1.0,0.20698129
0.7326926,1.0,0.4838156
0.7673305,0.0,0.0063372
0.86786544,0.0,0.19667682
0.5378315,0.0,0.23368026
0.66115856,0.0,0.37204972
0.7705564,0.0,0.0033720396
0.54930675,0.0,0.0
0.3650237,0.0,0.06438955
0.6427461,0.0,0.025851302
0.46594825,0.0,0.0072570015
0.25389346,0.0,0.022343338
0.42412874,0.0,0.007064969
0.40763405,0.0,0.00035837467
0.45592293,0.0,0.01634956
0.24046692,0.0,0.072478496
0.38431993,0.0,0.0070801834
0.5152006,0.0,0.01814642
0.29577866,0.0,0.10313124
0.27158117,0.0,0.010672615
0.22686166,0.0,0.0
0.3402948,0.0,0.0
0.39964348,0.0,0.015570219
0.33543664,0.0,0.002749529
0.6383573,0.0,0.023419697
0.64709437,0.0,0.011882568
0.7945631,1.0,0.35178834
0.8580283,0.0,0.3277053
0.7883765,0.0,0.29845878
0.93729126,0.0,0.63908446
0.9171596,0.0,0.5009139
0.84604865,0.0,0.1301909
0.8108944,0.0,0.44658062
0.80429924,0.0,0.05369515
0.76143795,0.0,0.0017609202
0.8998578,0.0,0.0064770193
0.8532488,0.0,0.0687526
0.84733003,0.0,0.10116778
0.7693561,0.0,0.01828621
0.9026173,0.0,5.527609e-05
0.8760994,0.0,0.02022046
0.8654985,0.0,0.18548393
0.83539164,0.0,0.029230105
0.9125559,0.0,0.33727527
0.83822846,0.0,0.02622168
0.8220071,0.0,0.4383916
0.8586782,0.0,0.029421814
0.9059559,0.0,0.20200814
0.9077138,0.0,0.0020355093
0.94623053,0.0,0.22670327
0.8412108,0.0,0.028388785
0.7796554,0.0,0.3896868
0.56399786,0.0,0.7842478
0.5760938,0.0,0.35666957
0.72812235,0.0,0.68866277
0.5757552,0.0,0.4909761
0.8430628,0.0,0.399745
0.652051,0.0,0.009523678
0.92892677,0.0,0.25350484
0.6734298,0.0,0.008314704
0.94918764,0.0,0.44419906
0.39729148,0.0,0.030959768
0.8170538,0.0,0.3253654
0.64157766,0.0,0.008203055
0.8794308,0.0,0.47110397
0.85542613,0.0,0.011354909
0.7636356,0.0,0.3048292
0.87642473,0.0,0.2934766
0.73947483,0.0,0.75953585
0.6073612,0.0,0.6087553
0.8346093,0.0,0.4251496
0.5961354,1.0,0.25449923
0.40115544,0.0,0.013751008
0.6880365,0.0,0.19052984
0.6216311,0.0,0.019220319
0.8150498,0.0,0.35737503
0.7393273,0.0,0.032023404
0.79253924,0.0,0.3323677
0.7321637,0.0,0.02184758
0.8164544,0.0,0.42144278
0.85808694,0.0,0.1533257
0.7549538,0.0,0.16941379
0.82617587,0.0,0.010033336
0.73929185,0.0,0.14339328
0.47558242,0.0,0.5483036
0.7799568,0.0,0.06506565
0.8127144,0.0,0.38251856
0.6257597,0.0,0.44638675
0.9203041,0.0,0.4003604
0.9151334,0.0,0.04495879
0.86391,0.0,0.4043179
0.89278424,0.0,0.09370165
0.83200896,0.0,0.40766767
0.8414314,0.0,0.056936633
0.89059,0.0,0.4978463
0.90217036,0.0,0.5405132
0.44329378,0.0,0.1408449
0.8567052,0.0,0.44608045
0.820192,0.0,0.059714545
0.70813406,0.0,0.34475008
0.7391942,0.0,0.046561
0.78698623,0.0,0.36642003
0.73055065,0.0,0.1628032
0.88581294,0.0,0.48286197
0.6318949,0.0,0.62743837
0.8979485,0.0,0.21585031
0.74432683,0.0,0.297654
0.8246862,0.0,0.029664183
0.5565503,0.0,0.32214043
0.7467042,0.0,0.05205552
0.50634134,0.0,0.566232
0.89640343,0.0,0.1191563
0.7868626,0.0,0.47503158
0.7873157,0.0,0.09728589
0.908051,0.0,0.49737018
0.90667766,0.0,0.040176414
0.96530247,0.0,0.22353056
0.95088345,0.0,0.07904398
0.8083852,0.0,0.41773093
0.9235861,0.0,0.40475613
0.84976774,0.0,0.77832144
0.86067194,0.0,0.7443787
0.8224057,0.0,0.40090892
0.8456977,0.0,0.4739174
0.91030043,0.0,0.49263823
0.85189503,0.0,0.28208143
0.8183136,0.0,0.34856674
0.7396742,0.0,0.014463951
0.5134519,0.0,0.2982305
0.797808,0.0,0.031318784
0.6432599,0.0,0.5289971
0.60017526,0.0,0.068884976
0.8490325,0.0,0.22941533
0.783906,0.0,0.0048923604
0.81853545,0.0,0.33933273
0.87226325,0.0,0.06575886
0.5927925,0.0,0.50899583
0.81416875,0.0,0.36024603
0.857832,0.0,0.93271124
0.73297656,0.0,1.0
0.8052241,0.0,0.7967524
0.7187172,0.0,0.21878585
0.9021646,0.0,0.29754642
0.8236168,0.0,0.5270314
0.8170353,0.0,0.2919188
0.8919616,0.0,0.05253527
0.7939806,0.0,0.13525626
0.89754313,0.0,0.014093515
0.79114217,0.0,0.28281808
0.89697605,0.0,0.025722802
0.7661262,0.0,0.32936463
0.71903026,0.0,0.33667386
0.7875228,0.0,0.04236736
0.741127,1.0,0.47865695
0.86427116,1.0,0.056161437
0.6179065,1.0,0.53825504
0.7290227,0.0,0.087890364
0.9366015,0.0,0.29737356
0.80780536,0.0,0.48484558
0.8687308,0.0,0.58723736
0.75607014,1.0,0.53669196
0.8547272,0.0,0.39964727
0.6501448,1.0,0.15266289
0.6529837,0.0,0.0037773186
0.26436025,1.0,0.39321396
0.77035314,1.0,0.013415969
0.5712069,1.0,0.09897063
0.6194026,0.0,0.015917987
0.67098206,0.0,0.059101567
0.8186816,0.0,0.01829535
0.7680554,0.0,0.24901636
0.755556,0.0,0.002914047
0.8659751,0.0,0.025493886
0.8842881,0.0,0.2248652
0.8783662,0.0,0.57104135
0.8155884,0.0,0.75515544
0.84502923,0.0,0.7981514
0.6594549,0.0,0.34495905
0.78485036,0.0,0.18574262
0.97349566,0.0,0.16818118
0.8980666,0.0,0.0
0.94169164,0.0,0.011795723
0.614242,0.0,0.0
0.54323,0.0,0.013809844
0.5571518,0.0,0.031132413
0.17630026,0.0,0.0
0.4638153,0.0,0.056409337
0.6885778,0.0,0.07989713
0.20610523,0.0,0.123459905
0.518547,0.0,0.044646043
0.6774914,0.0,0.0
0.13256569,0.0,0.2092679
0.9136508,0.0,0.0011381994
0.39709485,0.0,0.011154644
0.8012055,0.0,0.0030406278
0.29431963,0.0,0.00010246551
0.92056775,0.0,0.13540235
0.62662786,0.0,0.41721806
0.88074774,0.0,0.43829894
0.8450421,0.0,0.07515553
0.81403375,0.0,0.3488017
0.48575792,0.0,0.2863064
0.8852583,0.0,0.329253
0.9502333,0.0,0.079758376
0.44978085,0.0,0.25853315
0.968239,0.0,0.025675137
0.29095617,0.0,0.40376946
0.84850776,0.0,0.33115354
0.18823138,0.0,0.49275953
0.760214,0.0,0.05221982
0.7504619,0.0,0.4619087
0.4074511,0.0,0.17116134
0.67910075,0.0,0.2656582
0.5168577,0.0,0.48309955
0.66478866,0.0,0.4480007
0.7444037,0.0,0.42300135
0.3769313,0.0,0.71989614
0.7518525,0.0,0.120840766
0.8515499,0.0,0.19419606
0.80836135,0.0,0.045638923
0.35173517,0.0,0.022605445
0.24550174,0.0,0.00032761492
0.5928013,0.0,0.25698408
0.45931295,0.0,0.025461918
0.55248314,0.0,0.32778537
0.79659235,0.0,0.24749653
0.565035,0.0,0.0018017062
0.8681122,0.0,0.2196429
0.6738451,0.0,0.41451007
0.48332974,0.0,0.083112404
0.5638117,0.0,0.003369541
0.9001605,0.0,0.18942602
0.71467596,0.0,0.2271034
0.749499,0.0,0.0
0.42761415,0.0,0.06376399
0.792301,0.0,0.5223627
0.7674742,0.0,0.30502355
0.8776678,0.0,0.014724758
0.86833817,0.0,0.06968911
0.8502141,0.0,0.5499165
0.7826596,0.0,0.5191931
0.91300184,0.0,0.25760898
0.8170413,0.0,0.70803505
0.95210296,0.0,0.061715618
0.9277487,0.0,0.37128896
0.8001351,0.0,0.08052694
0.6639146,0.0,0.29328182
0.88826907,0.0,0.2304773
0.9340727,0.0,0.018696262
0.8300005,0.0,0.049374327
0.82742184,0.0,0.0
0.5984326,0.0,0.005376591
0.74499875,0.0,0.0
0.44947922,0.0,0.0003015746
0.33256862,0.0,0.001431557
0.24064551,0.0,0.0
0.11541335,0.0,0.011247116
0.21554263,0.0,0.021525707
0.3360268,0.0,0.0058232956
0.43211398,0.0,0.0
0.4858482,0.0,0.0
0.7155064,0.0,0.0024242834
0.9302533,0.0,0.0016419481
0.6042692,0.0,0.0
0.9550012,0.0,0.041880343
0.7319609,0.0,0.46787554
0.922073,0.0,0.74005127
0.9516354,0.0,0.5004198
0.8246852,0.0,0.03615968
0.80120885,0.0,0.42400604
0.89446914,0.0,0.19848412
0.75676984,0.0,0.16672854
0.44113755,0.0,0.23608701
0.6693696,0.0,0.2439232
0.9416777,0.0,0.0
0.43133837,0.0,0.00038366584
0.556036,0.0,0.0
0.4343915,0.0,0.037720084
0.15920925,0.0,0.039265845
0.2608532,0.0,0.006213536
0.094501674,0.0,0.034202483
0.4100845,0.0,0.0751055
0.6586328,0.0,0.0050243563
0.65269405,0.0,0.07749211
0.7365152,0.0,0.53248984
0.65174496,0.0,0.08045911
0.9105633,0.0,0.02795013
0.89769095,0.0,0.28688776
0.80604434,0.0,0.3413125
0.5914682,0.0,0.060613032
0.7211167,0.0,0.3806669
0.84240216,0.0,0.66364133
0.88163036,0.0,0.47715878
0.82317764,0.0,0.56984
0.73301554,0.0,0.10979277
0.7911736,0.0,0.3249099
0.81746304,0.0,0.4398112
0.72959286,0.0,0.24205256
0.89400166,0.0,0.008226388
0.75499475,0.0,0.0944918
0.77819055,0.0,0.26591784
0.87961173,0.0,0.19625501
0.8527247,0.0,0.026180157
0.76586,0.0,0.03221179
0.31035966,0.0,0.003377744
0.7571173,0.0,0.11055809
0.78456557,0.0,0.040383168
0.44753993,0.0,0.008922337
0.45983055,0.0,0.010275487
0.10351632,0.0,0.0035039845
0.45434582,0.0,0.0
0.3399118,0.0,0.00016374433
0.81479335,0.0,0.0
0.47110534,0.0,0.0
0.36966264,0.0,0.008024763
0.7452632,0.0,0.0013419886
0.8411825,0.0,0.20200676
0.84433115,0.0,0.12011973
0.6386637,0.0,0.00080684025
0.80326784,0.0,0.01234863
0.98210794,0.0,0.32993537
0.71841747,0.0,0.44134894
0.92921054,0.0,0.25765648
0.84570056,0.0,0.7794976
0.8883542,0.0,0.3654419
0.91794145,0.0,0.021303462
0.8754467,0.0,0.12307253
0.8814226,0.0,0.35757795
0.83783025,0.0,0.26827508
0.9523092,0.0,0.0
0.8701745,0.0,0.4440483
0.88762355,0.0,0.6832427
0.9126607,0.0,0.20460233
0.9318196,0.0,0.3001925
0.7670936,0.0,0.003743442
0.72779053,0.0,0.04069258
0.78094214,0.0,0.014897584
0.69165677,0.0,0.0
0.53004926,0.0,0.018675508
0.13507286,0.0,0.00091602164
0.067134395,0.0,0.0
0.41506052,0.0,0.0004433334
0.45746925,0.0,0.00056493626
0.41719905,0.0,0.0012817162
0.386493,0.0,0.0032649983
0.64027643,0.0,0.069212325
0.9388928,0.0,0.20351079
0.19895077,0.0,0.039522078
0.85307574,0.0,0.0014744158
0.72673506,0.0,0.5425417
0.81548697,0.0,0.2053343
0.67001677,0.0,0.5294396
0.9474697,0.0,0.1710527
0.472952,0.0,0.17578447
0.90917397,0.0,0.018589566
0.743787,0.0,0.014243514
0.41768956,0.0,0.0009480129
0.30074796,0.0,0.18685937
0.16394366,0.0,0.0008946027
0.27781758,0.0,0.0
0.8726381,0.0,0.0055233804
0.3570485,0.0,0.005248535
0.338197,0.0,0.00023318174
0.6143173,0.0,0.0056192577
0.2163857,0.0,0.0022668021
0.82950467,0.0,0.006499917
0.8732907,0.0,0.0039931354
0.87482184,0.0,0.060738355
0.5696945,0.0,0.0045623058
0.47828063,0.0,0.40330198
0.825746,0.0,0.47021174
0.3770759,0.0,0.2866435
0.7980238,0.0,0.37020454
0.6782297,0.0,0.06703313
0.5554575,0.0,0.108527355
0.77992344,0.0,0.49942672
0.8499316,0.0,0.34584418
0.72029424,0.0,0.01677621
0.79415107,0.0,0.06841023
0.6936551,0.0,0.5887299
0.42544553,0.0,0.29115677
0.25873062,0.0,0.01195864
0.68699235,0.0,0.29543382
0.394832,0.0,0.029097956
0.7706722,0.0,0.0779147
0.7719561,0.0,0.39984515
0.73027986,0.0,0.37774315
0.77279335,0.0,0.00048702257
0.47577393,0.0,0.06745795
0.6767508,0.0,0.08742639
0.6995404,0.0,0.40731898
0.85502154,0.0,0.13931978
0.8684395,0.0,0.24456485
0.45472828,0.0,0.3513153
0.5196767,0.0,0.014306947
0.3962681,0.0,0.050213408
0.59058326,0.0,0.24196798
0.8107074,0.0,0.44074464
0.45348847,0.0,0.06665652
0.77702224,0.0,0.13796991
0.6562094,0.0,0.35647127
0.9734934,0.0,0.025752872
0.69315606,0.0,0.35782272
0.6669156,0.0,0.31695458
0.5589989,0.0,0.3841575
0.38740137,0.0,0.62639034
0.528527,0.0,0.32613954
0.46654263,0.0,0.7421505
0.4491381,0.0,0.70045626
0.5489486,0.0,0.115308054
0.58745086,0.0,0.33456117
0.79567957,0.0,0.0096669085
0.57252574,0.0,0.15059789
0.6965429,0.0,0.003638375
0.8366393,0.0,0.0
0.41694897,0.0,0.0
0.21715118,0.0,0.007648044
0.36439988,0.0,0.013446406
0.2040279,0.0,0.0
0.3701661,0.0,0.08608792
0.06606604,0.0,0.067703
0.096552886,0.0,0.011045291
0.73267776,0.0,0.00477471
0.45165712,0.0,0.0
0.15937334,0.0,0.016665604
0.67768764,0.0,0.013476021
0.6194655,0.0,0.055054583
0.3147286,0.0,0.07435528
0.49887007,0.0,0.13291508
0.7907954,0.0,0.07599534
0.92875355,0.0,0.04905954
0.9070103,0.0,0.5447295
0.87798727,0.0,0.51577854
0.9596717,0.0,0.35186672
0.9487872,0.0,0.3578635
0.9559338,0.0,0.08301217
0.099870935,0.0,0.0
0.5149915,0.0,0.009716045
0.4167636,0.0,0.04352726
0.8588698,0.0,0.0028938372
0.21156427,0.0,0.25422034
0.27998212,0.0,0.17242192
0.23125751,0.0,0.040030375
0.27044618,0.0,0.02441135
0.13980757,0.0,0.05236226
0.41423514,0.0,0.008627306
0.0492018,0.0,0.0
0.6675635,0.0,0.021448273
0.5283267,0.0,0.0009516249
0.8596403,0.0,0.06013597
0.79959404,0.0,0.08403689
0.8673479,0.0,0.66961527
0.88662875,0.0,0.5732601
0.8887455,0.0,0.23800272
0.781401,0.0,0.21066417
0.5273622,0.0,0.416845
0.81495136,0.0,0.04674286
0.67679,0.0,0.6308687
0.7693856,0.0,0.29000032
0.6548158,0.0,0.25049505
0.74910605,0.0,0.0076131513
0.17767361,0.0,0.0
0.6275058,0.0,0.025062567
0.71918267,0.0,0.0012150347
0.457175,0.0,0.0022699216
0.73546755,0.0,0.008400709
0.5560576,0.0,0.049302753
0.8128918,0.0,0.0
0.5222467,0.0,0.34304792
0.7376942,0.0,0.42557532
0.7130709,0.0,0.012470886
0.62113434,0.0,0.23768236
0.6932728,0.0,0.25806797
0.6814887,0.0,0.033121523
0.63779503,0.0,0.078611195
0.7451979,0.0,0.0012649408
0.3559239,0.0,0.005841117
0.14108947,0.0,0.0
0.29759672,0.0,0.0064228554
0.18774244,0.0,0.0
0.3513177,0.0,0.039282527
0.07259477,0.0,0.0057547404
0.20383121,0.0,0.07306887
0.7290273,0.0,0.010349051
0.36996698,0.0,0.16882434
0.6020541,0.0,0.12033805
0.43987766,0.0,0.0037969875
0.70293003,0.0,0.080492616
0.5294405,0.0,0.18788166
0.7922432,0.0,0.21881649
0.61785626,0.0,0.0016278399
0.5878591,0.0,0.20744443
0.5412522,0.0,0.2788196
0.77146345,0.0,0.54354393
0.6168349,0.0,0.4128391
0.80330074,0.0,0.591132
0.8231084,0.0,0.3849696
0.79736257,0.0,0.01405368
0.7435476,0.0,0.7176794
0.745085,0.0,0.42157584
0.849672,0.0,0.34310588
0.4877049,0.0,0.5683014
0.88054216,0.0,0.21580663
0.84352434,0.0,0.011635104
0.7246804,0.0,0.11695885
0.66511846,0.0,0.45709938
0.8299674,0.0,0.18276124
0.8006716,0.0,0.0
0.6514278,0.0,0.40893567
0.8478869,0.0,0.45210359
0.9070748,0.0,0.099209
0.6938163,1.0,0.71952426
0.73324066,1.0,0.41660088
0.7304873,0.0,0.068480305
0.7799805,0.0,0.3232699
0.66208524,0.0,0.55149776
0.9656551,0.0,0.013674185
0.824571,0.0,0.1392339
0.87308365,0.0,0.013774184
0.6604635,0.0,0.0073008514
0.31209153,0.0,0.0067507764
0.6367872,0.0,0.0
0.50801295,0.0,0.26181528
0.3297294,0.0,0.024644844
0.5244901,0.0,0.0018876302
0.07117826,0.0,0.054361783
0.15993083,0.0,0.0
0.52795124,0.0,0.04740986
0.35373846,0.0,0.22247201
0.597184,0.0,0.24672876
0.27988085,0.0,0.124348156
0.42715284,0.0,0.07573021
0.051187728,0.0,0.14323056
0.33655486,0.0,0.10740174
0.9021097,0.0,0.0
0.29185587,0.0,0.15577118
0.78852516,0.0,0.32785308
0.7086213,0.0,0.2313474
0.78601176,0.0,0.30418634
0.51048505,0.0,0.2202437
0.73364854,0.0,0.40950876
0.39988843,0.0,0.53343385
0.21275604,0.0,0.52299017
0.14684327,0.0,0.91673416
0.6061527,0.0,0.5032958
0.7803708,0.0,0.15667512
0.63222003,0.0,0.3688616
0.4021359,0.0,0.3533714
0.84504294,0.0,0.10558689
0.77020586,0.0,0.086383075
0.69738775,0.0,0.15733816
0.5217907,0.0,0.01174043
0.6787903,0.0,0.086522885
0.80012065,0.0,0.021478543
0.25844666,0.0,0.0043815067
0.21114427,0.0,0.0139470855
0.3479669,0.0,0.03851767
0.13634394,0.0,0.0037360005
0.15309267,0.0,0.020223381
0.7200925,0.0,0.0
0.34722003,0.0,0.010220336
0.050070364,0.0,0.058946528
0.43765756,0.0,0.010507263
0.5568577,0.0,0.10171311
0.24446183,0.0,0.054981504
0.15819323,0.0,0.017283902
0.54751486,0.0,0.081941575
0.7486365,0.0,0.37325844
0.466326,0.0,0.060073722
0.32130504,0.0,4.9862316e-05
0.47597036,0.0,0.20207629
0.64804864,0.0,0.38087308
0.43170297,0.0,0.13410117
0.6937659,0.0,0.17153044
0.7798543,0.0,0.6153981
0.7412988,0.0,0.33812207
0.6526665,1.0,0.4311824
0.7914852,0.0,0.07767634
0.32625914,1.0,0.6443846
0.7240956,0.0,0.2670536
0.5699687,0.0,0.0060328445
0.51402605,0.0,0.24656823
0.8811602,0.0,0.0077619995
0.22058357,0.0,0.00055011606
0.264079,0.0,0.07612054
0.1787426,0.0,0.56477314
0.6136188,0.0,0.23212916
0.16822046,0.0,0.0
0.038115524,0.0,0.25965777
0.103628926,0.0,0.07728256
0.31615496,0.0,0.2541633
0.33322737,0.0,0.11320999
0.4021652,0.0,0.010160126
0.21701695,0.0,0.0060450723
0.25250623,0.0,0.2810887
0.5092794,0.0,0.039353322
0.025255153,0.0,0.0005905863
0.7856298,0.0,0.0
0.6795913,0.0,0.09371476
0.4877629,0.0,0.012558523
0.19971135,0.0,0.121556796
0.37592626,1.0,0.25981036
0.5688067,0.0,0.0918306
0.7830636,1.0,0.3332154
0.70430773,0.0,0.011420471
0.5240452,0.0,0.1358365
0.34085053,0.0,0.06625792
0.5175565,0.0,0.060629487
0.71134144,0.0,0.48823565
0.4220668,0.0,0.34333858
0.18708225,0.0,0.3885218
0.10756297,0.0,0.2990303
0.6305775,0.0,0.023444643
0.1734375,0.0,0.10686476
0.65106815,0.0,0.019648414
0.48953784,0.0,0.06690529
0.42432752,0.0,0.007690022
0.53168654,0.0,0.013797614
0.8313761,0.0,0.0
0.2828912,0.0,0.0048175743
0.051622946,0.0,0.010605234
0.8344729,0.0,0.0
0.74711335,0.0,0.0
0.3140817,0.0,0.14202823
0.6661069,0.0,0.31279784
0.89962834,0.0,0.33131084
0.7638941,0.0,0.51423407
0.63592154,0.0,0.09483902
0.86134785,0.0,0.016071076
0.70227236,0.0,0.67806864
0.79107815,0.0,0.22915182
0.30896246,0.0,0.034409504
0.798479,0.0,0.42778328
0.92056865,0.0,0.3432283
0.6849687,0.0,0.026888877
0.54072225,0.0,0.31568596
0.85072845,0.0,0.6816207
0.6642451,0.0,0.2781291
0.6886007,0.0,0.5134333
0.6075639,0.0,0.49894154
0.51111907,0.0,0.43905622
0.5001844,0.0,0.35665125
0.54908353,0.0,0.3834436
0.6347011,0.0,0.29086643
0.80607027,0.0,0.020111915
0.58423895,0.0,0.5809776
0.855232,1.0,0.31662652
0.56097394,1.0,0.44438457
0.9187395,1.0,0.6212292
0.94630355,1.0,0.6125664
0.795462,1.0,0.43495017
0.5803572,1.0,0.6265778
0.86853796,1.0,0.34022957
0.70627564,1.0,0.16367099
0.6292414,1.0,0.4014817
0.6300553,1.0,0.6282815
0.84841317,0.0,0.1924936
0.7512539,0.0,0.035351127
0.5829623,0.0,0.46451256
0.44312435,0.0,0.15273131
0.47411883,0.0,0.007819972
0.8536522,0.0,0.31884697
0.65640646,0.0,0.5254605
0.83739024,0.0,0.021490995
0.8795184,0.0,0.018777976
0.7680944,0.0,0.60989827
0.6604424,0.0,0.5707214
0.7387452,0.0,0.013666765
0.7984553,0.0,0.30028743
0.8153411,0.0,0.5781477
0.5742571,0.0,0.6465354
0.66357267,0.0,0.32837212
0.82322276,0.0,0.7468575
0.75278,0.0,0.6598165
0.47900677,0.0,0.5072932
0.71952313,0.0,0.09298214
0.7829981,0.0,0.0
0.43540308,0.0,0.09027319
0.8505346,0.0,0.008375504
0.76223797,0.0,0.39653268
0.9428199,0.0,0.0
0.8229668,0.0,0.42460704
0.8747121,1.0,0.21368818
0.88925815,0.0,0.1224817
0.6457815,0.0,0.7927616
0.7349789,0.0,0.73412484
0.59125996,0.0,0.27818382
0.90107614,0.0,0.20963939
0.4904351,0.0,0.032474548
0.9227197,0.0,0.0058854865
0.8420204,0.0,0.07121507
0.8521018,0.0,0.0050227726
0.96682304,0.0,0.3939318
0.96601737,0.0,0.008127052
0.8791835,0.0,0.22403026
0.871334,0.0,0.73224616
0.73879015,0.0,0.8200751
0.8462942,0.0,0.12460435
0.82055485,0.0,0.12586226
0.7211436,0.0,0.0064184177
0.6466844,0.0,0.00776132
0.21864103,0.0,0.0026866214
0.6325952,0.0,0.011128532
0.87804526,0.0,0.0
0.9057675,0.0,0.08800763
0.70390457,0.0,0.028190976
0.6925467,0.0,0.18034911
0.6410003,0.0,0.06416977
0.90862906,0.0,0.00954234
0.7117913,0.0,0.011469441
0.8892459,0.0,0.029284777
0.9107361,0.0,0.21546942
0.938879,0.0,0.29599914
0.8627496,0.0,0.6202716
0.8413997,0.0,0.77995104
0.81892496,0.0,0.77187985
0.75051373,0.0,0.27844197
0.89980555,0.0,0.59309536
0.8165451,0.0,0.49679244
0.7311339,0.0,0.10481466
0.85777974,0.0,0.7910273
0.8717902,0.0,0.0950362
0.7992842,0.0,0.44276786
0.870574,0.0,0.12408576
0.48300657,0.0,0.5111218
0.89184284,0.0,0.13196011
0.5757697,0.0,0.66476715
0.44315767,0.0,0.22007807
0.878872,0.0,0.019757409
0.7166843,0.0,0.5404273
0.5099824,0.0,0.39541867
0.693423,0.0,0.061481506
0.7361892,0.0,0.21632391
0.6332912,0.0,0.42845595
0.6905502,0.0,0.25192276
0.7357547,0.0,0.5773381
0.7398521,0.0,0.11418938
0.7763931,0.0,0.5534724
0.5811395,0.0,0.8185822
0.9446724,0.0,0.18036467
0.7282255,0.0,0.61322796
0.8912261,0.0,0.37411296
0.88551766,0.0,0.5841532
0.7454856,0.0,0.72573787
0.9500809,0.0,0.6454973
0.88101506,0.0,0.8423085
0.90063983,0.0,0.71165115
0.9529413,0.0,0.048132665
0.9264564,0.0,0.30850902
0.8617756,0.0,0.0
0.9664093,0.0,0.09310113
0.7647288,0.0,0.00035438736
0.8457382,0.0,0.17429918
0.71404284,0.0,0.0028020302
0.8720512,0.0,0.08940846
0.72839123,0.0,0.41072825
0.9297262,0.0,0.4044942
0.8867321,0.0,0.3091799
0.83135176,0.0,0.35484695
0.9241851,0.0,0.14192016
0.9637864,0.0,0.12041738
0.86976045,0.0,0.46067286
0.95483506,0.0,0.07020676
0.88164735,0.0,0.27402732
0.8583077,0.0,0.019609658
0.9700874,0.0,0.011975921
0.66866875,0.0,0.5517415
0.82480794,0.0,0.17228048
0.80613726,0.0,0.46888223
0.904489,0.0,0.0030514565
0.9390228,0.0,0.3104629
0.9264122,0.0,0.108551085
0.9588577,0.0,0.2571949
0.93190295,0.0,0.07416196
0.8941425,0.0,0.014060996
0.9325417,0.0,0.55291444
0.843618,0.0,0.2532153
0.8907374,0.0,0.18737759
0.8904385,0.0,0.6310641
0.9343611,0.0,0.48580602
0.9482191,0.0,0.5328052
0.811425,0.0,0.3665363
0.8517303,0.0,0.5732587
0.86932236,0.0,0.12042722
0.6544476,0.0,0.37220648
0.8364492,0.0,0.009165302
0.4694881,0.0,0.2714864
0.86494726,0.0,0.030646134
0.5973743,0.0,0.12173461
0.91431046,0.0,0.016592301
0.7616329,0.0,9.765219e-05
0.9135272,0.0,0.1417113
0.9391807,0.0,0.065196656
0.93470144,0.0,0.30642405
0.9019416,0.0,0.5712484
0.9213825,0.0,0.6016732
0.8409417,0.0,0.008742858
0.76811206,0.0,0.21927069
0.78152716,0.0,0.516375
0.4985891,0.0,0.39374456
0.6626845,0.0,0.073994786
0.8912983,0.0,0.037892647
0.8607541,0.0,0.81992394
0.8613433,0.0,0.5332755
0.86338884,0.0,0.042922053
0.81708586,0.0,0.17775533
0.904527,0.0,0.0
0.96680945,0.0,0.0139817055
0.8926417,0.0,0.0
0.35879245,0.0,0.0
0.62595725,0.0,0.0
0.8486001,0.0,0.0102708135
0.4441943,0.0,0.26205558
0.5328755,0.0,0.048778027
0.4281196,0.0,0.28372812
0.45844474,0.0,0.048986305
0.66683733,0.0,0.0
0.46495312,0.0,0.0071505373
0.84070843,0.0,0.0067051267
0.6086367,0.0,0.14569026
0.8185614,0.0,0.059977006
0.8788946,0.0,0.0008502454
0.938323,0.0,0.1012566
0.7751099,0.0,0.5389928
0.7029798,0.0,0.36728546
0.8234885,0.0,0.20616403
0.85835683,0.0,0.7804621
0.94642943,0.0,0.216119
0.8781331,0.0,0.16239725
0.8817907,0.0,0.15707237
0.64766335,0.0,0.14795287
0.9125048,0.0,0.0039399522
0.60922265,0.0,0.059441715
0.73423827,0.0,0.0016870826
0.7289737,0.0,0.0
0.6688774,0.0,0.0014036401
0.5202957,0.0,0.0
0.6215346,1.0,0.43583858
0.44850117,1.0,0.40383708
0.6825328,1.0,0.46583083
0.566135,1.0,0.4509703
0.86646634,0.0,0.020612897
0.773939,0.0,0.07013211
0.93201745,0.0,0.00027685077
0.53669435,0.0,0.029509615
0.79368347,0.0,0.0004119856
0.650224,0.0,0.047855664
0.3570681,0.0,0.1659736
0.47589675,0.0,0.3369269
0.3681004,0.0,0.7468752
0.5691158,0.0,0.2034686
0.6520441,0.0,0.08471724
0.6625809,0.0,0.06590506
0.57969624,1.0,0.52323335
0.5186766,1.0,0.5045595
0.6642513,1.0,0.20094639
0.2827988,0.0,0.04624184
0.48213217,1.0,0.62884307
0.33841836,1.0,0.6411328
0.6872362,0.0,0.0930522
0.6768596,1.0,0.22685711
0.7464131,0.0,0.20186749
0.8970193,0.0,0.0077767423
0.76337826,0.0,0.41623437
0.81937057,0.0,0.10994143
0.89837396,0.0,0.18363616
0.90901977,0.0,0.5861724
0.59140784,0.0,0.34830564
0.58364147,0.0,0.81136125
0.5685853,0.0,0.7584706
0.40425867,0.0,0.16687775
0.73765963,0.0,0.100875266
0.62665397,0.0,0.06697334
0.84858304,0.0,0.019356353
0.56381077,0.0,0.06484988
0.70851505,0.0,0.00021972154
0.84343314,0.0,0.012058233
0.9320227,0.0,0.009230581
0.76293564,0.0,0.36607674
0.6371502,0.0,0.14527197
0.8761471,0.0,0.0014320347
0.93724173,0.0,0.17020857
0.9782314,0.0,0.026556002
0.81140196,0.0,0.31950593
0.8010794,0.0,0.74924225
0.6510497,0.0,0.52817154
0.77192634,0.0,0.5261659
0.97372806,0.0,0.010042818
0.89604276,0.0,0.66017884
0.9739623,0.0,0.20790909
0.92334664,0.0,0.4588833
0.9503839,0.0,0.8104255
0.8379111,0.0,0.5606907
0.92202353,0.0,0.045727003
0.8402276,0.0,0.11555478
0.7828842,0.0,0.3695092
0.65651906,0.0,0.46079928
0.9306035,0.0,0.009410834
0.7875019,0.0,0.10497138
0.95870805,0.0,0.004868212
0.91106045,0.0,0.110004745
0.51635426,0.0,0.0
0.3065789,0.0,0.037980553
0.62421477,0.0,0.013783102
0.8333346,0.0,0.2000845
0.6743795,0.0,0.31253368
0.63011485,0.0,0.17145124
0.4449343,0.0,0.08369579
0.81646705,0.0,0.00573458
0.47649366,0.0,0.17820713
0.6762415,0.0,0.005996703
0.90383995,0.0,0.22748682
0.85585415,0.0,0.32315785
0.83126897,0.0,0.22265948
0.9445121,0.0,0.0
0.7891019,0.0,0.09846382
0.88550216,0.0,0.513183
0.9316485,0.0,0.2023318
0.65104234,0.0,0.00819363
0.89747155,0.0,0.044235263
0.95850736,0.0,0.36763236
0.9243546,0.0,0.19979818
0.80450696,0.0,0.0
0.88108724,0.0,0.18728136
0.91957414,0.0,0.6074569
0.78846776,0.0,0.29192042
0.7792588,0.0,0.026325835
0.8648191,0.0,0.6516358
0.87385464,0.0,0.7088964
0.8820073,0.0,0.5758287
0.94764805,0.0,0.5172402
0.8419621,0.0,0.50286275
0.9649093,0.0,0.49139985
0.9291668,0.0,0.24360509
0.89090514,0.0,0.6875799
0.873374,0.0,0.3234474
0.85346156,0.0,0.27342972
0.41752166,0.0,0.70355946
0.48449156,0.0,0.4622582
0.6694475,0.0,0.07368499
0.65065163,0.0,0.4279284
0.93533677,0.0,0.20044675
0.8624009,0.0,0.0035525754
0.93630874,0.0,0.047996297
0.9371447,0.0,0.045033935
0.7477545,0.0,0.1497333
0.798818,0.0,0.7522684
0.7759394,0.0,0.31257355
0.496655,0.0,0.06609303
0.45794514,0.0,0.40478653
0.6026157,1.0,0.57179135
0.7990085,1.0,0.41495323
0.6331997,1.0,0.6746646
0.5575959,1.0,0.113605715
0.6735187,1.0,0.21840523
0.7599497,1.0,0.13603616
0.6915081,0.0,0.20471875
0.776177,0.0,0.061065093
0.70141363,0.0,0.0624505
0.79100883,1.0,0.31633222
0.947897,0.0,0.0
0.88360655,1.0,0.1410495
0.6407414,0.0,0.009710941
0.91914296,0.0,0.107463315
0.8682556,0.0,0.02625127
0.95750093,0.0,0.21603575
0.7748079,0.0,0.6996416
0.89750683,1.0,0.7109033
0.87261,1.0,0.25000072
0.9678179,1.0,0.39209142
0.900135,0.0,0.00040810983
0.8970291,1.0,0.20274854
0.8552288,0.0,0.0075695775
0.6233962,1.0,0.10058506
0.667834,0.0,0.013815578
0.83694977,1.0,0.27837348
0.7757701,0.0,0.004389952
0.8915345,0.0,0.0010398774
0.9307556,1.0,0.0450083
0.82231075,0.0,0.16745473
0.73238367,1.0,0.50920594
0.9170344,0.0,0.2910585
0.7429054,0.0,0.5465647
0.59555656,0.0,0.82439613
0.79502827,0.0,0.22189198
0.66148245,0.0,0.08267193
0.90580857,0.0,0.0
0.73262733,0.0,0.0
0.73537487,0.0,0.00016935113
0.48195833,0.0,0.0005508636
0.8114354,0.0,0.005624639
0.5858847,0.0,0.08347314
0.8527423,0.0,0.2084032
0.49723622,0.0,0.17089568
0.73546636,0.0,0.8390817
0.59631616,0.0,0.790747
0.43116304,0.0,1.0
0.3040683,0.0,0.7824427
0.65582633,0.0,0.17962989
0.48799747,0.0,0.0027977368
0.6262613,0.0,0.010245366
0.9226594,0.0,0.12776448
0.8329547,0.0,0.0007591488
0.2828391,0.0,0.007370402
0.56688994,0.0,0.0013397892
0.8498125,1.0,0.056568626
0.3343344,0.0,0.0
0.6448655,0.0,0.0
0.33496767,1.0,0.024503984
0.775259,1.0,0.07869515
0.86896217,0.0,0.01053306
0.8611282,0.0,0.0
0.83019286,0.0,0.002066568
0.6688755,0.0,0.012962373
0.942888,0.0,0.0
0.93131393,0.0,0.02251254
0.9181434,0.0,0.069235116
0.8800987,0.0,0.47642532
0.7524586,0.0,0.5977897
0.8728259,0.0,0.50997895
0.68464524,0.0,0.26079103
0.79827034,0.0,0.0
0.82411283,0.0,0.0
0.88318986,0.0,0.016850166
0.70175904,1.0,0.038927518
0.47342145,1.0,0.2879874
0.26873526,0.0,0.039080754
0.20795037,1.0,0.27199012
0.30711338,1.0,0.53868204
0.57290834,1.0,0.5998645
0.44707048,1.0,0.2584903
0.54647726,1.0,0.13691631
0.9040359,0.0,0.0
0.491356,1.0,0.30742368
0.5501608,1.0,0.61622936
0.48969674,0.0,0.23845118
0.76572907,0.0,1.0
0.76687235,0.0,0.47471568
0.6898927,0.0,0.43252975
0.68487734,0.0,0.23567708
0.60144806,0.0,0.65874916
0.6703583,0.0,0.5884787
0.75586456,0.0,0.23382503
0.61322176,0.0,0.4578423
0.57120186,0.0,0.61549133
0.5882123,0.0,0.56233335
0.3906453,0.0,0.40052778
0.4268896,0.0,0.47150302
0.4335184,0.0,0.30066583
0.56062156,0.0,0.33555427
0.81984484,0.0,0.10301779
0.8353815,0.0,0.30356786
0.8489224,0.0,0.15556887
0.8642959,0.0,0.40382987
0.8772328,0.0,0.248979
0.92103034,0.0,0.0
0.70218533,0.0,0.37500185
0.52798444,0.0,0.5821192
0.6799363,0.0,0.02156088
0.8109518,0.0,0.3725288
0.85006595,1.0,0.6700771
0.81846434,1.0,0.26412308
0.7221626,0.0,0.0224741
0.68856263,0.0,0.42150518
0.74742264,0.0,0.40078324
0.60150033,0.0,0.0
0.61731595,0.0,0.0993501
0.45912477,0.0,0.68404216
0.80937684,0.0,0.15286653
0.52350247,0.0,0.40377778
0.8317333,0.0,0.26396298
0.71921223,0.0,0.0
0.2585805,0.0,0.1748053
0.6610831,0.0,0.4629732
0.5758186,0.0,0.06739343
0.5317621,0.0,0.0
0.34326494,0.0,0.3300879
0.5920951,0.0,0.397836
0.7753731,0.0,0.080901206
0.38637716,0.0,0.0077296426
0.72464377,0.0,0.5612377
0.46022886,1.0,0.481801
0.40500435,1.0,0.29387146
0.11441196,1.0,0.7199022
0.5248885,1.0,0.19781256
0.659961,0.0,0.1096079
0.2602185,1.0,0.17780401
0.10391441,1.0,0.096449405
0.44778246,0.0,0.0
0.3573889,0.0,0.14004196
0.35197785,0.0,0.0
0.46614668,0.0,0.10579865
0.49057645,0.0,0.23774412
0.80743915,0.0,0.20997542
0.7407994,0.0,0.0077141635
0.64100975,0.0,0.27499175
0.7964695,0.0,0.44205192
0.88782346,0.0,0.00441551
0.8205077,0.0,0.40221563
0.8399587,0.0,0.3647731
0.8490605,0.0,0.09174883
0.7048874,0.0,0.42792884
0.85821897,0.0,0.213762
0.9251231,0.0,0.68015486
0.7458869,0.0,0.36224747
0.5809019,0.0,0.42796034
0.78814495,0.0,0.0865877
0.87244916,0.0,0.16146022
0.5986045,0.0,0.40507782
0.54122275,0.0,0.22738956
0.84637713,0.0,0.0
0.5920137,0.0,0.49667856
0.6090923,0.0,0.47691426
0.6679592,0.0,0.039527267
0.68969315,0.0,0.12637304
0.65292954,0.0,0.2961602
0.20382899,0.0,0.20481223
0.6782209,0.0,0.061960656
0.8053576,0.0,0.008013614
0.7752214,0.0,0.32242134
0.7254109,0.0,0.33522767
0.8428667,1.0,0.4254936
0.7911718,1.0,0.07909457
0.61664146,1.0,0.70373577
0.58691025,0.0,0.31495318
0.3923893,1.0,0.33225858
0.7436134,1.0,0.056303825
0.32224455,1.0,0.43255892
0.6932812,1.0,0.13464548
0.30166516,1.0,0.36158437
0.6502196,1.0,0.5818695
0.4446075,1.0,0.50884515
0.66164094,0.0,0.072481975
0.80046004,1.0,0.1672929
0.72327083,0.0,0.27150244
0.62416184,0.0,0.5279639
0.78778887,0.0,0.027547605
0.7561965,0.0,0.3731139
0.6934483,0.0,0.55062735
0.7327546,0.0,0.3594536
0.48384273,0.0,0.075931154
0.65655667,0.0,0.38998947
0.68248427,0.0,0.38010317
0.65927577,0.0,0.0933199
0.7051358,0.0,0.4973412
0.59478873,0.0,0.34697247
0.56624347,0.0,0.35321885
0.8030696,0.0,0.074682765
0.8065811,0.0,0.011493536
0.56458217,0.0,0.38208842
0.46326736,0.0,0.57737815
0.91408086,0.0,0.012939101
0.45698178,0.0,0.051165625
0.36439073,0.0,0.34414604
0.19049616,1.0,0.4125791
0.82669884,0.0,0.0013445776
0.16405077,0.0,0.16679569
0.57002795,0.0,0.3034216
0.10120715,1.0,0.31178546
0.49157307,0.0,0.0032708577
0.18877774,1.0,0.30785102
0.20399223,1.0,0.5831508
0.20391682,1.0,0.3520483
0.6580923,1.0,0.02205759
0.7913752,0.0,0.07284744
0.47337115,0.0,0.3220855
0.07126978,1.0,0.34267202
0.40964445,0.0,0.0
0.85050595,1.0,0.18069977
0.33023733,1.0,0.6033206
0.7598932,0.0,0.108856775
0.639815,0.0,0.73373026
0.61901367,0.0,0.39247867
0.66072196,0.0,0.027019538
0.8328415,0.0,0.44296378
0.8832964,0.0,0.3781378
0.750161,0.0,0.12257793
0.8750508,0.0,0.11006981
0.8545035,0.0,0.368951
0.7935384,0.0,0.5375432
0.7902108,0.0,0.690258
0.8088356,0.0,1.0
0.87941724,0.0,1.0
0.8294762,0.0,0.66964483
0.79730624,0.0,0.47747198
0.93830794,0.0,0.5515007
0.69829327,0.0,0.4143425
0.8522389,0.0,0.3985587
0.8441688,0.0,0.45673934
0.657572,0.0,0.43636796
0.59828264,0.0,0.6279837
0.7700317,0.0,0.47009367
0.6083838,0.0,0.335563
0.6976666,0.0,0.44040003
0.55487686,0.0,0.6168521
0.578473,0.0,0.16962625
0.6070994,0.0,0.20791826
0.5291734,0.0,0.4366172
0.40209457,0.0,0.36359066
0.8159452,0.0,0.0
0.528017,0.0,0.17467812
0.4425232,0.0,0.59084934
0.46545175,0.0,0.35955587
0.63653964,0.0,0.0
0.49723104,0.0,0.28732732
0.2144375,0.0,0.65108764
0.40571246,0.0,0.2386597
0.45189947,0.0,0.1480152
0.5177656,0.0,0.32486358
0.79114604,0.0,0.5618586
0.8204482,0.0,0.0
0.75843227,0.0,0.0302437
0.8648428,0.0,0.46456796
0.78515345,0.0,0.16033633
0.44844526,0.0,0.00046234205
0.88566566,0.0,0.24870037
0.66721517,0.0,0.51248103
0.6533963,0.0,0.21246253
0.83836055,0.0,0.64251596
0.45967054,0.0,0.11918092
0.80560523,0.0,0.10040918
0.8216223,0.0,0.52762836
0.3888908,0.0,0.45362994
0.89569974,0.0,0.30776024
0.92817354,0.0,0.3082516
0.8900324,0.0,0.28026006
0.93980074,0.0,0.23403166
0.7997307,0.0,0.0
0.9562484,0.0,0.0
0.6461568,0.0,0.4442416
0.50998014,0.0,0.093629874
0.65663886,0.0,0.0058585936
0.55886954,0.0,0.35705155
0.5985808,0.0,0.64598066
0.32118082,0.0,0.18154891
0.35506,0.0,0.42999354
0.7202413,0.0,0.5505536
0.36288497,0.0,0.07968544
0.46904552,0.0,0.37725374
0.6777429,0.0,0.24901502
0.19211203,0.0,0.37025076
0.69321483,0.0,0.03601242
0.62444526,0.0,0.0075877905
0.8748678,0.0,0.0
0.2704416,0.0,0.31686482
0.6719969,0.0,0.0040956708
0.4206783,0.0,0.000905892
0.6679744,0.0,0.0072218473
0.44594666,0.0,0.322887
0.25204742,1.0,0.60090286
0.8403097,0.0,0.4529406
0.8700595,0.0,0.69747615
0.50866145,0.0,0.21830316
0.8646374,0.0,0.0
0.44962847,0.0,0.31893536
0.9581324,0.0,0.2945852
0.92732275,0.0,0.0
0.21929249,0.0,0.038226813
0.6125306,0.0,0.5186301
0.96591836,0.0,0.09460786
0.78454465,0.0,0.0002550048
0.894248,0.0,0.009414068
0.70953566,0.0,0.2852728
0.34297928,0.0,0.21522847
0.76301724,0.0,0.009066601
0.7478904,0.0,0.45731008
0.834731,0.0,0.019239496
0.52656776,0.0,0.4868759
0.8417745,0.0,0.6960274
0.7348721,0.0,0.2473059
0.807069,0.0,0.19561785
0.36730936,0.0,0.0061419113
0.34453306,0.0,0.003966386
0.49716976,0.0,0.38865405
0.8788784,0.0,0.0
0.15501077,0.0,0.0
0.4426162,0.0,0.1776398
0.6779254,0.0,0.28101566
0.56656104,0.0,0.0003086954
0.17031173,1.0,0.018097946
0.2257265,0.0,0.35004166
0.5044991,0.0,0.1193023
0.6005983,0.0,0.004184561
0.24674132,1.0,0.40958932
0.20009771,1.0,0.23545514
0.15945819,1.0,0.054219797
0.38356215,1.0,0.71244735
0.23933616,1.0,0.44873527
0.6127945,1.0,0.59160745
0.44938818,1.0,0.4984808
0.45974025,0.0,0.20186749
0.13744289,1.0,0.16514957
0.21968941,1.0,0.21371162
0.70539445,0.0,0.18522933
0.6465758,0.0,0.00063363335
0.5217509,0.0,0.0
0.29663688,1.0,0.2947105
0.88751394,0.0,0.18677074
0.597422,0.0,0.0
0.69099456,0.0,0.0
0.64371806,0.0,0.38590732
0.7150315,0.0,0.23262872
0.798265,0.0,0.009310325
0.97418076,0.0,0.114472784
0.90620977,0.0,0.72501975
0.93377405,0.0,0.099645115
0.9143578,0.0,0.7043876
0.97149456,0.0,0.6325336
0.9155418,0.0,0.4019481
0.94901466,0.0,0.04920655
0.4526808,0.0,0.48533693
0.84462696,0.0,0.30807617
0.6136029,0.0,0.21795493
0.38364953,1.0,0.5096769
0.8010436,0.0,0.022311613
0.9579242,0.0,0.0
0.22496557,1.0,0.19242461
0.3073494,1.0,0.39326108
0.3118133,0.0,0.0
0.11114997,0.0,0.0
0.0643748,1.0,0.18482633
0.34912488,1.0,0.09335375
0.61580545,0.0,0.0
0.11313604,1.0,0.13915567
0.22608356,1.0,0.48488566
0.36256385,0.0,0.012520695
0.29157484,1.0,0.11996396
0.3656038,1.0,0.3718537
0.57388145,1.0,0.11794567
0.4494993,0.0,0.03861851
0.41797027,1.0,0.25921935
0.53572726,1.0,0.29880896
0.88355887,1.0,0.7235463
0.40890023,1.0,0.6442571
0.80763596,1.0,0.19058971
0.60141176,1.0,0.7105768
0.745071,1.0,0.6568738
0.8697305,0.0,0.35295346
0.5309041,1.0,0.13441922
0.7390981,0.0,0.32370514
0.5403991,0.0,0.21621743
0.8430635,0.0,0.6130795
0.32826287,1.0,0.54772437
0.5350102,0.0,0.009357936
0.854812,0.0,0.11101033
0.51518714,0.0,0.41737053
0.14086114,1.0,0.4316483
0.16011855,1.0,0.022179065
0.123826936,1.0,0.38210386
0.77643424,1.0,0.52486223
0.47286788,1.0,0.23818044
0.41196677,0.0,0.10161804
0.3736176,0.0,0.48044893
0.48632872,0.0,0.8432988
0.57280713,0.0,0.29804432
0.15023944,0.0,0.42373073
0.26931626,0.0,0.13157758
0.704151,0.0,0.39624146
0.49913347,0.0,0.41714168
0.8145527,0.0,0.5138955
0.5424196,0.0,0.15794311
0.4588189,0.0,0.0
0.7329981,0.0,0.42597252
0.6349217,0.0,0.37961346
0.4243541,0.0,0.0026886435
0.84329623,0.0,0.0702145
0.7747567,0.0,0.30386955
0.39969718,0.0,0.21760356
0.68776107,0.0,0.0
0.8210161,0.0,0.37179568
0.8147327,0.0,0.6217543
0.71049947,0.0,0.4569485
0.63527805,0.0,0.40071267
0.58209795,1.0,0.066276364
0.6232196,1.0,0.60429496
0.41630667,1.0,0.36883023
0.71319914,1.0,0.32155
0.87066877,0.0,0.6776049
0.6881062,0.0,0.48859715
0.7393318,0.0,0.5989045
0.62935984,0.0,0.5740823
0.71071345,0.0,0.52913
0.55016935,0.0,0.6062444
0.7028679,0.0,0.2014336
0.5285191,0.0,0.35050917
0.76062936,0.0,0.13405861
0.5307871,0.0,0.12958089
0.73612446,0.0,0.2953322
0.8981036,0.0,0.4000681
0.86011463,0.0,0.5916346
0.71129787,0.0,0.18452147
0.88450265,0.0,0.059857093
0.8925501,0.0,0.35042998
0.55094725,0.0,0.3708703
0.8867326,0.0,0.0011887691
0.7901583,0.0,0.29284915
0.9374878,0.0,0.74457693
0.88075143,0.0,0.40409473
0.86219186,0.0,0.6914984
0.8539195,0.0,0.21763542
0.88070446,0.0,0.21510397
0.8726547,0.0,0.009549654
0.89558536,0.0,0.46017814
0.8684805,0.0,0.08383434
0.6008721,0.0,0.10483634
0.7776326,0.0,0.14250593
0.73213494,0.0,0.03336961
0.81649417,0.0,0.01775094
0.7127604,0.0,0.31193998
0.8236168,0.0,0.053712677
0.8343314,0.0,0.037051346
0.8827297,0.0,0.12730254
0.7700429,0.0,0.30692786
0.8993287,0.0,0.35755518
0.5036418,0.0,0.026688121
0.73076934,0.0,0.0027065484
0.6287893,0.0,0.43348476
0.23396857,0.0,0.15894584
0.37045205,0.0,0.0025960556
0.6989987,0.0,0.091038376
0.5853795,0.0,0.046677932
0.85457593,0.0,0.026999414
0.5603852,0.0,0.37737313
0.45121118,0.0,0.3074781
0.65848947,0.0,0.6700887
0.6113456,0.0,0.21302167
0.7308643,0.0,0.42910945
0.6522624,0.0,0.7385982
0.86651057,0.0,0.059533324
0.8879638,0.0,0.7611014
0.8006217,0.0,0.34825155
0.85650593,0.0,0.511061
0.91073114,0.0,0.26852718
0.88371676,0.0,0.5314972
0.896183,0.0,0.18391731
0.9148712,0.0,0.8283005
0.8999199,0.0,0.5155631
0.92828983,0.0,0.74125236
0.9020384,0.0,0.30264
0.94690394,0.0,0.7980702
0.8359008,0.0,0.19878684
0.9348556,0.0,0.32273778
0.8401289,0.0,0.6693931
0.9420933,0.0,0.41191703
0.93206215,0.0,0.08009926
0.91971207,0.0,0.14483036
0.9351077,0.0,0.0
0.91705567,0.0,0.23859324
0.9692534,0.0,0.6139172
0.89518493,0.0,0.39396894
0.8842748,0.0,0.082494035
0.95342815,0.0,0.5283795
0.8370262,0.0,0.4000539
0.96540624,0.0,0.00197257
0.9301533,0.0,0.49453855
0.80192685,0.0,0.053403914
0.86708397,0.0,0.0007052687
0.7807427,0.0,0.42719457
0.22835773,0.0,0.17684084
0.7089871,0.0,0.07231738
0.24113572,0.0,0.024002267
0.17473127,1.0,0.078724004
0.65943444,1.0,0.0032119176
0.25914508,1.0,0.010325203
0.031036718,1.0,0.09485088
0.5501017,1.0,0.003314512
0.09178786,1.0,0.00556313
0.13634749,0.0,0.00035067223
0.44475135,1.0,0.00020295463
0.4727293,1.0,0.011703981
0.6129889,0.0,0.0
0.25225297,0.0,0.014037371
0.20184289,0.0,0.013485193
0.90862197,0.0,0.00024604658
0.90706676,0.0,0.0
0.25669593,0.0,0.048324503
0.5844919,0.0,0.0
0.6565446,0.0,0.00043211505
0.7099907,0.0,0.0029369046
0.69564176,0.0,0.0038874755
0.5190217,0.0,0.00028667014
0.67386943,0.0,0.0
0.9355165,0.0,0.0030734274
0.8134415,0.0,0.037345067
0.7352664,0.0,0.24874811
0.6400581,0.0,0.054051295
0.8933636,0.0,0.49541602
0.94473106,0.0,0.44194815
0.76677805,0.0,0.67682594
0.88478523,0.0,0.29370582
0.87282974,0.0,0.3305493
0.83792937,0.0,0.20807894
0.7323738,0.0,0.19443336
0.8152042,0.0,0.0028159996
0.4330881,0.0,0.00093748904
0.7874529,0.0,0.026542999
0.5734085,0.0,0.045824513
0.6832412,0.0,0.0
0.60989875,0.0,0.00057926733
0.5053623,0.0,0.03185917
0.19551805,0.0,0.087962545
0.5802802,0.0,0.09249283
0.92574257,0.0,0.093207695
0.6374603,0.0,0.39937386
0.3022337,0.0,0.71846926
0.45428544,0.0,0.4712699
0.84548306,0.0,0.008066797
0.65811545,1.0,0.18246457
0.07900761,1.0,0.45299602
0.40043756,0.0,0.12153459
0.60013753,1.0,0.0029352803
0.23643503,1.0,0.40459818
0.23285986,1.0,0.0036100307
0.2169865,1.0,0.0
0.10727763,1.0,0.23751198
0.5514789,1.0,0.08185553
0.1602563,0.0,0.034005992
0.3239077,0.0,0.12511788
0.64551806,0.0,0.00033209403
0.5488579,0.0,0.0
0.3326945,0.0,0.20209883
0.9062592,0.0,0.005138807
0.827589,0.0,0.0005737919
0.76831996,0.0,0.2818926
0.55010873,0.0,0.4483724
0.77841574,0.0,0.32642296
0.8940168,0.0,0.0
0.8197785,0.0,0.00039785545
0.8856104,0.0,0.0
0.72217345,0.0,0.055868465
0.7918897,0.0,0.0069990507
0.88559663,0.0,0.026390696
0.89354485,0.0,0.3510509
0.8686876,0.0,0.3187348
0.7894494,0.0,0.5354202
0.71708775,0.0,0.23927757
0.68729055,0.0,0.64387864
0.721326,0.0,0.43274754
0.7976548,0.0,0.11033195
0.87752193,0.0,0.0022073013
0.59462154,0.0,0.059961185
0.8048533,0.0,0.057477504
0.53462136,0.0,0.045422982
0.75018984,0.0,0.37960178
0.5618567,0.0,0.12580204
0.7693687,0.0,0.33225197
0.81344664,0.0,0.1885741
0.7947813,1.0,0.031463563
0.8520898,1.0,0.2829164
0.8158703,1.0,0.045206092
0.7847758,1.0,0.09742516
0.8498271,0.0,0.53507656
0.94615537,0.0,0.79054976
0.82926536,1.0,0.53621656
0.7786881,0.0,0.5769941
0.7371593,1.0,0.41492915
0.8522932,0.0,0.35478953
0.84444475,1.0,0.5392806
0.83024204,1.0,0.02806724
0.8392936,1.0,0.18485774
0.6991102,1.0,0.12021691
0.8201856,1.0,0.6007483
0.676673,0.0,0.25255552
0.73103654,0.0,0.6831669
0.81005037,0.0,0.2450653
0.8116796,0.0,0.26623207
0.6386083,0.0,0.7120827
0.8236054,0.0,0.27099675
0.81125236,0.0,0.3264876
0.79102325,0.0,0.50854063
0.64800256,0.0,0.61455077
0.90617794,0.0,0.08075112
0.7554944,0.0,0.3583396
0.864295,0.0,0.76740235
0.90890485,0.0,0.8474193
0.87315774,0.0,0.27962527
0.9131865,0.0,0.62494564
0.87999475,0.0,0.34391913
0.85949093,0.0,0.50016844
0.8718526,0.0,0.023963679
0.8381288,0.0,0.5058957
0.8460573,0.0,0.5615435
0.7961544,0.0,0.06070927
0.68202835,0.0,0.08088979
0.6282968,0.0,0.12145888
0.46426657,0.0,0.2975694
0.6215667,0.0,0.06890408
0.27586204,0.0,0.5563005
0.33208576,0.0,0.35094222
0.54586226,0.0,0.026759382
0.7203663,0.0,0.06129027
0.4661312,0.0,0.11387397
0.9539669,0.0,0.02291604
0.7083072,0.0,0.03871401
0.73625463,0.0,0.36126056
0.878299,0.0,0.26447558
0.7293272,0.0,0.22252683
0.8372905,0.0,0.620949
0.7954531,0.0,0.061222948
0.86114794,0.0,0.0035658083
0.73669195,0.0,0.051034037
0.94380176,0.0,0.020770025
0.5871465,0.0,0.012625357
0.89726686,0.0,0.0
0.91164035,0.0,0.2838465
0.91406214,0.0,0.46929774
0.60109156,0.0,0.14527507
0.8788657,0.0,0.0
0.7960797,0.0,0.0
0.9815166,0.0,0.0014662753
0.1459398,0.0,0.00090127334
0.97100914,0.0,0.004226005
0.42292815,1.0,0.007281101
0.81232095,0.0,0.0026956047
0.2135293,0.0,0.07385915
0.85329384,1.0,0.0
0.55438775,0.0,0.18857701
0.2560321,0.0,0.008556338
0.4564572,0.0,0.0
0.54995316,0.0,0.00061964773
0.24053602,1.0,0.008261468
0.57987905,1.0,0.01552549
0.83434564,0.0,0.00062638
0.7165228,1.0,0.35498592
0.90539074,0.0,0.29903552
0.8544103,0.0,0.059058122
0.9651208,0.0,0.0025037625
0.8481002,0.0,0.001064499
0.7641228,0.0,0.22765397
0.3335861,0.0,0.25067627
0.730625,0.0,0.19821306
0.67656535,0.0,0.20201263
0.723315,0.0,0.2351176
0.326651,1.0,0.4883985
0.17162128,1.0,0.4751493
0.07334821,1.0,0.09298237
0.061335642,1.0,0.21363932
0.020516498,1.0,0.07095511
0.27335465,1.0,0.0
0.082558334,1.0,0.0073621455
0.48303962,0.0,0.01353488
0.27206725,0.0,0.0060528703
0.6058643,0.0,0.0016194232
0.29640526,0.0,0.0
0.6554927,0.0,0.0
0.5920965,0.0,0.008378005
0.7842433,0.0,0.00083925383
0.7429232,0.0,0.5242823
0.87140137,0.0,0.28114066
0.83456045,0.0,0.7707261
0.7851438,0.0,0.6211284
0.70508504,0.0,0.093822554
0.7357367,0.0,0.29097182
0.9003144,0.0,0.10364899
0.91627824,0.0,0.0010204571
0.81235874,0.0,0.0752596
0.85192984,0.0,0.0
0.7994401,0.0,0.014171448
0.38743684,0.0,0.005615447
0.3837083,0.0,0.022408703
0.38412747,1.0,0.028149322
0.6492424,0.0,0.104588665
0.2584031,0.0,0.38191724
0.2900953,1.0,0.36448768
0.67075795,1.0,0.0018164624
0.62775743,0.0,0.16227998
0.61474323,0.0,0.29926196
0.7089551,0.0,0.5099384
0.63620275,0.0,0.0
0.7930295,0.0,0.07179372
0.70316267,0.0,0.005471935
0.89003026,0.0,0.1569075
0.63256204,0.0,0.0
0.8918078,0.0,0.06917197
0.6988739,0.0,0.06703763
0.93526024,0.0,0.33501688
0.73766243,0.0,0.5768114
0.8286715,0.0,0.2666337
0.59479266,0.0,0.12803169
0.60443884,0.0,0.13629696
0.26049882,0.0,0.20386517
0.6544595,0.0,0.00039878045
0.5014818,0.0,0.03297033
0.1684985,0.0,0.33491832
0.0688201,1.0,0.24519244
0.81771415,0.0,0.007356581
0.4358519,0.0,0.055330325
0.6711828,0.0,0.0
0.7045071,0.0,2.5197303e-05
0.5815777,0.0,0.27008814
0.82910186,0.0,0.01420624
0.5939168,0.0,0.20442966
0.74456537,0.0,0.40451714
0.83962655,0.0,0.9385453
0.5823792,1.0,0.84034467
0.7602887,0.0,0.5556134
0.55834043,1.0,0.54203427
0.5426785,0.0,0.53613484
0.74428284,0.0,0.6690655
0.5898085,1.0,0.6667337
0.37159202,1.0,0.79569906
0.56998944,0.0,0.29406205
0.50296295,0.0,0.6283288
0.7314448,1.0,0.4163894
0.73179656,0.0,0.97454953
0.64898944,0.0,0.7467324
0.4277443,0.0,0.45658776
0.48955116,0.0,0.06586456
0.6834828,0.0,0.053502243
0.54955405,0.0,0.68505234
0.6494104,0.0,0.6765375
0.82185125,0.0,0.20766547
0.7639346,0.0,0.3552806
0.28729266,0.0,0.41618198
0.52932787,0.0,0.14582628
0.7299094,0.0,0.15284626
0.5978252,0.0,0.18578403
0.39171308,0.0,0.0
0.77408284,0.0,0.0077437325
0.6432274,0.0,0.09475785
0.5400111,0.0,0.05728497
0.391719,0.0,0.05142621
0.6511475,0.0,0.030904211
0.6424653,0.0,0.3342532
0.5946545,0.0,0.00024187162
0.59511673,0.0,0.009384689
0.8180322,0.0,0.006060282
0.82400763,0.0,0.23053432
0.5135939,0.0,0.0007856999
0.91359764,0.0,0.006781643
0.8538044,0.0,0.19877253
0.8666039,0.0,0.19155641
0.80490744,0.0,0.008131143
0.9374307,0.0,0.14844087
0.9644056,0.0,0.59778845
0.65779155,0.0,0.34830955
0.9315977,0.0,0.25432363
0.91350317,0.0,0.39577726
0.9055871,0.0,0.6712337
0.65036315,0.0,0.4599005
0.9157732,0.0,0.15319847
0.56581616,0.0,0.014736617
0.86897475,0.0,0.0
0.8471589,0.0,0.027486451
0.46783984,0.0,0.0075627347
0.21714436,0.0,0.044550106
0.69290614,0.0,0.021609152
0.25053066,0.0,0.028540641
0.649626,0.0,0.016043833
0.6202902,0.0,0.0057914536
0.30579913,0.0,0.0014360351
0.10256648,0.0,0.04121502
0.3498448,0.0,0.009749459
0.0915845,0.0,0.0045875725
0.42408344,0.0,0.0
0.45346954,0.0,0.013553587
0.45538872,0.0,0.00047373382
0.613349,0.0,0.019573571
0.23818384,0.0,0.14199774
0.42140236,0.0,0.0
0.62072575,0.0,0.03622705
0.8288873,0.0,0.4902441
0.8265135,0.0,0.47331485
0.75395674,0.0,0.46834597
0.8026928,0.0,0.016903123
0.7147857,0.0,0.07681033
0.9192129,0.0,0.26363328
0.63269985,0.0,0.14559726
0.8449062,0.0,0.0
0.8749258,0.0,0.01478267
0.8483503,0.0,0.3207588
0.8424276,0.0,0.15643238
0.43798122,0.0,0.0
0.74723387,0.0,0.10312053
0.7057652,0.0,0.00021194106
0.7788612,0.0,0.35173488
0.7643049,0.0,0.2935205
0.6883498,0.0,0.0
0.8979581,0.0,0.2452616
0.9651671,0.0,0.6292652
0.85857064,0.0,0.39705262
0.8100022,0.0,0.11756678
0.8045042,0.0,0.79622096
0.9057058,0.0,0.5829986
0.64856344,0.0,0.057734918
0.83675045,0.0,0.42509153
0.6558193,0.0,0.41017115
0.7403197,0.0,0.3468237
0.72341275,0.0,0.08856874
0.75444585,0.0,0.00021752756
0.45036608,0.0,0.044601597
0.70346195,0.0,0.31840456
0.48744377,0.0,0.041794688
0.74312836,0.0,4.137861e-05
0.6500063,0.0,0.3516911
0.67512864,0.0,0.584193
0.3144951,0.0,0.013331486
0.6384885,0.0,0.06835794
0.70302975,0.0,0.44526783
0.42723417,0.0,0.16971473
0.30970338,0.0,0.0036295194
0.43504342,0.0,0.18719472
0.17119874,0.0,0.34166664
0.3926684,0.0,0.81901246
0.659803,0.0,0.1366638
0.25238162,0.0,0.68940747
0.4932653,0.0,0.28967318
0.49794698,0.0,0.06478369
0.44369882,0.0,0.18604775
0.26155058,0.0,0.042349562
0.36255646,0.0,0.31746763
0.35698858,0.0,0.21957994
0.5397973,0.0,0.012367414
0.23210354,0.0,0.053151026
0.84230465,0.0,0.084269956
0.6331022,0.0,0.0
0.89744157,0.0,0.008837644
0.9007147,0.0,0.0007133484
0.7667001,0.0,0.08415349
0.8719353,0.0,0.4707422
0.8428819,0.0,0.49194017
0.9581815,0.0,0.15792772
0.88728666,0.0,0.40849292
0.64577603,0.0,0.10557716
0.80606985,0.0,0.30344576
0.8271608,0.0,0.6079653
0.88725084,0.0,0.45028824
0.6284326,0.0,0.006834185
0.83437717,0.0,0.26732957
0.8898203,0.0,0.25436774
0.83464915,0.0,0.26783088
0.83840847,0.0,0.0
0.8104466,0.0,0.39545116
0.67007554,0.0,0.3738451
0.45098543,0.0,0.16273576
0.7834486,0.0,0.026162194
0.5236524,0.0,0.38601926
0.6467952,0.0,0.056137107
0.5717303,0.0,0.30895677
0.85193354,0.0,0.019758904
0.43253857,0.0,0.24275532
0.3744169,0.0,0.5757673
0.9205185,0.0,0.031772595
0.8257657,0.0,0.12148147
0.67362165,0.0,0.02264677
0.56968606,0.0,0.50292045
0.9387977,0.0,0.29115003
0.90348035,0.0,0.6416562
0.9369118,0.0,0.4809416
0.8043658,0.0,0.10212332
0.58768576,0.0,0.13513337
0.82176495,0.0,0.36122462
0.8341752,0.0,0.62134725
0.94078517,0.0,0.038219046
0.79415554,0.0,0.064595245
0.94420785,0.0,0.39523974
0.6543618,0.0,0.40876737
0.7643713,0.0,0.00398887
0.8324785,0.0,0.2835883
0.85560375,0.0,0.7086462
0.22826687,0.0,0.18181224
0.40919852,0.0,0.0023758237
0.5349262,0.0,0.43841746
0.8418375,0.0,0.2441262
0.37185636,0.0,0.23778579
0.8918733,0.0,0.031534858
0.83234745,0.0,0.5542138
0.9277063,0.0,0.34397
0.6671755,0.0,0.006762
0.50453115,0.0,0.006804771
0.8227274,0.0,0.34951255
0.58396506,0.0,0.828771
0.6952316,0.0,0.109025694
0.9116974,0.0,0.46586514
0.8161217,0.0,0.49727282
0.66392136,0.0,0.5690876
0.8057098,0.0,0.03723856
0.7917962,0.0,0.19897701
0.6302593,0.0,0.0
0.8311964,0.0,0.0
0.47808763,0.0,0.019515622
0.432152,0.0,0.008384438
0.33667073,0.0,0.001002843
0.7167452,0.0,0.017254818
0.76728386,0.0,0.043420576
0.46455988,0.0,0.02615199
0.3986602,0.0,0.016063105
0.50193936,0.0,0.21185999
0.695672,0.0,0.046977043
0.46495044,0.0,0.17079818
0.5083757,0.0,0.010959064
0.407004,0.0,0.51698923
0.78314334,0.0,0.16070594
0.68941754,0.0,0.16162808
0.74901056,0.0,0.015022436
0.8042698,0.0,0.08415245
0.70786303,1.0,0.38057816
0.49701965,1.0,0.5932993
0.35784897,1.0,0.19363227
0.9464594,1.0,0.19178161
0.569284,1.0,0.2890354
0.7089806,1.0,0.538379
0.59469026,0.0,0.10810291
0.88412935,0.0,0.37217602
0.8068607,0.0,0.0
0.81659955,1.0,0.3291862
0.9738012,0.0,0.18286936
0.80875504,0.0,0.30417845
0.8819393,0.0,0.5656447
0.7878068,0.0,0.69737345
0.8075764,0.0,0.4039452
0.9003336,0.0,0.38331336
0.9771967,0.0,0.27702278
0.93276477,0.0,0.45686495
0.9770433,0.0,0.054376163
0.803448,0.0,0.31122103
0.8475125,0.0,0.0
0.64207,0.0,0.0
0.53200847,1.0,0.16479233
0.6660015,0.0,0.0
0.19530603,0.0,0.22077231
0.39177287,0.0,0.05314042
0.28458816,0.0,0.49190015
0.81353116,0.0,0.03390632
0.59679145,0.0,0.29227456
0.3077681,0.0,0.12760504
0.86624837,0.0,0.0917107
0.38265252,0.0,0.5460018
0.9307796,0.0,0.044793002
0.4064153,0.0,0.68468064
0.6665764,0.0,0.55221695
0.7100569,0.0,0.03377689
0.67726225,0.0,0.33731776
0.9423995,0.0,0.023822142
0.8177878,1.0,0.25528196
0.87718236,0.0,0.005577006
0.8801927,0.0,0.016132774
0.72786224,0.0,0.03494439
0.5421498,0.0,0.015781878
0.31772897,0.0,0.2384697
0.6384279,0.0,0.0120405005
0.29411542,0.0,0.3075271
0.16891697,0.0,0.18159576
0.2300812,0.0,0.1983746
0.2565002,0.0,5.2772924e-05
0.9683288,0.0,0.0061656334
0.7398298,0.0,0.0
0.89752203,0.0,0.007640665
0.85451037,0.0,0.0014279825
0.9562515,0.0,0.0059769736
0.6746355,0.0,0.021634672
0.7267206,0.0,0.015968693
0.9263497,1.0,0.4350194
0.9178634,1.0,0.5361511
0.69649,0.0,0.25603005
0.7933008,0.0,0.54210556
0.80179304,0.0,0.105803505
0.8956266,0.0,0.09185832
0.83781046,0.0,0.6558835
0.8493181,0.0,0.31990603
0.82228214,0.0,0.0013372479
0.93812597,0.0,0.017828815
0.88324565,0.0,0.44944653
0.9400059,0.0,0.36657894
0.6512957,0.0,0.009582471
0.8178399,0.0,0.266794
0.74563974,0.0,0.09134451
0.6648398,0.0,0.50149953
0.9431695,0.0,0.08342486
0.91720456,0.0,0.060555883
0.8833301,0.0,0.14908572
0.81492877,0.0,0.34364152
0.9333423,0.0,0.011252669
0.81881154,0.0,0.3307698
0.8114338,0.0,0.63224614
0.84879684,0.0,0.39416215
0.7136946,0.0,0.11197474
0.48538518,1.0,0.3802868
0.45254102,0.0,0.46147838
0.34670478,1.0,0.36944357
0.24385601,0.0,0.22461802
0.7109298,0.0,0.082951985
0.15588656,1.0,0.17937414
0.9487907,0.0,0.00045902995
0.60678023,0.0,0.053181387
0.40942743,0.0,0.0011303534
0.5069517,0.0,0.0
0.46131727,0.0,0.27292794
0.8778507,0.0,0.0340093
0.6611623,0.0,0.4184644
0.7746711,0.0,0.0
0.75975704,0.0,0.4362299
0.6206026,0.0,0.15248041
0.80401564,0.0,0.41663963
0.8051094,0.0,0.12416675
0.34264836,0.0,0.29275447
0.47749525,0.0,0.0
0.56781435,0.0,0.030219277
0.86376995,0.0,0.34536347
0.9277537,0.0,0.0
0.6431576,0.0,0.0
0.6989967,0.0,0.23219523
0.5580092,0.0,0.5918189
0.71255463,0.0,0.16271546
0.57263416,0.0,0.25866243
0.6979779,0.0,0.00057158316
0.73612845,0.0,0.5102262
0.34193817,0.0,0.29996222
0.2875858,0.0,0.010876201
0.40030175,0.0,0.103321254
0.6411071,0.0,0.3275711
0.44269022,0.0,0.35694122
0.8350793,0.0,0.61138266
0.88384384,0.0,0.1530204
0.32906696,0.0,0.31003946
0.65234756,0.0,0.04714718
0.8566008,0.0,0.45104715
0.49917364,0.0,0.19535956
0.74721116,0.0,0.0
0.87481534,0.0,0.020452278
0.68116796,0.0,0.5609635
0.58769214,0.0,0.30418345
0.5872782,0.0,0.5067468
0.65184706,0.0,0.007272279
0.7059886,0.0,0.044929236
0.6277985,0.0,0.027795536
0.373561,0.0,0.34124604
0.34478042,0.0,0.14389405
0.72853714,0.0,0.004920061
0.5874704,0.0,0.05882007
0.52819926,0.0,0.022291416
0.6902179,0.0,0.0974301
0.87654424,0.0,0.10103301
0.92786556,0.0,0.08523402
0.8464938,0.0,0.0123675205
0.84291047,0.0,0.20018129
0.7962218,0.0,0.006748253
0.75277394,0.0,0.18097857
0.39974746,0.0,0.08423059
0.47645155,0.0,0.07328314
0.63222885,0.0,0.0
0.7916412,0.0,0.0017625793
0.46300593,0.0,0.087138265
0.54693574,0.0,0.18202506
0.2440227,0.0,0.6315251
0.39960673,0.0,0.50588524
0.6713104,0.0,0.6624487
0.55572987,0.0,0.1903916
0.64262766,1.0,0.669716
0.2996613,1.0,0.6637891
0.12127462,1.0,0.6567706
0.25945187,1.0,0.33867785
0.10573517,1.0,0.24393666
0.19084395,1.0,0.3221661
0.1152522,1.0,0.8598034
0.43577176,1.0,0.57045776
0.20930764,1.0,0.20548277
0.21001354,1.0,0.62294567
0.35999238,1.0,0.3328796
0.24815415,1.0,0.50700194
0.57401127,0.0,0.20846933
0.2786544,0.0,0.10612309
0.671652,0.0,0.0
0.31754804,0.0,0.1760939
0.1972761,1.0,0.20401482
0.68898875,0.0,0.0977684
0.87549895,0.0,0.0
0.32771873,0.0,0.0015013532
0.34480077,0.0,0.0
0.7632817,0.0,0.0006058722
0.5526063,0.0,0.0
0.80857754,0.0,0.090321824
0.65876067,0.0,0.00044453036
0.33709365,0.0,0.31679773
0.15699005,0.0,0.53797174
0.40556797,0.0,0.040865485
0.7550922,0.0,0.23198865
0.48081797,0.0,0.010530187
0.3080007,0.0,0.029665591
0.29394448,0.0,0.0010510918
0.2979789,0.0,0.018056333
0.37442127,0.0,0.0012095452
0.65549153,0.0,0.0
0.45079693,0.0,0.034519333
0.6688849,0.0,0.0
0.47364622,0.0,0.07934428
0.59271103,0.0,0.08840895
0.7965104,0.0,0.071407326
0.9188658,0.0,0.52404314
0.87070173,0.0,0.36712268
0.8396088,0.0,0.37741596
0.7527568,0.0,1.0
0.6319561,0.0,0.5353275
0.88653576,0.0,0.38324952
0.4485178,0.0,0.44901684
0.9063635,0.0,0.10551902
0.5618579,0.0,0.6452038
0.98000777,0.0,0.054535266
0.7798321,0.0,0.33768982
0.94837445,0.0,0.48117802
0.95421726,0.0,0.68261296
0.7877007,0.0,0.10435704
0.9348455,0.0,0.50092673
0.961531,0.0,0.08586629
0.9170709,0.0,0.21716584
0.89372754,0.0,0.0
0.8773563,0.0,0.49438912
0.90963465,0.0,0.06222903
0.90873647,0.0,0.6576885
0.8529006,0.0,0.13248798
0.7364258,0.0,0.80548954
0.8254338,0.0,0.3786326
0.92148703,0.0,0.41795695
0.81000113,0.0,0.01690362
0.5399673,0.0,0.5994762
0.055186335,1.0,0.39593157
0.8631907,0.0,0.007913774
0.016134076,1.0,0.17136566
0.5013668,0.0,0.0
0.06635146,1.0,0.16650604
0.56632495,0.0,0.12192892
0.70057195,0.0,0.42825627
0.7056657,1.0,0.8978357
0.41054016,1.0,0.454001
0.4534719,1.0,0.29796952
0.65683395,0.0,0.0010141023
0.83758384,0.0,0.0
0.08802215,1.0,0.23533353
0.5085954,0.0,0.03346708
0.20875609,1.0,0.3570579
0.6589756,0.0,0.685494
0.8421127,0.0,0.73232806
0.57984143,1.0,0.41766113
0.66037834,0.0,0.26294753
0.17000796,1.0,0.57511264
0.39422536,0.0,0.07650758
0.5581632,1.0,0.27255532
0.47717708,1.0,0.66504216
0.50226045,0.0,0.45981467
0.7894903,0.0,0.13603827
0.5849014,0.0,0.41062877
0.9816003,0.0,0.57411647
0.7369808,0.0,0.42220953
0.8807422,0.0,0.058965124
0.7222275,0.0,0.5837476
0.6079093,0.0,0.060596604
0.909927,0.0,0.27484265
0.39510185,0.0,0.5375962
0.7355733,0.0,0.5497188
0.9301389,0.0,0.252522
0.90315133,0.0,0.0
0.93550795,0.0,0.07523088
0.5130994,0.0,0.0
0.71936476,0.0,0.15123133
0.7081468,0.0,0.00064135937
0.8635499,0.0,0.34672672
0.94295895,0.0,0.30397362
0.9376553,0.0,0.019728312
0.92865455,0.0,0.31837684
0.75988144,0.0,0.5885045
0.78824645,0.0,0.49137974
0.9237903,0.0,0.051772203
0.9160306,0.0,0.34960687
0.96078324,0.0,0.15333788
0.5235832,0.0,0.25880858
0.84346706,0.0,0.0
0.34764093,0.0,0.16089194
0.5733296,0.0,0.0
0.047664672,1.0,0.3069134
0.5862218,0.0,0.067330085
0.37417793,1.0,0.6109186
0.6394417,0.0,0.37437087
0.5769365,1.0,0.11538508
0.38588014,0.0,0.80395746
0.606107,1.0,0.6088014
0.51362103,1.0,0.26068473
0.84767294,0.0,0.09736703
0.7642845,0.0,0.3504192
0.8636281,0.0,0.032894693
0.56630063,0.0,0.3062043
0.7067455,0.0,0.0
0.6200516,0.0,0.36771226
0.9580711,0.0,0.20619415
0.8649291,0.0,0.29191816
0.9506634,0.0,0.7612267
0.84843236,0.0,0.98852354
0.8415042,0.0,0.4600668
0.87318426,0.0,0.3133389
0.86598366,0.0,0.417662
0.9501149,0.0,0.024883138
0.780089,0.0,0.3331595
0.8177642,0.0,0.35458463
0.8935126,0.0,0.09663953
0.90948117,0.0,0.0
0.8438715,0.0,0.3439729
0.85787016,0.0,0.40394467
0.9407262,0.0,0.0
0.8014452,0.0,0.12360801
0.67475843,0.0,0.5509112
0.84619474,0.0,0.5558273
0.79213285,0.0,0.029784348
0.8894661,0.0,0.5863978
0.89189315,0.0,0.08677908
0.7218743,0.0,0.4167594
0.9276605,0.0,0.0009433978
0.7961585,0.0,0.0
0.758022,0.0,0.0
0.86941755,0.0,0.018812349
0.8837241,0.0,0.0
0.89615494,0.0,0.06649278
0.97411466,0.0,0.16322103
0.9444784,0.0,0.11700425
0.9713245,0.0,0.62633973
0.9579617,0.0,0.4691279
0.9577531,0.0,0.19748224
0.86418974,0.0,0.46150708
0.7841089,0.0,0.40803525
0.76690507,0.0,0.16484639
0.65927756,0.0,0.07408277
0.75052226,0.0,0.40036118
0.71004957,0.0,0.18844841
0.50338376,0.0,0.26334232
0.7637028,0.0,0.13291377
0.9424876,0.0,0.6378437
0.6662477,0.0,0.24721283
0.35166085,0.0,0.4623618
0.8513234,0.0,0.0014202622
0.4644638,0.0,0.02743532
0.54329216,0.0,0.009987754
0.35428637,0.0,0.0009966722
0.47344112,1.0,0.07745558
0.640556,0.0,0.00011384324
0.6612929,0.0,0.0005915062
0.20838445,0.0,0.0
0.80385995,0.0,0.0
0.68926555,0.0,0.0060458523
0.38215947,0.0,0.0
0.66170806,0.0,0.0
0.6454276,0.0,0.0
0.75460196,0.0,0.027199943
0.85681915,0.0,0.00017367833
0.43708718,0.0,0.0053764093
0.9404008,0.0,0.21670564
0.7878618,0.0,0.24883121
0.92583257,0.0,0.24129036
0.92503124,0.0,0.31530026
0.85522574,0.0,0.57325345
0.9366755,0.0,0.6270637
0.93924093,0.0,0.502269
0.8622183,0.0,0.038374342
0.8050173,0.0,0.4567881
0.817074,0.0,0.162226
0.777149,0.0,0.59056383
0.6802557,0.0,0.34538817
0.71048707,0.0,0.41042683
0.85834455,0.0,0.112718835
0.7717204,0.0,0.55339533
0.9336752,0.0,0.043534286
0.8760208,1.0,0.55243987
0.4331617,1.0,0.53491277
0.76523453,1.0,0.6549659
0.95799637,1.0,0.36112392
0.73964024,1.0,0.20577131
0.70434695,1.0,0.30615684
0.20516126,1.0,0.56464106
0.21635292,1.0,0.47823873
0.55581933,1.0,0.0459825
0.8842451,1.0,0.24910313
0.9389923,1.0,0.21523117
0.6733231,0.0,0.0
0.834859,1.0,0.43328488
0.8268933,1.0,0.6557332
0.87724096,1.0,0.22789411
0.8717925,0.0,0.2856792
0.9182541,1.0,0.7875656
0.89141244,0.0,0.39921388
0.8686348,0.0,0.013433883
0.9402634,0.0,0.010172701
0.90799135,0.0,0.18891257
0.90333647,0.0,0.0
0.83530957,0.0,0.10827307
0.92719996,0.0,0.3795607
0.4631054,0.0,0.0
0.71655124,0.0,0.0
0.90189224,0.0,0.24980405
0.807298,0.0,0.0279737
0.70357454,0.0,0.0
0.8587745,0.0,0.0
0.5640432,0.0,0.07697757
0.26602277,1.0,0.321015
0.54726124,1.0,0.106017984
0.3012511,0.0,0.0
0.0890017,1.0,0.07472225
0.6290416,0.0,0.012730518
0.74758536,0.0,0.0
0.58364415,0.0,0.0
0.22619005,0.0,0.10096266
0.50402296,0.0,0.15398085
0.51957333,0.0,0.0
0.21637228,0.0,0.0
0.64814883,0.0,0.47288728
0.42733133,0.0,0.18911964
0.45004508,0.0,0.12175759
0.33339146,0.0,0.48862684
0.5959722,0.0,0.06288131
0.67245597,0.0,0.07603056
0.46445304,0.0,0.6163971
0.44435742,0.0,0.18588135
0.48193452,0.0,0.0065038134
0.6063523,0.0,0.14377326
0.769408,0.0,0.3968081
0.8042866,0.0,0.09762643
0.8966911,0.0,0.005803513
0.7813682,0.0,0.32766765
0.6335358,0.0,0.6669681
0.790534,0.0,0.046732545
0.927438,0.0,0.41955024
0.90876126,0.0,0.035651688
0.87825805,0.0,0.5736476
0.8382308,0.0,0.44142023
0.8955589,0.0,0.004225565
0.49648473,0.0,0.28127638
0.38474628,0.0,0.02202405
0.327337,0.0,0.2726607
0.19539645,0.0,0.12649538
0.782672,0.0,0.34586242
0.18186049,0.0,0.012565928
0.41632172,1.0,0.24812394
0.7231777,1.0,0.4560473
0.34460106,0.0,0.008477724
0.6039908,1.0,0.11337082
0.5290893,1.0,0.27972445
0.88123417,0.0,0.07372068
0.80482143,0.0,0.30301684
0.74769604,0.0,0.5685911
0.9141969,0.0,0.75132704
0.554099,0.0,0.1546574
0.91873294,0.0,0.16692267
0.5807904,0.0,0.33317667
0.77577263,0.0,0.0030808502
0.47362706,0.0,0.0047957227
0.80495834,0.0,0.0026793755
0.5859776,0.0,0.03564905
0.81128734,0.0,0.0
0.83602715,0.0,0.24144398
0.8717927,0.0,0.105200805
0.7744401,0.0,0.0013597116
0.9454636,0.0,0.0
0.8433082,0.0,0.2769362
0.6316759,0.0,0.0044722143
0.5296826,0.0,0.011298133
0.92073363,0.0,0.23992863
0.8468067,0.0,0.18574412
0.6699093,0.0,0.0022779151
0.87022847,0.0,0.07579632
0.95590484,0.0,0.28019786
0.94835085,0.0,0.30087304
0.9040085,0.0,0.6944005
0.8871406,0.0,0.44056848
0.8413511,0.0,0.02335012
0.96995956,0.0,0.31579763
0.9175981,0.0,0.42244655
0.8701971,0.0,0.7162987
0.95931023,0.0,0.041410092
0.8332297,0.0,0.11797847
0.8219838,0.0,0.6126012
0.86593324,0.0,0.23423555
0.7422232,0.0,3.7932765e-05
0.62576294,0.0,0.30507034
0.8659903,0.0,0.3756085
0.9541333,0.0,0.04899806
0.91967875,0.0,0.0027182852
0.86351246,0.0,0.2565204
0.8920019,0.0,0.23909566
0.7086167,0.0,0.0049371757
0.7978995,1.0,0.48875406
0.8191225,1.0,0.4551816
0.52050275,0.0,0.07614828
0.6792331,0.0,0.0010927214
0.8661966,1.0,0.42576522
0.47922152,0.0,0.55627763
0.8884602,0.0,0.16761322
0.6267778,0.0,0.3725219
0.9520201,0.0,0.5521467
0.9913482,0.0,0.65850097
0.9790566,0.0,0.14564146
0.94831353,0.0,0.4230146
0.87073755,0.0,0.8356506
0.9316925,0.0,0.28152493
0.98664075,0.0,0.12875868
0.87718666,0.0,0.18297601
0.9676712,0.0,0.06061959
0.96447456,0.0,0.0
0.713169,0.0,0.0015454063
0.5815226,0.0,0.0019277731
0.76751155,1.0,0.056466695
0.52511305,1.0,0.036599763
0.73066443,1.0,0.37569487
0.87617517,1.0,0.18873289
0.40701976,1.0,0.43608856
0.58769506,0.0,0.3676562
0.6136117,0.0,0.08550111
0.68911105,0.0,0.002458711
0.75061923,1.0,0.12448542
0.87266344,0.0,0.008731655
0.897326,0.0,0.088169105
0.9392989,0.0,0.0
0.9420768,0.0,0.044877704
0.92604464,0.0,0.007790899
0.95584005,0.0,0.060353253
0.88672733,0.0,0.0
0.956282,0.0,0.18162753
0.9316444,0.0,0.6914421
0.96258545,0.0,0.56147
0.9470207,0.0,0.5271449
0.9257378,0.0,0.12688673
0.9758453,0.0,0.19736464
0.9626298,0.0,0.030462608
0.94286865,0.0,0.00076989376
0.8777594,0.0,0.04976491
0.8230641,0.0,0.0
0.7781307,0.0,0.018741315
0.8007534,0.0,0.0011533113
0.9139762,0.0,0.0039549
0.8095384,0.0,0.06521563
0.93187165,0.0,0.29349738
0.9193667,0.0,0.024954563
0.92376333,0.0,0.78435427
0.9772678,0.0,0.1697914
0.87052304,0.0,0.34255597
0.20362882,1.0,0.4879494
0.781722,0.0,0.40752885
0.9652063,0.0,0.41065666
0.5580503,0.0,0.071536265
0.6254115,1.0,0.28710654
0.8807852,0.0,0.506288
0.92070645,0.0,0.090103194
0.9056439,0.0,0.11755169
0.94007766,0.0,0.43304324
0.7937582,0.0,0.20659429
0.8266391,0.0,0.0
0.8560454,0.0,0.16145703
0.89283425,0.0,0.28309268
0.96947527,0.0,0.0
0.8307194,0.0,0.004877698
0.91854084,0.0,0.19073322
0.96611136,0.0,0.4559768
0.9343834,0.0,0.22049896
0.9511342,0.0,0.055142798
0.8611185,0.0,0.70282143
0.8906697,0.0,0.34618214
0.71551776,0.0,1.0
0.3913527,0.0,0.76299274
0.5220646,0.0,0.49159017
0.78806835,0.0,0.59511065
0.57161546,0.0,0.6756217
0.78635776,0.0,0.7152031
0.81737417,0.0,0.56849104
0.74260217,1.0,0.58944017
0.834104,1.0,0.26335615
0.73322976,0.0,0.26211172
0.79543304,1.0,0.3729111
0.72444147,0.0,0.41476968
0.67364985,1.0,0.6783576
0.74891347,0.0,0.113230586
0.65838087,1.0,0.6114179
0.5275078,0.0,0.35032958
0.72427464,0.0,0.0032129597
0.32634985,0.0,0.15599445
0.79011244,1.0,0.017768828
0.41460925,1.0,0.35350165
0.47090322,1.0,0.29184225
0.34448016,0.0,0.015616362
0.62222767,0.0,0.14679298
0.38717008,0.0,0.10488795
0.91482466,0.0,0.0
0.77131987,0.0,0.19308197
0.83602875,0.0,0.040313642
0.8458584,0.0,0.064592466
0.85289764,0.0,0.63847613
0.86137235,0.0,0.39670753
0.89871705,0.0,0.3801352
0.9496698,0.0,0.7950873
0.8675105,0.0,0.60772866
0.8171689,0.0,0.25404912
0.95503813,0.0,0.2208333
0.8965561,0.0,0.36594212
0.93248975,0.0,0.48563895
0.89473236,0.0,0.0888674
0.91967374,0.0,0.06424854
0.8335108,0.0,0.15096489
0.8803358,0.0,0.047562256
0.45865378,0.0,0.028762186
0.8907894,0.0,0.051072706
0.82859075,0.0,0.1677897
0.8713228,0.0,2.324152e-06
0.55034465,0.0,0.13287513
0.6507878,0.0,0.2737986
0.6487403,0.0,0.1135182
0.8180738,0.0,0.06932738
0.81310165,0.0,0.13878837
0.93261606,0.0,0.0
0.9200752,0.0,0.0
0.8663698,0.0,0.0
0.8889246,0.0,0.009915744
0.6210319,0.0,0.15650803
0.82606584,0.0,0.8571572
0.8258009,0.0,0.37160158
0.830751,0.0,0.040819757
0.8650671,0.0,0.0
0.7949307,0.0,0.012678459
0.90826774,0.0,0.038700394
0.9641032,0.0,0.001567334
0.9444233,0.0,0.2968377
0.8650928,0.0,0.004772762
0.8785947,0.0,0.6586352
0.8937459,0.0,0.32185712
0.95303255,0.0,0.0
0.92625856,0.0,0.12660569
0.90854955,0.0,0.2848178
0.8752024,0.0,0.19998571
0.8944421,0.0,0.13995144
0.92717516,0.0,0.6265007
0.8862522,0.0,0.54488665
0.823897,0.0,0.78126603
0.95823735,0.0,0.26722494
0.9753538,1.0,0.3293375
0.98563266,1.0,0.47513005
0.9501588,1.0,0.59388375
0.96587175,1.0,0.502581
0.97859544,0.0,0.37231416
0.96890825,0.0,0.28657427
0.8882005,0.0,0.603294
0.8973485,0.0,0.33904052
0.9620622,0.0,0.22925647
0.7983262,0.0,0.699708
0.4287853,0.0,0.26020566
0.5999306,0.0,0.26941496
0.2545646,0.0,0.37154093
0.9311753,0.0,0.02228792
0.8862935,0.0,0.6002567
0.86491936,0.0,0.12961918
0.7128395,0.0,0.48773965
0.7914716,0.0,0.17580807
0.7901828,0.0,0.60563964
0.66701585,0.0,0.06987617
0.8016331,0.0,0.08138792
0.7344948,0.0,0.05674076
0.57725346,0.0,0.017311228
0.86807454,0.0,0.10042676
0.63889927,0.0,0.13506609
0.55992997,0.0,0.0072176047
0.6418717,0.0,0.24925636
0.83770895,0.0,0.19914341
0.9443804,0.0,0.069977045
0.6462008,0.0,0.16939536
0.86708814,0.0,0.021785302
0.7300402,0.0,0.0
0.7825964,0.0,0.0006657614
0.9651699,0.0,0.0
0.93907714,0.0,0.00068864075
0.6266066,0.0,0.0
0.8203885,0.0,0.19058834
0.7327333,0.0,0.0057235123
0.6981931,0.0,0.70120335
0.6091275,0.0,0.635219
0.64769036,0.0,0.49806944
0.8586662,0.0,0.053298447
0.9326255,0.0,0.0
0.65485615,0.0,0.07126066
0.6747323,0.0,0.0
0.67432487,0.0,0.0
0.8121116,0.0,0.0
0.78238165,0.0,0.0002537965
0.7249189,0.0,0.0045075943
0.9326513,0.0,0.0
0.9046388,0.0,0.08874305
0.83660966,0.0,0.028929112
0.882286,0.0,0.07558357
0.9615071,0.0,0.32247314
0.9057454,0.0,0.112319075
0.92863655,0.0,0.7600538
0.91477674,0.0,0.7286447
0.92088777,0.0,0.23353876
0.8416376,0.0,0.8192506
0.7548056,0.0,0.49820852
0.7964881,0.0,0.08712762
0.7732936,0.0,0.52435696
0.8302792,0.0,0.053252406
0.8690005,0.0,0.024348559
0.92880094,0.0,0.118131526
0.7240599,0.0,0.4053772
0.95545954,0.0,0.14359908
0.7797295,0.0,0.476877
0.89185905,0.0,0.07122047
0.8612135,0.0,0.6650303
0.8661725,0.0,0.32343686
0.95481575,0.0,0.46134326
0.909583,0.0,0.62073296
0.90551025,0.0,0.23114708
0.8748523,0.0,0.0
0.64735335,0.0,0.088220246
0.9289704,0.0,0.015531555
0.9091235,0.0,0.16393712
0.78632975,0.0,0.036182314
0.8221343,0.0,0.018198667
0.86580104,0.0,0.26464197
0.7589667,0.0,0.07018574
0.5188961,0.0,0.0011723507
0.49748996,0.0,0.36417422
0.7104791,0.0,0.41075364
0.47771633,0.0,0.31808668
0.6328054,0.0,0.38046062
0.9438679,0.0,0.15382923
0.71978265,0.0,0.15218236
0.88801813,0.0,0.0
0.8114838,0.0,0.0
0.8891952,0.0,0.0073731234
0.8997351,0.0,0.0
0.5964011,0.0,0.043643147
0.4960359,0.0,0.39643344
0.6038632,0.0,0.25398242
0.94223213,0.0,0.055867292
0.859903,0.0,0.06702766
0.9313538,0.0,0.012297341
0.80413824,0.0,0.12470758
0.7254243,0.0,0.0015615107
0.76374143,0.0,0.0012023227
0.41002315,0.0,0.28211135
0.69259816,0.0,0.022615468
0.59290415,0.0,0.28553146
0.47103915,0.0,0.50085294
0.44113818,0.0,0.3696
0.8650912,0.0,0.2212052
0.49435103,0.0,0.5376116
0.9051052,0.0,0.42997342
0.8989136,0.0,0.37088546
0.7682147,0.0,0.12338421
0.76314795,0.0,0.4511081
0.9165684,0.0,0.1325768
0.8738209,0.0,0.52404684
0.8967965,0.0,0.31202862
0.7396771,0.0,0.70110744
0.956728,0.0,0.1753733
0.9549842,0.0,0.24161854
0.9578612,0.0,0.016099654
0.96793115,0.0,0.068080254
0.94199884,0.0,0.0
0.8116232,0.0,0.0
0.9402462,0.0,0.060455814
0.73867095,0.0,0.040289443
0.74925995,0.0,0.06782925
0.558942,0.0,0.3164247
0.46299487,0.0,0.5593586
0.8855245,0.0,0.042593338
0.65083444,0.0,0.6456032
0.7991403,0.0,0.18998525
0.5974369,0.0,0.0
0.83112437,0.0,0.0
0.9724807,0.0,0.0
0.86019397,0.0,0.0
0.89994085,0.0,0.1216517
0.7181924,0.0,0.29256052
0.88531756,0.0,0.46259972
0.9663735,0.0,0.002157384
0.8582891,0.0,0.15058184
0.86897206,0.0,0.0038435445
0.939917,0.0,0.035238776
0.5717726,0.0,0.039086007
0.96579605,0.0,0.0555431
0.7388402,0.0,0.24772868
0.7789737,0.0,0.20240124
0.9098001,0.0,0.56815714
0.86437625,0.0,0.08555294
0.7250907,0.0,0.4748786
0.93544346,0.0,0.44953546
0.75170267,0.0,0.4611429
0.65797716,0.0,0.3175399
0.914923,0.0,0.4418453
0.9394528,0.0,0.0070614917
0.92775184,0.0,0.32090035
0.9425076,0.0,0.21738462
0.861787,0.0,0.006677614
0.85339063,0.0,0.7231851
0.8415953,0.0,0.38656864
0.8448559,0.0,0.14534163
0.8161629,0.0,0.46378118
0.86863875,0.0,0.7553244
0.8332143,0.0,0.5948719
0.818287,0.0,0.56942266
0.89095926,0.0,0.5008344
0.94449276,0.0,0.11151359
0.84978825,0.0,0.15385173
0.940869,0.0,0.0
0.5588847,0.0,0.0039255195
0.6257515,0.0,0.024959061
0.6364116,0.0,0.014213197
0.49783185,0.0,0.11147921
0.7535322,0.0,0.05107238
0.577668,0.0,0.045429446
0.067468464,0.0,0.18411362
0.5303601,0.0,0.5050432
0.38380617,0.0,0.24011755
0.6326209,0.0,0.098622516
0.51336384,0.0,0.0
0.41705868,0.0,0.001479376
0.7774303,0.0,0.0
0.7045852,0.0,0.0
0.82600754,0.0,0.011016261
0.7932688,0.0,0.04182663
0.9601014,0.0,0.12297561
0.89227414,0.0,0.14521834
0.8623683,0.0,0.5928868
0.9267669,0.0,0.35499656
0.93056357,0.0,0.24827671
0.75896174,0.0,0.14680086
0.8598446,0.0,0.5884767
0.85101837,0.0,0.4203865
0.8422265,0.0,0.29762778
0.93310493,0.0,0.045537397
0.69913423,0.0,0.10921623
0.7796507,0.0,0.0027846426
0.8343784,0.0,0.0
0.51293343,0.0,0.025896482
0.853697,0.0,0.009368441
0.59290123,0.0,0.24026777
0.84849,0.0,0.028825859
0.9587729,0.0,0.24137768
0.9303458,0.0,0.39225546
0.91404,0.0,0.8814403
0.93032813,0.0,0.54334253
0.88121766,0.0,0.3149993
0.9427039,0.0,0.85501933
0.8707621,0.0,0.46478748
0.8126501,0.0,0.6602945
0.83646923,0.0,0.2928067
0.7621,0.0,0.39848998
0.8970621,0.0,0.11630898
0.6948672,0.0,0.25658843
0.5276935,0.0,0.17678323
0.77387613,0.0,0.01739969
0.64777887,1.0,0.2800591
0.72920746,1.0,0.24288605
0.70669395,1.0,0.1400952
0.84331733,0.0,0.009400337
0.71348727,1.0,0.5507916
0.67495924,0.0,0.22439891
0.6114003,1.0,0.38473254
0.75914764,0.0,0.111428164
0.78213954,0.0,0.43413925
0.8966405,0.0,0.4152821
0.9469171,0.0,0.008084778
0.8803528,0.0,0.34775212
0.93031454,0.0,0.04912919
0.6989046,0.0,0.06177724
0.89555377,0.0,0.022809476
0.5648252,0.0,0.066326715
0.24129306,0.0,0.14960419
0.6508291,0.0,0.20669822
0.67875195,0.0,0.2171634
0.5465144,0.0,0.010920398
0.4350989,0.0,0.52634954
0.75125843,0.0,0.4746453
0.8799818,0.0,0.08134235
0.8692129,0.0,0.20272598
0.6572117,0.0,0.0
0.8015485,0.0,0.0031188536
0.24529272,0.0,0.0218725
0.77351403,0.0,0.0061804256
0.811595,0.0,0.012419286
0.7730363,0.0,0.01624212
0.73121,0.0,0.01722265
0.7966435,0.0,0.012681361
0.85624874,0.0,0.006893793
0.5076867,1.0,0.14974773
0.4774645,1.0,0.20242615
0.5899126,0.0,0.07546432
0.6345948,0.0,0.077451535
0.69035804,0.0,0.0049162824
0.47743937,0.0,0.004864892
0.89508396,0.0,0.017043404
0.84224164,0.0,0.19661374
0.7080493,0.0,0.16456203
0.9363712,0.0,0.7617314
0.95604867,0.0,0.36862344
0.8755918,0.0,0.63277406
0.9240718,0.0,0.45980465
0.87555516,0.0,0.3326597
0.8890275,0.0,0.04003354
0.42826036,0.0,0.0875966
0.56887084,0.0,0.053485453
0.8174084,0.0,0.08072633
0.5096952,1.0,0.40006724
0.4652437,0.0,0.09493663
0.40995756,1.0,0.364663
0.40861228,1.0,0.5850756
0.76858354,1.0,0.7208512
0.9128485,0.0,0.07570701
0.81640977,1.0,0.40678686
0.9034664,0.0,0.0052758614
0.41417593,1.0,0.36866516
0.6502928,1.0,0.062441356
0.8262578,1.0,0.17472139
0.85422724,1.0,0.5354448
0.65467936,1.0,0.13720568
0.52634513,1.0,0.7670382
0.76410854,0.0,0.6985943
0.40228724,1.0,0.6382262
0.3443624,1.0,0.4448368
0.31784892,1.0,0.3558992
0.86964935,0.0,0.008337647
0.21083185,0.0,0.022225056
0.7156026,0.0,0.0053617936
0.23795803,0.0,0.097353026
0.84758925,0.0,0.0
0.6190475,0.0,0.14469506
0.9464957,0.0,0.08785626
0.6711544,0.0,0.07133798
0.57892245,0.0,0.0036816185
0.7481929,0.0,0.16063231
0.8118873,0.0,0.046325676
0.9429208,0.0,0.049315877
0.86285526,0.0,0.389175
0.95324,0.0,0.51459944
0.9325439,0.0,0.39352378
0.899186,0.0,0.0055702496
0.91542965,0.0,0.3243325
0.9092838,0.0,0.21524267
0.71244437,0.0,0.33460367
0.66296995,0.0,0.82493585
0.67376477,0.0,0.6761866
0.6804414,0.0,0.4945935
0.69556046,0.0,0.39363807
0.80541414,0.0,0.18852891
0.88517874,0.0,0.6354024
0.9256206,0.0,0.2645561
0.7909537,0.0,0.06385076
0.7910439,0.0,0.04069147
0.48888195,0.0,0.0
0.62503135,0.0,0.0022838353
0.60365903,0.0,0.0
0.5504467,0.0,0.011061277
0.26172188,0.0,0.010866173
0.69041497,0.0,0.0040751863
0.24769491,0.0,0.03311015
0.3785764,0.0,0.07618314
0.617715,0.0,0.05838678
0.77896076,0.0,0.013159822
0.45569354,0.0,0.0
0.7191925,0.0,0.014254615
0.79190034,0.0,0.0057791886
0.8879525,1.0,0.04420161
0.6911818,0.0,0.012200441
0.8374263,0.0,0.0039389348
0.5725563,0.0,0.08252995
0.74814934,0.0,0.102273755
0.5870856,0.0,0.43722957
0.96516067,0.0,0.14567667
0.95817,0.0,0.78237087
0.9803254,0.0,0.6891174
0.93561906,0.0,0.29823422
0.9525615,0.0,0.7537223
0.9649679,0.0,0.5724155
0.89476615,0.0,0.09880812
0.96667886,0.0,0.18696237
0.92693543,0.0,0.40297487
0.9450775,0.0,0.5109524
0.93614686,0.0,0.39347234
0.95965946,0.0,0.37024176
0.9327916,0.0,0.8493854
0.89477396,0.0,0.19579157
0.9428394,0.0,0.48928785
0.88510805,0.0,0.3403504
0.86947256,0.0,0.67998856
0.9362991,0.0,0.49332097
0.95054895,0.0,0.13383193
0.90062636,0.0,0.12775484
0.88625413,0.0,0.44724026
0.9501008,0.0,0.22731258
0.8144718,0.0,0.6284042
0.91781986,0.0,0.7396918
0.91666865,0.0,0.5063459
0.7945549,0.0,0.715514
0.89065754,0.0,0.6300619
0.9391294,0.0,1.0
0.7653897,0.0,0.3351077
0.6756251,0.0,0.48704132
0.6732349,0.0,0.7175872
0.49420744,0.0,0.66712147
0.67281663,0.0,0.1713507
0.6891301,0.0,0.32415932
0.59244794,0.0,0.05400343
0.56697744,0.0,0.6173236
0.7773544,0.0,0.35369426
0.56481224,0.0,0.10012408
0.5863127,0.0,0.2937196
0.6018185,0.0,0.53620356
0.74840367,1.0,0.454548
0.43558666,1.0,0.08171018
0.6697218,0.0,0.4584402
0.47547927,1.0,0.4728441
0.47126144,0.0,0.3921162
0.36430177,0.0,0.74901533
0.46974903,0.0,0.33962363
0.5036441,0.0,0.08466584
0.48659796,0.0,0.3617659
0.5550936,0.0,0.35517356
0.35947546,0.0,0.07264031
0.769518,1.0,0.4994691
0.4450785,1.0,0.69919354
0.4079752,1.0,0.6860567
0.82329136,1.0,0.17685314
0.44405892,1.0,0.030435747
0.4323874,1.0,0.33542627
0.6376069,1.0,0.28469235
0.6331281,0.0,0.0016982147
0.56370103,0.0,0.021256763
0.5820578,1.0,0.44305423
0.46313748,1.0,0.36653978
0.6484827,0.0,0.09284389
0.83795863,0.0,0.5846172
0.6064375,0.0,0.28497854
0.67175496,0.0,0.25353476
0.8578091,0.0,0.34842283
0.76060605,0.0,0.3212993
0.8920546,0.0,0.36595997
0.66046154,0.0,0.27915865
0.494665,0.0,0.6890768
0.635714,0.0,0.40471864
0.049901385,0.0,0.41029245
0.24862625,0.0,0.08150885
0.43141958,0.0,0.12885727
0.353074,0.0,0.19878276
0.38140464,0.0,0.21192636
0.9403872,0.0,0.22488365
0.7784666,0.0,0.16727073
0.865186,0.0,0.0
0.9290818,0.0,0.27148038
0.6843744,0.0,0.00204221
0.5596574,0.0,0.41082466
0.6768258,0.0,0.5309975
0.82180643,0.0,0.1594205
0.8936688,0.0,0.32553762
0.971329,0.0,0.0039828047
0.5654228,0.0,0.0910084
0.9404277,0.0,0.0
0.3560618,0.0,0.11958003
0.8441552,0.0,0.18928419
0.78483087,0.0,0.036294706
0.8130865,0.0,0.35908827
0.6448339,0.0,0.23572946
0.3333523,0.0,0.75189084
0.8982819,0.0,0.17562018
0.7934802,1.0,0.4751986
0.43481502,1.0,0.5554252
0.30537397,0.0,0.15798064
0.8311269,1.0,0.13412789
0.47506168,1.0,0.4836698
0.56794214,0.0,0.06446151
0.29269314,0.0,0.03539547
0.74478084,1.0,0.05560751
0.5480738,1.0,0.23216856
0.4861676,0.0,0.0
0.414448,0.0,0.042023633
0.48836327,1.0,0.3499173
0.7451659,1.0,0.44607496
0.45035812,0.0,0.094691075
0.9219226,0.0,0.25403237
0.7682957,0.0,0.043890767
0.6397131,0.0,0.34732598
0.5610903,0.0,0.23367876
0.71421176,0.0,0.5292694
0.9595427,0.0,0.048527315
0.61517936,0.0,0.030737013
0.1620937,0.0,0.12861054
0.17958614,0.0,0.23285238
0.29326898,0.0,0.1392397
0.5487883,0.0,0.03268229
0.6926421,0.0,0.0
0.4987684,1.0,0.12911434
0.2365832,1.0,0.048023887
0.7173037,1.0,0.30717835
0.83229697,0.0,0.3933667
0.89876884,0.0,0.37970167
0.8580738,0.0,0.6199132
0.7102611,0.0,0.59155214
0.73681784,0.0,0.62844074
0.7315892,0.0,0.6667543
0.6696234,0.0,0.19227937
0.42304695,0.0,0.2939644
0.63633037,0.0,0.03381784
0.9465302,0.0,0.082508534
0.20382787,0.0,0.04601169
0.49901405,0.0,0.010224432
0.3195986,0.0,0.091959916
0.76347125,0.0,0.2569198
0.6280176,0.0,0.19174816
0.65811294,0.0,0.16775952
0.7318768,0.0,0.57694507
0.78463864,0.0,0.29921567
0.9335683,0.0,0.14487629
0.78048134,0.0,0.08427587
0.6251977,0.0,0.0
0.50551796,0.0,0.18517345
0.2336609,0.0,0.3726433
0.95082384,0.0,0.12752569
0.6917492,0.0,0.0077600726
0.7748278,0.0,0.3602008
0.6014473,0.0,0.6436585
0.81790483,0.0,0.30705342
0.7779704,0.0,0.33741152
0.95067364,0.0,0.12751536
0.9001842,0.0,0.48355156
0.5690967,0.0,0.20069863
0.869037,0.0,0.3713383
0.8918324,0.0,0.13119395
0.8461157,0.0,0.00021020406
0.9063598,0.0,0.03268675
0.85433096,0.0,0.36234197
0.8600063,0.0,0.013131793
0.9671779,0.0,0.0
0.7844595,0.0,0.20015496
0.9053602,0.0,0.037922066
0.7742775,0.0,0.003424487
0.92371553,0.0,0.0
0.42845163,0.0,0.064227104
0.364215,0.0,0.0
0.30864692,0.0,0.0
0.8986798,0.0,0.056010257
0.6170063,0.0,0.1563151
0.16166064,0.0,0.0
0.14557014,0.0,0.051989347
0.5786112,0.0,0.35525808
0.34349075,0.0,0.28154343
0.7245457,0.0,0.3829774
0.7733506,0.0,0.8356601
0.78057146,0.0,0.56703854
0.4203417,0.0,0.79220796
0.38919598,0.0,0.4657495
0.38123935,0.0,0.1305806
0.577995,0.0,0.058607332
0.9207884,0.0,0.15534885
0.7484958,0.0,0.02595644
0.40493065,0.0,0.0
0.84701383,0.0,0.0
0.35177794,0.0,0.0021943857
0.7742877,0.0,0.09033594
0.7646911,0.0,0.06565459
0.46108684,0.0,0.012015699
0.25677815,0.0,0.11673266
0.801476,0.0,0.0
0.7232317,0.0,0.41747525
0.5008477,0.0,0.07604143
0.94856703,0.0,0.0030809925
0.48779076,0.0,0.16780703
0.96268564,0.0,0.0
0.8955313,0.0,0.1811895
0.8434661,0.0,0.75333285
0.8569013,0.0,0.47773224
0.9009492,0.0,0.16747804
0.71420527,0.0,0.086687006
0.9175767,0.0,0.0
0.950643,0.0,0.0022557494
0.7696092,0.0,3.500611e-05
0.51490545,0.0,0.068767674
0.37239373,0.0,0.095081665
0.20005013,0.0,0.0
0.5450803,0.0,0.07381926
0.114570625,0.0,0.13072462
0.6771304,0.0,0.0
0.7196833,0.0,0.0
0.8795834,0.0,0.14529727
0.7174504,0.0,0.11348519
0.886959,0.0,0.3257381
0.90842104,0.0,0.37270457
0.89824206,0.0,0.7086451
0.6875084,0.0,0.4940469
0.82443076,0.0,0.52734184
0.80682534,0.0,0.39587712
0.85127825,0.0,0.23019691
0.8425115,0.0,0.281841
0.8331672,0.0,0.2719087
0.8661685,0.0,0.3487543
0.7807458,0.0,0.19800301
0.8031886,0.0,0.3825757
0.8492784,0.0,0.66231036
0.30537564,0.0,0.30779254
0.7679375,0.0,0.21212287
0.54234433,0.0,0.121382855
0.58867323,0.0,0.18539771
0.51867443,0.0,0.33587456
0.2711364,0.0,0.06752426
0.70275974,0.0,0.04729901
0.41996497,0.0,0.049905434
0.81199515,0.0,0.013102807
0.77866566,0.0,0.040398568
0.7937334,0.0,0.102203116
0.888013,0.0,0.10700435
0.62253344,0.0,0.002452223
0.7687051,0.0,0.21547683
0.5138103,0.0,0.47312576
0.6687927,0.0,0.54599005
0.89656883,0.0,0.12917104
0.9072794,0.0,0.31617928
0.8590739,0.0,0.24343656
0.7397614,0.0,0.59890914
0.9355742,0.0,0.43668568
0.8326772,0.0,0.05841562
0.9193256,0.0,0.31911504
0.7657421,0.0,0.07017674
0.67492175,0.0,0.01830294
0.9229852,0.0,0.21047698
0.7084144,0.0,0.2820908
0.8422592,0.0,0.13622627
0.42981124,0.0,0.016917234
0.954219,0.0,0.02121607
0.40634993,0.0,0.0
0.6533945,0.0,0.04543716
0.7066081,0.0,0.003740442
0.7945023,0.0,0.00085992826
0.31269795,0.0,0.0
0.7964836,0.0,0.0017561837
0.8733702,0.0,0.0009127098
0.53966665,0.0,0.015547879
0.58662224,0.0,0.0008837937
0.37802458,0.0,0.0
0.6375447,0.0,0.0
0.4351822,0.0,0.082988895
0.7842816,0.0,0.08323626
0.95319057,0.0,0.0
0.81232166,0.0,0.18536167
0.8444529,0.0,0.2795888
0.5909386,0.0,0.70542336
0.71863514,0.0,0.6085917
0.6407542,0.0,0.45054027
0.62635803,0.0,0.3188173
0.7907962,0.0,0.16171654
0.8522381,0.0,0.546367
0.8904887,0.0,0.086028926
0.80006725,0.0,0.25620764
0.5776387,0.0,0.19503921
0.7803396,0.0,0.0
0.5781793,0.0,0.015647441
0.60667866,0.0,0.3205362
0.91552496,0.0,0.4535248
0.8847049,0.0,0.35651055
0.96279055,0.0,0.08089225
0.8542487,0.0,0.5028266
0.50460476,0.0,0.6688345
0.5302263,0.0,0.6739937
0.88992965,0.0,0.045212843
0.80788225,0.0,0.29728302
0.74608344,0.0,0.2246863
0.7412526,0.0,0.63287824
0.90248924,0.0,0.29652587
0.84059787,0.0,0.0022393838
0.7391421,0.0,0.3716581
0.8436677,0.0,0.47481155
0.9711509,0.0,0.06768268
0.9568274,0.0,0.014501842
0.9772907,0.0,0.16841826
0.9341124,0.0,0.49449784
0.7633277,0.0,0.39323345
0.8320006,0.0,0.70521295
0.9708255,0.0,0.32430616
0.6279784,0.0,0.18360268
0.9288952,0.0,0.06641565
0.6195389,0.0,0.5734036
0.8092742,0.0,0.21359272
0.8723563,0.0,0.1420533
0.80781966,0.0,0.7153807
0.5672206,0.0,0.18996018
0.9247874,0.0,0.0025490026
0.76984966,0.0,0.4106633
0.8714884,0.0,0.43498456
0.85537106,0.0,0.2228311
0.88886017,0.0,0.34720516
0.89486855,0.0,0.015018965
0.7718777,0.0,8.958586e-05
0.7527236,0.0,0.34447592
0.8975052,0.0,0.19109459
0.86164325,0.0,0.0034412201
0.90861905,0.0,0.0041497983
0.66293347,0.0,0.46664533
0.9189881,0.0,0.016909465
0.82255375,0.0,0.0
0.5369036,0.0,0.37648696
0.39353132,0.0,0.15464658
0.9363909,0.0,0.0
0.8492703,0.0,0.0414121
0.16092286,0.0,0.33594143
0.70346206,0.0,0.5645481
0.5741235,0.0,0.4793618
0.68078786,0.0,0.077258974
0.7205168,0.0,0.5195328
0.5745572,0.0,0.40984502
0.5189803,0.0,0.054785337
0.5445485,0.0,0.16963442
0.35691118,0.0,0.47600406
0.79768336,0.0,0.03509574
0.12269824,0.0,0.35440296
0.17694476,0.0,0.3684281
0.87257576,0.0,0.00014011071
0.40947783,0.0,0.30199638
0.4292104,0.0,0.44822818
0.8379969,0.0,0.26171052
0.7907886,0.0,0.0014871791
0.72091526,0.0,0.24882574
0.656161,0.0,0.41525504
0.91439486,0.0,0.02998421
0.8756098,0.0,0.24002002
0.66778016,0.0,0.57843095
0.7852754,0.0,0.48356435
0.8591073,0.0,0.3166876
0.792235,0.0,1.0
0.9153756,0.0,1.0
0.8894127,0.0,0.28553477
0.6618354,0.0,0.5177248
0.6624948,0.0,0.18767543
0.86447847,0.0,0.47727275
0.7952632,0.0,0.15450943
0.8117638,1.0,0.33738598
0.6267758,1.0,0.62231165
0.4402294,1.0,0.7241093
0.7010419,0.0,0.059029788
0.92607296,0.0,0.33698434
0.47228855,1.0,0.36068106
0.34336728,1.0,0.20221826
0.89577323,0.0,0.050964814
0.8153067,0.0,0.6809854
0.35062554,1.0,0.5425843
0.11666533,1.0,0.21860395
0.60069954,0.0,0.29560986
0.8297081,0.0,0.026109593
0.84543353,0.0,0.4650046
0.7912645,0.0,0.41525912
0.82159966,0.0,0.5195224
0.820473,0.0,0.2197796
0.8150039,0.0,0.003534628
0.9407294,0.0,0.4580926
0.93012166,0.0,0.4999324
0.8845129,0.0,0.157966
0.7694753,0.0,0.039972432
0.8244807,0.0,0.60368055
0.9444563,0.0,0.72524196
0.89624447,0.0,0.27854973
0.9671008,0.0,0.5666225
0.9268701,0.0,0.30082172
0.80820876,0.0,0.072388
0.96522564,0.0,0.35160863
0.93296945,1.0,0.015981644
0.9307652,1.0,0.36854807
0.86298585,1.0,0.02084558
0.93253505,1.0,0.55927277
0.80959845,1.0,0.25807056
0.8183326,0.0,0.35470706
0.8581351,0.0,0.4784544
0.81640095,1.0,0.7807026
0.7838626,1.0,0.56900895
0.83269304,1.0,0.007614392
0.8447655,1.0,0.5223131
0.8609106,1.0,0.7950139
0.9503217,0.0,0.31914765
0.4694414,1.0,0.4748194
0.55342823,0.0,0.72086996
0.7279349,0.0,0.113232225
0.52104,0.0,0.1018348
0.7264083,0.0,0.5553021
0.7034918,0.0,0.059557788
0.9213393,0.0,0.47975615
0.9472907,0.0,0.014608301
0.86023945,0.0,0.1159236
0.7094388,0.0,0.0
0.8790163,0.0,0.08497653
0.7127235,0.0,0.17456484
0.9722631,0.0,0.34230694
0.67675793,0.0,0.5287697
0.7773578,0.0,0.18117577
0.5502258,0.0,0.47488293
0.25290066,0.0,0.0046632807
0.95021844,0.0,0.0
0.8094706,1.0,0.0
0.9815564,0.0,0.017158367
0.80357426,0.0,0.0032687932
0.8083584,0.0,0.42968127
0.67398465,0.0,0.5873241
0.88014406,0.0,0.14218149
0.8732956,0.0,0.050052714
0.866188,0.0,0.13020773
0.7874613,0.0,0.0028623103
0.6766897,1.0,0.17914736
0.31913835,1.0,0.18626752
0.8370567,0.0,0.007496588
0.80117023,0.0,0.00018315032
0.8448017,1.0,0.13892582
0.79131675,0.0,0.25904116
0.68382585,1.0,0.49813285
0.80022305,1.0,0.3248729
0.90397716,1.0,0.9239642
0.8036075,1.0,0.5061592
0.8780852,1.0,0.266818
0.7371338,1.0,0.8084576
0.6137895,1.0,0.20387958
0.71603525,1.0,0.12533318
0.71955943,1.0,0.7168482
0.7552811,1.0,0.5357363
0.7089654,0.0,0.05273094
0.78895134,0.0,0.49770385
0.7498495,0.0,0.30401576
0.50697076,0.0,0.53616357
0.79045296,0.0,0.7192304
0.81707424,0.0,1.0
0.8312044,0.0,0.7405213
0.86634886,0.0,0.29685947
0.7394953,0.0,0.43147236
0.7039062,0.0,0.4139587
0.8852576,0.0,0.61151075
0.86249435,0.0,0.21330808
0.9256322,0.0,0.25010803
0.8058648,0.0,0.12732172
0.71881694,0.0,0.58079493
0.765716,0.0,0.5928386
0.5583642,0.0,0.10627803
0.9174152,0.0,0.24009342
0.751492,0.0,0.6263242
0.75715816,0.0,0.14922595
0.919933,0.0,0.0
0.88436484,0.0,0.294482
0.68280685,0.0,0.42288944
0.42669067,0.0,0.04146968
0.8186715,0.0,0.06647514
0.85239255,0.0,0.47532445
0.45018846,0.0,0.29384357
0.67027956,0.0,0.17232613
0.70335907,0.0,0.6825418
0.64772177,0.0,0.45744953
0.85987794,0.0,0.68647254
0.8149974,0.0,0.08666665
0.84255135,0.0,0.7849177
0.6946082,0.0,0.22175346
0.6050143,0.0,0.4678052
0.46271753,0.0,0.23175052
0.40644664,0.0,0.7037374
0.3479116,1.0,0.3523858
0.45646834,0.0,0.0761
0.6541329,0.0,0.24074209
0.43800223,1.0,0.47153464
0.5323857,1.0,0.21074098
0.5175939,1.0,0.0818073
0.09472619,1.0,0.5428311
0.40060753,1.0,0.0814731
0.29946747,1.0,0.7048293
0.48168358,1.0,0.48542443
0.6891132,0.0,0.5303386
0.5992476,0.0,0.16113302
0.6595891,0.0,0.01898541
0.7933396,0.0,0.41334128
0.6862805,0.0,0.7326552
0.560651,0.0,0.35886788
0.68281835,0.0,0.57032603
0.3193178,0.0,0.66100734
0.8447305,0.0,0.22653465
0.61741656,0.0,0.11986688
0.85359305,0.0,0.02380006
0.49141434,0.0,0.25446767
0.22143,1.0,0.075063825
0.739539,0.0,0.09337856
0.49128783,0.0,0.018505458
0.83165914,0.0,0.00014953256
0.68317354,0.0,0.38896248
0.70134217,0.0,0.18766433
0.8501654,0.0,0.5663449
0.81545633,0.0,0.8082019
0.62600213,0.0,0.3310718
0.5071124,0.0,0.8416503
0.5350199,1.0,0.5122751
0.41571796,1.0,0.14045389
0.7944458,1.0,0.19774629
0.6618675,1.0,0.37607193
0.4444599,0.0,0.25095448
0.4930415,1.0,0.015620846
0.67605793,0.0,0.0
0.74667734,0.0,0.0
0.75487345,0.0,0.10064649
0.85409313,0.0,0.07756941
0.7793343,0.0,0.59540784
0.7374696,0.0,0.39850435
0.8111084,0.0,0.7149961
0.8295932,0.0,0.63731617
0.77926755,0.0,0.102807015
0.7760663,0.0,0.06234869
0.83989596,0.0,0.026587129
0.71111834,0.0,0.1066318
0.8796331,0.0,0.0022319383
0.7004847,0.0,0.27865952
0.82524014,1.0,0.28833807
0.44751328,1.0,0.44839
0.91862774,1.0,0.122256234
0.732151,1.0,0.510042
0.711274,0.0,0.42779708
0.71970093,1.0,0.007903918
0.4032946,0.0,0.14990838
0.61735857,0.0,0.2927153
0.6712736,0.0,0.042112064
0.90750414,0.0,0.27387285
0.6323819,0.0,0.37981635
0.87421054,0.0,0.72537726
0.9367219,0.0,0.3960992
0.77266496,0.0,0.72425926
0.6396331,0.0,0.7429013
0.5966349,0.0,0.73414886
0.7723249,0.0,0.22341824
0.8837453,0.0,0.23539567
0.89506525,1.0,0.49370843
0.8334561,1.0,0.07163702
0.87211424,1.0,0.7038829
0.8875965,0.0,0.032319423
0.8167179,0.0,0.31909776
0.6682424,1.0,0.40152866
0.8630414,1.0,0.06863344
0.8155548,0.0,0.010894694
0.8156758,1.0,0.45346206
0.612251,1.0,0.28364184
0.53178644,0.0,0.030015118
0.8387032,0.0,0.14717908
0.8334504,1.0,0.49594977
0.7937089,0.0,0.21023272
0.7914137,0.0,0.016469026
0.9583017,0.0,0.50589114
0.8393827,0.0,0.5001984
0.8810992,0.0,0.46029982
0.8105622,0.0,0.0063545527
0.8588779,0.0,0.4129509
0.5541216,0.0,0.50156206
0.68121445,0.0,0.039808262
0.88357544,0.0,0.13296276
0.63905203,0.0,0.7132138
0.38185427,0.0,0.24386832
0.71763325,0.0,0.039508678
0.65804774,0.0,0.27511337
0.51989466,0.0,0.011919457
0.87275946,0.0,0.14100526
0.8190593,0.0,0.05693885
0.8792772,0.0,0.076939456
0.86297154,0.0,0.088667095
0.95871514,0.0,0.3348089
0.946408,0.0,0.015795087
0.9431904,0.0,0.39306116
0.9180562,0.0,0.44889697
0.9339766,0.0,0.121704705
0.82839453,0.0,0.54107535
0.8776326,0.0,0.685852
0.92252153,0.0,0.41838863
0.88331795,0.0,0.54705554
0.93906146,0.0,0.17348196
0.9007556,0.0,0.03347916
0.93399805,0.0,0.19784212
0.9642045,0.0,0.029942414
0.85707825,0.0,0.024386667
0.7059969,0.0,0.010966079
0.62887764,0.0,0.050266154
0.5678451,0.0,0.012639721
0.71081877,0.0,0.52803683
0.69284815,0.0,0.47972706
0.8982795,0.0,0.695559
0.84143835,0.0,0.612324
0.86284983,0.0,0.11167998
0.8893994,0.0,0.26130432
0.9423145,0.0,0.06898299
0.7725281,0.0,0.20394395
0.8936735,0.0,0.47632807
0.89375746,0.0,0.38859582
0.79178625,0.0,0.2903634
0.8708139,0.0,0.7950574
0.84369177,0.0,0.45446154
0.8737988,0.0,0.7448842
0.9635008,0.0,0.24296688
0.6148074,0.0,0.40350732
0.5401612,0.0,0.22997338
0.90082705,0.0,0.23840296
0.5015618,0.0,0.07897294
0.85642314,0.0,0.20535591
0.76395375,0.0,0.046278395
0.92748076,0.0,0.12296504
0.70705163,0.0,0.08738061
0.90313184,0.0,0.5605481
0.9319464,0.0,0.09859083
0.8044408,0.0,0.041042924
0.78981084,1.0,0.2904404
0.81462044,0.0,0.086431615
0.22460291,0.0,0.20505276
0.36361933,0.0,0.07929215
0.7418992,1.0,0.43523738
0.44565758,0.0,0.4955506
0.6667439,1.0,0.64081264
0.8110369,0.0,0.73887116
0.6546163,0.0,0.5833027
0.27171576,0.0,0.2661552
0.13508238,0.0,0.27984497
0.4939882,0.0,0.070728496
0.91657597,0.0,0.18685512
0.25129244,0.0,0.59215415
0.28968266,0.0,0.8223282
0.21099085,0.0,0.60630745
0.09711093,0.0,0.5160865
0.8441301,0.0,0.3780349
0.5578121,0.0,0.7393439
0.3016942,0.0,0.22813891
0.42384526,0.0,0.39669013
0.5217316,0.0,0.3436503
0.7762072,0.0,0.15724415
0.4008465,0.0,0.43537104
0.21314162,0.0,0.70526206
0.22251405,0.0,0.054740164
0.66185015,0.0,0.17263687
0.28113747,0.0,0.4855383
0.08862209,0.0,0.66451573
0.42443445,0.0,0.5147987
0.4457931,0.0,0.26358223
0.13042699,0.0,0.47705796
0.5209825,0.0,0.3095124
0.6204712,0.0,0.14250864
0.4914023,0.0,0.18085021
0.63317823,1.0,0.3023291
0.5784932,1.0,0.5389831
0.6376589,1.0,0.5670399
0.32459944,1.0,0.78674024
0.69333845,1.0,0.58732605
0.73796904,1.0,0.7784932
0.62698996,1.0,0.7329214
0.68595517,1.0,1.0
0.7247547,0.0,1.0
0.8892153,0.0,0.43994147
0.5307302,0.0,0.37144604
0.77214074,0.0,0.6065499
0.7373904,0.0,0.3750577
0.6396806,0.0,0.012995268
0.55553293,0.0,0.055486955
0.33046094,0.0,0.0012263058
0.71040976,0.0,0.00023238685
0.44355342,0.0,0.0002941125
0.6458602,0.0,0.0
0.2084321,0.0,2.5751215e-05
0.6223034,0.0,0.0
0.45085186,1.0,0.17973678
0.5217205,0.0,0.0011636675
0.26373565,1.0,0.33381727
0.2617657,1.0,0.34903353
0.6765136,0.0,0.0
0.15807787,1.0,0.314073
0.15110764,1.0,0.7414633
0.17833115,0.0,0.06685297
0.13773248,0.0,0.06127135
0.20202512,0.0,0.48929882
0.27520978,0.0,0.14039555
0.35500255,0.0,0.0
0.63166606,0.0,0.075854085
0.80871105,0.0,0.30027267
0.41452074,0.0,0.029563827
0.8165331,0.0,0.0
0.8243504,0.0,0.2322766
0.58541363,0.0,0.30262113
0.3947203,0.0,0.0015807443
0.8668237,0.0,0.05272764
0.77132654,0.0,0.52839327
0.30293727,0.0,0.40610564
0.4105502,0.0,0.056987163
0.73648226,0.0,0.5358562
0.89027727,0.0,0.3448608
0.89905804,0.0,0.6701483
0.58467597,0.0,0.4307473
0.71765757,0.0,0.051364824
0.23993589,0.0,0.33225062
0.36344144,0.0,0.0020056055
0.7228074,0.0,0.0
0.44408438,0.0,0.0
0.48309663,0.0,0.0
0.34689194,0.0,0.006118532
0.2820606,0.0,0.00025328086
0.2952787,1.0,0.0137014985
0.12465089,1.0,0.30744863
0.27205703,1.0,0.44298145
0.5148552,0.0,0.17687294
0.13304998,0.0,0.34552684
0.76700187,0.0,0.32283697
0.62890697,0.0,0.26793826
0.36472002,0.0,0.03998375
0.8993426,0.0,0.51534176
0.78450745,0.0,0.18035533
0.7522462,0.0,0.111953646
0.30033758,0.0,0.18850169
0.7019836,0.0,0.39126632
0.813132,0.0,0.22236434
0.933616,0.0,0.49519637
0.7786442,0.0,0.5560791
0.91091084,0.0,0.039515924
0.9450762,0.0,0.40757152
0.78367,0.0,0.43390527
0.95178753,0.0,0.021098265
0.6683245,0.0,0.108966164
0.85585135,0.0,0.42613524
0.5826584,0.0,0.15629958
0.34909663,0.0,0.00021459078
0.70419466,0.0,0.5315568
0.6770097,1.0,0.62169284
0.43276823,0.0,0.16868699
0.10492363,1.0,0.58956057
0.45441273,1.0,0.12380066
0.07286844,1.0,0.6675379
0.106038295,1.0,0.40329456
0.018440891,1.0,0.47085944
0.34233293,1.0,0.10206165
0.24943788,1.0,0.22464456
0.41668686,0.0,0.0002979842
0.26309508,1.0,0.1438265
0.29848415,1.0,0.27107242
0.48094225,0.0,0.0
0.41828582,0.0,0.0
0.8585181,1.0,0.47575203
0.60107136,0.0,0.16963385
0.6057307,0.0,0.0
0.59227395,0.0,0.02934246
0.898495,0.0,0.41556972
0.65253687,0.0,0.10111165
0.7491781,0.0,0.0
0.8675393,0.0,0.53458667
0.7567959,0.0,0.80126053
0.7008954,0.0,0.34431598
0.4493035,0.0,0.32978195
0.732158,0.0,0.07755198
0.7194979,0.0,0.658884
0.6562345,0.0,0.80002296
0.80612946,0.0,0.15247469
0.36792743,0.0,0.11736186
0.29422134,0.0,0.037364364
0.7565652,0.0,0.015844349
0.30443662,0.0,0.0
0.3971622,0.0,0.00039830382
0.8663501,0.0,0.0
0.18713318,0.0,0.0
0.66936505,0.0,0.0
0.59884757,0.0,0.0
0.3858876,0.0,0.012785212
0.19322833,0.0,0.32748517
0.21910302,0.0,0.16972739
0.055559535,1.0,0.5715401
0.18981996,1.0,0.6243355
0.1359754,1.0,0.5982107
0.32442793,1.0,0.07435182
0.6067733,0.0,0.2133536
0.5733763,0.0,0.44808426
0.7802523,1.0,0.3727382
0.93826175,0.0,0.0
0.8622348,0.0,0.24687295
0.7765879,0.0,0.5591889
0.5972059,0.0,0.07735668
0.88202536,0.0,0.0
0.9408338,0.0,0.59794766
0.95526534,0.0,0.28055248
0.8928507,0.0,0.0
0.9396338,0.0,0.2872222
0.86003864,0.0,0.4679574
0.6933637,0.0,0.10714244
0.84724694,0.0,0.37872192
0.8287289,0.0,0.042498253
0.70458215,0.0,0.16995709
0.502373,0.0,0.0
0.8338819,0.0,0.014922568
0.70216876,0.0,0.0
0.7136963,0.0,0.0
0.8308364,0.0,0.019097283
0.79030216,0.0,0.0
0.42114133,0.0,0.34926388
0.58902586,0.0,0.55637413
0.65612006,0.0,0.18742123
0.52295005,0.0,0.39139867
0.40527332,0.0,0.3644178
0.8851384,0.0,0.42461756
0.31863314,0.0,0.054083705
0.51040244,0.0,0.0
0.90664613,0.0,0.1960692
0.819728,0.0,0.45334256
0.74984634,0.0,0.00073206215
0.8706236,0.0,0.016948996
0.74690354,0.0,0.29617047
0.89950556,0.0,0.29144374
0.88774997,0.0,0.59201294
0.891488,0.0,0.6314837
0.7937911,0.0,0.17270817
0.91579187,0.0,0.103556946
0.7222545,0.0,0.1447636
0.69428086,0.0,0.2312949
0.6537538,0.0,0.17546685
0.46521047,0.0,0.5021547
0.47344851,0.0,0.44702828
0.42255712,0.0,0.6785138
0.6643363,0.0,0.59620714
0.5667894,0.0,0.3709575
0.6882631,0.0,0.026538463
0.43862158,0.0,0.118180215
0.7960963,0.0,0.55671483
0.7771157,0.0,0.1984208
0.84484285,0.0,0.0
0.671488,0.0,0.1347187
0.90989393,0.0,0.40927833
0.8252566,0.0,0.20947234
0.8825582,0.0,0.004799722
0.66052115,0.0,0.40001515
0.8301884,0.0,0.705785
0.7757547,0.0,0.20733634
0.9453824,0.0,0.20218351
0.9687562,0.0,0.52515644
0.8378578,1.0,0.20600334
0.5655596,1.0,0.22684492
0.5979503,0.0,0.0046967333
0.70936656,1.0,0.12633601
0.6903336,0.0,0.010001079
0.7617574,0.0,0.09706325
0.75077224,0.0,0.019472789
0.6355593,0.0,0.25570217
0.5509602,0.0,0.3197104
0.7124864,0.0,0.55716777
0.68898904,0.0,0.40545925
0.62066245,0.0,0.0
0.47175792,0.0,0.26541898
0.6829738,0.0,0.036157694
0.63536495,0.0,0.0014402554
0.5224163,0.0,0.057071984
0.63204944,0.0,0.39476785
0.6262921,0.0,0.014297508
0.638767,0.0,0.007150926
0.43863985,0.0,0.2647792
0.57175535,0.0,0.15333258
0.7736397,0.0,0.4742519
0.79626054,0.0,0.20941183
0.6339688,0.0,0.60725605
0.5318866,1.0,0.6786499
0.7960814,1.0,0.6126836
0.5587935,1.0,0.34797502
0.79825187,1.0,0.3849994
0.80930555,1.0,0.096887805
0.840714,1.0,0.49259683
0.67888206,0.0,0.13632976
0.57030857,0.0,0.5860283
0.7107105,0.0,0.63369584
0.62832403,0.0,0.088031776
0.77583104,1.0,0.36703795
0.8398249,0.0,0.0
0.62041867,1.0,0.2563769
0.72836155,0.0,0.025075046
0.77268314,1.0,0.33838817
0.70525277,1.0,0.07545581
0.79364705,1.0,0.4866696
0.7717574,1.0,0.29263496
0.6821765,1.0,0.30930066
0.5513736,0.0,0.42383108
0.71873075,0.0,0.43414015
0.7935918,0.0,0.53214025
0.6013706,0.0,0.32867685
0.7400596,0.0,0.0
0.74970806,1.0,0.09840183
0.5967313,0.0,0.003464071
0.5032584,1.0,0.047147885
0.39569548,0.0,0.0015268996
0.38086894,1.0,0.33273736
0.3558603,1.0,0.06903557
0.587791,1.0,0.3679026
0.47103116,1.0,0.46220836
0.5351728,1.0,0.81886023
0.47078767,0.0,0.4935987
0.47306874,0.0,0.14943781
0.4114114,0.0,0.0065135914
0.36458212,0.0,0.024717983
0.6096938,0.0,0.4327896
0.42742738,0.0,0.0
0.3476004,0.0,0.0
0.3151304,0.0,0.28730348
0.38605997,1.0,0.45557883
0.55038583,0.0,0.043583278
0.41846123,0.0,0.0022116473
0.3277342,0.0,0.30327123
0.5745436,0.0,0.40562347
0.6089567,0.0,0.026245447
0.35582092,0.0,0.067363776
0.52343065,0.0,0.4555234
0.56791586,0.0,0.14236754
0.8163522,0.0,0.5758921
0.8967084,0.0,0.035566825
0.76341176,0.0,0.8046292
0.79729456,0.0,0.40750715
0.66220826,0.0,0.25407836
0.84003526,0.0,0.5434158
0.7776806,0.0,0.40732965
0.6078706,0.0,0.12934774
0.7612033,0.0,0.05755203
0.759548,0.0,0.4756495
0.6967272,0.0,0.46053725
0.7713758,0.0,0.5310018
0.69869286,0.0,0.019462312
0.7673898,0.0,0.3504909
0.501515,0.0,0.031118855
0.7684904,0.0,0.34774098
0.8006304,0.0,0.03913985
0.62511444,1.0,0.3389697
0.712041,0.0,0.0042305784
0.68566936,1.0,0.26335797
0.75868803,1.0,0.34393448
0.4285217,0.0,0.0
0.6834443,0.0,0.24500135
0.43586025,0.0,0.012146227
0.32520902,0.0,0.77860343
0.51995784,0.0,0.4960608
0.3000849,0.0,0.14108965
0.57061183,0.0,0.29689148
0.5349883,0.0,0.509071
0.27142784,0.0,0.087948635
0.46605355,0.0,0.0
0.7493471,0.0,0.19986323
0.36227193,0.0,0.43075415
0.24277915,0.0,0.0
0.71316487,0.0,0.0
0.7902124,0.0,0.40280977
0.51358235,0.0,0.3928231
0.4564747,0.0,0.14547835
0.7942256,0.0,0.5639647
0.89382684,0.0,0.03530915
0.90864646,0.0,0.63881946
0.8148034,0.0,0.092669815
0.71782947,0.0,0.38634402
0.6715151,0.0,0.098742425
0.5565308,0.0,0.45673358
0.5793267,0.0,0.40236732
0.3731941,1.0,0.48158938
0.4486878,1.0,0.51630384
0.41156346,1.0,0.3786694
0.7259894,0.0,0.040588424
0.70351815,0.0,0.07620005
0.7905473,0.0,0.0
0.7563958,0.0,0.24335413
0.6579942,0.0,0.019147312
0.7524897,0.0,0.38465253
0.69813657,0.0,0.13217053
0.6937031,0.0,0.43565145
0.85816777,0.0,0.09793091
0.60570705,0.0,0.27704418
0.71085066,0.0,0.04839967
0.3577241,0.0,0.1796443
0.5828784,0.0,0.10155157
0.52429193,0.0,0.012307917
0.4687626,0.0,0.0001373348
0.46312127,0.0,0.0595771
0.38034546,0.0,0.028696422
0.55493915,0.0,0.0011150278
0.38838103,0.0,0.069972716
0.42407408,0.0,0.083382465
0.22485211,0.0,0.0
0.4944983,0.0,0.0027807988
0.46756187,0.0,0.29500738
0.64305913,0.0,0.2795008
0.30619615,0.0,0.027052393
0.5568502,0.0,0.5343169
0.44655192,0.0,0.7892976
0.6852232,0.0,0.4867813
0.6634503,0.0,0.49459863
0.48612264,0.0,0.12416414
0.6083433,0.0,0.66799796
0.52749,0.0,0.47029015
0.51554525,0.0,0.12897865
0.4094148,0.0,0.043263517
0.59071976,0.0,0.55879027
0.54043615,0.0,0.68702745
0.7312345,0.0,0.06769889
0.5004468,0.0,0.12531821
0.73408383,0.0,0.612211
0.64734435,0.0,0.6121245
0.72625893,0.0,0.028048044
0.8018958,0.0,0.6600711
0.6542987,0.0,0.13182828
0.40578246,0.0,0.2921755
0.85986245,0.0,0.5885557
0.72698987,0.0,0.45675558
0.6970278,0.0,0.07707355
0.454066,0.0,0.53483635
0.7949185,0.0,0.83666325
0.45578283,0.0,0.8646567
0.39646807,0.0,0.44173732
0.653654,0.0,0.15872003
0.7745477,0.0,0.4746076
0.69078106,0.0,0.4941589
0.68891287,0.0,0.21596538
0.5853427,0.0,0.4777399
0.70319885,0.0,0.6949876
0.66711754,0.0,0.646188
0.61798614,0.0,0.3411824
0.5744804,0.0,0.18929589
0.688864,0.0,0.532953
0.5724325,0.0,0.28569055
0.7512977,1.0,0.29458526
0.5812162,1.0,0.71377
0.7048414,1.0,0.77096176
0.7649694,1.0,0.22003724
0.7072769,1.0,0.57554305
0.52330256,1.0,0.47789863
0.81625056,1.0,0.22789827
0.7195494,1.0,0.39002192
0.7883651,1.0,0.45983705
0.61660486,1.0,0.48468813
0.66338027,1.0,0.52995396
0.70686996,1.0,0.6223953
0.6884903,1.0,0.70238405
0.80710703,0.0,0.21234141
0.82388836,0.0,0.26664716
0.57488513,1.0,0.11216857
0.6251103,1.0,0.22532879
0.7993173,0.0,0.18201339
0.54120904,1.0,0.07453751
0.62011033,0.0,0.34507468
0.63287055,0.0,0.64441305
0.7333053,0.0,0.09643093
0.6316601,0.0,0.16914599
0.8637853,1.0,0.028973931
0.6558889,0.0,0.041317824
0.70642114,0.0,0.2161112
0.58738905,0.0,0.11097213
0.54209715,0.0,0.48777178
0.5157841,0.0,0.7123038
0.50437444,0.0,0.34879503
0.7303291,1.0,0.60294425
0.65430766,1.0,0.46753046
0.5964296,1.0,0.38660514
0.48749176,1.0,0.32255265
0.7106911,1.0,0.31939536
0.45669806,1.0,0.3924925
0.57217,1.0,0.4732734
0.72752094,1.0,0.439603
0.7941977,1.0,0.34931636
0.7948058,0.0,0.59625983
0.758509,1.0,0.48687038
0.8317909,1.0,0.3587127
0.8111117,0.0,0.3261316
0.7178375,1.0,0.4620157
0.7397944,0.0,0.4436723
0.78629345,0.0,0.8126625
0.9110142,0.0,0.16028383
0.8313111,0.0,0.3210754
0.7577785,0.0,0.00022235334
0.79334825,0.0,0.19211408
0.9002119,0.0,0.0017892272
0.82229745,0.0,0.35578656
0.8446907,0.0,0.37368354
0.93950564,0.0,0.0
0.9316626,0.0,0.09225969
0.8681261,0.0,0.06018789
0.9163302,0.0,0.1632073
0.9575989,0.0,0.27488643
0.5357624,0.0,0.49755153
0.18455836,0.0,0.5700326
0.4829993,0.0,0.7077677
0.61564595,0.0,0.3404362
0.30799413,0.0,0.86775494
0.300363,0.0,0.61555463
0.34293157,0.0,0.37942922
0.626916,0.0,0.47627258
0.77324736,0.0,0.46049467
0.7269663,0.0,0.045659576
0.8363029,0.0,6.881211e-05
0.85193115,0.0,0.19750686
0.8419834,0.0,0.4594297
0.9583126,0.0,0.0060296245
0.81316817,0.0,0.34519902
0.5545639,0.0,0.021048574
0.8736245,0.0,0.28319415
0.84628516,0.0,0.00045970306
0.92797035,0.0,0.36186442
0.6893687,0.0,0.60754293
0.85286224,0.0,0.22561893
0.8612102,0.0,0.17203802
0.9354585,0.0,0.00078136654
0.9193342,0.0,0.0
0.6348221,0.0,0.0
0.7861178,0.0,0.0
0.89697886,0.0,0.010244152
0.68946654,0.0,0.098727114
0.7407111,1.0,0.4289578
0.5202837,1.0,0.7294594
0.42591855,0.0,0.41555735
0.42293134,0.0,0.013948122
0.77311194,0.0,0.093311384
0.20360635,0.0,0.06915912
0.3799112,0.0,0.23369661
0.73478657,0.0,0.08934549
0.59613,0.0,0.00029485216
0.6382428,0.0,0.0
0.1946173,0.0,0.23215407
0.5182789,0.0,0.0154348165
0.32907462,0.0,0.0
0.37094042,0.0,0.0
0.55458415,0.0,0.12888849
0.10148305,0.0,0.46694344
0.38104618,0.0,0.1957744
0.28012276,0.0,0.63826907
0.53640515,0.0,0.19340123
0.47214246,0.0,0.29931113
0.7249266,0.0,0.3196015
0.71613246,0.0,0.26887423
0.53784955,0.0,0.24321315
0.84364384,0.0,0.0689565
0.8048792,0.0,0.18486942
0.7121758,0.0,0.023595357
0.87621427,0.0,0.45669627
0.79089886,0.0,0.40371737
0.87045693,0.0,0.43652692
0.7469933,0.0,0.6435932
0.74821645,0.0,0.32266584
0.7034009,0.0,0.4959078
0.7393183,0.0,0.21530291
0.273994,0.0,0.62348646
0.8212582,0.0,0.36166772
0.7813221,0.0,0.02373506
0.40161976,0.0,0.2677897
0.47276586,0.0,0.39852887
0.6732888,0.0,0.19725743
0.8380863,0.0,0.0020810696
0.6984822,0.0,0.021122908
0.5057576,0.0,0.08952482
0.83929,0.0,0.016372463
0.2566007,0.0,0.3334406
0.056913406,0.0,0.38012034
0.14800486,1.0,0.33364606
0.16591316,0.0,0.049938142
0.09269215,0.0,0.095794156
0.09860542,0.0,0.54095435
0.09101987,0.0,0.52034575
0.40073383,0.0,0.19581601
0.38403848,0.0,0.54026365
0.31465507,0.0,0.12167484
0.2838255,1.0,0.6596174
0.57123315,1.0,0.38495988
0.9422698,0.0,0.00021461386
0.7629723,0.0,0.15922678
0.27892697,0.0,0.32135805
0.4013579,0.0,0.06885279
0.79469085,0.0,0.0
0.9193653,0.0,0.07318666
0.38796955,0.0,0.5537779
0.68616647,0.0,0.21463421
0.84550196,0.0,0.00024199404
0.71991897,0.0,0.33499604
0.2679252,0.0,0.6049328
0.49095005,0.0,0.24409789
0.8882655,0.0,0.16464278
0.8043068,0.0,0.5170529
0.59510916,0.0,0.7263181
0.52107984,0.0,0.48267052
0.76809293,0.0,0.44636056
0.83169097,0.0,0.16668041
0.5632558,0.0,0.36892143
0.9239448,0.0,0.42364952
0.80735993,0.0,0.097317725
0.5331163,0.0,0.0
0.7998849,0.0,0.38084617
0.7903169,0.0,0.5522761
0.7668108,0.0,0.03986427
0.92181593,0.0,0.0006590103
0.90111816,0.0,0.31916276
0.38646334,0.0,0.15173109
0.7215683,0.0,0.009320033
0.8165717,0.0,0.5122715
0.6594663,0.0,0.0039121886
0.77527285,0.0,0.36234042
0.8368825,0.0,0.09132456
0.79256904,0.0,0.51056856
0.59148216,0.0,0.4161799
0.92541546,0.0,0.11162926
0.76553863,0.0,0.25703716
0.6568108,1.0,0.45147356
0.2681271,1.0,0.3626475
0.11169338,1.0,0.4192591
0.13602349,0.0,0.0061901542
0.09394137,1.0,0.67721593
0.022968603,1.0,0.63347775
0.68893456,0.0,0.050362613
0.6462083,0.0,0.38955146
0.21698421,0.0,0.38496006
0.1826738,0.0,0.10905398
0.73858035,0.0,0.17775546
0.38368493,0.0,0.23819427
0.11021875,0.0,0.008361268
0.37979263,0.0,0.07179631
0.7938962,0.0,0.0007933204
0.5257918,0.0,0.027944569
0.528304,0.0,0.0062976694
0.8015136,0.0,0.0004650013
0.36200717,0.0,0.13704385
0.30302876,0.0,0.15797244
0.61872727,0.0,0.03182186
0.73477286,0.0,0.010774108
0.39495406,0.0,0.09598554
0.29291615,0.0,0.44686103
0.77065647,0.0,0.0076422975
0.5969413,0.0,0.27188843
0.8563449,0.0,0.0014801179
0.4625474,0.0,0.0
0.5510677,0.0,0.0
0.13990764,0.0,0.0046707764
0.16539615,0.0,0.06823573
0.09442139,0.0,0.0737369
0.5429345,0.0,0.038098235
0.59823304,0.0,0.08965242
0.14331529,1.0,0.28892908
0.3105831,1.0,0.68452406
0.17707421,1.0,0.08356031
0.5746381,1.0,0.51936114
0.2113149,1.0,0.7614347
0.3784566,0.0,0.552229
0.84579843,0.0,0.011011422
0.21263722,1.0,0.32984826
0.5356411,0.0,0.4832439
0.55024356,0.0,0.23478916
0.3137129,0.0,0.0036611487
0.754118,0.0,0.11183112
0.7826774,0.0,0.55263203
0.71012676,0.0,0.010129444
0.552223,0.0,0.0034935488
0.76061773,0.0,0.27113193
0.707369,0.0,0.22669594
0.7200606,0.0,0.013746891
0.828295,0.0,0.21811166
0.77969915,0.0,0.7032404
0.5988877,0.0,0.5414986
0.7982628,0.0,0.3692209
0.821548,0.0,0.19925009
0.96336406,0.0,0.013495129
0.7863867,0.0,0.0
0.7288979,0.0,0.0
0.5996656,0.0,0.00061849004
0.61907196,0.0,0.007047006
0.44535676,0.0,0.015614807
0.2959934,1.0,0.47445965
0.707333,0.0,0.29546347
0.11014559,0.0,0.09141068
0.33208013,1.0,0.17680967
0.46682504,0.0,0.38243416
0.51027465,0.0,0.0064538396
0.5789591,0.0,0.0005955084
0.6180954,0.0,0.25783497
0.6910604,0.0,0.19242796
0.7925772,0.0,0.0121545745
0.75473154,0.0,0.3689184
0.6258869,0.0,0.105147816
0.78311884,0.0,0.0
0.9131092,0.0,0.0
0.8923999,0.0,0.035455
0.6768688,0.0,0.0
0.86431205,0.0,0.23958272
0.5554362,0.0,0.6891543
0.7613061,0.0,0.012941528
0.6832713,0.0,0.4183839
0.838943,0.0,0.31207892
0.8706459,0.0,0.47975335
0.8623538,0.0,0.11860733
0.6462956,0.0,0.28696463
0.94432235,0.0,0.088207036
0.8762785,0.0,0.3519446
0.71103835,0.0,0.21267603
0.4073801,0.0,0.3293285
0.7938336,0.0,0.3606421
0.8841658,0.0,0.0123317465
0.42684436,0.0,5.1130995e-05
0.70533395,0.0,0.35529825
0.823954,0.0,0.6144734
0.87272024,0.0,0.18131907
0.8078304,0.0,0.3896484
0.6853581,1.0,0.2528794
0.663811,1.0,0.6685545
0.6819764,1.0,0.7261793
0.7908579,1.0,0.06692695
0.7543054,1.0,0.3368863
0.58836526,1.0,0.5776575
0.628705,1.0,0.28824228
0.71103567,0.0,0.028703418
0.6820707,1.0,0.27282873
0.85067,1.0,0.19941111
0.8166167,0.0,0.01588393
0.6442996,0.0,0.225888
0.6071746,1.0,0.48814884
0.7629126,0.0,0.069275215
0.7598438,0.0,0.07131133
0.86323583,0.0,0.36727974
0.81908435,0.0,0.5130713
0.713791,0.0,0.37170523
0.90482897,0.0,0.20341587
0.64088273,0.0,0.39103955
0.8397612,0.0,0.0021563363
0.60244673,0.0,0.05982392
0.94997245,0.0,0.63409215
0.92322826,0.0,0.17373359
0.74008423,0.0,0.38138926
0.5722324,1.0,0.55888534
0.7197059,1.0,0.55445623
0.90758723,0.0,0.33932614
0.7614455,1.0,0.05505165
0.7060444,1.0,0.59857875
0.84326476,1.0,0.52586377
0.87489235,0.0,0.4839517
0.9283716,1.0,0.0882842
0.77651095,1.0,0.6531002
0.8638072,1.0,0.6966981
0.926871,0.0,0.89954144
0.94252115,0.0,0.51006746
0.92246956,0.0,0.35174882
0.80407643,0.0,0.18698733
0.9011622,0.0,0.19780675
0.8636899,0.0,0.05328137
0.8376448,0.0,0.38898286
0.7087119,0.0,0.44440228
0.6836447,0.0,0.1045941
0.6497804,0.0,0.45289108
0.7814346,0.0,0.0939498
0.89693433,0.0,0.110462405
0.7271311,0.0,0.65848756
0.95267636,0.0,0.5633915
0.84687924,0.0,0.20326638
0.7970933,0.0,0.3304316
0.5152582,0.0,0.06835405
0.92457855,0.0,0.110029265
0.8163935,0.0,0.010901788
0.9015901,0.0,0.0
0.68865395,0.0,0.07120828
0.94735545,0.0,0.070293896
0.8081861,0.0,0.38300294
0.9643825,0.0,0.18092038
0.91495484,0.0,0.43481937
0.91940844,0.0,0.70759916
0.8460633,0.0,0.1289998
0.68846995,1.0,0.2969795
0.8257971,0.0,0.1557325
0.53565437,0.0,0.124935836
0.9370727,0.0,0.020614296
0.21311893,0.0,0.0007554017
0.9706063,0.0,0.0062206513
0.37833688,0.0,0.026398815
0.7986626,0.0,0.03816754
0.6905749,0.0,0.01596119
0.9270783,0.0,0.17582181
0.9621039,0.0,0.018346386
0.6539709,0.0,0.34368116
0.93569535,0.0,0.50405794
0.94677305,0.0,0.33427423
0.9532779,0.0,0.17706203
0.9694221,0.0,0.349013
0.91541296,0.0,0.28966874
0.9584489,0.0,0.039309304
0.9408609,0.0,0.051688343
0.97701013,0.0,0.004111069
0.7015299,0.0,0.04671131
0.38741302,0.0,0.0089992145
0.19749549,0.0,0.0078034136
0.29362044,0.0,0.0067766435
0.10110622,0.0,0.052718613
0.23785895,0.0,0.033199195
0.14477237,1.0,0.33262473
0.19032928,0.0,0.005874748
0.23032612,0.0,0.0
0.5360409,1.0,0.16907276
0.21375526,0.0,0.0009232939
0.25060618,0.0,0.0022074385
0.024641998,0.0,0.0073453668
0.017893178,0.0,0.16195224
0.16075969,0.0,0.0
0.23552486,0.0,0.011140446
0.41684064,0.0,0.019001953
0.08973042,0.0,0.09166021
0.123813465,0.0,0.047735427
0.22878353,0.0,0.023429606
0.5320301,0.0,0.02120007
0.7297351,0.0,0.042585038
0.8450681,0.0,0.019591438
0.6290822,0.0,0.21142945
0.87184805,0.0,0.068437845
0.92898744,0.0,0.06420373
0.47146115,0.0,0.79300845
0.91408545,0.0,0.44814107
0.6268688,0.0,0.24137147
0.8871476,0.0,0.48414385
0.9187717,0.0,0.2398291
0.841989,0.0,0.40254366
0.63768893,0.0,0.55490255
0.78220433,0.0,0.14381729
0.94981074,0.0,0.6732388
0.9302358,0.0,0.29046506
0.9068732,0.0,0.008086688
0.74352944,0.0,0.04296073
0.91271317,0.0,0.010095772
0.82363176,0.0,0.20402086
0.9658179,0.0,0.2681704
0.97161376,0.0,0.0072633172
0.8447014,0.0,0.0039429995
0.6365015,0.0,0.04877083
0.8024349,0.0,0.0014873766
0.30175987,0.0,0.019424397
0.4963617,0.0,0.0
0.38857225,0.0,0.0
0.034377187,0.0,0.0104564885
0.5436037,0.0,0.0073381457
0.9494146,0.0,0.00971208
0.5588597,0.0,0.299597
0.8604191,0.0,0.00035477598
0.5234102,0.0,0.106123984
0.57040423,0.0,0.021718426
0.5889775,0.0,0.015466524
0.4418317,0.0,0.23752995
0.9337954,0.0,0.13127181
0.8051319,1.0,0.6721433
0.7315704,1.0,0.60410553
0.8788519,1.0,0.40971282
0.69188374,1.0,0.45546874
0.8643948,0.0,0.07415257
0.56119776,1.0,0.2933507
0.5018796,0.0,0.24723504
0.29471967,0.0,0.0
0.7223913,0.0,0.43305743
0.8079743,0.0,0.28006712
0.5371789,0.0,0.008905997
0.3949118,0.0,0.0037031593
0.9200754,0.0,0.46223724
0.91007894,0.0,0.08031081
0.74700636,0.0,0.0658128
0.83577734,0.0,0.03584003
0.9070739,0.0,0.3430285
0.5806191,0.0,0.0034094802
0.43828136,0.0,0.036460623
0.8605839,0.0,0.2329828
0.8672158,0.0,0.24639186
0.88936543,0.0,0.004727354
0.83848447,0.0,0.010003578
0.7592663,0.0,0.36948758
0.57191426,0.0,0.53125226
0.9108684,0.0,0.17846948
0.9168548,0.0,0.3757144
0.9448682,0.0,0.3937122
0.9395635,0.0,0.042871546
0.8486118,0.0,0.26954666
0.9160537,0.0,0.5968984
0.869725,0.0,0.6409704
0.81752294,0.0,0.6245138
0.6824957,0.0,0.03746572
0.9240715,0.0,0.28026918
0.80819756,0.0,0.0109887365
0.93498856,0.0,0.0033425852
0.7211176,0.0,0.055083286
0.63147324,0.0,0.015019025
0.7957416,0.0,0.0
0.22405773,0.0,0.041133914
0.34705156,1.0,0.11049552
0.36044917,1.0,0.027233586
0.6146906,0.0,0.0
0.5358347,0.0,0.0
0.19127023,0.0,0.0
0.2815773,0.0,0.0
0.4909678,0.0,0.006805758
0.2713329,0.0,0.013287476
0.7572424,0.0,0.09894674
0.83601594,0.0,0.023886772
0.93642706,0.0,0.0030523334
0.9510462,0.0,0.2449758
0.9367783,0.0,0.1539204
0.8526739,0.0,0.047577236
0.8506578,0.0,0.15045981
0.96419704,0.0,0.5304834
0.90698594,0.0,0.23085125
0.8630579,0.0,0.78732854
0.88418484,0.0,0.6618022
0.8201784,0.0,0.25543228
0.8868817,0.0,0.30241647
0.9813477,0.0,0.030939927
0.9353543,0.0,0.53765726
0.77682656,0.0,0.09708491
0.9041391,0.0,0.20496619
0.8819801,0.0,0.0
0.7547938,0.0,0.011323904
0.24875371,0.0,0.025746042
0.62072307,0.0,0.01006381
0.37995264,0.0,0.01733486
0.29948395,0.0,0.004074127
0.75378716,0.0,0.0
0.21334444,1.0,0.0636363
0.80789715,0.0,0.00067667075
0.581879,0.0,0.031322043
0.2816334,0.0,0.0
0.7238539,0.0,0.20000884
0.876164,0.0,0.17966333
0.46897966,0.0,0.03048284
0.6894246,0.0,0.008891748
0.8899896,0.0,0.2259672
0.76363057,0.0,0.25114188
0.40211692,1.0,0.024052246
0.8729633,0.0,0.091966026
0.83209795,0.0,0.15346473
0.54974896,0.0,0.02377889
0.83420926,0.0,0.0025056237
0.9791004,0.0,0.14460595
0.8422714,0.0,0.3327524
0.8078706,0.0,0.4843497
0.7751955,0.0,0.08205635
0.7247171,0.0,0.5275429
0.8629093,0.0,0.25088382
0.7946339,0.0,0.6105872
0.84951204,0.0,0.41868174
0.9134712,0.0,0.14696962
0.62737495,0.0,0.02391394
0.86815673,0.0,0.5233065
0.9108684,0.0,0.54150856
0.75925905,0.0,0.68186533
0.7621347,0.0,0.17304145
0.9660826,0.0,0.05080322
0.8645702,0.0,0.40873173
0.64230454,0.0,0.40640798
0.8711561,0.0,0.0015965106
0.77102405,0.0,0.5114618
0.41449034,0.0,0.58522165
0.4288081,0.0,0.12544721
0.4861707,0.0,0.14094822
0.7971819,0.0,0.72336924
0.124009535,1.0,0.58040905
0.85581267,0.0,0.00029652184
0.7761743,0.0,0.13741297
0.2573052,0.0,0.37680572
0.24274965,1.0,0.12759727
0.569441,0.0,0.0
0.6449594,0.0,0.4044606
0.20397533,0.0,0.27767754
0.69540465,0.0,0.0
0.7216307,0.0,0.089608304
0.7150426,0.0,0.62221164
0.42093322,0.0,0.41176602
0.49187273,0.0,0.43154258
0.54391885,0.0,0.26268172
0.2267663,1.0,0.39534304
0.3207246,1.0,0.7483451
0.42823988,0.0,0.09247582
0.74409676,0.0,0.0
0.39411363,1.0,0.1184076
0.38878274,1.0,0.3435035
0.68309873,0.0,0.0
0.106269464,1.0,0.00786387
0.19212016,1.0,0.47145352
0.55142146,1.0,0.28865656
0.8352865,0.0,0.0
0.16629335,1.0,0.14665218
0.36207303,1.0,0.4641312
0.8604145,0.0,0.13165565
0.5299773,0.0,0.003218778
0.12749548,1.0,0.13619328
0.78925484,1.0,0.24721229
0.92429435,0.0,0.09052806
0.7946508,0.0,0.0
0.4494367,1.0,0.46834528
0.61740863,1.0,0.70391333
0.79999644,0.0,0.3246824
0.65262926,0.0,0.09214066
0.84343934,0.0,0.27651572
0.67866755,0.0,0.002626126
0.75650233,1.0,0.11503274
0.53712845,1.0,0.23034246
0.8013542,0.0,0.0
0.74114096,0.0,0.030386629
0.89283794,0.0,0.33409888
0.9078836,0.0,0.35107827
0.8608431,0.0,0.5713615
0.9670606,1.0,0.114048935
0.87421787,0.0,0.62710667
0.6731182,0.0,0.7231788
0.56242603,0.0,0.8015168
0.47761112,1.0,0.6633167
0.34426174,1.0,0.4503372
0.9392928,1.0,0.21788995
0.6101537,0.0,0.051880915
0.6529726,0.0,0.56102777
0.4197135,0.0,0.3644333
0.24238227,0.0,0.18339813
0.70557606,0.0,0.41323167
0.79257125,0.0,0.16910744
0.51125276,0.0,0.023139805
0.5902563,0.0,0.12896211
0.84937495,0.0,0.3179666
0.6979477,0.0,0.0030480009
0.657305,0.0,0.052665133
0.86591125,0.0,0.23090133
0.39760804,0.0,0.13656452
0.8899034,0.0,0.58940977
0.73885524,0.0,0.39206144
0.7809024,0.0,0.027025606
0.9088664,0.0,0.14932784
0.8377198,0.0,0.48666143
0.64164966,0.0,0.092983484
0.86759245,0.0,0.04479897
0.89519936,0.0,0.34936592
0.961585,0.0,0.13439731
0.9169997,0.0,0.34785742
0.89633113,0.0,0.18515363
0.8799076,0.0,0.7065274
0.83074355,0.0,0.5840585
0.72040665,0.0,0.0043254914
0.66785073,1.0,0.4647102
0.10558452,0.0,0.24196579
0.37081245,0.0,0.33706757
0.59658366,1.0,0.18431728
0.07511226,1.0,0.6905966
0.41268295,1.0,0.33157593
0.92623454,0.0,0.03303987
0.430526,1.0,0.26727888
0.20440875,1.0,0.38213548
0.656298,1.0,0.18305275
0.79080963,0.0,0.0
0.11074146,1.0,0.20359093
0.14104412,1.0,0.47587222
0.38838068,1.0,0.21600796
0.15386464,0.0,0.002879122
0.21191952,0.0,5.0261347e-06
0.59036994,1.0,0.1420552
0.31012616,0.0,0.0
0.24115773,0.0,0.12607543
0.7010286,0.0,0.09061199
0.464875,0.0,0.0942267
0.72083515,0.0,0.17254882
0.5410409,0.0,0.48069465
0.7132294,0.0,0.101288006
0.8497168,0.0,0.0061694924
0.4906335,0.0,0.16728663
0.8631145,0.0,0.44398275
0.61900306,0.0,0.016671324
0.6575494,0.0,0.0
0.9027687,0.0,0.35699007
0.79798967,0.0,0.49722466
0.8913242,0.0,0.4554999
0.9371079,0.0,0.050822917
0.7392499,0.0,0.10851677
0.9034707,0.0,0.012569681
0.6554876,0.0,0.0
0.62393594,0.0,0.0013686321
0.51079357,0.0,0.010095222
0.8073706,0.0,0.0
0.5304957,0.0,0.0
0.35236168,0.0,0.026305227
0.6856162,0.0,0.04735362
0.47197038,0.0,0.0
0.81931144,0.0,0.00257616
0.15495586,1.0,0.27226612
0.5527838,1.0,0.035717495
0.5156454,0.0,0.024279881
0.8973438,0.0,0.07769328
0.5492203,0.0,0.07531905
0.5169026,0.0,0.017464848
0.672411,0.0,0.0018354306
0.77095073,0.0,0.31776017
0.84131455,0.0,0.11466902
0.55170083,0.0,0.008683709
0.81280226,0.0,0.014424909
0.9702296,0.0,0.23481801
0.8117778,0.0,0.5813236
0.8944278,0.0,0.042731725
0.9186677,0.0,0.4859496
0.95121485,0.0,0.040546294
0.88464874,0.0,0.3716795
0.92244005,0.0,0.24629572
0.92687356,0.0,0.36722073
0.9582102,0.0,0.30371416
0.9217619,0.0,0.33001283
0.873019,0.0,0.016071275
0.8622477,0.0,0.49617466
0.9379825,0.0,0.59180325
0.83350056,0.0,0.14500663
0.95124066,0.0,0.3653416
0.8930355,0.0,0.52815914
0.7304594,0.0,0.6400009
0.95519257,0.0,0.5296003
0.8337374,0.0,0.03542396
0.9046799,0.0,0.44256383
0.8019496,0.0,0.0018303286
0.72009194,0.0,0.41027084
0.5814889,0.0,0.47988972
0.7932703,0.0,0.31874797
0.84061813,0.0,0.6088521
0.6724109,0.0,0.5424078
0.9268897,0.0,0.46297312
0.76494646,0.0,0.014998105
0.7901731,0.0,0.0
0.8681643,0.0,0.22879581
0.9209912,0.0,0.03343606
0.9066121,0.0,0.07384787
0.83335435,0.0,0.20639338
0.8888105,0.0,0.19446446
0.8378207,0.0,0.495236
0.8011349,0.0,0.11513508
0.54640454,0.0,0.00012969278
0.739494,0.0,0.0
0.6840212,0.0,0.027677635
0.83584654,0.0,0.0
0.661352,0.0,0.14509933
0.95278966,0.0,0.011071173
0.5833279,0.0,0.22115114
0.7376294,0.0,0.4299913
0.6061485,0.0,0.0
0.20841888,0.0,0.00022694569
0.4478447,0.0,0.03598961
0.14978579,0.0,0.11675811
0.7478534,0.0,0.010375379
0.221474,0.0,0.014716669
0.21554844,0.0,0.26247552
0.22461677,0.0,0.16479596
0.53154695,0.0,0.18913598
0.6868563,0.0,0.17998488
0.75307155,0.0,0.25917092
0.5271289,0.0,0.11479435
0.86806685,0.0,0.0084026875
0.7524236,0.0,0.0659221
0.77591157,0.0,0.010261849
0.9323944,0.0,0.0019523005
0.8254436,0.0,0.018215751
0.8593947,0.0,0.14056718
0.6219875,0.0,0.20738633
0.6989851,0.0,0.0
0.8521231,0.0,0.027495094
0.7574007,0.0,0.3678831
0.7706919,0.0,0.50158113
0.7620572,0.0,0.4536179
0.70889276,0.0,0.21131207
0.64816105,0.0,0.3365589
0.6288573,0.0,0.19469441
0.49908692,0.0,0.62833786
0.5630985,0.0,0.55405015
0.48129246,0.0,0.0593567
0.59968334,0.0,0.6366219
0.5086975,0.0,0.2313734
0.6945349,0.0,0.42655227
0.6488364,0.0,0.6416179
0.6902142,0.0,0.5671232
0.45814732,0.0,0.09774573
0.64423436,0.0,0.34526017
0.70798355,0.0,0.23192722
0.37508515,0.0,0.32660675
0.70229423,0.0,0.7003538
0.55280006,0.0,0.29125872
0.8423069,0.0,0.7545751
0.72037816,0.0,0.29554665
0.6212064,0.0,0.0020252557
0.73994213,0.0,0.07591198
0.863151,0.0,0.35054496
0.6230324,0.0,0.18334855
0.7696513,0.0,0.0
0.8259376,0.0,0.18923485
0.9424856,0.0,0.45935816
0.81420213,0.0,0.34435531
0.74291414,0.0,0.13813925
0.65295345,0.0,0.5870893
0.7265089,0.0,0.6426582
0.43290213,0.0,0.34868065
0.72988284,0.0,0.16040553
0.65356636,0.0,0.08267473
0.14708903,0.0,0.25216022
0.42383257,0.0,0.12139657
0.7991567,0.0,0.0
0.537134,0.0,0.06481107
0.09916509,0.0,0.046598125
0.55851704,0.0,0.014283818
0.65947473,0.0,0.0
0.20190394,0.0,0.012992589
0.3621312,0.0,0.0
0.8904237,0.0,0.0070001744
0.9636014,0.0,0.010702265
0.115522854,0.0,0.24693255
0.3556571,0.0,0.4767704
0.84930885,0.0,0.31606397
0.84473705,0.0,0.42228028
0.9166912,0.0,0.66276973
0.8281327,0.0,0.21292292
0.85391575,0.0,0.22456834
0.6153835,0.0,0.32833117
0.83739835,0.0,0.0
0.44311255,0.0,0.0037752604
0.2318484,0.0,0.13434014
0.52328694,0.0,0.2522542
0.729359,0.0,0.0
0.64831483,0.0,0.0
0.21518916,0.0,0.27921885
0.623056,0.0,0.010838796
0.65453184,0.0,0.027228037
0.25326845,0.0,0.14732708
0.12179596,0.0,0.10349274
0.62348205,0.0,0.2551553
0.06773642,1.0,0.36799976
0.4492636,0.0,0.36090633
0.07707641,1.0,0.09780166
0.46613178,0.0,0.66797626
0.18365005,0.0,0.22802825
0.6852188,0.0,0.0
0.5149885,0.0,0.03155313
0.32778597,0.0,0.08578139
0.8396129,0.0,0.0
0.17490613,0.0,0.0
0.76956356,0.0,0.51604307
0.67245936,0.0,0.3257875
0.9807554,0.0,0.0
0.9747268,0.0,0.106177144
0.69944966,0.0,0.608348
0.79757,0.0,0.33042985
0.78729784,0.0,0.30773118
0.8653889,0.0,0.43569863
0.93833005,0.0,0.30379027
0.86422735,0.0,0.04956769
0.48876345,0.0,0.25212598
0.19318847,0.0,0.5138534
0.9304557,0.0,0.0010080109
0.79037374,0.0,0.025543222
0.34366915,0.0,0.06454741
0.27729815,0.0,0.16118667
0.6052633,0.0,0.020248836
0.81639,0.0,0.0073070796
0.4052352,1.0,0.09731024
0.5604395,0.0,0.0035878194
0.7719078,0.0,0.04156121
0.46891594,1.0,0.07272521
0.26163933,1.0,0.30175552
0.46432692,1.0,0.29431194
0.3103445,0.0,0.50907373
0.7291822,0.0,0.35303727
0.59673226,0.0,0.20159675
0.4925398,0.0,0.448987
0.33640078,0.0,0.27726525
0.8390097,0.0,0.0021141963
0.7150659,0.0,0.016182465
0.74030524,0.0,0.29195142
0.7889432,0.0,0.106796086
0.7508272,0.0,0.00361682
0.77986276,0.0,0.28933728
0.69867676,0.0,0.17798238
0.81036854,0.0,0.023195373
0.93365985,0.0,0.0
0.78853387,0.0,0.42528227
0.78628284,0.0,0.23492384
0.86833775,0.0,0.100015335
0.7861746,0.0,0.75262076
0.9269373,0.0,0.5377344
0.81879914,0.0,0.10652124
0.9400358,0.0,0.30237308
0.8567235,0.0,0.5605606
0.9126832,0.0,0.19464831
0.89067113,0.0,0.4441494
0.8091569,0.0,0.895077
0.52331096,0.0,0.8169514
0.8601443,0.0,0.7283773
0.80470484,0.0,0.9012012
0.77656174,0.0,0.57827944
0.75239146,0.0,0.7981764
0.80647016,0.0,0.62553704
0.69079375,0.0,0.4346902
0.7337038,0.0,0.30096698
0.77302533,0.0,0.61963123
0.7114923,0.0,0.17951551
0.8034191,0.0,0.12540886
0.7779329,0.0,0.40707383
0.77419317,0.0,0.38236707
0.8662524,0.0,0.0
0.675751,0.0,0.1085597
0.72272867,0.0,0.44247496
0.8430958,0.0,0.16518691
0.8331879,0.0,6.8039306e-05
0.8122064,0.0,0.1955192
0.7611343,0.0,0.26473886
0.8167286,0.0,0.03715836
0.8640407,0.0,0.29422995
0.6434137,0.0,0.5662545
0.73855126,0.0,0.4670032
0.8474546,0.0,0.37054735
0.84635913,0.0,0.60844177
0.91549987,0.0,0.6994773
0.9275387,0.0,0.4672444
0.86293316,0.0,0.3795512
0.79535043,0.0,0.23744322
0.71700203,0.0,0.13726442
0.4523947,0.0,0.16965337
0.78088796,0.0,0.017825387
0.19475375,0.0,0.11295094
0.37912533,0.0,0.030996786
0.23282675,0.0,0.0
0.6262168,0.0,0.033475697
0.7819149,0.0,0.0
0.45338365,1.0,0.012752018
0.3271284,0.0,0.0011188136
0.74511266,0.0,0.017213434
0.16207041,1.0,0.17916223
0.31753847,0.0,0.23888198
0.51965255,0.0,0.297351
0.22581697,0.0,0.34498432
0.66669106,0.0,0.26877397
0.4024185,0.0,0.2639713
0.8127651,0.0,0.5479753
0.52125657,0.0,0.40799296
0.7226002,0.0,0.0
0.8799138,0.0,0.15057802
0.6484277,0.0,0.51836926
0.78243446,0.0,0.035862017
0.70264614,1.0,0.004991336
0.72761357,0.0,0.38084716
0.8007158,0.0,0.1721849
0.7517549,0.0,0.0
0.9563845,0.0,0.030259585
0.87491417,0.0,0.5240791
0.891202,0.0,0.42313722
0.67257583,0.0,0.33289832
0.7315304,0.0,0.41762647
0.8489064,0.0,0.5093084
0.8771037,0.0,0.15176395
0.46383652,0.0,0.21180426
0.24166356,0.0,0.23848061
0.3629539,0.0,0.013144817
0.4734575,0.0,0.17326851
0.049207278,1.0,0.0648609
0.14980316,1.0,0.10216844
0.85355353,0.0,0.067678824
0.74876124,0.0,0.0
0.3074785,1.0,0.2721279
0.60528946,0.0,0.004728942
0.6450245,0.0,0.05660386
0.22231275,1.0,0.20273499
0.23593257,1.0,0.34475657
0.6922495,0.0,0.37444213
0.3889277,0.0,0.6983278
0.8630147,0.0,0.3271095
0.4420223,0.0,0.09380485
0.83516043,0.0,0.5081638
0.8818859,0.0,0.4144929
0.7424928,0.0,0.0
0.7562344,0.0,0.05964974
0.7320903,0.0,0.46117857
0.8789786,0.0,0.019415947
0.25921443,1.0,0.018213691
0.74971175,0.0,0.3680859
0.51153034,0.0,0.24479459
0.6536313,0.0,0.0
0.8722662,0.0,0.06652815
0.71709293,0.0,0.5454278
0.5112418,0.0,0.24662721
0.3517215,0.0,0.132936
0.7832747,0.0,0.47338736
0.514611,0.0,0.37803844
0.5129534,1.0,0.015587657
0.77790064,0.0,0.1154769
0.037991066,1.0,0.13910244
0.46760097,0.0,0.0
0.32530883,0.0,0.10875599
0.062461473,1.0,0.11981355
0.2423577,1.0,0.16512853
0.8605976,0.0,0.0090611745
0.68422383,0.0,0.0
0.38693184,1.0,0.31213748
0.73204446,0.0,0.0056550023
0.9465269,0.0,0.020194309
0.4979465,1.0,0.15534176
0.21400882,1.0,0.49301568
0.5875352,0.0,0.38187078
0.35435614,1.0,0.45812806
0.8421697,0.0,0.2639872
0.7979297,1.0,0.18623942
0.6763407,0.0,0.37553638
0.5858297,0.0,0.28829753
0.747275,0.0,0.0
0.8127174,0.0,0.0006978974
0.714763,0.0,0.2274488
0.71240795,0.0,0.06684231
0.32897773,0.0,0.0
0.7138125,0.0,0.0008959277
0.88215244,0.0,0.28725284
0.77600753,0.0,0.0
0.79511476,0.0,0.0
0.8573832,0.0,0.05265482
0.88586795,0.0,0.25217566
0.73692423,0.0,0.11455403
0.8116214,0.0,0.18556578
0.82880485,0.0,0.48799443
0.8373648,0.0,0.31228447
0.6141563,0.0,0.45121378
0.7964982,0.0,0.24946626
0.7863256,0.0,0.39372808
0.5310732,0.0,0.52279145
0.49336168,0.0,0.6364325
0.6796374,0.0,0.76217604
0.4009295,0.0,0.18594888
0.49335274,0.0,0.17718163
0.7542455,0.0,0.75309396
0.28498745,0.0,0.25212517
0.31497854,0.0,0.24620628
0.54070896,0.0,0.4564569
0.1941579,1.0,0.49480596
0.7856418,0.0,0.033223365
0.64181703,0.0,0.01255166
0.4765588,1.0,0.41031918
0.21294178,1.0,0.13158014
0.60155106,0.0,0.0006647321
0.6959702,1.0,0.26102108
0.13384558,1.0,0.48887154
0.7940174,0.0,0.0
0.84496874,0.0,0.0005967848
0.54526085,1.0,0.3097824
0.5436928,1.0,0.36003318
0.7827135,0.0,0.26375565
0.7291685,1.0,0.44381216
0.78355646,1.0,0.21992113
0.6629612,1.0,0.5003911
0.881112,0.0,0.5916982
0.9086688,0.0,0.005049561
0.85545176,1.0,0.18144503
0.8520668,0.0,0.49886596
0.9485696,0.0,0.10812624
0.9459297,0.0,0.004303011
0.77822316,1.0,0.4277617
0.8715631,0.0,0.5819527
0.65794355,0.0,0.35162595
0.856349,0.0,0.26711354
0.83120507,0.0,0.013810182
0.86409605,0.0,0.2431694
0.7535584,0.0,0.34211767
0.7458609,0.0,0.0014511569
0.5963883,0.0,0.0055825305
0.68356127,0.0,0.54496485
0.66802895,0.0,0.3900378
0.69854146,0.0,0.05127255
0.7580407,0.0,0.6118898
0.7362813,0.0,0.14432846
0.864039,0.0,0.72237813
0.5204248,0.0,0.45756343
