gate_value,label,rsa
0.11980481,0.0,0.5679186
0.125142,0.0,0.114027575
0.10671999,0.0,0.86244816
0.07610986,0.0,0.32810304
0.18435012,0.0,0.1719101
0.23294842,0.0,0.5652577
0.41974235,0.0,0.92893285
0.34537962,0.0,0.317675
0.41061476,0.0,0.6770252
0.52314115,0.0,0.10897321
0.21308497,0.0,0.42956075
0.15945247,0.0,0.58765274
0.02116099,0.0,0.53899485
0.52026504,0.0,0.24872689
0.38004184,0.0,0.1936969
0.37043098,0.0,0.13752337
0.2844898,0.0,0.15402633
0.31094545,0.0,0.09532572
0.7099687,0.0,0.381429
0.41244498,0.0,0.13743412
0.6024686,0.0,0.04107702
0.72009677,0.0,0.06452044
0.25167945,0.0,0.29167876
0.5552103,0.0,0.51204777
0.6797437,1.0,0.4625786
0.24960667,0.0,0.25237396
0.6149681,1.0,0.43061015
0.57037216,0.0,0.09911079
0.7632828,1.0,0.3911022
0.80155474,0.0,0.0009920696
0.64576524,1.0,0.18052663
0.7416615,0.0,0.2130148
0.17395955,1.0,0.4210343
0.77602655,0.0,0.00952022
0.19867122,0.0,0.5303675
0.71326774,0.0,0.003321044
0.35904938,0.0,0.36329117
0.8419814,0.0,0.00034638456
0.5607852,0.0,0.17007025
0.6414206,0.0,0.10327244
0.531991,0.0,0.2168791
0.36661032,0.0,0.6671845
0.30378845,0.0,0.29044977
0.21467544,0.0,0.6045981
0.26958087,0.0,0.7403727
0.22478591,0.0,0.21323003
0.70010453,0.0,0.18620154
0.3651802,0.0,0.50919205
0.85881925,0.0,0.04867146
0.3616346,0.0,0.4701788
0.3552289,0.0,0.5304652
0.9423062,0.0,0.02957219
0.4413397,1.0,0.25137284
0.92060673,0.0,0.0012537548
0.7140483,1.0,0.40443778
0.8834122,0.0,0.0065226764
0.96250725,1.0,0.3306802
0.9718274,0.0,0.007481868
0.8315994,1.0,0.32314426
0.90386486,0.0,0.18176062
0.74993867,1.0,0.57638437
0.44447863,1.0,0.5396993
0.64861673,0.0,0.018499002
0.8290082,1.0,0.13929941
0.84939975,0.0,0.014898232
0.92209584,1.0,0.36372882
0.9365829,1.0,0.017587552
0.8443104,1.0,0.20220757
0.95462894,0.0,0.016486397
0.95988274,1.0,0.20698129
0.5673568,1.0,0.4838156
0.9758268,0.0,0.0063372
0.5653061,0.0,0.19667682
0.49754873,0.0,0.23368026
0.72473544,0.0,0.37204972
0.86976284,0.0,0.0033720396
0.8299528,0.0,0.0
0.73515373,0.0,0.06438955
0.83736753,0.0,0.025851302
0.95948964,0.0,0.0072570015
0.7377027,0.0,0.022343338
0.799718,0.0,0.007064969
0.9633106,0.0,0.00035837467
0.80140644,0.0,0.01634956
0.8728944,0.0,0.072478496
0.9861573,0.0,0.0070801834
0.93880475,0.0,0.01814642
0.67897165,0.0,0.10313124
0.9636315,0.0,0.010672615
0.97859704,0.0,0.0
0.8193612,0.0,0.0
0.8208807,0.0,0.015570219
0.93578094,0.0,0.002749529
0.964822,0.0,0.023419697
0.80449796,0.0,0.011882568
0.54626787,1.0,0.35178834
0.20200776,0.0,0.3277053
0.45285842,0.0,0.29845878
0.120724924,0.0,0.63908446
0.17406598,0.0,0.5009139
0.3571,0.0,0.1301909
0.16803032,0.0,0.44658062
0.63057953,0.0,0.05369515
0.4010104,0.0,0.0017609202
0.8523894,0.0,0.0064770193
0.47265953,0.0,0.0687526
0.88395303,0.0,0.10116778
0.92267716,0.0,0.01828621
0.22920455,0.0,5.527609e-05
0.68967295,0.0,0.02022046
0.29434425,0.0,0.18548393
0.92060846,0.0,0.029230105
0.28822416,0.0,0.33727527
0.36814436,0.0,0.02622168
0.22464323,0.0,0.4383916
0.78281677,0.0,0.029421814
0.15370512,0.0,0.20200814
0.8756512,0.0,0.0020355093
0.21110958,0.0,0.22670327
0.70440733,0.0,0.028388785
0.6917428,0.0,0.3896868
0.53331536,0.0,0.7842478
0.4570545,0.0,0.35666957
0.44082212,0.0,0.68866277
0.83396477,0.0,0.4909761
0.4943104,0.0,0.399745
0.94561434,0.0,0.009523678
0.34091783,0.0,0.25350484
0.947437,0.0,0.008314704
0.20479289,0.0,0.44419906
0.82917875,0.0,0.030959768
0.23523183,0.0,0.3253654
0.8628602,0.0,0.008203055
0.28281677,0.0,0.47110397
0.1114902,0.0,0.011354909
0.82565683,0.0,0.3048292
0.56671923,0.0,0.2934766
0.32488874,0.0,0.75953585
0.36022082,0.0,0.6087553
0.66744155,0.0,0.4251496
0.46726233,1.0,0.25449923
0.95517135,0.0,0.013751008
0.34194538,0.0,0.19052984
0.90402585,0.0,0.019220319
0.32977793,0.0,0.35737503
0.84904724,0.0,0.032023404
0.27947724,0.0,0.3323677
0.8847597,0.0,0.02184758
0.20809144,0.0,0.42144278
0.3600253,0.0,0.1533257
0.28280458,0.0,0.16941379
0.93911636,0.0,0.010033336
0.55835605,0.0,0.14339328
0.4321382,0.0,0.5483036
0.90213066,0.0,0.06506565
0.55533075,0.0,0.38251856
0.3107649,0.0,0.44638675
0.27015185,0.0,0.4003604
0.6088312,0.0,0.04495879
0.11618738,0.0,0.4043179
0.6627055,0.0,0.09370165
0.18999617,0.0,0.40766767
0.6624168,0.0,0.056936633
0.08370797,0.0,0.4978463
0.08311179,0.0,0.5405132
0.85655254,0.0,0.1408449
0.14493288,0.0,0.44608045
0.46535105,0.0,0.059714545
0.17476964,0.0,0.34475008
0.8776853,0.0,0.046561
0.14076342,0.0,0.36642003
0.6793204,0.0,0.1628032
0.46654725,0.0,0.48286197
0.17590253,0.0,0.62743837
0.40474203,0.0,0.21585031
0.42202136,0.0,0.297654
0.90166503,0.0,0.029664183
0.41151133,0.0,0.32214043
0.8121042,0.0,0.05205552
0.5530455,0.0,0.566232
0.69305277,0.0,0.1191563
0.39835042,0.0,0.47503158
0.7570962,0.0,0.09728589
0.13595891,0.0,0.49737018
0.893314,0.0,0.040176414
0.13958372,0.0,0.22353056
0.6725934,0.0,0.07904398
0.51585984,0.0,0.41773093
0.29078373,0.0,0.40475613
0.32066816,0.0,0.77832144
0.124994144,0.0,0.7443787
0.48262876,0.0,0.40090892
0.30538142,0.0,0.4739174
0.35258225,0.0,0.49263823
0.6317676,0.0,0.28208143
0.3944378,0.0,0.34856674
0.88401717,0.0,0.014463951
0.34242985,0.0,0.2982305
0.8705406,0.0,0.031318784
0.2780796,0.0,0.5289971
0.48141986,0.0,0.068884976
0.295095,0.0,0.22941533
0.92526245,0.0,0.0048923604
0.33066833,0.0,0.33933273
0.7427357,0.0,0.06575886
0.586579,0.0,0.50899583
0.31795937,0.0,0.36024603
0.6882518,0.0,0.93271124
0.31581172,0.0,1.0
0.65519464,0.0,0.7967524
0.7119264,0.0,0.21878585
0.34469858,0.0,0.29754642
0.4928956,0.0,0.5270314
0.6767999,0.0,0.2919188
0.39981225,0.0,0.05253527
0.41951102,0.0,0.13525626
0.5613464,0.0,0.014093515
0.34641168,0.0,0.28281808
0.6094964,0.0,0.025722802
0.4388976,0.0,0.32936463
0.29972166,0.0,0.33667386
0.7810619,0.0,0.04236736
0.42469707,1.0,0.47865695
0.7841334,1.0,0.056161437
0.657434,1.0,0.53825504
0.7189044,0.0,0.087890364
0.25056,0.0,0.29737356
0.3205237,0.0,0.48484558
0.14287914,0.0,0.58723736
0.31016502,1.0,0.53669196
0.35784447,0.0,0.39964727
0.8296828,1.0,0.15266289
0.8469204,0.0,0.0037773186
0.8274292,1.0,0.39321396
0.8085427,1.0,0.013415969
0.8378614,1.0,0.09897063
0.9119045,0.0,0.015917987
0.86160916,0.0,0.059101567
0.6466195,0.0,0.01829535
0.6843861,0.0,0.24901636
0.8012249,0.0,0.002914047
0.5308971,0.0,0.025493886
0.28149307,0.0,0.2248652
0.5757461,0.0,0.57104135
0.22668487,0.0,0.75515544
0.14930277,0.0,0.66800034
0.087389946,0.0,0.5134894
0.21886882,0.0,0.16506518
0.14116247,0.0,0.5797796
0.8510721,0.0,0.0
0.29581344,0.0,0.09006069
0.9471597,0.0,0.011111732
0.59665024,0.0,0.19827956
0.8069065,0.0,0.08644884
0.55620503,0.0,0.39086682
0.66209483,0.0,0.8289399
0.4871751,0.0,0.58402884
0.32354254,0.0,0.6371563
0.31099936,0.0,0.2610334
0.20101118,0.0,0.5660359
0.64620334,0.0,0.256316
0.14579938,0.0,0.45049268
0.84231776,0.0,0.0044642696
0.05552698,0.0,0.4057589
0.8631195,0.0,0.0
0.41332358,0.0,0.28420776
0.23823573,0.0,0.3411695
0.48567343,0.0,0.58704937
0.26376116,0.0,0.14069648
0.4706457,1.0,0.19903259
0.94221014,0.0,0.0
0.9799724,0.0,0.0
0.9300136,0.0,0.22171827
0.72414416,0.0,0.0
0.90581083,0.0,0.0
0.8199886,0.0,0.2349456
0.36569157,0.0,0.5820364
0.7234113,0.0,0.3211434
0.23892307,0.0,0.60486543
0.6399965,0.0,0.2672913
0.63077414,0.0,0.6731884
0.6722166,0.0,0.08846967
0.77061045,0.0,0.2467178
0.8742378,0.0,0.392032
0.8570377,0.0,0.5087932
0.862187,0.0,0.3254099
0.31440365,1.0,0.32190093
0.654113,1.0,0.48588157
0.25300685,0.0,0.006403482
0.92711246,1.0,0.474383
0.730935,1.0,0.19744189
0.90972966,1.0,0.0111708725
0.95887315,0.0,0.2055245
0.588206,0.0,0.039862573
0.7340872,0.0,0.001155411
0.96511155,0.0,0.0007992741
0.6037791,0.0,0.23936611
0.8069163,0.0,0.2101118
0.6846674,0.0,0.52460617
0.14471698,0.0,0.3684437
0.12822007,0.0,0.3098546
0.073520735,0.0,0.43819353
0.67247665,0.0,0.17633773
0.23451099,1.0,0.29707178
0.91730726,0.0,0.079288416
0.34852043,1.0,0.6285775
0.3098127,1.0,0.39934027
0.8441335,1.0,0.11768259
0.82110316,1.0,0.5586439
0.8070175,1.0,0.27061793
0.9314292,1.0,0.047950484
0.8117646,1.0,0.3989484
0.5243607,1.0,0.6194848
0.214625,1.0,0.5998393
0.6292579,1.0,0.20560959
0.77506673,0.0,0.34028375
0.22967577,0.0,0.671039
0.7084359,0.0,0.37516683
0.35942262,0.0,0.114673264
0.69643915,0.0,0.09360562
0.77957714,0.0,0.0016068312
0.979784,0.0,0.00081583374
0.961152,0.0,0.01835889
0.8675994,0.0,0.028486226
0.9279376,1.0,0.042568292
0.75393677,0.0,0.0
0.4801302,0.0,0.2194301
0.20051666,0.0,0.005798101
0.30077723,0.0,0.4007649
0.07202042,0.0,0.21333621
0.040365428,0.0,0.41635704
0.848979,0.0,0.010502776
0.45466724,0.0,0.24726498
0.9351733,0.0,0.0
0.5417174,0.0,0.15204906
0.95705104,0.0,0.043129686
0.71989787,0.0,0.3635031
0.5847279,0.0,0.12012817
0.8677508,1.0,0.2514665
0.6567959,0.0,0.64005136
0.46558714,0.0,0.23585239
0.9206476,0.0,0.20871799
0.6385973,1.0,0.8756471
0.22644284,1.0,0.84034467
0.24029368,0.0,0.5556134
0.4058995,1.0,0.54203427
0.2460179,0.0,0.53613484
0.38632715,0.0,0.6690655
0.6771657,1.0,0.6667337
0.6772848,1.0,0.79569906
0.49048582,0.0,0.29406205
0.4351075,0.0,0.6283288
0.3514689,1.0,0.4163894
0.33157533,0.0,0.97454953
0.58989996,0.0,0.7467324
0.5078735,0.0,0.45658776
0.6846018,0.0,0.06586456
0.69900775,0.0,0.053502243
0.6238355,0.0,0.68505234
0.6627018,0.0,0.6765375
0.7303749,0.0,0.20766547
0.8207859,0.0,0.3552806
0.8788084,0.0,0.41618198
0.9432734,0.0,0.14582628
0.5701986,0.0,0.15284626
0.8285824,0.0,0.18578403
0.9906557,0.0,0.0
0.6739728,0.0,0.0077437325
0.46329775,0.0,0.09475785
0.93741214,0.0,0.05728497
0.98147476,0.0,0.05142621
0.9197063,0.0,0.030904211
0.49309674,0.0,0.3342532
0.9798274,0.0,0.00024187162
0.9351673,0.0,0.009384689
0.7618314,0.0,0.006060282
0.11157533,0.0,0.23053432
0.9566572,0.0,0.0007856999
0.5256469,0.0,0.006781643
0.3290509,0.0,0.19877253
0.67429036,0.0,0.19155641
0.944297,0.0,0.008131143
0.46687904,0.0,0.14844087
0.17048596,0.0,0.59778845
0.63903373,0.0,0.34830955
0.38217422,0.0,0.25432363
0.34165674,0.0,0.39577726
0.19232254,0.0,0.6712337
0.42446437,0.0,0.4599005
0.30446452,0.0,0.15319847
0.38336635,0.0,0.014736617
0.93816555,0.0,0.0
0.8490918,0.0,0.027486451
0.9830399,0.0,0.0075627347
0.9459414,0.0,0.044550106
0.8234871,0.0,0.021609152
0.9865675,0.0,0.028540641
0.62271255,0.0,0.016043833
0.9778526,0.0,0.0057914536
0.90296626,0.0,0.0014360351
0.96771336,0.0,0.04121502
0.917764,0.0,0.009749459
0.94076115,0.0,0.0045875725
0.7555974,0.0,0.0
0.92320937,0.0,0.013553587
0.9826301,0.0,0.00047373382
0.7431531,0.0,0.019573571
0.836376,0.0,0.14199774
0.9124544,0.0,0.0
0.63447624,0.0,0.03622705
0.3377319,0.0,0.4902441
0.3470951,0.0,0.47331485
0.4452916,0.0,0.46834597
0.79397255,0.0,0.016903123
0.30332395,0.0,0.07681033
0.14726251,0.0,0.26363328
0.54889554,0.0,0.14559726
0.89617765,0.0,0.0
0.24341583,0.0,0.01478267
0.20814492,0.0,0.3207588
0.86712617,0.0,0.15643238
0.8717493,0.0,0.0
0.47824857,0.0,0.10312053
0.82353115,0.0,0.00021194106
0.25054872,0.0,0.35173488
0.54260737,0.0,0.2935205
0.7910881,0.0,0.0
0.58647996,0.0,0.2452616
0.22018616,0.0,0.6292652
0.6783406,0.0,0.39705262
0.6102372,0.0,0.11756678
0.5582896,0.0,0.79622096
0.43950728,0.0,0.5829986
0.8067578,0.0,0.057734918
0.6705518,0.0,0.42509153
0.9490222,0.0,0.41017115
0.7149212,0.0,0.3468237
0.8819822,0.0,0.08856874
0.97695845,0.0,0.00021752756
0.82085013,0.0,0.044601597
0.4284379,0.0,0.31840456
0.91151154,0.0,0.041794688
0.9465003,0.0,4.137861e-05
0.67371076,0.0,0.3516911
0.37361023,0.0,0.584193
0.97849953,0.0,0.013331486
0.9230851,0.0,0.06835794
0.45967877,0.0,0.44526783
0.9268416,0.0,0.16971473
0.98647404,0.0,0.0036295194
0.93219787,0.0,0.18719472
0.6546739,0.0,0.34166664
0.69611275,0.0,0.81901246
0.66504765,0.0,0.1366638
0.7730826,0.0,0.68940747
0.62415165,0.0,0.28967318
0.97904027,0.0,0.06478369
0.7801683,0.0,0.18604775
0.98834026,0.0,0.042349562
0.70115566,0.0,0.31746763
0.9815212,0.0,0.21957994
0.93851286,0.0,0.012367414
0.4708213,0.0,0.053151026
0.78520405,0.0,0.084269956
0.9051924,0.0,0.0
0.61387736,0.0,0.008837644
0.7490181,0.0,0.0007133484
0.22332141,0.0,0.08415349
0.11105047,0.0,0.4707422
0.08450915,0.0,0.49194017
0.64400834,0.0,0.15792772
0.049025018,0.0,0.40849292
0.83965164,0.0,0.10557716
0.6336703,0.0,0.30344576
0.11540798,0.0,0.6079653
0.17371796,0.0,0.45028824
0.9358182,0.0,0.006834185
0.45984134,0.0,0.26732957
0.12455151,0.0,0.25436774
0.4756481,0.0,0.26783088
0.87340873,0.0,0.0
0.37661892,0.0,0.39545116
0.14903092,0.0,0.3738451
0.83580375,0.0,0.16273576
0.83098406,0.0,0.026162194
0.33997345,0.0,0.38601926
0.4618672,0.0,0.056137107
0.44308868,0.0,0.30895677
0.27010453,0.0,0.019758904
0.4710148,0.0,0.24275532
0.3323972,0.0,0.5757673
0.8138267,0.0,0.031772595
0.11971852,0.0,0.12148147
0.8202617,0.0,0.02264677
0.24613544,0.0,0.50292045
0.19689497,0.0,0.29115003
0.45957893,0.0,0.6416562
0.1927163,0.0,0.4809416
0.39788032,0.0,0.10212332
0.96828586,0.0,0.13513337
0.1031435,0.0,0.36122462
0.072410904,0.0,0.62134725
0.87864214,0.0,0.038219046
0.68950915,0.0,0.064595245
0.0665847,0.0,0.39523974
0.16238622,0.0,0.40876737
0.9018652,0.0,0.00398887
0.08485855,0.0,0.2835883
0.051541425,0.0,0.7086462
0.7187364,0.0,0.18181224
0.782635,0.0,0.0023758237
0.11037684,0.0,0.43841746
0.09826795,0.0,0.2441262
0.34513447,0.0,0.23778579
0.7467426,0.0,0.031534858
0.10022118,0.0,0.5542138
0.1639994,0.0,0.34397
0.7975607,0.0,0.006762
0.88732517,0.0,0.006804771
0.17239332,0.0,0.34951255
0.23471954,0.0,0.828771
0.9533664,0.0,0.109025694
0.50982493,0.0,0.46586514
0.44448015,0.0,0.49727282
0.66974026,0.0,0.5690876
0.6108876,0.0,0.03723856
0.7854818,0.0,0.19897701
0.9434709,0.0,0.0
0.9237245,0.0,0.0
0.9254123,0.0,0.019515622
0.9280866,0.0,0.008384438
0.4457118,0.0,0.001002843
0.5818728,0.0,0.017254818
0.89267415,0.0,0.043420576
0.8691986,0.0,0.02615199
0.9092545,0.0,0.016063105
0.18692432,0.0,0.21185999
0.38113934,0.0,0.046977043
0.18726902,0.0,0.17079818
0.8314396,0.0,0.010959064
0.67144215,0.0,0.51698923
0.1091606,0.0,0.16070594
0.15906724,0.0,0.16162808
0.87391275,0.0,0.015022436
0.22589765,0.0,0.08415245
0.40227914,1.0,0.38057816
0.26575696,1.0,0.5932993
0.5874911,1.0,0.19363227
0.84826475,1.0,0.19178161
0.20243761,1.0,0.2890354
0.17542292,1.0,0.538379
0.46757236,0.0,0.10810291
0.086228445,0.0,0.37217602
0.84656507,0.0,0.0
0.24667118,1.0,0.3291862
0.6817453,0.0,0.18286936
0.44728225,0.0,0.30417845
0.06564777,0.0,0.5656447
0.27984092,0.0,0.69737345
0.16962156,0.0,0.4039452
0.117679074,0.0,0.38331336
0.42075425,0.0,0.27702278
0.032727703,0.0,0.45686495
0.77097017,0.0,0.054376163
0.2027458,0.0,0.31122103
0.77652436,0.0,0.0
0.9580829,0.0,0.0
0.65619755,1.0,0.16479233
0.4161081,0.0,0.0
0.5280946,0.0,0.22077231
0.6769775,0.0,0.05314042
0.20243323,0.0,0.49190015
0.75827813,0.0,0.03390632
0.27002534,0.0,0.29227456
0.82688606,0.0,0.12760504
0.11916129,0.0,0.0917107
0.45259076,0.0,0.5460018
0.1399676,0.0,0.044793002
0.25439224,0.0,0.68468064
0.11034568,0.0,0.55221695
0.6538861,0.0,0.03377689
0.46617383,0.0,0.33731776
0.8091859,0.0,0.023822142
0.20709385,1.0,0.25528196
0.85551584,0.0,0.005577006
0.73152405,0.0,0.016132774
0.08551536,0.0,0.03494439
0.7867467,0.0,0.015781878
0.21769744,0.0,0.2384697
0.75351673,0.0,0.0120405005
0.6978346,0.0,0.3075271
0.82152665,0.0,0.18159576
0.44476548,0.0,0.1983746
0.99241126,0.0,5.2772924e-05
0.31186533,0.0,0.0061656334
0.74093354,0.0,0.0
0.73468894,0.0,0.007640665
0.8686474,0.0,0.0014279825
0.47625393,0.0,0.0059769736
0.5635629,0.0,0.021634672
0.32151246,0.0,0.015968693
0.192715,1.0,0.4350194
0.09781435,1.0,0.5361511
0.44274706,0.0,0.25603005
0.16794276,0.0,0.54210556
0.076336056,0.0,0.105803505
0.81770116,0.0,0.09185832
0.2343098,0.0,0.6558835
0.09272672,0.0,0.31990603
0.92636627,0.0,0.0013372479
0.583955,0.0,0.017828815
0.16294609,0.0,0.44944653
0.1905342,0.0,0.36657894
0.86444235,0.0,0.009582471
0.19639467,0.0,0.266794
0.2586569,0.0,0.09134451
0.51543707,0.0,0.50149953
0.07697905,0.0,0.08342486
0.7899088,0.0,0.060555883
0.1924069,0.0,0.14908572
0.124517225,0.0,0.34364152
0.22901618,0.0,0.011252669
0.28568685,0.0,0.3307698
0.12835133,0.0,0.63224614
0.31193173,0.0,0.39416215
0.6675265,0.0,0.11197474
0.21246208,1.0,0.3802868
0.115843564,0.0,0.46147838
0.49767125,1.0,0.36944357
0.24050996,0.0,0.22461802
0.56537163,0.0,0.082951985
0.4261947,1.0,0.17937414
0.8447964,0.0,0.00045902995
0.11869021,0.0,0.053181387
0.8627126,0.0,0.0011303534
0.27431315,0.0,0.0
0.1406435,0.0,0.27292794
0.71464735,0.0,0.0340093
0.054283306,0.0,0.4184644
0.4214683,0.0,0.0
0.073967405,0.0,0.4362299
0.20408836,0.0,0.15248041
0.15753987,0.0,0.41663963
0.6359128,0.0,0.12416675
0.15626311,0.0,0.29275447
0.89269096,0.0,0.0
0.47426093,0.0,0.030219277
0.05789721,0.0,0.34536347
0.5982183,0.0,0.0
0.8679909,0.0,0.0
0.09869066,0.0,0.23219523
0.2993285,0.0,0.5918189
0.71575886,0.0,0.16271546
0.15720648,0.0,0.25866243
0.6834389,0.0,0.00057158316
0.20882307,0.0,0.5102262
0.22064921,0.0,0.29996222
0.7465788,0.0,0.010876201
0.6667481,0.0,0.103321254
0.07788759,0.0,0.3275711
0.44230565,0.0,0.35694122
0.15042543,0.0,0.61138266
0.30345008,0.0,0.1530204
0.09552586,0.0,0.31003946
0.7301474,0.0,0.04714718
0.13899128,0.0,0.45104715
0.5653842,0.0,0.19535956
0.9008032,0.0,0.0
0.7532287,0.0,0.020452278
0.16826162,0.0,0.5609635
0.22089583,0.0,0.30418345
0.14926206,0.0,0.5067468
0.8622673,0.0,0.007272279
0.34293944,0.0,0.044929236
0.7841378,0.0,0.027795536
0.6240238,0.0,0.34124604
0.2925557,0.0,0.14389405
0.89436394,0.0,0.004920061
0.4812285,0.0,0.05882007
0.20963658,0.0,0.022291416
0.20848441,0.0,0.0974301
0.52068627,0.0,0.10103301
0.08819428,0.0,0.08523402
0.8270684,0.0,0.0123675205
0.14367308,0.0,0.20018129
0.89297223,0.0,0.006748253
0.06452098,0.0,0.18097857
0.41091436,0.0,0.08423059
0.28284633,0.0,0.07328314
0.20040913,0.0,0.0
0.61374086,0.0,0.0017625793
0.22460137,0.0,0.087138265
0.847051,0.0,0.18202506
0.52029246,0.0,0.6315251
0.4181808,0.0,0.50588524
0.5256683,0.0,0.6624487
0.5620831,0.0,0.1903916
0.42210996,1.0,0.669716
0.7581715,1.0,0.6637891
0.48226595,1.0,0.6567706
0.8088864,1.0,0.33867785
0.5221288,1.0,0.24393666
0.34687853,1.0,0.3221661
0.5187298,1.0,0.8598034
0.76786184,1.0,0.57045776
0.68510693,1.0,0.20548277
0.69652474,1.0,0.62294567
0.8732234,1.0,0.3328796
0.82122505,1.0,0.50700194
0.9670158,0.0,0.20846933
0.6177089,0.0,0.10612309
0.9482675,0.0,0.0
0.36090472,0.0,0.1760939
0.572693,1.0,0.20401482
0.30757433,0.0,0.0977684
0.9458073,0.0,0.0
0.9470824,0.0,0.0015013532
0.8448111,0.0,0.0
0.5916611,0.0,0.0006058722
0.9492888,0.0,0.0
0.7516421,0.0,0.090321824
0.22209385,0.0,0.00044453036
0.2254064,0.0,0.31679773
0.7654265,0.0,0.53797174
0.90662014,0.0,0.040865485
0.4225883,0.0,0.23198865
0.88233215,0.0,0.010530187
0.93213415,0.0,0.029665591
0.9881512,0.0,0.0010510918
0.93938273,0.0,0.018056333
0.9508708,0.0,0.0012095452
0.67315954,0.0,0.0
0.6135804,0.0,0.034519333
0.9389735,0.0,0.0
0.5961704,0.0,0.07934428
0.25768414,0.0,0.08840895
0.67872536,0.0,0.071407326
0.18862118,0.0,0.52404314
0.38738707,0.0,0.36712268
0.23355289,0.0,0.37741596
0.16612333,0.0,0.6550317
0.5061659,0.0,0.68264794
0.5693155,0.0,0.14853807
0.4487247,0.0,0.00011903637
0.5293948,0.0,0.5629487
0.29779088,0.0,0.4330095
0.50549537,0.0,0.06862725
0.45877996,0.0,0.41639924
0.7888604,0.0,0.12953115
0.5422191,0.0,0.36513853
0.34950262,0.0,0.27131054
0.84851915,0.0,0.18273422
0.6013069,0.0,0.13437858
0.59288925,0.0,0.28580278
0.82510895,0.0,0.021384876
0.063502066,0.0,0.506639
0.031687878,0.0,0.35026097
0.909658,0.0,0.015787533
0.847067,0.0,0.11749167
0.13812864,0.0,0.45759842
0.21039551,0.0,0.0034583278
0.74983424,0.0,0.023059199
0.40267873,0.0,0.35649335
0.28687575,0.0,0.213716
0.648446,0.0,0.0
0.48748553,0.0,0.22733074
0.060168594,0.0,0.58735996
0.18851689,0.0,0.33594397
0.6225224,0.0,0.16696185
0.106134,0.0,0.5215868
0.033602074,0.0,0.78002983
0.46219602,0.0,0.1348709
0.63101494,0.0,0.012481228
0.21408427,0.0,0.32864422
0.118524306,0.0,0.28516537
0.46313405,0.0,0.2740009
0.17046854,0.0,0.4177942
0.87191445,0.0,0.13988493
0.28802314,0.0,0.18474054
0.19382754,0.0,0.3500578
0.66868645,0.0,0.04164115
0.58939654,0.0,0.3877582
0.36257407,0.0,0.43416354
0.053951032,0.0,0.43487942
0.16097158,0.0,0.24831234
0.11729641,0.0,0.23941967
0.64307666,0.0,0.0
0.28052026,0.0,0.13708156
0.5986214,0.0,9.5585085e-05
0.8027697,0.0,0.0058791623
0.14656521,0.0,0.28479794
0.6680462,0.0,0.0
0.36638525,0.0,0.10296234
0.2978347,0.0,0.251281
0.16686115,0.0,0.35525116
0.15928252,0.0,0.60633004
0.11011687,0.0,0.6468388
0.041968573,0.0,0.7350701
0.17000973,0.0,0.19271669
0.2567742,0.0,0.25368646
0.22500837,0.0,0.0
0.71543896,0.0,0.0
0.59786016,0.0,0.0
0.6262247,0.0,0.0035688253
0.47584036,0.0,0.005641527
0.55676603,0.0,0.0
0.5504718,0.0,0.00038965628
0.92312413,0.0,0.015053507
0.67584425,1.0,0.013772575
0.42961696,0.0,0.0
0.6736444,1.0,0.099930696
0.6066943,1.0,0.020372668
0.7673755,0.0,0.112828925
0.8347462,0.0,0.015053259
0.43844754,0.0,0.0
0.7220576,0.0,0.0053144093
0.9233,0.0,0.09836554
0.8317064,0.0,0.0
0.6575843,0.0,0.0
0.877154,0.0,0.024145532
0.763868,0.0,0.101070546
0.77902573,0.0,0.0018664243
0.8785195,0.0,0.0
0.1798399,0.0,0.101379596
0.21883942,0.0,0.22942203
0.7983392,0.0,0.0038334236
0.7763679,0.0,0.109961696
0.20085485,0.0,0.45007485
0.3987533,0.0,0.12504728
0.36735928,0.0,0.24984059
0.24774921,0.0,0.47771278
0.35609034,0.0,0.6621802
0.29859427,0.0,0.28574666
0.117310956,0.0,0.6822861
0.31832436,0.0,0.35924834
0.8594556,0.0,0.0032891133
0.46112722,0.0,0.17145947
0.19242182,0.0,0.38840422
0.8627207,0.0,0.0012337532
0.6625531,0.0,0.0
0.15446053,0.0,0.34429643
0.22954375,0.0,0.366093
0.8723378,0.0,0.014281696
0.21080019,0.0,0.03482257
0.7714502,0.0,0.0006642811
0.26909262,0.0,0.027031034
0.85096234,0.0,0.0041170046
0.77627116,0.0,2.770007e-05
0.7963643,0.0,0.017302074
0.78963673,0.0,0.025203949
0.7325463,0.0,0.005724852
0.76077545,0.0,0.0030168872
0.46145785,0.0,0.0
0.21561563,0.0,0.009646899
0.61884654,0.0,0.0
0.705316,0.0,0.01987314
0.28613922,0.0,0.16334777
0.42193657,0.0,0.1611604
0.7233504,0.0,0.035105594
0.40486357,0.0,0.2999183
0.5857388,0.0,0.56989706
0.7249862,0.0,0.56017166
0.93101954,1.0,0.30187273
0.68936217,0.0,0.21558842
0.7264267,1.0,0.3794167
0.69449925,0.0,0.12063775
0.8869741,1.0,0.077608384
0.76218015,0.0,0.018483438
0.45946506,0.0,0.00074214395
0.82837474,0.0,0.13755575
0.6617667,0.0,0.06433887
0.27876067,0.0,0.5311617
0.8198149,0.0,0.038071573
0.518483,0.0,0.56327736
0.6868155,0.0,0.9009068
0.9381283,0.0,0.2494789
0.6537992,0.0,0.9042013
0.41188604,0.0,0.23529369
0.679203,0.0,0.32829237
0.32360217,0.0,0.005386957
0.9147317,0.0,0.024404744
0.38983655,0.0,0.0
0.4013364,0.0,0.0046760966
0.52494955,0.0,0.10835992
0.85102534,0.0,0.028358663
0.5804191,0.0,0.0
0.75458395,0.0,0.000472627
0.35397786,0.0,0.44875818
0.8226606,0.0,0.0787361
0.5010419,0.0,0.16787173
0.7869451,0.0,0.2035319
0.35905483,0.0,0.3566019
0.6958266,0.0,0.4907188
0.33826926,0.0,0.49657303
0.5608717,0.0,0.19895189
0.6567409,0.0,0.22486198
0.7501803,0.0,0.17128542
0.26686782,0.0,0.5676232
0.25041443,0.0,0.3840943
0.52107835,0.0,0.18447618
0.4691375,1.0,0.4210133
0.48008183,1.0,0.18474704
0.56560624,1.0,0.33083156
0.92586577,1.0,0.2262932
0.8403454,0.0,0.022840925
0.52606153,0.0,0.10644936
0.81256586,0.0,0.008253984
0.40969938,0.0,0.53275037
0.44464695,0.0,0.5109873
0.5955867,0.0,0.17720503
0.9005806,0.0,0.14284045
0.89558977,0.0,0.2244787
0.48849487,0.0,0.041168384
0.23353909,0.0,0.34930998
0.14036782,0.0,0.014801263
0.4367176,0.0,0.0051692794
0.17654064,0.0,0.35651806
0.19160758,0.0,0.043829445
0.8761261,0.0,0.00499363
0.6867964,0.0,0.05079943
0.2666547,0.0,0.34580994
0.8135432,0.0,0.106514275
0.876288,0.0,0.066470616
0.55403167,0.0,0.60546774
0.35924232,0.0,0.64694214
0.28596112,0.0,0.16975622
0.15907024,0.0,0.5790893
0.1431573,0.0,0.20826942
0.39726552,0.0,0.03620911
0.3435347,0.0,0.32113823
0.85378695,0.0,0.0
0.68219906,0.0,0.00032486167
0.91953695,0.0,0.0
0.74593675,0.0,0.0077351974
0.9455849,0.0,0.00027755552
0.5412413,1.0,0.035573866
0.7676501,1.0,0.027617149
0.75303715,1.0,0.26068047
0.6882099,1.0,0.2091998
0.7987136,0.0,0.092978016
0.9786011,1.0,0.076892786
0.86820215,0.0,0.00020364499
0.9237285,0.0,0.019387996
0.553727,0.0,0.01332864
0.5114325,0.0,0.006416293
0.7291799,0.0,0.10027788
0.7580013,0.0,0.0
0.47830468,0.0,0.19588149
0.3429397,0.0,0.26528987
0.35767904,0.0,0.61948454
0.20279554,0.0,0.4593142
0.17257558,0.0,0.60320544
0.37057087,0.0,0.025092583
0.090262525,0.0,0.7235746
0.39985546,0.0,0.21532181
0.17988919,0.0,0.26197094
0.11700995,0.0,0.5351661
0.16849688,0.0,0.21463871
0.5199054,0.0,0.0
0.20571737,0.0,0.19655395
0.08484491,0.0,0.45837104
0.61943877,0.0,0.04021387
0.6599302,0.0,0.0
0.15800989,0.0,0.47260815
0.24629347,0.0,0.37218186
0.8789984,0.0,0.0
0.45047706,0.0,0.08738569
0.09916641,0.0,0.49717498
0.8193612,0.0,0.21686132
0.7321658,0.0,0.0012442069
0.5074559,0.0,0.25258335
0.3257065,0.0,0.5680378
0.85912246,0.0,0.3900949
0.73544,0.0,0.4060248
0.6883184,0.0,0.4089858
0.79841614,0.0,0.10487004
0.39859557,0.0,0.7103805
0.8112975,0.0,0.058880284
0.2621452,0.0,0.55564165
0.31349793,0.0,0.28454438
0.66647005,0.0,0.061736543
0.42878336,0.0,0.066861875
0.911609,0.0,0.059094545
0.81248677,0.0,0.15425159
0.13780975,1.0,0.6895303
0.7199558,1.0,0.23610428
0.95734584,1.0,0.30021754
0.8976442,1.0,0.44591278
0.46322346,0.0,0.29912084
0.9060139,0.0,0.030498782
0.4644171,0.0,0.00039496893
0.28744745,0.0,0.0
0.83971864,0.0,0.014782471
0.6921196,0.0,0.015599044
0.54415315,0.0,0.013556862
0.44813094,0.0,0.004667864
0.53751767,0.0,0.04674095
0.42854592,0.0,0.0
0.35152617,0.0,0.0906434
0.48294696,0.0,0.44417608
0.40659833,0.0,0.39985234
0.12554929,0.0,0.57957315
0.5756352,0.0,0.03926243
0.14515944,0.0,0.28757814
0.5361324,0.0,0.022234337
0.3440674,0.0,0.0
0.8665352,0.0,5.0241775e-05
0.5703472,0.0,0.061696563
0.94247967,0.0,0.0016144882
0.5697006,1.0,0.08783565
0.89236903,0.0,0.00082099455
0.82248634,0.0,0.10276218
0.88017535,0.0,0.09033023
0.7373672,1.0,0.57987404
0.5608767,1.0,0.36306536
0.68946016,1.0,0.71230316
0.81215936,0.0,0.34635463
0.82575476,0.0,0.06691706
0.97157663,1.0,0.14446162
0.88589716,0.0,0.49712604
0.9218536,0.0,0.016421415
0.3492147,0.0,0.26348552
0.23963237,0.0,0.2599855
0.18015826,0.0,0.580837
0.5960101,0.0,0.2030131
0.89903975,0.0,1.8224277e-05
0.21771488,0.0,0.23021008
0.46529448,0.0,0.21136114
0.8767328,0.0,0.0010771157
0.6695916,0.0,0.0
0.40945506,0.0,0.35921314
0.5189663,0.0,0.0014312799
0.9046163,0.0,0.00093780394
0.63596386,0.0,0.016134264
0.6531811,0.0,0.2596199
0.863889,0.0,0.001655146
0.95144945,0.0,0.0
0.6039069,0.0,0.1509431
0.64675206,0.0,0.16175023
0.91568583,0.0,0.00015908813
0.8577926,0.0,0.0
0.32934296,0.0,0.30130032
0.55511105,0.0,0.17446502
0.7985809,0.0,0.031332456
0.5039644,0.0,0.18753216
0.48235628,0.0,0.5045935
0.39718604,0.0,0.39508277
0.32226256,0.0,0.9883398
0.052012213,0.0,0.7981514
0.24888273,0.0,0.34495905
0.31051406,0.0,0.18574262
0.62153876,0.0,0.16818118
0.8623338,0.0,0.0
0.8047997,0.0,0.011795723
0.9017045,0.0,0.0
0.911167,0.0,0.013809844
0.48875412,0.0,0.031132413
0.51417536,0.0,0.0
0.72167593,0.0,0.056409337
0.63620466,0.0,0.07989713
0.8763732,0.0,0.123459905
0.86327314,0.0,0.044646043
0.9685376,0.0,0.0
0.8173038,0.0,0.2092679
0.9152748,0.0,0.0011381994
0.9104203,0.0,0.011154644
0.841781,0.0,0.0030406278
0.9040218,0.0,0.00010246551
0.16368127,0.0,0.13540235
0.14014061,0.0,0.41721806
0.17481022,0.0,0.43829894
0.69686973,0.0,0.07515553
0.14381254,0.0,0.3488017
0.73792,0.0,0.2863064
0.79094326,0.0,0.329253
0.38821432,0.0,0.079758376
0.3838196,0.0,0.25853315
0.29737952,0.0,0.025675137
0.5828388,0.0,0.40376946
0.1743571,0.0,0.33115354
0.266672,0.0,0.49275953
0.5110924,0.0,0.05221982
0.05568037,0.0,0.4619087
0.80638635,0.0,0.17116134
0.2628919,0.0,0.2656582
0.3782078,0.0,0.48309955
0.16845268,0.0,0.4480007
0.088878326,0.0,0.42300135
0.20097762,0.0,0.71989614
0.35283658,0.0,0.120840766
0.090029806,0.0,0.19419606
0.7321916,0.0,0.045638923
0.23309039,0.0,0.022605445
0.15233174,0.0,0.00032761492
0.19830355,0.0,0.25698408
0.25171944,0.0,0.025461918
0.17222635,0.0,0.32778537
0.10276425,0.0,0.24749653
0.8689359,0.0,0.0018017062
0.34608454,0.0,0.2196429
0.20427169,0.0,0.41451007
0.28765595,0.0,0.083112404
0.85337466,0.0,0.003369541
0.34856486,0.0,0.18942602
0.3541136,0.0,0.2271034
0.40944305,0.0,0.0
0.82373536,0.0,0.06376399
0.38962013,0.0,0.5223627
0.13847943,0.0,0.30502355
0.39493674,0.0,0.014724758
0.514551,0.0,0.06968911
0.1501455,0.0,0.5499165
0.17009312,0.0,0.5191931
0.34357283,0.0,0.25760898
0.29743543,0.0,0.70803505
0.5512315,0.0,0.061715618
0.18219212,0.0,0.37128896
0.28962535,0.0,0.08052694
0.3173515,0.0,0.29328182
0.054397285,0.0,0.2304773
0.8448685,0.0,0.018696262
0.38962498,0.0,0.049374327
0.29870367,0.0,0.0
0.7974903,0.0,0.005376591
0.2309624,0.0,0.0
0.7943683,0.0,0.0003015746
0.44994643,0.0,0.001431557
0.69017434,0.0,0.0
0.7299132,0.0,0.011247116
0.5735647,0.0,0.021525707
0.6324692,0.0,0.0058232956
0.84402287,0.0,0.0
0.75974953,0.0,0.0
0.5315653,0.0,0.0024242834
0.62718415,0.0,0.0016419481
0.90305424,0.0,0.0
0.072492346,0.0,0.041880343
0.42619783,0.0,0.46787554
0.1411687,0.0,0.74005127
0.19513488,0.0,0.5004198
0.24763787,0.0,0.03615968
0.0437382,0.0,0.42400604
0.14209206,0.0,0.19848412
0.8625474,0.0,0.16672854
0.44808006,0.0,0.23608701
0.14933406,0.0,0.2439232
0.5727959,0.0,0.0
0.9034099,0.0,0.00038366584
0.7218523,0.0,0.0
0.64486045,0.0,0.037720084
0.39999345,0.0,0.039265845
0.4126433,0.0,0.006213536
0.32141876,0.0,0.034202483
0.5101146,0.0,0.0751055
0.69244415,0.0,0.0050243563
0.1827543,0.0,0.07749211
0.10804485,0.0,0.53248984
0.5272681,0.0,0.08045911
0.7520057,0.0,0.02795013
0.13762204,0.0,0.28688776
0.42181832,0.0,0.3413125
0.7661013,0.0,0.060613032
0.32888824,0.0,0.3806669
0.15678473,0.0,0.66364133
0.47835284,0.0,0.47715878
0.43643177,0.0,0.56984
0.5972418,0.0,0.10979277
0.22944409,0.0,0.3249099
0.37240532,0.0,0.4398112
0.36948088,0.0,0.24205256
0.7651897,0.0,0.008226388
0.1648037,0.0,0.0944918
0.080313854,0.0,0.26591784
0.34047258,0.0,0.19625501
0.42875522,0.0,0.026180157
0.07193786,0.0,0.03221179
0.47634873,0.0,0.003377744
0.26680067,0.0,0.11055809
0.5574854,0.0,0.040383168
0.4638392,0.0,0.008922337
0.13541919,0.0,0.010275487
0.41228682,0.0,0.0035039845
0.7125736,0.0,0.0
0.6069096,0.0,0.00016374433
0.42072067,0.0,0.0
0.6942929,0.0,0.0
0.70571667,0.0,0.008024763
0.865046,0.0,0.0013419886
0.23427463,0.0,0.20200676
0.39817917,0.0,0.12011973
0.93859494,0.0,0.00080684025
0.43837494,0.0,0.01234863
0.20535831,0.0,0.32993537
0.17490137,0.0,0.44134894
0.4689258,0.0,0.25765648
0.13030028,0.0,0.7794976
0.21181357,0.0,0.3654419
0.49088952,0.0,0.021303462
0.23736054,0.0,0.12307253
0.028496444,0.0,0.35757795
0.18170267,0.0,0.26827508
0.19223993,0.0,0.0
0.07494733,0.0,0.4440483
0.23553619,0.0,0.6832427
0.20998469,0.0,0.20460233
0.1287841,0.0,0.3001925
0.6349913,0.0,0.003743442
0.69342583,0.0,0.04069258
0.58710337,0.0,0.014897584
0.71925426,0.0,0.0
0.6920503,0.0,0.018675508
0.92164713,0.0,0.00091602164
0.4704988,0.0,0.0
0.4502578,0.0,0.0004433334
0.5778972,0.0,0.00056493626
0.8076289,0.0,0.0012817162
0.86645925,0.0,0.0032649983
0.2792611,0.0,0.069212325
0.21362735,0.0,0.20351079
0.8114731,0.0,0.039522078
0.47286814,0.0,0.0014744158
0.13995396,0.0,0.5425417
0.21830273,0.0,0.2053343
0.47553858,0.0,0.5294396
0.4059106,0.0,0.1710527
0.44018254,0.0,0.17578447
0.26859596,0.0,0.018589566
0.4836352,0.0,0.014243514
0.106059566,0.0,0.0009480129
0.32195863,0.0,0.18685937
0.5456095,0.0,0.0008946027
0.6494545,0.0,0.0
0.56855905,0.0,0.0055233804
0.4095852,0.0,0.005248535
0.8364071,0.0,0.00023318174
0.64771813,0.0,0.0056192577
0.3660646,0.0,0.0022668021
0.56031454,0.0,0.006499917
0.5617066,0.0,0.0039931354
0.04473759,0.0,0.060738355
0.6447639,0.0,0.0045623058
0.17021716,0.0,0.40330198
0.27818987,0.0,0.47021174
0.6021398,0.0,0.2866435
0.23028027,0.0,0.37020454
0.8211779,0.0,0.06703313
0.558727,0.0,0.108527355
0.23985434,0.0,0.49942672
0.1219608,0.0,0.34584418
0.9241408,0.0,0.01677621
0.89757967,0.0,0.06841023
0.23526274,0.0,0.5887299
0.71380985,0.0,0.29115677
0.88646644,0.0,0.01195864
0.22110116,0.0,0.29543382
0.9339838,0.0,0.029097956
0.13788214,0.0,0.0779147
0.35342854,0.0,0.39984515
0.15201621,0.0,0.37774315
0.53175014,0.0,0.00048702257
0.66629523,0.0,0.06745795
0.3084895,0.0,0.08742639
0.077103734,0.0,0.40731898
0.64597934,0.0,0.13931978
0.26702413,0.0,0.24456485
0.04678907,0.0,0.3513153
0.6768893,0.0,0.014306947
0.22672296,0.0,0.050213408
0.043843996,0.0,0.24196798
0.18916637,0.0,0.44074464
0.65318024,0.0,0.06665652
0.4038025,0.0,0.13796991
0.17521837,0.0,0.35647127
0.50869465,0.0,0.025752872
0.22371845,0.0,0.35782272
0.562427,0.0,0.31695458
0.5766593,0.0,0.3841575
0.62157726,0.0,0.62639034
0.50485647,0.0,0.32613954
0.5121255,0.0,0.7421505
0.65800494,0.0,0.70045626
0.18417907,0.0,0.115308054
0.43239382,0.0,0.33456117
0.78957134,0.0,0.0096669085
0.46953458,0.0,0.15059789
0.9104112,0.0,0.003638375
0.43031487,0.0,0.0
0.41953915,0.0,0.0
0.8725999,0.0,0.007648044
0.91615283,0.0,0.013446406
0.80181396,0.0,0.0
0.6022706,0.0,0.08608792
0.75106907,0.0,0.067703
0.70964664,0.0,0.011045291
0.4776456,0.0,0.00477471
0.41147617,0.0,0.0
0.6553272,0.0,0.016665604
0.7947293,0.0,0.013476021
0.53212243,0.0,0.055054583
0.722417,0.0,0.07435528
0.5038846,0.0,0.13291508
0.57208556,0.0,0.07599534
0.18080299,0.0,0.04905954
0.07633302,0.0,0.5447295
0.08972299,0.0,0.51577854
0.27870443,0.0,0.35186672
0.16100451,0.0,0.3578635
0.44204116,0.0,0.08301217
0.72793096,0.0,0.0
0.4455383,0.0,0.009716045
0.3900142,0.0,0.04352726
0.27511445,0.0,0.0028938372
0.5412112,0.0,0.25422034
0.6036768,0.0,0.17242192
0.8146319,0.0,0.040030375
0.8627411,0.0,0.02441135
0.9287815,0.0,0.05236226
0.72638637,0.0,0.008627306
0.82612526,0.0,0.0
0.7769612,0.0,0.021448273
0.70404965,0.0,0.0009516249
0.835724,0.0,0.06013597
0.2523986,0.0,0.08403689
0.0887311,0.0,0.66961527
0.13751402,0.0,0.5732601
0.3476132,0.0,0.23800272
0.3204365,0.0,0.21066417
0.42151976,0.0,0.416845
0.68781215,0.0,0.04674286
0.28337386,0.0,0.6308687
0.6219678,0.0,0.29000032
0.53957415,0.0,0.25049505
0.8865374,0.0,0.0076131513
0.84375644,0.0,0.0
0.7582919,0.0,0.025062567
0.7548846,0.0,0.0012150347
0.9156135,0.0,0.0022699216
0.5622819,0.0,0.008400709
0.65022254,0.0,0.049302753
0.3091784,0.0,0.0
0.4752426,0.0,0.34304792
0.2817788,0.0,0.42557532
0.37916937,0.0,0.012470886
0.13354455,0.0,0.23768236
0.79894775,0.0,0.25806797
0.3552895,0.0,0.033121523
0.8338319,0.0,0.078611195
0.6800289,0.0,0.0012649408
0.5959316,0.0,0.005841117
0.70206803,0.0,0.0
0.7399906,0.0,0.0064228554
0.68619007,0.0,0.0
0.64262545,0.0,0.039282527
0.8768278,0.0,0.0057547404
0.6137201,0.0,0.07306887
0.6358179,0.0,0.010349051
0.6938419,0.0,0.16882434
0.83982676,0.0,0.12033805
0.92072433,0.0,0.0037969875
0.91862744,0.0,0.080492616
0.46249685,0.0,0.18788166
0.93435675,0.0,0.21881649
0.9026386,0.0,0.0016278399
0.6006609,0.0,0.20744443
0.71156484,0.0,0.2788196
0.36448494,0.0,0.54354393
0.6374414,0.0,0.4128391
0.18554012,0.0,0.591132
0.53833807,0.0,0.3849696
0.73857015,0.0,0.01405368
0.29129782,0.0,0.7176794
0.49409667,0.0,0.42157584
0.64127487,0.0,0.34310588
0.46794352,0.0,0.5683014
0.21627732,0.0,0.21580663
0.85662985,0.0,0.011635104
0.1845503,0.0,0.11695885
0.47491673,0.0,0.45709938
0.43755206,0.0,0.18276124
0.74138,0.0,0.0
0.28785667,0.0,0.40893567
0.44204944,0.0,0.45210359
0.5322992,0.0,0.099209
0.12774038,1.0,0.71952426
0.18057245,1.0,0.41660088
0.6663882,0.0,0.068480305
0.14850162,0.0,0.3232699
0.16520704,0.0,0.55149776
0.61642325,0.0,0.013674185
0.5819184,0.0,0.1392339
0.6329062,0.0,0.013774184
0.75089025,0.0,0.0073008514
0.5255494,0.0,0.0067507764
0.80591184,0.0,0.0
0.8408194,0.0,0.26181528
0.42526332,0.0,0.024644844
0.22724389,0.0,0.0018876302
0.9450987,0.0,0.054361783
0.88288116,0.0,0.0
0.68125725,0.0,0.04740986
0.61875784,0.0,0.22247201
0.3005393,0.0,0.24672876
0.747869,0.0,0.124348156
0.05126236,0.0,0.07573021
0.27999473,0.0,0.14323056
0.3292324,0.0,0.10740174
0.6979911,0.0,0.0
0.5304965,0.0,0.15577118
0.3025955,0.0,0.32785308
0.6635272,0.0,0.2313474
0.7194192,0.0,0.30418634
0.69514376,0.0,0.2202437
0.24035665,0.0,0.40950876
0.86649513,0.0,0.53343385
0.22784427,0.0,0.52299017
0.72997993,0.0,0.91673416
0.18770322,0.0,0.5032958
0.30067945,0.0,0.15667512
0.19841124,0.0,0.3688616
0.39218244,0.0,0.3533714
0.25425166,0.0,0.10558689
0.054032277,0.0,0.086383075
0.66357046,0.0,0.15733816
0.91225433,0.0,0.01174043
0.7358687,0.0,0.086522885
0.60413724,0.0,0.021478543
0.7485377,0.0,0.0043815067
0.90062696,0.0,0.0139470855
0.5045031,0.0,0.03851767
0.74913365,0.0,0.0037360005
0.90374196,0.0,0.020223381
0.88668233,0.0,0.0
0.96382296,0.0,0.010220336
0.7056349,0.0,0.058946528
0.9735724,0.0,0.010507263
0.6609879,0.0,0.10171311
0.6140063,0.0,0.054981504
0.9585275,0.0,0.017283902
0.9030168,0.0,0.081941575
0.4842508,0.0,0.37325844
0.73361903,0.0,0.060073722
0.9058824,0.0,4.9862316e-05
0.48770478,0.0,0.20207629
0.14602952,0.0,0.38087308
0.50230354,0.0,0.13410117
0.5561662,0.0,0.17153044
0.16995348,0.0,0.6153981
0.29627106,0.0,0.33812207
0.13470088,1.0,0.4311824
0.43168002,0.0,0.07767634
0.2081215,1.0,0.6443846
0.28768,0.0,0.2670536
0.763749,0.0,0.0060328445
0.5167443,0.0,0.24656823
0.7074101,0.0,0.0077619995
0.6957551,0.0,0.00055011606
0.5474097,0.0,0.07612054
0.28399473,0.0,0.56477314
0.4089054,0.0,0.23212916
0.74353236,0.0,0.0
0.5050667,0.0,0.25965777
0.89551824,0.0,0.07728256
0.25899464,0.0,0.2541633
0.3413611,0.0,0.11320999
0.86251634,0.0,0.010160126
0.93724847,0.0,0.0060450723
0.32843986,0.0,0.2810887
0.8573193,0.0,0.039353322
0.9014782,0.0,0.0005905863
0.4882274,0.0,0.0
0.12477032,0.0,0.09371476
0.8163405,0.0,0.012558523
0.9146954,0.0,0.121556796
0.17428204,1.0,0.25981036
0.3038139,0.0,0.0918306
0.19475046,1.0,0.3332154
0.82031417,0.0,0.011420471
0.47446766,0.0,0.1358365
0.487723,0.0,0.06625792
0.44281885,0.0,0.060629487
0.16632733,0.0,0.48823565
0.3238219,0.0,0.34333858
0.38532242,0.0,0.3885218
0.57638407,0.0,0.2990303
0.7703184,0.0,0.023444643
0.9173538,0.0,0.10686476
0.76542884,0.0,0.019648414
0.8818528,0.0,0.06690529
0.82099295,0.0,0.007690022
0.8683248,0.0,0.013797614
0.87464076,0.0,0.0
0.9250238,0.0,0.0048175743
0.87820536,0.0,0.010605234
0.79258245,0.0,0.0
0.7345874,0.0,0.0
0.581207,0.0,0.14202823
0.77749556,0.0,0.31279784
0.5349517,0.0,0.33131084
0.38431987,0.0,0.51423407
0.60374385,0.0,0.09483902
0.6149518,0.0,0.016071076
0.250481,0.0,0.67806864
0.43648756,0.0,0.22915182
0.6461833,0.0,0.034409504
0.27889818,0.0,0.42778328
0.05706723,0.0,0.3432283
0.8624096,0.0,0.026888877
0.63834035,0.0,0.31568596
0.19103263,0.0,0.6816207
0.63508373,0.0,0.2781291
0.708842,0.0,0.5134333
0.43049198,0.0,0.49894154
0.6752883,0.0,0.43905622
0.6684531,0.0,0.35665125
0.63459396,0.0,0.3834436
0.42791188,0.0,0.29086643
0.64787763,0.0,0.020111915
0.15162061,0.0,0.5809776
0.19371542,1.0,0.31662652
0.42879346,1.0,0.44438457
0.51838326,1.0,0.6212292
0.2722741,1.0,0.6125664
0.2713643,1.0,0.43495017
0.19067204,1.0,0.6265778
0.21202639,1.0,0.34022957
0.6812131,1.0,0.16367099
0.4536731,1.0,0.4014817
0.33764622,1.0,0.6282815
0.2635972,0.0,0.1924936
0.8989296,0.0,0.035351127
0.2637161,0.0,0.46451256
0.33983034,0.0,0.15273131
0.8639048,0.0,0.007819972
0.33388007,0.0,0.31884697
0.23441777,0.0,0.5254605
0.7633455,0.0,0.021490995
0.820556,0.0,0.018777976
0.1506769,0.0,0.60989827
0.53187525,0.0,0.5707214
0.68188834,0.0,0.013666765
0.43335578,0.0,0.30028743
0.5089374,0.0,0.5781477
0.49168205,0.0,0.6465354
0.4828215,0.0,0.32837212
0.30500698,0.0,0.7468575
0.19244103,0.0,0.6598165
0.41770017,0.0,0.3351077
0.43878558,0.0,0.48704132
0.25496373,0.0,0.7175872
0.73191357,0.0,0.66712147
0.54311025,0.0,0.1713507
0.4506187,0.0,0.32415932
0.6934426,0.0,0.05400343
0.5602846,0.0,0.6173236
0.36653313,0.0,0.35369426
0.67072433,0.0,0.10012408
0.7199417,0.0,0.2937196
0.7287894,0.0,0.53620356
0.44088957,1.0,0.454548
0.7918931,1.0,0.08171018
0.54515094,0.0,0.4584402
0.57072115,1.0,0.4728441
0.7974327,0.0,0.3921162
0.6308334,0.0,0.74901533
0.846486,0.0,0.33962363
0.8057121,0.0,0.08466584
0.77494174,0.0,0.3617659
0.74542534,0.0,0.35517356
0.8927561,0.0,0.07264031
0.5665579,1.0,0.4994691
0.62764627,1.0,0.69919354
0.8445759,1.0,0.6860567
0.5164106,1.0,0.17685314
0.518029,1.0,0.030435747
0.8849103,1.0,0.33542627
0.9220717,1.0,0.28469235
0.9584968,0.0,0.0016982147
0.82009166,0.0,0.021256763
0.26801726,1.0,0.44305423
0.3205612,1.0,0.36653978
0.95977145,0.0,0.09284389
0.21383335,0.0,0.5846172
0.68173474,0.0,0.28497854
0.45529726,0.0,0.25353476
0.0336126,0.0,0.34842283
0.7221944,0.0,0.3212993
0.8179987,0.0,0.36595997
0.40485615,0.0,0.27915865
0.28426826,0.0,0.6890768
0.53960466,0.0,0.40471864
0.6864326,0.0,0.41029245
0.88866365,0.0,0.08150885
0.81425595,0.0,0.12885727
0.68528634,0.0,0.19878276
0.74664414,0.0,0.21192636
0.31553775,0.0,0.22488365
0.25002384,0.0,0.16727073
0.67770237,0.0,0.0
0.07525672,0.0,0.27148038
0.49372897,0.0,0.00204221
0.6823817,0.0,0.41082466
0.16696414,0.0,0.5309975
0.2271652,0.0,0.1594205
0.013971907,0.0,0.32553762
0.8764826,0.0,0.0039828047
0.77262944,0.0,0.0910084
0.8038823,0.0,0.0
0.53300816,0.0,0.11958003
0.68591994,0.0,0.18928419
0.8579759,0.0,0.036294706
0.18980862,0.0,0.35908827
0.4702632,0.0,0.23572946
0.12457116,0.0,0.75189084
0.12278005,0.0,0.17562018
0.3479196,1.0,0.4751986
0.13265485,1.0,0.5554252
0.64671254,0.0,0.15798064
0.7835985,1.0,0.13412789
0.7622362,1.0,0.4836698
0.86283207,0.0,0.06446151
0.69918394,0.0,0.03539547
0.75064677,1.0,0.05560751
0.44451782,1.0,0.23216856
0.8995366,0.0,0.0
0.89072484,0.0,0.042023633
0.7338187,1.0,0.3499173
0.825881,1.0,0.44607496
0.82615376,0.0,0.094691075
0.65593886,0.0,0.25403237
0.8181451,0.0,0.043890767
0.2964887,0.0,0.34732598
0.4622713,0.0,0.23367876
0.4362199,0.0,0.5292694
0.35009986,0.0,0.048527315
0.9278201,0.0,0.030737013
0.9077421,0.0,0.12861054
0.27284405,0.0,0.23285238
0.89165527,0.0,0.1392397
0.9169914,0.0,0.03268229
0.77921754,0.0,0.0
0.92246366,1.0,0.12911434
0.9620317,1.0,0.048023887
0.67263806,1.0,0.30717835
0.5365971,0.0,0.3933667
0.4383564,0.0,0.37970167
0.52909493,0.0,0.6199132
0.20293231,0.0,0.59155214
0.27067673,0.0,0.62844074
0.56187844,0.0,0.6667543
0.7712471,0.0,0.19227937
0.7945821,0.0,0.2939644
0.9123584,0.0,0.03381784
0.8800814,0.0,0.082508534
0.9265737,0.0,0.04601169
0.98528427,0.0,0.010224432
0.8990277,0.0,0.091959916
0.1568169,0.0,0.2569198
0.69194883,0.0,0.19174816
0.30970332,0.0,0.16775952
0.06545402,0.0,0.57694507
0.12575586,0.0,0.29921567
0.13319148,0.0,0.14487629
0.52128,0.0,0.08427587
0.7065701,0.0,0.0
0.4258994,0.0,0.18517345
0.6830768,0.0,0.3726433
0.68159354,0.0,0.12752569
0.9267439,0.0,0.0077600726
0.25153705,0.0,0.3602008
0.23804855,0.0,0.6436585
0.121602505,0.0,0.30705342
0.091974385,0.0,0.33741152
0.3363101,0.0,0.12751536
0.10948426,0.0,0.48355156
0.4486929,0.0,0.20069863
0.09512607,0.0,0.3713383
0.06532065,0.0,0.13119395
0.48935726,0.0,0.00021020406
0.5069254,0.0,0.03268675
0.087761275,0.0,0.36234197
0.5667423,0.0,0.013131793
0.91158056,0.0,0.0
0.20698923,0.0,0.20015496
0.29747853,0.0,0.037922066
0.742667,0.0,0.003424487
0.6726344,0.0,0.0
0.65851265,0.0,0.064227104
0.54255307,0.0,0.0
0.9320139,0.0,0.0
0.13444386,0.0,0.056010257
0.58234656,0.0,0.1563151
0.9665014,0.0,0.0
0.80724365,0.0,0.051989347
0.19410262,0.0,0.35525808
0.55148524,0.0,0.28154343
0.8400742,0.0,0.3829774
0.44831115,0.0,0.8356601
0.7745916,0.0,0.56703854
0.72785723,0.0,0.79220796
0.73474413,0.0,0.4657495
0.735441,0.0,0.1305806
0.7088031,0.0,0.058607332
0.32390085,0.0,0.15534885
0.3978542,0.0,0.02595644
0.9765058,0.0,0.0
0.9070874,0.0,0.0
0.5755709,0.0,0.0021943857
0.71871006,0.0,0.09033594
0.67236704,0.0,0.06565459
0.8133022,0.0,0.012015699
0.6144986,0.0,0.11673266
0.59307474,0.0,0.0
0.18412639,0.0,0.41747525
0.69914925,0.0,0.07604143
0.8523842,0.0,0.0030809925
0.9346831,0.0,0.16780703
0.5932494,0.0,0.0
0.1962952,0.0,0.1811895
0.14485638,0.0,0.75333285
0.3175475,0.0,0.47773224
0.4785063,0.0,0.16747804
0.10044604,0.0,0.086687006
0.51041347,0.0,0.0
0.36527118,0.0,0.0022557494
0.8171725,0.0,3.500611e-05
0.7847987,0.0,0.068767674
0.1864766,0.0,0.095081665
0.89018524,0.0,0.0
0.23568113,0.0,0.07381926
0.8025652,0.0,0.13072462
0.85542333,0.0,0.0
0.39359978,0.0,0.0
0.4738457,0.0,0.14529727
0.62477523,0.0,0.11348519
0.18490064,0.0,0.3257381
0.17705628,0.0,0.37270457
0.23420687,0.0,0.7086451
0.255165,0.0,0.4940469
0.2173573,0.0,0.52734184
0.5275539,0.0,0.39587712
0.50103146,0.0,0.23019691
0.4186105,0.0,0.281841
0.69797295,0.0,0.2719087
0.6211161,0.0,0.3487543
0.54229933,0.0,0.19800301
0.7290959,0.0,0.3825757
0.427421,0.0,0.66231036
0.89691746,0.0,0.30779254
0.9035734,0.0,0.21212287
0.89797795,0.0,0.121382855
0.86683667,0.0,0.18539771
0.7813823,0.0,0.33587456
0.66867846,0.0,0.06752426
0.803362,0.0,0.04729901
0.84433234,0.0,0.049905434
0.5101118,0.0,0.013102807
0.7996655,0.0,0.040398568
0.7795949,0.0,0.102203116
0.89979047,0.0,0.10700435
0.93704724,0.0,0.002452223
0.66229904,0.0,0.21547683
0.597004,0.0,0.47312576
0.4250231,0.0,0.54599005
0.6662307,0.0,0.12917104
0.2919035,0.0,0.31617928
0.4195148,0.0,0.24343656
0.18533492,0.0,0.59890914
0.05446143,0.0,0.43668568
0.21588084,0.0,0.05841562
0.132868,0.0,0.31911504
0.68496007,0.0,0.07017674
0.5796732,0.0,0.01830294
0.17465037,0.0,0.21047698
0.33733568,0.0,0.2820908
0.8738931,0.0,0.13622627
0.8168085,0.0,0.016917234
0.8921723,0.0,0.02121607
0.95398396,0.0,0.0
0.43069094,0.0,0.04543716
0.44279605,0.0,0.003740442
0.19805568,0.0,0.00085992826
0.98233575,0.0,0.0
0.82890034,0.0,0.0017561837
0.5009771,0.0,0.0009127098
0.7511271,0.0,0.015547879
0.83558595,0.0,0.0008837937
0.83080506,0.0,0.0
0.92842156,0.0,0.0
0.9018282,0.0,0.082988895
0.9106648,0.0,0.08323626
0.7661999,0.0,0.0
0.4380906,0.0,0.18536167
0.6419408,0.0,0.2795888
0.76859945,0.0,0.70542336
0.67308784,0.0,0.6085917
0.7849984,0.0,0.45054027
0.76446015,0.0,0.3188173
0.61795455,0.0,0.16171654
0.41365317,0.0,0.546367
0.8041418,0.0,0.086028926
0.22900963,0.0,0.25620764
0.74678326,0.0,0.19503921
0.5222544,0.0,0.0
0.86842555,0.0,0.015647441
0.42314625,0.0,0.3205362
0.41882682,0.0,0.4535248
0.42516848,0.0,0.35651055
0.8659522,0.0,0.08089225
0.2487205,0.0,0.5028266
0.20140271,0.0,0.6688345
0.68687403,0.0,0.6739937
0.86064994,0.0,0.045212843
0.45756477,0.0,0.29728302
0.70847064,0.0,0.2246863
0.32595164,0.0,0.63287824
0.40232044,0.0,0.29652587
0.9447421,0.0,0.0022393838
0.7836437,0.0,0.3716581
0.44139862,0.0,0.47481155
0.77812964,0.0,0.06768268
0.90167314,0.0,0.014501842
0.77739584,0.0,0.16841826
0.27872685,0.0,0.49449784
0.2094348,0.0,0.39323345
0.1406795,0.0,0.70521295
0.20252484,0.0,0.32430616
0.69377714,0.0,0.18360268
0.3567115,0.0,0.06641565
0.11556517,0.0,0.5734036
0.67912716,0.0,0.21359272
0.19956371,0.0,0.1420533
0.18966688,0.0,0.7153807
0.28129363,0.0,0.18996018
0.34964618,0.0,0.0025490026
0.14820196,0.0,0.4106633
0.19053794,0.0,0.43498456
0.2990315,0.0,0.2228311
0.28148755,0.0,0.34720516
0.78081304,0.0,0.015018965
0.64444226,0.0,8.958586e-05
0.30550882,0.0,0.34447592
0.38111183,0.0,0.19109459
0.62941676,0.0,0.0034412201
0.45141035,0.0,0.0041497983
0.25409245,0.0,0.46664533
0.8552938,0.0,0.016909465
0.8099207,0.0,0.0
0.3849421,0.0,0.37648696
0.35039952,0.0,0.15464658
0.58758336,0.0,0.0
0.8824791,0.0,0.0414121
0.44448948,0.0,0.33594143
0.33261454,0.0,0.5645481
0.28824052,0.0,0.4793618
0.646297,0.0,0.077258974
0.31744036,0.0,0.5195328
0.25013915,0.0,0.40984502
0.7338586,0.0,0.054785337
0.6831759,0.0,0.16963442
0.28385496,0.0,0.47600406
0.7528682,0.0,0.03509574
0.7475561,0.0,0.35440296
0.69768184,0.0,0.3684281
0.7883063,0.0,0.00014011071
0.67184716,0.0,0.30199638
0.855333,0.0,0.44822818
0.4723345,0.0,0.26171052
0.8514247,0.0,0.0014871791
0.63525015,0.0,0.24882574
0.4621792,0.0,0.41525504
0.7683729,0.0,0.02998421
0.4324504,0.0,0.24002002
0.62201846,0.0,0.57843095
0.375225,0.0,0.48356435
0.4802247,0.0,0.3166876
0.5407979,0.0,1.0
0.52160394,0.0,0.62833786
0.7061178,0.0,0.55405015
0.91919523,0.0,0.0593567
0.5728634,0.0,0.6366219
0.8612066,0.0,0.2313734
0.7458079,0.0,0.42655227
0.5474182,0.0,0.6416179
0.560202,0.0,0.5671232
0.9186073,0.0,0.09774573
0.59503025,0.0,0.34526017
0.91486335,0.0,0.23192722
0.87425756,0.0,0.32660675
0.7699553,0.0,0.7003538
0.70459723,0.0,0.29125872
0.63055736,0.0,0.7545751
0.4330478,0.0,0.29554665
0.72879225,0.0,0.0020252557
0.7292251,0.0,0.07591198
0.22388588,0.0,0.35054496
0.6879211,0.0,0.18334855
0.69046664,0.0,0.0
0.78456396,0.0,0.18923485
0.36920935,0.0,0.45935816
0.63016164,0.0,0.34435531
0.58391887,0.0,0.13813925
0.3714138,0.0,0.5870893
0.44186884,0.0,0.6426582
0.61210334,0.0,0.34868065
0.35406044,0.0,0.16040553
0.7511303,0.0,0.08267473
0.67073643,0.0,0.25216022
0.5383658,0.0,0.12139657
0.81948704,0.0,0.0
0.95879185,0.0,0.06481107
0.916718,0.0,0.046598125
0.8327706,0.0,0.014283818
0.79738265,0.0,0.0
0.8621279,0.0,0.012992589
0.8357638,0.0,0.0
0.8434226,0.0,0.0070001744
0.3932031,0.0,0.010702265
0.6298063,0.0,0.24693255
0.51557755,0.0,0.4767704
0.46694183,0.0,0.31606397
0.32270515,0.0,0.42228028
0.19026987,0.0,0.66276973
0.393024,0.0,0.21292292
0.30130914,0.0,0.22456834
0.41218624,0.0,0.32833117
0.80185616,0.0,0.0
0.93778133,0.0,0.0037752604
0.6684911,0.0,0.13434014
0.7188808,0.0,0.2522542
0.7814719,0.0,0.0
0.9046235,0.0,0.0
0.977436,0.0,0.27921885
0.89818645,0.0,0.010838796
0.47749895,0.0,0.027228037
0.9633408,0.0,0.14732708
0.8341837,0.0,0.10349274
0.5377965,0.0,0.2551553
0.85209846,1.0,0.36799976
0.19404988,0.0,0.36090633
0.9238265,1.0,0.09780166
0.43460155,0.0,0.66797626
0.6125057,0.0,0.22802825
0.94554186,0.0,0.0
0.8924294,0.0,0.03155313
0.3434352,0.0,0.08578139
0.81301236,0.0,0.0
0.95577776,0.0,0.0
0.410455,0.0,0.51604307
0.22399415,0.0,0.3257875
0.6187097,0.0,0.0
0.33162344,0.0,0.106177144
0.12634069,0.0,0.608348
0.44095147,0.0,0.33042985
0.13647915,0.0,0.30773118
0.43967977,0.0,0.43569863
0.38516808,0.0,0.30379027
0.33042037,0.0,0.04956769
0.4847436,0.0,0.25212598
0.9204345,0.0,0.5138534
0.5751902,0.0,0.0010080109
0.53243595,0.0,0.025543222
0.890063,0.0,0.06454741
0.8390963,0.0,0.16118667
0.53157806,0.0,0.020248836
0.94988304,0.0,0.0073070796
0.98800874,1.0,0.09731024
0.9614912,0.0,0.0035878194
0.3498059,0.0,0.04156121
0.81734955,1.0,0.07272521
0.9186266,1.0,0.30175552
0.56140006,1.0,0.29431194
0.69699496,0.0,0.50907373
0.37538195,0.0,0.35303727
0.38898832,0.0,0.20159675
0.3054462,0.0,0.448987
0.20908998,0.0,0.27726525
0.84614706,0.0,0.0021141963
0.456883,0.0,0.016182465
0.22369349,0.0,0.29195142
0.7147671,0.0,0.106796086
0.9061617,0.0,0.00361682
0.38649705,0.0,0.28933728
0.21106501,0.0,0.17798238
0.77865267,0.0,0.023195373
0.53704464,0.0,0.0
0.2610781,0.0,0.42528227
0.33364627,0.0,0.23492384
0.3320017,0.0,0.100015335
0.43357903,0.0,0.75262076
0.30762863,0.0,0.5377344
0.29361045,0.0,0.10652124
0.36922964,0.0,0.30237308
0.30431864,0.0,0.5605606
0.54305315,0.0,0.19464831
0.6119574,0.0,0.4441494
0.3476924,0.0,0.895077
0.8119639,0.0,0.8169514
0.59021425,0.0,0.7283773
0.29287004,0.0,0.9012012
0.6844096,0.0,0.57827944
0.83762854,0.0,0.7981764
0.76814806,0.0,0.62553704
0.44156286,0.0,0.4346902
0.36262286,0.0,0.30096698
0.43890938,0.0,0.61963123
0.43374458,0.0,0.17951551
0.30785736,0.0,0.12540886
0.18234618,0.0,0.40707383
0.17142133,0.0,0.38236707
0.41616806,0.0,0.0
0.41121408,0.0,0.1085597
0.15348656,0.0,0.44247496
0.57576686,0.0,0.16518691
0.73025244,0.0,6.8039306e-05
0.44921967,0.0,0.1955192
0.363078,0.0,0.26473886
0.84703016,0.0,0.03715836
0.37190497,0.0,0.29422995
0.46699485,0.0,0.5662545
0.2828865,0.0,0.4670032
0.24274391,0.0,0.37054735
0.3013204,0.0,0.60844177
0.17725725,0.0,0.6994773
0.57541436,0.0,0.4672444
0.60958487,0.0,0.3795512
0.6838307,0.0,0.23744322
0.7278619,0.0,0.13726442
0.9556666,0.0,0.16965337
0.85206485,0.0,0.017825387
0.958783,0.0,0.11295094
0.8601232,0.0,0.030996786
0.96066505,0.0,0.0
0.93820286,0.0,0.033475697
0.7247541,0.0,0.0
0.9736414,1.0,0.012752018
0.9770826,0.0,0.0011188136
0.51502365,0.0,0.017213434
0.9334332,1.0,0.17916223
0.7929692,0.0,0.23888198
0.6454122,0.0,0.297351
0.4951459,0.0,0.34498432
0.28773522,0.0,0.26877397
0.7850259,0.0,0.2639713
0.34026414,0.0,0.5479753
0.45057496,0.0,0.40799296
0.9144713,0.0,0.0
0.5471748,0.0,0.15057802
0.6754127,0.0,0.51836926
0.8623165,0.0,0.035862017
0.7765445,1.0,0.004991336
0.23198076,0.0,0.38084716
0.2745419,0.0,0.1721849
0.9170397,0.0,0.0
0.25437167,0.0,0.030259585
0.14293443,0.0,0.5240791
0.43425775,0.0,0.42313722
0.314967,0.0,0.33289832
0.2148172,0.0,0.41762647
0.25268373,0.0,0.5093084
0.49491796,0.0,0.15176395
0.30351663,0.0,0.21180426
0.85320795,0.0,0.23848061
0.89573723,0.0,0.013144817
0.932285,0.0,0.17326851
0.89310056,1.0,0.0648609
0.8784568,1.0,0.10216844
0.593634,0.0,0.067678824
0.75600505,0.0,0.0
0.9893839,1.0,0.2721279
0.97356004,0.0,0.004728942
0.7229704,0.0,0.05660386
0.9679215,1.0,0.20273499
0.967037,1.0,0.34475657
0.6547335,0.0,0.37444213
0.63872707,0.0,0.6983278
0.23770426,0.0,0.3271095
0.9543964,0.0,0.09380485
0.13138075,0.0,0.5081638
0.08555266,0.0,0.4144929
0.8934458,0.0,0.0
0.7584588,0.0,0.05964974
0.4332504,0.0,0.46117857
0.59283626,0.0,0.019415947
0.85470515,1.0,0.018213691
0.5088562,0.0,0.3680859
0.20872347,0.0,0.24479459
0.87262493,0.0,0.0
0.5548999,0.0,0.06652815
0.07520036,0.0,0.5454278
0.6070611,0.0,0.24662721
0.459443,0.0,0.132936
0.15565202,0.0,0.47338736
0.43797386,0.0,0.37803844
0.75385463,1.0,0.015587657
0.83966416,0.0,0.1154769
0.91921043,1.0,0.13910244
0.74807596,0.0,0.0
0.8288595,0.0,0.10875599
0.949982,1.0,0.11981355
0.9591405,1.0,0.16512853
0.5969496,0.0,0.0090611745
0.68756264,0.0,0.0
0.98518175,1.0,0.31213748
0.96018344,0.0,0.0056550023
0.51905817,0.0,0.020194309
0.5690174,1.0,0.15534176
0.9632996,1.0,0.49301568
0.7275848,0.0,0.38187078
0.57697845,1.0,0.45812806
0.3451938,0.0,0.2639872
0.34725782,1.0,0.18623942
0.19373614,0.0,0.37553638
0.085652925,0.0,0.28829753
0.78154206,0.0,0.0
0.82132214,0.0,0.0006978974
0.33510417,0.0,0.2274488
0.6115712,0.0,0.06684231
0.7965432,0.0,0.0
0.7147806,0.0,0.0008959277
0.39681685,0.0,0.28725284
0.9341543,0.0,0.0
0.7294207,0.0,0.0
0.22625254,0.0,0.05265482
0.3623969,0.0,0.25217566
0.6835301,0.0,0.11455403
0.5120284,0.0,0.18556578
0.21774195,0.0,0.48799443
0.66650826,0.0,0.31228447
0.61888075,0.0,0.45121378
0.26582718,0.0,0.24946626
0.4449866,0.0,0.39372808
0.61278784,0.0,0.52279145
0.60554284,0.0,0.6364325
0.5416214,0.0,0.76217604
0.63196474,0.0,0.18594888
0.49019805,0.0,0.17718163
0.39455634,0.0,0.75309396
0.8400694,0.0,0.25212517
0.734892,0.0,0.24620628
0.3047994,0.0,0.4564569
0.75605595,1.0,0.49480596
0.7384671,0.0,0.033223365
0.85661167,0.0,0.01255166
0.56075203,1.0,0.41031918
0.93344915,1.0,0.13158014
0.7334782,0.0,0.0006647321
0.27127466,1.0,0.26102108
0.82497984,1.0,0.48887154
0.6851577,0.0,0.0
0.6851183,0.0,0.0005967848
0.7302166,1.0,0.3097824
0.6810842,1.0,0.36003318
0.53778756,0.0,0.26375565
0.4012952,1.0,0.44381216
0.282514,1.0,0.21992113
0.224124,1.0,0.5003911
0.19463919,0.0,0.5916982
0.416972,0.0,0.005049561
0.38468835,1.0,0.18144503
0.30725315,0.0,0.49886596
0.49556646,0.0,0.10812624
0.7140794,0.0,0.004303011
0.62739635,1.0,0.4277617
0.5849439,0.0,0.5819527
0.59384185,0.0,0.35162595
0.58340275,0.0,0.26711354
0.8132246,0.0,0.013810182
0.2785393,0.0,0.2431694
0.46302503,0.0,0.34211767
0.87383306,0.0,0.0014511569
0.63173187,0.0,0.0055825305
0.47872716,0.0,0.54496485
0.7165398,0.0,0.3900378
0.689091,0.0,0.05127255
0.45959687,0.0,0.6118898
0.7347317,0.0,0.14432846
0.33961976,0.0,0.72237813
0.47959733,0.0,0.45756343
0.22455053,0.0,1.0
0.45833597,0.0,0.5353275
0.41696125,0.0,0.38324952
0.29111737,0.0,0.44901684
0.48096192,0.0,0.10551902
0.5487224,0.0,0.6452038
0.6511758,0.0,0.054535266
0.57628936,0.0,0.33768982
0.48287484,0.0,0.48117802
0.07677333,0.0,0.68261296
0.37752014,0.0,0.10435704
0.09930029,0.0,0.50092673
0.79131615,0.0,0.08586629
0.19533321,0.0,0.21716584
0.4829944,0.0,0.0
0.143539,0.0,0.49438912
0.82898074,0.0,0.06222903
0.2919254,0.0,0.6576885
0.17378053,0.0,0.13248798
0.33558127,0.0,0.80548954
0.39854458,0.0,0.3786326
0.10555878,0.0,0.41795695
0.6807597,0.0,0.01690362
0.5440365,0.0,0.5994762
0.7998023,1.0,0.39593157
0.72448754,0.0,0.007913774
0.96713465,1.0,0.17136566
0.8951832,0.0,0.0
0.9218349,1.0,0.16650604
0.7929486,0.0,0.12192892
0.3079122,0.0,0.42825627
0.2227683,1.0,0.8978357
0.31168348,1.0,0.454001
0.86011934,1.0,0.29796952
0.96749574,0.0,0.0010141023
0.9510636,0.0,0.0
0.9330136,1.0,0.23533353
0.79861444,0.0,0.03346708
0.87649715,1.0,0.3570579
0.16219778,0.0,0.685494
0.16467993,0.0,0.73232806
0.147178,1.0,0.41766113
0.6183637,0.0,0.26294753
0.94003636,1.0,0.57511264
0.9232766,0.0,0.07650758
0.90712935,1.0,0.27255532
0.33939564,1.0,0.66504216
0.5539314,0.0,0.45981467
0.74877065,0.0,0.13603827
0.39817375,0.0,0.41062877
0.07940767,0.0,0.57411647
0.85278064,0.0,0.42220953
0.93957865,0.0,0.058965124
0.4503493,0.0,0.5837476
0.8921355,0.0,0.060596604
0.113436155,0.0,0.27484265
0.13332498,0.0,0.5375962
0.28710338,0.0,0.5497188
0.26413074,0.0,0.252522
0.9129008,0.0,0.0
0.12801738,0.0,0.07523088
0.96104896,0.0,0.0
0.3580059,0.0,0.15123133
0.9567582,0.0,0.00064135937
0.5763145,0.0,0.34672672
0.2302758,0.0,0.30397362
0.9567674,0.0,0.019728312
0.46312922,0.0,0.31837684
0.33941558,0.0,0.5885045
0.27231842,0.0,0.49137974
0.3148589,0.0,0.051772203
0.6538494,0.0,0.34960687
0.26138347,0.0,0.15333788
0.3232906,0.0,0.25880858
0.69915074,0.0,0.0
0.54812586,0.0,0.16089194
0.8786194,0.0,0.0
0.758392,1.0,0.3069134
0.8673031,0.0,0.067330085
0.93214214,1.0,0.6109186
0.5665272,0.0,0.37437087
0.6297774,1.0,0.11538508
0.71106607,0.0,0.80395746
0.58237946,1.0,0.6088014
0.8436222,1.0,0.26068473
0.70191586,0.0,0.09736703
0.5927111,0.0,0.3504192
0.39238983,0.0,0.032894693
0.272336,0.0,0.3062043
0.83919877,0.0,0.0
0.60120296,0.0,0.36771226
0.6695856,0.0,0.20619415
0.58763516,0.0,0.29191816
0.073516056,0.0,0.7612267
0.19281682,0.0,0.98852354
0.21858603,0.0,0.6776049
0.51533806,0.0,0.48859715
0.3765271,0.0,0.5989045
0.62116176,0.0,0.5740823
0.38469797,0.0,0.52913
0.6131751,0.0,0.6062444
0.73220366,0.0,0.2014336
0.5095354,0.0,0.35050917
0.599783,0.0,0.13405861
0.84000444,0.0,0.12958089
0.61296487,0.0,0.2953322
0.47758725,0.0,0.4000681
0.22353122,0.0,0.5916346
0.8723757,0.0,0.18452147
0.933396,0.0,0.059857093
0.27902672,0.0,0.35042998
0.57522166,0.0,0.3708703
0.9319263,0.0,0.0011887691
0.8247976,0.0,0.29284915
0.24581143,0.0,0.74457693
0.32115805,0.0,0.40409473
0.4185415,0.0,0.6914984
0.78126717,0.0,0.21763542
0.29526043,0.0,0.21510397
0.68032503,0.0,0.009549654
0.3972724,0.0,0.46017814
0.74720323,0.0,0.08383434
0.6833063,0.0,0.10483634
0.3203205,0.0,0.14250593
0.8161355,0.0,0.03336961
0.8293505,0.0,0.01775094
0.675266,0.0,0.31193998
0.6583888,0.0,0.053712677
0.79734933,0.0,0.037051346
0.554155,0.0,0.12730254
0.5422418,0.0,0.30692786
0.22585474,0.0,0.35755518
0.62196624,0.0,0.026688121
0.9579209,0.0,0.0027065484
0.6048251,0.0,0.43348476
0.7152598,0.0,0.15894584
0.7513972,0.0,0.0025960556
0.7778416,0.0,0.091038376
0.807748,0.0,0.046677932
0.86479825,0.0,0.026999414
0.7609777,0.0,0.37737313
0.8150573,0.0,0.3074781
0.6717564,0.0,0.6700887
0.6279005,0.0,0.21302167
0.51558244,0.0,0.42910945
0.5981629,0.0,0.7385982
0.42271617,0.0,0.059533324
0.554299,0.0,0.7611014
0.42942387,0.0,0.34825155
0.5302986,0.0,0.511061
0.6206062,0.0,0.26852718
0.36209404,0.0,0.5314972
0.43323722,0.0,0.18391731
0.38705567,0.0,0.8283005
0.25399017,0.0,0.5155631
0.3123504,0.0,0.74125236
0.4899583,0.0,0.30264
0.03617387,0.0,0.7980702
0.6070976,0.0,0.19878684
0.27024382,0.0,0.32273778
0.28961617,0.0,0.6693931
0.112537906,0.0,0.41191703
0.8924707,0.0,0.08009926
0.23790134,0.0,0.14483036
0.7229224,0.0,0.0
0.26925412,0.0,0.23859324
0.09152136,0.0,0.6139172
0.2553596,0.0,0.39396894
0.7137033,0.0,0.082494035
0.074755244,0.0,0.5283795
0.15587716,0.0,0.4000539
0.55370235,0.0,0.00197257
0.19529264,0.0,0.49453855
0.5598545,0.0,0.053403914
0.94931364,0.0,0.0007052687
0.45221883,0.0,0.42719457
0.4906987,0.0,0.17684084
0.88843983,0.0,0.07231738
0.73352957,0.0,0.024002267
0.59848297,1.0,0.078724004
0.5090185,1.0,0.0032119176
0.43266815,1.0,0.010325203
0.8873278,1.0,0.09485088
0.84280014,1.0,0.003314512
0.67389184,1.0,0.00556313
0.89973605,0.0,0.00035067223
0.5205454,1.0,0.00020295463
0.8561466,1.0,0.011703981
0.38366225,0.0,0.0
0.59915787,0.0,0.014037371
0.7404657,0.0,0.013485193
0.91050065,0.0,0.00024604658
0.7075528,0.0,0.0
0.48017558,0.0,0.048324503
0.84607375,0.0,0.0
0.89775527,0.0,0.00043211505
0.6936201,0.0,0.0029369046
0.63331807,0.0,0.0038874755
0.86205155,0.0,0.00028667014
0.92620057,0.0,0.0
0.71806633,0.0,0.0030734274
0.91895425,0.0,0.037345067
0.53941995,0.0,0.24874811
0.70689875,0.0,0.054051295
0.206558,0.0,0.49541602
0.3827371,0.0,0.44194815
0.25503272,0.0,0.67682594
0.582882,0.0,0.29370582
0.37962243,0.0,0.3305493
0.32391942,0.0,0.20807894
0.14484076,0.0,0.19443336
0.7150487,0.0,0.0028159996
0.8760768,0.0,0.00093748904
0.81938255,0.0,0.026542999
0.5669943,0.0,0.045824513
0.6592344,0.0,0.0
0.9337357,0.0,0.00057926733
0.9282732,0.0,0.03185917
0.76791674,0.0,0.087962545
0.9071093,0.0,0.09249283
0.63132143,0.0,0.093207695
0.6824111,0.0,0.39937386
0.569965,0.0,0.71846926
0.58090585,0.0,0.4712699
0.2775368,0.0,0.008066797
0.37614363,1.0,0.18246457
0.85785,1.0,0.45299602
0.9020242,0.0,0.12153459
0.83800787,1.0,0.0029352803
0.7113848,1.0,0.40459818
0.9244781,1.0,0.0036100307
0.98245734,1.0,0.0
0.919283,1.0,0.23751198
0.8758838,1.0,0.08185553
0.9311607,0.0,0.034005992
0.7017046,0.0,0.12511788
0.944702,0.0,0.00033209403
0.91993403,0.0,0.0
0.6652558,0.0,0.20209883
0.62108624,0.0,0.005138807
0.88318485,0.0,0.0005737919
0.6703814,0.0,0.2818926
0.6400711,0.0,0.4483724
0.27917573,0.0,0.32642296
0.6397302,0.0,0.0
0.8753294,0.0,0.00039785545
0.82513577,0.0,0.0
0.7077504,0.0,0.055868465
0.71770406,0.0,0.0069990507
0.44837666,0.0,0.026390696
0.22249565,0.0,0.3510509
0.69451004,0.0,0.3187348
0.42825162,0.0,0.5354202
0.80398184,0.0,0.23927757
0.3875407,0.0,0.64387864
0.5957013,0.0,0.43274754
0.7181055,0.0,0.11033195
0.82433736,0.0,0.0022073013
0.82477164,0.0,0.059961185
0.45786956,0.0,0.057477504
0.888754,0.0,0.045422982
0.37949294,0.0,0.37960178
0.95291954,0.0,0.12580204
0.23436679,0.0,0.33225197
0.3211997,0.0,0.1885741
0.81396776,1.0,0.031463563
0.3943907,1.0,0.2829164
0.50627816,1.0,0.045206092
0.56983984,1.0,0.09742516
0.6101964,0.0,0.53507656
0.23622322,0.0,0.79054976
0.55592823,1.0,0.53621656
0.30618203,0.0,0.5769941
0.8072721,1.0,0.41492915
0.18146868,0.0,0.35478953
0.31400627,1.0,0.5392806
0.33390486,1.0,0.02806724
0.4030915,1.0,0.18485774
0.51456004,1.0,0.12021691
0.473847,1.0,0.6007483
0.46498868,0.0,0.25255552
0.4015067,0.0,0.6831669
0.8112438,0.0,0.2450653
0.20087735,0.0,0.26623207
0.23658149,0.0,0.7120827
0.69720626,0.0,0.27099675
0.40735912,0.0,0.3264876
0.22133432,0.0,0.50854063
0.42875838,0.0,0.61455077
0.38782844,0.0,0.08075112
0.3654833,0.0,0.3583396
0.13943428,0.0,0.76740235
0.20175092,0.0,0.8474193
0.7656088,0.0,0.27962527
0.18724333,0.0,0.62494564
0.1594462,0.0,0.34391913
0.19521376,0.0,0.50016844
0.4966648,0.0,0.023963679
0.10053072,0.0,0.5058957
0.21218632,0.0,0.5615435
0.3691059,0.0,0.06070927
0.28224868,0.0,0.08088979
0.1626069,0.0,0.12145888
0.57921726,0.0,0.2975694
0.81780756,0.0,0.06890408
0.7687565,0.0,0.5563005
0.45979488,0.0,0.35094222
0.86198616,0.0,0.026759382
0.7677009,0.0,0.06129027
0.80729526,0.0,0.11387397
0.86774516,0.0,0.02291604
0.44871795,0.0,0.03871401
0.40020716,0.0,0.36126056
0.35564655,0.0,0.26447558
0.758337,0.0,0.22252683
0.30137005,0.0,0.620949
0.32554457,0.0,0.061222948
0.9413123,0.0,0.0035658083
0.6427091,0.0,0.051034037
0.17975648,0.0,0.020770025
0.7078128,0.0,0.012625357
0.8626655,0.0,0.0
0.2483725,0.0,0.2838465
0.37845042,0.0,0.46929774
0.7423366,0.0,0.14527507
0.38704446,0.0,0.0
0.82098323,0.0,0.0
0.59394836,0.0,0.0014662753
0.84762824,0.0,0.00090127334
0.42354536,0.0,0.004226005
0.8297287,1.0,0.007281101
0.76247656,0.0,0.0026956047
0.84748983,0.0,0.07385915
0.92807454,1.0,0.0
0.75148207,0.0,0.18857701
0.67901915,0.0,0.008556338
0.89757764,0.0,0.0
0.9814249,0.0,0.00061964773
0.89216244,1.0,0.008261468
0.8485817,1.0,0.01552549
0.7060768,0.0,0.00062638
0.1142273,1.0,0.35498592
0.14790404,0.0,0.29903552
0.22213931,0.0,0.059058122
0.539955,0.0,0.0025037625
0.9498487,0.0,0.001064499
0.28340718,0.0,0.22765397
0.44278964,0.0,0.25067627
0.8121093,0.0,0.19821306
0.4453281,0.0,0.20201263
0.7292069,0.0,0.2351176
0.45917684,1.0,0.4883985
0.7057128,1.0,0.4751493
0.7586799,1.0,0.09298237
0.96364504,1.0,0.21363932
0.9920208,1.0,0.07095511
0.9604884,1.0,0.0
0.97383434,1.0,0.0073621455
0.96344346,0.0,0.01353488
0.81038713,0.0,0.0060528703
0.5602897,0.0,0.0016194232
0.9486962,0.0,0.0
0.18990698,0.0,0.0
0.887133,0.0,0.008378005
0.6652681,0.0,0.00083925383
0.5498887,0.0,0.5242823
0.18071777,0.0,0.28114066
0.112484604,0.0,0.7707261
0.26388985,0.0,0.6211284
0.7233782,0.0,0.093822554
0.37374142,0.0,0.29097182
0.4173622,0.0,0.10364899
0.49403724,0.0,0.0010204571
0.40043488,0.0,0.0752596
0.84043694,0.0,0.0
0.66314006,0.0,0.014171448
0.836631,0.0,0.005615447
0.9114247,0.0,0.022408703
0.8927242,1.0,0.028149322
0.6927995,0.0,0.104588665
0.4092498,0.0,0.38191724
0.7390372,1.0,0.36448768
0.9621477,1.0,0.0018164624
0.70318186,0.0,0.16227998
0.3922624,0.0,0.29926196
0.41056028,0.0,0.5099384
0.7621705,0.0,0.0
0.6471992,0.0,0.07179372
0.94798386,0.0,0.005471935
0.24294855,0.0,0.1569075
0.9852749,0.0,0.0
0.30301496,0.0,0.06917197
0.8518135,0.0,0.06703763
0.31771138,0.0,0.33501688
0.71893823,0.0,0.5768114
0.9145206,0.0,0.2666337
0.775891,0.0,0.12803169
0.9640728,0.0,0.13629696
0.7492667,0.0,0.20386517
0.9490218,0.0,0.00039878045
0.91001385,0.0,0.03297033
0.9134388,0.0,0.33491832
0.963986,1.0,0.24519244
0.89929575,0.0,0.007356581
0.96984315,0.0,0.055330325
0.85951835,0.0,0.0
0.9423193,0.0,2.5197303e-05
0.7358106,0.0,0.27008814
0.82668287,0.0,0.01420624
0.7087859,0.0,0.20442966
0.5342525,0.0,0.40451714
0.4543828,0.0,0.9385453
0.3668883,0.0,1.0
0.2680796,0.0,0.47471568
0.6322002,0.0,0.43252975
0.5426035,0.0,0.23567708
0.32927144,0.0,0.65874916
0.29949236,0.0,0.5884787
0.32678285,0.0,0.23382503
0.5095319,0.0,0.4578423
0.4207357,0.0,0.61549133
0.45802405,0.0,0.56233335
0.4243713,0.0,0.40052778
0.56341195,0.0,0.47150302
0.5907165,0.0,0.30066583
0.37931457,0.0,0.33555427
0.53188056,0.0,0.10301779
0.46265423,0.0,0.30356786
0.15064204,0.0,0.15556887
0.13704835,0.0,0.40382987
0.07940788,0.0,0.248979
0.7229359,0.0,0.0
0.16721198,0.0,0.37500185
0.19395642,0.0,0.5821192
0.71368855,0.0,0.02156088
0.18402338,0.0,0.3725288
0.26369134,1.0,0.6700771
0.70893633,1.0,0.26412308
0.7322834,0.0,0.0224741
0.39411306,0.0,0.42150518
0.2178121,0.0,0.40078324
0.9556918,0.0,0.0
0.8994455,0.0,0.0993501
0.18329293,0.0,0.68404216
0.19209355,0.0,0.15286653
0.18348035,0.0,0.40377778
0.7641807,0.0,0.26396298
0.71330684,0.0,0.0
0.79398626,0.0,0.1748053
0.39403492,0.0,0.4629732
0.7624257,0.0,0.06739343
0.87090594,0.0,0.0
0.351342,0.0,0.3300879
0.4847401,0.0,0.397836
0.864153,0.0,0.080901206
0.9475366,0.0,0.0077296426
0.44666433,0.0,0.5612377
0.55341935,1.0,0.481801
0.39396685,1.0,0.29387146
0.89295876,1.0,0.7199022
0.93704325,1.0,0.19781256
0.164662,0.0,0.1096079
0.73519397,1.0,0.17780401
0.9450057,1.0,0.096449405
0.9139784,0.0,0.0
0.6761822,0.0,0.14004196
0.93074435,0.0,0.0
0.8183823,0.0,0.10579865
0.3189981,0.0,0.23774412
0.19992533,0.0,0.20997542
0.9816381,0.0,0.0077141635
0.6319795,0.0,0.27499175
0.25473392,0.0,0.44205192
0.5232031,0.0,0.00441551
0.18866369,0.0,0.40221563
0.19114676,0.0,0.3647731
0.3738535,0.0,0.09174883
0.2343008,0.0,0.42792884
0.2981338,0.0,0.213762
0.0973026,0.0,0.68015486
0.10453009,0.0,0.36224747
0.3691375,0.0,0.42796034
0.533092,0.0,0.0865877
0.1850578,0.0,0.16146022
0.19968785,0.0,0.40507782
0.4294674,0.0,0.22738956
0.7337776,0.0,0.0
0.29495427,0.0,0.49667856
0.17692249,0.0,0.47691426
0.9627252,0.0,0.039527267
0.6673593,0.0,0.12637304
0.14427096,0.0,0.2961602
0.5249074,0.0,0.20481223
0.5513118,0.0,0.061960656
0.94575536,0.0,0.008013614
0.057318196,0.0,0.32242134
0.06129333,0.0,0.33522767
0.12834795,1.0,0.4254936
0.6167914,1.0,0.07909457
0.22408831,1.0,0.70373577
0.38807952,0.0,0.31495318
0.57341933,1.0,0.33225858
0.8820462,1.0,0.056303825
0.5971972,1.0,0.43255892
0.747852,1.0,0.13464548
0.69243616,1.0,0.36158437
0.2707041,1.0,0.5818695
0.2567662,1.0,0.50884515
0.6499292,0.0,0.072481975
0.6725134,1.0,0.1672929
0.1756208,0.0,0.27150244
0.35893333,0.0,0.5279639
0.80274826,0.0,0.027547605
0.2613405,0.0,0.3731139
0.09933769,0.0,0.55062735
0.5753564,0.0,0.3594536
0.80795974,0.0,0.075931154
0.15745153,0.0,0.38998947
0.106475525,0.0,0.38010317
0.5055119,0.0,0.0933199
0.33556435,0.0,0.4973412
0.28383073,0.0,0.34697247
0.22035407,0.0,0.35321885
0.56306565,0.0,0.074682765
0.7775467,0.0,0.011493536
0.35988507,0.0,0.38208842
0.18757199,0.0,0.57737815
0.6440778,0.0,0.012939101
0.49692807,0.0,0.051165625
0.21367171,0.0,0.34414604
0.7544776,1.0,0.4125791
0.94134617,0.0,0.0013445776
0.92536634,0.0,0.16679569
0.25264674,0.0,0.3034216
0.7269935,1.0,0.31178546
0.9314017,0.0,0.0032708577
0.7894254,1.0,0.30785102
0.36310363,1.0,0.5831508
0.6923727,1.0,0.3520483
0.935412,1.0,0.02205759
0.90110856,0.0,0.07284744
0.21031101,0.0,0.3220855
0.5134694,1.0,0.34267202
0.93570065,0.0,0.0
0.7233003,1.0,0.18069977
0.5897807,1.0,0.6033206
0.77511,0.0,0.108856775
0.14456533,0.0,0.73373026
0.49530873,0.0,0.39247867
0.86615276,0.0,0.027019538
0.42887172,0.0,0.44296378
0.27949104,0.0,0.3781378
0.7864577,0.0,0.12257793
0.4891774,0.0,0.11006981
0.13112135,0.0,0.368951
0.23152956,0.0,0.5375432
0.23934577,0.0,0.690258
0.12368089,0.0,1.0
0.36437717,0.0,0.7405213
0.60789007,0.0,0.29685947
0.5989083,0.0,0.43147236
0.37957478,0.0,0.4139587
0.5234688,0.0,0.61151075
0.8587865,0.0,0.21330808
0.091254525,0.0,0.25010803
0.6202096,0.0,0.12732172
0.32704204,0.0,0.58079493
0.16636696,0.0,0.5928386
0.9101153,0.0,0.10627803
0.2319036,0.0,0.24009342
0.25323427,0.0,0.6263242
0.4609019,0.0,0.14922595
0.77782685,0.0,0.0
0.16198401,0.0,0.294482
0.30034935,0.0,0.42288944
0.79419494,0.0,0.04146968
0.4921769,0.0,0.06647514
0.2855097,0.0,0.47532445
0.8129375,0.0,0.29384357
0.9255435,0.0,0.17232613
0.47669345,0.0,0.6825418
0.38247025,0.0,0.45744953
0.5281565,0.0,0.68647254
0.3250894,0.0,0.08666665
0.19472398,0.0,0.7849177
0.8322228,0.0,0.22175346
0.3268417,0.0,0.4678052
0.5036205,0.0,0.23175052
0.23354894,0.0,0.7037374
0.33235213,1.0,0.3523858
0.31836027,0.0,0.0761
0.3542381,0.0,0.24074209
0.48551574,1.0,0.47153464
0.6679551,1.0,0.21074098
0.7692467,1.0,0.0818073
0.37840912,1.0,0.5428311
0.43371588,1.0,0.0814731
0.6900666,1.0,0.7048293
0.48642707,1.0,0.48542443
0.26768202,0.0,0.5303386
0.4611859,0.0,0.16113302
0.4886175,0.0,0.01898541
0.14879929,0.0,0.41334128
0.08040812,0.0,0.7326552
0.30783248,0.0,0.35886788
0.14689627,0.0,0.57032603
0.34069926,0.0,0.66100734
0.32169816,0.0,0.22653465
0.48798406,0.0,0.11986688
0.7987012,0.0,0.02380006
0.2772923,0.0,0.25446767
0.5188998,1.0,0.075063825
0.82258797,0.0,0.09337856
0.5539923,0.0,0.018505458
0.78555685,0.0,0.00014953256
0.32775673,0.0,0.38896248
0.6461028,0.0,0.18766433
0.21597329,0.0,0.5663449
0.11752971,0.0,0.8082019
0.49159572,0.0,0.3310718
0.2334925,0.0,0.8416503
0.2111202,1.0,0.5122751
0.6394382,1.0,0.14045389
0.46858758,1.0,0.19774629
0.3290723,1.0,0.37607193
0.8373025,0.0,0.25095448
0.8055485,1.0,0.015620846
0.94323546,0.0,0.0
0.9454941,0.0,0.0
0.8389413,0.0,0.10064649
0.56082237,0.0,0.07756941
0.45222217,0.0,0.59540784
0.37474087,0.0,0.39850435
0.31111482,0.0,0.7149961
0.37728286,0.0,0.63731617
0.47834364,0.0,0.102807015
0.8807028,0.0,0.06234869
0.88454324,0.0,0.026587129
0.9764162,0.0,0.1066318
0.88505423,0.0,0.0022319383
0.23446609,0.0,0.27865952
0.56877106,1.0,0.28833807
0.29932165,1.0,0.44839
0.5119203,1.0,0.122256234
0.27533007,1.0,0.510042
0.5187823,0.0,0.42779708
0.94727105,1.0,0.007903918
0.80600965,0.0,0.14990838
0.74701834,0.0,0.2927153
0.9420597,0.0,0.042112064
0.51857513,0.0,0.27387285
0.5437791,0.0,0.37981635
0.27572837,0.0,0.72537726
0.04687761,0.0,0.3960992
0.16814049,0.0,1.0
0.17747955,0.0,0.66964483
0.1960988,0.0,0.47747198
0.16760753,0.0,0.5515007
0.33495998,0.0,0.4143425
0.1317904,0.0,0.3985587
0.14494476,0.0,0.45673934
0.16365536,0.0,0.43636796
0.44180775,0.0,0.6279837
0.16141415,0.0,0.47009367
0.327038,0.0,0.335563
0.2832338,0.0,0.44040003
0.2873755,0.0,0.6168521
0.27470466,0.0,0.16962625
0.6403723,0.0,0.20791826
0.44518912,0.0,0.4366172
0.6391936,0.0,0.36359066
0.82089657,0.0,0.0
0.7164537,0.0,0.17467812
0.21265589,0.0,0.59084934
0.2429036,0.0,0.35955587
0.71287006,0.0,0.0
0.41273338,0.0,0.28732732
0.25784746,0.0,0.65108764
0.036663916,0.0,0.2386597
0.4354906,0.0,0.1480152
0.3746388,0.0,0.32486358
0.19069847,0.0,0.5618586
0.490858,0.0,0.0
0.8771277,0.0,0.0302437
0.21244171,0.0,0.46456796
0.12622772,0.0,0.16033633
0.4484874,0.0,0.00046234205
0.52569276,0.0,0.24870037
0.1332437,0.0,0.51248103
0.31660306,0.0,0.21246253
0.09180645,0.0,0.64251596
0.60268825,0.0,0.11918092
0.6381871,0.0,0.10040918
0.041243374,0.0,0.52762836
0.17487462,0.0,0.45362994
0.11302999,0.0,0.30776024
0.24454895,0.0,0.3082516
0.078433,0.0,0.28026006
0.03295947,0.0,0.23403166
0.8822301,0.0,0.0
0.6552929,0.0,0.0
0.2260676,0.0,0.4442416
0.60772717,0.0,0.093629874
0.67660075,0.0,0.0058585936
0.5521558,0.0,0.35705155
0.27106526,0.0,0.64598066
0.7747326,0.0,0.18154891
0.16490984,0.0,0.42999354
0.13433495,0.0,0.5505536
0.93509257,0.0,0.07968544
0.08784282,0.0,0.37725374
0.26811218,0.0,0.24901502
0.69605845,0.0,0.37025076
0.5341959,0.0,0.03601242
0.8302383,0.0,0.0075877905
0.4621768,0.0,0.0
0.7413506,0.0,0.31686482
0.8548987,0.0,0.0040956708
0.8109067,0.0,0.000905892
0.6575958,0.0,0.0072218473
0.3637658,0.0,0.322887
0.1967459,1.0,0.60090286
0.112494536,0.0,0.4529406
0.13200426,0.0,0.69747615
0.75193715,0.0,0.21830316
0.45027572,0.0,0.0
0.6734355,0.0,0.31893536
0.22145188,0.0,0.2945852
0.6994405,0.0,0.0
0.88642913,0.0,0.038226813
0.4737789,0.0,0.5186301
0.5226491,0.0,0.09460786
0.5078267,0.0,0.0002550048
0.89029294,0.0,0.009414068
0.37717807,0.0,0.2852728
0.5299973,0.0,0.21522847
0.26392278,0.0,0.009066601
0.095447265,0.0,0.45731008
0.8704841,0.0,0.019239496
0.08917161,0.0,0.4868759
0.057683256,0.0,0.6960274
0.5909727,0.0,0.2473059
0.093374886,0.0,0.19561785
0.9196609,0.0,0.0061419113
0.8978578,0.0,0.003966386
0.1791152,0.0,0.38865405
0.77068657,0.0,0.0
0.95277363,0.0,0.0
0.86425304,0.0,0.1776398
0.12537558,0.0,0.28101566
0.77040654,0.0,0.0003086954
0.9235954,1.0,0.018097946
0.46904367,0.0,0.35004166
0.49915457,0.0,0.1193023
0.9279865,0.0,0.004184561
0.86271334,1.0,0.40958932
0.9198957,1.0,0.23545514
0.7842714,1.0,0.054219797
0.47301123,1.0,0.71244735
0.77383906,1.0,0.44873527
0.60428995,1.0,0.59160745
0.75913644,1.0,0.4984808
0.6255856,0.0,0.20186749
0.9904128,1.0,0.16514957
0.5948674,1.0,0.21371162
0.89714086,0.0,0.18522933
0.9812532,0.0,0.00063363335
0.94561785,0.0,0.0
0.6717235,1.0,0.2947105
0.88305163,0.0,0.18677074
0.9085343,0.0,0.0
0.6107324,0.0,0.0
0.16744182,0.0,0.38590732
0.4811865,0.0,0.23262872
0.559423,0.0,0.009310325
0.6018644,0.0,0.114472784
0.09291268,0.0,0.72501975
0.14470683,0.0,0.099645115
0.16806269,0.0,0.7043876
0.115843296,0.0,0.6325336
0.35531104,0.0,0.4019481
0.45883507,0.0,0.04920655
0.17893036,0.0,0.48533693
0.4208755,0.0,0.30807617
0.102615945,0.0,0.21795493
0.6713521,1.0,0.5096769
0.61942804,0.0,0.022311613
0.8246832,0.0,0.0
0.9656321,1.0,0.19242461
0.97408414,1.0,0.39326108
0.98330116,0.0,0.0
0.825774,0.0,0.0
0.98245275,1.0,0.18482633
0.8488725,1.0,0.09335375
0.7363261,0.0,0.0
0.9902118,1.0,0.13915567
0.8922524,1.0,0.48488566
0.6988394,0.0,0.012520695
0.2986176,1.0,0.11996396
0.8892568,1.0,0.3718537
0.31734788,1.0,0.11794567
0.43527249,0.0,0.03861851
0.47892702,1.0,0.25921935
0.643854,1.0,0.29880896
0.01912749,1.0,0.7235463
0.513845,1.0,0.6442571
0.7846711,1.0,0.19058971
0.10842142,1.0,0.7105768
0.056124832,1.0,0.6568738
0.09809033,0.0,0.35295346
0.7894747,1.0,0.13441922
0.16919787,0.0,0.32370514
0.6889139,0.0,0.21621743
0.08182498,0.0,0.6130795
0.20136686,1.0,0.54772437
0.92762464,0.0,0.009357936
0.79253966,0.0,0.11101033
0.59083277,0.0,0.41737053
0.69494295,1.0,0.4316483
0.88558215,1.0,0.022179065
0.5578785,1.0,0.38210386
0.17493919,1.0,0.52486223
0.88794684,1.0,0.23818044
0.7646074,0.0,0.10161804
0.3544437,0.0,0.48044893
0.1726212,0.0,0.8432988
0.17427823,0.0,0.29804432
0.6222028,0.0,0.42373073
0.91772354,0.0,0.13157758
0.07773078,0.0,0.39624146
0.12656756,0.0,0.41714168
0.082066245,0.0,0.5138955
0.65110373,0.0,0.15794311
0.8460726,0.0,0.0
0.53973967,0.0,0.42597252
0.36711138,0.0,0.37961346
0.8514837,0.0,0.0026886435
0.6461761,0.0,0.0702145
0.36093777,0.0,0.30386955
0.84717447,0.0,0.21760356
0.93966746,0.0,0.0
0.3993424,0.0,0.37179568
0.45436686,0.0,0.6217543
0.36951438,0.0,0.4569485
0.30295506,0.0,0.40071267
0.90252054,1.0,0.066276364
0.5481005,1.0,0.60429496
0.8533142,1.0,0.36883023
0.39773357,1.0,0.32155
0.35445717,0.0,0.5841065
0.53241706,0.0,0.41989076
0.6137518,0.0,0.5804508
0.5619509,0.0,0.57983714
0.53176534,0.0,0.61183506
0.6120122,0.0,0.17861463
0.7357781,0.0,0.4081219
0.7254071,0.0,0.0
0.4315312,0.0,0.36582372
0.3383873,0.0,0.15718669
0.36498436,0.0,0.6478493
0.6188575,0.0,0.06072004
0.32886857,0.0,0.50787395
0.41057307,0.0,0.67343247
0.7265084,0.0,0.123701476
0.5499716,0.0,0.5407209
0.56552726,0.0,0.44515616
0.28233245,0.0,0.51334727
0.585391,0.0,0.026819158
0.6622434,0.0,0.12642393
0.3106826,1.0,0.6137786
0.34312296,0.0,0.29157278
0.7092257,0.0,0.008013342
0.56700355,0.0,0.41691536
0.33606553,0.0,0.51972413
0.44136882,0.0,0.49590415
0.5722984,0.0,0.3425881
0.42360342,0.0,0.10822179
0.4992021,0.0,0.0
0.25801152,0.0,0.26792422
0.9447718,0.0,0.0034687482
0.5309858,0.0,2.6742198e-05
0.22129542,0.0,0.18029067
0.15380436,0.0,0.2968384
0.93445593,0.0,0.007666524
0.5354047,0.0,0.0
0.11677486,0.0,0.47305176
0.21010023,0.0,0.5253599
0.7557157,0.0,0.0
0.31743845,0.0,0.3013342
0.1737443,0.0,0.47165558
0.22753079,0.0,0.36807013
0.08480486,0.0,0.5707029
0.42626488,0.0,0.034574043
0.25517267,0.0,0.6075092
0.6298426,0.0,0.10582112
0.9020579,0.0,0.011145866
0.5902969,0.0,0.40185848
0.11236686,0.0,0.13260764
0.86535054,0.0,0.0
0.83590895,0.0,0.30158043
0.28957006,0.0,0.45355636
0.42161208,0.0,0.22646981
0.9145671,0.0,0.0
0.80824155,0.0,0.003331983
0.27570453,0.0,0.1337107
0.25298142,0.0,0.04292526
0.82930326,0.0,0.0
0.18361792,0.0,0.09318758
0.13313833,0.0,0.55832213
0.31257704,0.0,0.09798124
0.07653358,0.0,0.6507586
0.14225794,0.0,0.38964215
0.882276,0.0,0.0
0.38526613,0.0,0.11856888
0.11231772,0.0,0.54036343
0.277578,0.0,0.22459982
0.9411321,1.0,0.14489788
0.49890947,1.0,0.4178856
0.49272704,1.0,0.5133283
0.7377208,1.0,0.5002072
0.8957769,1.0,0.10891471
0.34898725,0.0,0.041831158
0.408734,1.0,0.3473992
0.65330094,1.0,0.13458663
0.90047884,0.0,0.0
0.4070429,0.0,0.49926838
0.7841404,1.0,0.6167193
0.6248906,0.0,0.101402186
0.46085683,1.0,0.482795
0.8897879,0.0,0.09535385
0.7394121,0.0,0.0
0.53060144,1.0,0.37698856
0.8239929,1.0,0.105674
0.51804405,1.0,0.69472253
0.3896605,1.0,0.6979241
0.42888334,0.0,0.6270534
0.532792,0.0,0.15858519
0.31983623,0.0,0.29163745
0.6147255,0.0,0.2822713
0.39720646,0.0,0.570954
0.28179434,1.0,0.8451642
0.6053988,0.0,0.3189353
0.50863487,1.0,0.22558972
0.5733379,1.0,0.1680224
0.8553738,1.0,0.11576016
0.8197857,0.0,0.14285818
0.9307831,0.0,0.07126155
0.7064775,0.0,0.03583085
0.8218875,0.0,0.04793552
0.63027877,0.0,0.44781762
0.49352974,0.0,0.4819648
0.58537763,0.0,0.27743065
0.9460102,0.0,0.09954566
0.52809435,0.0,0.6597409
0.3349233,0.0,0.48129493
0.52424765,0.0,0.6470321
0.6642058,0.0,0.019184537
0.56568044,0.0,0.29250577
0.92553025,0.0,0.08002306
0.8354805,0.0,0.051032495
0.23501104,0.0,0.23524399
0.642425,0.0,0.008110315
0.28482354,0.0,0.4006737
0.31774467,0.0,0.06197421
0.7514132,0.0,0.034729343
0.38499337,0.0,0.068576045
0.71910566,0.0,0.0
0.8979256,0.0,0.0
0.7432954,0.0,0.03766073
0.5858235,0.0,0.0
0.26617402,0.0,0.455711
0.88072604,0.0,0.233223
0.7888934,0.0,0.096568756
0.95604223,0.0,0.16210988
0.6411944,0.0,0.39928794
0.87877566,0.0,0.20237668
0.7614857,0.0,0.3702109
0.8903123,0.0,0.8197432
0.6304387,0.0,0.5412905
0.66003066,0.0,0.7661752
0.5319874,0.0,0.5072932
0.8373219,0.0,0.09298214
0.9044611,0.0,0.0
0.9094293,0.0,0.09027319
0.73888993,0.0,0.008375504
0.31051296,0.0,0.39653268
0.8087779,0.0,0.0
0.37106904,0.0,0.42460704
0.49308422,1.0,0.21368818
0.3730498,0.0,0.1224817
0.37762198,0.0,0.7927616
0.42278734,0.0,0.73412484
0.8503874,0.0,0.27818382
0.24577029,0.0,0.20963939
0.80031437,0.0,0.032474548
0.75004214,0.0,0.0058854865
0.7823832,0.0,0.07121507
0.88719076,0.0,0.0050227726
0.32215172,0.0,0.3939318
0.75560844,0.0,0.008127052
0.37267768,0.0,0.22403026
0.6687025,0.0,0.73224616
0.5627454,0.0,0.8200751
0.42419407,0.0,0.12460435
0.41119218,0.0,0.12586226
0.9138429,0.0,0.0064184177
0.7485107,0.0,0.00776132
0.9667845,0.0,0.0026866214
0.2145522,0.0,0.011128532
0.47172022,0.0,0.0
0.2453061,0.0,0.08800763
0.29439616,0.0,0.028190976
0.14412457,0.0,0.18034911
0.84094095,0.0,0.06416977
0.64397895,0.0,0.00954234
0.8575546,0.0,0.011469441
0.5285451,0.0,0.029284777
0.67739034,0.0,0.21546942
0.43298018,0.0,0.29599914
0.6483958,0.0,0.6202716
0.2821231,0.0,0.77995104
0.31132898,0.0,0.77187985
0.48002073,0.0,0.27844197
0.3610209,0.0,0.59309536
0.73498595,0.0,0.49679244
0.42922163,0.0,0.10481466
0.32515723,0.0,0.7910273
0.75141335,0.0,0.0950362
0.22984,0.0,0.44276786
0.2801929,0.0,0.12408576
0.47609606,0.0,0.5111218
0.74328655,0.0,0.13196011
0.4124978,0.0,0.66476715
0.46110985,0.0,0.22007807
0.50292087,0.0,0.019757409
0.51624405,0.0,0.5404273
0.58954245,0.0,0.39541867
0.84678584,0.0,0.061481506
0.4792268,0.0,0.21632391
0.63670254,0.0,0.42845595
0.86718786,0.0,0.25192276
0.6736617,0.0,0.5773381
0.76682585,0.0,0.11418938
0.4247187,0.0,0.5534724
0.53681886,0.0,0.8185822
0.27009743,0.0,0.18036467
0.47147915,0.0,0.61322796
0.66793036,0.0,0.37411296
0.30452228,0.0,0.5841532
0.51718265,0.0,0.72573787
0.28311646,0.0,0.6454973
0.38960287,0.0,0.8423085
0.6697958,0.0,0.71165115
0.781786,0.0,0.048132665
0.55664057,0.0,0.30850902
0.73774904,0.0,0.0
0.6624739,0.0,0.09310113
0.5599202,0.0,0.00035438736
0.8354992,0.0,0.17429918
0.50794554,0.0,0.0028020302
0.606357,0.0,0.08940846
0.85436016,0.0,0.41072825
0.3625713,0.0,0.4044942
0.63052976,0.0,0.3091799
0.37304938,0.0,0.35484695
0.23218407,0.0,0.14192016
0.700106,0.0,0.12041738
0.5404267,0.0,0.46067286
0.700081,0.0,0.07020676
0.39068627,0.0,0.27402732
0.9539649,0.0,0.019609658
0.56693834,0.0,0.011975921
0.6448294,0.0,0.5517415
0.6011269,0.0,0.17228048
0.63158554,0.0,0.46888223
0.9646614,0.0,0.0030514565
0.7214566,0.0,0.3104629
0.92594224,0.0,0.108551085
0.34849328,0.0,0.2571949
0.71260333,0.0,0.07416196
0.85315466,0.0,0.014060996
0.57587653,0.0,0.55291444
0.3550626,0.0,0.2532153
0.29821402,0.0,0.18737759
0.15175973,0.0,0.6310641
0.5075341,0.0,0.48580602
0.77622586,0.0,0.5328052
0.55866814,0.0,0.3665363
0.683409,0.0,0.5732587
0.786435,0.0,0.12042722
0.83564746,0.0,0.37220648
0.7990998,0.0,0.009165302
0.6410181,0.0,0.2714864
0.9272239,0.0,0.030646134
0.8758369,0.0,0.12173461
0.8139263,0.0,0.016592301
0.86845326,0.0,9.765219e-05
0.42869654,0.0,0.1417113
0.81978184,0.0,0.065196656
0.25968158,0.0,0.30642405
0.21740144,0.0,0.5712484
0.19880287,0.0,0.6016732
0.77269834,0.0,0.008742858
0.5765246,0.0,0.21927069
0.49025396,0.0,0.516375
0.7017071,0.0,0.39374456
0.82569575,0.0,0.073994786
0.3099194,0.0,0.037892647
0.23375608,0.0,0.81992394
0.6400544,0.0,0.5332755
0.8855295,0.0,0.042922053
0.6444104,0.0,0.17775533
0.5512075,0.0,0.0
0.55012006,0.0,0.0139817055
0.84935343,0.0,0.0
0.82191336,0.0,0.0
0.9353974,0.0,0.0
0.7957396,0.0,0.0102708135
0.8799785,0.0,0.26205558
0.83682364,0.0,0.048778027
0.5886592,0.0,0.28372812
0.8779889,0.0,0.048986305
0.923951,0.0,0.0
0.9601907,0.0,0.0071505373
0.7365108,0.0,0.0067051267
0.5352693,0.0,0.14569026
0.8017525,0.0,0.059977006
0.92962813,0.0,0.0008502454
0.6843657,0.0,0.1012566
0.5397587,0.0,0.5389928
0.742011,0.0,0.36728546
0.73055583,0.0,0.20616403
0.42818332,0.0,0.7804621
0.82573617,0.0,0.216119
0.42967504,0.0,0.16239725
0.2907253,0.0,0.15707237
0.9528032,0.0,0.14795287
0.8690782,0.0,0.0039399522
0.91804695,0.0,0.059441715
0.6878982,0.0,0.0016870826
0.8709631,0.0,0.0
0.9015206,0.0,0.0014036401
0.8766772,0.0,0.0
0.6729192,1.0,0.43583858
0.7666592,1.0,0.40383708
0.5876417,1.0,0.46583083
0.48097554,1.0,0.4509703
0.8350011,0.0,0.020612897
0.87586075,0.0,0.07013211
0.9063204,0.0,0.00027685077
0.9318208,0.0,0.029509615
0.89427626,0.0,0.0004119856
0.9191786,0.0,0.047855664
0.7979069,0.0,0.1659736
0.9541441,0.0,0.3369269
0.778651,0.0,0.7468752
0.841595,0.0,0.2034686
0.7307849,0.0,0.08471724
0.8154692,0.0,0.06590506
0.7508694,1.0,0.52323335
0.8781207,1.0,0.5045595
0.8277518,1.0,0.20094639
0.71543497,0.0,0.04624184
0.75269073,1.0,0.62884307
0.67829573,1.0,0.6411328
0.8992616,0.0,0.0930522
0.3645283,1.0,0.22685711
0.8041482,0.0,0.20186749
0.72553974,0.0,0.0077767423
0.31177747,0.0,0.41623437
0.919105,0.0,0.10994143
0.6852792,0.0,0.18363616
0.35748878,0.0,0.5861724
0.78052795,0.0,0.34830564
0.4516804,0.0,0.81136125
0.6247977,0.0,0.7584706
0.93417025,0.0,0.16687775
0.6843558,0.0,0.100875266
0.8272622,0.0,0.06697334
0.80303717,0.0,0.019356353
0.61724395,0.0,0.06484988
0.9687673,0.0,0.00021972154
0.44951537,0.0,0.012058233
0.8818108,0.0,0.009230581
0.5102446,0.0,0.36607674
0.45717695,0.0,0.14527197
0.9647075,0.0,0.0014320347
0.5984345,0.0,0.17020857
0.87324744,0.0,0.026556002
0.44654915,0.0,0.31950593
0.23891778,0.0,0.74924225
0.16262737,0.0,0.52817154
0.3072485,0.0,0.5261659
0.8363368,0.0,0.010042818
0.11051836,0.0,0.66017884
0.42725432,0.0,0.20790909
0.25477865,0.0,0.4588833
0.14413428,0.0,0.8104255
0.5498025,0.0,0.5606907
0.6870746,0.0,0.045727003
0.7075367,0.0,0.11555478
0.47007897,0.0,0.3695092
0.5637315,0.0,0.46079928
0.13810478,0.0,0.009410834
0.66427773,0.0,0.10497138
0.83209026,0.0,0.004868212
0.7794858,0.0,0.110004745
0.9394434,0.0,0.0
0.7208879,0.0,0.037980553
0.72136176,0.0,0.013783102
0.34584114,0.0,0.2000845
0.4083113,0.0,0.31253368
0.26238626,0.0,0.17145124
0.85126716,0.0,0.08369579
0.8995519,0.0,0.00573458
0.88353014,0.0,0.17820713
0.8454862,0.0,0.005996703
0.2575913,0.0,0.22748682
0.1368747,0.0,0.32315785
0.23461246,0.0,0.22265948
0.79638284,0.0,0.0
0.59070975,0.0,0.09846382
0.30227548,0.0,0.513183
0.2752916,0.0,0.2023318
0.9260019,0.0,0.00819363
0.8211088,0.0,0.044235263
0.2709083,0.0,0.36763236
0.52832824,0.0,0.19979818
0.8871235,0.0,0.0
0.5821033,0.0,0.18728136
0.2554667,0.0,0.6074569
0.7357571,0.0,0.29192042
0.93395704,0.0,0.026325835
0.5243389,0.0,0.6516358
0.36307973,0.0,0.7088964
0.72011924,0.0,0.5758287
0.45902288,0.0,0.5172402
0.48817343,0.0,0.50286275
0.22484896,0.0,0.49139985
0.46891144,0.0,0.24360509
0.32394555,0.0,0.6875799
0.6636648,0.0,0.3234474
0.60463995,0.0,0.27342972
0.47266075,0.0,0.70355946
0.52717245,0.0,0.4622582
0.9250446,0.0,0.07368499
0.39013687,0.0,0.4279284
0.3827132,0.0,0.20044675
0.85928243,0.0,0.0035525754
0.43850794,0.0,0.047996297
0.2489049,0.0,0.045033935
0.5365791,0.0,0.1497333
0.23916775,0.0,0.7522684
0.6435388,0.0,0.31257355
0.86090976,0.0,0.06609303
0.6073826,0.0,0.40478653
0.6186561,1.0,0.57179135
0.65753394,1.0,0.41495323
0.6372203,1.0,0.6746646
0.58462304,1.0,0.113605715
0.43971083,1.0,0.21840523
0.9048897,1.0,0.13603616
0.6535858,0.0,0.20471875
0.91170084,0.0,0.061065093
0.48901606,0.0,0.0624505
0.093602836,1.0,0.31633222
0.8912246,0.0,0.0
0.1739183,1.0,0.1410495
0.8193319,0.0,0.009710941
0.48267972,0.0,0.107463315
0.77015936,0.0,0.02625127
0.12004817,0.0,0.21603575
0.31102824,0.0,0.6996416
0.45114505,1.0,0.7109033
0.5352564,1.0,0.25000072
0.1534783,1.0,0.39209142
0.89440846,0.0,0.00040810983
0.14118159,1.0,0.20274854
0.8465125,0.0,0.0075695775
0.44138768,1.0,0.10058506
0.5243588,0.0,0.013815578
0.2615531,1.0,0.27837348
0.58110243,0.0,0.004389952
0.7993036,0.0,0.0010398774
0.9008713,1.0,0.0450083
0.70031494,0.0,0.16745473
0.22870015,1.0,0.50920594
0.9157844,0.0,0.2910585
0.38767365,0.0,0.5465647
0.24888974,0.0,0.82439613
0.681837,0.0,0.22189198
0.84001625,0.0,0.08267193
0.5549114,0.0,0.0
0.6773792,0.0,0.0
0.85911524,0.0,0.00016935113
0.818484,0.0,0.0005508636
0.8041838,0.0,0.005624639
0.82426685,0.0,0.08347314
0.42550123,0.0,0.2084032
0.9312402,0.0,0.17089568
0.3884283,0.0,0.8390817
0.51400954,0.0,0.790747
0.7940936,0.0,1.0
0.6707853,0.0,0.7824427
0.66036516,0.0,0.17962989
0.80780995,0.0,0.0027977368
0.98973584,0.0,0.010245366
0.9340702,0.0,0.12776448
0.9731916,0.0,0.0007591488
0.9699181,0.0,0.007370402
0.65911674,0.0,0.0013397892
0.86852723,1.0,0.056568626
0.8451381,0.0,0.0
0.9155855,0.0,0.0
0.9218516,1.0,0.024503984
0.6725927,1.0,0.07869515
0.8229811,0.0,0.01053306
0.7516765,0.0,0.0
0.8886849,0.0,0.002066568
0.7445114,0.0,0.012962373
0.5548398,0.0,0.0
0.1911247,0.0,0.02251254
0.86786646,0.0,0.069235116
0.2823378,0.0,0.47642532
0.193626,0.0,0.5977897
0.47466612,0.0,0.50997895
0.62946343,0.0,0.26079103
0.9333071,0.0,0.0
0.796465,0.0,0.0
0.7492413,0.0,0.016850166
0.83720064,1.0,0.038927518
0.75211203,1.0,0.2879874
0.96491367,0.0,0.039080754
0.7999122,1.0,0.27199012
0.4312997,1.0,0.53868204
0.5576056,1.0,0.5998645
0.47213954,1.0,0.2584903
0.70224226,1.0,0.13691631
0.5161212,0.0,0.0
0.609921,1.0,0.30742368
0.5135588,1.0,0.61622936
0.66111803,0.0,0.23845118
0.33851892,0.0,0.51006746
0.881083,0.0,0.35174882
0.45904216,0.0,0.18698733
0.43345177,0.0,0.19780675
0.6717397,0.0,0.05328137
0.3987091,0.0,0.38898286
0.8899813,0.0,0.44440228
0.8136746,0.0,0.1045941
0.70449495,0.0,0.45289108
0.8430363,0.0,0.0939498
0.8530522,0.0,0.110462405
0.66711867,0.0,0.65848756
0.36954865,0.0,0.5633915
0.95735973,0.0,0.20326638
0.38432342,0.0,0.3304316
0.9074453,0.0,0.06835405
0.66525143,0.0,0.110029265
0.79122317,0.0,0.010901788
0.4063571,0.0,0.0
0.8147101,0.0,0.07120828
0.75898737,0.0,0.070293896
0.61090165,0.0,0.38300294
0.7356689,0.0,0.18092038
0.21077591,0.0,0.43481937
0.226575,0.0,0.70759916
0.38049322,0.0,0.1289998
0.37562615,1.0,0.2969795
0.68479127,0.0,0.1557325
0.34944955,0.0,0.124935836
0.5420784,0.0,0.020614296
0.48162782,0.0,0.0007554017
0.25261033,0.0,0.0062206513
0.65389025,0.0,0.026398815
0.48798162,0.0,0.03816754
0.8782669,0.0,0.01596119
0.13876873,0.0,0.17582181
0.6453195,0.0,0.018346386
0.83027416,0.0,0.34368116
0.16675906,0.0,0.50405794
0.06820985,0.0,0.33427423
0.1762794,0.0,0.17706203
0.16037343,0.0,0.349013
0.14920616,0.0,0.28966874
0.47690275,0.0,0.039309304
0.1628901,0.0,0.051688343
0.5981782,0.0,0.004111069
0.8223503,0.0,0.04671131
0.85223794,0.0,0.0089992145
0.8444917,0.0,0.0078034136
0.95245266,0.0,0.0067766435
0.8327836,0.0,0.052718613
0.7657415,0.0,0.033199195
0.88301444,1.0,0.33262473
0.8293887,0.0,0.005874748
0.82402074,0.0,0.0
0.6695731,1.0,0.16907276
0.826112,0.0,0.0009232939
0.53006935,0.0,0.0022074385
0.9298954,0.0,0.0073453668
0.89972574,0.0,0.16195224
0.95175004,0.0,0.0
0.9700245,0.0,0.011140446
0.91382945,0.0,0.019001953
0.87951905,0.0,0.09166021
0.80252767,0.0,0.047735427
0.9677458,0.0,0.023429606
0.85123634,0.0,0.02120007
0.60494876,0.0,0.042585038
0.9720561,0.0,0.019591438
0.78189826,0.0,0.21142945
0.939698,0.0,0.068437845
0.4594708,0.0,0.06420373
0.32660875,0.0,0.79300845
0.363226,0.0,0.44814107
0.8420693,0.0,0.24137147
0.13390045,0.0,0.48414385
0.5042144,0.0,0.2398291
0.6111406,0.0,0.40254366
0.2593508,0.0,0.55490255
0.87955165,0.0,0.14381729
0.19359386,0.0,0.6732388
0.31687275,0.0,0.29046506
0.77013487,0.0,0.008086688
0.6671198,0.0,0.04296073
0.58654374,0.0,0.010095772
0.67282665,0.0,0.20402086
0.42431223,0.0,0.2681704
0.8126295,0.0,0.0072633172
0.56758726,0.0,0.0039429995
0.82382494,0.0,0.04877083
0.8255841,0.0,0.0014873766
0.852492,0.0,0.019424397
0.93891346,0.0,0.0
0.4693228,0.0,0.0
0.85320437,0.0,0.0104564885
0.719261,0.0,0.0073381457
0.5796791,0.0,0.00971208
0.31572402,0.0,0.299597
0.73630977,0.0,0.00035477598
0.21340597,0.0,0.106123984
0.64794767,0.0,0.021718426
0.478783,0.0,0.015466524
0.6035588,0.0,0.23752995
0.4764377,0.0,0.13127181
0.6325407,1.0,0.6721433
0.40289766,1.0,0.60410553
0.2841576,1.0,0.40971282
0.24373138,1.0,0.45546874
0.7227961,0.0,0.07415257
0.7382086,1.0,0.2933507
0.46271697,0.0,0.24723504
0.8874903,0.0,0.0
0.7682351,0.0,0.43305743
0.45005926,0.0,0.28006712
0.9478813,0.0,0.008905997
0.74843085,0.0,0.0037031593
0.18322626,0.0,0.46223724
0.51149,0.0,0.08031081
0.97328305,0.0,0.0658128
0.7165037,0.0,0.03584003
0.32834932,0.0,0.3430285
0.849848,0.0,0.0034094802
0.87777495,0.0,0.036460623
0.49644983,0.0,0.2329828
0.6539012,0.0,0.24639186
0.5583415,0.0,0.004727354
0.63377666,0.0,0.010003578
0.44342667,0.0,0.36948758
0.6994144,0.0,0.53125226
0.490359,0.0,0.17846948
0.15306005,0.0,0.3757144
0.17293766,0.0,0.3937122
0.39203602,0.0,0.042871546
0.3062177,0.0,0.26954666
0.2450765,0.0,0.5968984
0.4236075,0.0,0.6409704
0.39319935,0.0,0.6245138
0.81465995,0.0,0.03746572
0.31321272,0.0,0.28026918
0.6995118,0.0,0.0109887365
0.18992147,0.0,0.0033425852
0.93465793,0.0,0.055083286
0.8514026,0.0,0.015019025
0.32334432,0.0,0.0
0.4292031,0.0,0.041133914
0.7937917,1.0,0.11049552
0.7254282,1.0,0.027233586
0.27092558,0.0,0.0
0.16554831,0.0,0.0
0.18410526,0.0,0.0
0.8964922,0.0,0.0
0.7813626,0.0,0.006805758
0.5639984,0.0,0.013287476
0.79804933,0.0,0.09894674
0.81025374,0.0,0.023886772
0.6847774,0.0,0.0030523334
0.24184443,0.0,0.2449758
0.4255151,0.0,0.1539204
0.89265203,0.0,0.047577236
0.6576489,0.0,0.15045981
0.64267904,0.0,0.5304834
0.36648184,0.0,0.23085125
0.14694758,0.0,0.78732854
0.26547313,0.0,0.6618022
0.40259305,0.0,0.25543228
0.22345567,0.0,0.30241647
0.62681335,0.0,0.030939927
0.29663852,0.0,0.53765726
0.90336204,0.0,0.09708491
0.18019183,0.0,0.20496619
0.5855566,0.0,0.0
0.8353724,0.0,0.011323904
0.92322755,0.0,0.025746042
0.9666844,0.0,0.01006381
0.7420332,0.0,0.01733486
0.69287086,0.0,0.004074127
0.6362684,0.0,0.0
0.95038086,1.0,0.0636363
0.7587234,0.0,0.00067667075
0.18427943,0.0,0.031322043
0.5733731,0.0,0.0
0.3482024,0.0,0.20000884
0.5406275,0.0,0.17966333
0.915793,0.0,0.03048284
0.86119014,0.0,0.008891748
0.36606562,0.0,0.2259672
0.7249861,0.0,0.25114188
0.9239431,1.0,0.024052246
0.23868899,0.0,0.091966026
0.2376357,0.0,0.15346473
0.8842131,0.0,0.02377889
0.7057615,0.0,0.0025056237
0.15692507,0.0,0.14460595
0.49313876,0.0,0.3327524
0.39093593,0.0,0.4843497
0.53588647,0.0,0.08205635
0.54979134,0.0,0.5275429
0.48680204,0.0,0.25088382
0.26770258,0.0,0.6105872
0.2115919,0.0,0.41868174
0.44049597,0.0,0.14696962
0.75602895,0.0,0.02391394
0.48126003,0.0,0.5233065
0.15792558,0.0,0.54150856
0.26865306,0.0,0.68186533
0.45082787,0.0,0.17304145
0.109888785,0.0,0.05080322
0.37707227,0.0,0.40873173
0.5495947,0.0,0.40640798
0.7782482,0.0,0.0015965106
0.4616962,0.0,0.5114618
0.66930705,0.0,0.58522165
0.8562682,0.0,0.12544721
0.6850107,0.0,0.14094822
0.15326029,0.0,0.72336924
0.75255626,1.0,0.58040905
0.7445102,0.0,0.00029652184
0.523429,0.0,0.13741297
0.5898631,0.0,0.37680572
0.8098084,1.0,0.12759727
0.92464197,0.0,0.0
0.5281126,0.0,0.4044606
0.565585,0.0,0.27767754
0.34270763,0.0,0.0
0.6745708,0.0,0.089608304
0.28283048,0.0,0.62221164
0.30721948,0.0,0.41176602
0.5951614,0.0,0.43154258
0.46075293,0.0,0.26268172
0.61911505,1.0,0.39534304
0.70236546,1.0,0.7483451
0.5337225,0.0,0.09247582
0.3813469,0.0,0.0
0.7825141,1.0,0.1184076
0.66119057,1.0,0.3435035
0.89018625,0.0,0.0
0.9196299,1.0,0.00786387
0.75026083,1.0,0.47145352
0.7561675,1.0,0.28865656
0.680353,0.0,0.0
0.8813648,1.0,0.14665218
0.62458485,1.0,0.4641312
0.45427778,0.0,0.13165565
0.8626266,0.0,0.003218778
0.96983486,1.0,0.13619328
0.68151253,1.0,0.24721229
0.5521118,0.0,0.09052806
0.92721874,0.0,0.0
0.6072241,1.0,0.46834528
0.6746889,1.0,0.70391333
0.54902285,0.0,0.3246824
0.25243935,0.0,0.09214066
0.38243347,0.0,0.27651572
0.73698366,0.0,0.002626126
0.5427558,1.0,0.11503274
0.79614156,1.0,0.23034246
0.21992476,0.0,0.0
0.81042147,0.0,0.030386629
0.2543709,0.0,0.33409888
0.07022706,0.0,0.35107827
0.18074723,0.0,0.5713615
0.16538182,1.0,0.114048935
0.27570602,0.0,0.62710667
0.41060308,0.0,0.7231788
0.5552692,0.0,0.8015168
0.59490436,1.0,0.6633167
0.77623236,1.0,0.4503372
0.24770375,1.0,0.21788995
0.84038526,0.0,0.051880915
0.39623109,0.0,0.56102777
0.94018525,0.0,0.3644333
0.91777897,0.0,0.18339813
0.48336655,0.0,0.41323167
0.8742465,0.0,0.16910744
0.9530523,0.0,0.023139805
0.58017963,0.0,0.12896211
0.3892906,0.0,0.3179666
0.8929607,0.0,0.0030480009
0.9309406,0.0,0.052665133
0.6530969,0.0,0.23090133
0.3214663,0.0,0.13656452
0.24450834,0.0,0.58940977
0.48515964,0.0,0.39206144
0.916531,0.0,0.027025606
0.73129386,0.0,0.14932784
0.1819861,0.0,0.48666143
0.67016584,0.0,0.092983484
0.77915424,0.0,0.04479897
0.073048346,0.0,0.34936592
0.37690327,0.0,0.13439731
0.3956334,0.0,0.34785742
0.458943,0.0,0.18515363
0.34629562,0.0,0.7065274
0.14337191,0.0,0.5840585
0.73591477,0.0,0.0043254914
0.29950285,1.0,0.4647102
0.7402185,0.0,0.24196579
0.82187593,0.0,0.33706757
0.67612445,1.0,0.18431728
0.681721,1.0,0.6905966
0.45539206,1.0,0.33157593
0.7299037,0.0,0.03303987
0.5067751,1.0,0.26727888
0.81057495,1.0,0.38213548
0.44030607,1.0,0.18305275
0.47074458,0.0,0.0
0.87187344,1.0,0.20359093
0.868012,1.0,0.47587222
0.80341214,1.0,0.21600796
0.6739503,0.0,0.002879122
0.40617394,0.0,5.0261347e-06
0.40990183,1.0,0.1420552
0.8242963,0.0,0.0
0.46873316,0.0,0.12607543
0.519087,0.0,0.09061199
0.84952813,0.0,0.0942267
0.35199872,0.0,0.17254882
0.153288,0.0,0.48069465
0.74707294,0.0,0.101288006
0.9682473,0.0,0.0061694924
0.5725276,0.0,0.16728663
0.39305145,0.0,0.44398275
0.88473177,0.0,0.016671324
0.8184942,0.0,0.0
0.2952573,0.0,0.35699007
0.32169962,0.0,0.49722466
0.19284818,0.0,0.4554999
0.7371278,0.0,0.050822917
0.12140447,0.0,0.10851677
0.907831,0.0,0.012569681
0.7645041,0.0,0.0
0.8909363,0.0,0.0013686321
0.6320052,0.0,0.010095222
0.72318304,0.0,0.0
0.56556743,0.0,0.0
0.5305667,0.0,0.026305227
0.36080036,0.0,0.04735362
0.50143176,0.0,0.0
0.31539285,0.0,0.00257616
0.7615469,1.0,0.27226612
0.83538026,1.0,0.035717495
0.7260851,0.0,0.024279881
0.42605686,0.0,0.07769328
0.7859509,0.0,0.07531905
0.5633009,0.0,0.017464848
0.92648745,0.0,0.0018354306
0.260572,0.0,0.31776017
0.6637395,0.0,0.11466902
0.92349404,0.0,0.008683709
0.8644426,0.0,0.014424909
0.16759811,0.0,0.23481801
0.63136125,0.0,0.5813236
0.7800863,0.0,0.042731725
0.1259322,0.0,0.4859496
0.18466744,0.0,0.040546294
0.09422491,0.0,0.3716795
0.53020436,0.0,0.24629572
0.1693998,0.0,0.36722073
0.04586013,0.0,0.30371416
0.038272638,0.0,0.33001283
0.6428787,0.0,0.016071275
0.2655253,0.0,0.49617466
0.27601597,0.0,0.59180325
0.48456314,0.0,0.14500663
0.044698387,0.0,0.3653416
0.6278795,0.0,0.52815914
0.5476555,0.0,0.6400009
0.20369947,0.0,0.5296003
0.78212893,0.0,0.03542396
0.44053966,0.0,0.44256383
0.7734791,0.0,0.0018303286
0.38859966,0.0,0.41027084
0.8585617,0.0,0.47988972
0.51931256,0.0,0.31874797
0.24576205,0.0,0.6088521
0.2684839,0.0,0.5424078
0.33237392,0.0,0.46297312
0.8101462,0.0,0.014998105
0.5332892,0.0,0.0
0.54850703,0.0,0.22879581
0.5845545,0.0,0.03343606
0.22580765,0.0,0.07384787
0.15810807,0.0,0.20639338
0.38016117,0.0,0.19446446
0.07123504,0.0,0.495236
0.16814744,0.0,0.11513508
0.8279426,0.0,0.00012969278
0.37979487,0.0,0.0
0.5353859,0.0,0.027677635
0.68096966,0.0,0.0
0.6680999,0.0,0.14509933
0.8072174,0.0,0.011071173
0.2970157,0.0,0.22115114
0.34129986,0.0,0.4299913
0.66590977,0.0,0.0
0.4885667,0.0,0.00022694569
0.4044846,0.0,0.03598961
0.85788685,0.0,0.11675811
0.6806531,0.0,0.010375379
0.842785,0.0,0.014716669
0.8555898,0.0,0.26247552
0.9632749,0.0,0.16479596
0.65905243,0.0,0.18913598
0.5301857,0.0,0.17998488
0.31868818,0.0,0.25917092
0.5586159,0.0,0.11479435
0.841326,0.0,0.0084026875
0.6699201,0.0,0.0659221
0.5935438,0.0,0.010261849
0.9398121,0.0,0.0019523005
0.92282474,0.0,0.018215751
0.6637433,0.0,0.14056718
0.34411782,0.0,0.20738633
0.80561656,0.0,0.0
0.86920995,0.0,0.027495094
0.6190821,0.0,0.3678831
0.40289748,0.0,0.50158113
0.62335473,0.0,0.4536179
0.42589298,0.0,0.21131207
0.48085314,0.0,0.3365589
0.68467,0.0,0.19469441
0.10908493,0.0,0.16028383
0.40722978,0.0,0.3210754
0.95334053,0.0,0.00022235334
0.30008686,0.0,0.19211408
0.73725045,0.0,0.0017892272
0.20931092,0.0,0.35578656
0.06801137,0.0,0.37368354
0.8319158,0.0,0.0
0.13333172,0.0,0.09225969
0.16403079,0.0,0.06018789
0.43538192,0.0,0.1632073
0.4597921,0.0,0.27488643
0.7299271,0.0,0.49755153
0.35115921,0.0,0.5700326
0.4077526,0.0,0.7077677
0.8595821,0.0,0.3404362
0.42195597,0.0,0.86775494
0.5736477,0.0,0.61555463
0.5572671,0.0,0.37942922
0.41132364,0.0,0.47627258
0.25200492,0.0,0.46049467
0.8747071,0.0,0.045659576
0.7107233,0.0,6.881211e-05
0.029862944,0.0,0.19750686
0.070246786,0.0,0.4594297
0.55601233,0.0,0.0060296245
0.23654237,0.0,0.34519902
0.5676219,0.0,0.021048574
0.34684962,0.0,0.28319415
0.59474003,0.0,0.00045970306
0.3198317,0.0,0.36186442
0.11513582,0.0,0.60754293
0.13269795,0.0,0.22561893
0.063815884,0.0,0.17203802
0.3505279,0.0,0.00078136654
0.7528148,0.0,0.0
0.8414788,0.0,0.0
0.91586137,0.0,0.0
0.7290618,0.0,0.010244152
0.29773003,0.0,0.098727114
0.116130866,1.0,0.4289578
0.37752476,1.0,0.7294594
0.22120011,0.0,0.41555735
0.6147173,0.0,0.013948122
0.19391836,0.0,0.093311384
0.67968804,0.0,0.06915912
0.71546,0.0,0.23369661
0.7305655,0.0,0.08934549
0.6105741,0.0,0.00029485216
0.91782296,0.0,0.0
0.7337684,0.0,0.23215407
0.9573923,0.0,0.0154348165
0.95839304,0.0,0.0
0.89558834,0.0,0.0
0.71479255,0.0,0.12888849
0.95110625,0.0,0.46694344
0.8173387,0.0,0.1957744
0.3068475,0.0,0.63826907
0.44591868,0.0,0.19340123
0.2709729,0.0,0.29931113
0.13022964,0.0,0.3196015
0.6412627,0.0,0.26887423
0.32409713,0.0,0.24321315
0.86194676,0.0,0.0689565
0.37751442,0.0,0.18486942
0.88732976,0.0,0.023595357
0.6811045,0.0,0.45669627
0.18261227,0.0,0.40371737
0.28917867,0.0,0.43652692
0.30007228,0.0,0.6435932
0.800535,0.0,0.32266584
0.4874031,0.0,0.4959078
0.36247492,0.0,0.21530291
0.83247334,0.0,0.62348646
0.20944212,0.0,0.36166772
0.66219354,0.0,0.02373506
0.6796712,0.0,0.2677897
0.40266365,0.0,0.39852887
0.24292539,0.0,0.19725743
0.7895326,0.0,0.0020810696
0.50681204,0.0,0.021122908
0.7842309,0.0,0.08952482
0.81942815,0.0,0.016372463
0.57754904,0.0,0.3334406
0.83728594,0.0,0.38012034
0.8119007,1.0,0.33364606
0.79014635,0.0,0.049938142
0.4578167,0.0,0.095794156
0.69632953,0.0,0.54095435
0.844145,0.0,0.52034575
0.75035816,0.0,0.19581601
0.7134274,0.0,0.54026365
0.37804055,0.0,0.12167484
0.56470054,1.0,0.6596174
0.77118194,1.0,0.38495988
0.73694026,0.0,0.00021461386
0.30397993,0.0,0.15922678
0.31118116,0.0,0.32135805
0.7784582,0.0,0.06885279
0.95804393,0.0,0.0
0.4716908,0.0,0.07318666
0.5682847,0.0,0.5537779
0.7370433,0.0,0.21463421
0.6602214,0.0,0.00024199404
0.3757891,0.0,0.33499604
0.82764703,0.0,0.6049328
0.6310732,0.0,0.24409789
0.2956185,0.0,0.16464278
0.18311565,0.0,0.5170529
0.41377932,0.0,0.7263181
0.6832498,0.0,0.48267052
0.44159344,0.0,0.44636056
0.6357124,0.0,0.16668041
0.50388193,0.0,0.36892143
0.107930236,0.0,0.42364952
0.4962022,0.0,0.097317725
0.9246414,0.0,0.0
0.07220259,0.0,0.38084617
0.19936201,0.0,0.5522761
0.8823085,0.0,0.03986427
0.5148675,0.0,0.0006590103
0.033512995,0.0,0.31916276
0.530065,0.0,0.15173109
0.8969924,0.0,0.009320033
0.102540225,0.0,0.5122715
0.47956523,0.0,0.0039121886
0.17296024,0.0,0.36234042
0.2117751,0.0,0.09132456
0.1214099,0.0,0.51056856
0.25931278,0.0,0.4161799
0.27353588,0.0,0.11162926
0.10914439,0.0,0.25703716
0.17885825,1.0,0.45147356
0.48342562,1.0,0.3626475
0.66432244,1.0,0.4192591
0.8139092,0.0,0.0061901542
0.77036434,1.0,0.67721593
0.76263314,1.0,0.63347775
0.856958,0.0,0.050362613
0.87585026,0.0,0.38955146
0.24379057,0.0,0.38496006
0.45489106,0.0,0.10905398
0.4960467,0.0,0.17775546
0.57874346,0.0,0.23819427
0.716503,0.0,0.008361268
0.5904635,0.0,0.07179631
0.7862204,0.0,0.0007933204
0.87577754,0.0,0.027944569
0.96317565,0.0,0.0062976694
0.9488213,0.0,0.0004650013
0.72504747,0.0,0.13704385
0.9525286,0.0,0.15797244
0.9343128,0.0,0.03182186
0.9556017,0.0,0.010774108
0.3499658,0.0,0.09598554
0.2704521,0.0,0.44686103
0.36841956,0.0,0.0076422975
0.49155465,0.0,0.27188843
0.85226023,0.0,0.0014801179
0.94167,0.0,0.0
0.8526237,0.0,0.0
0.88644284,0.0,0.0046707764
0.5966893,0.0,0.06823573
0.8101853,0.0,0.0737369
0.58251965,0.0,0.038098235
0.8557316,0.0,0.08965242
0.81136096,1.0,0.28892908
0.4751109,1.0,0.68452406
0.8901652,1.0,0.08356031
0.39146698,1.0,0.51936114
0.6565241,1.0,0.7614347
0.5318547,0.0,0.552229
0.51000893,0.0,0.011011422
0.34508216,1.0,0.32984826
0.37597284,0.0,0.4832439
0.66019726,0.0,0.23478916
0.943062,0.0,0.0036611487
0.5625748,0.0,0.11183112
0.4640621,0.0,0.55263203
0.80210185,0.0,0.010129444
0.86897767,0.0,0.0034935488
0.394512,0.0,0.27113193
0.41425928,0.0,0.22669594
0.901895,0.0,0.013746891
0.2948448,0.0,0.21811166
0.1786336,0.0,0.7032404
0.32041857,0.0,0.5414986
0.20866106,0.0,0.3692209
0.7025712,0.0,0.19925009
0.28188947,0.0,0.013495129
0.7991848,0.0,0.0
0.90135324,0.0,0.0
0.91949034,0.0,0.00061849004
0.94720924,0.0,0.007047006
0.8455977,0.0,0.015614807
0.8135265,1.0,0.47445965
0.6866963,0.0,0.29546347
0.9233766,0.0,0.09141068
0.7666037,1.0,0.17680967
0.80749726,0.0,0.38243416
0.9655327,0.0,0.0064538396
0.7998778,0.0,0.0005955084
0.5736978,0.0,0.25783497
0.49341032,0.0,0.19242796
0.7780894,0.0,0.0121545745
0.21081485,0.0,0.3689184
0.58227396,0.0,0.105147816
0.952146,0.0,0.0
0.82332224,0.0,0.0
0.745301,0.0,0.035455
0.8198097,0.0,0.0
0.28800684,0.0,0.23958272
0.19614026,0.0,0.6891543
0.23262514,0.0,0.012941528
0.16374905,0.0,0.4183839
0.6690781,0.0,0.31207892
0.8464986,0.0,0.47975335
0.4181211,0.0,0.11860733
0.31167448,0.0,0.28696463
0.2640325,0.0,0.088207036
0.17686939,0.0,0.3519446
0.6202517,0.0,0.21267603
0.3979319,0.0,0.3293285
0.0571081,0.0,0.3606421
0.4930844,0.0,0.0123317465
0.7584349,0.0,5.1130995e-05
0.36360878,0.0,0.35529825
0.3503393,0.0,0.6144734
0.48730507,0.0,0.18131907
0.52584946,0.0,0.3896484
0.4062085,1.0,0.2528794
0.43272,1.0,0.6685545
0.77235997,1.0,0.7261793
0.7635753,1.0,0.06692695
0.5228073,1.0,0.3368863
0.58253163,1.0,0.5776575
0.67943716,1.0,0.28824228
0.54795873,0.0,0.028703418
0.53359103,1.0,0.27282873
0.53685224,1.0,0.19941111
0.48452458,0.0,0.01588393
0.32396275,0.0,0.225888
0.60408264,1.0,0.48814884
0.853526,0.0,0.069275215
0.7130181,0.0,0.07131133
0.3222076,0.0,0.36727974
0.41048992,0.0,0.5130713
0.28094113,0.0,0.37170523
0.5200271,0.0,0.20341587
0.7028644,0.0,0.39103955
0.6065876,0.0,0.0021563363
0.4978595,0.0,0.05982392
0.4021051,0.0,0.63409215
0.71555483,0.0,0.17373359
0.50058925,0.0,0.38138926
0.5800975,1.0,0.55888534
0.57429487,1.0,0.55445623
0.16429612,0.0,0.33932614
0.8596735,1.0,0.05505165
0.8088394,1.0,0.59857875
0.25924936,1.0,0.52586377
0.64475745,0.0,0.4839517
0.8554122,1.0,0.0882842
0.5942214,1.0,0.6531002
0.5175916,1.0,0.6966981
0.541712,0.0,0.89954144
0.3102661,0.0,0.83666325
0.7494288,0.0,0.8646567
0.736782,0.0,0.44173732
0.48629454,0.0,0.15872003
0.27377138,0.0,0.4746076
0.43713963,0.0,0.4941589
0.8035461,0.0,0.21596538
0.38737068,0.0,0.4777399
0.26069608,0.0,0.6949876
0.7101155,0.0,0.646188
0.5466892,0.0,0.3411824
0.7598022,0.0,0.18929589
0.5825953,0.0,0.532953
0.42898124,0.0,0.28569055
0.9032906,1.0,0.29458526
0.5330346,1.0,0.71377
0.52338,1.0,0.77096176
0.9133021,1.0,0.22003724
0.6078528,1.0,0.57554305
0.4816129,1.0,0.47789863
0.8431081,1.0,0.22789827
0.47771192,1.0,0.39002192
0.66704166,1.0,0.45983705
0.43223706,1.0,0.48468813
0.28867194,1.0,0.52995396
0.49801153,1.0,0.6223953
0.27197424,1.0,0.70238405
0.40547633,0.0,0.21234141
0.7805311,0.0,0.26664716
0.8159136,1.0,0.11216857
0.7301868,1.0,0.22532879
0.81648505,0.0,0.18201339
0.8830386,1.0,0.07453751
0.65183145,0.0,0.34507468
0.4568873,0.0,0.64441305
0.5779356,0.0,0.09643093
0.73170197,0.0,0.16914599
0.725234,1.0,0.028973931
0.667264,0.0,0.041317824
0.42463344,0.0,0.2161112
0.7273113,0.0,0.11097213
0.58915657,0.0,0.48777178
0.7243215,0.0,0.7123038
0.5174122,0.0,0.34879503
0.6304207,1.0,0.60294425
0.69309753,1.0,0.46753046
0.75367635,1.0,0.38660514
0.89768404,1.0,0.32255265
0.8776809,1.0,0.31939536
0.819263,1.0,0.3924925
0.62042725,1.0,0.4732734
0.51291907,1.0,0.439603
0.8299617,1.0,0.34931636
0.5544857,0.0,0.59625983
0.7255396,1.0,0.48687038
0.5317013,1.0,0.3587127
0.42956987,0.0,0.3261316
0.7645607,1.0,0.4620157
0.26855734,0.0,0.4436723
0.24238418,0.0,0.8126625
0.49288517,0.0,1.0
0.26651043,0.0,0.28553477
0.38923177,0.0,0.5177248
0.8339515,0.0,0.18767543
0.2669891,0.0,0.47727275
0.7489351,0.0,0.15450943
0.61973894,1.0,0.33738598
0.27388614,1.0,0.62231165
0.75845057,1.0,0.7241093
0.94509983,0.0,0.059029788
0.6537456,0.0,0.33698434
0.46265277,1.0,0.36068106
0.86578894,1.0,0.20221826
0.92388916,0.0,0.050964814
0.5116045,0.0,0.6809854
0.45349553,1.0,0.5425843
0.88900685,1.0,0.21860395
0.34745774,0.0,0.29560986
0.838902,0.0,0.026109593
0.5677218,0.0,0.4650046
0.42718005,0.0,0.41525912
0.3752965,0.0,0.5195224
0.25766218,0.0,0.2197796
0.8727789,0.0,0.003534628
0.2253068,0.0,0.4580926
0.25680354,0.0,0.4999324
0.87359357,0.0,0.157966
0.81800604,0.0,0.039972432
0.24049665,0.0,0.60368055
0.34278256,0.0,0.72524196
0.28477952,0.0,0.27854973
0.38110614,0.0,0.5666225
0.46592093,0.0,0.30082172
0.2643203,0.0,0.072388
0.31010047,0.0,0.35160863
0.5169996,1.0,0.015981644
0.21824287,1.0,0.36854807
0.36029336,1.0,0.02084558
0.21298745,1.0,0.55927277
0.6982604,1.0,0.25807056
0.6126354,0.0,0.35470706
0.18824904,0.0,0.4784544
0.18032418,1.0,0.7807026
0.33783305,1.0,0.56900895
0.6307954,1.0,0.007614392
0.32795757,1.0,0.5223131
0.26167595,1.0,0.7950139
0.386452,0.0,0.31914765
0.73513424,1.0,0.4748194
0.7906463,0.0,0.72086996
0.32722288,0.0,0.113232225
0.76284695,0.0,0.1018348
0.64136887,0.0,0.5553021
0.54429924,0.0,0.059557788
0.25716943,0.0,0.47975615
0.7229877,0.0,0.014608301
0.58466804,0.0,0.1159236
0.8270626,0.0,0.0
0.46795824,0.0,0.08497653
0.784143,0.0,0.17456484
0.283161,0.0,0.34230694
0.17894967,0.0,0.5287697
0.40965152,0.0,0.18117577
0.4089145,0.0,0.47488293
0.9154765,0.0,0.0046632807
0.861266,0.0,0.0
0.9244998,1.0,0.0
0.7566366,0.0,0.017158367
0.5679748,0.0,0.0032687932
0.57041836,0.0,0.42968127
0.75401545,0.0,0.5873241
0.38384962,0.0,0.14218149
0.41038656,0.0,0.050052714
0.41261706,0.0,0.13020773
0.9427707,0.0,0.0028623103
0.92990077,1.0,0.17914736
0.8183079,1.0,0.18626752
0.9451435,0.0,0.007496588
0.7756784,0.0,0.00018315032
0.54509,1.0,0.13892582
0.40038207,0.0,0.25904116
0.6131889,1.0,0.49813285
0.67382985,1.0,0.3248729
0.36783925,1.0,0.9239642
0.6437376,1.0,0.5061592
0.8844561,1.0,0.266818
0.8137821,1.0,0.8084576
0.53708524,1.0,0.20387958
0.4910673,1.0,0.12533318
0.08857094,1.0,0.7168482
0.740849,1.0,0.5357363
0.90866655,0.0,0.05273094
0.61091834,0.0,0.49770385
0.6145882,0.0,0.30401576
0.7049606,0.0,0.53616357
0.49657008,0.0,0.7192304
0.40299067,0.0,1.0
0.40925536,0.0,0.72425926
0.5362235,0.0,0.7429013
0.80364877,0.0,0.73414886
0.6675828,0.0,0.22341824
0.59023046,0.0,0.23539567
0.37617254,1.0,0.49370843
0.9035853,1.0,0.07163702
0.60620636,1.0,0.7038829
0.87000453,0.0,0.032319423
0.48388472,0.0,0.31909776
0.79235196,1.0,0.40152866
0.92464,1.0,0.06863344
0.890625,0.0,0.010894694
0.60770684,1.0,0.45346206
0.80351067,1.0,0.28364184
0.972062,0.0,0.030015118
0.50283915,0.0,0.14717908
0.4535275,1.0,0.49594977
0.8413206,0.0,0.21023272
0.8466288,0.0,0.016469026
0.27243665,0.0,0.50589114
0.6713802,0.0,0.5001984
0.6943896,0.0,0.46029982
0.5022814,0.0,0.0063545527
0.39881068,0.0,0.4129509
0.5096453,0.0,0.50156206
0.84243137,0.0,0.039808262
0.7345348,0.0,0.13296276
0.2502858,0.0,0.7132138
0.5855632,0.0,0.24386832
0.84721494,0.0,0.039508678
0.12151722,0.0,0.27511337
0.49625266,0.0,0.011919457
0.6470933,0.0,0.14100526
0.7894972,0.0,0.05693885
0.25179505,0.0,0.076939456
0.526939,0.0,0.088667095
0.14038743,0.0,0.3348089
0.46463338,0.0,0.015795087
0.2329898,0.0,0.39306116
0.076202735,0.0,0.44889697
0.2514024,0.0,0.121704705
0.20011565,0.0,0.54107535
0.20484017,0.0,0.685852
0.30091566,0.0,0.41838863
0.15609072,0.0,0.54705554
0.30034456,0.0,0.17348196
0.71107364,0.0,0.03347916
0.22479157,0.0,0.19784212
0.61557627,0.0,0.029942414
0.4656044,0.0,0.024386667
0.9545312,0.0,0.010966079
0.42223948,0.0,0.050266154
0.7780276,0.0,0.012639721
0.27061433,0.0,0.52803683
0.14447133,0.0,0.47972706
0.25410563,0.0,0.695559
0.10251305,0.0,0.612324
0.7361295,0.0,0.11167998
0.3150161,0.0,0.26130432
0.79026806,0.0,0.06898299
0.538065,0.0,0.20394395
0.31451637,0.0,0.47632807
0.26112786,0.0,0.38859582
0.18365395,0.0,0.2903634
0.08066823,0.0,0.7950574
0.15984872,0.0,0.45446154
0.17224884,0.0,0.7448842
0.24176832,0.0,0.24296688
0.42016274,0.0,0.40350732
0.946269,0.0,0.22997338
0.5121373,0.0,0.23840296
0.9795289,0.0,0.07897294
0.32816175,0.0,0.20535591
0.8173642,0.0,0.046278395
0.15709698,0.0,0.12296504
0.57703924,0.0,0.08738061
0.283687,0.0,0.5605481
0.24666816,0.0,0.09859083
0.89684564,0.0,0.041042924
0.65941226,1.0,0.2904404
0.38288417,0.0,0.086431615
0.9667663,0.0,0.20505276
0.94302326,0.0,0.07929215
0.8377415,1.0,0.43523738
0.88417363,0.0,0.4955506
0.369072,1.0,0.64081264
0.5783932,0.0,0.73887116
0.54519534,0.0,0.5833027
0.5722131,0.0,0.2661552
0.64188737,0.0,0.27984497
0.41118738,0.0,0.070728496
0.5901515,0.0,0.18685512
0.8809398,0.0,0.59215415
0.91961396,0.0,0.8223282
0.5588471,0.0,0.60630745
0.65520316,0.0,0.5160865
0.25970986,0.0,0.3780349
0.85672927,0.0,0.7393439
0.47271588,0.0,0.22813891
0.9243975,0.0,0.39669013
0.38544562,0.0,0.3436503
0.31566438,0.0,0.15724415
0.18314369,0.0,0.43537104
0.8129168,0.0,0.70526206
0.43927434,0.0,0.054740164
0.29155526,0.0,0.17263687
0.93331915,0.0,0.4855383
0.8670887,0.0,0.66451573
0.4667959,0.0,0.5147987
0.9365822,0.0,0.26358223
0.8236868,0.0,0.47705796
0.6597167,0.0,0.3095124
0.9346959,0.0,0.14250864
0.85895026,0.0,0.18085021
0.6222846,1.0,0.3023291
0.72984797,1.0,0.5389831
0.65416116,1.0,0.5670399
0.84559417,1.0,0.78674024
0.767754,1.0,0.58732605
0.6866693,1.0,0.7784932
0.5597502,1.0,0.7329214
0.73668444,1.0,1.0
0.08681582,0.0,0.9624663
0.11112493,0.0,0.8089256
0.4181558,0.0,0.79119414
0.3605631,0.0,0.52181286
0.27143154,0.0,0.5372826
0.46505433,0.0,0.27713892
0.2690616,0.0,0.44998133
0.17042664,0.0,0.43965134
0.5169844,0.0,0.160719
0.4642056,0.0,0.42981905
0.8168784,0.0,0.023962226
0.62224704,0.0,0.34508154
0.688818,0.0,0.5318038
0.10360154,0.0,0.45832244
0.052808285,0.0,0.32220113
0.10669243,0.0,0.40448034
0.5436845,0.0,0.15239489
0.17491649,0.0,0.27658677
0.38948002,0.0,0.008953712
0.15166122,0.0,0.45450652
0.7480442,0.0,0.2133079
0.21246772,0.0,0.49251163
0.1712907,0.0,0.8098321
0.41274184,0.0,0.5468054
0.12500021,0.0,0.6838916
0.4131049,0.0,0.65104806
0.3738706,0.0,0.6836459
0.27428776,0.0,0.6894206
0.17213388,0.0,0.44226024
0.8390735,0.0,0.43345827
0.408355,1.0,0.15949132
0.58454585,1.0,0.047703467
0.5732957,0.0,0.05613373
0.51664245,1.0,0.08900481
0.83830905,0.0,0.0013777926
0.34813935,1.0,0.1310607
0.1969672,0.0,0.1317052
0.22904034,0.0,0.33212823
0.16742672,0.0,0.74422216
0.08028084,0.0,0.5154368
0.07938493,1.0,0.75709003
0.09332219,1.0,0.5253368
0.37200814,1.0,0.5008694
0.93191236,0.0,0.2736102
0.91737247,0.0,0.0070038293
0.4907135,1.0,0.05351279
0.532323,0.0,0.07551768
0.83663154,1.0,0.2880056
0.22810718,0.0,0.4450708
0.22329916,0.0,0.8012437
0.44905236,1.0,0.47412145
0.3504379,0.0,0.6111903
0.4633706,0.0,0.3093853
0.3260602,0.0,0.34275252
0.4373688,0.0,0.39000753
0.3264022,0.0,0.38954303
0.26794732,0.0,0.5977303
0.56554365,0.0,0.46034533
0.68817234,0.0,0.21982348
0.62324536,0.0,0.034873303
0.17402719,0.0,0.19459295
0.9391739,0.0,0.0083217425
0.2655375,0.0,0.40068266
0.09767938,0.0,0.6517612
0.32684594,0.0,0.708087
0.7472029,0.0,0.12638797
0.501028,0.0,0.17405787
0.900812,0.0,0.0
0.16401078,0.0,0.2495956
0.72196,0.0,0.0
0.05829457,0.0,0.32341853
0.09573734,0.0,0.63100284
0.9429035,0.0,0.019043893
0.26085043,0.0,0.49133584
0.12383698,0.0,0.46980664
0.1376729,0.0,0.7491086
0.03265999,0.0,0.241809
0.3396261,0.0,0.15196672
0.25749964,0.0,0.20034578
0.38668022,0.0,0.31210908
0.5487881,0.0,0.012154404
0.09453673,1.0,0.3145396
0.8276636,0.0,0.0
0.40079162,0.0,0.014178133
0.77487695,0.0,0.08279789
0.8211279,1.0,0.17718127
0.45631036,1.0,0.11600234
0.16626759,1.0,0.23669942
0.09232734,1.0,0.7792398
0.55364263,1.0,0.33084956
0.16270812,1.0,0.55007833
0.21688578,1.0,0.47846347
0.872843,0.0,0.4643987
0.6314841,0.0,0.16966817
0.16047655,1.0,0.40389943
0.29338244,0.0,0.2359074
0.3742481,0.0,0.21648611
0.4298675,0.0,0.024727518
0.12055358,0.0,0.10649408
0.6367037,0.0,0.00018071233
0.08573004,0.0,0.23920013
0.5062274,0.0,0.14614147
0.6719937,0.0,0.33660543
0.04493065,0.0,0.7845317
0.14327917,0.0,1.0
0.45494425,0.0,1.0
0.61935,0.0,0.43994147
0.39606863,0.0,0.37144604
0.29635775,0.0,0.6065499
0.5351809,0.0,0.3750577
0.93036735,0.0,0.012995268
0.8650797,0.0,0.055486955
0.97551775,0.0,0.0012263058
0.9025523,0.0,0.00023238685
0.79373676,0.0,0.0002941125
0.9696595,0.0,0.0
0.95453626,0.0,2.5751215e-05
0.3286153,0.0,0.0
0.8094038,1.0,0.17973678
0.7339286,0.0,0.0011636675
0.41022882,1.0,0.33381727
0.7556081,1.0,0.34903353
0.86591804,0.0,0.0
0.4534495,1.0,0.314073
0.2659166,1.0,0.7414633
0.48117462,0.0,0.06685297
0.87298626,0.0,0.06127135
0.6039424,0.0,0.48929882
0.77377695,0.0,0.14039555
0.96636313,0.0,0.0
0.81917536,0.0,0.075854085
0.3240027,0.0,0.30027267
0.9253734,0.0,0.029563827
0.88206095,0.0,0.0
0.54562724,0.0,0.2322766
0.55663615,0.0,0.30262113
0.9186794,0.0,0.0015807443
0.9293159,0.0,0.05272764
0.41574854,0.0,0.52839327
0.8377394,0.0,0.40610564
0.96401316,0.0,0.056987163
0.61093175,0.0,0.5358562
0.4620903,0.0,0.3448608
0.30498436,0.0,0.6701483
0.49575388,0.0,0.4307473
0.9189263,0.0,0.051364824
0.69764906,0.0,0.33225062
0.6671261,0.0,0.0020056055
0.5634887,0.0,0.0
0.87863815,0.0,0.0
0.96707267,0.0,0.0
0.4551067,0.0,0.006118532
0.93795764,0.0,0.00025328086
0.8674068,1.0,0.0137014985
0.5730953,1.0,0.30744863
0.39569843,1.0,0.44298145
0.6530113,0.0,0.17687294
0.5543471,0.0,0.34552684
0.6355349,0.0,0.32283697
0.7914745,0.0,0.26793826
0.68802017,0.0,0.03998375
0.029508831,0.0,0.51534176
0.6771381,0.0,0.18035533
0.36121002,0.0,0.111953646
0.37539953,0.0,0.18850169
0.04504159,0.0,0.39126632
0.40417,0.0,0.22236434
0.15230027,0.0,0.49519637
0.23540388,0.0,0.5560791
0.9015356,0.0,0.039515924
0.09951873,0.0,0.40757152
0.30486253,0.0,0.43390527
0.6493771,0.0,0.021098265
0.8749889,0.0,0.108966164
0.08353051,0.0,0.42613524
0.42826706,0.0,0.15629958
0.9248268,0.0,0.00021459078
0.29163343,0.0,0.5315568
0.33942452,1.0,0.62169284
0.8091148,0.0,0.16868699
0.8479717,1.0,0.58956057
0.7201127,1.0,0.12380066
0.8080682,1.0,0.6675379
0.81501865,1.0,0.40329456
0.93457127,1.0,0.47085944
0.98123944,1.0,0.10206165
0.83055675,1.0,0.22464456
0.92454535,0.0,0.0002979842
0.9269986,1.0,0.1438265
0.91273266,1.0,0.27107242
0.767258,0.0,0.0
0.9870208,0.0,0.0
0.7149854,1.0,0.47575203
0.7864426,0.0,0.16963385
0.827342,0.0,0.0
0.669969,0.0,0.02934246
0.07867298,0.0,0.41556972
0.4573543,0.0,0.10111165
0.8927988,0.0,0.0
0.21339114,0.0,0.53458667
0.11945665,0.0,0.80126053
0.53498626,0.0,0.34431598
0.18611163,0.0,0.32978195
0.39311805,0.0,0.07755198
0.18116654,0.0,0.658884
0.23092784,0.0,0.80002296
0.47145987,0.0,0.15247469
0.51342255,0.0,0.11736186
0.9297936,0.0,0.037364364
0.8707062,0.0,0.015844349
0.9839298,0.0,0.0
0.981841,0.0,0.00039830382
0.91473335,0.0,0.0
0.9252595,0.0,0.0
0.73252726,0.0,0.0
0.8068511,0.0,0.0
0.8640613,0.0,0.012785212
0.71955997,0.0,0.32748517
0.97331625,0.0,0.16972739
0.7932229,1.0,0.5715401
0.27092946,1.0,0.6243355
0.6791633,1.0,0.5982107
0.69085526,1.0,0.07435182
0.2578775,0.0,0.2133536
0.3195399,0.0,0.44808426
0.5808527,1.0,0.3727382
0.29044533,0.0,0.0
0.2860934,0.0,0.24687295
0.07434911,0.0,0.5591889
0.40432563,0.0,0.07735668
0.7442934,0.0,0.0
0.092799574,0.0,0.59794766
0.36014482,0.0,0.28055248
0.85070246,0.0,0.0
0.24394117,0.0,0.2872222
0.05387352,0.0,0.4679574
0.5514148,0.0,0.10714244
0.32683665,0.0,0.37872192
0.9237736,0.0,0.042498253
0.46664435,0.0,0.16995709
0.9780572,0.0,0.0
0.92402655,0.0,0.014922568
0.86718243,0.0,0.0
0.9549303,0.0,0.0
0.48362756,0.0,0.019097283
0.9718426,0.0,0.0
0.46238995,0.0,0.34926388
0.59309995,0.0,0.55637413
0.9513286,0.0,0.18742123
0.3790491,0.0,0.39139867
0.7471343,0.0,0.3644178
0.26839274,0.0,0.42461756
0.84295523,0.0,0.054083705
0.96594197,0.0,0.0
0.12828214,0.0,0.1960692
0.069337316,0.0,0.45334256
0.9731025,0.0,0.00073206215
0.82569027,0.0,0.016948996
0.32787344,0.0,0.29617047
0.4680913,0.0,0.29144374
0.06348955,0.0,0.59201294
0.053376734,0.0,0.6314837
0.36555597,0.0,0.17270817
0.69612765,0.0,0.103556946
0.856575,0.0,0.1447636
0.43535852,0.0,0.2312949
0.92960626,0.0,0.17546685
0.39638954,0.0,0.5021547
0.7735779,0.0,0.44702828
0.47258517,0.0,0.6785138
0.9583851,0.0,0.59620714
0.50795805,0.0,0.3709575
0.7348788,0.0,0.026538463
0.95952904,0.0,0.118180215
0.60437375,0.0,0.55671483
0.3546064,0.0,0.1984208
0.9437928,0.0,0.0
0.98291665,0.0,0.1347187
0.5992996,0.0,0.40927833
0.7543108,0.0,0.20947234
0.98178655,0.0,0.004799722
0.91645914,0.0,0.40001515
0.50131565,0.0,0.705785
0.68402237,0.0,0.20733634
0.797586,0.0,0.20218351
0.41019863,0.0,0.52515644
0.43498755,1.0,0.20600334
0.5950319,1.0,0.22684492
0.8651662,0.0,0.0046967333
0.7150163,1.0,0.12633601
0.8435874,0.0,0.010001079
0.43618706,0.0,0.09706325
0.7561126,0.0,0.019472789
0.486738,0.0,0.25570217
0.2868921,0.0,0.3197104
0.4027936,0.0,0.55716777
0.6052469,0.0,0.40545925
0.85706514,0.0,0.0
0.5290433,0.0,0.26541898
0.7399542,0.0,0.036157694
0.7695115,0.0,0.0014402554
0.6346324,0.0,0.057071984
0.53257126,0.0,0.39476785
0.82431877,0.0,0.014297508
0.77687246,0.0,0.007150926
0.39510384,0.0,0.2647792
0.56561893,0.0,0.15333258
0.61244214,0.0,0.4742519
0.52125555,0.0,0.20941183
0.48446643,0.0,0.60725605
0.67063713,1.0,0.6786499
0.539317,1.0,0.6126836
0.7482419,1.0,0.34797502
0.6445728,1.0,0.3849994
0.6018584,1.0,0.096887805
0.3328238,1.0,0.49259683
0.8714401,0.0,0.13632976
0.5452565,0.0,0.5860283
0.5123714,0.0,0.63369584
0.7092725,0.0,0.088031776
0.63241965,1.0,0.36703795
0.90767837,0.0,0.0
0.53261775,1.0,0.2563769
0.8840557,0.0,0.025075046
0.6548939,1.0,0.33838817
0.794363,1.0,0.07545581
0.44752,1.0,0.4866696
0.6336276,1.0,0.29263496
0.82777345,1.0,0.30930066
0.68803614,0.0,0.42383108
0.3241161,0.0,0.43414015
0.33571774,0.0,0.53214025
0.4226716,0.0,0.32867685
0.36402473,0.0,0.0
0.5719585,1.0,0.09840183
0.7922485,0.0,0.003464071
0.8076596,1.0,0.047147885
0.8109315,0.0,0.0015268996
0.8828482,1.0,0.33273736
0.76285857,1.0,0.06903557
0.6612482,1.0,0.3679026
0.8374268,1.0,0.46220836
0.73812157,1.0,0.81886023
0.6376097,0.0,0.4935987
0.69262636,0.0,0.14943781
0.8446596,0.0,0.0065135914
0.77265173,0.0,0.024717983
0.75893027,0.0,0.4327896
0.88690954,0.0,0.0
0.8975907,0.0,0.0
0.6589728,0.0,0.28730348
0.6100378,1.0,0.45557883
0.92765766,0.0,0.043583278
0.8100396,0.0,0.0022116473
0.725966,0.0,0.30327123
0.65705717,0.0,0.40562347
0.8393342,0.0,0.026245447
0.8452098,0.0,0.067363776
0.7061113,0.0,0.4555234
0.601642,0.0,0.14236754
0.4056546,0.0,0.5758921
0.36081642,0.0,0.035566825
0.2919506,0.0,0.8046292
0.3201723,0.0,0.40750715
0.5107679,0.0,0.25407836
0.3401718,0.0,0.5434158
0.338801,0.0,0.40732965
0.76320297,0.0,0.12934774
0.7251918,0.0,0.05755203
0.50767255,0.0,0.4756495
0.7499525,0.0,0.46053725
0.3238906,0.0,0.5310018
0.62638086,0.0,0.019462312
0.16208765,0.0,0.3504909
0.7958446,0.0,0.031118855
0.51068026,0.0,0.34774098
0.8642698,0.0,0.03913985
0.4547087,1.0,0.3389697
0.84689486,0.0,0.0042305784
0.565736,1.0,0.26335797
0.75709677,1.0,0.34393448
0.7510731,0.0,0.0
0.391244,0.0,0.24500135
0.6492327,0.0,0.012146227
0.3854749,0.0,0.77860343
0.7508257,0.0,0.4960608
0.6759622,0.0,0.14108965
0.48628524,0.0,0.29689148
0.47771618,0.0,0.509071
0.85649586,0.0,0.087948635
0.9045394,0.0,0.0
0.7675252,0.0,0.19986323
0.5752958,0.0,0.43075415
0.9415014,0.0,0.0
0.83248925,0.0,0.0
0.39936775,0.0,0.40280977
0.56111395,0.0,0.3928231
0.8674394,0.0,0.14547835
0.42163885,0.0,0.5639647
0.49952474,0.0,0.03530915
0.10308717,0.0,0.63881946
0.6972818,0.0,0.092669815
0.42533985,0.0,0.38634402
0.5521879,0.0,0.098742425
0.5436788,0.0,0.45673358
0.46934053,0.0,0.40236732
0.602101,1.0,0.48158938
0.6118099,1.0,0.51630384
0.7498714,1.0,0.3786694
0.7244854,0.0,0.040588424
0.38608658,0.0,0.07620005
0.7904112,0.0,0.0
0.26744238,0.0,0.24335413
0.52704763,0.0,0.019147312
0.16395059,0.0,0.38465253
0.16974495,0.0,0.13217053
0.4508966,0.0,0.43565145
0.46071684,0.0,0.09793091
0.3104351,0.0,0.27704418
0.69599974,0.0,0.04839967
0.64346474,0.0,0.1796443
0.25602028,0.0,0.10155157
0.8836689,0.0,0.012307917
0.81078494,0.0,0.0001373348
0.46609816,0.0,0.0595771
0.6425497,0.0,0.028696422
0.90571076,0.0,0.0011150278
0.8579655,0.0,0.069972716
0.83857244,0.0,0.083382465
0.94615966,0.0,0.0
0.7996643,0.0,0.0027807988
0.5686383,0.0,0.29500738
0.8353702,0.0,0.2795008
0.738353,0.0,0.027052393
0.5842827,0.0,0.5343169
0.75725925,0.0,0.7892976
0.3320961,0.0,0.4867813
0.46687633,0.0,0.49459863
0.8666662,0.0,0.12416414
0.5310331,0.0,0.66799796
0.34315073,0.0,0.47029015
0.40832514,0.0,0.12897865
0.7202611,0.0,0.043263517
0.6282378,0.0,0.55879027
0.6465182,0.0,0.68702745
0.7202338,0.0,0.06769889
0.8098673,0.0,0.12531821
0.5700735,0.0,0.612211
0.7278723,0.0,0.6121245
0.32404488,0.0,0.028048044
0.60621893,0.0,0.6600711
0.4964047,0.0,0.13182828
0.6677086,0.0,0.2921755
0.46618804,0.0,0.5885557
0.7441456,0.0,0.45675558
0.78261626,0.0,0.07707355
0.6564203,0.0,0.53483635
0.17718095,0.0,0.4600668
0.2070471,0.0,0.3133389
0.43928596,0.0,0.417662
0.3953938,0.0,0.024883138
0.61389536,0.0,0.3331595
0.18473075,0.0,0.35458463
0.3692252,0.0,0.09663953
0.77133113,0.0,0.0
0.47939527,0.0,0.3439729
0.36609387,0.0,0.40394467
0.66809815,0.0,0.0
0.6908247,0.0,0.12360801
0.34053656,0.0,0.5509112
0.3355732,0.0,0.5558273
0.6098735,0.0,0.029784348
0.22771403,0.0,0.5863978
0.57375264,0.0,0.08677908
0.57523143,0.0,0.4167594
0.8939968,0.0,0.0009433978
0.47121903,0.0,0.0
0.8522863,0.0,0.0
0.6726816,0.0,0.018812349
0.8481112,0.0,0.0
0.49134532,0.0,0.06649278
0.104293615,0.0,0.16322103
0.5768521,0.0,0.11700425
0.08231127,0.0,0.62633973
0.15341422,0.0,0.4691279
0.17439063,0.0,0.19748224
0.11862002,0.0,0.46150708
0.403194,0.0,0.40803525
0.77354395,0.0,0.16484639
0.76728266,0.0,0.07408277
0.16479374,0.0,0.40036118
0.11918727,0.0,0.18844841
0.6498223,0.0,0.26334232
0.18963258,0.0,0.13291377
0.1415728,0.0,0.6378437
0.16227977,0.0,0.24721283
0.6171154,0.0,0.4623618
0.52509403,0.0,0.0014202622
0.26520047,0.0,0.02743532
0.3643835,0.0,0.009987754
0.2854081,0.0,0.0009966722
0.63319004,1.0,0.07745558
0.5077534,0.0,0.00011384324
0.4298722,0.0,0.0005915062
0.71836305,0.0,0.0
0.3447203,0.0,0.0
0.13767014,0.0,0.0060458523
0.4143123,0.0,0.0
0.7288872,0.0,0.0
0.6288576,0.0,0.0
0.42604008,0.0,0.027199943
0.9177425,0.0,0.00017367833
0.8585535,0.0,0.0053764093
0.55742455,0.0,0.21670564
0.73963356,0.0,0.24883121
0.47758204,0.0,0.24129036
0.31291914,0.0,0.31530026
0.4942072,0.0,0.57325345
0.30469653,0.0,0.6270637
0.44285664,0.0,0.502269
0.6876012,0.0,0.038374342
0.18704309,0.0,0.4567881
0.56242377,0.0,0.162226
0.101008385,0.0,0.59056383
0.24144043,0.0,0.34538817
0.22184235,0.0,0.41042683
0.7733868,0.0,0.112718835
0.041184124,0.0,0.55339533
0.3286834,0.0,0.043534286
0.116976194,1.0,0.55243987
0.15474196,1.0,0.53491277
0.094556324,1.0,0.6549659
0.058219608,1.0,0.36112392
0.6154812,1.0,0.20577131
0.5649348,1.0,0.30615684
0.31434548,1.0,0.56464106
0.47715715,1.0,0.47823873
0.7538267,1.0,0.0459825
0.38709992,1.0,0.24910313
0.66396034,1.0,0.21523117
0.74929535,0.0,0.0
0.108055025,1.0,0.43328488
0.29749572,1.0,0.6557332
0.4566046,1.0,0.22789411
0.6274531,0.0,0.2856792
0.20312811,1.0,0.7875656
0.2102471,0.0,0.39921388
0.23677573,0.0,0.013433883
0.6076349,0.0,0.010172701
0.19221447,0.0,0.18891257
0.7760929,0.0,0.0
0.26360226,0.0,0.10827307
0.11972812,0.0,0.3795607
0.79251117,0.0,0.0
0.8295119,0.0,0.0
0.42507005,0.0,0.24980405
0.721804,0.0,0.0279737
0.6179442,0.0,0.0
0.7015736,0.0,0.0
0.4894514,0.0,0.07697757
0.66088,1.0,0.321015
0.84760606,1.0,0.106017984
0.43572074,0.0,0.0
0.94966024,1.0,0.07472225
0.66676986,0.0,0.012730518
0.60368437,0.0,0.0
0.7276336,0.0,0.0
0.8860617,0.0,0.10096266
0.64635175,0.0,0.15398085
0.85447705,0.0,0.0
0.81079936,0.0,0.0
0.38723528,0.0,0.47288728
0.67570364,0.0,0.18911964
0.7979843,0.0,0.12175759
0.5599234,0.0,0.48862684
0.28511974,0.0,0.06288131
0.7705022,0.0,0.07603056
0.66703105,0.0,0.6163971
0.53735995,0.0,0.18588135
0.94919074,0.0,0.0065038134
0.24895832,0.0,0.14377326
0.14170049,0.0,0.3968081
0.49581647,0.0,0.09762643
0.8830319,0.0,0.005803513
0.3933558,0.0,0.32766765
0.060951147,0.0,0.6669681
0.22238013,0.0,0.046732545
0.076044515,0.0,0.41955024
0.56229436,0.0,0.035651688
0.07473651,0.0,0.5736476
0.56159544,0.0,0.44142023
0.71301454,0.0,0.004225565
0.5424941,0.0,0.28127638
0.78618675,0.0,0.02202405
0.7792041,0.0,0.2726607
0.79433787,0.0,0.12649538
0.6379137,0.0,0.34586242
0.9001806,0.0,0.012565928
0.79479474,1.0,0.24812394
0.20520665,1.0,0.4560473
0.81895375,0.0,0.008477724
0.39312857,1.0,0.11337082
0.18503137,1.0,0.27972445
0.54140604,0.0,0.07372068
0.50731117,0.0,0.30301684
0.399161,0.0,0.5685911
0.1525425,0.0,0.75132704
0.69208425,0.0,0.1546574
0.19259593,0.0,0.16692267
0.52575785,0.0,0.33317667
0.47187272,0.0,0.0030808502
0.37837785,0.0,0.0047957227
0.35231847,0.0,0.0026793755
0.13758431,0.0,0.03564905
0.24397415,0.0,0.0
0.36088875,0.0,0.24144398
0.08271516,0.0,0.105200805
0.5348291,0.0,0.0013597116
0.427781,0.0,0.0
0.3567606,0.0,0.2769362
0.6443571,0.0,0.0044722143
0.8473008,0.0,0.011298133
0.16781384,0.0,0.23992863
0.455806,0.0,0.18574412
0.8676632,0.0,0.0022779151
0.81320643,0.0,0.07579632
0.29778582,0.0,0.28019786
0.31005734,0.0,0.30087304
0.10287112,0.0,0.6944005
0.34708476,0.0,0.44056848
0.37413868,0.0,0.02335012
0.10777362,0.0,0.31579763
0.0892818,0.0,0.42244655
0.067673765,0.0,0.7162987
0.41421068,0.0,0.041410092
0.10508155,0.0,0.11797847
0.07599037,0.0,0.6126012
0.10644115,0.0,0.23423555
0.6177998,0.0,3.7932765e-05
0.49859253,0.0,0.30507034
0.12477762,0.0,0.3756085
0.4156473,0.0,0.04899806
0.41059867,0.0,0.0027182852
0.50852114,0.0,0.2565204
0.27040935,0.0,0.23909566
0.22277498,0.0,0.0049371757
0.124846585,1.0,0.48875406
0.6977064,1.0,0.4551816
0.649072,0.0,0.07614828
0.30887914,0.0,0.0010927214
0.33864722,1.0,0.42576522
0.73520327,0.0,0.55627763
0.86721635,0.0,0.16761322
0.6396147,0.0,0.3725219
0.209452,0.0,0.5521467
0.17815486,0.0,0.65850097
0.50983447,0.0,0.14564146
0.18694459,0.0,0.4230146
0.23371908,0.0,0.8356506
0.12427853,0.0,0.28152493
0.36754438,0.0,0.12875868
0.3843748,0.0,0.18297601
0.53317904,0.0,0.06061959
0.41593924,0.0,0.0
0.52643406,0.0,0.0015454063
0.7327072,0.0,0.0019277731
0.9060368,1.0,0.056466695
0.92515296,1.0,0.036599763
0.86721116,1.0,0.37569487
0.5275501,1.0,0.18873289
0.5811838,1.0,0.43608856
0.67139757,0.0,0.3676562
0.51919246,0.0,0.08550111
0.9028816,0.0,0.002458711
0.7587459,1.0,0.12448542
0.48200268,0.0,0.008731655
0.639523,0.0,0.088169105
0.7600231,0.0,0.0
0.51080656,0.0,0.044877704
0.5300561,0.0,0.007790899
0.73784727,0.0,0.060353253
0.33790818,0.0,0.0
0.17505135,0.0,0.18162753
0.19523603,0.0,0.6914421
0.13350189,0.0,0.56147
0.2888041,0.0,0.5271449
0.18890233,0.0,0.12688673
0.23641579,0.0,0.19736464
0.5846422,0.0,0.030462608
0.7135712,0.0,0.00076989376
0.8914775,0.0,0.04976491
0.88507044,0.0,0.0
0.72431606,0.0,0.018741315
0.4719623,0.0,0.0011533113
0.6488532,0.0,0.0039549
0.24496976,0.0,0.06521563
0.18165873,0.0,0.29349738
0.6410167,0.0,0.024954563
0.17605768,0.0,0.78435427
0.4481002,0.0,0.1697914
0.35355783,0.0,0.34255597
0.8226056,1.0,0.4879494
0.26072294,0.0,0.40752885
0.075597785,0.0,0.41065666
0.5885444,0.0,0.071536265
0.521847,1.0,0.28710654
0.2916171,0.0,0.506288
0.5679807,0.0,0.090103194
0.9458794,0.0,0.11755169
0.38366544,0.0,0.43304324
0.39752442,0.0,0.20659429
0.9561291,0.0,0.0
0.59677964,0.0,0.16145703
0.45994315,0.0,0.28309268
0.7651497,0.0,0.0
0.92194027,0.0,0.004877698
0.67141587,0.0,0.19073322
0.25515303,0.0,0.4559768
0.46984315,0.0,0.22049896
0.676779,0.0,0.055142798
0.62454367,0.0,0.70282143
0.26730585,0.0,0.34618214
0.32357597,0.0,0.912636
0.3710737,0.0,0.2468158
0.24535613,0.0,0.31103036
0.24329181,0.0,0.58511764
0.32929868,0.0,0.32698014
0.35676524,0.0,0.36393076
0.5152879,0.0,0.25777775
0.8473614,0.0,0.009619588
0.7883202,0.0,0.00344513
0.7426301,0.0,0.0
0.67869586,0.0,0.0
0.6639008,0.0,0.008800227
0.77737594,0.0,0.0
0.7820014,0.0,0.25234646
0.8481288,0.0,0.26192802
0.65442896,0.0,0.5942645
0.800516,0.0,0.5479368
0.81322,0.0,0.0005380969
0.6185893,0.0,0.17895013
0.45990384,0.0,0.30633464
0.81909394,0.0,0.004553889
0.39286998,0.0,0.29770628
0.1930088,0.0,0.28559905
0.9762368,0.0,0.00036758807
0.54073703,0.0,0.0397131
0.42615756,0.0,0.43468362
0.5960977,0.0,0.24424048
0.15524098,0.0,0.5168245
0.58317107,0.0,0.17186263
0.6485571,0.0,0.035650726
0.6734498,0.0,0.26463726
0.7042925,0.0,0.016574223
0.8757792,0.0,0.0
0.8319137,0.0,0.013187303
0.92617595,0.0,0.00060069456
0.97269565,0.0,0.0
0.81244606,0.0,0.028747713
0.9219912,0.0,0.0038762954
0.7527107,0.0,0.18892756
0.72524506,0.0,0.3070697
0.33101404,0.0,0.023935271
0.5069733,0.0,0.09436835
0.56334907,0.0,0.5591828
0.23448615,0.0,0.33056808
0.2870344,0.0,0.42187852
0.23355968,0.0,0.6691725
0.42475426,0.0,0.21319838
0.1708001,0.0,0.38752434
0.55734354,0.0,0.13919199
0.33220914,0.0,0.26040083
0.6120526,0.0,0.036299646
0.6418367,0.0,0.23621479
0.61010677,0.0,0.62160003
0.4648036,0.0,0.086011305
0.68635154,0.0,0.48199284
0.8619727,0.0,0.41541916
0.25802892,0.0,0.6592835
0.58384365,0.0,0.30130532
0.85582286,0.0,0.021039309
0.68061334,0.0,0.07931768
0.22587459,0.0,0.411622
0.5333197,0.0,0.02558034
0.95502335,0.0,0.0
0.34231517,0.0,0.39377514
0.15710986,0.0,0.20217629
0.7204751,0.0,0.0
0.32401878,0.0,0.22013515
0.10857469,0.0,0.5505091
0.33526146,0.0,0.5645199
0.27607548,0.0,0.56998914
0.8106714,0.0,0.07812072
0.46210924,0.0,0.17546675
0.67572796,0.0,0.0
0.7126012,0.0,0.018527692
0.63687027,0.0,0.0004890125
0.59804064,0.0,0.0
0.7416922,0.0,0.0
0.6804871,0.0,0.0019070443
0.6142167,0.0,0.015570088
0.5277884,0.0,0.36816132
0.7174594,0.0,0.35933733
0.8870541,0.0,0.72069436
0.7585945,0.0,0.37976104
0.7573128,0.0,0.053897902
0.72317547,0.0,0.29597917
0.8752268,0.0,2.3365565e-05
0.55459505,0.0,0.38150185
0.632948,0.0,0.2548461
0.24738626,0.0,0.42823777
0.26790977,0.0,0.5390775
0.42628083,0.0,0.0057103774
0.7899384,0.0,0.0
0.6317461,0.0,0.29785785
0.5182373,0.0,0.28476363
0.9158686,0.0,0.0011089594
0.67269105,0.0,0.04524959
0.70229125,0.0,0.3558212
0.4983146,0.0,0.17155324
0.93323606,0.0,0.00087444345
0.6779143,0.0,0.19763888
0.6384725,0.0,0.12627219
0.8623616,0.0,0.014961347
0.93601954,0.0,0.018770173
0.8872922,0.0,0.01876845
0.77165496,0.0,0.28692427
0.49650496,0.0,0.080910176
0.6290483,0.0,0.6851584
0.3891659,0.0,0.47501433
0.38190567,0.0,0.9235179
0.5288408,0.0,0.55231744
0.6854371,0.0,0.19766718
0.31891948,0.0,0.6784935
0.74422693,0.0,0.22369711
0.41347027,0.0,0.352769
0.8742308,0.0,0.04264445
0.6260345,0.0,0.35678825
0.2600574,0.0,0.5728574
0.80799556,0.0,0.015993135
0.7596532,0.0,0.26536262
0.94140136,0.0,0.0054488024
0.51235116,0.0,0.07306399
0.46363038,0.0,0.0
0.5022437,0.0,0.0
0.45579782,0.0,0.0003909551
0.6911791,0.0,0.0143750785
0.32397968,0.0,0.0
0.8148053,0.0,0.0576077
0.49489123,0.0,0.1641487
0.37784535,0.0,0.3366744
0.48999497,0.0,0.31633458
0.601564,0.0,0.4264679
0.5779363,0.0,0.6492301
0.6636716,0.0,0.40543658
0.48386797,0.0,0.013668912
0.6632763,0.0,0.21367896
0.7583086,0.0,0.0017564263
0.5564659,0.0,0.12809123
0.19046472,0.0,0.20241886
0.84629464,0.0,0.0
0.88619906,0.0,0.0
0.5259429,0.0,0.36350068
0.37907025,0.0,0.19874562
0.69312626,0.0,0.005065138
0.52387524,0.0,0.18062167
0.2703943,0.0,0.5272726
0.29717472,0.0,0.21286549
0.46244285,0.0,0.25785258
0.4868997,0.0,0.29687363
0.5811233,0.0,0.6512537
0.62762815,0.0,0.8086644
0.47415596,0.0,0.391135
0.26575974,0.0,0.8857366
0.27585205,0.0,0.36246246
0.24497339,0.0,0.24278459
0.4103584,0.0,0.26760754
0.8425477,0.0,0.023660604
0.5205106,0.0,0.095915616
0.867568,0.0,0.017781405
0.8331992,0.0,0.03316316
0.815213,0.0,0.030453399
0.8582936,0.0,0.010665747
0.82416123,0.0,0.037668686
0.8373227,0.0,0.33231473
0.5757187,0.0,0.0012015277
0.88976526,0.0,0.28193453
0.92647946,0.0,0.28228706
0.89074385,0.0,0.64752626
0.7208099,0.0,0.16205226
0.84545004,0.0,0.44285342
0.7608379,0.0,0.49199602
0.7463812,0.0,0.027057206
0.91661215,0.0,0.095869124
0.53374624,0.0,0.18085569
0.4024628,0.0,0.35532886
0.89829373,0.0,0.01581903
0.8686923,0.0,0.01970464
0.5685976,0.0,0.6136888
0.48994848,0.0,0.28014827
0.61605775,0.0,0.36241764
0.7352377,0.0,0.3098646
0.84198016,0.0,0.022829395
0.7097775,0.0,0.15663894
0.9202817,0.0,0.09830248
0.9092541,0.0,0.005572521
0.33857098,0.0,0.009580487
0.6633347,0.0,0.006681971
0.8000907,0.0,0.012218198
0.69604564,0.0,0.0035421231
0.7659713,0.0,0.082581945
0.83387524,0.0,0.10567099
0.74076813,0.0,0.64057404
0.42570382,0.0,0.20106576
0.50460595,1.0,0.6713073
0.6790544,1.0,0.5951901
0.5436902,0.0,0.09628836
0.50031555,1.0,0.045856524
0.6776506,1.0,0.13472024
0.5535284,1.0,0.5350185
0.71809065,1.0,0.4966401
0.45542064,1.0,0.29017413
0.8191117,0.0,0.047317676
0.38889405,1.0,0.3777034
0.43616405,1.0,0.28067416
0.71270335,0.0,0.050809216
0.68434566,0.0,0.005439097
0.33786562,1.0,0.32990745
0.25663498,0.0,0.46418276
0.8812448,0.0,0.0007933766
0.72899973,0.0,0.028230764
0.23829834,0.0,0.5897575
0.77475536,0.0,0.33126426
0.778376,0.0,0.14435484
0.16319141,0.0,0.66668105
0.6150435,0.0,0.6378711
0.6574201,0.0,0.029084979
0.5535132,0.0,0.4565027
0.8379605,0.0,0.0
0.8179498,0.0,0.013563798
0.69883484,0.0,0.0056668026
0.81568664,0.0,0.0
0.833635,0.0,0.007138909
0.8936203,0.0,0.043454807
0.8980169,0.0,0.0
0.7471139,0.0,0.1513082
0.47611246,1.0,0.29768175
0.6451624,1.0,0.70796114
0.6735782,1.0,0.22804342
0.6499603,1.0,0.7470775
0.6057533,0.0,0.07258548
0.66976094,1.0,0.23728317
0.76408595,0.0,0.078419246
0.21445945,1.0,0.4176469
0.70309985,1.0,0.09703073
0.60489887,1.0,0.5641213
0.38898227,1.0,0.47455683
0.88141,0.0,0.0
0.7237712,1.0,0.4299514
0.74037385,1.0,0.5806416
0.7046495,1.0,0.2456918
0.9286417,0.0,0.06079829
0.6371246,0.0,0.036093727
0.37959185,0.0,0.3385737
0.49376297,1.0,0.22630073
0.78336084,0.0,0.0009500877
0.55302614,0.0,0.091593646
0.12758441,0.0,0.58949155
0.5342357,0.0,0.25136515
0.3805375,0.0,0.61322093
0.469176,0.0,0.10874945
0.7953999,0.0,0.035850372
0.4967697,0.0,0.023809118
0.4701111,0.0,0.0
0.9621762,0.0,0.009200495
0.8778191,0.0,0.0
0.90800345,0.0,0.0
0.68699175,0.0,0.10761831
0.6679816,0.0,0.022717327
0.8913044,0.0,0.060394056
0.8929497,0.0,0.19872491
0.45129344,0.0,0.22742906
0.5485813,0.0,0.017370977
0.24977434,0.0,0.36522734
0.5558049,0.0,0.5216363
0.74330676,0.0,0.24123521
0.2192356,0.0,0.48934427
0.70883167,0.0,0.022790466
0.30619818,0.0,0.012326058
0.44577783,0.0,0.3013242
0.8217087,1.0,0.46361384
0.95444524,0.0,0.0
0.5489375,0.0,0.22606742
0.6447387,1.0,0.51665896
0.80988985,1.0,0.14181358
0.5656933,0.0,0.0072923237
0.3541251,0.0,1.0
0.25576267,0.0,0.76299274
0.3094666,0.0,0.49159017
0.29000184,0.0,0.59511065
0.46914452,0.0,0.6756217
0.2586174,0.0,0.7152031
0.36574048,0.0,0.56849104
0.5671542,1.0,0.58944017
0.33314455,1.0,0.26335615
0.51944506,0.0,0.26211172
0.339249,1.0,0.3729111
0.7611638,0.0,0.41476968
0.4586141,1.0,0.6783576
0.7898508,0.0,0.113230586
0.64908093,1.0,0.6114179
0.5156638,0.0,0.35032958
0.93297607,0.0,0.0032129597
0.48135743,0.0,0.15599445
0.83130574,1.0,0.017768828
0.83848304,1.0,0.35350165
0.54656076,1.0,0.29184225
0.87552524,0.0,0.015616362
0.66955656,0.0,0.14679298
0.75509983,0.0,0.10488795
0.62392503,0.0,0.0
0.5260613,0.0,0.19308197
0.8360626,0.0,0.040313642
0.64040494,0.0,0.064592466
0.23642175,0.0,0.63847613
0.5098781,0.0,0.39670753
0.31564465,0.0,0.3801352
0.16101511,0.0,0.7950873
0.36207297,0.0,0.60772866
0.44043085,0.0,0.25404912
0.09801524,0.0,0.2208333
0.1987884,0.0,0.36594212
0.18829139,0.0,0.48563895
0.58695674,0.0,0.0888674
0.8066325,0.0,0.06424854
0.58344907,0.0,0.15096489
0.6873398,0.0,0.047562256
0.94667506,0.0,0.028762186
0.4561165,0.0,0.051072706
0.82381207,0.0,0.1677897
0.5661955,0.0,2.324152e-06
0.38853452,0.0,0.13287513
0.5274463,0.0,0.2737986
0.3590944,0.0,0.1135182
0.43054625,0.0,0.06932738
0.6017325,0.0,0.13878837
0.82638365,0.0,0.0
0.7475591,0.0,0.0
0.6123635,0.0,0.0
0.6470267,0.0,0.009915744
0.44371858,0.0,0.15650803
0.21295194,0.0,0.8571572
0.467815,0.0,0.37160158
0.4511874,0.0,0.040819757
0.9517505,0.0,0.0
0.7975857,0.0,0.012678459
0.8802659,0.0,0.038700394
0.48401034,0.0,0.001567334
0.05468566,0.0,0.2968377
0.757865,0.0,0.004772762
0.14827015,0.0,0.6586352
0.19936618,0.0,0.32185712
0.56300783,0.0,0.0
0.2910097,0.0,0.12660569
0.30508724,0.0,0.2848178
0.62737346,0.0,0.19998571
0.3236299,0.0,0.13995144
0.24123968,0.0,0.6265007
0.2635699,0.0,0.54488665
0.273625,0.0,0.78126603
0.18934906,0.0,0.26722494
0.072817385,1.0,0.3293375
0.13378602,1.0,0.47513005
0.10033824,1.0,0.59388375
0.09506959,1.0,0.502581
0.3475298,0.0,0.37231416
0.29151672,0.0,0.28657427
0.17643853,0.0,0.603294
0.27652827,0.0,0.33904052
0.6088161,0.0,0.22925647
0.16808465,0.0,0.699708
0.46495607,0.0,0.26020566
0.63402915,0.0,0.26941496
0.3399385,0.0,0.37154093
0.70174503,0.0,0.02228792
0.16860284,0.0,0.6002567
0.41243476,0.0,0.12961918
0.4991927,0.0,0.48773965
0.53338027,0.0,0.17580807
0.26908854,0.0,0.60563964
0.932467,0.0,0.06987617
0.6147399,0.0,0.08138792
0.18227684,0.0,0.05674076
0.96114343,0.0,0.017311228
0.6028647,0.0,0.10042676
0.7343127,0.0,0.13506609
0.8174313,0.0,0.0072176047
0.41298088,0.0,0.24925636
0.45890063,0.0,0.19914341
0.39954376,0.0,0.069977045
0.62993497,0.0,0.16939536
0.6554693,0.0,0.021785302
0.938116,0.0,0.0
0.8561306,0.0,0.0006657614
0.7326568,0.0,0.0
0.47208878,0.0,0.00068864075
0.783724,0.0,0.0
0.53502274,0.0,0.19058834
0.86118025,0.0,0.0057235123
0.75612473,0.0,0.70120335
0.5460815,0.0,0.635219
0.74473983,0.0,0.49806944
0.37845907,0.0,0.053298447
0.79199106,0.0,0.0
0.94073415,0.0,0.07126066
0.97743815,0.0,0.0
0.9510132,0.0,0.0
0.84602356,0.0,0.0
0.94018745,0.0,0.0002537965
0.271198,0.0,0.0045075943
0.8674947,0.0,0.0
0.24430418,0.0,0.08874305
0.6289831,0.0,0.028929112
0.9290743,0.0,0.07558357
0.68999106,0.0,0.32247314
0.4101992,0.0,0.112319075
0.35462368,0.0,0.7600538
0.40299153,0.0,0.7286447
0.20745304,0.0,0.23353876
0.31325856,0.0,0.8192506
0.21644327,0.0,0.49820852
0.35458893,0.0,0.08712762
0.1339548,0.0,0.52435696
0.2845703,0.0,0.053252406
0.7273693,0.0,0.024348559
0.7260833,0.0,0.118131526
0.6911693,0.0,0.4053772
0.45040542,0.0,0.14359908
0.25447118,0.0,0.476877
0.610939,0.0,0.07122047
0.61710614,0.0,0.6650303
0.13985929,0.0,0.32343686
0.36815244,0.0,0.46134326
0.46250814,0.0,0.62073296
0.38211015,0.0,0.23114708
0.41439053,0.0,0.0
0.40344852,0.0,0.088220246
0.9066372,0.0,0.015531555
0.7643435,0.0,0.16393712
0.5023509,0.0,0.036182314
0.86169803,0.0,0.018198667
0.3090787,0.0,0.26464197
0.7191053,0.0,0.07018574
0.7210452,0.0,0.0011723507
0.2612126,0.0,0.36417422
0.4178431,0.0,0.41075364
0.39451578,0.0,0.31808668
0.7551965,0.0,0.38046062
0.17863101,0.0,0.15382923
0.25911477,0.0,0.15218236
0.83782476,0.0,0.0
0.94646996,0.0,0.0
0.80523145,0.0,0.0073731234
0.75719035,0.0,0.0
0.46598008,0.0,0.043643147
0.41081685,0.0,0.39643344
0.6691371,0.0,0.25398242
0.3870914,0.0,0.055867292
0.44976497,0.0,0.06702766
0.9667017,0.0,0.012297341
0.5674458,0.0,0.12470758
0.8165223,0.0,0.0015615107
0.86228263,0.0,0.0012023227
0.52449214,0.0,0.28211135
0.9350075,0.0,0.022615468
0.5408138,0.0,0.28553146
0.34150997,0.0,0.50085294
0.30670628,0.0,0.3696
0.66643023,0.0,0.2212052
0.2591048,0.0,0.5376116
0.32211584,0.0,0.42997342
0.41516212,0.0,0.37088546
0.7753912,0.0,0.12338421
0.25593698,0.0,0.4511081
0.47292194,0.0,0.1325768
0.19884455,0.0,0.52404684
0.08508611,0.0,0.31202862
0.2760518,0.0,0.70110744
0.26851448,0.0,0.1753733
0.07515245,0.0,0.24161854
0.87696934,0.0,0.016099654
0.87562317,0.0,0.068080254
0.37944284,0.0,0.0
0.6263367,0.0,0.0
0.19625053,0.0,0.060455814
0.7806788,0.0,0.040289443
0.8066052,0.0,0.06782925
0.42324767,0.0,0.3164247
0.84526944,0.0,0.5593586
0.3869551,0.0,0.042593338
0.6947843,0.0,0.6456032
0.78722477,0.0,0.18998525
0.9485195,0.0,0.0
0.973943,0.0,0.0
0.59340364,0.0,0.0
0.7625887,0.0,0.0
0.3031106,0.0,0.1216517
0.14567506,0.0,0.29256052
0.38664812,0.0,0.46259972
0.5555864,0.0,0.002157384
0.35650742,0.0,0.15058184
0.9681603,0.0,0.0038435445
0.6882285,0.0,0.035238776
0.89428884,0.0,0.039086007
0.9408175,0.0,0.0555431
0.36706743,0.0,0.24772868
0.5484737,0.0,0.20240124
0.16462548,0.0,0.56815714
0.83371943,0.0,0.08555294
0.102341816,0.0,0.4748786
0.06190996,0.0,0.44953546
0.4804036,0.0,0.4611429
0.4403259,0.0,0.3175399
0.1330626,0.0,0.4418453
0.83110476,0.0,0.0070614917
0.16349454,0.0,0.32090035
0.2789547,0.0,0.21738462
0.5503715,0.0,0.006677614
0.40627915,0.0,0.7231851
0.794597,0.0,0.38656864
0.766351,0.0,0.14534163
0.33297113,0.0,0.46378118
0.3132361,0.0,0.7553244
0.21315779,0.0,0.5948719
0.10322247,0.0,0.56942266
0.33465192,0.0,0.5008344
0.6342686,0.0,0.11151359
0.2442694,0.0,0.15385173
0.9359031,0.0,0.0
0.96700656,0.0,0.0039255195
0.59413755,0.0,0.024959061
0.8333738,0.0,0.014213197
0.79530394,0.0,0.11147921
0.82072484,0.0,0.05107238
0.92225,0.0,0.045429446
0.82882655,0.0,0.18411362
0.7062418,0.0,0.5050432
0.9223512,0.0,0.24011755
0.88940364,0.0,0.098622516
0.97511363,0.0,0.0
0.93844336,0.0,0.001479376
0.9402923,0.0,0.0
0.9027537,0.0,0.0
0.7510761,0.0,0.011016261
0.544053,0.0,0.04182663
0.3355433,0.0,0.12297561
0.7398788,0.0,0.14521834
0.6843461,0.0,0.5928868
0.7066263,0.0,0.35499656
0.19006447,0.0,0.24827671
0.6502645,0.0,0.14680086
0.7593683,0.0,0.5884767
0.663862,0.0,0.4203865
0.5645737,0.0,0.29762778
0.7092393,0.0,0.045537397
0.84813327,0.0,0.10921623
0.96309227,0.0,0.0027846426
0.93296164,0.0,0.0
0.92201096,0.0,0.025896482
0.8505822,0.0,0.009368441
0.7980651,0.0,0.24026777
0.74549025,0.0,0.028825859
0.32262236,0.0,0.24137768
0.40329516,0.0,0.39225546
0.27844754,0.0,0.8814403
0.12683998,0.0,0.54334253
0.11360939,0.0,0.3149993
0.09577018,0.0,0.85501933
0.08395542,0.0,0.46478748
0.21574752,0.0,0.6602945
0.20419785,0.0,0.2928067
0.52115726,0.0,0.39848998
0.5317887,0.0,0.11630898
0.42227042,0.0,0.25658843
0.32004043,0.0,0.17678323
0.80215704,0.0,0.01739969
0.47704807,1.0,0.2800591
0.2440577,1.0,0.24288605
0.5785786,1.0,0.1400952
0.75585145,0.0,0.009400337
0.7541053,1.0,0.5507916
0.7579287,0.0,0.22439891
0.8448129,1.0,0.38473254
0.41084698,0.0,0.111428164
0.2616321,0.0,0.43413925
0.10037314,0.0,0.4152821
0.437563,0.0,0.008084778
0.20901588,0.0,0.34775212
0.1899061,0.0,0.04912919
0.36781248,0.0,0.06177724
0.7826567,0.0,0.022809476
0.90520227,0.0,0.066326715
0.96164584,0.0,0.14960419
0.7706854,0.0,0.20669822
0.54315794,0.0,0.2171634
0.5112598,0.0,0.010920398
0.3566132,0.0,0.52634954
0.4042462,0.0,0.4746453
0.78976876,0.0,0.08134235
0.38043416,0.0,0.20272598
0.9264196,0.0,0.0
0.8293299,0.0,0.0031188536
0.96566606,0.0,0.0218725
0.92415106,0.0,0.0061804256
0.83811337,0.0,0.012419286
0.53025925,0.0,0.01624212
0.49257538,0.0,0.01722265
0.74148226,0.0,0.012681361
0.75624543,0.0,0.006893793
0.7246493,1.0,0.14974773
0.65005356,1.0,0.20242615
0.8939721,0.0,0.07546432
0.7231031,0.0,0.077451535
0.87459904,0.0,0.0049162824
0.8930451,0.0,0.004864892
0.63944966,0.0,0.017043404
0.13438034,0.0,0.19661374
0.32724777,0.0,0.16456203
0.12471411,0.0,0.7617314
0.10171161,0.0,0.36862344
0.110346384,0.0,0.63277406
0.30672705,0.0,0.45980465
0.11789987,0.0,0.3326597
0.47097716,0.0,0.04003354
0.46802193,0.0,0.0875966
0.49474165,0.0,0.053485453
0.7605802,0.0,0.08072633
0.5692211,1.0,0.40006724
0.691459,0.0,0.09493663
0.43155113,1.0,0.364663
0.62689924,1.0,0.5850756
0.26354006,1.0,0.7208512
0.24716593,0.0,0.07570701
0.42440373,1.0,0.40678686
0.7064825,0.0,0.0052758614
0.6394108,1.0,0.36866516
0.80809915,1.0,0.062441356
0.54644984,1.0,0.17472139
0.6835752,1.0,0.5354448
0.7578368,1.0,0.13720568
0.52869844,1.0,0.7670382
0.37521747,0.0,0.6985943
0.78125775,1.0,0.6382262
0.52790236,1.0,0.4448368
0.7424585,1.0,0.3558992
0.70104176,0.0,0.008337647
0.8733581,0.0,0.022225056
0.72459227,0.0,0.0053617936
0.97857624,0.0,0.097353026
0.6570736,0.0,0.0
0.98250544,0.0,0.14469506
0.37345603,0.0,0.08785626
0.87675714,0.0,0.07133798
0.43056267,0.0,0.0036816185
0.60848933,0.0,0.16063231
0.532671,0.0,0.046325676
0.101683035,0.0,0.049315877
0.19097409,0.0,0.389175
0.210712,0.0,0.51459944
0.049427703,0.0,0.39352378
0.6562157,0.0,0.0055702496
0.08157011,0.0,0.3243325
0.48606753,0.0,0.21524267
0.6553657,0.0,0.33460367
0.19440077,0.0,0.82493585
0.27267084,0.0,0.6761866
0.256673,0.0,0.4945935
0.09375149,0.0,0.39363807
0.5228946,0.0,0.18852891
0.06361596,0.0,0.6354024
0.6479365,0.0,0.2645561
0.69154054,0.0,0.06385076
0.59440464,0.0,0.04069147
0.8481248,0.0,0.0
0.9367811,0.0,0.0022838353
0.94007725,0.0,0.0
0.95234835,0.0,0.011061277
0.8880606,0.0,0.010866173
0.840422,0.0,0.0040751863
0.6472398,0.0,0.03311015
0.6155661,0.0,0.07618314
0.7466135,0.0,0.05838678
0.74922734,0.0,0.013159822
0.9647412,0.0,0.0
0.9242603,0.0,0.014254615
0.88192075,0.0,0.0057791886
0.8328613,1.0,0.04420161
0.4154275,0.0,0.012200441
0.9345159,0.0,0.0039389348
0.900017,0.0,0.08252995
0.38950923,0.0,0.102273755
0.5672478,0.0,0.43722957
0.37235644,0.0,0.14567667
0.096461214,0.0,0.78237087
0.22600189,0.0,0.6891174
0.7739803,0.0,0.29823422
0.17481585,0.0,0.7537223
0.17130975,0.0,0.5724155
0.49535698,0.0,0.09880812
0.47473052,0.0,0.18696237
0.32121605,0.0,0.40297487
0.14457555,0.0,0.5109524
0.46167973,0.0,0.39347234
0.11732559,0.0,0.37024176
0.20977092,0.0,0.8493854
0.7879407,0.0,0.19579157
0.28402925,0.0,0.48928785
0.35655123,0.0,0.3403504
0.3165375,0.0,0.67998856
0.26724842,0.0,0.49332097
0.16190755,0.0,0.13383193
0.114046015,0.0,0.12775484
0.22927347,0.0,0.44724026
0.1722565,0.0,0.22731258
0.4498165,0.0,0.6284042
0.45095766,0.0,0.7396918
0.20336273,0.0,0.5063459
0.317739,0.0,0.715514
0.29954207,0.0,0.6300619
0.16235314,0.0,1.0
