gate_value,label,rsa
0.6016149,0.0,1.0
0.57362884,0.0,0.5353275
0.61079407,0.0,0.38324952
0.6321585,0.0,0.44901684
0.7493954,0.0,0.10551902
0.40858597,0.0,0.6452038
0.8545648,0.0,0.054535266
0.593312,0.0,0.33768982
0.6169956,0.0,0.48117802
0.87167746,0.0,0.68261296
0.66433454,0.0,0.10435704
0.9698113,0.0,0.50092673
0.8883513,0.0,0.08586629
0.92235893,0.0,0.21716584
0.7446205,0.0,0.0
0.94185793,0.0,0.49438912
0.94359756,0.0,0.06222903
0.8718124,0.0,0.6576885
0.8187081,0.0,0.13248798
0.844417,0.0,0.80548954
0.8560565,0.0,0.3786326
0.9510283,0.0,0.41795695
0.6661598,0.0,0.01690362
0.3663895,0.0,0.5994762
0.26711905,1.0,0.39593157
0.76056254,0.0,0.007913774
0.18898146,1.0,0.17136566
0.16595088,0.0,0.0
0.11620697,1.0,0.16650604
0.15154809,0.0,0.12192892
0.568477,0.0,0.42825627
0.5920724,1.0,0.8978357
0.64831895,1.0,0.454001
0.53582895,1.0,0.29796952
0.4131388,0.0,0.0010141023
0.46232313,0.0,0.0
0.154644,1.0,0.23533353
0.5522352,0.0,0.03346708
0.2588117,1.0,0.3570579
0.8176936,0.0,0.685494
0.8411323,0.0,0.73232806
0.79746395,1.0,0.41766113
0.51476336,0.0,0.26294753
0.39785492,1.0,0.57511264
0.4986084,0.0,0.07650758
0.24518837,1.0,0.27255532
0.6830225,1.0,0.66504216
0.5613795,0.0,0.45981467
0.50631547,0.0,0.13603827
0.82299334,0.0,0.41062877
0.97418684,0.0,0.57411647
0.74227333,0.0,0.42220953
0.8884626,0.0,0.058965124
0.58835286,0.0,0.5837476
0.3296651,0.0,0.060596604
0.92260206,0.0,0.27484265
0.7646758,0.0,0.5375962
0.8417966,0.0,0.5497188
0.9050813,0.0,0.252522
0.853977,0.0,0.0
0.9645554,0.0,0.07523088
0.6587711,0.0,0.0
0.8385975,0.0,0.15123133
0.78847265,0.0,0.00064135937
0.81755865,0.0,0.34672672
0.94801295,0.0,0.30397362
0.8809091,0.0,0.019728312
0.9488754,0.0,0.31837684
0.8653786,0.0,0.5885045
0.86597437,0.0,0.49137974
0.84653276,0.0,0.051772203
0.8912406,0.0,0.34960687
0.86423534,0.0,0.15333788
0.7963605,0.0,0.25880858
0.577515,0.0,0.0
0.7679011,0.0,0.16089194
0.68478054,0.0,0.0
0.18132119,1.0,0.3069134
0.540091,0.0,0.067330085
0.36722112,1.0,0.6109186
0.70366496,0.0,0.37437087
0.7348392,1.0,0.11538508
0.35926154,0.0,0.80395746
0.8082272,1.0,0.6088014
0.2182638,1.0,0.26068473
0.7137558,0.0,0.09736703
0.7004199,0.0,0.3504192
0.72008556,0.0,0.032894693
0.75456303,0.0,0.3062043
0.64350724,0.0,0.0
0.3808844,0.0,0.36771226
0.6343592,0.0,0.20619415
0.6296226,0.0,0.29191816
0.9352341,0.0,0.7612267
0.5047599,0.0,0.98852354
0.90629536,0.0,0.4600668
0.89827406,0.0,0.3133389
0.90157527,0.0,0.417662
0.8580459,0.0,0.024883138
0.9259821,0.0,0.3331595
0.9224552,0.0,0.35458463
0.8220873,0.0,0.09663953
0.87926346,0.0,0.0
0.9357914,0.0,0.3439729
0.9384587,0.0,0.40394467
0.8439131,0.0,0.0
0.92417216,0.0,0.12360801
0.93268585,0.0,0.5509112
0.8390393,0.0,0.5558273
0.97372323,0.0,0.029784348
0.735022,0.0,0.5863978
0.7503387,0.0,0.08677908
0.65259576,0.0,0.4167594
0.91917723,0.0,0.0009433978
0.76575345,0.0,0.0
0.8427197,0.0,0.0
0.9365678,0.0,0.018812349
0.7830614,0.0,0.0
0.9288809,0.0,0.06649278
0.9553202,0.0,0.16322103
0.92341465,0.0,0.11700425
0.88781923,0.0,0.62633973
0.91586107,0.0,0.4691279
0.947646,0.0,0.19748224
0.9584772,0.0,0.46150708
0.86453086,0.0,0.40803525
0.80333894,0.0,0.16484639
0.66632324,0.0,0.07408277
0.8938359,0.0,0.40036118
0.8894342,0.0,0.18844841
0.82699883,0.0,0.26334232
0.8794971,0.0,0.13291377
0.9457456,0.0,0.6378437
0.83978397,0.0,0.24721283
0.7896735,0.0,0.4623618
0.70829606,0.0,0.0014202622
0.74215484,0.0,0.02743532
0.9098724,0.0,0.009987754
0.56806326,0.0,0.0009966722
0.24029604,1.0,0.07745558
0.78278184,0.0,0.00011384324
0.92105925,0.0,0.0005915062
0.5660519,0.0,0.0
0.9584824,0.0,0.0
0.94684154,0.0,0.0060458523
0.88334846,0.0,0.0
0.7035698,0.0,0.0
0.84145486,0.0,0.0
0.90764296,0.0,0.027199943
0.86281574,0.0,0.00017367833
0.8311765,0.0,0.0053764093
0.89929956,0.0,0.21670564
0.61470944,0.0,0.24883121
0.91679466,0.0,0.24129036
0.86439234,0.0,0.31530026
0.77634203,0.0,0.57325345
0.87662566,0.0,0.6270637
0.8229054,0.0,0.502269
0.7234166,0.0,0.038374342
0.6749018,0.0,0.4567881
0.86385274,0.0,0.162226
0.8958501,0.0,0.59056383
0.6744708,0.0,0.34538817
0.90268165,0.0,0.41042683
0.7620075,0.0,0.112718835
0.9253915,0.0,0.55339533
0.91523415,0.0,0.043534286
0.9095305,1.0,0.55243987
0.74570554,1.0,0.53491277
0.8700955,1.0,0.6549659
0.9396342,1.0,0.36112392
0.9286998,1.0,0.20577131
0.9257876,1.0,0.30615684
0.66243196,1.0,0.56464106
0.5986557,1.0,0.47823873
0.91849154,1.0,0.0459825
0.95162517,1.0,0.24910313
0.94276977,1.0,0.21523117
0.7345276,0.0,0.0
0.9045645,1.0,0.43328488
0.81382644,1.0,0.6557332
0.9318931,1.0,0.22789411
0.8971586,0.0,0.2856792
0.78483117,1.0,0.7875656
0.81854755,0.0,0.39921388
0.7655892,0.0,0.013433883
0.8878279,0.0,0.010172701
0.9532118,0.0,0.18891257
0.86264575,0.0,0.0
0.8702149,0.0,0.10827307
0.62512475,0.0,0.3795607
0.70012105,0.0,0.0
0.8448352,0.0,0.0
0.9137586,0.0,0.24980405
0.73334914,0.0,0.0279737
0.7820754,0.0,0.0
0.90481484,0.0,0.0
0.6779145,0.0,0.07697757
0.72472465,1.0,0.321015
0.42989323,1.0,0.106017984
0.6458949,0.0,0.0
0.101334676,1.0,0.07472225
0.54214555,0.0,0.012730518
0.65137565,0.0,0.0
0.39827037,0.0,0.0
0.28538275,0.0,0.10096266
0.7852627,0.0,0.15398085
0.6540378,0.0,0.0
0.6160238,0.0,0.0
0.6799883,0.0,0.47288728
0.87650394,0.0,0.18911964
0.768931,0.0,0.12175759
0.36135194,0.0,0.48862684
0.47301757,0.0,0.06288131
0.69251376,0.0,0.07603056
0.620479,0.0,0.6163971
0.4004009,0.0,0.18588135
0.85157186,0.0,0.0065038134
0.8590118,0.0,0.14377326
0.77662045,0.0,0.3968081
0.72933364,0.0,0.09762643
0.909193,0.0,0.005803513
0.7384101,0.0,0.32766765
0.75675344,0.0,0.6669681
0.8683869,0.0,0.046732545
0.89974964,0.0,0.41955024
0.85825,0.0,0.035651688
0.83272916,0.0,0.5736476
0.9124768,0.0,0.44142023
0.92469555,0.0,0.004225565
0.6658713,0.0,0.28127638
0.93837166,0.0,0.02202405
0.5359722,0.0,0.2726607
0.33554417,0.0,0.12649538
0.7027298,0.0,0.34586242
0.45054668,0.0,0.012565928
0.4116449,1.0,0.24812394
0.42770877,1.0,0.4560473
0.6515518,0.0,0.008477724
0.88952446,1.0,0.11337082
0.91743827,1.0,0.27972445
0.94228125,0.0,0.07372068
0.8297699,0.0,0.30301684
0.781338,0.0,0.5685911
0.8091358,0.0,0.75132704
0.6884429,0.0,0.1546574
0.7737369,0.0,0.16692267
0.5691212,0.0,0.33317667
0.6674411,0.0,0.0030808502
0.4552342,0.0,0.0047957227
0.8810291,0.0,0.0026793755
0.95429456,0.0,0.03564905
0.8987273,0.0,0.0
0.8154742,0.0,0.24144398
0.8929257,0.0,0.105200805
0.86068803,0.0,0.0013597116
0.956286,0.0,0.0
0.65505815,0.0,0.2769362
0.62068963,0.0,0.0044722143
0.6903765,0.0,0.011298133
0.88486975,0.0,0.23992863
0.7093243,0.0,0.18574412
0.40278012,0.0,0.0022779151
0.5309409,0.0,0.07579632
0.82007664,0.0,0.28019786
0.72390336,0.0,0.30087304
0.72902524,0.0,0.6944005
0.68748826,0.0,0.44056848
0.8777551,0.0,0.02335012
0.9481652,0.0,0.31579763
0.8431941,0.0,0.42244655
0.88596004,0.0,0.7162987
0.917376,0.0,0.041410092
0.95538586,0.0,0.11797847
0.8407461,0.0,0.6126012
0.7204433,0.0,0.23423555
0.6955719,0.0,3.7932765e-05
0.6828466,0.0,0.30507034
0.81475055,0.0,0.3756085
0.82145274,0.0,0.04899806
0.9257876,0.0,0.0027182852
0.884027,0.0,0.2565204
0.8847621,0.0,0.23909566
0.9131702,0.0,0.0049371757
0.83163595,1.0,0.48875406
0.7285317,1.0,0.4551816
0.62008077,0.0,0.07614828
0.92850435,0.0,0.0010927214
0.9299769,1.0,0.42576522
0.87545866,0.0,0.55627763
0.9315655,0.0,0.16761322
0.73581934,0.0,0.3725219
0.8757841,0.0,0.5521467
0.9370525,0.0,0.65850097
0.9789755,0.0,0.14564146
0.95362467,0.0,0.4230146
0.815816,0.0,0.8356506
0.94898456,0.0,0.28152493
0.9564994,0.0,0.12875868
0.84297645,0.0,0.18297601
0.98987013,0.0,0.06061959
0.9357991,0.0,0.0
0.6917982,0.0,0.0015454063
0.48492762,0.0,0.0019277731
0.8175129,1.0,0.056466695
0.4895882,1.0,0.036599763
0.45419613,1.0,0.37569487
0.6183923,1.0,0.18873289
0.6116976,1.0,0.43608856
0.5695045,0.0,0.3676562
0.703934,0.0,0.08550111
0.7545663,0.0,0.002458711
0.41788888,1.0,0.12448542
0.894547,0.0,0.008731655
0.7910723,0.0,0.088169105
0.94824517,0.0,0.0
0.89771,0.0,0.044877704
0.92108524,0.0,0.007790899
0.87349826,0.0,0.060353253
0.8038786,0.0,0.0
0.9272831,0.0,0.18162753
0.7039922,0.0,0.6914421
0.9430255,0.0,0.56147
0.938494,0.0,0.5271449
0.94201785,0.0,0.12688673
0.9494128,0.0,0.19736464
0.9434523,0.0,0.030462608
0.98147297,0.0,0.00076989376
0.95603067,0.0,0.04976491
0.8960214,0.0,0.0
0.86009616,0.0,0.018741315
0.71505225,0.0,0.0011533113
0.89458007,0.0,0.0039549
0.5280083,0.0,0.06521563
0.9437495,0.0,0.29349738
0.8672775,0.0,0.024954563
0.85353893,0.0,0.78435427
0.95290536,0.0,0.1697914
0.7201135,0.0,0.34255597
0.60813034,1.0,0.4879494
0.74326813,0.0,0.40752885
0.88866365,0.0,0.41065666
0.88301295,0.0,0.071536265
0.8131031,1.0,0.28710654
0.8799327,0.0,0.506288
0.905853,0.0,0.090103194
0.8376241,0.0,0.11755169
0.93743384,0.0,0.43304324
0.8770249,0.0,0.20659429
0.84309703,0.0,0.0
0.9179928,0.0,0.16145703
0.8596429,0.0,0.28309268
0.9282265,0.0,0.0
0.73547935,0.0,0.004877698
0.8565884,0.0,0.19073322
0.9063587,0.0,0.4559768
0.92561007,0.0,0.22049896
0.71536905,0.0,0.055142798
0.88138473,0.0,0.70282143
0.76610315,0.0,0.34618214
0.9636767,0.0,0.16028383
0.9856865,0.0,0.3210754
0.9211234,0.0,0.00022235334
0.9173406,0.0,0.19211408
0.98010755,0.0,0.0017892272
0.9466362,0.0,0.35578656
0.95262533,0.0,0.37368354
0.9565196,0.0,0.0
0.8850847,0.0,0.09225969
0.9737673,0.0,0.06018789
0.9271565,0.0,0.1632073
0.9527874,0.0,0.27488643
0.79379207,0.0,0.49755153
0.61244124,0.0,0.5700326
0.7961005,0.0,0.7077677
0.68474627,0.0,0.3404362
0.50925195,0.0,0.86775494
0.8898824,0.0,0.61555463
0.73396206,0.0,0.37942922
0.92128414,0.0,0.47627258
0.91454935,0.0,0.46049467
0.7848807,0.0,0.045659576
0.94920987,0.0,6.881211e-05
0.96589893,0.0,0.19750686
0.9748745,0.0,0.4594297
0.971245,0.0,0.0060296245
0.90825707,0.0,0.34519902
0.95401967,0.0,0.021048574
0.92459834,0.0,0.28319415
0.9572914,0.0,0.00045970306
0.8501185,0.0,0.36186442
0.9011593,0.0,0.60754293
0.9424946,0.0,0.22561893
0.9586515,0.0,0.17203802
0.94167084,0.0,0.00078136654
0.92898417,0.0,0.0
0.8992121,0.0,0.0
0.87276816,0.0,0.0
0.8015534,0.0,0.010244152
0.6136894,0.0,0.098727114
0.9033194,1.0,0.4289578
0.49276862,1.0,0.7294594
0.9060308,0.0,0.41555735
0.81447005,0.0,0.013948122
0.93582344,0.0,0.093311384
0.8722083,0.0,0.06915912
0.3618291,0.0,0.23369661
0.8440407,0.0,0.08934549
0.96863014,0.0,0.00029485216
0.7841369,0.0,0.0
0.31471884,0.0,0.23215407
0.7454692,0.0,0.0154348165
0.7200497,0.0,0.0
0.4574547,0.0,0.0
0.8749834,0.0,0.12888849
0.4359821,0.0,0.46694344
0.6040262,0.0,0.1957744
0.78154886,0.0,0.63826907
0.96969116,0.0,0.19340123
0.87262005,0.0,0.29931113
0.7286566,0.0,0.3196015
0.5900553,0.0,0.26887423
0.71536815,0.0,0.24321315
0.8192575,0.0,0.0689565
0.84880847,0.0,0.18486942
0.5558025,0.0,0.023595357
0.7128677,0.0,0.45669627
0.7971019,0.0,0.40371737
0.81821,0.0,0.43652692
0.8419822,0.0,0.6435932
0.87831956,0.0,0.32266584
0.7570399,0.0,0.4959078
0.7972105,0.0,0.21530291
0.4533301,0.0,0.62348646
0.8751662,0.0,0.36166772
0.81951374,0.0,0.02373506
0.82063234,0.0,0.2677897
0.89943343,0.0,0.39852887
0.9109148,0.0,0.19725743
0.8957837,0.0,0.0020810696
0.90680486,0.0,0.021122908
0.75154513,0.0,0.08952482
0.6807109,0.0,0.016372463
0.28009638,0.0,0.3334406
0.1996522,0.0,0.38012034
0.1723767,1.0,0.33364606
0.29024175,0.0,0.049938142
0.24559847,0.0,0.095794156
0.5109971,0.0,0.54095435
0.3710386,0.0,0.52034575
0.64960015,0.0,0.19581601
0.43877017,0.0,0.54026365
0.3668262,0.0,0.12167484
0.32368883,1.0,0.6596174
0.67094463,1.0,0.38495988
0.9865807,0.0,0.00021461386
0.9310736,0.0,0.15922678
0.60075325,0.0,0.32135805
0.56280416,0.0,0.06885279
0.8210417,0.0,0.0
0.94703674,0.0,0.07318666
0.49835563,0.0,0.5537779
0.3248674,0.0,0.21463421
0.8935674,0.0,0.00024199404
0.61214286,0.0,0.33499604
0.52501005,0.0,0.6049328
0.72214377,0.0,0.24409789
0.76202047,0.0,0.16464278
0.84191304,0.0,0.5170529
0.8579354,0.0,0.7263181
0.7760566,0.0,0.48267052
0.8657188,0.0,0.44636056
0.78150874,0.0,0.16668041
0.85543203,0.0,0.36892143
0.95062095,0.0,0.42364952
0.90892106,0.0,0.097317725
0.82987666,0.0,0.0
0.9516127,0.0,0.38084617
0.83864546,0.0,0.5522761
0.7572095,0.0,0.03986427
0.92593026,0.0,0.0006590103
0.93244874,0.0,0.31916276
0.7621184,0.0,0.15173109
0.54221076,0.0,0.009320033
0.8093062,0.0,0.5122715
0.7053938,0.0,0.0039121886
0.8782577,0.0,0.36234042
0.88174844,0.0,0.09132456
0.84909564,0.0,0.51056856
0.59435624,0.0,0.4161799
0.75663877,0.0,0.11162926
0.9473195,0.0,0.25703716
0.78123707,1.0,0.45147356
0.67879665,1.0,0.3626475
0.40488353,1.0,0.4192591
0.34574658,0.0,0.0061901542
0.3617128,1.0,0.67721593
0.15875745,1.0,0.63347775
0.90698636,0.0,0.050362613
0.7929728,0.0,0.38955146
0.49253768,0.0,0.38496006
0.42473844,0.0,0.10905398
0.8143566,0.0,0.17775546
0.73168415,0.0,0.23819427
0.4603504,0.0,0.008361268
0.7361183,0.0,0.07179631
0.85485584,0.0,0.0007933204
0.49580008,0.0,0.027944569
0.6207294,0.0,0.0062976694
0.8072216,0.0,0.0004650013
0.34172288,0.0,0.13704385
0.5388218,0.0,0.15797244
0.714791,0.0,0.03182186
0.6769044,0.0,0.010774108
0.915577,0.0,0.09598554
0.90408754,0.0,0.44686103
0.9629909,0.0,0.0076422975
0.9052631,0.0,0.27188843
0.90937984,0.0,0.0014801179
0.7465512,0.0,0.0
0.8603547,0.0,0.0
0.6222499,0.0,0.0046707764
0.5971293,0.0,0.06823573
0.47902012,0.0,0.0737369
0.661038,0.0,0.038098235
0.791763,0.0,0.08965242
0.35410193,1.0,0.28892908
0.50756127,1.0,0.68452406
0.7954374,1.0,0.08356031
0.74416703,1.0,0.51936114
0.22515208,1.0,0.7614347
0.6689492,0.0,0.552229
0.9211434,0.0,0.011011422
0.85161716,1.0,0.32984826
0.8235627,0.0,0.4832439
0.62250876,0.0,0.23478916
0.6089728,0.0,0.0036611487
0.8921732,0.0,0.11183112
0.7261334,0.0,0.55263203
0.6741532,0.0,0.010129444
0.86856467,0.0,0.0034935488
0.9126556,0.0,0.27113193
0.7930396,0.0,0.22669594
0.6741155,0.0,0.013746891
0.86305714,0.0,0.21811166
0.9184652,0.0,0.7032404
0.9105645,0.0,0.5414986
0.92847824,0.0,0.3692209
0.9516558,0.0,0.19925009
0.9833198,0.0,0.013495129
0.90967834,0.0,0.0
0.85940886,0.0,0.0
0.7312141,0.0,0.00061849004
0.5348679,0.0,0.007047006
0.30139896,0.0,0.015614807
0.21620703,1.0,0.47445965
0.76744336,0.0,0.29546347
0.51991296,0.0,0.09141068
0.61702794,1.0,0.17680967
0.663082,0.0,0.38243416
0.68202484,0.0,0.0064538396
0.8259449,0.0,0.0005955084
0.6674463,0.0,0.25783497
0.8813307,0.0,0.19242796
0.94529146,0.0,0.0121545745
0.78939235,0.0,0.3689184
0.69396895,0.0,0.105147816
0.8980681,0.0,0.0
0.91320956,0.0,0.0
0.89414954,0.0,0.035455
0.5679096,0.0,0.0
0.7532399,0.0,0.23958272
0.49958828,0.0,0.6891543
0.87847126,0.0,0.012941528
0.8904894,0.0,0.4183839
0.9211042,0.0,0.31207892
0.82986283,0.0,0.47975335
0.83078384,0.0,0.11860733
0.8844162,0.0,0.28696463
0.88938016,0.0,0.088207036
0.9295583,0.0,0.3519446
0.75600356,0.0,0.21267603
0.79710007,0.0,0.3293285
0.8354155,0.0,0.3606421
0.9052218,0.0,0.0123317465
0.83656454,0.0,5.1130995e-05
0.8696075,0.0,0.35529825
0.8263968,0.0,0.6144734
0.8986155,0.0,0.18131907
0.9069893,0.0,0.3896484
0.83358693,1.0,0.2528794
0.8159039,1.0,0.6685545
0.7030903,1.0,0.7261793
0.8898534,1.0,0.06692695
0.84497476,1.0,0.3368863
0.83508986,1.0,0.5776575
0.83219045,1.0,0.28824228
0.66607076,0.0,0.028703418
0.8769532,1.0,0.27282873
0.89903104,1.0,0.19941111
0.7894546,0.0,0.01588393
0.76993996,0.0,0.225888
0.78403807,1.0,0.48814884
0.70601356,0.0,0.069275215
0.7053283,0.0,0.07131133
0.8880623,0.0,0.36727974
0.78300565,0.0,0.5130713
0.8216175,0.0,0.37170523
0.8760649,0.0,0.20341587
0.53930026,0.0,0.39103955
0.6526811,0.0,0.0021563363
0.5214139,0.0,0.05982392
0.85311896,0.0,0.63409215
0.76648456,0.0,0.17373359
0.76332,0.0,0.38138926
0.8570676,1.0,0.55888534
0.79247946,1.0,0.55445623
0.8290039,0.0,0.33932614
0.8389723,1.0,0.05505165
0.8864684,1.0,0.59857875
0.904393,1.0,0.52586377
0.72977895,0.0,0.4839517
0.8533051,1.0,0.0882842
0.8162949,1.0,0.6531002
0.63123775,1.0,0.6966981
0.6455681,0.0,0.89954144
0.7229105,0.0,0.5841065
0.4417673,0.0,0.41989076
0.8213943,0.0,0.5804508
0.8242863,0.0,0.57983714
0.5387944,0.0,0.61183506
0.5564596,0.0,0.17861463
0.6535169,0.0,0.4081219
0.56835634,0.0,0.0
0.75052494,0.0,0.36582372
0.63676953,0.0,0.15718669
0.82239634,0.0,0.6478493
0.69333893,0.0,0.06072004
0.7740836,0.0,0.50787395
0.7631491,0.0,0.67343247
0.6623529,0.0,0.123701476
0.7524883,0.0,0.5407209
0.7932677,0.0,0.44515616
0.79440606,0.0,0.51334727
0.5076959,0.0,0.026819158
0.66703117,0.0,0.12642393
0.80633223,1.0,0.6137786
0.8065823,0.0,0.29157278
0.54741305,0.0,0.008013342
0.6477786,0.0,0.41691536
0.8517808,0.0,0.51972413
0.8240435,0.0,0.49590415
0.8579067,0.0,0.3425881
0.6552985,0.0,0.10822179
0.7825258,0.0,0.0
0.907206,0.0,0.26792422
0.9043902,0.0,0.0034687482
0.77168584,0.0,2.6742198e-05
0.92529124,0.0,0.18029067
0.9397237,0.0,0.2968384
0.6435818,0.0,0.007666524
0.8785717,0.0,0.0
0.9482561,0.0,0.47305176
0.9436788,0.0,0.5253599
0.7317872,0.0,0.0
0.60804236,0.0,0.3013342
0.970401,0.0,0.47165558
0.9463944,0.0,0.36807013
0.8069091,0.0,0.5707029
0.75487405,0.0,0.034574043
0.69888544,0.0,0.6075092
0.79215145,0.0,0.10582112
0.33358872,0.0,0.011145866
0.6587163,0.0,0.40185848
0.88553816,0.0,0.13260764
0.7658916,0.0,0.0
0.7163787,0.0,0.30158043
0.8940916,0.0,0.45355636
0.87559015,0.0,0.22646981
0.52622825,0.0,0.0
0.68337077,0.0,0.003331983
0.888475,0.0,0.1337107
0.94563544,0.0,0.04292526
0.9773415,0.0,0.0
0.9716123,0.0,0.09318758
0.97418094,0.0,0.55832213
0.9698326,0.0,0.09798124
0.9572599,0.0,0.6507586
0.91457886,0.0,0.38964215
0.90290296,0.0,0.0
0.97274214,0.0,0.11856888
0.97762114,0.0,0.54036343
0.9159429,0.0,0.22459982
0.8782359,1.0,0.14489788
0.76039094,1.0,0.4178856
0.73260975,1.0,0.5133283
0.5867533,1.0,0.5002072
0.71766216,1.0,0.10891471
0.92101556,0.0,0.041831158
0.82592833,1.0,0.3473992
0.7287749,1.0,0.13458663
0.6206733,0.0,0.0
0.79825324,0.0,0.49926838
0.6110588,1.0,0.6167193
0.66069543,0.0,0.101402186
0.48001546,1.0,0.482795
0.72630405,0.0,0.09535385
0.91162556,0.0,0.0
0.7479647,1.0,0.37698856
0.7551029,1.0,0.105674
0.7293627,1.0,0.69472253
0.88393855,1.0,0.6979241
0.8214074,0.0,0.6270534
0.8611678,0.0,0.15858519
0.80653805,0.0,0.29163745
0.43336055,0.0,0.2822713
0.71334517,0.0,0.570954
0.8265372,1.0,0.8451642
0.50311595,0.0,0.3189353
0.8635535,1.0,0.22558972
0.73892397,1.0,0.1680224
0.81204623,1.0,0.11576016
0.52612466,0.0,0.14285818
0.558528,0.0,0.07126155
0.31723097,0.0,0.03583085
0.60114706,0.0,0.04793552
0.85201895,0.0,0.44781762
0.7553182,0.0,0.4819648
0.6613499,0.0,0.27743065
0.5221012,0.0,0.09954566
0.12665409,0.0,0.6597409
0.5500169,0.0,0.48129493
0.64000535,0.0,0.6470321
0.50267005,0.0,0.019184537
0.7961003,0.0,0.29250577
0.7435693,0.0,0.08002306
0.39084756,0.0,0.051032495
0.9196535,0.0,0.23524399
0.61978877,0.0,0.008110315
0.8773421,0.0,0.4006737
0.93827456,0.0,0.06197421
0.8576786,0.0,0.034729343
0.9491421,0.0,0.068576045
0.7870979,0.0,0.0
0.9156322,0.0,0.0
0.8178863,0.0,0.03766073
0.79816943,0.0,0.0
0.8309897,0.0,0.455711
0.46199206,0.0,0.233223
0.4779523,0.0,0.096568756
0.45753577,0.0,0.16210988
0.80171305,0.0,0.39928794
0.63915056,0.0,0.20237668
0.5462905,0.0,0.3702109
0.34326693,0.0,0.8197432
0.79966325,0.0,0.5412905
0.79528946,0.0,0.7661752
0.68014157,0.0,0.912636
0.75510645,0.0,0.2468158
0.8902388,0.0,0.31103036
0.8821067,0.0,0.58511764
0.8034208,0.0,0.32698014
0.82017714,0.0,0.36393076
0.7687695,0.0,0.25777775
0.7306895,0.0,0.009619588
0.85893464,0.0,0.00344513
0.9217736,0.0,0.0
0.72074515,0.0,0.0
0.6003921,0.0,0.008800227
0.7027933,0.0,0.0
0.680339,0.0,0.25234646
0.7003539,0.0,0.26192802
0.72868764,0.0,0.5942645
0.54511285,0.0,0.5479368
0.67628026,0.0,0.0005380969
0.69289947,0.0,0.17895013
0.6637923,0.0,0.30633464
0.8825661,0.0,0.004553889
0.90083575,0.0,0.29770628
0.9493312,0.0,0.28559905
0.6302648,0.0,0.00036758807
0.9435343,0.0,0.0397131
0.9201421,0.0,0.43468362
0.844757,0.0,0.24424048
0.91946095,0.0,0.5168245
0.79711604,0.0,0.17186263
0.8975874,0.0,0.035650726
0.8519113,0.0,0.26463726
0.7240023,0.0,0.016574223
0.86605823,0.0,0.0
0.8923618,0.0,0.013187303
0.7590731,0.0,0.00060069456
0.2785896,0.0,0.0
0.5255587,0.0,0.028747713
0.87005615,0.0,0.0038762954
0.7516351,0.0,0.18892756
0.8249124,0.0,0.3070697
0.69236016,0.0,0.023935271
0.739711,0.0,0.09436835
0.4833764,0.0,0.5591828
0.5935542,0.0,0.33056808
0.85592914,0.0,0.42187852
0.88055867,0.0,0.6691725
0.78112245,0.0,0.21319838
0.85809445,0.0,0.38752434
0.9416047,0.0,0.13919199
0.82897675,0.0,0.26040083
0.84488696,0.0,0.036299646
0.8013506,0.0,0.23621479
0.8018467,0.0,0.62160003
0.8144226,0.0,0.086011305
0.81399035,0.0,0.48199284
0.8405425,0.0,0.41541916
0.8951368,0.0,0.6592835
0.8674302,0.0,0.30130532
0.8604735,0.0,0.021039309
0.83324134,0.0,0.07931768
0.8886576,0.0,0.411622
0.9415209,0.0,0.02558034
0.71832156,0.0,0.0
0.96363693,0.0,0.39377514
0.9426985,0.0,0.20217629
0.8697949,0.0,0.0
0.6678686,0.0,0.22013515
0.8723137,0.0,0.5505091
0.87911624,0.0,0.5645199
0.8714222,0.0,0.56998914
0.9636334,0.0,0.07812072
0.8866379,0.0,0.17546675
0.9338109,0.0,0.0
0.82109606,0.0,0.018527692
0.63229156,0.0,0.0004890125
0.5952317,0.0,0.0
0.467852,0.0,0.0
0.44629377,0.0,0.0019070443
0.25754663,0.0,0.015570088
0.2424787,0.0,0.36816132
0.32034203,0.0,0.35933733
0.30158117,0.0,0.72069436
0.522731,0.0,0.37976104
0.5701805,0.0,0.053897902
0.47888723,0.0,0.29597917
0.81662685,0.0,2.3365565e-05
0.79144514,0.0,0.38150185
0.7530189,0.0,0.2548461
0.9087061,0.0,0.42823777
0.82752913,0.0,0.5390775
0.89581025,0.0,0.0057103774
0.7796845,0.0,0.0
0.8451645,0.0,0.29785785
0.8643833,0.0,0.28476363
0.85873157,0.0,0.0011089594
0.9386438,0.0,0.04524959
0.6852981,0.0,0.3558212
0.723364,0.0,0.17155324
0.75229824,0.0,0.00087444345
0.7993359,0.0,0.19763888
0.7335114,0.0,0.12627219
0.8539455,0.0,0.014961347
0.40308055,0.0,0.018770173
0.43622062,0.0,0.01876845
0.6189451,0.0,0.28692427
0.6648729,0.0,0.080910176
0.4413532,0.0,0.6851584
0.6647991,0.0,0.47501433
0.65763956,0.0,0.9235179
0.66111225,0.0,0.55231744
0.8726423,0.0,0.19766718
0.9004813,0.0,0.6784935
0.701185,0.0,0.22369711
0.8896724,0.0,0.352769
0.6905552,0.0,0.04264445
0.7827596,0.0,0.35678825
0.8708144,0.0,0.5728574
0.69848895,0.0,0.015993135
0.6008334,0.0,0.26536262
0.6213514,0.0,0.0054488024
0.7533191,0.0,0.07306399
0.3828157,0.0,0.0
0.9096279,0.0,0.0
0.7109344,0.0,0.0003909551
0.7604429,0.0,0.0143750785
0.6862948,0.0,0.0
0.68070984,0.0,0.0576077
0.37337258,0.0,0.1641487
0.44211486,0.0,0.3366744
0.2882741,0.0,0.31633458
0.81482804,0.0,0.4264679
0.7316368,0.0,0.6492301
0.7079009,0.0,0.40543658
0.8597037,0.0,0.013668912
0.73469764,0.0,0.21367896
0.66575706,0.0,0.0017564263
0.9189168,0.0,0.12809123
0.8944148,0.0,0.20241886
0.8609785,0.0,0.0
0.76415914,0.0,0.0
0.7852664,0.0,0.36350068
0.9105212,0.0,0.19874562
0.7116759,0.0,0.005065138
0.69697833,0.0,0.18062167
0.85146314,0.0,0.5272726
0.85277486,0.0,0.21286549
0.8211263,0.0,0.25785258
0.7458129,0.0,0.29687363
0.556439,0.0,0.6512537
0.7314929,0.0,0.8086644
0.75797635,0.0,0.391135
0.67892873,0.0,0.8857366
0.76398295,0.0,0.36246246
0.8806429,0.0,0.24278459
0.8815363,0.0,0.26760754
0.7484505,0.0,0.023660604
0.91615844,0.0,0.095915616
0.8252495,0.0,0.017781405
0.8585502,0.0,0.03316316
0.65112203,0.0,0.030453399
0.5114896,0.0,0.010665747
0.71225435,0.0,0.037668686
0.42139146,0.0,0.33231473
0.78296626,0.0,0.0012015277
0.5451563,0.0,0.28193453
0.7125739,0.0,0.28228706
0.587845,0.0,0.64752626
0.6945517,0.0,0.16205226
0.56312174,0.0,0.44285342
0.572662,0.0,0.49199602
0.67385525,0.0,0.027057206
0.83150965,0.0,0.095869124
0.7803734,0.0,0.18085569
0.70247495,0.0,0.35532886
0.8699771,0.0,0.01581903
0.7802854,0.0,0.01970464
0.6534821,0.0,0.6136888
0.7975105,0.0,0.28014827
0.7844406,0.0,0.36241764
0.80411506,0.0,0.3098646
0.5708726,0.0,0.022829395
0.6876649,0.0,0.15663894
0.52490574,0.0,0.09830248
0.6375307,0.0,0.005572521
0.9041113,0.0,0.009580487
0.8475282,0.0,0.006681971
0.4024068,0.0,0.012218198
0.87043315,0.0,0.0035421231
0.2354337,0.0,0.082581945
0.566707,0.0,0.10567099
0.2817029,0.0,0.64057404
0.570928,0.0,0.20106576
0.59979594,1.0,0.6713073
0.42108476,1.0,0.5951901
0.7638511,0.0,0.09628836
0.69571376,1.0,0.045856524
0.63449657,1.0,0.13472024
0.53220004,1.0,0.5350185
0.55054015,1.0,0.4966401
0.6266253,1.0,0.29017413
0.54220957,0.0,0.047317676
0.83965915,1.0,0.3777034
0.70392436,1.0,0.28067416
0.83305645,0.0,0.050809216
0.7214392,0.0,0.005439097
0.9616362,1.0,0.32990745
0.89964545,0.0,0.46418276
0.3280972,0.0,0.0007933766
0.96435714,0.0,0.028230764
0.93850654,0.0,0.5897575
0.82399213,0.0,0.33126426
0.784349,0.0,0.14435484
0.8641695,0.0,0.66668105
0.68660605,0.0,0.6378711
0.75574785,0.0,0.029084979
0.7497857,0.0,0.4565027
0.76897836,0.0,0.0
0.8881901,0.0,0.013563798
0.91208637,0.0,0.0056668026
0.730424,0.0,0.0
0.80057585,0.0,0.007138909
0.30083585,0.0,0.043454807
0.5227455,0.0,0.0
0.6546358,0.0,0.1513082
0.42743394,1.0,0.29768175
0.47555804,1.0,0.70796114
0.56822985,1.0,0.22804342
0.44677633,1.0,0.7470775
0.55292815,0.0,0.07258548
0.29770008,1.0,0.23728317
0.9182289,0.0,0.078419246
0.82186335,1.0,0.4176469
0.82578546,1.0,0.09703073
0.7196971,1.0,0.5641213
0.8015013,1.0,0.47455683
0.86318916,0.0,0.0
0.83680487,1.0,0.4299514
0.5519057,1.0,0.5806416
0.8133347,1.0,0.2456918
0.83965963,0.0,0.06079829
0.9346064,0.0,0.036093727
0.8967497,0.0,0.3385737
0.8865061,1.0,0.22630073
0.8636322,0.0,0.0009500877
0.810018,0.0,0.091593646
0.95836705,0.0,0.58949155
0.8895904,0.0,0.25136515
0.6950593,0.0,0.61322093
0.8602392,0.0,0.10874945
0.50480497,0.0,0.035850372
0.88073915,0.0,0.023809118
0.72607875,0.0,0.0
0.7916725,0.0,0.009200495
0.3742391,0.0,0.0
0.5685224,0.0,0.0
0.33146414,0.0,0.10761831
0.70206624,0.0,0.022717327
0.7231893,0.0,0.060394056
0.13861479,0.0,0.19872491
0.43956962,0.0,0.22742906
0.9021753,0.0,0.017370977
0.78407705,0.0,0.36522734
0.50153184,0.0,0.5216363
0.61442393,0.0,0.24123521
0.9049731,0.0,0.48934427
0.65151525,0.0,0.022790466
0.9541535,0.0,0.012326058
0.76954216,0.0,0.3013242
0.7719856,1.0,0.46361384
0.8211494,0.0,0.0
0.9067686,0.0,0.22606742
0.5263622,1.0,0.51665896
0.21556166,1.0,0.14181358
0.8889603,0.0,0.0072923237
0.7505867,0.0,1.0
0.676912,0.0,0.28553477
0.68939716,0.0,0.5177248
0.48809662,0.0,0.18767543
0.72449344,0.0,0.47727275
0.7546437,0.0,0.15450943
0.79611665,1.0,0.33738598
0.58240426,1.0,0.62231165
0.09263628,1.0,0.7241093
0.24334137,0.0,0.059029788
0.7944969,0.0,0.33698434
0.46605247,1.0,0.36068106
0.11749142,1.0,0.20221826
0.42946607,0.0,0.050964814
0.7163129,0.0,0.6809854
0.4673492,1.0,0.5425843
0.0710275,1.0,0.21860395
0.6552106,0.0,0.29560986
0.39601222,0.0,0.026109593
0.88751215,0.0,0.4650046
0.9180817,0.0,0.41525912
0.8077147,0.0,0.5195224
0.8076364,0.0,0.2197796
0.7493312,0.0,0.003534628
0.9391731,0.0,0.4580926
0.87399715,0.0,0.4999324
0.773762,0.0,0.157966
0.8144246,0.0,0.039972432
0.8171438,0.0,0.60368055
0.7611178,0.0,0.72524196
0.7813845,0.0,0.27854973
0.8084975,0.0,0.5666225
0.6185786,0.0,0.30082172
0.54002076,0.0,0.072388
0.8171454,0.0,0.35160863
0.787923,1.0,0.015981644
0.79647964,1.0,0.36854807
0.90158886,1.0,0.02084558
0.7373381,1.0,0.55927277
0.5378263,1.0,0.25807056
0.67691576,0.0,0.35470706
0.8588459,0.0,0.4784544
0.7229123,1.0,0.7807026
0.69076514,1.0,0.56900895
0.61233604,1.0,0.007614392
0.7547711,1.0,0.5223131
0.64509064,1.0,0.7950139
0.72302353,0.0,0.31914765
0.29217368,1.0,0.4748194
0.58688706,0.0,0.72086996
0.7022406,0.0,0.113232225
0.45518687,0.0,0.1018348
0.79896003,0.0,0.5553021
0.8174529,0.0,0.059557788
0.767867,0.0,0.47975615
0.7025963,0.0,0.014608301
0.7858809,0.0,0.1159236
0.9239941,0.0,0.0
0.5944935,0.0,0.08497653
0.6351183,0.0,0.17456484
0.8034731,0.0,0.34230694
0.7162196,0.0,0.5287697
0.6938264,0.0,0.18117577
0.6049318,0.0,0.47488293
0.27499774,0.0,0.0046632807
0.82756543,0.0,0.0
0.7409648,1.0,0.0
0.90491265,0.0,0.017158367
0.79364574,0.0,0.0032687932
0.80558,0.0,0.42968127
0.5885475,0.0,0.5873241
0.82544893,0.0,0.14218149
0.92623043,0.0,0.050052714
0.946082,0.0,0.13020773
0.732415,0.0,0.0028623103
0.23224583,1.0,0.17914736
0.5439238,1.0,0.18626752
0.47338897,0.0,0.007496588
0.5103127,0.0,0.00018315032
0.63955295,1.0,0.13892582
0.7742971,0.0,0.25904116
0.6971603,1.0,0.49813285
0.5802527,1.0,0.3248729
0.66882783,1.0,0.9239642
0.747847,1.0,0.5061592
0.40123641,1.0,0.266818
0.8265301,1.0,0.8084576
0.7243404,1.0,0.20387958
0.775836,1.0,0.12533318
0.81666183,1.0,0.7168482
0.7949149,1.0,0.5357363
0.70307803,0.0,0.05273094
0.75213724,0.0,0.49770385
0.2800774,0.0,0.30401576
0.62899846,0.0,0.53616357
0.7815132,0.0,0.7192304
0.6164269,0.0,1.0
0.4340146,0.0,1.0
0.5913491,0.0,0.76299274
0.6206433,0.0,0.49159017
0.5221303,0.0,0.59511065
0.38735592,0.0,0.6756217
0.63918406,0.0,0.7152031
0.40512308,0.0,0.56849104
0.434584,1.0,0.58944017
0.5242601,1.0,0.26335615
0.5227224,0.0,0.26211172
0.64452374,1.0,0.3729111
0.34732226,0.0,0.41476968
0.4284922,1.0,0.6783576
0.4159633,0.0,0.113230586
0.2799361,1.0,0.6114179
0.47431216,0.0,0.35032958
0.28105453,0.0,0.0032129597
0.39958984,0.0,0.15599445
0.26411918,1.0,0.017768828
0.23297578,1.0,0.35350165
0.3620292,1.0,0.29184225
0.41246706,0.0,0.015616362
0.46138328,0.0,0.14679298
0.32127824,0.0,0.10488795
0.6637926,0.0,0.0
0.25159705,0.0,0.19308197
0.53260916,0.0,0.040313642
0.27694857,0.0,0.064592466
0.731088,0.0,0.63847613
0.6721949,0.0,0.39670753
0.78495044,0.0,0.3801352
0.7415877,0.0,0.7950873
0.7185773,0.0,0.60772866
0.8284162,0.0,0.25404912
0.9296228,0.0,0.2208333
0.7360347,0.0,0.36594212
0.8712584,0.0,0.48563895
0.70727384,0.0,0.0888674
0.7550633,0.0,0.06424854
0.41363096,0.0,0.15096489
0.5591973,0.0,0.047562256
0.49077404,0.0,0.028762186
0.1968453,0.0,0.051072706
0.38300627,0.0,0.1677897
0.7978563,0.0,2.324152e-06
0.44943282,0.0,0.13287513
0.59214383,0.0,0.2737986
0.8123312,0.0,0.1135182
0.8911196,0.0,0.06932738
0.8512919,0.0,0.13878837
0.8398233,0.0,0.0
0.8691073,0.0,0.0
0.67419165,0.0,0.0
0.7396943,0.0,0.009915744
0.5555052,0.0,0.15650803
0.2610007,0.0,0.8571572
0.5278781,0.0,0.37160158
0.9190338,0.0,0.040819757
0.8834016,0.0,0.0
0.44880185,0.0,0.012678459
0.8011775,0.0,0.038700394
0.45659286,0.0,0.001567334
0.9623414,0.0,0.2968377
0.85902673,0.0,0.004772762
0.83747786,0.0,0.6586352
0.7647177,0.0,0.32185712
0.92092556,0.0,0.0
0.92642105,0.0,0.12660569
0.9015496,0.0,0.2848178
0.8110509,0.0,0.19998571
0.9337053,0.0,0.13995144
0.90547204,0.0,0.6265007
0.8187938,0.0,0.54488665
0.8283701,0.0,0.78126603
0.88179624,0.0,0.26722494
0.8678276,1.0,0.3293375
0.9495138,1.0,0.47513005
0.9180845,1.0,0.59388375
0.89654255,1.0,0.502581
0.91424954,0.0,0.37231416
0.9428304,0.0,0.28657427
0.9201439,0.0,0.603294
0.87454706,0.0,0.33904052
0.92340124,0.0,0.22925647
0.91391575,0.0,0.699708
0.6537205,0.0,0.26020566
0.8412534,0.0,0.26941496
0.7564654,0.0,0.37154093
0.8068094,0.0,0.02228792
0.87035125,0.0,0.6002567
0.8188599,0.0,0.12961918
0.50920016,0.0,0.48773965
0.65970796,0.0,0.17580807
0.8447404,0.0,0.60563964
0.8768628,0.0,0.06987617
0.5884961,0.0,0.08138792
0.562099,0.0,0.05674076
0.3907711,0.0,0.017311228
0.361451,0.0,0.10042676
0.5267545,0.0,0.13506609
0.5402865,0.0,0.0072176047
0.50053954,0.0,0.24925636
0.856415,0.0,0.19914341
0.92343366,0.0,0.069977045
0.90724176,0.0,0.16939536
0.7282273,0.0,0.021785302
0.6687148,0.0,0.0
0.48913565,0.0,0.0006657614
0.6528239,0.0,0.0
0.87404823,0.0,0.00068864075
0.58630437,0.0,0.0
0.84428287,0.0,0.19058834
0.51614165,0.0,0.0057235123
0.38657346,0.0,0.70120335
0.8198566,0.0,0.635219
0.43726376,0.0,0.49806944
0.8105108,0.0,0.053298447
0.91946346,0.0,0.0
0.6499948,0.0,0.07126066
0.933546,0.0,0.0
0.4112082,0.0,0.0
0.6420447,0.0,0.0
0.17160738,0.0,0.0002537965
0.8734253,0.0,0.0045075943
0.9421896,0.0,0.0
0.7850897,0.0,0.08874305
0.6550759,0.0,0.028929112
0.60448736,0.0,0.07558357
0.9067505,0.0,0.32247314
0.7182152,0.0,0.112319075
0.66887474,0.0,0.7600538
0.77191114,0.0,0.7286447
0.8647005,0.0,0.23353876
0.62798315,0.0,0.8192506
0.7127189,0.0,0.49820852
0.7844891,0.0,0.08712762
0.868965,0.0,0.52435696
0.8090564,0.0,0.053252406
0.5759245,0.0,0.024348559
0.64612263,0.0,0.118131526
0.65725577,0.0,0.4053772
0.96046335,0.0,0.14359908
0.8311185,0.0,0.476877
0.85697925,0.0,0.07122047
0.70967007,0.0,0.6650303
0.7706569,0.0,0.32343686
0.8195801,0.0,0.46134326
0.64277923,0.0,0.62073296
0.5835363,0.0,0.23114708
0.6972972,0.0,0.0
0.704468,0.0,0.088220246
0.98562235,0.0,0.015531555
0.8734786,0.0,0.16393712
0.6853274,0.0,0.036182314
0.8131853,0.0,0.018198667
0.7460137,0.0,0.26464197
0.47590348,0.0,0.07018574
0.80929154,0.0,0.0011723507
0.41875863,0.0,0.36417422
0.6943973,0.0,0.41075364
0.8649968,0.0,0.31808668
0.5719007,0.0,0.38046062
0.79986393,0.0,0.15382923
0.8391434,0.0,0.15218236
0.96734446,0.0,0.0
0.7642383,0.0,0.0
0.8187521,0.0,0.0073731234
0.7796416,0.0,0.0
0.7499075,0.0,0.043643147
0.37871772,0.0,0.39643344
0.64378434,0.0,0.25398242
0.92864096,0.0,0.055867292
0.8733139,0.0,0.06702766
0.92238456,0.0,0.012297341
0.6928429,0.0,0.12470758
0.91016734,0.0,0.0015615107
0.7030655,0.0,0.0012023227
0.8887473,0.0,0.28211135
0.93002594,0.0,0.022615468
0.6690175,0.0,0.28553146
0.86149293,0.0,0.50085294
0.7306144,0.0,0.3696
0.9256707,0.0,0.2212052
0.8613623,0.0,0.5376116
0.96786904,0.0,0.42997342
0.942614,0.0,0.37088546
0.5938665,0.0,0.12338421
0.7134825,0.0,0.4511081
0.89541894,0.0,0.1325768
0.92503184,0.0,0.52404684
0.92054266,0.0,0.31202862
0.78626275,0.0,0.70110744
0.9369226,0.0,0.1753733
0.87609714,0.0,0.24161854
0.945874,0.0,0.016099654
0.90730506,0.0,0.068080254
0.67891526,0.0,0.0
0.8727553,0.0,0.0
0.8902363,0.0,0.060455814
0.5310339,0.0,0.040289443
0.6031632,0.0,0.06782925
0.52159065,0.0,0.3164247
0.1505222,0.0,0.5593586
0.9096068,0.0,0.042593338
0.47110495,0.0,0.6456032
0.6455048,0.0,0.18998525
0.58957857,0.0,0.0
0.60098696,0.0,0.0
0.81299347,0.0,0.0
0.59298116,0.0,0.0
0.864928,0.0,0.1216517
0.8718162,0.0,0.29256052
0.7242332,0.0,0.46259972
0.89753425,0.0,0.002157384
0.76075155,0.0,0.15058184
0.816825,0.0,0.0038435445
0.66701686,0.0,0.035238776
0.8414645,0.0,0.039086007
0.7965963,0.0,0.0555431
0.80712813,0.0,0.24772868
0.9311576,0.0,0.20240124
0.9038376,0.0,0.56815714
0.9112356,0.0,0.08555294
0.9680996,0.0,0.4748786
0.9896276,0.0,0.44953546
0.80905193,0.0,0.4611429
0.64810437,0.0,0.3175399
0.9625222,0.0,0.4418453
0.88950497,0.0,0.0070614917
0.8865569,0.0,0.32090035
0.9778295,0.0,0.21738462
0.9340126,0.0,0.006677614
0.85148835,0.0,0.7231851
0.7867134,0.0,0.38656864
0.7977267,0.0,0.14534163
0.8366904,0.0,0.46378118
0.7061683,0.0,0.7553244
0.8396969,0.0,0.5948719
0.88383275,0.0,0.56942266
0.9427828,0.0,0.5008344
0.96402854,0.0,0.11151359
0.8613782,0.0,0.15385173
0.967953,0.0,0.0
0.611481,0.0,0.0039255195
0.28835654,0.0,0.024959061
0.8591048,0.0,0.014213197
0.4950116,0.0,0.11147921
0.44110933,0.0,0.05107238
0.7775234,0.0,0.045429446
0.5008579,0.0,0.18411362
0.47509402,0.0,0.5050432
0.32532462,0.0,0.24011755
0.8087891,0.0,0.098622516
0.3379749,0.0,0.0
0.56329757,0.0,0.001479376
0.7922067,0.0,0.0
0.66468376,0.0,0.0
0.687071,0.0,0.011016261
0.87046504,0.0,0.04182663
0.93885946,0.0,0.12297561
0.43802574,0.0,0.14521834
0.79976225,0.0,0.5928868
0.74183965,0.0,0.35499656
0.9169238,0.0,0.24827671
0.72246087,0.0,0.14680086
0.7811998,0.0,0.5884767
0.7400355,0.0,0.4203865
0.7236807,0.0,0.29762778
0.8740258,0.0,0.045537397
0.75770384,0.0,0.10921623
0.67496985,0.0,0.0027846426
0.7672636,0.0,0.0
0.669307,0.0,0.025896482
0.67973024,0.0,0.009368441
0.6357103,0.0,0.24026777
0.8934691,0.0,0.028825859
0.9046211,0.0,0.24137768
0.7196273,0.0,0.39225546
0.8472869,0.0,0.8814403
0.9505438,0.0,0.54334253
0.93944746,0.0,0.3149993
0.93163246,0.0,0.85501933
0.918539,0.0,0.46478748
0.9193114,0.0,0.6602945
0.90766156,0.0,0.2928067
0.70103425,0.0,0.39848998
0.64872736,0.0,0.11630898
0.7115915,0.0,0.25658843
0.8072824,0.0,0.17678323
0.6278857,0.0,0.01739969
0.85376465,1.0,0.2800591
0.82426083,1.0,0.24288605
0.90580523,1.0,0.1400952
0.8906245,0.0,0.009400337
0.5101909,1.0,0.5507916
0.63679665,0.0,0.22439891
0.54750896,1.0,0.38473254
0.8895115,0.0,0.111428164
0.7122879,0.0,0.43413925
0.92791575,0.0,0.4152821
0.81848943,0.0,0.008084778
0.969454,0.0,0.34775212
0.8852313,0.0,0.04912919
0.91617626,0.0,0.06177724
0.7110772,0.0,0.022809476
0.12537493,0.0,0.066326715
0.43511128,0.0,0.14960419
0.32841226,0.0,0.20669822
0.52333206,0.0,0.2171634
0.87461436,0.0,0.010920398
0.63958806,0.0,0.52634954
0.8031836,0.0,0.4746453
0.7919733,0.0,0.08134235
0.9459726,0.0,0.20272598
0.64750564,0.0,0.0
0.89774823,0.0,0.0031188536
0.76228356,0.0,0.0218725
0.71611667,0.0,0.0061804256
0.8383158,0.0,0.012419286
0.6810481,0.0,0.01624212
0.48738933,0.0,0.01722265
0.5970159,0.0,0.012681361
0.6615541,0.0,0.006893793
0.79079145,1.0,0.14974773
0.80529886,1.0,0.20242615
0.89098936,0.0,0.07546432
0.58836704,0.0,0.077451535
0.56122583,0.0,0.0049162824
0.5673555,0.0,0.004864892
0.82765067,0.0,0.017043404
0.9068974,0.0,0.19661374
0.7801303,0.0,0.16456203
0.86515975,0.0,0.7617314
0.8960843,0.0,0.36862344
0.95390934,0.0,0.63277406
0.8595049,0.0,0.45980465
0.92672336,0.0,0.3326597
0.6897606,0.0,0.04003354
0.76718485,0.0,0.0875966
0.83871436,0.0,0.053485453
0.5290968,0.0,0.08072633
0.8402738,1.0,0.40006724
0.669799,0.0,0.09493663
0.5878378,1.0,0.364663
0.50486,1.0,0.5850756
0.79617023,1.0,0.7208512
0.9141467,0.0,0.07570701
0.77755034,1.0,0.40678686
0.83305067,0.0,0.0052758614
0.7456949,1.0,0.36866516
0.6759696,1.0,0.062441356
0.76769966,1.0,0.17472139
0.830174,1.0,0.5354448
0.6899535,1.0,0.13720568
0.617716,1.0,0.7670382
0.79756916,0.0,0.6985943
0.59004027,1.0,0.6382262
0.8595393,1.0,0.4448368
0.5013238,1.0,0.3558992
0.76182324,0.0,0.008337647
0.5431742,0.0,0.022225056
0.9553508,0.0,0.0053617936
0.31162333,0.0,0.097353026
0.5412203,0.0,0.0
0.66258025,0.0,0.14469506
0.91595256,0.0,0.08785626
0.7527233,0.0,0.07133798
0.45892167,0.0,0.0036816185
0.3386999,0.0,0.16063231
0.7042682,0.0,0.046325676
0.9860427,0.0,0.049315877
0.985385,0.0,0.389175
0.95735645,0.0,0.51459944
0.9715161,0.0,0.39352378
0.8224317,0.0,0.0055702496
0.95027936,0.0,0.3243325
0.8705089,0.0,0.21524267
0.51109684,0.0,0.33460367
0.49002725,0.0,0.82493585
0.6275411,0.0,0.6761866
0.42934746,0.0,0.4945935
0.6161566,0.0,0.39363807
0.7382783,0.0,0.18852891
0.7546364,0.0,0.6354024
0.7461848,0.0,0.2645561
0.83647233,0.0,0.06385076
0.81885135,0.0,0.04069147
0.70070106,0.0,0.0
0.5539443,0.0,0.0022838353
0.5655536,0.0,0.0
0.40919033,0.0,0.011061277
0.31173646,0.0,0.010866173
0.45229292,0.0,0.0040751863
0.2931723,0.0,0.03311015
0.6278636,0.0,0.07618314
0.61672264,0.0,0.05838678
0.8884618,0.0,0.013159822
0.6544251,0.0,0.0
0.750161,0.0,0.014254615
0.90436786,0.0,0.0057791886
0.3132165,1.0,0.04420161
0.2807162,0.0,0.012200441
0.64169836,0.0,0.0039389348
0.5419294,0.0,0.08252995
0.798651,0.0,0.102273755
0.75498426,0.0,0.43722957
0.87605953,0.0,0.14567667
0.90972203,0.0,0.78237087
0.9181205,0.0,0.6891174
0.8645724,0.0,0.29823422
0.8912042,0.0,0.7537223
0.9354856,0.0,0.5724155
0.9436058,0.0,0.09880812
0.87605107,0.0,0.18696237
0.84347326,0.0,0.40297487
0.8431397,0.0,0.5109524
0.8611639,0.0,0.39347234
0.94968766,0.0,0.37024176
0.81452477,0.0,0.8493854
0.6888288,0.0,0.19579157
0.87761027,0.0,0.48928785
0.85363823,0.0,0.3403504
0.8266985,0.0,0.67998856
0.77819854,0.0,0.49332097
0.8620843,0.0,0.13383193
0.77617836,0.0,0.12775484
0.6934832,0.0,0.44724026
0.8866041,0.0,0.22731258
0.74460715,0.0,0.6284042
0.660589,0.0,0.7396918
0.7789036,0.0,0.5063459
0.8262848,0.0,0.715514
0.7567112,0.0,0.6300619
0.70482713,0.0,1.0
0.8447803,1.0,0.20600334
0.76826125,1.0,0.22684492
0.53026205,0.0,0.0046967333
0.73766196,1.0,0.12633601
0.5509393,0.0,0.010001079
0.8157663,0.0,0.09706325
0.72710556,0.0,0.019472789
0.600825,0.0,0.25570217
0.7436406,0.0,0.3197104
0.80405724,0.0,0.55716777
0.5393409,0.0,0.40545925
0.49035597,0.0,0.0
0.6911455,0.0,0.26541898
0.6071486,0.0,0.036157694
0.5581714,0.0,0.0014402554
0.64807683,0.0,0.057071984
0.3630931,0.0,0.39476785
0.55427116,0.0,0.014297508
0.6333866,0.0,0.007150926
0.5417894,0.0,0.2647792
0.59672743,0.0,0.15333258
0.79128337,0.0,0.4742519
0.5719422,0.0,0.20941183
0.6249281,0.0,0.60725605
0.56156564,1.0,0.6786499
0.6982118,1.0,0.6126836
0.3137461,1.0,0.34797502
0.67510015,1.0,0.3849994
0.6586171,1.0,0.096887805
0.83969027,1.0,0.49259683
0.68931746,0.0,0.13632976
0.48908034,0.0,0.5860283
0.742794,0.0,0.63369584
0.628729,0.0,0.088031776
0.81608546,1.0,0.36703795
0.51004684,0.0,0.0
0.72870296,1.0,0.2563769
0.52907795,0.0,0.025075046
0.4975994,1.0,0.33838817
0.60036826,1.0,0.07545581
0.72309566,1.0,0.4866696
0.61733335,1.0,0.29263496
0.46479824,1.0,0.30930066
0.7508371,0.0,0.42383108
0.80482584,0.0,0.43414015
0.8824712,0.0,0.53214025
0.7235553,0.0,0.32867685
0.8378316,0.0,0.0
0.796946,1.0,0.09840183
0.68653524,0.0,0.003464071
0.6546727,1.0,0.047147885
0.626558,0.0,0.0015268996
0.48550075,1.0,0.33273736
0.592721,1.0,0.06903557
0.7720736,1.0,0.3679026
0.60484236,1.0,0.46220836
0.75632435,1.0,0.81886023
0.5897444,0.0,0.4935987
0.57549185,0.0,0.14943781
0.59688854,0.0,0.0065135914
0.621955,0.0,0.024717983
0.61461157,0.0,0.4327896
0.45158643,0.0,0.0
0.4341012,0.0,0.0
0.6428079,0.0,0.28730348
0.6607412,1.0,0.45557883
0.59862393,0.0,0.043583278
0.28639016,0.0,0.0022116473
0.61411273,0.0,0.30327123
0.66791505,0.0,0.40562347
0.42409477,0.0,0.026245447
0.34387183,0.0,0.067363776
0.53967667,0.0,0.4555234
0.7255472,0.0,0.14236754
0.7378088,0.0,0.5758921
0.81389177,0.0,0.035566825
0.77408946,0.0,0.8046292
0.87332237,0.0,0.40750715
0.66969436,0.0,0.25407836
0.80753297,0.0,0.5434158
0.79520214,0.0,0.40732965
0.54876024,0.0,0.12934774
0.58449876,0.0,0.05755203
0.8266645,0.0,0.4756495
0.7322927,0.0,0.46053725
0.8248178,0.0,0.5310018
0.7359826,0.0,0.019462312
0.8855558,0.0,0.3504909
0.6548077,0.0,0.031118855
0.84360254,0.0,0.34774098
0.67655236,0.0,0.03913985
0.8910803,1.0,0.3389697
0.5728196,0.0,0.0042305784
0.7219494,1.0,0.26335797
0.5256798,1.0,0.34393448
0.54015154,0.0,0.0
0.63340473,0.0,0.24500135
0.6498613,0.0,0.012146227
0.41246325,0.0,0.77860343
0.45973778,0.0,0.4960608
0.5895128,0.0,0.14108965
0.7715324,0.0,0.29689148
0.7303118,0.0,0.509071
0.5128043,0.0,0.087948635
0.6229007,0.0,0.0
0.8495068,0.0,0.19986323
0.62618816,0.0,0.43075415
0.39104068,0.0,0.0
0.576596,0.0,0.0
0.96327543,0.0,0.40280977
0.5423686,0.0,0.3928231
0.6812703,0.0,0.14547835
0.83445835,0.0,0.5639647
0.7158325,0.0,0.03530915
0.9310732,0.0,0.63881946
0.84356046,0.0,0.092669815
0.90110373,0.0,0.38634402
0.77742827,0.0,0.098742425
0.7489219,0.0,0.45673358
0.73129046,0.0,0.40236732
0.39751518,1.0,0.48158938
0.65585136,1.0,0.51630384
0.5632325,1.0,0.3786694
0.733089,0.0,0.040588424
0.8905573,0.0,0.07620005
0.79489124,0.0,0.0
0.82578516,0.0,0.24335413
0.77230024,0.0,0.019147312
0.7987255,0.0,0.38465253
0.84460247,0.0,0.13217053
0.7303928,0.0,0.43565145
0.93120146,0.0,0.09793091
0.74305594,0.0,0.27704418
0.7665833,0.0,0.04839967
0.7651837,0.0,0.1796443
0.8036172,0.0,0.10155157
0.7668635,0.0,0.012307917
0.69324225,0.0,0.0001373348
0.81602865,0.0,0.0595771
0.7084576,0.0,0.028696422
0.74850637,0.0,0.0011150278
0.4752455,0.0,0.069972716
0.5228193,0.0,0.083382465
0.568377,0.0,0.0
0.72471017,0.0,0.0027807988
0.61864287,0.0,0.29500738
0.6001818,0.0,0.2795008
0.65711284,0.0,0.027052393
0.7688121,0.0,0.5343169
0.6292866,0.0,0.7892976
0.86301744,0.0,0.4867813
0.64678305,0.0,0.49459863
0.4885964,0.0,0.12416414
0.6248147,0.0,0.66799796
0.5617087,0.0,0.47029015
0.6001576,0.0,0.12897865
0.5387017,0.0,0.043263517
0.6111991,0.0,0.55879027
0.64307004,0.0,0.68702745
0.27224535,0.0,0.06769889
0.54312605,0.0,0.12531821
0.7645749,0.0,0.612211
0.71895355,0.0,0.6121245
0.7069959,0.0,0.028048044
0.48342705,0.0,0.6600711
0.7000385,0.0,0.13182828
0.6428762,0.0,0.2921755
0.7344794,0.0,0.5885557
0.66995144,0.0,0.45675558
0.46737203,0.0,0.07707355
0.40259922,0.0,0.53483635
0.49536687,0.0,1.0
0.899649,0.0,0.43994147
0.73696053,0.0,0.37144604
0.75827414,0.0,0.6065499
0.7209018,0.0,0.3750577
0.49804732,0.0,0.012995268
0.4425387,0.0,0.055486955
0.5620781,0.0,0.0012263058
0.8416522,0.0,0.00023238685
0.6303748,0.0,0.0002941125
0.6794053,0.0,0.0
0.44658318,0.0,2.5751215e-05
0.76736104,0.0,0.0
0.6510583,1.0,0.17973678
0.5397752,0.0,0.0011636675
0.44967288,1.0,0.33381727
0.10713209,1.0,0.34903353
0.3615838,0.0,0.0
0.12976994,1.0,0.314073
0.29564315,1.0,0.7414633
0.5118435,0.0,0.06685297
0.3003463,0.0,0.06127135
0.6039658,0.0,0.48929882
0.6812152,0.0,0.14039555
0.6187776,0.0,0.0
0.8421416,0.0,0.075854085
0.8552755,0.0,0.30027267
0.40490985,0.0,0.029563827
0.82944435,0.0,0.0
0.8006518,0.0,0.2322766
0.38672662,0.0,0.30262113
0.7685043,0.0,0.0015807443
0.8412004,0.0,0.05272764
0.7988707,0.0,0.52839327
0.4217244,0.0,0.40610564
0.32604626,0.0,0.056987163
0.90310663,0.0,0.5358562
0.8163949,0.0,0.3448608
0.91757023,0.0,0.6701483
0.79456747,0.0,0.4307473
0.38609076,0.0,0.051364824
0.38436007,0.0,0.33225062
0.8711822,0.0,0.0020056055
0.67302704,0.0,0.0
0.27974325,0.0,0.0
0.60091317,0.0,0.0
0.7610159,0.0,0.006118532
0.41695738,0.0,0.00025328086
0.15878722,1.0,0.0137014985
0.26198292,1.0,0.30744863
0.60557985,1.0,0.44298145
0.6355651,0.0,0.17687294
0.2644315,0.0,0.34552684
0.79619527,0.0,0.32283697
0.39583603,0.0,0.26793826
0.5348856,0.0,0.03998375
0.8901864,0.0,0.51534176
0.7182879,0.0,0.18035533
0.5060024,0.0,0.111953646
0.43750873,0.0,0.18850169
0.92054296,0.0,0.39126632
0.73497653,0.0,0.22236434
0.93558955,0.0,0.49519637
0.9400412,0.0,0.5560791
0.8844339,0.0,0.039515924
0.97790354,0.0,0.40757152
0.9119451,0.0,0.43390527
0.66173875,0.0,0.021098265
0.93280864,0.0,0.108966164
0.9380042,0.0,0.42613524
0.740962,0.0,0.15629958
0.7403739,0.0,0.00021459078
0.8848982,0.0,0.5315568
0.56571925,1.0,0.62169284
0.44639,0.0,0.16868699
0.2482084,1.0,0.58956057
0.47921237,1.0,0.12380066
0.07540351,1.0,0.6675379
0.059206713,1.0,0.40329456
0.08978326,1.0,0.47085944
0.17593852,1.0,0.10206165
0.19333595,1.0,0.22464456
0.32085907,0.0,0.0002979842
0.37869632,1.0,0.1438265
0.3009477,1.0,0.27107242
0.3599387,0.0,0.0
0.16059624,0.0,0.0
0.470658,1.0,0.47575203
0.72061396,0.0,0.16963385
0.7912279,0.0,0.0
0.19414091,0.0,0.02934246
0.8373156,0.0,0.41556972
0.42893174,0.0,0.10111165
0.71660095,0.0,0.0
0.7120715,0.0,0.53458667
0.79012775,0.0,0.80126053
0.4810684,0.0,0.34431598
0.6690966,0.0,0.32978195
0.6947502,0.0,0.07755198
0.91517043,0.0,0.658884
0.7353314,0.0,0.80002296
0.5952734,0.0,0.15247469
0.3685089,0.0,0.11736186
0.5350752,0.0,0.037364364
0.6243717,0.0,0.015844349
0.64481753,0.0,0.0
0.5497386,0.0,0.00039830382
0.51255935,0.0,0.0
0.6700649,0.0,0.0
0.41123587,0.0,0.0
0.5340687,0.0,0.0
0.24987537,0.0,0.012785212
0.26253772,0.0,0.32748517
0.4155597,0.0,0.16972739
0.06527981,1.0,0.5715401
0.30962813,1.0,0.6243355
0.1821193,1.0,0.5982107
0.2761645,1.0,0.07435182
0.8832513,0.0,0.2133536
0.79598945,0.0,0.44808426
0.24701077,1.0,0.3727382
0.83031785,0.0,0.0
0.91307884,0.0,0.24687295
0.8352372,0.0,0.5591889
0.86466855,0.0,0.07735668
0.7917255,0.0,0.0
0.9682521,0.0,0.59794766
0.84138,0.0,0.28055248
0.58843696,0.0,0.0
0.8669516,0.0,0.2872222
0.92906916,0.0,0.4679574
0.7394617,0.0,0.10714244
0.6819245,0.0,0.37872192
0.5463538,0.0,0.042498253
0.71656054,0.0,0.16995709
0.75348955,0.0,0.0
0.64017075,0.0,0.014922568
0.807379,0.0,0.0
0.8656359,0.0,0.0
0.76960915,0.0,0.019097283
0.52637124,0.0,0.0
0.59275246,0.0,0.34926388
0.6271521,0.0,0.55637413
0.48753896,0.0,0.18742123
0.6187879,0.0,0.39139867
0.6010513,0.0,0.3644178
0.8679714,0.0,0.42461756
0.39390704,0.0,0.054083705
0.38741732,0.0,0.0
0.97610897,0.0,0.1960692
0.79455733,0.0,0.45334256
0.29708105,0.0,0.00073206215
0.52255964,0.0,0.016948996
0.53539723,0.0,0.29617047
0.45357448,0.0,0.29144374
0.926857,0.0,0.59201294
0.91442984,0.0,0.6314837
0.9410229,0.0,0.17270817
0.90355486,0.0,0.103556946
0.40229377,0.0,0.1447636
0.7689753,0.0,0.2312949
0.5157443,0.0,0.17546685
0.44004464,0.0,0.5021547
0.1660087,0.0,0.44702828
0.37785044,0.0,0.6785138
0.27443978,0.0,0.59620714
0.67780775,0.0,0.3709575
0.60038424,0.0,0.026538463
0.6474523,0.0,0.118180215
0.85342675,0.0,0.55671483
0.77434164,0.0,0.1984208
0.86008334,0.0,0.0
0.8953462,0.0,0.1347187
0.939829,0.0,0.40927833
0.6798586,0.0,0.20947234
0.70997095,0.0,0.004799722
0.93215364,0.0,0.40001515
0.74279934,0.0,0.705785
0.65421206,0.0,0.20733634
0.8177378,0.0,0.20218351
0.9247234,0.0,0.52515644
0.9868128,0.0,0.7981514
0.9661981,0.0,0.34495905
0.9194313,0.0,0.18574262
0.93689907,0.0,0.16818118
0.9335913,0.0,0.0
0.9711204,0.0,0.011795723
0.7917736,0.0,0.0
0.69252145,0.0,0.013809844
0.63337934,0.0,0.031132413
0.862934,0.0,0.0
0.47860813,0.0,0.056409337
0.78507984,0.0,0.07989713
0.6760828,0.0,0.123459905
0.7074092,0.0,0.044646043
0.89329964,0.0,0.0
0.5189395,0.0,0.2092679
0.9158066,0.0,0.0011381994
0.8877221,0.0,0.011154644
0.9680986,0.0,0.0030406278
0.76073,0.0,0.00010246551
0.87439746,0.0,0.13540235
0.8421005,0.0,0.41721806
0.87306374,0.0,0.43829894
0.857147,0.0,0.07515553
0.95081055,0.0,0.3488017
0.94847167,0.0,0.2863064
0.91751575,0.0,0.329253
0.82962084,0.0,0.079758376
0.8006594,0.0,0.25853315
0.92799026,0.0,0.025675137
0.49614093,0.0,0.40376946
0.8997481,0.0,0.33115354
0.40690908,0.0,0.49275953
0.65368986,0.0,0.05221982
0.83196515,0.0,0.4619087
0.6081815,0.0,0.17116134
0.8788531,0.0,0.2656582
0.6226649,0.0,0.48309955
0.9648413,0.0,0.4480007
0.89101434,0.0,0.42300135
0.9228601,0.0,0.71989614
0.942652,0.0,0.120840766
0.98585063,0.0,0.19419606
0.83925164,0.0,0.045638923
0.6371868,0.0,0.022605445
0.9027407,0.0,0.00032761492
0.9616465,0.0,0.25698408
0.9026184,0.0,0.025461918
0.67726713,0.0,0.32778537
0.8954289,0.0,0.24749653
0.7835301,0.0,0.0018017062
0.8499159,0.0,0.2196429
0.70027435,0.0,0.41451007
0.74686295,0.0,0.083112404
0.78459036,0.0,0.003369541
0.95420253,0.0,0.18942602
0.84645,0.0,0.2271034
0.92280453,0.0,0.0
0.8020696,0.0,0.06376399
0.8864523,0.0,0.5223627
0.89636755,0.0,0.30502355
0.93893474,0.0,0.014724758
0.9636469,0.0,0.06968911
0.8859986,0.0,0.5499165
0.84035724,0.0,0.5191931
0.9557458,0.0,0.25760898
0.86289734,0.0,0.70803505
0.9073448,0.0,0.061715618
0.82211787,0.0,0.37128896
0.95282894,0.0,0.08052694
0.9152842,0.0,0.29328182
0.936532,0.0,0.2304773
0.9404755,0.0,0.018696262
0.92443746,0.0,0.049374327
0.9087309,0.0,0.0
0.91991425,0.0,0.005376591
0.939319,0.0,0.0
0.71535444,0.0,0.0003015746
0.96662235,0.0,0.001431557
0.7890295,0.0,0.0
0.80152327,0.0,0.011247116
0.7633676,0.0,0.021525707
0.5655915,0.0,0.0058232956
0.6190494,0.0,0.0
0.8673227,0.0,0.0
0.8749628,0.0,0.0024242834
0.9818396,0.0,0.0016419481
0.77290875,0.0,0.0
0.9446812,0.0,0.041880343
0.68882036,0.0,0.46787554
0.8651087,0.0,0.74005127
0.83178514,0.0,0.5004198
0.8545863,0.0,0.03615968
0.96936303,0.0,0.42400604
0.9801215,0.0,0.19848412
0.83630145,0.0,0.16672854
0.79751307,0.0,0.23608701
0.93187815,0.0,0.2439232
0.95284814,0.0,0.0
0.7996195,0.0,0.00038366584
0.9562831,0.0,0.0
0.66394794,0.0,0.037720084
0.88415694,0.0,0.039265845
0.9063795,0.0,0.006213536
0.5868933,0.0,0.034202483
0.7387422,0.0,0.0751055
0.91761804,0.0,0.0050243563
0.858646,0.0,0.07749211
0.8716081,0.0,0.53248984
0.93304145,0.0,0.08045911
0.96098906,0.0,0.02795013
0.8686878,0.0,0.28688776
0.68140167,0.0,0.3413125
0.85845417,0.0,0.060613032
0.9120224,0.0,0.3806669
0.7191373,0.0,0.66364133
0.8583896,0.0,0.47715878
0.7549672,0.0,0.56984
0.8839787,0.0,0.10979277
0.87418807,0.0,0.3249099
0.80937535,0.0,0.4398112
0.87230116,0.0,0.24205256
0.95101357,0.0,0.008226388
0.8514346,0.0,0.0944918
0.95005894,0.0,0.26591784
0.9559735,0.0,0.19625501
0.93455786,0.0,0.026180157
0.9762565,0.0,0.03221179
0.83808833,0.0,0.003377744
0.9736974,0.0,0.11055809
0.90154773,0.0,0.040383168
0.81242925,0.0,0.008922337
0.9750983,0.0,0.010275487
0.72435635,0.0,0.0035039845
0.8939136,0.0,0.0
0.8522548,0.0,0.00016374433
0.85667557,0.0,0.0
0.84736425,0.0,0.0
0.741689,0.0,0.008024763
0.92340267,0.0,0.0013419886
0.9522087,0.0,0.20200676
0.767633,0.0,0.12011973
0.8718317,0.0,0.00080684025
0.87865216,0.0,0.01234863
0.91678834,0.0,0.32993537
0.9253981,0.0,0.44134894
0.95707387,0.0,0.25765648
0.7917928,0.0,0.7794976
0.7095014,0.0,0.3654419
0.88657504,0.0,0.021303462
0.5784195,0.0,0.12307253
0.93315613,0.0,0.35757795
0.97068846,0.0,0.26827508
0.9409419,0.0,0.0
0.83563435,0.0,0.4440483
0.8893863,0.0,0.6832427
0.85353565,0.0,0.20460233
0.8557531,0.0,0.3001925
0.76759297,0.0,0.003743442
0.95110345,0.0,0.04069258
0.8907907,0.0,0.014897584
0.8394443,0.0,0.0
0.7661476,0.0,0.018675508
0.8520863,0.0,0.00091602164
0.76667297,0.0,0.0
0.674717,0.0,0.0004433334
0.7343108,0.0,0.00056493626
0.9056168,0.0,0.0012817162
0.76478726,0.0,0.0032649983
0.89757305,0.0,0.069212325
0.8915576,0.0,0.20351079
0.58285147,0.0,0.039522078
0.72596437,0.0,0.0014744158
0.7502705,0.0,0.5425417
0.88608366,0.0,0.2053343
0.86824524,0.0,0.5294396
0.9797412,0.0,0.1710527
0.938968,0.0,0.17578447
0.97176546,0.0,0.018589566
0.96220684,0.0,0.014243514
0.85498786,0.0,0.0009480129
0.82349426,0.0,0.18685937
0.8125488,0.0,0.0008946027
0.9193514,0.0,0.0
0.9466527,0.0,0.0055233804
0.8657884,0.0,0.005248535
0.53955066,0.0,0.00023318174
0.9303806,0.0,0.0056192577
0.9276988,0.0,0.0022668021
0.9575559,0.0,0.006499917
0.8719569,0.0,0.0039931354
0.96610516,0.0,0.060738355
0.6729181,0.0,0.0045623058
0.7090012,0.0,0.40330198
0.790734,0.0,0.47021174
0.9723927,0.0,0.2866435
0.93393046,0.0,0.37020454
0.75581974,0.0,0.06703313
0.94206434,0.0,0.108527355
0.82247776,0.0,0.49942672
0.87623614,0.0,0.34584418
0.83734554,0.0,0.01677621
0.89350545,0.0,0.06841023
0.8986879,0.0,0.5887299
0.818722,0.0,0.29115677
0.81685996,0.0,0.01195864
0.87209576,0.0,0.29543382
0.6474445,0.0,0.029097956
0.8644114,0.0,0.0779147
0.90900785,0.0,0.39984515
0.92978513,0.0,0.37774315
0.8814453,0.0,0.00048702257
0.95709604,0.0,0.06745795
0.9842599,0.0,0.08742639
0.9188167,0.0,0.40731898
0.9741736,0.0,0.13931978
0.96190226,0.0,0.24456485
0.87143487,0.0,0.3513153
0.8480906,0.0,0.014306947
0.91525364,0.0,0.050213408
0.93813604,0.0,0.24196798
0.9714382,0.0,0.44074464
0.92507666,0.0,0.06665652
0.84626895,0.0,0.13796991
0.76892936,0.0,0.35647127
0.9440063,0.0,0.025752872
0.7570164,0.0,0.35782272
0.8372633,0.0,0.31695458
0.65149486,0.0,0.3841575
0.5060934,0.0,0.62639034
0.67718005,0.0,0.32613954
0.67458194,0.0,0.7421505
0.641438,0.0,0.70045626
0.8932398,0.0,0.115308054
0.7168197,0.0,0.33456117
0.91304654,0.0,0.0096669085
0.9418147,0.0,0.15059789
0.8958949,0.0,0.003638375
0.9397458,0.0,0.0
0.8602647,0.0,0.0
0.76951116,0.0,0.007648044
0.4712751,0.0,0.013446406
0.4338273,0.0,0.0
0.6572466,0.0,0.08608792
0.5918404,0.0,0.067703
0.4528024,0.0,0.011045291
0.9215905,0.0,0.00477471
0.8123265,0.0,0.0
0.7815914,0.0,0.016665604
0.8179479,0.0,0.013476021
0.8133816,0.0,0.055054583
0.8248549,0.0,0.07435528
0.8797667,0.0,0.13291508
0.8611096,0.0,0.07599534
0.9798941,0.0,0.04905954
0.945015,0.0,0.5447295
0.9615364,0.0,0.51577854
0.90519834,0.0,0.35186672
0.9800729,0.0,0.3578635
0.9542885,0.0,0.08301217
0.5984746,0.0,0.0
0.9572737,0.0,0.009716045
0.8531922,0.0,0.04352726
0.9504764,0.0,0.0028938372
0.7089266,0.0,0.25422034
0.8273356,0.0,0.17242192
0.43036944,0.0,0.040030375
0.93487173,0.0,0.02441135
0.6301527,0.0,0.05236226
0.8458641,0.0,0.008627306
0.7792577,0.0,0.0
0.8623206,0.0,0.021448273
0.7846887,0.0,0.0009516249
0.80324405,0.0,0.06013597
0.6688077,0.0,0.08403689
0.820169,0.0,0.66961527
0.8369731,0.0,0.5732601
0.96967757,0.0,0.23800272
0.96859914,0.0,0.21066417
0.8631802,0.0,0.416845
0.91845775,0.0,0.04674286
0.8120098,0.0,0.6308687
0.7728974,0.0,0.29000032
0.7837759,0.0,0.25049505
0.88362044,0.0,0.0076131513
0.846642,0.0,0.0
0.8438971,0.0,0.025062567
0.8469797,0.0,0.0012150347
0.86460155,0.0,0.0022699216
0.8827057,0.0,0.008400709
0.9310466,0.0,0.049302753
0.97853786,0.0,0.0
0.8243711,0.0,0.34304792
0.737259,0.0,0.42557532
0.7735114,0.0,0.012470886
0.92178506,0.0,0.23768236
0.89130795,0.0,0.25806797
0.9518088,0.0,0.033121523
0.76636535,0.0,0.078611195
0.88123703,0.0,0.0012649408
0.95525247,0.0,0.005841117
0.58526534,0.0,0.0
0.6263311,0.0,0.0064228554
0.6725818,0.0,0.0
0.92930424,0.0,0.039282527
0.27644107,0.0,0.0057547404
0.60636884,0.0,0.07306887
0.9197822,0.0,0.010349051
0.7494673,0.0,0.16882434
0.47619224,0.0,0.12033805
0.8205587,0.0,0.0037969875
0.8288157,0.0,0.080492616
0.82980007,0.0,0.18788166
0.3678697,0.0,0.21881649
0.95662117,0.0,0.0016278399
0.60694,0.0,0.20744443
0.7299254,0.0,0.2788196
0.75147736,0.0,0.54354393
0.74245274,0.0,0.4128391
0.94025004,0.0,0.591132
0.85602367,0.0,0.3849696
0.776409,0.0,0.01405368
0.83035004,0.0,0.7176794
0.8032858,0.0,0.42157584
0.76627564,0.0,0.34310588
0.54235727,0.0,0.5683014
0.9475823,0.0,0.21580663
0.94808215,0.0,0.011635104
0.9022076,0.0,0.11695885
0.79907775,0.0,0.45709938
0.83010525,0.0,0.18276124
0.9456799,0.0,0.0
0.89229554,0.0,0.40893567
0.92855203,0.0,0.45210359
0.9727542,0.0,0.099209
0.90635705,1.0,0.71952426
0.89310324,1.0,0.41660088
0.751818,0.0,0.068480305
0.9339421,0.0,0.3232699
0.94413006,0.0,0.55149776
0.991379,0.0,0.013674185
0.89920753,0.0,0.1392339
0.9914527,0.0,0.013774184
0.81268626,0.0,0.0073008514
0.86900383,0.0,0.0067507764
0.5786345,0.0,0.0
0.8030089,0.0,0.26181528
0.78468436,0.0,0.024644844
0.59613883,0.0,0.0018876302
0.43481413,0.0,0.054361783
0.51189935,0.0,0.0
0.7563774,0.0,0.04740986
0.89869046,0.0,0.22247201
0.9221402,0.0,0.24672876
0.7613838,0.0,0.124348156
0.9586424,0.0,0.07573021
0.8893213,0.0,0.14323056
0.8477685,0.0,0.10740174
0.95862025,0.0,0.0
0.80667055,0.0,0.15577118
0.9690054,0.0,0.32785308
0.9033779,0.0,0.2313474
0.9598889,0.0,0.30418634
0.63684994,0.0,0.2202437
0.8751047,0.0,0.40950876
0.88503027,0.0,0.53343385
0.8286246,0.0,0.52299017
0.6340631,0.0,0.91673416
0.8979735,0.0,0.5032958
0.92164093,0.0,0.15667512
0.85116893,0.0,0.3688616
0.8174595,0.0,0.3533714
0.8954579,0.0,0.10558689
0.9499391,0.0,0.086383075
0.9264054,0.0,0.15733816
0.6274662,0.0,0.01174043
0.73955435,0.0,0.086522885
0.88425446,0.0,0.021478543
0.5782869,0.0,0.0043815067
0.50259966,0.0,0.0139470855
0.56806,0.0,0.03851767
0.31045178,0.0,0.0037360005
0.600716,0.0,0.020223381
0.72741944,0.0,0.0
0.3726643,0.0,0.010220336
0.4838683,0.0,0.058946528
0.6849034,0.0,0.010507263
0.874644,0.0,0.10171311
0.7125738,0.0,0.054981504
0.6131044,0.0,0.017283902
0.63525504,0.0,0.081941575
0.8379803,0.0,0.37325844
0.64387125,0.0,0.060073722
0.6785999,0.0,4.9862316e-05
0.89786035,0.0,0.20207629
0.8349351,0.0,0.38087308
0.7811012,0.0,0.13410117
0.95347226,0.0,0.17153044
0.9365083,0.0,0.6153981
0.9104299,0.0,0.33812207
0.8404722,1.0,0.4311824
0.96242404,0.0,0.07767634
0.8733419,1.0,0.6443846
0.924561,0.0,0.2670536
0.9281346,0.0,0.0060328445
0.8948595,0.0,0.24656823
0.9455201,0.0,0.0077619995
0.6717819,0.0,0.00055011606
0.6800699,0.0,0.07612054
0.42793718,0.0,0.56477314
0.9238307,0.0,0.23212916
0.7936201,0.0,0.0
0.5383688,0.0,0.25965777
0.7240162,0.0,0.07728256
0.7151021,0.0,0.2541633
0.84058636,0.0,0.11320999
0.9213525,0.0,0.010160126
0.6397819,0.0,0.0060450723
0.80261654,0.0,0.2810887
0.85739326,0.0,0.039353322
0.66381985,0.0,0.0005905863
0.9010167,0.0,0.0
0.92304945,0.0,0.09371476
0.8834943,0.0,0.012558523
0.80934525,0.0,0.121556796
0.86842746,1.0,0.25981036
0.8528357,0.0,0.0918306
0.7834761,1.0,0.3332154
0.9044618,0.0,0.011420471
0.8722424,0.0,0.1358365
0.7946471,0.0,0.06625792
0.95548993,0.0,0.060629487
0.7840416,0.0,0.48823565
0.8892973,0.0,0.34333858
0.6626591,0.0,0.3885218
0.3155856,0.0,0.2990303
0.7853355,0.0,0.023444643
0.3579995,0.0,0.10686476
0.7330768,0.0,0.019648414
0.55380213,0.0,0.06690529
0.40596008,0.0,0.007690022
0.64788073,0.0,0.013797614
0.6384361,0.0,0.0
0.3031359,0.0,0.0048175743
0.5553134,0.0,0.010605234
0.8546311,0.0,0.0
0.7345784,0.0,0.0
0.804679,0.0,0.14202823
0.5255244,0.0,0.31279784
0.79842466,0.0,0.33131084
0.86998826,0.0,0.51423407
0.82004213,0.0,0.09483902
0.59423935,0.0,0.016071076
0.8077612,0.0,0.67806864
0.82727414,0.0,0.22915182
0.70417815,0.0,0.034409504
0.8524778,0.0,0.42778328
0.9149745,0.0,0.3432283
0.7684347,0.0,0.026888877
0.654315,0.0,0.31568596
0.8935833,0.0,0.6816207
0.81549037,0.0,0.2781291
0.734423,0.0,0.5134333
0.84037375,0.0,0.49894154
0.5898624,0.0,0.43905622
0.7449388,0.0,0.35665125
0.5203961,0.0,0.3834436
0.77448726,0.0,0.29086643
0.7598016,0.0,0.020111915
0.73591524,0.0,0.5809776
0.9353661,1.0,0.31662652
0.78134674,1.0,0.44438457
0.93846244,1.0,0.6212292
0.84965885,1.0,0.6125664
0.7998261,1.0,0.43495017
0.8603097,1.0,0.6265778
0.9266171,1.0,0.34022957
0.92226803,1.0,0.16367099
0.94645345,1.0,0.4014817
0.8249392,1.0,0.6282815
0.8756251,0.0,0.1924936
0.8319274,0.0,0.035351127
0.83454585,0.0,0.46451256
0.72412384,0.0,0.15273131
0.59281397,0.0,0.007819972
0.9766368,0.0,0.31884697
0.8845007,0.0,0.5254605
0.90777874,0.0,0.021490995
0.94620556,0.0,0.018777976
0.8615363,0.0,0.60989827
0.7899839,0.0,0.5707214
0.88421327,0.0,0.013666765
0.9022208,0.0,0.30028743
0.8048462,0.0,0.5781477
0.48210844,0.0,0.6465354
0.82540584,0.0,0.32837212
0.84281784,0.0,0.7468575
0.5887819,0.0,0.6598165
0.53351915,0.0,0.3351077
0.5562505,0.0,0.48704132
0.66032064,0.0,0.7175872
0.52742815,0.0,0.66712147
0.5005412,0.0,0.1713507
0.56680095,0.0,0.32415932
0.48052007,0.0,0.05400343
0.45004883,0.0,0.6173236
0.5630928,0.0,0.35369426
0.42431787,0.0,0.10012408
0.30291003,0.0,0.2937196
0.2494177,0.0,0.53620356
0.49039623,1.0,0.454548
0.29473862,1.0,0.08171018
0.3959846,0.0,0.4584402
0.27042753,1.0,0.4728441
0.29437795,0.0,0.3921162
0.21856171,0.0,0.74901533
0.23938642,0.0,0.33962363
0.26708442,0.0,0.08466584
0.27057648,0.0,0.3617659
0.36404136,0.0,0.35517356
0.5378711,0.0,0.07264031
0.7582744,1.0,0.4994691
0.6882033,1.0,0.69919354
0.6260895,1.0,0.6860567
0.9307455,1.0,0.17685314
0.7727536,1.0,0.030435747
0.48598316,1.0,0.33542627
0.6348788,1.0,0.28469235
0.72120965,0.0,0.0016982147
0.79958534,0.0,0.021256763
0.8637783,1.0,0.44305423
0.9102385,1.0,0.36653978
0.5686177,0.0,0.09284389
0.9437678,0.0,0.5846172
0.85518134,0.0,0.28497854
0.8584514,0.0,0.25353476
0.9595539,0.0,0.34842283
0.8328402,0.0,0.3212993
0.9156062,0.0,0.36595997
0.58927345,0.0,0.27915865
0.40946653,0.0,0.6890768
0.57495695,0.0,0.40471864
0.34195915,0.0,0.41029245
0.2101464,0.0,0.08150885
0.5797833,0.0,0.12885727
0.39431843,0.0,0.19878276
0.78371334,0.0,0.21192636
0.9096399,0.0,0.22488365
0.8984528,0.0,0.16727073
0.8535387,0.0,0.0
0.9189864,0.0,0.27148038
0.6583203,0.0,0.00204221
0.48733056,0.0,0.41082466
0.85900646,0.0,0.5309975
0.92101526,0.0,0.1594205
0.98147696,0.0,0.32553762
0.9099122,0.0,0.0039828047
0.8407182,0.0,0.0910084
0.9485575,0.0,0.0
0.39195648,0.0,0.11958003
0.76737815,0.0,0.18928419
0.5488973,0.0,0.036294706
0.8419129,0.0,0.35908827
0.58904505,0.0,0.23572946
0.47140872,0.0,0.75189084
0.9189289,0.0,0.17562018
0.73802215,1.0,0.4751986
0.7258725,1.0,0.5554252
0.41660714,0.0,0.15798064
0.7979683,1.0,0.13412789
0.7759658,1.0,0.4836698
0.66143423,0.0,0.06446151
0.75320107,0.0,0.03539547
0.83730686,1.0,0.05560751
0.77283174,1.0,0.23216856
0.8615823,0.0,0.0
0.5557508,0.0,0.042023633
0.64536583,1.0,0.3499173
0.7831405,1.0,0.44607496
0.7459253,0.0,0.094691075
0.9093025,0.0,0.25403237
0.92001325,0.0,0.043890767
0.4169918,0.0,0.34732598
0.8776928,0.0,0.23367876
0.87819546,0.0,0.5292694
0.9512032,0.0,0.048527315
0.87790173,0.0,0.030737013
0.73430395,0.0,0.12861054
0.76749337,0.0,0.23285238
0.3388919,0.0,0.1392397
0.70810735,0.0,0.03268229
0.41965383,0.0,0.0
0.27549747,1.0,0.12911434
0.22358994,1.0,0.048023887
0.25527027,1.0,0.30717835
0.49698818,0.0,0.3933667
0.8711354,0.0,0.37970167
0.7047121,0.0,0.6199132
0.7913977,0.0,0.59155214
0.79517967,0.0,0.62844074
0.60507786,0.0,0.6667543
0.5154508,0.0,0.19227937
0.5882066,0.0,0.2939644
0.60772854,0.0,0.03381784
0.88454264,0.0,0.082508534
0.56334627,0.0,0.04601169
0.5304695,0.0,0.010224432
0.33315313,0.0,0.091959916
0.8893999,0.0,0.2569198
0.7189519,0.0,0.19174816
0.9105417,0.0,0.16775952
0.84462625,0.0,0.57694507
0.9728458,0.0,0.29921567
0.7427343,0.0,0.14487629
0.69008565,0.0,0.08427587
0.789578,0.0,0.0
0.7235096,0.0,0.18517345
0.48794612,0.0,0.3726433
0.8989188,0.0,0.12752569
0.66529787,0.0,0.0077600726
0.7734031,0.0,0.3602008
0.8758887,0.0,0.6436585
0.9781034,0.0,0.30705342
0.907977,0.0,0.33741152
0.98793423,0.0,0.12751536
0.94019943,0.0,0.48355156
0.86934394,0.0,0.20069863
0.9499292,0.0,0.3713383
0.84612805,0.0,0.13119395
0.8742546,0.0,0.00021020406
0.95516485,0.0,0.03268675
0.9247591,0.0,0.36234197
0.90513283,0.0,0.013131793
0.9122147,0.0,0.0
0.965128,0.0,0.20015496
0.80989,0.0,0.037922066
0.9729191,0.0,0.003424487
0.9650513,0.0,0.0
0.36624905,0.0,0.064227104
0.40332744,0.0,0.0
0.57112634,0.0,0.0
0.8065552,0.0,0.056010257
0.42865294,0.0,0.1563151
0.57486826,0.0,0.0
0.26936728,0.0,0.051989347
0.38645723,0.0,0.35525808
0.60790575,0.0,0.28154343
0.6471412,0.0,0.3829774
0.5670789,0.0,0.8356601
0.40099153,0.0,0.56703854
0.27284718,0.0,0.79220796
0.3246553,0.0,0.4657495
0.34399244,0.0,0.1305806
0.25417224,0.0,0.058607332
0.96967477,0.0,0.15534885
0.71653235,0.0,0.02595644
0.64100194,0.0,0.0
0.77484727,0.0,0.0
0.60533255,0.0,0.0021943857
0.4147325,0.0,0.09033594
0.55633193,0.0,0.06565459
0.9745344,0.0,0.012015699
0.39220968,0.0,0.11673266
0.7843824,0.0,0.0
0.635639,0.0,0.41747525
0.69730765,0.0,0.07604143
0.8123604,0.0,0.0030809925
0.63748085,0.0,0.16780703
0.9555945,0.0,0.0
0.8922186,0.0,0.1811895
0.50823164,0.0,0.75333285
0.8799466,0.0,0.47773224
0.9330487,0.0,0.16747804
0.9686566,0.0,0.086687006
0.9612531,0.0,0.0
0.95963454,0.0,0.0022557494
0.85156816,0.0,3.500611e-05
0.70242417,0.0,0.068767674
0.7361521,0.0,0.095081665
0.5589575,0.0,0.0
0.64069486,0.0,0.07381926
0.40984935,0.0,0.13072462
0.6625037,0.0,0.0
0.8680991,0.0,0.0
0.65690416,0.0,0.14529727
0.6505714,0.0,0.11348519
0.89528203,0.0,0.3257381
0.81149906,0.0,0.37270457
0.8800558,0.0,0.7086451
0.7297031,0.0,0.4940469
0.7559681,0.0,0.52734184
0.78747076,0.0,0.39587712
0.6141487,0.0,0.23019691
0.8018797,0.0,0.281841
0.69712543,0.0,0.2719087
0.7648147,0.0,0.3487543
0.817704,0.0,0.19800301
0.83413523,0.0,0.3825757
0.89005184,0.0,0.66231036
0.7080193,0.0,0.30779254
0.67200685,0.0,0.21212287
0.5346257,0.0,0.121382855
0.46908423,0.0,0.18539771
0.44905752,0.0,0.33587456
0.50267553,0.0,0.06752426
0.77169293,0.0,0.04729901
0.46859774,0.0,0.049905434
0.866153,0.0,0.013102807
0.8284723,0.0,0.040398568
0.5955837,0.0,0.102203116
0.9013399,0.0,0.10700435
0.6380388,0.0,0.002452223
0.8906493,0.0,0.21547683
0.7533387,0.0,0.47312576
0.7323212,0.0,0.54599005
0.8365765,0.0,0.12917104
0.7908899,0.0,0.31617928
0.6920835,0.0,0.24343656
0.8029111,0.0,0.59890914
0.9745052,0.0,0.43668568
0.89525783,0.0,0.05841562
0.93342465,0.0,0.31911504
0.7776201,0.0,0.07017674
0.66705674,0.0,0.01830294
0.98229986,0.0,0.21047698
0.9517367,0.0,0.2820908
0.7570236,0.0,0.13622627
0.7532249,0.0,0.016917234
0.8689826,0.0,0.02121607
0.0963954,0.0,0.0
0.6108371,0.0,0.04543716
0.9656016,0.0,0.003740442
0.85635984,0.0,0.00085992826
0.06440213,0.0,0.0
0.91201824,0.0,0.0017561837
0.9015403,0.0,0.0009127098
0.30111754,0.0,0.015547879
0.20335332,0.0,0.0008837937
0.68323016,0.0,0.0
0.39326158,0.0,0.0
0.43574804,0.0,0.082988895
0.66353154,0.0,0.08323626
0.9431945,0.0,0.0
0.43804994,0.0,0.18536167
0.60179913,0.0,0.2795888
0.3571433,0.0,0.70542336
0.55315864,0.0,0.6085917
0.4218031,0.0,0.45054027
0.5164871,0.0,0.3188173
0.7424405,0.0,0.16171654
0.77623665,0.0,0.546367
0.54818165,0.0,0.086028926
0.8170901,0.0,0.25620764
0.8253136,0.0,0.19503921
0.83778685,0.0,0.0
0.15996331,0.0,0.015647441
0.52732974,0.0,0.3205362
0.79183185,0.0,0.4535248
0.9111774,0.0,0.35651055
0.88968825,0.0,0.08089225
0.8907736,0.0,0.5028266
0.57408607,0.0,0.6688345
0.70599663,0.0,0.6739937
0.786925,0.0,0.045212843
0.75438875,0.0,0.29728302
0.8079136,0.0,0.2246863
0.6840454,0.0,0.63287824
0.7710835,0.0,0.29652587
0.7495806,0.0,0.0022393838
0.5932129,0.0,0.3716581
0.7310028,0.0,0.47481155
0.7891233,0.0,0.06768268
0.8021149,0.0,0.014501842
0.8605551,0.0,0.16841826
0.8273957,0.0,0.49449784
0.76494914,0.0,0.39323345
0.8662319,0.0,0.70521295
0.7851958,0.0,0.32430616
0.35598758,0.0,0.18360268
0.88012874,0.0,0.06641565
0.5539339,0.0,0.5734036
0.9024665,0.0,0.21359272
0.8647597,0.0,0.1420533
0.80447376,0.0,0.7153807
0.7775211,0.0,0.18996018
0.8792933,0.0,0.0025490026
0.9348742,0.0,0.4106633
0.9032269,0.0,0.43498456
0.8709228,0.0,0.2228311
0.76596653,0.0,0.34720516
0.83193666,0.0,0.015018965
0.8427898,0.0,8.958586e-05
0.88641626,0.0,0.34447592
0.87043434,0.0,0.19109459
0.8535161,0.0,0.0034412201
0.85807467,0.0,0.0041497983
0.8316049,0.0,0.46664533
0.6948125,0.0,0.016909465
0.8573051,0.0,0.0
0.7141957,0.0,0.37648696
0.67707753,0.0,0.15464658
0.90049356,0.0,0.0
0.29877433,0.0,0.0414121
0.2137933,0.0,0.33594143
0.6011412,0.0,0.5645481
0.49842978,0.0,0.4793618
0.7857711,0.0,0.077258974
0.42486703,0.0,0.5195328
0.43442768,0.0,0.40984502
0.19151375,0.0,0.054785337
0.7120174,0.0,0.16963442
0.39719677,0.0,0.47600406
0.46211332,0.0,0.03509574
0.6346106,0.0,0.35440296
0.17136239,0.0,0.3684281
0.9470703,0.0,0.00014011071
0.6496408,0.0,0.30199638
0.3702746,0.0,0.44822818
0.9138612,0.0,0.26171052
0.9177595,0.0,0.0014871791
0.47321162,0.0,0.24882574
0.64419717,0.0,0.41525504
0.8600584,0.0,0.02998421
0.84799105,0.0,0.24002002
0.65933,0.0,0.57843095
0.81752926,0.0,0.48356435
0.7827286,0.0,0.3166876
0.70857745,0.0,1.0
0.66160595,0.0,0.72425926
0.736476,0.0,0.7429013
0.53068984,0.0,0.73414886
0.5559138,0.0,0.22341824
0.7298876,0.0,0.23539567
0.9020571,1.0,0.49370843
0.39928287,1.0,0.07163702
0.7022002,1.0,0.7038829
0.8971998,0.0,0.032319423
0.7223856,0.0,0.31909776
0.61472136,1.0,0.40152866
0.64762586,1.0,0.06863344
0.6493225,0.0,0.010894694
0.77607536,1.0,0.45346206
0.53683704,1.0,0.28364184
0.35085818,0.0,0.030015118
0.8989958,0.0,0.14717908
0.8419225,1.0,0.49594977
0.7964529,0.0,0.21023272
0.86482286,0.0,0.016469026
0.87459344,0.0,0.50589114
0.5042468,0.0,0.5001984
0.7793161,0.0,0.46029982
0.80640984,0.0,0.0063545527
0.6651796,0.0,0.4129509
0.41733032,0.0,0.50156206
0.7283632,0.0,0.039808262
0.9672541,0.0,0.13296276
0.8911495,0.0,0.7132138
0.56201094,0.0,0.24386832
0.7036898,0.0,0.039508678
0.8780914,0.0,0.27511337
0.571366,0.0,0.011919457
0.7016052,0.0,0.14100526
0.7436499,0.0,0.05693885
0.9669823,0.0,0.076939456
0.81720215,0.0,0.088667095
0.8761049,0.0,0.3348089
0.8879449,0.0,0.015795087
0.76590997,0.0,0.39306116
0.9354112,0.0,0.44889697
0.89975554,0.0,0.121704705
0.7164269,0.0,0.54107535
0.8065386,0.0,0.685852
0.7781043,0.0,0.41838863
0.89316773,0.0,0.54705554
0.8544082,0.0,0.17348196
0.74181557,0.0,0.03347916
0.94825584,0.0,0.19784212
0.80064994,0.0,0.029942414
0.9368213,0.0,0.024386667
0.7610279,0.0,0.010966079
0.587832,0.0,0.050266154
0.8398701,0.0,0.012639721
0.6009012,0.0,0.52803683
0.906702,0.0,0.47972706
0.8402362,0.0,0.695559
0.85822386,0.0,0.612324
0.63075435,0.0,0.11167998
0.79514015,0.0,0.26130432
0.88842356,0.0,0.06898299
0.5411901,0.0,0.20394395
0.73558736,0.0,0.47632807
0.7813775,0.0,0.38859582
0.6654199,0.0,0.2903634
0.9108683,0.0,0.7950574
0.83572876,0.0,0.45446154
0.7197476,0.0,0.7448842
0.7921773,0.0,0.24296688
0.47823364,0.0,0.40350732
0.3329268,0.0,0.22997338
0.6613202,0.0,0.23840296
0.39798498,0.0,0.07897294
0.67638195,0.0,0.20535591
0.9262377,0.0,0.046278395
0.9390108,0.0,0.12296504
0.7462963,0.0,0.08738061
0.8459861,0.0,0.5605481
0.9276649,0.0,0.09859083
0.35527217,0.0,0.041042924
0.9265215,1.0,0.2904404
0.85381025,0.0,0.086431615
0.1983977,0.0,0.20505276
0.16848403,0.0,0.07929215
0.5518734,1.0,0.43523738
0.45526958,0.0,0.4955506
0.6940598,1.0,0.64081264
0.8177255,0.0,0.73887116
0.47265878,0.0,0.5833027
0.5283274,0.0,0.2661552
0.18830322,0.0,0.27984497
0.30863813,0.0,0.070728496
0.8776814,0.0,0.18685512
0.13716197,0.0,0.59215415
0.08961584,0.0,0.8223282
0.23498595,0.0,0.60630745
0.2977726,0.0,0.5160865
0.65066916,0.0,0.3780349
0.63355047,0.0,0.7393439
0.4573274,0.0,0.22813891
0.66085553,0.0,0.39669013
0.4104095,0.0,0.3436503
0.58809996,0.0,0.15724415
0.4247583,0.0,0.43537104
0.25647366,0.0,0.70526206
0.29694462,0.0,0.054740164
0.9588244,0.0,0.17263687
0.26861373,0.0,0.4855383
0.10624475,0.0,0.66451573
0.60602903,0.0,0.5147987
0.6563755,0.0,0.26358223
0.3850125,0.0,0.47705796
0.43946472,0.0,0.3095124
0.74811566,0.0,0.14250864
0.30622363,0.0,0.18085021
0.64160264,1.0,0.3023291
0.4532246,1.0,0.5389831
0.54434997,1.0,0.5670399
0.40742975,1.0,0.78674024
0.3613939,1.0,0.58732605
0.45723176,1.0,0.7784932
0.24871099,1.0,0.7329214
0.38365215,1.0,1.0
0.93560255,0.0,0.5679186
0.8897913,0.0,0.114027575
0.9510597,0.0,0.86244816
0.82276416,0.0,0.32810304
0.8345437,0.0,0.1719101
0.81416696,0.0,0.5652577
0.8642885,0.0,0.92893285
0.89034414,0.0,0.317675
0.62109214,0.0,0.6770252
0.83969927,0.0,0.10897321
0.93219745,0.0,0.42956075
0.8834739,0.0,0.58765274
0.9817168,0.0,0.53899485
0.92110175,0.0,0.24872689
0.92529726,0.0,0.1936969
0.44959378,0.0,0.13752337
0.85859615,0.0,0.15402633
0.6468645,0.0,0.09532572
0.43060583,0.0,0.381429
0.61329615,0.0,0.13743412
0.8617714,0.0,0.04107702
0.8636866,0.0,0.06452044
0.9294152,0.0,0.29167876
0.75708365,0.0,0.51204777
0.69910365,1.0,0.4625786
0.8406506,0.0,0.25237396
0.76206285,1.0,0.43061015
0.87514776,0.0,0.09911079
0.76448035,1.0,0.3911022
0.8143658,0.0,0.0009920696
0.5565009,1.0,0.18052663
0.7082876,0.0,0.2130148
0.7137121,1.0,0.4210343
0.81873006,0.0,0.00952022
0.7005792,0.0,0.5303675
0.74287534,0.0,0.003321044
0.48622063,0.0,0.36329117
0.631937,0.0,0.00034638456
0.67888224,0.0,0.17007025
0.94628733,0.0,0.10327244
0.789836,0.0,0.2168791
0.71943605,0.0,0.6671845
0.6840086,0.0,0.29044977
0.76466393,0.0,0.6045981
0.83025616,0.0,0.7403727
0.905942,0.0,0.21323003
0.8464839,0.0,0.18620154
0.89159876,0.0,0.50919205
0.8079047,0.0,0.04867146
0.9108241,0.0,0.4701788
0.8948005,0.0,0.5304652
0.77834374,0.0,0.02957219
0.85871017,1.0,0.25137284
0.85536087,0.0,0.0012537548
0.8166329,1.0,0.40443778
0.9704582,0.0,0.0065226764
0.4064686,1.0,0.3306802
0.73991054,0.0,0.007481868
0.7634742,1.0,0.32314426
0.66784406,0.0,0.18176062
0.722321,1.0,0.57638437
0.74285954,1.0,0.5396993
0.6488216,0.0,0.018499002
0.5315698,1.0,0.13929941
0.863373,0.0,0.014898232
0.2951421,1.0,0.36372882
0.7588634,1.0,0.017587552
0.5268284,1.0,0.20220757
0.5474058,0.0,0.016486397
0.51163965,1.0,0.20698129
0.53221065,1.0,0.4838156
0.76763684,0.0,0.0063372
0.72440106,0.0,0.19667682
0.72107214,0.0,0.23368026
0.7780381,0.0,0.37204972
0.7499681,0.0,0.0033720396
0.4692277,0.0,0.0
0.40323868,0.0,0.06438955
0.6794691,0.0,0.025851302
0.47987068,0.0,0.0072570015
0.7212324,0.0,0.022343338
0.45932004,0.0,0.007064969
0.56026125,0.0,0.00035837467
0.73788214,0.0,0.01634956
0.39020893,0.0,0.072478496
0.46808326,0.0,0.0070801834
0.45508167,0.0,0.01814642
0.61636966,0.0,0.10313124
0.5130285,0.0,0.010672615
0.55326116,0.0,0.0
0.64140224,0.0,0.0
0.37738475,0.0,0.015570219
0.76091737,0.0,0.002749529
0.61454785,0.0,0.023419697
0.6590993,0.0,0.011882568
0.82157004,1.0,0.35178834
0.8338825,0.0,0.3277053
0.7884101,0.0,0.29845878
0.82378894,0.0,0.63908446
0.9127713,0.0,0.5009139
0.8330971,0.0,0.1301909
0.88960624,0.0,0.44658062
0.84235084,0.0,0.05369515
0.550752,0.0,0.0017609202
0.5811053,0.0,0.0064770193
0.8924541,0.0,0.0687526
0.66670763,0.0,0.10116778
0.49076933,0.0,0.01828621
0.8611509,0.0,5.527609e-05
0.6069488,0.0,0.02022046
0.8953514,0.0,0.18548393
0.6576804,0.0,0.029230105
0.936363,0.0,0.33727527
0.7405732,0.0,0.02622168
0.906289,0.0,0.4383916
0.8276676,0.0,0.029421814
0.92861736,0.0,0.20200814
0.90138376,0.0,0.0020355093
0.9187065,0.0,0.22670327
0.5222339,0.0,0.028388785
0.6333146,0.0,0.3896868
0.8218737,0.0,0.7842478
0.7623131,0.0,0.35666957
0.7674765,0.0,0.68866277
0.6035029,0.0,0.4909761
0.868951,0.0,0.399745
0.60827917,0.0,0.009523678
0.87654155,0.0,0.25350484
0.84844655,0.0,0.008314704
0.90585864,0.0,0.44419906
0.6093322,0.0,0.030959768
0.82360244,0.0,0.3253654
0.6225178,0.0,0.008203055
0.88112444,0.0,0.47110397
0.9174682,0.0,0.011354909
0.7869891,0.0,0.3048292
0.8808537,0.0,0.2934766
0.86292076,0.0,0.75953585
0.83976835,0.0,0.6087553
0.84894663,0.0,0.4251496
0.9238086,1.0,0.25449923
0.6414137,0.0,0.013751008
0.9005985,0.0,0.19052984
0.81112456,0.0,0.019220319
0.81409883,0.0,0.35737503
0.83093005,0.0,0.032023404
0.76340175,0.0,0.3323677
0.83494866,0.0,0.02184758
0.6352788,0.0,0.42144278
0.8512886,0.0,0.1533257
0.6876886,0.0,0.16941379
0.9175794,0.0,0.010033336
0.82615936,0.0,0.14339328
0.79599464,0.0,0.5483036
0.9071628,0.0,0.06506565
0.87306505,0.0,0.38251856
0.58291054,0.0,0.44638675
0.88576937,0.0,0.4003604
0.8943272,0.0,0.04495879
0.8970906,0.0,0.4043179
0.8721201,0.0,0.09370165
0.8910155,0.0,0.40766767
0.8447703,0.0,0.056936633
0.92193407,0.0,0.4978463
0.9715537,0.0,0.5405132
0.6423572,0.0,0.1408449
0.94395477,0.0,0.44608045
0.9318667,0.0,0.059714545
0.93124896,0.0,0.34475008
0.7208443,0.0,0.046561
0.8922748,0.0,0.36642003
0.82643086,0.0,0.1628032
0.8274245,0.0,0.48286197
0.8223513,0.0,0.62743837
0.8813196,0.0,0.21585031
0.9370354,0.0,0.297654
0.6960371,0.0,0.029664183
0.80773705,0.0,0.32214043
0.76377416,0.0,0.05205552
0.46819115,0.0,0.566232
0.9081582,0.0,0.1191563
0.7196309,0.0,0.47503158
0.73826927,0.0,0.09728589
0.9503973,0.0,0.49737018
0.75723875,0.0,0.040176414
0.9614522,0.0,0.22353056
0.928726,0.0,0.07904398
0.79725575,0.0,0.41773093
0.868315,0.0,0.40475613
0.810035,0.0,0.77832144
0.9163179,0.0,0.7443787
0.70412457,0.0,0.40090892
0.8921053,0.0,0.4739174
0.9348033,0.0,0.49263823
0.8793116,0.0,0.28208143
0.8767145,0.0,0.34856674
0.6376995,0.0,0.014463951
0.7278167,0.0,0.2982305
0.68676364,0.0,0.031318784
0.68958277,0.0,0.5289971
0.8862028,0.0,0.068884976
0.87146074,0.0,0.22941533
0.71218586,0.0,0.0048923604
0.7933506,0.0,0.33933273
0.7212028,0.0,0.06575886
0.7060944,0.0,0.50899583
0.8391799,0.0,0.36024603
0.829369,0.0,0.93271124
0.8481084,0.0,1.0
0.7760034,0.0,0.7967524
0.87670094,0.0,0.21878585
0.8562971,0.0,0.29754642
0.7674785,0.0,0.5270314
0.79385465,0.0,0.2919188
0.7202824,0.0,0.05253527
0.7545492,0.0,0.13525626
0.6921201,0.0,0.014093515
0.72510153,0.0,0.28281808
0.75870925,0.0,0.025722802
0.83147883,0.0,0.32936463
0.7469674,0.0,0.33667386
0.41401458,0.0,0.04236736
0.6541385,1.0,0.47865695
0.6912443,1.0,0.056161437
0.7224737,1.0,0.53825504
0.4435445,0.0,0.087890364
0.88266146,0.0,0.29737356
0.82025176,0.0,0.48484558
0.79685766,0.0,0.58723736
0.8274748,1.0,0.53669196
0.88378763,0.0,0.39964727
0.6086354,1.0,0.15266289
0.5846186,0.0,0.0037773186
0.38528228,1.0,0.39321396
0.4477922,1.0,0.013415969
0.43335372,1.0,0.09897063
0.54761887,0.0,0.015917987
0.2572169,0.0,0.059101567
0.6817398,0.0,0.01829535
0.52253646,0.0,0.24901636
0.35663885,0.0,0.002914047
0.66819227,0.0,0.025493886
0.73477215,0.0,0.2248652
0.68240076,0.0,0.57104135
0.67213666,0.0,0.75515544
0.73304874,0.0,0.5072932
0.51389706,0.0,0.09298214
0.41515777,0.0,0.0
0.41879886,0.0,0.09027319
0.5934957,0.0,0.008375504
0.7308614,0.0,0.39653268
0.8143801,0.0,0.0
0.73781604,0.0,0.42460704
0.896646,1.0,0.21368818
0.92352444,0.0,0.1224817
0.6690206,0.0,0.7927616
0.6544017,0.0,0.73412484
0.6517671,0.0,0.27818382
0.9253563,0.0,0.20963939
0.86298734,0.0,0.032474548
0.606564,0.0,0.0058854865
0.8638306,0.0,0.07121507
0.89105517,0.0,0.0050227726
0.92286974,0.0,0.3939318
0.5901553,0.0,0.008127052
0.7091844,0.0,0.22403026
0.53120464,0.0,0.73224616
0.45243767,0.0,0.8200751
0.56891024,0.0,0.12460435
0.5119413,0.0,0.12586226
0.72080094,0.0,0.0064184177
0.61900586,0.0,0.00776132
0.4054175,0.0,0.0026866214
0.743525,0.0,0.011128532
0.6390925,0.0,0.0
0.7573054,0.0,0.08800763
0.27263573,0.0,0.028190976
0.7084595,0.0,0.18034911
0.69782066,0.0,0.06416977
0.8688766,0.0,0.00954234
0.14692925,0.0,0.011469441
0.83792955,0.0,0.029284777
0.76705927,0.0,0.21546942
0.82448167,0.0,0.29599914
0.6952701,0.0,0.6202716
0.8593674,0.0,0.77995104
0.6661219,0.0,0.77187985
0.51440287,0.0,0.27844197
0.7501122,0.0,0.59309536
0.56388265,0.0,0.49679244
0.6161404,0.0,0.10481466
0.80048084,0.0,0.7910273
0.69039035,0.0,0.0950362
0.8700316,0.0,0.44276786
0.7640396,0.0,0.12408576
0.62541586,0.0,0.5111218
0.83443546,0.0,0.13196011
0.68743944,0.0,0.66476715
0.76009876,0.0,0.22007807
0.52879804,0.0,0.019757409
0.76006746,0.0,0.5404273
0.63698786,0.0,0.39541867
0.483463,0.0,0.061481506
0.740877,0.0,0.21632391
0.4328756,0.0,0.42845595
0.23616555,0.0,0.25192276
0.5574521,0.0,0.5773381
0.47102222,0.0,0.11418938
0.6432725,0.0,0.5534724
0.6163173,0.0,0.8185822
0.6684676,0.0,0.18036467
0.65473044,0.0,0.61322796
0.58364505,0.0,0.37411296
0.8030186,0.0,0.5841532
0.6296825,0.0,0.72573787
0.8090964,0.0,0.6454973
0.7762185,0.0,0.8423085
0.67369133,0.0,0.71165115
0.5967198,0.0,0.048132665
0.5844343,0.0,0.30850902
0.6265897,0.0,0.0
0.36965978,0.0,0.09310113
0.7699499,0.0,0.00035438736
0.5629917,0.0,0.17429918
0.71123123,0.0,0.0028020302
0.5164866,0.0,0.08940846
0.31905428,0.0,0.41072825
0.6302733,0.0,0.4044942
0.7515949,0.0,0.3091799
0.76170236,0.0,0.35484695
0.6748679,0.0,0.14192016
0.8244925,0.0,0.12041738
0.7708261,0.0,0.46067286
0.7852603,0.0,0.07020676
0.6033649,0.0,0.27402732
0.4417325,0.0,0.019609658
0.6242275,0.0,0.011975921
0.64518076,0.0,0.5517415
0.8183373,0.0,0.17228048
0.6796624,0.0,0.46888223
0.5169927,0.0,0.0030514565
0.8076214,0.0,0.3104629
0.6108735,0.0,0.108551085
0.9347951,0.0,0.2571949
0.7682137,0.0,0.07416196
0.2823204,0.0,0.014060996
0.61510015,0.0,0.55291444
0.39413458,0.0,0.2532153
0.6295886,0.0,0.18737759
0.86485595,0.0,0.6310641
0.8615607,0.0,0.48580602
0.86101216,0.0,0.5328052
0.87598306,0.0,0.3665363
0.8558212,0.0,0.5732587
0.82530564,0.0,0.12042722
0.82403916,0.0,0.37220648
0.7328279,0.0,0.009165302
0.5644698,0.0,0.2714864
0.7253114,0.0,0.030646134
0.7003567,0.0,0.12173461
0.87557787,0.0,0.016592301
0.562512,0.0,9.765219e-05
0.8088538,0.0,0.1417113
0.8382662,0.0,0.065196656
0.7549908,0.0,0.30642405
0.60373414,0.0,0.5712484
0.84672755,0.0,0.6016732
0.5960381,0.0,0.008742858
0.7697181,0.0,0.21927069
0.62799335,0.0,0.516375
0.37469605,0.0,0.39374456
0.8601683,0.0,0.073994786
0.73126054,0.0,0.037892647
0.39111277,0.0,0.81992394
0.52534634,0.0,0.5332755
0.44622585,0.0,0.042922053
0.4716243,0.0,0.17775533
0.73021495,0.0,0.0
0.8022251,0.0,0.0139817055
0.6938462,0.0,0.0
0.22883545,0.0,0.0
0.5354433,0.0,0.0
0.34228152,0.0,0.0102708135
0.40072384,0.0,0.26205558
0.37536624,0.0,0.048778027
0.42236108,0.0,0.28372812
0.62947106,0.0,0.048986305
0.57817984,0.0,0.0
0.66996175,0.0,0.0071505373
0.7031368,0.0,0.0067051267
0.43531924,0.0,0.14569026
0.5368064,0.0,0.059977006
0.822227,0.0,0.0008502454
0.7820375,0.0,0.1012566
0.51281327,0.0,0.5389928
0.60376614,0.0,0.36728546
0.77649647,0.0,0.20616403
0.7801681,0.0,0.7804621
0.7743734,0.0,0.216119
0.6830583,0.0,0.16239725
0.8417184,0.0,0.15707237
0.43452168,0.0,0.14795287
0.59247965,0.0,0.0039399522
0.57915735,0.0,0.059441715
0.84721905,0.0,0.0016870826
0.3701962,0.0,0.0
0.6013722,0.0,0.0014036401
0.56703115,0.0,0.0
0.32196137,1.0,0.43583858
0.48010632,1.0,0.40383708
0.669669,1.0,0.46583083
0.6813761,1.0,0.4509703
0.58336055,0.0,0.020612897
0.7331229,0.0,0.07013211
0.95142686,0.0,0.00027685077
0.674774,0.0,0.029509615
0.62317514,0.0,0.0004119856
0.39732987,0.0,0.047855664
0.2569654,0.0,0.1659736
0.298364,0.0,0.3369269
0.410412,0.0,0.7468752
0.73664886,0.0,0.2034686
0.7563707,0.0,0.08471724
0.23244701,0.0,0.06590506
0.5396122,1.0,0.52323335
0.29680625,1.0,0.5045595
0.5212983,1.0,0.20094639
0.56813025,0.0,0.04624184
0.4692914,1.0,0.62884307
0.41572863,1.0,0.6411328
0.62527555,0.0,0.0930522
0.6182724,1.0,0.22685711
0.34934634,0.0,0.20186749
0.833018,0.0,0.0077767423
0.8399529,0.0,0.41623437
0.68485576,0.0,0.10994143
0.8897452,0.0,0.18363616
0.90883917,0.0,0.5861724
0.6290688,0.0,0.34830564
0.3518421,0.0,0.81136125
0.6048625,0.0,0.7584706
0.45241323,0.0,0.16687775
0.82101023,0.0,0.100875266
0.5390101,0.0,0.06697334
0.7607796,0.0,0.019356353
0.48955557,0.0,0.06484988
0.7169075,0.0,0.00021972154
0.78272504,0.0,0.012058233
0.6872547,0.0,0.009230581
0.83759534,0.0,0.36607674
0.76608866,0.0,0.14527197
0.8823413,0.0,0.0014320347
0.94467115,0.0,0.17020857
0.8403191,0.0,0.026556002
0.6144379,0.0,0.31950593
0.7471688,0.0,0.74924225
0.8957798,0.0,0.52817154
0.92487174,0.0,0.5261659
0.9689709,0.0,0.010042818
0.92546475,0.0,0.66017884
0.9691909,0.0,0.20790909
0.90827006,0.0,0.4588833
0.90783876,0.0,0.8104255
0.7658866,0.0,0.5606907
0.70036453,0.0,0.045727003
0.8860016,0.0,0.11555478
0.7267467,0.0,0.3695092
0.6444672,0.0,0.46079928
0.84296674,0.0,0.009410834
0.5145617,0.0,0.10497138
0.8595963,0.0,0.004868212
0.47450328,0.0,0.110004745
0.7484375,0.0,0.0
0.537942,0.0,0.037980553
0.59737563,0.0,0.013783102
0.68589395,0.0,0.2000845
0.49848008,0.0,0.31253368
0.60693026,0.0,0.17145124
0.29637113,0.0,0.08369579
0.4576921,0.0,0.00573458
0.5509523,0.0,0.17820713
0.95465654,0.0,0.005996703
0.79601467,0.0,0.22748682
0.87516284,0.0,0.32315785
0.90736896,0.0,0.22265948
0.89888984,0.0,0.0
0.7837502,0.0,0.09846382
0.90098953,0.0,0.513183
0.95723313,0.0,0.2023318
0.8812735,0.0,0.00819363
0.835433,0.0,0.044235263
0.93169177,0.0,0.36763236
0.8583893,0.0,0.19979818
0.6383892,0.0,0.0
0.9350767,0.0,0.18728136
0.91939723,0.0,0.6074569
0.7552211,0.0,0.29192042
0.766673,0.0,0.026325835
0.796624,0.0,0.6516358
0.6459537,0.0,0.7088964
0.8006235,0.0,0.5758287
0.8086408,0.0,0.5172402
0.786688,0.0,0.50286275
0.8768339,0.0,0.49139985
0.7974419,0.0,0.24360509
0.8887187,0.0,0.6875799
0.82985216,0.0,0.3234474
0.8535484,0.0,0.27342972
0.75035393,0.0,0.70355946
0.79398435,0.0,0.4622582
0.26619357,0.0,0.07368499
0.8225446,0.0,0.4279284
0.92523855,0.0,0.20044675
0.74697524,0.0,0.0035525754
0.87549555,0.0,0.047996297
0.89646053,0.0,0.045033935
0.7425216,0.0,0.1497333
0.8887327,0.0,0.7522684
0.73750275,0.0,0.31257355
0.7014528,0.0,0.06609303
0.57748747,0.0,0.40478653
0.51579136,1.0,0.57179135
0.6042648,1.0,0.41495323
0.54759514,1.0,0.6746646
0.60153824,1.0,0.113605715
0.796702,1.0,0.21840523
0.67139465,1.0,0.13603616
0.66852397,0.0,0.20471875
0.85287845,0.0,0.061065093
0.8863518,0.0,0.0624505
0.9213253,1.0,0.31633222
0.9489146,0.0,0.0
0.9486474,1.0,0.1410495
0.9126896,0.0,0.009710941
0.9486847,0.0,0.107463315
0.73529106,0.0,0.02625127
0.82912356,0.0,0.21603575
0.6936137,0.0,0.6996416
0.7087088,1.0,0.7109033
0.6302381,1.0,0.25000072
0.97947663,1.0,0.39209142
0.7779658,0.0,0.00040810983
0.9720277,1.0,0.20274854
0.8054498,0.0,0.0075695775
0.7111459,1.0,0.10058506
0.9051977,0.0,0.013815578
0.85996664,1.0,0.27837348
0.7121827,0.0,0.004389952
0.8758786,0.0,0.0010398774
0.79569346,1.0,0.0450083
0.87036335,0.0,0.16745473
0.94062567,1.0,0.50920594
0.83818054,0.0,0.2910585
0.59558445,0.0,0.5465647
0.5134629,0.0,0.82439613
0.58751917,0.0,0.22189198
0.9266292,0.0,0.08267193
0.9358651,0.0,0.0
0.8598774,0.0,0.0
0.9242715,0.0,0.00016935113
0.54921407,0.0,0.0005508636
0.6387779,0.0,0.005624639
0.642348,0.0,0.08347314
0.90564036,0.0,0.2084032
0.6570449,0.0,0.17089568
0.7894391,0.0,0.8390817
0.75755924,0.0,0.790747
0.7075574,0.0,1.0
0.665011,0.0,0.7824427
0.91441965,0.0,0.17962989
0.7396485,0.0,0.0027977368
0.62297815,0.0,0.010245366
0.44947252,0.0,0.12776448
0.8289037,0.0,0.0007591488
0.3775773,0.0,0.007370402
0.8108354,0.0,0.0013397892
0.74040264,1.0,0.056568626
0.55118024,0.0,0.0
0.6189281,0.0,0.0
0.57066786,1.0,0.024503984
0.87117964,1.0,0.07869515
0.76519734,0.0,0.01053306
0.9037369,0.0,0.0
0.81271803,0.0,0.002066568
0.8129516,0.0,0.012962373
0.6565484,0.0,0.0
0.9233876,0.0,0.02251254
0.7846868,0.0,0.069235116
0.8907887,0.0,0.47642532
0.9366185,0.0,0.5977897
0.9620584,0.0,0.50997895
0.8271552,0.0,0.26079103
0.83483905,0.0,0.0
0.7424527,0.0,0.0
0.36822864,0.0,0.016850166
0.6402854,1.0,0.038927518
0.37768283,1.0,0.2879874
0.3572796,0.0,0.039080754
0.43587536,1.0,0.27199012
0.7889879,1.0,0.53868204
0.75087804,1.0,0.5998645
0.5548085,1.0,0.2584903
0.749163,1.0,0.13691631
0.80095273,0.0,0.0
0.59394825,1.0,0.30742368
0.57347107,1.0,0.61622936
0.64888763,0.0,0.23845118
0.61358374,0.0,1.0
0.51426244,0.0,0.47471568
0.3984818,0.0,0.43252975
0.6548881,0.0,0.23567708
0.7341577,0.0,0.65874916
0.53724056,0.0,0.5884787
0.71115977,0.0,0.23382503
0.55837816,0.0,0.4578423
0.33697554,0.0,0.61549133
0.28641722,0.0,0.56233335
0.4203476,0.0,0.40052778
0.49703795,0.0,0.47150302
0.46528462,0.0,0.30066583
0.6388019,0.0,0.33555427
0.7604471,0.0,0.10301779
0.7792108,0.0,0.30356786
0.89125776,0.0,0.15556887
0.8403091,0.0,0.40382987
0.8408986,0.0,0.248979
0.7144254,0.0,0.0
0.8269769,0.0,0.37500185
0.9380429,0.0,0.5821192
0.43677518,0.0,0.02156088
0.92666733,0.0,0.3725288
0.72161573,1.0,0.6700771
0.5598665,1.0,0.26412308
0.4500472,0.0,0.0224741
0.5484636,0.0,0.42150518
0.4592166,0.0,0.40078324
0.40139776,0.0,0.0
0.5121141,0.0,0.0993501
0.75616294,0.0,0.68404216
0.858933,0.0,0.15286653
0.61865664,0.0,0.40377778
0.74999017,0.0,0.26396298
0.67162544,0.0,0.0
0.7817832,0.0,0.1748053
0.587924,0.0,0.4629732
0.6183811,0.0,0.06739343
0.6502993,0.0,0.0
0.3721526,0.0,0.3300879
0.72481734,0.0,0.397836
0.28113225,0.0,0.080901206
0.6137915,0.0,0.0077296426
0.83905184,0.0,0.5612377
0.7432454,1.0,0.481801
0.4221622,1.0,0.29387146
0.3580853,1.0,0.7199022
0.3450833,1.0,0.19781256
0.74746084,0.0,0.1096079
0.15448955,1.0,0.17780401
0.22723408,1.0,0.096449405
0.40371725,0.0,0.0
0.5439168,0.0,0.14004196
0.18036218,0.0,0.0
0.23197126,0.0,0.10579865
0.82112056,0.0,0.23774412
0.7523651,0.0,0.20997542
0.63614976,0.0,0.0077141635
0.3963427,0.0,0.27499175
0.9065435,0.0,0.44205192
0.91128796,0.0,0.00441551
0.89871174,0.0,0.40221563
0.7893131,0.0,0.3647731
0.89196765,0.0,0.09174883
0.63449985,0.0,0.42792884
0.8352383,0.0,0.213762
0.93968296,0.0,0.68015486
0.75675005,0.0,0.36224747
0.49869925,0.0,0.42796034
0.88202286,0.0,0.0865877
0.88273835,0.0,0.16146022
0.5424064,0.0,0.40507782
0.5029987,0.0,0.22738956
0.86074567,0.0,0.0
0.8441261,0.0,0.49667856
0.8538319,0.0,0.47691426
0.4449061,0.0,0.039527267
0.7349905,0.0,0.12637304
0.8948381,0.0,0.2961602
0.8565847,0.0,0.20481223
0.5547565,0.0,0.061960656
0.7372348,0.0,0.008013614
0.9419034,0.0,0.32242134
0.7759231,0.0,0.33522767
0.85155517,1.0,0.4254936
0.62653655,1.0,0.07909457
0.9143428,1.0,0.70373577
0.7187274,0.0,0.31495318
0.79665375,1.0,0.33225858
0.5692938,1.0,0.056303825
0.5017891,1.0,0.43255892
0.51121336,1.0,0.13464548
0.40747404,1.0,0.36158437
0.6082701,1.0,0.5818695
0.70788383,1.0,0.50884515
0.6002761,0.0,0.072481975
0.7342058,1.0,0.1672929
0.79395187,0.0,0.27150244
0.868643,0.0,0.5279639
0.5035964,0.0,0.027547605
0.7674906,0.0,0.3731139
0.7318539,0.0,0.55062735
0.88698626,0.0,0.3594536
0.72978723,0.0,0.075931154
0.78115284,0.0,0.38998947
0.838201,0.0,0.38010317
0.5412617,0.0,0.0933199
0.47862414,0.0,0.4973412
0.49913484,0.0,0.34697247
0.8139213,0.0,0.35321885
0.8191096,0.0,0.074682765
0.32981253,0.0,0.011493536
0.7458487,0.0,0.38208842
0.6364822,0.0,0.57737815
0.7663708,0.0,0.012939101
0.62936544,0.0,0.051165625
0.75493675,0.0,0.34414604
0.44183218,1.0,0.4125791
0.35942662,0.0,0.0013445776
0.16538087,0.0,0.16679569
0.49409497,0.0,0.3034216
0.1770841,1.0,0.31178546
0.23983914,0.0,0.0032708577
0.33483982,1.0,0.30785102
0.40877607,1.0,0.5831508
0.21642038,1.0,0.3520483
0.40578634,1.0,0.02205759
0.5614602,0.0,0.07284744
0.8447146,0.0,0.3220855
0.39815083,1.0,0.34267202
0.36271954,0.0,0.0
0.823266,1.0,0.18069977
0.3048477,1.0,0.6033206
0.5314078,0.0,0.108856775
0.4221595,0.0,0.73373026
0.5211431,0.0,0.39247867
0.3584108,0.0,0.027019538
0.8069973,0.0,0.44296378
0.81996256,0.0,0.3781378
0.5940374,0.0,0.12257793
0.89465594,0.0,0.11006981
0.9071739,0.0,0.368951
0.81687087,0.0,0.5375432
0.6168252,0.0,0.690258
0.74052393,0.0,1.0
0.67203814,0.0,0.6776049
0.55856705,0.0,0.48859715
0.5947383,0.0,0.5989045
0.4559293,0.0,0.5740823
0.47382215,0.0,0.52913
0.50015235,0.0,0.6062444
0.46361837,0.0,0.2014336
0.6084128,0.0,0.35050917
0.56172025,0.0,0.13405861
0.5390099,0.0,0.12958089
0.41957104,0.0,0.2953322
0.64372593,0.0,0.4000681
0.8206992,0.0,0.5916346
0.5409445,0.0,0.18452147
0.6116989,0.0,0.059857093
0.8925802,0.0,0.35042998
0.6734112,0.0,0.3708703
0.540631,0.0,0.0011887691
0.63395727,0.0,0.29284915
0.84609056,0.0,0.74457693
0.73706025,0.0,0.40409473
0.8799248,0.0,0.6914984
0.8084361,0.0,0.21763542
0.87384874,0.0,0.21510397
0.40874332,0.0,0.009549654
0.7223989,0.0,0.46017814
0.63261294,0.0,0.08383434
0.59036213,0.0,0.10483634
0.67714274,0.0,0.14250593
0.63328695,0.0,0.03336961
0.7261901,0.0,0.01775094
0.47947943,0.0,0.31193998
0.656418,0.0,0.053712677
0.8461153,0.0,0.037051346
0.7559248,0.0,0.12730254
0.7433637,0.0,0.30692786
0.7296457,0.0,0.35755518
0.35993037,0.0,0.026688121
0.78366256,0.0,0.0027065484
0.7662997,0.0,0.43348476
0.36060348,0.0,0.15894584
0.5073564,0.0,0.0025960556
0.5578641,0.0,0.091038376
0.5381867,0.0,0.046677932
0.62985396,0.0,0.026999414
0.48972812,0.0,0.37737313
0.54848325,0.0,0.3074781
0.573125,0.0,0.6700887
0.515881,0.0,0.21302167
0.60784066,0.0,0.42910945
0.6700736,0.0,0.7385982
0.84375364,0.0,0.059533324
0.8015738,0.0,0.7611014
0.74887466,0.0,0.34825155
0.7332777,0.0,0.511061
0.87428784,0.0,0.26852718
0.7495271,0.0,0.5314972
0.7546791,0.0,0.18391731
0.8045294,0.0,0.8283005
0.8216258,0.0,0.5155631
0.8675632,0.0,0.74125236
0.8875797,0.0,0.30264
0.9222208,0.0,0.7980702
0.8609435,0.0,0.19878684
0.88144666,0.0,0.32273778
0.5845739,0.0,0.6693931
0.81239146,0.0,0.41191703
0.7114464,0.0,0.08009926
0.5342689,0.0,0.14483036
0.52515185,0.0,0.0
0.58551913,0.0,0.23859324
0.72968614,0.0,0.6139172
0.6925162,0.0,0.39396894
0.52907735,0.0,0.082494035
0.9265693,0.0,0.5283795
0.8448332,0.0,0.4000539
0.8907113,0.0,0.00197257
0.9565109,0.0,0.49453855
0.71390486,0.0,0.053403914
0.8018516,0.0,0.0007052687
0.8037106,0.0,0.42719457
0.26625785,0.0,0.17684084
0.3906082,0.0,0.07231738
0.15004493,0.0,0.024002267
0.18005626,1.0,0.078724004
0.21456005,1.0,0.0032119176
0.35196814,1.0,0.010325203
0.06484197,1.0,0.09485088
0.21557066,1.0,0.003314512
0.16032687,1.0,0.00556313
0.15198869,0.0,0.00035067223
0.49083203,1.0,0.00020295463
0.08444406,1.0,0.011703981
0.64558077,0.0,0.0
0.1161652,0.0,0.014037371
0.30569604,0.0,0.013485193
0.81421995,0.0,0.00024604658
0.82779205,0.0,0.0
0.708009,0.0,0.048324503
0.7223593,0.0,0.0
0.7425095,0.0,0.00043211505
0.20087643,0.0,0.0029369046
0.6674377,0.0,0.0038874755
0.5463707,0.0,0.00028667014
0.6687383,0.0,0.0
0.8721499,0.0,0.0030734274
0.46105734,0.0,0.037345067
0.46337298,0.0,0.24874811
0.5761334,0.0,0.054051295
0.9268242,0.0,0.49541602
0.8832519,0.0,0.44194815
0.83052814,0.0,0.67682594
0.92216414,0.0,0.29370582
0.7874066,0.0,0.3305493
0.93304974,0.0,0.20807894
0.8008168,0.0,0.19443336
0.9232616,0.0,0.0028159996
0.6682947,0.0,0.00093748904
0.5112086,0.0,0.026542999
0.40179875,0.0,0.045824513
0.5941245,0.0,0.0
0.73870564,0.0,0.00057926733
0.65250486,0.0,0.03185917
0.17934096,0.0,0.087962545
0.8725281,0.0,0.09249283
0.8787208,0.0,0.093207695
0.6353028,0.0,0.39937386
0.3161163,0.0,0.71846926
0.37863106,0.0,0.4712699
0.7933459,0.0,0.008066797
0.33976915,1.0,0.18246457
0.21700113,1.0,0.45299602
0.108424686,0.0,0.12153459
0.4297904,1.0,0.0029352803
0.30912846,1.0,0.40459818
0.20553546,1.0,0.0036100307
0.12288661,1.0,0.0
0.12635869,1.0,0.23751198
0.51432973,1.0,0.08185553
0.2647563,0.0,0.034005992
0.25992748,0.0,0.12511788
0.6646042,0.0,0.00033209403
0.63379204,0.0,0.0
0.7737975,0.0,0.20209883
0.69229776,0.0,0.005138807
0.8840542,0.0,0.0005737919
0.9477627,0.0,0.2818926
0.49294403,0.0,0.4483724
0.879035,0.0,0.32642296
0.7851744,0.0,0.0
0.84257996,0.0,0.00039785545
0.91554534,0.0,0.0
0.49727008,0.0,0.055868465
0.30890915,0.0,0.0069990507
0.67190397,0.0,0.026390696
0.8053099,0.0,0.3510509
0.43376854,0.0,0.3187348
0.6238403,0.0,0.5354202
0.6793766,0.0,0.23927757
0.6233616,0.0,0.64387864
0.8286245,0.0,0.43274754
0.62589025,0.0,0.11033195
0.8247687,0.0,0.0022073013
0.68898207,0.0,0.059961185
0.89538455,0.0,0.057477504
0.3612871,0.0,0.045422982
0.82595706,0.0,0.37960178
0.6624365,0.0,0.12580204
0.92891884,0.0,0.33225197
0.8189627,0.0,0.1885741
0.86153424,1.0,0.031463563
0.8497644,1.0,0.2829164
0.75269955,1.0,0.045206092
0.69819957,1.0,0.09742516
0.6353954,0.0,0.53507656
0.8509941,0.0,0.79054976
0.7012021,1.0,0.53621656
0.5449536,0.0,0.5769941
0.6806934,1.0,0.41492915
0.8832727,0.0,0.35478953
0.81512415,1.0,0.5392806
0.83351207,1.0,0.02806724
0.61233467,1.0,0.18485774
0.6599447,1.0,0.12021691
0.7293957,1.0,0.6007483
0.5472861,0.0,0.25255552
0.73452735,0.0,0.6831669
0.65959823,0.0,0.2450653
0.8122441,0.0,0.26623207
0.7680018,0.0,0.7120827
0.85741746,0.0,0.27099675
0.75952655,0.0,0.3264876
0.7754863,0.0,0.50854063
0.66483396,0.0,0.61455077
0.82643145,0.0,0.08075112
0.65187335,0.0,0.3583396
0.827791,0.0,0.76740235
0.84341276,0.0,0.8474193
0.6156995,0.0,0.27962527
0.8578024,0.0,0.62494564
0.9200632,0.0,0.34391913
0.88154393,0.0,0.50016844
0.80495125,0.0,0.023963679
0.8584223,0.0,0.5058957
0.83281076,0.0,0.5615435
0.87694734,0.0,0.06070927
0.82538605,0.0,0.08088979
0.8265596,0.0,0.12145888
0.5392415,0.0,0.2975694
0.760847,0.0,0.06890408
0.33120984,0.0,0.5563005
0.35078782,0.0,0.35094222
0.6220247,0.0,0.026759382
0.3057641,0.0,0.06129027
0.36488658,0.0,0.11387397
0.8913448,0.0,0.02291604
0.6332693,0.0,0.03871401
0.7994655,0.0,0.36126056
0.7294485,0.0,0.26447558
0.6837919,0.0,0.22252683
0.88745594,0.0,0.620949
0.85595465,0.0,0.061222948
0.7523864,0.0,0.0035658083
0.94600546,0.0,0.051034037
0.95430356,0.0,0.020770025
0.72463477,0.0,0.012625357
0.8417621,0.0,0.0
0.9585249,0.0,0.2838465
0.8986128,0.0,0.46929774
0.7463883,0.0,0.14527507
0.75497043,0.0,0.0
0.7929899,0.0,0.0
0.9172203,0.0,0.0014662753
0.6360172,0.0,0.00090127334
0.96473366,0.0,0.004226005
0.4051715,1.0,0.007281101
0.8020602,0.0,0.0026956047
0.5089462,0.0,0.07385915
0.74893576,1.0,0.0
0.40856248,0.0,0.18857701
0.46677896,0.0,0.008556338
0.54312885,0.0,0.0
0.39672172,0.0,0.00061964773
0.5800147,1.0,0.008261468
0.6457871,1.0,0.01552549
0.83470184,0.0,0.00062638
0.8646585,1.0,0.35498592
0.92894423,0.0,0.29903552
0.8283991,0.0,0.059058122
0.95049554,0.0,0.0025037625
0.81259906,0.0,0.001064499
0.93000203,0.0,0.22765397
0.90440774,0.0,0.25067627
0.6769717,0.0,0.19821306
0.7700651,0.0,0.20201263
0.46300393,0.0,0.2351176
0.7552194,1.0,0.4883985
0.33273262,1.0,0.4751493
0.13981128,1.0,0.09298237
0.09498661,1.0,0.21363932
0.030872019,1.0,0.07095511
0.3700683,1.0,0.0
0.21458447,1.0,0.0073621455
0.3297591,0.0,0.01353488
0.5446035,0.0,0.0060528703
0.6210114,0.0,0.0016194232
0.14627482,0.0,0.0
0.52991754,0.0,0.0
0.16083102,0.0,0.008378005
0.5860164,0.0,0.00083925383
0.71561676,0.0,0.5242823
0.97131765,0.0,0.28114066
0.8809923,0.0,0.7707261
0.87771064,0.0,0.6211284
0.8855343,0.0,0.093822554
0.95738935,0.0,0.29097182
0.8593104,0.0,0.10364899
0.7752615,0.0,0.0010204571
0.91525763,0.0,0.0752596
0.96358657,0.0,0.0
0.7651967,0.0,0.014171448
0.61374724,0.0,0.005615447
0.11363945,0.0,0.022408703
0.051638927,1.0,0.028149322
0.25659582,0.0,0.104588665
0.5640521,0.0,0.38191724
0.4497874,1.0,0.36448768
0.21094957,1.0,0.0018164624
0.55130285,0.0,0.16227998
0.60598934,0.0,0.29926196
0.6843998,0.0,0.5099384
0.4090702,0.0,0.0
0.43110353,0.0,0.07179372
0.43349677,0.0,0.005471935
0.86980623,0.0,0.1569075
0.65078205,0.0,0.0
0.97026587,0.0,0.06917197
0.43176666,0.0,0.06703763
0.8033663,0.0,0.33501688
0.4534056,0.0,0.5768114
0.49325868,0.0,0.2666337
0.9011695,0.0,0.12803169
0.84244263,0.0,0.13629696
0.69693005,0.0,0.20386517
0.75045776,0.0,0.00039878045
0.5709334,0.0,0.03297033
0.33907774,0.0,0.33491832
0.3216953,1.0,0.24519244
0.9590121,0.0,0.007356581
0.815853,0.0,0.055330325
0.8185292,0.0,0.0
0.7274568,0.0,2.5197303e-05
0.7744933,0.0,0.27008814
0.83521193,0.0,0.01420624
0.64617145,0.0,0.20442966
0.7140025,0.0,0.40451714
0.8134497,0.0,0.9385453
0.43773797,0.0,0.62833786
0.29581124,0.0,0.55405015
0.11871778,0.0,0.0593567
0.5888295,0.0,0.6366219
0.2714365,0.0,0.2313734
0.48904222,0.0,0.42655227
0.5113849,0.0,0.6416179
0.36499625,0.0,0.5671232
0.32351235,0.0,0.09774573
0.42268738,0.0,0.34526017
0.33327496,0.0,0.23192722
0.29193228,0.0,0.32660675
0.5562301,0.0,0.7003538
0.49593878,0.0,0.29125872
0.34085736,0.0,0.7545751
0.62777114,0.0,0.29554665
0.3595928,0.0,0.0020252557
0.5120882,0.0,0.07591198
0.7558333,0.0,0.35054496
0.75217867,0.0,0.18334855
0.4945004,0.0,0.0
0.6822937,0.0,0.18923485
0.804999,0.0,0.45935816
0.5018706,0.0,0.34435531
0.72122693,0.0,0.13813925
0.5960279,0.0,0.5870893
0.5122885,0.0,0.6426582
0.5811764,0.0,0.34868065
0.6948811,0.0,0.16040553
0.6066401,0.0,0.08267473
0.4630955,0.0,0.25216022
0.43806773,0.0,0.12139657
0.8609723,0.0,0.0
0.6375638,0.0,0.06481107
0.2500585,0.0,0.046598125
0.46132067,0.0,0.014283818
0.5143977,0.0,0.0
0.0741145,0.0,0.012992589
0.2891983,0.0,0.0
0.7169014,0.0,0.0070001744
0.8842692,0.0,0.010702265
0.20806013,0.0,0.24693255
0.52807397,0.0,0.4767704
0.86914665,0.0,0.31606397
0.5974266,0.0,0.42228028
0.87965167,0.0,0.66276973
0.8847709,0.0,0.21292292
0.83610266,0.0,0.22456834
0.46586183,0.0,0.32833117
0.7584674,0.0,0.0
0.17220004,0.0,0.0037752604
0.50477993,0.0,0.13434014
0.31802344,0.0,0.2522542
0.88688004,0.0,0.0
0.696519,0.0,0.0
0.119443804,0.0,0.27921885
0.87454104,0.0,0.010838796
0.60130703,0.0,0.027228037
0.27068084,0.0,0.14732708
0.21485241,0.0,0.10349274
0.7054883,0.0,0.2551553
0.24864866,1.0,0.36799976
0.4247293,0.0,0.36090633
0.033880208,1.0,0.09780166
0.66613936,0.0,0.66797626
0.53546673,0.0,0.22802825
0.7195639,0.0,0.0
0.6156543,0.0,0.03155313
0.48525405,0.0,0.08578139
0.5277447,0.0,0.0
0.34802496,0.0,0.0
0.54130656,0.0,0.51604307
0.8266053,0.0,0.3257875
0.96708965,0.0,0.0
0.87429905,0.0,0.106177144
0.54008955,0.0,0.608348
0.89856225,0.0,0.33042985
0.7861453,0.0,0.30773118
0.7233601,0.0,0.43569863
0.9635846,0.0,0.30379027
0.9290891,0.0,0.04956769
0.71782815,0.0,0.25212598
0.28957653,0.0,0.5138534
0.89541006,0.0,0.0010080109
0.72840893,0.0,0.025543222
0.24093883,0.0,0.06454741
0.44074467,0.0,0.16118667
0.8852161,0.0,0.020248836
0.5287919,0.0,0.0073070796
0.18085402,1.0,0.09731024
0.7315954,0.0,0.0035878194
0.800289,0.0,0.04156121
0.67019176,1.0,0.07272521
0.21842888,1.0,0.30175552
0.6349477,1.0,0.29431194
0.52962464,0.0,0.50907373
0.84718335,0.0,0.35303727
0.68101585,0.0,0.20159675
0.596571,0.0,0.448987
0.71708053,0.0,0.27726525
0.8836907,0.0,0.0021141963
0.8750482,0.0,0.016182465
0.7139094,0.0,0.29195142
0.7087179,0.0,0.106796086
0.73595524,0.0,0.00361682
0.6813422,0.0,0.28933728
0.7973045,0.0,0.17798238
0.8659151,0.0,0.023195373
0.8726547,0.0,0.0
0.6197445,0.0,0.42528227
0.69636196,0.0,0.23492384
0.81010705,0.0,0.100015335
0.82787603,0.0,0.75262076
0.92378247,0.0,0.5377344
0.88667434,0.0,0.10652124
0.83636016,0.0,0.30237308
0.83393973,0.0,0.5605606
0.88865227,0.0,0.19464831
0.82250786,0.0,0.4441494
0.8474556,0.0,0.895077
0.68534994,0.0,0.8169514
0.8807792,0.0,0.7283773
0.8861572,0.0,0.9012012
0.6083969,0.0,0.57827944
0.7414234,0.0,0.7981764
0.8403861,0.0,0.62553704
0.7540496,0.0,0.4346902
0.8983785,0.0,0.30096698
0.910691,0.0,0.61963123
0.8693993,0.0,0.17951551
0.7307363,0.0,0.12540886
0.92747974,0.0,0.40707383
0.9178388,0.0,0.38236707
0.9210002,0.0,0.0
0.9519473,0.0,0.1085597
0.8316611,0.0,0.44247496
0.9075853,0.0,0.16518691
0.6971715,0.0,6.8039306e-05
0.8417898,0.0,0.1955192
0.72822696,0.0,0.26473886
0.76695037,0.0,0.03715836
0.89683396,0.0,0.29422995
0.5201884,0.0,0.5662545
0.9255615,0.0,0.4670032
0.8976754,0.0,0.37054735
0.71636826,0.0,0.60844177
0.7973601,0.0,0.6994773
0.8459306,0.0,0.4672444
0.71565044,0.0,0.3795512
0.55284375,0.0,0.23744322
0.35686415,0.0,0.13726442
0.10446057,0.0,0.16965337
0.786541,0.0,0.017825387
0.24122502,0.0,0.11295094
0.2287105,0.0,0.030996786
0.2978842,0.0,0.0
0.6658229,0.0,0.033475697
0.6330447,0.0,0.0
0.25631037,1.0,0.012752018
0.54021025,0.0,0.0011188136
0.7844052,0.0,0.017213434
0.45335534,1.0,0.17916223
0.7066132,0.0,0.23888198
0.6871944,0.0,0.297351
0.5616047,0.0,0.34498432
0.8603329,0.0,0.26877397
0.24532105,0.0,0.2639713
0.9169045,0.0,0.5479753
0.7800806,0.0,0.40799296
0.7707126,0.0,0.0
0.93591446,0.0,0.15057802
0.77982974,0.0,0.51836926
0.7071514,0.0,0.035862017
0.5234495,1.0,0.004991336
0.52915967,0.0,0.38084716
0.8619526,0.0,0.1721849
0.746742,0.0,0.0
0.9043723,0.0,0.030259585
0.7710605,0.0,0.5240791
0.9152643,0.0,0.42313722
0.74989057,0.0,0.33289832
0.85066116,0.0,0.41762647
0.88678336,0.0,0.5093084
0.7687214,0.0,0.15176395
0.41232967,0.0,0.21180426
0.52444255,0.0,0.23848061
0.73770034,0.0,0.013144817
0.20938705,0.0,0.17326851
0.3062999,1.0,0.0648609
0.22976968,1.0,0.10216844
0.945872,0.0,0.067678824
0.63271195,0.0,0.0
0.088810295,1.0,0.2721279
0.41138777,0.0,0.004728942
0.6139401,0.0,0.05660386
0.14784385,1.0,0.20273499
0.24787156,1.0,0.34475657
0.5633429,0.0,0.37444213
0.4581199,0.0,0.6983278
0.81188434,0.0,0.3271095
0.25069666,0.0,0.09380485
0.8065974,0.0,0.5081638
0.7918534,0.0,0.4144929
0.6509269,0.0,0.0
0.7671835,0.0,0.05964974
0.5612995,0.0,0.46117857
0.77061015,0.0,0.019415947
0.26271796,1.0,0.018213691
0.5462942,0.0,0.3680859
0.7601789,0.0,0.24479459
0.62113535,0.0,0.0
0.7157716,0.0,0.06652815
0.31364867,0.0,0.5454278
0.82025856,0.0,0.24662721
0.63220245,0.0,0.132936
0.83472073,0.0,0.47338736
0.80883414,0.0,0.37803844
0.6544266,1.0,0.015587657
0.5074793,0.0,0.1154769
0.13144751,1.0,0.13910244
0.71577173,0.0,0.0
0.27964723,0.0,0.10875599
0.20022488,1.0,0.11981355
0.3140059,1.0,0.16512853
0.8478801,0.0,0.0090611745
0.4984091,0.0,0.0
0.28330755,1.0,0.31213748
0.7537529,0.0,0.0056550023
0.93324727,0.0,0.020194309
0.68769276,1.0,0.15534176
0.20872976,1.0,0.49301568
0.8005374,0.0,0.38187078
0.5157355,1.0,0.45812806
0.9181381,0.0,0.2639872
0.82208735,1.0,0.18623942
0.8841978,0.0,0.37553638
0.89305496,0.0,0.28829753
0.75423205,0.0,0.0
0.9104753,0.0,0.0006978974
0.64127517,0.0,0.2274488
0.5950933,0.0,0.06684231
0.46282414,0.0,0.0
0.76720524,0.0,0.0008959277
0.8482829,0.0,0.28725284
0.5314641,0.0,0.0
0.7455066,0.0,0.0
0.6301003,0.0,0.05265482
0.8384809,0.0,0.25217566
0.4428672,0.0,0.11455403
0.6062817,0.0,0.18556578
0.7763305,0.0,0.48799443
0.6783509,0.0,0.31228447
0.354608,0.0,0.45121378
0.70978117,0.0,0.24946626
0.51394075,0.0,0.39372808
0.25396943,0.0,0.52279145
0.49243826,0.0,0.6364325
0.5290818,0.0,0.76217604
0.34377906,0.0,0.18594888
0.5329289,0.0,0.17718163
0.5719064,0.0,0.75309396
0.28618172,0.0,0.25212517
0.27748874,0.0,0.24620628
0.6727561,0.0,0.4564569
0.19134884,1.0,0.49480596
0.8912251,0.0,0.033223365
0.48766735,0.0,0.01255166
0.35944957,1.0,0.41031918
0.30538964,1.0,0.13158014
0.72436106,0.0,0.0006647321
0.79454243,1.0,0.26102108
0.37016115,1.0,0.48887154
0.79119664,0.0,0.0
0.80970156,0.0,0.0005967848
0.56999475,1.0,0.3097824
0.67134666,1.0,0.36003318
0.73044354,0.0,0.26375565
0.67931116,1.0,0.44381216
0.7811617,1.0,0.21992113
0.58628047,1.0,0.5003911
0.8296119,0.0,0.5916982
0.8541394,0.0,0.005049561
0.8309678,1.0,0.18144503
0.770476,0.0,0.49886596
0.9323068,0.0,0.10812624
0.72576857,0.0,0.004303011
0.62006193,1.0,0.4277617
0.7715802,0.0,0.5819527
0.52290297,0.0,0.35162595
0.6542686,0.0,0.26711354
0.60255665,0.0,0.013810182
0.6778191,0.0,0.2431694
0.6770139,0.0,0.34211767
0.5809128,0.0,0.0014511569
0.67986834,0.0,0.0055825305
0.7084887,0.0,0.54496485
0.60846704,0.0,0.3900378
0.3682388,0.0,0.05127255
0.66982603,0.0,0.6118898
0.5895673,0.0,0.14432846
0.6204344,0.0,0.72237813
0.5263797,0.0,0.45756343
0.79079616,0.0,0.6550317
0.49821812,0.0,0.68264794
0.7275063,0.0,0.14853807
0.7257642,0.0,0.00011903637
0.7316979,0.0,0.5629487
0.8706703,0.0,0.4330095
0.7174669,0.0,0.06862725
0.89005184,0.0,0.41639924
0.29749054,0.0,0.12953115
0.543455,0.0,0.36513853
0.7848667,0.0,0.27131054
0.34030443,0.0,0.18273422
0.85862964,0.0,0.13437858
0.89818496,0.0,0.28580278
0.8223618,0.0,0.021384876
0.9273109,0.0,0.506639
0.9037983,0.0,0.35026097
0.88947374,0.0,0.015787533
0.7381505,0.0,0.11749167
0.94653714,0.0,0.45759842
0.8549391,0.0,0.0034583278
0.8846027,0.0,0.023059199
0.8513534,0.0,0.35649335
0.7787588,0.0,0.213716
0.9271951,0.0,0.0
0.90156287,0.0,0.22733074
0.8618133,0.0,0.58735996
0.92763186,0.0,0.33594397
0.9163814,0.0,0.16696185
0.9375794,0.0,0.5215868
0.9580608,0.0,0.78002983
0.96828717,0.0,0.1348709
0.97566944,0.0,0.012481228
0.82469755,0.0,0.32864422
0.9871919,0.0,0.28516537
0.9082859,0.0,0.2740009
0.81251514,0.0,0.4177942
0.51823425,0.0,0.13988493
0.6689962,0.0,0.18474054
0.848749,0.0,0.3500578
0.9214415,0.0,0.04164115
0.32327917,0.0,0.3877582
0.88052744,0.0,0.43416354
0.9696019,0.0,0.43487942
0.8759781,0.0,0.24831234
0.9767779,0.0,0.23941967
0.9634459,0.0,0.0
0.9074305,0.0,0.13708156
0.9815201,0.0,9.5585085e-05
0.8878865,0.0,0.0058791623
0.9676055,0.0,0.28479794
0.70824724,0.0,0.0
0.8176793,0.0,0.10296234
0.78634536,0.0,0.251281
0.8628743,0.0,0.35525116
0.8795521,0.0,0.60633004
0.9335027,0.0,0.6468388
0.9709372,0.0,0.7350701
0.9354671,0.0,0.19271669
0.9546601,0.0,0.25368646
0.97681755,0.0,0.0
0.9466413,0.0,0.0
0.7961683,0.0,0.0
0.9126131,0.0,0.0035688253
0.85208535,0.0,0.005641527
0.85638136,0.0,0.0
0.67846376,0.0,0.00038965628
0.45188665,0.0,0.015053507
0.602524,1.0,0.013772575
0.49843705,0.0,0.0
0.5124183,1.0,0.099930696
0.45460463,1.0,0.020372668
0.42284352,0.0,0.112828925
0.8975753,0.0,0.015053259
0.91338736,0.0,0.0
0.7399066,0.0,0.0053144093
0.5856091,0.0,0.09836554
0.86440295,0.0,0.0
0.9752627,0.0,0.0
0.918803,0.0,0.024145532
0.60810345,0.0,0.101070546
0.91216314,0.0,0.0018664243
0.8865457,0.0,0.0
0.8977323,0.0,0.101379596
0.92040783,0.0,0.22942203
0.8475451,0.0,0.0038334236
0.74731916,0.0,0.109961696
0.6087792,0.0,0.45007485
0.92851967,0.0,0.12504728
0.9150386,0.0,0.24984059
0.91189384,0.0,0.47771278
0.681719,0.0,0.6621802
0.91243577,0.0,0.28574666
0.9449226,0.0,0.6822861
0.90837115,0.0,0.35924834
0.79948884,0.0,0.0032891133
0.96077454,0.0,0.17145947
0.9754601,0.0,0.38840422
0.88745314,0.0,0.0012337532
0.9480288,0.0,0.0
0.95018804,0.0,0.34429643
0.83134526,0.0,0.366093
0.8560393,0.0,0.014281696
0.9425307,0.0,0.03482257
0.879538,0.0,0.0006642811
0.9322936,0.0,0.027031034
0.9287272,0.0,0.0041170046
0.8147066,0.0,2.770007e-05
0.30476436,0.0,0.017302074
0.6749055,0.0,0.025203949
0.89290416,0.0,0.005724852
0.8557533,0.0,0.0030168872
0.82155883,0.0,0.0
0.7095518,0.0,0.009646899
0.3651208,0.0,0.0
0.2741307,0.0,0.01987314
0.9503238,0.0,0.16334777
0.92642355,0.0,0.1611604
0.8316882,0.0,0.035105594
0.9015404,0.0,0.2999183
0.75220484,0.0,0.56989706
0.6207975,0.0,0.56017166
0.48984584,1.0,0.30187273
0.7887219,0.0,0.21558842
0.88997006,1.0,0.3794167
0.8673225,0.0,0.12063775
0.54808086,1.0,0.077608384
0.5877453,0.0,0.018483438
0.7497295,0.0,0.00074214395
0.7276675,0.0,0.13755575
0.90728664,0.0,0.06433887
0.85340416,0.0,0.5311617
0.5375215,0.0,0.038071573
0.1923265,0.0,0.56327736
0.35799095,0.0,0.9009068
0.52043605,0.0,0.2494789
0.41194317,0.0,0.9042013
0.7990967,0.0,0.23529369
0.6824095,0.0,0.32829237
0.8268241,0.0,0.005386957
0.8501553,0.0,0.024404744
0.44010246,0.0,0.0
0.96195406,0.0,0.0046760966
0.6616521,0.0,0.10835992
0.5378898,0.0,0.028358663
0.9504699,0.0,0.0
0.587932,0.0,0.000472627
0.9258577,0.0,0.44875818
0.76205426,0.0,0.0787361
0.82278323,0.0,0.16787173
0.5983512,0.0,0.2035319
0.93952435,0.0,0.3566019
0.69569725,0.0,0.4907188
0.78651696,0.0,0.49657303
0.5705255,0.0,0.19895189
0.84693897,0.0,0.22486198
0.6273053,0.0,0.17128542
0.8045958,0.0,0.5676232
0.8913925,0.0,0.3840943
0.9614331,0.0,0.18447618
0.9427767,1.0,0.4210133
0.8581798,1.0,0.18474704
0.8568782,1.0,0.33083156
0.78288454,1.0,0.2262932
0.3532759,0.0,0.022840925
0.8749714,0.0,0.10644936
0.61693174,0.0,0.008253984
0.6012873,0.0,0.53275037
0.7849421,0.0,0.5109873
0.88362795,0.0,0.17720503
0.9253438,0.0,0.14284045
0.8563518,0.0,0.2244787
0.92829835,0.0,0.041168384
0.98619986,0.0,0.34930998
0.93754953,0.0,0.014801263
0.96507215,0.0,0.0051692794
0.9528901,0.0,0.35651806
0.95637065,0.0,0.043829445
0.8497735,0.0,0.00499363
0.92345214,0.0,0.05079943
0.9663729,0.0,0.34580994
0.82905173,0.0,0.106514275
0.90391,0.0,0.066470616
0.8707558,0.0,0.60546774
0.9219885,0.0,0.64694214
0.96579516,0.0,0.16975622
0.9158628,0.0,0.5790893
0.9572058,0.0,0.20826942
0.94915766,0.0,0.03620911
0.93074983,0.0,0.32113823
0.929878,0.0,0.0
0.7817061,0.0,0.00032486167
0.8308507,0.0,0.0
0.22946367,0.0,0.0077351974
0.9245416,0.0,0.00027755552
0.60677934,1.0,0.035573866
0.73656255,1.0,0.027617149
0.48956898,1.0,0.26068047
0.66346836,1.0,0.2091998
0.4455921,0.0,0.092978016
0.18453495,1.0,0.076892786
0.78398293,0.0,0.00020364499
0.5249004,0.0,0.019387996
0.6020848,0.0,0.01332864
0.76260203,0.0,0.006416293
0.57362926,0.0,0.10027788
0.7046582,0.0,0.0
0.64445335,0.0,0.19588149
0.7229241,0.0,0.26528987
0.8495615,0.0,0.61948454
0.92160934,0.0,0.4593142
0.9190797,0.0,0.60320544
0.9780056,0.0,0.025092583
0.90509003,0.0,0.7235746
0.9452746,0.0,0.21532181
0.8766384,0.0,0.26197094
0.9070614,0.0,0.5351661
0.96214736,0.0,0.21463871
0.9709489,0.0,0.0
0.9273394,0.0,0.19655395
0.9285606,0.0,0.45837104
0.9498482,0.0,0.04021387
0.95790166,0.0,0.0
0.9478758,0.0,0.47260815
0.95391226,0.0,0.37218186
0.86256814,0.0,0.0
0.95062166,0.0,0.08738569
0.8911461,0.0,0.49717498
0.78237915,0.0,0.21686132
0.7851006,0.0,0.0012442069
0.76446503,0.0,0.25258335
0.8547379,0.0,0.5680378
0.85157144,0.0,0.3900949
0.31481135,0.0,0.4060248
0.57866836,0.0,0.4089858
0.5462898,0.0,0.10487004
0.8265189,0.0,0.7103805
0.6418596,0.0,0.058880284
0.8817264,0.0,0.55564165
0.8508312,0.0,0.28454438
0.47662205,0.0,0.061736543
0.762434,0.0,0.066861875
0.81366026,0.0,0.059094545
0.7115587,0.0,0.15425159
0.84658283,1.0,0.6895303
0.6442928,1.0,0.23610428
0.31552804,1.0,0.30021754
0.27698612,1.0,0.44591278
0.62643987,0.0,0.29912084
0.6098164,0.0,0.030498782
0.48901385,0.0,0.00039496893
0.7104148,0.0,0.0
0.37990108,0.0,0.014782471
0.7837954,0.0,0.015599044
0.89830846,0.0,0.013556862
0.6153571,0.0,0.004667864
0.675125,0.0,0.04674095
0.986273,0.0,0.0
0.8719574,0.0,0.0906434
0.7261558,0.0,0.44417608
0.91916573,0.0,0.39985234
0.9390178,0.0,0.57957315
0.9608843,0.0,0.03926243
0.96423906,0.0,0.28757814
0.9263231,0.0,0.022234337
0.95594406,0.0,0.0
0.8203564,0.0,5.0241775e-05
0.9573798,0.0,0.061696563
0.9016454,0.0,0.0016144882
0.55709344,1.0,0.08783565
0.91776955,0.0,0.00082099455
0.363943,0.0,0.10276218
0.7429323,0.0,0.09033023
0.806666,1.0,0.57987404
0.61595833,1.0,0.36306536
0.5368699,1.0,0.71230316
0.6058909,0.0,0.34635463
0.29835778,0.0,0.06691706
0.09211338,1.0,0.14446162
0.43033805,0.0,0.49712604
0.8734758,0.0,0.016421415
0.87263554,0.0,0.26348552
0.9099349,0.0,0.2599855
0.8077177,0.0,0.580837
0.8149902,0.0,0.2030131
0.98650557,0.0,1.8224277e-05
0.97442156,0.0,0.23021008
0.9466506,0.0,0.21136114
0.97202635,0.0,0.0010771157
0.9564698,0.0,0.0
0.883715,0.0,0.35921314
0.824543,0.0,0.0014312799
0.9531739,0.0,0.00093780394
0.89140105,0.0,0.016134264
0.876142,0.0,0.2596199
0.92081064,0.0,0.001655146
0.8457346,0.0,0.0
0.9383281,0.0,0.1509431
0.923217,0.0,0.16175023
0.93346673,0.0,0.00015908813
0.9005035,0.0,0.0
0.8224807,0.0,0.30130032
0.81323737,0.0,0.17446502
0.89192384,0.0,0.031332456
0.90592456,0.0,0.18753216
0.8010111,0.0,0.5045935
0.87653744,0.0,0.39508277
0.81071013,0.0,0.9883398
0.5839453,1.0,0.84034467
0.5842876,0.0,0.5556134
0.6220506,1.0,0.54203427
0.56413716,0.0,0.53613484
0.69258606,0.0,0.6690655
0.3601246,1.0,0.6667337
0.26991346,1.0,0.79569906
0.5600953,0.0,0.29406205
0.5034372,0.0,0.6283288
0.6817419,1.0,0.4163894
0.7160199,0.0,0.97454953
0.7171869,0.0,0.7467324
0.4339786,0.0,0.45658776
0.53010267,0.0,0.06586456
0.32001778,0.0,0.053502243
0.48413393,0.0,0.68505234
0.6052413,0.0,0.6765375
0.7211397,0.0,0.20766547
0.685205,0.0,0.3552806
0.50395167,0.0,0.41618198
0.5943487,0.0,0.14582628
0.50709784,0.0,0.15284626
0.6166527,0.0,0.18578403
0.6395452,0.0,0.0
0.91979486,0.0,0.0077437325
0.90551484,0.0,0.09475785
0.6796096,0.0,0.05728497
0.41894308,0.0,0.05142621
0.72179353,0.0,0.030904211
0.67973256,0.0,0.3342532
0.31645408,0.0,0.00024187162
0.68150306,0.0,0.009384689
0.81744194,0.0,0.006060282
0.8444872,0.0,0.23053432
0.61777943,0.0,0.0007856999
0.92507106,0.0,0.006781643
0.76479256,0.0,0.19877253
0.90775394,0.0,0.19155641
0.86715424,0.0,0.008131143
0.95206237,0.0,0.14844087
0.96097785,0.0,0.59778845
0.7525142,0.0,0.34830955
0.96300894,0.0,0.25432363
0.86107504,0.0,0.39577726
0.8900272,0.0,0.6712337
0.6569988,0.0,0.4599005
0.93740773,0.0,0.15319847
0.5608344,0.0,0.014736617
0.45246398,0.0,0.0
0.5537579,0.0,0.027486451
0.7108328,0.0,0.0075627347
0.2862813,0.0,0.044550106
0.52712613,0.0,0.021609152
0.35082802,0.0,0.028540641
0.6873206,0.0,0.016043833
0.6948545,0.0,0.0057914536
0.5373087,0.0,0.0014360351
0.4240097,0.0,0.04121502
0.66492105,0.0,0.009749459
0.43951666,0.0,0.0045875725
0.6116964,0.0,0.0
0.46253854,0.0,0.013553587
0.38273638,0.0,0.00047373382
0.4463357,0.0,0.019573571
0.60760534,0.0,0.14199774
0.22706482,0.0,0.0
0.80542225,0.0,0.03622705
0.65194845,0.0,0.4902441
0.76262355,0.0,0.47331485
0.7538926,0.0,0.46834597
0.7867645,0.0,0.016903123
0.8541486,0.0,0.07681033
0.9626605,0.0,0.26363328
0.6750859,0.0,0.14559726
0.6983693,0.0,0.0
0.9578282,0.0,0.01478267
0.94238925,0.0,0.3207588
0.6442136,0.0,0.15643238
0.76802766,0.0,0.0
0.8525852,0.0,0.10312053
0.4843392,0.0,0.00021194106
0.9279028,0.0,0.35173488
0.88588136,0.0,0.2935205
0.821639,0.0,0.0
0.9159385,0.0,0.2452616
0.9462983,0.0,0.6292652
0.8489591,0.0,0.39705262
0.6943935,0.0,0.11756678
0.7724247,0.0,0.79622096
0.8904654,0.0,0.5829986
0.66182864,0.0,0.057734918
0.89823544,0.0,0.42509153
0.40457824,0.0,0.41017115
0.63201356,0.0,0.3468237
0.64060867,0.0,0.08856874
0.38396,0.0,0.00021752756
0.5153992,0.0,0.044601597
0.7027812,0.0,0.31840456
0.67981035,0.0,0.041794688
0.52363545,0.0,4.137861e-05
0.61879134,0.0,0.3516911
0.63767254,0.0,0.584193
0.46627882,0.0,0.013331486
0.5685174,0.0,0.06835794
0.7570732,0.0,0.44526783
0.2553903,0.0,0.16971473
0.3581646,0.0,0.0036295194
0.46740144,0.0,0.18719472
0.40977407,0.0,0.34166664
0.39087546,0.0,0.81901246
0.47064668,0.0,0.1366638
0.25562787,0.0,0.68940747
0.29467136,0.0,0.28967318
0.18008967,0.0,0.06478369
0.21150053,0.0,0.18604775
0.32879853,0.0,0.042349562
0.52678406,0.0,0.31746763
0.22368798,0.0,0.21957994
0.3540101,0.0,0.012367414
0.6259725,0.0,0.053151026
0.53084373,0.0,0.084269956
0.59264356,0.0,0.0
0.45679972,0.0,0.008837644
0.88809246,0.0,0.0007133484
0.62160337,0.0,0.08415349
0.69246894,0.0,0.4707422
0.7769425,0.0,0.49194017
0.89862263,0.0,0.15792772
0.9667584,0.0,0.40849292
0.88028437,0.0,0.10557716
0.68935937,0.0,0.30344576
0.87531286,0.0,0.6079653
0.9519476,0.0,0.45028824
0.32016003,0.0,0.006834185
0.91859514,0.0,0.26732957
0.91726774,0.0,0.25436774
0.95919156,0.0,0.26783088
0.9184874,0.0,0.0
0.7492087,0.0,0.39545116
0.71355474,0.0,0.3738451
0.5373644,0.0,0.16273576
0.60685056,0.0,0.026162194
0.75640327,0.0,0.38601926
0.68662125,0.0,0.056137107
0.60529214,0.0,0.30895677
0.8536707,0.0,0.019758904
0.4323473,0.0,0.24275532
0.73179007,0.0,0.5757673
0.7161265,0.0,0.031772595
0.7519355,0.0,0.12148147
0.32600957,0.0,0.02264677
0.7403556,0.0,0.50292045
0.95487267,0.0,0.29115003
0.87134624,0.0,0.6416562
0.76060677,0.0,0.4809416
0.70091265,0.0,0.10212332
0.665616,0.0,0.13513337
0.82445186,0.0,0.36122462
0.85944176,0.0,0.62134725
0.83540875,0.0,0.038219046
0.8474274,0.0,0.064595245
0.93760777,0.0,0.39523974
0.69827455,0.0,0.40876737
0.6951644,0.0,0.00398887
0.9629796,0.0,0.2835883
0.8754071,0.0,0.7086462
0.38911957,0.0,0.18181224
0.49093038,0.0,0.0023758237
0.59039736,0.0,0.43841746
0.6697171,0.0,0.2441262
0.67997754,0.0,0.23778579
0.6674098,0.0,0.031534858
0.66889894,0.0,0.5542138
0.558121,0.0,0.34397
0.16749465,0.0,0.006762
0.24247405,0.0,0.006804771
0.7248536,0.0,0.34951255
0.5619947,0.0,0.828771
0.79303277,0.0,0.109025694
0.80206597,0.0,0.46586514
0.74085766,0.0,0.49727282
0.7371556,0.0,0.5690876
0.86119753,0.0,0.03723856
0.71740735,0.0,0.19897701
0.6495483,0.0,0.0
0.51069957,0.0,0.0
0.38888907,0.0,0.019515622
0.5051256,0.0,0.008384438
0.5121665,0.0,0.001002843
0.7759811,0.0,0.017254818
0.553461,0.0,0.043420576
0.44083717,0.0,0.02615199
0.45856598,0.0,0.016063105
0.6171238,0.0,0.21185999
0.6534236,0.0,0.046977043
0.41883147,0.0,0.17079818
0.40355915,0.0,0.010959064
0.8871817,0.0,0.51698923
0.89190507,0.0,0.16070594
0.83772993,0.0,0.16162808
0.56879073,0.0,0.015022436
0.79954004,0.0,0.08415245
0.90774935,1.0,0.38057816
0.85963464,1.0,0.5932993
0.80297756,1.0,0.19363227
0.8194863,1.0,0.19178161
0.75531083,1.0,0.2890354
0.87538767,1.0,0.538379
0.86319184,0.0,0.10810291
0.9475591,0.0,0.37217602
0.54234225,0.0,0.0
0.91539276,1.0,0.3291862
0.95586914,0.0,0.18286936
0.67718536,0.0,0.30417845
0.6914106,0.0,0.5656447
0.4105757,0.0,0.69737345
0.8072754,0.0,0.4039452
0.9199867,0.0,0.38331336
0.9607986,0.0,0.27702278
0.9812526,0.0,0.45686495
0.9525425,0.0,0.054376163
0.9149274,0.0,0.31122103
0.60134846,0.0,0.0
0.4161238,0.0,0.0
0.33466557,1.0,0.16479233
0.73820466,0.0,0.0
0.41507804,0.0,0.22077231
0.58638525,0.0,0.05314042
0.7049619,0.0,0.49190015
0.5723311,0.0,0.03390632
0.9116362,0.0,0.29227456
0.2960712,0.0,0.12760504
0.87996334,0.0,0.0917107
0.5596176,0.0,0.5460018
0.94333774,0.0,0.044793002
0.5057416,0.0,0.68468064
0.69062924,0.0,0.55221695
0.9391464,0.0,0.03377689
0.9575773,0.0,0.33731776
0.9052578,0.0,0.023822142
0.7625825,1.0,0.25528196
0.76934785,0.0,0.005577006
0.59758013,0.0,0.016132774
0.85220176,0.0,0.03494439
0.7172978,0.0,0.015781878
0.7374308,0.0,0.2384697
0.68755,0.0,0.0120405005
0.38824576,0.0,0.3075271
0.255633,0.0,0.18159576
0.4148099,0.0,0.1983746
0.3299562,0.0,5.2772924e-05
0.9483408,0.0,0.0061656334
0.83201885,0.0,0.0
0.9259681,0.0,0.007640665
0.7619228,0.0,0.0014279825
0.88082397,0.0,0.0059769736
0.7972434,0.0,0.021634672
0.6642219,0.0,0.015968693
0.8076315,1.0,0.4350194
0.8265951,1.0,0.5361511
0.65241194,0.0,0.25603005
0.84958124,0.0,0.54210556
0.9141507,0.0,0.105803505
0.7312875,0.0,0.09185832
0.86780685,0.0,0.6558835
0.94491166,0.0,0.31990603
0.87049884,0.0,0.0013372479
0.8921537,0.0,0.017828815
0.9247857,0.0,0.44944653
0.9551265,0.0,0.36657894
0.8914859,0.0,0.009582471
0.9197662,0.0,0.266794
0.9626217,0.0,0.09134451
0.83657944,0.0,0.50149953
0.9706926,0.0,0.08342486
0.94115853,0.0,0.060555883
0.97729546,0.0,0.14908572
0.9394729,0.0,0.34364152
0.7945917,0.0,0.011252669
0.92094356,0.0,0.3307698
0.89035106,0.0,0.63224614
0.9373199,0.0,0.39416215
0.944496,0.0,0.11197474
0.84575284,1.0,0.3802868
0.8073238,0.0,0.46147838
0.7269621,1.0,0.36944357
0.8172555,0.0,0.22461802
0.86902845,0.0,0.082951985
0.6572504,1.0,0.17937414
0.8197809,0.0,0.00045902995
0.8811371,0.0,0.053181387
0.67259055,0.0,0.0011303534
0.9046274,0.0,0.0
0.81591,0.0,0.27292794
0.71750206,0.0,0.0340093
0.9337751,0.0,0.4184644
0.93638504,0.0,0.0
0.93104464,0.0,0.4362299
0.8911371,0.0,0.15248041
0.91445595,0.0,0.41663963
0.8406612,0.0,0.12416675
0.88970166,0.0,0.29275447
0.9224088,0.0,0.0
0.8940316,0.0,0.030219277
0.84986883,0.0,0.34536347
0.90539044,0.0,0.0
0.87159014,0.0,0.0
0.9682359,0.0,0.23219523
0.87987494,0.0,0.5918189
0.5933057,0.0,0.16271546
0.87256736,0.0,0.25866243
0.698218,0.0,0.00057158316
0.8411978,0.0,0.5102262
0.8017894,0.0,0.29996222
0.8572049,0.0,0.010876201
0.33920577,0.0,0.103321254
0.84292036,0.0,0.3275711
0.63843375,0.0,0.35694122
0.77964664,0.0,0.61138266
0.88981766,0.0,0.1530204
0.6559957,0.0,0.31003946
0.5131245,0.0,0.04714718
0.88877887,0.0,0.45104715
0.5919276,0.0,0.19535956
0.63256484,0.0,0.0
0.45714605,0.0,0.020452278
0.6541883,0.0,0.5609635
0.78955877,0.0,0.30418345
0.66813534,0.0,0.5067468
0.8431544,0.0,0.007272279
0.81611484,0.0,0.044929236
0.7871964,0.0,0.027795536
0.5553109,0.0,0.34124604
0.7824405,0.0,0.14389405
0.36501214,0.0,0.004920061
0.7901381,0.0,0.05882007
0.68210876,0.0,0.022291416
0.82609963,0.0,0.0974301
0.682684,0.0,0.10103301
0.8643361,0.0,0.08523402
0.56338435,0.0,0.0123675205
0.71815616,0.0,0.20018129
0.53582525,0.0,0.006748253
0.8886687,0.0,0.18097857
0.25623387,0.0,0.08423059
0.60178775,0.0,0.07328314
0.41515374,0.0,0.0
0.75583345,0.0,0.0017625793
0.5216482,0.0,0.087138265
0.6433324,0.0,0.18202506
0.5590004,0.0,0.6315251
0.44303676,0.0,0.50588524
0.7713892,0.0,0.6624487
0.642219,0.0,0.1903916
0.77335626,1.0,0.669716
0.6595078,1.0,0.6637891
0.29678968,1.0,0.6567706
0.2579809,1.0,0.33867785
0.44179574,1.0,0.24393666
0.56789726,1.0,0.3221661
0.69695103,1.0,0.8598034
0.83899254,1.0,0.57045776
0.8469125,1.0,0.20548277
0.64581364,1.0,0.62294567
0.7498315,1.0,0.3328796
0.54092854,1.0,0.50700194
0.43647727,0.0,0.20846933
0.7696593,0.0,0.10612309
0.73215985,0.0,0.0
0.8165256,0.0,0.1760939
0.24690112,1.0,0.20401482
0.847896,0.0,0.0977684
0.6317253,0.0,0.0
0.8559415,0.0,0.0015013532
0.6786555,0.0,0.0
0.97024137,0.0,0.0006058722
0.6428443,0.0,0.0
0.8232012,0.0,0.090321824
0.848825,0.0,0.00044453036
0.7344128,0.0,0.31679773
0.4791901,0.0,0.53797174
0.6322469,0.0,0.040865485
0.9364423,0.0,0.23198865
0.9748179,0.0,0.010530187
0.7807551,0.0,0.029665591
0.3511264,0.0,0.0010510918
0.3848522,0.0,0.018056333
0.91903263,0.0,0.0012095452
0.67460614,0.0,0.0
0.6385452,0.0,0.034519333
0.7753005,0.0,0.0
0.80640966,0.0,0.07934428
0.90556186,0.0,0.08840895
0.864239,0.0,0.071407326
0.9480952,0.0,0.52404314
0.9515213,0.0,0.36712268
0.8614876,0.0,0.37741596
0.69928986,0.0,0.9624663
0.8209789,0.0,0.8089256
0.58294475,0.0,0.79119414
0.578792,0.0,0.52181286
0.7384662,0.0,0.5372826
0.54664767,0.0,0.27713892
0.7041651,0.0,0.44998133
0.7148985,0.0,0.43965134
0.7327906,0.0,0.160719
0.31474918,0.0,0.42981905
0.7073673,0.0,0.023962226
0.25215292,0.0,0.34508154
0.5012407,0.0,0.5318038
0.76199895,0.0,0.45832244
0.50960594,0.0,0.32220113
0.8759229,0.0,0.40448034
0.795423,0.0,0.15239489
0.9172509,0.0,0.27658677
0.8248611,0.0,0.008953712
0.9379319,0.0,0.45450652
0.8362617,0.0,0.2133079
0.8411984,0.0,0.49251163
0.8575458,0.0,0.8098321
0.6752555,0.0,0.5468054
0.68111944,0.0,0.6838916
0.7598209,0.0,0.65104806
0.58140004,0.0,0.6836459
0.8210755,0.0,0.6894206
0.9237242,0.0,0.44226024
0.5395261,0.0,0.43345827
0.5059393,1.0,0.15949132
0.1882884,1.0,0.047703467
0.5487663,0.0,0.05613373
0.395298,1.0,0.08900481
0.27400798,0.0,0.0013777926
0.8605497,1.0,0.1310607
0.73096526,0.0,0.1317052
0.7064372,0.0,0.33212823
0.6181171,0.0,0.74422216
0.8666171,0.0,0.5154368
0.8987123,1.0,0.75709003
0.88601786,1.0,0.5253368
0.757606,1.0,0.5008694
0.39315233,0.0,0.2736102
0.56986666,0.0,0.0070038293
0.5577192,1.0,0.05351279
0.46218938,0.0,0.07551768
0.34769297,1.0,0.2880056
0.8281642,0.0,0.4450708
0.74711,0.0,0.8012437
0.56234115,1.0,0.47412145
0.721463,0.0,0.6111903
0.67631567,0.0,0.3093853
0.630965,0.0,0.34275252
0.75042343,0.0,0.39000753
0.82538563,0.0,0.38954303
0.7566307,0.0,0.5977303
0.6366588,0.0,0.46034533
0.6157873,0.0,0.21982348
0.86016417,0.0,0.034873303
0.666929,0.0,0.19459295
0.6615535,0.0,0.0083217425
0.8848204,0.0,0.40068266
0.9060622,0.0,0.6517612
0.8568762,0.0,0.708087
0.7452305,0.0,0.12638797
0.92699933,0.0,0.17405787
0.68315715,0.0,0.0
0.89777976,0.0,0.2495956
0.9041079,0.0,0.0
0.972815,0.0,0.32341853
0.924159,0.0,0.63100284
0.8744617,0.0,0.019043893
0.8384411,0.0,0.49133584
0.84646213,0.0,0.46980664
0.9160384,0.0,0.7491086
0.94482714,0.0,0.241809
0.84512085,0.0,0.15196672
0.83284605,0.0,0.20034578
0.8600337,0.0,0.31210908
0.6793843,0.0,0.012154404
0.9365334,1.0,0.3145396
0.88535786,0.0,0.0
0.7742979,0.0,0.014178133
0.5206355,0.0,0.08279789
0.44704738,1.0,0.17718127
0.8136213,1.0,0.11600234
0.7558092,1.0,0.23669942
0.7223097,1.0,0.7792398
0.61817575,1.0,0.33084956
0.93544704,1.0,0.55007833
0.91173863,1.0,0.47846347
0.2755663,0.0,0.4643987
0.47918606,0.0,0.16966817
0.73320997,1.0,0.40389943
0.7192339,0.0,0.2359074
0.85501033,0.0,0.21648611
0.68345624,0.0,0.024727518
0.9160323,0.0,0.10649408
0.8085141,0.0,0.00018071233
0.8268741,0.0,0.23920013
0.42843828,0.0,0.14614147
0.32994306,0.0,0.33660543
0.8857795,0.0,0.7845317
0.44381782,0.0,1.0
0.92975,0.0,0.66800034
0.9541259,0.0,0.5134894
0.8880638,0.0,0.16506518
0.94891715,0.0,0.5797796
0.88315314,0.0,0.0
0.88379294,0.0,0.09006069
0.6080767,0.0,0.011111732
0.57051915,0.0,0.19827956
0.2882363,0.0,0.08644884
0.5821556,0.0,0.39086682
0.2246206,0.0,0.8289399
0.50270534,0.0,0.58402884
0.88216597,0.0,0.6371563
0.5513713,0.0,0.2610334
0.7369629,0.0,0.5660359
0.73178834,0.0,0.256316
0.9065555,0.0,0.45049268
0.74503046,0.0,0.0044642696
0.942222,0.0,0.4057589
0.8694604,0.0,0.0
0.7721828,0.0,0.28420776
0.8063932,0.0,0.3411695
0.5329632,0.0,0.58704937
0.76886016,0.0,0.14069648
0.43145332,1.0,0.19903259
0.43573698,0.0,0.0
0.055228353,0.0,0.0
0.0445253,0.0,0.22171827
0.63999844,0.0,0.0
0.5397144,0.0,0.0
0.25251445,0.0,0.2349456
0.4181187,0.0,0.5820364
0.74939966,0.0,0.3211434
0.5970012,0.0,0.60486543
0.4124514,0.0,0.2672913
0.29053485,0.0,0.6731884
0.79100484,0.0,0.08846967
0.36017987,0.0,0.2467178
0.15928051,0.0,0.392032
0.08209685,0.0,0.5087932
0.26790836,0.0,0.3254099
0.4917801,1.0,0.32190093
0.13840225,1.0,0.48588157
0.596024,0.0,0.006403482
0.096964955,1.0,0.474383
0.45442188,1.0,0.19744189
0.21596813,1.0,0.0111708725
0.080573834,0.0,0.2055245
0.75147706,0.0,0.039862573
0.37523028,0.0,0.001155411
0.60752547,0.0,0.0007992741
0.7422285,0.0,0.23936611
0.8737209,0.0,0.2101118
0.6518183,0.0,0.52460617
0.7015359,0.0,0.3684437
0.82761294,0.0,0.3098546
0.81978095,0.0,0.43819353
0.9262466,0.0,0.17633773
0.7995187,1.0,0.29707178
0.14746587,0.0,0.079288416
0.56816334,1.0,0.6285775
0.50207597,1.0,0.39934027
0.47769266,1.0,0.11768259
0.28482643,1.0,0.5586439
0.08373894,1.0,0.27061793
0.42348126,1.0,0.047950484
0.21100911,1.0,0.3989484
0.43363857,1.0,0.6194848
0.6761521,1.0,0.5998393
0.28127882,1.0,0.20560959
0.8048156,0.0,0.34028375
0.44806838,0.0,0.671039
0.2803632,0.0,0.37516683
0.68820345,0.0,0.114673264
0.28518987,0.0,0.09360562
0.26507732,0.0,0.0016068312
0.24499038,0.0,0.00081583374
0.24763213,0.0,0.01835889
0.35642537,0.0,0.028486226
0.13406076,1.0,0.042568292
0.82010436,0.0,0.0
0.76518613,0.0,0.2194301
0.9738529,0.0,0.005798101
0.8896106,0.0,0.4007649
0.9494416,0.0,0.21333621
0.9644935,0.0,0.41635704
0.97276556,0.0,0.010502776
0.9184532,0.0,0.24726498
0.75597876,0.0,0.0
0.60820264,0.0,0.15204906
0.31524804,0.0,0.043129686
0.44508094,0.0,0.3635031
0.42303473,0.0,0.12012817
0.24617569,1.0,0.2514665
0.28121024,0.0,0.64005136
0.37130016,0.0,0.23585239
0.25490904,0.0,0.20871799
0.049535763,1.0,0.8756471
0.7955584,0.0,0.7405213
0.7639023,0.0,0.29685947
0.58344865,0.0,0.43147236
0.73647743,0.0,0.4139587
0.75599605,0.0,0.61151075
0.8457628,0.0,0.21330808
0.9351445,0.0,0.25010803
0.92418617,0.0,0.12732172
0.817716,0.0,0.58079493
0.81508887,0.0,0.5928386
0.832196,0.0,0.10627803
0.92815053,0.0,0.24009342
0.91196924,0.0,0.6263242
0.9044296,0.0,0.14922595
0.8558531,0.0,0.0
0.9600342,0.0,0.294482
0.8663696,0.0,0.42288944
0.6811524,0.0,0.04146968
0.86972547,0.0,0.06647514
0.89258057,0.0,0.47532445
0.8322819,0.0,0.29384357
0.6709864,0.0,0.17232613
0.88694793,0.0,0.6825418
0.8110265,0.0,0.45744953
0.86803496,0.0,0.68647254
0.8998871,0.0,0.08666665
0.87890345,0.0,0.7849177
0.8789151,0.0,0.22175346
0.8957517,0.0,0.4678052
0.7920267,0.0,0.23175052
0.8338479,0.0,0.7037374
0.9016217,1.0,0.3523858
0.8326922,0.0,0.0761
0.8454016,0.0,0.24074209
0.8852861,1.0,0.47153464
0.7545737,1.0,0.21074098
0.4528104,1.0,0.0818073
0.6809452,1.0,0.5428311
0.7798407,1.0,0.0814731
0.68376017,1.0,0.7048293
0.8153389,1.0,0.48542443
0.84510887,0.0,0.5303386
0.782073,0.0,0.16113302
0.8255685,0.0,0.01898541
0.8988279,0.0,0.41334128
0.92991406,0.0,0.7326552
0.9609173,0.0,0.35886788
0.83275396,0.0,0.57032603
0.7951583,0.0,0.66100734
0.8849749,0.0,0.22653465
0.60831106,0.0,0.11986688
0.6648739,0.0,0.02380006
0.7177531,0.0,0.25446767
0.72685874,1.0,0.075063825
0.7606927,0.0,0.09337856
0.87648106,0.0,0.018505458
0.91170037,0.0,0.00014953256
0.93130594,0.0,0.38896248
0.84441704,0.0,0.18766433
0.9511947,0.0,0.5663449
0.9592828,0.0,0.8082019
0.89207673,0.0,0.3310718
0.8059768,0.0,0.8416503
0.85257053,1.0,0.5122751
0.47465628,1.0,0.14045389
0.7277796,1.0,0.19774629
0.70289266,1.0,0.37607193
0.531753,0.0,0.25095448
0.45936,1.0,0.015620846
0.6323286,0.0,0.0
0.42162132,0.0,0.0
0.5979759,0.0,0.10064649
0.76654553,0.0,0.07756941
0.66564685,0.0,0.59540784
0.70784026,0.0,0.39850435
0.8577519,0.0,0.7149961
0.9151944,0.0,0.63731617
0.76989245,0.0,0.102807015
0.77799535,0.0,0.06234869
0.3236162,0.0,0.026587129
0.6217033,0.0,0.1066318
0.862122,0.0,0.0022319383
0.78672016,0.0,0.27865952
0.83720905,1.0,0.28833807
0.5841188,1.0,0.44839
0.53843635,1.0,0.122256234
0.8150237,1.0,0.510042
0.7031968,0.0,0.42779708
0.6996563,1.0,0.007903918
0.8277133,0.0,0.14990838
0.79864687,0.0,0.2927153
0.76754576,0.0,0.042112064
0.82895005,0.0,0.27387285
0.63317883,0.0,0.37981635
0.8766512,0.0,0.72537726
0.9672181,0.0,0.3960992
0.51732373,0.0,1.0
0.49777642,0.0,0.66964483
0.6194398,0.0,0.47747198
0.62800527,0.0,0.5515007
0.41473994,0.0,0.4143425
0.7633571,0.0,0.3985587
0.85805,0.0,0.45673934
0.7220802,0.0,0.43636796
0.5662433,0.0,0.6279837
0.672798,0.0,0.47009367
0.36937922,0.0,0.335563
0.5361283,0.0,0.44040003
0.5824827,0.0,0.6168521
0.69965255,0.0,0.16962625
0.4614012,0.0,0.20791826
0.46577087,0.0,0.4366172
0.41218454,0.0,0.36359066
0.41944072,0.0,0.0
0.29128894,0.0,0.17467812
0.60882443,0.0,0.59084934
0.5259872,0.0,0.35955587
0.46413186,0.0,0.0
0.648047,0.0,0.28732732
0.48739725,0.0,0.65108764
0.69083923,0.0,0.2386597
0.6587385,0.0,0.1480152
0.5923267,0.0,0.32486358
0.72788817,0.0,0.5618586
0.56771564,0.0,0.0
0.701919,0.0,0.0302437
0.8689016,0.0,0.46456796
0.49111906,0.0,0.16033633
0.5542423,0.0,0.00046234205
0.87859267,0.0,0.24870037
0.76307416,0.0,0.51248103
0.5382172,0.0,0.21246253
0.79724056,0.0,0.64251596
0.6815188,0.0,0.11918092
0.85278845,0.0,0.10040918
0.74351317,0.0,0.52762836
0.43021533,0.0,0.45362994
0.88739926,0.0,0.30776024
0.9024057,0.0,0.3082516
0.9291634,0.0,0.28026006
0.96319216,0.0,0.23403166
0.76176196,0.0,0.0
0.78571016,0.0,0.0
0.6524569,0.0,0.4442416
0.6064061,0.0,0.093629874
0.5880188,0.0,0.0058585936
0.56052107,0.0,0.35705155
0.64685744,0.0,0.64598066
0.4365947,0.0,0.18154891
0.4232716,0.0,0.42999354
0.69841456,0.0,0.5505536
0.45229623,0.0,0.07968544
0.6854922,0.0,0.37725374
0.57595956,0.0,0.24901502
0.45667002,0.0,0.37025076
0.72079825,0.0,0.03601242
0.52722716,0.0,0.0075877905
0.4454537,0.0,0.0
0.50096136,0.0,0.31686482
0.34249943,0.0,0.0040956708
0.29242206,0.0,0.000905892
0.21847555,0.0,0.0072218473
0.4927594,0.0,0.322887
0.26321703,1.0,0.60090286
0.7043391,0.0,0.4529406
0.8431312,0.0,0.69747615
0.68394995,0.0,0.21830316
0.8503747,0.0,0.0
0.5504169,0.0,0.31893536
0.9680065,0.0,0.2945852
0.8613658,0.0,0.0
0.45504633,0.0,0.038226813
0.7317287,0.0,0.5186301
0.9642909,0.0,0.09460786
0.7511953,0.0,0.0002550048
0.80582076,0.0,0.009414068
0.8299054,0.0,0.2852728
0.85541,0.0,0.21522847
0.8861989,0.0,0.009066601
0.76325953,0.0,0.45731008
0.5139496,0.0,0.019239496
0.7601243,0.0,0.4868759
0.92307615,0.0,0.6960274
0.8655893,0.0,0.2473059
0.78688586,0.0,0.19561785
0.5938831,0.0,0.0061419113
0.5381366,0.0,0.003966386
0.4334457,0.0,0.38865405
0.70603085,0.0,0.0
0.449659,0.0,0.0
0.22902368,0.0,0.1776398
0.84231913,0.0,0.28101566
0.5511926,0.0,0.0003086954
0.41082647,1.0,0.018097946
0.62507457,0.0,0.35004166
0.44508785,0.0,0.1193023
0.44626027,0.0,0.004184561
0.42555124,1.0,0.40958932
0.5718394,1.0,0.23545514
0.5360922,1.0,0.054219797
0.5641165,1.0,0.71244735
0.25324494,1.0,0.44873527
0.34354204,1.0,0.59160745
0.63511914,1.0,0.4984808
0.59334826,0.0,0.20186749
0.11722289,1.0,0.16514957
0.6327719,1.0,0.21371162
0.39549258,0.0,0.18522933
0.41067818,0.0,0.00063363335
0.6019607,0.0,0.0
0.6898453,1.0,0.2947105
0.7685356,0.0,0.18677074
0.38772726,0.0,0.0
0.5491362,0.0,0.0
0.5331927,0.0,0.38590732
0.78711873,0.0,0.23262872
0.7626159,0.0,0.009310325
0.92722136,0.0,0.114472784
0.957531,0.0,0.72501975
0.97198075,0.0,0.099645115
0.858575,0.0,0.7043876
0.95780474,0.0,0.6325336
0.9434096,0.0,0.4019481
0.8923415,0.0,0.04920655
0.65482473,0.0,0.48533693
0.834825,0.0,0.30807617
0.5878714,0.0,0.21795493
0.33145836,1.0,0.5096769
0.9141037,0.0,0.022311613
0.93972635,0.0,0.0
0.09593592,1.0,0.19242461
0.17736869,1.0,0.39326108
0.267254,0.0,0.0
0.30674264,0.0,0.0
0.022095188,1.0,0.18482633
0.40722227,1.0,0.09335375
0.60537505,0.0,0.0
0.046711933,1.0,0.13915567
0.20150915,1.0,0.48488566
0.4722461,0.0,0.012520695
0.19912405,1.0,0.11996396
0.12829943,1.0,0.3718537
0.28986067,1.0,0.11794567
0.7311587,0.0,0.03861851
0.27892837,1.0,0.25921935
0.6565234,1.0,0.29880896
0.878921,1.0,0.7235463
0.42467988,1.0,0.6442571
0.6741077,1.0,0.19058971
0.5379949,1.0,0.7105768
0.9094302,1.0,0.6568738
0.63050187,0.0,0.35295346
0.83558965,1.0,0.13441922
0.68163675,0.0,0.32370514
0.8568579,0.0,0.21621743
0.9227902,0.0,0.6130795
0.5764402,1.0,0.54772437
0.29848275,0.0,0.009357936
0.92683303,0.0,0.11101033
0.49631923,0.0,0.41737053
0.2948843,1.0,0.4316483
0.5256475,1.0,0.022179065
0.35200822,1.0,0.38210386
0.87467206,1.0,0.52486223
0.44387627,1.0,0.23818044
0.6791777,0.0,0.10161804
0.6664236,0.0,0.48044893
0.46309304,0.0,0.8432988
0.6942375,0.0,0.29804432
0.58836675,0.0,0.42373073
0.7150969,0.0,0.13157758
0.97535276,0.0,0.39624146
0.8272767,0.0,0.41714168
0.9165622,0.0,0.5138955
0.8347921,0.0,0.15794311
0.60578036,0.0,0.0
0.8466396,0.0,0.42597252
0.9328333,0.0,0.37961346
0.7100758,0.0,0.0026886435
0.56511486,0.0,0.0702145
0.8919008,0.0,0.30386955
0.9154151,0.0,0.21760356
0.40072393,0.0,0.0
0.9277414,0.0,0.37179568
0.7146865,0.0,0.6217543
0.90279406,0.0,0.4569485
0.8023914,0.0,0.40071267
0.29906234,1.0,0.066276364
0.66567683,1.0,0.60429496
0.40201718,1.0,0.36883023
0.54807556,1.0,0.32155
0.86588275,0.0,0.51006746
0.601243,0.0,0.35174882
0.6634857,0.0,0.18698733
0.85146666,0.0,0.19780675
0.7078673,0.0,0.05328137
0.78949225,0.0,0.38898286
0.68105847,0.0,0.44440228
0.55481756,0.0,0.1045941
0.7997614,0.0,0.45289108
0.77707946,0.0,0.0939498
0.80490786,0.0,0.110462405
0.74069506,0.0,0.65848756
0.91595817,0.0,0.5633915
0.69906473,0.0,0.20326638
0.77313805,0.0,0.3304316
0.46238413,0.0,0.06835405
0.6386637,0.0,0.110029265
0.4928767,0.0,0.010901788
0.73608714,0.0,0.0
0.24782118,0.0,0.07120828
0.8476026,0.0,0.070293896
0.7933475,0.0,0.38300294
0.9374373,0.0,0.18092038
0.7692544,0.0,0.43481937
0.8366278,0.0,0.70759916
0.68300277,0.0,0.1289998
0.9348376,1.0,0.2969795
0.9361151,0.0,0.1557325
0.7773834,0.0,0.124935836
0.9381798,0.0,0.020614296
0.670025,0.0,0.0007554017
0.9562579,0.0,0.0062206513
0.65366244,0.0,0.026398815
0.9520298,0.0,0.03816754
0.35526133,0.0,0.01596119
0.8449965,0.0,0.17582181
0.709058,0.0,0.018346386
0.26998058,0.0,0.34368116
0.9398477,0.0,0.50405794
0.9700019,0.0,0.33427423
0.9018421,0.0,0.17706203
0.9461652,0.0,0.349013
0.9391113,0.0,0.28966874
0.88904387,0.0,0.039309304
0.92471135,0.0,0.051688343
0.93144226,0.0,0.004111069
0.91357297,0.0,0.04671131
0.79864836,0.0,0.0089992145
0.25051078,0.0,0.0078034136
0.5653812,0.0,0.0067766435
0.30406973,0.0,0.052718613
0.29363978,0.0,0.033199195
0.33541873,1.0,0.33262473
0.40011165,0.0,0.005874748
0.1359869,0.0,0.0
0.5986236,1.0,0.16907276
0.3747089,0.0,0.0009232939
0.31949335,0.0,0.0022074385
0.17614326,0.0,0.0073453668
0.07366803,0.0,0.16195224
0.116108954,0.0,0.0
0.3874005,0.0,0.011140446
0.69794303,0.0,0.019001953
0.30181664,0.0,0.09166021
0.24979977,0.0,0.047735427
0.24216793,0.0,0.023429606
0.3284975,0.0,0.02120007
0.6866011,0.0,0.042585038
0.80640894,0.0,0.019591438
0.59368384,0.0,0.21142945
0.78033644,0.0,0.068437845
0.8668437,0.0,0.06420373
0.38555372,0.0,0.79300845
0.7903352,0.0,0.44814107
0.6296876,0.0,0.24137147
0.9175325,0.0,0.48414385
0.9542918,0.0,0.2398291
0.8096901,0.0,0.40254366
0.87499696,0.0,0.55490255
0.5273368,0.0,0.14381729
0.90206885,0.0,0.6732388
0.71256864,0.0,0.29046506
0.77462393,0.0,0.008086688
0.6915906,0.0,0.04296073
0.9619495,0.0,0.010095772
0.8869306,0.0,0.20402086
0.95380217,0.0,0.2681704
0.9313197,0.0,0.0072633172
0.84419626,0.0,0.0039429995
0.9290924,0.0,0.04877083
0.8117711,0.0,0.0014873766
0.13127571,0.0,0.019424397
0.38322434,0.0,0.0
0.5020016,0.0,0.0
0.17339374,0.0,0.0104564885
0.6807351,0.0,0.0073381457
0.9171061,0.0,0.00971208
0.55951923,0.0,0.299597
0.53579265,0.0,0.00035477598
0.52936876,0.0,0.106123984
0.4576778,0.0,0.021718426
0.77741945,0.0,0.015466524
0.51894975,0.0,0.23752995
0.76320463,0.0,0.13127181
0.6837364,1.0,0.6721433
0.69260424,1.0,0.60410553
0.87339556,1.0,0.40971282
0.9385618,1.0,0.45546874
0.96658975,0.0,0.07415257
0.6780333,1.0,0.2933507
0.7346148,0.0,0.24723504
0.63213,0.0,0.0
0.63439894,0.0,0.43305743
0.75202876,0.0,0.28006712
0.662031,0.0,0.008905997
0.7390242,0.0,0.0037031593
0.85657537,0.0,0.46223724
0.8571885,0.0,0.08031081
0.8900734,0.0,0.0658128
0.70906526,0.0,0.03584003
0.89805764,0.0,0.3430285
0.56260633,0.0,0.0034094802
0.8934589,0.0,0.036460623
0.8843075,0.0,0.2329828
0.7741975,0.0,0.24639186
0.9176088,0.0,0.004727354
0.8805183,0.0,0.010003578
0.74450433,0.0,0.36948758
0.46056494,0.0,0.53125226
0.85621816,0.0,0.17846948
0.94905865,0.0,0.3757144
0.9425338,0.0,0.3937122
0.85214555,0.0,0.042871546
0.9613762,0.0,0.26954666
0.927065,0.0,0.5968984
0.855611,0.0,0.6409704
0.81076175,0.0,0.6245138
0.5540548,0.0,0.03746572
0.86688817,0.0,0.28026918
0.7820463,0.0,0.0109887365
0.9572742,0.0,0.0033425852
0.72962713,0.0,0.055083286
0.60849494,0.0,0.015019025
0.6401191,0.0,0.0
0.45685104,0.0,0.041133914
0.29607475,1.0,0.11049552
0.2024231,1.0,0.027233586
0.7621904,0.0,0.0
0.72168905,0.0,0.0
0.31198508,0.0,0.0
0.18785453,0.0,0.0
0.914884,0.0,0.006805758
0.7927394,0.0,0.013287476
0.9008747,0.0,0.09894674
0.6315945,0.0,0.023886772
0.85245717,0.0,0.0030523334
0.88002723,0.0,0.2449758
0.90358055,0.0,0.1539204
0.82556516,0.0,0.047577236
0.8683219,0.0,0.15045981
0.8276716,0.0,0.5304834
0.90238684,0.0,0.23085125
0.84144235,0.0,0.78732854
0.90617484,0.0,0.6618022
0.84302163,0.0,0.25543228
0.9336448,0.0,0.30241647
0.9259415,0.0,0.030939927
0.9157986,0.0,0.53765726
0.80312926,0.0,0.09708491
0.96047556,0.0,0.20496619
0.8808087,0.0,0.0
0.9677288,0.0,0.011323904
0.8836727,0.0,0.025746042
0.33097047,0.0,0.01006381
0.40636668,0.0,0.01733486
0.49947846,0.0,0.004074127
0.58638597,0.0,0.0
0.620156,1.0,0.0636363
0.7171217,0.0,0.00067667075
0.85661316,0.0,0.031322043
0.674314,0.0,0.0
0.84381574,0.0,0.20000884
0.79137886,0.0,0.17966333
0.56957877,0.0,0.03048284
0.84643626,0.0,0.008891748
0.838294,0.0,0.2259672
0.51290035,0.0,0.25114188
0.317251,1.0,0.024052246
0.92415994,0.0,0.091966026
0.8175175,0.0,0.15346473
0.47692847,0.0,0.02377889
0.7139687,0.0,0.0025056237
0.8654511,0.0,0.14460595
0.5343757,0.0,0.3327524
0.38638398,0.0,0.4843497
0.35970923,0.0,0.08205635
0.5236366,0.0,0.5275429
0.8620906,0.0,0.25088382
0.8156093,0.0,0.6105872
0.82160276,0.0,0.41868174
0.78099954,0.0,0.14696962
0.86520785,0.0,0.02391394
0.8065158,0.0,0.5233065
0.9147154,0.0,0.54150856
0.75915575,0.0,0.68186533
0.6442574,0.0,0.17304145
0.9475275,0.0,0.05080322
0.83000934,0.0,0.40873173
0.7622316,0.0,0.40640798
0.6420906,0.0,0.0015965106
0.72923505,0.0,0.5114618
0.55925083,0.0,0.58522165
0.5838585,0.0,0.12544721
0.87942755,0.0,0.14094822
0.759549,0.0,0.72336924
0.2581983,1.0,0.58040905
0.7724047,0.0,0.00029652184
0.84500664,0.0,0.13741297
0.4823208,0.0,0.37680572
0.26661706,1.0,0.12759727
0.5065549,0.0,0.0
0.48909572,0.0,0.4044606
0.4521657,0.0,0.27767754
0.8320118,0.0,0.0
0.73143685,0.0,0.089608304
0.76125515,0.0,0.62221164
0.4584958,0.0,0.41176602
0.6442137,0.0,0.43154258
0.45445743,0.0,0.26268172
0.5371073,1.0,0.39534304
0.33603823,1.0,0.7483451
0.44701073,0.0,0.09247582
0.9132549,0.0,0.0
0.77031934,1.0,0.1184076
0.588854,1.0,0.3435035
0.626882,0.0,0.0
0.4319715,1.0,0.00786387
0.39340478,1.0,0.47145352
0.7020795,1.0,0.28865656
0.9212953,0.0,0.0
0.37709472,1.0,0.14665218
0.34983593,1.0,0.4641312
0.76145524,0.0,0.13165565
0.40604225,0.0,0.003218778
0.50640047,1.0,0.13619328
0.7864217,1.0,0.24721229
0.92319787,0.0,0.09052806
0.7030406,0.0,0.0
0.44685152,1.0,0.46834528
0.46171713,1.0,0.70391333
0.749167,0.0,0.3246824
0.77366394,0.0,0.09214066
0.85237795,0.0,0.27651572
0.66894585,0.0,0.002626126
0.8936106,1.0,0.11503274
0.3778971,1.0,0.23034246
0.8533147,0.0,0.0
0.8450321,0.0,0.030386629
0.87713253,0.0,0.33409888
0.96961737,0.0,0.35107827
0.8632607,0.0,0.5713615
0.9315022,1.0,0.114048935
0.7734121,0.0,0.62710667
0.64710885,0.0,0.7231788
0.56925315,0.0,0.8015168
0.625845,1.0,0.6633167
0.82383376,1.0,0.4503372
0.9524982,1.0,0.21788995
0.6049719,0.0,0.051880915
0.85996324,0.0,0.56102777
0.77399313,0.0,0.3644333
0.75373733,0.0,0.18339813
0.6113612,0.0,0.41323167
0.49371645,0.0,0.16910744
0.5711511,0.0,0.023139805
0.75627536,0.0,0.12896211
0.8120171,0.0,0.3179666
0.309472,0.0,0.0030480009
0.65873694,0.0,0.052665133
0.8802522,0.0,0.23090133
0.7011,0.0,0.13656452
0.6990603,0.0,0.58940977
0.63728386,0.0,0.39206144
0.4136929,0.0,0.027025606
0.86680055,0.0,0.14932784
0.8867442,0.0,0.48666143
0.5325178,0.0,0.092983484
0.69702476,0.0,0.04479897
0.7960993,0.0,0.34936592
0.7558939,0.0,0.13439731
0.71682614,0.0,0.34785742
0.8999315,0.0,0.18515363
0.83499694,0.0,0.7065274
0.7298869,0.0,0.5840585
0.44066054,0.0,0.0043254914
0.7755312,1.0,0.4647102
0.45323178,0.0,0.24196579
0.62413204,0.0,0.33706757
0.63491035,1.0,0.18431728
0.4732483,1.0,0.6905966
0.62089354,1.0,0.33157593
0.83805066,0.0,0.03303987
0.74914193,1.0,0.26727888
0.48672184,1.0,0.38213548
0.8443495,1.0,0.18305275
0.8532639,0.0,0.0
0.70622426,1.0,0.20359093
0.31572577,1.0,0.47587222
0.8314814,1.0,0.21600796
0.63958895,0.0,0.002879122
0.7291297,0.0,5.0261347e-06
0.910539,1.0,0.1420552
0.8538738,0.0,0.0
0.8652079,0.0,0.12607543
0.8749152,0.0,0.09061199
0.872903,0.0,0.0942267
0.8728446,0.0,0.17254882
0.7666804,0.0,0.48069465
0.8125563,0.0,0.101288006
0.78187543,0.0,0.0061694924
0.7830145,0.0,0.16728663
0.82035476,0.0,0.44398275
0.8443487,0.0,0.016671324
0.82553357,0.0,0.0
0.80410606,0.0,0.35699007
0.7906681,0.0,0.49722466
0.9246377,0.0,0.4554999
0.8796055,0.0,0.050822917
0.8281743,0.0,0.10851677
0.9317164,0.0,0.012569681
0.8446204,0.0,0.0
0.388342,0.0,0.0013686321
0.39968452,0.0,0.010095222
0.47487295,0.0,0.0
0.7829583,0.0,0.0
0.89639425,0.0,0.026305227
0.9058621,0.0,0.04735362
0.4667703,0.0,0.0
0.7191445,0.0,0.00257616
0.37056082,1.0,0.27226612
0.64199406,1.0,0.035717495
0.7283968,0.0,0.024279881
0.878141,0.0,0.07769328
0.54267555,0.0,0.07531905
0.62119955,0.0,0.017464848
0.7298691,0.0,0.0018354306
0.8072689,0.0,0.31776017
0.7856336,0.0,0.11466902
0.5880124,0.0,0.008683709
0.93913704,0.0,0.014424909
0.9277303,0.0,0.23481801
0.6949606,0.0,0.5813236
0.7400672,0.0,0.042731725
0.8777916,0.0,0.4859496
0.8238857,0.0,0.040546294
0.87431824,0.0,0.3716795
0.8052666,0.0,0.24629572
0.9117756,0.0,0.36722073
0.93071055,0.0,0.30371416
0.95321584,0.0,0.33001283
0.88120127,0.0,0.016071275
0.95788205,0.0,0.49617466
0.9200211,0.0,0.59180325
0.95473933,0.0,0.14500663
0.88477325,0.0,0.3653416
0.79840165,0.0,0.52815914
0.8458259,0.0,0.6400009
0.95605445,0.0,0.5296003
0.6864911,0.0,0.03542396
0.8811599,0.0,0.44256383
0.86195076,0.0,0.0018303286
0.6740083,0.0,0.41027084
0.46135488,0.0,0.47988972
0.6532384,0.0,0.31874797
0.87226105,0.0,0.6088521
0.8836284,0.0,0.5424078
0.8999969,0.0,0.46297312
0.60209554,0.0,0.014998105
0.81091815,0.0,0.0
0.6920097,0.0,0.22879581
0.9113278,0.0,0.03343606
0.81558347,0.0,0.07384787
0.918255,0.0,0.20639338
0.6176395,0.0,0.19446446
0.85507536,0.0,0.495236
0.9035359,0.0,0.11513508
0.70083994,0.0,0.00012969278
0.8524024,0.0,0.0
0.605179,0.0,0.027677635
0.8371176,0.0,0.0
0.42755008,0.0,0.14509933
0.9554394,0.0,0.011071173
0.4924152,0.0,0.22115114
0.817135,0.0,0.4299913
0.5432108,0.0,0.0
0.39022464,0.0,0.00022694569
0.49622133,0.0,0.03598961
0.3011479,0.0,0.11675811
0.8344012,0.0,0.010375379
0.4653521,0.0,0.014716669
0.045378104,0.0,0.26247552
0.1335653,0.0,0.16479596
0.93178916,0.0,0.18913598
0.8898554,0.0,0.17998488
0.90817565,0.0,0.25917092
0.803352,0.0,0.11479435
0.8693089,0.0,0.0084026875
0.9428166,0.0,0.0659221
0.7542554,0.0,0.010261849
0.8123779,0.0,0.0019523005
0.81763196,0.0,0.018215751
0.73620147,0.0,0.14056718
0.88663876,0.0,0.20738633
0.5897412,0.0,0.0
0.8958155,0.0,0.027495094
0.8162094,0.0,0.3678831
0.750388,0.0,0.50158113
0.6732564,0.0,0.4536179
0.7139552,0.0,0.21131207
0.52095217,0.0,0.3365589
0.77026373,0.0,0.19469441
0.5908699,0.0,0.83666325
0.470499,0.0,0.8646567
0.64775074,0.0,0.44173732
0.6633783,0.0,0.15872003
0.854274,0.0,0.4746076
0.699762,0.0,0.4941589
0.41791233,0.0,0.21596538
0.86304116,0.0,0.4777399
0.8300222,0.0,0.6949876
0.57243824,0.0,0.646188
0.70231366,0.0,0.3411824
0.58112,0.0,0.18929589
0.6342702,0.0,0.532953
0.6260605,0.0,0.28569055
0.60698533,1.0,0.29458526
0.6485732,1.0,0.71377
0.76040745,1.0,0.77096176
0.58630276,1.0,0.22003724
0.7878758,1.0,0.57554305
0.6599606,1.0,0.47789863
0.6821023,1.0,0.22789827
0.7991234,1.0,0.39002192
0.7118433,1.0,0.45983705
0.60965616,1.0,0.48468813
0.8194339,1.0,0.52995396
0.7390446,1.0,0.6223953
0.8266847,1.0,0.70238405
0.88539916,0.0,0.21234141
0.77968836,0.0,0.26664716
0.70071685,1.0,0.11216857
0.51578546,1.0,0.22532879
0.657604,0.0,0.18201339
0.3651312,1.0,0.07453751
0.67396456,0.0,0.34507468
0.7965801,0.0,0.64441305
0.5473666,0.0,0.09643093
0.7266043,0.0,0.16914599
0.746863,1.0,0.028973931
0.5393841,0.0,0.041317824
0.80895627,0.0,0.2161112
0.68308395,0.0,0.11097213
0.5520169,0.0,0.48777178
0.4954213,0.0,0.7123038
0.5892899,0.0,0.34879503
0.8393574,1.0,0.60294425
0.71505827,1.0,0.46753046
0.45875487,1.0,0.38660514
0.45145062,1.0,0.32255265
0.60251015,1.0,0.31939536
0.27831906,1.0,0.3924925
0.6349404,1.0,0.4732734
0.6198484,1.0,0.439603
0.6275716,1.0,0.34931636
0.77773094,0.0,0.59625983
0.7296229,1.0,0.48687038
0.7993438,1.0,0.3587127
0.83111185,0.0,0.3261316
0.5398243,1.0,0.4620157
0.77542454,0.0,0.4436723
0.6401688,0.0,0.8126625
