gate_value,label,rsa
0.8446462,0.0,1.0
0.912567,0.0,0.43994147
0.2094643,0.0,0.37144604
0.66692764,0.0,0.6065499
0.6807585,0.0,0.3750577
0.54552096,0.0,0.012995268
0.8083114,0.0,0.055486955
0.53766394,0.0,0.0012263058
0.84419435,0.0,0.00023238685
0.8841763,0.0,0.0002941125
0.84135616,0.0,0.0
0.6078987,0.0,2.5751215e-05
0.87788856,0.0,0.0
0.6956643,1.0,0.17973678
0.87238246,0.0,0.0011636675
0.35824037,1.0,0.33381727
0.6660293,1.0,0.34903353
0.80978215,0.0,0.0
0.34178755,1.0,0.314073
0.35621753,1.0,0.7414633
0.3201739,0.0,0.06685297
0.90536773,0.0,0.06127135
0.0796333,0.0,0.48929882
0.32468846,0.0,0.14039555
0.3122561,0.0,0.0
0.5564716,0.0,0.075854085
0.56920165,0.0,0.30027267
0.62818,0.0,0.029563827
0.88408625,0.0,0.0
0.8100671,0.0,0.2322766
0.65663797,0.0,0.30262113
0.83507466,0.0,0.0015807443
0.9392786,0.0,0.05272764
0.86316174,0.0,0.52839327
0.7993548,0.0,0.40610564
0.51352423,0.0,0.056987163
0.6770852,0.0,0.5358562
0.93591803,0.0,0.3448608
0.7676895,0.0,0.6701483
0.6859226,0.0,0.4307473
0.59881467,0.0,0.051364824
0.9113497,0.0,0.33225062
0.920763,0.0,0.0020056055
0.93604356,0.0,0.0
0.64266735,0.0,0.0
0.6089588,0.0,0.0
0.7908444,0.0,0.006118532
0.84065086,0.0,0.00025328086
0.83565986,1.0,0.0137014985
0.28613484,1.0,0.30744863
0.51237494,1.0,0.44298145
0.91410387,0.0,0.17687294
0.1542169,0.0,0.34552684
0.33305264,0.0,0.32283697
0.33472642,0.0,0.26793826
0.69153816,0.0,0.03998375
0.520365,0.0,0.51534176
0.78438777,0.0,0.18035533
0.466196,0.0,0.111953646
0.672288,0.0,0.18850169
0.9697585,0.0,0.39126632
0.8161341,0.0,0.22236434
0.3260654,0.0,0.49519637
0.92378235,0.0,0.5560791
0.69170594,0.0,0.039515924
0.70224375,0.0,0.40757152
0.3675766,0.0,0.43390527
0.7928306,0.0,0.021098265
0.81435776,0.0,0.108966164
0.7962593,0.0,0.42613524
0.7116338,0.0,0.15629958
0.69634616,0.0,0.00021459078
0.44962275,0.0,0.5315568
0.60984886,1.0,0.62169284
0.6328549,0.0,0.16868699
0.19314222,1.0,0.58956057
0.8965088,1.0,0.12380066
0.25780398,1.0,0.6675379
0.54784685,1.0,0.40329456
0.7436641,1.0,0.47085944
0.5822465,1.0,0.10206165
0.43799248,1.0,0.22464456
0.5456295,0.0,0.0002979842
0.30771875,1.0,0.1438265
0.5080513,1.0,0.27107242
0.6535694,0.0,0.0
0.44825134,0.0,0.0
0.37082753,1.0,0.47575203
0.53374946,0.0,0.16963385
0.82927674,0.0,0.0
0.39595407,0.0,0.02934246
0.8718801,0.0,0.41556972
0.72572625,0.0,0.10111165
0.6861082,0.0,0.0
0.7425566,0.0,0.53458667
0.7421545,0.0,0.80126053
0.7642759,0.0,0.34431598
0.76798546,0.0,0.32978195
0.79044986,0.0,0.07755198
0.5508026,0.0,0.658884
0.8452594,0.0,0.80002296
0.83336586,0.0,0.15247469
0.6479529,0.0,0.11736186
0.76149565,0.0,0.037364364
0.5361299,0.0,0.015844349
0.48190218,0.0,0.0
0.37783664,0.0,0.00039830382
0.63846505,0.0,0.0
0.847406,0.0,0.0
0.556351,0.0,0.0
0.7633749,0.0,0.0
0.5155936,0.0,0.012785212
0.12319819,0.0,0.32748517
0.542614,0.0,0.16972739
0.13743538,1.0,0.5715401
0.2266833,1.0,0.6243355
0.35003722,1.0,0.5982107
0.7189956,1.0,0.07435182
0.61083144,0.0,0.2133536
0.5313834,0.0,0.44808426
0.80635107,1.0,0.3727382
0.94926476,0.0,0.0
0.865009,0.0,0.24687295
0.64848197,0.0,0.5591889
0.7675277,0.0,0.07735668
0.9263658,0.0,0.0
0.7422269,0.0,0.59794766
0.5909269,0.0,0.28055248
0.94637007,0.0,0.0
0.86040014,0.0,0.2872222
0.70539284,0.0,0.4679574
0.60929835,0.0,0.10714244
0.6683555,0.0,0.37872192
0.97601414,0.0,0.042498253
0.8681402,0.0,0.16995709
0.76082873,0.0,0.0
0.92769307,0.0,0.014922568
0.74792755,0.0,0.0
0.8849935,0.0,0.0
0.83554035,0.0,0.019097283
0.86907667,0.0,0.0
0.74123836,0.0,0.34926388
0.7993831,0.0,0.55637413
0.8151575,0.0,0.18742123
0.73495257,0.0,0.39139867
0.52406394,0.0,0.3644178
0.6262384,0.0,0.42461756
0.7904935,0.0,0.054083705
0.7067308,0.0,0.0
0.8152478,0.0,0.1960692
0.65560806,0.0,0.45334256
0.7373113,0.0,0.00073206215
0.50459933,0.0,0.016948996
0.5646813,0.0,0.29617047
0.7468934,0.0,0.29144374
0.3412075,0.0,0.59201294
0.6214062,0.0,0.6314837
0.7513093,0.0,0.17270817
0.65975726,0.0,0.103556946
0.66614383,0.0,0.1447636
0.44146544,0.0,0.2312949
0.6128657,0.0,0.17546685
0.29528135,0.0,0.5021547
0.2683299,0.0,0.44702828
0.7024002,0.0,0.6785138
0.6621316,0.0,0.59620714
0.59423023,0.0,0.3709575
0.5117126,0.0,0.026538463
0.63617295,0.0,0.118180215
0.4952473,0.0,0.55671483
0.22000058,0.0,0.1984208
0.50200397,0.0,0.0
0.6822256,0.0,0.1347187
0.46304598,0.0,0.40927833
0.5019334,0.0,0.20947234
0.5575723,0.0,0.004799722
0.73841816,0.0,0.40001515
0.55167043,0.0,0.705785
0.58767045,0.0,0.20733634
0.7711171,0.0,0.20218351
0.90087235,0.0,0.52515644
0.8256311,0.0,0.7981514
0.6612748,0.0,0.34495905
0.8166955,0.0,0.18574262
0.75983095,0.0,0.16818118
0.88733923,0.0,0.0
0.9452475,0.0,0.011795723
0.96104324,0.0,0.0
0.95382404,0.0,0.013809844
0.96624357,0.0,0.031132413
0.8903209,0.0,0.0
0.82374257,0.0,0.056409337
0.8247222,0.0,0.07989713
0.6163945,0.0,0.123459905
0.9435403,0.0,0.044646043
0.9652172,0.0,0.0
0.86772543,0.0,0.2092679
0.9207587,0.0,0.0011381994
0.9220659,0.0,0.011154644
0.7991392,0.0,0.0030406278
0.72161776,0.0,0.00010246551
0.8576708,0.0,0.13540235
0.917,0.0,0.41721806
0.8423676,0.0,0.43829894
0.83104837,0.0,0.07515553
0.5043407,0.0,0.3488017
0.5673248,0.0,0.2863064
0.43572626,0.0,0.329253
0.63296074,0.0,0.079758376
0.6765881,0.0,0.25853315
0.75383854,0.0,0.025675137
0.6611026,0.0,0.40376946
0.8917948,0.0,0.33115354
0.84310067,0.0,0.49275953
0.9207557,0.0,0.05221982
0.5510061,0.0,0.4619087
0.70473564,0.0,0.17116134
0.54339224,0.0,0.2656582
0.5439228,0.0,0.48309955
0.5199539,0.0,0.4480007
0.46671668,0.0,0.42300135
0.5785359,0.0,0.71989614
0.5389832,0.0,0.120840766
0.9687092,0.0,0.19419606
0.9137853,0.0,0.045638923
0.77491754,0.0,0.022605445
0.84934837,0.0,0.00032761492
0.8777512,0.0,0.25698408
0.9171451,0.0,0.025461918
0.8169574,0.0,0.32778537
0.7990624,0.0,0.24749653
0.70586413,0.0,0.0018017062
0.96255153,0.0,0.2196429
0.42902642,0.0,0.41451007
0.88218445,0.0,0.083112404
0.9295311,0.0,0.003369541
0.82439905,0.0,0.18942602
0.71375805,0.0,0.2271034
0.8227155,0.0,0.0
0.8743902,0.0,0.06376399
0.49954015,0.0,0.5223627
0.87747127,0.0,0.30502355
0.94042534,0.0,0.014724758
0.76751477,0.0,0.06968911
0.37438053,0.0,0.5499165
0.7386676,0.0,0.5191931
0.892461,0.0,0.25760898
0.6483494,0.0,0.70803505
0.6213309,0.0,0.061715618
0.55610585,0.0,0.37128896
0.6809713,0.0,0.08052694
0.62718946,0.0,0.29328182
0.80385,0.0,0.2304773
0.41434222,0.0,0.018696262
0.9448556,0.0,0.049374327
0.9217289,0.0,0.0
0.87168866,0.0,0.005376591
0.79432416,0.0,0.0
0.57186145,0.0,0.0003015746
0.83285075,0.0,0.001431557
0.6241475,0.0,0.0
0.25491548,0.0,0.011247116
0.65288854,0.0,0.021525707
0.55137414,0.0,0.0058232956
0.66459256,0.0,0.0
0.7630337,0.0,0.0
0.8171882,0.0,0.0024242834
0.53588295,0.0,0.0016419481
0.8387345,0.0,0.0
0.92523193,0.0,0.041880343
0.7328516,0.0,0.46787554
0.8578196,0.0,0.74005127
0.8209188,0.0,0.5004198
0.76962346,0.0,0.03615968
0.6297244,0.0,0.42400604
0.9361463,0.0,0.19848412
0.80800176,0.0,0.16672854
0.86721444,0.0,0.23608701
0.5158318,0.0,0.2439232
0.7964318,0.0,0.0
0.6420089,0.0,0.00038366584
0.4951771,0.0,0.0
0.77831066,0.0,0.037720084
0.5504072,0.0,0.039265845
0.8746581,0.0,0.006213536
0.8874166,0.0,0.034202483
0.6216713,0.0,0.0751055
0.7202037,0.0,0.0050243563
0.6590965,0.0,0.07749211
0.5534558,0.0,0.53248984
0.48332015,0.0,0.08045911
0.9211649,0.0,0.02795013
0.8419381,0.0,0.28688776
0.6284998,0.0,0.3413125
0.82426035,0.0,0.060613032
0.61396223,0.0,0.3806669
0.6649937,0.0,0.66364133
0.67060757,0.0,0.47715878
0.4660637,0.0,0.56984
0.51785606,0.0,0.10979277
0.61851513,0.0,0.3249099
0.60587925,0.0,0.4398112
0.7927714,0.0,0.24205256
0.89135295,0.0,0.008226388
0.79180956,0.0,0.0944918
0.71175694,0.0,0.26591784
0.8242764,0.0,0.19625501
0.9019198,0.0,0.026180157
0.7161222,0.0,0.03221179
0.6994916,0.0,0.003377744
0.56020534,0.0,0.11055809
0.9348199,0.0,0.040383168
0.9359393,0.0,0.008922337
0.86126894,0.0,0.010275487
0.6820682,0.0,0.0035039845
0.80926627,0.0,0.0
0.8507842,0.0,0.00016374433
0.8267642,0.0,0.0
0.90701675,0.0,0.0
0.91662365,0.0,0.008024763
0.7070378,0.0,0.0013419886
0.44665083,0.0,0.20200676
0.87547904,0.0,0.12011973
0.45973217,0.0,0.00080684025
0.90074295,0.0,0.01234863
0.65116173,0.0,0.32993537
0.73268646,0.0,0.44134894
0.9244666,0.0,0.25765648
0.62819624,0.0,0.7794976
0.2802371,0.0,0.3654419
0.93626773,0.0,0.021303462
0.7640627,0.0,0.12307253
0.8003241,0.0,0.35757795
0.93040884,0.0,0.26827508
0.88431627,0.0,0.0
0.7608219,0.0,0.4440483
0.87859124,0.0,0.6832427
0.57292694,0.0,0.20460233
0.7975755,0.0,0.3001925
0.95457655,0.0,0.003743442
0.9829116,0.0,0.04069258
0.6256761,0.0,0.014897584
0.75615436,0.0,0.0
0.5944615,0.0,0.018675508
0.9211633,0.0,0.00091602164
0.683247,0.0,0.0
0.7838772,0.0,0.0004433334
0.9068451,0.0,0.00056493626
0.8196422,0.0,0.0012817162
0.16340894,0.0,0.0032649983
0.9340468,0.0,0.069212325
0.7818819,0.0,0.20351079
0.8068278,0.0,0.039522078
0.75092065,0.0,0.0014744158
0.9116999,0.0,0.5425417
0.3437266,0.0,0.2053343
0.8389992,0.0,0.5294396
0.86846817,0.0,0.1710527
0.8756392,0.0,0.17578447
0.9563967,0.0,0.018589566
0.75501406,0.0,0.014243514
0.89357895,0.0,0.0009480129
0.8202601,0.0,0.18685937
0.7842214,0.0,0.0008946027
0.73292243,0.0,0.0
0.9075443,0.0,0.0055233804
0.88949776,0.0,0.005248535
0.80835426,0.0,0.00023318174
0.49211383,0.0,0.0056192577
0.86896604,0.0,0.0022668021
0.8164324,0.0,0.006499917
0.92174816,0.0,0.0039931354
0.8677702,0.0,0.060738355
0.85688204,0.0,0.0045623058
0.88183784,0.0,0.40330198
0.8932107,0.0,0.47021174
0.9345827,0.0,0.2866435
0.67089885,0.0,0.37020454
0.93804675,0.0,0.06703313
0.9821482,0.0,0.108527355
0.618199,0.0,0.49942672
0.22863223,0.0,0.34584418
0.8444279,0.0,0.01677621
0.72895336,0.0,0.06841023
0.5107878,0.0,0.5887299
0.6364631,0.0,0.29115677
0.7749491,0.0,0.01195864
0.7406294,0.0,0.29543382
0.8493287,0.0,0.029097956
0.92486674,0.0,0.0779147
0.6365317,0.0,0.39984515
0.6284315,0.0,0.37774315
0.9814835,0.0,0.00048702257
0.93626463,0.0,0.06745795
0.96444005,0.0,0.08742639
0.536144,0.0,0.40731898
0.9159851,0.0,0.13931978
0.8332296,0.0,0.24456485
0.83071184,0.0,0.3513153
0.96613497,0.0,0.014306947
0.88673425,0.0,0.050213408
0.8536179,0.0,0.24196798
0.84727347,0.0,0.44074464
0.949574,0.0,0.06665652
0.6444818,0.0,0.13796991
0.82156545,0.0,0.35647127
0.8645373,0.0,0.025752872
0.77572817,0.0,0.35782272
0.69790816,0.0,0.31695458
0.49193376,0.0,0.3841575
0.7653553,0.0,0.62639034
0.56965697,0.0,0.32613954
0.55455726,0.0,0.7421505
0.76413983,0.0,0.70045626
0.57808846,0.0,0.115308054
0.78709906,0.0,0.33456117
0.6816002,0.0,0.0096669085
0.7987725,0.0,0.15059789
0.63820124,0.0,0.003638375
0.9726211,0.0,0.0
0.67626494,0.0,0.0
0.833435,0.0,0.007648044
0.7487756,0.0,0.013446406
0.62262636,0.0,0.0
0.6859236,0.0,0.08608792
0.37477913,0.0,0.067703
0.37841567,0.0,0.011045291
0.9362961,0.0,0.00477471
0.83775246,0.0,0.0
0.6247849,0.0,0.016665604
0.60706097,0.0,0.013476021
0.7988123,0.0,0.055054583
0.5756634,0.0,0.07435528
0.91783357,0.0,0.13291508
0.95972294,0.0,0.07599534
0.8533336,0.0,0.04905954
0.6703586,0.0,0.5447295
0.7377028,0.0,0.51577854
0.61742103,0.0,0.35186672
0.9561572,0.0,0.3578635
0.9550715,0.0,0.08301217
0.5527887,0.0,0.0
0.9359647,0.0,0.009716045
0.49161163,0.0,0.04352726
0.44578445,0.0,0.0028938372
0.17875646,0.0,0.25422034
0.19723557,0.0,0.17242192
0.6856935,0.0,0.040030375
0.7731091,0.0,0.02441135
0.55207705,0.0,0.05236226
0.6308831,0.0,0.008627306
0.53815717,0.0,0.0
0.81649894,0.0,0.021448273
0.7596991,0.0,0.0009516249
0.4106725,0.0,0.06013597
0.49219307,0.0,0.08403689
0.6838409,0.0,0.66961527
0.6548157,0.0,0.5732601
0.878603,0.0,0.23800272
0.8152817,0.0,0.21066417
0.67549837,0.0,0.416845
0.8160485,0.0,0.04674286
0.4140242,0.0,0.6308687
0.5947746,0.0,0.29000032
0.464485,0.0,0.25049505
0.75970626,0.0,0.0076131513
0.7544639,0.0,0.0
0.74669117,0.0,0.025062567
0.7506819,0.0,0.0012150347
0.7127029,0.0,0.0022699216
0.87505025,0.0,0.008400709
0.95952696,0.0,0.049302753
0.88713497,0.0,0.0
0.9412658,0.0,0.34304792
0.71032953,0.0,0.42557532
0.7901628,0.0,0.012470886
0.8784374,0.0,0.23768236
0.86819524,0.0,0.25806797
0.8563197,0.0,0.033121523
0.92171174,0.0,0.078611195
0.92686117,0.0,0.0012649408
0.7905026,0.0,0.005841117
0.6103135,0.0,0.0
0.7379935,0.0,0.0064228554
0.7078974,0.0,0.0
0.5999731,0.0,0.039282527
0.23459771,0.0,0.0057547404
0.52646166,0.0,0.07306887
0.8557551,0.0,0.010349051
0.7852825,0.0,0.16882434
0.9258193,0.0,0.12033805
0.7780378,0.0,0.0037969875
0.62885576,0.0,0.080492616
0.687113,0.0,0.18788166
0.7222772,0.0,0.21881649
0.880791,0.0,0.0016278399
0.50281566,0.0,0.20744443
0.3318342,0.0,0.2788196
0.7712897,0.0,0.54354393
0.7560664,0.0,0.4128391
0.7022095,0.0,0.591132
0.31759924,0.0,0.3849696
0.1600794,0.0,0.01405368
0.45468947,0.0,0.7176794
0.7825201,0.0,0.42157584
0.86592877,0.0,0.34310588
0.62483996,0.0,0.5683014
0.84948653,0.0,0.21580663
0.95580244,0.0,0.011635104
0.8766547,0.0,0.11695885
0.70467895,0.0,0.45709938
0.85895747,0.0,0.18276124
0.8833436,0.0,0.0
0.7845134,0.0,0.40893567
0.80554676,0.0,0.45210359
0.9129929,0.0,0.099209
0.57799536,1.0,0.71952426
0.76318836,1.0,0.41660088
0.7569455,0.0,0.068480305
0.62471795,0.0,0.3232699
0.8282345,0.0,0.55149776
0.8546833,0.0,0.013674185
0.89357424,0.0,0.1392339
0.91126215,0.0,0.013774184
0.9285209,0.0,0.0073008514
0.6850915,0.0,0.0067507764
0.8592865,0.0,0.0
0.642587,0.0,0.26181528
0.48347297,0.0,0.024644844
0.8257362,0.0,0.0018876302
0.8073992,0.0,0.054361783
0.7192094,0.0,0.0
0.91927814,0.0,0.04740986
0.84480894,0.0,0.22247201
0.61123246,0.0,0.24672876
0.8952585,0.0,0.124348156
0.93218654,0.0,0.07573021
0.84104484,0.0,0.14323056
0.8148233,0.0,0.10740174
0.9677931,0.0,0.0
0.7892556,0.0,0.15577118
0.8863894,0.0,0.32785308
0.96099675,0.0,0.2313474
0.5192629,0.0,0.30418634
0.5967756,0.0,0.2202437
0.31510282,0.0,0.40950876
0.43560115,0.0,0.53343385
0.4647679,0.0,0.52299017
0.71509075,0.0,0.91673416
0.27765357,0.0,0.5032958
0.76070815,0.0,0.15667512
0.50203013,0.0,0.3688616
0.5436998,0.0,0.3533714
0.41536108,0.0,0.10558689
0.4416061,0.0,0.086383075
0.4777418,0.0,0.15733816
0.40821058,0.0,0.01174043
0.7818216,0.0,0.086522885
0.7379316,0.0,0.021478543
0.8344277,0.0,0.0043815067
0.91469556,0.0,0.0139470855
0.6203086,0.0,0.03851767
0.86607873,0.0,0.0037360005
0.672059,0.0,0.020223381
0.7437121,0.0,0.0
0.7419089,0.0,0.010220336
0.8769458,0.0,0.058946528
0.921178,0.0,0.010507263
0.92930627,0.0,0.10171311
0.9720366,0.0,0.054981504
0.7859493,0.0,0.017283902
0.9382815,0.0,0.081941575
0.7390642,0.0,0.37325844
0.7758632,0.0,0.060073722
0.94726944,0.0,4.9862316e-05
0.6533313,0.0,0.20207629
0.728739,0.0,0.38087308
0.97747463,0.0,0.13410117
0.9573688,0.0,0.17153044
0.6941658,0.0,0.6153981
0.7372342,0.0,0.33812207
0.55248535,1.0,0.4311824
0.88316315,0.0,0.07767634
0.5421617,1.0,0.6443846
0.48905444,0.0,0.2670536
0.853917,0.0,0.0060328445
0.9230716,0.0,0.24656823
0.93974024,0.0,0.0077619995
0.82658404,0.0,0.00055011606
0.55874884,0.0,0.07612054
0.6438681,0.0,0.56477314
0.83221716,0.0,0.23212916
0.7593226,0.0,0.0
0.6313083,0.0,0.25965777
0.71616364,0.0,0.07728256
0.8093214,0.0,0.2541633
0.7742737,0.0,0.11320999
0.8423494,0.0,0.010160126
0.7001414,0.0,0.0060450723
0.72738826,0.0,0.2810887
0.8445393,0.0,0.039353322
0.8987212,0.0,0.0005905863
0.96780807,0.0,0.0
0.86139977,0.0,0.09371476
0.88749284,0.0,0.012558523
0.9062756,0.0,0.121556796
0.71901435,1.0,0.25981036
0.8203184,0.0,0.0918306
0.8042676,1.0,0.3332154
0.8579404,0.0,0.011420471
0.73532766,0.0,0.1358365
0.6480562,0.0,0.06625792
0.86814606,0.0,0.060629487
0.60313004,0.0,0.48823565
0.82800174,0.0,0.34333858
0.7153023,0.0,0.3885218
0.8793738,0.0,0.2990303
0.7660677,0.0,0.023444643
0.43447968,0.0,0.10686476
0.81467474,0.0,0.019648414
0.94283813,0.0,0.06690529
0.76221174,0.0,0.007690022
0.94177604,0.0,0.013797614
0.9337378,0.0,0.0
0.9710921,0.0,0.0048175743
0.9778926,0.0,0.010605234
0.9394573,0.0,0.0
0.8673047,0.0,0.0
0.897171,0.0,0.14202823
0.7882967,0.0,0.31279784
0.84885865,0.0,0.33131084
0.7125344,0.0,0.51423407
0.67264456,0.0,0.09483902
0.77301323,0.0,0.016071076
0.6670438,0.0,0.67806864
0.780809,0.0,0.22915182
0.8974678,0.0,0.034409504
0.7137487,0.0,0.42778328
0.8905762,0.0,0.3432283
0.88887024,0.0,0.026888877
0.8398335,0.0,0.31568596
0.8168037,0.0,0.6816207
0.7587151,0.0,0.2781291
0.90036964,0.0,0.5134333
0.710397,0.0,0.49894154
0.70994836,0.0,0.43905622
0.86175275,0.0,0.35665125
0.91259986,0.0,0.3834436
0.89158994,0.0,0.29086643
0.94699514,0.0,0.020111915
0.8713391,0.0,0.5809776
0.96548593,1.0,0.31662652
0.59123516,1.0,0.44438457
0.79883367,1.0,0.6212292
0.87820333,1.0,0.6125664
0.7466928,1.0,0.43495017
0.21649335,1.0,0.6265778
0.7833439,1.0,0.34022957
0.9736486,1.0,0.16367099
0.6803386,1.0,0.4014817
0.79305035,1.0,0.6282815
0.87093264,0.0,0.1924936
0.9280694,0.0,0.035351127
0.36188176,0.0,0.46451256
0.43796948,0.0,0.15273131
0.7957203,0.0,0.007819972
0.7399497,0.0,0.31884697
0.7669472,0.0,0.5254605
0.9181573,0.0,0.021490995
0.9140106,0.0,0.018777976
0.51156235,0.0,0.60989827
0.61867005,0.0,0.5707214
0.71874815,0.0,0.013666765
0.83004886,0.0,0.30028743
0.23594114,0.0,0.5781477
0.86567247,0.0,0.6465354
0.41283932,0.0,0.32837212
0.5309698,0.0,0.7468575
0.2637667,0.0,0.6598165
0.5836773,0.0,0.9624663
0.6362031,0.0,0.8089256
0.38388008,0.0,0.79119414
0.34724072,0.0,0.52181286
0.57576317,0.0,0.5372826
0.62149584,0.0,0.27713892
0.6385776,0.0,0.44998133
0.7032102,0.0,0.43965134
0.7255857,0.0,0.160719
0.83099943,0.0,0.42981905
0.6053618,0.0,0.023962226
0.56221455,0.0,0.34508154
0.66383594,0.0,0.5318038
0.43856564,0.0,0.45832244
0.4679816,0.0,0.32220113
0.7935276,0.0,0.40448034
0.7404479,0.0,0.15239489
0.45970234,0.0,0.27658677
0.5945607,0.0,0.008953712
0.6289071,0.0,0.45450652
0.6772096,0.0,0.2133079
0.54311717,0.0,0.49251163
0.31046286,0.0,0.8098321
0.52178323,0.0,0.5468054
0.21542878,0.0,0.6838916
0.22453111,0.0,0.65104806
0.25991157,0.0,0.6836459
0.28957132,0.0,0.6894206
0.40283117,0.0,0.44226024
0.12078201,0.0,0.43345827
0.41826093,1.0,0.15949132
0.5233589,1.0,0.047703467
0.71603435,0.0,0.05613373
0.5843499,1.0,0.08900481
0.83470947,0.0,0.0013777926
0.8018748,1.0,0.1310607
0.69160837,0.0,0.1317052
0.5556598,0.0,0.33212823
0.39913294,0.0,0.74422216
0.594596,0.0,0.5154368
0.53738314,1.0,0.75709003
0.13317889,1.0,0.5253368
0.2801391,1.0,0.5008694
0.3256048,0.0,0.2736102
0.65162426,0.0,0.0070038293
0.45860505,1.0,0.05351279
0.9007995,0.0,0.07551768
0.26154417,1.0,0.2880056
0.5292736,0.0,0.4450708
0.22960041,0.0,0.8012437
0.3182816,1.0,0.47412145
0.5479124,0.0,0.6111903
0.33835906,0.0,0.3093853
0.72050184,0.0,0.34275252
0.4184602,0.0,0.39000753
0.5162166,0.0,0.38954303
0.5586175,0.0,0.5977303
0.71487975,0.0,0.46034533
0.50877935,0.0,0.21982348
0.84246045,0.0,0.034873303
0.516068,0.0,0.19459295
0.5701179,0.0,0.0083217425
0.9121342,0.0,0.40068266
0.4747014,0.0,0.6517612
0.30013698,0.0,0.708087
0.517642,0.0,0.12638797
0.7893899,0.0,0.17405787
0.6653014,0.0,0.0
0.8096852,0.0,0.2495956
0.5108727,0.0,0.0
0.40006664,0.0,0.32341853
0.5208773,0.0,0.63100284
0.778421,0.0,0.019043893
0.2619116,0.0,0.49133584
0.6452323,0.0,0.46980664
0.7922885,0.0,0.7491086
0.9486934,0.0,0.241809
0.74727017,0.0,0.15196672
0.7933216,0.0,0.20034578
0.60935724,0.0,0.31210908
0.87887836,0.0,0.012154404
0.6485571,1.0,0.3145396
0.6903486,0.0,0.0
0.7620777,0.0,0.014178133
0.8073931,0.0,0.08279789
0.75100493,1.0,0.17718127
0.8443178,1.0,0.11600234
0.2832207,1.0,0.23669942
0.25209334,1.0,0.7792398
0.80627054,1.0,0.33084956
0.44918033,1.0,0.55007833
0.82828796,1.0,0.47846347
0.6280312,0.0,0.4643987
0.3241217,0.0,0.16966817
0.72900385,1.0,0.40389943
0.70941174,0.0,0.2359074
0.67472655,0.0,0.21648611
0.84579283,0.0,0.024727518
0.84736973,0.0,0.10649408
0.774736,0.0,0.00018071233
0.37730837,0.0,0.23920013
0.4408068,0.0,0.14614147
0.56624544,0.0,0.33660543
0.8309328,0.0,0.7845317
0.76132774,0.0,1.0
0.93811077,0.0,0.5679186
0.77886677,0.0,0.114027575
0.6920759,0.0,0.86244816
0.84104246,0.0,0.32810304
0.6800912,0.0,0.1719101
0.94203436,0.0,0.5652577
0.83532196,0.0,0.92893285
0.9076182,0.0,0.317675
0.4826624,0.0,0.6770252
0.90456367,0.0,0.10897321
0.7869143,0.0,0.42956075
0.65437555,0.0,0.58765274
0.6287321,0.0,0.53899485
0.976358,0.0,0.24872689
0.81708354,0.0,0.1936969
0.58685225,0.0,0.13752337
0.6900615,0.0,0.15402633
0.84536487,0.0,0.09532572
0.6470356,0.0,0.381429
0.57054406,0.0,0.13743412
0.90912914,0.0,0.04107702
0.59710675,0.0,0.06452044
0.7076507,0.0,0.29167876
0.6897893,0.0,0.51204777
0.38015926,1.0,0.4625786
0.7731891,0.0,0.25237396
0.73723036,1.0,0.43061015
0.6014529,0.0,0.09911079
0.47127372,1.0,0.3911022
0.7090921,0.0,0.0009920696
0.36257106,1.0,0.18052663
0.65646267,0.0,0.2130148
0.7288772,1.0,0.4210343
0.7796552,0.0,0.00952022
0.6334469,0.0,0.5303675
0.73060286,0.0,0.003321044
0.64024806,0.0,0.36329117
0.5610965,0.0,0.00034638456
0.77556354,0.0,0.17007025
0.7143825,0.0,0.10327244
0.5587022,0.0,0.2168791
0.5512502,0.0,0.6671845
0.45766717,0.0,0.29044977
0.48434246,0.0,0.6045981
0.5466676,0.0,0.7403727
0.74132615,0.0,0.21323003
0.30571792,0.0,0.18620154
0.77812177,0.0,0.50919205
0.6654593,0.0,0.04867146
0.4944077,0.0,0.4701788
0.6906382,0.0,0.5304652
0.58705014,0.0,0.02957219
0.8391725,1.0,0.25137284
0.8192397,0.0,0.0012537548
0.45048887,1.0,0.40443778
0.7047151,0.0,0.0065226764
0.6624546,1.0,0.3306802
0.7284849,0.0,0.007481868
0.71475565,1.0,0.32314426
0.6007848,0.0,0.18176062
0.4387151,1.0,0.57638437
0.634722,1.0,0.5396993
0.8824317,0.0,0.018499002
0.8265622,1.0,0.13929941
0.8978678,0.0,0.014898232
0.92094207,1.0,0.36372882
0.7541021,1.0,0.017587552
0.9301367,1.0,0.20220757
0.78092957,0.0,0.016486397
0.9171524,1.0,0.20698129
0.5074864,1.0,0.4838156
0.7457027,0.0,0.0063372
0.72351545,0.0,0.19667682
0.5901391,0.0,0.23368026
0.39565545,0.0,0.37204972
0.72494113,0.0,0.0033720396
0.75781465,0.0,0.0
0.70555437,0.0,0.06438955
0.64357,0.0,0.025851302
0.62902284,0.0,0.0072570015
0.5956636,0.0,0.022343338
0.61396784,0.0,0.007064969
0.7241937,0.0,0.00035837467
0.5420086,0.0,0.01634956
0.57729167,0.0,0.072478496
0.43801472,0.0,0.0070801834
0.7509841,0.0,0.01814642
0.60532093,0.0,0.10313124
0.4806868,0.0,0.010672615
0.29228824,0.0,0.0
0.59338206,0.0,0.0
0.8623667,0.0,0.015570219
0.29854095,0.0,0.002749529
0.50898075,0.0,0.023419697
0.83025503,0.0,0.011882568
0.7399823,1.0,0.35178834
0.6301127,0.0,0.3277053
0.48396948,0.0,0.29845878
0.61090326,0.0,0.63908446
0.509715,0.0,0.5009139
0.8329188,0.0,0.1301909
0.56217194,0.0,0.44658062
0.7735111,0.0,0.05369515
0.7166646,0.0,0.0017609202
0.82226145,0.0,0.0064770193
0.5838712,0.0,0.0687526
0.5807233,0.0,0.10116778
0.32654884,0.0,0.01828621
0.30347216,0.0,5.527609e-05
0.7849673,0.0,0.02022046
0.8639611,0.0,0.18548393
0.7888899,0.0,0.029230105
0.5497694,0.0,0.33727527
0.8684626,0.0,0.02622168
0.7433662,0.0,0.4383916
0.9464911,0.0,0.029421814
0.77757174,0.0,0.20200814
0.93021077,0.0,0.0020355093
0.6207692,0.0,0.22670327
0.7216862,0.0,0.028388785
0.49254668,0.0,0.3896868
0.21835917,0.0,0.7842478
0.5873716,0.0,0.35666957
0.51366955,0.0,0.68866277
0.65660787,0.0,0.4909761
0.6935724,0.0,0.399745
0.8568557,0.0,0.009523678
0.52049005,0.0,0.25350484
0.89181554,0.0,0.008314704
0.46396747,0.0,0.44419906
0.7457752,0.0,0.030959768
0.3326924,0.0,0.3253654
0.8550747,0.0,0.008203055
0.43375096,0.0,0.47110397
0.7794738,0.0,0.011354909
0.7716385,0.0,0.3048292
0.85600215,0.0,0.2934766
0.66565394,0.0,0.75953585
0.6160929,0.0,0.6087553
0.7493772,0.0,0.4251496
0.5342039,1.0,0.25449923
0.82322437,0.0,0.013751008
0.3065932,0.0,0.19052984
0.6789848,0.0,0.019220319
0.65449584,0.0,0.35737503
0.48526314,0.0,0.032023404
0.70364577,0.0,0.3323677
0.8732049,0.0,0.02184758
0.68349355,0.0,0.42144278
0.85452396,0.0,0.1533257
0.71300584,0.0,0.16941379
0.94173604,0.0,0.010033336
0.91786784,0.0,0.14339328
0.6859928,0.0,0.5483036
0.67951065,0.0,0.06506565
0.8273133,0.0,0.38251856
0.5305625,0.0,0.44638675
0.5836363,0.0,0.4003604
0.8211077,0.0,0.04495879
0.6936618,0.0,0.4043179
0.84531975,0.0,0.09370165
0.68602777,0.0,0.40766767
0.8789474,0.0,0.056936633
0.6140569,0.0,0.4978463
0.75155866,0.0,0.5405132
0.9188178,0.0,0.1408449
0.42339703,0.0,0.44608045
0.85230696,0.0,0.059714545
0.56222266,0.0,0.34475008
0.84835875,0.0,0.046561
0.47356835,0.0,0.36642003
0.92617893,0.0,0.1628032
0.6918189,0.0,0.48286197
0.3918898,0.0,0.62743837
0.3436963,0.0,0.21585031
0.4565522,0.0,0.297654
0.7246786,0.0,0.029664183
0.5297805,0.0,0.32214043
0.8787336,0.0,0.05205552
0.62495387,0.0,0.566232
0.8782733,0.0,0.1191563
0.5875536,0.0,0.47503158
0.8138901,0.0,0.09728589
0.8058111,0.0,0.49737018
0.9195965,0.0,0.040176414
0.77665985,0.0,0.22353056
0.87935287,0.0,0.07904398
0.5806075,0.0,0.41773093
0.59476835,0.0,0.40475613
0.6302208,0.0,0.77832144
0.29049557,0.0,0.7443787
0.28724778,0.0,0.40090892
0.64203435,0.0,0.4739174
0.73084384,0.0,0.49263823
0.79642653,0.0,0.28208143
0.6576863,0.0,0.34856674
0.83438176,0.0,0.014463951
0.44694456,0.0,0.2982305
0.8074786,0.0,0.031318784
0.5721376,0.0,0.5289971
0.84159917,0.0,0.068884976
0.31677517,0.0,0.22941533
0.7225096,0.0,0.0048923604
0.28194815,0.0,0.33933273
0.84449,0.0,0.06575886
0.38971084,0.0,0.50899583
0.8219434,0.0,0.36024603
0.8874798,0.0,0.93271124
0.71557003,0.0,1.0
0.5131066,0.0,0.7967524
0.7387869,0.0,0.21878585
0.68162215,0.0,0.29754642
0.71367484,0.0,0.5270314
0.4910835,0.0,0.2919188
0.72389597,0.0,0.05253527
0.73480386,0.0,0.13525626
0.7636012,0.0,0.014093515
0.6376772,0.0,0.28281808
0.6506803,0.0,0.025722802
0.8386007,0.0,0.32936463
0.7815524,0.0,0.33667386
0.6627103,0.0,0.04236736
0.8515576,1.0,0.47865695
0.82080233,1.0,0.056161437
0.7445192,1.0,0.53825504
0.9547026,0.0,0.087890364
0.59577876,0.0,0.29737356
0.5066503,0.0,0.48484558
0.8092889,0.0,0.58723736
0.6728224,1.0,0.53669196
0.8325231,0.0,0.39964727
0.35984996,1.0,0.15266289
0.83817416,0.0,0.0037773186
0.56110203,1.0,0.39321396
0.8527981,1.0,0.013415969
0.4939475,1.0,0.09897063
0.6063739,0.0,0.015917987
0.61031705,0.0,0.059101567
0.6846997,0.0,0.01829535
0.7715246,0.0,0.24901636
0.5303253,0.0,0.002914047
0.5809845,0.0,0.025493886
0.7401631,0.0,0.2248652
0.70014715,0.0,0.57104135
0.6255003,0.0,0.75515544
0.74448967,0.0,1.0
0.7025609,0.0,0.47471568
0.6297284,0.0,0.43252975
0.629544,0.0,0.23567708
0.54767245,0.0,0.65874916
0.75253606,0.0,0.5884787
0.6691579,0.0,0.23382503
0.7995088,0.0,0.4578423
0.827995,0.0,0.61549133
0.7050484,0.0,0.56233335
0.5987931,0.0,0.40052778
0.4491243,0.0,0.47150302
0.3734965,0.0,0.30066583
0.61395776,0.0,0.33555427
0.7121773,0.0,0.10301779
0.7981189,0.0,0.30356786
0.6331381,0.0,0.15556887
0.7191468,0.0,0.40382987
0.87182015,0.0,0.248979
0.8954682,0.0,0.0
0.7587194,0.0,0.37500185
0.7631769,0.0,0.5821192
0.9100726,0.0,0.02156088
0.5357887,0.0,0.3725288
0.4890931,1.0,0.6700771
0.8148729,1.0,0.26412308
0.7870364,0.0,0.0224741
0.6567202,0.0,0.42150518
0.56702524,0.0,0.40078324
0.7495871,0.0,0.0
0.85650104,0.0,0.0993501
0.80138123,0.0,0.68404216
0.930258,0.0,0.15286653
0.62143147,0.0,0.40377778
0.88488525,0.0,0.26396298
0.5423375,0.0,0.0
0.66578203,0.0,0.1748053
0.50288874,0.0,0.4629732
0.8391388,0.0,0.06739343
0.71935993,0.0,0.0
0.48268422,0.0,0.3300879
0.52496415,0.0,0.397836
0.4792304,0.0,0.080901206
0.68533856,0.0,0.0077296426
0.79606324,0.0,0.5612377
0.8798012,1.0,0.481801
0.86152256,1.0,0.29387146
0.34622842,1.0,0.7199022
0.86919844,1.0,0.19781256
0.58634394,0.0,0.1096079
0.4718929,1.0,0.17780401
0.5325955,1.0,0.096449405
0.7366421,0.0,0.0
0.6804012,0.0,0.14004196
0.5925751,0.0,0.0
0.8585673,0.0,0.10579865
0.7065758,0.0,0.23774412
0.9536158,0.0,0.20997542
0.9705777,0.0,0.0077141635
0.6600727,0.0,0.27499175
0.70268476,0.0,0.44205192
0.8974928,0.0,0.00441551
0.6163078,0.0,0.40221563
0.3607948,0.0,0.3647731
0.679171,0.0,0.09174883
0.56990284,0.0,0.42792884
0.6226946,0.0,0.213762
0.45228082,0.0,0.68015486
0.4496374,0.0,0.36224747
0.22290441,0.0,0.42796034
0.82176405,0.0,0.0865877
0.44150513,0.0,0.16146022
0.26654056,0.0,0.40507782
0.37600902,0.0,0.22738956
0.59745604,0.0,0.0
0.7944057,0.0,0.49667856
0.5479538,0.0,0.47691426
0.35255387,0.0,0.039527267
0.6994468,0.0,0.12637304
0.27644163,0.0,0.2961602
0.3287713,0.0,0.20481223
0.7620181,0.0,0.061960656
0.71679395,0.0,0.008013614
0.8256169,0.0,0.32242134
0.8223181,0.0,0.33522767
0.6308598,1.0,0.4254936
0.86558235,1.0,0.07909457
0.7977838,1.0,0.70373577
0.75393975,0.0,0.31495318
0.51866704,1.0,0.33225858
0.80551165,1.0,0.056303825
0.33322203,1.0,0.43255892
0.26551482,1.0,0.13464548
0.534554,1.0,0.36158437
0.516601,1.0,0.5818695
0.19481383,1.0,0.50884515
0.3852922,0.0,0.072481975
0.74009085,1.0,0.1672929
0.46668527,0.0,0.27150244
0.7199335,0.0,0.5279639
0.5638223,0.0,0.027547605
0.6596223,0.0,0.3731139
0.70192754,0.0,0.55062735
0.7246273,0.0,0.3594536
0.65985787,0.0,0.075931154
0.6740497,0.0,0.38998947
0.7034554,0.0,0.38010317
0.7212953,0.0,0.0933199
0.52945346,0.0,0.4973412
0.56162935,0.0,0.34697247
0.38390934,0.0,0.35321885
0.9622362,0.0,0.074682765
0.671402,0.0,0.011493536
0.34069875,0.0,0.38208842
0.4054141,0.0,0.57737815
0.8421001,0.0,0.012939101
0.6033279,0.0,0.051165625
0.23767191,0.0,0.34414604
0.33866853,1.0,0.4125791
0.37115493,0.0,0.0013445776
0.5551045,0.0,0.16679569
0.1857722,0.0,0.3034216
0.3251567,1.0,0.31178546
0.33603653,0.0,0.0032708577
0.38707817,1.0,0.30785102
0.37005466,1.0,0.5831508
0.35921177,1.0,0.3520483
0.7765279,1.0,0.02205759
0.87392014,0.0,0.07284744
0.5665934,0.0,0.3220855
0.32741672,1.0,0.34267202
0.5864275,0.0,0.0
0.6347516,1.0,0.18069977
0.6561218,1.0,0.6033206
0.9604753,0.0,0.108856775
0.49104822,0.0,0.73373026
0.54868495,0.0,0.39247867
0.85447973,0.0,0.027019538
0.69039166,0.0,0.44296378
0.61799806,0.0,0.3781378
0.88223726,0.0,0.12257793
0.88722175,0.0,0.11006981
0.7556434,0.0,0.368951
0.793939,0.0,0.5375432
0.5194874,0.0,0.690258
0.5802695,0.0,1.0
0.64236104,0.0,1.0
0.5642179,0.0,0.66964483
0.4746725,0.0,0.47747198
0.5863093,0.0,0.5515007
0.40428835,0.0,0.4143425
0.5185709,0.0,0.3985587
0.6162644,0.0,0.45673934
0.49599743,0.0,0.43636796
0.70360035,0.0,0.6279837
0.6959181,0.0,0.47009367
0.6781255,0.0,0.335563
0.71262586,0.0,0.44040003
0.6459732,0.0,0.6168521
0.37373787,0.0,0.16962625
0.684518,0.0,0.20791826
0.5063386,0.0,0.4366172
0.4528411,0.0,0.36359066
0.63788766,0.0,0.0
0.82010615,0.0,0.17467812
0.64790374,0.0,0.59084934
0.3067474,0.0,0.35955587
0.6909987,0.0,0.0
0.8882378,0.0,0.28732732
0.46990016,0.0,0.65108764
0.86382467,0.0,0.2386597
0.8187374,0.0,0.1480152
0.5889088,0.0,0.32486358
0.8598264,0.0,0.5618586
0.43334144,0.0,0.0
0.43411738,0.0,0.0302437
0.5742872,0.0,0.46456796
0.9218553,0.0,0.16033633
0.9021874,0.0,0.00046234205
0.65759945,0.0,0.24870037
0.63744944,0.0,0.51248103
0.6679599,0.0,0.21246253
0.77027243,0.0,0.64251596
0.745144,0.0,0.11918092
0.6774828,0.0,0.10040918
0.8075383,0.0,0.52762836
0.59484285,0.0,0.45362994
0.8601732,0.0,0.30776024
0.52693725,0.0,0.3082516
0.5149715,0.0,0.28026006
0.9574775,0.0,0.23403166
0.65551645,0.0,0.0
0.8608719,0.0,0.0
0.5754636,0.0,0.4442416
0.85938066,0.0,0.093629874
0.6528762,0.0,0.0058585936
0.8232695,0.0,0.35705155
0.37653628,0.0,0.64598066
0.6192647,0.0,0.18154891
0.725624,0.0,0.42999354
0.6928582,0.0,0.5505536
0.62083614,0.0,0.07968544
0.66439474,0.0,0.37725374
0.4502443,0.0,0.24901502
0.44281185,0.0,0.37025076
0.9201931,0.0,0.03601242
0.6539123,0.0,0.0075877905
0.63703287,0.0,0.0
0.67112345,0.0,0.31686482
0.8730152,0.0,0.0040956708
0.49210727,0.0,0.000905892
0.7877592,0.0,0.0072218473
0.95807123,0.0,0.322887
0.7631677,1.0,0.60090286
0.7964783,0.0,0.4529406
0.67576987,0.0,0.69747615
0.67718434,0.0,0.21830316
0.90486383,0.0,0.0
0.7031132,0.0,0.31893536
0.7118801,0.0,0.2945852
0.8953774,0.0,0.0
0.6795764,0.0,0.038226813
0.4711291,0.0,0.5186301
0.86946493,0.0,0.09460786
0.83393025,0.0,0.0002550048
0.8628945,0.0,0.009414068
0.77248216,0.0,0.2852728
0.91800874,0.0,0.21522847
0.8557654,0.0,0.009066601
0.7128434,0.0,0.45731008
0.6396825,0.0,0.019239496
0.20465174,0.0,0.4868759
0.67167795,0.0,0.6960274
0.8351191,0.0,0.2473059
0.8549017,0.0,0.19561785
0.56791043,0.0,0.0061419113
0.549129,0.0,0.003966386
0.73232615,0.0,0.38865405
0.9627335,0.0,0.0
0.7412583,0.0,0.0
0.7212434,0.0,0.1776398
0.8687691,0.0,0.28101566
0.6570603,0.0,0.0003086954
0.4393119,1.0,0.018097946
0.6891712,0.0,0.35004166
0.87979144,0.0,0.1193023
0.5102098,0.0,0.004184561
0.72637564,1.0,0.40958932
0.38977712,1.0,0.23545514
0.3034107,1.0,0.054219797
0.20924746,1.0,0.71244735
0.41203162,1.0,0.44873527
0.73863876,1.0,0.59160745
0.49554157,1.0,0.4984808
0.29289675,0.0,0.20186749
0.17160971,1.0,0.16514957
0.5299662,1.0,0.21371162
0.7490238,0.0,0.18522933
0.6009436,0.0,0.00063363335
0.5963945,0.0,0.0
0.2568341,1.0,0.2947105
0.7481676,0.0,0.18677074
0.78806454,0.0,0.0
0.91555494,0.0,0.0
0.6172819,0.0,0.38590732
0.90904146,0.0,0.23262872
0.9604475,0.0,0.009310325
0.8484867,0.0,0.114472784
0.7819118,0.0,0.72501975
0.973977,0.0,0.099645115
0.9553413,0.0,0.7043876
0.87125975,0.0,0.6325336
0.9510638,0.0,0.4019481
0.84387136,0.0,0.04920655
0.4780719,0.0,0.48533693
0.86864096,0.0,0.30807617
0.62973946,0.0,0.21795493
0.8408025,1.0,0.5096769
0.8625607,0.0,0.022311613
0.8188388,0.0,0.0
0.3760714,1.0,0.19242461
0.3244377,1.0,0.39326108
0.27925643,0.0,0.0
0.57961404,0.0,0.0
0.34721094,1.0,0.18482633
0.8420293,1.0,0.09335375
0.18474655,0.0,0.0
0.5425135,1.0,0.13915567
0.6363615,1.0,0.48488566
0.5589716,0.0,0.012520695
0.7230741,1.0,0.11996396
0.5974355,1.0,0.3718537
0.7743916,1.0,0.11794567
0.8861193,0.0,0.03861851
0.8181309,1.0,0.25921935
0.7907648,1.0,0.29880896
0.8142693,1.0,0.7235463
0.4301919,1.0,0.6442571
0.90130436,1.0,0.19058971
0.3791016,1.0,0.7105768
0.45313025,1.0,0.6568738
0.385989,0.0,0.35295346
0.19072968,1.0,0.13441922
0.6938111,0.0,0.32370514
0.59143054,0.0,0.21621743
0.48831415,0.0,0.6130795
0.19351964,1.0,0.54772437
0.42194545,0.0,0.009357936
0.6465978,0.0,0.11101033
0.24417748,0.0,0.41737053
0.4608624,1.0,0.4316483
0.62894535,1.0,0.022179065
0.317648,1.0,0.38210386
0.4133147,1.0,0.52486223
0.46673128,1.0,0.23818044
0.56832355,0.0,0.10161804
0.51506233,0.0,0.48044893
0.6631667,0.0,0.8432988
0.77956134,0.0,0.29804432
0.67696476,0.0,0.42373073
0.6692708,0.0,0.13157758
0.73431396,0.0,0.39624146
0.4184144,0.0,0.41714168
0.25916067,0.0,0.5138955
0.5530254,0.0,0.15794311
0.63756484,0.0,0.0
0.43687892,0.0,0.42597252
0.6451972,0.0,0.37961346
0.48491547,0.0,0.0026886435
0.95550513,0.0,0.0702145
0.4030525,0.0,0.30386955
0.8204955,0.0,0.21760356
0.6280723,0.0,0.0
0.8553888,0.0,0.37179568
0.54627585,0.0,0.6217543
0.7813301,0.0,0.4569485
0.68486226,0.0,0.40071267
0.542421,1.0,0.066276364
0.57932365,1.0,0.60429496
0.42959046,1.0,0.36883023
0.5933257,1.0,0.32155
0.736742,0.0,0.6550317
0.8848341,0.0,0.68264794
0.7447418,0.0,0.14853807
0.5241635,0.0,0.00011903637
0.79573816,0.0,0.5629487
0.58276373,0.0,0.4330095
0.93182737,0.0,0.06862725
0.5033074,0.0,0.41639924
0.6531365,0.0,0.12953115
0.34474134,0.0,0.36513853
0.7320693,0.0,0.27131054
0.6044637,0.0,0.18273422
0.9520079,0.0,0.13437858
0.9355269,0.0,0.28580278
0.91103214,0.0,0.021384876
0.6137427,0.0,0.506639
0.69746834,0.0,0.35026097
0.7456896,0.0,0.015787533
0.8265474,0.0,0.11749167
0.71240234,0.0,0.45759842
0.8520243,0.0,0.0034583278
0.8877475,0.0,0.023059199
0.8982656,0.0,0.35649335
0.52249736,0.0,0.213716
0.902231,0.0,0.0
0.87133783,0.0,0.22733074
0.60265964,0.0,0.58735996
0.7249993,0.0,0.33594397
0.6125138,0.0,0.16696185
0.8734093,0.0,0.5215868
0.6274627,0.0,0.78002983
0.8880717,0.0,0.1348709
0.9700126,0.0,0.012481228
0.87907535,0.0,0.32864422
0.8406221,0.0,0.28516537
0.38810268,0.0,0.2740009
0.7610808,0.0,0.4177942
0.5974016,0.0,0.13988493
0.6763359,0.0,0.18474054
0.7809986,0.0,0.3500578
0.8447576,0.0,0.04164115
0.9217003,0.0,0.3877582
0.6164358,0.0,0.43416354
0.47790343,0.0,0.43487942
0.9277211,0.0,0.24831234
0.95843416,0.0,0.23941967
0.85128564,0.0,0.0
0.9587814,0.0,0.13708156
0.9520284,0.0,9.5585085e-05
0.8570844,0.0,0.0058791623
0.7062974,0.0,0.28479794
0.57511294,0.0,0.0
0.7403485,0.0,0.10296234
0.45703557,0.0,0.251281
0.71894115,0.0,0.35525116
0.81196934,0.0,0.60633004
0.84951043,0.0,0.6468388
0.77226335,0.0,0.7350701
0.791993,0.0,0.19271669
0.7880774,0.0,0.25368646
0.8710311,0.0,0.0
0.89606506,0.0,0.0
0.905946,0.0,0.0
0.8327785,0.0,0.0035688253
0.8362368,0.0,0.005641527
0.8943938,0.0,0.0
0.74196416,0.0,0.00038965628
0.50191915,0.0,0.015053507
0.88247687,1.0,0.013772575
0.9012656,0.0,0.0
0.56518036,1.0,0.099930696
0.3807435,1.0,0.020372668
0.37059665,0.0,0.112828925
0.5029727,0.0,0.015053259
0.665079,0.0,0.0
0.83085567,0.0,0.0053144093
0.49357527,0.0,0.09836554
0.9216663,0.0,0.0
0.97371113,0.0,0.0
0.85452926,0.0,0.024145532
0.9348401,0.0,0.101070546
0.95798016,0.0,0.0018664243
0.9695766,0.0,0.0
0.7354657,0.0,0.101379596
0.8115269,0.0,0.22942203
0.6799116,0.0,0.0038334236
0.8161448,0.0,0.109961696
0.62921757,0.0,0.45007485
0.8202026,0.0,0.12504728
0.8513552,0.0,0.24984059
0.24581662,0.0,0.47771278
0.6254045,0.0,0.6621802
0.7917946,0.0,0.28574666
0.5333174,0.0,0.6822861
0.35479,0.0,0.35924834
0.84596664,0.0,0.0032891133
0.22288968,0.0,0.17145947
0.70832473,0.0,0.38840422
0.873116,0.0,0.0012337532
0.9220474,0.0,0.0
0.65530473,0.0,0.34429643
0.66666424,0.0,0.366093
0.89325786,0.0,0.014281696
0.93627465,0.0,0.03482257
0.8132411,0.0,0.0006642811
0.8640172,0.0,0.027031034
0.6329585,0.0,0.0041170046
0.8411988,0.0,2.770007e-05
0.37854373,0.0,0.017302074
0.8806214,0.0,0.025203949
0.64839655,0.0,0.005724852
0.75936085,0.0,0.0030168872
0.7319022,0.0,0.0
0.6849273,0.0,0.009646899
0.6508847,0.0,0.0
0.6821699,0.0,0.01987314
0.6755968,0.0,0.16334777
0.8556291,0.0,0.1611604
0.57049197,0.0,0.035105594
0.51814246,0.0,0.2999183
0.58254254,0.0,0.56989706
0.3760948,0.0,0.56017166
0.37247303,1.0,0.30187273
0.77235985,0.0,0.21558842
0.38587725,1.0,0.3794167
0.6044436,0.0,0.12063775
0.44417724,1.0,0.077608384
0.17614847,0.0,0.018483438
0.7275492,0.0,0.00074214395
0.68391514,0.0,0.13755575
0.6201214,0.0,0.06433887
0.6149076,0.0,0.5311617
0.08528929,0.0,0.038071573
0.041790288,0.0,0.56327736
0.1728508,0.0,0.9009068
0.6938109,0.0,0.2494789
0.20255917,0.0,0.9042013
0.8493901,0.0,0.23529369
0.50098604,0.0,0.32829237
0.47457388,0.0,0.005386957
0.73671633,0.0,0.024404744
0.6334424,0.0,0.0
0.7237872,0.0,0.0046760966
0.48867992,0.0,0.10835992
0.6934879,0.0,0.028358663
0.32313672,0.0,0.0
0.56277645,0.0,0.000472627
0.46767616,0.0,0.44875818
0.11263643,0.0,0.0787361
0.14683868,0.0,0.16787173
0.43699142,0.0,0.2035319
0.6266913,0.0,0.3566019
0.29430497,0.0,0.4907188
0.40044516,0.0,0.49657303
0.3425807,0.0,0.19895189
0.7489797,0.0,0.22486198
0.8059446,0.0,0.17128542
0.43940726,0.0,0.5676232
0.23577769,0.0,0.3840943
0.6894457,0.0,0.18447618
0.8576514,1.0,0.4210133
0.8625107,1.0,0.18474704
0.58055794,1.0,0.33083156
0.21716759,1.0,0.2262932
0.85351264,0.0,0.022840925
0.8635445,0.0,0.10644936
0.3914772,0.0,0.008253984
0.48106205,0.0,0.53275037
0.5858812,0.0,0.5109873
0.6360995,0.0,0.17720503
0.27815852,0.0,0.14284045
0.8641024,0.0,0.2244787
0.69645566,0.0,0.041168384
0.66732514,0.0,0.34930998
0.82350725,0.0,0.014801263
0.8931711,0.0,0.0051692794
0.6059698,0.0,0.35651806
0.6333629,0.0,0.043829445
0.51892126,0.0,0.00499363
0.78657466,0.0,0.05079943
0.4457964,0.0,0.34580994
0.82564116,0.0,0.106514275
0.77370745,0.0,0.066470616
0.30939966,0.0,0.60546774
0.65368366,0.0,0.64694214
0.71575785,0.0,0.16975622
0.7296201,0.0,0.5790893
0.8063916,0.0,0.20826942
0.6616607,0.0,0.03620911
0.7109258,0.0,0.32113823
0.62648493,0.0,0.0
0.6772665,0.0,0.00032486167
0.53059816,0.0,0.0
0.6754282,0.0,0.0077351974
0.13622497,0.0,0.00027755552
0.5538871,1.0,0.035573866
0.43668517,1.0,0.027617149
0.3564756,1.0,0.26068047
0.53406686,1.0,0.2091998
0.19024946,0.0,0.092978016
0.06339195,1.0,0.076892786
0.4607306,0.0,0.00020364499
0.17401986,0.0,0.019387996
0.74120927,0.0,0.01332864
0.7339443,0.0,0.006416293
0.53414893,0.0,0.10027788
0.73900825,0.0,0.0
0.92829806,0.0,0.19588149
0.6770459,0.0,0.26528987
0.23824772,0.0,0.61948454
0.6058831,0.0,0.4593142
0.58403754,0.0,0.60320544
0.80348617,0.0,0.025092583
0.6586302,0.0,0.7235746
0.48935914,0.0,0.21532181
0.6417763,0.0,0.26197094
0.59088236,0.0,0.5351661
0.5309299,0.0,0.21463871
0.6211147,0.0,0.0
0.535961,0.0,0.19655395
0.30160505,0.0,0.45837104
0.7981241,0.0,0.04021387
0.7363445,0.0,0.0
0.2507223,0.0,0.47260815
0.48282358,0.0,0.37218186
0.71380323,0.0,0.0
0.45364583,0.0,0.08738569
0.1588513,0.0,0.49717498
0.43350273,0.0,0.21686132
0.5038036,0.0,0.0012442069
0.20072673,0.0,0.25258335
0.4679559,0.0,0.5680378
0.549276,0.0,0.3900949
0.22223285,0.0,0.4060248
0.35069835,0.0,0.4089858
0.11193485,0.0,0.10487004
0.2747983,0.0,0.7103805
0.7920016,0.0,0.058880284
0.34551784,0.0,0.55564165
0.84079504,0.0,0.28454438
0.4356196,0.0,0.061736543
0.7640829,0.0,0.066861875
0.434498,0.0,0.059094545
0.10441658,0.0,0.15425159
0.14581119,1.0,0.6895303
0.17227721,1.0,0.23610428
0.021421961,1.0,0.30021754
0.3780403,1.0,0.44591278
0.17753229,0.0,0.29912084
0.5477265,0.0,0.030498782
0.6169035,0.0,0.00039496893
0.68937653,0.0,0.0
0.880172,0.0,0.014782471
0.7213212,0.0,0.015599044
0.23708966,0.0,0.013556862
0.29338053,0.0,0.004667864
0.810101,0.0,0.04674095
0.3205293,0.0,0.0
0.75363857,0.0,0.0906434
0.67008525,0.0,0.44417608
0.6307316,0.0,0.39985234
0.57757366,0.0,0.57957315
0.7885983,0.0,0.03926243
0.61331344,0.0,0.28757814
0.76583636,0.0,0.022234337
0.75825053,0.0,0.0
0.7444872,0.0,5.0241775e-05
0.44330344,0.0,0.061696563
0.8190231,0.0,0.0016144882
0.25697574,1.0,0.08783565
0.67729294,0.0,0.00082099455
0.30295825,0.0,0.10276218
0.78123355,0.0,0.09033023
0.21947391,1.0,0.57987404
0.69523996,1.0,0.36306536
0.2695434,1.0,0.71230316
0.28260076,0.0,0.34635463
0.19902341,0.0,0.06691706
0.4671424,1.0,0.14446162
0.52707857,0.0,0.49712604
0.54472023,0.0,0.016421415
0.7463107,0.0,0.26348552
0.60625637,0.0,0.2599855
0.7168006,0.0,0.580837
0.4959946,0.0,0.2030131
0.7433692,0.0,1.8224277e-05
0.75661755,0.0,0.23021008
0.7925512,0.0,0.21136114
0.59969777,0.0,0.0010771157
0.8732956,0.0,0.0
0.53418434,0.0,0.35921314
0.8618194,0.0,0.0014312799
0.40747356,0.0,0.00093780394
0.8922465,0.0,0.016134264
0.5681632,0.0,0.2596199
0.8999503,0.0,0.001655146
0.7799665,0.0,0.0
0.8377927,0.0,0.1509431
0.6882927,0.0,0.16175023
0.8954639,0.0,0.00015908813
0.8743789,0.0,0.0
0.6644624,0.0,0.30130032
0.90189564,0.0,0.17446502
0.7769785,0.0,0.031332456
0.9213234,0.0,0.18753216
0.42776573,0.0,0.5045935
0.7553671,0.0,0.39508277
0.6668671,0.0,0.9883398
0.8324191,0.0,0.5841065
0.81553984,0.0,0.41989076
0.68187165,0.0,0.5804508
0.7797949,0.0,0.57983714
0.6269885,0.0,0.61183506
0.54795206,0.0,0.17861463
0.6771041,0.0,0.4081219
0.8499867,0.0,0.0
0.6549157,0.0,0.36582372
0.8153874,0.0,0.15718669
0.6851473,0.0,0.6478493
0.79201365,0.0,0.06072004
0.69437206,0.0,0.50787395
0.78642863,0.0,0.67343247
0.53891927,0.0,0.123701476
0.6184027,0.0,0.5407209
0.67721826,0.0,0.44515616
0.6476123,0.0,0.51334727
0.934514,0.0,0.026819158
0.92652756,0.0,0.12642393
0.829008,1.0,0.6137786
0.7790862,0.0,0.29157278
0.82177204,0.0,0.008013342
0.70877135,0.0,0.41691536
0.70854723,0.0,0.51972413
0.8298101,0.0,0.49590415
0.64957756,0.0,0.3425881
0.89401966,0.0,0.10822179
0.8488583,0.0,0.0
0.8336287,0.0,0.26792422
0.7047139,0.0,0.0034687482
0.66787165,0.0,2.6742198e-05
0.5359144,0.0,0.18029067
0.5646269,0.0,0.2968384
0.5371708,0.0,0.007666524
0.9044453,0.0,0.0
0.85321033,0.0,0.47305176
0.73917556,0.0,0.5253599
0.6513811,0.0,0.0
0.706701,0.0,0.3013342
0.6703208,0.0,0.47165558
0.61250633,0.0,0.36807013
0.7939029,0.0,0.5707029
0.9256065,0.0,0.034574043
0.63603276,0.0,0.6075092
0.33059376,0.0,0.10582112
0.77217996,0.0,0.011145866
0.35432556,0.0,0.40185848
0.8157367,0.0,0.13260764
0.64799196,0.0,0.0
0.41058463,0.0,0.30158043
0.43921039,0.0,0.45355636
0.44104505,0.0,0.22646981
0.6300674,0.0,0.0
0.66154045,0.0,0.003331983
0.37153152,0.0,0.1337107
0.7701051,0.0,0.04292526
0.8404214,0.0,0.0
0.8382224,0.0,0.09318758
0.6503822,0.0,0.55832213
0.9431048,0.0,0.09798124
0.7894431,0.0,0.6507586
0.7276319,0.0,0.38964215
0.64493495,0.0,0.0
0.8654421,0.0,0.11856888
0.8512273,0.0,0.54036343
0.82659864,0.0,0.22459982
0.5684977,1.0,0.14489788
0.715747,1.0,0.4178856
0.34943867,1.0,0.5133283
0.5111161,1.0,0.5002072
0.75727856,1.0,0.10891471
0.8363227,0.0,0.041831158
0.66418695,1.0,0.3473992
0.76539326,1.0,0.13458663
0.7529994,0.0,0.0
0.429725,0.0,0.49926838
0.27420077,1.0,0.6167193
0.54588187,0.0,0.101402186
0.4088096,1.0,0.482795
0.8786779,0.0,0.09535385
0.8432804,0.0,0.0
0.39708966,1.0,0.37698856
0.5754047,1.0,0.105674
0.5800272,1.0,0.69472253
0.5033617,1.0,0.6979241
0.7343689,0.0,0.6270534
0.8796404,0.0,0.15858519
0.66801715,0.0,0.29163745
0.38740295,0.0,0.2822713
0.4747964,0.0,0.570954
0.49979553,1.0,0.8451642
0.7373639,0.0,0.3189353
0.81328154,1.0,0.22558972
0.81118053,1.0,0.1680224
0.5573572,1.0,0.11576016
0.1357068,0.0,0.14285818
0.47954595,0.0,0.07126155
0.27260688,0.0,0.03583085
0.57861334,0.0,0.04793552
0.63267154,0.0,0.44781762
0.34054127,0.0,0.4819648
0.5616367,0.0,0.27743065
0.44516778,0.0,0.09954566
0.48440075,0.0,0.6597409
0.417864,0.0,0.48129493
0.70686865,0.0,0.6470321
0.8007504,0.0,0.019184537
0.9152251,0.0,0.29250577
0.85799426,0.0,0.08002306
0.96479714,0.0,0.051032495
0.7629598,0.0,0.23524399
0.79948515,0.0,0.008110315
0.89856046,0.0,0.4006737
0.96842796,0.0,0.06197421
0.7780109,0.0,0.034729343
0.6967214,0.0,0.068576045
0.859796,0.0,0.0
0.7456252,0.0,0.0
0.72974724,0.0,0.03766073
0.5155675,0.0,0.0
0.30613402,0.0,0.455711
0.34185094,0.0,0.233223
0.8964067,0.0,0.096568756
0.27948523,0.0,0.16210988
0.61464614,0.0,0.39928794
0.6322892,0.0,0.20237668
0.5798279,0.0,0.3702109
0.21591343,0.0,0.8197432
0.39451292,0.0,0.5412905
0.5793354,0.0,0.7661752
0.8652115,1.0,0.20600334
0.69980836,1.0,0.22684492
0.6364745,0.0,0.0046967333
0.47833496,1.0,0.12633601
0.5775273,0.0,0.010001079
0.5247555,0.0,0.09706325
0.76183337,0.0,0.019472789
0.5826331,0.0,0.25570217
0.5552311,0.0,0.3197104
0.62901336,0.0,0.55716777
0.3135347,0.0,0.40545925
0.31736955,0.0,0.0
0.35796484,0.0,0.26541898
0.6735599,0.0,0.036157694
0.6623651,0.0,0.0014402554
0.3400026,0.0,0.057071984
0.8842265,0.0,0.39476785
0.78706515,0.0,0.014297508
0.6298802,0.0,0.007150926
0.71343,0.0,0.2647792
0.7197064,0.0,0.15333258
0.6550688,0.0,0.4742519
0.6334255,0.0,0.20941183
0.41532984,0.0,0.60725605
0.5703758,1.0,0.6786499
0.60939574,1.0,0.6126836
0.39190882,1.0,0.34797502
0.57344764,1.0,0.3849994
0.86730915,1.0,0.096887805
0.7935705,1.0,0.49259683
0.70158947,0.0,0.13632976
0.39486852,0.0,0.5860283
0.5900143,0.0,0.63369584
0.5053867,0.0,0.088031776
0.647402,1.0,0.36703795
0.67075735,0.0,0.0
0.8073621,1.0,0.2563769
0.6935386,0.0,0.025075046
0.8453299,1.0,0.33838817
0.8267566,1.0,0.07545581
0.6830501,1.0,0.4866696
0.6274058,1.0,0.29263496
0.5434202,1.0,0.30930066
0.4629094,0.0,0.42383108
0.70477086,0.0,0.43414015
0.6612743,0.0,0.53214025
0.66801786,0.0,0.32867685
0.72541416,0.0,0.0
0.5538487,1.0,0.09840183
0.7226997,0.0,0.003464071
0.62290776,1.0,0.047147885
0.6439352,0.0,0.0015268996
0.63508785,1.0,0.33273736
0.53611106,1.0,0.06903557
0.7870433,1.0,0.3679026
0.4887392,1.0,0.46220836
0.6545012,1.0,0.81886023
0.54106957,0.0,0.4935987
0.778216,0.0,0.14943781
0.5900063,0.0,0.0065135914
0.5199725,0.0,0.024717983
0.568144,0.0,0.4327896
0.6414013,0.0,0.0
0.49152675,0.0,0.0
0.65232927,0.0,0.28730348
0.5252118,1.0,0.45557883
0.7476868,0.0,0.043583278
0.70321697,0.0,0.0022116473
0.55326617,0.0,0.30327123
0.44946954,0.0,0.40562347
0.54647017,0.0,0.026245447
0.7036247,0.0,0.067363776
0.41468647,0.0,0.4555234
0.39391237,0.0,0.14236754
0.6865221,0.0,0.5758921
0.6136659,0.0,0.035566825
0.6598941,0.0,0.8046292
0.63588643,0.0,0.40750715
0.68821937,0.0,0.25407836
0.48374507,0.0,0.5434158
0.66039366,0.0,0.40732965
0.7244189,0.0,0.12934774
0.648714,0.0,0.05755203
0.6645287,0.0,0.4756495
0.5101576,0.0,0.46053725
0.56862557,0.0,0.5310018
0.71715635,0.0,0.019462312
0.4930841,0.0,0.3504909
0.44518706,0.0,0.031118855
0.5189207,0.0,0.34774098
0.6387292,0.0,0.03913985
0.5345885,1.0,0.3389697
0.64776003,0.0,0.0042305784
0.378419,1.0,0.26335797
0.47030857,1.0,0.34393448
0.50078803,0.0,0.0
0.50280166,0.0,0.24500135
0.4785763,0.0,0.012146227
0.5002625,0.0,0.77860343
0.37134114,0.0,0.4960608
0.52686304,0.0,0.14108965
0.67124534,0.0,0.29689148
0.47258607,0.0,0.509071
0.39156246,0.0,0.087948635
0.5245184,0.0,0.0
0.6957308,0.0,0.19986323
0.5078325,0.0,0.43075415
0.6414147,0.0,0.0
0.6364864,0.0,0.0
0.7622011,0.0,0.40280977
0.53691345,0.0,0.3928231
0.47299543,0.0,0.14547835
0.5943639,0.0,0.5639647
0.8745731,0.0,0.03530915
0.6769126,0.0,0.63881946
0.76158214,0.0,0.092669815
0.6720688,0.0,0.38634402
0.77906346,0.0,0.098742425
0.55703443,0.0,0.45673358
0.7420154,0.0,0.40236732
0.75077075,1.0,0.48158938
0.8120352,1.0,0.51630384
0.8640938,1.0,0.3786694
0.90673643,0.0,0.040588424
0.74500954,0.0,0.07620005
0.75285894,0.0,0.0
0.8029254,0.0,0.24335413
0.7143247,0.0,0.019147312
0.6979736,0.0,0.38465253
0.54596037,0.0,0.13217053
0.67712003,0.0,0.43565145
0.70203394,0.0,0.09793091
0.82195973,0.0,0.27704418
0.7171249,0.0,0.04839967
0.4381391,0.0,0.1796443
0.6419543,0.0,0.10155157
0.7200477,0.0,0.012307917
0.6652541,0.0,0.0001373348
0.4843681,0.0,0.0595771
0.54468995,0.0,0.028696422
0.50486386,0.0,0.0011150278
0.6942568,0.0,0.069972716
0.5891674,0.0,0.083382465
0.6064594,0.0,0.0
0.43005252,0.0,0.0027807988
0.65545267,0.0,0.29500738
0.57016146,0.0,0.2795008
0.68107235,0.0,0.027052393
0.73541296,0.0,0.5343169
0.47862142,0.0,0.7892976
0.651351,0.0,0.4867813
0.71655434,0.0,0.49459863
0.6810793,0.0,0.12416414
0.81579405,0.0,0.66799796
0.705489,0.0,0.47029015
0.6871846,0.0,0.12897865
0.3831916,0.0,0.043263517
0.46190506,0.0,0.55879027
0.5105028,0.0,0.68702745
0.8796359,0.0,0.06769889
0.58274156,0.0,0.12531821
0.6235063,0.0,0.612211
0.68060595,0.0,0.6121245
0.73785037,0.0,0.028048044
0.51766324,0.0,0.6600711
0.46019423,0.0,0.13182828
0.61760056,0.0,0.2921755
0.5480796,0.0,0.5885557
0.75411534,0.0,0.45675558
0.509084,0.0,0.07707355
0.27032354,0.0,0.53483635
0.6011119,0.0,0.66800034
0.62705123,0.0,0.5134894
0.88897294,0.0,0.16506518
0.6877147,0.0,0.5797796
0.894648,0.0,0.0
0.55462784,0.0,0.09006069
0.8253195,0.0,0.011111732
0.8421926,0.0,0.19827956
0.5195898,0.0,0.08644884
0.8343564,0.0,0.39086682
0.6351434,0.0,0.8289399
0.7886701,0.0,0.58402884
0.6790982,0.0,0.6371563
0.2413845,0.0,0.2610334
0.41462728,0.0,0.5660359
0.4485738,0.0,0.256316
0.60585284,0.0,0.45049268
0.5158669,0.0,0.0044642696
0.81745756,0.0,0.4057589
0.9131117,0.0,0.0
0.77469116,0.0,0.28420776
0.7716111,0.0,0.3411695
0.6571414,0.0,0.58704937
0.8257756,0.0,0.14069648
0.60172874,1.0,0.19903259
0.5656917,0.0,0.0
0.88056487,0.0,0.0
0.14741555,0.0,0.22171827
0.8854558,0.0,0.0
0.83575827,0.0,0.0
0.6471415,0.0,0.2349456
0.70156074,0.0,0.5820364
0.55633223,0.0,0.3211434
0.5555014,0.0,0.60486543
0.9193037,0.0,0.2672913
0.48355138,0.0,0.6731884
0.9259684,0.0,0.08846967
0.81374514,0.0,0.2467178
0.7767706,0.0,0.392032
0.46168205,0.0,0.5087932
0.7870852,0.0,0.3254099
0.4525437,1.0,0.32190093
0.169052,1.0,0.48588157
0.3794711,0.0,0.006403482
0.28733844,1.0,0.474383
0.6325634,1.0,0.19744189
0.114910774,1.0,0.0111708725
0.20930848,0.0,0.2055245
0.6967363,0.0,0.039862573
0.47320926,0.0,0.001155411
0.7759412,0.0,0.0007992741
0.732181,0.0,0.23936611
0.76790375,0.0,0.2101118
0.7098775,0.0,0.52460617
0.7140903,0.0,0.3684437
0.8831839,0.0,0.3098546
0.55729526,0.0,0.43819353
0.85155934,0.0,0.17633773
0.5284309,1.0,0.29707178
0.2325003,0.0,0.079288416
0.5853187,1.0,0.6285775
0.45991427,1.0,0.39934027
0.57919866,1.0,0.11768259
0.4069762,1.0,0.5586439
0.33973137,1.0,0.27061793
0.26807433,1.0,0.047950484
0.35274684,1.0,0.3989484
0.45474854,1.0,0.6194848
0.4652576,1.0,0.5998393
0.5790328,1.0,0.20560959
0.8394958,0.0,0.34028375
0.8826262,0.0,0.671039
0.67224073,0.0,0.37516683
0.5503608,0.0,0.114673264
0.89622754,0.0,0.09360562
0.7983633,0.0,0.0016068312
0.6525219,0.0,0.00081583374
0.64362407,0.0,0.01835889
0.8331923,0.0,0.028486226
0.74541235,1.0,0.042568292
0.83231044,0.0,0.0
0.8295243,0.0,0.2194301
0.9536456,0.0,0.005798101
0.6785738,0.0,0.4007649
0.9473834,0.0,0.21333621
0.9064897,0.0,0.41635704
0.98157,0.0,0.010502776
0.8602574,0.0,0.24726498
0.84399974,0.0,0.0
0.81315595,0.0,0.15204906
0.21136448,0.0,0.043129686
0.68820626,0.0,0.3635031
0.6991877,0.0,0.12012817
0.3023442,1.0,0.2514665
0.48251542,0.0,0.64005136
0.63413215,0.0,0.23585239
0.42075595,0.0,0.20871799
0.31030124,1.0,0.8756471
0.873223,0.0,0.5072932
0.6660229,0.0,0.09298214
0.7229442,0.0,0.0
0.7606217,0.0,0.09027319
0.8263411,0.0,0.008375504
0.7820646,0.0,0.39653268
0.8327037,0.0,0.0
0.551388,0.0,0.42460704
0.6934882,1.0,0.21368818
0.88562536,0.0,0.1224817
0.7514385,0.0,0.7927616
0.6766171,0.0,0.73412484
0.854675,0.0,0.27818382
0.8470417,0.0,0.20963939
0.8121485,0.0,0.032474548
0.94557256,0.0,0.0058854865
0.7282624,0.0,0.07121507
0.8141573,0.0,0.0050227726
0.7425308,0.0,0.3939318
0.83458656,0.0,0.008127052
0.7251037,0.0,0.22403026
0.9027042,0.0,0.73224616
0.7701199,0.0,0.8200751
0.6211596,0.0,0.12460435
0.79082334,0.0,0.12586226
0.9470785,0.0,0.0064184177
0.9616531,0.0,0.00776132
0.8752142,0.0,0.0026866214
0.9545088,0.0,0.011128532
0.92607176,0.0,0.0
0.76783943,0.0,0.08800763
0.7790468,0.0,0.028190976
0.8543458,0.0,0.18034911
0.6963427,0.0,0.06416977
0.7153922,0.0,0.00954234
0.8686406,0.0,0.011469441
0.5689452,0.0,0.029284777
0.44277036,0.0,0.21546942
0.9320815,0.0,0.29599914
0.6315099,0.0,0.6202716
0.60914856,0.0,0.77995104
0.59012187,0.0,0.77187985
0.50465965,0.0,0.27844197
0.6617339,0.0,0.59309536
0.4048299,0.0,0.49679244
0.46295902,0.0,0.10481466
0.7255821,0.0,0.7910273
0.53377634,0.0,0.0950362
0.5886454,0.0,0.44276786
0.63699996,0.0,0.12408576
0.42753395,0.0,0.5111218
0.56977856,0.0,0.13196011
0.44669348,0.0,0.66476715
0.2084825,0.0,0.22007807
0.87053055,0.0,0.019757409
0.5931805,0.0,0.5404273
0.42107326,0.0,0.39541867
0.47983864,0.0,0.061481506
0.49823692,0.0,0.21632391
0.5213878,0.0,0.42845595
0.52791303,0.0,0.25192276
0.35236913,0.0,0.5773381
0.2541842,0.0,0.11418938
0.2731959,0.0,0.5534724
0.4396604,0.0,0.8185822
0.69324625,0.0,0.18036467
0.5068645,0.0,0.61322796
0.40101728,0.0,0.37411296
0.63229305,0.0,0.5841532
0.5724422,0.0,0.72573787
0.88247687,0.0,0.6454973
0.6063129,0.0,0.8423085
0.6582289,0.0,0.71165115
0.84397537,0.0,0.048132665
0.6853113,0.0,0.30850902
0.84022164,0.0,0.0
0.93481433,0.0,0.09310113
0.58882225,0.0,0.00035438736
0.88810444,0.0,0.17429918
0.57050925,0.0,0.0028020302
0.6812022,0.0,0.08940846
0.7089603,0.0,0.41072825
0.8733146,0.0,0.4044942
0.5014771,0.0,0.3091799
0.7995503,0.0,0.35484695
0.9281793,0.0,0.14192016
0.8792457,0.0,0.12041738
0.71249086,0.0,0.46067286
0.84351724,0.0,0.07020676
0.7018893,0.0,0.27402732
0.6682849,0.0,0.019609658
0.7364239,0.0,0.011975921
0.53273547,0.0,0.5517415
0.61655116,0.0,0.17228048
0.69372016,0.0,0.46888223
0.93994325,0.0,0.0030514565
0.7728625,0.0,0.3104629
0.8032037,0.0,0.108551085
0.5964695,0.0,0.2571949
0.22902778,0.0,0.07416196
0.6152734,0.0,0.014060996
0.74099153,0.0,0.55291444
0.5181972,0.0,0.2532153
0.70336556,0.0,0.18737759
0.48995262,0.0,0.6310641
0.6072393,0.0,0.48580602
0.49184978,0.0,0.5328052
0.72645617,0.0,0.3665363
0.5864855,0.0,0.5732587
0.7175937,0.0,0.12042722
0.79803294,0.0,0.37220648
0.702633,0.0,0.009165302
0.6326905,0.0,0.2714864
0.8675206,0.0,0.030646134
0.66273314,0.0,0.12173461
0.8593526,0.0,0.016592301
0.63551325,0.0,9.765219e-05
0.88943356,0.0,0.1417113
0.9365983,0.0,0.065196656
0.84340847,0.0,0.30642405
0.5993072,0.0,0.5712484
0.581796,0.0,0.6016732
0.5262392,0.0,0.008742858
0.63999856,0.0,0.21927069
0.8439826,0.0,0.516375
0.82205665,0.0,0.39374456
0.785122,0.0,0.073994786
0.76100343,0.0,0.037892647
0.5029722,0.0,0.81992394
0.58629763,0.0,0.5332755
0.8897912,0.0,0.042922053
0.8442293,0.0,0.17775533
0.89948267,0.0,0.0
0.91423243,0.0,0.0139817055
0.9290621,0.0,0.0
0.39107543,0.0,0.0
0.47253817,0.0,0.0
0.3803241,0.0,0.0102708135
0.7330253,0.0,0.26205558
0.61782753,0.0,0.048778027
0.64982265,0.0,0.28372812
0.6807471,0.0,0.048986305
0.90701276,0.0,0.0
0.5943389,0.0,0.0071505373
0.6592323,0.0,0.0067051267
0.63198847,0.0,0.14569026
0.78476614,0.0,0.059977006
0.60249746,0.0,0.0008502454
0.8382591,0.0,0.1012566
0.771762,0.0,0.5389928
0.43577343,0.0,0.36728546
0.6981331,0.0,0.20616403
0.2769887,0.0,0.7804621
0.79892904,0.0,0.216119
0.5387608,0.0,0.16239725
0.6547936,0.0,0.15707237
0.45359027,0.0,0.14795287
0.9130246,0.0,0.0039399522
0.6361596,0.0,0.059441715
0.8833606,0.0,0.0016870826
0.8965872,0.0,0.0
0.7669699,0.0,0.0014036401
0.6325906,0.0,0.0
0.47573572,1.0,0.43583858
0.45833066,1.0,0.40383708
0.88820314,1.0,0.46583083
0.7647634,1.0,0.4509703
0.69579387,0.0,0.020612897
0.82015276,0.0,0.07013211
0.90765685,0.0,0.00027685077
0.5283468,0.0,0.029509615
0.49884984,0.0,0.0004119856
0.5275494,0.0,0.047855664
0.48740214,0.0,0.1659736
0.4838769,0.0,0.3369269
0.7016354,0.0,0.7468752
0.61184376,0.0,0.2034686
0.5959154,0.0,0.08471724
0.51725763,0.0,0.06590506
0.513498,1.0,0.52323335
0.22758652,1.0,0.5045595
0.5854397,1.0,0.20094639
0.49430856,0.0,0.04624184
0.49096677,1.0,0.62884307
0.5955305,1.0,0.6411328
0.7969745,0.0,0.0930522
0.44845155,1.0,0.22685711
0.7483971,0.0,0.20186749
0.6004543,0.0,0.0077767423
0.5331093,0.0,0.41623437
0.83825,0.0,0.10994143
0.808841,0.0,0.18363616
0.7103115,0.0,0.5861724
0.6425987,0.0,0.34830564
0.62298995,0.0,0.81136125
0.58762115,0.0,0.7584706
0.7882068,0.0,0.16687775
0.7517493,0.0,0.100875266
0.5772313,0.0,0.06697334
0.85483503,0.0,0.019356353
0.7749294,0.0,0.06484988
0.81885856,0.0,0.00021972154
0.5578321,0.0,0.012058233
0.4587882,0.0,0.009230581
0.33600816,0.0,0.36607674
0.7202962,0.0,0.14527197
0.6626957,0.0,0.0014320347
0.8679276,0.0,0.17020857
0.90876323,0.0,0.026556002
0.37716368,0.0,0.31950593
0.7518673,0.0,0.74924225
0.27566645,0.0,0.52817154
0.88487923,0.0,0.5261659
0.89741343,0.0,0.010042818
0.58522826,0.0,0.66017884
0.9066943,0.0,0.20790909
0.59921426,0.0,0.4588833
0.74343497,0.0,0.8104255
0.47541326,0.0,0.5606907
0.6352854,0.0,0.045727003
0.41331354,0.0,0.11555478
0.7548823,0.0,0.3695092
0.66734874,0.0,0.46079928
0.891644,0.0,0.009410834
0.829293,0.0,0.10497138
0.92443186,0.0,0.004868212
0.8342745,0.0,0.110004745
0.73539305,0.0,0.0
0.7900911,0.0,0.037980553
0.6442538,0.0,0.013783102
0.6556251,0.0,0.2000845
0.9351431,0.0,0.31253368
0.8039369,0.0,0.17145124
0.7483009,0.0,0.08369579
0.6189588,0.0,0.00573458
0.7180972,0.0,0.17820713
0.8155074,0.0,0.005996703
0.6839201,0.0,0.22748682
0.7314209,0.0,0.32315785
0.61799663,0.0,0.22265948
0.7415468,0.0,0.0
0.84418684,0.0,0.09846382
0.6414893,0.0,0.513183
0.61044097,0.0,0.2023318
0.57058984,0.0,0.00819363
0.64544547,0.0,0.044235263
0.30115023,0.0,0.36763236
0.612209,0.0,0.19979818
0.4876783,0.0,0.0
0.3063302,0.0,0.18728136
0.2543487,0.0,0.6074569
0.62584287,0.0,0.29192042
0.5493228,0.0,0.026325835
0.45444098,0.0,0.6516358
0.2721221,0.0,0.7088964
0.45230994,0.0,0.5758287
0.38036203,0.0,0.5172402
0.5596608,0.0,0.50286275
0.720937,0.0,0.49139985
0.77785426,0.0,0.24360509
0.5764704,0.0,0.6875799
0.7383481,0.0,0.3234474
0.6664586,0.0,0.27342972
0.4050146,0.0,0.70355946
0.19662724,0.0,0.4622582
0.33840576,0.0,0.07368499
0.69464177,0.0,0.4279284
0.7794703,0.0,0.20044675
0.8958378,0.0,0.0035525754
0.92775804,0.0,0.047996297
0.79182005,0.0,0.045033935
0.45331714,0.0,0.1497333
0.5177581,0.0,0.7522684
0.4944776,0.0,0.31257355
0.3012567,0.0,0.06609303
0.41103002,0.0,0.40478653
0.68359035,1.0,0.57179135
0.4579259,1.0,0.41495323
0.6276896,1.0,0.6746646
0.5817006,1.0,0.113605715
0.7520949,1.0,0.21840523
0.8047566,1.0,0.13603616
0.5217554,0.0,0.20471875
0.60539305,0.0,0.061065093
0.87499875,0.0,0.0624505
0.6811079,1.0,0.31633222
0.8885073,0.0,0.0
0.5192272,1.0,0.1410495
0.8946539,0.0,0.009710941
0.7021331,0.0,0.107463315
0.8803991,0.0,0.02625127
0.90002584,0.0,0.21603575
0.4113592,0.0,0.6996416
0.60823107,1.0,0.7109033
0.64596033,1.0,0.25000072
0.85086125,1.0,0.39209142
0.83445656,0.0,0.00040810983
0.49577382,1.0,0.20274854
0.326507,0.0,0.0075695775
0.7389437,1.0,0.10058506
0.4536577,0.0,0.013815578
0.71276575,1.0,0.27837348
0.5919364,0.0,0.004389952
0.74180555,0.0,0.0010398774
0.4142012,1.0,0.0450083
0.5965688,0.0,0.16745473
0.74965066,1.0,0.50920594
0.68284744,0.0,0.2910585
0.48547208,0.0,0.5465647
0.32174248,0.0,0.82439613
0.36580452,0.0,0.22189198
0.28958243,0.0,0.08267193
0.7942466,0.0,0.0
0.9449393,0.0,0.0
0.7213569,0.0,0.00016935113
0.25154367,0.0,0.0005508636
0.56970865,0.0,0.005624639
0.7087494,0.0,0.08347314
0.8890293,0.0,0.2084032
0.80646795,0.0,0.17089568
0.41946656,0.0,0.8390817
0.3848081,0.0,0.790747
0.37817568,0.0,1.0
0.61853796,0.0,0.7824427
0.6806167,0.0,0.17962989
0.717425,0.0,0.0027977368
0.8309847,0.0,0.010245366
0.8465649,0.0,0.12776448
0.7648618,0.0,0.0007591488
0.46232444,0.0,0.007370402
0.69437593,0.0,0.0013397892
0.5316717,1.0,0.056568626
0.71259207,0.0,0.0
0.5944593,0.0,0.0
0.6455483,1.0,0.024503984
0.85438025,1.0,0.07869515
0.9216276,0.0,0.01053306
0.8988692,0.0,0.0
0.80421114,0.0,0.002066568
0.8976317,0.0,0.012962373
0.9515772,0.0,0.0
0.91406167,0.0,0.02251254
0.5037501,0.0,0.069235116
0.7477548,0.0,0.47642532
0.46081027,0.0,0.5977897
0.74217683,0.0,0.50997895
0.7546746,0.0,0.26079103
0.79197216,0.0,0.0
0.7200567,0.0,0.0
0.90361786,0.0,0.016850166
0.8125836,1.0,0.038927518
0.6167832,1.0,0.2879874
0.8260546,0.0,0.039080754
0.5503123,1.0,0.27199012
0.70089805,1.0,0.53868204
0.78584284,1.0,0.5998645
0.34356663,1.0,0.2584903
0.82007045,1.0,0.13691631
0.9217639,0.0,0.0
0.38713634,1.0,0.30742368
0.4994143,1.0,0.61622936
0.36122647,0.0,0.23845118
0.81305754,1.0,0.84034467
0.6810449,0.0,0.5556134
0.33285597,1.0,0.54203427
0.6193118,0.0,0.53613484
0.56368196,0.0,0.6690655
0.39459902,1.0,0.6667337
0.7248038,1.0,0.79569906
0.62891346,0.0,0.29406205
0.5347006,0.0,0.6283288
0.5727113,1.0,0.4163894
0.5900746,0.0,0.97454953
0.481992,0.0,0.7467324
0.3337355,0.0,0.45658776
0.52868867,0.0,0.06586456
0.42770725,0.0,0.053502243
0.2825466,0.0,0.68505234
0.20215231,0.0,0.6765375
0.3545611,0.0,0.20766547
0.417021,0.0,0.3552806
0.30435368,0.0,0.41618198
0.21232393,0.0,0.14582628
0.21492097,0.0,0.15284626
0.431182,0.0,0.18578403
0.50295985,0.0,0.0
0.7499173,0.0,0.0077437325
0.4350009,0.0,0.09475785
0.5835862,0.0,0.05728497
0.6073913,0.0,0.05142621
0.44753054,0.0,0.030904211
0.35440722,0.0,0.3342532
0.5743532,0.0,0.00024187162
0.75754255,0.0,0.009384689
0.60203177,0.0,0.006060282
0.76130915,0.0,0.23053432
0.421281,0.0,0.0007856999
0.957104,0.0,0.006781643
0.6206079,0.0,0.19877253
0.83878344,0.0,0.19155641
0.7808438,0.0,0.008131143
0.4862791,0.0,0.14844087
0.8462526,0.0,0.59778845
0.5058698,0.0,0.34830955
0.8761133,0.0,0.25432363
0.9173874,0.0,0.39577726
0.81738526,0.0,0.6712337
0.85187334,0.0,0.4599005
0.9396696,0.0,0.15319847
0.91038364,0.0,0.014736617
0.7342522,0.0,0.0
0.75009793,0.0,0.027486451
0.2922406,0.0,0.0075627347
0.6008877,0.0,0.044550106
0.69740236,0.0,0.021609152
0.6513383,0.0,0.028540641
0.8594562,0.0,0.016043833
0.7559126,0.0,0.0057914536
0.84187305,0.0,0.0014360351
0.2716379,0.0,0.04121502
0.7931791,0.0,0.009749459
0.49578226,0.0,0.0045875725
0.6775126,0.0,0.0
0.47965008,0.0,0.013553587
0.28623667,0.0,0.00047373382
0.6426115,0.0,0.019573571
0.5937436,0.0,0.14199774
0.46330205,0.0,0.0
0.7986594,0.0,0.03622705
0.6869732,0.0,0.4902441
0.50467217,0.0,0.47331485
0.6324673,0.0,0.46834597
0.88373715,0.0,0.016903123
0.7672446,0.0,0.07681033
0.79738384,0.0,0.26363328
0.5660048,0.0,0.14559726
0.6917294,0.0,0.0
0.7741063,0.0,0.01478267
0.7732633,0.0,0.3207588
0.35929278,0.0,0.15643238
0.71190584,0.0,0.0
0.4837384,0.0,0.10312053
0.5294915,0.0,0.00021194106
0.37656394,0.0,0.35173488
0.36683753,0.0,0.2935205
0.5607853,0.0,0.0
0.835798,0.0,0.2452616
0.7255138,0.0,0.6292652
0.4145145,0.0,0.39705262
0.48627132,0.0,0.11756678
0.46674332,0.0,0.79622096
0.5916706,0.0,0.5829986
0.71972746,0.0,0.057734918
0.68776536,0.0,0.42509153
0.5269235,0.0,0.41017115
0.3611789,0.0,0.3468237
0.26915514,0.0,0.08856874
0.38566846,0.0,0.00021752756
0.5147538,0.0,0.044601597
0.35350278,0.0,0.31840456
0.3653424,0.0,0.041794688
0.5103207,0.0,4.137861e-05
0.22940011,0.0,0.3516911
0.15492451,0.0,0.584193
0.4256996,0.0,0.013331486
0.28652132,0.0,0.06835794
0.30338332,0.0,0.44526783
0.4841933,0.0,0.16971473
0.31883466,0.0,0.0036295194
0.28839964,0.0,0.18719472
0.42350897,0.0,0.34166664
0.32649156,0.0,0.81901246
0.26494184,0.0,0.1366638
0.24553244,0.0,0.68940747
0.3083474,0.0,0.28967318
0.6358244,0.0,0.06478369
0.42140713,0.0,0.18604775
0.45374867,0.0,0.042349562
0.3195199,0.0,0.31746763
0.21010453,0.0,0.21957994
0.57878584,0.0,0.012367414
0.6016838,0.0,0.053151026
0.5639635,0.0,0.084269956
0.42421985,0.0,0.0
0.38075078,0.0,0.008837644
0.5078918,0.0,0.0007133484
0.6080881,0.0,0.08415349
0.45299506,0.0,0.4707422
0.46492848,0.0,0.49194017
0.9420552,0.0,0.15792772
0.55749875,0.0,0.40849292
0.42469332,0.0,0.10557716
0.65250516,0.0,0.30344576
0.31590173,0.0,0.6079653
0.7640223,0.0,0.45028824
0.88824207,0.0,0.006834185
0.74764395,0.0,0.26732957
0.46294615,0.0,0.25436774
0.71957463,0.0,0.26783088
0.90354115,0.0,0.0
0.70985824,0.0,0.39545116
0.6045728,0.0,0.3738451
0.6736124,0.0,0.16273576
0.95670027,0.0,0.026162194
0.7076387,0.0,0.38601926
0.8041628,0.0,0.056137107
0.6838207,0.0,0.30895677
0.7029859,0.0,0.019758904
0.5747799,0.0,0.24275532
0.4139184,0.0,0.5757673
0.90726465,0.0,0.031772595
0.62107044,0.0,0.12148147
0.77312243,0.0,0.02264677
0.70465815,0.0,0.50292045
0.7995209,0.0,0.29115003
0.70817333,0.0,0.6416562
0.29220387,0.0,0.4809416
0.73129153,0.0,0.10212332
0.22786771,0.0,0.13513337
0.5625974,0.0,0.36122462
0.79351836,0.0,0.62134725
0.94829005,0.0,0.038219046
0.8748046,0.0,0.064595245
0.5974126,0.0,0.39523974
0.8427919,0.0,0.40876737
0.7389273,0.0,0.00398887
0.70035297,0.0,0.2835883
0.65110207,0.0,0.7086462
0.73847574,0.0,0.18181224
0.74374837,0.0,0.0023758237
0.5701126,0.0,0.43841746
0.40677166,0.0,0.2441262
0.69367445,0.0,0.23778579
0.7040249,0.0,0.031534858
0.29330274,0.0,0.5542138
0.3491564,0.0,0.34397
0.64539737,0.0,0.006762
0.6628543,0.0,0.006804771
0.65183455,0.0,0.34951255
0.5828815,0.0,0.828771
0.32704183,0.0,0.109025694
0.810176,0.0,0.46586514
0.8453313,0.0,0.49727282
0.7193117,0.0,0.5690876
0.73004574,0.0,0.03723856
0.44388518,0.0,0.19897701
0.7621559,0.0,0.0
0.6607998,0.0,0.0
0.15550336,0.0,0.019515622
0.66797584,0.0,0.008384438
0.7069705,0.0,0.001002843
0.73504454,0.0,0.017254818
0.28354815,0.0,0.043420576
0.64252764,0.0,0.02615199
0.41991264,0.0,0.016063105
0.4970081,0.0,0.21185999
0.40043977,0.0,0.046977043
0.40626678,0.0,0.17079818
0.7076369,0.0,0.010959064
0.26057687,0.0,0.51698923
0.53282297,0.0,0.16070594
0.505463,0.0,0.16162808
0.82970667,0.0,0.015022436
0.42316568,0.0,0.08415245
0.4328944,1.0,0.38057816
0.53387,1.0,0.5932993
0.6097107,1.0,0.19363227
0.55813533,1.0,0.19178161
0.26290423,1.0,0.2890354
0.7925915,1.0,0.538379
0.6269402,0.0,0.10810291
0.7940419,0.0,0.37217602
0.88438356,0.0,0.0
0.43643358,1.0,0.3291862
0.8121579,0.0,0.18286936
0.8662541,0.0,0.30417845
0.48066974,0.0,0.5656447
0.27613768,0.0,0.69737345
0.7006936,0.0,0.4039452
0.8562172,0.0,0.38331336
0.8803971,0.0,0.27702278
0.52156305,0.0,0.45686495
0.7463524,0.0,0.054376163
0.6700772,0.0,0.31122103
0.4045042,0.0,0.0
0.7893342,0.0,0.0
0.4979775,1.0,0.16479233
0.62207156,0.0,0.0
0.5475723,0.0,0.22077231
0.5031085,0.0,0.05314042
0.7367528,0.0,0.49190015
0.75545824,0.0,0.03390632
0.8775425,0.0,0.29227456
0.4380681,0.0,0.12760504
0.79144895,0.0,0.0917107
0.9034256,0.0,0.5460018
0.90548456,0.0,0.044793002
0.2938056,0.0,0.68468064
0.66835,0.0,0.55221695
0.662753,0.0,0.03377689
0.8513883,0.0,0.33731776
0.9582134,0.0,0.023822142
0.95192397,1.0,0.25528196
0.92198354,0.0,0.005577006
0.9244403,0.0,0.016132774
0.85426646,0.0,0.03494439
0.53704333,0.0,0.015781878
0.6458801,0.0,0.2384697
0.5637473,0.0,0.0120405005
0.551206,0.0,0.3075271
0.25062802,0.0,0.18159576
0.6998889,0.0,0.1983746
0.53410536,0.0,5.2772924e-05
0.95475185,0.0,0.0061656334
0.9127661,0.0,0.0
0.9485999,0.0,0.007640665
0.49851152,0.0,0.0014279825
0.84391135,0.0,0.0059769736
0.7075894,0.0,0.021634672
0.7416875,0.0,0.015968693
0.74184614,1.0,0.4350194
0.8547118,1.0,0.5361511
0.77636355,0.0,0.25603005
0.74085796,0.0,0.54210556
0.40925285,0.0,0.105803505
0.8466901,0.0,0.09185832
0.74225307,0.0,0.6558835
0.59753895,0.0,0.31990603
0.77585083,0.0,0.0013372479
0.9092394,0.0,0.017828815
0.65973544,0.0,0.44944653
0.76192933,0.0,0.36657894
0.8159274,0.0,0.009582471
0.7137087,0.0,0.266794
0.9042565,0.0,0.09134451
0.38127124,0.0,0.50149953
0.81697285,0.0,0.08342486
0.7375459,0.0,0.060555883
0.6306709,0.0,0.14908572
0.7063803,0.0,0.34364152
0.904584,0.0,0.011252669
0.6544072,0.0,0.3307698
0.2914954,0.0,0.63224614
0.8288669,0.0,0.39416215
0.81850976,0.0,0.11197474
0.11989541,1.0,0.3802868
0.7182358,0.0,0.46147838
0.5329794,1.0,0.36944357
0.43010986,0.0,0.22461802
0.7705113,0.0,0.082951985
0.5153181,1.0,0.17937414
0.6729618,0.0,0.00045902995
0.6474108,0.0,0.053181387
0.4345341,0.0,0.0011303534
0.7930419,0.0,0.0
0.5102961,0.0,0.27292794
0.90872353,0.0,0.0340093
0.73523605,0.0,0.4184644
0.4269237,0.0,0.0
0.66841453,0.0,0.4362299
0.6024707,0.0,0.15248041
0.8544394,0.0,0.41663963
0.95222867,0.0,0.12416675
0.50456053,0.0,0.29275447
0.84059393,0.0,0.0
0.31236804,0.0,0.030219277
0.50594205,0.0,0.34536347
0.8001529,0.0,0.0
0.73104703,0.0,0.0
0.5836517,0.0,0.23219523
0.66400975,0.0,0.5918189
0.85731435,0.0,0.16271546
0.7270559,0.0,0.25866243
0.6701348,0.0,0.00057158316
0.37740868,0.0,0.5102262
0.33223733,0.0,0.29996222
0.6222841,0.0,0.010876201
0.62575513,0.0,0.103321254
0.55085987,0.0,0.3275711
0.28128198,0.0,0.35694122
0.3062626,0.0,0.61138266
0.90117913,0.0,0.1530204
0.5868527,0.0,0.31003946
0.47739503,0.0,0.04714718
0.6904052,0.0,0.45104715
0.44732562,0.0,0.19535956
0.51940954,0.0,0.0
0.88689923,0.0,0.020452278
0.22170658,0.0,0.5609635
0.34920698,0.0,0.30418345
0.40976888,0.0,0.5067468
0.562691,0.0,0.007272279
0.7622486,0.0,0.044929236
0.5556008,0.0,0.027795536
0.86369807,0.0,0.34124604
0.5433213,0.0,0.14389405
0.6398835,0.0,0.004920061
0.34595114,0.0,0.05882007
0.85769457,0.0,0.022291416
0.59477955,0.0,0.0974301
0.73185146,0.0,0.10103301
0.4876355,0.0,0.08523402
0.49952015,0.0,0.0123675205
0.89210814,0.0,0.20018129
0.69224757,0.0,0.006748253
0.83288825,0.0,0.18097857
0.7007255,0.0,0.08423059
0.557126,0.0,0.07328314
0.58983916,0.0,0.0
0.5455914,0.0,0.0017625793
0.25583914,0.0,0.087138265
0.69467056,0.0,0.18202506
0.17226009,0.0,0.6315251
0.10714506,0.0,0.50588524
0.3205383,0.0,0.6624487
0.12147502,0.0,0.1903916
0.10581879,1.0,0.669716
0.4640991,1.0,0.6637891
0.10166666,1.0,0.6567706
0.5985548,1.0,0.33867785
0.50160325,1.0,0.24393666
0.31741598,1.0,0.3221661
0.15818441,1.0,0.8598034
0.8157289,1.0,0.57045776
0.23648076,1.0,0.20548277
0.7583871,1.0,0.62294567
0.43899032,1.0,0.3328796
0.57770246,1.0,0.50700194
0.8908321,0.0,0.20846933
0.4732832,0.0,0.10612309
0.87191993,0.0,0.0
0.7862852,0.0,0.1760939
0.5345481,1.0,0.20401482
0.7817607,0.0,0.0977684
0.9197497,0.0,0.0
0.82629734,0.0,0.0015013532
0.6740377,0.0,0.0
0.89282143,0.0,0.0006058722
0.5728241,0.0,0.0
0.9344204,0.0,0.090321824
0.7018825,0.0,0.00044453036
0.59846324,0.0,0.31679773
0.5313421,0.0,0.53797174
0.3810232,0.0,0.040865485
0.43565118,0.0,0.23198865
0.82078797,0.0,0.010530187
0.5480887,0.0,0.029665591
0.4419902,0.0,0.0010510918
0.930372,0.0,0.018056333
0.52661276,0.0,0.0012095452
0.8318168,0.0,0.0
0.8284088,0.0,0.034519333
0.88789177,0.0,0.0
0.79748183,0.0,0.07934428
0.83763695,0.0,0.08840895
0.9306316,0.0,0.071407326
0.69072735,0.0,0.52404314
0.804636,0.0,0.36712268
0.5474909,0.0,0.37741596
0.81263965,0.0,0.62833786
0.7690906,0.0,0.55405015
0.76194733,0.0,0.0593567
0.7588905,0.0,0.6366219
0.8095308,0.0,0.2313734
0.6389436,0.0,0.42655227
0.79017794,0.0,0.6416179
0.7716712,0.0,0.5671232
0.622813,0.0,0.09774573
0.6105187,0.0,0.34526017
0.58239114,0.0,0.23192722
0.6085483,0.0,0.32660675
0.56563866,0.0,0.7003538
0.7757321,0.0,0.29125872
0.64533484,0.0,0.7545751
0.34579176,0.0,0.29554665
0.27801317,0.0,0.0020252557
0.84964585,0.0,0.07591198
0.8147907,0.0,0.35054496
0.5171198,0.0,0.18334855
0.8028642,0.0,0.0
0.8749664,0.0,0.18923485
0.7029844,0.0,0.45935816
0.5284682,0.0,0.34435531
0.75236213,0.0,0.13813925
0.79479665,0.0,0.5870893
0.71795523,0.0,0.6426582
0.5687209,0.0,0.34868065
0.6646608,0.0,0.16040553
0.5398193,0.0,0.08267473
0.32369906,0.0,0.25216022
0.24804957,0.0,0.12139657
0.8483538,0.0,0.0
0.8521417,0.0,0.06481107
0.50640094,0.0,0.046598125
0.70366496,0.0,0.014283818
0.708937,0.0,0.0
0.7662087,0.0,0.012992589
0.73305905,0.0,0.0
0.8699136,0.0,0.0070001744
0.9366074,0.0,0.010702265
0.13100149,0.0,0.24693255
0.7353634,0.0,0.4767704
0.9278476,0.0,0.31606397
0.88904274,0.0,0.42228028
0.40367442,0.0,0.66276973
0.89401853,0.0,0.21292292
0.86345744,0.0,0.22456834
0.7176088,0.0,0.32833117
0.8584251,0.0,0.0
0.73789287,0.0,0.0037752604
0.8351321,0.0,0.13434014
0.6992234,0.0,0.2522542
0.84882647,0.0,0.0
0.7939685,0.0,0.0
0.52213866,0.0,0.27921885
0.7683841,0.0,0.010838796
0.68988144,0.0,0.027228037
0.48137873,0.0,0.14732708
0.5534383,0.0,0.10349274
0.7961203,0.0,0.2551553
0.5717868,1.0,0.36799976
0.47095558,0.0,0.36090633
0.15617701,1.0,0.09780166
0.4215407,0.0,0.66797626
0.6300061,0.0,0.22802825
0.6428026,0.0,0.0
0.54786825,0.0,0.03155313
0.62918276,0.0,0.08578139
0.59586465,0.0,0.0
0.6419802,0.0,0.0
0.7120058,0.0,0.51604307
0.6338088,0.0,0.3257875
0.9740666,0.0,0.0
0.83906513,0.0,0.106177144
0.5432198,0.0,0.608348
0.86188626,0.0,0.33042985
0.8756258,0.0,0.30773118
0.855262,0.0,0.43569863
0.8026114,0.0,0.30379027
0.9759148,0.0,0.04956769
0.65570724,0.0,0.25212598
0.3189857,0.0,0.5138534
0.91898185,0.0,0.0010080109
0.89350295,0.0,0.025543222
0.77532005,0.0,0.06454741
0.4599587,0.0,0.16118667
0.9056516,0.0,0.020248836
0.7672969,0.0,0.0073070796
0.502427,1.0,0.09731024
0.82041115,0.0,0.0035878194
0.6266926,0.0,0.04156121
0.69704133,1.0,0.07272521
0.6881973,1.0,0.30175552
0.8030829,1.0,0.29431194
0.47260386,0.0,0.50907373
0.6486365,0.0,0.35303727
0.16632032,0.0,0.20159675
0.38499594,0.0,0.448987
0.5779403,0.0,0.27726525
0.6069438,0.0,0.0021141963
0.8577489,0.0,0.016182465
0.67191356,0.0,0.29195142
0.29299605,0.0,0.106796086
0.75570446,0.0,0.00361682
0.76118135,0.0,0.28933728
0.75400805,0.0,0.17798238
0.9103861,0.0,0.023195373
0.8893317,0.0,0.0
0.67728674,0.0,0.42528227
0.64437115,0.0,0.23492384
0.79173815,0.0,0.100015335
0.82147896,0.0,0.75262076
0.79085934,0.0,0.5377344
0.9437309,0.0,0.10652124
0.68947375,0.0,0.30237308
0.7346335,0.0,0.5605606
0.95721006,0.0,0.19464831
0.8269569,0.0,0.4441494
0.9143385,0.0,0.895077
0.8133322,0.0,0.8169514
0.96617806,0.0,0.7283773
0.9188224,0.0,0.9012012
0.78845525,0.0,0.57827944
0.88393664,0.0,0.7981764
0.8934605,0.0,0.62553704
0.7908834,0.0,0.4346902
0.8144464,0.0,0.30096698
0.8402725,0.0,0.61963123
0.60596687,0.0,0.17951551
0.72635305,0.0,0.12540886
0.6255379,0.0,0.40707383
0.8049768,0.0,0.38236707
0.6559003,0.0,0.0
0.87547415,0.0,0.1085597
0.81875503,0.0,0.44247496
0.83322304,0.0,0.16518691
0.939313,0.0,6.8039306e-05
0.87308884,0.0,0.1955192
0.7275723,0.0,0.26473886
0.80196404,0.0,0.03715836
0.9306657,0.0,0.29422995
0.69496405,0.0,0.5662545
0.9402961,0.0,0.4670032
0.8710229,0.0,0.37054735
0.8246472,0.0,0.60844177
0.31410223,0.0,0.6994773
0.72537607,0.0,0.4672444
0.7415887,0.0,0.3795512
0.8194984,0.0,0.23744322
0.8246604,0.0,0.13726442
0.51117945,0.0,0.16965337
0.8557887,0.0,0.017825387
0.49338195,0.0,0.11295094
0.83419806,0.0,0.030996786
0.59578055,0.0,0.0
0.8997356,0.0,0.033475697
0.78013444,0.0,0.0
0.6787547,1.0,0.012752018
0.8323642,0.0,0.0011188136
0.8030635,0.0,0.017213434
0.4028869,1.0,0.17916223
0.6524502,0.0,0.23888198
0.8644646,0.0,0.297351
0.68096423,0.0,0.34498432
0.71592057,0.0,0.26877397
0.51046866,0.0,0.2639713
0.7085576,0.0,0.5479753
0.65365016,0.0,0.40799296
0.7316805,0.0,0.0
0.952089,0.0,0.15057802
0.7781035,0.0,0.51836926
0.82870835,0.0,0.035862017
0.7333376,1.0,0.004991336
0.61150646,0.0,0.38084716
0.87293005,0.0,0.1721849
0.9214745,0.0,0.0
0.9491103,0.0,0.030259585
0.5211275,0.0,0.5240791
0.87300646,0.0,0.42313722
0.9555378,0.0,0.33289832
0.92399806,0.0,0.41762647
0.73342854,0.0,0.5093084
0.9461332,0.0,0.15176395
0.4939789,0.0,0.21180426
0.54060495,0.0,0.23848061
0.81191325,0.0,0.013144817
0.6910128,0.0,0.17326851
0.84343874,1.0,0.0648609
0.7012172,1.0,0.10216844
0.88956803,0.0,0.067678824
0.75277287,0.0,0.0
0.338844,1.0,0.2721279
0.45669496,0.0,0.004728942
0.67200303,0.0,0.05660386
0.50708467,1.0,0.20273499
0.32427704,1.0,0.34475657
0.81767195,0.0,0.37444213
0.6532419,0.0,0.6983278
0.6729948,0.0,0.3271095
0.22195993,0.0,0.09380485
0.48168898,0.0,0.5081638
0.7338956,0.0,0.4144929
0.7592751,0.0,0.0
0.85946697,0.0,0.05964974
0.48820102,0.0,0.46117857
0.5102903,0.0,0.019415947
0.50547665,1.0,0.018213691
0.7706908,0.0,0.3680859
0.8831415,0.0,0.24479459
0.9311459,0.0,0.0
0.92930996,0.0,0.06652815
0.4970208,0.0,0.5454278
0.7398339,0.0,0.24662721
0.82298523,0.0,0.132936
0.7967233,0.0,0.47338736
0.3389832,0.0,0.37803844
0.74230695,1.0,0.015587657
0.6099435,0.0,0.1154769
0.30418664,1.0,0.13910244
0.5873597,0.0,0.0
0.6107084,0.0,0.10875599
0.64957905,1.0,0.11981355
0.668813,1.0,0.16512853
0.8848287,0.0,0.0090611745
0.82970697,0.0,0.0
0.18057786,1.0,0.31213748
0.814313,0.0,0.0056550023
0.8920263,0.0,0.020194309
0.7541622,1.0,0.15534176
0.4368556,1.0,0.49301568
0.9142561,0.0,0.38187078
0.3646416,1.0,0.45812806
0.7063529,0.0,0.2639872
0.31043947,1.0,0.18623942
0.47730693,0.0,0.37553638
0.84406394,0.0,0.28829753
0.8525581,0.0,0.0
0.9029825,0.0,0.0006978974
0.5575215,0.0,0.2274488
0.61798424,0.0,0.06684231
0.6558451,0.0,0.0
0.618727,0.0,0.0008959277
0.8517781,0.0,0.28725284
0.78259605,0.0,0.0
0.9023873,0.0,0.0
0.74088985,0.0,0.05265482
0.8870298,0.0,0.25217566
0.7002337,0.0,0.11455403
0.37761912,0.0,0.18556578
0.5203161,0.0,0.48799443
0.60922545,0.0,0.31228447
0.5047421,0.0,0.45121378
0.5441065,0.0,0.24946626
0.613176,0.0,0.39372808
0.32519546,0.0,0.52279145
0.60696435,0.0,0.6364325
0.54564065,0.0,0.76217604
0.5459577,0.0,0.18594888
0.62770987,0.0,0.17718163
0.6745273,0.0,0.75309396
0.67481226,0.0,0.25212517
0.50444674,0.0,0.24620628
0.5517711,0.0,0.4564569
0.25585338,1.0,0.49480596
0.49277702,0.0,0.033223365
0.7429562,0.0,0.01255166
0.17079407,1.0,0.41031918
0.2869976,1.0,0.13158014
0.84030926,0.0,0.0006647321
0.87885284,1.0,0.26102108
0.40264475,1.0,0.48887154
0.59875256,0.0,0.0
0.7240931,0.0,0.0005967848
0.4833252,1.0,0.3097824
0.28574753,1.0,0.36003318
0.9150072,0.0,0.26375565
0.4541142,1.0,0.44381216
0.41957077,1.0,0.21992113
0.253284,1.0,0.5003911
0.5540423,0.0,0.5916982
0.5720655,0.0,0.005049561
0.7983121,1.0,0.18144503
0.53363746,0.0,0.49886596
0.7757332,0.0,0.10812624
0.8674384,0.0,0.004303011
0.94303614,1.0,0.4277617
0.7229537,0.0,0.5819527
0.8183132,0.0,0.35162595
0.6513743,0.0,0.26711354
0.78138393,0.0,0.013810182
0.4364326,0.0,0.2431694
0.12324867,0.0,0.34211767
0.53144044,0.0,0.0014511569
0.665555,0.0,0.0055825305
0.36139992,0.0,0.54496485
0.51724833,0.0,0.3900378
0.733778,0.0,0.05127255
0.56313473,0.0,0.6118898
0.69560957,0.0,0.14432846
0.3633823,0.0,0.72237813
0.23305312,0.0,0.45756343
0.7498192,0.0,1.0
0.57775885,0.0,0.28553477
0.682866,0.0,0.5177248
0.8432831,0.0,0.18767543
0.580257,0.0,0.47727275
0.610919,0.0,0.15450943
0.9213622,1.0,0.33738598
0.4920606,1.0,0.62231165
0.6206677,1.0,0.7241093
0.47117895,0.0,0.059029788
0.68171984,0.0,0.33698434
0.37032482,1.0,0.36068106
0.5391045,1.0,0.20221826
0.7228809,0.0,0.050964814
0.70666504,0.0,0.6809854
0.7786136,1.0,0.5425843
0.7289081,1.0,0.21860395
0.6910314,0.0,0.29560986
0.8372427,0.0,0.026109593
0.48035672,0.0,0.4650046
0.6984336,0.0,0.41525912
0.466316,0.0,0.5195224
0.845891,0.0,0.2197796
0.6289687,0.0,0.003534628
0.58338064,0.0,0.4580926
0.48447937,0.0,0.4999324
0.42612898,0.0,0.157966
0.38636455,0.0,0.039972432
0.50049365,0.0,0.60368055
0.62682325,0.0,0.72524196
0.6411298,0.0,0.27854973
0.3826162,0.0,0.5666225
0.2216491,0.0,0.30082172
0.5298407,0.0,0.072388
0.70560586,0.0,0.35160863
0.79999846,1.0,0.015981644
0.7757405,1.0,0.36854807
0.9296338,1.0,0.02084558
0.71867967,1.0,0.55927277
0.78168577,1.0,0.25807056
0.6983068,0.0,0.35470706
0.59837013,0.0,0.4784544
0.51736295,1.0,0.7807026
0.590476,1.0,0.56900895
0.6426325,1.0,0.007614392
0.6355358,1.0,0.5223131
0.56973475,1.0,0.7950139
0.66352135,0.0,0.31914765
0.6683485,1.0,0.4748194
0.6842596,0.0,0.72086996
0.80645704,0.0,0.113232225
0.79164076,0.0,0.1018348
0.7665394,0.0,0.5553021
0.9557318,0.0,0.059557788
0.9377816,0.0,0.47975615
0.8669631,0.0,0.014608301
0.81824106,0.0,0.1159236
0.79333866,0.0,0.0
0.6565145,0.0,0.08497653
0.80616313,0.0,0.17456484
0.940864,0.0,0.34230694
0.62813026,0.0,0.5287697
0.6189023,0.0,0.18117577
0.59830236,0.0,0.47488293
0.834539,0.0,0.0046632807
0.9192672,0.0,0.0
0.95265865,1.0,0.0
0.87153256,0.0,0.017158367
0.8141672,0.0,0.0032687932
0.93203646,0.0,0.42968127
0.9198982,0.0,0.5873241
0.9427272,0.0,0.14218149
0.8918702,0.0,0.050052714
0.89114064,0.0,0.13020773
0.79930997,0.0,0.0028623103
0.5010853,1.0,0.17914736
0.75844574,1.0,0.18626752
0.68788224,0.0,0.007496588
0.9649544,0.0,0.00018315032
0.95487005,1.0,0.13892582
0.9188348,0.0,0.25904116
0.59017605,1.0,0.49813285
0.9045242,1.0,0.3248729
0.77092576,1.0,0.9239642
0.4843268,1.0,0.5061592
0.82140696,1.0,0.266818
0.66000974,1.0,0.8084576
0.67083496,1.0,0.20387958
0.9178606,1.0,0.12533318
0.525725,1.0,0.7168482
0.5568768,1.0,0.5357363
0.5065768,0.0,0.05273094
0.4636549,0.0,0.49770385
0.5551469,0.0,0.30401576
0.23331808,0.0,0.53616357
0.27917737,0.0,0.7192304
0.5174251,0.0,1.0
0.85378236,0.0,1.0
0.8302648,0.0,0.5353275
0.482512,0.0,0.38324952
0.63063765,0.0,0.44901684
0.798666,0.0,0.10551902
0.76163703,0.0,0.6452038
0.71812004,0.0,0.054535266
0.83570516,0.0,0.33768982
0.6206631,0.0,0.48117802
0.68614113,0.0,0.68261296
0.34839654,0.0,0.10435704
0.73671037,0.0,0.50092673
0.9125168,0.0,0.08586629
0.4891357,0.0,0.21716584
0.6088863,0.0,0.0
0.5829247,0.0,0.49438912
0.9166961,0.0,0.06222903
0.6194461,0.0,0.6576885
0.5005622,0.0,0.13248798
0.32167605,0.0,0.80548954
0.5619026,0.0,0.3786326
0.6167512,0.0,0.41795695
0.6974658,0.0,0.01690362
0.5725153,0.0,0.5994762
0.38347054,1.0,0.39593157
0.7192747,0.0,0.007913774
0.27268296,1.0,0.17136566
0.45461896,0.0,0.0
0.4475536,1.0,0.16650604
0.35897875,0.0,0.12192892
0.60282934,0.0,0.42825627
0.30425048,1.0,0.8978357
0.20319921,1.0,0.454001
0.12143027,1.0,0.29796952
0.6603215,0.0,0.0010141023
0.55400145,0.0,0.0
0.2270727,1.0,0.23533353
0.8351532,0.0,0.03346708
0.320027,1.0,0.3570579
0.56584585,0.0,0.685494
0.52608055,0.0,0.73232806
0.22777715,1.0,0.41766113
0.6356859,0.0,0.26294753
0.24863395,1.0,0.57511264
0.3451338,0.0,0.07650758
0.4054135,1.0,0.27255532
0.28945476,1.0,0.66504216
0.487266,0.0,0.45981467
0.20057634,0.0,0.13603827
0.3763764,0.0,0.41062877
0.36744374,0.0,0.57411647
0.5104985,0.0,0.42220953
0.87474287,0.0,0.058965124
0.35156772,0.0,0.5837476
0.6621984,0.0,0.060596604
0.73399913,0.0,0.27484265
0.5468267,0.0,0.5375962
0.50297576,0.0,0.5497188
0.76725155,0.0,0.252522
0.67859626,0.0,0.0
0.87026304,0.0,0.07523088
0.7026226,0.0,0.0
0.60405934,0.0,0.15123133
0.40949026,0.0,0.00064135937
0.27143675,0.0,0.34672672
0.5435842,0.0,0.30397362
0.84145963,0.0,0.019728312
0.48060888,0.0,0.31837684
0.8174905,0.0,0.5885045
0.8384469,0.0,0.49137974
0.9458051,0.0,0.051772203
0.856699,0.0,0.34960687
0.8597117,0.0,0.15333788
0.81473714,0.0,0.25880858
0.85018426,0.0,0.0
0.49522242,0.0,0.16089194
0.55463725,0.0,0.0
0.29643497,1.0,0.3069134
0.7016579,0.0,0.067330085
0.75496244,1.0,0.6109186
0.6277081,0.0,0.37437087
0.646413,1.0,0.11538508
0.47747752,0.0,0.80395746
0.7257718,1.0,0.6088014
0.626731,1.0,0.26068473
0.63228893,0.0,0.09736703
0.57183194,0.0,0.3504192
0.8559363,0.0,0.032894693
0.7624261,0.0,0.3062043
0.8448916,0.0,0.0
0.8375353,0.0,0.36771226
0.95100963,0.0,0.20619415
0.68361133,0.0,0.29191816
0.84883475,0.0,0.7612267
0.77844524,0.0,0.98852354
0.6831767,0.0,0.83666325
0.38668776,0.0,0.8646567
0.4577897,0.0,0.44173732
0.83288616,0.0,0.15872003
0.6056077,0.0,0.4746076
0.51277614,0.0,0.4941589
0.7918239,0.0,0.21596538
0.713362,0.0,0.4777399
0.73052025,0.0,0.6949876
0.59570205,0.0,0.646188
0.6249239,0.0,0.3411824
0.7103908,0.0,0.18929589
0.53224933,0.0,0.532953
0.6491277,0.0,0.28569055
0.6549571,1.0,0.29458526
0.33222923,1.0,0.71377
0.6114422,1.0,0.77096176
0.7365659,1.0,0.22003724
0.47318497,1.0,0.57554305
0.86110663,1.0,0.47789863
0.7893982,1.0,0.22789827
0.59372723,1.0,0.39002192
0.5891976,1.0,0.45983705
0.68469316,1.0,0.48468813
0.67331034,1.0,0.52995396
0.63276714,1.0,0.6223953
0.62454444,1.0,0.70238405
0.6702031,0.0,0.21234141
0.6636001,0.0,0.26664716
0.82949054,1.0,0.11216857
0.82176787,1.0,0.22532879
0.7837015,0.0,0.18201339
0.53282243,1.0,0.07453751
0.5033518,0.0,0.34507468
0.6266574,0.0,0.64441305
0.53696597,0.0,0.09643093
0.5815368,0.0,0.16914599
0.7783844,1.0,0.028973931
0.7892536,0.0,0.041317824
0.7039831,0.0,0.2161112
0.5885293,0.0,0.11097213
0.4305156,0.0,0.48777178
0.30211347,0.0,0.7123038
0.5891206,0.0,0.34879503
0.7021744,1.0,0.60294425
0.5244017,1.0,0.46753046
0.88278204,1.0,0.38660514
0.74360853,1.0,0.32255265
0.8026468,1.0,0.31939536
0.7365097,1.0,0.3924925
0.59967834,1.0,0.4732734
0.7702842,1.0,0.439603
0.6322716,1.0,0.34931636
0.76316226,0.0,0.59625983
0.7152196,1.0,0.48687038
0.7907253,1.0,0.3587127
0.7384638,0.0,0.3261316
0.8184453,1.0,0.4620157
0.5031307,0.0,0.4436723
0.6061827,0.0,0.8126625
0.47090048,0.0,0.7405213
0.33215526,0.0,0.29685947
0.42670313,0.0,0.43147236
0.33604518,0.0,0.4139587
0.45084113,0.0,0.61151075
0.63656193,0.0,0.21330808
0.70870125,0.0,0.25010803
0.5452482,0.0,0.12732172
0.60142213,0.0,0.58079493
0.5781934,0.0,0.5928386
0.7716031,0.0,0.10627803
0.5902001,0.0,0.24009342
0.2300159,0.0,0.6263242
0.39398798,0.0,0.14922595
0.64494544,0.0,0.0
0.353192,0.0,0.294482
0.47863036,0.0,0.42288944
0.53007704,0.0,0.04146968
0.8091108,0.0,0.06647514
0.46276358,0.0,0.47532445
0.6613953,0.0,0.29384357
0.6985797,0.0,0.17232613
0.6116966,0.0,0.6825418
0.53705496,0.0,0.45744953
0.5812758,0.0,0.68647254
0.74931055,0.0,0.08666665
0.62023836,0.0,0.7849177
0.79606414,0.0,0.22175346
0.5872545,0.0,0.4678052
0.6962902,0.0,0.23175052
0.5476319,0.0,0.7037374
0.7601393,1.0,0.3523858
0.8850954,0.0,0.0761
0.55851656,0.0,0.24074209
0.8071904,1.0,0.47153464
0.7304826,1.0,0.21074098
0.45966104,1.0,0.0818073
0.29263198,1.0,0.5428311
0.8368041,1.0,0.0814731
0.76524556,1.0,0.7048293
0.5148758,1.0,0.48542443
0.62177724,0.0,0.5303386
0.690016,0.0,0.16113302
0.6449763,0.0,0.01898541
0.64370346,0.0,0.41334128
0.5286406,0.0,0.7326552
0.7041172,0.0,0.35886788
0.6063198,0.0,0.57032603
0.41351736,0.0,0.66100734
0.67815083,0.0,0.22653465
0.821783,0.0,0.11986688
0.575959,0.0,0.02380006
0.56031483,0.0,0.25446767
0.6463434,1.0,0.075063825
0.76695555,0.0,0.09337856
0.6892949,0.0,0.018505458
0.87510943,0.0,0.00014953256
0.61561275,0.0,0.38896248
0.4534218,0.0,0.18766433
0.72294337,0.0,0.5663449
0.42684034,0.0,0.8082019
0.88433105,0.0,0.3310718
0.5401546,0.0,0.8416503
0.40791574,1.0,0.5122751
0.79854876,1.0,0.14045389
0.7622131,1.0,0.19774629
0.8077003,1.0,0.37607193
0.8534272,0.0,0.25095448
0.7514489,1.0,0.015620846
0.67447656,0.0,0.0
0.8723045,0.0,0.0
0.7694675,0.0,0.10064649
0.6945575,0.0,0.07756941
0.7925794,0.0,0.59540784
0.7711219,0.0,0.39850435
0.8321806,0.0,0.7149961
0.5297757,0.0,0.63731617
0.37699178,0.0,0.102807015
0.83354163,0.0,0.06234869
0.8509499,0.0,0.026587129
0.9298318,0.0,0.1066318
0.83315235,0.0,0.0022319383
0.14464751,0.0,0.27865952
0.83866495,1.0,0.28833807
0.63433796,1.0,0.44839
0.92339694,1.0,0.122256234
0.8695793,1.0,0.510042
0.3330431,0.0,0.42779708
0.283447,1.0,0.007903918
0.32065493,0.0,0.14990838
0.7631593,0.0,0.2927153
0.5681839,0.0,0.042112064
0.5847307,0.0,0.27387285
0.40347707,0.0,0.37981635
0.30688667,0.0,0.72537726
0.80935097,0.0,0.3960992
0.6271174,0.0,1.0
0.30734974,0.0,0.76299274
0.2968574,0.0,0.49159017
0.3563802,0.0,0.59511065
0.36185047,0.0,0.6756217
0.5973016,0.0,0.7152031
0.34334108,0.0,0.56849104
0.39358813,1.0,0.58944017
0.57062954,1.0,0.26335615
0.43630365,0.0,0.26211172
0.58334357,1.0,0.3729111
0.67851144,0.0,0.41476968
0.73251706,1.0,0.6783576
0.6450008,0.0,0.113230586
0.41307923,1.0,0.6114179
0.7343195,0.0,0.35032958
0.7548945,0.0,0.0032129597
0.4159891,0.0,0.15599445
0.6225738,1.0,0.017768828
0.59711176,1.0,0.35350165
0.24523091,1.0,0.29184225
0.50009555,0.0,0.015616362
0.5142217,0.0,0.14679298
0.42561466,0.0,0.10488795
0.68559325,0.0,0.0
0.35204035,0.0,0.19308197
0.4544017,0.0,0.040313642
0.8566019,0.0,0.064592466
0.79414517,0.0,0.63847613
0.78621876,0.0,0.39670753
0.55992115,0.0,0.3801352
0.5532044,0.0,0.7950873
0.66940796,0.0,0.60772866
0.82730144,0.0,0.25404912
0.8527617,0.0,0.2208333
0.80495363,0.0,0.36594212
0.8577009,0.0,0.48563895
0.8961158,0.0,0.0888674
0.8846914,0.0,0.06424854
0.8172429,0.0,0.15096489
0.5306463,0.0,0.047562256
0.5983433,0.0,0.028762186
0.46602553,0.0,0.051072706
0.88672453,0.0,0.1677897
0.9039624,0.0,2.324152e-06
0.7742413,0.0,0.13287513
0.815449,0.0,0.2737986
0.7951834,0.0,0.1135182
0.7821597,0.0,0.06932738
0.7664243,0.0,0.13878837
0.84519386,0.0,0.0
0.9311047,0.0,0.0
0.87412345,0.0,0.0
0.7876527,0.0,0.009915744
0.8061869,0.0,0.15650803
0.7605502,0.0,0.8571572
0.8782952,0.0,0.37160158
0.75549346,0.0,0.040819757
0.8713162,0.0,0.0
0.9754435,0.0,0.012678459
0.82209927,0.0,0.038700394
0.9585852,0.0,0.001567334
0.9407621,0.0,0.2968377
0.6397785,0.0,0.004772762
0.7239696,0.0,0.6586352
0.64225894,0.0,0.32185712
0.92796594,0.0,0.0
0.91145706,0.0,0.12660569
0.65736604,0.0,0.2848178
0.7211983,0.0,0.19998571
0.6110409,0.0,0.13995144
0.46800187,0.0,0.6265007
0.37357923,0.0,0.54488665
0.32649976,0.0,0.78126603
0.8233591,0.0,0.26722494
0.76913744,1.0,0.3293375
0.77453977,1.0,0.47513005
0.59796244,1.0,0.59388375
0.69265145,1.0,0.502581
0.7774394,0.0,0.37231416
0.8775756,0.0,0.28657427
0.8616468,0.0,0.603294
0.8476441,0.0,0.33904052
0.9007556,0.0,0.22925647
0.89746565,0.0,0.699708
0.765824,0.0,0.26020566
0.8278531,0.0,0.26941496
0.81400126,0.0,0.37154093
0.8203232,0.0,0.02228792
0.6156443,0.0,0.6002567
0.5275587,0.0,0.12961918
0.55803055,0.0,0.48773965
0.86287904,0.0,0.17580807
0.75677943,0.0,0.60563964
0.7128165,0.0,0.06987617
0.76248467,0.0,0.08138792
0.55224603,0.0,0.05674076
0.4298471,0.0,0.017311228
0.75666255,0.0,0.10042676
0.8202766,0.0,0.13506609
0.86634994,0.0,0.0072176047
0.91021866,0.0,0.24925636
0.85463995,0.0,0.19914341
0.8702957,0.0,0.069977045
0.74905735,0.0,0.16939536
0.72417283,0.0,0.021785302
0.8469732,0.0,0.0
0.98127246,0.0,0.0006657614
0.9478986,0.0,0.0
0.9573239,0.0,0.00068864075
0.69448483,0.0,0.0
0.60582525,0.0,0.19058834
0.8035661,0.0,0.0057235123
0.51259154,0.0,0.70120335
0.5721268,0.0,0.635219
0.6089998,0.0,0.49806944
0.82814854,0.0,0.053298447
0.8501837,0.0,0.0
0.69488776,0.0,0.07126066
0.91087,0.0,0.0
0.9475699,0.0,0.0
0.83564043,0.0,0.0
0.8519448,0.0,0.0002537965
0.90044177,0.0,0.0045075943
0.9336334,0.0,0.0
0.5852579,0.0,0.08874305
0.6723721,0.0,0.028929112
0.7570644,0.0,0.07558357
0.8031944,0.0,0.32247314
0.68518156,0.0,0.112319075
0.716187,0.0,0.7600538
0.58675414,0.0,0.7286447
0.63538384,0.0,0.23353876
0.6781402,0.0,0.8192506
0.76877666,0.0,0.49820852
0.7894044,0.0,0.08712762
0.8854306,0.0,0.52435696
0.7357418,0.0,0.053252406
0.6589822,0.0,0.024348559
0.6537382,0.0,0.118131526
0.64514434,0.0,0.4053772
0.7374442,0.0,0.14359908
0.7149326,0.0,0.476877
0.79266113,0.0,0.07122047
0.4792385,0.0,0.6650303
0.46690685,0.0,0.32343686
0.55675465,0.0,0.46134326
0.32045165,0.0,0.62073296
0.7075411,0.0,0.23114708
0.7826999,0.0,0.0
0.76092654,0.0,0.088220246
0.9400594,0.0,0.015531555
0.80664444,0.0,0.16393712
0.91965395,0.0,0.036182314
0.86825264,0.0,0.018198667
0.8827431,0.0,0.26464197
0.9517965,0.0,0.07018574
0.8279429,0.0,0.0011723507
0.9162019,0.0,0.36417422
0.20390624,0.0,0.41075364
0.6818761,0.0,0.31808668
0.8884348,0.0,0.38046062
0.75566447,0.0,0.15382923
0.79443383,0.0,0.15218236
0.9600395,0.0,0.0
0.98670083,0.0,0.0
0.9055512,0.0,0.0073731234
0.9512262,0.0,0.0
0.9348854,0.0,0.043643147
0.8091716,0.0,0.39643344
0.8117049,0.0,0.25398242
0.9133734,0.0,0.055867292
0.84301484,0.0,0.06702766
0.9152399,0.0,0.012297341
0.9009408,0.0,0.12470758
0.7133548,0.0,0.0015615107
0.86078614,0.0,0.0012023227
0.6286289,0.0,0.28211135
0.94713277,0.0,0.022615468
0.6790004,0.0,0.28553146
0.7323407,0.0,0.50085294
0.26234365,0.0,0.3696
0.78262764,0.0,0.2212052
0.6484873,0.0,0.5376116
0.69036496,0.0,0.42997342
0.7976144,0.0,0.37088546
0.5413655,0.0,0.12338421
0.40313116,0.0,0.4511081
0.86240286,0.0,0.1325768
0.61868495,0.0,0.52404684
0.71081185,0.0,0.31202862
0.7105495,0.0,0.70110744
0.9104646,0.0,0.1753733
0.60175854,0.0,0.24161854
0.9218977,0.0,0.016099654
0.5578452,0.0,0.068080254
0.611036,0.0,0.0
0.61219305,0.0,0.0
0.9471818,0.0,0.060455814
0.87794214,0.0,0.040289443
0.85252,0.0,0.06782925
0.64456564,0.0,0.3164247
0.3335774,0.0,0.5593586
0.8156007,0.0,0.042593338
0.48022655,0.0,0.6456032
0.6692172,0.0,0.18998525
0.8769184,0.0,0.0
0.94448674,0.0,0.0
0.80931044,0.0,0.0
0.8348753,0.0,0.0
0.79244757,0.0,0.1216517
0.7134451,0.0,0.29256052
0.8743816,0.0,0.46259972
0.9225266,0.0,0.002157384
0.6760457,0.0,0.15058184
0.92569894,0.0,0.0038435445
0.83125204,0.0,0.035238776
0.526599,0.0,0.039086007
0.8288522,0.0,0.0555431
0.7098848,0.0,0.24772868
0.76509917,0.0,0.20240124
0.42877057,0.0,0.56815714
0.612913,0.0,0.08555294
0.26399148,0.0,0.4748786
0.8035561,0.0,0.44953546
0.78188264,0.0,0.4611429
0.26050514,0.0,0.3175399
0.52564806,0.0,0.4418453
0.7116293,0.0,0.0070614917
0.48287302,0.0,0.32090035
0.95222837,0.0,0.21738462
0.75544393,0.0,0.006677614
0.4164871,0.0,0.7231851
0.6213781,0.0,0.38656864
0.7208952,0.0,0.14534163
0.4654657,0.0,0.46378118
0.40170074,0.0,0.7553244
0.48352218,0.0,0.5948719
0.5356219,0.0,0.56942266
0.70866644,0.0,0.5008344
0.9199428,0.0,0.11151359
0.7163554,0.0,0.15385173
0.9248802,0.0,0.0
0.617017,0.0,0.0039255195
0.8642019,0.0,0.024959061
0.6728926,0.0,0.014213197
0.5715249,0.0,0.11147921
0.8402297,0.0,0.05107238
0.42346442,0.0,0.045429446
0.53147805,0.0,0.18411362
0.20922887,0.0,0.5050432
0.48726764,0.0,0.24011755
0.57481116,0.0,0.098622516
0.8463512,0.0,0.0
0.89887625,0.0,0.001479376
0.7984536,0.0,0.0
0.80605984,0.0,0.0
0.85283244,0.0,0.011016261
0.9543526,0.0,0.04182663
0.8968072,0.0,0.12297561
0.7998321,0.0,0.14521834
0.6574169,0.0,0.5928868
0.8547339,0.0,0.35499656
0.45361707,0.0,0.24827671
0.72415406,0.0,0.14680086
0.75852364,0.0,0.5884767
0.59158975,0.0,0.4203865
0.82143426,0.0,0.29762778
0.92900646,0.0,0.045537397
0.9394045,0.0,0.10921623
0.94839907,0.0,0.0027846426
0.9094858,0.0,0.0
0.72226465,0.0,0.025896482
0.8353514,0.0,0.009368441
0.7747481,0.0,0.24026777
0.90040463,0.0,0.028825859
0.78901464,0.0,0.24137768
0.766838,0.0,0.39225546
0.49846253,0.0,0.8814403
0.6535834,0.0,0.54334253
0.72523075,0.0,0.3149993
0.7673014,0.0,0.85501933
0.8536852,0.0,0.46478748
0.81767756,0.0,0.6602945
0.93741035,0.0,0.2928067
0.73291886,0.0,0.39848998
0.9244439,0.0,0.11630898
0.6279013,0.0,0.25658843
0.55551034,0.0,0.17678323
0.8908272,0.0,0.01739969
0.7904945,1.0,0.2800591
0.886026,1.0,0.24288605
0.8873178,1.0,0.1400952
0.9668496,0.0,0.009400337
0.86616814,1.0,0.5507916
0.7745626,0.0,0.22439891
0.83668894,1.0,0.38473254
0.9016685,0.0,0.111428164
0.6668706,0.0,0.43413925
0.8862802,0.0,0.4152821
0.9326507,0.0,0.008084778
0.89361644,0.0,0.34775212
0.9064987,0.0,0.04912919
0.9046396,0.0,0.06177724
0.94166636,0.0,0.022809476
0.6038663,0.0,0.066326715
0.54928213,0.0,0.14960419
0.14940894,0.0,0.20669822
0.7675457,0.0,0.2171634
0.59684217,0.0,0.010920398
0.48008963,0.0,0.52634954
0.57457346,0.0,0.4746453
0.9342611,0.0,0.08134235
0.8773733,0.0,0.20272598
0.6669474,0.0,0.0
0.9030313,0.0,0.0031188536
0.78404415,0.0,0.0218725
0.9491175,0.0,0.0061804256
0.8881677,0.0,0.012419286
0.9474085,0.0,0.01624212
0.9455104,0.0,0.01722265
0.93849677,0.0,0.012681361
0.9241558,0.0,0.006893793
0.6076566,1.0,0.14974773
0.75986767,1.0,0.20242615
0.8815321,0.0,0.07546432
0.9076152,0.0,0.077451535
0.59631073,0.0,0.0049162824
0.8955891,0.0,0.004864892
0.8765637,0.0,0.017043404
0.8085299,0.0,0.19661374
0.8179875,0.0,0.16456203
0.5706877,0.0,0.7617314
0.62790465,0.0,0.36862344
0.6208347,0.0,0.63277406
0.73617435,0.0,0.45980465
0.60843015,0.0,0.3326597
0.97498316,0.0,0.04003354
0.61788684,0.0,0.0875966
0.5460322,0.0,0.053485453
0.69784105,0.0,0.08072633
0.5949695,1.0,0.40006724
0.70334315,0.0,0.09493663
0.4312409,1.0,0.364663
0.73973644,1.0,0.5850756
0.82974046,1.0,0.7208512
0.8917532,0.0,0.07570701
0.87832916,1.0,0.40678686
0.9233308,0.0,0.0052758614
0.60533804,1.0,0.36866516
0.797221,1.0,0.062441356
0.72392774,1.0,0.17472139
0.84308773,1.0,0.5354448
0.5912979,1.0,0.13720568
0.53469604,1.0,0.7670382
0.3883854,0.0,0.6985943
0.56184614,1.0,0.6382262
0.73149216,1.0,0.4448368
0.8907069,1.0,0.3558992
0.7386203,0.0,0.008337647
0.8466676,0.0,0.022225056
0.697387,0.0,0.0053617936
0.52160436,0.0,0.097353026
0.8575997,0.0,0.0
0.48696244,0.0,0.14469506
0.7941318,0.0,0.08785626
0.7747909,0.0,0.07133798
0.7935837,0.0,0.0036816185
0.88102746,0.0,0.16063231
0.774264,0.0,0.046325676
0.92036116,0.0,0.049315877
0.7673134,0.0,0.389175
0.7778905,0.0,0.51459944
0.90032965,0.0,0.39352378
0.676201,0.0,0.0055702496
0.5214001,0.0,0.3243325
0.68417835,0.0,0.21524267
0.636156,0.0,0.33460367
0.49590218,0.0,0.82493585
0.45387712,0.0,0.6761866
0.54901594,0.0,0.4945935
0.7875602,0.0,0.39363807
0.8882121,0.0,0.18852891
0.42512476,0.0,0.6354024
0.7849929,0.0,0.2645561
0.9094453,0.0,0.06385076
0.9392442,0.0,0.04069147
0.8239725,0.0,0.0
0.9344221,0.0,0.0022838353
0.775932,0.0,0.0
0.83194774,0.0,0.011061277
0.9261064,0.0,0.010866173
0.7800759,0.0,0.0040751863
0.70129,0.0,0.03311015
0.82695735,0.0,0.07618314
0.9164175,0.0,0.05838678
0.75923485,0.0,0.013159822
0.90827024,0.0,0.0
0.9568806,0.0,0.014254615
0.90487564,0.0,0.0057791886
0.87566644,1.0,0.04420161
0.6040619,0.0,0.012200441
0.73532397,0.0,0.0039389348
0.88778543,0.0,0.08252995
0.84070134,0.0,0.102273755
0.86777335,0.0,0.43722957
0.8568183,0.0,0.14567667
0.8856348,0.0,0.78237087
0.5348669,0.0,0.6891174
0.8241571,0.0,0.29823422
0.6640073,0.0,0.7537223
0.65938556,0.0,0.5724155
0.7739156,0.0,0.09880812
0.6628153,0.0,0.18696237
0.54907197,0.0,0.40297487
0.7032028,0.0,0.5109524
0.721129,0.0,0.39347234
0.52431923,0.0,0.37024176
0.6896819,0.0,0.8493854
0.634215,0.0,0.19579157
0.60014766,0.0,0.48928785
0.6994517,0.0,0.3403504
0.5810721,0.0,0.67998856
0.53337324,0.0,0.49332097
0.69086975,0.0,0.13383193
0.58791876,0.0,0.12775484
0.6324268,0.0,0.44724026
0.38165724,0.0,0.22731258
0.31510347,0.0,0.6284042
0.39354432,0.0,0.7396918
0.21259642,0.0,0.5063459
0.15116198,0.0,0.715514
0.3977816,0.0,0.6300619
0.2346549,0.0,1.0
0.72723186,0.0,0.4600668
0.4036359,0.0,0.3133389
0.38194832,0.0,0.417662
0.37101096,0.0,0.024883138
0.4494568,0.0,0.3331595
0.49686292,0.0,0.35458463
0.5521718,0.0,0.09663953
0.8665677,0.0,0.0
0.71901673,0.0,0.3439729
0.5473626,0.0,0.40394467
0.86358917,0.0,0.0
0.78259903,0.0,0.12360801
0.65836287,0.0,0.5509112
0.6507742,0.0,0.5558273
0.91363436,0.0,0.029784348
0.53205913,0.0,0.5863978
0.79207397,0.0,0.08677908
0.90809995,0.0,0.4167594
0.9113778,0.0,0.0009433978
0.8265703,0.0,0.0
0.6792508,0.0,0.0
0.8394861,0.0,0.018812349
0.9159834,0.0,0.0
0.946386,0.0,0.06649278
0.9431568,0.0,0.16322103
0.9531533,0.0,0.11700425
0.8936533,0.0,0.62633973
0.9062505,0.0,0.4691279
0.9448992,0.0,0.19748224
0.8732776,0.0,0.46150708
0.80868924,0.0,0.40803525
0.94075006,0.0,0.16484639
0.82057124,0.0,0.07408277
0.88813806,0.0,0.40036118
0.95087093,0.0,0.18844841
0.8534963,0.0,0.26334232
0.85253614,0.0,0.13291377
0.7955088,0.0,0.6378437
0.8857428,0.0,0.24721283
0.8886157,0.0,0.4623618
0.8558221,0.0,0.0014202622
0.6060869,0.0,0.02743532
0.7764199,0.0,0.009987754
0.6425011,0.0,0.0009966722
0.7413141,1.0,0.07745558
0.7898534,0.0,0.00011384324
0.9018648,0.0,0.0005915062
0.82718647,0.0,0.0
0.77824014,0.0,0.0
0.90053403,0.0,0.0060458523
0.9209711,0.0,0.0
0.8889308,0.0,0.0
0.9719193,0.0,0.0
0.967145,0.0,0.027199943
0.8929182,0.0,0.00017367833
0.8707408,0.0,0.0053764093
0.87074,0.0,0.21670564
0.8642031,0.0,0.24883121
0.9300153,0.0,0.24129036
0.8521579,0.0,0.31530026
0.76051724,0.0,0.57325345
0.6434441,0.0,0.6270637
0.26986477,0.0,0.502269
0.45158273,0.0,0.038374342
0.7986952,0.0,0.4567881
0.73721063,0.0,0.162226
0.50475425,0.0,0.59056383
0.6205047,0.0,0.34538817
0.8094066,0.0,0.41042683
0.84575385,0.0,0.112718835
0.90190536,0.0,0.55339533
0.94463265,0.0,0.043534286
0.8241763,1.0,0.55243987
0.6353865,1.0,0.53491277
0.7439348,1.0,0.6549659
0.9731002,1.0,0.36112392
0.92541546,1.0,0.20577131
0.89726186,1.0,0.30615684
0.6401335,1.0,0.56464106
0.76381654,1.0,0.47823873
0.950924,1.0,0.0459825
0.8409577,1.0,0.24910313
0.9309408,1.0,0.21523117
0.9016299,0.0,0.0
0.6607622,1.0,0.43328488
0.72151643,1.0,0.6557332
0.9653876,1.0,0.22789411
0.9103109,0.0,0.2856792
0.66885227,1.0,0.7875656
0.87554014,0.0,0.39921388
0.8914382,0.0,0.013433883
0.9561708,0.0,0.010172701
0.9811353,0.0,0.18891257
0.92861426,0.0,0.0
0.8173885,0.0,0.10827307
0.7734815,0.0,0.3795607
0.89945066,0.0,0.0
0.94495934,0.0,0.0
0.8646994,0.0,0.24980405
0.74317825,0.0,0.0279737
0.84585756,0.0,0.0
0.90124625,0.0,0.0
0.75575835,0.0,0.07697757
0.78762287,1.0,0.321015
0.90414524,1.0,0.106017984
0.94278026,0.0,0.0
0.6815239,1.0,0.07472225
0.6957513,0.0,0.012730518
0.91708404,0.0,0.0
0.969914,0.0,0.0
0.8023472,0.0,0.10096266
0.9415522,0.0,0.15398085
0.83378184,0.0,0.0
0.5819095,0.0,0.0
0.34867933,0.0,0.47288728
0.76353496,0.0,0.18911964
0.7934384,0.0,0.12175759
0.5145745,0.0,0.48862684
0.6322992,0.0,0.06288131
0.6248109,0.0,0.07603056
0.15446405,0.0,0.6163971
0.2901912,0.0,0.18588135
0.53043884,0.0,0.0065038134
0.37187073,0.0,0.14377326
0.29708034,0.0,0.3968081
0.8205657,0.0,0.09762643
0.9044516,0.0,0.005803513
0.68847793,0.0,0.32766765
0.7705981,0.0,0.6669681
0.85307866,0.0,0.046732545
0.8369514,0.0,0.41955024
0.94540375,0.0,0.035651688
0.5016364,0.0,0.5736476
0.8805795,0.0,0.44142023
0.78996617,0.0,0.004225565
0.88182247,0.0,0.28127638
0.8963617,0.0,0.02202405
0.6599683,0.0,0.2726607
0.7636962,0.0,0.12649538
0.8841537,0.0,0.34586242
0.5309899,0.0,0.012565928
0.63470465,1.0,0.24812394
0.8215899,1.0,0.4560473
0.82951456,0.0,0.008477724
0.85016775,1.0,0.11337082
0.7330899,1.0,0.27972445
0.83232623,0.0,0.07372068
0.8098275,0.0,0.30301684
0.81252414,0.0,0.5685911
0.72250015,0.0,0.75132704
0.8815887,0.0,0.1546574
0.9392888,0.0,0.16692267
0.91982025,0.0,0.33317667
0.94596654,0.0,0.0030808502
0.81052125,0.0,0.0047957227
0.6856451,0.0,0.0026793755
0.94341177,0.0,0.03564905
0.9579898,0.0,0.0
0.6563005,0.0,0.24144398
0.708411,0.0,0.105200805
0.8723536,0.0,0.0013597116
0.94633985,0.0,0.0
0.7314779,0.0,0.2769362
0.6131269,0.0,0.0044722143
0.6829129,0.0,0.011298133
0.8224814,0.0,0.23992863
0.83958125,0.0,0.18574412
0.80642235,0.0,0.0022779151
0.5079955,0.0,0.07579632
0.43821767,0.0,0.28019786
0.7935313,0.0,0.30087304
0.74566925,0.0,0.6944005
0.80839646,0.0,0.44056848
0.7496689,0.0,0.02335012
0.9557417,0.0,0.31579763
0.6443003,0.0,0.42244655
0.7755181,0.0,0.7162987
0.9763371,0.0,0.041410092
0.9344351,0.0,0.11797847
0.8239549,0.0,0.6126012
0.9216152,0.0,0.23423555
0.96057475,0.0,3.7932765e-05
0.83173573,0.0,0.30507034
0.70833385,0.0,0.3756085
0.9692323,0.0,0.04899806
0.7547793,0.0,0.0027182852
0.6258003,0.0,0.2565204
0.7437833,0.0,0.23909566
0.9736328,0.0,0.0049371757
0.739309,1.0,0.48875406
0.53780144,1.0,0.4551816
0.42461193,0.0,0.07614828
0.83122456,0.0,0.0010927214
0.9606057,1.0,0.42576522
0.9421199,0.0,0.55627763
0.8691978,0.0,0.16761322
0.8627591,0.0,0.3725219
0.93876195,0.0,0.5521467
0.97728467,0.0,0.65850097
0.94449276,0.0,0.14564146
0.83300334,0.0,0.4230146
0.3695743,0.0,0.8356506
0.68991506,0.0,0.28152493
0.97547954,0.0,0.12875868
0.9045085,0.0,0.18297601
0.94911665,0.0,0.06061959
0.95223826,0.0,0.0
0.8576328,0.0,0.0015454063
0.8498938,0.0,0.0019277731
0.58118063,1.0,0.056466695
0.80316454,1.0,0.036599763
0.9001511,1.0,0.37569487
0.9604451,1.0,0.18873289
0.5874087,1.0,0.43608856
0.7065628,0.0,0.3676562
0.6156857,0.0,0.08550111
0.9693291,0.0,0.002458711
0.92964375,1.0,0.12448542
0.94642544,0.0,0.008731655
0.7494396,0.0,0.088169105
0.8999243,0.0,0.0
0.8428301,0.0,0.044877704
0.92409945,0.0,0.007790899
0.83920866,0.0,0.060353253
0.76799375,0.0,0.0
0.94587255,0.0,0.18162753
0.73746026,0.0,0.6914421
0.38525763,0.0,0.56147
0.85133994,0.0,0.5271449
0.73633724,0.0,0.12688673
0.74680734,0.0,0.19736464
0.9369401,0.0,0.030462608
0.85511047,0.0,0.00076989376
0.89907914,0.0,0.04976491
0.9513997,0.0,0.0
0.44979855,0.0,0.018741315
0.9246754,0.0,0.0011533113
0.82749546,0.0,0.0039549
0.86347616,0.0,0.06521563
0.97168297,0.0,0.29349738
0.91191304,0.0,0.024954563
0.71711934,0.0,0.78435427
0.69810474,0.0,0.1697914
0.805032,0.0,0.34255597
0.27186978,1.0,0.4879494
0.14825332,0.0,0.40752885
0.61425495,0.0,0.41065666
0.88789505,0.0,0.071536265
0.71837527,1.0,0.28710654
0.6504899,0.0,0.506288
0.7498113,0.0,0.090103194
0.7020909,0.0,0.11755169
0.7923304,0.0,0.43304324
0.52000606,0.0,0.20659429
0.80444604,0.0,0.0
0.87247074,0.0,0.16145703
0.6621258,0.0,0.28309268
0.905397,0.0,0.0
0.880064,0.0,0.004877698
0.7330717,0.0,0.19073322
0.67950135,0.0,0.4559768
0.91807294,0.0,0.22049896
0.9455297,0.0,0.055142798
0.71410084,0.0,0.70282143
0.6089727,0.0,0.34618214
0.68151975,0.0,0.72425926
0.5323088,0.0,0.7429013
0.39644828,0.0,0.73414886
0.543354,0.0,0.22341824
0.61605304,0.0,0.23539567
0.68793374,1.0,0.49370843
0.8275974,1.0,0.07163702
0.42585814,1.0,0.7038829
0.91640145,0.0,0.032319423
0.610802,0.0,0.31909776
0.23722717,1.0,0.40152866
0.67393225,1.0,0.06863344
0.5488142,0.0,0.010894694
0.28254497,1.0,0.45346206
0.4352696,1.0,0.28364184
0.5621099,0.0,0.030015118
0.5074378,0.0,0.14717908
0.5075733,1.0,0.49594977
0.50533193,0.0,0.21023272
0.6595031,0.0,0.016469026
0.495334,0.0,0.50589114
0.21864323,0.0,0.5001984
0.4010718,0.0,0.46029982
0.36001596,0.0,0.0063545527
0.45154244,0.0,0.4129509
0.18854903,0.0,0.50156206
0.2657852,0.0,0.039808262
0.58962333,0.0,0.13296276
0.33637643,0.0,0.7132138
0.25417882,0.0,0.24386832
0.42631903,0.0,0.039508678
0.34375653,0.0,0.27511337
0.7206318,0.0,0.011919457
0.6272242,0.0,0.14100526
0.87660676,0.0,0.05693885
0.8105078,0.0,0.076939456
0.69122535,0.0,0.088667095
0.37399608,0.0,0.3348089
0.806739,0.0,0.015795087
0.31209815,0.0,0.39306116
0.7702607,0.0,0.44889697
0.77122486,0.0,0.121704705
0.43126854,0.0,0.54107535
0.5140469,0.0,0.685852
0.5777779,0.0,0.41838863
0.4870187,0.0,0.54705554
0.68301815,0.0,0.17348196
0.48350987,0.0,0.03347916
0.553342,0.0,0.19784212
0.83777606,0.0,0.029942414
0.62049884,0.0,0.024386667
0.6813745,0.0,0.010966079
0.78619915,0.0,0.050266154
0.8783563,0.0,0.012639721
0.69894314,0.0,0.52803683
0.57686085,0.0,0.47972706
0.8055181,0.0,0.695559
0.4314142,0.0,0.612324
0.6783116,0.0,0.11167998
0.44694763,0.0,0.26130432
0.65358824,0.0,0.06898299
0.48835275,0.0,0.20394395
0.5204265,0.0,0.47632807
0.47188127,0.0,0.38859582
0.73041886,0.0,0.2903634
0.65536994,0.0,0.7950574
0.5652056,0.0,0.45446154
0.39250526,0.0,0.7448842
0.7850659,0.0,0.24296688
0.3996963,0.0,0.40350732
0.7312408,0.0,0.22997338
0.5021958,0.0,0.23840296
0.39927098,0.0,0.07897294
0.37889287,0.0,0.20535591
0.65651524,0.0,0.046278395
0.7990614,0.0,0.12296504
0.937367,0.0,0.08738061
0.73280925,0.0,0.5605481
0.6791333,0.0,0.09859083
0.76308316,0.0,0.041042924
0.81725264,1.0,0.2904404
0.6450871,0.0,0.086431615
0.7036721,0.0,0.20505276
0.5175971,0.0,0.07929215
0.6648611,1.0,0.43523738
0.6829884,0.0,0.4955506
0.63971895,1.0,0.64081264
0.8972088,0.0,0.73887116
0.60338914,0.0,0.5833027
0.5727844,0.0,0.2661552
0.2060855,0.0,0.27984497
0.27919528,0.0,0.070728496
0.702932,0.0,0.18685512
0.49866658,0.0,0.59215415
0.14664371,0.0,0.8223282
0.18810509,0.0,0.60630745
0.28560334,0.0,0.5160865
0.59893334,0.0,0.3780349
0.54546785,0.0,0.7393439
0.6386265,0.0,0.22813891
0.58511615,0.0,0.39669013
0.28545266,0.0,0.3436503
0.69944644,0.0,0.15724415
0.6033438,0.0,0.43537104
0.10209706,0.0,0.70526206
0.120690696,0.0,0.054740164
0.8086872,0.0,0.17263687
0.28808904,0.0,0.4855383
0.08214183,0.0,0.66451573
0.6806795,0.0,0.5147987
0.71312153,0.0,0.26358223
0.32039908,0.0,0.47705796
0.27824035,0.0,0.3095124
0.8144018,0.0,0.14250864
0.318563,0.0,0.18085021
0.5667328,1.0,0.3023291
0.32230395,1.0,0.5389831
0.5385988,1.0,0.5670399
0.20211022,1.0,0.78674024
0.55274737,1.0,0.58732605
0.7644898,1.0,0.7784932
0.38478512,1.0,0.7329214
0.47833535,1.0,1.0
0.74219143,0.0,0.3351077
0.5976315,0.0,0.48704132
0.40244403,0.0,0.7175872
0.38475838,0.0,0.66712147
0.42162123,0.0,0.1713507
0.4234751,0.0,0.32415932
0.58628196,0.0,0.05400343
0.5112601,0.0,0.6173236
0.68354577,0.0,0.35369426
0.80498934,0.0,0.10012408
0.48354694,0.0,0.2937196
0.7136394,0.0,0.53620356
0.7737786,1.0,0.454548
0.6967683,1.0,0.08171018
0.48380965,0.0,0.4584402
0.45960814,1.0,0.4728441
0.49965954,0.0,0.3921162
0.4414502,0.0,0.74901533
0.325073,0.0,0.33962363
0.37228328,0.0,0.08466584
0.49935615,0.0,0.3617659
0.32685846,0.0,0.35517356
0.76434386,0.0,0.07264031
0.6317364,1.0,0.4994691
0.6419878,1.0,0.69919354
0.72218895,1.0,0.6860567
0.553135,1.0,0.17685314
0.43923214,1.0,0.030435747
0.4924811,1.0,0.33542627
0.47179583,1.0,0.28469235
0.526426,0.0,0.0016982147
0.52711165,0.0,0.021256763
0.69850343,1.0,0.44305423
0.5820487,1.0,0.36653978
0.33382344,0.0,0.09284389
0.5812721,0.0,0.5846172
0.4838089,0.0,0.28497854
0.3029479,0.0,0.25353476
0.6317691,0.0,0.34842283
0.7472518,0.0,0.3212993
0.3866802,0.0,0.36595997
0.6778427,0.0,0.27915865
0.7308906,0.0,0.6890768
0.7490453,0.0,0.40471864
0.3178759,0.0,0.41029245
0.57948375,0.0,0.08150885
0.7402284,0.0,0.12885727
0.7944659,0.0,0.19878276
0.84473985,0.0,0.21192636
0.97200507,0.0,0.22488365
0.7399955,0.0,0.16727073
0.7276505,0.0,0.0
0.8594178,0.0,0.27148038
0.88632023,0.0,0.00204221
0.2739628,0.0,0.41082466
0.55105567,0.0,0.5309975
0.7382064,0.0,0.1594205
0.83716387,0.0,0.32553762
0.7409998,0.0,0.0039828047
0.8921715,0.0,0.0910084
0.8779809,0.0,0.0
0.8866668,0.0,0.11958003
0.6747857,0.0,0.18928419
0.7782084,0.0,0.036294706
0.90799177,0.0,0.35908827
0.8822401,0.0,0.23572946
0.6558142,0.0,0.75189084
0.878765,0.0,0.17562018
0.49608508,1.0,0.4751986
0.61109746,1.0,0.5554252
0.43895906,0.0,0.15798064
0.6860033,1.0,0.13412789
0.4663688,1.0,0.4836698
0.7617807,0.0,0.06446151
0.89800453,0.0,0.03539547
0.764983,1.0,0.05560751
0.70261675,1.0,0.23216856
0.6355287,0.0,0.0
0.74019945,0.0,0.042023633
0.80362475,1.0,0.3499173
0.38220796,1.0,0.44607496
0.8577937,0.0,0.094691075
0.89102536,0.0,0.25403237
0.82286996,0.0,0.043890767
0.8234331,0.0,0.34732598
0.8758866,0.0,0.23367876
0.8691345,0.0,0.5292694
0.83230877,0.0,0.048527315
0.7542842,0.0,0.030737013
0.929286,0.0,0.12861054
0.54658705,0.0,0.23285238
0.46716723,0.0,0.1392397
0.5782426,0.0,0.03268229
0.84387356,0.0,0.0
0.9104263,1.0,0.12911434
0.9355596,1.0,0.048023887
0.8973347,1.0,0.30717835
0.9117734,0.0,0.3933667
0.8182713,0.0,0.37970167
0.71683407,0.0,0.6199132
0.5419494,0.0,0.59155214
0.26941553,0.0,0.62844074
0.8107348,0.0,0.6667543
0.71193033,0.0,0.19227937
0.79950136,0.0,0.2939644
0.84289956,0.0,0.03381784
0.9567094,0.0,0.082508534
0.74161136,0.0,0.04601169
0.9531922,0.0,0.010224432
0.9098039,0.0,0.091959916
0.9248019,0.0,0.2569198
0.89573354,0.0,0.19174816
0.93132645,0.0,0.16775952
0.94620246,0.0,0.57694507
0.71154684,0.0,0.29921567
0.9268814,0.0,0.14487629
0.85795826,0.0,0.08427587
0.7261571,0.0,0.0
0.5963674,0.0,0.18517345
0.33332735,0.0,0.3726433
0.8376413,0.0,0.12752569
0.9003742,0.0,0.0077600726
0.8589491,0.0,0.3602008
0.4727516,0.0,0.6436585
0.8619583,0.0,0.30705342
0.77992857,0.0,0.33741152
0.807687,0.0,0.12751536
0.54709536,0.0,0.48355156
0.61147946,0.0,0.20069863
0.45264944,0.0,0.3713383
0.2299348,0.0,0.13119395
0.92374533,0.0,0.00021020406
0.6775374,0.0,0.03268675
0.8274974,0.0,0.36234197
0.9650162,0.0,0.013131793
0.86972886,0.0,0.0
0.95371866,0.0,0.20015496
0.76876974,0.0,0.037922066
0.3216878,0.0,0.003424487
0.87349445,0.0,0.0
0.7101148,0.0,0.064227104
0.6727747,0.0,0.0
0.82135147,0.0,0.0
0.9343258,0.0,0.056010257
0.54839253,0.0,0.1563151
0.8716048,0.0,0.0
0.7458108,0.0,0.051989347
0.36424786,0.0,0.35525808
0.93769467,0.0,0.28154343
0.78595656,0.0,0.3829774
0.70050377,0.0,0.8356601
0.33322337,0.0,0.56703854
0.2093955,0.0,0.79220796
0.47155327,0.0,0.4657495
0.68116736,0.0,0.1305806
0.7308104,0.0,0.058607332
0.9231524,0.0,0.15534885
0.58934104,0.0,0.02595644
0.72182643,0.0,0.0
0.9641854,0.0,0.0
0.9164941,0.0,0.0021943857
0.669878,0.0,0.09033594
0.73796815,0.0,0.06565459
0.7394598,0.0,0.012015699
0.51642936,0.0,0.11673266
0.8792678,0.0,0.0
0.74981433,0.0,0.41747525
0.91158605,0.0,0.07604143
0.77521145,0.0,0.0030809925
0.929631,0.0,0.16780703
0.84576774,0.0,0.0
0.90413576,0.0,0.1811895
0.82809144,0.0,0.75333285
0.67323506,0.0,0.47773224
0.8339987,0.0,0.16747804
0.58393645,0.0,0.086687006
0.9705264,0.0,0.0
0.96298945,0.0,0.0022557494
0.31009668,0.0,3.500611e-05
0.8802148,0.0,0.068767674
0.84926534,0.0,0.095081665
0.68106836,0.0,0.0
0.90734816,0.0,0.07381926
0.8790688,0.0,0.13072462
0.9617138,0.0,0.0
0.94634306,0.0,0.0
0.9372965,0.0,0.14529727
0.89205796,0.0,0.11348519
0.93485427,0.0,0.3257381
0.8744097,0.0,0.37270457
0.7890694,0.0,0.7086451
0.73953825,0.0,0.4940469
0.83156097,0.0,0.52734184
0.84878224,0.0,0.39587712
0.8113333,0.0,0.23019691
0.6691463,0.0,0.281841
0.8868334,0.0,0.2719087
0.8384985,0.0,0.3487543
0.9025895,0.0,0.19800301
0.8378488,0.0,0.3825757
0.95451653,0.0,0.66231036
0.9540186,0.0,0.30779254
0.93224347,0.0,0.21212287
0.8594373,0.0,0.121382855
0.53045124,0.0,0.18539771
0.62432474,0.0,0.33587456
0.58650666,0.0,0.06752426
0.39834768,0.0,0.04729901
0.82510155,0.0,0.049905434
0.9908223,0.0,0.013102807
0.92930424,0.0,0.040398568
0.7354195,0.0,0.102203116
0.8151885,0.0,0.10700435
0.86838233,0.0,0.002452223
0.57971793,0.0,0.21547683
0.8168508,0.0,0.47312576
0.7801773,0.0,0.54599005
0.8166624,0.0,0.12917104
0.7758489,0.0,0.31617928
0.8448685,0.0,0.24343656
0.9069959,0.0,0.59890914
0.85182065,0.0,0.43668568
0.8928125,0.0,0.05841562
0.71897614,0.0,0.31911504
0.86332095,0.0,0.07017674
0.86826676,0.0,0.01830294
0.8900812,0.0,0.21047698
0.87419176,0.0,0.2820908
0.7800756,0.0,0.13622627
0.92926705,0.0,0.016917234
0.75107366,0.0,0.02121607
0.5226275,0.0,0.0
0.884953,0.0,0.04543716
0.9383808,0.0,0.003740442
0.9641653,0.0,0.00085992826
0.7875777,0.0,0.0
0.81258243,0.0,0.0017561837
0.8814609,0.0,0.0009127098
0.7993916,0.0,0.015547879
0.6581734,0.0,0.0008837937
0.92413956,0.0,0.0
0.84477985,0.0,0.0
0.89039904,0.0,0.082988895
0.8350149,0.0,0.08323626
0.96555805,0.0,0.0
0.81278056,0.0,0.18536167
0.8636,0.0,0.2795888
0.6405663,0.0,0.70542336
0.52377325,0.0,0.6085917
0.68845594,0.0,0.45054027
0.84448856,0.0,0.3188173
0.90344626,0.0,0.16171654
0.80769485,0.0,0.546367
0.75506073,0.0,0.086028926
0.73657894,0.0,0.25620764
0.8456028,0.0,0.19503921
0.89015037,0.0,0.0
0.5862002,0.0,0.015647441
0.8438141,0.0,0.3205362
0.65933186,0.0,0.4535248
0.6598521,0.0,0.35651055
0.75555307,0.0,0.08089225
0.569243,0.0,0.5028266
0.50203776,0.0,0.6688345
0.8043913,0.0,0.6739937
0.85565394,0.0,0.045212843
0.91999066,0.0,0.29728302
0.92255425,0.0,0.2246863
0.56340504,0.0,0.63287824
0.5570318,0.0,0.29652587
0.9691104,0.0,0.0022393838
0.92311764,0.0,0.3716581
0.7941157,0.0,0.47481155
0.7282643,0.0,0.06768268
0.8198516,0.0,0.014501842
0.82846683,0.0,0.16841826
0.8525431,0.0,0.49449784
0.87075824,0.0,0.39323345
0.6716505,0.0,0.70521295
0.9714533,0.0,0.32430616
0.91929066,0.0,0.18360268
0.9653066,0.0,0.06641565
0.7195783,0.0,0.5734036
0.8670578,0.0,0.21359272
0.8602739,0.0,0.1420533
0.6220616,0.0,0.7153807
0.7582475,0.0,0.18996018
0.96513546,0.0,0.0025490026
0.75518453,0.0,0.4106633
0.7361414,0.0,0.43498456
0.69013083,0.0,0.2228311
0.48724183,0.0,0.34720516
0.49141747,0.0,0.015018965
0.8475708,0.0,8.958586e-05
0.6861438,0.0,0.34447592
0.54723215,0.0,0.19109459
0.93480766,0.0,0.0034412201
0.8041347,0.0,0.0041497983
0.76675487,0.0,0.46664533
0.52157056,0.0,0.016909465
0.6265714,0.0,0.0
0.7458184,0.0,0.37648696
0.78893924,0.0,0.15464658
0.92015654,0.0,0.0
0.9306127,0.0,0.0414121
0.56386155,0.0,0.33594143
0.5745603,0.0,0.5645481
0.6772062,0.0,0.4793618
0.9484851,0.0,0.077258974
0.5882842,0.0,0.5195328
0.7762716,0.0,0.40984502
0.9367211,0.0,0.054785337
0.5986973,0.0,0.16963442
0.42098966,0.0,0.47600406
0.8906793,0.0,0.03509574
0.24107875,0.0,0.35440296
0.44194457,0.0,0.3684281
0.55339044,0.0,0.00014011071
0.4326542,0.0,0.30199638
0.1414226,0.0,0.44822818
0.43641952,0.0,0.26171052
0.7800161,0.0,0.0014871791
0.26255015,0.0,0.24882574
0.3565623,0.0,0.41525504
0.83629173,0.0,0.02998421
0.68831956,0.0,0.24002002
0.5634138,0.0,0.57843095
0.68305725,0.0,0.48356435
0.45444196,0.0,0.3166876
0.30167767,0.0,1.0
0.6068517,0.0,0.16028383
0.5277288,0.0,0.3210754
0.42406714,0.0,0.00022235334
0.6769043,0.0,0.19211408
0.86118263,0.0,0.0017892272
0.5920493,0.0,0.35578656
0.5302741,0.0,0.37368354
0.9082871,0.0,0.0
0.7711975,0.0,0.09225969
0.7820337,0.0,0.06018789
0.5862152,0.0,0.1632073
0.66332144,0.0,0.27488643
0.34633103,0.0,0.49755153
0.2864651,0.0,0.5700326
0.21974292,0.0,0.7077677
0.59526277,0.0,0.3404362
0.29525167,0.0,0.86775494
0.41405416,0.0,0.61555463
0.67801255,0.0,0.37942922
0.6122593,0.0,0.47627258
0.5861481,0.0,0.46049467
0.73425573,0.0,0.045659576
0.9328382,0.0,6.881211e-05
0.84171057,0.0,0.19750686
0.43910658,0.0,0.4594297
0.94334334,0.0,0.0060296245
0.8281892,0.0,0.34519902
0.8895539,0.0,0.021048574
0.72039646,0.0,0.28319415
0.8835343,0.0,0.00045970306
0.7453485,0.0,0.36186442
0.79389703,0.0,0.60754293
0.48459494,0.0,0.22561893
0.8429722,0.0,0.17203802
0.93951666,0.0,0.00078136654
0.90676403,0.0,0.0
0.87377805,0.0,0.0
0.7583413,0.0,0.0
0.7570408,0.0,0.010244152
0.61269385,0.0,0.098727114
0.60303247,1.0,0.4289578
0.50948584,1.0,0.7294594
0.58815485,0.0,0.41555735
0.87068754,0.0,0.013948122
0.9481786,0.0,0.093311384
0.9125048,0.0,0.06915912
0.6424182,0.0,0.23369661
0.76712096,0.0,0.08934549
0.8987647,0.0,0.00029485216
0.89598066,0.0,0.0
0.51916784,0.0,0.23215407
0.7222624,0.0,0.0154348165
0.9033126,0.0,0.0
0.8807626,0.0,0.0
0.53428656,0.0,0.12888849
0.43486917,0.0,0.46694344
0.51041573,0.0,0.1957744
0.62384576,0.0,0.63826907
0.6229721,0.0,0.19340123
0.5501158,0.0,0.29931113
0.7135777,0.0,0.3196015
0.6479616,0.0,0.26887423
0.80872065,0.0,0.24321315
0.86378473,0.0,0.0689565
0.8758587,0.0,0.18486942
0.77627575,0.0,0.023595357
0.86841714,0.0,0.45669627
0.60300565,0.0,0.40371737
0.41200355,0.0,0.43652692
0.7167169,0.0,0.6435932
0.6919468,0.0,0.32266584
0.58523595,0.0,0.4959078
0.5574946,0.0,0.21530291
0.5973344,0.0,0.62348646
0.38936546,0.0,0.36166772
0.44821638,0.0,0.02373506
0.6314878,0.0,0.2677897
0.5064682,0.0,0.39852887
0.6408784,0.0,0.19725743
0.58330965,0.0,0.0020810696
0.50997806,0.0,0.021122908
0.30368093,0.0,0.08952482
0.68131787,0.0,0.016372463
0.09833504,0.0,0.3334406
0.2799337,0.0,0.38012034
0.5166005,1.0,0.33364606
0.8553597,0.0,0.049938142
0.82909316,0.0,0.095794156
0.69877607,0.0,0.54095435
0.49620256,0.0,0.52034575
0.35446697,0.0,0.19581601
0.6523611,0.0,0.54026365
0.4547875,0.0,0.12167484
0.619201,1.0,0.6596174
0.5825215,1.0,0.38495988
0.9175043,0.0,0.00021461386
0.8877279,0.0,0.15922678
0.7575743,0.0,0.32135805
0.5630658,0.0,0.06885279
0.6480124,0.0,0.0
0.85375464,0.0,0.07318666
0.68283314,0.0,0.5537779
0.39213285,0.0,0.21463421
0.5547216,0.0,0.00024199404
0.1869543,0.0,0.33499604
0.28357708,0.0,0.6049328
0.58596134,0.0,0.24409789
0.65554875,0.0,0.16464278
0.7015472,0.0,0.5170529
0.2608961,0.0,0.7263181
0.52645415,0.0,0.48267052
0.5542809,0.0,0.44636056
0.6908442,0.0,0.16668041
0.4935283,0.0,0.36892143
0.55333203,0.0,0.42364952
0.8153056,0.0,0.097317725
0.5534235,0.0,0.0
0.5277982,0.0,0.38084617
0.4917076,0.0,0.5522761
0.7018965,0.0,0.03986427
0.8383581,0.0,0.0006590103
0.6620377,0.0,0.31916276
0.819891,0.0,0.15173109
0.671421,0.0,0.009320033
0.47046906,0.0,0.5122715
0.8004361,0.0,0.0039121886
0.43426827,0.0,0.36234042
0.7544342,0.0,0.09132456
0.6549346,0.0,0.51056856
0.470582,0.0,0.4161799
0.85669494,0.0,0.11162926
0.6468395,0.0,0.25703716
0.76028144,1.0,0.45147356
0.8308468,1.0,0.3626475
0.8286524,1.0,0.4192591
0.7924962,0.0,0.0061901542
0.54912865,1.0,0.67721593
0.38754627,1.0,0.63347775
0.5477522,0.0,0.050362613
0.8910225,0.0,0.38955146
0.92537266,0.0,0.38496006
0.92225814,0.0,0.10905398
0.84387857,0.0,0.17775546
0.90480447,0.0,0.23819427
0.85751396,0.0,0.008361268
0.8347872,0.0,0.07179631
0.8193362,0.0,0.0007933204
0.78885883,0.0,0.027944569
0.7180587,0.0,0.0062976694
0.83002096,0.0,0.0004650013
0.5284945,0.0,0.13704385
0.62112474,0.0,0.15797244
0.5922522,0.0,0.03182186
0.7616661,0.0,0.010774108
0.7689767,0.0,0.09598554
0.89243567,0.0,0.44686103
0.7992109,0.0,0.0076422975
0.85662234,0.0,0.27188843
0.69777644,0.0,0.0014801179
0.87234044,0.0,0.0
0.9074216,0.0,0.0
0.82175225,0.0,0.0046707764
0.92181176,0.0,0.06823573
0.8700844,0.0,0.0737369
0.7983726,0.0,0.038098235
0.7070857,0.0,0.08965242
0.35142678,1.0,0.28892908
0.14555961,1.0,0.68452406
0.69420093,1.0,0.08356031
0.95461786,1.0,0.51936114
0.847784,1.0,0.7614347
0.73884624,0.0,0.552229
0.68108934,0.0,0.011011422
0.68399936,1.0,0.32984826
0.61277634,0.0,0.4832439
0.5974196,0.0,0.23478916
0.84778655,0.0,0.0036611487
0.8006881,0.0,0.11183112
0.42626163,0.0,0.55263203
0.41908297,0.0,0.010129444
0.84108204,0.0,0.0034935488
0.3796502,0.0,0.27113193
0.380629,0.0,0.22669594
0.54994565,0.0,0.013746891
0.3718009,0.0,0.21811166
0.40943614,0.0,0.7032404
0.7942329,0.0,0.5414986
0.6785507,0.0,0.3692209
0.74471563,0.0,0.19925009
0.9221426,0.0,0.013495129
0.91092104,0.0,0.0
0.646249,0.0,0.0
0.6619116,0.0,0.00061849004
0.57494676,0.0,0.007047006
0.7810933,0.0,0.015614807
0.8239383,1.0,0.47445965
0.93979454,0.0,0.29546347
0.81045675,0.0,0.09141068
0.6239619,1.0,0.17680967
0.43467957,0.0,0.38243416
0.89172083,0.0,0.0064538396
0.81130135,0.0,0.0005955084
0.474852,0.0,0.25783497
0.9017195,0.0,0.19242796
0.9162203,0.0,0.0121545745
0.8247042,0.0,0.3689184
0.5346286,0.0,0.105147816
0.69968545,0.0,0.0
0.6965466,0.0,0.0
0.70702755,0.0,0.035455
0.67564577,0.0,0.0
0.73919344,0.0,0.23958272
0.39199543,0.0,0.6891543
0.59020513,0.0,0.012941528
0.3827674,0.0,0.4183839
0.23340875,0.0,0.31207892
0.8013531,0.0,0.47975335
0.9077953,0.0,0.11860733
0.7728266,0.0,0.28696463
0.65744835,0.0,0.088207036
0.6982183,0.0,0.3519446
0.5357933,0.0,0.21267603
0.32665527,0.0,0.3293285
0.19406831,0.0,0.3606421
0.6827306,0.0,0.0123317465
0.7257792,0.0,5.1130995e-05
0.6886736,0.0,0.35529825
0.24211648,0.0,0.6144734
0.8609563,0.0,0.18131907
0.80537057,0.0,0.3896484
0.52007246,1.0,0.2528794
0.44640002,1.0,0.6685545
0.7866762,1.0,0.7261793
0.8791869,1.0,0.06692695
0.63714164,1.0,0.3368863
0.48847166,1.0,0.5776575
0.38563475,1.0,0.28824228
0.43174636,0.0,0.028703418
0.80620235,1.0,0.27282873
0.7440429,1.0,0.19941111
0.71367395,0.0,0.01588393
0.57505137,0.0,0.225888
0.51497084,1.0,0.48814884
0.713547,0.0,0.069275215
0.5116329,0.0,0.07131133
0.6900886,0.0,0.36727974
0.5612456,0.0,0.5130713
0.51752657,0.0,0.37170523
0.7460737,0.0,0.20341587
0.60523045,0.0,0.39103955
0.69514084,0.0,0.0021563363
0.78723943,0.0,0.05982392
0.7790756,0.0,0.63409215
0.91082567,0.0,0.17373359
0.81041867,0.0,0.38138926
0.7810963,1.0,0.55888534
0.65169007,1.0,0.55445623
0.74083054,0.0,0.33932614
0.75373155,1.0,0.05505165
0.795197,1.0,0.59857875
0.6057294,1.0,0.52586377
0.643,0.0,0.4839517
0.7176456,1.0,0.0882842
0.79548335,1.0,0.6531002
0.6860197,1.0,0.6966981
0.56169045,0.0,0.89954144
0.90097696,0.0,0.51006746
0.76115334,0.0,0.35174882
0.64699614,0.0,0.18698733
0.694574,0.0,0.19780675
0.6388449,0.0,0.05328137
0.43019393,0.0,0.38898286
0.5998543,0.0,0.44440228
0.52513784,0.0,0.1045941
0.5485986,0.0,0.45289108
0.6375587,0.0,0.0939498
0.6226601,0.0,0.110462405
0.70417655,0.0,0.65848756
0.6296508,0.0,0.5633915
0.8772018,0.0,0.20326638
0.59761804,0.0,0.3304316
0.81654996,0.0,0.06835405
0.9062827,0.0,0.110029265
0.76339996,0.0,0.010901788
0.7304728,0.0,0.0
0.81145996,0.0,0.07120828
0.78375536,0.0,0.070293896
0.36247468,0.0,0.38300294
0.8209536,0.0,0.18092038
0.62852323,0.0,0.43481937
0.6321571,0.0,0.70759916
0.6220335,0.0,0.1289998
0.7190784,1.0,0.2969795
0.93074054,0.0,0.1557325
0.6055708,0.0,0.124935836
0.9011901,0.0,0.020614296
0.2026699,0.0,0.0007554017
0.61886585,0.0,0.0062206513
0.39630833,0.0,0.026398815
0.73263127,0.0,0.03816754
0.29416233,0.0,0.01596119
0.7105961,0.0,0.17582181
0.92190194,0.0,0.018346386
0.8033562,0.0,0.34368116
0.72145414,0.0,0.50405794
0.88339233,0.0,0.33427423
0.8448766,0.0,0.17706203
0.54764843,0.0,0.349013
0.62113297,0.0,0.28966874
0.8652861,0.0,0.039309304
0.88101,0.0,0.051688343
0.63707817,0.0,0.004111069
0.41099116,0.0,0.04671131
0.6740148,0.0,0.0089992145
0.3529712,0.0,0.0078034136
0.21861857,0.0,0.0067766435
0.23414576,0.0,0.052718613
0.44971597,0.0,0.033199195
0.39183167,1.0,0.33262473
0.59344864,0.0,0.005874748
0.18697278,0.0,0.0
0.43654388,1.0,0.16907276
0.7631428,0.0,0.0009232939
0.81302434,0.0,0.0022074385
0.7138565,0.0,0.0073453668
0.17618,0.0,0.16195224
0.5379083,0.0,0.0
0.62376046,0.0,0.011140446
0.4826426,0.0,0.019001953
0.31987527,0.0,0.09166021
0.4118554,0.0,0.047735427
0.5556103,0.0,0.023429606
0.8171881,0.0,0.02120007
0.75754213,0.0,0.042585038
0.8760981,0.0,0.019591438
0.42014423,0.0,0.21142945
0.5677578,0.0,0.068437845
0.72689253,0.0,0.06420373
0.60720164,0.0,0.79300845
0.6705829,0.0,0.44814107
0.6922422,0.0,0.24137147
0.6465234,0.0,0.48414385
0.8862937,0.0,0.2398291
0.6119448,0.0,0.40254366
0.8736188,0.0,0.55490255
0.89751905,0.0,0.14381729
0.7375406,0.0,0.6732388
0.76732165,0.0,0.29046506
0.92554533,0.0,0.008086688
0.8435302,0.0,0.04296073
0.7757653,0.0,0.010095772
0.7458905,0.0,0.20402086
0.7685236,0.0,0.2681704
0.93882406,0.0,0.0072633172
0.8352571,0.0,0.0039429995
0.7967112,0.0,0.04877083
0.747647,0.0,0.0014873766
0.45314443,0.0,0.019424397
0.8019212,0.0,0.0
0.66782296,0.0,0.0
0.49024916,0.0,0.0104564885
0.83315194,0.0,0.0073381457
0.9093084,0.0,0.00971208
0.3530458,0.0,0.299597
0.5615376,0.0,0.00035477598
0.55697,0.0,0.106123984
0.63387483,0.0,0.021718426
0.86362195,0.0,0.015466524
0.5885613,0.0,0.23752995
0.8683974,0.0,0.13127181
0.38705146,1.0,0.6721433
0.41654325,1.0,0.60410553
0.4636275,1.0,0.40971282
0.7163703,1.0,0.45546874
0.67395693,0.0,0.07415257
0.53828245,1.0,0.2933507
0.5925779,0.0,0.24723504
0.67929155,0.0,0.0
0.33468655,0.0,0.43305743
0.39301264,0.0,0.28006712
0.8027048,0.0,0.008905997
0.7487971,0.0,0.0037031593
0.6027943,0.0,0.46223724
0.81236714,0.0,0.08031081
0.9205645,0.0,0.0658128
0.8291347,0.0,0.03584003
0.39382777,0.0,0.3430285
0.9139332,0.0,0.0034094802
0.90607995,0.0,0.036460623
0.5621408,0.0,0.2329828
0.72712094,0.0,0.24639186
0.7659037,0.0,0.004727354
0.5831803,0.0,0.010003578
0.73457474,0.0,0.36948758
0.7387543,0.0,0.53125226
0.92823035,0.0,0.17846948
0.8425917,0.0,0.3757144
0.7490595,0.0,0.3937122
0.9171618,0.0,0.042871546
0.81665283,0.0,0.26954666
0.59109247,0.0,0.5968984
0.6624602,0.0,0.6409704
0.554522,0.0,0.6245138
0.74751407,0.0,0.03746572
0.7136055,0.0,0.28026918
0.68670845,0.0,0.0109887365
0.814596,0.0,0.0033425852
0.9044142,0.0,0.055083286
0.94329125,0.0,0.015019025
0.70360506,0.0,0.0
0.41132468,0.0,0.041133914
0.79892844,1.0,0.11049552
0.79812795,1.0,0.027233586
0.88456094,0.0,0.0
0.5690102,0.0,0.0
0.097294055,0.0,0.0
0.8025336,0.0,0.0
0.40757313,0.0,0.006805758
0.82432306,0.0,0.013287476
0.35111153,0.0,0.09894674
0.80869645,0.0,0.023886772
0.8022014,0.0,0.0030523334
0.84928423,0.0,0.2449758
0.85216576,0.0,0.1539204
0.80603254,0.0,0.047577236
0.799963,0.0,0.15045981
0.5686681,0.0,0.5304834
0.8362989,0.0,0.23085125
0.7504184,0.0,0.78732854
0.76143104,0.0,0.6618022
0.76320827,0.0,0.25543228
0.6757831,0.0,0.30241647
0.9204747,0.0,0.030939927
0.65395856,0.0,0.53765726
0.53390026,0.0,0.09708491
0.47156048,0.0,0.20496619
0.5350996,0.0,0.0
0.7913667,0.0,0.011323904
0.82946026,0.0,0.025746042
0.41320017,0.0,0.01006381
0.61928004,0.0,0.01733486
0.65869266,0.0,0.004074127
0.58966774,0.0,0.0
0.37117472,1.0,0.0636363
0.6989848,0.0,0.00067667075
0.8456435,0.0,0.031322043
0.8845007,0.0,0.0
0.82505596,0.0,0.20000884
0.6822826,0.0,0.17966333
0.8040843,0.0,0.03048284
0.6932196,0.0,0.008891748
0.83376825,0.0,0.2259672
0.8355838,0.0,0.25114188
0.7488899,1.0,0.024052246
0.904755,0.0,0.091966026
0.61022556,0.0,0.15346473
0.76209015,0.0,0.02377889
0.80258226,0.0,0.0025056237
0.9159543,0.0,0.14460595
0.73880124,0.0,0.3327524
0.74363303,0.0,0.4843497
0.48609456,0.0,0.08205635
0.7251007,0.0,0.5275429
0.828138,0.0,0.25088382
0.8447116,0.0,0.6105872
0.8032209,0.0,0.41868174
0.6669409,0.0,0.14696962
0.39435753,0.0,0.02391394
0.75859314,0.0,0.5233065
0.27768445,0.0,0.54150856
0.41385078,0.0,0.68186533
0.50063646,0.0,0.17304145
0.83516073,0.0,0.05080322
0.45903388,0.0,0.40873173
0.68570215,0.0,0.40640798
0.886352,0.0,0.0015965106
0.63551426,0.0,0.5114618
0.5646257,0.0,0.58522165
0.584475,0.0,0.12544721
0.78182155,0.0,0.14094822
0.63298124,0.0,0.72336924
0.24969299,1.0,0.58040905
0.786385,0.0,0.00029652184
0.74240875,0.0,0.13741297
0.3567386,0.0,0.37680572
0.44043195,1.0,0.12759727
0.6985973,0.0,0.0
0.6452404,0.0,0.4044606
0.52197236,0.0,0.27767754
0.83044267,0.0,0.0
0.6324571,0.0,0.089608304
0.5756012,0.0,0.62221164
0.37694955,0.0,0.41176602
0.67942655,0.0,0.43154258
0.6645132,0.0,0.26268172
0.50198185,1.0,0.39534304
0.6766684,1.0,0.7483451
0.42044497,0.0,0.09247582
0.9032705,0.0,0.0
0.4971913,1.0,0.1184076
0.6921038,1.0,0.3435035
0.67651093,0.0,0.0
0.32812497,1.0,0.00786387
0.20102304,1.0,0.47145352
0.7833273,1.0,0.28865656
0.86448973,0.0,0.0
0.47875652,1.0,0.14665218
0.39853796,1.0,0.4641312
0.7230311,0.0,0.13165565
0.50085723,0.0,0.003218778
0.3156537,1.0,0.13619328
0.55639327,1.0,0.24721229
0.881708,0.0,0.09052806
0.6877109,0.0,0.0
0.3811905,1.0,0.46834528
0.4452275,1.0,0.70391333
0.69063514,0.0,0.3246824
0.56190777,0.0,0.09214066
0.9320958,0.0,0.27651572
0.85029835,0.0,0.002626126
0.8076569,1.0,0.11503274
0.82211065,1.0,0.23034246
0.96595186,0.0,0.0
0.88582176,0.0,0.030386629
0.9343025,0.0,0.33409888
0.9274174,0.0,0.35107827
0.8695975,0.0,0.5713615
0.91311216,1.0,0.114048935
0.5976234,0.0,0.62710667
0.51246077,0.0,0.7231788
0.5259643,0.0,0.8015168
0.6774306,1.0,0.6633167
0.64204097,1.0,0.4503372
0.828465,1.0,0.21788995
0.747385,0.0,0.051880915
0.41988993,0.0,0.56102777
0.20667471,0.0,0.3644333
0.40388608,0.0,0.18339813
0.27317357,0.0,0.41323167
0.32725373,0.0,0.16910744
0.51367074,0.0,0.023139805
0.44038644,0.0,0.12896211
0.5034512,0.0,0.3179666
0.4725459,0.0,0.0030480009
0.76913095,0.0,0.052665133
0.8586262,0.0,0.23090133
0.77675754,0.0,0.13656452
0.5890822,0.0,0.58940977
0.534484,0.0,0.39206144
0.8875258,0.0,0.027025606
0.630259,0.0,0.14932784
0.6256002,0.0,0.48666143
0.81988996,0.0,0.092983484
0.83795583,0.0,0.04479897
0.7228391,0.0,0.34936592
0.9110263,0.0,0.13439731
0.43689978,0.0,0.34785742
0.42746678,0.0,0.18515363
0.58649945,0.0,0.7065274
0.5161543,0.0,0.5840585
0.6164062,0.0,0.0043254914
0.44857147,1.0,0.4647102
0.17954509,0.0,0.24196579
0.70533574,0.0,0.33706757
0.5025945,1.0,0.18431728
0.22580434,1.0,0.6905966
0.3352978,1.0,0.33157593
0.79713345,0.0,0.03303987
0.28756732,1.0,0.26727888
0.21272755,1.0,0.38213548
0.7762169,1.0,0.18305275
0.5094473,0.0,0.0
0.11842307,1.0,0.20359093
0.17265227,1.0,0.47587222
0.33773518,1.0,0.21600796
0.29388815,0.0,0.002879122
0.5699983,0.0,5.0261347e-06
0.6650878,1.0,0.1420552
0.6636807,0.0,0.0
0.5195047,0.0,0.12607543
0.8475596,0.0,0.09061199
0.71339446,0.0,0.0942267
0.59990776,0.0,0.17254882
0.14845078,0.0,0.48069465
0.5695101,0.0,0.101288006
0.8636832,0.0,0.0061694924
0.4462166,0.0,0.16728663
0.57400805,0.0,0.44398275
0.877538,0.0,0.016671324
0.7283185,0.0,0.0
0.6808076,0.0,0.35699007
0.78669596,0.0,0.49722466
0.64296395,0.0,0.4554999
0.8302312,0.0,0.050822917
0.9444709,0.0,0.10851677
0.42103234,0.0,0.012569681
0.68678457,0.0,0.0
0.14119649,0.0,0.0013686321
0.84934855,0.0,0.010095222
0.38417435,0.0,0.0
0.68385875,0.0,0.0
0.6599605,0.0,0.026305227
0.22330047,0.0,0.04735362
0.74344873,0.0,0.0
0.53696054,0.0,0.00257616
0.08172674,1.0,0.27226612
0.5869056,1.0,0.035717495
0.7000527,0.0,0.024279881
0.42503616,0.0,0.07769328
0.27660927,0.0,0.07531905
0.644662,0.0,0.017464848
0.50192964,0.0,0.0018354306
0.6526889,0.0,0.31776017
0.44472483,0.0,0.11466902
0.6312461,0.0,0.008683709
0.35191077,0.0,0.014424909
0.5775268,0.0,0.23481801
0.6043742,0.0,0.5813236
0.81570965,0.0,0.042731725
0.5030803,0.0,0.4859496
0.8862614,0.0,0.040546294
0.5958781,0.0,0.3716795
0.4899945,0.0,0.24629572
0.8260989,0.0,0.36722073
0.45409197,0.0,0.30371416
0.47522753,0.0,0.33001283
0.86397296,0.0,0.016071275
0.7307197,0.0,0.49617466
0.771359,0.0,0.59180325
0.90341437,0.0,0.14500663
0.5678127,0.0,0.3653416
0.9282911,0.0,0.52815914
0.50342315,0.0,0.6400009
0.5717573,0.0,0.5296003
0.88304234,0.0,0.03542396
0.25593603,0.0,0.44256383
0.5084648,0.0,0.0018303286
0.46069726,0.0,0.41027084
0.14724691,0.0,0.47988972
0.356485,0.0,0.31874797
0.41512218,0.0,0.6088521
0.5652072,0.0,0.5424078
0.8425328,0.0,0.46297312
0.8416532,0.0,0.014998105
0.930832,0.0,0.0
0.9016962,0.0,0.22879581
0.91991085,0.0,0.03343606
0.6133066,0.0,0.07384787
0.6601682,0.0,0.20639338
0.92867213,0.0,0.19446446
0.5767056,0.0,0.495236
0.26111212,0.0,0.11513508
0.5497239,0.0,0.00012969278
0.40805903,0.0,0.0
0.70945174,0.0,0.027677635
0.9160087,0.0,0.0
0.80598474,0.0,0.14509933
0.77277607,0.0,0.011071173
0.30329254,0.0,0.22115114
0.3711554,0.0,0.4299913
0.70029664,0.0,0.0
0.84931666,0.0,0.00022694569
0.837004,0.0,0.03598961
0.19458991,0.0,0.11675811
0.6575516,0.0,0.010375379
0.67538464,0.0,0.014716669
0.1146845,0.0,0.26247552
0.09361337,0.0,0.16479596
0.7350552,0.0,0.18913598
0.86045545,0.0,0.17998488
0.57811517,0.0,0.25917092
0.54266644,0.0,0.11479435
0.7896828,0.0,0.0084026875
0.7899549,0.0,0.0659221
0.5016694,0.0,0.010261849
0.9333862,0.0,0.0019523005
0.9276134,0.0,0.018215751
0.6866405,0.0,0.14056718
0.6787749,0.0,0.20738633
0.7922391,0.0,0.0
0.4541205,0.0,0.027495094
0.72142744,0.0,0.3678831
0.6018595,0.0,0.50158113
0.24786611,0.0,0.4536179
0.5927062,0.0,0.21131207
0.38559687,0.0,0.3365589
0.46314213,0.0,0.19469441
0.6841985,0.0,0.912636
0.5687663,0.0,0.2468158
0.7412676,0.0,0.31103036
0.71250176,0.0,0.58511764
0.49373516,0.0,0.32698014
0.6283795,0.0,0.36393076
0.79072225,0.0,0.25777775
0.7951857,0.0,0.009619588
0.54939383,0.0,0.00344513
0.538272,0.0,0.0
0.5487577,0.0,0.0
0.797715,0.0,0.008800227
0.45855334,0.0,0.0
0.35591024,0.0,0.25234646
0.28661886,0.0,0.26192802
0.38125548,0.0,0.5942645
0.40362224,0.0,0.5479368
0.65612286,0.0,0.0005380969
0.71453834,0.0,0.17895013
0.897457,0.0,0.30633464
0.82151735,0.0,0.004553889
0.63553727,0.0,0.29770628
0.8143485,0.0,0.28559905
0.79640865,0.0,0.00036758807
0.8449839,0.0,0.0397131
0.7470299,0.0,0.43468362
0.82358027,0.0,0.24424048
0.85026956,0.0,0.5168245
0.9263247,0.0,0.17186263
0.6063387,0.0,0.035650726
0.62894875,0.0,0.26463726
0.8657823,0.0,0.016574223
0.8006475,0.0,0.0
0.45929924,0.0,0.013187303
0.7635609,0.0,0.00060069456
0.62605786,0.0,0.0
0.8098179,0.0,0.028747713
0.82553405,0.0,0.0038762954
0.6080527,0.0,0.18892756
0.6765238,0.0,0.3070697
0.782399,0.0,0.023935271
0.3083134,0.0,0.09436835
0.5478953,0.0,0.5591828
0.45720643,0.0,0.33056808
0.6072634,0.0,0.42187852
0.5756972,0.0,0.6691725
0.8708555,0.0,0.21319838
0.8416228,0.0,0.38752434
0.7968917,0.0,0.13919199
0.6603136,0.0,0.26040083
0.652308,0.0,0.036299646
0.6167202,0.0,0.23621479
0.42596713,0.0,0.62160003
0.5368244,0.0,0.086011305
0.5960558,0.0,0.48199284
0.766227,0.0,0.41541916
0.46581328,0.0,0.6592835
0.52691954,0.0,0.30130532
0.8433758,0.0,0.021039309
0.72128534,0.0,0.07931768
0.6880571,0.0,0.411622
0.72790015,0.0,0.02558034
0.56907326,0.0,0.0
0.32022554,0.0,0.39377514
0.80052954,0.0,0.20217629
0.6859508,0.0,0.0
0.33081493,0.0,0.22013515
0.5508468,0.0,0.5505091
0.5243509,0.0,0.5645199
0.4661987,0.0,0.56998914
0.87647545,0.0,0.07812072
0.76850206,0.0,0.17546675
0.80321467,0.0,0.0
0.9231517,0.0,0.018527692
0.7839456,0.0,0.0004890125
0.9163733,0.0,0.0
0.60022473,0.0,0.0
0.7233637,0.0,0.0019070443
0.6586313,0.0,0.015570088
0.6765251,0.0,0.36816132
0.36218736,0.0,0.35933733
0.571363,0.0,0.72069436
0.45713404,0.0,0.37976104
0.6489277,0.0,0.053897902
0.40212306,0.0,0.29597917
0.5354919,0.0,2.3365565e-05
0.47039026,0.0,0.38150185
0.78294593,0.0,0.2548461
0.57502246,0.0,0.42823777
0.49793777,0.0,0.5390775
0.570778,0.0,0.0057103774
0.6324599,0.0,0.0
0.52769804,0.0,0.29785785
0.6524625,0.0,0.28476363
0.5862131,0.0,0.0011089594
0.7797708,0.0,0.04524959
0.37251002,0.0,0.3558212
0.5742941,0.0,0.17155324
0.6737578,0.0,0.00087444345
0.86465985,0.0,0.19763888
0.34230176,0.0,0.12627219
0.61397856,0.0,0.014961347
0.6848814,0.0,0.018770173
0.7985114,0.0,0.01876845
0.7684935,0.0,0.28692427
0.6896826,0.0,0.080910176
0.62327915,0.0,0.6851584
0.47057167,0.0,0.47501433
0.65976673,0.0,0.9235179
0.65532684,0.0,0.55231744
0.82979274,0.0,0.19766718
0.8373268,0.0,0.6784935
0.9084057,0.0,0.22369711
0.9189336,0.0,0.352769
0.78194755,0.0,0.04264445
0.6340064,0.0,0.35678825
0.6798431,0.0,0.5728574
0.8388373,0.0,0.015993135
0.6843938,0.0,0.26536262
0.78195673,0.0,0.0054488024
0.94207174,0.0,0.07306399
0.76857936,0.0,0.0
0.9629628,0.0,0.0
0.8915622,0.0,0.0003909551
0.89878917,0.0,0.0143750785
0.7951389,0.0,0.0
0.61204875,0.0,0.0576077
0.31147927,0.0,0.1641487
0.47375524,0.0,0.3366744
0.63130164,0.0,0.31633458
0.68385804,0.0,0.4264679
0.6859808,0.0,0.6492301
0.38516173,0.0,0.40543658
0.5704995,0.0,0.013668912
0.5083329,0.0,0.21367896
0.5599845,0.0,0.0017564263
0.4845787,0.0,0.12809123
0.56510884,0.0,0.20241886
0.7021766,0.0,0.0
0.7560454,0.0,0.0
0.42107567,0.0,0.36350068
0.6782836,0.0,0.19874562
0.76232517,0.0,0.005065138
0.61492884,0.0,0.18062167
0.6780109,0.0,0.5272726
0.7256459,0.0,0.21286549
0.52095586,0.0,0.25785258
0.62488014,0.0,0.29687363
0.42092526,0.0,0.6512537
0.6509869,0.0,0.8086644
0.8107451,0.0,0.391135
0.5510851,0.0,0.8857366
0.6889535,0.0,0.36246246
0.76337993,0.0,0.24278459
0.51169515,0.0,0.26760754
0.67399275,0.0,0.023660604
0.8255864,0.0,0.095915616
0.7956821,0.0,0.017781405
0.84856945,0.0,0.03316316
0.76855606,0.0,0.030453399
0.47898412,0.0,0.010665747
0.44485182,0.0,0.037668686
0.30377907,0.0,0.33231473
0.65943736,0.0,0.0012015277
0.28447685,0.0,0.28193453
0.47485527,0.0,0.28228706
0.3790512,0.0,0.64752626
0.5548844,0.0,0.16205226
0.23905903,0.0,0.44285342
0.3676436,0.0,0.49199602
0.647691,0.0,0.027057206
0.6533417,0.0,0.095869124
0.4781357,0.0,0.18085569
0.5090093,0.0,0.35532886
0.7031216,0.0,0.01581903
0.6549482,0.0,0.01970464
0.43187883,0.0,0.6136888
0.6510609,0.0,0.28014827
0.85486996,0.0,0.36241764
0.84472835,0.0,0.3098646
0.66873884,0.0,0.022829395
0.8025272,0.0,0.15663894
0.66356725,0.0,0.09830248
0.7965377,0.0,0.005572521
0.72455925,0.0,0.009580487
0.8772994,0.0,0.006681971
0.43800977,0.0,0.012218198
0.5964279,0.0,0.0035421231
0.8935846,0.0,0.082581945
0.5675661,0.0,0.10567099
0.53920937,0.0,0.64057404
0.5824007,0.0,0.20106576
0.39243442,1.0,0.6713073
0.68360275,1.0,0.5951901
0.90718126,0.0,0.09628836
0.5618742,1.0,0.045856524
0.62859064,1.0,0.13472024
0.3015913,1.0,0.5350185
0.4701947,1.0,0.4966401
0.49182957,1.0,0.29017413
0.6368738,0.0,0.047317676
0.5438403,1.0,0.3777034
0.6480369,1.0,0.28067416
0.78981304,0.0,0.050809216
0.8778495,0.0,0.005439097
0.71242213,1.0,0.32990745
0.51933855,0.0,0.46418276
0.626952,0.0,0.0007933766
0.76333284,0.0,0.028230764
0.64074785,0.0,0.5897575
0.57485795,0.0,0.33126426
0.5307898,0.0,0.14435484
0.7335095,0.0,0.66668105
0.30104032,0.0,0.6378711
0.5077115,0.0,0.029084979
0.89013714,0.0,0.4565027
0.676898,0.0,0.0
0.9343358,0.0,0.013563798
0.83603966,0.0,0.0056668026
0.8335237,0.0,0.0
0.67452526,0.0,0.007138909
0.4078921,0.0,0.043454807
0.68045104,0.0,0.0
0.7479214,0.0,0.1513082
0.607396,1.0,0.29768175
0.3087566,1.0,0.70796114
0.50400656,1.0,0.22804342
0.35054982,1.0,0.7470775
0.56549025,0.0,0.07258548
0.5267212,1.0,0.23728317
0.5636814,0.0,0.078419246
0.6242963,1.0,0.4176469
0.5880109,1.0,0.09703073
0.30940855,1.0,0.5641213
0.548132,1.0,0.47455683
0.76213884,0.0,0.0
0.631583,1.0,0.4299514
0.56182015,1.0,0.5806416
0.6640945,1.0,0.2456918
0.8219094,0.0,0.06079829
0.82839584,0.0,0.036093727
0.784965,0.0,0.3385737
0.8393389,1.0,0.22630073
0.6109127,0.0,0.0009500877
0.6399414,0.0,0.091593646
0.82973593,0.0,0.58949155
0.57240003,0.0,0.25136515
0.701412,0.0,0.61322093
0.8785529,0.0,0.10874945
0.60194105,0.0,0.035850372
0.85324764,0.0,0.023809118
0.6718327,0.0,0.0
0.43251368,0.0,0.009200495
0.85204875,0.0,0.0
0.50533915,0.0,0.0
0.8313586,0.0,0.10761831
0.8417966,0.0,0.022717327
0.86022556,0.0,0.060394056
0.39523786,0.0,0.19872491
0.5323089,0.0,0.22742906
0.6923246,0.0,0.017370977
0.52200806,0.0,0.36522734
0.5954266,0.0,0.5216363
0.4734297,0.0,0.24123521
0.61764914,0.0,0.48934427
0.6154781,0.0,0.022790466
0.78722924,0.0,0.012326058
0.31362972,0.0,0.3013242
0.3917567,1.0,0.46361384
0.57045525,0.0,0.0
0.3549337,0.0,0.22606742
0.7131501,1.0,0.51665896
0.7013145,1.0,0.14181358
0.51316625,0.0,0.0072923237
0.76245445,0.0,0.6776049
0.7482452,0.0,0.48859715
0.5552598,0.0,0.5989045
0.70865166,0.0,0.5740823
0.6714449,0.0,0.52913
0.5423098,0.0,0.6062444
0.74247324,0.0,0.2014336
0.6745963,0.0,0.35050917
0.59094036,0.0,0.13405861
0.4585757,0.0,0.12958089
0.3521373,0.0,0.2953322
0.7241183,0.0,0.4000681
0.7783835,0.0,0.5916346
0.72610134,0.0,0.18452147
0.8448111,0.0,0.059857093
0.8584861,0.0,0.35042998
0.8281254,0.0,0.3708703
0.8141705,0.0,0.0011887691
0.90115,0.0,0.29284915
0.82352805,0.0,0.74457693
0.7272141,0.0,0.40409473
0.9028235,0.0,0.6914984
0.6131993,0.0,0.21763542
0.45170817,0.0,0.21510397
0.9770653,0.0,0.009549654
0.8002244,0.0,0.46017814
0.92027605,0.0,0.08383434
0.715139,0.0,0.10483634
0.9034633,0.0,0.14250593
0.81482357,0.0,0.03336961
0.62180966,0.0,0.01775094
0.79794055,0.0,0.31193998
0.7247667,0.0,0.053712677
0.67516243,0.0,0.037051346
0.7996625,0.0,0.12730254
0.6938398,0.0,0.30692786
0.5985028,0.0,0.35755518
0.6269431,0.0,0.026688121
0.83154064,0.0,0.0027065484
0.6739215,0.0,0.43348476
0.5088213,0.0,0.15894584
0.57683057,0.0,0.0025960556
0.74763924,0.0,0.091038376
0.4996381,0.0,0.046677932
0.8156153,0.0,0.026999414
0.76971143,0.0,0.37737313
0.64165264,0.0,0.3074781
0.37934202,0.0,0.6700887
0.549301,0.0,0.21302167
0.70081955,0.0,0.42910945
0.58665794,0.0,0.7385982
0.804255,0.0,0.059533324
0.60640293,0.0,0.7611014
0.5889736,0.0,0.34825155
0.7540742,0.0,0.511061
0.75242114,0.0,0.26852718
0.7541981,0.0,0.5314972
0.88292,0.0,0.18391731
0.6735314,0.0,0.8283005
0.882528,0.0,0.5155631
0.847679,0.0,0.74125236
0.872894,0.0,0.30264
0.7247621,0.0,0.7980702
0.9318431,0.0,0.19878684
0.9328239,0.0,0.32273778
0.62919104,0.0,0.6693931
0.92247015,0.0,0.41191703
0.9749834,0.0,0.08009926
0.9765986,0.0,0.14483036
0.9828911,0.0,0.0
0.96902084,0.0,0.23859324
0.8985419,0.0,0.6139172
0.8647723,0.0,0.39396894
0.97199583,0.0,0.082494035
0.930714,0.0,0.5283795
0.69879895,0.0,0.4000539
0.9730162,0.0,0.00197257
0.8256148,0.0,0.49453855
0.54270643,0.0,0.053403914
0.8154886,0.0,0.0007052687
0.69872594,0.0,0.42719457
0.6023833,0.0,0.17684084
0.80446446,0.0,0.07231738
0.6971457,0.0,0.024002267
0.8204362,1.0,0.078724004
0.8425637,1.0,0.0032119176
0.63731873,1.0,0.010325203
0.37787434,1.0,0.09485088
0.86096865,1.0,0.003314512
0.45392174,1.0,0.00556313
0.797747,0.0,0.00035067223
0.5527533,1.0,0.00020295463
0.56724995,1.0,0.011703981
0.5911937,0.0,0.0
0.38088408,0.0,0.014037371
0.6310604,0.0,0.013485193
0.89462465,0.0,0.00024604658
0.95761997,0.0,0.0
0.9339876,0.0,0.048324503
0.92795956,0.0,0.0
0.78310364,0.0,0.00043211505
0.9362319,0.0,0.0029369046
0.93341935,0.0,0.0038874755
0.878116,0.0,0.00028667014
0.2922186,0.0,0.0
0.8072595,0.0,0.0030734274
0.24544472,0.0,0.037345067
0.13252532,0.0,0.24874811
0.6131317,0.0,0.054051295
0.72128195,0.0,0.49541602
0.5401157,0.0,0.44194815
0.36517638,0.0,0.67682594
0.51601547,0.0,0.29370582
0.81293595,0.0,0.3305493
0.7637559,0.0,0.20807894
0.9077742,0.0,0.19443336
0.789251,0.0,0.0028159996
0.9699196,0.0,0.00093748904
0.91357297,0.0,0.026542999
0.5718433,0.0,0.045824513
0.49737397,0.0,0.0
0.6818475,0.0,0.00057926733
0.82630444,0.0,0.03185917
0.20015512,0.0,0.087962545
0.7992454,0.0,0.09249283
0.8880628,0.0,0.093207695
0.6679991,0.0,0.39937386
0.31793922,0.0,0.71846926
0.51474386,0.0,0.4712699
0.5312648,0.0,0.008066797
0.6558203,1.0,0.18246457
0.17728384,1.0,0.45299602
0.38174707,0.0,0.12153459
0.8089471,1.0,0.0029352803
0.19977807,1.0,0.40459818
0.3291686,1.0,0.0036100307
0.41246292,1.0,0.0
0.6032146,1.0,0.23751198
0.55304885,1.0,0.08185553
0.19869867,0.0,0.034005992
0.35924557,0.0,0.12511788
0.79325587,0.0,0.00033209403
0.5487352,0.0,0.0
0.33695635,0.0,0.20209883
0.6425289,0.0,0.005138807
0.6435624,0.0,0.0005737919
0.3575566,0.0,0.2818926
0.15435721,0.0,0.4483724
0.2841079,0.0,0.32642296
0.7983781,0.0,0.0
0.5379084,0.0,0.00039785545
0.82247764,0.0,0.0
0.61261666,0.0,0.055868465
0.8057682,0.0,0.0069990507
0.79602593,0.0,0.026390696
0.7957809,0.0,0.3510509
0.8288824,0.0,0.3187348
0.8126494,0.0,0.5354202
0.6879504,0.0,0.23927757
0.79208934,0.0,0.64387864
0.81572706,0.0,0.43274754
0.7636219,0.0,0.11033195
0.9811081,0.0,0.0022073013
0.78861177,0.0,0.059961185
0.6914557,0.0,0.057477504
0.85087574,0.0,0.045422982
0.8242744,0.0,0.37960178
0.29883847,0.0,0.12580204
0.8542485,0.0,0.33225197
0.76797897,0.0,0.1885741
0.90294254,1.0,0.031463563
0.54471976,1.0,0.2829164
0.6111203,1.0,0.045206092
0.708349,1.0,0.09742516
0.8143038,0.0,0.53507656
0.49810955,0.0,0.79054976
0.44847104,1.0,0.53621656
0.70758635,0.0,0.5769941
0.46580154,1.0,0.41492915
0.66288877,0.0,0.35478953
0.6972709,1.0,0.5392806
0.7992311,1.0,0.02806724
0.30800515,1.0,0.18485774
0.3542854,1.0,0.12021691
0.48860937,1.0,0.6007483
0.7786527,0.0,0.25255552
0.8786657,0.0,0.6831669
0.614143,0.0,0.2450653
0.8587212,0.0,0.26623207
0.49372447,0.0,0.7120827
0.81299746,0.0,0.27099675
0.6461163,0.0,0.3264876
0.54156715,0.0,0.50854063
0.4289364,0.0,0.61455077
0.9222945,0.0,0.08075112
0.56153786,0.0,0.3583396
0.7165412,0.0,0.76740235
0.51860195,0.0,0.8474193
0.82232594,0.0,0.27962527
0.76064974,0.0,0.62494564
0.78060853,0.0,0.34391913
0.55666155,0.0,0.50016844
0.93647313,0.0,0.023963679
0.6816697,0.0,0.5058957
0.7208452,0.0,0.5615435
0.865828,0.0,0.06070927
0.6760271,0.0,0.08088979
0.829019,0.0,0.12145888
0.8495357,0.0,0.2975694
0.8202024,0.0,0.06890408
0.66053843,0.0,0.5563005
0.6535173,0.0,0.35094222
0.6475065,0.0,0.026759382
0.64339495,0.0,0.06129027
0.6786767,0.0,0.11387397
0.7338623,0.0,0.02291604
0.5391877,0.0,0.03871401
0.5788193,0.0,0.36126056
0.7234932,0.0,0.26447558
0.84273195,0.0,0.22252683
0.6802646,0.0,0.620949
0.79115134,0.0,0.061222948
0.6449035,0.0,0.0035658083
0.97372794,0.0,0.051034037
0.9189741,0.0,0.020770025
0.61411434,0.0,0.012625357
0.527675,0.0,0.0
0.945698,0.0,0.2838465
0.45901558,0.0,0.46929774
0.61736465,0.0,0.14527507
0.8095236,0.0,0.0
0.6582058,0.0,0.0
0.7667664,0.0,0.0014662753
0.7177068,0.0,0.00090127334
0.95810544,0.0,0.004226005
0.39812908,1.0,0.007281101
0.81038225,0.0,0.0026956047
0.36619648,0.0,0.07385915
0.8414152,1.0,0.0
0.7602,0.0,0.18857701
0.38924792,0.0,0.008556338
0.43142164,0.0,0.0
0.48409554,0.0,0.00061964773
0.265196,1.0,0.008261468
0.4345884,1.0,0.01552549
0.86066663,0.0,0.00062638
0.6140898,1.0,0.35498592
0.86918765,0.0,0.29903552
0.83149105,0.0,0.059058122
0.90924865,0.0,0.0025037625
0.9008238,0.0,0.001064499
0.45392764,0.0,0.22765397
0.5207244,0.0,0.25067627
0.4664362,0.0,0.19821306
0.36214495,0.0,0.20201263
0.47620812,0.0,0.2351176
0.45113024,1.0,0.4883985
0.3131398,1.0,0.4751493
0.04025336,1.0,0.09298237
0.038076147,1.0,0.21363932
0.024969986,1.0,0.07095511
0.6555858,1.0,0.0
0.29329553,1.0,0.0073621455
0.70256925,0.0,0.01353488
0.94958806,0.0,0.0060528703
0.66973484,0.0,0.0016194232
0.5530765,0.0,0.0
0.80594397,0.0,0.0
0.9206264,0.0,0.008378005
0.8291119,0.0,0.00083925383
0.41693404,0.0,0.5242823
0.84593993,0.0,0.28114066
0.5301677,0.0,0.7707261
0.5599498,0.0,0.6211284
0.123874985,0.0,0.093822554
0.5601199,0.0,0.29097182
0.8978123,0.0,0.10364899
0.8628534,0.0,0.0010204571
0.8572331,0.0,0.0752596
0.9336029,0.0,0.0
0.93983096,0.0,0.014171448
0.6030507,0.0,0.005615447
0.40783817,0.0,0.022408703
0.2955628,1.0,0.028149322
0.39604026,0.0,0.104588665
0.2509901,0.0,0.38191724
0.14103666,1.0,0.36448768
0.8088992,1.0,0.0018164624
0.60813814,0.0,0.16227998
0.53899676,0.0,0.29926196
0.25963217,0.0,0.5099384
0.56770504,0.0,0.0
0.5736409,0.0,0.07179372
0.55411375,0.0,0.005471935
0.7021709,0.0,0.1569075
0.558626,0.0,0.0
0.9813095,0.0,0.06917197
0.8507601,0.0,0.06703763
0.49072522,0.0,0.33501688
0.7754945,0.0,0.5768114
0.70872974,0.0,0.2666337
0.8698347,0.0,0.12803169
0.9415347,0.0,0.13629696
0.37444144,0.0,0.20386517
0.53578573,0.0,0.00039878045
0.41172493,0.0,0.03297033
0.3725438,0.0,0.33491832
0.15859528,1.0,0.24519244
0.67254394,0.0,0.007356581
0.6074735,0.0,0.055330325
0.49016446,0.0,0.0
0.6149906,0.0,2.5197303e-05
0.45246094,0.0,0.27008814
0.79388183,0.0,0.01420624
0.40031675,0.0,0.20442966
0.5918817,0.0,0.40451714
0.65435416,0.0,0.9385453
