gate_value,label,rsa
0.066005446,0.0,0.9624663
0.13888448,0.0,0.8089256
0.590424,0.0,0.79119414
0.38196748,0.0,0.52181286
0.2364048,0.0,0.5372826
0.6185767,0.0,0.27713892
0.34648424,0.0,0.44998133
0.38980484,0.0,0.43965134
0.4099753,0.0,0.160719
0.4915134,0.0,0.42981905
0.5612117,0.0,0.023962226
0.6772221,0.0,0.34508154
0.58768827,0.0,0.5318038
0.58173853,0.0,0.45832244
0.30383328,0.0,0.32220113
0.39590135,0.0,0.40448034
0.5240329,0.0,0.15239489
0.38152012,0.0,0.27658677
0.47190332,0.0,0.008953712
0.17562553,0.0,0.45450652
0.7218073,0.0,0.2133079
0.23924409,0.0,0.49251163
0.45435017,0.0,0.8098321
0.45084414,0.0,0.5468054
0.1444512,0.0,0.6838916
0.44619134,0.0,0.65104806
0.3749834,0.0,0.6836459
0.18235558,0.0,0.6894206
0.07812666,0.0,0.44226024
0.7052695,0.0,0.43345827
0.19918045,1.0,0.15949132
0.7863525,1.0,0.047703467
0.4994772,0.0,0.05613373
0.6279119,1.0,0.08900481
0.64339894,0.0,0.0013777926
0.36203715,1.0,0.1310607
0.07994586,0.0,0.1317052
0.31487578,0.0,0.33212823
0.36372554,0.0,0.74422216
0.37028491,0.0,0.5154368
0.057722356,1.0,0.75709003
0.16037041,1.0,0.5253368
0.2233965,1.0,0.5008694
0.79471004,0.0,0.2736102
0.7430558,0.0,0.0070038293
0.57182246,1.0,0.05351279
0.4560641,0.0,0.07551768
0.7325547,1.0,0.2880056
0.22064532,0.0,0.4450708
0.33960715,0.0,0.8012437
0.20738968,1.0,0.47412145
0.4067181,0.0,0.6111903
0.35168993,0.0,0.3093853
0.23208047,0.0,0.34275252
0.16574025,0.0,0.39000753
0.2481444,0.0,0.38954303
0.19339466,0.0,0.5977303
0.4611489,0.0,0.46034533
0.5137734,0.0,0.21982348
0.38981655,0.0,0.034873303
0.11830189,0.0,0.19459295
0.7916171,0.0,0.0083217425
0.23213226,0.0,0.40068266
0.16452545,0.0,0.6517612
0.3911443,0.0,0.708087
0.56119895,0.0,0.12638797
0.82913184,0.0,0.17405787
0.92549074,0.0,0.0
0.07504694,0.0,0.2495956
0.49988773,0.0,0.0
0.049656216,0.0,0.32341853
0.058977537,0.0,0.63100284
0.5967726,0.0,0.019043893
0.09356681,0.0,0.49133584
0.18635352,0.0,0.46980664
0.27019116,0.0,0.7491086
0.13127382,0.0,0.241809
0.24490495,0.0,0.15196672
0.4036248,0.0,0.20034578
0.5030706,0.0,0.31210908
0.37504515,0.0,0.012154404
0.0788892,1.0,0.3145396
0.6650883,0.0,0.0
0.43375507,0.0,0.014178133
0.8495032,0.0,0.08279789
0.6705173,1.0,0.17718127
0.45314342,1.0,0.11600234
0.1855582,1.0,0.23669942
0.14956942,1.0,0.7792398
0.6727883,1.0,0.33084956
0.052543867,1.0,0.55007833
0.30022287,1.0,0.47846347
0.90327543,0.0,0.4643987
0.51502424,0.0,0.16966817
0.41824076,1.0,0.40389943
0.31574422,0.0,0.2359074
0.3634781,0.0,0.21648611
0.48803574,0.0,0.024727518
0.14761056,0.0,0.10649408
0.63800126,0.0,0.00018071233
0.18340604,0.0,0.23920013
0.74986166,0.0,0.14614147
0.71822226,0.0,0.33660543
0.09482261,0.0,0.7845317
0.1365746,0.0,1.0
0.045247078,0.0,0.5679186
0.1426975,0.0,0.114027575
0.080135666,0.0,0.86244816
0.13100109,0.0,0.32810304
0.21683703,0.0,0.1719101
0.37328172,0.0,0.5652577
0.33346736,0.0,0.92893285
0.4148447,0.0,0.317675
0.49899757,0.0,0.6770252
0.46444157,0.0,0.10897321
0.24411921,0.0,0.42956075
0.19818822,0.0,0.58765274
0.118080966,0.0,0.53899485
0.3448459,0.0,0.24872689
0.31837302,0.0,0.1936969
0.736266,0.0,0.13752337
0.5458112,0.0,0.15402633
0.6576999,0.0,0.09532572
0.7634077,0.0,0.381429
0.5401363,0.0,0.13743412
0.4923893,0.0,0.04107702
0.60692394,0.0,0.06452044
0.12594357,0.0,0.29167876
0.6543175,0.0,0.51204777
0.80230296,1.0,0.4625786
0.35350686,0.0,0.25237396
0.70186806,1.0,0.43061015
0.4680047,0.0,0.09911079
0.63022184,1.0,0.3911022
0.7509817,0.0,0.0009920696
0.86846405,1.0,0.18052663
0.7796069,0.0,0.2130148
0.48420033,1.0,0.4210343
0.51572764,0.0,0.00952022
0.29018074,0.0,0.5303675
0.84415305,0.0,0.003321044
0.51008815,0.0,0.36329117
0.8761543,0.0,0.00034638456
0.5258622,0.0,0.17007025
0.7085462,0.0,0.10327244
0.7221266,0.0,0.2168791
0.6270721,0.0,0.6671845
0.562682,0.0,0.29044977
0.3562441,0.0,0.6045981
0.440868,0.0,0.7403727
0.55105734,0.0,0.21323003
0.76547015,0.0,0.18620154
0.4626913,0.0,0.50919205
0.7771894,0.0,0.04867146
0.51976806,0.0,0.4701788
0.330057,0.0,0.5304652
0.8443801,0.0,0.02957219
0.41312024,1.0,0.25137284
0.8646806,0.0,0.0012537548
0.77170366,1.0,0.40443778
0.7061399,0.0,0.0065226764
0.91676563,1.0,0.3306802
0.81876093,0.0,0.007481868
0.53360575,1.0,0.32314426
0.8124177,0.0,0.18176062
0.71937215,1.0,0.57638437
0.5914958,1.0,0.5396993
0.7044782,0.0,0.018499002
0.8623571,1.0,0.13929941
0.8401318,0.0,0.014898232
0.8321769,1.0,0.36372882
0.86045486,1.0,0.017587552
0.8447651,1.0,0.20220757
0.8115131,0.0,0.016486397
0.9563905,1.0,0.20698129
0.5890288,1.0,0.4838156
0.9374284,0.0,0.0063372
0.598731,0.0,0.19667682
0.68691593,0.0,0.23368026
0.7033379,0.0,0.37204972
0.71938133,0.0,0.0033720396
0.9182834,0.0,0.0
0.850052,0.0,0.06438955
0.80181503,0.0,0.025851302
0.91381085,0.0,0.0072570015
0.86556333,0.0,0.022343338
0.7855245,0.0,0.007064969
0.90867513,0.0,0.00035837467
0.6542996,0.0,0.01634956
0.8010521,0.0,0.072478496
0.9511138,0.0,0.0070801834
0.8468533,0.0,0.01814642
0.6500249,0.0,0.10313124
0.9261019,0.0,0.010672615
0.9220484,0.0,0.0
0.84763217,0.0,0.0
0.8724132,0.0,0.015570219
0.88491344,0.0,0.002749529
0.837821,0.0,0.023419697
0.75149184,0.0,0.011882568
0.3496661,1.0,0.35178834
0.22726156,0.0,0.3277053
0.32790223,0.0,0.29845878
0.12962057,0.0,0.63908446
0.22525011,0.0,0.5009139
0.39576426,0.0,0.1301909
0.07845701,0.0,0.44658062
0.4329,0.0,0.05369515
0.7341539,0.0,0.0017609202
0.89218974,0.0,0.0064770193
0.4402085,0.0,0.0687526
0.7629992,0.0,0.10116778
0.92230445,0.0,0.01828621
0.45441273,0.0,5.527609e-05
0.77951306,0.0,0.02022046
0.28409323,0.0,0.18548393
0.88669413,0.0,0.029230105
0.31140926,0.0,0.33727527
0.7423385,0.0,0.02622168
0.26265883,0.0,0.4383916
0.7566482,0.0,0.029421814
0.2724273,0.0,0.20200814
0.59583855,0.0,0.0020355093
0.41062376,0.0,0.22670327
0.7745323,0.0,0.028388785
0.6820866,0.0,0.3896868
0.41686055,0.0,0.7842478
0.75927913,0.0,0.35666957
0.429115,0.0,0.68866277
0.7479123,0.0,0.4909761
0.3720449,0.0,0.399745
0.85723585,0.0,0.009523678
0.4099152,0.0,0.25350484
0.79849684,0.0,0.008314704
0.24674623,0.0,0.44419906
0.65905863,0.0,0.030959768
0.27806166,0.0,0.3253654
0.85028255,0.0,0.008203055
0.505772,0.0,0.47110397
0.3076192,0.0,0.011354909
0.66602355,0.0,0.3048292
0.33304137,0.0,0.2934766
0.2758747,0.0,0.75953585
0.5304387,0.0,0.6087553
0.34689507,0.0,0.4251496
0.36225966,1.0,0.25449923
0.87884337,0.0,0.013751008
0.23836382,0.0,0.19052984
0.74184245,0.0,0.019220319
0.2781819,0.0,0.35737503
0.8162182,0.0,0.032023404
0.32480043,0.0,0.3323677
0.80570316,0.0,0.02184758
0.5549715,0.0,0.42144278
0.4780191,0.0,0.1533257
0.58399755,0.0,0.16941379
0.8528278,0.0,0.010033336
0.7591459,0.0,0.14339328
0.68056375,0.0,0.5483036
0.77853745,0.0,0.06506565
0.76282126,0.0,0.38251856
0.5274463,0.0,0.44638675
0.33934844,0.0,0.4003604
0.67883927,0.0,0.04495879
0.22715269,0.0,0.4043179
0.62069964,0.0,0.09370165
0.30785874,0.0,0.40766767
0.7445924,0.0,0.056936633
0.318337,0.0,0.4978463
0.2634981,0.0,0.5405132
0.88345605,0.0,0.1408449
0.153277,0.0,0.44608045
0.49322632,0.0,0.059714545
0.26571327,0.0,0.34475008
0.803113,0.0,0.046561
0.15964733,0.0,0.36642003
0.58417094,0.0,0.1628032
0.51509583,0.0,0.48286197
0.37893635,0.0,0.62743837
0.43667227,0.0,0.21585031
0.43014333,0.0,0.297654
0.85764134,0.0,0.029664183
0.5065457,0.0,0.32214043
0.86184126,0.0,0.05205552
0.8019988,0.0,0.566232
0.7146613,0.0,0.1191563
0.54265416,0.0,0.47503158
0.8262381,0.0,0.09728589
0.24293974,0.0,0.49737018
0.77847564,0.0,0.040176414
0.10500475,0.0,0.22353056
0.41787657,0.0,0.07904398
0.44578522,0.0,0.41773093
0.55039805,0.0,0.40475613
0.35730937,0.0,0.77832144
0.23915885,0.0,0.7443787
0.6452236,0.0,0.40090892
0.40630496,0.0,0.4739174
0.3778234,0.0,0.49263823
0.7036987,0.0,0.28208143
0.3954317,0.0,0.34856674
0.88144535,0.0,0.014463951
0.4258854,0.0,0.2982305
0.88514936,0.0,0.031318784
0.3048885,0.0,0.5289971
0.70770985,0.0,0.068884976
0.21400174,0.0,0.22941533
0.8238879,0.0,0.0048923604
0.44437107,0.0,0.33933273
0.6746739,0.0,0.06575886
0.6661321,0.0,0.50899583
0.46074736,0.0,0.36024603
0.58437395,0.0,0.93271124
0.3180492,0.0,1.0
0.7860974,0.0,0.7967524
0.55226094,0.0,0.21878585
0.32722408,0.0,0.29754642
0.5948846,0.0,0.5270314
0.5531196,0.0,0.2919188
0.42457497,0.0,0.05253527
0.38958913,0.0,0.13525626
0.55737185,0.0,0.014093515
0.40954393,0.0,0.28281808
0.5446088,0.0,0.025722802
0.39496964,0.0,0.32936463
0.32215878,0.0,0.33667386
0.6696176,0.0,0.04236736
0.46434084,1.0,0.47865695
0.6731461,1.0,0.056161437
0.6392739,1.0,0.53825504
0.6825256,0.0,0.087890364
0.28272575,0.0,0.29737356
0.31348515,0.0,0.48484558
0.39072874,0.0,0.58723736
0.6136633,1.0,0.53669196
0.37204412,0.0,0.39964727
0.8310456,1.0,0.15266289
0.8349208,0.0,0.0037773186
0.9085518,1.0,0.39321396
0.84642375,1.0,0.013415969
0.8862676,1.0,0.09897063
0.8538169,0.0,0.015917987
0.8870714,0.0,0.059101567
0.69662213,0.0,0.01829535
0.5855347,0.0,0.24901636
0.7517179,0.0,0.002914047
0.46447366,0.0,0.025493886
0.22193259,0.0,0.2248652
0.48963368,0.0,0.57104135
0.3370625,0.0,0.75515544
0.25282183,0.0,0.7405213
0.5948514,0.0,0.29685947
0.7386373,0.0,0.43147236
0.42688066,0.0,0.4139587
0.41831222,0.0,0.61151075
0.8340223,0.0,0.21330808
0.09194261,0.0,0.25010803
0.56240535,0.0,0.12732172
0.54081285,0.0,0.58079493
0.28917378,0.0,0.5928386
0.91414255,0.0,0.10627803
0.63301694,0.0,0.24009342
0.21590249,0.0,0.6263242
0.7549522,0.0,0.14922595
0.7780927,0.0,0.0
0.17667714,0.0,0.294482
0.360697,0.0,0.42288944
0.8880768,0.0,0.04146968
0.6144894,0.0,0.06647514
0.2904832,0.0,0.47532445
0.60296315,0.0,0.29384357
0.74795294,0.0,0.17232613
0.23682594,0.0,0.6825418
0.40239215,0.0,0.45744953
0.51519185,0.0,0.68647254
0.5352889,0.0,0.08666665
0.13058263,0.0,0.7849177
0.78362656,0.0,0.22175346
0.41054633,0.0,0.4678052
0.7123393,0.0,0.23175052
0.2786111,0.0,0.7037374
0.22652635,1.0,0.3523858
0.5663173,0.0,0.0761
0.5583616,0.0,0.24074209
0.38649145,1.0,0.47153464
0.59793013,1.0,0.21074098
0.88148355,1.0,0.0818073
0.5900999,1.0,0.5428311
0.81312406,1.0,0.0814731
0.55453634,1.0,0.7048293
0.45990983,1.0,0.48542443
0.282695,0.0,0.5303386
0.30623993,0.0,0.16113302
0.67716515,0.0,0.01898541
0.2578564,0.0,0.41334128
0.11393273,0.0,0.7326552
0.21193132,0.0,0.35886788
0.18110022,0.0,0.57032603
0.43111286,0.0,0.66100734
0.25524154,0.0,0.22653465
0.40453744,0.0,0.11986688
0.6930082,0.0,0.02380006
0.475426,0.0,0.25446767
0.6629972,1.0,0.075063825
0.5952744,0.0,0.09337856
0.7219868,0.0,0.018505458
0.53000987,0.0,0.00014953256
0.17125529,0.0,0.38896248
0.7193262,0.0,0.18766433
0.18297875,0.0,0.5663449
0.14478745,0.0,0.8082019
0.5847884,0.0,0.3310718
0.273884,0.0,0.8416503
0.47227105,1.0,0.5122751
0.64499635,1.0,0.14045389
0.7082148,1.0,0.19774629
0.5496113,1.0,0.37607193
0.7754535,0.0,0.25095448
0.83369106,1.0,0.015620846
0.88548046,0.0,0.0
0.85932326,0.0,0.0
0.7220113,0.0,0.10064649
0.68836695,0.0,0.07756941
0.5180198,0.0,0.59540784
0.23116393,0.0,0.39850435
0.60595393,0.0,0.7149961
0.10755523,0.0,0.63731617
0.44616908,0.0,0.102807015
0.7027118,0.0,0.06234869
0.8837093,0.0,0.026587129
0.6564159,0.0,0.1066318
0.731446,0.0,0.0022319383
0.12294664,0.0,0.27865952
0.3453041,1.0,0.28833807
0.49293348,1.0,0.44839
0.6281932,1.0,0.122256234
0.22420897,1.0,0.510042
0.81124777,0.0,0.42779708
0.74259335,1.0,0.007903918
0.69207615,0.0,0.14990838
0.46259654,0.0,0.2927153
0.7846028,0.0,0.042112064
0.33703086,0.0,0.27387285
0.5202201,0.0,0.37981635
0.23431258,0.0,0.72537726
0.07641105,0.0,0.3960992
0.27642506,0.0,0.72425926
0.3355868,0.0,0.7429013
0.68473226,0.0,0.73414886
0.63074595,0.0,0.22341824
0.42513588,0.0,0.23539567
0.2908366,1.0,0.49370843
0.84341794,1.0,0.07163702
0.23615885,1.0,0.7038829
0.76426643,0.0,0.032319423
0.50607735,0.0,0.31909776
0.5790062,1.0,0.40152866
0.8641807,1.0,0.06863344
0.83801633,0.0,0.010894694
0.33999032,1.0,0.45346206
0.7970804,1.0,0.28364184
0.9464904,0.0,0.030015118
0.4620633,0.0,0.14717908
0.24802901,1.0,0.49594977
0.6221827,0.0,0.21023272
0.7872409,0.0,0.016469026
0.15549842,0.0,0.50589114
0.5326541,0.0,0.5001984
0.5548472,0.0,0.46029982
0.45717192,0.0,0.0063545527
0.45100775,0.0,0.4129509
0.47558922,0.0,0.50156206
0.78229755,0.0,0.039808262
0.56390387,0.0,0.13296276
0.14455199,0.0,0.7132138
0.68307537,0.0,0.24386832
0.89831746,0.0,0.039508678
0.14984553,0.0,0.27511337
0.669681,0.0,0.011919457
0.6135447,0.0,0.14100526
0.71613306,0.0,0.05693885
0.124637246,0.0,0.076939456
0.64016616,0.0,0.088667095
0.024571298,0.0,0.3348089
0.38926688,0.0,0.015795087
0.17923579,0.0,0.39306116
0.08241176,0.0,0.44889697
0.35313556,0.0,0.121704705
0.34328786,0.0,0.54107535
0.3256848,0.0,0.685852
0.259388,0.0,0.41838863
0.10927711,0.0,0.54705554
0.346638,0.0,0.17348196
0.386175,0.0,0.03347916
0.08797975,0.0,0.19784212
0.32437924,0.0,0.029942414
0.30928022,0.0,0.024386667
0.7057956,0.0,0.010966079
0.3246987,0.0,0.050266154
0.52281296,0.0,0.012639721
0.32669634,0.0,0.52803683
0.3934201,0.0,0.47972706
0.26231125,0.0,0.695559
0.07482798,0.0,0.612324
0.5530953,0.0,0.11167998
0.24120273,0.0,0.26130432
0.5424121,0.0,0.06898299
0.31311983,0.0,0.20394395
0.15735349,0.0,0.47632807
0.3309738,0.0,0.38859582
0.18800104,0.0,0.2903634
0.13732597,0.0,0.7950574
0.16122998,0.0,0.45446154
0.06751527,0.0,0.7448842
0.19335313,0.0,0.24296688
0.19392917,0.0,0.40350732
0.825613,0.0,0.22997338
0.3644043,0.0,0.23840296
0.93354255,0.0,0.07897294
0.16320904,0.0,0.20535591
0.7700546,0.0,0.046278395
0.068307415,0.0,0.12296504
0.5663141,0.0,0.08738061
0.23290065,0.0,0.5605481
0.2834255,0.0,0.09859083
0.86393744,0.0,0.041042924
0.5102337,1.0,0.2904404
0.23704693,0.0,0.086431615
0.97883683,0.0,0.20505276
0.97986937,0.0,0.07929215
0.69874656,1.0,0.43523738
0.7521702,0.0,0.4955506
0.2746027,1.0,0.64081264
0.41590172,0.0,0.73887116
0.5362346,0.0,0.5833027
0.67950165,0.0,0.2661552
0.8981088,0.0,0.27984497
0.47810954,0.0,0.070728496
0.698857,0.0,0.18685512
0.9771852,0.0,0.59215415
0.982178,0.0,0.8223282
0.8266322,0.0,0.60630745
0.75128734,0.0,0.5160865
0.18307292,0.0,0.3780349
0.7869,0.0,0.7393439
0.38822266,0.0,0.22813891
0.7844575,0.0,0.39669013
0.26237586,0.0,0.3436503
0.5188692,0.0,0.15724415
0.3473796,0.0,0.43537104
0.9270724,0.0,0.70526206
0.7650585,0.0,0.054740164
0.2706832,0.0,0.17263687
0.94874156,0.0,0.4855383
0.9640198,0.0,0.66451573
0.46725145,0.0,0.5147987
0.9059694,0.0,0.26358223
0.88381964,0.0,0.47705796
0.6943735,0.0,0.3095124
0.870798,0.0,0.14250864
0.7211921,0.0,0.18085021
0.53671134,1.0,0.3023291
0.59398764,1.0,0.5389831
0.49355727,1.0,0.5670399
0.83753824,1.0,0.78674024
0.5971181,1.0,0.58732605
0.42645678,1.0,0.7784932
0.14293388,1.0,0.7329214
0.5022996,1.0,1.0
0.30638754,0.0,0.5841065
0.3553155,0.0,0.41989076
0.6460161,0.0,0.5804508
0.4463017,0.0,0.57983714
0.51665545,0.0,0.61183506
0.65824145,0.0,0.17861463
0.6050942,0.0,0.4081219
0.74466085,0.0,0.0
0.4699137,0.0,0.36582372
0.48812923,0.0,0.15718669
0.31890714,0.0,0.6478493
0.5453277,0.0,0.06072004
0.28270343,0.0,0.50787395
0.29642758,0.0,0.67343247
0.60507965,0.0,0.123701476
0.5193217,0.0,0.5407209
0.459955,0.0,0.44515616
0.2651872,0.0,0.51334727
0.56975293,0.0,0.026819158
0.56431335,0.0,0.12642393
0.42828152,1.0,0.6137786
0.42266336,0.0,0.29157278
0.69654644,0.0,0.008013342
0.4421655,0.0,0.41691536
0.18436743,0.0,0.51972413
0.4535588,0.0,0.49590415
0.4588193,0.0,0.3425881
0.40113172,0.0,0.10822179
0.5345119,0.0,0.0
0.18871136,0.0,0.26792422
0.59644055,0.0,0.0034687482
0.29266238,0.0,2.6742198e-05
0.21246277,0.0,0.18029067
0.12689796,0.0,0.2968384
0.78143257,0.0,0.007666524
0.5895507,0.0,0.0
0.09802878,0.0,0.47305176
0.07991784,0.0,0.5253599
0.7166395,0.0,0.0
0.27690223,0.0,0.3013342
0.10520582,0.0,0.47165558
0.1444336,0.0,0.36807013
0.13207294,0.0,0.5707029
0.33408332,0.0,0.034574043
0.13435839,0.0,0.6075092
0.6029666,0.0,0.10582112
0.86585915,0.0,0.011145866
0.5276065,0.0,0.40185848
0.100745514,0.0,0.13260764
0.7391163,0.0,0.0
0.74293685,0.0,0.30158043
0.11305815,0.0,0.45355636
0.087955855,0.0,0.22646981
0.8507909,0.0,0.0
0.6751142,0.0,0.003331983
0.14511067,0.0,0.1337107
0.17738234,0.0,0.04292526
0.5048125,0.0,0.0
0.25748035,0.0,0.09318758
0.056741223,0.0,0.55832213
0.1305195,0.0,0.09798124
0.1254578,0.0,0.6507586
0.25223604,0.0,0.38964215
0.5473538,0.0,0.0
0.3628595,0.0,0.11856888
0.07764398,0.0,0.54036343
0.22919777,0.0,0.22459982
0.79127157,1.0,0.14489788
0.55538636,1.0,0.4178856
0.40073767,1.0,0.5133283
0.66309303,1.0,0.5002072
0.7615116,1.0,0.10891471
0.14208855,0.0,0.041831158
0.2770217,1.0,0.3473992
0.34399313,1.0,0.13458663
0.8298301,0.0,0.0
0.21183029,0.0,0.49926838
0.6365816,1.0,0.6167193
0.6295307,0.0,0.101402186
0.49380994,1.0,0.482795
0.7718157,0.0,0.09535385
0.6252611,0.0,0.0
0.47108358,1.0,0.37698856
0.6602475,1.0,0.105674
0.35677135,1.0,0.69472253
0.38156036,1.0,0.6979241
0.20364495,0.0,0.6270534
0.2692256,0.0,0.15858519
0.26068896,0.0,0.29163745
0.6621284,0.0,0.2822713
0.45309147,0.0,0.570954
0.12511224,1.0,0.8451642
0.6801475,0.0,0.3189353
0.29701677,1.0,0.22558972
0.5459211,1.0,0.1680224
0.29385924,1.0,0.11576016
0.307585,0.0,0.14285818
0.46338937,0.0,0.07126155
0.6281685,0.0,0.03583085
0.5699525,0.0,0.04793552
0.10440444,0.0,0.44781762
0.120134845,0.0,0.4819648
0.35200703,0.0,0.27743065
0.7714351,0.0,0.09954566
0.76137483,0.0,0.6597409
0.45541704,0.0,0.48129493
0.52054304,0.0,0.6470321
0.6300134,0.0,0.019184537
0.26662102,0.0,0.29250577
0.7773899,0.0,0.08002306
0.80929404,0.0,0.051032495
0.16279268,0.0,0.23524399
0.6381608,0.0,0.008110315
0.16373767,0.0,0.4006737
0.47952747,0.0,0.06197421
0.5314781,0.0,0.034729343
0.29479286,0.0,0.068576045
0.41993824,0.0,0.0
0.59459525,0.0,0.0
0.80374455,0.0,0.03766073
0.89646256,0.0,0.0
0.20035341,0.0,0.455711
0.75653374,0.0,0.233223
0.6948873,0.0,0.096568756
0.93406886,0.0,0.16210988
0.4135074,0.0,0.39928794
0.6999193,0.0,0.20237668
0.37445897,0.0,0.3702109
0.77130836,0.0,0.8197432
0.428524,0.0,0.5412905
0.30957675,0.0,0.7661752
0.06145957,0.0,0.66800034
0.14940439,0.0,0.5134894
0.13225159,0.0,0.16506518
0.07953109,0.0,0.5797796
0.89772934,0.0,0.0
0.29125103,0.0,0.09006069
0.89363575,0.0,0.011111732
0.2072278,0.0,0.19827956
0.77049214,0.0,0.08644884
0.3817962,0.0,0.39086682
0.7403177,0.0,0.8289399
0.6662196,0.0,0.58402884
0.16054872,0.0,0.6371563
0.4404264,0.0,0.2610334
0.110742584,0.0,0.5660359
0.6956935,0.0,0.256316
0.21973404,0.0,0.45049268
0.713888,0.0,0.0044642696
0.051620364,0.0,0.4057589
0.6789632,0.0,0.0
0.348073,0.0,0.28420776
0.31015536,0.0,0.3411695
0.77361727,0.0,0.58704937
0.6406863,0.0,0.14069648
0.8326946,1.0,0.19903259
0.8927044,0.0,0.0
0.9819395,0.0,0.0
0.9365847,0.0,0.22171827
0.7188879,0.0,0.0
0.94181025,0.0,0.0
0.87532574,0.0,0.2349456
0.538033,0.0,0.5820364
0.4621516,0.0,0.3211434
0.16280171,0.0,0.60486543
0.604902,0.0,0.2672913
0.7279308,0.0,0.6731884
0.6575049,0.0,0.08846967
0.7778338,0.0,0.2467178
0.86495805,0.0,0.392032
0.94805545,0.0,0.5087932
0.939752,0.0,0.3254099
0.78311193,1.0,0.32190093
0.91447,1.0,0.48588157
0.91287816,0.0,0.006403482
0.9225984,1.0,0.474383
0.89365005,1.0,0.19744189
0.88550776,1.0,0.0111708725
0.97653687,0.0,0.2055245
0.7293716,0.0,0.039862573
0.85092115,0.0,0.001155411
0.7420301,0.0,0.0007992741
0.23697115,0.0,0.23936611
0.5733301,0.0,0.2101118
0.31490526,0.0,0.52460617
0.4533452,0.0,0.3684437
0.4046723,0.0,0.3098546
0.04068656,0.0,0.43819353
0.6219462,0.0,0.17633773
0.15916568,1.0,0.29707178
0.97366804,0.0,0.079288416
0.831146,1.0,0.6285775
0.67371124,1.0,0.39934027
0.90979755,1.0,0.11768259
0.92480946,1.0,0.5586439
0.974841,1.0,0.27061793
0.9525717,1.0,0.047950484
0.93669826,1.0,0.3989484
0.69173217,1.0,0.6194848
0.48454267,1.0,0.5998393
0.8562319,1.0,0.20560959
0.563973,0.0,0.34028375
0.59265524,0.0,0.671039
0.6694669,0.0,0.37516683
0.5462553,0.0,0.114673264
0.92027515,0.0,0.09360562
0.81267095,0.0,0.0016068312
0.9149593,0.0,0.00081583374
0.9362576,0.0,0.01835889
0.9283286,0.0,0.028486226
0.9551946,1.0,0.042568292
0.88210857,0.0,0.0
0.27942678,0.0,0.2194301
0.4094723,0.0,0.005798101
0.16430274,0.0,0.4007649
0.4790698,0.0,0.21333621
0.07416789,0.0,0.41635704
0.5450151,0.0,0.010502776
0.12276148,0.0,0.24726498
0.7285342,0.0,0.0
0.32226032,0.0,0.15204906
0.890141,0.0,0.043129686
0.724641,0.0,0.3635031
0.5306436,0.0,0.12012817
0.9480545,1.0,0.2514665
0.8515252,0.0,0.64005136
0.5786376,0.0,0.23585239
0.94433635,0.0,0.20871799
0.8475935,1.0,0.8756471
0.60073125,0.0,0.5072932
0.7185054,0.0,0.09298214
0.9127045,0.0,0.0
0.87749076,0.0,0.09027319
0.85014623,0.0,0.008375504
0.28033546,0.0,0.39653268
0.50869644,0.0,0.0
0.3360541,0.0,0.42460704
0.25466442,1.0,0.21368818
0.28192562,0.0,0.1224817
0.52398336,0.0,0.7927616
0.6266433,0.0,0.73412484
0.954492,0.0,0.27818382
0.1659775,0.0,0.20963939
0.71842974,0.0,0.032474548
0.71296084,0.0,0.0058854865
0.60685945,0.0,0.07121507
0.8162809,0.0,0.0050227726
0.2571146,0.0,0.3939318
0.5979526,0.0,0.008127052
0.23212563,0.0,0.22403026
0.64546096,0.0,0.73224616
0.378763,0.0,0.8200751
0.6421182,0.0,0.12460435
0.49889535,0.0,0.12586226
0.8313571,0.0,0.0064184177
0.78631634,0.0,0.00776132
0.8417409,0.0,0.0026866214
0.3118534,0.0,0.011128532
0.6017735,0.0,0.0
0.19411959,0.0,0.08800763
0.3880778,0.0,0.028190976
0.2822146,0.0,0.18034911
0.7695961,0.0,0.06416977
0.27165338,0.0,0.00954234
0.61906993,0.0,0.011469441
0.43852633,0.0,0.029284777
0.55150205,0.0,0.21546942
0.38154393,0.0,0.29599914
0.5534103,0.0,0.6202716
0.332181,0.0,0.77995104
0.44462526,0.0,0.77187985
0.55147475,0.0,0.27844197
0.40144145,0.0,0.59309536
0.58455205,0.0,0.49679244
0.34066257,0.0,0.10481466
0.532523,0.0,0.7910273
0.7099349,0.0,0.0950362
0.28976366,0.0,0.44276786
0.5256062,0.0,0.12408576
0.7762607,0.0,0.5111218
0.6968952,0.0,0.13196011
0.55164975,0.0,0.66476715
0.7266779,0.0,0.22007807
0.6746817,0.0,0.019757409
0.6505842,0.0,0.5404273
0.74628663,0.0,0.39541867
0.889689,0.0,0.061481506
0.5803839,0.0,0.21632391
0.8499601,0.0,0.42845595
0.8857794,0.0,0.25192276
0.705939,0.0,0.5773381
0.8353541,0.0,0.11418938
0.52549195,0.0,0.5534724
0.6064674,0.0,0.8185822
0.37703934,0.0,0.18036467
0.566838,0.0,0.61322796
0.61847645,0.0,0.37411296
0.25520498,0.0,0.5841532
0.5799042,0.0,0.72573787
0.17997636,0.0,0.6454973
0.38078105,0.0,0.8423085
0.438408,0.0,0.71165115
0.657562,0.0,0.048132665
0.57423013,0.0,0.30850902
0.7930792,0.0,0.0
0.83838207,0.0,0.09310113
0.53033423,0.0,0.00035438736
0.7078287,0.0,0.17429918
0.73334646,0.0,0.0028020302
0.85863227,0.0,0.08940846
0.92100567,0.0,0.41072825
0.67709047,0.0,0.4044942
0.5582278,0.0,0.3091799
0.51991946,0.0,0.35484695
0.33046547,0.0,0.14192016
0.62117517,0.0,0.12041738
0.35257423,0.0,0.46067286
0.6367944,0.0,0.07020676
0.32369006,0.0,0.27402732
0.90592265,0.0,0.019609658
0.79579777,0.0,0.011975921
0.5335402,0.0,0.5517415
0.61648554,0.0,0.17228048
0.74957657,0.0,0.46888223
0.8491851,0.0,0.0030514565
0.6483916,0.0,0.3104629
0.84363925,0.0,0.108551085
0.11077788,0.0,0.2571949
0.7322012,0.0,0.07416196
0.723355,0.0,0.014060996
0.51761436,0.0,0.55291444
0.5386959,0.0,0.2532153
0.5391418,0.0,0.18737759
0.18338434,0.0,0.6310641
0.5060678,0.0,0.48580602
0.70593536,0.0,0.5328052
0.6803146,0.0,0.3665363
0.42553228,0.0,0.5732587
0.7168851,0.0,0.12042722
0.7021877,0.0,0.37220648
0.85960436,0.0,0.009165302
0.8330177,0.0,0.2714864
0.8566537,0.0,0.030646134
0.92326117,0.0,0.12173461
0.5522114,0.0,0.016592301
0.9529178,0.0,9.765219e-05
0.40405393,0.0,0.1417113
0.74435794,0.0,0.065196656
0.45136172,0.0,0.30642405
0.609175,0.0,0.5712484
0.22406279,0.0,0.6016732
0.9048083,0.0,0.008742858
0.8728257,0.0,0.21927069
0.5919788,0.0,0.516375
0.7807251,0.0,0.39374456
0.91328883,0.0,0.073994786
0.77485543,0.0,0.037892647
0.6394519,0.0,0.81992394
0.6217381,0.0,0.5332755
0.9519907,0.0,0.042922053
0.87247854,0.0,0.17775533
0.70723134,0.0,0.0
0.65600455,0.0,0.0139817055
0.7534291,0.0,0.0
0.93332255,0.0,0.0
0.92084664,0.0,0.0
0.8350383,0.0,0.0102708135
0.83694994,0.0,0.26205558
0.9229623,0.0,0.048778027
0.8190052,0.0,0.28372812
0.9639381,0.0,0.048986305
0.9573638,0.0,0.0
0.98305684,0.0,0.0071505373
0.7746881,0.0,0.0067051267
0.8752163,0.0,0.14569026
0.8871527,0.0,0.059977006
0.8787732,0.0,0.0008502454
0.82603997,0.0,0.1012566
0.8364462,0.0,0.5389928
0.7783023,0.0,0.36728546
0.88145614,0.0,0.20616403
0.15429397,0.0,0.7804621
0.7479668,0.0,0.216119
0.5647027,0.0,0.16239725
0.5740477,0.0,0.15707237
0.77484983,0.0,0.14795287
0.75668323,0.0,0.0039399522
0.9345679,0.0,0.059441715
0.5228741,0.0,0.0016870826
0.76143134,0.0,0.0
0.87378246,0.0,0.0014036401
0.8925245,0.0,0.0
0.7609608,1.0,0.43583858
0.6170833,1.0,0.40383708
0.76461816,1.0,0.46583083
0.7597791,1.0,0.4509703
0.9191688,0.0,0.020612897
0.7837022,0.0,0.07013211
0.7482582,0.0,0.00027685077
0.8388563,0.0,0.029509615
0.57318914,0.0,0.0004119856
0.8910505,0.0,0.047855664
0.8602296,0.0,0.1659736
0.93259394,0.0,0.3369269
0.89889497,0.0,0.7468752
0.935002,0.0,0.2034686
0.86511445,0.0,0.08471724
0.859369,0.0,0.06590506
0.6985486,1.0,0.52323335
0.81197816,1.0,0.5045595
0.63660604,1.0,0.20094639
0.83633465,0.0,0.04624184
0.7114871,1.0,0.62884307
0.7730429,1.0,0.6411328
0.84434074,0.0,0.0930522
0.28123754,1.0,0.22685711
0.7450832,0.0,0.20186749
0.63474196,0.0,0.0077767423
0.291426,0.0,0.41623437
0.7081476,0.0,0.10994143
0.2853324,0.0,0.18363616
0.1785768,0.0,0.5861724
0.73370624,0.0,0.34830564
0.44422847,0.0,0.81136125
0.574502,0.0,0.7584706
0.8717733,0.0,0.16687775
0.4438155,0.0,0.100875266
0.6628722,0.0,0.06697334
0.55601287,0.0,0.019356353
0.704336,0.0,0.06484988
0.8809383,0.0,0.00021972154
0.4387238,0.0,0.012058233
0.7532615,0.0,0.009230581
0.17809308,0.0,0.36607674
0.7314149,0.0,0.14527197
0.87213755,0.0,0.0014320347
0.36146298,0.0,0.17020857
0.4763119,0.0,0.026556002
0.1814427,0.0,0.31950593
0.34052113,0.0,0.74924225
0.21727772,0.0,0.52817154
0.3110899,0.0,0.5261659
0.6130214,0.0,0.010042818
0.11903557,0.0,0.66017884
0.5288872,0.0,0.20790909
0.19746642,0.0,0.4588833
0.21863072,0.0,0.8104255
0.41313392,0.0,0.5606907
0.53314406,0.0,0.045727003
0.59223825,0.0,0.11555478
0.4557471,0.0,0.3695092
0.6354616,0.0,0.46079928
0.40197635,0.0,0.009410834
0.88879657,0.0,0.10497138
0.8753345,0.0,0.004868212
0.6142084,0.0,0.110004745
0.7397212,0.0,0.0
0.89168465,0.0,0.037980553
0.8687032,0.0,0.013783102
0.41076538,0.0,0.2000845
0.46813065,0.0,0.31253368
0.5525486,0.0,0.17145124
0.71773785,0.0,0.08369579
0.86029947,0.0,0.00573458
0.542289,0.0,0.17820713
0.79233783,0.0,0.005996703
0.1700337,0.0,0.22748682
0.36350626,0.0,0.32315785
0.3937084,0.0,0.22265948
0.8302406,0.0,0.0
0.5612789,0.0,0.09846382
0.17369315,0.0,0.513183
0.1335753,0.0,0.2023318
0.9449905,0.0,0.00819363
0.7561157,0.0,0.044235263
0.1774691,0.0,0.36763236
0.40940857,0.0,0.19979818
0.77627116,0.0,0.0
0.20215361,0.0,0.18728136
0.104359336,0.0,0.6074569
0.5017681,0.0,0.29192042
0.75124234,0.0,0.026325835
0.26982236,0.0,0.6516358
0.2522242,0.0,0.7088964
0.46624494,0.0,0.5758287
0.17721426,0.0,0.5172402
0.33982307,0.0,0.50286275
0.22977708,0.0,0.49139985
0.26563674,0.0,0.24360509
0.3216279,0.0,0.6875799
0.6928705,0.0,0.3234474
0.7946762,0.0,0.27342972
0.65701765,0.0,0.70355946
0.8849929,0.0,0.4622582
0.97386533,0.0,0.07368499
0.27576104,0.0,0.4279284
0.28746465,0.0,0.20044675
0.7784056,0.0,0.0035525754
0.42720416,0.0,0.047996297
0.21443188,0.0,0.045033935
0.48835155,0.0,0.1497333
0.4093466,0.0,0.7522684
0.37516358,0.0,0.31257355
0.9032777,0.0,0.06609303
0.5609726,0.0,0.40478653
0.51381344,1.0,0.57179135
0.40379918,1.0,0.41495323
0.5949971,1.0,0.6746646
0.60570025,1.0,0.113605715
0.5102055,1.0,0.21840523
0.77365136,1.0,0.13603616
0.676309,0.0,0.20471875
0.87032026,0.0,0.061065093
0.4027874,0.0,0.0624505
0.12541154,1.0,0.31633222
0.47008082,0.0,0.0
0.118112594,1.0,0.1410495
0.6605675,0.0,0.009710941
0.06909216,0.0,0.107463315
0.45497748,0.0,0.02625127
0.07479486,0.0,0.21603575
0.2489278,0.0,0.6996416
0.309733,1.0,0.7109033
0.43666914,1.0,0.25000072
0.1216248,1.0,0.39209142
0.7300994,0.0,0.00040810983
0.10790888,1.0,0.20274854
0.57205546,0.0,0.0075695775
0.5315869,1.0,0.10058506
0.44206277,0.0,0.013815578
0.28581312,1.0,0.27837348
0.596812,0.0,0.004389952
0.6785903,0.0,0.0010398774
0.7850652,1.0,0.0450083
0.6187693,0.0,0.16745473
0.39025128,1.0,0.50920594
0.7787325,0.0,0.2910585
0.61111444,0.0,0.5465647
0.38356528,0.0,0.82439613
0.5965063,0.0,0.22189198
0.52749765,0.0,0.08267193
0.4253486,0.0,0.0
0.29035792,0.0,0.0
0.4267594,0.0,0.00016935113
0.79780346,0.0,0.0005508636
0.55365616,0.0,0.005624639
0.35382023,0.0,0.08347314
0.19441202,0.0,0.2084032
0.8108019,0.0,0.17089568
0.22850767,0.0,0.8390817
0.5860399,0.0,0.790747
0.7153266,0.0,1.0
0.7795644,0.0,0.7824427
0.6476342,0.0,0.17962989
0.9504731,0.0,0.0027977368
0.9329954,0.0,0.010245366
0.77274036,0.0,0.12776448
0.8128003,0.0,0.0007591488
0.8965122,0.0,0.007370402
0.584659,0.0,0.0013397892
0.70688283,1.0,0.056568626
0.89410067,0.0,0.0
0.70913136,0.0,0.0
0.8306196,1.0,0.024503984
0.46918792,1.0,0.07869515
0.79707015,0.0,0.01053306
0.59738696,0.0,0.0
0.76036817,0.0,0.002066568
0.3807023,0.0,0.012962373
0.6203129,0.0,0.0
0.239159,0.0,0.02251254
0.46327415,0.0,0.069235116
0.22797856,0.0,0.47642532
0.28350854,0.0,0.5977897
0.03021873,0.0,0.50997895
0.23702766,0.0,0.26079103
0.83871627,0.0,0.0
0.5322378,0.0,0.0
0.68929464,0.0,0.016850166
0.7357161,1.0,0.038927518
0.7779947,1.0,0.2879874
0.9295563,0.0,0.039080754
0.89943826,1.0,0.27199012
0.7113785,1.0,0.53868204
0.61510384,1.0,0.5998645
0.5854199,1.0,0.2584903
0.8006223,1.0,0.13691631
0.27704984,0.0,0.0
0.74445075,1.0,0.30742368
0.6418807,1.0,0.61622936
0.87845075,0.0,0.23845118
0.3354269,0.0,1.0
0.62371415,0.0,0.5353275
0.28967452,0.0,0.38324952
0.1832293,0.0,0.44901684
0.34449163,0.0,0.10551902
0.57016754,0.0,0.6452038
0.3131599,0.0,0.054535266
0.42109588,0.0,0.33768982
0.21084431,0.0,0.48117802
0.24791972,0.0,0.68261296
0.3839329,0.0,0.10435704
0.085572824,0.0,0.50092673
0.7908194,0.0,0.08586629
0.19998348,0.0,0.21716584
0.43544286,0.0,0.0
0.11435384,0.0,0.49438912
0.6168825,0.0,0.06222903
0.36313868,0.0,0.6576885
0.17934804,0.0,0.13248798
0.17891824,0.0,0.80548954
0.21643014,0.0,0.3786326
0.070845276,0.0,0.41795695
0.54458135,0.0,0.01690362
0.18704744,0.0,0.5994762
0.91526294,1.0,0.39593157
0.45635322,0.0,0.007913774
0.99364895,1.0,0.17136566
0.7312762,0.0,0.0
0.956883,1.0,0.16650604
0.5514477,0.0,0.12192892
0.23365016,0.0,0.42825627
0.25713992,1.0,0.8978357
0.52119184,1.0,0.454001
0.7657209,1.0,0.29796952
0.9043953,0.0,0.0010141023
0.71152526,0.0,0.0
0.8937424,1.0,0.23533353
0.6632461,0.0,0.03346708
0.8466605,1.0,0.3570579
0.24236426,0.0,0.685494
0.11852566,0.0,0.73232806
0.25803766,1.0,0.41766113
0.6415776,0.0,0.26294753
0.88864857,1.0,0.57511264
0.8812893,0.0,0.07650758
0.8408445,1.0,0.27255532
0.5560005,1.0,0.66504216
0.62798226,0.0,0.45981467
0.7172008,0.0,0.13603827
0.17256498,0.0,0.41062877
0.10261289,0.0,0.57411647
0.5619052,0.0,0.42220953
0.4992323,0.0,0.058965124
0.4114023,0.0,0.5837476
0.87239724,0.0,0.060596604
0.077117816,0.0,0.27484265
0.21619977,0.0,0.5375962
0.2547233,0.0,0.5497188
0.5215063,0.0,0.252522
0.75252485,0.0,0.0
0.27369803,0.0,0.07523088
0.92410284,0.0,0.0
0.30026072,0.0,0.15123133
0.69437313,0.0,0.00064135937
0.28402668,0.0,0.34672672
0.06804595,0.0,0.30397362
0.5075884,0.0,0.019728312
0.08650072,0.0,0.31837684
0.36697203,0.0,0.5885045
0.53508514,0.0,0.49137974
0.56056756,0.0,0.051772203
0.35778326,0.0,0.34960687
0.19402921,0.0,0.15333788
0.56070316,0.0,0.25880858
0.5803513,0.0,0.0
0.8257811,0.0,0.16089194
0.70402074,0.0,0.0
0.93294024,1.0,0.3069134
0.9083047,0.0,0.067330085
0.9178854,1.0,0.6109186
0.65990597,0.0,0.37437087
0.6426915,1.0,0.11538508
0.7247136,0.0,0.80395746
0.42239723,1.0,0.6088014
0.85736644,1.0,0.26068473
0.6631004,0.0,0.09736703
0.5617352,0.0,0.3504192
0.6090623,0.0,0.032894693
0.4612904,0.0,0.3062043
0.6690966,0.0,0.0
0.50189567,0.0,0.36771226
0.61910754,0.0,0.20619415
0.34911534,0.0,0.29191816
0.07176725,0.0,0.7612267
0.2591179,0.0,0.98852354
0.279464,0.0,0.3351077
0.5170404,0.0,0.48704132
0.41484967,0.0,0.7175872
0.5359004,0.0,0.66712147
0.4774345,0.0,0.1713507
0.57684827,0.0,0.32415932
0.6434527,0.0,0.05400343
0.34390673,0.0,0.6173236
0.3130204,0.0,0.35369426
0.72295827,0.0,0.10012408
0.7021029,0.0,0.2937196
0.6507278,0.0,0.53620356
0.38288417,1.0,0.454548
0.7972373,1.0,0.08171018
0.7241365,0.0,0.4584402
0.7265655,1.0,0.4728441
0.896343,0.0,0.3921162
0.89028776,0.0,0.74901533
0.9660411,0.0,0.33962363
0.8805283,0.0,0.08466584
0.95489657,0.0,0.3617659
0.8409167,0.0,0.35517356
0.93738294,0.0,0.07264031
0.6957024,1.0,0.4994691
0.8375522,1.0,0.69919354
0.921153,1.0,0.6860567
0.5264198,1.0,0.17685314
0.6661445,1.0,0.030435747
0.88751256,1.0,0.33542627
0.9473565,1.0,0.28469235
0.9498058,0.0,0.0016982147
0.95651686,0.0,0.021256763
0.74004114,1.0,0.44305423
0.5269607,1.0,0.36653978
0.87046665,0.0,0.09284389
0.2888404,0.0,0.5846172
0.8949123,0.0,0.28497854
0.392229,0.0,0.25353476
0.2951538,0.0,0.34842283
0.6110971,0.0,0.3212993
0.67455465,0.0,0.36595997
0.79864913,0.0,0.27915865
0.20108975,0.0,0.6890768
0.88140255,0.0,0.40471864
0.81018543,0.0,0.41029245
0.9488636,0.0,0.08150885
0.8412016,0.0,0.12885727
0.7714833,0.0,0.19878276
0.22389668,0.0,0.21192636
0.16711876,0.0,0.22488365
0.093931705,0.0,0.16727073
0.592612,0.0,0.0
0.050103612,0.0,0.27148038
0.35371646,0.0,0.00204221
0.49782842,0.0,0.41082466
0.21878557,0.0,0.5309975
0.21422596,0.0,0.1594205
0.04283582,0.0,0.32553762
0.4574912,0.0,0.0039828047
0.57163274,0.0,0.0910084
0.32678732,0.0,0.0
0.6744283,0.0,0.11958003
0.29699025,0.0,0.18928419
0.6050973,0.0,0.036294706
0.27118647,0.0,0.35908827
0.7068996,0.0,0.23572946
0.57273734,0.0,0.75189084
0.08757648,0.0,0.17562018
0.29740727,1.0,0.4751986
0.32615772,1.0,0.5554252
0.86548996,0.0,0.15798064
0.6525042,1.0,0.13412789
0.50669235,1.0,0.4836698
0.7486907,0.0,0.06446151
0.89273655,0.0,0.03539547
0.74534166,1.0,0.05560751
0.7219567,1.0,0.23216856
0.82529354,0.0,0.0
0.77513045,0.0,0.042023633
0.63398683,1.0,0.3499173
0.6210403,1.0,0.44607496
0.6934164,0.0,0.094691075
0.3297822,0.0,0.25403237
0.5975942,0.0,0.043890767
0.4277061,0.0,0.34732598
0.34555742,0.0,0.23367876
0.46712476,0.0,0.5292694
0.36774063,0.0,0.048527315
0.67305607,0.0,0.030737013
0.62838554,0.0,0.12861054
0.48781708,0.0,0.23285238
0.8734521,0.0,0.1392397
0.6826391,0.0,0.03268229
0.92198014,0.0,0.0
0.9221456,1.0,0.12911434
0.7087096,1.0,0.048023887
0.7786243,1.0,0.30717835
0.37855235,0.0,0.3933667
0.30615306,0.0,0.37970167
0.3181854,0.0,0.6199132
0.37227923,0.0,0.59155214
0.382299,0.0,0.62844074
0.6283452,0.0,0.6667543
0.86289626,0.0,0.19227937
0.7057985,0.0,0.2939644
0.84583175,0.0,0.03381784
0.3422283,0.0,0.082508534
0.86705095,0.0,0.04601169
0.8759867,0.0,0.010224432
0.8967446,0.0,0.091959916
0.09384611,0.0,0.2569198
0.45947483,0.0,0.19174816
0.31661567,0.0,0.16775952
0.22170414,0.0,0.57694507
0.113332346,0.0,0.29921567
0.68882763,0.0,0.14487629
0.8617635,0.0,0.08427587
0.86671484,0.0,0.0
0.662142,0.0,0.18517345
0.69975936,0.0,0.3726433
0.21202916,0.0,0.12752569
0.76529807,0.0,0.0077600726
0.38261232,0.0,0.3602008
0.2545026,0.0,0.6436585
0.3556056,0.0,0.30705342
0.08050058,0.0,0.33741152
0.33729646,0.0,0.12751536
0.37948304,0.0,0.48355156
0.46219367,0.0,0.20069863
0.17527409,0.0,0.3713383
0.15999469,0.0,0.13119395
0.41392514,0.0,0.00021020406
0.45995793,0.0,0.03268675
0.1456493,0.0,0.36234197
0.46528068,0.0,0.013131793
0.7956331,0.0,0.0
0.33897507,0.0,0.20015496
0.40920988,0.0,0.037922066
0.4910876,0.0,0.003424487
0.40265328,0.0,0.0
0.72684735,0.0,0.064227104
0.88811266,0.0,0.0
0.82992417,0.0,0.0
0.76858026,0.0,0.056010257
0.6547802,0.0,0.1563151
0.8597684,0.0,0.0
0.93842274,0.0,0.051989347
0.86381537,0.0,0.35525808
0.82107735,0.0,0.28154343
0.9276826,0.0,0.3829774
0.833704,0.0,0.8356601
0.87436265,0.0,0.56703854
0.8636669,0.0,0.79220796
0.57032585,0.0,0.4657495
0.7837669,0.0,0.1305806
0.7697175,0.0,0.058607332
0.23111789,0.0,0.15534885
0.6959444,0.0,0.02595644
0.8015654,0.0,0.0
0.696623,0.0,0.0
0.51581764,0.0,0.0021943857
0.7786041,0.0,0.09033594
0.713525,0.0,0.06565459
0.6546339,0.0,0.012015699
0.6030742,0.0,0.11673266
0.7161499,0.0,0.0
0.26544398,0.0,0.41747525
0.8771271,0.0,0.07604143
0.72293675,0.0,0.0030809925
0.8954979,0.0,0.16780703
0.120051704,0.0,0.0
0.14827232,0.0,0.1811895
0.21734479,0.0,0.75333285
0.23727186,0.0,0.47773224
0.21829918,0.0,0.16747804
0.07526355,0.0,0.086687006
0.585526,0.0,0.0
0.22083463,0.0,0.0022557494
0.33139652,0.0,3.500611e-05
0.91433823,0.0,0.068767674
0.76724267,0.0,0.095081665
0.92485666,0.0,0.0
0.85871166,0.0,0.07381926
0.9536521,0.0,0.13072462
0.87715346,0.0,0.0
0.30955315,0.0,0.0
0.642226,0.0,0.14529727
0.6405691,0.0,0.11348519
0.41044807,0.0,0.3257381
0.42464316,0.0,0.37270457
0.45592502,0.0,0.7086451
0.3407104,0.0,0.4940469
0.33978438,0.0,0.52734184
0.43267545,0.0,0.39587712
0.5427868,0.0,0.23019691
0.36149237,0.0,0.281841
0.4309094,0.0,0.2719087
0.4621683,0.0,0.3487543
0.37880784,0.0,0.19800301
0.5188415,0.0,0.3825757
0.38842133,0.0,0.66231036
0.7543557,0.0,0.30779254
0.8978028,0.0,0.21212287
0.9275467,0.0,0.121382855
0.81520003,0.0,0.18539771
0.7267648,0.0,0.33587456
0.5686959,0.0,0.06752426
0.5685987,0.0,0.04729901
0.94737566,0.0,0.049905434
0.80185723,0.0,0.013102807
0.52405035,0.0,0.040398568
0.8115158,0.0,0.102203116
0.79650867,0.0,0.10700435
0.8236496,0.0,0.002452223
0.33300865,0.0,0.21547683
0.5000061,0.0,0.47312576
0.77065617,0.0,0.54599005
0.5418313,0.0,0.12917104
0.4593041,0.0,0.31617928
0.59410405,0.0,0.24343656
0.19263305,0.0,0.59890914
0.050342597,0.0,0.43668568
0.49202713,0.0,0.05841562
0.2648946,0.0,0.31911504
0.68267125,0.0,0.07017674
0.67652947,0.0,0.01830294
0.094801284,0.0,0.21047698
0.07464171,0.0,0.2820908
0.7869117,0.0,0.13622627
0.82609475,0.0,0.016917234
0.22040938,0.0,0.02121607
0.9428932,0.0,0.0
0.9434656,0.0,0.04543716
0.48926347,0.0,0.003740442
0.6116576,0.0,0.00085992826
0.8979461,0.0,0.0
0.5260827,0.0,0.0017561837
0.22828169,0.0,0.0009127098
0.8358473,0.0,0.015547879
0.8400866,0.0,0.0008837937
0.6845337,0.0,0.0
0.8412506,0.0,0.0
0.7510746,0.0,0.082988895
0.73239183,0.0,0.08323626
0.75672585,0.0,0.0
0.42862615,0.0,0.18536167
0.6651662,0.0,0.2795888
0.75670797,0.0,0.70542336
0.5183084,0.0,0.6085917
0.78172433,0.0,0.45054027
0.7376603,0.0,0.3188173
0.49875915,0.0,0.16171654
0.37000832,0.0,0.546367
0.5945362,0.0,0.086028926
0.26233652,0.0,0.25620764
0.36414793,0.0,0.19503921
0.6885866,0.0,0.0
0.96375793,0.0,0.015647441
0.48674363,0.0,0.3205362
0.3258845,0.0,0.4535248
0.57736725,0.0,0.35651055
0.83900106,0.0,0.08089225
0.32533938,0.0,0.5028266
0.40842602,0.0,0.6688345
0.63786614,0.0,0.6739937
0.78390557,0.0,0.045212843
0.52026796,0.0,0.29728302
0.86312586,0.0,0.2246863
0.3844138,0.0,0.63287824
0.31862622,0.0,0.29652587
0.8715244,0.0,0.0022393838
0.5671232,0.0,0.3716581
0.1431362,0.0,0.47481155
0.41773507,0.0,0.06768268
0.72375757,0.0,0.014501842
0.5372101,0.0,0.16841826
0.5613944,0.0,0.49449784
0.08356322,0.0,0.39323345
0.06712376,0.0,0.70521295
0.13837688,0.0,0.32430616
0.55241656,0.0,0.18360268
0.20638503,0.0,0.06641565
0.35974115,0.0,0.5734036
0.5775308,0.0,0.21359272
0.35881156,0.0,0.1420533
0.15384492,0.0,0.7153807
0.6681837,0.0,0.18996018
0.5323379,0.0,0.0025490026
0.33827788,0.0,0.4106633
0.31576744,0.0,0.43498456
0.20771964,0.0,0.2228311
0.3296619,0.0,0.34720516
0.83727324,0.0,0.015018965
0.58716124,0.0,8.958586e-05
0.31134734,0.0,0.34447592
0.4751722,0.0,0.19109459
0.6792478,0.0,0.0034412201
0.47051126,0.0,0.0041497983
0.11304054,0.0,0.46664533
0.6197014,0.0,0.016909465
0.6940764,0.0,0.0
0.41099006,0.0,0.37648696
0.4977101,0.0,0.15464658
0.28282914,0.0,0.0
0.7483725,0.0,0.0414121
0.7904609,0.0,0.33594143
0.25593618,0.0,0.5645481
0.39859587,0.0,0.4793618
0.5437683,0.0,0.077258974
0.53315943,0.0,0.5195328
0.7881183,0.0,0.40984502
0.8444932,0.0,0.054785337
0.89657474,0.0,0.16963442
0.8569985,0.0,0.47600406
0.75087863,0.0,0.03509574
0.75745,0.0,0.35440296
0.8688997,0.0,0.3684281
0.57555807,0.0,0.00014011071
0.4613663,0.0,0.30199638
0.7622513,0.0,0.44822818
0.370966,0.0,0.26171052
0.61206037,0.0,0.0014871791
0.5815869,0.0,0.24882574
0.41680261,0.0,0.41525504
0.69069856,0.0,0.02998421
0.33097976,0.0,0.24002002
0.4170007,0.0,0.57843095
0.2915558,0.0,0.48356435
0.4138944,0.0,0.3166876
0.37315768,0.0,1.0
0.08775051,0.0,0.16028383
0.24137112,0.0,0.3210754
0.9280374,0.0,0.00022235334
0.62064755,0.0,0.19211408
0.76335424,0.0,0.0017892272
0.19334751,0.0,0.35578656
0.13349584,0.0,0.37368354
0.5321341,0.0,0.0
0.39159563,0.0,0.09225969
0.36445802,0.0,0.06018789
0.6964036,0.0,0.1632073
0.7168489,0.0,0.27488643
0.8912586,0.0,0.49755153
0.6790349,0.0,0.5700326
0.45434126,0.0,0.7077677
0.9565196,0.0,0.3404362
0.7849924,0.0,0.86775494
0.94718814,0.0,0.61555463
0.63215274,0.0,0.37942922
0.48496026,0.0,0.47627258
0.2321993,0.0,0.46049467
0.9226799,0.0,0.045659576
0.6636348,0.0,6.881211e-05
0.11456936,0.0,0.19750686
0.13144359,0.0,0.4594297
0.5556581,0.0,0.0060296245
0.38371667,0.0,0.34519902
0.76202565,0.0,0.021048574
0.35451657,0.0,0.28319415
0.5061663,0.0,0.00045970306
0.38018036,0.0,0.36186442
0.27535036,0.0,0.60754293
0.32479942,0.0,0.22561893
0.17351967,0.0,0.17203802
0.21084084,0.0,0.00078136654
0.39377138,0.0,0.0
0.8036017,0.0,0.0
0.86516744,0.0,0.0
0.8226516,0.0,0.010244152
0.8805063,0.0,0.098727114
0.42728916,1.0,0.4289578
0.6815877,1.0,0.7294594
0.71433663,0.0,0.41555735
0.9742125,0.0,0.013948122
0.66555655,0.0,0.093311384
0.57868093,0.0,0.06915912
0.9593727,0.0,0.23369661
0.775826,0.0,0.08934549
0.48177364,0.0,0.00029485216
0.8727905,0.0,0.0
0.9390968,0.0,0.23215407
0.8064191,0.0,0.0154348165
0.8750253,0.0,0.0
0.94924295,0.0,0.0
0.6397454,0.0,0.12888849
0.9736655,0.0,0.46694344
0.8752674,0.0,0.1957744
0.633218,0.0,0.63826907
0.668674,0.0,0.19340123
0.5322835,0.0,0.29931113
0.49669826,0.0,0.3196015
0.8954821,0.0,0.26887423
0.53783923,0.0,0.24321315
0.7425575,0.0,0.0689565
0.45753932,0.0,0.18486942
0.798674,0.0,0.023595357
0.42107528,0.0,0.45669627
0.33693764,0.0,0.40371737
0.32034004,0.0,0.43652692
0.33552963,0.0,0.6435932
0.53710705,0.0,0.32266584
0.41269675,0.0,0.4959078
0.54399127,0.0,0.21530291
0.7516936,0.0,0.62348646
0.26045552,0.0,0.36166772
0.68414664,0.0,0.02373506
0.6528626,0.0,0.2677897
0.7021882,0.0,0.39852887
0.45604035,0.0,0.19725743
0.7750921,0.0,0.0020810696
0.57083726,0.0,0.021122908
0.27562046,0.0,0.08952482
0.68471557,0.0,0.016372463
0.80202574,0.0,0.3334406
0.9567255,0.0,0.38012034
0.86986476,1.0,0.33364606
0.9138363,0.0,0.049938142
0.9091906,0.0,0.095794156
0.8082642,0.0,0.54095435
0.9692109,0.0,0.52034575
0.8376193,0.0,0.19581601
0.928546,0.0,0.54026365
0.7888183,0.0,0.12167484
0.63382536,1.0,0.6596174
0.63606393,1.0,0.38495988
0.7477145,0.0,0.00021461386
0.3454409,0.0,0.15922678
0.65810215,0.0,0.32135805
0.8385251,0.0,0.06885279
0.72581035,0.0,0.0
0.45958528,0.0,0.07318666
0.74208164,0.0,0.5537779
0.8232353,0.0,0.21463421
0.6766067,0.0,0.00024199404
0.35776705,0.0,0.33499604
0.93146026,0.0,0.6049328
0.87623703,0.0,0.24409789
0.54889446,0.0,0.16464278
0.573079,0.0,0.5170529
0.44771087,0.0,0.7263181
0.51740813,0.0,0.48267052
0.37095052,0.0,0.44636056
0.56944996,0.0,0.16668041
0.57812625,0.0,0.36892143
0.08766943,0.0,0.42364952
0.45480356,0.0,0.097317725
0.86331,0.0,0.0
0.053770635,0.0,0.38084617
0.17535564,0.0,0.5522761
0.7270238,0.0,0.03986427
0.33313513,0.0,0.0006590103
0.131725,0.0,0.31916276
0.5921914,0.0,0.15173109
0.8956303,0.0,0.009320033
0.19252619,0.0,0.5122715
0.70754415,0.0,0.0039121886
0.23604864,0.0,0.36234042
0.24119729,0.0,0.09132456
0.13562769,0.0,0.51056856
0.57922953,0.0,0.4161799
0.7379777,0.0,0.11162926
0.16516349,0.0,0.25703716
0.28054148,1.0,0.45147356
0.49218342,1.0,0.3626475
0.82730335,1.0,0.4192591
0.9406062,0.0,0.0061901542
0.98402935,1.0,0.67721593
0.85871875,1.0,0.63347775
0.7950945,0.0,0.050362613
0.98065346,0.0,0.38955146
0.76074934,0.0,0.38496006
0.8534351,0.0,0.10905398
0.48581854,0.0,0.17775546
0.42187873,0.0,0.23819427
0.66284955,0.0,0.008361268
0.6896773,0.0,0.07179631
0.6918786,0.0,0.0007933204
0.89504147,0.0,0.027944569
0.90490943,0.0,0.0062976694
0.83878624,0.0,0.0004650013
0.75081235,0.0,0.13704385
0.9566519,0.0,0.15797244
0.7116396,0.0,0.03182186
0.77989095,0.0,0.010774108
0.6567417,0.0,0.09598554
0.28831562,0.0,0.44686103
0.31342912,0.0,0.0076422975
0.16999511,0.0,0.27188843
0.6178666,0.0,0.0014801179
0.7974546,0.0,0.0
0.82541716,0.0,0.0
0.91040844,0.0,0.0046707764
0.77546453,0.0,0.06823573
0.8390063,0.0,0.0737369
0.7891572,0.0,0.038098235
0.8710019,0.0,0.08965242
0.92202,1.0,0.28892908
0.76981086,1.0,0.68452406
0.93454975,1.0,0.08356031
0.8123137,1.0,0.51936114
0.7283076,1.0,0.7614347
0.69794816,0.0,0.552229
0.26054546,0.0,0.011011422
0.4419387,1.0,0.32984826
0.40858185,0.0,0.4832439
0.6736433,0.0,0.23478916
0.9541542,0.0,0.0036611487
0.6456051,0.0,0.11183112
0.5055411,0.0,0.55263203
0.74054825,0.0,0.010129444
0.8666973,0.0,0.0034935488
0.4766597,0.0,0.27113193
0.22295986,0.0,0.22669594
0.7758864,0.0,0.013746891
0.33002585,0.0,0.21811166
0.2738338,0.0,0.7032404
0.53859216,0.0,0.5414986
0.37589782,0.0,0.3692209
0.42900327,0.0,0.19925009
0.14915092,0.0,0.013495129
0.6680697,0.0,0.0
0.6749977,0.0,0.0
0.8124773,0.0,0.00061849004
0.76219785,0.0,0.007047006
0.87294877,0.0,0.015614807
0.89225334,1.0,0.47445965
0.5864946,0.0,0.29546347
0.9238543,0.0,0.09141068
0.8518693,1.0,0.17680967
0.66138166,0.0,0.38243416
0.9368577,0.0,0.0064538396
0.7679033,0.0,0.0005955084
0.52564454,0.0,0.25783497
0.7797545,0.0,0.19242796
0.710107,0.0,0.0121545745
0.21407837,0.0,0.3689184
0.50661784,0.0,0.105147816
0.8002754,0.0,0.0
0.6637958,0.0,0.0
0.5268578,0.0,0.035455
0.7106847,0.0,0.0
0.20224266,0.0,0.23958272
0.42715555,0.0,0.6891543
0.42730358,0.0,0.012941528
0.2140636,0.0,0.4183839
0.33601314,0.0,0.31207892
0.6142259,0.0,0.47975335
0.49704066,0.0,0.11860733
0.5117463,0.0,0.28696463
0.4310868,0.0,0.088207036
0.26906824,0.0,0.3519446
0.49262646,0.0,0.21267603
0.5614953,0.0,0.3293285
0.25569767,0.0,0.3606421
0.5382422,0.0,0.0123317465
0.83561784,0.0,5.1130995e-05
0.29140243,0.0,0.35529825
0.14685124,0.0,0.6144734
0.34460473,0.0,0.18131907
0.31862944,0.0,0.3896484
0.34754485,1.0,0.2528794
0.5131481,1.0,0.6685545
0.48678866,1.0,0.7261793
0.4126011,1.0,0.06692695
0.46754426,1.0,0.3368863
0.5767097,1.0,0.5776575
0.38021737,1.0,0.28824228
0.587032,0.0,0.028703418
0.51275533,1.0,0.27282873
0.5330926,1.0,0.19941111
0.48833233,0.0,0.01588393
0.46106225,0.0,0.225888
0.44917306,1.0,0.48814884
0.8168273,0.0,0.069275215
0.48993006,0.0,0.07131133
0.33354428,0.0,0.36727974
0.1449487,0.0,0.5130713
0.25232217,0.0,0.37170523
0.4491764,0.0,0.20341587
0.6213509,0.0,0.39103955
0.71682996,0.0,0.0021563363
0.55573416,0.0,0.05982392
0.3999807,0.0,0.63409215
0.5904576,0.0,0.17373359
0.450727,0.0,0.38138926
0.6417149,1.0,0.55888534
0.35022634,1.0,0.55445623
0.26870272,0.0,0.33932614
0.76735204,1.0,0.05505165
0.4542037,1.0,0.59857875
0.26577967,1.0,0.52586377
0.5907416,0.0,0.4839517
0.7031551,1.0,0.0882842
0.28594974,1.0,0.6531002
0.269922,1.0,0.6966981
0.35332927,0.0,0.89954144
0.1526076,0.0,0.6550317
0.287542,0.0,0.68264794
0.46516836,0.0,0.14853807
0.5149006,0.0,0.00011903637
0.515787,0.0,0.5629487
0.18429764,0.0,0.4330095
0.64459825,0.0,0.06862725
0.415999,0.0,0.41639924
0.86433554,0.0,0.12953115
0.8022057,0.0,0.36513853
0.12284449,0.0,0.27131054
0.90100425,0.0,0.18273422
0.7705469,0.0,0.13437858
0.55332977,0.0,0.28580278
0.51484424,0.0,0.021384876
0.055620592,0.0,0.506639
0.15195371,0.0,0.35026097
0.75516546,0.0,0.015787533
0.27834198,0.0,0.11749167
0.063777976,0.0,0.45759842
0.30250618,0.0,0.0034583278
0.47667584,0.0,0.023059199
0.105938986,0.0,0.35649335
0.16694278,0.0,0.213716
0.27948833,0.0,0.0
0.14607161,0.0,0.22733074
0.07613021,0.0,0.58735996
0.13563746,0.0,0.33594397
0.43182623,0.0,0.16696185
0.152333,0.0,0.5215868
0.05703125,0.0,0.78002983
0.35405093,0.0,0.1348709
0.39320907,0.0,0.012481228
0.28332192,0.0,0.32864422
0.016652668,0.0,0.28516537
0.36376718,0.0,0.2740009
0.091391884,0.0,0.4177942
0.85264206,0.0,0.13988493
0.5743536,0.0,0.18474054
0.13130319,0.0,0.3500578
0.801593,0.0,0.04164115
0.6461113,0.0,0.3877582
0.38629147,0.0,0.43416354
0.049394272,0.0,0.43487942
0.3220257,0.0,0.24831234
0.05919368,0.0,0.23941967
0.3244049,0.0,0.0
0.13320187,0.0,0.13708156
0.14377703,0.0,9.5585085e-05
0.715638,0.0,0.0058791623
0.027271112,0.0,0.28479794
0.7233875,0.0,0.0
0.38233173,0.0,0.10296234
0.47519505,0.0,0.251281
0.17758355,0.0,0.35525116
0.15156944,0.0,0.60633004
0.08145612,0.0,0.6468388
0.027225701,0.0,0.7350701
0.092346475,0.0,0.19271669
0.12243884,0.0,0.25368646
0.11468351,0.0,0.0
0.5238834,0.0,0.0
0.4801889,0.0,0.0
0.558936,0.0,0.0035688253
0.7253399,0.0,0.005641527
0.67662585,0.0,0.0
0.64240414,0.0,0.00038965628
0.7483342,0.0,0.015053507
0.6969372,1.0,0.013772575
0.79412746,0.0,0.0
0.6730422,1.0,0.099930696
0.8399266,1.0,0.020372668
0.75324,0.0,0.112828925
0.85599506,0.0,0.015053259
0.5557235,0.0,0.0
0.7516377,0.0,0.0053144093
0.8828923,0.0,0.09836554
0.7088163,0.0,0.0
0.6314516,0.0,0.0
0.7522317,0.0,0.024145532
0.44062462,0.0,0.101070546
0.5597943,0.0,0.0018664243
0.79287124,0.0,0.0
0.17167737,0.0,0.101379596
0.07852264,0.0,0.22942203
0.6178912,0.0,0.0038334236
0.63516635,0.0,0.109961696
0.35109642,0.0,0.45007485
0.16692159,0.0,0.12504728
0.19169545,0.0,0.24984059
0.22960813,0.0,0.47771278
0.3389237,0.0,0.6621802
0.099022456,0.0,0.28574666
0.058841538,0.0,0.6822861
0.2489388,0.0,0.35924834
0.45533186,0.0,0.0032891133
0.48148528,0.0,0.17145947
0.05014898,0.0,0.38840422
0.5660705,0.0,0.0012337532
0.44831496,0.0,0.0
0.1658605,0.0,0.34429643
0.20279902,0.0,0.366093
0.8359994,0.0,0.014281696
0.09373845,0.0,0.03482257
0.5348194,0.0,0.0006642811
0.15427798,0.0,0.027031034
0.25878242,0.0,0.0041170046
0.7752133,0.0,2.770007e-05
0.77227026,0.0,0.017302074
0.5476031,0.0,0.025203949
0.4015982,0.0,0.005724852
0.966937,0.0,0.0030168872
0.5332913,0.0,0.0
0.27686432,0.0,0.009646899
0.83519596,0.0,0.0
0.9014106,0.0,0.01987314
0.2365768,0.0,0.16334777
0.69893306,0.0,0.1611604
0.9338415,0.0,0.035105594
0.74605876,0.0,0.2999183
0.7802091,0.0,0.56989706
0.6253837,0.0,0.56017166
0.6721678,1.0,0.30187273
0.40986702,0.0,0.21558842
0.72098875,1.0,0.3794167
0.45716265,0.0,0.12063775
0.94785976,1.0,0.077608384
0.91403925,0.0,0.018483438
0.6842515,0.0,0.00074214395
0.6729416,0.0,0.13755575
0.78348404,0.0,0.06433887
0.246715,0.0,0.5311617
0.73330116,0.0,0.038071573
0.64308405,0.0,0.56327736
0.74606115,0.0,0.9009068
0.9494343,0.0,0.2494789
0.8333576,0.0,0.9042013
0.41904923,0.0,0.23529369
0.5161265,0.0,0.32829237
0.5047208,0.0,0.005386957
0.62643254,0.0,0.024404744
0.9121176,0.0,0.0
0.43546703,0.0,0.0046760966
0.86673224,0.0,0.10835992
0.5975587,0.0,0.028358663
0.8469922,0.0,0.0
0.8665185,0.0,0.000472627
0.37630564,0.0,0.44875818
0.6876685,0.0,0.0787361
0.5581782,0.0,0.16787173
0.9293545,0.0,0.2035319
0.5164033,0.0,0.3566019
0.7458801,0.0,0.4907188
0.5331016,0.0,0.49657303
0.75774497,0.0,0.19895189
0.7865272,0.0,0.22486198
0.90604466,0.0,0.17128542
0.39890748,0.0,0.5676232
0.46639976,0.0,0.3840943
0.4582934,0.0,0.18447618
0.29629102,1.0,0.4210133
0.49230134,1.0,0.18474704
0.46258593,1.0,0.33083156
0.91615874,1.0,0.2262932
0.91769314,0.0,0.022840925
0.78895956,0.0,0.10644936
0.8924347,0.0,0.008253984
0.3224978,0.0,0.53275037
0.4874634,0.0,0.5109873
0.7005646,0.0,0.17720503
0.8481815,0.0,0.14284045
0.92193407,0.0,0.2244787
0.74035466,0.0,0.041168384
0.10589337,0.0,0.34930998
0.7572437,0.0,0.014801263
0.36225548,0.0,0.0051692794
0.09658652,0.0,0.35651806
0.32363525,0.0,0.043829445
0.78663605,0.0,0.00499363
0.557524,0.0,0.05079943
0.14625522,0.0,0.34580994
0.7922135,0.0,0.106514275
0.7235546,0.0,0.066470616
0.3754128,0.0,0.60546774
0.17925112,0.0,0.64694214
0.45803887,0.0,0.16975622
0.14521815,0.0,0.5790893
0.20429423,0.0,0.20826942
0.4320125,0.0,0.03620911
0.12439787,0.0,0.32113823
0.81551284,0.0,0.0
0.8130123,0.0,0.00032486167
0.88408744,0.0,0.0
0.85629225,0.0,0.0077351974
0.7551332,0.0,0.00027755552
0.65537864,1.0,0.035573866
0.9488989,1.0,0.027617149
0.9072718,1.0,0.26068047
0.9747035,1.0,0.2091998
0.9271159,0.0,0.092978016
0.9853764,1.0,0.076892786
0.87438864,0.0,0.00020364499
0.9859394,0.0,0.019387996
0.84218544,0.0,0.01332864
0.8913784,0.0,0.006416293
0.8356978,0.0,0.10027788
0.93958306,0.0,0.0
0.5125138,0.0,0.19588149
0.5284176,0.0,0.26528987
0.70497334,0.0,0.61948454
0.6754408,0.0,0.4593142
0.46622628,0.0,0.60320544
0.79858315,0.0,0.025092583
0.344097,0.0,0.7235746
0.75051373,0.0,0.21532181
0.53353804,0.0,0.26197094
0.16681586,0.0,0.5351661
0.62637603,0.0,0.21463871
0.7236115,0.0,0.0
0.2550692,0.0,0.19655395
0.19483529,0.0,0.45837104
0.5418053,0.0,0.04021387
0.75733876,0.0,0.0
0.11265882,0.0,0.47260815
0.13621898,0.0,0.37218186
0.81097925,0.0,0.0
0.38733682,0.0,0.08738569
0.12665953,0.0,0.49717498
0.58781147,0.0,0.21686132
0.8817108,0.0,0.0012442069
0.45065126,0.0,0.25258335
0.42968774,0.0,0.5680378
0.899898,0.0,0.3900949
0.8537624,0.0,0.4060248
0.4617329,0.0,0.4089858
0.78092986,0.0,0.10487004
0.39884216,0.0,0.7103805
0.83417886,0.0,0.058880284
0.26399657,0.0,0.55564165
0.3972824,0.0,0.28454438
0.8985741,0.0,0.061736543
0.6099681,0.0,0.066861875
0.8549908,0.0,0.059094545
0.79419863,0.0,0.15425159
0.16034508,1.0,0.6895303
0.88145506,1.0,0.23610428
0.9884974,1.0,0.30021754
0.95695674,1.0,0.44591278
0.4811943,0.0,0.29912084
0.8799245,0.0,0.030498782
0.8141923,0.0,0.00039496893
0.74671483,0.0,0.0
0.94162124,0.0,0.014782471
0.86254776,0.0,0.015599044
0.44631508,0.0,0.013556862
0.6119093,0.0,0.004667864
0.50646013,0.0,0.04674095
0.4266135,0.0,0.0
0.6734338,0.0,0.0906434
0.56862915,0.0,0.44417608
0.50722075,0.0,0.39985234
0.04170861,0.0,0.57957315
0.20688035,0.0,0.03926243
0.033373985,0.0,0.28757814
0.22882813,0.0,0.022234337
0.7208779,0.0,0.0
0.83370715,0.0,5.0241775e-05
0.72610146,0.0,0.061696563
0.7464181,0.0,0.0016144882
0.91366494,1.0,0.08783565
0.8761686,0.0,0.00082099455
0.82058835,0.0,0.10276218
0.89759415,0.0,0.09033023
0.70352864,1.0,0.57987404
0.76513165,1.0,0.36306536
0.83736444,1.0,0.71230316
0.8144881,0.0,0.34635463
0.9534717,0.0,0.06691706
0.98363554,1.0,0.14446162
0.97668034,0.0,0.49712604
0.94664365,0.0,0.016421415
0.59896606,0.0,0.26348552
0.31662858,0.0,0.2599855
0.4675858,0.0,0.580837
0.87344897,0.0,0.2030131
0.56326693,0.0,1.8224277e-05
0.12825412,0.0,0.23021008
0.4001616,0.0,0.21136114
0.79948765,0.0,0.0010771157
0.5322575,0.0,0.0
0.19659655,0.0,0.35921314
0.3936086,0.0,0.0014312799
0.76612604,0.0,0.00093780394
0.5161115,0.0,0.016134264
0.38565788,0.0,0.2596199
0.7989714,0.0,0.001655146
0.8464125,0.0,0.0
0.2801467,0.0,0.1509431
0.28270796,0.0,0.16175023
0.7302251,0.0,0.00015908813
0.6859714,0.0,0.0
0.29605615,0.0,0.30130032
0.4302597,0.0,0.17446502
0.4608266,0.0,0.031332456
0.30698192,0.0,0.18753216
0.34774864,0.0,0.5045935
0.48483655,0.0,0.39508277
0.19027609,0.0,0.9883398
0.04444614,0.0,0.7981514
0.14326142,0.0,0.34495905
0.38507143,0.0,0.18574262
0.7858389,0.0,0.16818118
0.5781578,0.0,0.0
0.68988407,0.0,0.011795723
0.87603617,0.0,0.0
0.89235175,0.0,0.013809844
0.7047805,0.0,0.031132413
0.5428152,0.0,0.0
0.91530824,0.0,0.056409337
0.9048928,0.0,0.07989713
0.9342019,0.0,0.123459905
0.95939475,0.0,0.044646043
0.85762155,0.0,0.0
0.88398004,0.0,0.2092679
0.70487314,0.0,0.0011381994
0.8167426,0.0,0.011154644
0.45564398,0.0,0.0030406278
0.91499186,0.0,0.00010246551
0.1733735,0.0,0.13540235
0.26853886,0.0,0.41721806
0.39408726,0.0,0.43829894
0.76297224,0.0,0.07515553
0.22464341,0.0,0.3488017
0.8166331,0.0,0.2863064
0.52220625,0.0,0.329253
0.46507308,0.0,0.079758376
0.7942139,0.0,0.25853315
0.24565887,0.0,0.025675137
0.86062735,0.0,0.40376946
0.13327426,0.0,0.33115354
0.83771676,0.0,0.49275953
0.83266336,0.0,0.05221982
0.32850027,0.0,0.4619087
0.9240512,0.0,0.17116134
0.5728442,0.0,0.2656582
0.77398175,0.0,0.48309955
0.23543549,0.0,0.4480007
0.06990345,0.0,0.42300135
0.12172891,0.0,0.71989614
0.2959529,0.0,0.120840766
0.076415285,0.0,0.19419606
0.6159762,0.0,0.045638923
0.44203636,0.0,0.022605445
0.4384931,0.0,0.00032761492
0.109026775,0.0,0.25698408
0.28583768,0.0,0.025461918
0.34272587,0.0,0.32778537
0.4450441,0.0,0.24749653
0.74057376,0.0,0.0018017062
0.24354123,0.0,0.2196429
0.37022275,0.0,0.41451007
0.71904004,0.0,0.083112404
0.7940123,0.0,0.003369541
0.5523289,0.0,0.18942602
0.47310567,0.0,0.2271034
0.43656528,0.0,0.0
0.6209498,0.0,0.06376399
0.41042575,0.0,0.5223627
0.36036515,0.0,0.30502355
0.5458099,0.0,0.014724758
0.7396856,0.0,0.06968911
0.21725105,0.0,0.5499165
0.15178569,0.0,0.5191931
0.5178396,0.0,0.25760898
0.19991459,0.0,0.70803505
0.54880905,0.0,0.061715618
0.20807093,0.0,0.37128896
0.50713426,0.0,0.08052694
0.46885797,0.0,0.29328182
0.12924886,0.0,0.2304773
0.6552541,0.0,0.018696262
0.2803912,0.0,0.049374327
0.60208005,0.0,0.0
0.89538014,0.0,0.005376591
0.5854893,0.0,0.0
0.87660855,0.0,0.0003015746
0.7384803,0.0,0.001431557
0.87951034,0.0,0.0
0.93887264,0.0,0.011247116
0.8735059,0.0,0.021525707
0.82490253,0.0,0.0058232956
0.98572,0.0,0.0
0.9341504,0.0,0.0
0.44402975,0.0,0.0024242834
0.6397502,0.0,0.0016419481
0.9114102,0.0,0.0
0.042397838,0.0,0.041880343
0.4573651,0.0,0.46787554
0.34222856,0.0,0.74005127
0.6304791,0.0,0.5004198
0.57393676,0.0,0.03615968
0.0353959,0.0,0.42400604
0.1932287,0.0,0.19848412
0.7886533,0.0,0.16672854
0.47434932,0.0,0.23608701
0.40661237,0.0,0.2439232
0.64974356,0.0,0.0
0.73717386,0.0,0.00038366584
0.7209524,0.0,0.0
0.8464786,0.0,0.037720084
0.75915676,0.0,0.039265845
0.7808215,0.0,0.006213536
0.5659575,0.0,0.034202483
0.641558,0.0,0.0751055
0.8800898,0.0,0.0050243563
0.29203597,0.0,0.07749211
0.39744937,0.0,0.53248984
0.60073894,0.0,0.08045911
0.44041532,0.0,0.02795013
0.32110897,0.0,0.28688776
0.23224878,0.0,0.3413125
0.5995222,0.0,0.060613032
0.23056892,0.0,0.3806669
0.2959464,0.0,0.66364133
0.24256699,0.0,0.47715878
0.21099454,0.0,0.56984
0.58927333,0.0,0.10979277
0.27412477,0.0,0.3249099
0.47426313,0.0,0.4398112
0.316201,0.0,0.24205256
0.81898165,0.0,0.008226388
0.38371962,0.0,0.0944918
0.20564339,0.0,0.26591784
0.12595282,0.0,0.19625501
0.6310968,0.0,0.026180157
0.22587828,0.0,0.03221179
0.79396117,0.0,0.003377744
0.5568549,0.0,0.11055809
0.32208988,0.0,0.040383168
0.5861986,0.0,0.008922337
0.20561382,0.0,0.010275487
0.9150885,0.0,0.0035039845
0.82178664,0.0,0.0
0.9590026,0.0,0.00016374433
0.5636595,0.0,0.0
0.8205695,0.0,0.0
0.8546088,0.0,0.008024763
0.7367194,0.0,0.0013419886
0.23285073,0.0,0.20200676
0.5220017,0.0,0.12011973
0.84759337,0.0,0.00080684025
0.86585003,0.0,0.01234863
0.29305917,0.0,0.32993537
0.5020177,0.0,0.44134894
0.5939121,0.0,0.25765648
0.29161853,0.0,0.7794976
0.4406361,0.0,0.3654419
0.5828521,0.0,0.021303462
0.506541,0.0,0.12307253
0.18556282,0.0,0.35757795
0.40402946,0.0,0.26827508
0.5961481,0.0,0.0
0.29434368,0.0,0.4440483
0.31489113,0.0,0.6832427
0.44418013,0.0,0.20460233
0.2858831,0.0,0.3001925
0.7881613,0.0,0.003743442
0.8050241,0.0,0.04069258
0.8191155,0.0,0.014897584
0.89939773,0.0,0.0
0.92158514,0.0,0.018675508
0.94037217,0.0,0.00091602164
0.7922,0.0,0.0
0.8523907,0.0,0.0004433334
0.4436291,0.0,0.00056493626
0.90701616,0.0,0.0012817162
0.94540215,0.0,0.0032649983
0.43683526,0.0,0.069212325
0.2827341,0.0,0.20351079
0.9614723,0.0,0.039522078
0.8869404,0.0,0.0014744158
0.54245526,0.0,0.5425417
0.52077466,0.0,0.2053343
0.5948326,0.0,0.5294396
0.6343566,0.0,0.1710527
0.6675247,0.0,0.17578447
0.8080956,0.0,0.018589566
0.8599906,0.0,0.014243514
0.89816326,0.0,0.0009480129
0.745906,0.0,0.18685937
0.9807643,0.0,0.0008946027
0.9672331,0.0,0.0
0.8488114,0.0,0.0055233804
0.9672606,0.0,0.005248535
0.91027933,0.0,0.00023318174
0.95634097,0.0,0.0056192577
0.8661013,0.0,0.0022668021
0.8569786,0.0,0.006499917
0.7060358,0.0,0.0039931354
0.17223413,0.0,0.060738355
0.9006722,0.0,0.0045623058
0.7353076,0.0,0.40330198
0.4843804,0.0,0.47021174
0.3848777,0.0,0.2866435
0.11444722,0.0,0.37020454
0.80888116,0.0,0.06703313
0.39507174,0.0,0.108527355
0.32258004,0.0,0.49942672
0.13591175,0.0,0.34584418
0.9014048,0.0,0.01677621
0.7544713,0.0,0.06841023
0.32112142,0.0,0.5887299
0.5676077,0.0,0.29115677
0.9419943,0.0,0.01195864
0.19482774,0.0,0.29543382
0.9200226,0.0,0.029097956
0.39628297,0.0,0.0779147
0.31697905,0.0,0.39984515
0.4300811,0.0,0.37774315
0.6826429,0.0,0.00048702257
0.8540821,0.0,0.06745795
0.5813545,0.0,0.08742639
0.14088629,0.0,0.40731898
0.4824152,0.0,0.13931978
0.24769397,0.0,0.24456485
0.43342483,0.0,0.3513153
0.9588355,0.0,0.014306947
0.8467456,0.0,0.050213408
0.2760376,0.0,0.24196798
0.43434903,0.0,0.44074464
0.8403796,0.0,0.06665652
0.7652852,0.0,0.13796991
0.4777185,0.0,0.35647127
0.40647128,0.0,0.025752872
0.5596961,0.0,0.35782272
0.71581703,0.0,0.31695458
0.8190615,0.0,0.3841575
0.7171727,0.0,0.62639034
0.6359092,0.0,0.32613954
0.82022256,0.0,0.7421505
0.80631953,0.0,0.70045626
0.59279704,0.0,0.115308054
0.7247382,0.0,0.33456117
0.9319746,0.0,0.0096669085
0.47255227,0.0,0.15059789
0.8229176,0.0,0.003638375
0.63745975,0.0,0.0
0.789968,0.0,0.0
0.90008754,0.0,0.007648044
0.9661361,0.0,0.013446406
0.95516145,0.0,0.0
0.8991057,0.0,0.08608792
0.9083147,0.0,0.067703
0.76286966,0.0,0.011045291
0.78251135,0.0,0.00477471
0.8440499,0.0,0.0
0.9183452,0.0,0.016665604
0.8060393,0.0,0.013476021
0.83719677,0.0,0.055054583
0.84009147,0.0,0.07435528
0.7627511,0.0,0.13291508
0.84707457,0.0,0.07599534
0.44079444,0.0,0.04905954
0.1511994,0.0,0.5447295
0.20919944,0.0,0.51577854
0.43828493,0.0,0.35186672
0.12782674,0.0,0.3578635
0.5770112,0.0,0.08301217
0.8996057,0.0,0.0
0.47885594,0.0,0.009716045
0.9044027,0.0,0.04352726
0.5621069,0.0,0.0028938372
0.9023964,0.0,0.25422034
0.8878305,0.0,0.17242192
0.96835583,0.0,0.040030375
0.9141863,0.0,0.02441135
0.9740692,0.0,0.05236226
0.69931966,0.0,0.008627306
0.947112,0.0,0.0
0.8099611,0.0,0.021448273
0.84266317,0.0,0.0009516249
0.8813046,0.0,0.06013597
0.78486,0.0,0.08403689
0.22999884,0.0,0.66961527
0.1300591,0.0,0.5732601
0.40686914,0.0,0.23800272
0.47850183,0.0,0.21066417
0.43860862,0.0,0.416845
0.89175135,0.0,0.04674286
0.458731,0.0,0.6308687
0.61469036,0.0,0.29000032
0.61229116,0.0,0.25049505
0.90972275,0.0,0.0076131513
0.946928,0.0,0.0
0.9381966,0.0,0.025062567
0.9344783,0.0,0.0012150347
0.87783575,0.0,0.0022699216
0.90275353,0.0,0.008400709
0.78359175,0.0,0.049302753
0.5728918,0.0,0.0
0.853086,0.0,0.34304792
0.47066787,0.0,0.42557532
0.49739864,0.0,0.012470886
0.43866044,0.0,0.23768236
0.70789903,0.0,0.25806797
0.6385263,0.0,0.033121523
0.78716457,0.0,0.078611195
0.9108717,0.0,0.0012649408
0.7497417,0.0,0.005841117
0.89810985,0.0,0.0
0.94719255,0.0,0.0064228554
0.95241874,0.0,0.0
0.839243,0.0,0.039282527
0.9785646,0.0,0.0057547404
0.9376758,0.0,0.07306887
0.9376036,0.0,0.010349051
0.90535593,0.0,0.16882434
0.96851134,0.0,0.12033805
0.9514041,0.0,0.0037969875
0.9321125,0.0,0.080492616
0.6416906,0.0,0.18788166
0.8718608,0.0,0.21881649
0.75952697,0.0,0.0016278399
0.9057083,0.0,0.20744443
0.87620574,0.0,0.2788196
0.6823082,0.0,0.54354393
0.88963777,0.0,0.4128391
0.1281008,0.0,0.591132
0.74432224,0.0,0.3849696
0.8237181,0.0,0.01405368
0.17725462,0.0,0.7176794
0.5528513,0.0,0.42157584
0.84046686,0.0,0.34310588
0.79978424,0.0,0.5683014
0.2516,0.0,0.21580663
0.8499515,0.0,0.011635104
0.5651601,0.0,0.11695885
0.42763475,0.0,0.45709938
0.50670964,0.0,0.18276124
0.69189656,0.0,0.0
0.3353314,0.0,0.40893567
0.3051617,0.0,0.45210359
0.5025374,0.0,0.099209
0.16478351,1.0,0.71952426
0.71240586,1.0,0.41660088
0.8217865,0.0,0.068480305
0.3109985,0.0,0.3232699
0.28965703,0.0,0.55149776
0.47249871,0.0,0.013674185
0.47030303,0.0,0.1392339
0.41707194,0.0,0.013774184
0.6214671,0.0,0.0073008514
0.67919415,0.0,0.0067507764
0.933619,0.0,0.0
0.8062607,0.0,0.26181528
0.8052618,0.0,0.024644844
0.73438835,0.0,0.0018876302
0.96730673,0.0,0.054361783
0.93525493,0.0,0.0
0.9089713,0.0,0.04740986
0.49798813,0.0,0.22247201
0.27298158,0.0,0.24672876
0.8173313,0.0,0.124348156
0.10181987,0.0,0.07573021
0.6922037,0.0,0.14323056
0.37230343,0.0,0.10740174
0.5865253,0.0,0.0
0.4858912,0.0,0.15577118
0.6130109,0.0,0.32785308
0.600573,0.0,0.2313474
0.43304777,0.0,0.30418634
0.58538127,0.0,0.2202437
0.32873,0.0,0.40950876
0.7402593,0.0,0.53343385
0.49390343,0.0,0.52299017
0.8473791,0.0,0.91673416
0.26423204,0.0,0.5032958
0.3491159,0.0,0.15667512
0.11972643,0.0,0.3688616
0.36777362,0.0,0.3533714
0.14608786,0.0,0.10558689
0.09366853,0.0,0.086383075
0.46695757,0.0,0.15733816
0.8106763,0.0,0.01174043
0.6407152,0.0,0.086522885
0.6550634,0.0,0.021478543
0.78666025,0.0,0.0043815067
0.84208775,0.0,0.0139470855
0.4818623,0.0,0.03851767
0.9522079,0.0,0.0037360005
0.91510856,0.0,0.020223381
0.8187357,0.0,0.0
0.9286461,0.0,0.010220336
0.9441181,0.0,0.058946528
0.9471601,0.0,0.010507263
0.5058324,0.0,0.10171311
0.6553639,0.0,0.054981504
0.9935644,0.0,0.017283902
0.9338699,0.0,0.081941575
0.45984307,0.0,0.37325844
0.9154854,0.0,0.060073722
0.9662035,0.0,4.9862316e-05
0.47233808,0.0,0.20207629
0.34119174,0.0,0.38087308
0.6820728,0.0,0.13410117
0.7924344,0.0,0.17153044
0.27483395,0.0,0.6153981
0.6247096,0.0,0.33812207
0.16909362,1.0,0.4311824
0.49468845,0.0,0.07767634
0.31183615,1.0,0.6443846
0.5572591,0.0,0.2670536
0.78691983,0.0,0.0060328445
0.5110748,0.0,0.24656823
0.6720469,0.0,0.0077619995
0.78535306,0.0,0.00055011606
0.7716534,0.0,0.07612054
0.58788365,0.0,0.56477314
0.74930716,0.0,0.23212916
0.9258809,0.0,0.0
0.824871,0.0,0.25965777
0.7557466,0.0,0.07728256
0.4747662,0.0,0.2541633
0.46684214,0.0,0.11320999
0.70944524,0.0,0.010160126
0.93705475,0.0,0.0060450723
0.7327105,0.0,0.2810887
0.79258525,0.0,0.039353322
0.96117175,0.0,0.0005905863
0.6906579,0.0,0.0
0.59993327,0.0,0.09371476
0.71543413,0.0,0.012558523
0.93153805,0.0,0.121556796
0.4749301,1.0,0.25981036
0.34504157,0.0,0.0918306
0.37761164,1.0,0.3332154
0.8336335,0.0,0.011420471
0.5909065,0.0,0.1358365
0.71096855,0.0,0.06625792
0.6837464,0.0,0.060629487
0.57750213,0.0,0.48823565
0.8756503,0.0,0.34333858
0.77712137,0.0,0.3885218
0.9264879,0.0,0.2990303
0.85568196,0.0,0.023444643
0.9749144,0.0,0.10686476
0.8247003,0.0,0.019648414
0.8776602,0.0,0.06690529
0.88351154,0.0,0.007690022
0.8794233,0.0,0.013797614
0.9061757,0.0,0.0
0.9315475,0.0,0.0048175743
0.92065895,0.0,0.010605234
0.8447841,0.0,0.0
0.8014965,0.0,0.0
0.90349126,0.0,0.14202823
0.8978143,0.0,0.31279784
0.7399807,0.0,0.33131084
0.3060391,0.0,0.51423407
0.877277,0.0,0.09483902
0.61101013,0.0,0.016071076
0.20875542,0.0,0.67806864
0.4587172,0.0,0.22915182
0.8440202,0.0,0.034409504
0.27462777,0.0,0.42778328
0.30733213,0.0,0.3432283
0.8117693,0.0,0.026888877
0.5993205,0.0,0.31568596
0.25668994,0.0,0.6816207
0.56800354,0.0,0.2781291
0.8012047,0.0,0.5134333
0.4549322,0.0,0.49894154
0.79113114,0.0,0.43905622
0.72741175,0.0,0.35665125
0.70535773,0.0,0.3834436
0.6158972,0.0,0.29086643
0.7248957,0.0,0.020111915
0.18939972,0.0,0.5809776
0.3016449,1.0,0.31662652
0.36713952,1.0,0.44438457
0.3487978,1.0,0.6212292
0.26460233,1.0,0.6125664
0.2522623,1.0,0.43495017
0.25589466,1.0,0.6265778
0.39131993,1.0,0.34022957
0.8189479,1.0,0.16367099
0.404555,1.0,0.4014817
0.45302364,1.0,0.6282815
0.4660036,0.0,0.1924936
0.7498786,0.0,0.035351127
0.392207,0.0,0.46451256
0.33013424,0.0,0.15273131
0.78293204,0.0,0.007819972
0.2691853,0.0,0.31884697
0.1303448,0.0,0.5254605
0.5944549,0.0,0.021490995
0.4928867,0.0,0.018777976
0.14223547,0.0,0.60989827
0.5987585,0.0,0.5707214
0.68651044,0.0,0.013666765
0.49251267,0.0,0.30028743
0.43369895,0.0,0.5781477
0.46542016,0.0,0.6465354
0.291182,0.0,0.32837212
0.40924945,0.0,0.7468575
0.3297252,0.0,0.6598165
0.2388293,0.0,1.0
0.16966322,0.0,0.43994147
0.22614524,0.0,0.37144604
0.16090606,0.0,0.6065499
0.4937603,0.0,0.3750577
0.7305106,0.0,0.012995268
0.51830673,0.0,0.055486955
0.9186472,0.0,0.0012263058
0.8226943,0.0,0.00023238685
0.8262704,0.0,0.0002941125
0.8188739,0.0,0.0
0.94278854,0.0,2.5751215e-05
0.6648583,0.0,0.0
0.50368893,1.0,0.17973678
0.905861,0.0,0.0011636675
0.82977,1.0,0.33381727
0.9359621,1.0,0.34903353
0.8297484,0.0,0.0
0.7848543,1.0,0.314073
0.6186062,1.0,0.7414633
0.78500956,0.0,0.06685297
0.93798214,0.0,0.06127135
0.7273952,0.0,0.48929882
0.75648236,0.0,0.14039555
0.84842837,0.0,0.0
0.513494,0.0,0.075854085
0.3326392,0.0,0.30027267
0.87508494,0.0,0.029563827
0.54858077,0.0,0.0
0.2764647,0.0,0.2322766
0.2965187,0.0,0.30262113
0.81295806,0.0,0.0015807443
0.76889265,0.0,0.05272764
0.20348002,0.0,0.52839327
0.7287067,0.0,0.40610564
0.92581,0.0,0.056987163
0.60688907,0.0,0.5358562
0.41529408,0.0,0.3448608
0.17419517,0.0,0.6701483
0.39789104,0.0,0.4307473
0.9550281,0.0,0.051364824
0.8710846,0.0,0.33225062
0.7088664,0.0,0.0020056055
0.8914862,0.0,0.0
0.84531426,0.0,0.0
0.8246544,0.0,0.0
0.32396707,0.0,0.006118532
0.9091183,0.0,0.00025328086
0.9728487,1.0,0.0137014985
0.9348387,1.0,0.30744863
0.6682801,1.0,0.44298145
0.8279416,0.0,0.17687294
0.8952112,0.0,0.34552684
0.6223239,0.0,0.32283697
0.41887322,0.0,0.26793826
0.91362256,0.0,0.03998375
0.17760424,0.0,0.51534176
0.54847896,0.0,0.18035533
0.63592184,0.0,0.111953646
0.7751051,0.0,0.18850169
0.1867725,0.0,0.39126632
0.3940219,0.0,0.22236434
0.20664284,0.0,0.49519637
0.3162872,0.0,0.5560791
0.7934879,0.0,0.039515924
0.11223938,0.0,0.40757152
0.1862032,0.0,0.43390527
0.577638,0.0,0.021098265
0.62763184,0.0,0.108966164
0.25669563,0.0,0.42613524
0.26923704,0.0,0.15629958
0.8550953,0.0,0.00021459078
0.28255105,0.0,0.5315568
0.48163733,1.0,0.62169284
0.8455628,0.0,0.16868699
0.8865947,1.0,0.58956057
0.9034153,1.0,0.12380066
0.95619774,1.0,0.6675379
0.9562386,1.0,0.40329456
0.9733663,1.0,0.47085944
0.9942555,1.0,0.10206165
0.9607126,1.0,0.22464456
0.96266943,0.0,0.0002979842
0.7122404,1.0,0.1438265
0.94054604,1.0,0.27107242
0.8835587,0.0,0.0
0.9082036,0.0,0.0
0.18843232,1.0,0.47575203
0.54418325,0.0,0.16963385
0.88275677,0.0,0.0
0.78558576,0.0,0.02934246
0.15814953,0.0,0.41556972
0.77336925,0.0,0.10111165
0.8169801,0.0,0.0
0.15177765,0.0,0.53458667
0.11791098,0.0,0.80126053
0.86233735,0.0,0.34431598
0.39012995,0.0,0.32978195
0.37971053,0.0,0.07755198
0.1901668,0.0,0.658884
0.26211566,0.0,0.80002296
0.60794467,0.0,0.15247469
0.6034027,0.0,0.11736186
0.84444755,0.0,0.037364364
0.8595144,0.0,0.015844349
0.89911354,0.0,0.0
0.9369045,0.0,0.00039830382
0.82856613,0.0,0.0
0.9295328,0.0,0.0
0.8931939,0.0,0.0
0.89985883,0.0,0.0
0.87112826,0.0,0.012785212
0.723762,0.0,0.32748517
0.9705784,0.0,0.16972739
0.9659431,1.0,0.5715401
0.87998587,1.0,0.6243355
0.9804612,1.0,0.5982107
0.8435911,1.0,0.07435182
0.46202046,0.0,0.2133536
0.6434798,0.0,0.44808426
0.5377376,1.0,0.3727382
0.4505808,0.0,0.0
0.1232711,0.0,0.24687295
0.07994947,0.0,0.5591889
0.4093078,0.0,0.07735668
0.6052505,0.0,0.0
0.028949972,0.0,0.59794766
0.10957477,0.0,0.28055248
0.689603,0.0,0.0
0.10377727,0.0,0.2872222
0.05617953,0.0,0.4679574
0.7314423,0.0,0.10714244
0.16430065,0.0,0.37872192
0.7632467,0.0,0.042498253
0.074357376,0.0,0.16995709
0.7828451,0.0,0.0
0.7255713,0.0,0.014922568
0.73983425,0.0,0.0
0.70329785,0.0,0.0
0.61805016,0.0,0.019097283
0.85700434,0.0,0.0
0.73509586,0.0,0.34926388
0.83155245,0.0,0.55637413
0.9200094,0.0,0.18742123
0.609081,0.0,0.39139867
0.7900073,0.0,0.3644178
0.38121316,0.0,0.42461756
0.8240949,0.0,0.054083705
0.92374086,0.0,0.0
0.2416875,0.0,0.1960692
0.24402662,0.0,0.45334256
0.9265869,0.0,0.00073206215
0.93814075,0.0,0.016948996
0.5280005,0.0,0.29617047
0.835553,0.0,0.29144374
0.08204018,0.0,0.59201294
0.17759073,0.0,0.6314837
0.13896248,0.0,0.17270817
0.7008776,0.0,0.103556946
0.8195152,0.0,0.1447636
0.7856696,0.0,0.2312949
0.9178612,0.0,0.17546685
0.37126356,0.0,0.5021547
0.92972445,0.0,0.44702828
0.89196765,0.0,0.6785138
0.9387461,0.0,0.59620714
0.32184523,0.0,0.3709575
0.9546897,0.0,0.026538463
0.92418337,0.0,0.118180215
0.2437941,0.0,0.55671483
0.36257687,0.0,0.1984208
0.87545526,0.0,0.0
0.689492,0.0,0.1347187
0.39603302,0.0,0.40927833
0.69190377,0.0,0.20947234
0.76837265,0.0,0.004799722
0.55341613,0.0,0.40001515
0.22673565,0.0,0.705785
0.20718415,0.0,0.20733634
0.5011629,0.0,0.20218351
0.09374807,0.0,0.52515644
0.43455562,0.0,0.62833786
0.7120862,0.0,0.55405015
0.9118333,0.0,0.0593567
0.55228275,0.0,0.6366219
0.87913245,0.0,0.2313734
0.54093426,0.0,0.42655227
0.44424456,0.0,0.6416179
0.39523283,0.0,0.5671232
0.87937015,0.0,0.09774573
0.6812367,0.0,0.34526017
0.85563403,0.0,0.23192722
0.790485,0.0,0.32660675
0.6387475,0.0,0.7003538
0.7717958,0.0,0.29125872
0.23468396,0.0,0.7545751
0.3241178,0.0,0.29554665
0.41557866,0.0,0.0020252557
0.64379394,0.0,0.07591198
0.21255076,0.0,0.35054496
0.82611233,0.0,0.18334855
0.8339497,0.0,0.0
0.6503527,0.0,0.18923485
0.19699107,0.0,0.45935816
0.64125067,0.0,0.34435531
0.7990289,0.0,0.13813925
0.18125996,0.0,0.5870893
0.53365964,0.0,0.6426582
0.6080523,0.0,0.34868065
0.6568502,0.0,0.16040553
0.8018579,0.0,0.08267473
0.8071575,0.0,0.25216022
0.8849391,0.0,0.12139657
0.8140264,0.0,0.0
0.86270416,0.0,0.06481107
0.9523606,0.0,0.046598125
0.83087337,0.0,0.014283818
0.8419347,0.0,0.0
0.91507834,0.0,0.012992589
0.9460041,0.0,0.0
0.7218117,0.0,0.0070001744
0.2627346,0.0,0.010702265
0.8868735,0.0,0.24693255
0.65512455,0.0,0.4767704
0.31063002,0.0,0.31606397
0.3762979,0.0,0.42228028
0.14561324,0.0,0.66276973
0.08057353,0.0,0.21292292
0.2247331,0.0,0.22456834
0.46361157,0.0,0.32833117
0.8427504,0.0,0.0
0.94293857,0.0,0.0037752604
0.8171693,0.0,0.13434014
0.80464625,0.0,0.2522542
0.620721,0.0,0.0
0.8649801,0.0,0.0
0.9777905,0.0,0.27921885
0.90128756,0.0,0.010838796
0.33963472,0.0,0.027228037
0.9835772,0.0,0.14732708
0.9255562,0.0,0.10349274
0.73748845,0.0,0.2551553
0.89092094,1.0,0.36799976
0.3208748,0.0,0.36090633
0.96646035,1.0,0.09780166
0.35589322,0.0,0.66797626
0.8163727,0.0,0.22802825
0.8962778,0.0,0.0
0.7183675,0.0,0.03155313
0.7612338,0.0,0.08578139
0.797321,0.0,0.0
0.97531384,0.0,0.0
0.34434557,0.0,0.51604307
0.25106812,0.0,0.3257875
0.30400673,0.0,0.0
0.18841377,0.0,0.106177144
0.35650396,0.0,0.608348
0.26548153,0.0,0.33042985
0.22364931,0.0,0.30773118
0.4056619,0.0,0.43569863
0.35417882,0.0,0.30379027
0.121172674,0.0,0.04956769
0.36815372,0.0,0.25212598
0.7417461,0.0,0.5138534
0.5895275,0.0,0.0010080109
0.5248488,0.0,0.025543222
0.8424586,0.0,0.06454741
0.8779057,0.0,0.16118667
0.5197836,0.0,0.020248836
0.89854294,0.0,0.0073070796
0.97834766,1.0,0.09731024
0.92456,0.0,0.0035878194
0.32752466,0.0,0.04156121
0.76306313,1.0,0.07272521
0.94781035,1.0,0.30175552
0.72764784,1.0,0.29431194
0.8008605,0.0,0.50907373
0.47381756,0.0,0.35303727
0.2953888,0.0,0.20159675
0.2086783,0.0,0.448987
0.35075808,0.0,0.27726525
0.6980065,0.0,0.0021141963
0.36890626,0.0,0.016182465
0.3371539,0.0,0.29195142
0.4008391,0.0,0.106796086
0.7472455,0.0,0.00361682
0.3819591,0.0,0.28933728
0.2483029,0.0,0.17798238
0.74559176,0.0,0.023195373
0.44898337,0.0,0.0
0.34358737,0.0,0.42528227
0.2943538,0.0,0.23492384
0.3789191,0.0,0.100015335
0.21806759,0.0,0.75262076
0.19046052,0.0,0.5377344
0.10373478,0.0,0.10652124
0.17280138,0.0,0.30237308
0.14552835,0.0,0.5605606
0.36805677,0.0,0.19464831
0.2762195,0.0,0.4441494
0.16451794,0.0,0.895077
0.7310466,0.0,0.8169514
0.39101794,0.0,0.7283773
0.344576,0.0,0.9012012
0.6731913,0.0,0.57827944
0.707387,0.0,0.7981764
0.4838729,0.0,0.62553704
0.5214422,0.0,0.4346902
0.2924026,0.0,0.30096698
0.43291375,0.0,0.61963123
0.26673603,0.0,0.17951551
0.19844092,0.0,0.12540886
0.1755065,0.0,0.40707383
0.25039083,0.0,0.38236707
0.3730147,0.0,0.0
0.2319094,0.0,0.1085597
0.39835835,0.0,0.44247496
0.591283,0.0,0.16518691
0.63065493,0.0,6.8039306e-05
0.57428825,0.0,0.1955192
0.33979827,0.0,0.26473886
0.6763456,0.0,0.03715836
0.35242236,0.0,0.29422995
0.5917873,0.0,0.5662545
0.22127491,0.0,0.4670032
0.39471546,0.0,0.37054735
0.4328362,0.0,0.60844177
0.120798774,0.0,0.6994773
0.30020562,0.0,0.4672444
0.44722217,0.0,0.3795512
0.3447417,0.0,0.23744322
0.74384934,0.0,0.13726442
0.9084957,0.0,0.16965337
0.880537,0.0,0.017825387
0.9222524,0.0,0.11295094
0.8855459,0.0,0.030996786
0.9215986,0.0,0.0
0.87600243,0.0,0.033475697
0.8127752,0.0,0.0
0.9841616,1.0,0.012752018
0.9792733,0.0,0.0011188136
0.33960274,0.0,0.017213434
0.9668811,1.0,0.17916223
0.84872204,0.0,0.23888198
0.72315645,0.0,0.297351
0.64967936,0.0,0.34498432
0.58117783,0.0,0.26877397
0.94325054,0.0,0.2639713
0.08903002,0.0,0.5479753
0.27754268,0.0,0.40799296
0.7789828,0.0,0.0
0.30187297,0.0,0.15057802
0.58917534,0.0,0.51836926
0.81023604,0.0,0.035862017
0.84047097,1.0,0.004991336
0.39869705,0.0,0.38084716
0.41590947,0.0,0.1721849
0.83128846,0.0,0.0
0.10263848,0.0,0.030259585
0.24781397,0.0,0.5240791
0.38893187,0.0,0.42313722
0.34860143,0.0,0.33289832
0.36020204,0.0,0.41762647
0.12974493,0.0,0.5093084
0.11274183,0.0,0.15176395
0.27802396,0.0,0.21180426
0.8906611,0.0,0.23848061
0.85812765,0.0,0.013144817
0.8463134,0.0,0.17326851
0.96437454,1.0,0.0648609
0.8365392,1.0,0.10216844
0.32101017,0.0,0.067678824
0.6192048,0.0,0.0
0.97194934,1.0,0.2721279
0.9502818,0.0,0.004728942
0.61718345,0.0,0.05660386
0.9806582,1.0,0.20273499
0.98192436,1.0,0.34475657
0.4997555,0.0,0.37444213
0.6864649,0.0,0.6983278
0.19677664,0.0,0.3271095
0.92352223,0.0,0.09380485
0.0943546,0.0,0.5081638
0.23495921,0.0,0.4144929
0.83183676,0.0,0.0
0.6303814,0.0,0.05964974
0.4015103,0.0,0.46117857
0.55725926,0.0,0.019415947
0.9561521,1.0,0.018213691
0.5949806,0.0,0.3680859
0.17453209,0.0,0.24479459
0.85151756,0.0,0.0
0.48252043,0.0,0.06652815
0.44230485,0.0,0.5454278
0.35390574,0.0,0.24662721
0.34821853,0.0,0.132936
0.25395367,0.0,0.47338736
0.53216493,0.0,0.37803844
0.5174457,1.0,0.015587657
0.54684824,0.0,0.1154769
0.9483287,1.0,0.13910244
0.90091956,0.0,0.0
0.6371214,0.0,0.10875599
0.97991985,1.0,0.11981355
0.9599698,1.0,0.16512853
0.53946507,0.0,0.0090611745
0.8663069,0.0,0.0
0.9897182,1.0,0.31213748
0.9309239,0.0,0.0056550023
0.30487692,0.0,0.020194309
0.75795335,1.0,0.15534176
0.9823073,1.0,0.49301568
0.78679705,0.0,0.38187078
0.77152234,1.0,0.45812806
0.39843464,0.0,0.2639872
0.36898452,1.0,0.18623942
0.11487369,0.0,0.37553638
0.23021267,0.0,0.28829753
0.87369275,0.0,0.0
0.7125167,0.0,0.0006978974
0.6126273,0.0,0.2274488
0.67987674,0.0,0.06684231
0.94299614,0.0,0.0
0.6938443,0.0,0.0008959277
0.27936766,0.0,0.28725284
0.9509285,0.0,0.0
0.7280819,0.0,0.0
0.45991173,0.0,0.05265482
0.3805671,0.0,0.25217566
0.8287284,0.0,0.11455403
0.55738837,0.0,0.18556578
0.1752997,0.0,0.48799443
0.47090715,0.0,0.31228447
0.5375822,0.0,0.45121378
0.21041694,0.0,0.24946626
0.34671676,0.0,0.39372808
0.64277244,0.0,0.52279145
0.4801537,0.0,0.6364325
0.58688813,0.0,0.76217604
0.5656579,0.0,0.18594888
0.58380634,0.0,0.17718163
0.5225145,0.0,0.75309396
0.8784672,0.0,0.25212517
0.9034788,0.0,0.24620628
0.35806596,0.0,0.4564569
0.8830095,1.0,0.49480596
0.8911593,0.0,0.033223365
0.8227653,0.0,0.01255166
0.67226213,1.0,0.41031918
0.9483843,1.0,0.13158014
0.7739899,0.0,0.0006647321
0.2890121,1.0,0.26102108
0.8929743,1.0,0.48887154
0.894276,0.0,0.0
0.7469364,0.0,0.0005967848
0.6839212,1.0,0.3097824
0.7959063,1.0,0.36003318
0.51275414,0.0,0.26375565
0.42258075,1.0,0.44381216
0.4002323,1.0,0.21992113
0.36527637,1.0,0.5003911
0.21604577,0.0,0.5916982
0.42638955,0.0,0.005049561
0.48715532,1.0,0.18144503
0.23568511,0.0,0.49886596
0.33481866,0.0,0.10812624
0.5785795,0.0,0.004303011
0.474173,1.0,0.4277617
0.43423584,0.0,0.5819527
0.4638434,0.0,0.35162595
0.2709921,0.0,0.26711354
0.6058472,0.0,0.013810182
0.34849617,0.0,0.2431694
0.36378744,0.0,0.34211767
0.8358641,0.0,0.0014511569
0.5462501,0.0,0.0055825305
0.16129185,0.0,0.54496485
0.5603175,0.0,0.3900378
0.7395798,0.0,0.05127255
0.27787614,0.0,0.6118898
0.8330726,0.0,0.14432846
0.26701307,0.0,0.72237813
0.49063993,0.0,0.45756343
0.24716477,0.0,0.4600668
0.19843256,0.0,0.3133389
0.48899207,0.0,0.417662
0.29500708,0.0,0.024883138
0.54104537,0.0,0.3331595
0.4044541,0.0,0.35458463
0.376469,0.0,0.09663953
0.44968888,0.0,0.0
0.39419475,0.0,0.3439729
0.4046086,0.0,0.40394467
0.4256546,0.0,0.0
0.6477602,0.0,0.12360801
0.46625617,0.0,0.5509112
0.34195083,0.0,0.5558273
0.58943933,0.0,0.029784348
0.3523584,0.0,0.5863978
0.86782616,0.0,0.08677908
0.627102,0.0,0.4167594
0.62180257,0.0,0.0009433978
0.5178914,0.0,0.0
0.7016223,0.0,0.0
0.2604672,0.0,0.018812349
0.51866806,0.0,0.0
0.27177128,0.0,0.06649278
0.056665473,0.0,0.16322103
0.3885421,0.0,0.11700425
0.09776517,0.0,0.62633973
0.45242685,0.0,0.4691279
0.18007678,0.0,0.19748224
0.073272936,0.0,0.46150708
0.41501293,0.0,0.40803525
0.69512844,0.0,0.16484639
0.43800578,0.0,0.07408277
0.16375548,0.0,0.40036118
0.23998727,0.0,0.18844841
0.2676262,0.0,0.26334232
0.2151923,0.0,0.13291377
0.18273133,0.0,0.6378437
0.31212637,0.0,0.24721283
0.4160962,0.0,0.4623618
0.5391352,0.0,0.0014202622
0.6791751,0.0,0.02743532
0.7231257,0.0,0.009987754
0.66811794,0.0,0.0009966722
0.97979945,1.0,0.07745558
0.7206089,0.0,0.00011384324
0.38979876,0.0,0.0005915062
0.7730363,0.0,0.0
0.14612517,0.0,0.0
0.37455428,0.0,0.0060458523
0.55624115,0.0,0.0
0.42051175,0.0,0.0
0.33017725,0.0,0.0
0.3210986,0.0,0.027199943
0.6131586,0.0,0.00017367833
0.61253506,0.0,0.0053764093
0.36688223,0.0,0.21670564
0.8588365,0.0,0.24883121
0.63902766,0.0,0.24129036
0.51473075,0.0,0.31530026
0.3650456,0.0,0.57325345
0.39486462,0.0,0.6270637
0.25321338,0.0,0.502269
0.6281853,0.0,0.038374342
0.052821476,0.0,0.4567881
0.66719115,0.0,0.162226
0.30554405,0.0,0.59056383
0.46988595,0.0,0.34538817
0.1341063,0.0,0.41042683
0.50180906,0.0,0.112718835
0.09114611,0.0,0.55339533
0.45361257,0.0,0.043534286
0.055806115,1.0,0.55243987
0.19479433,1.0,0.53491277
0.099494584,1.0,0.6549659
0.070978485,1.0,0.36112392
0.6022218,1.0,0.20577131
0.47885847,1.0,0.30615684
0.67192847,1.0,0.56464106
0.6178943,1.0,0.47823873
0.9042269,1.0,0.0459825
0.44582075,1.0,0.24910313
0.695411,1.0,0.21523117
0.7949932,0.0,0.0
0.33311248,1.0,0.43328488
0.25894973,1.0,0.6557332
0.34008172,1.0,0.22789411
0.6920911,0.0,0.2856792
0.27195156,1.0,0.7875656
0.29689214,0.0,0.39921388
0.54762524,0.0,0.013433883
0.7776271,0.0,0.010172701
0.46670008,0.0,0.18891257
0.79868215,0.0,0.0
0.531153,0.0,0.10827307
0.5340169,0.0,0.3795607
0.91639125,0.0,0.0
0.71466553,0.0,0.0
0.32200748,0.0,0.24980405
0.872851,0.0,0.0279737
0.64047563,0.0,0.0
0.61733514,0.0,0.0
0.6634183,0.0,0.07697757
0.8780684,1.0,0.321015
0.95632607,1.0,0.106017984
0.7731979,0.0,0.0
0.99171585,1.0,0.07472225
0.9203732,0.0,0.012730518
0.8965881,0.0,0.0
0.8643618,0.0,0.0
0.9832028,0.0,0.10096266
0.72241,0.0,0.15398085
0.8697529,0.0,0.0
0.9432478,0.0,0.0
0.5832249,0.0,0.47288728
0.91975087,0.0,0.18911964
0.961637,0.0,0.12175759
0.9207501,0.0,0.48862684
0.8183121,0.0,0.06288131
0.9016243,0.0,0.07603056
0.860125,0.0,0.6163971
0.8312331,0.0,0.18588135
0.9148899,0.0,0.0065038134
0.8369968,0.0,0.14377326
0.43746576,0.0,0.3968081
0.6636136,0.0,0.09762643
0.6969809,0.0,0.005803513
0.5838934,0.0,0.32766765
0.36609584,0.0,0.6669681
0.38545534,0.0,0.046732545
0.09850058,0.0,0.41955024
0.5972915,0.0,0.035651688
0.07059325,0.0,0.5736476
0.49146646,0.0,0.44142023
0.8738953,0.0,0.004225565
0.8606043,0.0,0.28127638
0.80824894,0.0,0.02202405
0.805697,0.0,0.2726607
0.89660305,0.0,0.12649538
0.7986117,0.0,0.34586242
0.96744376,0.0,0.012565928
0.9172708,1.0,0.24812394
0.8857472,1.0,0.4560473
0.88473374,0.0,0.008477724
0.76480645,1.0,0.11337082
0.48126656,1.0,0.27972445
0.8605862,0.0,0.07372068
0.56344193,0.0,0.30301684
0.31592673,0.0,0.5685911
0.27395472,0.0,0.75132704
0.64882815,0.0,0.1546574
0.2815198,0.0,0.16692267
0.82394123,0.0,0.33317667
0.38185197,0.0,0.0030808502
0.94735545,0.0,0.0047957227
0.8399127,0.0,0.0026793755
0.55794936,0.0,0.03564905
0.23745689,0.0,0.0
0.35044825,0.0,0.24144398
0.6181266,0.0,0.105200805
0.74202126,0.0,0.0013597116
0.3570918,0.0,0.0
0.4479954,0.0,0.2769362
0.40144923,0.0,0.0044722143
0.85345656,0.0,0.011298133
0.24650359,0.0,0.23992863
0.21146661,0.0,0.18574412
0.88156337,0.0,0.0022779151
0.9309852,0.0,0.07579632
0.5502012,0.0,0.28019786
0.61503,0.0,0.30087304
0.21825387,0.0,0.6944005
0.4592943,0.0,0.44056848
0.5037599,0.0,0.02335012
0.086905114,0.0,0.31579763
0.16619916,0.0,0.42244655
0.09286301,0.0,0.7162987
0.41812193,0.0,0.041410092
0.31059843,0.0,0.11797847
0.09460148,0.0,0.6126012
0.16057296,0.0,0.23423555
0.6070889,0.0,3.7932765e-05
0.78531325,0.0,0.30507034
0.26946953,0.0,0.3756085
0.12989719,0.0,0.04899806
0.46473336,0.0,0.0027182852
0.44207323,0.0,0.2565204
0.28584996,0.0,0.23909566
0.16858558,0.0,0.0049371757
0.30064434,1.0,0.48875406
0.82696205,1.0,0.4551816
0.78535295,0.0,0.07614828
0.5346295,0.0,0.0010927214
0.3277729,1.0,0.42576522
0.84700423,0.0,0.55627763
0.9205348,0.0,0.16761322
0.81260103,0.0,0.3725219
0.22895405,0.0,0.5521467
0.13292466,0.0,0.65850097
0.60162264,0.0,0.14564146
0.2952852,0.0,0.4230146
0.18785445,0.0,0.8356506
0.2059344,0.0,0.28152493
0.36727718,0.0,0.12875868
0.29319233,0.0,0.18297601
0.34303072,0.0,0.06061959
0.58770555,0.0,0.0
0.6169994,0.0,0.0015454063
0.8271765,0.0,0.0019277731
0.8520939,1.0,0.056466695
0.9805817,1.0,0.036599763
0.9058116,1.0,0.37569487
0.40869418,1.0,0.18873289
0.9125713,1.0,0.43608856
0.6738209,0.0,0.3676562
0.68175817,0.0,0.08550111
0.872043,0.0,0.002458711
0.71813834,1.0,0.12448542
0.29183096,0.0,0.008731655
0.56613135,0.0,0.088169105
0.3410726,0.0,0.0
0.43773445,0.0,0.044877704
0.3315644,0.0,0.007790899
0.5254299,0.0,0.060353253
0.38839716,0.0,0.0
0.09950558,0.0,0.18162753
0.31091946,0.0,0.6914421
0.1082843,0.0,0.56147
0.14609751,0.0,0.5271449
0.18083408,0.0,0.12688673
0.26717195,0.0,0.19736464
0.254269,0.0,0.030462608
0.37499306,0.0,0.00076989376
0.7278627,0.0,0.04976491
0.3907662,0.0,0.0
0.8631303,0.0,0.018741315
0.5163753,0.0,0.0011533113
0.63296986,0.0,0.0039549
0.29317513,0.0,0.06521563
0.10503046,0.0,0.29349738
0.712063,0.0,0.024954563
0.30078566,0.0,0.78435427
0.53925043,0.0,0.1697914
0.29837012,0.0,0.34255597
0.8916912,1.0,0.4879494
0.29127526,0.0,0.40752885
0.33429986,0.0,0.41065666
0.8724987,0.0,0.071536265
0.6725191,1.0,0.28710654
0.18596455,0.0,0.506288
0.6227031,0.0,0.090103194
0.8069534,0.0,0.11755169
0.25690112,0.0,0.43304324
0.29511,0.0,0.20659429
0.8724275,0.0,0.0
0.5418348,0.0,0.16145703
0.23927262,0.0,0.28309268
0.21259846,0.0,0.0
0.77023584,0.0,0.004877698
0.50084454,0.0,0.19073322
0.28141513,0.0,0.4559768
0.37567908,0.0,0.22049896
0.6095946,0.0,0.055142798
0.31369746,0.0,0.70282143
0.15745905,0.0,0.34618214
0.292966,0.0,1.0
0.26850027,0.0,0.28553477
0.3980096,0.0,0.5177248
0.74984187,0.0,0.18767543
0.15604697,0.0,0.47727275
0.5364972,0.0,0.15450943
0.46952143,1.0,0.33738598
0.21904045,1.0,0.62231165
0.64213973,1.0,0.7241093
0.83398974,0.0,0.059029788
0.4282075,0.0,0.33698434
0.45257705,1.0,0.36068106
0.824095,1.0,0.20221826
0.8168342,0.0,0.050964814
0.20164119,0.0,0.6809854
0.57065654,1.0,0.5425843
0.946269,1.0,0.21860395
0.41705412,0.0,0.29560986
0.48995605,0.0,0.026109593
0.32517558,0.0,0.4650046
0.52242076,0.0,0.41525912
0.2615386,0.0,0.5195224
0.18990153,0.0,0.2197796
0.6405708,0.0,0.003534628
0.117297344,0.0,0.4580926
0.19090058,0.0,0.4999324
0.52934414,0.0,0.157966
0.38996148,0.0,0.039972432
0.3482938,0.0,0.60368055
0.42006177,0.0,0.72524196
0.38582242,0.0,0.27854973
0.3810504,0.0,0.5666225
0.30996394,0.0,0.30082172
0.6049775,0.0,0.072388
0.2519624,0.0,0.35160863
0.7572928,1.0,0.015981644
0.14902645,1.0,0.36854807
0.32225105,1.0,0.02084558
0.18935402,1.0,0.55927277
0.64352685,1.0,0.25807056
0.61063355,0.0,0.35470706
0.12732674,0.0,0.4784544
0.1592205,1.0,0.7807026
0.20273072,1.0,0.56900895
0.52838147,1.0,0.007614392
0.4291685,1.0,0.5223131
0.16812849,1.0,0.7950139
0.35283867,0.0,0.31914765
0.84251803,1.0,0.4748194
0.8206366,0.0,0.72086996
0.3331223,0.0,0.113232225
0.7337023,0.0,0.1018348
0.6567379,0.0,0.5553021
0.48779774,0.0,0.059557788
0.2907243,0.0,0.47975615
0.7699131,0.0,0.014608301
0.37916908,0.0,0.1159236
0.5743488,0.0,0.0
0.46717358,0.0,0.08497653
0.64296514,0.0,0.17456484
0.1343923,0.0,0.34230694
0.5186116,0.0,0.5287697
0.31435382,0.0,0.18117577
0.6070545,0.0,0.47488293
0.9261025,0.0,0.0046632807
0.53712153,0.0,0.0
0.64457643,1.0,0.0
0.17535336,0.0,0.017158367
0.39209077,0.0,0.0032687932
0.46960482,0.0,0.42968127
0.60351527,0.0,0.5873241
0.47309563,0.0,0.14218149
0.119772814,0.0,0.050052714
0.15112674,0.0,0.13020773
0.6327052,0.0,0.0028623103
0.6297797,1.0,0.17914736
0.8309914,1.0,0.18626752
0.58155054,0.0,0.007496588
0.5513573,0.0,0.00018315032
0.36892942,1.0,0.13892582
0.18371499,0.0,0.25904116
0.5788935,1.0,0.49813285
0.68317187,1.0,0.3248729
0.43442914,1.0,0.9239642
0.77059764,1.0,0.5061592
0.7614678,1.0,0.266818
0.6195112,1.0,0.8084576
0.3406731,1.0,0.20387958
0.3647555,1.0,0.12533318
0.39924908,1.0,0.7168482
0.6773918,1.0,0.5357363
0.85329235,0.0,0.05273094
0.2717108,0.0,0.49770385
0.6056829,0.0,0.30401576
0.51904386,0.0,0.53616357
0.51690173,0.0,0.7192304
0.25548103,0.0,1.0
0.21059135,0.0,0.6776049
0.42488176,0.0,0.48859715
0.52281255,0.0,0.5989045
0.72023,0.0,0.5740823
0.4220056,0.0,0.52913
0.76573753,0.0,0.6062444
0.6843803,0.0,0.2014336
0.52045166,0.0,0.35050917
0.50873077,0.0,0.13405861
0.8889527,0.0,0.12958089
0.7632888,0.0,0.2953322
0.391021,0.0,0.4000681
0.22619173,0.0,0.5916346
0.8436843,0.0,0.18452147
0.7742529,0.0,0.059857093
0.22912613,0.0,0.35042998
0.61999243,0.0,0.3708703
0.8331602,0.0,0.0011887691
0.8384861,0.0,0.29284915
0.13968612,0.0,0.74457693
0.22985052,0.0,0.40409473
0.13804872,0.0,0.6914984
0.64199054,0.0,0.21763542
0.49987623,0.0,0.21510397
0.76731294,0.0,0.009549654
0.09536188,0.0,0.46017814
0.68767285,0.0,0.08383434
0.7409895,0.0,0.10483634
0.17730433,0.0,0.14250593
0.8422814,0.0,0.03336961
0.8238674,0.0,0.01775094
0.6865754,0.0,0.31193998
0.577755,0.0,0.053712677
0.63369316,0.0,0.037051346
0.35855195,0.0,0.12730254
0.6319822,0.0,0.30692786
0.48544028,0.0,0.35755518
0.8032206,0.0,0.026688121
0.87951416,0.0,0.0027065484
0.4061502,0.0,0.43348476
0.79567677,0.0,0.15894584
0.8225211,0.0,0.0025960556
0.5854167,0.0,0.091038376
0.7511579,0.0,0.046677932
0.848483,0.0,0.026999414
0.63716245,0.0,0.37737313
0.7368372,0.0,0.3074781
0.6112069,0.0,0.6700887
0.6584192,0.0,0.21302167
0.6005965,0.0,0.42910945
0.48756215,0.0,0.7385982
0.3432205,0.0,0.059533324
0.51518464,0.0,0.7611014
0.34247285,0.0,0.34825155
0.34602472,0.0,0.511061
0.48893705,0.0,0.26852718
0.34749165,0.0,0.5314972
0.27223593,0.0,0.18391731
0.26281023,0.0,0.8283005
0.38820013,0.0,0.5155631
0.3157965,0.0,0.74125236
0.5115742,0.0,0.30264
0.049775533,0.0,0.7980702
0.7721949,0.0,0.19878684
0.33463258,0.0,0.32273778
0.14924425,0.0,0.6693931
0.16587877,0.0,0.41191703
0.6468786,0.0,0.08009926
0.38141653,0.0,0.14483036
0.8444164,0.0,0.0
0.384048,0.0,0.23859324
0.094802745,0.0,0.6139172
0.24713244,0.0,0.39396894
0.86791605,0.0,0.082494035
0.20397893,0.0,0.5283795
0.20621137,0.0,0.4000539
0.21878648,0.0,0.00197257
0.15937592,0.0,0.49453855
0.88252383,0.0,0.053403914
0.80621266,0.0,0.0007052687
0.43462273,0.0,0.42719457
0.6374088,0.0,0.17684084
0.7682344,0.0,0.07231738
0.50250447,0.0,0.024002267
0.605277,1.0,0.078724004
0.70704496,1.0,0.0032119176
0.74950814,1.0,0.010325203
0.9666171,1.0,0.09485088
0.77866167,1.0,0.003314512
0.931489,1.0,0.00556313
0.9255153,0.0,0.00035067223
0.70224816,1.0,0.00020295463
0.6466991,1.0,0.011703981
0.5251151,0.0,0.0
0.7879118,0.0,0.014037371
0.7475678,0.0,0.013485193
0.28599867,0.0,0.00024604658
0.44014475,0.0,0.0
0.71937376,0.0,0.048324503
0.9479536,0.0,0.0
0.88752663,0.0,0.00043211505
0.8626737,0.0,0.0029369046
0.63168305,0.0,0.0038874755
0.839951,0.0,0.00028667014
0.87449634,0.0,0.0
0.36999923,0.0,0.0030734274
0.86604214,0.0,0.037345067
0.7410582,0.0,0.24874811
0.89901114,0.0,0.054051295
0.12336512,0.0,0.49541602
0.28202957,0.0,0.44194815
0.10076677,0.0,0.67682594
0.58934873,0.0,0.29370582
0.50135696,0.0,0.3305493
0.5198367,0.0,0.20807894
0.3908641,0.0,0.19443336
0.85007155,0.0,0.0028159996
0.94305253,0.0,0.00093748904
0.72100466,0.0,0.026542999
0.7979859,0.0,0.045824513
0.61389285,0.0,0.0
0.89489967,0.0,0.00057926733
0.96112627,0.0,0.03185917
0.9302657,0.0,0.087962545
0.8000388,0.0,0.09249283
0.45269445,0.0,0.093207695
0.7487118,0.0,0.39937386
0.8313336,0.0,0.71846926
0.7423107,0.0,0.4712699
0.6889868,0.0,0.008066797
0.7681706,1.0,0.18246457
0.9522928,1.0,0.45299602
0.93436664,0.0,0.12153459
0.87077045,1.0,0.0029352803
0.76656485,1.0,0.40459818
0.9606805,1.0,0.0036100307
0.9861941,1.0,0.0
0.8966316,1.0,0.23751198
0.7825444,1.0,0.08185553
0.95455736,0.0,0.034005992
0.5990607,0.0,0.12511788
0.9419909,0.0,0.00033209403
0.95585245,0.0,0.0
0.457328,0.0,0.20209883
0.50111777,0.0,0.005138807
0.7559282,0.0,0.0005737919
0.49672344,0.0,0.2818926
0.5713189,0.0,0.4483724
0.21484156,0.0,0.32642296
0.5034302,0.0,0.0
0.7709495,0.0,0.00039785545
0.64731216,0.0,0.0
0.9036849,0.0,0.055868465
0.8691604,0.0,0.0069990507
0.74748313,0.0,0.026390696
0.3239596,0.0,0.3510509
0.8290966,0.0,0.3187348
0.60309607,0.0,0.5354202
0.9098364,0.0,0.23927757
0.61462784,0.0,0.64387864
0.7035259,0.0,0.43274754
0.8886146,0.0,0.11033195
0.5939229,0.0,0.0022073013
0.57346195,0.0,0.059961185
0.45500505,0.0,0.057477504
0.9006933,0.0,0.045422982
0.5379606,0.0,0.37960178
0.9544217,0.0,0.12580204
0.33117974,0.0,0.33225197
0.41236624,0.0,0.1885741
0.685862,1.0,0.031463563
0.30256137,1.0,0.2829164
0.44062185,1.0,0.045206092
0.35251674,1.0,0.09742516
0.55251503,0.0,0.53507656
0.17293297,0.0,0.79054976
0.47458994,1.0,0.53621656
0.33573604,0.0,0.5769941
0.7747295,1.0,0.41492915
0.28187707,0.0,0.35478953
0.30126932,1.0,0.5392806
0.37364045,1.0,0.02806724
0.4354451,1.0,0.18485774
0.4960562,1.0,0.12021691
0.47689664,1.0,0.6007483
0.70470554,0.0,0.25255552
0.27652094,0.0,0.6831669
0.8998837,0.0,0.2450653
0.31808427,0.0,0.26623207
0.19708602,0.0,0.7120827
0.26316485,0.0,0.27099675
0.48622718,0.0,0.3264876
0.124968596,0.0,0.50854063
0.27154303,0.0,0.61455077
0.26166895,0.0,0.08075112
0.4368901,0.0,0.3583396
0.16108355,0.0,0.76740235
0.32388404,0.0,0.8474193
0.7682902,0.0,0.27962527
0.34042144,0.0,0.62494564
0.17051548,0.0,0.34391913
0.3218692,0.0,0.50016844
0.5962177,0.0,0.023963679
0.11429461,0.0,0.5058957
0.20943038,0.0,0.5615435
0.38262454,0.0,0.06070927
0.5114966,0.0,0.08088979
0.5623754,0.0,0.12145888
0.68593067,0.0,0.2975694
0.80580586,0.0,0.06890408
0.61771643,0.0,0.5563005
0.56852305,0.0,0.35094222
0.92865205,0.0,0.026759382
0.7314238,0.0,0.06129027
0.84307057,0.0,0.11387397
0.78202033,0.0,0.02291604
0.7983213,0.0,0.03871401
0.5161666,0.0,0.36126056
0.36211014,0.0,0.26447558
0.83004224,0.0,0.22252683
0.13421983,0.0,0.620949
0.17703141,0.0,0.061222948
0.7458159,0.0,0.0035658083
0.48426735,0.0,0.051034037
0.1370541,0.0,0.020770025
0.68196774,0.0,0.012625357
0.31117085,0.0,0.0
0.08912443,0.0,0.2838465
0.28034088,0.0,0.46929774
0.51699007,0.0,0.14527507
0.6593296,0.0,0.0
0.7144503,0.0,0.0
0.57661885,0.0,0.0014662753
0.77110165,0.0,0.00090127334
0.5480209,0.0,0.004226005
0.953277,1.0,0.007281101
0.83955073,0.0,0.0026956047
0.9354732,0.0,0.07385915
0.936635,1.0,0.0
0.9057085,0.0,0.18857701
0.86397266,0.0,0.008556338
0.9177545,0.0,0.0
0.9624036,0.0,0.00061964773
0.9410844,1.0,0.008261468
0.82974404,1.0,0.01552549
0.31362897,0.0,0.00062638
0.24891013,1.0,0.35498592
0.3134122,0.0,0.29903552
0.5790576,0.0,0.059058122
0.43572336,0.0,0.0025037625
0.7563443,0.0,0.001064499
0.2651784,0.0,0.22765397
0.6821679,0.0,0.25067627
0.7992735,0.0,0.19821306
0.62126017,0.0,0.20201263
0.8586146,0.0,0.2351176
0.7411399,1.0,0.4883985
0.7552744,1.0,0.4751493
0.89723086,1.0,0.09298237
0.9662805,1.0,0.21363932
0.99420136,1.0,0.07095511
0.9179199,1.0,0.0
0.9453218,1.0,0.0073621455
0.8431161,0.0,0.01353488
0.7559144,0.0,0.0060528703
0.345568,0.0,0.0016194232
0.90205926,0.0,0.0
0.39099818,0.0,0.0
0.63563514,0.0,0.008378005
0.46040502,0.0,0.00083925383
0.28442422,0.0,0.5242823
0.16809602,0.0,0.28114066
0.088282496,0.0,0.7707261
0.08547155,0.0,0.6211284
0.30835947,0.0,0.093822554
0.09838404,0.0,0.29097182
0.7333113,0.0,0.10364899
0.68695015,0.0,0.0010204571
0.41648948,0.0,0.0752596
0.67588013,0.0,0.0
0.48347053,0.0,0.014171448
0.781665,0.0,0.005615447
0.97298867,0.0,0.022408703
0.97577524,1.0,0.028149322
0.8028542,0.0,0.104588665
0.5489875,0.0,0.38191724
0.9189111,1.0,0.36448768
0.96514577,1.0,0.0018164624
0.8033708,0.0,0.16227998
0.43688872,0.0,0.29926196
0.4153752,0.0,0.5099384
0.86599404,0.0,0.0
0.8594578,0.0,0.07179372
0.9688438,0.0,0.005471935
0.21754901,0.0,0.1569075
0.9492483,0.0,0.0
0.50991416,0.0,0.06917197
0.7296797,0.0,0.06703763
0.7083305,0.0,0.33501688
0.68030673,0.0,0.5768114
0.67249465,0.0,0.2666337
0.62732214,0.0,0.12803169
0.9480423,0.0,0.13629696
0.77024263,0.0,0.20386517
0.8847608,0.0,0.00039878045
0.7303554,0.0,0.03297033
0.95159835,0.0,0.33491832
0.9654568,1.0,0.24519244
0.72019637,0.0,0.007356581
0.9421693,0.0,0.055330325
0.85769564,0.0,0.0
0.8211403,0.0,2.5197303e-05
0.56555,0.0,0.27008814
0.57095766,0.0,0.01420624
0.45374143,0.0,0.20442966
0.41360334,0.0,0.40451714
0.40387586,0.0,0.9385453
0.23249738,0.0,1.0
0.18733455,0.0,0.66964483
0.29544392,0.0,0.47747198
0.29380602,0.0,0.5515007
0.40180194,0.0,0.4143425
0.24523453,0.0,0.3985587
0.13983303,0.0,0.45673934
0.2926085,0.0,0.43636796
0.44713706,0.0,0.6279837
0.21406011,0.0,0.47009367
0.43354732,0.0,0.335563
0.2785613,0.0,0.44040003
0.36842299,0.0,0.6168521
0.28827098,0.0,0.16962625
0.8157111,0.0,0.20791826
0.6674117,0.0,0.4366172
0.6433169,0.0,0.36359066
0.86517084,0.0,0.0
0.72757035,0.0,0.17467812
0.33223537,0.0,0.59084934
0.34478852,0.0,0.35955587
0.83357227,0.0,0.0
0.7444838,0.0,0.28732732
0.71785647,0.0,0.65108764
0.3124352,0.0,0.2386597
0.87442416,0.0,0.1480152
0.54336303,0.0,0.32486358
0.11204277,0.0,0.5618586
0.829309,0.0,0.0
0.88431925,0.0,0.0302437
0.26182148,0.0,0.46456796
0.45231447,0.0,0.16033633
0.83160114,0.0,0.00046234205
0.5799365,0.0,0.24870037
0.48250479,0.0,0.51248103
0.65425736,0.0,0.21246253
0.17087077,0.0,0.64251596
0.8283503,0.0,0.11918092
0.6555693,0.0,0.10040918
0.2019041,0.0,0.52762836
0.6125511,0.0,0.45362994
0.27381915,0.0,0.30776024
0.20161052,0.0,0.3082516
0.14928332,0.0,0.28026006
0.12826411,0.0,0.23403166
0.74596995,0.0,0.0
0.55780786,0.0,0.0
0.23989472,0.0,0.4442416
0.7746682,0.0,0.093629874
0.7651098,0.0,0.0058585936
0.7111394,0.0,0.35705155
0.3610846,0.0,0.64598066
0.8312967,0.0,0.18154891
0.40427026,0.0,0.42999354
0.4751895,0.0,0.5505536
0.9498297,0.0,0.07968544
0.4072972,0.0,0.37725374
0.55620486,0.0,0.24901502
0.9548355,0.0,0.37025076
0.81022453,0.0,0.03601242
0.73848075,0.0,0.0075877905
0.5403889,0.0,0.0
0.6745582,0.0,0.31686482
0.5791686,0.0,0.0040956708
0.90947914,0.0,0.000905892
0.906397,0.0,0.0072218473
0.6150398,0.0,0.322887
0.6546308,1.0,0.60090286
0.18640542,0.0,0.4529406
0.3014036,0.0,0.69747615
0.8912374,0.0,0.21830316
0.72011536,0.0,0.0
0.77384543,0.0,0.31893536
0.13353413,0.0,0.2945852
0.4781996,0.0,0.0
0.90855306,0.0,0.038226813
0.26010442,0.0,0.5186301
0.17296748,0.0,0.09460786
0.50779575,0.0,0.0002550048
0.6234124,0.0,0.009414068
0.41788232,0.0,0.2852728
0.7731837,0.0,0.21522847
0.75831205,0.0,0.009066601
0.23910733,0.0,0.45731008
0.8407131,0.0,0.019239496
0.30356133,0.0,0.4868759
0.1297305,0.0,0.6960274
0.58545315,0.0,0.2473059
0.18850993,0.0,0.19561785
0.93785465,0.0,0.0061419113
0.7161737,0.0,0.003966386
0.16925411,0.0,0.38865405
0.8457699,0.0,0.0
0.9109203,0.0,0.0
0.8656067,0.0,0.1776398
0.17315555,0.0,0.28101566
0.8313911,0.0,0.0003086954
0.94941884,1.0,0.018097946
0.41283137,0.0,0.35004166
0.7391852,0.0,0.1193023
0.8556987,0.0,0.004184561
0.5893601,1.0,0.40958932
0.905677,1.0,0.23545514
0.8455204,1.0,0.054219797
0.861038,1.0,0.71244735
0.8462569,1.0,0.44873527
0.9115894,1.0,0.59160745
0.6910176,1.0,0.4984808
0.7220127,0.0,0.20186749
0.9845418,1.0,0.16514957
0.8031394,1.0,0.21371162
0.7763869,0.0,0.18522933
0.91789424,0.0,0.00063363335
0.893722,0.0,0.0
0.41300714,1.0,0.2947105
0.66436106,0.0,0.18677074
0.8407838,0.0,0.0
0.8021859,0.0,0.0
0.26801562,0.0,0.38590732
0.27984294,0.0,0.23262872
0.7429762,0.0,0.009310325
0.46086764,0.0,0.114472784
0.2648958,0.0,0.72501975
0.42656583,0.0,0.099645115
0.27519464,0.0,0.7043876
0.1676002,0.0,0.6325336
0.57664603,0.0,0.4019481
0.6099248,0.0,0.04920655
0.3906039,0.0,0.48533693
0.5270172,0.0,0.30807617
0.40045348,0.0,0.21795493
0.74136627,1.0,0.5096769
0.60879785,0.0,0.022311613
0.5232218,0.0,0.0
0.9230396,1.0,0.19242461
0.91181344,1.0,0.39326108
0.9684219,0.0,0.0
0.9132203,0.0,0.0
0.96416837,1.0,0.18482633
0.923879,1.0,0.09335375
0.36419183,0.0,0.0
0.90125406,1.0,0.13915567
0.8530395,1.0,0.48488566
0.7694944,0.0,0.012520695
0.7374302,1.0,0.11996396
0.96172494,1.0,0.3718537
0.7273944,1.0,0.11794567
0.836095,0.0,0.03861851
0.744519,1.0,0.25921935
0.81331235,1.0,0.29880896
0.20784752,1.0,0.7235463
0.8578874,1.0,0.6442571
0.6994416,1.0,0.19058971
0.4255985,1.0,0.7105768
0.12611052,1.0,0.6568738
0.18748431,0.0,0.35295346
0.88892645,1.0,0.13441922
0.46244562,0.0,0.32370514
0.7103727,0.0,0.21621743
0.19246256,0.0,0.6130795
0.36137232,1.0,0.54772437
0.95363355,0.0,0.009357936
0.4949535,0.0,0.11101033
0.66951543,0.0,0.41737053
0.78760844,1.0,0.4316483
0.9663746,1.0,0.022179065
0.8806085,1.0,0.38210386
0.5376015,1.0,0.52486223
0.9673789,1.0,0.23818044
0.8469844,0.0,0.10161804
0.649298,0.0,0.48044893
0.78571916,0.0,0.8432988
0.32247618,0.0,0.29804432
0.91490144,0.0,0.42373073
0.97562236,0.0,0.13157758
0.3584774,0.0,0.39624146
0.3969214,0.0,0.41714168
0.18924718,0.0,0.5138955
0.8355536,0.0,0.15794311
0.94745475,0.0,0.0
0.35400444,0.0,0.42597252
0.38661206,0.0,0.37961346
0.96416706,0.0,0.0026886435
0.41376424,0.0,0.0702145
0.25619692,0.0,0.30386955
0.8123321,0.0,0.21760356
0.9170973,0.0,0.0
0.2721582,0.0,0.37179568
0.3495848,0.0,0.6217543
0.37815225,0.0,0.4569485
0.11176806,0.0,0.40071267
0.83637035,1.0,0.066276364
0.23418929,1.0,0.60429496
0.86160076,1.0,0.36883023
0.32318813,1.0,0.32155
0.39453605,0.0,0.83666325
0.8406816,0.0,0.8646567
0.67053616,0.0,0.44173732
0.81596386,0.0,0.15872003
0.3805178,0.0,0.4746076
0.67741334,0.0,0.4941589
0.7075081,0.0,0.21596538
0.6520029,0.0,0.4777399
0.3608775,0.0,0.6949876
0.76925504,0.0,0.646188
0.70235527,0.0,0.3411824
0.79461753,0.0,0.18929589
0.6031747,0.0,0.532953
0.581709,0.0,0.28569055
0.8630423,1.0,0.29458526
0.66048545,1.0,0.71377
0.6452178,1.0,0.77096176
0.8681715,1.0,0.22003724
0.71964437,1.0,0.57554305
0.67654496,1.0,0.47789863
0.87354565,1.0,0.22789827
0.54321593,1.0,0.39002192
0.70503086,1.0,0.45983705
0.4734212,1.0,0.48468813
0.30230474,1.0,0.52995396
0.65016276,1.0,0.6223953
0.3944179,1.0,0.70238405
0.5201782,0.0,0.21234141
0.7686244,0.0,0.26664716
0.8510378,1.0,0.11216857
0.86736894,1.0,0.22532879
0.85120755,0.0,0.18201339
0.8966802,1.0,0.07453751
0.73032624,0.0,0.34507468
0.62344843,0.0,0.64441305
0.7076471,0.0,0.09643093
0.731655,0.0,0.16914599
0.6895141,1.0,0.028973931
0.8338459,0.0,0.041317824
0.3025563,0.0,0.2161112
0.78764266,0.0,0.11097213
0.626214,0.0,0.48777178
0.71952486,0.0,0.7123038
0.7424001,0.0,0.34879503
0.604626,1.0,0.60294425
0.7461331,1.0,0.46753046
0.8508184,1.0,0.38660514
0.846639,1.0,0.32255265
0.8634935,1.0,0.31939536
0.8924469,1.0,0.3924925
0.8107673,1.0,0.4732734
0.5542447,1.0,0.439603
0.7293526,1.0,0.34931636
0.35876706,0.0,0.59625983
0.6776633,1.0,0.48687038
0.61477196,1.0,0.3587127
0.4831965,0.0,0.3261316
0.73501825,1.0,0.4620157
0.44845873,0.0,0.4436723
0.35116982,0.0,0.8126625
0.051242154,0.0,0.51006746
0.45827433,0.0,0.35174882
0.3543367,0.0,0.18698733
0.40496963,0.0,0.19780675
0.39614865,0.0,0.05328137
0.32103658,0.0,0.38898286
0.6495199,0.0,0.44440228
0.78090715,0.0,0.1045941
0.7173225,0.0,0.45289108
0.76835924,0.0,0.0939498
0.6027751,0.0,0.110462405
0.5167826,0.0,0.65848756
0.24710064,0.0,0.5633915
0.8570635,0.0,0.20326638
0.13046028,0.0,0.3304316
0.75401485,0.0,0.06835405
0.18407165,0.0,0.110029265
0.27984518,0.0,0.010901788
0.32783857,0.0,0.0
0.5503553,0.0,0.07120828
0.27134362,0.0,0.070293896
0.26898092,0.0,0.38300294
0.46561572,0.0,0.18092038
0.34455103,0.0,0.43481937
0.14916553,0.0,0.70759916
0.5948429,0.0,0.1289998
0.26915547,1.0,0.2969795
0.12639236,0.0,0.1557325
0.18431969,0.0,0.124935836
0.07615122,0.0,0.020614296
0.29232013,0.0,0.0007554017
0.12337094,0.0,0.0062206513
0.48842338,0.0,0.026398815
0.20375356,0.0,0.03816754
0.8316292,0.0,0.01596119
0.34199363,0.0,0.17582181
0.7498023,0.0,0.018346386
0.88123286,0.0,0.34368116
0.13513923,0.0,0.50405794
0.045414265,0.0,0.33427423
0.13012236,0.0,0.17706203
0.104015164,0.0,0.349013
0.053679604,0.0,0.28966874
0.42146948,0.0,0.039309304
0.17637669,0.0,0.051688343
0.30173162,0.0,0.004111069
0.65234816,0.0,0.04671131
0.5219217,0.0,0.0089992145
0.8705367,0.0,0.0078034136
0.87937796,0.0,0.0067766435
0.958869,0.0,0.052718613
0.93589044,0.0,0.033199195
0.95216477,1.0,0.33262473
0.924078,0.0,0.005874748
0.92921716,0.0,0.0
0.7045378,1.0,0.16907276
0.9631931,0.0,0.0009232939
0.92083883,0.0,0.0022074385
0.9609941,0.0,0.0073453668
0.9734997,0.0,0.16195224
0.97773063,0.0,0.0
0.97639436,0.0,0.011140446
0.9407512,0.0,0.019001953
0.9486242,0.0,0.09166021
0.9154473,0.0,0.047735427
0.9581787,0.0,0.023429606
0.89710104,0.0,0.02120007
0.8018437,0.0,0.042585038
0.9279789,0.0,0.019591438
0.75608593,0.0,0.21142945
0.8942793,0.0,0.068437845
0.39810738,0.0,0.06420373
0.48999336,0.0,0.79300845
0.3829735,0.0,0.44814107
0.4605085,0.0,0.24137147
0.07006667,0.0,0.48414385
0.3932284,0.0,0.2398291
0.45433357,0.0,0.40254366
0.4327132,0.0,0.55490255
0.796732,0.0,0.14381729
0.07545996,0.0,0.6732388
0.31257355,0.0,0.29046506
0.83214754,0.0,0.008086688
0.6875931,0.0,0.04296073
0.74812675,0.0,0.010095772
0.5149863,0.0,0.20402086
0.13734634,0.0,0.2681704
0.52105063,0.0,0.0072633172
0.41824368,0.0,0.0039429995
0.48718724,0.0,0.04877083
0.7276844,0.0,0.0014873766
0.85535914,0.0,0.019424397
0.8905453,0.0,0.0
0.68302625,0.0,0.0
0.932093,0.0,0.0104564885
0.69408727,0.0,0.0073381457
0.32479772,0.0,0.00971208
0.7407893,0.0,0.299597
0.7689702,0.0,0.00035477598
0.79561657,0.0,0.106123984
0.76264995,0.0,0.021718426
0.915991,0.0,0.015466524
0.87628573,0.0,0.23752995
0.6102599,0.0,0.13127181
0.5473943,1.0,0.6721433
0.58781433,1.0,0.60410553
0.49384353,1.0,0.40971282
0.24211489,1.0,0.45546874
0.7509955,0.0,0.07415257
0.8599904,1.0,0.2933507
0.78796875,0.0,0.24723504
0.9745049,0.0,0.0
0.72754014,0.0,0.43305743
0.42039353,0.0,0.28006712
0.79346734,0.0,0.008905997
0.46218103,0.0,0.0037031593
0.08130038,0.0,0.46223724
0.23708288,0.0,0.08031081
0.8158842,0.0,0.0658128
0.61553454,0.0,0.03584003
0.18817532,0.0,0.3430285
0.67879945,0.0,0.0034094802
0.8422723,0.0,0.036460623
0.49482897,0.0,0.2329828
0.33028764,0.0,0.24639186
0.37134507,0.0,0.004727354
0.569776,0.0,0.010003578
0.35817352,0.0,0.36948758
0.43198055,0.0,0.53125226
0.53969264,0.0,0.17846948
0.1557009,0.0,0.3757144
0.29071975,0.0,0.3937122
0.4647898,0.0,0.042871546
0.31630912,0.0,0.26954666
0.18786249,0.0,0.5968984
0.17529008,0.0,0.6409704
0.38668364,0.0,0.6245138
0.74830085,0.0,0.03746572
0.13407993,0.0,0.28026918
0.728178,0.0,0.0109887365
0.30949238,0.0,0.0033425852
0.8140322,0.0,0.055083286
0.9503602,0.0,0.015019025
0.8654699,0.0,0.0
0.74964,0.0,0.041133914
0.9433655,1.0,0.11049552
0.93352884,1.0,0.027233586
0.75999427,0.0,0.0
0.5065526,0.0,0.0
0.52908444,0.0,0.0
0.95815986,0.0,0.0
0.7180722,0.0,0.006805758
0.6599463,0.0,0.013287476
0.70236236,0.0,0.09894674
0.6445823,0.0,0.023886772
0.45176503,0.0,0.0030523334
0.17536737,0.0,0.2449758
0.27704877,0.0,0.1539204
0.7363039,0.0,0.047577236
0.7186692,0.0,0.15045981
0.41945338,0.0,0.5304834
0.1959972,0.0,0.23085125
0.069474384,0.0,0.78732854
0.2711823,0.0,0.6618022
0.18439786,0.0,0.25543228
0.10129065,0.0,0.30241647
0.28239706,0.0,0.030939927
0.09406179,0.0,0.53765726
0.8355517,0.0,0.09708491
0.03767055,0.0,0.20496619
0.6667218,0.0,0.0
0.7903405,0.0,0.011323904
0.92830676,0.0,0.025746042
0.9544752,0.0,0.01006381
0.8968436,0.0,0.01733486
0.8364264,0.0,0.004074127
0.82345873,0.0,0.0
0.9366012,1.0,0.0636363
0.7579677,0.0,0.00067667075
0.3863733,0.0,0.031322043
0.9097274,0.0,0.0
0.49882713,0.0,0.20000884
0.36353245,0.0,0.17966333
0.90920585,0.0,0.03048284
0.62068474,0.0,0.008891748
0.33756694,0.0,0.2259672
0.7854113,0.0,0.25114188
0.9597747,1.0,0.024052246
0.5174651,0.0,0.091966026
0.13404611,0.0,0.15346473
0.9424159,0.0,0.02377889
0.906709,0.0,0.0025056237
0.17857727,0.0,0.14460595
0.42227858,0.0,0.3327524
0.46026745,0.0,0.4843497
0.68423146,0.0,0.08205635
0.6695037,0.0,0.5275429
0.80797154,0.0,0.25088382
0.33614498,0.0,0.6105872
0.30520225,0.0,0.41868174
0.7248458,0.0,0.14696962
0.9206549,0.0,0.02391394
0.39823613,0.0,0.5233065
0.16364458,0.0,0.54150856
0.4558433,0.0,0.68186533
0.76768905,0.0,0.17304145
0.0870686,0.0,0.05080322
0.32757837,0.0,0.40873173
0.3107061,0.0,0.40640798
0.8279328,0.0,0.0015965106
0.4947988,0.0,0.5114618
0.706469,0.0,0.58522165
0.83483857,0.0,0.12544721
0.6559968,0.0,0.14094822
0.23054013,0.0,0.72336924
0.8524413,1.0,0.58040905
0.56941617,0.0,0.00029652184
0.60407525,0.0,0.13741297
0.628287,0.0,0.37680572
0.9140403,1.0,0.12759727
0.9413497,0.0,0.0
0.61596256,0.0,0.4044606
0.7545179,0.0,0.27767754
0.53907543,0.0,0.0
0.7353611,0.0,0.089608304
0.17518428,0.0,0.62221164
0.8613026,0.0,0.41176602
0.5988226,0.0,0.43154258
0.39114764,0.0,0.26268172
0.72971326,1.0,0.39534304
0.8379238,1.0,0.7483451
0.7639079,0.0,0.09247582
0.49370003,0.0,0.0
0.8320467,1.0,0.1184076
0.65065664,1.0,0.3435035
0.86736625,0.0,0.0
0.92854166,1.0,0.00786387
0.8039671,1.0,0.47145352
0.7700352,1.0,0.28865656
0.4142733,0.0,0.0
0.950054,1.0,0.14665218
0.7517881,1.0,0.4641312
0.6166024,0.0,0.13165565
0.9385847,0.0,0.003218778
0.97463346,1.0,0.13619328
0.6882753,1.0,0.24721229
0.51249725,0.0,0.09052806
0.943803,0.0,0.0
0.8730225,1.0,0.46834528
0.6377715,1.0,0.70391333
0.72251195,0.0,0.3246824
0.5251841,0.0,0.09214066
0.33743775,0.0,0.27651572
0.6400892,0.0,0.002626126
0.5532924,1.0,0.11503274
0.937519,1.0,0.23034246
0.27398667,0.0,0.0
0.7358343,0.0,0.030386629
0.41363293,0.0,0.33409888
0.038173355,0.0,0.35107827
0.22036232,0.0,0.5713615
0.20155737,1.0,0.114048935
0.3665102,0.0,0.62710667
0.44306368,0.0,0.7231788
0.54500115,0.0,0.8015168
0.570758,1.0,0.6633167
0.7907769,1.0,0.4503372
0.096178144,1.0,0.21788995
0.84731966,0.0,0.051880915
0.5968354,0.0,0.56102777
0.92861587,0.0,0.3644333
0.9185603,0.0,0.18339813
0.5233468,0.0,0.41323167
0.5712085,0.0,0.16910744
0.8945086,0.0,0.023139805
0.44458106,0.0,0.12896211
0.3581465,0.0,0.3179666
0.86224574,0.0,0.0030480009
0.8876372,0.0,0.052665133
0.5892004,0.0,0.23090133
0.045429636,0.0,0.13656452
0.20132868,0.0,0.58940977
0.39287224,0.0,0.39206144
0.9221529,0.0,0.027025606
0.3551923,0.0,0.14932784
0.08161705,0.0,0.48666143
0.7154424,0.0,0.092983484
0.7475455,0.0,0.04479897
0.13050911,0.0,0.34936592
0.4903713,0.0,0.13439731
0.35946774,0.0,0.34785742
0.47199318,0.0,0.18515363
0.40555075,0.0,0.7065274
0.20121369,0.0,0.5840585
0.8841891,0.0,0.0043254914
0.41904116,1.0,0.4647102
0.9645505,0.0,0.24196579
0.8165246,0.0,0.33706757
0.5980953,1.0,0.18431728
0.91319805,1.0,0.6905966
0.64739513,1.0,0.33157593
0.67948,0.0,0.03303987
0.8214741,1.0,0.26727888
0.8835907,1.0,0.38213548
0.5261883,1.0,0.18305275
0.7248741,0.0,0.0
0.9276326,1.0,0.20359093
0.87806934,1.0,0.47587222
0.7609606,1.0,0.21600796
0.6698039,0.0,0.002879122
0.79656714,0.0,5.0261347e-06
0.4629041,1.0,0.1420552
0.759863,0.0,0.0
0.35607654,0.0,0.12607543
0.6151661,0.0,0.09061199
0.7881729,0.0,0.0942267
0.12569432,0.0,0.17254882
0.40385038,0.0,0.48069465
0.73429775,0.0,0.101288006
0.7596809,0.0,0.0061694924
0.49204594,0.0,0.16728663
0.3199215,0.0,0.44398275
0.65214384,0.0,0.016671324
0.6340344,0.0,0.0
0.2133795,0.0,0.35699007
0.15951596,0.0,0.49722466
0.08478691,0.0,0.4554999
0.51405746,0.0,0.050822917
0.08607541,0.0,0.10851677
0.42163318,0.0,0.012569681
0.5288002,0.0,0.0
0.73921955,0.0,0.0013686321
0.5532203,0.0,0.010095222
0.7259156,0.0,0.0
0.767416,0.0,0.0
0.55118275,0.0,0.026305227
0.15557812,0.0,0.04735362
0.8037545,0.0,0.0
0.6109543,0.0,0.00257616
0.92248833,1.0,0.27226612
0.69915277,1.0,0.035717495
0.8224704,0.0,0.024279881
0.3912789,0.0,0.07769328
0.9530747,0.0,0.07531905
0.9019771,0.0,0.017464848
0.8974238,0.0,0.0018354306
0.2543507,0.0,0.31776017
0.38407147,0.0,0.11466902
0.92700917,0.0,0.008683709
0.77178556,0.0,0.014424909
0.14793985,0.0,0.23481801
0.3250872,0.0,0.5813236
0.7146322,0.0,0.042731725
0.07567541,0.0,0.4859496
0.22884884,0.0,0.040546294
0.06735864,0.0,0.3716795
0.40375182,0.0,0.24629572
0.104584485,0.0,0.36722073
0.044352025,0.0,0.30371416
0.0765828,0.0,0.33001283
0.5744381,0.0,0.016071275
0.12557405,0.0,0.49617466
0.13990693,0.0,0.59180325
0.13093816,0.0,0.14500663
0.013966652,0.0,0.3653416
0.34761012,0.0,0.52815914
0.5693878,0.0,0.6400009
0.076140255,0.0,0.5296003
0.7262243,0.0,0.03542396
0.1442198,0.0,0.44256383
0.4196902,0.0,0.0018303286
0.48884007,0.0,0.41027084
0.8185996,0.0,0.47988972
0.64085835,0.0,0.31874797
0.15061295,0.0,0.6088521
0.36154822,0.0,0.5424078
0.11607941,0.0,0.46297312
0.69553053,0.0,0.014998105
0.4161978,0.0,0.0
0.27224836,0.0,0.22879581
0.38759598,0.0,0.03343606
0.0705889,0.0,0.07384787
0.1602981,0.0,0.20639338
0.30697098,0.0,0.19446446
0.039136462,0.0,0.495236
0.107168585,0.0,0.11513508
0.7838506,0.0,0.00012969278
0.561896,0.0,0.0
0.6995653,0.0,0.027677635
0.5534672,0.0,0.0
0.6697558,0.0,0.14509933
0.74554396,0.0,0.011071173
0.42577478,0.0,0.22115114
0.09544802,0.0,0.4299913
0.5575171,0.0,0.0
0.74775815,0.0,0.00022694569
0.25597522,0.0,0.03598961
0.95243764,0.0,0.11675811
0.6379003,0.0,0.010375379
0.91727316,0.0,0.014716669
0.9270936,0.0,0.26247552
0.9114337,0.0,0.16479596
0.4104921,0.0,0.18913598
0.29854855,0.0,0.17998488
0.5047941,0.0,0.25917092
0.7172591,0.0,0.11479435
0.6691514,0.0,0.0084026875
0.45129284,0.0,0.0659221
0.5641607,0.0,0.010261849
0.77993447,0.0,0.0019523005
0.7441971,0.0,0.018215751
0.49742624,0.0,0.14056718
0.26968357,0.0,0.20738633
0.7649922,0.0,0.0
0.75539863,0.0,0.027495094
0.43123502,0.0,0.3678831
0.32095325,0.0,0.50158113
0.29946992,0.0,0.4536179
0.5442343,0.0,0.21131207
0.57125884,0.0,0.3365589
0.8139156,0.0,0.19469441
0.24563488,0.0,0.912636
0.3922953,0.0,0.2468158
0.2563639,0.0,0.31103036
0.25084534,0.0,0.58511764
0.333153,0.0,0.32698014
0.47465816,0.0,0.36393076
0.49547035,0.0,0.25777775
0.7095809,0.0,0.009619588
0.39644387,0.0,0.00344513
0.57693356,0.0,0.0
0.6816351,0.0,0.0
0.49109167,0.0,0.008800227
0.71832997,0.0,0.0
0.742901,0.0,0.25234646
0.6352897,0.0,0.26192802
0.40270022,0.0,0.5942645
0.5927568,0.0,0.5479368
0.8540543,0.0,0.0005380969
0.5279145,0.0,0.17895013
0.40221897,0.0,0.30633464
0.6826525,0.0,0.004553889
0.10426252,0.0,0.29770628
0.13257122,0.0,0.28559905
0.92807126,0.0,0.00036758807
0.4673537,0.0,0.0397131
0.11108726,0.0,0.43468362
0.64802897,0.0,0.24424048
0.2324478,0.0,0.5168245
0.6155833,0.0,0.17186263
0.557221,0.0,0.035650726
0.33660305,0.0,0.26463726
0.37337837,0.0,0.016574223
0.651104,0.0,0.0
0.43549326,0.0,0.013187303
0.7041764,0.0,0.00060069456
0.9042223,0.0,0.0
0.8370594,0.0,0.028747713
0.70165116,0.0,0.0038762954
0.68655735,0.0,0.18892756
0.6407262,0.0,0.3070697
0.68891275,0.0,0.023935271
0.5678954,0.0,0.09436835
0.7071024,0.0,0.5591828
0.46547914,0.0,0.33056808
0.30405688,0.0,0.42187852
0.102418624,0.0,0.6691725
0.36251912,0.0,0.21319838
0.12439731,0.0,0.38752434
0.55203617,0.0,0.13919199
0.33667988,0.0,0.26040083
0.7453667,0.0,0.036299646
0.578536,0.0,0.23621479
0.53321606,0.0,0.62160003
0.6006038,0.0,0.086011305
0.54145855,0.0,0.48199284
0.77993995,0.0,0.41541916
0.34815755,0.0,0.6592835
0.49145478,0.0,0.30130532
0.6474333,0.0,0.021039309
0.6350686,0.0,0.07931768
0.22641176,0.0,0.411622
0.2964173,0.0,0.02558034
0.8597575,0.0,0.0
0.19040774,0.0,0.39377514
0.119045354,0.0,0.20217629
0.49179175,0.0,0.0
0.33828092,0.0,0.22013515
0.13679922,0.0,0.5505091
0.21118258,0.0,0.5645199
0.19819844,0.0,0.56998914
0.5531482,0.0,0.07812072
0.24037239,0.0,0.17546675
0.48314372,0.0,0.0
0.7394628,0.0,0.018527692
0.7819156,0.0,0.0004890125
0.6653385,0.0,0.0
0.7437133,0.0,0.0
0.6805685,0.0,0.0019070443
0.88921905,0.0,0.015570088
0.64658666,0.0,0.36816132
0.8242123,0.0,0.35933733
0.8299837,0.0,0.72069436
0.88093126,0.0,0.37976104
0.90263176,0.0,0.053897902
0.75959754,0.0,0.29597917
0.8738095,0.0,2.3365565e-05
0.7199189,0.0,0.38150185
0.81496304,0.0,0.2548461
0.21444772,0.0,0.42823777
0.20423014,0.0,0.5390775
0.44410628,0.0,0.0057103774
0.70135874,0.0,0.0
0.45851228,0.0,0.29785785
0.25989333,0.0,0.28476363
0.8346327,0.0,0.0011089594
0.36337274,0.0,0.04524959
0.6365949,0.0,0.3558212
0.4748563,0.0,0.17155324
0.7931832,0.0,0.00087444345
0.6891766,0.0,0.19763888
0.3963601,0.0,0.12627219
0.51806134,0.0,0.014961347
0.8104927,0.0,0.018770173
0.78268385,0.0,0.01876845
0.5291493,0.0,0.28692427
0.5315769,0.0,0.080910176
0.5790008,0.0,0.6851584
0.21550938,0.0,0.47501433
0.3312195,0.0,0.9235179
0.5952129,0.0,0.55231744
0.5798588,0.0,0.19766718
0.38220355,0.0,0.6784935
0.7104627,0.0,0.22369711
0.47026217,0.0,0.352769
0.8361342,0.0,0.04264445
0.60699683,0.0,0.35678825
0.24287379,0.0,0.5728574
0.61084765,0.0,0.015993135
0.17903332,0.0,0.26536262
0.86302674,0.0,0.0054488024
0.21554504,0.0,0.07306399
0.72562575,0.0,0.0
0.5139379,0.0,0.0
0.71400785,0.0,0.0003909551
0.8480889,0.0,0.0143750785
0.5423694,0.0,0.0
0.72511536,0.0,0.0576077
0.42081934,0.0,0.1641487
0.7328032,0.0,0.3366744
0.80553424,0.0,0.31633458
0.863719,0.0,0.4264679
0.5125407,0.0,0.6492301
0.68001693,0.0,0.40543658
0.5084858,0.0,0.013668912
0.729066,0.0,0.21367896
0.7310927,0.0,0.0017564263
0.17716095,0.0,0.12809123
0.24118386,0.0,0.20241886
0.79486495,0.0,0.0
0.7327883,0.0,0.0
0.6982714,0.0,0.36350068
0.31626755,0.0,0.19874562
0.60065395,0.0,0.005065138
0.5852862,0.0,0.18062167
0.21413837,0.0,0.5272726
0.40819618,0.0,0.21286549
0.46286425,0.0,0.25785258
0.5709757,0.0,0.29687363
0.51374155,0.0,0.6512537
0.49145257,0.0,0.8086644
0.48636287,0.0,0.391135
0.41009852,0.0,0.8857366
0.23915212,0.0,0.36246246
0.18699773,0.0,0.24278459
0.30078638,0.0,0.26760754
0.8400304,0.0,0.023660604
0.29786545,0.0,0.095915616
0.7979752,0.0,0.017781405
0.53906304,0.0,0.03316316
0.7787162,0.0,0.030453399
0.615794,0.0,0.010665747
0.8699504,0.0,0.037668686
0.85184306,0.0,0.33231473
0.6209715,0.0,0.0012015277
0.8995594,0.0,0.28193453
0.9432627,0.0,0.28228706
0.8796372,0.0,0.64752626
0.77688634,0.0,0.16205226
0.81825787,0.0,0.44285342
0.8794344,0.0,0.49199602
0.8160871,0.0,0.027057206
0.8811028,0.0,0.095869124
0.4928923,0.0,0.18085569
0.35649613,0.0,0.35532886
0.8007173,0.0,0.01581903
0.8149829,0.0,0.01970464
0.35019282,0.0,0.6136888
0.53210276,0.0,0.28014827
0.55296004,0.0,0.36241764
0.58615106,0.0,0.3098646
0.83241117,0.0,0.022829395
0.4652324,0.0,0.15663894
0.87597847,0.0,0.09830248
0.8474142,0.0,0.005572521
0.35737225,0.0,0.009580487
0.5529705,0.0,0.006681971
0.61962634,0.0,0.012218198
0.7077158,0.0,0.0035421231
0.8922303,0.0,0.082581945
0.82876676,0.0,0.10567099
0.82961303,0.0,0.64057404
0.4651341,0.0,0.20106576
0.46827912,1.0,0.6713073
0.7680375,1.0,0.5951901
0.4413167,0.0,0.09628836
0.54324126,1.0,0.045856524
0.76188046,1.0,0.13472024
0.61473924,1.0,0.5350185
0.8272226,1.0,0.4966401
0.816987,1.0,0.29017413
0.86890215,0.0,0.047317676
0.51896185,1.0,0.3777034
0.51044625,1.0,0.28067416
0.74155116,0.0,0.050809216
0.73745745,0.0,0.005439097
0.1459535,1.0,0.32990745
0.21977775,0.0,0.46418276
0.847163,0.0,0.0007933766
0.34470633,0.0,0.028230764
0.17685236,0.0,0.5897575
0.46088666,0.0,0.33126426
0.641587,0.0,0.14435484
0.12857492,0.0,0.66668105
0.50290215,0.0,0.6378711
0.606774,0.0,0.029084979
0.4555546,0.0,0.4565027
0.731643,0.0,0.0
0.70987016,0.0,0.013563798
0.5795465,0.0,0.0056668026
0.6448132,0.0,0.0
0.76938,0.0,0.007138909
0.73600936,0.0,0.043454807
0.7869003,0.0,0.0
0.6933004,0.0,0.1513082
0.59603846,1.0,0.29768175
0.6358648,1.0,0.70796114
0.8158785,1.0,0.22804342
0.78478515,1.0,0.7470775
0.8327907,0.0,0.07258548
0.79612696,1.0,0.23728317
0.8201996,0.0,0.078419246
0.48449653,1.0,0.4176469
0.7764681,1.0,0.09703073
0.63824636,1.0,0.5641213
0.38269693,1.0,0.47455683
0.65873027,0.0,0.0
0.7554465,1.0,0.4299514
0.6079525,1.0,0.5806416
0.6034889,1.0,0.2456918
0.8891161,0.0,0.06079829
0.68756425,0.0,0.036093727
0.29965207,0.0,0.3385737
0.417359,1.0,0.22630073
0.6697936,0.0,0.0009500877
0.42710263,0.0,0.091593646
0.067563176,0.0,0.58949155
0.29062873,0.0,0.25136515
0.2954261,0.0,0.61322093
0.23978594,0.0,0.10874945
0.7817953,0.0,0.035850372
0.2444847,0.0,0.023809118
0.7564654,0.0,0.0
0.882877,0.0,0.009200495
0.8177194,0.0,0.0
0.94023156,0.0,0.0
0.8275519,0.0,0.10761831
0.83025134,0.0,0.022717327
0.8505676,0.0,0.060394056
0.9860386,0.0,0.19872491
0.7864751,0.0,0.22742906
0.57756484,0.0,0.017370977
0.2235246,0.0,0.36522734
0.6631493,0.0,0.5216363
0.6239009,0.0,0.24123521
0.20375945,0.0,0.48934427
0.77036107,0.0,0.022790466
0.25604966,0.0,0.012326058
0.44077867,0.0,0.3013242
0.658821,1.0,0.46361384
0.7741957,0.0,0.0
0.28793254,0.0,0.22606742
0.64610493,1.0,0.51665896
0.82242626,1.0,0.14181358
0.46796834,0.0,0.0072923237
0.12551667,0.0,1.0
0.15608671,0.0,0.76299274
0.31002694,0.0,0.49159017
0.46469072,0.0,0.59511065
0.46657336,0.0,0.6756217
0.13129908,0.0,0.7152031
0.33985725,0.0,0.56849104
0.5081173,1.0,0.58944017
0.29632363,1.0,0.26335615
0.40848583,0.0,0.26211172
0.524554,1.0,0.3729111
0.54342186,0.0,0.41476968
0.65549344,1.0,0.6783576
0.845884,0.0,0.113230586
0.48309577,1.0,0.6114179
0.6649455,0.0,0.35032958
0.84434754,0.0,0.0032129597
0.7461853,0.0,0.15599445
0.93803227,1.0,0.017768828
0.79992026,1.0,0.35350165
0.8400414,1.0,0.29184225
0.9269936,0.0,0.015616362
0.63870233,0.0,0.14679298
0.8931299,0.0,0.10488795
0.70872724,0.0,0.0
0.7431858,0.0,0.19308197
0.91714156,0.0,0.040313642
0.8879752,0.0,0.064592466
0.39303765,0.0,0.63847613
0.79848796,0.0,0.39670753
0.50626963,0.0,0.3801352
0.32741317,0.0,0.7950873
0.40780225,0.0,0.60772866
0.63629055,0.0,0.25404912
0.20708849,0.0,0.2208333
0.32015973,0.0,0.36594212
0.33111164,0.0,0.48563895
0.7235996,0.0,0.0888674
0.7322677,0.0,0.06424854
0.8693952,0.0,0.15096489
0.9261654,0.0,0.047562256
0.9557834,0.0,0.028762186
0.7083975,0.0,0.051072706
0.8873137,0.0,0.1677897
0.65016174,0.0,2.324152e-06
0.780822,0.0,0.13287513
0.8131816,0.0,0.2737986
0.7382831,0.0,0.1135182
0.32037202,0.0,0.06932738
0.84763706,0.0,0.13878837
0.5148887,0.0,0.0
0.45511407,0.0,0.0
0.6634382,0.0,0.0
0.7113447,0.0,0.009915744
0.54434013,0.0,0.15650803
0.63495886,0.0,0.8571572
0.5513578,0.0,0.37160158
0.65141416,0.0,0.040819757
0.82198554,0.0,0.0
0.5865774,0.0,0.012678459
0.59359896,0.0,0.038700394
0.5893555,0.0,0.001567334
0.070444405,0.0,0.2968377
0.84200656,0.0,0.004772762
0.06741126,0.0,0.6586352
0.28210372,0.0,0.32185712
0.5045927,0.0,0.0
0.18171236,0.0,0.12660569
0.11861432,0.0,0.2848178
0.2623986,0.0,0.19998571
0.2184368,0.0,0.13995144
0.08705583,0.0,0.6265007
0.13846542,0.0,0.54488665
0.16820624,0.0,0.78126603
0.10561947,0.0,0.26722494
0.116382554,1.0,0.3293375
0.0928029,1.0,0.47513005
0.10986686,1.0,0.59388375
0.042899456,1.0,0.502581
0.21524535,0.0,0.37231416
0.20042893,0.0,0.28657427
0.14112261,0.0,0.603294
0.17200097,0.0,0.33904052
0.44259176,0.0,0.22925647
0.09508487,0.0,0.699708
0.5062721,0.0,0.26020566
0.73381734,0.0,0.26941496
0.56103235,0.0,0.37154093
0.74522007,0.0,0.02228792
0.23895939,0.0,0.6002567
0.74558055,0.0,0.12961918
0.62806106,0.0,0.48773965
0.80098194,0.0,0.17580807
0.3864756,0.0,0.60563964
0.8954721,0.0,0.06987617
0.54536605,0.0,0.08138792
0.84757096,0.0,0.05674076
0.97279257,0.0,0.017311228
0.8755773,0.0,0.10042676
0.8370304,0.0,0.13506609
0.94996125,0.0,0.0072176047
0.64746565,0.0,0.24925636
0.5989279,0.0,0.19914341
0.36662045,0.0,0.069977045
0.51645905,0.0,0.16939536
0.8653802,0.0,0.021785302
0.87246364,0.0,0.0
0.81522214,0.0,0.0006657614
0.81977767,0.0,0.0
0.73443234,0.0,0.00068864075
0.83025527,0.0,0.0
0.68522847,0.0,0.19058834
0.8476937,0.0,0.0057235123
0.7561943,0.0,0.70120335
0.4142693,0.0,0.635219
0.68211764,0.0,0.49806944
0.36512667,0.0,0.053298447
0.83280134,0.0,0.0
0.9652533,0.0,0.07126066
0.78292274,0.0,0.0
0.9336144,0.0,0.0
0.7503786,0.0,0.0
0.8880017,0.0,0.0002537965
0.4123839,0.0,0.0045075943
0.42111933,0.0,0.0
0.30465195,0.0,0.08874305
0.7015395,0.0,0.028929112
0.83487463,0.0,0.07558357
0.352971,0.0,0.32247314
0.24455416,0.0,0.112319075
0.214179,0.0,0.7600538
0.30209884,0.0,0.7286447
0.08607989,0.0,0.23353876
0.28175768,0.0,0.8192506
0.19271973,0.0,0.49820852
0.2605832,0.0,0.08712762
0.14501971,0.0,0.52435696
0.5246026,0.0,0.053252406
0.61110497,0.0,0.024348559
0.66034114,0.0,0.118131526
0.68660843,0.0,0.4053772
0.089143924,0.0,0.14359908
0.21267508,0.0,0.476877
0.5823419,0.0,0.07122047
0.323119,0.0,0.6650303
0.08364248,0.0,0.32343686
0.13682753,0.0,0.46134326
0.2980686,0.0,0.62073296
0.26191717,0.0,0.23114708
0.29095718,0.0,0.0
0.45861387,0.0,0.088220246
0.3473082,0.0,0.015531555
0.15450516,0.0,0.16393712
0.5469357,0.0,0.036182314
0.7452287,0.0,0.018198667
0.8149326,0.0,0.26464197
0.43883085,0.0,0.07018574
0.6719692,0.0,0.0011723507
0.577896,0.0,0.36417422
0.59562874,0.0,0.41075364
0.21228014,0.0,0.31808668
0.57949233,0.0,0.38046062
0.54328203,0.0,0.15382923
0.6838953,0.0,0.15218236
0.64336824,0.0,0.0
0.726107,0.0,0.0
0.68687147,0.0,0.0073731234
0.76582134,0.0,0.0
0.5484249,0.0,0.043643147
0.5162904,0.0,0.39643344
0.66694534,0.0,0.25398242
0.37774464,0.0,0.055867292
0.72171557,0.0,0.06702766
0.70067847,0.0,0.012297341
0.7277544,0.0,0.12470758
0.7276219,0.0,0.0015615107
0.82719886,0.0,0.0012023227
0.19804566,0.0,0.28211135
0.7124799,0.0,0.022615468
0.49037397,0.0,0.28553146
0.31714433,0.0,0.50085294
0.55530816,0.0,0.3696
0.50576407,0.0,0.2212052
0.21580291,0.0,0.5376116
0.25356373,0.0,0.42997342
0.10071452,0.0,0.37088546
0.51917833,0.0,0.12338421
0.22551647,0.0,0.4511081
0.28244925,0.0,0.1325768
0.13920188,0.0,0.52404684
0.079079084,0.0,0.31202862
0.2951141,0.0,0.70110744
0.17952669,0.0,0.1753733
0.17746668,0.0,0.24161854
0.52777183,0.0,0.016099654
0.40926766,0.0,0.068080254
0.819063,0.0,0.0
0.6806988,0.0,0.0
0.42937902,0.0,0.060455814
0.7002779,0.0,0.040289443
0.9506591,0.0,0.06782925
0.67503095,0.0,0.3164247
0.8080013,0.0,0.5593586
0.29211682,0.0,0.042593338
0.7226103,0.0,0.6456032
0.7682465,0.0,0.18998525
0.75406224,0.0,0.0
0.92024285,0.0,0.0
0.5685427,0.0,0.0
0.8762732,0.0,0.0
0.35784137,0.0,0.1216517
0.09603918,0.0,0.29256052
0.47929585,0.0,0.46259972
0.5880282,0.0,0.002157384
0.52907205,0.0,0.15058184
0.80712676,0.0,0.0038435445
0.5560765,0.0,0.035238776
0.84911317,0.0,0.039086007
0.6165551,0.0,0.0555431
0.5021883,0.0,0.24772868
0.34984124,0.0,0.20240124
0.3106768,0.0,0.56815714
0.39267582,0.0,0.08555294
0.087044336,0.0,0.4748786
0.045062497,0.0,0.44953546
0.37822726,0.0,0.4611429
0.5076416,0.0,0.3175399
0.21640588,0.0,0.4418453
0.60401285,0.0,0.0070614917
0.342918,0.0,0.32090035
0.42763966,0.0,0.21738462
0.8381894,0.0,0.006677614
0.46677056,0.0,0.7231851
0.5841913,0.0,0.38656864
0.39319494,0.0,0.14534163
0.17255051,0.0,0.46378118
0.29561847,0.0,0.7553244
0.1933858,0.0,0.5948719
0.09945314,0.0,0.56942266
0.2511642,0.0,0.5008344
0.47125623,0.0,0.11151359
0.17283271,0.0,0.15385173
0.6143325,0.0,0.0
0.8964384,0.0,0.0039255195
0.8860111,0.0,0.024959061
0.73270106,0.0,0.014213197
0.87072134,0.0,0.11147921
0.5127425,0.0,0.05107238
0.77897215,0.0,0.045429446
0.81744283,0.0,0.18411362
0.913172,0.0,0.5050432
0.89682055,0.0,0.24011755
0.7780925,0.0,0.098622516
0.92504776,0.0,0.0
0.9750056,0.0,0.001479376
0.8508269,0.0,0.0
0.93498105,0.0,0.0
0.69507146,0.0,0.011016261
0.81519425,0.0,0.04182663
0.47815403,0.0,0.12297561
0.6849827,0.0,0.14521834
0.517419,0.0,0.5928868
0.28592694,0.0,0.35499656
0.1880673,0.0,0.24827671
0.655786,0.0,0.14680086
0.6425061,0.0,0.5884767
0.55946946,0.0,0.4203865
0.56100315,0.0,0.29762778
0.6737338,0.0,0.045537397
0.7035604,0.0,0.10921623
0.8582954,0.0,0.0027846426
0.82024276,0.0,0.0
0.81575894,0.0,0.025896482
0.78488797,0.0,0.009368441
0.7581847,0.0,0.24026777
0.6104759,0.0,0.028825859
0.37903786,0.0,0.24137768
0.28636473,0.0,0.39225546
0.1353077,0.0,0.8814403
0.06745301,0.0,0.54334253
0.09578638,0.0,0.3149993
0.06564937,0.0,0.85501933
0.19353496,0.0,0.46478748
0.19288675,0.0,0.6602945
0.46250767,0.0,0.2928067
0.54233235,0.0,0.39848998
0.54861474,0.0,0.11630898
0.41977328,0.0,0.25658843
0.6136956,0.0,0.17678323
0.8356764,0.0,0.01739969
0.5734791,1.0,0.2800591
0.5003101,1.0,0.24288605
0.43987104,1.0,0.1400952
0.81378895,0.0,0.009400337
0.81355417,1.0,0.5507916
0.752373,0.0,0.22439891
0.90952134,1.0,0.38473254
0.49232596,0.0,0.111428164
0.4315853,0.0,0.43413925
0.15710276,0.0,0.4152821
0.55492496,0.0,0.008084778
0.2965485,0.0,0.34775212
0.26019529,0.0,0.04912919
0.73839116,0.0,0.06177724
0.8209424,0.0,0.022809476
0.97730905,0.0,0.066326715
0.9709995,0.0,0.14960419
0.91325206,0.0,0.20669822
0.50690246,0.0,0.2171634
0.55623126,0.0,0.010920398
0.3105218,0.0,0.52634954
0.4785098,0.0,0.4746453
0.88630205,0.0,0.08134235
0.094319396,0.0,0.20272598
0.94633055,0.0,0.0
0.27198407,0.0,0.0031188536
0.8689648,0.0,0.0218725
0.75210595,0.0,0.0061804256
0.88730806,0.0,0.012419286
0.62252545,0.0,0.01624212
0.64771557,0.0,0.01722265
0.6508188,0.0,0.012681361
0.7473016,0.0,0.006893793
0.70056814,1.0,0.14974773
0.72184604,1.0,0.20242615
0.82149374,0.0,0.07546432
0.82155097,0.0,0.077451535
0.70466125,0.0,0.0049162824
0.73629755,0.0,0.004864892
0.6727185,0.0,0.017043404
0.08491391,0.0,0.19661374
0.30912375,0.0,0.16456203
0.14257343,0.0,0.7617314
0.07492166,0.0,0.36862344
0.096114606,0.0,0.63277406
0.2157744,0.0,0.45980465
0.33634892,0.0,0.3326597
0.39028552,0.0,0.04003354
0.6094069,0.0,0.0875966
0.7318117,0.0,0.053485453
0.7753986,0.0,0.08072633
0.6529079,1.0,0.40006724
0.72030675,0.0,0.09493663
0.71774566,1.0,0.364663
0.7054203,1.0,0.5850756
0.53038484,1.0,0.7208512
0.45116934,0.0,0.07570701
0.42940786,1.0,0.40678686
0.55720204,0.0,0.0052758614
0.640237,1.0,0.36866516
0.6775936,1.0,0.062441356
0.7473388,1.0,0.17472139
0.5004611,1.0,0.5354448
0.63739425,1.0,0.13720568
0.3939771,1.0,0.7670382
0.45714375,0.0,0.6985943
0.80021214,1.0,0.6382262
0.45801425,1.0,0.4448368
0.5287125,1.0,0.3558992
0.69890517,0.0,0.008337647
0.78680986,0.0,0.022225056
0.5308878,0.0,0.0053617936
0.86488754,0.0,0.097353026
0.6283003,0.0,0.0
0.9049727,0.0,0.14469506
0.18096696,0.0,0.08785626
0.6657653,0.0,0.07133798
0.9190788,0.0,0.0036816185
0.6943021,0.0,0.16063231
0.80753756,0.0,0.046325676
0.23697361,0.0,0.049315877
0.38757062,0.0,0.389175
0.27434838,0.0,0.51459944
0.1044126,0.0,0.39352378
0.66113603,0.0,0.0055702496
0.122925684,0.0,0.3243325
0.5267666,0.0,0.21524267
0.72219497,0.0,0.33460367
0.46952054,0.0,0.82493585
0.37164697,0.0,0.6761866
0.35239866,0.0,0.4945935
0.23327224,0.0,0.39363807
0.73684263,0.0,0.18852891
0.19016798,0.0,0.6354024
0.49702954,0.0,0.2645561
0.52454674,0.0,0.06385076
0.57459617,0.0,0.04069147
0.71756554,0.0,0.0
0.80973744,0.0,0.0022838353
0.94443184,0.0,0.0
0.8860097,0.0,0.011061277
0.8139834,0.0,0.010866173
0.8865825,0.0,0.0040751863
0.9191628,0.0,0.03311015
0.72366625,0.0,0.07618314
0.6552745,0.0,0.05838678
0.5953971,0.0,0.013159822
0.80044544,0.0,0.0
0.78022546,0.0,0.014254615
0.65108824,0.0,0.0057791886
0.8569949,1.0,0.04420161
0.23485634,0.0,0.012200441
0.89987254,0.0,0.0039389348
0.8898301,0.0,0.08252995
0.84171844,0.0,0.102273755
0.5015702,0.0,0.43722957
0.32227263,0.0,0.14567667
0.119315624,0.0,0.78237087
0.37042055,0.0,0.6891174
0.64551175,0.0,0.29823422
0.14584517,0.0,0.7537223
0.40224388,0.0,0.5724155
0.43082467,0.0,0.09880812
0.40982723,0.0,0.18696237
0.14311679,0.0,0.40297487
0.40136942,0.0,0.5109524
0.43508384,0.0,0.39347234
0.12025307,0.0,0.37024176
0.18588115,0.0,0.8493854
0.6906649,0.0,0.19579157
0.21815224,0.0,0.48928785
0.17408279,0.0,0.3403504
0.18273138,0.0,0.67998856
0.19040509,0.0,0.49332097
0.15907417,0.0,0.13383193
0.15784782,0.0,0.12775484
0.19673204,0.0,0.44724026
0.09950071,0.0,0.22731258
0.14869928,0.0,0.6284042
0.24186786,0.0,0.7396918
0.06426488,0.0,0.5063459
0.14481986,0.0,0.715514
0.1019544,0.0,0.6300619
0.092576034,0.0,1.0
0.23617718,0.0,1.0
0.3024191,0.0,0.47471568
0.5758447,0.0,0.43252975
0.46803302,0.0,0.23567708
0.39289623,0.0,0.65874916
0.3484998,0.0,0.5884787
0.42974547,0.0,0.23382503
0.52798295,0.0,0.4578423
0.6602052,0.0,0.61549133
0.5141719,0.0,0.56233335
0.44198313,0.0,0.40052778
0.77016526,0.0,0.47150302
0.7076601,0.0,0.30066583
0.45722347,0.0,0.33555427
0.6683257,0.0,0.10301779
0.58481663,0.0,0.30356786
0.17964458,0.0,0.15556887
0.12021395,0.0,0.40382987
0.1594956,0.0,0.248979
0.60996234,0.0,0.0
0.15707724,0.0,0.37500185
0.18438822,0.0,0.5821192
0.7555871,0.0,0.02156088
0.35356405,0.0,0.3725288
0.25722516,1.0,0.6700771
0.75002265,1.0,0.26412308
0.7113709,0.0,0.0224741
0.28498307,0.0,0.42150518
0.33536202,0.0,0.40078324
0.87980455,0.0,0.0
0.78879464,0.0,0.0993501
0.3654525,0.0,0.68404216
0.20322727,0.0,0.15286653
0.17603257,0.0,0.40377778
0.55755305,0.0,0.26396298
0.7410685,0.0,0.0
0.760063,0.0,0.1748053
0.7185941,0.0,0.4629732
0.85206485,0.0,0.06739343
0.8720831,0.0,0.0
0.45108637,0.0,0.3300879
0.7320678,0.0,0.397836
0.79347956,0.0,0.080901206
0.9219823,0.0,0.0077296426
0.23003909,0.0,0.5612377
0.7832928,1.0,0.481801
0.6948843,1.0,0.29387146
0.9354002,1.0,0.7199022
0.9437238,1.0,0.19781256
0.15115508,0.0,0.1096079
0.71048486,1.0,0.17780401
0.96577257,1.0,0.096449405
0.5854451,0.0,0.0
0.6824411,0.0,0.14004196
0.95693403,0.0,0.0
0.79175025,0.0,0.10579865
0.6160372,0.0,0.23774412
0.53131163,0.0,0.20997542
0.9058302,0.0,0.0077141635
0.92332786,0.0,0.27499175
0.27418998,0.0,0.44205192
0.5637184,0.0,0.00441551
0.22444282,0.0,0.40221563
0.14762302,0.0,0.3647731
0.5409783,0.0,0.09174883
0.20667511,0.0,0.42792884
0.38326117,0.0,0.213762
0.15965888,0.0,0.68015486
0.23052411,0.0,0.36224747
0.4440962,0.0,0.42796034
0.7869896,0.0,0.0865877
0.31863317,0.0,0.16146022
0.39880964,0.0,0.40507782
0.42267928,0.0,0.22738956
0.7172891,0.0,0.0
0.20885293,0.0,0.49667856
0.18338528,0.0,0.47691426
0.72490925,0.0,0.039527267
0.60078,0.0,0.12637304
0.19671713,0.0,0.2961602
0.25551867,0.0,0.20481223
0.68007255,0.0,0.061960656
0.7973758,0.0,0.008013614
0.1903466,0.0,0.32242134
0.09425035,0.0,0.33522767
0.17411505,1.0,0.4254936
0.8110414,1.0,0.07909457
0.4255353,1.0,0.70373577
0.15016079,0.0,0.31495318
0.56223613,1.0,0.33225858
0.8058047,1.0,0.056303825
0.9353799,1.0,0.43255892
0.93377244,1.0,0.13464548
0.92497534,1.0,0.36158437
0.53346604,1.0,0.5818695
0.5501242,1.0,0.50884515
0.8448063,0.0,0.072481975
0.31765378,1.0,0.1672929
0.19263574,0.0,0.27150244
0.37927586,0.0,0.5279639
0.7035795,0.0,0.027547605
0.38331905,0.0,0.3731139
0.124565065,0.0,0.55062735
0.44631892,0.0,0.3594536
0.8041368,0.0,0.075931154
0.28886637,0.0,0.38998947
0.2424192,0.0,0.38010317
0.4465425,0.0,0.0933199
0.5926845,0.0,0.4973412
0.5748549,0.0,0.34697247
0.342483,0.0,0.35321885
0.7465317,0.0,0.074682765
0.8542067,0.0,0.011493536
0.21754195,0.0,0.38208842
0.40833676,0.0,0.57737815
0.83965015,0.0,0.012939101
0.4744016,0.0,0.051165625
0.24698798,0.0,0.34414604
0.6362492,1.0,0.4125791
0.8697273,0.0,0.0013445776
0.9309029,0.0,0.16679569
0.40180066,0.0,0.3034216
0.9212752,1.0,0.31178546
0.9740704,0.0,0.0032708577
0.67591506,1.0,0.30785102
0.65121853,1.0,0.5831508
0.7311677,1.0,0.3520483
0.93818504,1.0,0.02205759
0.6861177,0.0,0.07284744
0.40307978,0.0,0.3220855
0.65484565,1.0,0.34267202
0.92816687,0.0,0.0
0.76376706,1.0,0.18069977
0.75389934,1.0,0.6033206
0.6663371,0.0,0.108856775
0.4233125,0.0,0.73373026
0.69204426,0.0,0.39247867
0.63413614,0.0,0.027019538
0.22111213,0.0,0.44296378
0.10431905,0.0,0.3781378
0.7215751,0.0,0.12257793
0.3844977,0.0,0.11006981
0.12636125,0.0,0.368951
0.166138,0.0,0.5375432
0.32528985,0.0,0.690258
0.13158968,0.0,1.0
0.4083139,1.0,0.20600334
0.66595304,1.0,0.22684492
0.9071418,0.0,0.0046967333
0.5720586,1.0,0.12633601
0.8926225,0.0,0.010001079
0.5087405,0.0,0.09706325
0.7722008,0.0,0.019472789
0.6066309,0.0,0.25570217
0.6049456,0.0,0.3197104
0.594327,0.0,0.55716777
0.7611398,0.0,0.40545925
0.7501112,0.0,0.0
0.59496325,0.0,0.26541898
0.7153708,0.0,0.036157694
0.82052237,0.0,0.0014402554
0.72953874,0.0,0.057071984
0.75828725,0.0,0.39476785
0.85140616,0.0,0.014297508
0.8197874,0.0,0.007150926
0.6299071,0.0,0.2647792
0.4676115,0.0,0.15333258
0.644929,0.0,0.4742519
0.75214505,0.0,0.20941183
0.8434931,0.0,0.60725605
0.71231896,1.0,0.6786499
0.6071309,1.0,0.6126836
0.9047819,1.0,0.34797502
0.581875,1.0,0.3849994
0.7415724,1.0,0.096887805
0.39657485,1.0,0.49259683
0.78957766,0.0,0.13632976
0.57739633,0.0,0.5860283
0.5507533,0.0,0.63369584
0.71608096,0.0,0.088031776
0.36903578,1.0,0.36703795
0.8317152,0.0,0.0
0.6424157,1.0,0.2563769
0.87435496,0.0,0.025075046
0.7033561,1.0,0.33838817
0.862068,1.0,0.07545581
0.5805143,1.0,0.4866696
0.68466574,1.0,0.29263496
0.72985715,1.0,0.30930066
0.6162164,0.0,0.42383108
0.5073436,0.0,0.43414015
0.54362756,0.0,0.53214025
0.4638914,0.0,0.32867685
0.42658374,0.0,0.0
0.595509,1.0,0.09840183
0.7215713,0.0,0.003464071
0.7110739,1.0,0.047147885
0.8579843,0.0,0.0015268996
0.89007956,1.0,0.33273736
0.7286734,1.0,0.06903557
0.61879766,1.0,0.3679026
0.81168056,1.0,0.46220836
0.7824819,1.0,0.81886023
0.80797064,0.0,0.4935987
0.7228602,0.0,0.14943781
0.8734575,0.0,0.0065135914
0.7561131,0.0,0.024717983
0.7522133,0.0,0.4327896
0.7759137,0.0,0.0
0.8586899,0.0,0.0
0.7650709,0.0,0.28730348
0.7225721,1.0,0.45557883
0.87409496,0.0,0.043583278
0.8214601,0.0,0.0022116473
0.78787535,0.0,0.30327123
0.6837386,0.0,0.40562347
0.73476815,0.0,0.026245447
0.90041894,0.0,0.067363776
0.70836544,0.0,0.4555234
0.7186559,0.0,0.14236754
0.37031803,0.0,0.5758921
0.34378335,0.0,0.035566825
0.22749327,0.0,0.8046292
0.46865937,0.0,0.40750715
0.41913697,0.0,0.25407836
0.4335405,0.0,0.5434158
0.6060236,0.0,0.40732965
0.7171422,0.0,0.12934774
0.6122411,0.0,0.05755203
0.5701924,0.0,0.4756495
0.7660866,0.0,0.46053725
0.23719467,0.0,0.5310018
0.8794177,0.0,0.019462312
0.4265245,0.0,0.3504909
0.8934315,0.0,0.031118855
0.35530636,0.0,0.34774098
0.8484122,0.0,0.03913985
0.5417786,1.0,0.3389697
0.87442815,0.0,0.0042305784
0.6972571,1.0,0.26335797
0.85776156,1.0,0.34393448
0.8501963,0.0,0.0
0.6301736,0.0,0.24500135
0.77489376,0.0,0.012146227
0.40927762,0.0,0.77860343
0.81058276,0.0,0.4960608
0.83490276,0.0,0.14108965
0.6652774,0.0,0.29689148
0.65571994,0.0,0.509071
0.88067675,0.0,0.087948635
0.9208507,0.0,0.0
0.60854715,0.0,0.19986323
0.73754036,0.0,0.43075415
0.95762724,0.0,0.0
0.8521531,0.0,0.0
0.27346343,0.0,0.40280977
0.6209273,0.0,0.3928231
0.9051792,0.0,0.14547835
0.36746198,0.0,0.5639647
0.656329,0.0,0.03530915
0.08917713,0.0,0.63881946
0.64524734,0.0,0.092669815
0.2650834,0.0,0.38634402
0.4119994,0.0,0.098742425
0.52621526,0.0,0.45673358
0.49293292,0.0,0.40236732
0.61291575,1.0,0.48158938
0.62093496,1.0,0.51630384
0.70135623,1.0,0.3786694
0.7972375,0.0,0.040588424
0.46273184,0.0,0.07620005
0.74441785,0.0,0.0
0.43442857,0.0,0.24335413
0.7225158,0.0,0.019147312
0.35281095,0.0,0.38465253
0.46095887,0.0,0.13217053
0.54498667,0.0,0.43565145
0.54477984,0.0,0.09793091
0.45098802,0.0,0.27704418
0.80660886,0.0,0.04839967
0.8152677,0.0,0.1796443
0.56426805,0.0,0.10155157
0.8585274,0.0,0.012307917
0.87738854,0.0,0.0001373348
0.5744652,0.0,0.0595771
0.71532,0.0,0.028696422
0.77059376,0.0,0.0011150278
0.84507316,0.0,0.069972716
0.88560295,0.0,0.083382465
0.8944248,0.0,0.0
0.79315996,0.0,0.0027807988
0.73240924,0.0,0.29500738
0.84592855,0.0,0.2795008
0.79908603,0.0,0.027052393
0.6686817,0.0,0.5343169
0.85614735,0.0,0.7892976
0.45649505,0.0,0.4867813
0.3788555,0.0,0.49459863
0.91462654,0.0,0.12416414
0.6076953,0.0,0.66799796
0.5249203,0.0,0.47029015
0.4738351,0.0,0.12897865
0.85286707,0.0,0.043263517
0.79076266,0.0,0.55879027
0.7692675,0.0,0.68702745
0.8544559,0.0,0.06769889
0.8460732,0.0,0.12531821
0.5450432,0.0,0.612211
0.68150514,0.0,0.6121245
0.5301187,0.0,0.028048044
0.6762882,0.0,0.6600711
0.6425598,0.0,0.13182828
0.55418867,0.0,0.2921755
0.6205783,0.0,0.5885557
0.70554924,0.0,0.45675558
0.7457053,0.0,0.07707355
0.4430987,0.0,0.53483635
0.34787592,1.0,0.84034467
0.33316302,0.0,0.5556134
0.678993,1.0,0.54203427
0.3202292,0.0,0.53613484
0.2611914,0.0,0.6690655
0.8272457,1.0,0.6667337
0.63280505,1.0,0.79569906
0.49539104,0.0,0.29406205
0.43439442,0.0,0.6283288
0.2237523,1.0,0.4163894
0.34066388,0.0,0.97454953
0.5858745,0.0,0.7467324
0.46549132,0.0,0.45658776
0.69982386,0.0,0.06586456
0.6077094,0.0,0.053502243
0.52232206,0.0,0.68505234
0.6651874,0.0,0.6765375
0.3677191,0.0,0.20766547
0.8220218,0.0,0.3552806
0.7192374,0.0,0.41618198
0.92564857,0.0,0.14582628
0.63966084,0.0,0.15284626
0.5849966,0.0,0.18578403
0.97627914,0.0,0.0
0.4905387,0.0,0.0077437325
0.54261255,0.0,0.09475785
0.7745204,0.0,0.05728497
0.9583877,0.0,0.05142621
0.93407553,0.0,0.030904211
0.3792718,0.0,0.3342532
0.93582404,0.0,0.00024187162
0.78602636,0.0,0.009384689
0.73037726,0.0,0.006060282
0.2368417,0.0,0.23053432
0.96136606,0.0,0.0007856999
0.5997835,0.0,0.006781643
0.5751148,0.0,0.19877253
0.6700772,0.0,0.19155641
0.9277254,0.0,0.008131143
0.45369124,0.0,0.14844087
0.2701298,0.0,0.59778845
0.72333646,0.0,0.34830955
0.45759222,0.0,0.25432363
0.34732607,0.0,0.39577726
0.3194796,0.0,0.6712337
0.49740222,0.0,0.4599005
0.18172872,0.0,0.15319847
0.8295412,0.0,0.014736617
0.8821082,0.0,0.0
0.8486356,0.0,0.027486451
0.9129181,0.0,0.0075627347
0.9817254,0.0,0.044550106
0.7497267,0.0,0.021609152
0.9820379,0.0,0.028540641
0.81610715,0.0,0.016043833
0.86793715,0.0,0.0057914536
0.9523862,0.0,0.0014360351
0.96002895,0.0,0.04121502
0.91980743,0.0,0.009749459
0.93402016,0.0,0.0045875725
0.77866226,0.0,0.0
0.96426404,0.0,0.013553587
0.9680047,0.0,0.00047373382
0.880384,0.0,0.019573571
0.8870817,0.0,0.14199774
0.93321335,0.0,0.0
0.886075,0.0,0.03622705
0.19692309,0.0,0.4902441
0.6591638,0.0,0.47331485
0.36555684,0.0,0.46834597
0.90701246,0.0,0.016903123
0.5961915,0.0,0.07681033
0.2219104,0.0,0.26363328
0.39499685,0.0,0.14559726
0.80777425,0.0,0.0
0.52235377,0.0,0.01478267
0.15594098,0.0,0.3207588
0.46296546,0.0,0.15643238
0.89499366,0.0,0.0
0.41416478,0.0,0.10312053
0.8440292,0.0,0.00021194106
0.12760384,0.0,0.35173488
0.40834856,0.0,0.2935205
0.6673568,0.0,0.0
0.50550574,0.0,0.2452616
0.054194264,0.0,0.6292652
0.30929813,0.0,0.39705262
0.25010666,0.0,0.11756678
0.31969845,0.0,0.79622096
0.16651863,0.0,0.5829986
0.5501186,0.0,0.057734918
0.29311004,0.0,0.42509153
0.8831447,0.0,0.41017115
0.4378103,0.0,0.3468237
0.659616,0.0,0.08856874
0.9587721,0.0,0.00021752756
0.86963814,0.0,0.044601597
0.41447437,0.0,0.31840456
0.89779174,0.0,0.041794688
0.9476135,0.0,4.137861e-05
0.5762417,0.0,0.3516911
0.35960162,0.0,0.584193
0.97974247,0.0,0.013331486
0.9525879,0.0,0.06835794
0.49218372,0.0,0.44526783
0.88584644,0.0,0.16971473
0.9842131,0.0,0.0036295194
0.95886374,0.0,0.18719472
0.9159422,0.0,0.34166664
0.88566977,0.0,0.81901246
0.8743977,0.0,0.1366638
0.9110415,0.0,0.68940747
0.8840306,0.0,0.28967318
0.9498074,0.0,0.06478369
0.866545,0.0,0.18604775
0.9894856,0.0,0.042349562
0.6427297,0.0,0.31746763
0.96407515,0.0,0.21957994
0.87152076,0.0,0.012367414
0.7258333,0.0,0.053151026
0.3658881,0.0,0.084269956
0.9465077,0.0,0.0
0.63493264,0.0,0.008837644
0.43715903,0.0,0.0007133484
0.61385494,0.0,0.08415349
0.120866545,0.0,0.4707422
0.50941163,0.0,0.49194017
0.77932113,0.0,0.15792772
0.095644064,0.0,0.40849292
0.8271811,0.0,0.10557716
0.6714825,0.0,0.30344576
0.056495674,0.0,0.6079653
0.13180448,0.0,0.45028824
0.8352911,0.0,0.006834185
0.26235235,0.0,0.26732957
0.08244193,0.0,0.25436774
0.07516272,0.0,0.26783088
0.40383253,0.0,0.0
0.24845129,0.0,0.39545116
0.28619203,0.0,0.3738451
0.86795205,0.0,0.16273576
0.7518426,0.0,0.026162194
0.36569762,0.0,0.38601926
0.6419708,0.0,0.056137107
0.611619,0.0,0.30895677
0.6299013,0.0,0.019758904
0.7350943,0.0,0.24275532
0.38397065,0.0,0.5757673
0.5933164,0.0,0.031772595
0.19924259,0.0,0.12148147
0.870833,0.0,0.02264677
0.7471402,0.0,0.50292045
0.12141178,0.0,0.29115003
0.2631415,0.0,0.6416562
0.4077887,0.0,0.4809416
0.35610518,0.0,0.10212332
0.8049376,0.0,0.13513337
0.14296055,0.0,0.36122462
0.049948182,0.0,0.62134725
0.45131144,0.0,0.038219046
0.8005669,0.0,0.064595245
0.058890384,0.0,0.39523974
0.1898706,0.0,0.40876737
0.73876494,0.0,0.00398887
0.040684085,0.0,0.2835883
0.06379936,0.0,0.7086462
0.7691754,0.0,0.18181224
0.92864275,0.0,0.0023758237
0.20560765,0.0,0.43841746
0.32026967,0.0,0.2441262
0.3001036,0.0,0.23778579
0.7816884,0.0,0.031534858
0.11517439,0.0,0.5542138
0.22175322,0.0,0.34397
0.8979879,0.0,0.006762
0.92832714,0.0,0.006804771
0.1631774,0.0,0.34951255
0.45827186,0.0,0.828771
0.8704933,0.0,0.109025694
0.4864162,0.0,0.46586514
0.40189114,0.0,0.49727282
0.71715915,0.0,0.5690876
0.5179388,0.0,0.03723856
0.31490245,0.0,0.19897701
0.7941194,0.0,0.0
0.70017236,0.0,0.0
0.68986285,0.0,0.019515622
0.6243226,0.0,0.008384438
0.6032458,0.0,0.001002843
0.19728948,0.0,0.017254818
0.8056964,0.0,0.043420576
0.94047445,0.0,0.02615199
0.9094567,0.0,0.016063105
0.3608732,0.0,0.21185999
0.6820857,0.0,0.046977043
0.54341346,0.0,0.17079818
0.8818757,0.0,0.010959064
0.5301697,0.0,0.51698923
0.20960525,0.0,0.16070594
0.21103871,0.0,0.16162808
0.91562104,0.0,0.015022436
0.20907772,0.0,0.08415245
0.42839524,1.0,0.38057816
0.7169392,1.0,0.5932993
0.6379257,1.0,0.19363227
0.8380505,1.0,0.19178161
0.5835842,1.0,0.2890354
0.3277009,1.0,0.538379
0.4444278,0.0,0.10810291
0.13186255,0.0,0.37217602
0.7321595,0.0,0.0
0.3567605,1.0,0.3291862
0.53867906,0.0,0.18286936
0.4165253,0.0,0.30417845
0.24866423,0.0,0.5656447
0.26628563,0.0,0.69737345
0.35883516,0.0,0.4039452
0.19450045,0.0,0.38331336
0.22602077,0.0,0.27702278
0.011310943,0.0,0.45686495
0.33482987,0.0,0.054376163
0.11075123,0.0,0.31122103
0.6694261,0.0,0.0
0.93353206,0.0,0.0
0.838662,1.0,0.16479233
0.57950187,0.0,0.0
0.5571838,0.0,0.22077231
0.91062754,0.0,0.05314042
0.70576125,0.0,0.49190015
0.7615087,0.0,0.03390632
0.2067021,0.0,0.29227456
0.6690399,0.0,0.12760504
0.16984387,0.0,0.0917107
0.3388831,0.0,0.5460018
0.09002197,0.0,0.044793002
0.30736256,0.0,0.68468064
0.11351535,0.0,0.55221695
0.49064738,0.0,0.03377689
0.12546666,0.0,0.33731776
0.3054423,0.0,0.023822142
0.16694097,1.0,0.25528196
0.47370046,0.0,0.005577006
0.5713877,0.0,0.016132774
0.04169363,0.0,0.03494439
0.3635284,0.0,0.015781878
0.3774431,0.0,0.2384697
0.87766254,0.0,0.0120405005
0.78417647,0.0,0.3075271
0.935605,0.0,0.18159576
0.75022745,0.0,0.1983746
0.975656,0.0,5.2772924e-05
0.40385383,0.0,0.0061656334
0.43489924,0.0,0.0
0.6901875,0.0,0.007640665
0.6927556,0.0,0.0014279825
0.233216,0.0,0.0059769736
0.31455886,0.0,0.021634672
0.70862705,0.0,0.015968693
0.24173425,1.0,0.4350194
0.041014545,1.0,0.5361511
0.52239937,0.0,0.25603005
0.24935655,0.0,0.54210556
0.1841046,0.0,0.105803505
0.5150686,0.0,0.09185832
0.11436319,0.0,0.6558835
0.10280849,0.0,0.31990603
0.8439629,0.0,0.0013372479
0.3371203,0.0,0.017828815
0.15439035,0.0,0.44944653
0.10386018,0.0,0.36657894
0.8042,0.0,0.009582471
0.28196946,0.0,0.266794
0.2655569,0.0,0.09134451
0.44221812,0.0,0.50149953
0.0647856,0.0,0.08342486
0.68816066,0.0,0.060555883
0.23460753,0.0,0.14908572
0.084616475,0.0,0.34364152
0.29706556,0.0,0.011252669
0.5596101,0.0,0.3307698
0.15776762,0.0,0.63224614
0.20632073,0.0,0.39416215
0.6759281,0.0,0.11197474
0.33906847,1.0,0.3802868
0.354869,0.0,0.46147838
0.73834324,1.0,0.36944357
0.42351472,0.0,0.22461802
0.28271386,0.0,0.082951985
0.62377125,1.0,0.17937414
0.4629958,0.0,0.00045902995
0.38250434,0.0,0.053181387
0.6581524,0.0,0.0011303534
0.5264655,0.0,0.0
0.26135266,0.0,0.27292794
0.79358107,0.0,0.0340093
0.095218256,0.0,0.4184644
0.36888388,0.0,0.0
0.23379447,0.0,0.4362299
0.121846035,0.0,0.15248041
0.3160695,0.0,0.41663963
0.5787701,0.0,0.12416675
0.48963916,0.0,0.29275447
0.642516,0.0,0.0
0.2699235,0.0,0.030219277
0.17808107,0.0,0.34536347
0.36857048,0.0,0.0
0.7764109,0.0,0.0
0.08974787,0.0,0.23219523
0.22438169,0.0,0.5918189
0.77104616,0.0,0.16271546
0.12602526,0.0,0.25866243
0.55074733,0.0,0.00057158316
0.17083207,0.0,0.5102262
0.45662707,0.0,0.29996222
0.71397036,0.0,0.010876201
0.83345735,0.0,0.103321254
0.37360007,0.0,0.3275711
0.39383706,0.0,0.35694122
0.41659033,0.0,0.61138266
0.41597572,0.0,0.1530204
0.5194358,0.0,0.31003946
0.9058118,0.0,0.04714718
0.5477187,0.0,0.45104715
0.82339585,0.0,0.19535956
0.8804322,0.0,0.0
0.93478674,0.0,0.020452278
0.6466746,0.0,0.5609635
0.6663359,0.0,0.30418345
0.45694515,0.0,0.5067468
0.85991,0.0,0.007272279
0.44113073,0.0,0.044929236
0.8825412,0.0,0.027795536
0.822238,0.0,0.34124604
0.67884004,0.0,0.14389405
0.77805704,0.0,0.004920061
0.6831448,0.0,0.05882007
0.7197197,0.0,0.022291416
0.19423029,0.0,0.0974301
0.5023415,0.0,0.10103301
0.54055786,0.0,0.08523402
0.85352165,0.0,0.0123675205
0.29217643,0.0,0.20018129
0.9251968,0.0,0.006748253
0.26923856,0.0,0.18097857
0.7893673,0.0,0.08423059
0.50119936,0.0,0.07328314
0.8681783,0.0,0.0
0.89816225,0.0,0.0017625793
0.3576345,0.0,0.087138265
0.93855244,0.0,0.18202506
0.8736922,0.0,0.6315251
0.9140713,0.0,0.50588524
0.7754269,0.0,0.6624487
0.9739216,0.0,0.1903916
0.7747522,1.0,0.669716
0.9767825,1.0,0.6637891
0.942325,1.0,0.6567706
0.97385603,1.0,0.33867785
0.97775704,1.0,0.24393666
0.9339083,1.0,0.3221661
0.95364124,1.0,0.8598034
0.95041865,1.0,0.57045776
0.9436175,1.0,0.20548277
0.84653133,1.0,0.62294567
0.8480286,1.0,0.3328796
0.8937378,1.0,0.50700194
0.92437226,0.0,0.20846933
0.6603478,0.0,0.10612309
0.9403399,0.0,0.0
0.45154598,0.0,0.1760939
0.83267146,1.0,0.20401482
0.4954279,0.0,0.0977684
0.8477003,0.0,0.0
0.925214,0.0,0.0015013532
0.737105,0.0,0.0
0.58035463,0.0,0.0006058722
0.8486507,0.0,0.0
0.55573523,0.0,0.090321824
0.39642143,0.0,0.00044453036
0.289751,0.0,0.31679773
0.7177566,0.0,0.53797174
0.9827419,0.0,0.040865485
0.4401144,0.0,0.23198865
0.8327152,0.0,0.010530187
0.8625183,0.0,0.029665591
0.9841531,0.0,0.0010510918
0.940031,0.0,0.018056333
0.88599765,0.0,0.0012095452
0.8846086,0.0,0.0
0.906176,0.0,0.034519333
0.9520336,0.0,0.0
0.90904933,0.0,0.07934428
0.69504213,0.0,0.08840895
0.7874599,0.0,0.071407326
0.5192996,0.0,0.52404314
0.24843732,0.0,0.36712268
0.5749644,0.0,0.37741596
