gate_value,label,rsa
0.3399411,0.0,0.6550317
0.435879,0.0,0.68264794
0.53808665,0.0,0.14853807
0.42040583,0.0,0.00011903637
0.24157853,0.0,0.5629487
0.4507698,0.0,0.4330095
0.91011673,0.0,0.06862725
0.78105265,0.0,0.41639924
0.9147394,0.0,0.12953115
0.60736376,0.0,0.36513853
0.75007534,0.0,0.27131054
0.7493542,0.0,0.18273422
0.91060424,0.0,0.13437858
0.5353746,0.0,0.28580278
0.5998208,0.0,0.021384876
0.43835735,0.0,0.506639
0.5297609,0.0,0.35026097
0.77417666,0.0,0.015787533
0.24273738,0.0,0.11749167
0.37314418,0.0,0.45759842
0.79634273,0.0,0.0034583278
0.87277603,0.0,0.023059199
0.37014362,0.0,0.35649335
0.16863427,0.0,0.213716
0.85592777,0.0,0.0
0.43039984,0.0,0.22733074
0.33158255,0.0,0.58735996
0.27867562,0.0,0.33594397
0.39679378,0.0,0.16696185
0.25320518,0.0,0.5215868
0.35008168,0.0,0.78002983
0.84090346,0.0,0.1348709
0.9697612,0.0,0.012481228
0.2139008,0.0,0.32864422
0.7131151,0.0,0.28516537
0.3718006,0.0,0.2740009
0.25674832,0.0,0.4177942
0.91381514,0.0,0.13988493
0.95197386,0.0,0.18474054
0.39746475,0.0,0.3500578
0.5604827,0.0,0.04164115
0.6946014,0.0,0.3877582
0.9678757,0.0,0.43416354
0.3783055,0.0,0.43487942
0.6902881,0.0,0.24831234
0.40160415,0.0,0.23941967
0.88035464,0.0,0.0
0.5262215,0.0,0.13708156
0.84371775,0.0,9.5585085e-05
0.866613,0.0,0.0058791623
0.5903377,0.0,0.28479794
0.97219896,0.0,0.0
0.5332757,0.0,0.10296234
0.32791933,0.0,0.251281
0.6200146,0.0,0.35525116
0.38023198,0.0,0.60633004
0.42447624,0.0,0.6468388
0.41009757,0.0,0.7350701
0.8981543,0.0,0.19271669
0.88446647,0.0,0.25368646
0.90568465,0.0,0.0
0.9347498,0.0,0.0
0.9281863,0.0,0.0
0.8382518,0.0,0.0035688253
0.4303979,0.0,0.005641527
0.9386227,0.0,0.0
0.9302952,0.0,0.00038965628
0.8696453,0.0,0.015053507
0.8700657,1.0,0.013772575
0.777175,0.0,0.0
0.63293356,1.0,0.099930696
0.7667329,1.0,0.020372668
0.39591706,0.0,0.112828925
0.8517138,0.0,0.015053259
0.88718057,0.0,0.0
0.7010151,0.0,0.0053144093
0.9340066,0.0,0.09836554
0.95490843,0.0,0.0
0.95564544,0.0,0.0
0.96959203,0.0,0.024145532
0.88075846,0.0,0.101070546
0.9053454,0.0,0.0018664243
0.8002518,0.0,0.0
0.42783934,0.0,0.101379596
0.48317972,0.0,0.22942203
0.95920146,0.0,0.0038334236
0.8843386,0.0,0.109961696
0.48815307,0.0,0.45007485
0.3946772,0.0,0.12504728
0.39857075,0.0,0.24984059
0.6299542,0.0,0.47771278
0.747258,0.0,0.6621802
0.69543624,0.0,0.28574666
0.30241695,0.0,0.6822861
0.43554902,0.0,0.35924834
0.7573939,0.0,0.0032891133
0.33519292,0.0,0.17145947
0.2609489,0.0,0.38840422
0.8570635,0.0,0.0012337532
0.93505234,0.0,0.0
0.19473971,0.0,0.34429643
0.21651061,0.0,0.366093
0.9524407,0.0,0.014281696
0.57118374,0.0,0.03482257
0.8369133,0.0,0.0006642811
0.8260943,0.0,0.027031034
0.95840997,0.0,0.0041170046
0.97690445,0.0,2.770007e-05
0.97528493,0.0,0.017302074
0.9913577,0.0,0.025203949
0.9812558,0.0,0.005724852
0.97837454,0.0,0.0030168872
0.96250206,0.0,0.0
0.7770152,0.0,0.009646899
0.9478672,0.0,0.0
0.9370564,0.0,0.01987314
0.6965946,0.0,0.16334777
0.9656234,0.0,0.1611604
0.9171109,0.0,0.035105594
0.884495,0.0,0.2999183
0.73843336,0.0,0.56989706
0.29115298,0.0,0.56017166
0.6785098,1.0,0.30187273
0.8209024,0.0,0.21558842
0.9888143,1.0,0.3794167
0.91702425,0.0,0.12063775
0.8909996,1.0,0.077608384
0.46072266,0.0,0.018483438
0.35906756,0.0,0.00074214395
0.395503,0.0,0.13755575
0.29978848,0.0,0.06433887
0.25182635,0.0,0.5311617
0.16854753,0.0,0.038071573
0.1949002,0.0,0.56327736
0.43443415,0.0,0.9009068
0.64820796,0.0,0.2494789
0.34493378,0.0,0.9042013
0.6421022,0.0,0.23529369
0.22557735,0.0,0.32829237
0.76418173,0.0,0.005386957
0.83343166,0.0,0.024404744
0.74859387,0.0,0.0
0.7291386,0.0,0.0046760966
0.73116004,0.0,0.10835992
0.4700424,0.0,0.028358663
0.7088487,0.0,0.0
0.4940392,0.0,0.000472627
0.19680005,0.0,0.44875818
0.64639854,0.0,0.0787361
0.39667788,0.0,0.16787173
0.8423109,0.0,0.2035319
0.6696344,0.0,0.3566019
0.40077886,0.0,0.4907188
0.28468588,0.0,0.49657303
0.7792704,0.0,0.19895189
0.8788167,0.0,0.22486198
0.5431929,0.0,0.17128542
0.37829274,0.0,0.5676232
0.60178685,0.0,0.3840943
0.74460715,0.0,0.18447618
0.8542208,1.0,0.4210133
0.44246027,1.0,0.18474704
0.9149289,1.0,0.33083156
0.62565553,1.0,0.2262932
0.8521459,0.0,0.022840925
0.20929469,0.0,0.10644936
0.51764,0.0,0.008253984
0.19914943,0.0,0.53275037
0.15228838,0.0,0.5109873
0.6249598,0.0,0.17720503
0.93706805,0.0,0.14284045
0.63310134,0.0,0.2244787
0.6918676,0.0,0.041168384
0.34490392,0.0,0.34930998
0.96636033,0.0,0.014801263
0.881063,0.0,0.0051692794
0.3541734,0.0,0.35651806
0.8148186,0.0,0.043829445
0.924386,0.0,0.00499363
0.6825119,0.0,0.05079943
0.24977258,0.0,0.34580994
0.89206463,0.0,0.106514275
0.8874903,0.0,0.066470616
0.40640023,0.0,0.60546774
0.18824562,0.0,0.64694214
0.6845337,0.0,0.16975622
0.17017004,0.0,0.5790893
0.45426863,0.0,0.20826942
0.7142807,0.0,0.03620911
0.36425748,0.0,0.32113823
0.85009384,0.0,0.0
0.7455505,0.0,0.00032486167
0.9696201,0.0,0.0
0.81173277,0.0,0.0077351974
0.98325264,0.0,0.00027755552
0.9716752,1.0,0.035573866
0.9129923,1.0,0.027617149
0.82730967,1.0,0.26068047
0.8227326,1.0,0.2091998
0.8359129,0.0,0.092978016
0.92982006,1.0,0.076892786
0.9683005,0.0,0.00020364499
0.9861341,0.0,0.019387996
0.72683376,0.0,0.01332864
0.928034,0.0,0.006416293
0.69964737,0.0,0.10027788
0.8477539,0.0,0.0
0.481654,0.0,0.19588149
0.23593648,0.0,0.26528987
0.21837272,0.0,0.61948454
0.22441797,0.0,0.4593142
0.4532028,0.0,0.60320544
0.68597543,0.0,0.025092583
0.6360947,0.0,0.7235746
0.6983737,0.0,0.21532181
0.75730354,0.0,0.26197094
0.2577834,0.0,0.5351661
0.7424421,0.0,0.21463871
0.9344922,0.0,0.0
0.28114232,0.0,0.19655395
0.12879658,0.0,0.45837104
0.9430145,0.0,0.04021387
0.8795855,0.0,0.0
0.39706272,0.0,0.47260815
0.2705977,0.0,0.37218186
0.8530793,0.0,0.0
0.84336513,0.0,0.08738569
0.09940858,0.0,0.49717498
0.40289122,0.0,0.21686132
0.9182461,0.0,0.0012442069
0.29511502,0.0,0.25258335
0.29102254,0.0,0.5680378
0.82058007,0.0,0.3900949
0.5374046,0.0,0.4060248
0.21212436,0.0,0.4089858
0.33448488,0.0,0.10487004
0.25817734,0.0,0.7103805
0.8578608,0.0,0.058880284
0.29733235,0.0,0.55564165
0.659902,0.0,0.28454438
0.47100228,0.0,0.061736543
0.7548953,0.0,0.066861875
0.783278,0.0,0.059094545
0.9461888,0.0,0.15425159
0.69295394,1.0,0.6895303
0.9575817,1.0,0.23610428
0.9048833,1.0,0.30021754
0.68974084,1.0,0.44591278
0.7285869,0.0,0.29912084
0.87776417,0.0,0.030498782
0.5589031,0.0,0.00039496893
0.89836,0.0,0.0
0.96094334,0.0,0.014782471
0.98873746,0.0,0.015599044
0.79648644,0.0,0.013556862
0.75518864,0.0,0.004667864
0.6470492,0.0,0.04674095
0.9635008,0.0,0.0
0.48181847,0.0,0.0906434
0.51477504,0.0,0.44417608
0.66635776,0.0,0.39985234
0.28201526,0.0,0.57957315
0.72817266,0.0,0.03926243
0.49405715,0.0,0.28757814
0.6319757,0.0,0.022234337
0.9454047,0.0,0.0
0.84310955,0.0,5.0241775e-05
0.9273448,0.0,0.061696563
0.8785715,0.0,0.0016144882
0.946568,1.0,0.08783565
0.9647638,0.0,0.00082099455
0.5176696,0.0,0.10276218
0.8378262,0.0,0.09033023
0.2659387,1.0,0.57987404
0.88571596,1.0,0.36306536
0.6577002,1.0,0.71230316
0.6408845,0.0,0.34635463
0.87964475,0.0,0.06691706
0.95545334,1.0,0.14446162
0.8659008,0.0,0.49712604
0.9726273,0.0,0.016421415
0.70808476,0.0,0.26348552
0.20972505,0.0,0.2599855
0.25186598,0.0,0.580837
0.93405676,0.0,0.2030131
0.81104016,0.0,1.8224277e-05
0.647599,0.0,0.23021008
0.721221,0.0,0.21136114
0.96500444,0.0,0.0010771157
0.94183904,0.0,0.0
0.17268565,0.0,0.35921314
0.9467515,0.0,0.0014312799
0.884781,0.0,0.00093780394
0.86280304,0.0,0.016134264
0.22073802,0.0,0.2596199
0.9722115,0.0,0.001655146
0.9689565,0.0,0.0
0.4897773,0.0,0.1509431
0.33534354,0.0,0.16175023
0.92681634,0.0,0.00015908813
0.8605105,0.0,0.0
0.32974294,0.0,0.30130032
0.3868056,0.0,0.17446502
0.6570408,0.0,0.031332456
0.5077901,0.0,0.18753216
0.5143481,0.0,0.5045935
0.62087053,0.0,0.39508277
0.7075082,0.0,0.9883398
0.3899318,0.0,0.66800034
0.33757138,0.0,0.5134894
0.56116974,0.0,0.16506518
0.36533377,0.0,0.5797796
0.9213839,0.0,0.0
0.13015184,0.0,0.09006069
0.8802548,0.0,0.011111732
0.32445952,0.0,0.19827956
0.83070725,0.0,0.08644884
0.6894558,0.0,0.39086682
0.45230922,0.0,0.8289399
0.94657296,0.0,0.58402884
0.4632652,0.0,0.6371563
0.28422007,0.0,0.2610334
0.3969023,0.0,0.5660359
0.4816786,0.0,0.256316
0.6161404,0.0,0.45049268
0.89658445,0.0,0.0044642696
0.6486047,0.0,0.4057589
0.9648072,0.0,0.0
0.39953727,0.0,0.28420776
0.74429786,0.0,0.3411695
0.45897534,0.0,0.58704937
0.59720814,0.0,0.14069648
0.7736186,1.0,0.19903259
0.79671794,0.0,0.0
0.9087232,0.0,0.0
0.48266646,0.0,0.22171827
0.48216847,0.0,0.0
0.77195346,0.0,0.0
0.84574485,0.0,0.2349456
0.40761122,0.0,0.5820364
0.7507422,0.0,0.3211434
0.33038932,0.0,0.60486543
0.49265307,0.0,0.2672913
0.485129,0.0,0.6731884
0.9131072,0.0,0.08846967
0.7543958,0.0,0.2467178
0.40502113,0.0,0.392032
0.2861355,0.0,0.5087932
0.88524085,0.0,0.3254099
0.5247557,1.0,0.32190093
0.7779677,1.0,0.48588157
0.716104,0.0,0.006403482
0.7757954,1.0,0.474383
0.9766336,1.0,0.19744189
0.53531903,1.0,0.0111708725
0.42863244,0.0,0.2055245
0.962725,0.0,0.039862573
0.75488514,0.0,0.001155411
0.8432084,0.0,0.0007992741
0.42179328,0.0,0.23936611
0.926994,0.0,0.2101118
0.6222212,0.0,0.52460617
0.40502638,0.0,0.3684437
0.8198494,0.0,0.3098546
0.24491714,0.0,0.43819353
0.93430275,0.0,0.17633773
0.6990523,1.0,0.29707178
0.94177127,0.0,0.079288416
0.57379687,1.0,0.6285775
0.7813375,1.0,0.39934027
0.7716399,1.0,0.11768259
0.6365182,1.0,0.5586439
0.8921478,1.0,0.27061793
0.9352608,1.0,0.047950484
0.6553844,1.0,0.3989484
0.47839573,1.0,0.6194848
0.3772658,1.0,0.5998393
0.61505,1.0,0.20560959
0.76337045,0.0,0.34028375
0.3820231,0.0,0.671039
0.51389366,0.0,0.37516683
0.515078,0.0,0.114673264
0.6196932,0.0,0.09360562
0.5735689,0.0,0.0016068312
0.70565975,0.0,0.00081583374
0.76025516,0.0,0.01835889
0.9724363,0.0,0.028486226
0.8922173,1.0,0.042568292
0.8329291,0.0,0.0
0.09472932,0.0,0.2194301
0.93164015,0.0,0.005798101
0.25741687,0.0,0.4007649
0.66921306,0.0,0.21333621
0.4759281,0.0,0.41635704
0.87742025,0.0,0.010502776
0.7705122,0.0,0.24726498
0.87338483,0.0,0.0
0.59770066,0.0,0.15204906
0.8151076,0.0,0.043129686
0.7459222,0.0,0.3635031
0.5649352,0.0,0.12012817
0.87274474,1.0,0.2514665
0.64731836,0.0,0.64005136
0.697434,0.0,0.23585239
0.86009747,0.0,0.20871799
0.7518229,1.0,0.8756471
0.29758322,0.0,0.912636
0.40215066,0.0,0.2468158
0.46438685,0.0,0.31103036
0.39423048,0.0,0.58511764
0.2974603,0.0,0.32698014
0.72987586,0.0,0.36393076
0.9534337,0.0,0.25777775
0.97338134,0.0,0.009619588
0.79922986,0.0,0.00344513
0.81902766,0.0,0.0
0.86619014,0.0,0.0
0.8691333,0.0,0.008800227
0.44160536,0.0,0.0
0.35365823,0.0,0.25234646
0.3933801,0.0,0.26192802
0.32106018,0.0,0.5942645
0.6277217,0.0,0.5479368
0.8183916,0.0,0.0005380969
0.46899176,0.0,0.17895013
0.5834141,0.0,0.30633464
0.8837028,0.0,0.004553889
0.7145602,0.0,0.29770628
0.5763517,0.0,0.28559905
0.7567254,0.0,0.00036758807
0.6985993,0.0,0.0397131
0.34044567,0.0,0.43468362
0.8144664,0.0,0.24424048
0.41438484,0.0,0.5168245
0.8738273,0.0,0.17186263
0.82353306,0.0,0.035650726
0.13830633,0.0,0.26463726
0.42749283,0.0,0.016574223
0.88700056,0.0,0.0
0.20311496,0.0,0.013187303
0.91359514,0.0,0.00060069456
0.72255963,0.0,0.0
0.9391472,0.0,0.028747713
0.95879495,0.0,0.0038762954
0.5741214,0.0,0.18892756
0.75975704,0.0,0.3070697
0.6493031,0.0,0.023935271
0.6836243,0.0,0.09436835
0.7386564,0.0,0.5591828
0.5156414,0.0,0.33056808
0.51390123,0.0,0.42187852
0.64532113,0.0,0.6691725
0.7066654,0.0,0.21319838
0.7714079,0.0,0.38752434
0.96105134,0.0,0.13919199
0.6950016,0.0,0.26040083
0.92057997,0.0,0.036299646
0.85314524,0.0,0.23621479
0.7529217,0.0,0.62160003
0.94492173,0.0,0.086011305
0.7219747,0.0,0.48199284
0.79396206,0.0,0.41541916
0.42530867,0.0,0.6592835
0.7357671,0.0,0.30130532
0.9654569,0.0,0.021039309
0.6636949,0.0,0.07931768
0.5478667,0.0,0.411622
0.5252425,0.0,0.02558034
0.59944695,0.0,0.0
0.35562688,0.0,0.39377514
0.44619447,0.0,0.20217629
0.9448316,0.0,0.0
0.17283131,0.0,0.22013515
0.36087084,0.0,0.5505091
0.50903803,0.0,0.5645199
0.3291189,0.0,0.56998914
0.5438995,0.0,0.07812072
0.37898287,0.0,0.17546675
0.8772278,0.0,0.0
0.91552794,0.0,0.018527692
0.9338587,0.0,0.0004890125
0.7592443,0.0,0.0
0.7684017,0.0,0.0
0.9046165,0.0,0.0019070443
0.87717205,0.0,0.015570088
0.64727616,0.0,0.36816132
0.7455371,0.0,0.35933733
0.571953,0.0,0.72069436
0.6053758,0.0,0.37976104
0.6681223,0.0,0.053897902
0.7183406,0.0,0.29597917
0.9512817,0.0,2.3365565e-05
0.5455861,0.0,0.38150185
0.84204465,0.0,0.2548461
0.18536201,0.0,0.42823777
0.47740504,0.0,0.5390775
0.7542093,0.0,0.0057103774
0.8875157,0.0,0.0
0.36927813,0.0,0.29785785
0.52831346,0.0,0.28476363
0.95858586,0.0,0.0011089594
0.73692805,0.0,0.04524959
0.2808954,0.0,0.3558212
0.8650412,0.0,0.17155324
0.95093054,0.0,0.00087444345
0.18691847,0.0,0.19763888
0.28067344,0.0,0.12627219
0.7056093,0.0,0.014961347
0.41327658,0.0,0.018770173
0.9105108,0.0,0.01876845
0.66501707,0.0,0.28692427
0.70730406,0.0,0.080910176
0.55894464,0.0,0.6851584
0.23732094,0.0,0.47501433
0.42033783,0.0,0.9235179
0.26046875,0.0,0.55231744
0.7122518,0.0,0.19766718
0.7479495,0.0,0.6784935
0.62465435,0.0,0.22369711
0.69547874,0.0,0.352769
0.9726615,0.0,0.04264445
0.6853334,0.0,0.35678825
0.372178,0.0,0.5728574
0.8183211,0.0,0.015993135
0.22955711,0.0,0.26536262
0.933413,0.0,0.0054488024
0.5030566,0.0,0.07306399
0.93564904,0.0,0.0
0.97771204,0.0,0.0
0.889424,0.0,0.0003909551
0.97717285,0.0,0.0143750785
0.96951497,0.0,0.0
0.9281995,0.0,0.0576077
0.8001491,0.0,0.1641487
0.89246035,0.0,0.3366744
0.5666686,0.0,0.31633458
0.7289409,0.0,0.4264679
0.8503893,0.0,0.6492301
0.76133096,0.0,0.40543658
0.48065376,0.0,0.013668912
0.9372103,0.0,0.21367896
0.8351808,0.0,0.0017564263
0.50648934,0.0,0.12809123
0.41690886,0.0,0.20241886
0.9806773,0.0,0.0
0.97519726,0.0,0.0
0.23732165,0.0,0.36350068
0.49240312,0.0,0.19874562
0.9482099,0.0,0.005065138
0.6321072,0.0,0.18062167
0.36424425,0.0,0.5272726
0.8840246,0.0,0.21286549
0.66314334,0.0,0.25785258
0.46192896,0.0,0.29687363
0.6889185,0.0,0.6512537
0.7989804,0.0,0.8086644
0.8293057,0.0,0.391135
0.8162364,0.0,0.8857366
0.5466094,0.0,0.36246246
0.86768055,0.0,0.24278459
0.7330703,0.0,0.26760754
0.9094632,0.0,0.023660604
0.87895006,0.0,0.095915616
0.9418748,0.0,0.017781405
0.58916974,0.0,0.03316316
0.9494488,0.0,0.030453399
0.48227188,0.0,0.010665747
0.7860779,0.0,0.037668686
0.7346707,0.0,0.33231473
0.94783384,0.0,0.0012015277
0.70658576,0.0,0.28193453
0.9083949,0.0,0.28228706
0.9029669,0.0,0.64752626
0.8877211,0.0,0.16205226
0.47685835,0.0,0.44285342
0.74599826,0.0,0.49199602
0.88100797,0.0,0.027057206
0.9085715,0.0,0.095869124
0.63066125,0.0,0.18085569
0.31242964,0.0,0.35532886
0.9491776,0.0,0.01581903
0.9018482,0.0,0.01970464
0.63074225,0.0,0.6136888
0.27319828,0.0,0.28014827
0.43522948,0.0,0.36241764
0.7271653,0.0,0.3098646
0.9743703,0.0,0.022829395
0.38170567,0.0,0.15663894
0.29734647,0.0,0.09830248
0.9726872,0.0,0.005572521
0.8430144,0.0,0.009580487
0.91178936,0.0,0.006681971
0.299666,0.0,0.012218198
0.94177717,0.0,0.0035421231
0.69657624,0.0,0.082581945
0.690413,0.0,0.10567099
0.66644764,0.0,0.64057404
0.5576278,0.0,0.20106576
0.58304524,1.0,0.6713073
0.5191738,1.0,0.5951901
0.72329587,0.0,0.09628836
0.89035773,1.0,0.045856524
0.8807383,1.0,0.13472024
0.79724115,1.0,0.5350185
0.5782798,1.0,0.4966401
0.88488126,1.0,0.29017413
0.91156346,0.0,0.047317676
0.69975895,1.0,0.3777034
0.41110197,1.0,0.28067416
0.90617484,0.0,0.050809216
0.8873085,0.0,0.005439097
0.523926,1.0,0.32990745
0.47354835,0.0,0.46418276
0.9589195,0.0,0.0007933766
0.68240035,0.0,0.028230764
0.45116794,0.0,0.5897575
0.62103236,0.0,0.33126426
0.78470844,0.0,0.14435484
0.4474939,0.0,0.66668105
0.25446072,0.0,0.6378711
0.1154838,0.0,0.029084979
0.80617374,0.0,0.4565027
0.97486275,0.0,0.0
0.6755166,0.0,0.013563798
0.9797346,0.0,0.0056668026
0.70166624,0.0,0.0
0.9701229,0.0,0.007138909
0.30255842,0.0,0.043454807
0.89351916,0.0,0.0
0.55865556,0.0,0.1513082
0.55946016,1.0,0.29768175
0.75560737,1.0,0.70796114
0.96093875,1.0,0.22804342
0.7985648,1.0,0.7470775
0.91345906,0.0,0.07258548
0.79027534,1.0,0.23728317
0.9606663,0.0,0.078419246
0.42440915,1.0,0.4176469
0.8941591,1.0,0.09703073
0.37486333,1.0,0.5641213
0.52833086,1.0,0.47455683
0.9606921,0.0,0.0
0.6384352,1.0,0.4299514
0.4002088,1.0,0.5806416
0.2724753,1.0,0.2456918
0.9596082,0.0,0.06079829
0.69238424,0.0,0.036093727
0.57644814,0.0,0.3385737
0.5939755,1.0,0.22630073
0.84254247,0.0,0.0009500877
0.8304656,0.0,0.091593646
0.67847747,0.0,0.58949155
0.7886107,0.0,0.25136515
0.16761805,0.0,0.61322093
0.64975613,0.0,0.10874945
0.9412069,0.0,0.035850372
0.4877735,0.0,0.023809118
0.70181996,0.0,0.0
0.93830234,0.0,0.009200495
0.93134546,0.0,0.0
0.86312896,0.0,0.0
0.7876736,0.0,0.10761831
0.74463445,0.0,0.022717327
0.48865822,0.0,0.060394056
0.7688771,0.0,0.19872491
0.94409025,0.0,0.22742906
0.85122925,0.0,0.017370977
0.6486364,0.0,0.36522734
0.8898919,0.0,0.5216363
0.8713523,0.0,0.24123521
0.44937003,0.0,0.48934427
0.8976645,0.0,0.022790466
0.8099034,0.0,0.012326058
0.27146527,0.0,0.3013242
0.44002008,1.0,0.46361384
0.94092363,0.0,0.0
0.50445276,0.0,0.22606742
0.6020282,1.0,0.51665896
0.7161063,1.0,0.14181358
0.7798129,0.0,0.0072923237
0.40477526,0.0,0.5841065
0.44061443,0.0,0.41989076
0.8559638,0.0,0.5804508
0.6594967,0.0,0.57983714
0.6958873,0.0,0.61183506
0.6842726,0.0,0.17861463
0.62643737,0.0,0.4081219
0.6594735,0.0,0.0
0.43710148,0.0,0.36582372
0.66807336,0.0,0.15718669
0.6570927,0.0,0.6478493
0.5703329,0.0,0.06072004
0.43043146,0.0,0.50787395
0.47925296,0.0,0.67343247
0.28487837,0.0,0.123701476
0.12840652,0.0,0.5407209
0.3887843,0.0,0.44515616
0.35391554,0.0,0.51334727
0.52519554,0.0,0.026819158
0.8290105,0.0,0.12642393
0.40439925,1.0,0.6137786
0.20375106,0.0,0.29157278
0.71340483,0.0,0.008013342
0.46485248,0.0,0.41691536
0.6757447,0.0,0.51972413
0.294514,0.0,0.49590415
0.45890212,0.0,0.3425881
0.66139555,0.0,0.10822179
0.8408848,0.0,0.0
0.5206761,0.0,0.26792422
0.79875684,0.0,0.0034687482
0.20327413,0.0,2.6742198e-05
0.16843873,0.0,0.18029067
0.15262806,0.0,0.2968384
0.6212644,0.0,0.007666524
0.7353206,0.0,0.0
0.35035637,0.0,0.47305176
0.33400065,0.0,0.5253599
0.90273774,0.0,0.0
0.49488556,0.0,0.3013342
0.5300886,0.0,0.47165558
0.8481006,0.0,0.36807013
0.54349196,0.0,0.5707029
0.8553444,0.0,0.034574043
0.30437818,0.0,0.6075092
0.8706907,0.0,0.10582112
0.93057895,0.0,0.011145866
0.39527357,0.0,0.40185848
0.4213721,0.0,0.13260764
0.96177465,0.0,0.0
0.7734815,0.0,0.30158043
0.52654237,0.0,0.45355636
0.27677563,0.0,0.22646981
0.89438045,0.0,0.0
0.618214,0.0,0.003331983
0.3018881,0.0,0.1337107
0.431622,0.0,0.04292526
0.82413125,0.0,0.0
0.6501724,0.0,0.09318758
0.69174963,0.0,0.55832213
0.8202477,0.0,0.09798124
0.21531937,0.0,0.6507586
0.7628471,0.0,0.38964215
0.9210157,0.0,0.0
0.95510435,0.0,0.11856888
0.63104266,0.0,0.54036343
0.9071791,0.0,0.22459982
0.9469854,1.0,0.14489788
0.5300578,1.0,0.4178856
0.50490654,1.0,0.5133283
0.47582865,1.0,0.5002072
0.84595865,1.0,0.10891471
0.8139859,0.0,0.041831158
0.56966496,1.0,0.3473992
0.85720813,1.0,0.13458663
0.9793066,0.0,0.0
0.904872,0.0,0.49926838
0.8222008,1.0,0.6167193
0.76324165,0.0,0.101402186
0.8671288,1.0,0.482795
0.903361,0.0,0.09535385
0.8515924,0.0,0.0
0.78344697,1.0,0.37698856
0.82045376,1.0,0.105674
0.7931191,1.0,0.69472253
0.6295575,1.0,0.6979241
0.86673135,0.0,0.6270534
0.9173103,0.0,0.15858519
0.82813567,0.0,0.29163745
0.8889404,0.0,0.2822713
0.7705956,0.0,0.570954
0.7349753,1.0,0.8451642
0.80069643,0.0,0.3189353
0.5410061,1.0,0.22558972
0.62170476,1.0,0.1680224
0.7652785,1.0,0.11576016
0.70479006,0.0,0.14285818
0.9598284,0.0,0.07126155
0.89418656,0.0,0.03583085
0.9604384,0.0,0.04793552
0.9025924,0.0,0.44781762
0.5347931,0.0,0.4819648
0.83718896,0.0,0.27743065
0.77205384,0.0,0.09954566
0.48694617,0.0,0.6597409
0.76276886,0.0,0.48129493
0.7488753,0.0,0.6470321
0.95873433,0.0,0.019184537
0.86392266,0.0,0.29250577
0.92406505,0.0,0.08002306
0.5468612,0.0,0.051032495
0.6804887,0.0,0.23524399
0.8244692,0.0,0.008110315
0.36495534,0.0,0.4006737
0.86455816,0.0,0.06197421
0.95513904,0.0,0.034729343
0.8157582,0.0,0.068576045
0.9444725,0.0,0.0
0.98563194,0.0,0.0
0.2646503,0.0,0.03766073
0.74357134,0.0,0.0
0.65273124,0.0,0.455711
0.76063496,0.0,0.233223
0.9554971,0.0,0.096568756
0.44449088,0.0,0.16210988
0.75410426,0.0,0.39928794
0.93085515,0.0,0.20237668
0.5615204,0.0,0.3702109
0.4814691,0.0,0.8197432
0.61039656,0.0,0.5412905
0.76785743,0.0,0.7661752
0.27297574,0.0,0.9624663
0.74931395,0.0,0.8089256
0.19032185,0.0,0.79119414
0.57055,0.0,0.52181286
0.796788,0.0,0.5372826
0.867669,0.0,0.27713892
0.9483506,0.0,0.44998133
0.9276114,0.0,0.43965134
0.8949387,0.0,0.160719
0.5356337,0.0,0.42981905
0.9245856,0.0,0.023962226
0.45683128,0.0,0.34508154
0.6612702,0.0,0.5318038
0.8476198,0.0,0.45832244
0.6756975,0.0,0.32220113
0.41783386,0.0,0.40448034
0.81296885,0.0,0.15239489
0.851247,0.0,0.27658677
0.9419117,0.0,0.008953712
0.5846764,0.0,0.45450652
0.82115954,0.0,0.2133079
0.59028846,0.0,0.49251163
0.3559014,0.0,0.8098321
0.4606974,0.0,0.5468054
0.23634307,0.0,0.6838916
0.2754257,0.0,0.65104806
0.29021108,0.0,0.6836459
0.25048283,0.0,0.6894206
0.29912487,0.0,0.44226024
0.4963005,0.0,0.43345827
0.5854853,1.0,0.15949132
0.22717983,1.0,0.047703467
0.87788224,0.0,0.05613373
0.5084286,1.0,0.08900481
0.9778381,0.0,0.0013777926
0.4087597,1.0,0.1310607
0.5362955,0.0,0.1317052
0.40109718,0.0,0.33212823
0.2078896,0.0,0.74422216
0.63781995,0.0,0.5154368
0.5579389,1.0,0.75709003
0.51225626,1.0,0.5253368
0.48623985,1.0,0.5008694
0.9233949,0.0,0.2736102
0.9666694,0.0,0.0070038293
0.70613986,1.0,0.05351279
0.9405405,0.0,0.07551768
0.60824704,1.0,0.2880056
0.73910475,0.0,0.4450708
0.46760544,0.0,0.8012437
0.8204911,1.0,0.47412145
0.8688458,0.0,0.6111903
0.6428289,0.0,0.3093853
0.8249553,0.0,0.34275252
0.5618691,0.0,0.39000753
0.8636398,0.0,0.38954303
0.44085082,0.0,0.5977303
0.73247397,0.0,0.46034533
0.40906093,0.0,0.21982348
0.880612,0.0,0.034873303
0.57424134,0.0,0.19459295
0.92992586,0.0,0.0083217425
0.53893495,0.0,0.40068266
0.25885022,0.0,0.6517612
0.39469498,0.0,0.708087
0.904903,0.0,0.12638797
0.3883146,0.0,0.17405787
0.98155576,0.0,0.0
0.4078383,0.0,0.2495956
0.92877424,0.0,0.0
0.30500925,0.0,0.32341853
0.4820845,0.0,0.63100284
0.67498857,0.0,0.019043893
0.16818467,0.0,0.49133584
0.32655123,0.0,0.46980664
0.19400267,0.0,0.7491086
0.5492037,0.0,0.241809
0.6566849,0.0,0.15196672
0.7021584,0.0,0.20034578
0.21367602,0.0,0.31210908
0.77368456,0.0,0.012154404
0.2555259,1.0,0.3145396
0.8501479,0.0,0.0
0.709088,0.0,0.014178133
0.9286167,0.0,0.08279789
0.32107934,1.0,0.17718127
0.74371934,1.0,0.11600234
0.34456402,1.0,0.23669942
0.40604457,1.0,0.7792398
0.8255428,1.0,0.33084956
0.64877677,1.0,0.55007833
0.7525891,1.0,0.47846347
0.8938559,0.0,0.4643987
0.46786088,0.0,0.16966817
0.56651694,1.0,0.40389943
0.6012479,0.0,0.2359074
0.25763077,0.0,0.21648611
0.88152486,0.0,0.024727518
0.21388456,0.0,0.10649408
0.94626683,0.0,0.00018071233
0.2979332,0.0,0.23920013
0.69730556,0.0,0.14614147
0.2601804,0.0,0.33660543
0.48034596,0.0,0.7845317
0.48873764,0.0,1.0
0.49501896,0.0,0.5679186
0.5040241,0.0,0.114027575
0.6431277,0.0,0.86244816
0.7928239,0.0,0.32810304
0.7702672,0.0,0.1719101
0.4631414,0.0,0.5652577
0.5525917,0.0,0.92893285
0.8416895,0.0,0.317675
0.42646343,0.0,0.6770252
0.8842262,0.0,0.10897321
0.32929388,0.0,0.42956075
0.38423732,0.0,0.58765274
0.43952385,0.0,0.53899485
0.520555,0.0,0.24872689
0.3282649,0.0,0.1936969
0.14101255,0.0,0.13752337
0.5034461,0.0,0.15402633
0.32261583,0.0,0.09532572
0.6362873,0.0,0.381429
0.3553113,0.0,0.13743412
0.92088383,0.0,0.04107702
0.27268428,0.0,0.06452044
0.32968402,0.0,0.29167876
0.40236598,0.0,0.51204777
0.6549966,1.0,0.4625786
0.5018409,0.0,0.25237396
0.91439474,1.0,0.43061015
0.9206358,0.0,0.09911079
0.7684694,1.0,0.3911022
0.96285564,0.0,0.0009920696
0.82038325,1.0,0.18052663
0.88193446,0.0,0.2130148
0.67177784,1.0,0.4210343
0.91775274,0.0,0.00952022
0.7349257,0.0,0.5303675
0.91548765,0.0,0.003321044
0.80683357,0.0,0.36329117
0.962076,0.0,0.00034638456
0.23185027,0.0,0.17007025
0.9437445,0.0,0.10327244
0.53299046,0.0,0.2168791
0.48432288,0.0,0.6671845
0.7610608,0.0,0.29044977
0.41982797,0.0,0.6045981
0.6886371,0.0,0.7403727
0.86485326,0.0,0.21323003
0.6340319,0.0,0.18620154
0.5731717,0.0,0.50919205
0.9420906,0.0,0.04867146
0.7136067,0.0,0.4701788
0.7261358,0.0,0.5304652
0.6561878,0.0,0.02957219
0.68828315,1.0,0.25137284
0.97296494,0.0,0.0012537548
0.91568476,1.0,0.40443778
0.95720786,0.0,0.0065226764
0.8929521,1.0,0.3306802
0.954976,0.0,0.007481868
0.8274161,1.0,0.32314426
0.9093002,0.0,0.18176062
0.75938773,1.0,0.57638437
0.81200016,1.0,0.5396993
0.9106274,0.0,0.018499002
0.84793645,1.0,0.13929941
0.9874232,0.0,0.014898232
0.88809127,1.0,0.36372882
0.95340997,1.0,0.017587552
0.88295966,1.0,0.20220757
0.8535005,0.0,0.016486397
0.53121537,1.0,0.20698129
0.32025102,1.0,0.4838156
0.7198166,0.0,0.0063372
0.47588784,0.0,0.19667682
0.8264179,0.0,0.23368026
0.22625124,0.0,0.37204972
0.9437749,0.0,0.0033720396
0.83078164,0.0,0.0
0.8518434,0.0,0.06438955
0.89686537,0.0,0.025851302
0.95156395,0.0,0.0072570015
0.82979053,0.0,0.022343338
0.8775453,0.0,0.007064969
0.9655286,0.0,0.00035837467
0.547001,0.0,0.01634956
0.4877465,0.0,0.072478496
0.93766594,0.0,0.0070801834
0.87811667,0.0,0.01814642
0.41334808,0.0,0.10313124
0.76104015,0.0,0.010672615
0.9451007,0.0,0.0
0.4820091,0.0,0.0
0.62289715,0.0,0.015570219
0.94191104,0.0,0.002749529
0.9679548,0.0,0.023419697
0.48849556,0.0,0.011882568
0.50248796,1.0,0.35178834
0.6969243,0.0,0.3277053
0.5237268,0.0,0.29845878
0.3101417,0.0,0.63908446
0.45976943,0.0,0.5009139
0.8718407,0.0,0.1301909
0.31871372,0.0,0.44658062
0.7842501,0.0,0.05369515
0.45931342,0.0,0.0017609202
0.97150517,0.0,0.0064770193
0.16360769,0.0,0.0687526
0.7653778,0.0,0.10116778
0.6492943,0.0,0.01828621
0.3981321,0.0,5.527609e-05
0.72618484,0.0,0.02022046
0.52233654,0.0,0.18548393
0.97862965,0.0,0.029230105
0.41792428,0.0,0.33727527
0.7043602,0.0,0.02622168
0.64404,0.0,0.4383916
0.94092214,0.0,0.029421814
0.53545666,0.0,0.20200814
0.9599354,0.0,0.0020355093
0.29652733,0.0,0.22670327
0.95400566,0.0,0.028388785
0.46433535,0.0,0.3896868
0.59925103,0.0,0.7842478
0.984289,0.0,0.35666957
0.82476217,0.0,0.68866277
0.8753467,0.0,0.4909761
0.37337703,0.0,0.399745
0.96472555,0.0,0.009523678
0.34480745,0.0,0.25350484
0.94402564,0.0,0.008314704
0.426706,0.0,0.44419906
0.8787898,0.0,0.030959768
0.57830167,0.0,0.3253654
0.9394856,0.0,0.008203055
0.44323435,0.0,0.47110397
0.7386022,0.0,0.011354909
0.8855086,0.0,0.3048292
0.904917,0.0,0.2934766
0.7241934,0.0,0.75953585
0.8262309,0.0,0.6087553
0.44918573,0.0,0.4251496
0.80030024,1.0,0.25449923
0.9492673,0.0,0.013751008
0.19871676,0.0,0.19052984
0.880253,0.0,0.019220319
0.5209495,0.0,0.35737503
0.26818493,0.0,0.032023404
0.67014885,0.0,0.3323677
0.88159615,0.0,0.02184758
0.68753105,0.0,0.42144278
0.7152049,0.0,0.1533257
0.5451723,0.0,0.16941379
0.9591059,0.0,0.010033336
0.54217094,0.0,0.14339328
0.5766607,0.0,0.5483036
0.65608436,0.0,0.06506565
0.5894657,0.0,0.38251856
0.5416203,0.0,0.44638675
0.28917804,0.0,0.4003604
0.8853136,0.0,0.04495879
0.37906262,0.0,0.4043179
0.6190236,0.0,0.09370165
0.49088845,0.0,0.40766767
0.7962447,0.0,0.056936633
0.4412779,0.0,0.4978463
0.5906708,0.0,0.5405132
0.90691125,0.0,0.1408449
0.43931603,0.0,0.44608045
0.90286547,0.0,0.059714545
0.6415317,0.0,0.34475008
0.95461696,0.0,0.046561
0.83198637,0.0,0.36642003
0.7678439,0.0,0.1628032
0.6042963,0.0,0.48286197
0.6112329,0.0,0.62743837
0.4349318,0.0,0.21585031
0.3508113,0.0,0.297654
0.9064593,0.0,0.029664183
0.28698948,0.0,0.32214043
0.8373202,0.0,0.05205552
0.61350435,0.0,0.566232
0.9181431,0.0,0.1191563
0.6136239,0.0,0.47503158
0.85869116,0.0,0.09728589
0.7150635,0.0,0.49737018
0.84681886,0.0,0.040176414
0.60471535,0.0,0.22353056
0.9582289,0.0,0.07904398
0.67629,0.0,0.41773093
0.8322931,0.0,0.40475613
0.9008324,0.0,0.77832144
0.72398734,0.0,0.7443787
0.4304802,0.0,0.40090892
0.55243486,0.0,0.4739174
0.42783487,0.0,0.49263823
0.6367121,0.0,0.28208143
0.31909022,0.0,0.34856674
0.88924414,0.0,0.014463951
0.5751128,0.0,0.2982305
0.9837356,0.0,0.031318784
0.6675878,0.0,0.5289971
0.9353156,0.0,0.068884976
0.32738823,0.0,0.22941533
0.93775684,0.0,0.0048923604
0.42255732,0.0,0.33933273
0.9597282,0.0,0.06575886
0.6899751,0.0,0.50899583
0.913784,0.0,0.36024603
0.79483104,0.0,0.93271124
0.89847,0.0,1.0
0.84327966,0.0,0.7967524
0.76268,0.0,0.21878585
0.8557669,0.0,0.29754642
0.55757666,0.0,0.5270314
0.2960947,0.0,0.2919188
0.5689787,0.0,0.05253527
0.5614837,0.0,0.13525626
0.60684246,0.0,0.014093515
0.62509364,0.0,0.28281808
0.82640153,0.0,0.025722802
0.54355675,0.0,0.32936463
0.6387091,0.0,0.33667386
0.9174777,0.0,0.04236736
0.7638963,1.0,0.47865695
0.9677885,1.0,0.056161437
0.8557498,1.0,0.53825504
0.9532213,0.0,0.087890364
0.9561546,0.0,0.29737356
0.777821,0.0,0.48484558
0.8954514,0.0,0.58723736
0.9730164,1.0,0.53669196
0.8435964,0.0,0.39964727
0.9327186,1.0,0.15266289
0.9748107,0.0,0.0037773186
0.81688184,1.0,0.39321396
0.85394746,1.0,0.013415969
0.8373287,1.0,0.09897063
0.971564,0.0,0.015917987
0.8742381,0.0,0.059101567
0.93716973,0.0,0.01829535
0.7736677,0.0,0.24901636
0.79518837,0.0,0.002914047
0.7277874,0.0,0.025493886
0.84333116,0.0,0.2248652
0.8199463,0.0,0.57104135
0.78516316,0.0,0.75515544
0.6173866,0.0,0.7981514
0.41876355,0.0,0.34495905
0.38780218,0.0,0.18574262
0.64128596,0.0,0.16818118
0.83315486,0.0,0.0
0.9788785,0.0,0.011795723
0.925116,0.0,0.0
0.94077873,0.0,0.013809844
0.9141798,0.0,0.031132413
0.9490882,0.0,0.0
0.9285802,0.0,0.056409337
0.8662423,0.0,0.07989713
0.45416483,0.0,0.123459905
0.6320088,0.0,0.044646043
0.9484409,0.0,0.0
0.575112,0.0,0.2092679
0.974923,0.0,0.0011381994
0.975068,0.0,0.011154644
0.9823267,0.0,0.0030406278
0.98219,0.0,0.00010246551
0.8123459,0.0,0.13540235
0.8544041,0.0,0.41721806
0.8550039,0.0,0.43829894
0.9248431,0.0,0.07515553
0.6964186,0.0,0.3488017
0.50381374,0.0,0.2863064
0.7563449,0.0,0.329253
0.579042,0.0,0.079758376
0.75039643,0.0,0.25853315
0.749398,0.0,0.025675137
0.8782758,0.0,0.40376946
0.8541792,0.0,0.33115354
0.7407999,0.0,0.49275953
0.93504536,0.0,0.05221982
0.49503958,0.0,0.4619087
0.9012967,0.0,0.17116134
0.5986988,0.0,0.2656582
0.7642926,0.0,0.48309955
0.8604615,0.0,0.4480007
0.68618566,0.0,0.42300135
0.5019973,0.0,0.71989614
0.36531264,0.0,0.120840766
0.77887774,0.0,0.19419606
0.8197585,0.0,0.045638923
0.39660597,0.0,0.022605445
0.8290377,0.0,0.00032761492
0.6204534,0.0,0.25698408
0.90319705,0.0,0.025461918
0.71743137,0.0,0.32778537
0.7786176,0.0,0.24749653
0.78283757,0.0,0.0018017062
0.8977833,0.0,0.2196429
0.28196856,0.0,0.41451007
0.73387164,0.0,0.083112404
0.8226321,0.0,0.003369541
0.72660375,0.0,0.18942602
0.4297624,0.0,0.2271034
0.87640584,0.0,0.0
0.84213805,0.0,0.06376399
0.6207734,0.0,0.5223627
0.74026465,0.0,0.30502355
0.8753705,0.0,0.014724758
0.56101215,0.0,0.06968911
0.6252879,0.0,0.5499165
0.5051898,0.0,0.5191931
0.6731757,0.0,0.25760898
0.24663538,0.0,0.70803505
0.681893,0.0,0.061715618
0.49481454,0.0,0.37128896
0.37711138,0.0,0.08052694
0.4349567,0.0,0.29328182
0.76739097,0.0,0.2304773
0.67297035,0.0,0.018696262
0.44483963,0.0,0.049374327
0.86034197,0.0,0.0
0.9394875,0.0,0.005376591
0.95179766,0.0,0.0
0.7142175,0.0,0.0003015746
0.7096149,0.0,0.001431557
0.7900041,0.0,0.0
0.9254696,0.0,0.011247116
0.6586157,0.0,0.021525707
0.8777366,0.0,0.0058232956
0.5270398,0.0,0.0
0.91451794,0.0,0.0
0.94515365,0.0,0.0024242834
0.9596169,0.0,0.0016419481
0.96660274,0.0,0.0
0.8986416,0.0,0.041880343
0.34465957,0.0,0.46787554
0.19235118,0.0,0.74005127
0.3301164,0.0,0.5004198
0.70388275,0.0,0.03615968
0.4324134,0.0,0.42400604
0.7839272,0.0,0.19848412
0.78665566,0.0,0.16672854
0.34471703,0.0,0.23608701
0.50214875,0.0,0.2439232
0.9439469,0.0,0.0
0.7989724,0.0,0.00038366584
0.9517468,0.0,0.0
0.9517431,0.0,0.037720084
0.73227894,0.0,0.039265845
0.8181988,0.0,0.006213536
0.563789,0.0,0.034202483
0.8038842,0.0,0.0751055
0.57279813,0.0,0.0050243563
0.6115366,0.0,0.07749211
0.52267087,0.0,0.53248984
0.48408118,0.0,0.08045911
0.9324955,0.0,0.02795013
0.5669383,0.0,0.28688776
0.36959717,0.0,0.3413125
0.88065356,0.0,0.060613032
0.3489687,0.0,0.3806669
0.58941936,0.0,0.66364133
0.42197457,0.0,0.47715878
0.45081207,0.0,0.56984
0.7006012,0.0,0.10979277
0.679043,0.0,0.3249099
0.3025192,0.0,0.4398112
0.43432686,0.0,0.24205256
0.9242471,0.0,0.008226388
0.8014453,0.0,0.0944918
0.4956386,0.0,0.26591784
0.85646117,0.0,0.19625501
0.7825534,0.0,0.026180157
0.360888,0.0,0.03221179
0.9631981,0.0,0.003377744
0.9310062,0.0,0.11055809
0.7365504,0.0,0.040383168
0.8559036,0.0,0.008922337
0.8394251,0.0,0.010275487
0.83850235,0.0,0.0035039845
0.96448076,0.0,0.0
0.80188686,0.0,0.00016374433
0.9382517,0.0,0.0
0.829504,0.0,0.0
0.9127989,0.0,0.008024763
0.94950384,0.0,0.0013419886
0.7296009,0.0,0.20200676
0.8413472,0.0,0.12011973
0.858423,0.0,0.00080684025
0.9200632,0.0,0.01234863
0.43878174,0.0,0.32993537
0.769592,0.0,0.44134894
0.82771456,0.0,0.25765648
0.21027999,0.0,0.7794976
0.30853215,0.0,0.3654419
0.86236084,0.0,0.021303462
0.7931649,0.0,0.12307253
0.62025064,0.0,0.35757795
0.78349686,0.0,0.26827508
0.89916176,0.0,0.0
0.5353384,0.0,0.4440483
0.8640197,0.0,0.6832427
0.43915477,0.0,0.20460233
0.92248917,0.0,0.3001925
0.9222365,0.0,0.003743442
0.97758627,0.0,0.04069258
0.9823628,0.0,0.014897584
0.9555141,0.0,0.0
0.7942282,0.0,0.018675508
0.95469856,0.0,0.00091602164
0.7148772,0.0,0.0
0.3084024,0.0,0.0004433334
0.7734927,0.0,0.00056493626
0.94298977,0.0,0.0012817162
0.76043844,0.0,0.0032649983
0.44690654,0.0,0.069212325
0.49955395,0.0,0.20351079
0.95109063,0.0,0.039522078
0.8796286,0.0,0.0014744158
0.7672521,0.0,0.5425417
0.5059324,0.0,0.2053343
0.79339653,0.0,0.5294396
0.9613959,0.0,0.1710527
0.9551099,0.0,0.17578447
0.9584216,0.0,0.018589566
0.91150504,0.0,0.014243514
0.95885825,0.0,0.0009480129
0.72856,0.0,0.18685937
0.8121759,0.0,0.0008946027
0.9374593,0.0,0.0
0.9524704,0.0,0.0055233804
0.86812335,0.0,0.005248535
0.8508017,0.0,0.00023318174
0.8527842,0.0,0.0056192577
0.95197904,0.0,0.0022668021
0.9533068,0.0,0.006499917
0.9800014,0.0,0.0039931354
0.56465375,0.0,0.060738355
0.8873478,0.0,0.0045623058
0.927214,0.0,0.40330198
0.9000607,0.0,0.47021174
0.9268197,0.0,0.2866435
0.2740984,0.0,0.37020454
0.9147815,0.0,0.06703313
0.8280089,0.0,0.108527355
0.23651035,0.0,0.49942672
0.38176543,0.0,0.34584418
0.9581532,0.0,0.01677621
0.9569905,0.0,0.06841023
0.3910065,0.0,0.5887299
0.6008846,0.0,0.29115677
0.97273546,0.0,0.01195864
0.2102153,0.0,0.29543382
0.8448319,0.0,0.029097956
0.7310874,0.0,0.0779147
0.50151306,0.0,0.39984515
0.41679856,0.0,0.37774315
0.9164141,0.0,0.00048702257
0.93179953,0.0,0.06745795
0.7509898,0.0,0.08742639
0.28095183,0.0,0.40731898
0.97114646,0.0,0.13931978
0.5552436,0.0,0.24456485
0.4239323,0.0,0.3513153
0.79915756,0.0,0.014306947
0.5539893,0.0,0.050213408
0.59465116,0.0,0.24196798
0.84935915,0.0,0.44074464
0.61883616,0.0,0.06665652
0.8361587,0.0,0.13796991
0.92576814,0.0,0.35647127
0.76746815,0.0,0.025752872
0.45927444,0.0,0.35782272
0.6119266,0.0,0.31695458
0.52145267,0.0,0.3841575
0.76523256,0.0,0.62639034
0.77819246,0.0,0.32613954
0.64396137,0.0,0.7421505
0.80985504,0.0,0.70045626
0.57214445,0.0,0.115308054
0.5820478,0.0,0.33456117
0.6649182,0.0,0.0096669085
0.5561556,0.0,0.15059789
0.7959768,0.0,0.003638375
0.88708925,0.0,0.0
0.94846,0.0,0.0
0.9816657,0.0,0.007648044
0.9734832,0.0,0.013446406
0.9306599,0.0,0.0
0.8942385,0.0,0.08608792
0.7576359,0.0,0.067703
0.7444308,0.0,0.011045291
0.9694634,0.0,0.00477471
0.96436685,0.0,0.0
0.93447167,0.0,0.016665604
0.92691547,0.0,0.013476021
0.94034296,0.0,0.055054583
0.9579651,0.0,0.07435528
0.8635729,0.0,0.13291508
0.9725237,0.0,0.07599534
0.98549414,0.0,0.04905954
0.7096304,0.0,0.5447295
0.7515352,0.0,0.51577854
0.6946181,0.0,0.35186672
0.90550673,0.0,0.3578635
0.9685528,0.0,0.08301217
0.9093272,0.0,0.0
0.9402011,0.0,0.009716045
0.8476178,0.0,0.04352726
0.90145195,0.0,0.0028938372
0.84770095,0.0,0.25422034
0.9275054,0.0,0.17242192
0.9306461,0.0,0.040030375
0.9871917,0.0,0.02441135
0.96012366,0.0,0.05236226
0.952148,0.0,0.008627306
0.9736872,0.0,0.0
0.9836421,0.0,0.021448273
0.9574004,0.0,0.0009516249
0.6805572,0.0,0.06013597
0.60582393,0.0,0.08403689
0.8183284,0.0,0.66961527
0.5195623,0.0,0.5732601
0.8136448,0.0,0.23800272
0.72912943,0.0,0.21066417
0.6178525,0.0,0.416845
0.53504384,0.0,0.04674286
0.63012725,0.0,0.6308687
0.63888264,0.0,0.29000032
0.52452093,0.0,0.25049505
0.9558374,0.0,0.0076131513
0.92861843,0.0,0.0
0.54683715,0.0,0.025062567
0.8342093,0.0,0.0012150347
0.8242586,0.0,0.0022699216
0.94312876,0.0,0.008400709
0.94290274,0.0,0.049302753
0.6414999,0.0,0.0
0.85364753,0.0,0.34304792
0.7125606,0.0,0.42557532
0.652701,0.0,0.012470886
0.88659376,0.0,0.23768236
0.85229313,0.0,0.25806797
0.7680648,0.0,0.033121523
0.8670489,0.0,0.078611195
0.9722768,0.0,0.0012649408
0.942213,0.0,0.005841117
0.9044141,0.0,0.0
0.94732183,0.0,0.0064228554
0.7568395,0.0,0.0
0.8897492,0.0,0.039282527
0.8054061,0.0,0.0057547404
0.7747668,0.0,0.07306887
0.957933,0.0,0.010349051
0.9239724,0.0,0.16882434
0.93334925,0.0,0.12033805
0.90564436,0.0,0.0037969875
0.89480394,0.0,0.080492616
0.5782298,0.0,0.18788166
0.8622022,0.0,0.21881649
0.9739705,0.0,0.0016278399
0.8993406,0.0,0.20744443
0.4416352,0.0,0.2788196
0.30798486,0.0,0.54354393
0.9483549,0.0,0.4128391
0.6657463,0.0,0.591132
0.90945154,0.0,0.3849696
0.77690285,0.0,0.01405368
0.60093117,0.0,0.7176794
0.7957486,0.0,0.42157584
0.73200345,0.0,0.34310588
0.38905486,0.0,0.5683014
0.73196024,0.0,0.21580663
0.6547595,0.0,0.011635104
0.523961,0.0,0.11695885
0.5904421,0.0,0.45709938
0.90978557,0.0,0.18276124
0.8809428,0.0,0.0
0.3588039,0.0,0.40893567
0.59330034,0.0,0.45210359
0.8870016,0.0,0.099209
0.34476414,1.0,0.71952426
0.35738572,1.0,0.41660088
0.7195277,0.0,0.068480305
0.6530295,0.0,0.3232699
0.5555622,0.0,0.55149776
0.9476646,0.0,0.013674185
0.5271114,0.0,0.1392339
0.979313,0.0,0.013774184
0.92089665,0.0,0.0073008514
0.7678073,0.0,0.0067507764
0.92005897,0.0,0.0
0.94396,0.0,0.26181528
0.11538221,0.0,0.024644844
0.84879553,0.0,0.0018876302
0.93444115,0.0,0.054361783
0.91803527,0.0,0.0
0.94221413,0.0,0.04740986
0.76001203,0.0,0.22247201
0.7589993,0.0,0.24672876
0.9280053,0.0,0.124348156
0.45067954,0.0,0.07573021
0.7555122,0.0,0.14323056
0.67894053,0.0,0.10740174
0.9673515,0.0,0.0
0.6096732,0.0,0.15577118
0.97039366,0.0,0.32785308
0.9454937,0.0,0.2313474
0.9681246,0.0,0.30418634
0.537566,0.0,0.2202437
0.5653414,0.0,0.40950876
0.89949805,0.0,0.53343385
0.24891852,0.0,0.52299017
0.84378207,0.0,0.91673416
0.8371636,0.0,0.5032958
0.82907504,0.0,0.15667512
0.29344973,0.0,0.3688616
0.38967237,0.0,0.3533714
0.43155688,0.0,0.10558689
0.65124583,0.0,0.086383075
0.9095788,0.0,0.15733816
0.94178534,0.0,0.01174043
0.8712713,0.0,0.086522885
0.9431117,0.0,0.021478543
0.88256496,0.0,0.0043815067
0.9726964,0.0,0.0139470855
0.812987,0.0,0.03851767
0.8395329,0.0,0.0037360005
0.93184394,0.0,0.020223381
0.9707261,0.0,0.0
0.9386963,0.0,0.010220336
0.7992116,0.0,0.058946528
0.6665123,0.0,0.010507263
0.85394394,0.0,0.10171311
0.78394514,0.0,0.054981504
0.81265986,0.0,0.017283902
0.94069237,0.0,0.081941575
0.7796449,0.0,0.37325844
0.880715,0.0,0.060073722
0.976544,0.0,4.9862316e-05
0.7721019,0.0,0.20207629
0.7073545,0.0,0.38087308
0.83883125,0.0,0.13410117
0.88703966,0.0,0.17153044
0.6088153,0.0,0.6153981
0.5980209,0.0,0.33812207
0.3118167,1.0,0.4311824
0.8498974,0.0,0.07767634
0.2524664,1.0,0.6443846
0.44443068,0.0,0.2670536
0.97174895,0.0,0.0060328445
0.9071837,0.0,0.24656823
0.9016564,0.0,0.0077619995
0.6541949,0.0,0.00055011606
0.8426276,0.0,0.07612054
0.8937631,0.0,0.56477314
0.96152353,0.0,0.23212916
0.6913093,0.0,0.0
0.5957876,0.0,0.25965777
0.6270292,0.0,0.07728256
0.5153787,0.0,0.2541633
0.8948336,0.0,0.11320999
0.9781788,0.0,0.010160126
0.9787869,0.0,0.0060450723
0.79514176,0.0,0.2810887
0.94836855,0.0,0.039353322
0.8782806,0.0,0.0005905863
0.66458744,0.0,0.0
0.38482678,0.0,0.09371476
0.9412512,0.0,0.012558523
0.7858012,0.0,0.121556796
0.53208214,1.0,0.25981036
0.25873044,0.0,0.0918306
0.24252076,1.0,0.3332154
0.75734353,0.0,0.011420471
0.4152796,0.0,0.1358365
0.5678421,0.0,0.06625792
0.74104005,0.0,0.060629487
0.50769883,0.0,0.48823565
0.9033851,0.0,0.34333858
0.68711716,0.0,0.3885218
0.8089842,0.0,0.2990303
0.6214881,0.0,0.023444643
0.76610655,0.0,0.10686476
0.94195133,0.0,0.019648414
0.93253446,0.0,0.06690529
0.91572994,0.0,0.007690022
0.95586693,0.0,0.013797614
0.96570396,0.0,0.0
0.9199195,0.0,0.0048175743
0.9533563,0.0,0.010605234
0.9306892,0.0,0.0
0.95773965,0.0,0.0
0.931905,0.0,0.14202823
0.82495403,0.0,0.31279784
0.8162218,0.0,0.33131084
0.69162494,0.0,0.51423407
0.956261,0.0,0.09483902
0.88718086,0.0,0.016071076
0.09419064,0.0,0.67806864
0.65892625,0.0,0.22915182
0.78488976,0.0,0.034409504
0.39332393,0.0,0.42778328
0.7678208,0.0,0.3432283
0.95628625,0.0,0.026888877
0.86416477,0.0,0.31568596
0.90600395,0.0,0.6816207
0.8944917,0.0,0.2781291
0.9478231,0.0,0.5134333
0.5806258,0.0,0.49894154
0.74994856,0.0,0.43905622
0.9599122,0.0,0.35665125
0.7964406,0.0,0.3834436
0.93624234,0.0,0.29086643
0.9400981,0.0,0.020111915
0.24790744,0.0,0.5809776
0.6770409,1.0,0.31662652
0.234138,1.0,0.44438457
0.3836379,1.0,0.6212292
0.5580234,1.0,0.6125664
0.37677366,1.0,0.43495017
0.2940635,1.0,0.6265778
0.7370294,1.0,0.34022957
0.9715898,1.0,0.16367099
0.5711422,1.0,0.4014817
0.29647875,1.0,0.6282815
0.88845694,0.0,0.1924936
0.82542586,0.0,0.035351127
0.25967342,0.0,0.46451256
0.5233802,0.0,0.15273131
0.80384153,0.0,0.007819972
0.46564522,0.0,0.31884697
0.38165075,0.0,0.5254605
0.7685969,0.0,0.021490995
0.9549605,0.0,0.018777976
0.44604516,0.0,0.60989827
0.43566465,0.0,0.5707214
0.64009947,0.0,0.013666765
0.66653425,0.0,0.30028743
0.28165492,0.0,0.5781477
0.30014408,0.0,0.6465354
0.7589307,0.0,0.32837212
0.5580258,0.0,0.7468575
0.6529616,0.0,0.6598165
0.28106168,0.0,0.5072932
0.67362934,0.0,0.09298214
0.8954896,0.0,0.0
0.68182397,0.0,0.09027319
0.88418764,0.0,0.008375504
0.54348284,0.0,0.39653268
0.96732503,0.0,0.0
0.25819623,0.0,0.42460704
0.6190075,1.0,0.21368818
0.6616451,0.0,0.1224817
0.6311088,0.0,0.7927616
0.43416888,0.0,0.73412484
0.7487109,0.0,0.27818382
0.31219143,0.0,0.20963939
0.7544165,0.0,0.032474548
0.5292059,0.0,0.0058854865
0.31872883,0.0,0.07121507
0.9525302,0.0,0.0050227726
0.52880317,0.0,0.3939318
0.9294774,0.0,0.008127052
0.46542314,0.0,0.22403026
0.5118752,0.0,0.73224616
0.21013838,0.0,0.8200751
0.716732,0.0,0.12460435
0.5517695,0.0,0.12586226
0.94727254,0.0,0.0064184177
0.8086291,0.0,0.00776132
0.8986852,0.0,0.0026866214
0.52626276,0.0,0.011128532
0.9021815,0.0,0.0
0.89664096,0.0,0.08800763
0.7296522,0.0,0.028190976
0.7158135,0.0,0.18034911
0.91385394,0.0,0.06416977
0.87626183,0.0,0.00954234
0.7986893,0.0,0.011469441
0.58543265,0.0,0.029284777
0.12128416,0.0,0.21546942
0.42327142,0.0,0.29599914
0.11551363,0.0,0.6202716
0.2048337,0.0,0.77995104
0.47162902,0.0,0.77187985
0.6415753,0.0,0.27844197
0.8480671,0.0,0.59309536
0.43430558,0.0,0.49679244
0.39631912,0.0,0.10481466
0.5950029,0.0,0.7910273
0.78940475,0.0,0.0950362
0.37772945,0.0,0.44276786
0.8443352,0.0,0.12408576
0.33791438,0.0,0.5111218
0.38883317,0.0,0.13196011
0.5092738,0.0,0.66476715
0.18315984,0.0,0.22007807
0.95761985,0.0,0.019757409
0.4383674,0.0,0.5404273
0.33490473,0.0,0.39541867
0.8271957,0.0,0.061481506
0.5392253,0.0,0.21632391
0.6295215,0.0,0.42845595
0.69013107,0.0,0.25192276
0.8790536,0.0,0.5773381
0.7659658,0.0,0.11418938
0.70641553,0.0,0.5534724
0.46460775,0.0,0.8185822
0.755386,0.0,0.18036467
0.575021,0.0,0.61322796
0.6904636,0.0,0.37411296
0.6248809,0.0,0.5841532
0.33496717,0.0,0.72573787
0.61236614,0.0,0.6454973
0.5486855,0.0,0.8423085
0.42893496,0.0,0.71165115
0.45110908,0.0,0.048132665
0.34423435,0.0,0.30850902
0.58240706,0.0,0.0
0.89192224,0.0,0.09310113
0.43272576,0.0,0.00035438736
0.5421705,0.0,0.17429918
0.64964277,0.0,0.0028020302
0.7946562,0.0,0.08940846
0.88439065,0.0,0.41072825
0.94514424,0.0,0.4044942
0.39431566,0.0,0.3091799
0.66038513,0.0,0.35484695
0.35468543,0.0,0.14192016
0.7633686,0.0,0.12041738
0.40151197,0.0,0.46067286
0.59865785,0.0,0.07020676
0.39585793,0.0,0.27402732
0.8148845,0.0,0.019609658
0.7258844,0.0,0.011975921
0.28631702,0.0,0.5517415
0.5284502,0.0,0.17228048
0.28160346,0.0,0.46888223
0.46086532,0.0,0.0030514565
0.12394719,0.0,0.3104629
0.9347024,0.0,0.108551085
0.14179915,0.0,0.2571949
0.68950164,0.0,0.07416196
0.34613967,0.0,0.014060996
0.60874057,0.0,0.55291444
0.57295084,0.0,0.2532153
0.7510825,0.0,0.18737759
0.6372219,0.0,0.6310641
0.858415,0.0,0.48580602
0.7927992,0.0,0.5328052
0.7725406,0.0,0.3665363
0.36344248,0.0,0.5732587
0.5686292,0.0,0.12042722
0.35638702,0.0,0.37220648
0.45566303,0.0,0.009165302
0.2176633,0.0,0.2714864
0.8962817,0.0,0.030646134
0.27892032,0.0,0.12173461
0.9129166,0.0,0.016592301
0.36060584,0.0,9.765219e-05
0.818898,0.0,0.1417113
0.8999502,0.0,0.065196656
0.30123836,0.0,0.30642405
0.7002582,0.0,0.5712484
0.29362327,0.0,0.6016732
0.80174154,0.0,0.008742858
0.8720419,0.0,0.21927069
0.34839344,0.0,0.516375
0.6868874,0.0,0.39374456
0.73655236,0.0,0.073994786
0.5157714,0.0,0.037892647
0.49350366,0.0,0.81992394
0.18320626,0.0,0.5332755
0.690509,0.0,0.042922053
0.31101415,0.0,0.17775533
0.6649108,0.0,0.0
0.9528124,0.0,0.0139817055
0.9539167,0.0,0.0
0.29522866,0.0,0.0
0.9092556,0.0,0.0
0.5004131,0.0,0.0102708135
0.39946026,0.0,0.26205558
0.31911385,0.0,0.048778027
0.20777987,0.0,0.28372812
0.3470995,0.0,0.048986305
0.6730051,0.0,0.0
0.9478351,0.0,0.0071505373
0.8756119,0.0,0.0067051267
0.522125,0.0,0.14569026
0.35158285,0.0,0.059977006
0.9031314,0.0,0.0008502454
0.6863446,0.0,0.1012566
0.20868361,0.0,0.5389928
0.22035787,0.0,0.36728546
0.5081747,0.0,0.20616403
0.26322854,0.0,0.7804621
0.6217987,0.0,0.216119
0.1799105,0.0,0.16239725
0.25461793,0.0,0.15707237
0.34772357,0.0,0.14795287
0.8675139,0.0,0.0039399522
0.44616792,0.0,0.059441715
0.89024156,0.0,0.0016870826
0.7376391,0.0,0.0
0.930301,0.0,0.0014036401
0.5613354,0.0,0.0
0.33168453,1.0,0.43583858
0.44658917,1.0,0.40383708
0.7334487,1.0,0.46583083
0.33400378,1.0,0.4509703
0.4228605,0.0,0.020612897
0.70105135,0.0,0.07013211
0.98238075,0.0,0.00027685077
0.585249,0.0,0.029509615
0.91994464,0.0,0.0004119856
0.22185545,0.0,0.047855664
0.35308996,0.0,0.1659736
0.61243165,0.0,0.3369269
0.57270914,0.0,0.7468752
0.6316491,0.0,0.2034686
0.42939484,0.0,0.08471724
0.35524222,0.0,0.06590506
0.56736636,1.0,0.52323335
0.44823536,1.0,0.5045595
0.6911212,1.0,0.20094639
0.4768539,0.0,0.04624184
0.42757085,1.0,0.62884307
0.78115076,1.0,0.6411328
0.90841395,0.0,0.0930522
0.590859,1.0,0.22685711
0.7462888,0.0,0.20186749
0.83784324,0.0,0.0077767423
0.22561084,0.0,0.41623437
0.9694616,0.0,0.10994143
0.44428533,0.0,0.18363616
0.32226473,0.0,0.5861724
0.32116064,0.0,0.34830564
0.2037423,0.0,0.81136125
0.25385976,0.0,0.7584706
0.85257524,0.0,0.16687775
0.6370117,0.0,0.100875266
0.9050915,0.0,0.06697334
0.9042434,0.0,0.019356353
0.22834331,0.0,0.06484988
0.7586132,0.0,0.00021972154
0.07694557,0.0,0.012058233
0.7325879,0.0,0.009230581
0.068852834,0.0,0.36607674
0.44385776,0.0,0.14527197
0.55379665,0.0,0.0014320347
0.19908254,0.0,0.17020857
0.8958817,0.0,0.026556002
0.23871464,0.0,0.31950593
0.1804945,0.0,0.74924225
0.14833654,0.0,0.52817154
0.5562474,0.0,0.5261659
0.96342987,0.0,0.010042818
0.46536106,0.0,0.66017884
0.9576005,0.0,0.20790909
0.31866446,0.0,0.4588833
0.4866414,0.0,0.8104255
0.19869858,0.0,0.5606907
0.81477314,0.0,0.045727003
0.71296626,0.0,0.11555478
0.68397295,0.0,0.3695092
0.35306934,0.0,0.46079928
0.36906233,0.0,0.009410834
0.7771742,0.0,0.10497138
0.96898276,0.0,0.004868212
0.47057077,0.0,0.110004745
0.83681214,0.0,0.0
0.39892164,0.0,0.037980553
0.3226161,0.0,0.013783102
0.8992686,0.0,0.2000845
0.8986881,0.0,0.31253368
0.86736727,0.0,0.17145124
0.7357149,0.0,0.08369579
0.3069137,0.0,0.00573458
0.65386236,0.0,0.17820713
0.98193145,0.0,0.005996703
0.2808615,0.0,0.22748682
0.2467017,0.0,0.32315785
0.2698728,0.0,0.22265948
0.8559274,0.0,0.0
0.8188533,0.0,0.09846382
0.32989195,0.0,0.513183
0.40880483,0.0,0.2023318
0.95805323,0.0,0.00819363
0.6240665,0.0,0.044235263
0.15314119,0.0,0.36763236
0.35953775,0.0,0.19979818
0.84251904,0.0,0.0
0.11265753,0.0,0.18728136
0.2670222,0.0,0.6074569
0.42979443,0.0,0.29192042
0.17785314,0.0,0.026325835
0.21556652,0.0,0.6516358
0.28752607,0.0,0.7088964
0.72895855,0.0,0.5758287
0.54979724,0.0,0.5172402
0.27998406,0.0,0.50286275
0.62868905,0.0,0.49139985
0.30550474,0.0,0.24360509
0.33433765,0.0,0.6875799
0.48077145,0.0,0.3234474
0.7983152,0.0,0.27342972
0.45812017,0.0,0.70355946
0.4839484,0.0,0.4622582
0.85342413,0.0,0.07368499
0.4079999,0.0,0.4279284
0.8045778,0.0,0.20044675
0.9239497,0.0,0.0035525754
0.68427634,0.0,0.047996297
0.17258984,0.0,0.045033935
0.3756365,0.0,0.1497333
0.26780063,0.0,0.7522684
0.47933376,0.0,0.31257355
0.43609223,0.0,0.06609303
0.2774139,0.0,0.40478653
0.5820478,1.0,0.57179135
0.54527557,1.0,0.41495323
0.51284283,1.0,0.6746646
0.40208092,1.0,0.113605715
0.65786505,1.0,0.21840523
0.5427313,1.0,0.13603616
0.25890937,0.0,0.20471875
0.41128096,0.0,0.061065093
0.47949752,0.0,0.0624505
0.19128689,1.0,0.31633222
0.8805353,0.0,0.0
0.22222514,1.0,0.1410495
0.9200964,0.0,0.009710941
0.7411016,0.0,0.107463315
0.9349618,0.0,0.02625127
0.3572877,0.0,0.21603575
0.42992166,0.0,0.6996416
0.41580173,1.0,0.7109033
0.5902129,1.0,0.25000072
0.3519351,1.0,0.39209142
0.9160915,0.0,0.00040810983
0.27601707,1.0,0.20274854
0.8977418,0.0,0.0075695775
0.09145973,1.0,0.10058506
0.5165438,0.0,0.013815578
0.3994028,1.0,0.27837348
0.80823034,0.0,0.004389952
0.59431607,0.0,0.0010398774
0.9040272,1.0,0.0450083
0.91790015,0.0,0.16745473
0.35547876,1.0,0.50920594
0.84303415,0.0,0.2910585
0.60814303,0.0,0.5465647
0.6907435,0.0,0.82439613
0.2739824,0.0,0.22189198
0.28027406,0.0,0.08267193
0.9083661,0.0,0.0
0.82076716,0.0,0.0
0.9488254,0.0,0.00016935113
0.40061933,0.0,0.0005508636
0.9443442,0.0,0.005624639
0.15841018,0.0,0.08347314
0.18688041,0.0,0.2084032
0.65801656,0.0,0.17089568
0.3161149,0.0,0.8390817
0.4646294,0.0,0.790747
0.43892688,0.0,1.0
0.8426011,0.0,0.7824427
0.7248629,0.0,0.17962989
0.4897151,0.0,0.0027977368
0.74668914,0.0,0.010245366
0.79085535,0.0,0.12776448
0.9539727,0.0,0.0007591488
0.8363633,0.0,0.007370402
0.8186046,0.0,0.0013397892
0.9055862,1.0,0.056568626
0.24924442,0.0,0.0
0.8514536,0.0,0.0
0.8293203,1.0,0.024503984
0.6476404,1.0,0.07869515
0.87243026,0.0,0.01053306
0.9432329,0.0,0.0
0.98101807,0.0,0.002066568
0.8372429,0.0,0.012962373
0.9013975,0.0,0.0
0.79982466,0.0,0.02251254
0.85656637,0.0,0.069235116
0.57549846,0.0,0.47642532
0.6307574,0.0,0.5977897
0.44699574,0.0,0.50997895
0.5743602,0.0,0.26079103
0.9801538,0.0,0.0
0.75105226,0.0,0.0
0.9483911,0.0,0.016850166
0.6884489,1.0,0.038927518
0.54550534,1.0,0.2879874
0.79661417,0.0,0.039080754
0.85733104,1.0,0.27199012
0.63101673,1.0,0.53868204
0.7154668,1.0,0.5998645
0.5909685,1.0,0.2584903
0.43221676,1.0,0.13691631
0.30927968,0.0,0.0
0.54084617,1.0,0.30742368
0.8020525,1.0,0.61622936
0.91819334,0.0,0.23845118
0.75843775,0.0,1.0
0.70534647,0.0,0.47471568
0.79803824,0.0,0.43252975
0.8431782,0.0,0.23567708
0.7517148,0.0,0.65874916
0.89565766,0.0,0.5884787
0.8920334,0.0,0.23382503
0.86955386,0.0,0.4578423
0.7961538,0.0,0.61549133
0.80980337,0.0,0.56233335
0.8530877,0.0,0.40052778
0.83257496,0.0,0.47150302
0.8823589,0.0,0.30066583
0.52990353,0.0,0.33555427
0.8343767,0.0,0.10301779
0.855873,0.0,0.30356786
0.7070881,0.0,0.15556887
0.6227874,0.0,0.40382987
0.64594716,0.0,0.248979
0.56186587,0.0,0.0
0.21981983,0.0,0.37500185
0.5390442,0.0,0.5821192
0.8306508,0.0,0.02156088
0.12046821,0.0,0.3725288
0.38765767,1.0,0.6700771
0.45021957,1.0,0.26412308
0.74101603,0.0,0.0224741
0.23564316,0.0,0.42150518
0.31781977,0.0,0.40078324
0.92829156,0.0,0.0
0.9196232,0.0,0.0993501
0.78735244,0.0,0.68404216
0.7285877,0.0,0.15286653
0.114292644,0.0,0.40377778
0.2630956,0.0,0.26396298
0.60595846,0.0,0.0
0.5481531,0.0,0.1748053
0.22169697,0.0,0.4629732
0.7080047,0.0,0.06739343
0.8046624,0.0,0.0
0.34872988,0.0,0.3300879
0.3618112,0.0,0.397836
0.88330907,0.0,0.080901206
0.94839954,0.0,0.0077296426
0.33334556,0.0,0.5612377
0.39088103,1.0,0.481801
0.934966,1.0,0.29387146
0.9595012,1.0,0.7199022
0.81472164,1.0,0.19781256
0.7862282,0.0,0.1096079
0.9400808,1.0,0.17780401
0.8400527,1.0,0.096449405
0.95494473,0.0,0.0
0.61876404,0.0,0.14004196
0.95103717,0.0,0.0
0.96249336,0.0,0.10579865
0.75979245,0.0,0.23774412
0.8079952,0.0,0.20997542
0.95700705,0.0,0.0077141635
0.9219593,0.0,0.27499175
0.42108425,0.0,0.44205192
0.95607984,0.0,0.00441551
0.43349406,0.0,0.40221563
0.7452705,0.0,0.3647731
0.46063185,0.0,0.09174883
0.49675134,0.0,0.42792884
0.64505416,0.0,0.213762
0.5954305,0.0,0.68015486
0.7660538,0.0,0.36224747
0.6629084,0.0,0.42796034
0.95006734,0.0,0.0865877
0.5250377,0.0,0.16146022
0.32909593,0.0,0.40507782
0.64777076,0.0,0.22738956
0.8725685,0.0,0.0
0.50397295,0.0,0.49667856
0.3348347,0.0,0.47691426
0.8821826,0.0,0.039527267
0.8010466,0.0,0.12637304
0.39136535,0.0,0.2961602
0.23717102,0.0,0.20481223
0.79371834,0.0,0.061960656
0.87923014,0.0,0.008013614
0.84034103,0.0,0.32242134
0.6306016,0.0,0.33522767
0.84048784,1.0,0.4254936
0.8377929,1.0,0.07909457
0.8332525,1.0,0.70373577
0.66925156,0.0,0.31495318
0.85987985,1.0,0.33225858
0.8027146,1.0,0.056303825
0.8846831,1.0,0.43255892
0.84470105,1.0,0.13464548
0.8373838,1.0,0.36158437
0.6669132,1.0,0.5818695
0.44487122,1.0,0.50884515
0.87109476,0.0,0.072481975
0.76768494,1.0,0.1672929
0.59385234,0.0,0.27150244
0.7176341,0.0,0.5279639
0.83725625,0.0,0.027547605
0.79533726,0.0,0.3731139
0.60484713,0.0,0.55062735
0.8796237,0.0,0.3594536
0.9339671,0.0,0.075931154
0.9016153,0.0,0.38998947
0.91730934,0.0,0.38010317
0.49304032,0.0,0.0933199
0.14007801,0.0,0.4973412
0.43776622,0.0,0.34697247
0.5452678,0.0,0.35321885
0.90790635,0.0,0.074682765
0.88446087,0.0,0.011493536
0.17626484,0.0,0.38208842
0.21032138,0.0,0.57737815
0.8590003,0.0,0.012939101
0.8941913,0.0,0.051165625
0.16724204,0.0,0.34414604
0.5173606,1.0,0.4125791
0.906796,0.0,0.0013445776
0.73946524,0.0,0.16679569
0.47494406,0.0,0.3034216
0.93538046,1.0,0.31178546
0.9561804,0.0,0.0032708577
0.88206005,1.0,0.30785102
0.4119476,1.0,0.5831508
0.6758995,1.0,0.3520483
0.93621695,1.0,0.02205759
0.955642,0.0,0.07284744
0.8800012,0.0,0.3220855
0.80419683,1.0,0.34267202
0.8886299,0.0,0.0
0.8549103,1.0,0.18069977
0.84214145,1.0,0.6033206
0.19682176,0.0,0.108856775
0.58772236,0.0,0.73373026
0.936762,0.0,0.39247867
0.90117365,0.0,0.027019538
0.7696594,0.0,0.44296378
0.22336109,0.0,0.3781378
0.86926454,0.0,0.12257793
0.8867785,0.0,0.11006981
0.36380348,0.0,0.368951
0.44021577,0.0,0.5375432
0.6325415,0.0,0.690258
0.79409325,0.0,1.0
0.23664884,0.0,1.0
0.5387874,0.0,0.66964483
0.574387,0.0,0.47747198
0.57754314,0.0,0.5515007
0.62918794,0.0,0.4143425
0.55735415,0.0,0.3985587
0.38933042,0.0,0.45673934
0.3788661,0.0,0.43636796
0.49707624,0.0,0.6279837
0.50133246,0.0,0.47009367
0.7255351,0.0,0.335563
0.42806122,0.0,0.44040003
0.674727,0.0,0.6168521
0.096440785,0.0,0.16962625
0.61705303,0.0,0.20791826
0.19335242,0.0,0.4366172
0.16347569,0.0,0.36359066
0.9409873,0.0,0.0
0.75445956,0.0,0.17467812
0.49099278,0.0,0.59084934
0.35330212,0.0,0.35955587
0.91842407,0.0,0.0
0.80571127,0.0,0.28732732
0.8599786,0.0,0.65108764
0.5055759,0.0,0.2386597
0.90361434,0.0,0.1480152
0.5055707,0.0,0.32486358
0.543126,0.0,0.5618586
0.8863161,0.0,0.0
0.42246827,0.0,0.0302437
0.28453413,0.0,0.46456796
0.44736218,0.0,0.16033633
0.8708614,0.0,0.00046234205
0.16991064,0.0,0.24870037
0.25832757,0.0,0.51248103
0.7521937,0.0,0.21246253
0.4647145,0.0,0.64251596
0.77579296,0.0,0.11918092
0.84745896,0.0,0.10040918
0.32658017,0.0,0.52762836
0.24429859,0.0,0.45362994
0.23693067,0.0,0.30776024
0.46102348,0.0,0.3082516
0.48035848,0.0,0.28026006
0.5888378,0.0,0.23403166
0.5729717,0.0,0.0
0.6643017,0.0,0.0
0.15289451,0.0,0.4442416
0.95064175,0.0,0.093629874
0.9106934,0.0,0.0058585936
0.70400286,0.0,0.35705155
0.24433811,0.0,0.64598066
0.9075917,0.0,0.18154891
0.63538796,0.0,0.42999354
0.62426937,0.0,0.5505536
0.9413255,0.0,0.07968544
0.6370134,0.0,0.37725374
0.2752703,0.0,0.24901502
0.24380107,0.0,0.37025076
0.8123905,0.0,0.03601242
0.5779445,0.0,0.0075877905
0.8086573,0.0,0.0
0.43690094,0.0,0.31686482
0.8490241,0.0,0.0040956708
0.8474405,0.0,0.000905892
0.8560408,0.0,0.0072218473
0.89736277,0.0,0.322887
0.6315899,1.0,0.60090286
0.84220666,0.0,0.4529406
0.5826651,0.0,0.69747615
0.8435833,0.0,0.21830316
0.6530138,0.0,0.0
0.2965472,0.0,0.31893536
0.13815665,0.0,0.2945852
0.79745996,0.0,0.0
0.94183767,0.0,0.038226813
0.32809654,0.0,0.5186301
0.5866926,0.0,0.09460786
0.6691831,0.0,0.0002550048
0.91011757,0.0,0.009414068
0.40479338,0.0,0.2852728
0.905361,0.0,0.21522847
0.92652744,0.0,0.009066601
0.56820244,0.0,0.45731008
0.9646785,0.0,0.019239496
0.2500801,0.0,0.4868759
0.39333665,0.0,0.6960274
0.74840504,0.0,0.2473059
0.6100269,0.0,0.19561785
0.9469547,0.0,0.0061419113
0.6160835,0.0,0.003966386
0.34678847,0.0,0.38865405
0.8874292,0.0,0.0
0.94621676,0.0,0.0
0.82514924,0.0,0.1776398
0.88082874,0.0,0.28101566
0.96184963,0.0,0.0003086954
0.90339315,1.0,0.018097946
0.5993754,0.0,0.35004166
0.8476278,0.0,0.1193023
0.966153,0.0,0.004184561
0.82785374,1.0,0.40958932
0.8077587,1.0,0.23545514
0.8313187,1.0,0.054219797
0.6212015,1.0,0.71244735
0.8530728,1.0,0.44873527
0.7829628,1.0,0.59160745
0.8130278,1.0,0.4984808
0.7035148,0.0,0.20186749
0.2310524,1.0,0.16514957
0.53445375,1.0,0.21371162
0.7904204,0.0,0.18522933
0.9261958,0.0,0.00063363335
0.9540754,0.0,0.0
0.7251302,1.0,0.2947105
0.40782773,0.0,0.18677074
0.74551195,0.0,0.0
0.658415,0.0,0.0
0.18819717,0.0,0.38590732
0.692995,0.0,0.23262872
0.62594694,0.0,0.009310325
0.4730491,0.0,0.114472784
0.19979833,0.0,0.72501975
0.75512433,0.0,0.099645115
0.86677223,0.0,0.7043876
0.6490171,0.0,0.6325336
0.8911092,0.0,0.4019481
0.9304736,0.0,0.04920655
0.42187855,0.0,0.48533693
0.8869666,0.0,0.30807617
0.22447257,0.0,0.21795493
0.63286775,1.0,0.5096769
0.7615757,0.0,0.022311613
0.80856806,0.0,0.0
0.72641706,1.0,0.19242461
0.6168126,1.0,0.39326108
0.91796273,0.0,0.0
0.9411502,0.0,0.0
0.82998323,1.0,0.18482633
0.83935755,1.0,0.09335375
0.60092366,0.0,0.0
0.84020764,1.0,0.13915567
0.95906526,1.0,0.48488566
0.9649424,0.0,0.012520695
0.5468215,1.0,0.11996396
0.8638072,1.0,0.3718537
0.6015022,1.0,0.11794567
0.9641168,0.0,0.03861851
0.767766,1.0,0.25921935
0.6822302,1.0,0.29880896
0.77876836,1.0,0.7235463
0.55743426,1.0,0.6442571
0.9158424,1.0,0.19058971
0.55005914,1.0,0.7105768
0.42324525,1.0,0.6568738
0.5333866,0.0,0.35295346
0.9026058,1.0,0.13441922
0.4946095,0.0,0.32370514
0.94238067,0.0,0.21621743
0.604576,0.0,0.6130795
0.23010767,1.0,0.54772437
0.8339232,0.0,0.009357936
0.6915686,0.0,0.11101033
0.21313685,0.0,0.41737053
0.63847065,1.0,0.4316483
0.71928275,1.0,0.022179065
0.53426087,1.0,0.38210386
0.30959505,1.0,0.52486223
0.6498965,1.0,0.23818044
0.76292056,0.0,0.10161804
0.6175585,0.0,0.48044893
0.52862906,0.0,0.8432988
0.36739075,0.0,0.29804432
0.45691726,0.0,0.42373073
0.9566364,0.0,0.13157758
0.4652069,0.0,0.39624146
0.7053981,0.0,0.41714168
0.33100122,0.0,0.5138955
0.7379249,0.0,0.15794311
0.93792564,0.0,0.0
0.36752436,0.0,0.42597252
0.19408861,0.0,0.37961346
0.92596066,0.0,0.0026886435
0.73947257,0.0,0.0702145
0.17074934,0.0,0.30386955
0.46353984,0.0,0.21760356
0.7343959,0.0,0.0
0.75875187,0.0,0.37179568
0.61406976,0.0,0.6217543
0.5919922,0.0,0.4569485
0.49832502,0.0,0.40071267
0.8215882,1.0,0.066276364
0.32260498,1.0,0.60429496
0.8508113,1.0,0.36883023
0.7357893,1.0,0.32155
0.4570954,0.0,0.6776049
0.69153106,0.0,0.48859715
0.80067384,0.0,0.5989045
0.8820624,0.0,0.5740823
0.883516,0.0,0.52913
0.7181734,0.0,0.6062444
0.604156,0.0,0.2014336
0.90962905,0.0,0.35050917
0.85201055,0.0,0.13405861
0.758707,0.0,0.12958089
0.63106537,0.0,0.2953322
0.451332,0.0,0.4000681
0.68937796,0.0,0.5916346
0.8634271,0.0,0.18452147
0.9270188,0.0,0.059857093
0.5815944,0.0,0.35042998
0.3906961,0.0,0.3708703
0.71625644,0.0,0.0011887691
0.7371063,0.0,0.29284915
0.30616543,0.0,0.74457693
0.78203076,0.0,0.40409473
0.43496636,0.0,0.6914984
0.2477519,0.0,0.21763542
0.2643468,0.0,0.21510397
0.75266135,0.0,0.009549654
0.4331176,0.0,0.46017814
0.9317435,0.0,0.08383434
0.63712645,0.0,0.10483634
0.7015403,0.0,0.14250593
0.8884039,0.0,0.03336961
0.6083759,0.0,0.01775094
0.55294764,0.0,0.31193998
0.71610737,0.0,0.053712677
0.8012514,0.0,0.037051346
0.36739337,0.0,0.12730254
0.5628604,0.0,0.30692786
0.31421804,0.0,0.35755518
0.70331734,0.0,0.026688121
0.9202827,0.0,0.0027065484
0.7338518,0.0,0.43348476
0.7136665,0.0,0.15894584
0.92310756,0.0,0.0025960556
0.7572478,0.0,0.091038376
0.7746615,0.0,0.046677932
0.7522848,0.0,0.026999414
0.68949723,0.0,0.37737313
0.763045,0.0,0.3074781
0.48816943,0.0,0.6700887
0.69973886,0.0,0.21302167
0.8829255,0.0,0.42910945
0.66249275,0.0,0.7385982
0.86291754,0.0,0.059533324
0.74375695,0.0,0.7611014
0.7443704,0.0,0.34825155
0.5753975,0.0,0.511061
0.7976548,0.0,0.26852718
0.5779389,0.0,0.5314972
0.7681566,0.0,0.18391731
0.30008632,0.0,0.8283005
0.7003785,0.0,0.5155631
0.30265862,0.0,0.74125236
0.42672554,0.0,0.30264
0.33151647,0.0,0.7980702
0.754032,0.0,0.19878684
0.40327984,0.0,0.32273778
0.43926018,0.0,0.6693931
0.5415787,0.0,0.41191703
0.94172263,0.0,0.08009926
0.78372407,0.0,0.14483036
0.84655464,0.0,0.0
0.6792065,0.0,0.23859324
0.8487127,0.0,0.6139172
0.52850014,0.0,0.39396894
0.86735004,0.0,0.082494035
0.4197893,0.0,0.5283795
0.598489,0.0,0.4000539
0.8078793,0.0,0.00197257
0.6940642,0.0,0.49453855
0.73979574,0.0,0.053403914
0.95225894,0.0,0.0007052687
0.794964,0.0,0.42719457
0.8818513,0.0,0.17684084
0.9684427,0.0,0.07231738
0.9580414,0.0,0.024002267
0.8692156,1.0,0.078724004
0.94316834,1.0,0.0032119176
0.82809705,1.0,0.010325203
0.8298039,1.0,0.09485088
0.9191656,1.0,0.003314512
0.88960505,1.0,0.00556313
0.83992475,0.0,0.00035067223
0.8791659,1.0,0.00020295463
0.72351944,1.0,0.011703981
0.8201235,0.0,0.0
0.80095077,0.0,0.014037371
0.8825813,0.0,0.013485193
0.9478821,0.0,0.00024604658
0.963573,0.0,0.0
0.96026474,0.0,0.048324503
0.9835144,0.0,0.0
0.954839,0.0,0.00043211505
0.8757082,0.0,0.0029369046
0.8625878,0.0,0.0038874755
0.71508247,0.0,0.00028667014
0.8269479,0.0,0.0
0.9467055,0.0,0.0030734274
0.80816835,0.0,0.037345067
0.4707001,0.0,0.24874811
0.32851055,0.0,0.054051295
0.3506455,0.0,0.49541602
0.60623854,0.0,0.44194815
0.6686327,0.0,0.67682594
0.92201674,0.0,0.29370582
0.83866876,0.0,0.3305493
0.5989496,0.0,0.20807894
0.90811765,0.0,0.19443336
0.9312092,0.0,0.0028159996
0.8666016,0.0,0.00093748904
0.6288071,0.0,0.026542999
0.30362365,0.0,0.045824513
0.43731445,0.0,0.0
0.89819,0.0,0.00057926733
0.8488188,0.0,0.03185917
0.36979958,0.0,0.087962545
0.88454145,0.0,0.09249283
0.5865397,0.0,0.093207695
0.5190643,0.0,0.39937386
0.7229178,0.0,0.71846926
0.7145039,0.0,0.4712699
0.89228076,0.0,0.008066797
0.8021653,1.0,0.18246457
0.8837025,1.0,0.45299602
0.92242706,0.0,0.12153459
0.9773327,1.0,0.0029352803
0.7978544,1.0,0.40459818
0.86567026,1.0,0.0036100307
0.9331143,1.0,0.0
0.4705194,1.0,0.23751198
0.9203429,1.0,0.08185553
0.8149575,0.0,0.034005992
0.69681144,0.0,0.12511788
0.83425206,0.0,0.00033209403
0.92490643,0.0,0.0
0.77859694,0.0,0.20209883
0.7721481,0.0,0.005138807
0.5871015,0.0,0.0005737919
0.32390165,0.0,0.2818926
0.35638303,0.0,0.4483724
0.32758972,0.0,0.32642296
0.898558,0.0,0.0
0.9270867,0.0,0.00039785545
0.98113704,0.0,0.0
0.7050235,0.0,0.055868465
0.8587602,0.0,0.0069990507
0.9063729,0.0,0.026390696
0.70102197,0.0,0.3510509
0.5091733,0.0,0.3187348
0.79292715,0.0,0.5354202
0.52724993,0.0,0.23927757
0.5502923,0.0,0.64387864
0.93900526,0.0,0.43274754
0.82111245,0.0,0.11033195
0.96921265,0.0,0.0022073013
0.81838584,0.0,0.059961185
0.7132452,0.0,0.057477504
0.76990306,0.0,0.045422982
0.32019708,0.0,0.37960178
0.8515138,0.0,0.12580204
0.531738,0.0,0.33225197
0.57763815,0.0,0.1885741
0.9231666,1.0,0.031463563
0.52227634,1.0,0.2829164
0.7957799,1.0,0.045206092
0.80256194,1.0,0.09742516
0.78039867,0.0,0.53507656
0.23687421,0.0,0.79054976
0.6857241,1.0,0.53621656
0.6741025,0.0,0.5769941
0.836973,1.0,0.41492915
0.7863778,0.0,0.35478953
0.4445917,1.0,0.5392806
0.24610035,1.0,0.02806724
0.25495654,1.0,0.18485774
0.48630345,1.0,0.12021691
0.63217515,1.0,0.6007483
0.7609457,0.0,0.25255552
0.40947196,0.0,0.6831669
0.47693568,0.0,0.2450653
0.8933493,0.0,0.26623207
0.28186786,0.0,0.7120827
0.8974459,0.0,0.27099675
0.5261695,0.0,0.3264876
0.59307235,0.0,0.50854063
0.34013236,0.0,0.61455077
0.885609,0.0,0.08075112
0.90356606,0.0,0.3583396
0.8705418,0.0,0.76740235
0.62329906,0.0,0.8474193
0.9046071,0.0,0.27962527
0.79027116,0.0,0.62494564
0.7775597,0.0,0.34391913
0.26500487,0.0,0.50016844
0.27226448,0.0,0.023963679
0.42870483,0.0,0.5058957
0.6535651,0.0,0.5615435
0.7977998,0.0,0.06070927
0.7811999,0.0,0.08088979
0.9296283,0.0,0.12145888
0.65964276,0.0,0.2975694
0.84845436,0.0,0.06890408
0.6107586,0.0,0.5563005
0.8854213,0.0,0.35094222
0.9538165,0.0,0.026759382
0.69793284,0.0,0.06129027
0.82959044,0.0,0.11387397
0.96321905,0.0,0.02291604
0.62626714,0.0,0.03871401
0.8368107,0.0,0.36126056
0.8825574,0.0,0.26447558
0.8784134,0.0,0.22252683
0.41648138,0.0,0.620949
0.70972645,0.0,0.061222948
0.90656203,0.0,0.0035658083
0.9613687,0.0,0.051034037
0.47568706,0.0,0.020770025
0.9132272,0.0,0.012625357
0.64098567,0.0,0.0
0.52716684,0.0,0.2838465
0.6277547,0.0,0.46929774
0.86508536,0.0,0.14527507
0.81336105,0.0,0.0
0.8641603,0.0,0.0
0.9644573,0.0,0.0014662753
0.65309244,0.0,0.00090127334
0.95706713,0.0,0.004226005
0.8303685,1.0,0.007281101
0.9819239,0.0,0.0026956047
0.7452357,0.0,0.07385915
0.9832091,1.0,0.0
0.50947404,0.0,0.18857701
0.62594146,0.0,0.008556338
0.36048135,0.0,0.0
0.9360508,0.0,0.00061964773
0.9360265,1.0,0.008261468
0.80633044,1.0,0.01552549
0.6536516,0.0,0.00062638
0.59863555,1.0,0.35498592
0.5131938,0.0,0.29903552
0.49755022,0.0,0.059058122
0.8893767,0.0,0.0025037625
0.6630025,0.0,0.001064499
0.36103538,0.0,0.22765397
0.8419958,0.0,0.25067627
0.36606982,0.0,0.19821306
0.49328038,0.0,0.20201263
0.53049546,0.0,0.2351176
0.76550806,1.0,0.4883985
0.68560815,1.0,0.4751493
0.6449559,1.0,0.09298237
0.65311074,1.0,0.21363932
0.6174385,1.0,0.07095511
0.9197577,1.0,0.0
0.813161,1.0,0.0073621455
0.94405305,0.0,0.01353488
0.7747611,0.0,0.0060528703
0.9005325,0.0,0.0016194232
0.85203624,0.0,0.0
0.8605657,0.0,0.0
0.906075,0.0,0.008378005
0.8433747,0.0,0.00083925383
0.48962376,0.0,0.5242823
0.924488,0.0,0.28114066
0.83274215,0.0,0.7707261
0.32108176,0.0,0.6211284
0.68883693,0.0,0.093822554
0.80946493,0.0,0.29097182
0.82109046,0.0,0.10364899
0.9696311,0.0,0.0010204571
0.81386656,0.0,0.0752596
0.98709285,0.0,0.0
0.9567476,0.0,0.014171448
0.94870466,0.0,0.005615447
0.88118064,0.0,0.022408703
0.92577964,1.0,0.028149322
0.7200979,0.0,0.104588665
0.71645534,0.0,0.38191724
0.4346736,1.0,0.36448768
0.9600593,1.0,0.0018164624
0.87296146,0.0,0.16227998
0.5177742,0.0,0.29926196
0.47729704,0.0,0.5099384
0.9020212,0.0,0.0
0.93106335,0.0,0.07179372
0.92574126,0.0,0.005471935
0.6259306,0.0,0.1569075
0.92227614,0.0,0.0
0.65722233,0.0,0.06917197
0.88958985,0.0,0.06703763
0.5556801,0.0,0.33501688
0.81121635,0.0,0.5768114
0.7048842,0.0,0.2666337
0.9158459,0.0,0.12803169
0.97863686,0.0,0.13629696
0.81999516,0.0,0.20386517
0.9537331,0.0,0.00039878045
0.91349876,0.0,0.03297033
0.7435565,0.0,0.33491832
0.72675025,1.0,0.24519244
0.98560715,0.0,0.007356581
0.8803114,0.0,0.055330325
0.9034253,0.0,0.0
0.93420917,0.0,2.5197303e-05
0.7042703,0.0,0.27008814
0.95481247,0.0,0.01420624
0.87846386,0.0,0.20442966
0.70605516,0.0,0.40451714
0.6637436,0.0,0.9385453
0.44287318,1.0,0.84034467
0.5806223,0.0,0.5556134
0.47962248,1.0,0.54203427
0.80036014,0.0,0.53613484
0.6158622,0.0,0.6690655
0.6331359,1.0,0.6667337
0.85776234,1.0,0.79569906
0.75746036,0.0,0.29406205
0.85307324,0.0,0.6283288
0.6775196,1.0,0.4163894
0.60747874,0.0,0.97454953
0.79415995,0.0,0.7467324
0.7221407,0.0,0.45658776
0.87085986,0.0,0.06586456
0.77868307,0.0,0.053502243
0.6916522,0.0,0.68505234
0.55765283,0.0,0.6765375
0.3721139,0.0,0.20766547
0.51629275,0.0,0.3552806
0.6002076,0.0,0.41618198
0.71274513,0.0,0.14582628
0.546178,0.0,0.15284626
0.64137733,0.0,0.18578403
0.940745,0.0,0.0
0.5721465,0.0,0.0077437325
0.6316972,0.0,0.09475785
0.64984643,0.0,0.05728497
0.6368995,0.0,0.05142621
0.68416506,0.0,0.030904211
0.3514815,0.0,0.3342532
0.9520564,0.0,0.00024187162
0.45373476,0.0,0.009384689
0.7952027,0.0,0.006060282
0.15966962,0.0,0.23053432
0.97437185,0.0,0.0007856999
0.5680474,0.0,0.006781643
0.33295643,0.0,0.19877253
0.3114918,0.0,0.19155641
0.9200854,0.0,0.008131143
0.24146405,0.0,0.14844087
0.4499175,0.0,0.59778845
0.76496124,0.0,0.34830955
0.9544509,0.0,0.25432363
0.41984394,0.0,0.39577726
0.36738232,0.0,0.6712337
0.34251335,0.0,0.4599005
0.37085682,0.0,0.15319847
0.7552014,0.0,0.014736617
0.8047306,0.0,0.0
0.9825556,0.0,0.027486451
0.96506715,0.0,0.0075627347
0.7415145,0.0,0.044550106
0.7819281,0.0,0.021609152
0.9354663,0.0,0.028540641
0.73892516,0.0,0.016043833
0.7576983,0.0,0.0057914536
0.82159626,0.0,0.0014360351
0.5818289,0.0,0.04121502
0.96259606,0.0,0.009749459
0.9670313,0.0,0.0045875725
0.8607322,0.0,0.0
0.9771404,0.0,0.013553587
0.94538647,0.0,0.00047373382
0.8503109,0.0,0.019573571
0.8819663,0.0,0.14199774
0.8321802,0.0,0.0
0.90790397,0.0,0.03622705
0.26010424,0.0,0.4902441
0.2505004,0.0,0.47331485
0.5123791,0.0,0.46834597
0.648656,0.0,0.016903123
0.916411,0.0,0.07681033
0.3925749,0.0,0.26363328
0.63190776,0.0,0.14559726
0.9643948,0.0,0.0
0.8230535,0.0,0.01478267
0.400582,0.0,0.3207588
0.3546887,0.0,0.15643238
0.9518716,0.0,0.0
0.23280777,0.0,0.10312053
0.86760545,0.0,0.00021194106
0.21164265,0.0,0.35173488
0.44287103,0.0,0.2935205
0.6902743,0.0,0.0
0.6647589,0.0,0.2452616
0.31880385,0.0,0.6292652
0.7358459,0.0,0.39705262
0.43065482,0.0,0.11756678
0.8888345,0.0,0.79622096
0.63494587,0.0,0.5829986
0.49102342,0.0,0.057734918
0.74466544,0.0,0.42509153
0.39365467,0.0,0.41017115
0.27854145,0.0,0.3468237
0.5297266,0.0,0.08856874
0.6466368,0.0,0.00021752756
0.70584726,0.0,0.044601597
0.28781715,0.0,0.31840456
0.34516472,0.0,0.041794688
0.84516907,0.0,4.137861e-05
0.53153545,0.0,0.3516911
0.22195232,0.0,0.584193
0.8723053,0.0,0.013331486
0.5703557,0.0,0.06835794
0.6985223,0.0,0.44526783
0.4300105,0.0,0.16971473
0.904779,0.0,0.0036295194
0.9150341,0.0,0.18719472
0.8417344,0.0,0.34166664
0.6664349,0.0,0.81901246
0.6638403,0.0,0.1366638
0.73966247,0.0,0.68940747
0.5650475,0.0,0.28967318
0.50136954,0.0,0.06478369
0.23918177,0.0,0.18604775
0.94928914,0.0,0.042349562
0.5894493,0.0,0.31746763
0.82445693,0.0,0.21957994
0.8622504,0.0,0.012367414
0.8001591,0.0,0.053151026
0.35880277,0.0,0.084269956
0.93257165,0.0,0.0
0.24719669,0.0,0.008837644
0.54131424,0.0,0.0007133484
0.45745996,0.0,0.08415349
0.4172714,0.0,0.4707422
0.2371076,0.0,0.49194017
0.9689228,0.0,0.15792772
0.49730378,0.0,0.40849292
0.9109519,0.0,0.10557716
0.64466846,0.0,0.30344576
0.39718223,0.0,0.6079653
0.26443067,0.0,0.45028824
0.76674336,0.0,0.006834185
0.42592603,0.0,0.26732957
0.21621256,0.0,0.25436774
0.23287731,0.0,0.26783088
0.8896672,0.0,0.0
0.5276271,0.0,0.39545116
0.38347095,0.0,0.3738451
0.5886524,0.0,0.16273576
0.53205866,0.0,0.026162194
0.5526042,0.0,0.38601926
0.7774911,0.0,0.056137107
0.56669354,0.0,0.30895677
0.96708083,0.0,0.019758904
0.4268216,0.0,0.24275532
0.18924905,0.0,0.5757673
0.96699333,0.0,0.031772595
0.61932987,0.0,0.12148147
0.88619643,0.0,0.02264677
0.7884215,0.0,0.50292045
0.8528456,0.0,0.29115003
0.49630567,0.0,0.6416562
0.2136615,0.0,0.4809416
0.6136335,0.0,0.10212332
0.27450505,0.0,0.13513337
0.23489432,0.0,0.36122462
0.23285963,0.0,0.62134725
0.3142568,0.0,0.038219046
0.5985955,0.0,0.064595245
0.42139655,0.0,0.39523974
0.2602912,0.0,0.40876737
0.665653,0.0,0.00398887
0.38577196,0.0,0.2835883
0.47636893,0.0,0.7086462
0.61365056,0.0,0.18181224
0.56715363,0.0,0.0023758237
0.73598224,0.0,0.43841746
0.325008,0.0,0.2441262
0.91246915,0.0,0.23778579
0.78680855,0.0,0.031534858
0.25826114,0.0,0.5542138
0.2228452,0.0,0.34397
0.9216689,0.0,0.006762
0.8940654,0.0,0.006804771
0.79931694,0.0,0.34951255
0.66934586,0.0,0.828771
0.64472365,0.0,0.109025694
0.5343233,0.0,0.46586514
0.8514399,0.0,0.49727282
0.78274834,0.0,0.5690876
0.6357816,0.0,0.03723856
0.8668401,0.0,0.19897701
0.96868885,0.0,0.0
0.95391834,0.0,0.0
0.94266194,0.0,0.019515622
0.9533909,0.0,0.008384438
0.7090344,0.0,0.001002843
0.5636545,0.0,0.017254818
0.9020314,0.0,0.043420576
0.67250603,0.0,0.02615199
0.9341688,0.0,0.016063105
0.5367252,0.0,0.21185999
0.8395458,0.0,0.046977043
0.6291591,0.0,0.17079818
0.9634259,0.0,0.010959064
0.8183675,0.0,0.51698923
0.5564931,0.0,0.16070594
0.17468436,0.0,0.16162808
0.9628549,0.0,0.015022436
0.63603866,0.0,0.08415245
0.4334913,1.0,0.38057816
0.59039485,1.0,0.5932993
0.9276352,1.0,0.19363227
0.5464785,1.0,0.19178161
0.46293193,1.0,0.2890354
0.4598976,1.0,0.538379
0.5744186,0.0,0.10810291
0.13486566,0.0,0.37217602
0.8358222,0.0,0.0
0.20461795,1.0,0.3291862
0.88490784,0.0,0.18286936
0.536334,0.0,0.30417845
0.7108691,0.0,0.5656447
0.27503973,0.0,0.69737345
0.8096529,0.0,0.4039452
0.2973299,0.0,0.38331336
0.6905759,0.0,0.27702278
0.2533739,0.0,0.45686495
0.8412645,0.0,0.054376163
0.28739932,0.0,0.31122103
0.7383668,0.0,0.0
0.92953676,0.0,0.0
0.32977286,1.0,0.16479233
0.10959942,0.0,0.0
0.17166063,0.0,0.22077231
0.62350756,0.0,0.05314042
0.33398017,0.0,0.49190015
0.69778395,0.0,0.03390632
0.37529692,0.0,0.29227456
0.45791608,0.0,0.12760504
0.79102707,0.0,0.0917107
0.35644883,0.0,0.5460018
0.95069116,0.0,0.044793002
0.18160158,0.0,0.68468064
0.4875345,0.0,0.55221695
0.90246254,0.0,0.03377689
0.36938402,0.0,0.33731776
0.51158655,0.0,0.023822142
0.47160077,1.0,0.25528196
0.77179563,0.0,0.005577006
0.89574593,0.0,0.016132774
0.75386584,0.0,0.03494439
0.9389545,0.0,0.015781878
0.50640583,0.0,0.2384697
0.89824975,0.0,0.0120405005
0.8063057,0.0,0.3075271
0.85939,0.0,0.18159576
0.81021607,0.0,0.1983746
0.90593654,0.0,5.2772924e-05
0.7580866,0.0,0.0061656334
0.9651267,0.0,0.0
0.8775086,0.0,0.007640665
0.74761355,0.0,0.0014279825
0.9128724,0.0,0.0059769736
0.7364646,0.0,0.021634672
0.7509611,0.0,0.015968693
0.8487174,1.0,0.4350194
0.41255286,1.0,0.5361511
0.45906225,0.0,0.25603005
0.28310096,0.0,0.54210556
0.12566239,0.0,0.105803505
0.48327956,0.0,0.09185832
0.38829246,0.0,0.6558835
0.19870025,0.0,0.31990603
0.90593076,0.0,0.0013372479
0.55131865,0.0,0.017828815
0.35105705,0.0,0.44944653
0.397806,0.0,0.36657894
0.9481253,0.0,0.009582471
0.47327626,0.0,0.266794
0.7507097,0.0,0.09134451
0.19071743,0.0,0.50149953
0.6049524,0.0,0.08342486
0.9393511,0.0,0.060555883
0.487504,0.0,0.14908572
0.4159753,0.0,0.34364152
0.3696287,0.0,0.011252669
0.15439907,0.0,0.3307698
0.32765758,0.0,0.63224614
0.47448573,0.0,0.39416215
0.813928,0.0,0.11197474
0.31160712,1.0,0.3802868
0.23014216,0.0,0.46147838
0.3665355,1.0,0.36944357
0.1790026,0.0,0.22461802
0.36969545,0.0,0.082951985
0.70673114,1.0,0.17937414
0.8054083,0.0,0.00045902995
0.15845014,0.0,0.053181387
0.94381213,0.0,0.0011303534
0.74089456,0.0,0.0
0.27802235,0.0,0.27292794
0.8872785,0.0,0.0340093
0.2644829,0.0,0.4184644
0.86818296,0.0,0.0
0.38718653,0.0,0.4362299
0.38537765,0.0,0.15248041
0.4279806,0.0,0.41663963
0.22068632,0.0,0.12416675
0.67759275,0.0,0.29275447
0.87745035,0.0,0.0
0.39398193,0.0,0.030219277
0.42113084,0.0,0.34536347
0.5169126,0.0,0.0
0.96584886,0.0,0.0
0.31175694,0.0,0.23219523
0.18831696,0.0,0.5918189
0.9636841,0.0,0.16271546
0.30128658,0.0,0.25866243
0.8809408,0.0,0.00057158316
0.62915254,0.0,0.5102262
0.3078988,0.0,0.29996222
0.95483595,0.0,0.010876201
0.87914443,0.0,0.103321254
0.20564055,0.0,0.3275711
0.38493577,0.0,0.35694122
0.49236035,0.0,0.61138266
0.8101817,0.0,0.1530204
0.64061064,0.0,0.31003946
0.97258353,0.0,0.04714718
0.33459413,0.0,0.45104715
0.5675395,0.0,0.19535956
0.8889049,0.0,0.0
0.72958326,0.0,0.020452278
0.19233727,0.0,0.5609635
0.48231414,0.0,0.30418345
0.5712852,0.0,0.5067468
0.68455285,0.0,0.007272279
0.5083472,0.0,0.044929236
0.7968192,0.0,0.027795536
0.13423923,0.0,0.34124604
0.24525839,0.0,0.14389405
0.8472662,0.0,0.004920061
0.2841731,0.0,0.05882007
0.59633183,0.0,0.022291416
0.5411524,0.0,0.0974301
0.66056263,0.0,0.10103301
0.7037133,0.0,0.08523402
0.9291982,0.0,0.0123675205
0.13231152,0.0,0.20018129
0.9199789,0.0,0.006748253
0.61094975,0.0,0.18097857
0.66206914,0.0,0.08423059
0.7124094,0.0,0.07328314
0.6329997,0.0,0.0
0.8544057,0.0,0.0017625793
0.2640528,0.0,0.087138265
0.9041058,0.0,0.18202506
0.15005116,0.0,0.6315251
0.50566643,0.0,0.50588524
0.79108083,0.0,0.6624487
0.8269922,0.0,0.1903916
0.53187317,1.0,0.669716
0.9477168,1.0,0.6637891
0.7451766,1.0,0.6567706
0.885453,1.0,0.33867785
0.891421,1.0,0.24393666
0.69740504,1.0,0.3221661
0.74862725,1.0,0.8598034
0.5323999,1.0,0.57045776
0.66402084,1.0,0.20548277
0.8348712,1.0,0.62294567
0.7850218,1.0,0.3328796
0.43604252,1.0,0.50700194
0.9521116,0.0,0.20846933
0.089744605,0.0,0.10612309
0.936971,0.0,0.0
0.26565856,0.0,0.1760939
0.26949534,1.0,0.20401482
0.68937755,0.0,0.0977684
0.9652255,0.0,0.0
0.93246925,0.0,0.0015013532
0.8896905,0.0,0.0
0.90679497,0.0,0.0006058722
0.9057399,0.0,0.0
0.8606704,0.0,0.090321824
0.8317256,0.0,0.00044453036
0.45057288,0.0,0.31679773
0.5510222,0.0,0.53797174
0.7953876,0.0,0.040865485
0.42970613,0.0,0.23198865
0.6287609,0.0,0.010530187
0.7743621,0.0,0.029665591
0.8871791,0.0,0.0010510918
0.9707355,0.0,0.018056333
0.95773745,0.0,0.0012095452
0.62430745,0.0,0.0
0.71872467,0.0,0.034519333
0.85730714,0.0,0.0
0.4202747,0.0,0.07934428
0.7187123,0.0,0.08840895
0.89981115,0.0,0.071407326
0.31021762,0.0,0.52404314
0.71963507,0.0,0.36712268
0.5749471,0.0,0.37741596
0.582684,0.0,1.0
0.8144053,0.0,0.5353275
0.91976243,0.0,0.38324952
0.7741141,0.0,0.44901684
0.9039052,0.0,0.10551902
0.38509297,0.0,0.6452038
0.87939227,0.0,0.054535266
0.3596905,0.0,0.33768982
0.564348,0.0,0.48117802
0.60655236,0.0,0.68261296
0.2737604,0.0,0.10435704
0.35789883,0.0,0.50092673
0.974127,0.0,0.08586629
0.40897432,0.0,0.21716584
0.86494654,0.0,0.0
0.3558521,0.0,0.49438912
0.8886257,0.0,0.06222903
0.36713576,0.0,0.6576885
0.6099998,0.0,0.13248798
0.12908322,0.0,0.80548954
0.71427274,0.0,0.3786326
0.34383422,0.0,0.41795695
0.7506148,0.0,0.01690362
0.2533329,0.0,0.5994762
0.8281241,1.0,0.39593157
0.9612843,0.0,0.007913774
0.83062696,1.0,0.17136566
0.9643435,0.0,0.0
0.3063576,1.0,0.16650604
0.65252215,0.0,0.12192892
0.65923744,0.0,0.42825627
0.36665976,1.0,0.8978357
0.575305,1.0,0.454001
0.4425671,1.0,0.29796952
0.92306197,0.0,0.0010141023
0.98007375,0.0,0.0
0.9154498,1.0,0.23533353
0.9723927,0.0,0.03346708
0.9046788,1.0,0.3570579
0.87721425,0.0,0.685494
0.5711653,0.0,0.73232806
0.7138267,1.0,0.41766113
0.77166784,0.0,0.26294753
0.47237504,1.0,0.57511264
0.7312693,0.0,0.07650758
0.71173894,1.0,0.27255532
0.31294993,1.0,0.66504216
0.26567575,0.0,0.45981467
0.96476835,0.0,0.13603827
0.29124916,0.0,0.41062877
0.40684897,0.0,0.57411647
0.7901622,0.0,0.42220953
0.98375124,0.0,0.058965124
0.34910274,0.0,0.5837476
0.97615266,0.0,0.060596604
0.8662457,0.0,0.27484265
0.39080736,0.0,0.5375962
0.2705103,0.0,0.5497188
0.7252854,0.0,0.252522
0.97036684,0.0,0.0
0.88834304,0.0,0.07523088
0.98579234,0.0,0.0
0.18612827,0.0,0.15123133
0.9627916,0.0,0.00064135937
0.24963851,0.0,0.34672672
0.13354756,0.0,0.30397362
0.85230404,0.0,0.019728312
0.09569142,0.0,0.31837684
0.6930027,0.0,0.5885045
0.27759072,0.0,0.49137974
0.7793059,0.0,0.051772203
0.7696439,0.0,0.34960687
0.75556016,0.0,0.15333788
0.6978437,0.0,0.25880858
0.9118599,0.0,0.0
0.5511353,0.0,0.16089194
0.8337776,0.0,0.0
0.86206365,1.0,0.3069134
0.9174996,0.0,0.067330085
0.8865079,1.0,0.6109186
0.39664355,0.0,0.37437087
0.7804528,1.0,0.11538508
0.28870624,0.0,0.80395746
0.521818,1.0,0.6088014
0.54915416,1.0,0.26068473
0.92194873,0.0,0.09736703
0.43354413,0.0,0.3504192
0.8828627,0.0,0.032894693
0.26423427,0.0,0.3062043
0.9398088,0.0,0.0
0.1890982,0.0,0.36771226
0.92861724,0.0,0.20619415
0.29739523,0.0,0.29191816
0.5858895,0.0,0.7612267
0.56414384,0.0,0.98852354
0.36724064,0.0,0.4600668
0.43961194,0.0,0.3133389
0.67836374,0.0,0.417662
0.63594157,0.0,0.024883138
0.24243326,0.0,0.3331595
0.47656393,0.0,0.35458463
0.25435364,0.0,0.09663953
0.95011055,0.0,0.0
0.5881452,0.0,0.3439729
0.401638,0.0,0.40394467
0.762285,0.0,0.0
0.7822207,0.0,0.12360801
0.34254032,0.0,0.5509112
0.78376466,0.0,0.5558273
0.96887666,0.0,0.029784348
0.34225208,0.0,0.5863978
0.8622184,0.0,0.08677908
0.9501873,0.0,0.4167594
0.97742134,0.0,0.0009433978
0.9350783,0.0,0.0
0.98056203,0.0,0.0
0.9240373,0.0,0.018812349
0.9787603,0.0,0.0
0.5544252,0.0,0.06649278
0.78915995,0.0,0.16322103
0.773202,0.0,0.11700425
0.6029591,0.0,0.62633973
0.8898876,0.0,0.4691279
0.7213064,0.0,0.19748224
0.84440196,0.0,0.46150708
0.3961254,0.0,0.40803525
0.8936907,0.0,0.16484639
0.65867895,0.0,0.07408277
0.45649636,0.0,0.40036118
0.84366184,0.0,0.18844841
0.72697854,0.0,0.26334232
0.8354911,0.0,0.13291377
0.46569052,0.0,0.6378437
0.7543187,0.0,0.24721283
0.7345899,0.0,0.4623618
0.97551775,0.0,0.0014202622
0.8616559,0.0,0.02743532
0.9839829,0.0,0.009987754
0.95286465,0.0,0.0009966722
0.89988583,1.0,0.07745558
0.8014415,0.0,0.00011384324
0.90461373,0.0,0.0005915062
0.8415373,0.0,0.0
0.95842695,0.0,0.0
0.9757078,0.0,0.0060458523
0.9424626,0.0,0.0
0.95368886,0.0,0.0
0.95216686,0.0,0.0
0.9468108,0.0,0.027199943
0.9431726,0.0,0.00017367833
0.96094173,0.0,0.0053764093
0.8677577,0.0,0.21670564
0.666631,0.0,0.24883121
0.8928346,0.0,0.24129036
0.6385767,0.0,0.31530026
0.71758765,0.0,0.57325345
0.68334436,0.0,0.6270637
0.4235052,0.0,0.502269
0.7578592,0.0,0.038374342
0.72456867,0.0,0.4567881
0.8784797,0.0,0.162226
0.71473706,0.0,0.59056383
0.6295749,0.0,0.34538817
0.7023802,0.0,0.41042683
0.75940657,0.0,0.112718835
0.48814034,0.0,0.55339533
0.81122833,0.0,0.043534286
0.4947021,1.0,0.55243987
0.5780255,1.0,0.53491277
0.19435407,1.0,0.6549659
0.6931159,1.0,0.36112392
0.8932965,1.0,0.20577131
0.95544386,1.0,0.30615684
0.5703609,1.0,0.56464106
0.77326787,1.0,0.47823873
0.9198036,1.0,0.0459825
0.9323796,1.0,0.24910313
0.9759294,1.0,0.21523117
0.9055911,0.0,0.0
0.5382547,1.0,0.43328488
0.27378324,1.0,0.6557332
0.73679173,1.0,0.22789411
0.82081413,0.0,0.2856792
0.62813044,1.0,0.7875656
0.43145242,0.0,0.39921388
0.73666155,0.0,0.013433883
0.9660935,0.0,0.010172701
0.42592496,0.0,0.18891257
0.80073714,0.0,0.0
0.2126168,0.0,0.10827307
0.7938859,0.0,0.3795607
0.71062815,0.0,0.0
0.72902805,0.0,0.0
0.79551077,0.0,0.24980405
0.84801686,0.0,0.0279737
0.7156207,0.0,0.0
0.8688979,0.0,0.0
0.7678128,0.0,0.07697757
0.9474257,1.0,0.321015
0.9398617,1.0,0.106017984
0.9658355,0.0,0.0
0.801048,1.0,0.07472225
0.79806095,0.0,0.012730518
0.9647065,0.0,0.0
0.80983055,0.0,0.0
0.7110549,0.0,0.10096266
0.65597165,0.0,0.15398085
0.91906583,0.0,0.0
0.83359003,0.0,0.0
0.33134606,0.0,0.47288728
0.46360683,0.0,0.18911964
0.8858929,0.0,0.12175759
0.5914847,0.0,0.48862684
0.5171054,0.0,0.06288131
0.79951507,0.0,0.07603056
0.30824932,0.0,0.6163971
0.39244318,0.0,0.18588135
0.9179013,0.0,0.0065038134
0.2225516,0.0,0.14377326
0.2647082,0.0,0.3968081
0.67743856,0.0,0.09762643
0.9123747,0.0,0.005803513
0.6227081,0.0,0.32766765
0.43585554,0.0,0.6669681
0.8266613,0.0,0.046732545
0.6110766,0.0,0.41955024
0.8820402,0.0,0.035651688
0.27775654,0.0,0.5736476
0.8886576,0.0,0.44142023
0.82117003,0.0,0.004225565
0.80086106,0.0,0.28127638
0.93004274,0.0,0.02202405
0.82590157,0.0,0.2726607
0.91608465,0.0,0.12649538
0.84710926,0.0,0.34586242
0.9537369,0.0,0.012565928
0.48868212,1.0,0.24812394
0.95374894,1.0,0.4560473
0.96924645,0.0,0.008477724
0.75283116,1.0,0.11337082
0.67063946,1.0,0.27972445
0.9657923,0.0,0.07372068
0.39659783,0.0,0.30301684
0.8756695,0.0,0.5685911
0.4940924,0.0,0.75132704
0.7754284,0.0,0.1546574
0.39124176,0.0,0.16692267
0.56680757,0.0,0.33317667
0.91495574,0.0,0.0030808502
0.8121012,0.0,0.0047957227
0.72958803,0.0,0.0026793755
0.25407785,0.0,0.03564905
0.8942894,0.0,0.0
0.30026332,0.0,0.24144398
0.67320377,0.0,0.105200805
0.75627553,0.0,0.0013597116
0.8911751,0.0,0.0
0.26599547,0.0,0.2769362
0.3998024,0.0,0.0044722143
0.74734503,0.0,0.011298133
0.47753036,0.0,0.23992863
0.41377187,0.0,0.18574412
0.9077366,0.0,0.0022779151
0.63970417,0.0,0.07579632
0.35581484,0.0,0.28019786
0.25084147,0.0,0.30087304
0.22015883,0.0,0.6944005
0.7270681,0.0,0.44056848
0.89205664,0.0,0.02335012
0.37061346,0.0,0.31579763
0.46460938,0.0,0.42244655
0.12952101,0.0,0.7162987
0.86653805,0.0,0.041410092
0.51385015,0.0,0.11797847
0.35693783,0.0,0.6126012
0.3518178,0.0,0.23423555
0.93838227,0.0,3.7932765e-05
0.7358372,0.0,0.30507034
0.37104324,0.0,0.3756085
0.5048686,0.0,0.04899806
0.8656638,0.0,0.0027182852
0.7499766,0.0,0.2565204
0.26776314,0.0,0.23909566
0.58200216,0.0,0.0049371757
0.3636089,1.0,0.48875406
0.8814661,1.0,0.4551816
0.685381,0.0,0.07614828
0.41266638,0.0,0.0010927214
0.33005312,1.0,0.42576522
0.7426779,0.0,0.55627763
0.97979224,0.0,0.16761322
0.8472686,0.0,0.3725219
0.6598497,0.0,0.5521467
0.7640327,0.0,0.65850097
0.8803997,0.0,0.14564146
0.51139885,0.0,0.4230146
0.23752528,0.0,0.8356506
0.13864554,0.0,0.28152493
0.9488343,0.0,0.12875868
0.6295425,0.0,0.18297601
0.95544803,0.0,0.06061959
0.95410365,0.0,0.0
0.93427783,0.0,0.0015454063
0.9277588,0.0,0.0019277731
0.83406776,1.0,0.056466695
0.962204,1.0,0.036599763
0.97743773,1.0,0.37569487
0.9102347,1.0,0.18873289
0.79727113,1.0,0.43608856
0.8466483,0.0,0.3676562
0.60031337,0.0,0.08550111
0.90581197,0.0,0.002458711
0.62658197,1.0,0.12448542
0.95764816,0.0,0.008731655
0.75166667,0.0,0.088169105
0.97951114,0.0,0.0
0.9548522,0.0,0.044877704
0.7229637,0.0,0.007790899
0.9855047,0.0,0.060353253
0.5164211,0.0,0.0
0.75436026,0.0,0.18162753
0.39399907,0.0,0.6914421
0.38426954,0.0,0.56147
0.67237616,0.0,0.5271449
0.59460443,0.0,0.12688673
0.65659225,0.0,0.19736464
0.80576414,0.0,0.030462608
0.92708343,0.0,0.00076989376
0.932256,0.0,0.04976491
0.94848037,0.0,0.0
0.9529832,0.0,0.018741315
0.8806589,0.0,0.0011533113
0.94058245,0.0,0.0039549
0.42432988,0.0,0.06521563
0.32372084,0.0,0.29349738
0.3428166,0.0,0.024954563
0.7334951,0.0,0.78435427
0.86008465,0.0,0.1697914
0.54693687,0.0,0.34255597
0.69367355,1.0,0.4879494
0.3171246,0.0,0.40752885
0.6364838,0.0,0.41065666
0.85923797,0.0,0.071536265
0.5415372,1.0,0.28710654
0.2691413,0.0,0.506288
0.9017816,0.0,0.090103194
0.9245382,0.0,0.11755169
0.7120067,0.0,0.43304324
0.07546848,0.0,0.20659429
0.8505064,0.0,0.0
0.8553614,0.0,0.16145703
0.1930372,0.0,0.28309268
0.31327248,0.0,0.0
0.9257776,0.0,0.004877698
0.36045513,0.0,0.19073322
0.26909578,0.0,0.4559768
0.45321915,0.0,0.22049896
0.44575492,0.0,0.055142798
0.6294837,0.0,0.70282143
0.7866747,0.0,0.34618214
0.5628753,0.0,1.0
0.6168029,0.0,0.76299274
0.76047397,0.0,0.49159017
0.68138653,0.0,0.59511065
0.65550387,0.0,0.6756217
0.818836,0.0,0.7152031
0.80066925,0.0,0.56849104
0.747754,1.0,0.58944017
0.8995274,1.0,0.26335615
0.92313623,0.0,0.26211172
0.9705621,1.0,0.3729111
0.83937573,0.0,0.41476968
0.9307114,1.0,0.6783576
0.95928514,0.0,0.113230586
0.6033329,1.0,0.6114179
0.8916167,0.0,0.35032958
0.95692134,0.0,0.0032129597
0.6836444,0.0,0.15599445
0.9506071,1.0,0.017768828
0.5891497,1.0,0.35350165
0.69986796,1.0,0.29184225
0.96891856,0.0,0.015616362
0.48938975,0.0,0.14679298
0.39355904,0.0,0.10488795
0.7620821,0.0,0.0
0.5060468,0.0,0.19308197
0.9700009,0.0,0.040313642
0.947667,0.0,0.064592466
0.53475714,0.0,0.63847613
0.8543465,0.0,0.39670753
0.83744025,0.0,0.3801352
0.79430044,0.0,0.7950873
0.8591861,0.0,0.60772866
0.7606828,0.0,0.25404912
0.894522,0.0,0.2208333
0.72954965,0.0,0.36594212
0.9451137,0.0,0.48563895
0.9071819,0.0,0.0888674
0.86470205,0.0,0.06424854
0.732752,0.0,0.15096489
0.9258009,0.0,0.047562256
0.94217026,0.0,0.028762186
0.85441786,0.0,0.051072706
0.92704237,0.0,0.1677897
0.8202182,0.0,2.324152e-06
0.8266607,0.0,0.13287513
0.52660674,0.0,0.2737986
0.8664553,0.0,0.1135182
0.7745959,0.0,0.06932738
0.8162064,0.0,0.13878837
0.9762937,0.0,0.0
0.8638385,0.0,0.0
0.9491382,0.0,0.0
0.8937459,0.0,0.009915744
0.9272262,0.0,0.15650803
0.53695506,0.0,0.8571572
0.4950127,0.0,0.37160158
0.3175955,0.0,0.040819757
0.9029338,0.0,0.0
0.4560185,0.0,0.012678459
0.7954363,0.0,0.038700394
0.828463,0.0,0.001567334
0.72931767,0.0,0.2968377
0.68743664,0.0,0.004772762
0.39286286,0.0,0.6586352
0.35355633,0.0,0.32185712
0.9468611,0.0,0.0
0.7922391,0.0,0.12660569
0.4185224,0.0,0.2848178
0.70867985,0.0,0.19998571
0.40170276,0.0,0.13995144
0.45596755,0.0,0.6265007
0.7057342,0.0,0.54488665
0.19841348,0.0,0.78126603
0.23933403,0.0,0.26722494
0.42619973,1.0,0.3293375
0.7736805,1.0,0.47513005
0.4527018,1.0,0.59388375
0.56589544,1.0,0.502581
0.5652445,0.0,0.37231416
0.6330757,0.0,0.28657427
0.6943,0.0,0.603294
0.6044407,0.0,0.33904052
0.89396393,0.0,0.22925647
0.8235909,0.0,0.699708
0.8142488,0.0,0.26020566
0.924458,0.0,0.26941496
0.76317227,0.0,0.37154093
0.9674944,0.0,0.02228792
0.66962224,0.0,0.6002567
0.9231112,0.0,0.12961918
0.6586229,0.0,0.48773965
0.88833594,0.0,0.17580807
0.623438,0.0,0.60563964
0.8969635,0.0,0.06987617
0.57202435,0.0,0.08138792
0.4704377,0.0,0.05674076
0.93457806,0.0,0.017311228
0.84547657,0.0,0.10042676
0.9528834,0.0,0.13506609
0.87392074,0.0,0.0072176047
0.8936184,0.0,0.24925636
0.873804,0.0,0.19914341
0.73665285,0.0,0.069977045
0.56475824,0.0,0.16939536
0.5172742,0.0,0.021785302
0.944059,0.0,0.0
0.9499633,0.0,0.0006657614
0.94690853,0.0,0.0
0.798896,0.0,0.00068864075
0.92234665,0.0,0.0
0.4338352,0.0,0.19058834
0.77358633,0.0,0.0057235123
0.43298617,0.0,0.70120335
0.72505355,0.0,0.635219
0.6588069,0.0,0.49806944
0.44808844,0.0,0.053298447
0.26414317,0.0,0.0
0.64308935,0.0,0.07126066
0.9632687,0.0,0.0
0.89202905,0.0,0.0
0.9596847,0.0,0.0
0.6994863,0.0,0.0002537965
0.60880446,0.0,0.0045075943
0.93314874,0.0,0.0
0.31461263,0.0,0.08874305
0.6633699,0.0,0.028929112
0.9359239,0.0,0.07558357
0.34235984,0.0,0.32247314
0.75302994,0.0,0.112319075
0.8814927,0.0,0.7600538
0.9005088,0.0,0.7286447
0.6873971,0.0,0.23353876
0.7666555,0.0,0.8192506
0.83815885,0.0,0.49820852
0.748084,0.0,0.08712762
0.80005515,0.0,0.52435696
0.86963654,0.0,0.053252406
0.82407606,0.0,0.024348559
0.7514177,0.0,0.118131526
0.7857809,0.0,0.4053772
0.8683776,0.0,0.14359908
0.7634216,0.0,0.476877
0.94173753,0.0,0.07122047
0.31342372,0.0,0.6650303
0.79699314,0.0,0.32343686
0.48167637,0.0,0.46134326
0.77502936,0.0,0.62073296
0.62062883,0.0,0.23114708
0.6381896,0.0,0.0
0.7438668,0.0,0.088220246
0.8561964,0.0,0.015531555
0.46532038,0.0,0.16393712
0.80977637,0.0,0.036182314
0.97479,0.0,0.018198667
0.4905868,0.0,0.26464197
0.84035647,0.0,0.07018574
0.8077751,0.0,0.0011723507
0.7981849,0.0,0.36417422
0.9306286,0.0,0.41075364
0.887363,0.0,0.31808668
0.6055221,0.0,0.38046062
0.23717573,0.0,0.15382923
0.4702955,0.0,0.15218236
0.9419831,0.0,0.0
0.9312764,0.0,0.0
0.9620951,0.0,0.0073731234
0.9425536,0.0,0.0
0.94556475,0.0,0.043643147
0.6719567,0.0,0.39643344
0.6144177,0.0,0.25398242
0.77264684,0.0,0.055867292
0.78447753,0.0,0.06702766
0.93256825,0.0,0.012297341
0.64559966,0.0,0.12470758
0.8232752,0.0,0.0015615107
0.7971749,0.0,0.0012023227
0.79843074,0.0,0.28211135
0.9788705,0.0,0.022615468
0.46473727,0.0,0.28553146
0.82080424,0.0,0.50085294
0.36904213,0.0,0.3696
0.75195384,0.0,0.2212052
0.3566855,0.0,0.5376116
0.65938365,0.0,0.42997342
0.59660757,0.0,0.37088546
0.5386354,0.0,0.12338421
0.3932931,0.0,0.4511081
0.85496205,0.0,0.1325768
0.5438067,0.0,0.52404684
0.7881002,0.0,0.31202862
0.3739095,0.0,0.70110744
0.74448264,0.0,0.1753733
0.5500516,0.0,0.24161854
0.9388651,0.0,0.016099654
0.28692782,0.0,0.068080254
0.60809577,0.0,0.0
0.9473727,0.0,0.0
0.7709122,0.0,0.060455814
0.7475715,0.0,0.040289443
0.81847,0.0,0.06782925
0.86006,0.0,0.3164247
0.48908478,0.0,0.5593586
0.76036376,0.0,0.042593338
0.21673973,0.0,0.6456032
0.6106176,0.0,0.18998525
0.89997256,0.0,0.0
0.94149315,0.0,0.0
0.9620589,0.0,0.0
0.91180867,0.0,0.0
0.4895565,0.0,0.1216517
0.6661687,0.0,0.29256052
0.5903821,0.0,0.46259972
0.9071283,0.0,0.002157384
0.40583217,0.0,0.15058184
0.902382,0.0,0.0038435445
0.5899766,0.0,0.035238776
0.69484943,0.0,0.039086007
0.5167522,0.0,0.0555431
0.2729386,0.0,0.24772868
0.5810893,0.0,0.20240124
0.5117819,0.0,0.56815714
0.7727001,0.0,0.08555294
0.5403664,0.0,0.4748786
0.7809947,0.0,0.44953546
0.7541664,0.0,0.4611429
0.35852313,0.0,0.3175399
0.5079943,0.0,0.4418453
0.7614455,0.0,0.0070614917
0.5603365,0.0,0.32090035
0.7884306,0.0,0.21738462
0.7181371,0.0,0.006677614
0.49805412,0.0,0.7231851
0.7809741,0.0,0.38656864
0.6982504,0.0,0.14534163
0.8243795,0.0,0.46378118
0.77572346,0.0,0.7553244
0.4926241,0.0,0.5948719
0.8807241,0.0,0.56942266
0.7210476,0.0,0.5008344
0.6981887,0.0,0.11151359
0.5992469,0.0,0.15385173
0.86025906,0.0,0.0
0.72973293,0.0,0.0039255195
0.52096057,0.0,0.024959061
0.922019,0.0,0.014213197
0.7602469,0.0,0.11147921
0.7955627,0.0,0.05107238
0.95320845,0.0,0.045429446
0.39165482,0.0,0.18411362
0.24984652,0.0,0.5050432
0.55134135,0.0,0.24011755
0.6225271,0.0,0.098622516
0.8548368,0.0,0.0
0.83046,0.0,0.001479376
0.911817,0.0,0.0
0.8874639,0.0,0.0
0.8035535,0.0,0.011016261
0.83648884,0.0,0.04182663
0.565555,0.0,0.12297561
0.41221216,0.0,0.14521834
0.3855265,0.0,0.5928868
0.5441681,0.0,0.35499656
0.6740055,0.0,0.24827671
0.70339143,0.0,0.14680086
0.6152339,0.0,0.5884767
0.48587215,0.0,0.4203865
0.45917222,0.0,0.29762778
0.8815132,0.0,0.045537397
0.8440101,0.0,0.10921623
0.97331685,0.0,0.0027846426
0.98524034,0.0,0.0
0.93900764,0.0,0.025896482
0.9472538,0.0,0.009368441
0.88222045,0.0,0.24026777
0.94551927,0.0,0.028825859
0.77004707,0.0,0.24137768
0.9308688,0.0,0.39225546
0.69261485,0.0,0.8814403
0.7630976,0.0,0.54334253
0.88986546,0.0,0.3149993
0.8301893,0.0,0.85501933
0.9260299,0.0,0.46478748
0.8409567,0.0,0.6602945
0.9172423,0.0,0.2928067
0.59864503,0.0,0.39848998
0.86665523,0.0,0.11630898
0.69126946,0.0,0.25658843
0.85592073,0.0,0.17678323
0.9550003,0.0,0.01739969
0.91104776,1.0,0.2800591
0.88054085,1.0,0.24288605
0.68609077,1.0,0.1400952
0.9651294,0.0,0.009400337
0.8690033,1.0,0.5507916
0.9667163,0.0,0.22439891
0.8614811,1.0,0.38473254
0.82139385,0.0,0.111428164
0.7881697,0.0,0.43413925
0.868959,0.0,0.4152821
0.899998,0.0,0.008084778
0.8465752,0.0,0.34775212
0.78380865,0.0,0.04912919
0.83471835,0.0,0.06177724
0.7310313,0.0,0.022809476
0.896909,0.0,0.066326715
0.9635827,0.0,0.14960419
0.8813935,0.0,0.20669822
0.7565405,0.0,0.2171634
0.9180355,0.0,0.010920398
0.7906401,0.0,0.52634954
0.5228409,0.0,0.4746453
0.7090117,0.0,0.08134235
0.27180073,0.0,0.20272598
0.5840573,0.0,0.0
0.9693731,0.0,0.0031188536
0.9051042,0.0,0.0218725
0.9408162,0.0,0.0061804256
0.8955125,0.0,0.012419286
0.779585,0.0,0.01624212
0.8565226,0.0,0.01722265
0.679373,0.0,0.012681361
0.74881077,0.0,0.006893793
0.2268711,1.0,0.14974773
0.7372423,1.0,0.20242615
0.8657276,0.0,0.07546432
0.5004201,0.0,0.077451535
0.8058257,0.0,0.0049162824
0.919807,0.0,0.004864892
0.63549936,0.0,0.017043404
0.61762106,0.0,0.19661374
0.61443913,0.0,0.16456203
0.62916774,0.0,0.7617314
0.29199415,0.0,0.36862344
0.65843767,0.0,0.63277406
0.42790243,0.0,0.45980465
0.6293815,0.0,0.3326597
0.91465545,0.0,0.04003354
0.6688387,0.0,0.0875966
0.43361473,0.0,0.053485453
0.77809477,0.0,0.08072633
0.74777013,1.0,0.40006724
0.8873233,0.0,0.09493663
0.5932198,1.0,0.364663
0.7822852,1.0,0.5850756
0.79982007,1.0,0.7208512
0.8738594,0.0,0.07570701
0.8841855,1.0,0.40678686
0.8872128,0.0,0.0052758614
0.82121074,1.0,0.36866516
0.9100737,1.0,0.062441356
0.6636827,1.0,0.17472139
0.9528194,1.0,0.5354448
0.5921326,1.0,0.13720568
0.61894035,1.0,0.7670382
0.84937257,0.0,0.6985943
0.68285996,1.0,0.6382262
0.811688,1.0,0.4448368
0.70153475,1.0,0.3558992
0.42048675,0.0,0.008337647
0.86100304,0.0,0.022225056
0.8575246,0.0,0.0053617936
0.79462016,0.0,0.097353026
0.8357163,0.0,0.0
0.9408175,0.0,0.14469506
0.96600527,0.0,0.08785626
0.9733112,0.0,0.07133798
0.61160004,0.0,0.0036816185
0.33504546,0.0,0.16063231
0.77783847,0.0,0.046325676
0.6436843,0.0,0.049315877
0.74708825,0.0,0.389175
0.50546545,0.0,0.51459944
0.595354,0.0,0.39352378
0.7102619,0.0,0.0055702496
0.20033343,0.0,0.3243325
0.67150307,0.0,0.21524267
0.4931782,0.0,0.33460367
0.46666,0.0,0.82493585
0.82662445,0.0,0.6761866
0.55418897,0.0,0.4945935
0.21266969,0.0,0.39363807
0.8261282,0.0,0.18852891
0.36329293,0.0,0.6354024
0.35538304,0.0,0.2645561
0.7162984,0.0,0.06385076
0.70162106,0.0,0.04069147
0.68455297,0.0,0.0
0.9574253,0.0,0.0022838353
0.74593425,0.0,0.0
0.9056636,0.0,0.011061277
0.8419415,0.0,0.010866173
0.7913193,0.0,0.0040751863
0.27876675,0.0,0.03311015
0.42664862,0.0,0.07618314
0.5849969,0.0,0.05838678
0.59449303,0.0,0.013159822
0.8985852,0.0,0.0
0.6584064,0.0,0.014254615
0.7653049,0.0,0.0057791886
0.8681259,1.0,0.04420161
0.08861148,0.0,0.012200441
0.61856633,0.0,0.0039389348
0.24790531,0.0,0.08252995
0.37485284,0.0,0.102273755
0.38188395,0.0,0.43722957
0.20447312,0.0,0.14567667
0.57044643,0.0,0.78237087
0.16074929,0.0,0.6891174
0.778256,0.0,0.29823422
0.4130196,0.0,0.7537223
0.42960197,0.0,0.5724155
0.6542539,0.0,0.09880812
0.8451468,0.0,0.18696237
0.5577325,0.0,0.40297487
0.4749319,0.0,0.5109524
0.74986637,0.0,0.39347234
0.7947408,0.0,0.37024176
0.4087775,0.0,0.8493854
0.8077035,0.0,0.19579157
0.52064013,0.0,0.48928785
0.5781918,0.0,0.3403504
0.8407073,0.0,0.67998856
0.6766618,0.0,0.49332097
0.8868652,0.0,0.13383193
0.7860032,0.0,0.12775484
0.78520274,0.0,0.44724026
0.7959286,0.0,0.22731258
0.5522568,0.0,0.6284042
0.5869296,0.0,0.7396918
0.7485948,0.0,0.5063459
0.7294954,0.0,0.715514
0.7195987,0.0,0.6300619
0.7444624,0.0,1.0
0.38873878,0.0,0.3351077
0.5264379,0.0,0.48704132
0.6253142,0.0,0.7175872
0.42748594,0.0,0.66712147
0.6234388,0.0,0.1713507
0.47626102,0.0,0.32415932
0.5123082,0.0,0.05400343
0.38078734,0.0,0.6173236
0.48794466,0.0,0.35369426
0.6542594,0.0,0.10012408
0.455865,0.0,0.2937196
0.5413071,0.0,0.53620356
0.59893215,1.0,0.454548
0.43920702,1.0,0.08171018
0.42503268,0.0,0.4584402
0.49991512,1.0,0.4728441
0.51412535,0.0,0.3921162
0.736797,0.0,0.74901533
0.8226002,0.0,0.33962363
0.8439797,0.0,0.08466584
0.8624434,0.0,0.3617659
0.78883076,0.0,0.35517356
0.9103043,0.0,0.07264031
0.6475399,1.0,0.4994691
0.7100674,1.0,0.69919354
0.89981365,1.0,0.6860567
0.83769006,1.0,0.17685314
0.7698266,1.0,0.030435747
0.8066832,1.0,0.33542627
0.44108382,1.0,0.28469235
0.6762296,0.0,0.0016982147
0.6842917,0.0,0.021256763
0.82759386,1.0,0.44305423
0.39402485,1.0,0.36653978
0.649091,0.0,0.09284389
0.6954113,0.0,0.5846172
0.92486656,0.0,0.28497854
0.77709496,0.0,0.25353476
0.88925374,0.0,0.34842283
0.7953774,0.0,0.3212993
0.94117814,0.0,0.36595997
0.97702575,0.0,0.27915865
0.94249827,0.0,0.6890768
0.9294488,0.0,0.40471864
0.8563071,0.0,0.41029245
0.9297888,0.0,0.08150885
0.88607,0.0,0.12885727
0.8315938,0.0,0.19878276
0.93592954,0.0,0.21192636
0.90572476,0.0,0.22488365
0.94809127,0.0,0.16727073
0.96451193,0.0,0.0
0.5950931,0.0,0.27148038
0.87623775,0.0,0.00204221
0.95421714,0.0,0.41082466
0.72462916,0.0,0.5309975
0.94336784,0.0,0.1594205
0.72660184,0.0,0.32553762
0.83943886,0.0,0.0039828047
0.9761656,0.0,0.0910084
0.9322018,0.0,0.0
0.85724074,0.0,0.11958003
0.89989966,0.0,0.18928419
0.96523184,0.0,0.036294706
0.6450591,0.0,0.35908827
0.8995093,0.0,0.23572946
0.6120517,0.0,0.75189084
0.9640532,0.0,0.17562018
0.7812021,1.0,0.4751986
0.7029141,1.0,0.5554252
0.5836878,0.0,0.15798064
0.9726342,1.0,0.13412789
0.54135454,1.0,0.4836698
0.8202588,0.0,0.06446151
0.797176,0.0,0.03539547
0.66621923,1.0,0.05560751
0.73260903,1.0,0.23216856
0.9153655,0.0,0.0
0.95062363,0.0,0.042023633
0.92056835,1.0,0.3499173
0.4947461,1.0,0.44607496
0.57881826,0.0,0.094691075
0.92058825,0.0,0.25403237
0.9792042,0.0,0.043890767
0.96660167,0.0,0.34732598
0.8824817,0.0,0.23367876
0.81417763,0.0,0.5292694
0.778045,0.0,0.048527315
0.9319375,0.0,0.030737013
0.9527534,0.0,0.12861054
0.8501673,0.0,0.23285238
0.95291823,0.0,0.1392397
0.84150994,0.0,0.03268229
0.95148957,0.0,0.0
0.9521876,1.0,0.12911434
0.87265235,1.0,0.048023887
0.92984504,1.0,0.30717835
0.74493134,0.0,0.3933667
0.64411825,0.0,0.37970167
0.6239095,0.0,0.6199132
0.5465322,0.0,0.59155214
0.5307358,0.0,0.62844074
0.6721176,0.0,0.6667543
0.39011672,0.0,0.19227937
0.48444355,0.0,0.2939644
0.63231844,0.0,0.03381784
0.51026475,0.0,0.082508534
0.91853446,0.0,0.04601169
0.9300077,0.0,0.010224432
0.7391337,0.0,0.091959916
0.9231025,0.0,0.2569198
0.95795995,0.0,0.19174816
0.9152842,0.0,0.16775952
0.5557557,0.0,0.57694507
0.8844667,0.0,0.29921567
0.89323276,0.0,0.14487629
0.97129,0.0,0.08427587
0.96872485,0.0,0.0
0.51142037,0.0,0.18517345
0.72794396,0.0,0.3726433
0.8219223,0.0,0.12752569
0.90217346,0.0,0.0077600726
0.7731557,0.0,0.3602008
0.53950197,0.0,0.6436585
0.7415246,0.0,0.30705342
0.30815387,0.0,0.33741152
0.7082589,0.0,0.12751536
0.20523323,0.0,0.48355156
0.8683266,0.0,0.20069863
0.59176296,0.0,0.3713383
0.35891134,0.0,0.13119395
0.27026218,0.0,0.00021020406
0.81016225,0.0,0.03268675
0.47498202,0.0,0.36234197
0.9796072,0.0,0.013131793
0.93407625,0.0,0.0
0.84775037,0.0,0.20015496
0.63095057,0.0,0.037922066
0.4789811,0.0,0.003424487
0.92741174,0.0,0.0
0.6601107,0.0,0.064227104
0.9106844,0.0,0.0
0.9340221,0.0,0.0
0.96344846,0.0,0.056010257
0.93973273,0.0,0.1563151
0.8441255,0.0,0.0
0.7601507,0.0,0.051989347
0.700826,0.0,0.35525808
0.7947716,0.0,0.28154343
0.70928085,0.0,0.3829774
0.3425023,0.0,0.8356601
0.6322932,0.0,0.56703854
0.45396242,0.0,0.79220796
0.8330935,0.0,0.4657495
0.7013684,0.0,0.1305806
0.69779015,0.0,0.058607332
0.44818208,0.0,0.15534885
0.730834,0.0,0.02595644
0.57146096,0.0,0.0
0.92215014,0.0,0.0
0.8853248,0.0,0.0021943857
0.6683468,0.0,0.09033594
0.85812396,0.0,0.06565459
0.9341715,0.0,0.012015699
0.37341058,0.0,0.11673266
0.6552995,0.0,0.0
0.25397652,0.0,0.41747525
0.947738,0.0,0.07604143
0.9247717,0.0,0.0030809925
0.9612449,0.0,0.16780703
0.9867149,0.0,0.0
0.91561496,0.0,0.1811895
0.38130867,0.0,0.75333285
0.5048869,0.0,0.47773224
0.827652,0.0,0.16747804
0.38682193,0.0,0.086687006
0.97160286,0.0,0.0
0.8808932,0.0,0.0022557494
0.3579292,0.0,3.500611e-05
0.78652775,0.0,0.068767674
0.8395557,0.0,0.095081665
0.955004,0.0,0.0
0.9426811,0.0,0.07381926
0.9600378,0.0,0.13072462
0.94036937,0.0,0.0
0.9752172,0.0,0.0
0.89794564,0.0,0.14529727
0.85138416,0.0,0.11348519
0.7680063,0.0,0.3257381
0.5552268,0.0,0.37270457
0.48908123,0.0,0.7086451
0.7186583,0.0,0.4940469
0.34868702,0.0,0.52734184
0.5963312,0.0,0.39587712
0.35779682,0.0,0.23019691
0.29122332,0.0,0.281841
0.3201561,0.0,0.2719087
0.57876074,0.0,0.3487543
0.44924626,0.0,0.19800301
0.32098615,0.0,0.3825757
0.60359895,0.0,0.66231036
0.7801252,0.0,0.30779254
0.89861375,0.0,0.21212287
0.7838953,0.0,0.121382855
0.70371,0.0,0.18539771
0.37147322,0.0,0.33587456
0.4789175,0.0,0.06752426
0.5979732,0.0,0.04729901
0.7445483,0.0,0.049905434
0.9576231,0.0,0.013102807
0.80279547,0.0,0.040398568
0.77672815,0.0,0.102203116
0.9475208,0.0,0.10700435
0.9120362,0.0,0.002452223
0.80984044,0.0,0.21547683
0.8532186,0.0,0.47312576
0.8036932,0.0,0.54599005
0.9354518,0.0,0.12917104
0.7947749,0.0,0.31617928
0.68012,0.0,0.24343656
0.5920916,0.0,0.59890914
0.9631322,0.0,0.43668568
0.9068885,0.0,0.05841562
0.5416573,0.0,0.31911504
0.9056658,0.0,0.07017674
0.8614891,0.0,0.01830294
0.866865,0.0,0.21047698
0.76433575,0.0,0.2820908
0.8968769,0.0,0.13622627
0.9451878,0.0,0.016917234
0.8031149,0.0,0.02121607
0.761151,0.0,0.0
0.8282759,0.0,0.04543716
0.975294,0.0,0.003740442
0.9550214,0.0,0.00085992826
0.8851153,0.0,0.0
0.96982265,0.0,0.0017561837
0.95393425,0.0,0.0009127098
0.69478697,0.0,0.015547879
0.7321542,0.0,0.0008837937
0.2635825,0.0,0.0
0.6917839,0.0,0.0
0.5799837,0.0,0.082988895
0.33340806,0.0,0.08323626
0.92665315,0.0,0.0
0.20323019,0.0,0.18536167
0.3833511,0.0,0.2795888
0.26266402,0.0,0.70542336
0.27952516,0.0,0.6085917
0.8149386,0.0,0.45054027
0.8847217,0.0,0.3188173
0.3467785,0.0,0.16171654
0.29497847,0.0,0.546367
0.8020941,0.0,0.086028926
0.5192507,0.0,0.25620764
0.38639522,0.0,0.19503921
0.83874756,0.0,0.0
0.67699975,0.0,0.015647441
0.22728868,0.0,0.3205362
0.2840174,0.0,0.4535248
0.5734975,0.0,0.35651055
0.9484609,0.0,0.08089225
0.46866006,0.0,0.5028266
0.5860978,0.0,0.6688345
0.7836906,0.0,0.6739937
0.8598422,0.0,0.045212843
0.8563735,0.0,0.29728302
0.8457855,0.0,0.2246863
0.47085693,0.0,0.63287824
0.24019562,0.0,0.29652587
0.9771813,0.0,0.0022393838
0.774736,0.0,0.3716581
0.34564272,0.0,0.47481155
0.68208045,0.0,0.06768268
0.77634615,0.0,0.014501842
0.25310883,0.0,0.16841826
0.28344393,0.0,0.49449784
0.33487046,0.0,0.39323345
0.4275281,0.0,0.70521295
0.6894259,0.0,0.32430616
0.729725,0.0,0.18360268
0.8403622,0.0,0.06641565
0.25378078,0.0,0.5734036
0.8118792,0.0,0.21359272
0.1717017,0.0,0.1420533
0.29633555,0.0,0.7153807
0.11437946,0.0,0.18996018
0.93640363,0.0,0.0025490026
0.60738003,0.0,0.4106633
0.48573026,0.0,0.43498456
0.59853625,0.0,0.2228311
0.44852567,0.0,0.34720516
0.59066916,0.0,0.015018965
0.7936347,0.0,8.958586e-05
0.74220026,0.0,0.34447592
0.31783026,0.0,0.19109459
0.93369925,0.0,0.0034412201
0.7304771,0.0,0.0041497983
0.2750499,0.0,0.46664533
0.49264145,0.0,0.016909465
0.67838335,0.0,0.0
0.45925638,0.0,0.37648696
0.88083535,0.0,0.15464658
0.81496584,0.0,0.0
0.967952,0.0,0.0414121
0.5162449,0.0,0.33594143
0.31910074,0.0,0.5645481
0.6406521,0.0,0.4793618
0.31879815,0.0,0.077258974
0.5206684,0.0,0.5195328
0.90659046,0.0,0.40984502
0.93819207,0.0,0.054785337
0.93195117,0.0,0.16963442
0.2536368,0.0,0.47600406
0.74882424,0.0,0.03509574
0.3995595,0.0,0.35440296
0.19059204,0.0,0.3684281
0.9158814,0.0,0.00014011071
0.32734036,0.0,0.30199638
0.5439778,0.0,0.44822818
0.27575126,0.0,0.26171052
0.7341576,0.0,0.0014871791
0.35460716,0.0,0.24882574
0.40169063,0.0,0.41525504
0.9379361,0.0,0.02998421
0.6395312,0.0,0.24002002
0.71285796,0.0,0.57843095
0.58296114,0.0,0.48356435
0.7391663,0.0,0.3166876
0.6600153,0.0,1.0
0.5621041,0.0,1.0
0.56285733,0.0,0.28553477
0.56193066,0.0,0.5177248
0.86576164,0.0,0.18767543
0.5478965,0.0,0.47727275
0.70832056,0.0,0.15450943
0.52369744,1.0,0.33738598
0.48746717,1.0,0.62231165
0.5328095,1.0,0.7241093
0.8226396,0.0,0.059029788
0.42616323,0.0,0.33698434
0.3432319,1.0,0.36068106
0.36120635,1.0,0.20221826
0.92304784,0.0,0.050964814
0.42929816,0.0,0.6809854
0.81754136,1.0,0.5425843
0.67726284,1.0,0.21860395
0.6630097,0.0,0.29560986
0.81211716,0.0,0.026109593
0.8528272,0.0,0.4650046
0.86893123,0.0,0.41525912
0.2903848,0.0,0.5195224
0.42809656,0.0,0.2197796
0.85059404,0.0,0.003534628
0.33740106,0.0,0.4580926
0.32293215,0.0,0.4999324
0.22296342,0.0,0.157966
0.6034988,0.0,0.039972432
0.5232125,0.0,0.60368055
0.6744452,0.0,0.72524196
0.3509674,0.0,0.27854973
0.55499077,0.0,0.5666225
0.16968754,0.0,0.30082172
0.45971876,0.0,0.072388
0.4412336,0.0,0.35160863
0.83062917,1.0,0.015981644
0.5153376,1.0,0.36854807
0.831879,1.0,0.02084558
0.6024968,1.0,0.55927277
0.8366402,1.0,0.25807056
0.8293181,0.0,0.35470706
0.80502254,0.0,0.4784544
0.4532405,1.0,0.7807026
0.8149818,1.0,0.56900895
0.9038137,1.0,0.007614392
0.9464151,1.0,0.5223131
0.84287417,1.0,0.7950139
0.7333138,0.0,0.31914765
0.83528244,1.0,0.4748194
0.95272636,0.0,0.72086996
0.93211913,0.0,0.113232225
0.9690842,0.0,0.1018348
0.96385485,0.0,0.5553021
0.87997913,0.0,0.059557788
0.82586175,0.0,0.47975615
0.9416832,0.0,0.014608301
0.5535092,0.0,0.1159236
0.9552146,0.0,0.0
0.9335606,0.0,0.08497653
0.9488642,0.0,0.17456484
0.86277944,0.0,0.34230694
0.7196901,0.0,0.5287697
0.49223444,0.0,0.18117577
0.5224158,0.0,0.47488293
0.7164004,0.0,0.0046632807
0.96728355,0.0,0.0
0.9645922,1.0,0.0
0.98037386,0.0,0.017158367
0.89482456,0.0,0.0032687932
0.53539616,0.0,0.42968127
0.75039345,0.0,0.5873241
0.8178209,0.0,0.14218149
0.71350855,0.0,0.050052714
0.80573463,0.0,0.13020773
0.97118,0.0,0.0028623103
0.30089182,1.0,0.17914736
0.67989254,1.0,0.18626752
0.9290703,0.0,0.007496588
0.7148476,0.0,0.00018315032
0.59374136,1.0,0.13892582
0.77567965,0.0,0.25904116
0.45975938,1.0,0.49813285
0.80363953,1.0,0.3248729
0.73368967,1.0,0.9239642
0.71365917,1.0,0.5061592
0.91290635,1.0,0.266818
0.91525126,1.0,0.8084576
0.41630378,1.0,0.20387958
0.7398327,1.0,0.12533318
0.46197608,1.0,0.7168482
0.87409824,1.0,0.5357363
0.92910683,0.0,0.05273094
0.54205024,0.0,0.49770385
0.4274198,0.0,0.30401576
0.2544835,0.0,0.53616357
0.76864105,0.0,0.7192304
0.6573076,0.0,1.0
0.23220314,0.0,0.7405213
0.16920038,0.0,0.29685947
0.17354707,0.0,0.43147236
0.33969054,0.0,0.4139587
0.32516855,0.0,0.61151075
0.773785,0.0,0.21330808
0.2553288,0.0,0.25010803
0.5883127,0.0,0.12732172
0.16842139,0.0,0.58079493
0.5172818,0.0,0.5928386
0.8075271,0.0,0.10627803
0.49594557,0.0,0.24009342
0.40927637,0.0,0.6263242
0.6292102,0.0,0.14922595
0.78140664,0.0,0.0
0.37998217,0.0,0.294482
0.19931722,0.0,0.42288944
0.44544917,0.0,0.04146968
0.6517063,0.0,0.06647514
0.26174095,0.0,0.47532445
0.66167426,0.0,0.29384357
0.7119505,0.0,0.17232613
0.33916107,0.0,0.6825418
0.63625824,0.0,0.45744953
0.39943424,0.0,0.68647254
0.81497043,0.0,0.08666665
0.6299887,0.0,0.7849177
0.9459358,0.0,0.22175346
0.4677255,0.0,0.4678052
0.7189938,0.0,0.23175052
0.5172136,0.0,0.7037374
0.5480098,1.0,0.3523858
0.7892396,0.0,0.0761
0.7759957,0.0,0.24074209
0.87089676,1.0,0.47153464
0.86183697,1.0,0.21074098
0.9461024,1.0,0.0818073
0.37489438,1.0,0.5428311
0.84997106,1.0,0.0814731
0.6250281,1.0,0.7048293
0.8974502,1.0,0.48542443
0.45239723,0.0,0.5303386
0.82117796,0.0,0.16113302
0.9691375,0.0,0.01898541
0.36810306,0.0,0.41334128
0.30209088,0.0,0.7326552
0.8503592,0.0,0.35886788
0.21853538,0.0,0.57032603
0.50831604,0.0,0.66100734
0.6447342,0.0,0.22653465
0.4871027,0.0,0.11986688
0.8435791,0.0,0.02380006
0.4883305,0.0,0.25446767
0.7210208,1.0,0.075063825
0.6818965,0.0,0.09337856
0.3298677,0.0,0.018505458
0.9114663,0.0,0.00014953256
0.3089877,0.0,0.38896248
0.40716448,0.0,0.18766433
0.6368423,0.0,0.5663449
0.470787,0.0,0.8082019
0.822735,0.0,0.3310718
0.64783776,0.0,0.8416503
0.6326303,1.0,0.5122751
0.7431389,1.0,0.14045389
0.74107236,1.0,0.19774629
0.55982745,1.0,0.37607193
0.6507347,0.0,0.25095448
0.8499968,1.0,0.015620846
0.8870528,0.0,0.0
0.89157677,0.0,0.0
0.6209904,0.0,0.10064649
0.89989626,0.0,0.07756941
0.7764923,0.0,0.59540784
0.26081774,0.0,0.39850435
0.7342422,0.0,0.7149961
0.31034088,0.0,0.63731617
0.899213,0.0,0.102807015
0.8979042,0.0,0.06234869
0.9619962,0.0,0.026587129
0.9145243,0.0,0.1066318
0.7919303,0.0,0.0022319383
0.17407513,0.0,0.27865952
0.7410945,1.0,0.28833807
0.8264015,1.0,0.44839
0.92847157,1.0,0.122256234
0.7241448,1.0,0.510042
0.3328553,0.0,0.42779708
0.9155488,1.0,0.007903918
0.17757668,0.0,0.14990838
0.41830915,0.0,0.2927153
0.8869142,0.0,0.042112064
0.13955215,0.0,0.27387285
0.14561906,0.0,0.37981635
0.18986234,0.0,0.72537726
0.3882967,0.0,0.3960992
0.57964134,0.0,0.72425926
0.38771027,0.0,0.7429013
0.69675934,0.0,0.73414886
0.3970072,0.0,0.22341824
0.48370448,0.0,0.23539567
0.52171874,1.0,0.49370843
0.92766863,1.0,0.07163702
0.44773147,1.0,0.7038829
0.48944685,0.0,0.032319423
0.34264982,0.0,0.31909776
0.14111549,1.0,0.40152866
0.96613586,1.0,0.06863344
0.9570055,0.0,0.010894694
0.29918274,1.0,0.45346206
0.3951448,1.0,0.28364184
0.9376647,0.0,0.030015118
0.5891732,0.0,0.14717908
0.45810977,1.0,0.49594977
0.82690036,0.0,0.21023272
0.91542673,0.0,0.016469026
0.5072024,0.0,0.50589114
0.36499465,0.0,0.5001984
0.71675205,0.0,0.46029982
0.52593666,0.0,0.0063545527
0.73743457,0.0,0.4129509
0.3315529,0.0,0.50156206
0.9523667,0.0,0.039808262
0.92317164,0.0,0.13296276
0.33826002,0.0,0.7132138
0.7168341,0.0,0.24386832
0.9665505,0.0,0.039508678
0.5476153,0.0,0.27511337
0.69774663,0.0,0.011919457
0.5542292,0.0,0.14100526
0.9641721,0.0,0.05693885
0.77451515,0.0,0.076939456
0.9755434,0.0,0.088667095
0.5613253,0.0,0.3348089
0.97428733,0.0,0.015795087
0.72054917,0.0,0.39306116
0.531106,0.0,0.44889697
0.56960166,0.0,0.121704705
0.4806905,0.0,0.54107535
0.56954557,0.0,0.685852
0.7101007,0.0,0.41838863
0.661136,0.0,0.54705554
0.8613518,0.0,0.17348196
0.6347035,0.0,0.03347916
0.43593457,0.0,0.19784212
0.79717326,0.0,0.029942414
0.93181294,0.0,0.024386667
0.9857296,0.0,0.010966079
0.82861793,0.0,0.050266154
0.97566,0.0,0.012639721
0.5554872,0.0,0.52803683
0.88604516,0.0,0.47972706
0.8806056,0.0,0.695559
0.580426,0.0,0.612324
0.9455169,0.0,0.11167998
0.57246554,0.0,0.26130432
0.9401677,0.0,0.06898299
0.36251983,0.0,0.20394395
0.7795617,0.0,0.47632807
0.5118141,0.0,0.38859582
0.5534388,0.0,0.2903634
0.4403134,0.0,0.7950574
0.5821084,0.0,0.45446154
0.47787791,0.0,0.7448842
0.78289914,0.0,0.24296688
0.23781192,0.0,0.40350732
0.96811366,0.0,0.22997338
0.10782257,0.0,0.23840296
0.9710698,0.0,0.07897294
0.14402863,0.0,0.20535591
0.9825896,0.0,0.046278395
0.7328858,0.0,0.12296504
0.5525285,0.0,0.08738061
0.15747343,0.0,0.5605481
0.45368782,0.0,0.09859083
0.98550737,0.0,0.041042924
0.68810904,1.0,0.2904404
0.5507298,0.0,0.086431615
0.9780391,0.0,0.20505276
0.87769365,0.0,0.07929215
0.2831054,1.0,0.43523738
0.6848213,0.0,0.4955506
0.61664945,1.0,0.64081264
0.965394,0.0,0.73887116
0.8925327,0.0,0.5833027
0.88400245,0.0,0.2661552
0.89886653,0.0,0.27984497
0.73750913,0.0,0.070728496
0.9268828,0.0,0.18685512
0.87863886,0.0,0.59215415
0.88451225,0.0,0.8223282
0.85479075,0.0,0.60630745
0.75494665,0.0,0.5160865
0.8371606,0.0,0.3780349
0.9868211,0.0,0.7393439
0.77996445,0.0,0.22813891
0.8629213,0.0,0.39669013
0.4774159,0.0,0.3436503
0.75288796,0.0,0.15724415
0.8238713,0.0,0.43537104
0.9443284,0.0,0.70526206
0.9147968,0.0,0.054740164
0.9601032,0.0,0.17263687
0.96195793,0.0,0.4855383
0.79472136,0.0,0.66451573
0.6981878,0.0,0.5147987
0.9760669,0.0,0.26358223
0.8888094,0.0,0.47705796
0.7998159,0.0,0.3095124
0.9638657,0.0,0.14250864
0.8664983,0.0,0.18085021
0.55262804,1.0,0.3023291
0.89857477,1.0,0.5389831
0.8980453,1.0,0.5670399
0.78592503,1.0,0.78674024
0.7720675,1.0,0.58732605
0.8372943,1.0,0.7784932
0.66742253,1.0,0.7329214
0.84788483,1.0,1.0
0.38388994,0.0,1.0
0.8288251,0.0,0.43994147
0.67441183,0.0,0.37144604
0.8049377,0.0,0.6065499
0.42412537,0.0,0.3750577
0.89629865,0.0,0.012995268
0.61004126,0.0,0.055486955
0.9267812,0.0,0.0012263058
0.7673522,0.0,0.00023238685
0.8875374,0.0,0.0002941125
0.95339286,0.0,0.0
0.9549419,0.0,2.5751215e-05
0.90577686,0.0,0.0
0.72625035,1.0,0.17973678
0.7278623,0.0,0.0011636675
0.6737153,1.0,0.33381727
0.89996123,1.0,0.34903353
0.9336492,0.0,0.0
0.41164988,1.0,0.314073
0.39720917,1.0,0.7414633
0.70110744,0.0,0.06685297
0.8437152,0.0,0.06127135
0.2137017,0.0,0.48929882
0.52649695,0.0,0.14039555
0.4890449,0.0,0.0
0.26825327,0.0,0.075854085
0.30345702,0.0,0.30027267
0.86021495,0.0,0.029563827
0.8084295,0.0,0.0
0.64851075,0.0,0.2322766
0.37253004,0.0,0.30262113
0.95622,0.0,0.0015807443
0.8755175,0.0,0.05272764
0.5734473,0.0,0.52839327
0.70677656,0.0,0.40610564
0.86711013,0.0,0.056987163
0.7669383,0.0,0.5358562
0.83472675,0.0,0.3448608
0.63357633,0.0,0.6701483
0.737486,0.0,0.4307473
0.9386849,0.0,0.051364824
0.90630543,0.0,0.33225062
0.9845903,0.0,0.0020056055
0.9078591,0.0,0.0
0.94897527,0.0,0.0
0.9428252,0.0,0.0
0.8380469,0.0,0.006118532
0.92117274,0.0,0.00025328086
0.84324473,1.0,0.0137014985
0.51442116,1.0,0.30744863
0.5902627,1.0,0.44298145
0.80635345,0.0,0.17687294
0.26790103,0.0,0.34552684
0.4018096,0.0,0.32283697
0.7270679,0.0,0.26793826
0.97180647,0.0,0.03998375
0.60364974,0.0,0.51534176
0.9654908,0.0,0.18035533
0.6876088,0.0,0.111953646
0.5635907,0.0,0.18850169
0.6180867,0.0,0.39126632
0.59498566,0.0,0.22236434
0.25449973,0.0,0.49519637
0.7035096,0.0,0.5560791
0.8017557,0.0,0.039515924
0.37390992,0.0,0.40757152
0.35000724,0.0,0.43390527
0.64246464,0.0,0.021098265
0.9046249,0.0,0.108966164
0.57998246,0.0,0.42613524
0.33828616,0.0,0.15629958
0.85496247,0.0,0.00021459078
0.33644217,0.0,0.5315568
0.6076581,1.0,0.62169284
0.61118656,0.0,0.16868699
0.24888857,1.0,0.58956057
0.88707435,1.0,0.12380066
0.50879097,1.0,0.6675379
0.88125324,1.0,0.40329456
0.73251444,1.0,0.47085944
0.8576715,1.0,0.10206165
0.67590445,1.0,0.22464456
0.90185034,0.0,0.0002979842
0.8316929,1.0,0.1438265
0.74230504,1.0,0.27107242
0.94213563,0.0,0.0
0.85185647,0.0,0.0
0.7751452,1.0,0.47575203
0.8951794,0.0,0.16963385
0.9379212,0.0,0.0
0.33682683,0.0,0.02934246
0.5141703,0.0,0.41556972
0.6729795,0.0,0.10111165
0.77658224,0.0,0.0
0.3741854,0.0,0.53458667
0.32713625,0.0,0.80126053
0.67296064,0.0,0.34431598
0.27429178,0.0,0.32978195
0.63895833,0.0,0.07755198
0.20546213,0.0,0.658884
0.7737586,0.0,0.80002296
0.62353,0.0,0.15247469
0.42742923,0.0,0.11736186
0.39654964,0.0,0.037364364
0.2776401,0.0,0.015844349
0.7808124,0.0,0.0
0.82554317,0.0,0.00039830382
0.8822383,0.0,0.0
0.9451633,0.0,0.0
0.8664569,0.0,0.0
0.76975787,0.0,0.0
0.6266252,0.0,0.012785212
0.34947518,0.0,0.32748517
0.8944049,0.0,0.16972739
0.6925324,1.0,0.5715401
0.39301515,1.0,0.6243355
0.6526073,1.0,0.5982107
0.744117,1.0,0.07435182
0.8174234,0.0,0.2133536
0.8325713,0.0,0.44808426
0.3896492,1.0,0.3727382
0.73409694,0.0,0.0
0.80978507,0.0,0.24687295
0.5584398,0.0,0.5591889
0.80851734,0.0,0.07735668
0.72210914,0.0,0.0
0.44355866,0.0,0.59794766
0.39858058,0.0,0.28055248
0.9334528,0.0,0.0
0.49835208,0.0,0.2872222
0.40795052,0.0,0.4679574
0.6586979,0.0,0.10714244
0.43422246,0.0,0.37872192
0.6296751,0.0,0.042498253
0.14225085,0.0,0.16995709
0.93583596,0.0,0.0
0.41437024,0.0,0.014922568
0.731946,0.0,0.0
0.9635663,0.0,0.0
0.9189555,0.0,0.019097283
0.9597853,0.0,0.0
0.9005527,0.0,0.34926388
0.7976786,0.0,0.55637413
0.83330715,0.0,0.18742123
0.8338708,0.0,0.39139867
0.86468315,0.0,0.3644178
0.50641155,0.0,0.42461756
0.89660037,0.0,0.054083705
0.92863625,0.0,0.0
0.4877278,0.0,0.1960692
0.6497669,0.0,0.45334256
0.9514667,0.0,0.00073206215
0.960287,0.0,0.016948996
0.46750617,0.0,0.29617047
0.84223396,0.0,0.29144374
0.4643255,0.0,0.59201294
0.60702646,0.0,0.6314837
0.8982432,0.0,0.17270817
0.7160223,0.0,0.103556946
0.6189667,0.0,0.1447636
0.74626935,0.0,0.2312949
0.96307415,0.0,0.17546685
0.52305764,0.0,0.5021547
0.89107776,0.0,0.44702828
0.90779865,0.0,0.6785138
0.9352401,0.0,0.59620714
0.62897134,0.0,0.3709575
0.9245482,0.0,0.026538463
0.9151333,0.0,0.118180215
0.7291574,0.0,0.55671483
0.48380423,0.0,0.1984208
0.9429226,0.0,0.0
0.74965596,0.0,0.1347187
0.52418214,0.0,0.40927833
0.33728752,0.0,0.20947234
0.9668133,0.0,0.004799722
0.8844999,0.0,0.40001515
0.43747494,0.0,0.705785
0.8268163,0.0,0.20733634
0.8629193,0.0,0.20218351
0.87751406,0.0,0.52515644
0.38525397,1.0,0.20600334
0.5582107,1.0,0.22684492
0.7536215,0.0,0.0046967333
0.23163757,1.0,0.12633601
0.6480304,0.0,0.010001079
0.34253702,0.0,0.09706325
0.43916893,0.0,0.019472789
0.40519774,0.0,0.25570217
0.63100624,0.0,0.3197104
0.8679013,0.0,0.55716777
0.77129346,0.0,0.40545925
0.34738854,0.0,0.0
0.4522972,0.0,0.26541898
0.49445307,0.0,0.036157694
0.7777747,0.0,0.0014402554
0.58643556,0.0,0.057071984
0.4904578,0.0,0.39476785
0.69395995,0.0,0.014297508
0.6537695,0.0,0.007150926
0.6675702,0.0,0.2647792
0.5456167,0.0,0.15333258
0.70122814,0.0,0.4742519
0.663991,0.0,0.20941183
0.79975975,0.0,0.60725605
0.79490846,1.0,0.6786499
0.8292378,1.0,0.6126836
0.7499828,1.0,0.34797502
0.5074454,1.0,0.3849994
0.7965007,1.0,0.096887805
0.70019114,1.0,0.49259683
0.70895296,0.0,0.13632976
0.5137506,0.0,0.5860283
0.7419288,0.0,0.63369584
0.6863237,0.0,0.088031776
0.6920553,1.0,0.36703795
0.82574314,0.0,0.0
0.5771338,1.0,0.2563769
0.7203313,0.0,0.025075046
0.70002455,1.0,0.33838817
0.5515187,1.0,0.07545581
0.9195526,1.0,0.4866696
0.78842497,1.0,0.29263496
0.6096883,1.0,0.30930066
0.45902547,0.0,0.42383108
0.70834696,0.0,0.43414015
0.8613676,0.0,0.53214025
0.68517846,0.0,0.32867685
0.7677855,0.0,0.0
0.6442463,1.0,0.09840183
0.66101986,0.0,0.003464071
0.67312515,1.0,0.047147885
0.85679543,0.0,0.0015268996
0.82391125,1.0,0.33273736
0.79834884,1.0,0.06903557
0.7514588,1.0,0.3679026
0.87736666,1.0,0.46220836
0.7000404,1.0,0.81886023
0.73248076,0.0,0.4935987
0.8001827,0.0,0.14943781
0.8733822,0.0,0.0065135914
0.7487865,0.0,0.024717983
0.53514725,0.0,0.4327896
0.5513572,0.0,0.0
0.7972,0.0,0.0
0.7254372,0.0,0.28730348
0.6290894,1.0,0.45557883
0.8139139,0.0,0.043583278
0.7808822,0.0,0.0022116473
0.5571368,0.0,0.30327123
0.49188334,0.0,0.40562347
0.51573575,0.0,0.026245447
0.74864113,0.0,0.067363776
0.7809169,0.0,0.4555234
0.5070847,0.0,0.14236754
0.6236965,0.0,0.5758921
0.5978501,0.0,0.035566825
0.5800617,0.0,0.8046292
0.8485764,0.0,0.40750715
0.63018835,0.0,0.25407836
0.8461295,0.0,0.5434158
0.7983884,0.0,0.40732965
0.6794937,0.0,0.12934774
0.6669771,0.0,0.05755203
0.45764473,0.0,0.4756495
0.59120566,0.0,0.46053725
0.5035965,0.0,0.5310018
0.85898376,0.0,0.019462312
0.65995014,0.0,0.3504909
0.7929711,0.0,0.031118855
0.31965184,0.0,0.34774098
0.8272549,0.0,0.03913985
0.49685973,1.0,0.3389697
0.74483126,0.0,0.0042305784
0.62390655,1.0,0.26335797
0.9045607,1.0,0.34393448
0.6863477,0.0,0.0
0.9045849,0.0,0.24500135
0.47167453,0.0,0.012146227
0.5845831,0.0,0.77860343
0.5843278,0.0,0.4960608
0.91174716,0.0,0.14108965
0.950693,0.0,0.29689148
0.7383749,0.0,0.509071
0.46564114,0.0,0.087948635
0.90121484,0.0,0.0
0.49003023,0.0,0.19986323
0.70934504,0.0,0.43075415
0.83510315,0.0,0.0
0.9011346,0.0,0.0
0.7465695,0.0,0.40280977
0.6471597,0.0,0.3928231
0.79151195,0.0,0.14547835
0.39632025,0.0,0.5639647
0.5882063,0.0,0.03530915
0.6191315,0.0,0.63881946
0.897863,0.0,0.092669815
0.59607375,0.0,0.38634402
0.80943686,0.0,0.098742425
0.9004519,0.0,0.45673358
0.62083423,0.0,0.40236732
0.6507013,1.0,0.48158938
0.7525447,1.0,0.51630384
0.61204946,1.0,0.3786694
0.77553195,0.0,0.040588424
0.51739395,0.0,0.07620005
0.9229396,0.0,0.0
0.8426424,0.0,0.24335413
0.865105,0.0,0.019147312
0.8317635,0.0,0.38465253
0.57558346,0.0,0.13217053
0.83750236,0.0,0.43565145
0.58627224,0.0,0.09793091
0.5461412,0.0,0.27704418
0.7404896,0.0,0.04839967
0.6139688,0.0,0.1796443
0.51707613,0.0,0.10155157
0.93466437,0.0,0.012307917
0.8458586,0.0,0.0001373348
0.6990093,0.0,0.0595771
0.81767803,0.0,0.028696422
0.7672765,0.0,0.0011150278
0.49756667,0.0,0.069972716
0.7055779,0.0,0.083382465
0.74745136,0.0,0.0
0.7900712,0.0,0.0027807988
0.8448553,0.0,0.29500738
0.79685986,0.0,0.2795008
0.79358685,0.0,0.027052393
0.49223512,0.0,0.5343169
0.6925623,0.0,0.7892976
0.50682133,0.0,0.4867813
0.5066663,0.0,0.49459863
0.81914055,0.0,0.12416414
0.7250634,0.0,0.66799796
0.67827857,0.0,0.47029015
0.80960727,0.0,0.12897865
0.63421375,0.0,0.043263517
0.8664624,0.0,0.55879027
0.6056225,0.0,0.68702745
0.72478545,0.0,0.06769889
0.7091572,0.0,0.12531821
0.7244465,0.0,0.612211
0.59958965,0.0,0.6121245
0.672832,0.0,0.028048044
0.8446701,0.0,0.6600711
0.80570084,0.0,0.13182828
0.6654052,0.0,0.2921755
0.7682385,0.0,0.5885557
0.73376334,0.0,0.45675558
0.6373015,0.0,0.07707355
0.56011987,0.0,0.53483635
0.80811554,0.0,0.83666325
0.7602528,0.0,0.8646567
0.8329198,0.0,0.44173732
0.9190331,0.0,0.15872003
0.81828326,0.0,0.4746076
0.8887064,0.0,0.4941589
0.8170059,0.0,0.21596538
0.8024501,0.0,0.4777399
0.7323962,0.0,0.6949876
0.84857666,0.0,0.646188
0.8048032,0.0,0.3411824
0.88369626,0.0,0.18929589
0.83670837,0.0,0.532953
0.75270617,0.0,0.28569055
0.8708422,1.0,0.29458526
0.5329233,1.0,0.71377
0.6632772,1.0,0.77096176
0.8878005,1.0,0.22003724
0.68539697,1.0,0.57554305
0.82568574,1.0,0.47789863
0.86515397,1.0,0.22789827
0.5006359,1.0,0.39002192
0.83819234,1.0,0.45983705
0.7699204,1.0,0.48468813
0.66681725,1.0,0.52995396
0.812281,1.0,0.6223953
0.6794937,1.0,0.70238405
0.84040815,0.0,0.21234141
0.7421555,0.0,0.26664716
0.8787001,1.0,0.11216857
0.8633165,1.0,0.22532879
0.8929473,0.0,0.18201339
0.809317,1.0,0.07453751
0.7634651,0.0,0.34507468
0.7636843,0.0,0.64441305
0.93404794,0.0,0.09643093
0.6090396,0.0,0.16914599
0.8251819,1.0,0.028973931
0.6740391,0.0,0.041317824
0.83441144,0.0,0.2161112
0.92431504,0.0,0.11097213
0.89011705,0.0,0.48777178
0.8850935,0.0,0.7123038
0.87002015,0.0,0.34879503
0.6588279,1.0,0.60294425
0.8072988,1.0,0.46753046
0.79333735,1.0,0.38660514
0.807631,1.0,0.32255265
0.8409885,1.0,0.31939536
0.783822,1.0,0.3924925
0.8310484,1.0,0.4732734
0.93095124,1.0,0.439603
0.7701709,1.0,0.34931636
0.789835,0.0,0.59625983
0.85519946,1.0,0.48687038
0.8123797,1.0,0.3587127
0.596648,0.0,0.3261316
0.90290046,1.0,0.4620157
0.73892957,0.0,0.4436723
0.8617779,0.0,0.8126625
0.6853293,0.0,0.16028383
0.84678996,0.0,0.3210754
0.9171475,0.0,0.00022235334
0.75384057,0.0,0.19211408
0.8876475,0.0,0.0017892272
0.35265237,0.0,0.35578656
0.43450412,0.0,0.37368354
0.94060427,0.0,0.0
0.8373648,0.0,0.09225969
0.61581117,0.0,0.06018789
0.42399287,0.0,0.1632073
0.6417544,0.0,0.27488643
0.78903884,0.0,0.49755153
0.7584765,0.0,0.5700326
0.45709693,0.0,0.7077677
0.63773996,0.0,0.3404362
0.6903789,0.0,0.86775494
0.89779294,0.0,0.61555463
0.61408573,0.0,0.37942922
0.57393,0.0,0.47627258
0.48369515,0.0,0.46049467
0.8092433,0.0,0.045659576
0.94494975,0.0,6.881211e-05
0.6023268,0.0,0.19750686
0.26192352,0.0,0.4594297
0.7439355,0.0,0.0060296245
0.6828268,0.0,0.34519902
0.96881515,0.0,0.021048574
0.5004862,0.0,0.28319415
0.97060376,0.0,0.00045970306
0.7792981,0.0,0.36186442
0.80429596,0.0,0.60754293
0.77550155,0.0,0.22561893
0.9226668,0.0,0.17203802
0.95216024,0.0,0.00078136654
0.8929438,0.0,0.0
0.91612494,0.0,0.0
0.9728958,0.0,0.0
0.7919399,0.0,0.010244152
0.9266999,0.0,0.098727114
0.5623751,1.0,0.4289578
0.76357657,1.0,0.7294594
0.86660373,0.0,0.41555735
0.9329855,0.0,0.013948122
0.96818817,0.0,0.093311384
0.8291333,0.0,0.06915912
0.5964939,0.0,0.23369661
0.71195036,0.0,0.08934549
0.96638376,0.0,0.00029485216
0.97369134,0.0,0.0
0.7034444,0.0,0.23215407
0.5897229,0.0,0.0154348165
0.9017214,0.0,0.0
0.953331,0.0,0.0
0.6323682,0.0,0.12888849
0.9633628,0.0,0.46694344
0.7148906,0.0,0.1957744
0.45073935,0.0,0.63826907
0.52955997,0.0,0.19340123
0.19462176,0.0,0.29931113
0.7109406,0.0,0.3196015
0.8921439,0.0,0.26887423
0.56555396,0.0,0.24321315
0.8841075,0.0,0.0689565
0.460463,0.0,0.18486942
0.92216456,0.0,0.023595357
0.9660194,0.0,0.45669627
0.56416667,0.0,0.40371737
0.9550499,0.0,0.43652692
0.6698855,0.0,0.6435932
0.789824,0.0,0.32266584
0.6224639,0.0,0.4959078
0.7451583,0.0,0.21530291
0.45829636,0.0,0.62348646
0.83168024,0.0,0.36166772
0.7701145,0.0,0.02373506
0.8373902,0.0,0.2677897
0.91712534,0.0,0.39852887
0.97192425,0.0,0.19725743
0.941902,0.0,0.0020810696
0.92030203,0.0,0.021122908
0.9539837,0.0,0.08952482
0.94250506,0.0,0.016372463
0.9064424,0.0,0.3334406
0.7648641,0.0,0.38012034
0.9430872,1.0,0.33364606
0.9237011,0.0,0.049938142
0.97184575,0.0,0.095794156
0.70150465,0.0,0.54095435
0.91284907,0.0,0.52034575
0.9626587,0.0,0.19581601
0.9576445,0.0,0.54026365
0.8893515,0.0,0.12167484
0.58574194,1.0,0.6596174
0.9027563,1.0,0.38495988
0.9555143,0.0,0.00021461386
0.58861333,0.0,0.15922678
0.3119997,0.0,0.32135805
0.84837687,0.0,0.06885279
0.77810735,0.0,0.0
0.9691617,0.0,0.07318666
0.95977753,0.0,0.5537779
0.8801569,0.0,0.21463421
0.69737,0.0,0.00024199404
0.5811262,0.0,0.33499604
0.84765816,0.0,0.6049328
0.67406225,0.0,0.24409789
0.49542353,0.0,0.16464278
0.83252794,0.0,0.5170529
0.5457592,0.0,0.7263181
0.89032036,0.0,0.48267052
0.7763024,0.0,0.44636056
0.6761761,0.0,0.16668041
0.8174154,0.0,0.36892143
0.80355996,0.0,0.42364952
0.6053739,0.0,0.097317725
0.68186903,0.0,0.0
0.80499345,0.0,0.38084617
0.66023374,0.0,0.5522761
0.717774,0.0,0.03986427
0.93884295,0.0,0.0006590103
0.7778337,0.0,0.31916276
0.8470723,0.0,0.15173109
0.9320732,0.0,0.009320033
0.37755802,0.0,0.5122715
0.9432164,0.0,0.0039121886
0.8182074,0.0,0.36234042
0.8424227,0.0,0.09132456
0.563196,0.0,0.51056856
0.84267306,0.0,0.4161799
0.9268661,0.0,0.11162926
0.8121616,0.0,0.25703716
0.7219546,1.0,0.45147356
0.8592359,1.0,0.3626475
0.6706875,1.0,0.4192591
0.9085947,0.0,0.0061901542
0.64452654,1.0,0.67721593
0.65682,1.0,0.63347775
0.931286,0.0,0.050362613
0.8985954,0.0,0.38955146
0.7301465,0.0,0.38496006
0.9284822,0.0,0.10905398
0.8939318,0.0,0.17775546
0.9242745,0.0,0.23819427
0.76483005,0.0,0.008361268
0.8586604,0.0,0.07179631
0.933057,0.0,0.0007933204
0.9158851,0.0,0.027944569
0.8951837,0.0,0.0062976694
0.87923896,0.0,0.0004650013
0.5971007,0.0,0.13704385
0.87439317,0.0,0.15797244
0.71948314,0.0,0.03182186
0.7419871,0.0,0.010774108
0.9202488,0.0,0.09598554
0.887624,0.0,0.44686103
0.6526379,0.0,0.0076422975
0.5303698,0.0,0.27188843
0.6836034,0.0,0.0014801179
0.82505995,0.0,0.0
0.928878,0.0,0.0
0.9767725,0.0,0.0046707764
0.8666455,0.0,0.06823573
0.8518582,0.0,0.0737369
0.9137018,0.0,0.038098235
0.84914744,0.0,0.08965242
0.54957265,1.0,0.28892908
0.6744402,1.0,0.68452406
0.922498,1.0,0.08356031
0.8471128,1.0,0.51936114
0.67591965,1.0,0.7614347
0.93912065,0.0,0.552229
0.92530704,0.0,0.011011422
0.7033266,1.0,0.32984826
0.587603,0.0,0.4832439
0.64372915,0.0,0.23478916
0.97400475,0.0,0.0036611487
0.9627779,0.0,0.11183112
0.75574046,0.0,0.55263203
0.7174796,0.0,0.010129444
0.911334,0.0,0.0034935488
0.7128655,0.0,0.27113193
0.29660308,0.0,0.22669594
0.8719315,0.0,0.013746891
0.7034303,0.0,0.21811166
0.40550599,0.0,0.7032404
0.58159596,0.0,0.5414986
0.80958915,0.0,0.3692209
0.4571305,0.0,0.19925009
0.6049202,0.0,0.013495129
0.21398349,0.0,0.0
0.7890842,0.0,0.0
0.9443806,0.0,0.00061849004
0.8708908,0.0,0.007047006
0.89239454,0.0,0.015614807
0.81048304,1.0,0.47445965
0.9466222,0.0,0.29546347
0.8749707,0.0,0.09141068
0.9632354,1.0,0.17680967
0.9079032,0.0,0.38243416
0.96593016,0.0,0.0064538396
0.8041793,0.0,0.0005955084
0.83350235,0.0,0.25783497
0.97692686,0.0,0.19242796
0.8707258,0.0,0.0121545745
0.48329225,0.0,0.3689184
0.4826318,0.0,0.105147816
0.9052867,0.0,0.0
0.9138639,0.0,0.0
0.83808714,0.0,0.035455
0.87171423,0.0,0.0
0.75402504,0.0,0.23958272
0.81467396,0.0,0.6891543
0.75424635,0.0,0.012941528
0.7268753,0.0,0.4183839
0.77036273,0.0,0.31207892
0.9075322,0.0,0.47975335
0.8574801,0.0,0.11860733
0.36104396,0.0,0.28696463
0.7542863,0.0,0.088207036
0.35109338,0.0,0.3519446
0.6309761,0.0,0.21267603
0.3509768,0.0,0.3293285
0.6868667,0.0,0.3606421
0.93458104,0.0,0.0123317465
0.7706497,0.0,5.1130995e-05
0.7418496,0.0,0.35529825
0.53430766,0.0,0.6144734
0.8580814,0.0,0.18131907
0.41063902,0.0,0.3896484
0.7653361,1.0,0.2528794
0.8485876,1.0,0.6685545
0.96514213,1.0,0.7261793
0.7120093,1.0,0.06692695
0.3159675,1.0,0.3368863
0.6062618,1.0,0.5776575
0.71366143,1.0,0.28824228
0.5893961,0.0,0.028703418
0.62575454,1.0,0.27282873
0.8940984,1.0,0.19941111
0.9308605,0.0,0.01588393
0.94051397,0.0,0.225888
0.80167663,1.0,0.48814884
0.8406157,0.0,0.069275215
0.55827117,0.0,0.07131133
0.4931172,0.0,0.36727974
0.676654,0.0,0.5130713
0.7152743,0.0,0.37170523
0.955554,0.0,0.20341587
0.6441922,0.0,0.39103955
0.927844,0.0,0.0021563363
0.928843,0.0,0.05982392
0.89823395,0.0,0.63409215
0.90588164,0.0,0.17373359
0.92801654,0.0,0.38138926
0.7456878,1.0,0.55888534
0.4539,1.0,0.55445623
0.8636505,0.0,0.33932614
0.94793814,1.0,0.05505165
0.8524285,1.0,0.59857875
0.6843423,1.0,0.52586377
0.8140693,0.0,0.4839517
0.91895944,1.0,0.0882842
0.6010121,1.0,0.6531002
0.7299395,1.0,0.6966981
0.6872979,0.0,0.89954144
0.35101503,0.0,0.51006746
0.3775153,0.0,0.35174882
0.3176892,0.0,0.18698733
0.4581937,0.0,0.19780675
0.45866427,0.0,0.05328137
0.41392672,0.0,0.38898286
0.43065172,0.0,0.44440228
0.57146174,0.0,0.1045941
0.57760775,0.0,0.45289108
0.8502075,0.0,0.0939498
0.6514498,0.0,0.110462405
0.5814136,0.0,0.65848756
0.35281006,0.0,0.5633915
0.9469057,0.0,0.20326638
0.31169534,0.0,0.3304316
0.6718404,0.0,0.06835405
0.45129406,0.0,0.110029265
0.43895945,0.0,0.010901788
0.8852233,0.0,0.0
0.50836265,0.0,0.07120828
0.9563158,0.0,0.070293896
0.4201139,0.0,0.38300294
0.9805479,0.0,0.18092038
0.88643694,0.0,0.43481937
0.51904863,0.0,0.70759916
0.91419965,0.0,0.1289998
0.70241714,1.0,0.2969795
0.80620503,0.0,0.1557325
0.7825311,0.0,0.124935836
0.8311693,0.0,0.020614296
0.92552716,0.0,0.0007554017
0.7954048,0.0,0.0062206513
0.91960466,0.0,0.026398815
0.9597914,0.0,0.03816754
0.9800744,0.0,0.01596119
0.64880276,0.0,0.17582181
0.76482964,0.0,0.018346386
0.707423,0.0,0.34368116
0.50066084,0.0,0.50405794
0.3431763,0.0,0.33427423
0.4679387,0.0,0.17706203
0.5289936,0.0,0.349013
0.59209937,0.0,0.28966874
0.49526188,0.0,0.039309304
0.4393303,0.0,0.051688343
0.8971774,0.0,0.004111069
0.84708697,0.0,0.04671131
0.9764539,0.0,0.0089992145
0.62366205,0.0,0.0078034136
0.93582696,0.0,0.0067766435
0.7715599,0.0,0.052718613
0.6617961,0.0,0.033199195
0.88397825,1.0,0.33262473
0.8636856,0.0,0.005874748
0.863714,0.0,0.0
0.7697635,1.0,0.16907276
0.854089,0.0,0.0009232939
0.88181746,0.0,0.0022074385
0.95147985,0.0,0.0073453668
0.5936007,0.0,0.16195224
0.81969887,0.0,0.0
0.9810931,0.0,0.011140446
0.9831972,0.0,0.019001953
0.91568464,0.0,0.09166021
0.86042494,0.0,0.047735427
0.9662899,0.0,0.023429606
0.89268875,0.0,0.02120007
0.9437343,0.0,0.042585038
0.9391972,0.0,0.019591438
0.32033598,0.0,0.21142945
0.69981974,0.0,0.068437845
0.887099,0.0,0.06420373
0.6459692,0.0,0.79300845
0.6328632,0.0,0.44814107
0.6959216,0.0,0.24137147
0.5403202,0.0,0.48414385
0.7761808,0.0,0.2398291
0.33584514,0.0,0.40254366
0.3119456,0.0,0.55490255
0.6201129,0.0,0.14381729
0.3660951,0.0,0.6732388
0.47989464,0.0,0.29046506
0.3384469,0.0,0.008086688
0.88112104,0.0,0.04296073
0.8487712,0.0,0.010095772
0.57643175,0.0,0.20402086
0.26154724,0.0,0.2681704
0.9403004,0.0,0.0072633172
0.34938878,0.0,0.0039429995
0.754633,0.0,0.04877083
0.94071555,0.0,0.0014873766
0.78571856,0.0,0.019424397
0.93442947,0.0,0.0
0.8170143,0.0,0.0
0.53696495,0.0,0.0104564885
0.9587372,0.0,0.0073381457
0.86759096,0.0,0.00971208
0.4380178,0.0,0.299597
0.8879589,0.0,0.00035477598
0.8818333,0.0,0.106123984
0.9159442,0.0,0.021718426
0.8235534,0.0,0.015466524
0.32642275,0.0,0.23752995
0.37179697,0.0,0.13127181
0.3612276,1.0,0.6721433
0.37068567,1.0,0.60410553
0.5696276,1.0,0.40971282
0.47864172,1.0,0.45546874
0.8122011,0.0,0.07415257
0.81343484,1.0,0.2933507
0.7345453,0.0,0.24723504
0.54101515,0.0,0.0
0.4338029,0.0,0.43305743
0.750273,0.0,0.28006712
0.88641596,0.0,0.008905997
0.6538612,0.0,0.0037031593
0.354397,0.0,0.46223724
0.9120182,0.0,0.08031081
0.97868973,0.0,0.0658128
0.61195683,0.0,0.03584003
0.32987258,0.0,0.3430285
0.9813244,0.0,0.0034094802
0.9672615,0.0,0.036460623
0.87605995,0.0,0.2329828
0.19295515,0.0,0.24639186
0.95717424,0.0,0.004727354
0.86359376,0.0,0.010003578
0.56288296,0.0,0.36948758
0.36525503,0.0,0.53125226
0.9480076,0.0,0.17846948
0.36299863,0.0,0.3757144
0.39526206,0.0,0.3937122
0.677039,0.0,0.042871546
0.7605004,0.0,0.26954666
0.10948957,0.0,0.5968984
0.37043342,0.0,0.6409704
0.5510423,0.0,0.6245138
0.70500636,0.0,0.03746572
0.27928907,0.0,0.28026918
0.77371484,0.0,0.0109887365
0.75166404,0.0,0.0033425852
0.9585789,0.0,0.055083286
0.92950296,0.0,0.015019025
0.9560337,0.0,0.0
0.7576759,0.0,0.041133914
0.7891873,1.0,0.11049552
0.9657218,1.0,0.027233586
0.94642943,0.0,0.0
0.924674,0.0,0.0
0.27229846,0.0,0.0
0.74669814,0.0,0.0
0.8763499,0.0,0.006805758
0.6511422,0.0,0.013287476
0.37739113,0.0,0.09894674
0.90571773,0.0,0.023886772
0.43520284,0.0,0.0030523334
0.17905797,0.0,0.2449758
0.46671632,0.0,0.1539204
0.6026236,0.0,0.047577236
0.49955058,0.0,0.15045981
0.3119324,0.0,0.5304834
0.2998685,0.0,0.23085125
0.26356074,0.0,0.78732854
0.3027259,0.0,0.6618022
0.13208891,0.0,0.25543228
0.50250375,0.0,0.30241647
0.79857,0.0,0.030939927
0.21198964,0.0,0.53765726
0.9714902,0.0,0.09708491
0.41419244,0.0,0.20496619
0.3703652,0.0,0.0
0.9653333,0.0,0.011323904
0.93703836,0.0,0.025746042
0.9167957,0.0,0.01006381
0.92975956,0.0,0.01733486
0.95466405,0.0,0.004074127
0.9324707,0.0,0.0
0.9703312,1.0,0.0636363
0.9658097,0.0,0.00067667075
0.77069855,0.0,0.031322043
0.8768126,0.0,0.0
0.5127531,0.0,0.20000884
0.45581976,0.0,0.17966333
0.74427956,0.0,0.03048284
0.42786524,0.0,0.008891748
0.58347577,0.0,0.2259672
0.24034655,0.0,0.25114188
0.26971236,1.0,0.024052246
0.7033723,0.0,0.091966026
0.20260623,0.0,0.15346473
0.7892164,0.0,0.02377889
0.91695905,0.0,0.0025056237
0.8430116,0.0,0.14460595
0.20417419,0.0,0.3327524
0.2144197,0.0,0.4843497
0.17339428,0.0,0.08205635
0.29798684,0.0,0.5275429
0.8758044,0.0,0.25088382
0.47377694,0.0,0.6105872
0.3997384,0.0,0.41868174
0.6967187,0.0,0.14696962
0.9254364,0.0,0.02391394
0.66915447,0.0,0.5233065
0.2897929,0.0,0.54150856
0.2523502,0.0,0.68186533
0.6127174,0.0,0.17304145
0.6735007,0.0,0.05080322
0.5268132,0.0,0.40873173
0.4876965,0.0,0.40640798
0.9695398,0.0,0.0015965106
0.3240249,0.0,0.5114618
0.35351896,0.0,0.58522165
0.4733909,0.0,0.12544721
0.75592804,0.0,0.14094822
0.5786977,0.0,0.72336924
0.29261658,1.0,0.58040905
0.93571913,0.0,0.00029652184
0.6569448,0.0,0.13741297
0.38899517,0.0,0.37680572
0.75352824,1.0,0.12759727
0.8051627,0.0,0.0
0.44896367,0.0,0.4044606
0.7081083,0.0,0.27767754
0.92872417,0.0,0.0
0.26959363,0.0,0.089608304
0.4569105,0.0,0.62221164
0.8580274,0.0,0.41176602
0.400705,0.0,0.43154258
0.548775,0.0,0.26268172
0.47374016,1.0,0.39534304
0.6192123,1.0,0.7483451
0.68532854,0.0,0.09247582
0.9081973,0.0,0.0
0.92153007,1.0,0.1184076
0.7393876,1.0,0.3435035
0.85871434,0.0,0.0
0.4524581,1.0,0.00786387
0.33568177,1.0,0.47145352
0.69553626,1.0,0.28865656
0.9596048,0.0,0.0
0.6172695,1.0,0.14665218
0.3519574,1.0,0.4641312
0.6375259,0.0,0.13165565
0.78005904,0.0,0.003218778
0.6996731,1.0,0.13619328
0.6138953,1.0,0.24721229
0.88096255,0.0,0.09052806
0.48835075,0.0,0.0
0.79194176,1.0,0.46834528
0.7277937,1.0,0.70391333
0.6148436,0.0,0.3246824
0.5304623,0.0,0.09214066
0.9198109,0.0,0.27651572
0.9075962,0.0,0.002626126
0.8639605,1.0,0.11503274
0.93856883,1.0,0.23034246
0.8095133,0.0,0.0
0.76153725,0.0,0.030386629
0.41883832,0.0,0.33409888
0.8338054,0.0,0.35107827
0.539475,0.0,0.5713615
0.69259787,1.0,0.114048935
0.8608724,0.0,0.62710667
0.42312428,0.0,0.7231788
0.5446652,0.0,0.8015168
0.868323,1.0,0.6633167
0.8984389,1.0,0.4503372
0.7984006,1.0,0.21788995
0.8988819,0.0,0.051880915
0.82381934,0.0,0.56102777
0.68039566,0.0,0.3644333
0.57128644,0.0,0.18339813
0.7047482,0.0,0.41323167
0.46726966,0.0,0.16910744
0.7813961,0.0,0.023139805
0.26480353,0.0,0.12896211
0.14047217,0.0,0.3179666
0.35942566,0.0,0.0030480009
0.93419045,0.0,0.052665133
0.8808802,0.0,0.23090133
0.23481525,0.0,0.13656452
0.23683338,0.0,0.58940977
0.18580396,0.0,0.39206144
0.88917464,0.0,0.027025606
0.6808426,0.0,0.14932784
0.25932747,0.0,0.48666143
0.60597885,0.0,0.092983484
0.9578196,0.0,0.04479897
0.58888334,0.0,0.34936592
0.8722478,0.0,0.13439731
0.34512874,0.0,0.34785742
0.55799603,0.0,0.18515363
0.18654202,0.0,0.7065274
0.38920298,0.0,0.5840585
0.5659811,0.0,0.0043254914
0.40959165,1.0,0.4647102
0.34954986,0.0,0.24196579
0.9111068,0.0,0.33706757
0.8766962,1.0,0.18431728
0.6196229,1.0,0.6905966
0.6470292,1.0,0.33157593
0.92242515,0.0,0.03303987
0.7545365,1.0,0.26727888
0.85716665,1.0,0.38213548
0.7611403,1.0,0.18305275
0.92607564,0.0,0.0
0.8313571,1.0,0.20359093
0.6040044,1.0,0.47587222
0.83722377,1.0,0.21600796
0.7807096,0.0,0.002879122
0.7019409,0.0,5.0261347e-06
0.7317728,1.0,0.1420552
0.85035884,0.0,0.0
0.7122207,0.0,0.12607543
0.90108716,0.0,0.09061199
0.6358183,0.0,0.0942267
0.36157227,0.0,0.17254882
0.367266,0.0,0.48069465
0.5086263,0.0,0.101288006
0.9325864,0.0,0.0061694924
0.1569949,0.0,0.16728663
0.18997315,0.0,0.44398275
0.94164586,0.0,0.016671324
0.8872781,0.0,0.0
0.20088923,0.0,0.35699007
0.61487705,0.0,0.49722466
0.32339105,0.0,0.4554999
0.5406815,0.0,0.050822917
0.6612381,0.0,0.10851677
0.47790635,0.0,0.012569681
0.95110625,0.0,0.0
0.68737423,0.0,0.0013686321
0.82540166,0.0,0.010095222
0.78960365,0.0,0.0
0.7921524,0.0,0.0
0.72388184,0.0,0.026305227
0.59695774,0.0,0.04735362
0.8818104,0.0,0.0
0.84037274,0.0,0.00257616
0.7538755,1.0,0.27226612
0.9821469,1.0,0.035717495
0.7851534,0.0,0.024279881
0.6665485,0.0,0.07769328
0.76367533,0.0,0.07531905
0.9419651,0.0,0.017464848
0.6692287,0.0,0.0018354306
0.58164,0.0,0.31776017
0.13772802,0.0,0.11466902
0.4009639,0.0,0.008683709
0.6107144,0.0,0.014424909
0.2937385,0.0,0.23481801
0.2443771,0.0,0.5813236
0.83156216,0.0,0.042731725
0.2622405,0.0,0.4859496
0.4025144,0.0,0.040546294
0.26535597,0.0,0.3716795
0.29377016,0.0,0.24629572
0.31723186,0.0,0.36722073
0.4917962,0.0,0.30371416
0.5797851,0.0,0.33001283
0.78307366,0.0,0.016071275
0.38802612,0.0,0.49617466
0.40303394,0.0,0.59180325
0.31321642,0.0,0.14500663
0.14080416,0.0,0.3653416
0.34240693,0.0,0.52815914
0.23603669,0.0,0.6400009
0.07885771,0.0,0.5296003
0.3530818,0.0,0.03542396
0.21533263,0.0,0.44256383
0.67106134,0.0,0.0018303286
0.26821283,0.0,0.41027084
0.30981708,0.0,0.47988972
0.7810941,0.0,0.31874797
0.23105691,0.0,0.6088521
0.50857776,0.0,0.5424078
0.41900265,0.0,0.46297312
0.7851006,0.0,0.014998105
0.78776103,0.0,0.0
0.4322439,0.0,0.22879581
0.55194664,0.0,0.03343606
0.26614982,0.0,0.07384787
0.25808027,0.0,0.20639338
0.4921775,0.0,0.19446446
0.42146248,0.0,0.495236
0.48770365,0.0,0.11513508
0.9720305,0.0,0.00012969278
0.19252065,0.0,0.0
0.5548733,0.0,0.027677635
0.7568906,0.0,0.0
0.1381538,0.0,0.14509933
0.6497086,0.0,0.011071173
0.05707395,0.0,0.22115114
0.1585399,0.0,0.4299913
0.70916444,0.0,0.0
0.81502706,0.0,0.00022694569
0.9259588,0.0,0.03598961
0.9679258,0.0,0.11675811
0.875253,0.0,0.010375379
0.82394,0.0,0.014716669
0.31981835,0.0,0.26247552
0.5082466,0.0,0.16479596
0.78458387,0.0,0.18913598
0.5199254,0.0,0.17998488
0.48986173,0.0,0.25917092
0.38341892,0.0,0.11479435
0.94588995,0.0,0.0084026875
0.5682924,0.0,0.0659221
0.28274906,0.0,0.010261849
0.98171943,0.0,0.0019523005
0.9478742,0.0,0.018215751
0.22079368,0.0,0.14056718
0.36225158,0.0,0.20738633
0.28946164,0.0,0.0
0.48662877,0.0,0.027495094
0.56217736,0.0,0.3678831
0.24653521,0.0,0.50158113
0.276824,0.0,0.4536179
0.21754415,0.0,0.21131207
0.4684131,0.0,0.3365589
0.71458614,0.0,0.19469441
0.49524578,0.0,0.62833786
0.7674643,0.0,0.55405015
0.9350859,0.0,0.0593567
0.9241357,0.0,0.6366219
0.9091908,0.0,0.2313734
0.69615126,0.0,0.42655227
0.7622346,0.0,0.6416179
0.84824955,0.0,0.5671232
0.6696175,0.0,0.09774573
0.81613386,0.0,0.34526017
0.93076843,0.0,0.23192722
0.8916972,0.0,0.32660675
0.5315958,0.0,0.7003538
0.9746198,0.0,0.29125872
0.47488543,0.0,0.7545751
0.90095323,0.0,0.29554665
0.8052739,0.0,0.0020252557
0.92468774,0.0,0.07591198
0.6409077,0.0,0.35054496
0.6969307,0.0,0.18334855
0.98395336,0.0,0.0
0.7320213,0.0,0.18923485
0.894465,0.0,0.45935816
0.9561526,0.0,0.34435531
0.81266236,0.0,0.13813925
0.6785569,0.0,0.5870893
0.7667652,0.0,0.6426582
0.6671141,0.0,0.34868065
0.8891839,0.0,0.16040553
0.82973474,0.0,0.08267473
0.728119,0.0,0.25216022
0.49065703,0.0,0.12139657
0.8692395,0.0,0.0
0.9068385,0.0,0.06481107
0.8388475,0.0,0.046598125
0.9083766,0.0,0.014283818
0.94209355,0.0,0.0
0.697074,0.0,0.012992589
0.56294334,0.0,0.0
0.4716886,0.0,0.0070001744
0.88269395,0.0,0.010702265
0.39178658,0.0,0.24693255
0.7276975,0.0,0.4767704
0.6528734,0.0,0.31606397
0.7214062,0.0,0.42228028
0.80360794,0.0,0.66276973
0.93391275,0.0,0.21292292
0.9594404,0.0,0.22456834
0.35857052,0.0,0.32833117
0.9358603,0.0,0.0
0.8989097,0.0,0.0037752604
0.733446,0.0,0.13434014
0.68107915,0.0,0.2522542
0.92770725,0.0,0.0
0.97021633,0.0,0.0
0.44472814,0.0,0.27921885
0.9720853,0.0,0.010838796
0.7905186,0.0,0.027228037
0.68914646,0.0,0.14732708
0.7978775,0.0,0.10349274
0.870279,0.0,0.2551553
0.9034962,1.0,0.36799976
0.81728363,0.0,0.36090633
0.56730855,1.0,0.09780166
0.508408,0.0,0.66797626
0.37623838,0.0,0.22802825
0.88018626,0.0,0.0
0.8836234,0.0,0.03155313
0.31584284,0.0,0.08578139
0.85276264,0.0,0.0
0.9014089,0.0,0.0
0.5433235,0.0,0.51604307
0.26273194,0.0,0.3257875
0.69639254,0.0,0.0
0.45780754,0.0,0.106177144
0.38518846,0.0,0.608348
0.8312022,0.0,0.33042985
0.7046804,0.0,0.30773118
0.7579916,0.0,0.43569863
0.7039753,0.0,0.30379027
0.96538913,0.0,0.04956769
0.78317165,0.0,0.25212598
0.27527502,0.0,0.5138534
0.8565753,0.0,0.0010080109
0.58395284,0.0,0.025543222
0.30081472,0.0,0.06454741
0.7031765,0.0,0.16118667
0.9640961,0.0,0.020248836
0.9177155,0.0,0.0073070796
0.52795064,1.0,0.09731024
0.91426927,0.0,0.0035878194
0.9075812,0.0,0.04156121
0.3381938,1.0,0.07272521
0.8302249,1.0,0.30175552
0.84154415,1.0,0.29431194
0.7023105,0.0,0.50907373
0.7932428,0.0,0.35303727
0.63951796,0.0,0.20159675
0.6684695,0.0,0.448987
0.6662604,0.0,0.27726525
0.9368958,0.0,0.0021141963
0.51099265,0.0,0.016182465
0.6842739,0.0,0.29195142
0.79266703,0.0,0.106796086
0.92547387,0.0,0.00361682
0.6555779,0.0,0.28933728
0.3014648,0.0,0.17798238
0.40223047,0.0,0.023195373
0.73265177,0.0,0.0
0.79740137,0.0,0.42528227
0.7212183,0.0,0.23492384
0.8469499,0.0,0.100015335
0.5871247,0.0,0.75262076
0.7169872,0.0,0.5377344
0.49736425,0.0,0.10652124
0.74305063,0.0,0.30237308
0.31797305,0.0,0.5605606
0.8337027,0.0,0.19464831
0.6737381,0.0,0.4441494
0.49478537,0.0,0.895077
0.35142803,0.0,0.8169514
0.94847137,0.0,0.7283773
0.8857189,0.0,0.9012012
0.6419077,0.0,0.57827944
0.8243276,0.0,0.7981764
0.9210076,0.0,0.62553704
0.7399458,0.0,0.4346902
0.6298397,0.0,0.30096698
0.89225435,0.0,0.61963123
0.62291443,0.0,0.17951551
0.8106992,0.0,0.12540886
0.6321336,0.0,0.40707383
0.8365249,0.0,0.38236707
0.71912366,0.0,0.0
0.85671526,0.0,0.1085597
0.75697404,0.0,0.44247496
0.92500514,0.0,0.16518691
0.8386402,0.0,6.8039306e-05
0.8590715,0.0,0.1955192
0.31668347,0.0,0.26473886
0.64318967,0.0,0.03715836
0.9126868,0.0,0.29422995
0.7090522,0.0,0.5662545
0.92649704,0.0,0.4670032
0.6004607,0.0,0.37054735
0.6032843,0.0,0.60844177
0.5243122,0.0,0.6994773
0.82828534,0.0,0.4672444
0.5996057,0.0,0.3795512
0.5728725,0.0,0.23744322
0.97661966,0.0,0.13726442
0.5234237,0.0,0.16965337
0.9671967,0.0,0.017825387
0.8370167,0.0,0.11295094
0.6298307,0.0,0.030996786
0.4752579,0.0,0.0
0.94760823,0.0,0.033475697
0.9815108,0.0,0.0
0.9124775,1.0,0.012752018
0.97861165,0.0,0.0011188136
0.9338555,0.0,0.017213434
0.789732,1.0,0.17916223
0.63215744,0.0,0.23888198
0.87328327,0.0,0.297351
0.88304174,0.0,0.34498432
0.93755174,0.0,0.26877397
0.462871,0.0,0.2639713
0.70074224,0.0,0.5479753
0.5934465,0.0,0.40799296
0.9469297,0.0,0.0
0.93439597,0.0,0.15057802
0.5824149,0.0,0.51836926
0.91689587,0.0,0.035862017
0.9581892,1.0,0.004991336
0.3983113,0.0,0.38084716
0.5101747,0.0,0.1721849
0.8590885,0.0,0.0
0.8928403,0.0,0.030259585
0.53407913,0.0,0.5240791
0.9415498,0.0,0.42313722
0.9117104,0.0,0.33289832
0.81648505,0.0,0.41762647
0.7294559,0.0,0.5093084
0.8069646,0.0,0.15176395
0.9548439,0.0,0.21180426
0.64589405,0.0,0.23848061
0.9559929,0.0,0.013144817
0.95432204,0.0,0.17326851
0.8667344,1.0,0.0648609
0.365539,1.0,0.10216844
0.9623677,0.0,0.067678824
0.9798471,0.0,0.0
0.7492287,1.0,0.2721279
0.9500884,0.0,0.004728942
0.92418724,0.0,0.05660386
0.84807134,1.0,0.20273499
0.77398485,1.0,0.34475657
0.8246449,0.0,0.37444213
0.9114356,0.0,0.6983278
0.8558735,0.0,0.3271095
0.61144245,0.0,0.09380485
0.911441,0.0,0.5081638
0.56742144,0.0,0.4144929
0.95140845,0.0,0.0
0.94099987,0.0,0.05964974
0.4355223,0.0,0.46117857
0.9470916,0.0,0.019415947
0.6533448,1.0,0.018213691
0.7351022,0.0,0.3680859
0.5402143,0.0,0.24479459
0.94180775,0.0,0.0
0.9013374,0.0,0.06652815
0.6501453,0.0,0.5454278
0.9298916,0.0,0.24662721
0.9121013,0.0,0.132936
0.73881006,0.0,0.47338736
0.79962176,0.0,0.37803844
0.94379896,1.0,0.015587657
0.615496,0.0,0.1154769
0.34734583,1.0,0.13910244
0.8197499,0.0,0.0
0.480945,0.0,0.10875599
0.50078946,1.0,0.11981355
0.72093457,1.0,0.16512853
0.9776188,0.0,0.0090611745
0.9856213,0.0,0.0
0.8086644,1.0,0.31213748
0.9123981,0.0,0.0056550023
0.96477157,0.0,0.020194309
0.88282794,1.0,0.15534176
0.8236905,1.0,0.49301568
0.9282556,0.0,0.38187078
0.70554036,1.0,0.45812806
0.7856132,0.0,0.2639872
0.792843,1.0,0.18623942
0.7406474,0.0,0.37553638
0.8983571,0.0,0.28829753
0.95479625,0.0,0.0
0.9234831,0.0,0.0006978974
0.52954674,0.0,0.2274488
0.9672841,0.0,0.06684231
0.9172458,0.0,0.0
0.88907903,0.0,0.0008959277
0.54989564,0.0,0.28725284
0.76591736,0.0,0.0
0.9380306,0.0,0.0
0.27030227,0.0,0.05265482
0.9615104,0.0,0.25217566
0.8680732,0.0,0.11455403
0.32459474,0.0,0.18556578
0.43924233,0.0,0.48799443
0.7150321,0.0,0.31228447
0.682398,0.0,0.45121378
0.55337346,0.0,0.24946626
0.93705434,0.0,0.39372808
0.87513435,0.0,0.52279145
0.87379086,0.0,0.6364325
0.92403316,0.0,0.76217604
0.8281017,0.0,0.18594888
0.8508051,0.0,0.17718163
0.9010868,0.0,0.75309396
0.93346435,0.0,0.25212517
0.6529208,0.0,0.24620628
0.68345815,0.0,0.4564569
0.49154186,1.0,0.49480596
0.9132673,0.0,0.033223365
0.9056737,0.0,0.01255166
0.20787276,1.0,0.41031918
0.5660286,1.0,0.13158014
0.94922256,0.0,0.0006647321
0.8862284,1.0,0.26102108
0.43508872,1.0,0.48887154
0.97282106,0.0,0.0
0.8881449,0.0,0.0005967848
0.4604495,1.0,0.3097824
0.76559776,1.0,0.36003318
0.701883,0.0,0.26375565
0.44929898,1.0,0.44381216
0.78082347,1.0,0.21992113
0.42217538,1.0,0.5003911
0.43228215,0.0,0.5916982
0.93424255,0.0,0.005049561
0.83184814,1.0,0.18144503
0.4953102,0.0,0.49886596
0.8721595,0.0,0.10812624
0.94737697,0.0,0.004303011
0.44544396,1.0,0.4277617
0.82730526,0.0,0.5819527
0.7323069,0.0,0.35162595
0.78086305,0.0,0.26711354
0.8219565,0.0,0.013810182
0.27607432,0.0,0.2431694
0.32301813,0.0,0.34211767
0.92681754,0.0,0.0014511569
0.1902493,0.0,0.0055825305
0.26549867,0.0,0.54496485
0.5960641,0.0,0.3900378
0.42957005,0.0,0.05127255
0.21300563,0.0,0.6118898
0.80849993,0.0,0.14432846
0.5774229,0.0,0.72237813
0.77228147,0.0,0.45756343
