gate_value,label,rsa
0.63759345,0.0,1.0
0.6764824,0.0,0.43994147
0.70708394,0.0,0.37144604
0.61749053,0.0,0.6065499
0.9239638,0.0,0.3750577
0.8896116,0.0,0.012995268
0.8363118,0.0,0.055486955
0.82478034,0.0,0.0012263058
0.89646447,0.0,0.00023238685
0.8588568,0.0,0.0002941125
0.7432934,0.0,0.0
0.86665493,0.0,2.5751215e-05
0.8946823,0.0,0.0
0.5424574,1.0,0.17973678
0.9346526,0.0,0.0011636675
0.91859525,1.0,0.33381727
0.9193105,1.0,0.34903353
0.90684456,0.0,0.0
0.7806445,1.0,0.314073
0.80552715,1.0,0.7414633
0.91148365,0.0,0.06685297
0.79574734,0.0,0.06127135
0.6134246,0.0,0.48929882
0.79829514,0.0,0.14039555
0.63426983,0.0,0.0
0.7214176,0.0,0.075854085
0.8044001,0.0,0.30027267
0.9134324,0.0,0.029563827
0.6206723,0.0,0.0
0.8556922,0.0,0.2322766
0.54306394,0.0,0.30262113
0.69907093,0.0,0.0015807443
0.90146327,0.0,0.05272764
0.7582103,0.0,0.52839327
0.7233735,0.0,0.40610564
0.6255923,0.0,0.056987163
0.3771571,0.0,0.5358562
0.73843354,0.0,0.3448608
0.64817315,0.0,0.6701483
0.6957887,0.0,0.4307473
0.68921876,0.0,0.051364824
0.59368426,0.0,0.33225062
0.86330736,0.0,0.0020056055
0.9309502,0.0,0.0
0.7710954,0.0,0.0
0.48950878,0.0,0.0
0.52514535,0.0,0.006118532
0.89228654,0.0,0.00025328086
0.90090996,1.0,0.0137014985
0.8131703,1.0,0.30744863
0.87588286,1.0,0.44298145
0.95542157,0.0,0.17687294
0.7607025,0.0,0.34552684
0.6550648,0.0,0.32283697
0.581712,0.0,0.26793826
0.49618542,0.0,0.03998375
0.6070081,0.0,0.51534176
0.90773344,0.0,0.18035533
0.82034737,0.0,0.111953646
0.90014935,0.0,0.18850169
0.9237845,0.0,0.39126632
0.66218936,0.0,0.22236434
0.86489815,0.0,0.49519637
0.57233214,0.0,0.5560791
0.5846687,0.0,0.039515924
0.6812308,0.0,0.40757152
0.80047375,0.0,0.43390527
0.8952467,0.0,0.021098265
0.78296316,0.0,0.108966164
0.9259736,0.0,0.42613524
0.86544317,0.0,0.15629958
0.7816867,0.0,0.00021459078
0.5335595,0.0,0.5315568
0.724942,1.0,0.62169284
0.49785632,0.0,0.16868699
0.41362932,1.0,0.58956057
0.7662014,1.0,0.12380066
0.6057019,1.0,0.6675379
0.7905169,1.0,0.40329456
0.9202826,1.0,0.47085944
0.88537645,1.0,0.10206165
0.9687168,1.0,0.22464456
0.5812509,0.0,0.0002979842
0.9014648,1.0,0.1438265
0.93923277,1.0,0.27107242
0.95210505,0.0,0.0
0.83860266,0.0,0.0
0.7676302,1.0,0.47575203
0.64148116,0.0,0.16963385
0.8887905,0.0,0.0
0.7623704,0.0,0.02934246
0.8365122,0.0,0.41556972
0.86987734,0.0,0.10111165
0.6731558,0.0,0.0
0.6810132,0.0,0.53458667
0.78054184,0.0,0.80126053
0.9622125,0.0,0.34431598
0.92135566,0.0,0.32978195
0.94220126,0.0,0.07755198
0.61240536,0.0,0.658884
0.68956906,0.0,0.80002296
0.801829,0.0,0.15247469
0.90004575,0.0,0.11736186
0.90747243,0.0,0.037364364
0.44084793,0.0,0.015844349
0.5666266,0.0,0.0
0.46537903,0.0,0.00039830382
0.87847817,0.0,0.0
0.6436288,0.0,0.0
0.6135337,0.0,0.0
0.8422378,0.0,0.0
0.76984966,0.0,0.012785212
0.46289462,0.0,0.32748517
0.8544612,0.0,0.16972739
0.88072187,1.0,0.5715401
0.9377827,1.0,0.6243355
0.7287353,1.0,0.5982107
0.5848548,1.0,0.07435182
0.9345947,0.0,0.2133536
0.89198846,0.0,0.44808426
0.8700246,1.0,0.3727382
0.90562785,0.0,0.0
0.7954374,0.0,0.24687295
0.7067106,0.0,0.5591889
0.81532085,0.0,0.07735668
0.8624316,0.0,0.0
0.7813498,0.0,0.59794766
0.68111277,0.0,0.28055248
0.8964711,0.0,0.0
0.711149,0.0,0.2872222
0.67757195,0.0,0.4679574
0.5182378,0.0,0.10714244
0.8081903,0.0,0.37872192
0.91636616,0.0,0.042498253
0.78451264,0.0,0.16995709
0.7804265,0.0,0.0
0.92275614,0.0,0.014922568
0.92334014,0.0,0.0
0.76955247,0.0,0.0
0.9237809,0.0,0.019097283
0.8664842,0.0,0.0
0.6336944,0.0,0.34926388
0.9157224,0.0,0.55637413
0.82139266,0.0,0.18742123
0.9084676,0.0,0.39139867
0.7432979,0.0,0.3644178
0.90011007,0.0,0.42461756
0.85310507,0.0,0.054083705
0.8756626,0.0,0.0
0.8848333,0.0,0.1960692
0.6829507,0.0,0.45334256
0.6870145,0.0,0.00073206215
0.91778517,0.0,0.016948996
0.6615791,0.0,0.29617047
0.9611237,0.0,0.29144374
0.58048993,0.0,0.59201294
0.7073885,0.0,0.6314837
0.8180755,0.0,0.17270817
0.7536938,0.0,0.103556946
0.75222105,0.0,0.1447636
0.8322694,0.0,0.2312949
0.91726273,0.0,0.17546685
0.8836502,0.0,0.5021547
0.92880166,0.0,0.44702828
0.9219041,0.0,0.6785138
0.90813124,0.0,0.59620714
0.5965414,0.0,0.3709575
0.9241246,0.0,0.026538463
0.7364202,0.0,0.118180215
0.6892578,0.0,0.55671483
0.87621015,0.0,0.1984208
0.6038009,0.0,0.0
0.3940575,0.0,0.1347187
0.76198643,0.0,0.40927833
0.6872722,0.0,0.20947234
0.5815392,0.0,0.004799722
0.46667957,0.0,0.40001515
0.82752717,0.0,0.705785
0.5956685,0.0,0.20733634
0.77578855,0.0,0.20218351
0.39453945,0.0,0.52515644
0.83319765,0.0,0.7981514
0.8466865,0.0,0.34495905
0.7920728,0.0,0.18574262
0.87904865,0.0,0.16818118
0.7777691,0.0,0.0
0.9075428,0.0,0.011795723
0.95724756,0.0,0.0
0.92569333,0.0,0.013809844
0.81779516,0.0,0.031132413
0.77425367,0.0,0.0
0.8223476,0.0,0.056409337
0.8376694,0.0,0.07989713
0.71299577,0.0,0.123459905
0.95612395,0.0,0.044646043
0.9455526,0.0,0.0
0.9318934,0.0,0.2092679
0.940088,0.0,0.0011381994
0.80995864,0.0,0.011154644
0.6825589,0.0,0.0030406278
0.9396755,0.0,0.00010246551
0.9349354,0.0,0.13540235
0.63462216,0.0,0.41721806
0.894222,0.0,0.43829894
0.9123087,0.0,0.07515553
0.78781945,0.0,0.3488017
0.54146093,0.0,0.2863064
0.6221951,0.0,0.329253
0.48840126,0.0,0.079758376
0.59754723,0.0,0.25853315
0.7623396,0.0,0.025675137
0.52954245,0.0,0.40376946
0.538254,0.0,0.33115354
0.5857257,0.0,0.49275953
0.89146066,0.0,0.05221982
0.6956148,0.0,0.4619087
0.61785716,0.0,0.17116134
0.7398525,0.0,0.2656582
0.7166233,0.0,0.48309955
0.7297899,0.0,0.4480007
0.65354264,0.0,0.42300135
0.81216806,0.0,0.71989614
0.5774951,0.0,0.120840766
0.9029137,0.0,0.19419606
0.60280293,0.0,0.045638923
0.8687524,0.0,0.022605445
0.8967371,0.0,0.00032761492
0.8262436,0.0,0.25698408
0.7687186,0.0,0.025461918
0.8269372,0.0,0.32778537
0.6281361,0.0,0.24749653
0.2957998,0.0,0.0018017062
0.8038226,0.0,0.2196429
0.8648664,0.0,0.41451007
0.84407604,0.0,0.083112404
0.67920625,0.0,0.003369541
0.36591548,0.0,0.18942602
0.49603802,0.0,0.2271034
0.59327114,0.0,0.0
0.5954924,0.0,0.06376399
0.5421246,0.0,0.5223627
0.6200775,0.0,0.30502355
0.85409904,0.0,0.014724758
0.4821601,0.0,0.06968911
0.829316,0.0,0.5499165
0.41590452,0.0,0.5191931
0.9272264,0.0,0.25760898
0.6068061,0.0,0.70803505
0.5493049,0.0,0.061715618
0.27075636,0.0,0.37128896
0.53498363,0.0,0.08052694
0.60542727,0.0,0.29328182
0.2899367,0.0,0.2304773
0.8257378,0.0,0.018696262
0.91628426,0.0,0.049374327
0.9397822,0.0,0.0
0.8829706,0.0,0.005376591
0.8547845,0.0,0.0
0.45695674,0.0,0.0003015746
0.810222,0.0,0.001431557
0.75576615,0.0,0.0
0.4952347,0.0,0.011247116
0.73460186,0.0,0.021525707
0.8658878,0.0,0.0058232956
0.80230385,0.0,0.0
0.8421184,0.0,0.0
0.6392367,0.0,0.0024242834
0.31878257,0.0,0.0016419481
0.8849301,0.0,0.0
0.9170297,0.0,0.041880343
0.82267267,0.0,0.46787554
0.7389638,0.0,0.74005127
0.80864394,0.0,0.5004198
0.7458435,0.0,0.03615968
0.38412276,0.0,0.42400604
0.62228614,0.0,0.19848412
0.8744667,0.0,0.16672854
0.8357357,0.0,0.23608701
0.8191227,0.0,0.2439232
0.9641244,0.0,0.0
0.5791272,0.0,0.00038366584
0.41998923,0.0,0.0
0.84255034,0.0,0.037720084
0.7403188,0.0,0.039265845
0.9286377,0.0,0.006213536
0.5709459,0.0,0.034202483
0.7622726,0.0,0.0751055
0.71382135,0.0,0.0050243563
0.7609862,0.0,0.07749211
0.61265975,0.0,0.53248984
0.51301396,0.0,0.08045911
0.81055295,0.0,0.02795013
0.8852341,0.0,0.28688776
0.6889877,0.0,0.3413125
0.570046,0.0,0.060613032
0.37714696,0.0,0.3806669
0.674178,0.0,0.66364133
0.32893705,0.0,0.47715878
0.5715387,0.0,0.56984
0.3021719,0.0,0.10979277
0.49276692,0.0,0.3249099
0.73168516,0.0,0.4398112
0.4374131,0.0,0.24205256
0.6234184,0.0,0.008226388
0.41922912,0.0,0.0944918
0.62080115,0.0,0.26591784
0.3432416,0.0,0.19625501
0.7511214,0.0,0.026180157
0.81378394,0.0,0.03221179
0.6194048,0.0,0.003377744
0.429774,0.0,0.11055809
0.6867096,0.0,0.040383168
0.83662915,0.0,0.008922337
0.6032181,0.0,0.010275487
0.7440778,0.0,0.0035039845
0.5881792,0.0,0.0
0.53819317,0.0,0.00016374433
0.94765234,0.0,0.0
0.8284347,0.0,0.0
0.83173835,0.0,0.008024763
0.46121532,0.0,0.0013419886
0.45463097,0.0,0.20200676
0.761166,0.0,0.12011973
0.37062153,0.0,0.00080684025
0.5637925,0.0,0.01234863
0.74723285,0.0,0.32993537
0.3883024,0.0,0.44134894
0.46542954,0.0,0.25765648
0.78251034,0.0,0.7794976
0.8221991,0.0,0.3654419
0.7937429,0.0,0.021303462
0.50251853,0.0,0.12307253
0.66194206,0.0,0.35757795
0.77090406,0.0,0.26827508
0.8585394,0.0,0.0
0.4921187,0.0,0.4440483
0.58161336,0.0,0.6832427
0.7313968,0.0,0.20460233
0.89041483,0.0,0.3001925
0.7535256,0.0,0.003743442
0.8459415,0.0,0.04069258
0.87370706,0.0,0.014897584
0.8927725,0.0,0.0
0.51488173,0.0,0.018675508
0.57860947,0.0,0.00091602164
0.6965533,0.0,0.0
0.78933513,0.0,0.0004433334
0.7546402,0.0,0.00056493626
0.8145268,0.0,0.0012817162
0.42517322,0.0,0.0032649983
0.892428,0.0,0.069212325
0.7081151,0.0,0.20351079
0.90368843,0.0,0.039522078
0.93999887,0.0,0.0014744158
0.6409566,0.0,0.5425417
0.5710427,0.0,0.2053343
0.8032396,0.0,0.5294396
0.7476567,0.0,0.1710527
0.9601031,0.0,0.17578447
0.8479625,0.0,0.018589566
0.800864,0.0,0.014243514
0.89549124,0.0,0.0009480129
0.5690513,0.0,0.18685937
0.6513307,0.0,0.0008946027
0.85078716,0.0,0.0
0.9566289,0.0,0.0055233804
0.45075503,0.0,0.005248535
0.8368617,0.0,0.00023318174
0.45200878,0.0,0.0056192577
0.7951661,0.0,0.0022668021
0.7653218,0.0,0.006499917
0.8483193,0.0,0.0039931354
0.8471263,0.0,0.060738355
0.6409459,0.0,0.0045623058
0.8227283,0.0,0.40330198
0.934746,0.0,0.47021174
0.4779197,0.0,0.2866435
0.56371045,0.0,0.37020454
0.9428925,0.0,0.06703313
0.9735381,0.0,0.108527355
0.80928034,0.0,0.49942672
0.41668606,0.0,0.34584418
0.80609494,0.0,0.01677621
0.696496,0.0,0.06841023
0.73954195,0.0,0.5887299
0.4596558,0.0,0.29115677
0.7417897,0.0,0.01195864
0.80829185,0.0,0.29543382
0.5909504,0.0,0.029097956
0.698217,0.0,0.0779147
0.5387855,0.0,0.39984515
0.50797796,0.0,0.37774315
0.79716045,0.0,0.00048702257
0.57464105,0.0,0.06745795
0.8570807,0.0,0.08742639
0.6594993,0.0,0.40731898
0.5971843,0.0,0.13931978
0.65396386,0.0,0.24456485
0.8428407,0.0,0.3513153
0.9642972,0.0,0.014306947
0.91213506,0.0,0.050213408
0.8363146,0.0,0.24196798
0.57604593,0.0,0.44074464
0.8632362,0.0,0.06665652
0.93428284,0.0,0.13796991
0.86618906,0.0,0.35647127
0.80368054,0.0,0.025752872
0.9180405,0.0,0.35782272
0.79897696,0.0,0.31695458
0.88714755,0.0,0.3841575
0.95203197,0.0,0.62639034
0.9184725,0.0,0.32613954
0.8528429,0.0,0.7421505
0.80783546,0.0,0.70045626
0.6934732,0.0,0.115308054
0.58658606,0.0,0.33456117
0.43244076,0.0,0.0096669085
0.6305115,0.0,0.15059789
0.69501525,0.0,0.003638375
0.9157257,0.0,0.0
0.9357404,0.0,0.0
0.8589004,0.0,0.007648044
0.9292655,0.0,0.013446406
0.8807878,0.0,0.0
0.82677376,0.0,0.08608792
0.4587626,0.0,0.067703
0.6566092,0.0,0.011045291
0.9824683,0.0,0.00477471
0.9694346,0.0,0.0
0.6928734,0.0,0.016665604
0.81741804,0.0,0.013476021
0.9596811,0.0,0.055054583
0.8618044,0.0,0.07435528
0.9168047,0.0,0.13291508
0.96156365,0.0,0.07599534
0.77263844,0.0,0.04905954
0.7071893,0.0,0.5447295
0.82912153,0.0,0.51577854
0.8087844,0.0,0.35186672
0.91272074,0.0,0.3578635
0.94520605,0.0,0.08301217
0.67762065,0.0,0.0
0.8749281,0.0,0.009716045
0.44839272,0.0,0.04352726
0.72675884,0.0,0.0028938372
0.72189033,0.0,0.25422034
0.73793554,0.0,0.17242192
0.9127642,0.0,0.040030375
0.9293934,0.0,0.02441135
0.86196506,0.0,0.05236226
0.9148142,0.0,0.008627306
0.7506097,0.0,0.0
0.96405977,0.0,0.021448273
0.83791345,0.0,0.0009516249
0.60979354,0.0,0.06013597
0.8037146,0.0,0.08403689
0.77844864,0.0,0.66961527
0.7678502,0.0,0.5732601
0.9273055,0.0,0.23800272
0.47596836,0.0,0.21066417
0.55893433,0.0,0.416845
0.8739266,0.0,0.04674286
0.45085248,0.0,0.6308687
0.71730304,0.0,0.29000032
0.55847347,0.0,0.25049505
0.7885717,0.0,0.0076131513
0.69841933,0.0,0.0
0.9374854,0.0,0.025062567
0.901244,0.0,0.0012150347
0.83884144,0.0,0.0022699216
0.97588044,0.0,0.008400709
0.97920144,0.0,0.049302753
0.8436076,0.0,0.0
0.8756957,0.0,0.34304792
0.7970006,0.0,0.42557532
0.8379836,0.0,0.012470886
0.8833495,0.0,0.23768236
0.7899979,0.0,0.25806797
0.83186674,0.0,0.033121523
0.9363219,0.0,0.078611195
0.9610791,0.0,0.0012649408
0.7778997,0.0,0.005841117
0.851053,0.0,0.0
0.92998976,0.0,0.0064228554
0.94987,0.0,0.0
0.51241356,0.0,0.039282527
0.7215706,0.0,0.0057547404
0.67730486,0.0,0.07306887
0.9802611,0.0,0.010349051
0.9476924,0.0,0.16882434
0.97421217,0.0,0.12033805
0.8994857,0.0,0.0037969875
0.52505565,0.0,0.080492616
0.29463392,0.0,0.18788166
0.92421156,0.0,0.21881649
0.789481,0.0,0.0016278399
0.6697232,0.0,0.20744443
0.9051364,0.0,0.2788196
0.25276315,0.0,0.54354393
0.82133263,0.0,0.4128391
0.53700805,0.0,0.591132
0.43648455,0.0,0.3849696
0.56111616,0.0,0.01405368
0.36535233,0.0,0.7176794
0.8575475,0.0,0.42157584
0.9076578,0.0,0.34310588
0.8112727,0.0,0.5683014
0.8443775,0.0,0.21580663
0.7841991,0.0,0.011635104
0.6330474,0.0,0.11695885
0.69267154,0.0,0.45709938
0.5198969,0.0,0.18276124
0.9317317,0.0,0.0
0.48162937,0.0,0.40893567
0.5250596,0.0,0.45210359
0.5132265,0.0,0.099209
0.6075949,1.0,0.71952426
0.873881,1.0,0.41660088
0.8669423,0.0,0.068480305
0.74521285,0.0,0.3232699
0.7098516,0.0,0.55149776
0.74400365,0.0,0.013674185
0.57012594,0.0,0.1392339
0.78862536,0.0,0.013774184
0.7409135,0.0,0.0073008514
0.82906276,0.0,0.0067507764
0.9586069,0.0,0.0
0.61337185,0.0,0.26181528
0.22451748,0.0,0.024644844
0.9308178,0.0,0.0018876302
0.840752,0.0,0.054361783
0.88010085,0.0,0.0
0.9691251,0.0,0.04740986
0.89131343,0.0,0.22247201
0.73231655,0.0,0.24672876
0.8377875,0.0,0.124348156
0.8888319,0.0,0.07573021
0.71826017,0.0,0.14323056
0.9359932,0.0,0.10740174
0.9739888,0.0,0.0
0.822434,0.0,0.15577118
0.9448381,0.0,0.32785308
0.95886815,0.0,0.2313474
0.6615955,0.0,0.30418634
0.6181261,0.0,0.2202437
0.7417463,0.0,0.40950876
0.5065904,0.0,0.53343385
0.7366101,0.0,0.52299017
0.84592503,0.0,0.91673416
0.5946439,0.0,0.5032958
0.74406135,0.0,0.15667512
0.46775982,0.0,0.3688616
0.7427817,0.0,0.3533714
0.4149798,0.0,0.10558689
0.8386357,0.0,0.086383075
0.7490702,0.0,0.15733816
0.8208424,0.0,0.01174043
0.9379266,0.0,0.086522885
0.9640478,0.0,0.021478543
0.7918458,0.0,0.0043815067
0.85172635,0.0,0.0139470855
0.86317647,0.0,0.03851767
0.9179231,0.0,0.0037360005
0.46157944,0.0,0.020223381
0.9593273,0.0,0.0
0.9446523,0.0,0.010220336
0.88739836,0.0,0.058946528
0.58943486,0.0,0.010507263
0.92450655,0.0,0.10171311
0.90100724,0.0,0.054981504
0.42114735,0.0,0.017283902
0.86653537,0.0,0.081941575
0.75033426,0.0,0.37325844
0.9095316,0.0,0.060073722
0.8112773,0.0,4.9862316e-05
0.87268573,0.0,0.20207629
0.8869442,0.0,0.38087308
0.820517,0.0,0.13410117
0.8476051,0.0,0.17153044
0.7840014,0.0,0.6153981
0.5538913,0.0,0.33812207
0.4411652,1.0,0.4311824
0.75309044,0.0,0.07767634
0.50894445,1.0,0.6443846
0.90436494,0.0,0.2670536
0.8540697,0.0,0.0060328445
0.850404,0.0,0.24656823
0.7455237,0.0,0.0077619995
0.7003938,0.0,0.00055011606
0.6431436,0.0,0.07612054
0.8810198,0.0,0.56477314
0.96153575,0.0,0.23212916
0.7607038,0.0,0.0
0.85557604,0.0,0.25965777
0.96075636,0.0,0.07728256
0.78568375,0.0,0.2541633
0.5416702,0.0,0.11320999
0.8437939,0.0,0.010160126
0.860493,0.0,0.0060450723
0.5824001,0.0,0.2810887
0.85464793,0.0,0.039353322
0.7589483,0.0,0.0005905863
0.945153,0.0,0.0
0.8597214,0.0,0.09371476
0.38207382,0.0,0.012558523
0.61431783,0.0,0.121556796
0.74093705,1.0,0.25981036
0.5940594,0.0,0.0918306
0.7382789,1.0,0.3332154
0.43478203,0.0,0.011420471
0.66024715,0.0,0.1358365
0.449457,0.0,0.06625792
0.86970246,0.0,0.060629487
0.88379145,0.0,0.48823565
0.7098406,0.0,0.34333858
0.51268786,0.0,0.3885218
0.84329873,0.0,0.2990303
0.78268534,0.0,0.023444643
0.5748907,0.0,0.10686476
0.9690962,0.0,0.019648414
0.87949324,0.0,0.06690529
0.93361884,0.0,0.007690022
0.96000916,0.0,0.013797614
0.9716547,0.0,0.0
0.9113852,0.0,0.0048175743
0.838431,0.0,0.010605234
0.9478837,0.0,0.0
0.8968697,0.0,0.0
0.8100048,0.0,0.14202823
0.88066584,0.0,0.31279784
0.48415616,0.0,0.33131084
0.6904135,0.0,0.51423407
0.5085693,0.0,0.09483902
0.8726477,0.0,0.016071076
0.68231094,0.0,0.67806864
0.8881182,0.0,0.22915182
0.61572593,0.0,0.034409504
0.8285144,0.0,0.42778328
0.73888284,0.0,0.3432283
0.7931878,0.0,0.026888877
0.5234776,0.0,0.31568596
0.79073995,0.0,0.6816207
0.7153744,0.0,0.2781291
0.9691929,0.0,0.5134333
0.6736347,0.0,0.49894154
0.78183234,0.0,0.43905622
0.90997815,0.0,0.35665125
0.6638441,0.0,0.3834436
0.7467109,0.0,0.29086643
0.81981784,0.0,0.020111915
0.6454488,0.0,0.5809776
0.7693721,1.0,0.31662652
0.6978328,1.0,0.44438457
0.6750356,1.0,0.6212292
0.76533574,1.0,0.6125664
0.81863266,1.0,0.43495017
0.8223877,1.0,0.6265778
0.7348552,1.0,0.34022957
0.84139603,1.0,0.16367099
0.69196767,1.0,0.4014817
0.75217456,1.0,0.6282815
0.8869241,0.0,0.1924936
0.9010737,0.0,0.035351127
0.8861443,0.0,0.46451256
0.563395,0.0,0.15273131
0.91813767,0.0,0.007819972
0.52972376,0.0,0.31884697
0.63679874,0.0,0.5254605
0.9651339,0.0,0.021490995
0.36264506,0.0,0.018777976
0.44403142,0.0,0.60989827
0.75324285,0.0,0.5707214
0.9077397,0.0,0.013666765
0.65071434,0.0,0.30028743
0.8553326,0.0,0.5781477
0.77515763,0.0,0.6465354
0.77950925,0.0,0.32837212
0.71932924,0.0,0.7468575
0.56590074,0.0,0.6598165
0.6488645,0.0,0.9624663
0.7277728,0.0,0.8089256
0.64098275,0.0,0.79119414
0.66925335,0.0,0.52181286
0.7717002,0.0,0.5372826
0.88878614,0.0,0.27713892
0.5257284,0.0,0.44998133
0.67665005,0.0,0.43965134
0.75335985,0.0,0.160719
0.66524744,0.0,0.42981905
0.8609849,0.0,0.023962226
0.77189285,0.0,0.34508154
0.37427595,0.0,0.5318038
0.78063905,0.0,0.45832244
0.6353676,0.0,0.32220113
0.8339964,0.0,0.40448034
0.8788251,0.0,0.15239489
0.6509888,0.0,0.27658677
0.58735913,0.0,0.008953712
0.8698001,0.0,0.45450652
0.9336561,0.0,0.2133079
0.8550038,0.0,0.49251163
0.7734287,0.0,0.8098321
0.55967045,0.0,0.5468054
0.45410037,0.0,0.6838916
0.62250525,0.0,0.65104806
0.5392622,0.0,0.6836459
0.63194287,0.0,0.6894206
0.6873255,0.0,0.44226024
0.7956407,0.0,0.43345827
0.78447956,1.0,0.15949132
0.4298481,1.0,0.047703467
0.45180055,0.0,0.05613373
0.41883934,1.0,0.08900481
0.9600618,0.0,0.0013777926
0.6944314,1.0,0.1310607
0.81344795,0.0,0.1317052
0.7463134,0.0,0.33212823
0.6706625,0.0,0.74422216
0.6822096,0.0,0.5154368
0.60213876,1.0,0.75709003
0.49327946,1.0,0.5253368
0.43609825,1.0,0.5008694
0.6714169,0.0,0.2736102
0.76023936,0.0,0.0070038293
0.34621453,1.0,0.05351279
0.59254,0.0,0.07551768
0.59258336,1.0,0.2880056
0.63606095,0.0,0.4450708
0.52664274,0.0,0.8012437
0.6652925,1.0,0.47412145
0.7438151,0.0,0.6111903
0.6131909,0.0,0.3093853
0.5399829,0.0,0.34275252
0.6881057,0.0,0.39000753
0.8068418,0.0,0.38954303
0.80625385,0.0,0.5977303
0.8305111,0.0,0.46034533
0.72308093,0.0,0.21982348
0.901031,0.0,0.034873303
0.48456842,0.0,0.19459295
0.5444477,0.0,0.0083217425
0.35735384,0.0,0.40068266
0.35855573,0.0,0.6517612
0.6261903,0.0,0.708087
0.56515074,0.0,0.12638797
0.8195082,0.0,0.17405787
0.8364844,0.0,0.0
0.549643,0.0,0.2495956
0.74605846,0.0,0.0
0.5536316,0.0,0.32341853
0.60817635,0.0,0.63100284
0.70490444,0.0,0.019043893
0.4752451,0.0,0.49133584
0.7082786,0.0,0.46980664
0.63256234,0.0,0.7491086
0.83676755,0.0,0.241809
0.5647744,0.0,0.15196672
0.8251695,0.0,0.20034578
0.69936967,0.0,0.31210908
0.8348949,0.0,0.012154404
0.5296697,1.0,0.3145396
0.53671443,0.0,0.0
0.76990443,0.0,0.014178133
0.77820104,0.0,0.08279789
0.85544634,1.0,0.17718127
0.93527377,1.0,0.11600234
0.58806264,1.0,0.23669942
0.7049147,1.0,0.7792398
0.8765635,1.0,0.33084956
0.70523757,1.0,0.55007833
0.66391224,1.0,0.47846347
0.5382231,0.0,0.4643987
0.47743678,0.0,0.16966817
0.7352335,1.0,0.40389943
0.6231552,0.0,0.2359074
0.66281235,0.0,0.21648611
0.6050059,0.0,0.024727518
0.7598162,0.0,0.10649408
0.73178786,0.0,0.00018071233
0.5053164,0.0,0.23920013
0.55487937,0.0,0.14614147
0.4833846,0.0,0.33660543
0.6313122,0.0,0.7845317
0.48393026,0.0,1.0
0.76748836,0.0,0.5679186
0.6474192,0.0,0.114027575
0.7138203,0.0,0.86244816
0.859373,0.0,0.32810304
0.92147356,0.0,0.1719101
0.8948843,0.0,0.5652577
0.6706308,0.0,0.92893285
0.6317922,0.0,0.317675
0.53255236,0.0,0.6770252
0.88345385,0.0,0.10897321
0.8074615,0.0,0.42956075
0.86694497,0.0,0.58765274
0.4988881,0.0,0.53899485
0.88807374,0.0,0.24872689
0.39053783,0.0,0.1936969
0.6904764,0.0,0.13752337
0.9607403,0.0,0.15402633
0.7523594,0.0,0.09532572
0.49365753,0.0,0.381429
0.76081336,0.0,0.13743412
0.7533899,0.0,0.04107702
0.44438276,0.0,0.06452044
0.91893905,0.0,0.29167876
0.7813465,0.0,0.51204777
0.90218246,1.0,0.4625786
0.73047626,0.0,0.25237396
0.8412944,1.0,0.43061015
0.56600684,0.0,0.09911079
0.561722,1.0,0.3911022
0.5986712,0.0,0.0009920696
0.73473805,1.0,0.18052663
0.787282,0.0,0.2130148
0.65386033,1.0,0.4210343
0.47275138,0.0,0.00952022
0.78191113,0.0,0.5303675
0.8516014,0.0,0.003321044
0.79129183,0.0,0.36329117
0.68517464,0.0,0.00034638456
0.7086743,0.0,0.17007025
0.8645015,0.0,0.10327244
0.9339105,0.0,0.2168791
0.8966657,0.0,0.6671845
0.85833514,0.0,0.29044977
0.55397725,0.0,0.6045981
0.71959066,0.0,0.7403727
0.7782228,0.0,0.21323003
0.5847623,0.0,0.18620154
0.64212143,0.0,0.50919205
0.63293207,0.0,0.04867146
0.8045597,0.0,0.4701788
0.65068597,0.0,0.5304652
0.7969488,0.0,0.02957219
0.76779044,1.0,0.25137284
0.8151054,0.0,0.0012537548
0.83134085,1.0,0.40443778
0.7974614,0.0,0.0065226764
0.77785397,1.0,0.3306802
0.71145695,0.0,0.007481868
0.55110866,1.0,0.32314426
0.71790725,0.0,0.18176062
0.81890243,1.0,0.57638437
0.90770435,1.0,0.5396993
0.8839927,0.0,0.018499002
0.8413381,1.0,0.13929941
0.7899271,0.0,0.014898232
0.92366445,1.0,0.36372882
0.69584584,1.0,0.017587552
0.96513957,1.0,0.20220757
0.6402091,0.0,0.016486397
0.7985711,1.0,0.20698129
0.78792953,1.0,0.4838156
0.7006794,0.0,0.0063372
0.82289815,0.0,0.19667682
0.90134436,0.0,0.23368026
0.85725176,0.0,0.37204972
0.6749737,0.0,0.0033720396
0.93874305,0.0,0.0
0.9243457,0.0,0.06438955
0.85827744,0.0,0.025851302
0.7468568,0.0,0.0072570015
0.40363488,0.0,0.022343338
0.559643,0.0,0.007064969
0.8911923,0.0,0.00035837467
0.8345883,0.0,0.01634956
0.45975193,0.0,0.072478496
0.77469385,0.0,0.0070801834
0.90208566,0.0,0.01814642
0.78906393,0.0,0.10313124
0.5509551,0.0,0.010672615
0.69388705,0.0,0.0
0.86499524,0.0,0.0
0.93188095,0.0,0.015570219
0.6904537,0.0,0.002749529
0.7216546,0.0,0.023419697
0.9362057,0.0,0.011882568
0.6023349,1.0,0.35178834
0.6688084,0.0,0.3277053
0.59667766,0.0,0.29845878
0.72106344,0.0,0.63908446
0.6911485,0.0,0.5009139
0.73263025,0.0,0.1301909
0.53124046,0.0,0.44658062
0.910539,0.0,0.05369515
0.6091442,0.0,0.0017609202
0.7619178,0.0,0.0064770193
0.3988763,0.0,0.0687526
0.44504336,0.0,0.10116778
0.6354175,0.0,0.01828621
0.70429057,0.0,5.527609e-05
0.7665803,0.0,0.02022046
0.58443826,0.0,0.18548393
0.8068765,0.0,0.029230105
0.5733724,0.0,0.33727527
0.9141532,0.0,0.02622168
0.64498305,0.0,0.4383916
0.85037404,0.0,0.029421814
0.6389141,0.0,0.20200814
0.76394457,0.0,0.0020355093
0.7878773,0.0,0.22670327
0.8328154,0.0,0.028388785
0.7496706,0.0,0.3896868
0.86454755,0.0,0.7842478
0.88085496,0.0,0.35666957
0.84152955,0.0,0.68866277
0.95435566,0.0,0.4909761
0.77180725,0.0,0.399745
0.666991,0.0,0.009523678
0.59370536,0.0,0.25350484
0.6004838,0.0,0.008314704
0.6516654,0.0,0.44419906
0.6535004,0.0,0.030959768
0.5817823,0.0,0.3253654
0.7830785,0.0,0.008203055
0.66133463,0.0,0.47110397
0.70998156,0.0,0.011354909
0.7357952,0.0,0.3048292
0.9454139,0.0,0.2934766
0.8499608,0.0,0.75953585
0.91481066,0.0,0.6087553
0.9488252,0.0,0.4251496
0.85637635,1.0,0.25449923
0.7656552,0.0,0.013751008
0.6740614,0.0,0.19052984
0.50457156,0.0,0.019220319
0.7205052,0.0,0.35737503
0.55413705,0.0,0.032023404
0.75226206,0.0,0.3323677
0.59749395,0.0,0.02184758
0.8708092,0.0,0.42144278
0.77545923,0.0,0.1533257
0.8306103,0.0,0.16941379
0.7559935,0.0,0.010033336
0.8829285,0.0,0.14339328
0.8687876,0.0,0.5483036
0.66502386,0.0,0.06506565
0.88750136,0.0,0.38251856
0.9269119,0.0,0.44638675
0.8581028,0.0,0.4003604
0.8989408,0.0,0.04495879
0.5444913,0.0,0.4043179
0.47699186,0.0,0.09370165
0.6841566,0.0,0.40766767
0.6166814,0.0,0.056936633
0.7177349,0.0,0.4978463
0.7368073,0.0,0.5405132
0.909304,0.0,0.1408449
0.6204856,0.0,0.44608045
0.80319357,0.0,0.059714545
0.55695015,0.0,0.34475008
0.8093805,0.0,0.046561
0.6485747,0.0,0.36642003
0.7692284,0.0,0.1628032
0.7368244,0.0,0.48286197
0.5624664,0.0,0.62743837
0.67543316,0.0,0.21585031
0.64527833,0.0,0.297654
0.58801717,0.0,0.029664183
0.5131242,0.0,0.32214043
0.8745142,0.0,0.05205552
0.7346978,0.0,0.566232
0.8497841,0.0,0.1191563
0.7986499,0.0,0.47503158
0.7934414,0.0,0.09728589
0.68084645,0.0,0.49737018
0.8319857,0.0,0.040176414
0.69212043,0.0,0.22353056
0.8291604,0.0,0.07904398
0.89873075,0.0,0.41773093
0.85211986,0.0,0.40475613
0.87292594,0.0,0.77832144
0.8086427,0.0,0.7443787
0.77364814,0.0,0.40090892
0.7450506,0.0,0.4739174
0.68849987,0.0,0.49263823
0.62562454,0.0,0.28208143
0.5862623,0.0,0.34856674
0.86645854,0.0,0.014463951
0.39646825,0.0,0.2982305
0.7779999,0.0,0.031318784
0.5780935,0.0,0.5289971
0.7662185,0.0,0.068884976
0.5409859,0.0,0.22941533
0.37723413,0.0,0.0048923604
0.49351284,0.0,0.33933273
0.6485031,0.0,0.06575886
0.62478024,0.0,0.50899583
0.84113246,0.0,0.36024603
0.6357001,0.0,0.93271124
0.82382137,0.0,1.0
0.9510813,0.0,0.7967524
0.8005986,0.0,0.21878585
0.80957973,0.0,0.29754642
0.77331865,0.0,0.5270314
0.63852704,0.0,0.2919188
0.69936174,0.0,0.05253527
0.66775626,0.0,0.13525626
0.59797144,0.0,0.014093515
0.64753824,0.0,0.28281808
0.5677625,0.0,0.025722802
0.85958433,0.0,0.32936463
0.7882126,0.0,0.33667386
0.78543645,0.0,0.04236736
0.64678293,1.0,0.47865695
0.6537943,1.0,0.056161437
0.57200843,1.0,0.53825504
0.96006024,0.0,0.087890364
0.94588566,0.0,0.29737356
0.68387663,0.0,0.48484558
0.88041,0.0,0.58723736
0.7974823,1.0,0.53669196
0.9025006,0.0,0.39964727
0.71379274,1.0,0.15266289
0.50841856,0.0,0.0037773186
0.5409148,1.0,0.39321396
0.86606586,1.0,0.013415969
0.81423056,1.0,0.09897063
0.7165601,0.0,0.015917987
0.8293027,0.0,0.059101567
0.80149895,0.0,0.01829535
0.8109591,0.0,0.24901636
0.69195455,0.0,0.002914047
0.89940053,0.0,0.025493886
0.8634079,0.0,0.2248652
0.7593973,0.0,0.57104135
0.6651715,0.0,0.75515544
0.91482276,0.0,1.0
0.88885957,0.0,0.47471568
0.75601786,0.0,0.43252975
0.93307,0.0,0.23567708
0.8844057,0.0,0.65874916
0.89768404,0.0,0.5884787
0.8607472,0.0,0.23382503
0.7100313,0.0,0.4578423
0.83968854,0.0,0.61549133
0.52462095,0.0,0.56233335
0.7404846,0.0,0.40052778
0.6919985,0.0,0.47150302
0.7481894,0.0,0.30066583
0.54480803,0.0,0.33555427
0.76408243,0.0,0.10301779
0.8994769,0.0,0.30356786
0.7523999,0.0,0.15556887
0.7935134,0.0,0.40382987
0.6414276,0.0,0.248979
0.8408056,0.0,0.0
0.56718314,0.0,0.37500185
0.35550192,0.0,0.5821192
0.89002013,0.0,0.02156088
0.3308961,0.0,0.3725288
0.6794364,1.0,0.6700771
0.95714134,1.0,0.26412308
0.37518284,0.0,0.0224741
0.6898726,0.0,0.42150518
0.67681855,0.0,0.40078324
0.56032866,0.0,0.0
0.4379295,0.0,0.0993501
0.9173116,0.0,0.68404216
0.93790907,0.0,0.15286653
0.36790782,0.0,0.40377778
0.8931544,0.0,0.26396298
0.7443862,0.0,0.0
0.38874325,0.0,0.1748053
0.8615761,0.0,0.4629732
0.896136,0.0,0.06739343
0.65269834,0.0,0.0
0.40090874,0.0,0.3300879
0.8645292,0.0,0.397836
0.7889773,0.0,0.080901206
0.6505068,0.0,0.0077296426
0.4323605,0.0,0.5612377
0.58133,1.0,0.481801
0.33519983,1.0,0.29387146
0.6509985,1.0,0.7199022
0.93622106,1.0,0.19781256
0.86107796,0.0,0.1096079
0.8452153,1.0,0.17780401
0.52406085,1.0,0.096449405
0.49143934,0.0,0.0
0.46363118,0.0,0.14004196
0.7760469,0.0,0.0
0.7533025,0.0,0.10579865
0.6638411,0.0,0.23774412
0.972997,0.0,0.20997542
0.83234555,0.0,0.0077141635
0.76279664,0.0,0.27499175
0.67609817,0.0,0.44205192
0.8109043,0.0,0.00441551
0.535514,0.0,0.40221563
0.4734578,0.0,0.3647731
0.42681497,0.0,0.09174883
0.4704742,0.0,0.42792884
0.6650165,0.0,0.213762
0.45634517,0.0,0.68015486
0.7354014,0.0,0.36224747
0.6662938,0.0,0.42796034
0.50519687,0.0,0.0865877
0.5786792,0.0,0.16146022
0.8024192,0.0,0.40507782
0.64880955,0.0,0.22738956
0.93556166,0.0,0.0
0.5240612,0.0,0.49667856
0.7351356,0.0,0.47691426
0.5278998,0.0,0.039527267
0.6776804,0.0,0.12637304
0.72572106,0.0,0.2961602
0.69222635,0.0,0.20481223
0.8445178,0.0,0.061960656
0.5880011,0.0,0.008013614
0.8132127,0.0,0.32242134
0.8208551,0.0,0.33522767
0.50890356,1.0,0.4254936
0.9638474,1.0,0.07909457
0.86511517,1.0,0.70373577
0.7061561,0.0,0.31495318
0.65128833,1.0,0.33225858
0.52140516,1.0,0.056303825
0.84198666,1.0,0.43255892
0.45482665,1.0,0.13464548
0.79058295,1.0,0.36158437
0.8688116,1.0,0.5818695
0.49591768,1.0,0.50884515
0.8073798,0.0,0.072481975
0.44626075,1.0,0.1672929
0.71823144,0.0,0.27150244
0.38549164,0.0,0.5279639
0.581466,0.0,0.027547605
0.91090864,0.0,0.3731139
0.7586139,0.0,0.55062735
0.7815987,0.0,0.3594536
0.39962536,0.0,0.075931154
0.4497207,0.0,0.38998947
0.7811395,0.0,0.38010317
0.5587243,0.0,0.0933199
0.60810786,0.0,0.4973412
0.4245569,0.0,0.34697247
0.73449135,0.0,0.35321885
0.562507,0.0,0.074682765
0.5244338,0.0,0.011493536
0.34547997,0.0,0.38208842
0.5884732,0.0,0.57737815
0.9000508,0.0,0.012939101
0.3623975,0.0,0.051165625
0.50471973,0.0,0.34414604
0.3815796,1.0,0.4125791
0.43694872,0.0,0.0013445776
0.83461,0.0,0.16679569
0.6005376,0.0,0.3034216
0.58654094,1.0,0.31178546
0.5766859,0.0,0.0032708577
0.6253256,1.0,0.30785102
0.5562666,1.0,0.5831508
0.7851034,1.0,0.3520483
0.8905435,1.0,0.02205759
0.92198455,0.0,0.07284744
0.6038414,0.0,0.3220855
0.5940629,1.0,0.34267202
0.72967744,0.0,0.0
0.36100084,1.0,0.18069977
0.5296367,1.0,0.6033206
0.85871816,0.0,0.108856775
0.5814773,0.0,0.73373026
0.4028331,0.0,0.39247867
0.80141103,0.0,0.027019538
0.43658295,0.0,0.44296378
0.5761514,0.0,0.3781378
0.6904543,0.0,0.12257793
0.5733048,0.0,0.11006981
0.7278908,0.0,0.368951
0.593791,0.0,0.5375432
0.7530169,0.0,0.690258
0.5503613,0.0,1.0
0.81962204,0.0,1.0
0.90207785,0.0,0.66964483
0.77090144,0.0,0.47747198
0.77119565,0.0,0.5515007
0.86501914,0.0,0.4143425
0.66519976,0.0,0.3985587
0.74391806,0.0,0.45673934
0.7471032,0.0,0.43636796
0.6859416,0.0,0.6279837
0.7879188,0.0,0.47009367
0.82116765,0.0,0.335563
0.78883094,0.0,0.44040003
0.6775271,0.0,0.6168521
0.4924001,0.0,0.16962625
0.6270723,0.0,0.20791826
0.8117203,0.0,0.4366172
0.6325083,0.0,0.36359066
0.8588957,0.0,0.0
0.61766005,0.0,0.17467812
0.68334466,0.0,0.59084934
0.47659042,0.0,0.35955587
0.8657093,0.0,0.0
0.8413037,0.0,0.28732732
0.6786218,0.0,0.65108764
0.8654079,0.0,0.2386597
0.6618457,0.0,0.1480152
0.46790928,0.0,0.32486358
0.7292679,0.0,0.5618586
0.8493963,0.0,0.0
0.235035,0.0,0.0302437
0.5953425,0.0,0.46456796
0.5931918,0.0,0.16033633
0.7097509,0.0,0.00046234205
0.41687453,0.0,0.24870037
0.7189937,0.0,0.51248103
0.64152837,0.0,0.21246253
0.7381684,0.0,0.64251596
0.44820943,0.0,0.11918092
0.4896689,0.0,0.10040918
0.5100465,0.0,0.52762836
0.41797346,0.0,0.45362994
0.7536233,0.0,0.30776024
0.4971793,0.0,0.3082516
0.6659897,0.0,0.28026006
0.7055166,0.0,0.23403166
0.44635746,0.0,0.0
0.82636756,0.0,0.0
0.57980055,0.0,0.4442416
0.72389776,0.0,0.093629874
0.6020806,0.0,0.0058585936
0.84334964,0.0,0.35705155
0.41569945,0.0,0.64598066
0.81764585,0.0,0.18154891
0.6899928,0.0,0.42999354
0.505976,0.0,0.5505536
0.51527756,0.0,0.07968544
0.8263033,0.0,0.37725374
0.30133742,0.0,0.24901502
0.5612609,0.0,0.37025076
0.8817004,0.0,0.03601242
0.52824116,0.0,0.0075877905
0.78843945,0.0,0.0
0.755278,0.0,0.31686482
0.7340822,0.0,0.0040956708
0.43752265,0.0,0.000905892
0.8115446,0.0,0.0072218473
0.6460136,0.0,0.322887
0.33425084,1.0,0.60090286
0.846347,0.0,0.4529406
0.4923336,0.0,0.69747615
0.45877305,0.0,0.21830316
0.64693695,0.0,0.0
0.3748984,0.0,0.31893536
0.6347513,0.0,0.2945852
0.48601696,0.0,0.0
0.3673179,0.0,0.038226813
0.49686596,0.0,0.5186301
0.81932634,0.0,0.09460786
0.5857777,0.0,0.0002550048
0.39783219,0.0,0.009414068
0.5868943,0.0,0.2852728
0.76471215,0.0,0.21522847
0.6827258,0.0,0.009066601
0.7935532,0.0,0.45731008
0.6724238,0.0,0.019239496
0.36187354,0.0,0.4868759
0.54730195,0.0,0.6960274
0.45716488,0.0,0.2473059
0.738009,0.0,0.19561785
0.30068526,0.0,0.0061419113
0.41943216,0.0,0.003966386
0.55834204,0.0,0.38865405
0.95990807,0.0,0.0
0.5452594,0.0,0.0
0.8456802,0.0,0.1776398
0.47115856,0.0,0.28101566
0.8430653,0.0,0.0003086954
0.35687992,1.0,0.018097946
0.5737197,0.0,0.35004166
0.5971505,0.0,0.1193023
0.5703761,0.0,0.004184561
0.6281851,1.0,0.40958932
0.56426394,1.0,0.23545514
0.59306973,1.0,0.054219797
0.45575398,1.0,0.71244735
0.7657301,1.0,0.44873527
0.9477792,1.0,0.59160745
0.3655734,1.0,0.4984808
0.540759,0.0,0.20186749
0.23066868,1.0,0.16514957
0.6634778,1.0,0.21371162
0.7333235,0.0,0.18522933
0.6683849,0.0,0.00063363335
0.34727794,0.0,0.0
0.2870061,1.0,0.2947105
0.85990316,0.0,0.18677074
0.5926024,0.0,0.0
0.89740765,0.0,0.0
0.5105031,0.0,0.38590732
0.7286902,0.0,0.23262872
0.94056726,0.0,0.009310325
0.22630845,0.0,0.114472784
0.4920389,0.0,0.72501975
0.8731659,0.0,0.099645115
0.92450094,0.0,0.7043876
0.83056116,0.0,0.6325336
0.35958096,0.0,0.4019481
0.55524963,0.0,0.04920655
0.43561968,0.0,0.48533693
0.91256654,0.0,0.30807617
0.7280323,0.0,0.21795493
0.8334293,1.0,0.5096769
0.5373661,0.0,0.022311613
0.4368578,0.0,0.0
0.8042394,1.0,0.19242461
0.32317147,1.0,0.39326108
0.6200334,0.0,0.0
0.8889548,0.0,0.0
0.7457539,1.0,0.18482633
0.8470594,1.0,0.09335375
0.61617386,0.0,0.0
0.45215318,1.0,0.13915567
0.4906718,1.0,0.48488566
0.8146342,0.0,0.012520695
0.60548353,1.0,0.11996396
0.5541498,1.0,0.3718537
0.79778415,1.0,0.11794567
0.7799994,0.0,0.03861851
0.8771696,1.0,0.25921935
0.9520947,1.0,0.29880896
0.7430774,1.0,0.7235463
0.53952014,1.0,0.6442571
0.51694065,1.0,0.19058971
0.3794438,1.0,0.7105768
0.65260464,1.0,0.6568738
0.41233647,0.0,0.35295346
0.83910865,1.0,0.13441922
0.9201998,0.0,0.32370514
0.6842866,0.0,0.21621743
0.74142456,0.0,0.6130795
0.3218124,1.0,0.54772437
0.6413002,0.0,0.009357936
0.474441,0.0,0.11101033
0.88315314,0.0,0.41737053
0.39413813,1.0,0.4316483
0.5846895,1.0,0.022179065
0.39834127,1.0,0.38210386
0.5487995,1.0,0.52486223
0.33168352,1.0,0.23818044
0.8785098,0.0,0.10161804
0.5729411,0.0,0.48044893
0.3911366,0.0,0.8432988
0.4855809,0.0,0.29804432
0.67367053,0.0,0.42373073
0.48866928,0.0,0.13157758
0.42603678,0.0,0.39624146
0.55361354,0.0,0.41714168
0.60986024,0.0,0.5138955
0.35508743,0.0,0.15794311
0.31020272,0.0,0.0
0.53735936,0.0,0.42597252
0.43521515,0.0,0.37961346
0.41598046,0.0,0.0026886435
0.7951016,0.0,0.0702145
0.7462107,0.0,0.30386955
0.5944603,0.0,0.21760356
0.4397528,0.0,0.0
0.3769415,0.0,0.37179568
0.6529668,0.0,0.6217543
0.6115012,0.0,0.4569485
0.5918003,0.0,0.40071267
0.53915113,1.0,0.066276364
0.42076024,1.0,0.60429496
0.78918314,1.0,0.36883023
0.5777875,1.0,0.32155
0.8926014,0.0,0.6550317
0.67881155,0.0,0.68264794
0.6825256,0.0,0.14853807
0.4932312,0.0,0.00011903637
0.5353512,0.0,0.5629487
0.4127471,0.0,0.4330095
0.53683245,0.0,0.06862725
0.41330904,0.0,0.41639924
0.6846225,0.0,0.12953115
0.7056308,0.0,0.36513853
0.6218197,0.0,0.27131054
0.6367236,0.0,0.18273422
0.9489978,0.0,0.13437858
0.7073036,0.0,0.28580278
0.3402771,0.0,0.021384876
0.46472543,0.0,0.506639
0.5359624,0.0,0.35026097
0.48841438,0.0,0.015787533
0.72217005,0.0,0.11749167
0.71215,0.0,0.45759842
0.4802001,0.0,0.0034583278
0.58577764,0.0,0.023059199
0.79965055,0.0,0.35649335
0.37860706,0.0,0.213716
0.375776,0.0,0.0
0.57883924,0.0,0.22733074
0.7370108,0.0,0.58735996
0.52873504,0.0,0.33594397
0.6440414,0.0,0.16696185
0.37159213,0.0,0.5215868
0.4848598,0.0,0.78002983
0.47207493,0.0,0.1348709
0.738834,0.0,0.012481228
0.4814644,0.0,0.32864422
0.70113766,0.0,0.28516537
0.55627453,0.0,0.2740009
0.5961648,0.0,0.4177942
0.83761984,0.0,0.13988493
0.76057196,0.0,0.18474054
0.83249867,0.0,0.3500578
0.91487,0.0,0.04164115
0.65918595,0.0,0.3877582
0.51439655,0.0,0.43416354
0.6138303,0.0,0.43487942
0.75165606,0.0,0.24831234
0.85857636,0.0,0.23941967
0.82018685,0.0,0.0
0.8147917,0.0,0.13708156
0.66809887,0.0,9.5585085e-05
0.711295,0.0,0.0058791623
0.52234334,0.0,0.28479794
0.7644898,0.0,0.0
0.8085428,0.0,0.10296234
0.60500115,0.0,0.251281
0.8111551,0.0,0.35525116
0.8167488,0.0,0.60633004
0.67553085,0.0,0.6468388
0.72334296,0.0,0.7350701
0.7064248,0.0,0.19271669
0.90346575,0.0,0.25368646
0.82553875,0.0,0.0
0.79952264,0.0,0.0
0.89573294,0.0,0.0
0.9159084,0.0,0.0035688253
0.7233393,0.0,0.005641527
0.9654236,0.0,0.0
0.8988741,0.0,0.00038965628
0.28809965,0.0,0.015053507
0.9378663,1.0,0.013772575
0.9478746,0.0,0.0
0.74641097,1.0,0.099930696
0.862534,1.0,0.020372668
0.8702976,0.0,0.112828925
0.86326325,0.0,0.015053259
0.96675014,0.0,0.0
0.76807386,0.0,0.0053144093
0.9706138,0.0,0.09836554
0.8794459,0.0,0.0
0.92372465,0.0,0.0
0.7551597,0.0,0.024145532
0.92483187,0.0,0.101070546
0.8566374,0.0,0.0018664243
0.9458731,0.0,0.0
0.8250425,0.0,0.101379596
0.6683345,0.0,0.22942203
0.9141184,0.0,0.0038334236
0.75660497,0.0,0.109961696
0.7610322,0.0,0.45007485
0.67428625,0.0,0.12504728
0.8406353,0.0,0.24984059
0.48140398,0.0,0.47771278
0.48952132,0.0,0.6621802
0.93241817,0.0,0.28574666
0.64532983,0.0,0.6822861
0.761756,0.0,0.35924834
0.50799143,0.0,0.0032891133
0.3036897,0.0,0.17145947
0.74938303,0.0,0.38840422
0.56171584,0.0,0.0012337532
0.534839,0.0,0.0
0.4879634,0.0,0.34429643
0.56593066,0.0,0.366093
0.90520936,0.0,0.014281696
0.6074848,0.0,0.03482257
0.5792356,0.0,0.0006642811
0.6503104,0.0,0.027031034
0.7432686,0.0,0.0041170046
0.86855316,0.0,2.770007e-05
0.93844587,0.0,0.017302074
0.9144453,0.0,0.025203949
0.82117397,0.0,0.005724852
0.91215974,0.0,0.0030168872
0.670842,0.0,0.0
0.9085222,0.0,0.009646899
0.9055602,0.0,0.0
0.9483228,0.0,0.01987314
0.9171403,0.0,0.16334777
0.7696066,0.0,0.1611604
0.85897654,0.0,0.035105594
0.81746316,0.0,0.2999183
0.388018,0.0,0.56989706
0.2973019,0.0,0.56017166
0.71163595,1.0,0.30187273
0.5185211,0.0,0.21558842
0.72299254,1.0,0.3794167
0.58470076,0.0,0.12063775
0.87329936,1.0,0.077608384
0.75699127,0.0,0.018483438
0.9481403,0.0,0.00074214395
0.8409822,0.0,0.13755575
0.80674076,0.0,0.06433887
0.6156999,0.0,0.5311617
0.61110157,0.0,0.038071573
0.75679094,0.0,0.56327736
0.838055,0.0,0.9009068
0.89461964,0.0,0.2494789
0.39860436,0.0,0.9042013
0.7790975,0.0,0.23529369
0.52408123,0.0,0.32829237
0.7018735,0.0,0.005386957
0.8037653,0.0,0.024404744
0.7397345,0.0,0.0
0.7139883,0.0,0.0046760966
0.8972587,0.0,0.10835992
0.6012803,0.0,0.028358663
0.7666632,0.0,0.0
0.9105642,0.0,0.000472627
0.55793196,0.0,0.44875818
0.91292644,0.0,0.0787361
0.81336886,0.0,0.16787173
0.7048235,0.0,0.2035319
0.79126555,0.0,0.3566019
0.40830824,0.0,0.4907188
0.47513708,0.0,0.49657303
0.65343827,0.0,0.19895189
0.9427815,0.0,0.22486198
0.904121,0.0,0.17128542
0.4315568,0.0,0.5676232
0.72482765,0.0,0.3840943
0.4168607,0.0,0.18447618
0.8807078,1.0,0.4210133
0.7691572,1.0,0.18474704
0.50706726,1.0,0.33083156
0.44007272,1.0,0.2262932
0.7416106,0.0,0.022840925
0.8578203,0.0,0.10644936
0.8759614,0.0,0.008253984
0.69129014,0.0,0.53275037
0.6769696,0.0,0.5109873
0.91656077,0.0,0.17720503
0.91908747,0.0,0.14284045
0.8281321,0.0,0.2244787
0.627952,0.0,0.041168384
0.6358349,0.0,0.34930998
0.95195323,0.0,0.014801263
0.83577,0.0,0.0051692794
0.52425414,0.0,0.35651806
0.3845457,0.0,0.043829445
0.8049202,0.0,0.00499363
0.72663593,0.0,0.05079943
0.7539581,0.0,0.34580994
0.7814111,0.0,0.106514275
0.725761,0.0,0.066470616
0.58932596,0.0,0.60546774
0.7341059,0.0,0.64694214
0.52698267,0.0,0.16975622
0.67291206,0.0,0.5790893
0.5149694,0.0,0.20826942
0.728867,0.0,0.03620911
0.34833503,0.0,0.32113823
0.9423057,0.0,0.0
0.8071783,0.0,0.00032486167
0.92148066,0.0,0.0
0.8943458,0.0,0.0077351974
0.8813577,0.0,0.00027755552
0.83527553,1.0,0.035573866
0.70896053,1.0,0.027617149
0.8242618,1.0,0.26068047
0.85680944,1.0,0.2091998
0.76236594,0.0,0.092978016
0.75807744,1.0,0.076892786
0.70924455,0.0,0.00020364499
0.7386512,0.0,0.019387996
0.9182569,0.0,0.01332864
0.819145,0.0,0.006416293
0.8815265,0.0,0.10027788
0.9371433,0.0,0.0
0.9274882,0.0,0.19588149
0.69279325,0.0,0.26528987
0.46365052,0.0,0.61948454
0.53607,0.0,0.4593142
0.5544338,0.0,0.60320544
0.82106954,0.0,0.025092583
0.82059413,0.0,0.7235746
0.9454194,0.0,0.21532181
0.66294867,0.0,0.26197094
0.7908144,0.0,0.5351661
0.7859713,0.0,0.21463871
0.79867417,0.0,0.0
0.6811093,0.0,0.19655395
0.5457429,0.0,0.45837104
0.80167896,0.0,0.04021387
0.72134143,0.0,0.0
0.6088547,0.0,0.47260815
0.68770736,0.0,0.37218186
0.7540035,0.0,0.0
0.4264217,0.0,0.08738569
0.51774466,0.0,0.49717498
0.5404474,0.0,0.21686132
0.522741,0.0,0.0012442069
0.7196803,0.0,0.25258335
0.41397652,0.0,0.5680378
0.21374637,0.0,0.3900949
0.69361275,0.0,0.4060248
0.7448957,0.0,0.4089858
0.41218308,0.0,0.10487004
0.41042188,0.0,0.7103805
0.79582876,0.0,0.058880284
0.2188774,0.0,0.55564165
0.7743276,0.0,0.28454438
0.5915872,0.0,0.061736543
0.8709101,0.0,0.066861875
0.47302657,0.0,0.059094545
0.7133183,0.0,0.15425159
0.4934941,1.0,0.6895303
0.84036344,1.0,0.23610428
0.42191157,1.0,0.30021754
0.4397592,1.0,0.44591278
0.5550004,0.0,0.29912084
0.9296436,0.0,0.030498782
0.8287563,0.0,0.00039496893
0.93496627,0.0,0.0
0.7760964,0.0,0.014782471
0.94446385,0.0,0.015599044
0.70735574,0.0,0.013556862
0.8359955,0.0,0.004667864
0.9368531,0.0,0.04674095
0.79485834,0.0,0.0
0.7502184,0.0,0.0906434
0.41429678,0.0,0.44417608
0.25175336,0.0,0.39985234
0.70804834,0.0,0.57957315
0.7147108,0.0,0.03926243
0.47604468,0.0,0.28757814
0.93961316,0.0,0.022234337
0.5916746,0.0,0.0
0.8722187,0.0,5.0241775e-05
0.7209377,0.0,0.061696563
0.76941013,0.0,0.0016144882
0.9006589,1.0,0.08783565
0.6813243,0.0,0.00082099455
0.803821,0.0,0.10276218
0.9550651,0.0,0.09033023
0.46579364,1.0,0.57987404
0.8924994,1.0,0.36306536
0.52636796,1.0,0.71230316
0.7944689,0.0,0.34635463
0.6235386,0.0,0.06691706
0.60611016,1.0,0.14446162
0.60635746,0.0,0.49712604
0.77845716,0.0,0.016421415
0.8338772,0.0,0.26348552
0.911062,0.0,0.2599855
0.47260356,0.0,0.580837
0.40033102,0.0,0.2030131
0.5196369,0.0,1.8224277e-05
0.4691206,0.0,0.23021008
0.60601693,0.0,0.21136114
0.7956226,0.0,0.0010771157
0.90977097,0.0,0.0
0.4489953,0.0,0.35921314
0.83932674,0.0,0.0014312799
0.6462312,0.0,0.00093780394
0.6528339,0.0,0.016134264
0.5684186,0.0,0.2596199
0.9547641,0.0,0.001655146
0.56887066,0.0,0.0
0.31041217,0.0,0.1509431
0.4133688,0.0,0.16175023
0.71711856,0.0,0.00015908813
0.7758687,0.0,0.0
0.5609759,0.0,0.30130032
0.7816419,0.0,0.17446502
0.6219421,0.0,0.031332456
0.41851205,0.0,0.18753216
0.6587869,0.0,0.5045935
0.8224646,0.0,0.39508277
0.64546907,0.0,0.9883398
0.78850436,0.0,0.5841065
0.69472295,0.0,0.41989076
0.78580797,0.0,0.5804508
0.804078,0.0,0.57983714
0.72503847,0.0,0.61183506
0.8243581,0.0,0.17861463
0.5829499,0.0,0.4081219
0.8907105,0.0,0.0
0.7522059,0.0,0.36582372
0.8412186,0.0,0.15718669
0.65799576,0.0,0.6478493
0.8914959,0.0,0.06072004
0.7655234,0.0,0.50787395
0.75581354,0.0,0.67343247
0.5522464,0.0,0.123701476
0.59023505,0.0,0.5407209
0.5492662,0.0,0.44515616
0.55355597,0.0,0.51334727
0.91190654,0.0,0.026819158
0.7102301,0.0,0.12642393
0.8467052,1.0,0.6137786
0.71431905,0.0,0.29157278
0.92803955,0.0,0.008013342
0.90772694,0.0,0.41691536
0.7942747,0.0,0.51972413
0.8774335,0.0,0.49590415
0.48745084,0.0,0.3425881
0.7922773,0.0,0.10822179
0.69552535,0.0,0.0
0.51604533,0.0,0.26792422
0.5534276,0.0,0.0034687482
0.6001756,0.0,2.6742198e-05
0.7796356,0.0,0.18029067
0.39015004,0.0,0.2968384
0.7212634,0.0,0.007666524
0.91939026,0.0,0.0
0.8127946,0.0,0.47305176
0.38094553,0.0,0.5253599
0.68658864,0.0,0.0
0.53918356,0.0,0.3013342
0.5527759,0.0,0.47165558
0.5803246,0.0,0.36807013
0.4986727,0.0,0.5707029
0.6574111,0.0,0.034574043
0.8517606,0.0,0.6075092
0.9106235,0.0,0.10582112
0.81884617,0.0,0.011145866
0.6109674,0.0,0.40185848
0.8186909,0.0,0.13260764
0.94196117,0.0,0.0
0.51120573,0.0,0.30158043
0.67521805,0.0,0.45355636
0.6126987,0.0,0.22646981
0.48025432,0.0,0.0
0.5580158,0.0,0.003331983
0.8120729,0.0,0.1337107
0.7341522,0.0,0.04292526
0.50779563,0.0,0.0
0.41693735,0.0,0.09318758
0.6586327,0.0,0.55832213
0.9213999,0.0,0.09798124
0.5060132,0.0,0.6507586
0.6304218,0.0,0.38964215
0.56635237,0.0,0.0
0.5034354,0.0,0.11856888
0.5966022,0.0,0.54036343
0.34200683,0.0,0.22459982
0.79423,1.0,0.14489788
0.85681814,1.0,0.4178856
0.4999497,1.0,0.5133283
0.8649259,1.0,0.5002072
0.9327532,1.0,0.10891471
0.68749255,0.0,0.041831158
0.6272275,1.0,0.3473992
0.6783542,1.0,0.13458663
0.8720256,0.0,0.0
0.50363916,0.0,0.49926838
0.4939171,1.0,0.6167193
0.77168006,0.0,0.101402186
0.817537,1.0,0.482795
0.9787774,0.0,0.09535385
0.9271713,0.0,0.0
0.7807261,1.0,0.37698856
0.90508103,1.0,0.105674
0.67886084,1.0,0.69472253
0.87289137,1.0,0.6979241
0.91796446,0.0,0.6270534
0.9678074,0.0,0.15858519
0.8432449,0.0,0.29163745
0.9130289,0.0,0.2822713
0.8358611,0.0,0.570954
0.6722095,1.0,0.8451642
0.7935086,0.0,0.3189353
0.7411354,1.0,0.22558972
0.55312103,1.0,0.1680224
0.7487719,1.0,0.11576016
0.6520026,0.0,0.14285818
0.87591076,0.0,0.07126155
0.9727381,0.0,0.03583085
0.97431165,0.0,0.04793552
0.858329,0.0,0.44781762
0.85424674,0.0,0.4819648
0.9512232,0.0,0.27743065
0.83581066,0.0,0.09954566
0.7609905,0.0,0.6597409
0.52771753,0.0,0.48129493
0.94847876,0.0,0.6470321
0.94213045,0.0,0.019184537
0.8640975,0.0,0.29250577
0.6515345,0.0,0.08002306
0.86459994,0.0,0.051032495
0.9303031,0.0,0.23524399
0.76263237,0.0,0.008110315
0.81801426,0.0,0.4006737
0.9423406,0.0,0.06197421
0.898832,0.0,0.034729343
0.85344166,0.0,0.068576045
0.78094333,0.0,0.0
0.9334121,0.0,0.0
0.9119176,0.0,0.03766073
0.86014193,0.0,0.0
0.5698805,0.0,0.455711
0.5746017,0.0,0.233223
0.9570538,0.0,0.096568756
0.4375525,0.0,0.16210988
0.8600982,0.0,0.39928794
0.84975165,0.0,0.20237668
0.6582804,0.0,0.3702109
0.70548373,0.0,0.8197432
0.7248916,0.0,0.5412905
0.8525571,0.0,0.7661752
0.9313285,1.0,0.20600334
0.90641785,1.0,0.22684492
0.61703837,0.0,0.0046967333
0.6913669,1.0,0.12633601
0.8172391,0.0,0.010001079
0.78479034,0.0,0.09706325
0.9465073,0.0,0.019472789
0.91627353,0.0,0.25570217
0.85746205,0.0,0.3197104
0.8900972,0.0,0.55716777
0.8065183,0.0,0.40545925
0.9156003,0.0,0.0
0.8261151,0.0,0.26541898
0.7908769,0.0,0.036157694
0.7283486,0.0,0.0014402554
0.89197904,0.0,0.057071984
0.8348391,0.0,0.39476785
0.6725907,0.0,0.014297508
0.7078498,0.0,0.007150926
0.77433944,0.0,0.2647792
0.7521065,0.0,0.15333258
0.9065316,0.0,0.4742519
0.70994127,0.0,0.20941183
0.6618045,0.0,0.60725605
0.81711984,1.0,0.6786499
0.7212115,1.0,0.6126836
0.768263,1.0,0.34797502
0.7405991,1.0,0.3849994
0.7068397,1.0,0.096887805
0.8704955,1.0,0.49259683
0.88041544,0.0,0.13632976
0.86698705,0.0,0.5860283
0.80223805,0.0,0.63369584
0.9051925,0.0,0.088031776
0.83323556,1.0,0.36703795
0.9423361,0.0,0.0
0.7229183,1.0,0.2563769
0.7829833,0.0,0.025075046
0.55083025,1.0,0.33838817
0.91035616,1.0,0.07545581
0.8640515,1.0,0.4866696
0.89247525,1.0,0.29263496
0.9141605,1.0,0.30930066
0.74260527,0.0,0.42383108
0.7833634,0.0,0.43414015
0.8276001,0.0,0.53214025
0.82709795,0.0,0.32867685
0.68718344,0.0,0.0
0.8224014,1.0,0.09840183
0.7392508,0.0,0.003464071
0.9237617,1.0,0.047147885
0.6523213,0.0,0.0015268996
0.6948838,1.0,0.33273736
0.652011,1.0,0.06903557
0.8968976,1.0,0.3679026
0.9427681,1.0,0.46220836
0.9033317,1.0,0.81886023
0.7651738,0.0,0.4935987
0.6955102,0.0,0.14943781
0.947621,0.0,0.0065135914
0.7591302,0.0,0.024717983
0.64127946,0.0,0.4327896
0.9103855,0.0,0.0
0.8891676,0.0,0.0
0.7005213,0.0,0.28730348
0.7530041,1.0,0.45557883
0.7950688,0.0,0.043583278
0.74979824,0.0,0.0022116473
0.9175096,0.0,0.30327123
0.82803,0.0,0.40562347
0.93608093,0.0,0.026245447
0.90890473,0.0,0.067363776
0.6781414,0.0,0.4555234
0.81260246,0.0,0.14236754
0.79394495,0.0,0.5758921
0.7781501,0.0,0.035566825
0.7676592,0.0,0.8046292
0.8633371,0.0,0.40750715
0.88228816,0.0,0.25407836
0.8170478,0.0,0.5434158
0.8593024,0.0,0.40732965
0.6915299,0.0,0.12934774
0.9179982,0.0,0.05755203
0.8931798,0.0,0.4756495
0.74848896,0.0,0.46053725
0.7548752,0.0,0.5310018
0.73888,0.0,0.019462312
0.7502489,0.0,0.3504909
0.60468346,0.0,0.031118855
0.6300096,0.0,0.34774098
0.9393006,0.0,0.03913985
0.67763954,1.0,0.3389697
0.8114368,0.0,0.0042305784
0.7667622,1.0,0.26335797
0.92730874,1.0,0.34393448
0.7331692,0.0,0.0
0.8502487,0.0,0.24500135
0.8051728,0.0,0.012146227
0.8531158,0.0,0.77860343
0.88976127,0.0,0.4960608
0.9307178,0.0,0.14108965
0.8227701,0.0,0.29689148
0.8014003,0.0,0.509071
0.5114634,0.0,0.087948635
0.8407568,0.0,0.0
0.80888647,0.0,0.19986323
0.72468084,0.0,0.43075415
0.5593708,0.0,0.0
0.72602946,0.0,0.0
0.7460538,0.0,0.40280977
0.49621418,0.0,0.3928231
0.6291968,0.0,0.14547835
0.766829,0.0,0.5639647
0.8416965,0.0,0.03530915
0.61313856,0.0,0.63881946
0.64437217,0.0,0.092669815
0.80471396,0.0,0.38634402
0.71685237,0.0,0.098742425
0.8140734,0.0,0.45673358
0.8924313,0.0,0.40236732
0.7277267,1.0,0.48158938
0.78083086,1.0,0.51630384
0.84631896,1.0,0.3786694
0.9280769,0.0,0.040588424
0.823282,0.0,0.07620005
0.7482168,0.0,0.0
0.7931393,0.0,0.24335413
0.7043154,0.0,0.019147312
0.8837368,0.0,0.38465253
0.8958117,0.0,0.13217053
0.8928702,0.0,0.43565145
0.70151496,0.0,0.09793091
0.81311417,0.0,0.27704418
0.7500506,0.0,0.04839967
0.8397409,0.0,0.1796443
0.873558,0.0,0.10155157
0.80389637,0.0,0.012307917
0.6871326,0.0,0.0001373348
0.82047576,0.0,0.0595771
0.7299805,0.0,0.028696422
0.899713,0.0,0.0011150278
0.8800445,0.0,0.069972716
0.65988964,0.0,0.083382465
0.76910824,0.0,0.0
0.93413645,0.0,0.0027807988
0.82456857,0.0,0.29500738
0.72284657,0.0,0.2795008
0.74442905,0.0,0.027052393
0.9082499,0.0,0.5343169
0.82917035,0.0,0.7892976
0.8923229,0.0,0.4867813
0.8663569,0.0,0.49459863
0.8937965,0.0,0.12416414
0.75536114,0.0,0.66799796
0.82818127,0.0,0.47029015
0.87638074,0.0,0.12897865
0.91077673,0.0,0.043263517
0.8869864,0.0,0.55879027
0.92993605,0.0,0.68702745
0.8690271,0.0,0.06769889
0.7189873,0.0,0.12531821
0.7301385,0.0,0.612211
0.847915,0.0,0.6121245
0.85278994,0.0,0.028048044
0.7708705,0.0,0.6600711
0.83415896,0.0,0.13182828
0.8055864,0.0,0.2921755
0.8028928,0.0,0.5885557
0.63464594,0.0,0.45675558
0.8469118,0.0,0.07707355
0.5710073,0.0,0.53483635
0.8140367,0.0,0.66800034
0.8430798,0.0,0.5134894
0.5690738,0.0,0.16506518
0.55221987,0.0,0.5797796
0.6760093,0.0,0.0
0.49195033,0.0,0.09006069
0.62358737,0.0,0.011111732
0.82042617,0.0,0.19827956
0.9571202,0.0,0.08644884
0.75354934,0.0,0.39086682
0.95555806,0.0,0.8289399
0.8998238,0.0,0.58402884
0.70478433,0.0,0.6371563
0.77665555,0.0,0.2610334
0.5579268,0.0,0.5660359
0.7754284,0.0,0.256316
0.5431057,0.0,0.45049268
0.82555604,0.0,0.0044642696
0.61378884,0.0,0.4057589
0.78057176,0.0,0.0
0.42225444,0.0,0.28420776
0.53628314,0.0,0.3411695
0.5656834,0.0,0.58704937
0.9219422,0.0,0.14069648
0.81475705,1.0,0.19903259
0.8039536,0.0,0.0
0.7828449,0.0,0.0
0.64606875,0.0,0.22171827
0.76442957,0.0,0.0
0.9695404,0.0,0.0
0.68209755,0.0,0.2349456
0.6385627,0.0,0.5820364
0.237881,0.0,0.3211434
0.66928405,0.0,0.60486543
0.91445315,0.0,0.2672913
0.74341166,0.0,0.6731884
0.81091946,0.0,0.08846967
0.9403403,0.0,0.2467178
0.82274276,0.0,0.392032
0.8255809,0.0,0.5087932
0.93715453,0.0,0.3254099
0.6988794,1.0,0.32190093
0.6825904,1.0,0.48588157
0.51386476,0.0,0.006403482
0.787009,1.0,0.474383
0.9542047,1.0,0.19744189
0.30820584,1.0,0.0111708725
0.7405537,0.0,0.2055245
0.8536113,0.0,0.039862573
0.72791165,0.0,0.001155411
0.86042726,0.0,0.0007992741
0.57787025,0.0,0.23936611
0.57237214,0.0,0.2101118
0.5634902,0.0,0.52460617
0.5648057,0.0,0.3684437
0.85909307,0.0,0.3098546
0.5961107,0.0,0.43819353
0.47754836,0.0,0.17633773
0.81886756,1.0,0.29707178
0.84159607,0.0,0.079288416
0.89126545,1.0,0.6285775
0.83016795,1.0,0.39934027
0.8888988,1.0,0.11768259
0.7538887,1.0,0.5586439
0.5690607,1.0,0.27061793
0.6936163,1.0,0.047950484
0.845708,1.0,0.3989484
0.71309566,1.0,0.6194848
0.6748253,1.0,0.5998393
0.8346823,1.0,0.20560959
0.6144042,0.0,0.34028375
0.6212485,0.0,0.671039
0.8344004,0.0,0.37516683
0.9081358,0.0,0.114673264
0.84613657,0.0,0.09360562
0.8064367,0.0,0.0016068312
0.71061224,0.0,0.00081583374
0.9286822,0.0,0.01835889
0.91777587,0.0,0.028486226
0.8545289,1.0,0.042568292
0.9761535,0.0,0.0
0.4915309,0.0,0.2194301
0.80761516,0.0,0.005798101
0.63141716,0.0,0.4007649
0.77193964,0.0,0.21333621
0.75745136,0.0,0.41635704
0.7965421,0.0,0.010502776
0.63495815,0.0,0.24726498
0.68432766,0.0,0.0
0.8607275,0.0,0.15204906
0.83501595,0.0,0.043129686
0.89452714,0.0,0.3635031
0.7640758,0.0,0.12012817
0.61856,1.0,0.2514665
0.744155,0.0,0.64005136
0.7981607,0.0,0.23585239
0.54377866,0.0,0.20871799
0.48769933,1.0,0.8756471
0.88570493,0.0,0.5072932
0.88655955,0.0,0.09298214
0.7429168,0.0,0.0
0.70347106,0.0,0.09027319
0.95038605,0.0,0.008375504
0.79449266,0.0,0.39653268
0.57645273,0.0,0.0
0.7692048,0.0,0.42460704
0.71499133,1.0,0.21368818
0.89957315,0.0,0.1224817
0.6078398,0.0,0.7927616
0.94668597,0.0,0.73412484
0.9698241,0.0,0.27818382
0.84410405,0.0,0.20963939
0.55452216,0.0,0.032474548
0.93922174,0.0,0.0058854865
0.814922,0.0,0.07121507
0.9640438,0.0,0.0050227726
0.8339101,0.0,0.3939318
0.8617692,0.0,0.008127052
0.93505955,0.0,0.22403026
0.8523773,0.0,0.73224616
0.9372045,0.0,0.8200751
0.9712441,0.0,0.12460435
0.89512485,0.0,0.12586226
0.9147684,0.0,0.0064184177
0.90240324,0.0,0.00776132
0.9623081,0.0,0.0026866214
0.9542183,0.0,0.011128532
0.9340207,0.0,0.0
0.8980677,0.0,0.08800763
0.9500035,0.0,0.028190976
0.88677335,0.0,0.18034911
0.9320714,0.0,0.06416977
0.65659404,0.0,0.00954234
0.94310653,0.0,0.011469441
0.9154984,0.0,0.029284777
0.89862907,0.0,0.21546942
0.7892004,0.0,0.29599914
0.93344826,0.0,0.6202716
0.9203495,0.0,0.77995104
0.9272838,0.0,0.77187985
0.79628307,0.0,0.27844197
0.8034814,0.0,0.59309536
0.6143368,0.0,0.49679244
0.9420879,0.0,0.10481466
0.72028166,0.0,0.7910273
0.78266686,0.0,0.0950362
0.80053717,0.0,0.44276786
0.87152714,0.0,0.12408576
0.64973885,0.0,0.5111218
0.9102883,0.0,0.13196011
0.8072707,0.0,0.66476715
0.7271497,0.0,0.22007807
0.9238501,0.0,0.019757409
0.4687649,0.0,0.5404273
0.35887444,0.0,0.39541867
0.96722734,0.0,0.061481506
0.7975675,0.0,0.21632391
0.9343681,0.0,0.42845595
0.86131585,0.0,0.25192276
0.87087226,0.0,0.5773381
0.93848175,0.0,0.11418938
0.7615865,0.0,0.5534724
0.851549,0.0,0.8185822
0.60859823,0.0,0.18036467
0.8271271,0.0,0.61322796
0.9572178,0.0,0.37411296
0.74297315,0.0,0.5841532
0.7245548,0.0,0.72573787
0.82134265,0.0,0.6454973
0.8014115,0.0,0.8423085
0.86178285,0.0,0.71165115
0.91015655,0.0,0.048132665
0.9284,0.0,0.30850902
0.965154,0.0,0.0
0.9795449,0.0,0.09310113
0.7515256,0.0,0.00035438736
0.975742,0.0,0.17429918
0.9667846,0.0,0.0028020302
0.9491511,0.0,0.08940846
0.9213512,0.0,0.41072825
0.97829163,0.0,0.4044942
0.9632245,0.0,0.3091799
0.96071345,0.0,0.35484695
0.7812544,0.0,0.14192016
0.9703958,0.0,0.12041738
0.9494399,0.0,0.46067286
0.9551798,0.0,0.07020676
0.85020053,0.0,0.27402732
0.8835708,0.0,0.019609658
0.92160064,0.0,0.011975921
0.93094826,0.0,0.5517415
0.9619281,0.0,0.17228048
0.89585584,0.0,0.46888223
0.8780667,0.0,0.0030514565
0.6679519,0.0,0.3104629
0.95458865,0.0,0.108551085
0.87360674,0.0,0.2571949
0.88553244,0.0,0.07416196
0.9054773,0.0,0.014060996
0.92775595,0.0,0.55291444
0.91759795,0.0,0.2532153
0.6355837,0.0,0.18737759
0.9081981,0.0,0.6310641
0.890456,0.0,0.48580602
0.8180373,0.0,0.5328052
0.8919965,0.0,0.3665363
0.87623465,0.0,0.5732587
0.89746594,0.0,0.12042722
0.9121397,0.0,0.37220648
0.86801004,0.0,0.009165302
0.9631919,0.0,0.2714864
0.91131055,0.0,0.030646134
0.8222696,0.0,0.12173461
0.97868377,0.0,0.016592301
0.9767066,0.0,9.765219e-05
0.9137313,0.0,0.1417113
0.976151,0.0,0.065196656
0.9444227,0.0,0.30642405
0.9224801,0.0,0.5712484
0.87906426,0.0,0.6016732
0.90672195,0.0,0.008742858
0.66330653,0.0,0.21927069
0.9201624,0.0,0.516375
0.74196005,0.0,0.39374456
0.6638472,0.0,0.073994786
0.942662,0.0,0.037892647
0.88137776,0.0,0.81992394
0.90553916,0.0,0.5332755
0.9688224,0.0,0.042922053
0.94301546,0.0,0.17775533
0.96151614,0.0,0.0
0.9453445,0.0,0.0139817055
0.9762046,0.0,0.0
0.9513805,0.0,0.0
0.8531417,0.0,0.0
0.9661093,0.0,0.0102708135
0.81035244,0.0,0.26205558
0.9558277,0.0,0.048778027
0.96792096,0.0,0.28372812
0.80032074,0.0,0.048986305
0.9811794,0.0,0.0
0.8879452,0.0,0.0071505373
0.88850343,0.0,0.0067051267
0.98051983,0.0,0.14569026
0.6788016,0.0,0.059977006
0.7865283,0.0,0.0008502454
0.92403144,0.0,0.1012566
0.8332725,0.0,0.5389928
0.73237896,0.0,0.36728546
0.87702084,0.0,0.20616403
0.5013638,0.0,0.7804621
0.6760151,0.0,0.216119
0.9529653,0.0,0.16239725
0.8533247,0.0,0.15707237
0.77596843,0.0,0.14795287
0.9496647,0.0,0.0039399522
0.90847534,0.0,0.059441715
0.8548993,0.0,0.0016870826
0.9543283,0.0,0.0
0.88849175,0.0,0.0014036401
0.9539997,0.0,0.0
0.9662781,1.0,0.43583858
0.9062701,1.0,0.40383708
0.9479796,1.0,0.46583083
0.9004316,1.0,0.4509703
0.9759749,0.0,0.020612897
0.84667,0.0,0.07013211
0.9658589,0.0,0.00027685077
0.5315764,0.0,0.029509615
0.8395236,0.0,0.0004119856
0.9540686,0.0,0.047855664
0.9544089,0.0,0.1659736
0.8973302,0.0,0.3369269
0.8632351,0.0,0.7468752
0.81865853,0.0,0.2034686
0.69975924,0.0,0.08471724
0.9197497,0.0,0.06590506
0.7112875,1.0,0.52323335
0.7084599,1.0,0.5045595
0.7336631,1.0,0.20094639
0.68944496,0.0,0.04624184
0.7234526,1.0,0.62884307
0.9048845,1.0,0.6411328
0.9070073,0.0,0.0930522
0.78568935,1.0,0.22685711
0.8915754,0.0,0.20186749
0.88897544,0.0,0.0077767423
0.79181516,0.0,0.41623437
0.8245943,0.0,0.10994143
0.6846236,0.0,0.18363616
0.7848351,0.0,0.5861724
0.8815479,0.0,0.34830564
0.90354913,0.0,0.81136125
0.9248201,0.0,0.7584706
0.9114717,0.0,0.16687775
0.7462687,0.0,0.100875266
0.949397,0.0,0.06697334
0.95197254,0.0,0.019356353
0.9413766,0.0,0.06484988
0.9032118,0.0,0.00021972154
0.37569135,0.0,0.012058233
0.9448323,0.0,0.009230581
0.48462042,0.0,0.36607674
0.8483011,0.0,0.14527197
0.8205516,0.0,0.0014320347
0.5518258,0.0,0.17020857
0.7179859,0.0,0.026556002
0.70136195,0.0,0.31950593
0.6722367,0.0,0.74924225
0.6953104,0.0,0.52817154
0.66719407,0.0,0.5261659
0.744033,0.0,0.010042818
0.5779697,0.0,0.66017884
0.6267105,0.0,0.20790909
0.763975,0.0,0.4588833
0.87004656,0.0,0.8104255
0.8995039,0.0,0.5606907
0.8415667,0.0,0.045727003
0.61962634,0.0,0.11555478
0.94058895,0.0,0.3695092
0.8149668,0.0,0.46079928
0.96113724,0.0,0.009410834
0.9690452,0.0,0.10497138
0.94734114,0.0,0.004868212
0.87277174,0.0,0.110004745
0.7989172,0.0,0.0
0.9496945,0.0,0.037980553
0.952494,0.0,0.013783102
0.47558534,0.0,0.2000845
0.9298774,0.0,0.31253368
0.9207736,0.0,0.17145124
0.8889751,0.0,0.08369579
0.8881313,0.0,0.00573458
0.80082065,0.0,0.17820713
0.90217954,0.0,0.005996703
0.8130038,0.0,0.22748682
0.6973012,0.0,0.32315785
0.56405246,0.0,0.22265948
0.8076223,0.0,0.0
0.93411046,0.0,0.09846382
0.628369,0.0,0.513183
0.31726104,0.0,0.2023318
0.7938027,0.0,0.00819363
0.72253424,0.0,0.044235263
0.57637817,0.0,0.36763236
0.84026295,0.0,0.19979818
0.7230676,0.0,0.0
0.4764258,0.0,0.18728136
0.54939085,0.0,0.6074569
0.83393854,0.0,0.29192042
0.7018344,0.0,0.026325835
0.85951185,0.0,0.6516358
0.65911627,0.0,0.7088964
0.3681203,0.0,0.5758287
0.8607955,0.0,0.5172402
0.40033147,0.0,0.50286275
0.8349527,0.0,0.49139985
0.5966964,0.0,0.24360509
0.76060987,0.0,0.6875799
0.8991432,0.0,0.3234474
0.51783425,0.0,0.27342972
0.7452478,0.0,0.70355946
0.6408079,0.0,0.4622582
0.7688767,0.0,0.07368499
0.85019976,0.0,0.4279284
0.7159292,0.0,0.20044675
0.81508064,0.0,0.0035525754
0.90384996,0.0,0.047996297
0.91370106,0.0,0.045033935
0.82090515,0.0,0.1497333
0.6966976,0.0,0.7522684
0.73541564,0.0,0.31257355
0.63510144,0.0,0.06609303
0.8948262,0.0,0.40478653
0.7480539,1.0,0.57179135
0.6652107,1.0,0.41495323
0.53069425,1.0,0.6746646
0.8389247,1.0,0.113605715
0.7741417,1.0,0.21840523
0.87236565,1.0,0.13603616
0.9036771,0.0,0.20471875
0.5895135,0.0,0.061065093
0.8673449,0.0,0.0624505
0.77241135,1.0,0.31633222
0.67947125,0.0,0.0
0.66362,1.0,0.1410495
0.6837414,0.0,0.009710941
0.83133745,0.0,0.107463315
0.8500665,0.0,0.02625127
0.86657023,0.0,0.21603575
0.9227809,0.0,0.6996416
0.88815707,1.0,0.7109033
0.89308614,1.0,0.25000072
0.77264637,1.0,0.39209142
0.7675537,0.0,0.00040810983
0.6931169,1.0,0.20274854
0.85915,0.0,0.0075695775
0.858892,1.0,0.10058506
0.860975,0.0,0.013815578
0.8986179,1.0,0.27837348
0.9635578,0.0,0.004389952
0.854817,0.0,0.0010398774
0.9032987,1.0,0.0450083
0.85437185,0.0,0.16745473
0.896004,1.0,0.50920594
0.93550175,0.0,0.2910585
0.9745892,0.0,0.5465647
0.874301,0.0,0.82439613
0.818861,0.0,0.22189198
0.9047173,0.0,0.08267193
0.94771177,0.0,0.0
0.8717764,0.0,0.0
0.8993954,0.0,0.00016935113
0.9540317,0.0,0.0005508636
0.9067098,0.0,0.005624639
0.7438579,0.0,0.08347314
0.93596196,0.0,0.2084032
0.9809502,0.0,0.17089568
0.82533514,0.0,0.8390817
0.9639771,0.0,0.790747
0.89727265,0.0,1.0
0.9615486,0.0,0.7824427
0.93076366,0.0,0.17962989
0.98307496,0.0,0.0027977368
0.906844,0.0,0.010245366
0.8565097,0.0,0.12776448
0.9245992,0.0,0.0007591488
0.96375185,0.0,0.007370402
0.96450317,0.0,0.0013397892
0.9122466,1.0,0.056568626
0.83921295,0.0,0.0
0.7806398,0.0,0.0
0.8582699,1.0,0.024503984
0.9163659,1.0,0.07869515
0.85522,0.0,0.01053306
0.88234526,0.0,0.0
0.8215316,0.0,0.002066568
0.8412923,0.0,0.012962373
0.8286285,0.0,0.0
0.91238123,0.0,0.02251254
0.8300767,0.0,0.069235116
0.66927654,0.0,0.47642532
0.8537635,0.0,0.5977897
0.68096924,0.0,0.50997895
0.78047526,0.0,0.26079103
0.9243991,0.0,0.0
0.8135837,0.0,0.0
0.92761564,0.0,0.016850166
0.94192976,1.0,0.038927518
0.9243913,1.0,0.2879874
0.8670239,0.0,0.039080754
0.94271106,1.0,0.27199012
0.8538704,1.0,0.53868204
0.6582557,1.0,0.5998645
0.7599876,1.0,0.2584903
0.9505801,1.0,0.13691631
0.669314,0.0,0.0
0.93098944,1.0,0.30742368
0.95782954,1.0,0.61622936
0.7066311,0.0,0.23845118
0.59801114,1.0,0.84034467
0.773371,0.0,0.5556134
0.54907894,1.0,0.54203427
0.80313003,0.0,0.53613484
0.7870086,0.0,0.6690655
0.9043247,1.0,0.6667337
0.60188365,1.0,0.79569906
0.7430531,0.0,0.29406205
0.8456125,0.0,0.6283288
0.88244456,1.0,0.4163894
0.79911643,0.0,0.97454953
0.7091422,0.0,0.7467324
0.78681976,0.0,0.45658776
0.73452705,0.0,0.06586456
0.79453754,0.0,0.053502243
0.82286626,0.0,0.68505234
0.8993305,0.0,0.6765375
0.9551592,0.0,0.20766547
0.898558,0.0,0.3552806
0.8294283,0.0,0.41618198
0.84266746,0.0,0.14582628
0.7204824,0.0,0.15284626
0.7996248,0.0,0.18578403
0.882003,0.0,0.0
0.73287195,0.0,0.0077437325
0.8442609,0.0,0.09475785
0.95353067,0.0,0.05728497
0.796626,0.0,0.05142621
0.81800675,0.0,0.030904211
0.83022434,0.0,0.3342532
0.9228083,0.0,0.00024187162
0.92535675,0.0,0.009384689
0.7568735,0.0,0.006060282
0.7907216,0.0,0.23053432
0.7215017,0.0,0.0007856999
0.93634623,0.0,0.006781643
0.8738213,0.0,0.19877253
0.72429883,0.0,0.19155641
0.89737195,0.0,0.008131143
0.5525993,0.0,0.14844087
0.8562128,0.0,0.59778845
0.6729245,0.0,0.34830955
0.8951055,0.0,0.25432363
0.9350294,0.0,0.39577726
0.8502392,0.0,0.6712337
0.70449114,0.0,0.4599005
0.9528991,0.0,0.15319847
0.9666231,0.0,0.014736617
0.8151322,0.0,0.0
0.7417685,0.0,0.027486451
0.65641445,0.0,0.0075627347
0.97095436,0.0,0.044550106
0.8827937,0.0,0.021609152
0.94914126,0.0,0.028540641
0.82554036,0.0,0.016043833
0.7610478,0.0,0.0057914536
0.9407489,0.0,0.0014360351
0.66136473,0.0,0.04121502
0.942724,0.0,0.009749459
0.93100125,0.0,0.0045875725
0.9633623,0.0,0.0
0.824232,0.0,0.013553587
0.89093375,0.0,0.00047373382
0.9291253,0.0,0.019573571
0.6640129,0.0,0.14199774
0.8556584,0.0,0.0
0.92332554,0.0,0.03622705
0.61366665,0.0,0.4902441
0.9290923,0.0,0.47331485
0.874352,0.0,0.46834597
0.97537667,0.0,0.016903123
0.9725901,0.0,0.07681033
0.7853377,0.0,0.26363328
0.57930255,0.0,0.14559726
0.8045485,0.0,0.0
0.8969009,0.0,0.01478267
0.85273314,0.0,0.3207588
0.74270284,0.0,0.15643238
0.96881056,0.0,0.0
0.9318849,0.0,0.10312053
0.9016847,0.0,0.00021194106
0.9139683,0.0,0.35173488
0.94258934,0.0,0.2935205
0.79287237,0.0,0.0
0.7926474,0.0,0.2452616
0.89450854,0.0,0.6292652
0.9161978,0.0,0.39705262
0.7481734,0.0,0.11756678
0.8868676,0.0,0.79622096
0.8273135,0.0,0.5829986
0.80953795,0.0,0.057734918
0.8084654,0.0,0.42509153
0.87215614,0.0,0.41017115
0.8385638,0.0,0.3468237
0.8879206,0.0,0.08856874
0.7862133,0.0,0.00021752756
0.89778244,0.0,0.044601597
0.78207964,0.0,0.31840456
0.39823726,0.0,0.041794688
0.75929594,0.0,4.137861e-05
0.6033152,0.0,0.3516911
0.62459445,0.0,0.584193
0.5735205,0.0,0.013331486
0.42292067,0.0,0.06835794
0.8052959,0.0,0.44526783
0.8373146,0.0,0.16971473
0.7349635,0.0,0.0036295194
0.7574525,0.0,0.18719472
0.82729465,0.0,0.34166664
0.88211244,0.0,0.81901246
0.89432895,0.0,0.1366638
0.6502383,0.0,0.68940747
0.87630653,0.0,0.28967318
0.88893616,0.0,0.06478369
0.70523465,0.0,0.18604775
0.8753093,0.0,0.042349562
0.5576794,0.0,0.31746763
0.6007276,0.0,0.21957994
0.81374,0.0,0.012367414
0.9372341,0.0,0.053151026
0.94477445,0.0,0.084269956
0.5747546,0.0,0.0
0.88145655,0.0,0.008837644
0.6100162,0.0,0.0007133484
0.94909203,0.0,0.08415349
0.83040386,0.0,0.4707422
0.7390486,0.0,0.49194017
0.89419013,0.0,0.15792772
0.8508789,0.0,0.40849292
0.8652786,0.0,0.10557716
0.6707505,0.0,0.30344576
0.69803315,0.0,0.6079653
0.8375195,0.0,0.45028824
0.90312445,0.0,0.006834185
0.56914026,0.0,0.26732957
0.80521196,0.0,0.25436774
0.67110926,0.0,0.26783088
0.8396205,0.0,0.0
0.67671174,0.0,0.39545116
0.8639112,0.0,0.3738451
0.9292492,0.0,0.16273576
0.94408756,0.0,0.026162194
0.91324896,0.0,0.38601926
0.9646538,0.0,0.056137107
0.815029,0.0,0.30895677
0.9603202,0.0,0.019758904
0.67122054,0.0,0.24275532
0.8119207,0.0,0.5757673
0.90645474,0.0,0.031772595
0.90388405,0.0,0.12148147
0.84999126,0.0,0.02264677
0.6910623,0.0,0.50292045
0.9303487,0.0,0.29115003
0.74338424,0.0,0.6416562
0.9126744,0.0,0.4809416
0.8161843,0.0,0.10212332
0.61794496,0.0,0.13513337
0.7469493,0.0,0.36122462
0.7482412,0.0,0.62134725
0.8362502,0.0,0.038219046
0.8885421,0.0,0.064595245
0.82958734,0.0,0.39523974
0.636125,0.0,0.40876737
0.78582925,0.0,0.00398887
0.8384592,0.0,0.2835883
0.7847024,0.0,0.7086462
0.33898324,0.0,0.18181224
0.9234994,0.0,0.0023758237
0.79325116,0.0,0.43841746
0.72342634,0.0,0.2441262
0.4498051,0.0,0.23778579
0.74598277,0.0,0.031534858
0.4556671,0.0,0.5542138
0.79296917,0.0,0.34397
0.93445593,0.0,0.006762
0.67131,0.0,0.006804771
0.8836835,0.0,0.34951255
0.91059697,0.0,0.828771
0.6906727,0.0,0.109025694
0.7232628,0.0,0.46586514
0.8030184,0.0,0.49727282
0.9512319,0.0,0.5690876
0.9355319,0.0,0.03723856
0.7759131,0.0,0.19897701
0.9523494,0.0,0.0
0.9605287,0.0,0.0
0.78393203,0.0,0.019515622
0.92122805,0.0,0.008384438
0.82619214,0.0,0.001002843
0.8786258,0.0,0.017254818
0.8133399,0.0,0.043420576
0.90739715,0.0,0.02615199
0.88757366,0.0,0.016063105
0.85891896,0.0,0.21185999
0.9443955,0.0,0.046977043
0.8357813,0.0,0.17079818
0.9371389,0.0,0.010959064
0.7656925,0.0,0.51698923
0.7597928,0.0,0.16070594
0.560572,0.0,0.16162808
0.884627,0.0,0.015022436
0.84808165,0.0,0.08415245
0.4766027,1.0,0.38057816
0.7905567,1.0,0.5932993
0.92033994,1.0,0.19363227
0.9266495,1.0,0.19178161
0.6728033,1.0,0.2890354
0.59350276,1.0,0.538379
0.67341685,0.0,0.10810291
0.8447548,0.0,0.37217602
0.87998974,0.0,0.0
0.8315266,1.0,0.3291862
0.91124004,0.0,0.18286936
0.96829045,0.0,0.30417845
0.79531354,0.0,0.5656447
0.7630636,0.0,0.69737345
0.9287303,0.0,0.4039452
0.73194975,0.0,0.38331336
0.66832435,0.0,0.27702278
0.579236,0.0,0.45686495
0.7971193,0.0,0.054376163
0.6043589,0.0,0.31122103
0.8320223,0.0,0.0
0.87899333,0.0,0.0
0.55411214,1.0,0.16479233
0.41294053,0.0,0.0
0.70489216,0.0,0.22077231
0.732414,0.0,0.05314042
0.74503464,0.0,0.49190015
0.50906014,0.0,0.03390632
0.48112562,0.0,0.29227456
0.8703515,0.0,0.12760504
0.9190087,0.0,0.0917107
0.780108,0.0,0.5460018
0.9188804,0.0,0.044793002
0.58627933,0.0,0.68468064
0.7246565,0.0,0.55221695
0.780402,0.0,0.03377689
0.9193949,0.0,0.33731776
0.91541815,0.0,0.023822142
0.7608444,1.0,0.25528196
0.8250285,0.0,0.005577006
0.71047145,0.0,0.016132774
0.8241677,0.0,0.03494439
0.75810367,0.0,0.015781878
0.78771937,0.0,0.2384697
0.90677565,0.0,0.0120405005
0.50196844,0.0,0.3075271
0.9273733,0.0,0.18159576
0.88776004,0.0,0.1983746
0.9147714,0.0,5.2772924e-05
0.8894456,0.0,0.0061656334
0.9454591,0.0,0.0
0.7460536,0.0,0.007640665
0.4954865,0.0,0.0014279825
0.8585,0.0,0.0059769736
0.7243508,0.0,0.021634672
0.8844316,0.0,0.015968693
0.96280855,1.0,0.4350194
0.7766044,1.0,0.5361511
0.66069025,0.0,0.25603005
0.7526208,0.0,0.54210556
0.8285115,0.0,0.105803505
0.9210726,0.0,0.09185832
0.8034055,0.0,0.6558835
0.5569941,0.0,0.31990603
0.6629471,0.0,0.0013372479
0.63867694,0.0,0.017828815
0.8479494,0.0,0.44944653
0.5204089,0.0,0.36657894
0.7151983,0.0,0.009582471
0.78163916,0.0,0.266794
0.8604959,0.0,0.09134451
0.5770165,0.0,0.50149953
0.7164218,0.0,0.08342486
0.7086698,0.0,0.060555883
0.71558326,0.0,0.14908572
0.59813,0.0,0.34364152
0.61604685,0.0,0.011252669
0.3460479,0.0,0.3307698
0.6144276,0.0,0.63224614
0.3472862,0.0,0.39416215
0.8677313,0.0,0.11197474
0.49734697,1.0,0.3802868
0.6998925,0.0,0.46147838
0.74609506,1.0,0.36944357
0.5902289,0.0,0.22461802
0.6991818,0.0,0.082951985
0.5556107,1.0,0.17937414
0.5823287,0.0,0.00045902995
0.51634157,0.0,0.053181387
0.6094513,0.0,0.0011303534
0.8313455,0.0,0.0
0.632185,0.0,0.27292794
0.83151394,0.0,0.0340093
0.46581897,0.0,0.4184644
0.45244983,0.0,0.0
0.81849235,0.0,0.4362299
0.85374796,0.0,0.15248041
0.6058287,0.0,0.41663963
0.82360655,0.0,0.12416675
0.8230921,0.0,0.29275447
0.63154685,0.0,0.0
0.47960982,0.0,0.030219277
0.74726266,0.0,0.34536347
0.68476444,0.0,0.0
0.8147016,0.0,0.0
0.42971352,0.0,0.23219523
0.32829738,0.0,0.5918189
0.78341776,0.0,0.16271546
0.8346842,0.0,0.25866243
0.90596724,0.0,0.00057158316
0.4941667,0.0,0.5102262
0.9006265,0.0,0.29996222
0.86996824,0.0,0.010876201
0.92186475,0.0,0.103321254
0.87144977,0.0,0.3275711
0.79820305,0.0,0.35694122
0.8776328,0.0,0.61138266
0.9725442,0.0,0.1530204
0.9481771,0.0,0.31003946
0.9211948,0.0,0.04714718
0.90725815,0.0,0.45104715
0.85181904,0.0,0.19535956
0.88299865,0.0,0.0
0.9195746,0.0,0.020452278
0.7588266,0.0,0.5609635
0.767177,0.0,0.30418345
0.8383839,0.0,0.5067468
0.9279344,0.0,0.007272279
0.8949464,0.0,0.044929236
0.9088211,0.0,0.027795536
0.8089158,0.0,0.34124604
0.76670426,0.0,0.14389405
0.9069003,0.0,0.004920061
0.87368435,0.0,0.05882007
0.9344758,0.0,0.022291416
0.5716973,0.0,0.0974301
0.92855537,0.0,0.10103301
0.7822153,0.0,0.08523402
0.8806335,0.0,0.0123675205
0.94292736,0.0,0.20018129
0.67927307,0.0,0.006748253
0.7228277,0.0,0.18097857
0.77790177,0.0,0.08423059
0.8355046,0.0,0.07328314
0.92402065,0.0,0.0
0.8675053,0.0,0.0017625793
0.35493574,0.0,0.087138265
0.9561696,0.0,0.18202506
0.85769826,0.0,0.6315251
0.84092814,0.0,0.50588524
0.7726901,0.0,0.6624487
0.8139432,0.0,0.1903916
0.73580587,1.0,0.669716
0.7427163,1.0,0.6637891
0.6940189,1.0,0.6567706
0.8909156,1.0,0.33867785
0.7705264,1.0,0.24393666
0.94976807,1.0,0.3221661
0.73529136,1.0,0.8598034
0.7097528,1.0,0.57045776
0.83036995,1.0,0.20548277
0.57406384,1.0,0.62294567
0.77889425,1.0,0.3328796
0.73717874,1.0,0.50700194
0.7681015,0.0,0.20846933
0.5492342,0.0,0.10612309
0.7782421,0.0,0.0
0.7825792,0.0,0.1760939
0.50626063,1.0,0.20401482
0.8663959,0.0,0.0977684
0.93088037,0.0,0.0
0.8768946,0.0,0.0015013532
0.75485843,0.0,0.0
0.8921838,0.0,0.0006058722
0.81449777,0.0,0.0
0.96030796,0.0,0.090321824
0.9593967,0.0,0.00044453036
0.64134055,0.0,0.31679773
0.60885346,0.0,0.53797174
0.88754964,0.0,0.040865485
0.79221046,0.0,0.23198865
0.82806826,0.0,0.010530187
0.90313923,0.0,0.029665591
0.7619949,0.0,0.0010510918
0.8934197,0.0,0.018056333
0.9619511,0.0,0.0012095452
0.9456583,0.0,0.0
0.97497004,0.0,0.034519333
0.7861143,0.0,0.0
0.9356436,0.0,0.07934428
0.9488006,0.0,0.08840895
0.85297143,0.0,0.071407326
0.87044144,0.0,0.52404314
0.49076644,0.0,0.36712268
0.6987351,0.0,0.37741596
0.75189495,0.0,0.62833786
0.8535243,0.0,0.55405015
0.71398723,0.0,0.0593567
0.4831534,0.0,0.6366219
0.6023636,0.0,0.2313734
0.7343139,0.0,0.42655227
0.76359075,0.0,0.6416179
0.8945939,0.0,0.5671232
0.90113974,0.0,0.09774573
0.6196458,0.0,0.34526017
0.7719096,0.0,0.23192722
0.5644837,0.0,0.32660675
0.6604692,0.0,0.7003538
0.9218433,0.0,0.29125872
0.7967825,0.0,0.7545751
0.84734434,0.0,0.29554665
0.477079,0.0,0.0020252557
0.8240991,0.0,0.07591198
0.7869011,0.0,0.35054496
0.5305908,0.0,0.18334855
0.92825204,0.0,0.0
0.51183194,0.0,0.18923485
0.7417016,0.0,0.45935816
0.6937128,0.0,0.34435531
0.676016,0.0,0.13813925
0.5688816,0.0,0.5870893
0.53404593,0.0,0.6426582
0.8371133,0.0,0.34868065
0.8893088,0.0,0.16040553
0.49567258,0.0,0.08267473
0.6787695,0.0,0.25216022
0.5702131,0.0,0.12139657
0.92008096,0.0,0.0
0.63818055,0.0,0.06481107
0.42968655,0.0,0.046598125
0.8070885,0.0,0.014283818
0.6629814,0.0,0.0
0.66727096,0.0,0.012992589
0.9283299,0.0,0.0
0.9374394,0.0,0.0070001744
0.8105444,0.0,0.010702265
0.24051155,0.0,0.24693255
0.4691924,0.0,0.4767704
0.8552158,0.0,0.31606397
0.60733914,0.0,0.42228028
0.51738405,0.0,0.66276973
0.9466826,0.0,0.21292292
0.9113585,0.0,0.22456834
0.8338603,0.0,0.32833117
0.9336815,0.0,0.0
0.8224811,0.0,0.0037752604
0.66211295,0.0,0.13434014
0.84972894,0.0,0.2522542
0.83219737,0.0,0.0
0.957384,0.0,0.0
0.7837919,0.0,0.27921885
0.63524383,0.0,0.010838796
0.6983037,0.0,0.027228037
0.8516643,0.0,0.14732708
0.680597,0.0,0.10349274
0.75522083,0.0,0.2551553
0.6194842,1.0,0.36799976
0.3837851,0.0,0.36090633
0.566033,1.0,0.09780166
0.35759288,0.0,0.66797626
0.4978328,0.0,0.22802825
0.86166316,0.0,0.0
0.46365544,0.0,0.03155313
0.34487656,0.0,0.08578139
0.8969622,0.0,0.0
0.38159087,0.0,0.0
0.44772854,0.0,0.51604307
0.293488,0.0,0.3257875
0.62040615,0.0,0.0
0.71118915,0.0,0.106177144
0.73939073,0.0,0.608348
0.49822918,0.0,0.33042985
0.8336583,0.0,0.30773118
0.6825374,0.0,0.43569863
0.65192443,0.0,0.30379027
0.94961584,0.0,0.04956769
0.6671468,0.0,0.25212598
0.73506546,0.0,0.5138534
0.8539668,0.0,0.0010080109
0.6830389,0.0,0.025543222
0.566739,0.0,0.06454741
0.9092654,0.0,0.16118667
0.68434745,0.0,0.020248836
0.9521823,0.0,0.0073070796
0.56074923,1.0,0.09731024
0.8523777,0.0,0.0035878194
0.57755494,0.0,0.04156121
0.6008467,1.0,0.07272521
0.80442566,1.0,0.30175552
0.7115629,1.0,0.29431194
0.6884788,0.0,0.50907373
0.5482528,0.0,0.35303727
0.5704487,0.0,0.20159675
0.5298994,0.0,0.448987
0.51431096,0.0,0.27726525
0.8196775,0.0,0.0021141963
0.5621811,0.0,0.016182465
0.66010666,0.0,0.29195142
0.6144067,0.0,0.106796086
0.7631232,0.0,0.00361682
0.6664287,0.0,0.28933728
0.74549234,0.0,0.17798238
0.8383078,0.0,0.023195373
0.81991535,0.0,0.0
0.6338088,0.0,0.42528227
0.56321776,0.0,0.23492384
0.8132612,0.0,0.100015335
0.6763432,0.0,0.75262076
0.9428789,0.0,0.5377344
0.9632696,0.0,0.10652124
0.96474564,0.0,0.30237308
0.92053396,0.0,0.5605606
0.88863134,0.0,0.19464831
0.8428398,0.0,0.4441494
0.89451224,0.0,0.895077
0.86405206,0.0,0.8169514
0.937534,0.0,0.7283773
0.9322682,0.0,0.9012012
0.9080413,0.0,0.57827944
0.88432074,0.0,0.7981764
0.8272911,0.0,0.62553704
0.86912763,0.0,0.4346902
0.82266533,0.0,0.30096698
0.81248087,0.0,0.61963123
0.8286941,0.0,0.17951551
0.80665445,0.0,0.12540886
0.7164644,0.0,0.40707383
0.883205,0.0,0.38236707
0.8097683,0.0,0.0
0.82031256,0.0,0.1085597
0.8860069,0.0,0.44247496
0.78281075,0.0,0.16518691
0.8488887,0.0,6.8039306e-05
0.6307477,0.0,0.1955192
0.8719889,0.0,0.26473886
0.9180621,0.0,0.03715836
0.7118666,0.0,0.29422995
0.78776115,0.0,0.5662545
0.5672454,0.0,0.4670032
0.8337265,0.0,0.37054735
0.5961597,0.0,0.60844177
0.59612465,0.0,0.6994773
0.81896687,0.0,0.4672444
0.53595114,0.0,0.3795512
0.6815648,0.0,0.23744322
0.9398032,0.0,0.13726442
0.89867723,0.0,0.16965337
0.6952853,0.0,0.017825387
0.38632092,0.0,0.11295094
0.771646,0.0,0.030996786
0.89116675,0.0,0.0
0.79406244,0.0,0.033475697
0.9241904,0.0,0.0
0.7317779,1.0,0.012752018
0.6009966,0.0,0.0011188136
0.791686,0.0,0.017213434
0.81216776,1.0,0.17916223
0.5113441,0.0,0.23888198
0.7663421,0.0,0.297351
0.90456194,0.0,0.34498432
0.7474124,0.0,0.26877397
0.8316841,0.0,0.2639713
0.76369256,0.0,0.5479753
0.63856554,0.0,0.40799296
0.90415984,0.0,0.0
0.6441209,0.0,0.15057802
0.77718765,0.0,0.51836926
0.78446776,0.0,0.035862017
0.7837212,1.0,0.004991336
0.6717592,0.0,0.38084716
0.8799889,0.0,0.1721849
0.9101516,0.0,0.0
0.7332217,0.0,0.030259585
0.59765524,0.0,0.5240791
0.6351721,0.0,0.42313722
0.84064245,0.0,0.33289832
0.5285462,0.0,0.41762647
0.51175845,0.0,0.5093084
0.89974755,0.0,0.15176395
0.8972278,0.0,0.21180426
0.56603026,0.0,0.23848061
0.6396574,0.0,0.013144817
0.4377063,0.0,0.17326851
0.7429629,1.0,0.0648609
0.6378152,1.0,0.10216844
0.7263327,0.0,0.067678824
0.8988337,0.0,0.0
0.8432658,1.0,0.2721279
0.5901099,0.0,0.004728942
0.48691395,0.0,0.05660386
0.94824237,1.0,0.20273499
0.82547927,1.0,0.34475657
0.94518614,0.0,0.37444213
0.84448403,0.0,0.6983278
0.49366057,0.0,0.3271095
0.30739734,0.0,0.09380485
0.8100374,0.0,0.5081638
0.8366921,0.0,0.4144929
0.9262288,0.0,0.0
0.58839786,0.0,0.05964974
0.76901835,0.0,0.46117857
0.7653404,0.0,0.019415947
0.7687851,1.0,0.018213691
0.75774133,0.0,0.3680859
0.3878475,0.0,0.24479459
0.9224811,0.0,0.0
0.673846,0.0,0.06652815
0.75797856,0.0,0.5454278
0.49945337,0.0,0.24662721
0.87442404,0.0,0.132936
0.72720313,0.0,0.47338736
0.84748423,0.0,0.37803844
0.8225481,1.0,0.015587657
0.67708284,0.0,0.1154769
0.62502944,1.0,0.13910244
0.7360537,0.0,0.0
0.320187,0.0,0.10875599
0.8700267,1.0,0.11981355
0.90383047,1.0,0.16512853
0.69142646,0.0,0.0090611745
0.87580734,0.0,0.0
0.40168345,1.0,0.31213748
0.91898406,0.0,0.0056550023
0.85337085,0.0,0.020194309
0.6488068,1.0,0.15534176
0.85845554,1.0,0.49301568
0.7674,0.0,0.38187078
0.9221928,1.0,0.45812806
0.8314872,0.0,0.2639872
0.63261646,1.0,0.18623942
0.6839368,0.0,0.37553638
0.7696523,0.0,0.28829753
0.90767586,0.0,0.0
0.71172565,0.0,0.0006978974
0.64079857,0.0,0.2274488
0.84526426,0.0,0.06684231
0.79261285,0.0,0.0
0.6267226,0.0,0.0008959277
0.823515,0.0,0.28725284
0.8965651,0.0,0.0
0.7407545,0.0,0.0
0.7305773,0.0,0.05265482
0.91891515,0.0,0.25217566
0.7574038,0.0,0.11455403
0.77347064,0.0,0.18556578
0.6483319,0.0,0.48799443
0.7628671,0.0,0.31228447
0.77737445,0.0,0.45121378
0.8306012,0.0,0.24946626
0.66210836,0.0,0.39372808
0.75562876,0.0,0.52279145
0.92103446,0.0,0.6364325
0.83171123,0.0,0.76217604
0.883913,0.0,0.18594888
0.92547834,0.0,0.17718163
0.9320301,0.0,0.75309396
0.8479952,0.0,0.25212517
0.8289475,0.0,0.24620628
0.8392822,0.0,0.4564569
0.80016965,1.0,0.49480596
0.4841414,0.0,0.033223365
0.87788904,0.0,0.01255166
0.5902779,1.0,0.41031918
0.60123914,1.0,0.13158014
0.62509495,0.0,0.0006647321
0.40948886,1.0,0.26102108
0.5178861,1.0,0.48887154
0.75785226,0.0,0.0
0.5668983,0.0,0.0005967848
0.6669687,1.0,0.3097824
0.83407396,1.0,0.36003318
0.7700899,0.0,0.26375565
0.87047696,1.0,0.44381216
0.5605152,1.0,0.21992113
0.5115004,1.0,0.5003911
0.76908493,0.0,0.5916982
0.8588398,0.0,0.005049561
0.79929775,1.0,0.18144503
0.8321868,0.0,0.49886596
0.94712365,0.0,0.10812624
0.92969376,0.0,0.004303011
0.7801719,1.0,0.4277617
0.80140454,0.0,0.5819527
0.77843904,0.0,0.35162595
0.8527393,0.0,0.26711354
0.5382461,0.0,0.013810182
0.75421745,0.0,0.2431694
0.44527325,0.0,0.34211767
0.5452039,0.0,0.0014511569
0.4061845,0.0,0.0055825305
0.6290753,0.0,0.54496485
0.864798,0.0,0.3900378
0.6854727,0.0,0.05127255
0.8470255,0.0,0.6118898
0.55137306,0.0,0.14432846
0.6882808,0.0,0.72237813
0.56157357,0.0,0.45756343
0.890435,0.0,1.0
0.73179245,0.0,0.28553477
0.863852,0.0,0.5177248
0.6588925,0.0,0.18767543
0.63103515,0.0,0.47727275
0.71500343,0.0,0.15450943
0.7567653,1.0,0.33738598
0.7346002,1.0,0.62231165
0.5967085,1.0,0.7241093
0.6389502,0.0,0.059029788
0.6273996,0.0,0.33698434
0.7439518,1.0,0.36068106
0.40264204,1.0,0.20221826
0.82569516,0.0,0.050964814
0.7651576,0.0,0.6809854
0.62914115,1.0,0.5425843
0.72985953,1.0,0.21860395
0.85228205,0.0,0.29560986
0.6680787,0.0,0.026109593
0.68470305,0.0,0.4650046
0.5804404,0.0,0.41525912
0.71256334,0.0,0.5195224
0.7146412,0.0,0.2197796
0.61373407,0.0,0.003534628
0.7140293,0.0,0.4580926
0.71129864,0.0,0.4999324
0.46999767,0.0,0.157966
0.5082006,0.0,0.039972432
0.6251653,0.0,0.60368055
0.65157235,0.0,0.72524196
0.73534936,0.0,0.27854973
0.77121806,0.0,0.5666225
0.59987754,0.0,0.30082172
0.6780719,0.0,0.072388
0.7418134,0.0,0.35160863
0.91382784,1.0,0.015981644
0.59767014,1.0,0.36854807
0.88812596,1.0,0.02084558
0.88069373,1.0,0.55927277
0.9435582,1.0,0.25807056
0.85308754,0.0,0.35470706
0.7470906,0.0,0.4784544
0.72453606,1.0,0.7807026
0.7687345,1.0,0.56900895
0.7656983,1.0,0.007614392
0.8917953,1.0,0.5223131
0.9027964,1.0,0.7950139
0.8254949,0.0,0.31914765
0.93265855,1.0,0.4748194
0.6135367,0.0,0.72086996
0.84086347,0.0,0.113232225
0.9167655,0.0,0.1018348
0.94253916,0.0,0.5553021
0.80953395,0.0,0.059557788
0.8013898,0.0,0.47975615
0.9649626,0.0,0.014608301
0.9099877,0.0,0.1159236
0.38348877,0.0,0.0
0.8401861,0.0,0.08497653
0.877357,0.0,0.17456484
0.8395477,0.0,0.34230694
0.74642795,0.0,0.5287697
0.7867234,0.0,0.18117577
0.8686091,0.0,0.47488293
0.85196555,0.0,0.0046632807
0.7734259,0.0,0.0
0.83362603,1.0,0.0
0.7689632,0.0,0.017158367
0.9221911,0.0,0.0032687932
0.8714738,0.0,0.42968127
0.7670503,0.0,0.5873241
0.947326,0.0,0.14218149
0.61763966,0.0,0.050052714
0.63877636,0.0,0.13020773
0.6853968,0.0,0.0028623103
0.80835485,1.0,0.17914736
0.76759744,1.0,0.18626752
0.6180604,0.0,0.007496588
0.94991475,0.0,0.00018315032
0.94900924,1.0,0.13892582
0.8354928,0.0,0.25904116
0.7931786,1.0,0.49813285
0.9235161,1.0,0.3248729
0.86369383,1.0,0.9239642
0.70327485,1.0,0.5061592
0.7909665,1.0,0.266818
0.61562926,1.0,0.8084576
0.85918343,1.0,0.20387958
0.88906693,1.0,0.12533318
0.5413361,1.0,0.7168482
0.403441,1.0,0.5357363
0.40902257,0.0,0.05273094
0.32172528,0.0,0.49770385
0.33942577,0.0,0.30401576
0.7720924,0.0,0.53616357
0.63566095,0.0,0.7192304
0.4416406,0.0,1.0
0.6739828,0.0,1.0
0.6389494,0.0,0.5353275
0.43465042,0.0,0.38324952
0.5446432,0.0,0.44901684
0.75778246,0.0,0.10551902
0.72642076,0.0,0.6452038
0.8506189,0.0,0.054535266
0.61106515,0.0,0.33768982
0.5045885,0.0,0.48117802
0.7708511,0.0,0.68261296
0.79557574,0.0,0.10435704
0.80308366,0.0,0.50092673
0.805724,0.0,0.08586629
0.5571408,0.0,0.21716584
0.6163668,0.0,0.0
0.72053915,0.0,0.49438912
0.8604009,0.0,0.06222903
0.85113466,0.0,0.6576885
0.7727976,0.0,0.13248798
0.5511188,0.0,0.80548954
0.5681395,0.0,0.3786326
0.5897318,0.0,0.41795695
0.83880603,0.0,0.01690362
0.76350206,0.0,0.5994762
0.6747894,1.0,0.39593157
0.63107514,0.0,0.007913774
0.46320003,1.0,0.17136566
0.89759743,0.0,0.0
0.8380469,1.0,0.16650604
0.84534436,0.0,0.12192892
0.8113633,0.0,0.42825627
0.70679885,1.0,0.8978357
0.75469744,1.0,0.454001
0.49954802,1.0,0.29796952
0.5405236,0.0,0.0010141023
0.63576066,0.0,0.0
0.4747964,1.0,0.23533353
0.75442606,0.0,0.03346708
0.76186913,1.0,0.3570579
0.8380894,0.0,0.685494
0.7582097,0.0,0.73232806
0.5874879,1.0,0.41766113
0.6617406,0.0,0.26294753
0.36323684,1.0,0.57511264
0.58140874,0.0,0.07650758
0.44463092,1.0,0.27255532
0.5250163,1.0,0.66504216
0.3780468,0.0,0.45981467
0.742917,0.0,0.13603827
0.5513376,0.0,0.41062877
0.47659567,0.0,0.57411647
0.52860314,0.0,0.42220953
0.68999416,0.0,0.058965124
0.3700057,0.0,0.5837476
0.50702566,0.0,0.060596604
0.6992419,0.0,0.27484265
0.41717082,0.0,0.5375962
0.63566774,0.0,0.5497188
0.8435727,0.0,0.252522
0.80529296,0.0,0.0
0.7525783,0.0,0.07523088
0.8522949,0.0,0.0
0.64871496,0.0,0.15123133
0.628611,0.0,0.00064135937
0.7892914,0.0,0.34672672
0.554419,0.0,0.30397362
0.72734565,0.0,0.019728312
0.49240443,0.0,0.31837684
0.62051994,0.0,0.5885045
0.48692456,0.0,0.49137974
0.93444103,0.0,0.051772203
0.6847277,0.0,0.34960687
0.86655045,0.0,0.15333788
0.8413474,0.0,0.25880858
0.9064725,0.0,0.0
0.4875472,0.0,0.16089194
0.7285472,0.0,0.0
0.63745844,1.0,0.3069134
0.9605444,0.0,0.067330085
0.85932565,1.0,0.6109186
0.7287674,0.0,0.37437087
0.51538616,1.0,0.11538508
0.6449155,0.0,0.80395746
0.8224226,1.0,0.6088014
0.7541389,1.0,0.26068473
0.8947196,0.0,0.09736703
0.6598295,0.0,0.3504192
0.52802086,0.0,0.032894693
0.59971195,0.0,0.3062043
0.7532062,0.0,0.0
0.79533994,0.0,0.36771226
0.69695413,0.0,0.20619415
0.6578403,0.0,0.29191816
0.70994705,0.0,0.7612267
0.52166617,0.0,0.98852354
0.8372085,0.0,0.83666325
0.6755463,0.0,0.8646567
0.9179215,0.0,0.44173732
0.87858415,0.0,0.15872003
0.7497004,0.0,0.4746076
0.87705004,0.0,0.4941589
0.6916196,0.0,0.21596538
0.68468374,0.0,0.4777399
0.80666465,0.0,0.6949876
0.7146539,0.0,0.646188
0.9008057,0.0,0.3411824
0.651941,0.0,0.18929589
0.7586139,0.0,0.532953
0.7320388,0.0,0.28569055
0.75007063,1.0,0.29458526
0.82513905,1.0,0.71377
0.8807829,1.0,0.77096176
0.79727507,1.0,0.22003724
0.7795346,1.0,0.57554305
0.83733654,1.0,0.47789863
0.7454702,1.0,0.22789827
0.8017144,1.0,0.39002192
0.92253006,1.0,0.45983705
0.833598,1.0,0.48468813
0.8263374,1.0,0.52995396
0.88014776,1.0,0.6223953
0.8687803,1.0,0.70238405
0.9077051,0.0,0.21234141
0.88698375,0.0,0.26664716
0.76986516,1.0,0.11216857
0.72015953,1.0,0.22532879
0.70267904,0.0,0.18201339
0.84940314,1.0,0.07453751
0.88989836,0.0,0.34507468
0.8573231,0.0,0.64441305
0.8901318,0.0,0.09643093
0.8571826,0.0,0.16914599
0.67535836,1.0,0.028973931
0.88467234,0.0,0.041317824
0.8868773,0.0,0.2161112
0.86955476,0.0,0.11097213
0.7336905,0.0,0.48777178
0.9198657,0.0,0.7123038
0.8692642,0.0,0.34879503
0.85352576,1.0,0.60294425
0.8664539,1.0,0.46753046
0.903848,1.0,0.38660514
0.8290214,1.0,0.32255265
0.71032876,1.0,0.31939536
0.67717355,1.0,0.3924925
0.9205204,1.0,0.4732734
0.89520603,1.0,0.439603
0.93925756,1.0,0.34931636
0.86680305,0.0,0.59625983
0.8097599,1.0,0.48687038
0.866316,1.0,0.3587127
0.881071,0.0,0.3261316
0.8023044,1.0,0.4620157
0.7874975,0.0,0.4436723
0.6793143,0.0,0.8126625
0.78706497,0.0,0.7405213
0.50605977,0.0,0.29685947
0.30920574,0.0,0.43147236
0.7847441,0.0,0.4139587
0.7010823,0.0,0.61151075
0.67707694,0.0,0.21330808
0.63919955,0.0,0.25010803
0.49018738,0.0,0.12732172
0.77808124,0.0,0.58079493
0.7601915,0.0,0.5928386
0.49349025,0.0,0.10627803
0.70883924,0.0,0.24009342
0.7473786,0.0,0.6263242
0.4796583,0.0,0.14922595
0.86373436,0.0,0.0
0.53465897,0.0,0.294482
0.6869704,0.0,0.42288944
0.36558145,0.0,0.04146968
0.54422325,0.0,0.06647514
0.49858874,0.0,0.47532445
0.30158415,0.0,0.29384357
0.54597986,0.0,0.17232613
0.6763727,0.0,0.6825418
0.48998535,0.0,0.45744953
0.5577524,0.0,0.68647254
0.51375395,0.0,0.08666665
0.58226013,0.0,0.7849177
0.8021706,0.0,0.22175346
0.45700026,0.0,0.4678052
0.82479954,0.0,0.23175052
0.8506806,0.0,0.7037374
0.55712545,1.0,0.3523858
0.9515499,0.0,0.0761
0.79610187,0.0,0.24074209
0.50069207,1.0,0.47153464
0.4592397,1.0,0.21074098
0.5158972,1.0,0.0818073
0.41030946,1.0,0.5428311
0.9068284,1.0,0.0814731
0.37054145,1.0,0.7048293
0.39673224,1.0,0.48542443
0.2438432,0.0,0.5303386
0.5080291,0.0,0.16113302
0.6879783,0.0,0.01898541
0.41982967,0.0,0.41334128
0.644916,0.0,0.7326552
0.36663637,0.0,0.35886788
0.37736154,0.0,0.57032603
0.6946683,0.0,0.66100734
0.63197476,0.0,0.22653465
0.82144886,0.0,0.11986688
0.8242518,0.0,0.02380006
0.7505113,0.0,0.25446767
0.74837816,1.0,0.075063825
0.83604544,0.0,0.09337856
0.41707742,0.0,0.018505458
0.6454378,0.0,0.00014953256
0.5309323,0.0,0.38896248
0.7368075,0.0,0.18766433
0.77544993,0.0,0.5663449
0.6008602,0.0,0.8082019
0.93395686,0.0,0.3310718
0.5587008,0.0,0.8416503
0.7730638,1.0,0.5122751
0.8635662,1.0,0.14045389
0.88235396,1.0,0.19774629
0.7683968,1.0,0.37607193
0.69198626,0.0,0.25095448
0.83623177,1.0,0.015620846
0.5741764,0.0,0.0
0.7055357,0.0,0.0
0.61464196,0.0,0.10064649
0.91196877,0.0,0.07756941
0.89336556,0.0,0.59540784
0.7757108,0.0,0.39850435
0.4061816,0.0,0.7149961
0.31052816,0.0,0.63731617
0.79971707,0.0,0.102807015
0.8283043,0.0,0.06234869
0.9472009,0.0,0.026587129
0.9637065,0.0,0.1066318
0.94396615,0.0,0.0022319383
0.86054116,0.0,0.27865952
0.8864124,1.0,0.28833807
0.9311367,1.0,0.44839
0.88339746,1.0,0.122256234
0.93780494,1.0,0.510042
0.7346765,0.0,0.42779708
0.65950686,1.0,0.007903918
0.5213354,0.0,0.14990838
0.6568496,0.0,0.2927153
0.78540313,0.0,0.042112064
0.57391673,0.0,0.27387285
0.50529987,0.0,0.37981635
0.48987845,0.0,0.72537726
0.55793995,0.0,0.3960992
0.8172901,0.0,1.0
0.8540206,0.0,0.76299274
0.68493223,0.0,0.49159017
0.6617229,0.0,0.59511065
0.8456685,0.0,0.6756217
0.7696616,0.0,0.7152031
0.7989749,0.0,0.56849104
0.7381693,1.0,0.58944017
0.8308196,1.0,0.26335615
0.79261637,0.0,0.26211172
0.88040435,1.0,0.3729111
0.8297815,0.0,0.41476968
0.79504234,1.0,0.6783576
0.9381153,0.0,0.113230586
0.7877586,1.0,0.6114179
0.9153425,0.0,0.35032958
0.78500235,0.0,0.0032129597
0.6256896,0.0,0.15599445
0.8261805,1.0,0.017768828
0.70373327,1.0,0.35350165
0.82133836,1.0,0.29184225
0.75244874,0.0,0.015616362
0.7365853,0.0,0.14679298
0.6753795,0.0,0.10488795
0.6723911,0.0,0.0
0.76530784,0.0,0.19308197
0.76857746,0.0,0.040313642
0.89429015,0.0,0.064592466
0.90303534,0.0,0.63847613
0.88004,0.0,0.39670753
0.7813523,0.0,0.3801352
0.84386545,0.0,0.7950873
0.76492256,0.0,0.60772866
0.60525936,0.0,0.25404912
0.78835624,0.0,0.2208333
0.90229696,0.0,0.36594212
0.91796577,0.0,0.48563895
0.85606015,0.0,0.0888674
0.8680295,0.0,0.06424854
0.8968512,0.0,0.15096489
0.7233616,0.0,0.047562256
0.6514548,0.0,0.028762186
0.907057,0.0,0.051072706
0.7860991,0.0,0.1677897
0.95511883,0.0,2.324152e-06
0.87736005,0.0,0.13287513
0.87465954,0.0,0.2737986
0.94331205,0.0,0.1135182
0.93357384,0.0,0.06932738
0.86168194,0.0,0.13878837
0.7442621,0.0,0.0
0.8845238,0.0,0.0
0.9586847,0.0,0.0
0.8680646,0.0,0.009915744
0.943759,0.0,0.15650803
0.9637202,0.0,0.8571572
0.836342,0.0,0.37160158
0.8366356,0.0,0.040819757
0.783449,0.0,0.0
0.9552916,0.0,0.012678459
0.8315309,0.0,0.038700394
0.9225266,0.0,0.001567334
0.95454127,0.0,0.2968377
0.8955185,0.0,0.004772762
0.8418658,0.0,0.6586352
0.87786967,0.0,0.32185712
0.78678465,0.0,0.0
0.78577274,0.0,0.12660569
0.9006848,0.0,0.2848178
0.8393379,0.0,0.19998571
0.8914015,0.0,0.13995144
0.7309712,0.0,0.6265007
0.6850945,0.0,0.54488665
0.7534747,0.0,0.78126603
0.801489,0.0,0.26722494
0.8040422,1.0,0.3293375
0.77708805,1.0,0.47513005
0.82814217,1.0,0.59388375
0.76975596,1.0,0.502581
0.7794441,0.0,0.37231416
0.7644484,0.0,0.28657427
0.8694452,0.0,0.603294
0.91255885,0.0,0.33904052
0.85709304,0.0,0.22925647
0.8523789,0.0,0.699708
0.92755693,0.0,0.26020566
0.86755437,0.0,0.26941496
0.8937151,0.0,0.37154093
0.7635594,0.0,0.02228792
0.8554508,0.0,0.6002567
0.8571231,0.0,0.12961918
0.8505959,0.0,0.48773965
0.89280176,0.0,0.17580807
0.7551802,0.0,0.60563964
0.90438086,0.0,0.06987617
0.8910449,0.0,0.08138792
0.64641094,0.0,0.05674076
0.71053314,0.0,0.017311228
0.92167515,0.0,0.10042676
0.72852546,0.0,0.13506609
0.9515898,0.0,0.0072176047
0.86535996,0.0,0.24925636
0.86917907,0.0,0.19914341
0.92810434,0.0,0.069977045
0.813488,0.0,0.16939536
0.8629493,0.0,0.021785302
0.8174765,0.0,0.0
0.9419562,0.0,0.0006657614
0.94609016,0.0,0.0
0.75063723,0.0,0.00068864075
0.8711982,0.0,0.0
0.9109791,0.0,0.19058834
0.9548349,0.0,0.0057235123
0.8235642,0.0,0.70120335
0.88401246,0.0,0.635219
0.9484892,0.0,0.49806944
0.94431025,0.0,0.053298447
0.9179499,0.0,0.0
0.7776674,0.0,0.07126066
0.89196444,0.0,0.0
0.96789324,0.0,0.0
0.7738014,0.0,0.0
0.82993996,0.0,0.0002537965
0.90208,0.0,0.0045075943
0.76015776,0.0,0.0
0.85683024,0.0,0.08874305
0.86388195,0.0,0.028929112
0.7883095,0.0,0.07558357
0.90715116,0.0,0.32247314
0.8152927,0.0,0.112319075
0.9121766,0.0,0.7600538
0.931366,0.0,0.7286447
0.8168602,0.0,0.23353876
0.78695947,0.0,0.8192506
0.8202963,0.0,0.49820852
0.75188947,0.0,0.08712762
0.74770784,0.0,0.52435696
0.9476774,0.0,0.053252406
0.92983997,0.0,0.024348559
0.94473124,0.0,0.118131526
0.927378,0.0,0.4053772
0.90718144,0.0,0.14359908
0.82104486,0.0,0.476877
0.816161,0.0,0.07122047
0.9029726,0.0,0.6650303
0.8710479,0.0,0.32343686
0.87570083,0.0,0.46134326
0.9077138,0.0,0.62073296
0.9245696,0.0,0.23114708
0.935227,0.0,0.0
0.8336775,0.0,0.088220246
0.9243714,0.0,0.015531555
0.9320078,0.0,0.16393712
0.8886487,0.0,0.036182314
0.8900373,0.0,0.018198667
0.7775635,0.0,0.26464197
0.7983407,0.0,0.07018574
0.95924217,0.0,0.0011723507
0.8811768,0.0,0.36417422
0.8016051,0.0,0.41075364
0.8974326,0.0,0.31808668
0.84336156,0.0,0.38046062
0.86023664,0.0,0.15382923
0.86550546,0.0,0.15218236
0.8585168,0.0,0.0
0.94523084,0.0,0.0
0.7166638,0.0,0.0073731234
0.5365587,0.0,0.0
0.79857486,0.0,0.043643147
0.947025,0.0,0.39643344
0.93818444,0.0,0.25398242
0.9231038,0.0,0.055867292
0.88207376,0.0,0.06702766
0.8932404,0.0,0.012297341
0.95336425,0.0,0.12470758
0.8201701,0.0,0.0015615107
0.8643601,0.0,0.0012023227
0.7689274,0.0,0.28211135
0.7187081,0.0,0.022615468
0.89133984,0.0,0.28553146
0.88756335,0.0,0.50085294
0.8866915,0.0,0.3696
0.7450382,0.0,0.2212052
0.8345847,0.0,0.5376116
0.71052796,0.0,0.42997342
0.8781591,0.0,0.37088546
0.94750494,0.0,0.12338421
0.7422805,0.0,0.4511081
0.7059058,0.0,0.1325768
0.79418474,0.0,0.52404684
0.88108736,0.0,0.31202862
0.7633234,0.0,0.70110744
0.7095485,0.0,0.1753733
0.7592674,0.0,0.24161854
0.9033896,0.0,0.016099654
0.83644116,0.0,0.068080254
0.642628,0.0,0.0
0.74075884,0.0,0.0
0.8159667,0.0,0.060455814
0.7784384,0.0,0.040289443
0.9001949,0.0,0.06782925
0.83067304,0.0,0.3164247
0.75227433,0.0,0.5593586
0.9083502,0.0,0.042593338
0.8362542,0.0,0.6456032
0.75053,0.0,0.18998525
0.66175586,0.0,0.0
0.83510983,0.0,0.0
0.8305731,0.0,0.0
0.71762323,0.0,0.0
0.8757769,0.0,0.1216517
0.5981215,0.0,0.29256052
0.9323629,0.0,0.46259972
0.8939483,0.0,0.002157384
0.85433286,0.0,0.15058184
0.69453025,0.0,0.0038435445
0.8803807,0.0,0.035238776
0.3660045,0.0,0.039086007
0.9527716,0.0,0.0555431
0.7149635,0.0,0.24772868
0.62274677,0.0,0.20240124
0.6768249,0.0,0.56815714
0.717464,0.0,0.08555294
0.6041375,0.0,0.4748786
0.89982384,0.0,0.44953546
0.86699647,0.0,0.4611429
0.83289975,0.0,0.3175399
0.6058776,0.0,0.4418453
0.57109565,0.0,0.0070614917
0.8192819,0.0,0.32090035
0.77857107,0.0,0.21738462
0.8869581,0.0,0.006677614
0.88148844,0.0,0.7231851
0.6781582,0.0,0.38656864
0.8579963,0.0,0.14534163
0.89031464,0.0,0.46378118
0.80171174,0.0,0.7553244
0.82454085,0.0,0.5948719
0.9030986,0.0,0.56942266
0.74646676,0.0,0.5008344
0.803769,0.0,0.11151359
0.77382326,0.0,0.15385173
0.665042,0.0,0.0
0.7915431,0.0,0.0039255195
0.8187063,0.0,0.024959061
0.65674007,0.0,0.014213197
0.72047895,0.0,0.11147921
0.8216592,0.0,0.05107238
0.92613494,0.0,0.045429446
0.876201,0.0,0.18411362
0.70728433,0.0,0.5050432
0.88716,0.0,0.24011755
0.664398,0.0,0.098622516
0.7278472,0.0,0.0
0.96705276,0.0,0.001479376
0.78318465,0.0,0.0
0.60929936,0.0,0.0
0.922339,0.0,0.011016261
0.96686226,0.0,0.04182663
0.9469668,0.0,0.12297561
0.96413666,0.0,0.14521834
0.8690636,0.0,0.5928868
0.8982687,0.0,0.35499656
0.79928255,0.0,0.24827671
0.574772,0.0,0.14680086
0.77738273,0.0,0.5884767
0.72760046,0.0,0.4203865
0.7962435,0.0,0.29762778
0.88405037,0.0,0.045537397
0.83886594,0.0,0.10921623
0.7376143,0.0,0.0027846426
0.73990685,0.0,0.0
0.67877793,0.0,0.025896482
0.8843399,0.0,0.009368441
0.59376484,0.0,0.24026777
0.685725,0.0,0.028825859
0.87137157,0.0,0.24137768
0.94012505,0.0,0.39225546
0.808335,0.0,0.8814403
0.8007519,0.0,0.54334253
0.88385874,0.0,0.3149993
0.81189793,0.0,0.85501933
0.9142022,0.0,0.46478748
0.87642103,0.0,0.6602945
0.8778921,0.0,0.2928067
0.78924835,0.0,0.39848998
0.65634346,0.0,0.11630898
0.7409046,0.0,0.25658843
0.8541064,0.0,0.17678323
0.7250169,0.0,0.01739969
0.7858688,1.0,0.2800591
0.92345285,1.0,0.24288605
0.6854743,1.0,0.1400952
0.891497,0.0,0.009400337
0.8736759,1.0,0.5507916
0.90095586,0.0,0.22439891
0.8472373,1.0,0.38473254
0.66936165,0.0,0.111428164
0.8061985,0.0,0.43413925
0.8854522,0.0,0.4152821
0.90359217,0.0,0.008084778
0.8195002,0.0,0.34775212
0.9344,0.0,0.04912919
0.9348155,0.0,0.06177724
0.8981171,0.0,0.022809476
0.90187556,0.0,0.066326715
0.8776181,0.0,0.14960419
0.7253688,0.0,0.20669822
0.9418116,0.0,0.2171634
0.7918786,0.0,0.010920398
0.7541148,0.0,0.52634954
0.72019076,0.0,0.4746453
0.87220675,0.0,0.08134235
0.8764963,0.0,0.20272598
0.6501271,0.0,0.0
0.77980244,0.0,0.0031188536
0.5555411,0.0,0.0218725
0.8451331,0.0,0.0061804256
0.8327592,0.0,0.012419286
0.9592302,0.0,0.01624212
0.9576349,0.0,0.01722265
0.9572195,0.0,0.012681361
0.8701842,0.0,0.006893793
0.4080879,1.0,0.14974773
0.7542213,1.0,0.20242615
0.6268977,0.0,0.07546432
0.89006394,0.0,0.077451535
0.8047074,0.0,0.0049162824
0.7415932,0.0,0.004864892
0.9348639,0.0,0.017043404
0.686906,0.0,0.19661374
0.73295355,0.0,0.16456203
0.76958436,0.0,0.7617314
0.8262906,0.0,0.36862344
0.8125958,0.0,0.63277406
0.6651213,0.0,0.45980465
0.77899987,0.0,0.3326597
0.9449758,0.0,0.04003354
0.83587855,0.0,0.0875966
0.7515547,0.0,0.053485453
0.8476936,0.0,0.08072633
0.5392392,1.0,0.40006724
0.72765136,0.0,0.09493663
0.723461,1.0,0.364663
0.85684687,1.0,0.5850756
0.8958362,1.0,0.7208512
0.9587346,0.0,0.07570701
0.83784777,1.0,0.40678686
0.9151634,0.0,0.0052758614
0.6767431,1.0,0.36866516
0.6091155,1.0,0.062441356
0.93207985,1.0,0.17472139
0.7602621,1.0,0.5354448
0.7912927,1.0,0.13720568
0.87264824,1.0,0.7670382
0.7927982,0.0,0.6985943
0.79906994,1.0,0.6382262
0.7214576,1.0,0.4448368
0.8108292,1.0,0.3558992
0.8638751,0.0,0.008337647
0.8269977,0.0,0.022225056
0.8164639,0.0,0.0053617936
0.79087514,0.0,0.097353026
0.9362,0.0,0.0
0.7638262,0.0,0.14469506
0.9287518,0.0,0.08785626
0.7650946,0.0,0.07133798
0.91509676,0.0,0.0036816185
0.80628675,0.0,0.16063231
0.8236301,0.0,0.046325676
0.8875239,0.0,0.049315877
0.39370206,0.0,0.389175
0.7964036,0.0,0.51459944
0.8290724,0.0,0.39352378
0.7030407,0.0,0.0055702496
0.79055536,0.0,0.3243325
0.8549049,0.0,0.21524267
0.92816865,0.0,0.33460367
0.7412154,0.0,0.82493585
0.78141177,0.0,0.6761866
0.8659071,0.0,0.4945935
0.7899303,0.0,0.39363807
0.65699273,0.0,0.18852891
0.6552424,0.0,0.6354024
0.8954666,0.0,0.2645561
0.9410707,0.0,0.06385076
0.86767256,0.0,0.04069147
0.4109407,0.0,0.0
0.5556475,0.0,0.0022838353
0.742459,0.0,0.0
0.5896045,0.0,0.011061277
0.65279114,0.0,0.010866173
0.9322624,0.0,0.0040751863
0.45822322,0.0,0.03311015
0.8717343,0.0,0.07618314
0.8450007,0.0,0.05838678
0.76708424,0.0,0.013159822
0.9348377,0.0,0.0
0.7811137,0.0,0.014254615
0.6632124,0.0,0.0057791886
0.81323963,1.0,0.04420161
0.7909329,0.0,0.012200441
0.6370877,0.0,0.0039389348
0.7749584,0.0,0.08252995
0.8928634,0.0,0.102273755
0.58229727,0.0,0.43722957
0.93618345,0.0,0.14567667
0.8338354,0.0,0.78237087
0.8658932,0.0,0.6891174
0.75549525,0.0,0.29823422
0.84321576,0.0,0.7537223
0.9234874,0.0,0.5724155
0.66617495,0.0,0.09880812
0.8065333,0.0,0.18696237
0.714792,0.0,0.40297487
0.80920964,0.0,0.5109524
0.7927651,0.0,0.39347234
0.7430653,0.0,0.37024176
0.72489876,0.0,0.8493854
0.59695935,0.0,0.19579157
0.72259486,0.0,0.48928785
0.43548706,0.0,0.3403504
0.8099436,0.0,0.67998856
0.83066875,0.0,0.49332097
0.83524644,0.0,0.13383193
0.76770735,0.0,0.12775484
0.64802235,0.0,0.44724026
0.6467536,0.0,0.22731258
0.666951,0.0,0.6284042
0.491858,0.0,0.7396918
0.5841649,0.0,0.5063459
0.685962,0.0,0.715514
0.44980416,0.0,0.6300619
0.4890613,0.0,1.0
0.95009464,0.0,0.4600668
0.85135454,0.0,0.3133389
0.8927001,0.0,0.417662
0.8483074,0.0,0.024883138
0.8027976,0.0,0.3331595
0.7726198,0.0,0.35458463
0.5681453,0.0,0.09663953
0.8514462,0.0,0.0
0.8291646,0.0,0.3439729
0.591736,0.0,0.40394467
0.72135484,0.0,0.0
0.87140554,0.0,0.12360801
0.7527472,0.0,0.5509112
0.5746997,0.0,0.5558273
0.8816958,0.0,0.029784348
0.9188016,0.0,0.5863978
0.9571845,0.0,0.08677908
0.84398097,0.0,0.4167594
0.80490714,0.0,0.0009433978
0.8005757,0.0,0.0
0.88444567,0.0,0.0
0.8976543,0.0,0.018812349
0.8869197,0.0,0.0
0.89726746,0.0,0.06649278
0.8816902,0.0,0.16322103
0.8501764,0.0,0.11700425
0.92839444,0.0,0.62633973
0.8127605,0.0,0.4691279
0.87521845,0.0,0.19748224
0.6592109,0.0,0.46150708
0.6392868,0.0,0.40803525
0.6763849,0.0,0.16484639
0.81821716,0.0,0.07408277
0.812791,0.0,0.40036118
0.81532276,0.0,0.18844841
0.7739762,0.0,0.26334232
0.8476266,0.0,0.13291377
0.7184931,0.0,0.6378437
0.7095352,0.0,0.24721283
0.76428384,0.0,0.4623618
0.8675492,0.0,0.0014202622
0.7463383,0.0,0.02743532
0.9576815,0.0,0.009987754
0.89044535,0.0,0.0009966722
0.89008105,1.0,0.07745558
0.5765815,0.0,0.00011384324
0.7160134,0.0,0.0005915062
0.8803745,0.0,0.0
0.75380874,0.0,0.0
0.8686868,0.0,0.0060458523
0.7000959,0.0,0.0
0.7253328,0.0,0.0
0.93688786,0.0,0.0
0.93059474,0.0,0.027199943
0.5154186,0.0,0.00017367833
0.7282821,0.0,0.0053764093
0.9349846,0.0,0.21670564
0.62932146,0.0,0.24883121
0.7816355,0.0,0.24129036
0.78549135,0.0,0.31530026
0.88457483,0.0,0.57325345
0.78219056,0.0,0.6270637
0.5114737,0.0,0.502269
0.50526744,0.0,0.038374342
0.42999002,0.0,0.4567881
0.62531906,0.0,0.162226
0.7726136,0.0,0.59056383
0.8442952,0.0,0.34538817
0.60114104,0.0,0.41042683
0.7492799,0.0,0.112718835
0.65960765,0.0,0.55339533
0.7808256,0.0,0.043534286
0.5006057,1.0,0.55243987
0.392272,1.0,0.53491277
0.43119052,1.0,0.6549659
0.82128733,1.0,0.36112392
0.37729168,1.0,0.20577131
0.5561229,1.0,0.30615684
0.43912122,1.0,0.56464106
0.69171864,1.0,0.47823873
0.79821765,1.0,0.0459825
0.6591531,1.0,0.24910313
0.53609115,1.0,0.21523117
0.25878343,0.0,0.0
0.5060312,1.0,0.43328488
0.456245,1.0,0.6557332
0.64810765,1.0,0.22789411
0.33251548,0.0,0.2856792
0.89330167,1.0,0.7875656
0.8103924,0.0,0.39921388
0.7877451,0.0,0.013433883
0.88282925,0.0,0.010172701
0.86701536,0.0,0.18891257
0.75625056,0.0,0.0
0.8787863,0.0,0.10827307
0.8923432,0.0,0.3795607
0.86433625,0.0,0.0
0.69017047,0.0,0.0
0.9306499,0.0,0.24980405
0.92371655,0.0,0.0279737
0.84401256,0.0,0.0
0.749982,0.0,0.0
0.6246388,0.0,0.07697757
0.73951334,1.0,0.321015
0.90341175,1.0,0.106017984
0.97046274,0.0,0.0
0.8648518,1.0,0.07472225
0.70822275,0.0,0.012730518
0.9580571,0.0,0.0
0.9473458,0.0,0.0
0.91685146,0.0,0.10096266
0.5903532,0.0,0.15398085
0.6467306,0.0,0.0
0.4424544,0.0,0.0
0.8327706,0.0,0.47288728
0.5150273,0.0,0.18911964
0.73751515,0.0,0.12175759
0.7588233,0.0,0.48862684
0.5355302,0.0,0.06288131
0.67778766,0.0,0.07603056
0.7674953,0.0,0.6163971
0.15474759,0.0,0.18588135
0.64965016,0.0,0.0065038134
0.33084705,0.0,0.14377326
0.824313,0.0,0.3968081
0.62618047,0.0,0.09762643
0.8751612,0.0,0.005803513
0.8299537,0.0,0.32766765
0.525138,0.0,0.6669681
0.47367334,0.0,0.046732545
0.78867173,0.0,0.41955024
0.9055038,0.0,0.035651688
0.4577964,0.0,0.5736476
0.368115,0.0,0.44142023
0.9314143,0.0,0.004225565
0.63274723,0.0,0.28127638
0.48446128,0.0,0.02202405
0.8470895,0.0,0.2726607
0.77070236,0.0,0.12649538
0.7137845,0.0,0.34586242
0.7610353,0.0,0.012565928
0.36352715,1.0,0.24812394
0.47820723,1.0,0.4560473
0.676503,0.0,0.008477724
0.5144776,1.0,0.11337082
0.30888397,1.0,0.27972445
0.8735891,0.0,0.07372068
0.23089878,0.0,0.30301684
0.65183485,0.0,0.5685911
0.7444652,0.0,0.75132704
0.92079496,0.0,0.1546574
0.85046834,0.0,0.16692267
0.5867754,0.0,0.33317667
0.92006755,0.0,0.0030808502
0.84968436,0.0,0.0047957227
0.85995376,0.0,0.0026793755
0.838661,0.0,0.03564905
0.83593434,0.0,0.0
0.903873,0.0,0.24144398
0.6130282,0.0,0.105200805
0.7162625,0.0,0.0013597116
0.88687986,0.0,0.0
0.9448614,0.0,0.2769362
0.55737764,0.0,0.0044722143
0.4058002,0.0,0.011298133
0.5494391,0.0,0.23992863
0.72178894,0.0,0.18574412
0.6546261,0.0,0.0022779151
0.7594611,0.0,0.07579632
0.77344763,0.0,0.28019786
0.81049126,0.0,0.30087304
0.7442295,0.0,0.6944005
0.8245109,0.0,0.44056848
0.7148024,0.0,0.02335012
0.38234815,0.0,0.31579763
0.81848025,0.0,0.42244655
0.556905,0.0,0.7162987
0.8974189,0.0,0.041410092
0.6822605,0.0,0.11797847
0.75625074,0.0,0.6126012
0.42221716,0.0,0.23423555
0.8373052,0.0,3.7932765e-05
0.5212164,0.0,0.30507034
0.54078776,0.0,0.3756085
0.88935745,0.0,0.04899806
0.93920815,0.0,0.0027182852
0.7312033,0.0,0.2565204
0.6799767,0.0,0.23909566
0.94399333,0.0,0.0049371757
0.68760514,1.0,0.48875406
0.76286507,1.0,0.4551816
0.9465089,0.0,0.07614828
0.82798564,0.0,0.0010927214
0.71969587,1.0,0.42576522
0.8983889,0.0,0.55627763
0.92345107,0.0,0.16761322
0.87043715,0.0,0.3725219
0.54119575,0.0,0.5521467
0.45183423,0.0,0.65850097
0.6984204,0.0,0.14564146
0.6205476,0.0,0.4230146
0.8221888,0.0,0.8356506
0.643727,0.0,0.28152493
0.9161752,0.0,0.12875868
0.7726051,0.0,0.18297601
0.9120826,0.0,0.06061959
0.95054424,0.0,0.0
0.9660008,0.0,0.0015454063
0.9283279,0.0,0.0019277731
0.9588513,1.0,0.056466695
0.9522627,1.0,0.036599763
0.98012483,1.0,0.37569487
0.91952753,1.0,0.18873289
0.5107435,1.0,0.43608856
0.7785474,0.0,0.3676562
0.9073422,0.0,0.08550111
0.97961545,0.0,0.002458711
0.9480643,1.0,0.12448542
0.97617346,0.0,0.008731655
0.96530837,0.0,0.088169105
0.6798606,0.0,0.0
0.9805548,0.0,0.044877704
0.6978122,0.0,0.007790899
0.83899707,0.0,0.060353253
0.9194684,0.0,0.0
0.8825893,0.0,0.18162753
0.85138726,0.0,0.6914421
0.51286864,0.0,0.56147
0.6744664,0.0,0.5271449
0.9649322,0.0,0.12688673
0.81145096,0.0,0.19736464
0.6964819,0.0,0.030462608
0.8749396,0.0,0.00076989376
0.6947629,0.0,0.04976491
0.7803454,0.0,0.0
0.8288684,0.0,0.018741315
0.8977396,0.0,0.0011533113
0.8821107,0.0,0.0039549
0.8156184,0.0,0.06521563
0.8626928,0.0,0.29349738
0.97162837,0.0,0.024954563
0.80333793,0.0,0.78435427
0.9622137,0.0,0.1697914
0.81884086,0.0,0.34255597
0.5883156,1.0,0.4879494
0.7509935,0.0,0.40752885
0.6903376,0.0,0.41065666
0.762322,0.0,0.071536265
0.6786166,1.0,0.28710654
0.5871906,0.0,0.506288
0.8706087,0.0,0.090103194
0.9255213,0.0,0.11755169
0.8461504,0.0,0.43304324
0.7014025,0.0,0.20659429
0.8200088,0.0,0.0
0.9259833,0.0,0.16145703
0.8514516,0.0,0.28309268
0.90827006,0.0,0.0
0.73731065,0.0,0.004877698
0.8041878,0.0,0.19073322
0.7761661,0.0,0.4559768
0.81366503,0.0,0.22049896
0.9586465,0.0,0.055142798
0.67838275,0.0,0.70282143
0.56872493,0.0,0.34618214
0.8291338,0.0,0.72425926
0.88801944,0.0,0.7429013
0.9163351,0.0,0.73414886
0.49197704,0.0,0.22341824
0.6468177,0.0,0.23539567
0.66184413,1.0,0.49370843
0.7726225,1.0,0.07163702
0.4061001,1.0,0.7038829
0.968367,0.0,0.032319423
0.51494193,0.0,0.31909776
0.26754564,1.0,0.40152866
0.655447,1.0,0.06863344
0.44386092,0.0,0.010894694
0.48321465,1.0,0.45346206
0.37722987,1.0,0.28364184
0.6091812,0.0,0.030015118
0.3586212,0.0,0.14717908
0.55626637,1.0,0.49594977
0.5103682,0.0,0.21023272
0.28933164,0.0,0.016469026
0.60267025,0.0,0.50589114
0.78740656,0.0,0.5001984
0.7989435,0.0,0.46029982
0.43927628,0.0,0.0063545527
0.58220834,0.0,0.4129509
0.56266034,0.0,0.50156206
0.61350757,0.0,0.039808262
0.28757223,0.0,0.13296276
0.43029916,0.0,0.7132138
0.51995814,0.0,0.24386832
0.81682515,0.0,0.039508678
0.7507362,0.0,0.27511337
0.9321677,0.0,0.011919457
0.58095145,0.0,0.14100526
0.62954813,0.0,0.05693885
0.814347,0.0,0.076939456
0.56066686,0.0,0.088667095
0.4889574,0.0,0.3348089
0.6210843,0.0,0.015795087
0.7304371,0.0,0.39306116
0.7852363,0.0,0.44889697
0.7785576,0.0,0.121704705
0.610263,0.0,0.54107535
0.71744066,0.0,0.685852
0.46906766,0.0,0.41838863
0.5089226,0.0,0.54705554
0.71218735,0.0,0.17348196
0.71635264,0.0,0.03347916
0.63183945,0.0,0.19784212
0.6345502,0.0,0.029942414
0.6840526,0.0,0.024386667
0.6802802,0.0,0.010966079
0.85075104,0.0,0.050266154
0.72065413,0.0,0.012639721
0.6406676,0.0,0.52803683
0.7175136,0.0,0.47972706
0.81726277,0.0,0.695559
0.63313717,0.0,0.612324
0.9240409,0.0,0.11167998
0.8486632,0.0,0.26130432
0.6608161,0.0,0.06898299
0.70410925,0.0,0.20394395
0.88662666,0.0,0.47632807
0.903413,0.0,0.38859582
0.7115905,0.0,0.2903634
0.8233597,0.0,0.7950574
0.5848956,0.0,0.45446154
0.57136506,0.0,0.7448842
0.9241762,0.0,0.24296688
0.6753749,0.0,0.40350732
0.8955115,0.0,0.22997338
0.48678172,0.0,0.23840296
0.7147446,0.0,0.07897294
0.46299866,0.0,0.20535591
0.91950434,0.0,0.046278395
0.94012433,0.0,0.12296504
0.68310654,0.0,0.08738061
0.62669563,0.0,0.5605481
0.67542595,0.0,0.09859083
0.789412,0.0,0.041042924
0.5183349,1.0,0.2904404
0.8595484,0.0,0.086431615
0.85301816,0.0,0.20505276
0.72193784,0.0,0.07929215
0.55401826,1.0,0.43523738
0.8619546,0.0,0.4955506
0.644079,1.0,0.64081264
0.91833067,0.0,0.73887116
0.7813245,0.0,0.5833027
0.6536066,0.0,0.2661552
0.58566886,0.0,0.27984497
0.5208446,0.0,0.070728496
0.92766804,0.0,0.18685512
0.48735818,0.0,0.59215415
0.42548683,0.0,0.8223282
0.68589705,0.0,0.60630745
0.86960083,0.0,0.5160865
0.8391345,0.0,0.3780349
0.8926265,0.0,0.7393439
0.49858114,0.0,0.22813891
0.5991252,0.0,0.39669013
0.65915287,0.0,0.3436503
0.71403545,0.0,0.15724415
0.85380024,0.0,0.43537104
0.65909404,0.0,0.70526206
0.6672307,0.0,0.054740164
0.53926826,0.0,0.17263687
0.8922928,0.0,0.4855383
0.7283781,0.0,0.66451573
0.47981986,0.0,0.5147987
0.73509854,0.0,0.26358223
0.5398672,0.0,0.47705796
0.66213834,0.0,0.3095124
0.72123694,0.0,0.14250864
0.69280905,0.0,0.18085021
0.6267311,1.0,0.3023291
0.64643776,1.0,0.5389831
0.7150834,1.0,0.5670399
0.8344023,1.0,0.78674024
0.63167536,1.0,0.58732605
0.9046718,1.0,0.7784932
0.48926616,1.0,0.7329214
0.51952153,1.0,1.0
0.81298745,0.0,0.3351077
0.7198601,0.0,0.48704132
0.73123544,0.0,0.7175872
0.89886874,0.0,0.66712147
0.74913406,0.0,0.1713507
0.69236714,0.0,0.32415932
0.54106647,0.0,0.05400343
0.6537471,0.0,0.6173236
0.83494234,0.0,0.35369426
0.5027846,0.0,0.10012408
0.67058766,0.0,0.2937196
0.78874606,0.0,0.53620356
0.6612404,1.0,0.454548
0.73691016,1.0,0.08171018
0.6849137,0.0,0.4584402
0.6496531,1.0,0.4728441
0.5899055,0.0,0.3921162
0.77428025,0.0,0.74901533
0.8065472,0.0,0.33962363
0.8271357,0.0,0.08466584
0.7812595,0.0,0.3617659
0.7262691,0.0,0.35517356
0.53944564,0.0,0.07264031
0.58481216,1.0,0.4994691
0.64533055,1.0,0.69919354
0.64332896,1.0,0.6860567
0.64308226,1.0,0.17685314
0.4413545,1.0,0.030435747
0.78931886,1.0,0.33542627
0.6795718,1.0,0.28469235
0.5894041,0.0,0.0016982147
0.95221376,0.0,0.021256763
0.42749432,1.0,0.44305423
0.5393809,1.0,0.36653978
0.45414674,0.0,0.09284389
0.61204803,0.0,0.5846172
0.38906252,0.0,0.28497854
0.53346956,0.0,0.25353476
0.7581984,0.0,0.34842283
0.73432755,0.0,0.3212993
0.89341706,0.0,0.36595997
0.9205499,0.0,0.27915865
0.7358938,0.0,0.6890768
0.928198,0.0,0.40471864
0.6357877,0.0,0.41029245
0.8272812,0.0,0.08150885
0.95480496,0.0,0.12885727
0.83923864,0.0,0.19878276
0.7226355,0.0,0.21192636
0.855997,0.0,0.22488365
0.86756426,0.0,0.16727073
0.9651604,0.0,0.0
0.86133194,0.0,0.27148038
0.95984316,0.0,0.00204221
0.870894,0.0,0.41082466
0.9224294,0.0,0.5309975
0.7809356,0.0,0.1594205
0.7541363,0.0,0.32553762
0.6064153,0.0,0.0039828047
0.91322845,0.0,0.0910084
0.7711172,0.0,0.0
0.9257197,0.0,0.11958003
0.49359939,0.0,0.18928419
0.75933516,0.0,0.036294706
0.90833694,0.0,0.35908827
0.8334363,0.0,0.23572946
0.7144497,0.0,0.75189084
0.8449703,0.0,0.17562018
0.5544351,1.0,0.4751986
0.58381295,1.0,0.5554252
0.7510427,0.0,0.15798064
0.8925178,1.0,0.13412789
0.48126307,1.0,0.4836698
0.56453073,0.0,0.06446151
0.8351191,0.0,0.03539547
0.6487107,1.0,0.05560751
0.45425022,1.0,0.23216856
0.60180604,0.0,0.0
0.9300988,0.0,0.042023633
0.8905033,1.0,0.3499173
0.8067696,1.0,0.44607496
0.9001281,0.0,0.094691075
0.88671064,0.0,0.25403237
0.83574265,0.0,0.043890767
0.80673593,0.0,0.34732598
0.9614541,0.0,0.23367876
0.76399857,0.0,0.5292694
0.91504616,0.0,0.048527315
0.82990754,0.0,0.030737013
0.90978867,0.0,0.12861054
0.94472146,0.0,0.23285238
0.92127025,0.0,0.1392397
0.8616887,0.0,0.03268229
0.9797053,0.0,0.0
0.970762,1.0,0.12911434
0.93296784,1.0,0.048023887
0.8613727,1.0,0.30717835
0.78979254,0.0,0.3933667
0.9008391,0.0,0.37970167
0.7678388,0.0,0.6199132
0.78058016,0.0,0.59155214
0.449204,0.0,0.62844074
0.9072044,0.0,0.6667543
0.75726837,0.0,0.19227937
0.61005414,0.0,0.2939644
0.55617017,0.0,0.03381784
0.9133617,0.0,0.082508534
0.6141187,0.0,0.04601169
0.65070945,0.0,0.010224432
0.70413417,0.0,0.091959916
0.9638318,0.0,0.2569198
0.9682717,0.0,0.19174816
0.9621153,0.0,0.16775952
0.802155,0.0,0.57694507
0.7772733,0.0,0.29921567
0.90500784,0.0,0.14487629
0.9680825,0.0,0.08427587
0.8485922,0.0,0.0
0.38863972,0.0,0.18517345
0.61029947,0.0,0.3726433
0.8781195,0.0,0.12752569
0.8970622,0.0,0.0077600726
0.6225534,0.0,0.3602008
0.72176474,0.0,0.6436585
0.83060426,0.0,0.30705342
0.67756623,0.0,0.33741152
0.46349415,0.0,0.12751536
0.57754046,0.0,0.48355156
0.8464239,0.0,0.20069863
0.7578113,0.0,0.3713383
0.8584501,0.0,0.13119395
0.677393,0.0,0.00021020406
0.7212419,0.0,0.03268675
0.8090921,0.0,0.36234197
0.80246645,0.0,0.013131793
0.8858551,0.0,0.0
0.73752576,0.0,0.20015496
0.6754765,0.0,0.037922066
0.42047864,0.0,0.003424487
0.9240357,0.0,0.0
0.9418452,0.0,0.064227104
0.946883,0.0,0.0
0.71144485,0.0,0.0
0.97309464,0.0,0.056010257
0.9207702,0.0,0.1563151
0.538404,0.0,0.0
0.9508415,0.0,0.051989347
0.9536379,0.0,0.35525808
0.8705809,0.0,0.28154343
0.7778016,0.0,0.3829774
0.46071234,0.0,0.8356601
0.7190439,0.0,0.56703854
0.45355842,0.0,0.79220796
0.52134603,0.0,0.4657495
0.9314409,0.0,0.1305806
0.8389421,0.0,0.058607332
0.8027198,0.0,0.15534885
0.9217364,0.0,0.02595644
0.51925427,0.0,0.0
0.93749166,0.0,0.0
0.9442726,0.0,0.0021943857
0.6304738,0.0,0.09033594
0.7923356,0.0,0.06565459
0.7767913,0.0,0.012015699
0.699188,0.0,0.11673266
0.9020611,0.0,0.0
0.5270146,0.0,0.41747525
0.9275265,0.0,0.07604143
0.5161441,0.0,0.0030809925
0.6432386,0.0,0.16780703
0.6267525,0.0,0.0
0.8004362,0.0,0.1811895
0.7556989,0.0,0.75333285
0.76039004,0.0,0.47773224
0.8948952,0.0,0.16747804
0.6386474,0.0,0.086687006
0.93704045,0.0,0.0
0.9415637,0.0,0.0022557494
0.65476143,0.0,3.500611e-05
0.96108186,0.0,0.068767674
0.8258055,0.0,0.095081665
0.64413625,0.0,0.0
0.8349014,0.0,0.07381926
0.81002575,0.0,0.13072462
0.9803766,0.0,0.0
0.8779176,0.0,0.0
0.8833241,0.0,0.14529727
0.9544385,0.0,0.11348519
0.9631488,0.0,0.3257381
0.8118402,0.0,0.37270457
0.928759,0.0,0.7086451
0.9156591,0.0,0.4940469
0.909897,0.0,0.52734184
0.8643229,0.0,0.39587712
0.8674356,0.0,0.23019691
0.86085755,0.0,0.281841
0.8887941,0.0,0.2719087
0.95349264,0.0,0.3487543
0.90772706,0.0,0.19800301
0.80834544,0.0,0.3825757
0.7553893,0.0,0.66231036
0.51888,0.0,0.30779254
0.61652946,0.0,0.21212287
0.9149379,0.0,0.121382855
0.87110025,0.0,0.18539771
0.7484154,0.0,0.33587456
0.62491393,0.0,0.06752426
0.84216106,0.0,0.04729901
0.87772,0.0,0.049905434
0.98222095,0.0,0.013102807
0.8149885,0.0,0.040398568
0.8264075,0.0,0.102203116
0.7409628,0.0,0.10700435
0.5535441,0.0,0.002452223
0.91182566,0.0,0.21547683
0.8262469,0.0,0.47312576
0.82892716,0.0,0.54599005
0.8276841,0.0,0.12917104
0.85575265,0.0,0.31617928
0.8795787,0.0,0.24343656
0.8752448,0.0,0.59890914
0.91964954,0.0,0.43668568
0.68892556,0.0,0.05841562
0.86445874,0.0,0.31911504
0.8261102,0.0,0.07017674
0.8458225,0.0,0.01830294
0.61390054,0.0,0.21047698
0.5341998,0.0,0.2820908
0.9377222,0.0,0.13622627
0.8391022,0.0,0.016917234
0.39871302,0.0,0.02121607
0.85630876,0.0,0.0
0.94912964,0.0,0.04543716
0.86730576,0.0,0.003740442
0.95774645,0.0,0.00085992826
0.44174284,0.0,0.0
0.45680177,0.0,0.0017561837
0.60966235,0.0,0.0009127098
0.9493214,0.0,0.015547879
0.8930072,0.0,0.0008837937
0.6333517,0.0,0.0
0.95603436,0.0,0.0
0.651453,0.0,0.082988895
0.5346484,0.0,0.08323626
0.58000684,0.0,0.0
0.57851565,0.0,0.18536167
0.8302965,0.0,0.2795888
0.7078892,0.0,0.70542336
0.84841096,0.0,0.6085917
0.7760115,0.0,0.45054027
0.57917553,0.0,0.3188173
0.60812116,0.0,0.16171654
0.4861463,0.0,0.546367
0.7858151,0.0,0.086028926
0.4581251,0.0,0.25620764
0.36552402,0.0,0.19503921
0.58596385,0.0,0.0
0.6450139,0.0,0.015647441
0.4038965,0.0,0.3205362
0.6996368,0.0,0.4535248
0.32771933,0.0,0.35651055
0.43473777,0.0,0.08089225
0.35411447,0.0,0.5028266
0.5756064,0.0,0.6688345
0.7151711,0.0,0.6739937
0.6055747,0.0,0.045212843
0.7940925,0.0,0.29728302
0.41264787,0.0,0.2246863
0.60058653,0.0,0.63287824
0.44140664,0.0,0.29652587
0.64035505,0.0,0.0022393838
0.5066227,0.0,0.3716581
0.63625467,0.0,0.47481155
0.47052646,0.0,0.06768268
0.51835686,0.0,0.014501842
0.6443275,0.0,0.16841826
0.56402874,0.0,0.49449784
0.40116492,0.0,0.39323345
0.56939274,0.0,0.70521295
0.50909215,0.0,0.32430616
0.4895919,0.0,0.18360268
0.74032307,0.0,0.06641565
0.579391,0.0,0.5734036
0.42412975,0.0,0.21359272
0.4639027,0.0,0.1420533
0.66617954,0.0,0.7153807
0.22382551,0.0,0.18996018
0.81927663,0.0,0.0025490026
0.5235255,0.0,0.4106633
0.56062484,0.0,0.43498456
0.94443905,0.0,0.2228311
0.8321793,0.0,0.34720516
0.871777,0.0,0.015018965
0.3951495,0.0,8.958586e-05
0.65287834,0.0,0.34447592
0.47271502,0.0,0.19109459
0.5386013,0.0,0.0034412201
0.80169624,0.0,0.0041497983
0.59011877,0.0,0.46664533
0.50117093,0.0,0.016909465
0.67891,0.0,0.0
0.42613375,0.0,0.37648696
0.72276986,0.0,0.15464658
0.5802239,0.0,0.0
0.92198473,0.0,0.0414121
0.9692686,0.0,0.33594143
0.9364002,0.0,0.5645481
0.78560185,0.0,0.4793618
0.89984316,0.0,0.077258974
0.92614263,0.0,0.5195328
0.8255238,0.0,0.40984502
0.8434516,0.0,0.054785337
0.7848762,0.0,0.16963442
0.7768361,0.0,0.47600406
0.7995361,0.0,0.03509574
0.29415402,0.0,0.35440296
0.34471348,0.0,0.3684281
0.35364082,0.0,0.00014011071
0.36855006,0.0,0.30199638
0.5235421,0.0,0.44822818
0.51458555,0.0,0.26171052
0.63994414,0.0,0.0014871791
0.5414573,0.0,0.24882574
0.53981674,0.0,0.41525504
0.5968013,0.0,0.02998421
0.4228754,0.0,0.24002002
0.6028812,0.0,0.57843095
0.6380111,0.0,0.48356435
0.5578683,0.0,0.3166876
0.79337984,0.0,1.0
0.7670811,0.0,0.16028383
0.7431347,0.0,0.3210754
0.8070932,0.0,0.00022235334
0.64411664,0.0,0.19211408
0.81360567,0.0,0.0017892272
0.65927416,0.0,0.35578656
0.610877,0.0,0.37368354
0.85386825,0.0,0.0
0.80728096,0.0,0.09225969
0.79514307,0.0,0.06018789
0.8044114,0.0,0.1632073
0.7767177,0.0,0.27488643
0.9269661,0.0,0.49755153
0.68893445,0.0,0.5700326
0.6844768,0.0,0.7077677
0.68970174,0.0,0.3404362
0.7700804,0.0,0.86775494
0.7325846,0.0,0.61555463
0.6763771,0.0,0.37942922
0.7113445,0.0,0.47627258
0.7317393,0.0,0.46049467
0.8889114,0.0,0.045659576
0.7981892,0.0,6.881211e-05
0.7873654,0.0,0.19750686
0.5706219,0.0,0.4594297
0.75128233,0.0,0.0060296245
0.68835974,0.0,0.34519902
0.8628691,0.0,0.021048574
0.6362263,0.0,0.28319415
0.8257427,0.0,0.00045970306
0.7832562,0.0,0.36186442
0.81899464,0.0,0.60754293
0.8657891,0.0,0.22561893
0.9587039,0.0,0.17203802
0.84781355,0.0,0.00078136654
0.8755056,0.0,0.0
0.938145,0.0,0.0
0.7935557,0.0,0.0
0.9787933,0.0,0.010244152
0.9631979,0.0,0.098727114
0.8292496,1.0,0.4289578
0.91587406,1.0,0.7294594
0.9661599,0.0,0.41555735
0.96465313,0.0,0.013948122
0.8595787,0.0,0.093311384
0.88994753,0.0,0.06915912
0.93187934,0.0,0.23369661
0.77576274,0.0,0.08934549
0.8780117,0.0,0.00029485216
0.9531044,0.0,0.0
0.81527954,0.0,0.23215407
0.7769434,0.0,0.0154348165
0.71234286,0.0,0.0
0.908006,0.0,0.0
0.79327965,0.0,0.12888849
0.79120594,0.0,0.46694344
0.8430755,0.0,0.1957744
0.6536399,0.0,0.63826907
0.45627898,0.0,0.19340123
0.46646428,0.0,0.29931113
0.45223343,0.0,0.3196015
0.89334863,0.0,0.26887423
0.8973021,0.0,0.24321315
0.71981037,0.0,0.0689565
0.57107574,0.0,0.18486942
0.89063615,0.0,0.023595357
0.8788415,0.0,0.45669627
0.87683237,0.0,0.40371737
0.8862102,0.0,0.43652692
0.879399,0.0,0.6435932
0.7564444,0.0,0.32266584
0.56165797,0.0,0.4959078
0.7906701,0.0,0.21530291
0.7063841,0.0,0.62348646
0.7813653,0.0,0.36166772
0.70277137,0.0,0.02373506
0.5894679,0.0,0.2677897
0.59307724,0.0,0.39852887
0.75284487,0.0,0.19725743
0.9272978,0.0,0.0020810696
0.96722645,0.0,0.021122908
0.6677616,0.0,0.08952482
0.9337627,0.0,0.016372463
0.6306463,0.0,0.3334406
0.4896873,0.0,0.38012034
0.86605513,1.0,0.33364606
0.7395167,0.0,0.049938142
0.9695896,0.0,0.095794156
0.9564208,0.0,0.54095435
0.8740006,0.0,0.52034575
0.72217387,0.0,0.19581601
0.74317473,0.0,0.54026365
0.94908476,0.0,0.12167484
0.6518029,1.0,0.6596174
0.91419166,1.0,0.38495988
0.7004079,0.0,0.00021461386
0.45490262,0.0,0.15922678
0.72690487,0.0,0.32135805
0.8671438,0.0,0.06885279
0.66035694,0.0,0.0
0.8861958,0.0,0.07318666
0.73723125,0.0,0.5537779
0.8105432,0.0,0.21463421
0.60820216,0.0,0.00024199404
0.7926469,0.0,0.33499604
0.8080552,0.0,0.6049328
0.5039862,0.0,0.24409789
0.8389968,0.0,0.16464278
0.74271834,0.0,0.5170529
0.47703266,0.0,0.7263181
0.5450364,0.0,0.48267052
0.7845307,0.0,0.44636056
0.3868237,0.0,0.16668041
0.658529,0.0,0.36892143
0.72533405,0.0,0.42364952
0.5442135,0.0,0.097317725
0.48837793,0.0,0.0
0.65609056,0.0,0.38084617
0.72344035,0.0,0.5522761
0.74146134,0.0,0.03986427
0.93013895,0.0,0.0006590103
0.86662513,0.0,0.31916276
0.51963925,0.0,0.15173109
0.6650715,0.0,0.009320033
0.8685463,0.0,0.5122715
0.70600784,0.0,0.0039121886
0.76524913,0.0,0.36234042
0.57021534,0.0,0.09132456
0.8279689,0.0,0.51056856
0.8823603,0.0,0.4161799
0.77338535,0.0,0.11162926
0.7196223,0.0,0.25703716
0.82523704,1.0,0.45147356
0.743584,1.0,0.3626475
0.78954786,1.0,0.4192591
0.88888156,0.0,0.0061901542
0.83846146,1.0,0.67721593
0.55927175,1.0,0.63347775
0.56501126,0.0,0.050362613
0.94420445,0.0,0.38955146
0.6456752,0.0,0.38496006
0.9480902,0.0,0.10905398
0.9307649,0.0,0.17775546
0.8562488,0.0,0.23819427
0.87292385,0.0,0.008361268
0.8695779,0.0,0.07179631
0.56970423,0.0,0.0007933204
0.95194435,0.0,0.027944569
0.9210262,0.0,0.0062976694
0.9664108,0.0,0.0004650013
0.69082934,0.0,0.13704385
0.52012414,0.0,0.15797244
0.85906225,0.0,0.03182186
0.77123666,0.0,0.010774108
0.8755441,0.0,0.09598554
0.85377955,0.0,0.44686103
0.70322204,0.0,0.0076422975
0.8580091,0.0,0.27188843
0.5785275,0.0,0.0014801179
0.7914495,0.0,0.0
0.7420321,0.0,0.0
0.8451061,0.0,0.0046707764
0.9360071,0.0,0.06823573
0.9292291,0.0,0.0737369
0.93355167,0.0,0.038098235
0.8708678,0.0,0.08965242
0.8448683,1.0,0.28892908
0.64903796,1.0,0.68452406
0.8882321,1.0,0.08356031
0.94469285,1.0,0.51936114
0.8598857,1.0,0.7614347
0.87979144,0.0,0.552229
0.94920707,0.0,0.011011422
0.89985096,1.0,0.32984826
0.8723722,0.0,0.4832439
0.8318394,0.0,0.23478916
0.6358913,0.0,0.0036611487
0.80538994,0.0,0.11183112
0.80315465,0.0,0.55263203
0.7080153,0.0,0.010129444
0.7446811,0.0,0.0034935488
0.67597973,0.0,0.27113193
0.3083428,0.0,0.22669594
0.8565104,0.0,0.013746891
0.39662313,0.0,0.21811166
0.51241165,0.0,0.7032404
0.32180563,0.0,0.5414986
0.7228118,0.0,0.3692209
0.58716166,0.0,0.19925009
0.75398135,0.0,0.013495129
0.47445858,0.0,0.0
0.6310871,0.0,0.0
0.6438935,0.0,0.00061849004
0.9182258,0.0,0.007047006
0.8324207,0.0,0.015614807
0.9607105,1.0,0.47445965
0.8217605,0.0,0.29546347
0.7006603,0.0,0.09141068
0.85083854,1.0,0.17680967
0.8889691,0.0,0.38243416
0.6674778,0.0,0.0064538396
0.81747246,0.0,0.0005955084
0.6916462,0.0,0.25783497
0.83997595,0.0,0.19242796
0.8102929,0.0,0.0121545745
0.7539182,0.0,0.3689184
0.7992602,0.0,0.105147816
0.84241056,0.0,0.0
0.7827127,0.0,0.0
0.7854632,0.0,0.035455
0.6906182,0.0,0.0
0.8569576,0.0,0.23958272
0.85320264,0.0,0.6891543
0.8812576,0.0,0.012941528
0.8274459,0.0,0.4183839
0.7957475,0.0,0.31207892
0.7088875,0.0,0.47975335
0.8505816,0.0,0.11860733
0.7854165,0.0,0.28696463
0.9432375,0.0,0.088207036
0.90547585,0.0,0.3519446
0.6930306,0.0,0.21267603
0.8388747,0.0,0.3293285
0.6960218,0.0,0.3606421
0.77516735,0.0,0.0123317465
0.7490423,0.0,5.1130995e-05
0.8057231,0.0,0.35529825
0.6581539,0.0,0.6144734
0.93776196,0.0,0.18131907
0.86256063,0.0,0.3896484
0.7425592,1.0,0.2528794
0.88560075,1.0,0.6685545
0.90604776,1.0,0.7261793
0.85042727,1.0,0.06692695
0.9068603,1.0,0.3368863
0.88588923,1.0,0.5776575
0.9314166,1.0,0.28824228
0.94438356,0.0,0.028703418
0.8244066,1.0,0.27282873
0.83679056,1.0,0.19941111
0.932605,0.0,0.01588393
0.89902776,0.0,0.225888
0.86083287,1.0,0.48814884
0.8017894,0.0,0.069275215
0.7693874,0.0,0.07131133
0.6964306,0.0,0.36727974
0.8026113,0.0,0.5130713
0.9216704,0.0,0.37170523
0.8995243,0.0,0.20341587
0.9117437,0.0,0.39103955
0.76458603,0.0,0.0021563363
0.8055088,0.0,0.05982392
0.80502707,0.0,0.63409215
0.9196892,0.0,0.17373359
0.8557659,0.0,0.38138926
0.852328,1.0,0.55888534
0.84735554,1.0,0.55445623
0.8356959,0.0,0.33932614
0.8432372,1.0,0.05505165
0.66489494,1.0,0.59857875
0.7759832,1.0,0.52586377
0.86057335,0.0,0.4839517
0.8347479,1.0,0.0882842
0.8144931,1.0,0.6531002
0.8166002,1.0,0.6966981
0.68138546,0.0,0.89954144
0.8739281,0.0,0.51006746
0.7577938,0.0,0.35174882
0.77334595,0.0,0.18698733
0.88760036,0.0,0.19780675
0.7072218,0.0,0.05328137
0.7512309,0.0,0.38898286
0.79290557,0.0,0.44440228
0.6288089,0.0,0.1045941
0.8000174,0.0,0.45289108
0.68699956,0.0,0.0939498
0.71426606,0.0,0.110462405
0.5807644,0.0,0.65848756
0.6198016,0.0,0.5633915
0.62345386,0.0,0.20326638
0.632962,0.0,0.3304316
0.630092,0.0,0.06835405
0.54429543,0.0,0.110029265
0.9459018,0.0,0.010901788
0.8314064,0.0,0.0
0.81368816,0.0,0.07120828
0.6840609,0.0,0.070293896
0.7233921,0.0,0.38300294
0.786907,0.0,0.18092038
0.9442267,0.0,0.43481937
0.7552713,0.0,0.70759916
0.8711164,0.0,0.1289998
0.76373243,1.0,0.2969795
0.8227849,0.0,0.1557325
0.90587705,0.0,0.124935836
0.6199304,0.0,0.020614296
0.7519876,0.0,0.0007554017
0.6777534,0.0,0.0062206513
0.92730796,0.0,0.026398815
0.71941847,0.0,0.03816754
0.8579246,0.0,0.01596119
0.6290515,0.0,0.17582181
0.92161655,0.0,0.018346386
0.7026405,0.0,0.34368116
0.5192004,0.0,0.50405794
0.7595254,0.0,0.33427423
0.44621253,0.0,0.17706203
0.69769114,0.0,0.349013
0.4526642,0.0,0.28966874
0.8354683,0.0,0.039309304
0.64075184,0.0,0.051688343
0.5149197,0.0,0.004111069
0.4043708,0.0,0.04671131
0.63369304,0.0,0.0089992145
0.85784507,0.0,0.0078034136
0.8240901,0.0,0.0067766435
0.69770974,0.0,0.052718613
0.6179833,0.0,0.033199195
0.53964174,1.0,0.33262473
0.7248544,0.0,0.005874748
0.7853811,0.0,0.0
0.23503987,1.0,0.16907276
0.83920145,0.0,0.0009232939
0.90726966,0.0,0.0022074385
0.7246374,0.0,0.0073453668
0.7538324,0.0,0.16195224
0.83966887,0.0,0.0
0.9201087,0.0,0.011140446
0.84174657,0.0,0.019001953
0.5644401,0.0,0.09166021
0.7468184,0.0,0.047735427
0.8140253,0.0,0.023429606
0.9049688,0.0,0.02120007
0.9193397,0.0,0.042585038
0.9380284,0.0,0.019591438
0.3688889,0.0,0.21142945
0.8790814,0.0,0.068437845
0.8733211,0.0,0.06420373
0.57387394,0.0,0.79300845
0.8376472,0.0,0.44814107
0.55083305,0.0,0.24137147
0.7661574,0.0,0.48414385
0.7649726,0.0,0.2398291
0.5367504,0.0,0.40254366
0.9020221,0.0,0.55490255
0.9423504,0.0,0.14381729
0.55055445,0.0,0.6732388
0.64879197,0.0,0.29046506
0.76450324,0.0,0.008086688
0.8711029,0.0,0.04296073
0.9075601,0.0,0.010095772
0.40330926,0.0,0.20402086
0.3783362,0.0,0.2681704
0.941337,0.0,0.0072633172
0.88081515,0.0,0.0039429995
0.63353074,0.0,0.04877083
0.79765064,0.0,0.0014873766
0.73909616,0.0,0.019424397
0.8273721,0.0,0.0
0.9425893,0.0,0.0
0.51459503,0.0,0.0104564885
0.83365315,0.0,0.0073381457
0.87628645,0.0,0.00971208
0.78654015,0.0,0.299597
0.8053347,0.0,0.00035477598
0.9220277,0.0,0.106123984
0.8383353,0.0,0.021718426
0.97119045,0.0,0.015466524
0.7707451,0.0,0.23752995
0.8916628,0.0,0.13127181
0.92508787,1.0,0.6721433
0.7696575,1.0,0.60410553
0.8594791,1.0,0.40971282
0.8580558,1.0,0.45546874
0.7185907,0.0,0.07415257
0.91700536,1.0,0.2933507
0.8807042,0.0,0.24723504
0.9182589,0.0,0.0
0.60258305,0.0,0.43305743
0.9579491,0.0,0.28006712
0.9062465,0.0,0.008905997
0.9260023,0.0,0.0037031593
0.7241921,0.0,0.46223724
0.87754434,0.0,0.08031081
0.81974727,0.0,0.0658128
0.8569063,0.0,0.03584003
0.5405163,0.0,0.3430285
0.935622,0.0,0.0034094802
0.86636966,0.0,0.036460623
0.60054576,0.0,0.2329828
0.44341162,0.0,0.24639186
0.6717661,0.0,0.004727354
0.7691509,0.0,0.010003578
0.7037614,0.0,0.36948758
0.4860717,0.0,0.53125226
0.8575782,0.0,0.17846948
0.57279164,0.0,0.3757144
0.7200315,0.0,0.3937122
0.8882051,0.0,0.042871546
0.5639466,0.0,0.26954666
0.2579659,0.0,0.5968984
0.5198268,0.0,0.6409704
0.8558061,0.0,0.6245138
0.6928693,0.0,0.03746572
0.7714502,0.0,0.28026918
0.713561,0.0,0.0109887365
0.67955613,0.0,0.0033425852
0.73574793,0.0,0.055083286
0.9407557,0.0,0.015019025
0.8790756,0.0,0.0
0.5734025,0.0,0.041133914
0.79787636,1.0,0.11049552
0.91595817,1.0,0.027233586
0.9558419,0.0,0.0
0.86984223,0.0,0.0
0.29571006,0.0,0.0
0.8761793,0.0,0.0
0.624146,0.0,0.006805758
0.5500547,0.0,0.013287476
0.68641865,0.0,0.09894674
0.7343419,0.0,0.023886772
0.890262,0.0,0.0030523334
0.51429105,0.0,0.2449758
0.5448332,0.0,0.1539204
0.73995143,0.0,0.047577236
0.53396577,0.0,0.15045981
0.61494434,0.0,0.5304834
0.70973223,0.0,0.23085125
0.48986036,0.0,0.78732854
0.47326416,0.0,0.6618022
0.27762863,0.0,0.25543228
0.31084427,0.0,0.30241647
0.43799034,0.0,0.030939927
0.39068526,0.0,0.53765726
0.7466294,0.0,0.09708491
0.50270605,0.0,0.20496619
0.76574475,0.0,0.0
0.77258676,0.0,0.011323904
0.6945337,0.0,0.025746042
0.63081634,0.0,0.01006381
0.74832284,0.0,0.01733486
0.9273415,0.0,0.004074127
0.7826655,0.0,0.0
0.80034065,1.0,0.0636363
0.71535057,0.0,0.00067667075
0.97414875,0.0,0.031322043
0.8392974,0.0,0.0
0.50754976,0.0,0.20000884
0.47800204,0.0,0.17966333
0.18937325,0.0,0.03048284
0.629344,0.0,0.008891748
0.47514528,0.0,0.2259672
0.38740817,0.0,0.25114188
0.46239382,1.0,0.024052246
0.5502112,0.0,0.091966026
0.27528763,0.0,0.15346473
0.45669612,0.0,0.02377889
0.9419484,0.0,0.0025056237
0.4942943,0.0,0.14460595
0.9074264,0.0,0.3327524
0.7695019,0.0,0.4843497
0.7959043,0.0,0.08205635
0.61570305,0.0,0.5275429
0.4486472,0.0,0.25088382
0.61091614,0.0,0.6105872
0.504251,0.0,0.41868174
0.4166924,0.0,0.14696962
0.548317,0.0,0.02391394
0.7749759,0.0,0.5233065
0.52643263,0.0,0.54150856
0.6020756,0.0,0.68186533
0.5893887,0.0,0.17304145
0.60973966,0.0,0.05080322
0.61007905,0.0,0.40873173
0.77810824,0.0,0.40640798
0.84413403,0.0,0.0015965106
0.56914186,0.0,0.5114618
0.57601357,0.0,0.58522165
0.23502636,0.0,0.12544721
0.51705295,0.0,0.14094822
0.58015406,0.0,0.72336924
0.35930124,1.0,0.58040905
0.3825101,0.0,0.00029652184
0.31782746,0.0,0.13741297
0.76060116,0.0,0.37680572
0.48361334,1.0,0.12759727
0.44452375,0.0,0.0
0.5924282,0.0,0.4044606
0.6014544,0.0,0.27767754
0.7633006,0.0,0.0
0.56209487,0.0,0.089608304
0.7485734,0.0,0.62221164
0.695488,0.0,0.41176602
0.56343323,0.0,0.43154258
0.87629545,0.0,0.26268172
0.4486096,1.0,0.39534304
0.8670853,1.0,0.7483451
0.56274307,0.0,0.09247582
0.6419039,0.0,0.0
0.48338905,1.0,0.1184076
0.55757326,1.0,0.3435035
0.9534076,0.0,0.0
0.6221877,1.0,0.00786387
0.43574718,1.0,0.47145352
0.75143844,1.0,0.28865656
0.76745826,0.0,0.0
0.6545745,1.0,0.14665218
0.80076087,1.0,0.4641312
0.89262664,0.0,0.13165565
0.5029736,0.0,0.003218778
0.5425843,1.0,0.13619328
0.8093142,1.0,0.24721229
0.8472489,0.0,0.09052806
0.8241929,0.0,0.0
0.39817804,1.0,0.46834528
0.42104748,1.0,0.70391333
0.8227516,0.0,0.3246824
0.40825984,0.0,0.09214066
0.7599818,0.0,0.27651572
0.8315475,0.0,0.002626126
0.39407766,1.0,0.11503274
0.861044,1.0,0.23034246
0.7848683,0.0,0.0
0.41880026,0.0,0.030386629
0.6267383,0.0,0.33409888
0.5584721,0.0,0.35107827
0.65888095,0.0,0.5713615
0.6922745,1.0,0.114048935
0.6056471,0.0,0.62710667
0.7944382,0.0,0.7231788
0.7955231,0.0,0.8015168
0.5971403,1.0,0.6633167
0.42766875,1.0,0.4503372
0.25951174,1.0,0.21788995
0.82212883,0.0,0.051880915
0.57741827,0.0,0.56102777
0.48636886,0.0,0.3644333
0.4514173,0.0,0.18339813
0.36487326,0.0,0.41323167
0.51249975,0.0,0.16910744
0.4616457,0.0,0.023139805
0.41576847,0.0,0.12896211
0.37515277,0.0,0.3179666
0.8179182,0.0,0.0030480009
0.79128855,0.0,0.052665133
0.7792677,0.0,0.23090133
0.44121727,0.0,0.13656452
0.47464463,0.0,0.58940977
0.41500404,0.0,0.39206144
0.54043263,0.0,0.027025606
0.44603562,0.0,0.14932784
0.62439674,0.0,0.48666143
0.7172895,0.0,0.092983484
0.59393823,0.0,0.04479897
0.9276319,0.0,0.34936592
0.9511409,0.0,0.13439731
0.49171287,0.0,0.34785742
0.3955938,0.0,0.18515363
0.38822365,0.0,0.7065274
0.5174565,0.0,0.5840585
0.85721,0.0,0.0043254914
0.4929489,1.0,0.4647102
0.36636588,0.0,0.24196579
0.497657,0.0,0.33706757
0.79253614,1.0,0.18431728
0.3882208,1.0,0.6905966
0.5801737,1.0,0.33157593
0.43993202,0.0,0.03303987
0.30019394,1.0,0.26727888
0.4830682,1.0,0.38213548
0.46870697,1.0,0.18305275
0.49710694,0.0,0.0
0.3733139,1.0,0.20359093
0.3690066,1.0,0.47587222
0.7454119,1.0,0.21600796
0.5619484,0.0,0.002879122
0.80603254,0.0,5.0261347e-06
0.32321918,1.0,0.1420552
0.5650545,0.0,0.0
0.4166772,0.0,0.12607543
0.77258223,0.0,0.09061199
0.49173582,0.0,0.0942267
0.2969845,0.0,0.17254882
0.3015834,0.0,0.48069465
0.5376294,0.0,0.101288006
0.44406056,0.0,0.0061694924
0.40782496,0.0,0.16728663
0.39264885,0.0,0.44398275
0.49391976,0.0,0.016671324
0.27174154,0.0,0.0
0.35015485,0.0,0.35699007
0.32847878,0.0,0.49722466
0.5054407,0.0,0.4554999
0.33245766,0.0,0.050822917
0.65671206,0.0,0.10851677
0.6352791,0.0,0.012569681
0.73586226,0.0,0.0
0.38438255,0.0,0.0013686321
0.8326112,0.0,0.010095222
0.92002624,0.0,0.0
0.8254523,0.0,0.0
0.6944136,0.0,0.026305227
0.57774484,0.0,0.04735362
0.9040367,0.0,0.0
0.66693807,0.0,0.00257616
0.4857415,1.0,0.27226612
0.28510404,1.0,0.035717495
0.8494464,0.0,0.024279881
0.704593,0.0,0.07769328
0.59490913,0.0,0.07531905
0.6904433,0.0,0.017464848
0.6282366,0.0,0.0018354306
0.5299043,0.0,0.31776017
0.79491115,0.0,0.11466902
0.681331,0.0,0.008683709
0.6478772,0.0,0.014424909
0.6414904,0.0,0.23481801
0.46667,0.0,0.5813236
0.49639377,0.0,0.042731725
0.48309046,0.0,0.4859496
0.83945304,0.0,0.040546294
0.5753379,0.0,0.3716795
0.64905155,0.0,0.24629572
0.62177575,0.0,0.36722073
0.5471871,0.0,0.30371416
0.5141421,0.0,0.33001283
0.6954566,0.0,0.016071275
0.65058386,0.0,0.49617466
0.62073565,0.0,0.59180325
0.6103334,0.0,0.14500663
0.41283518,0.0,0.3653416
0.710218,0.0,0.52815914
0.5158738,0.0,0.6400009
0.50018215,0.0,0.5296003
0.8335331,0.0,0.03542396
0.64980245,0.0,0.44256383
0.946796,0.0,0.0018303286
0.62906945,0.0,0.41027084
0.6466767,0.0,0.47988972
0.89629275,0.0,0.31874797
0.6579442,0.0,0.6088521
0.79639965,0.0,0.5424078
0.64807135,0.0,0.46297312
0.9316871,0.0,0.014998105
0.86831427,0.0,0.0
0.48474616,0.0,0.22879581
0.5462928,0.0,0.03343606
0.60428,0.0,0.07384787
0.41580185,0.0,0.20639338
0.89276004,0.0,0.19446446
0.65793025,0.0,0.495236
0.46274397,0.0,0.11513508
0.9090973,0.0,0.00012969278
0.4718905,0.0,0.0
0.7593192,0.0,0.027677635
0.73996484,0.0,0.0
0.38947132,0.0,0.14509933
0.79184324,0.0,0.011071173
0.59948194,0.0,0.22115114
0.75410324,0.0,0.4299913
0.9692506,0.0,0.0
0.9393598,0.0,0.00022694569
0.9162536,0.0,0.03598961
0.7577172,0.0,0.11675811
0.8645621,0.0,0.010375379
0.8483214,0.0,0.014716669
0.6639615,0.0,0.26247552
0.83903396,0.0,0.16479596
0.95086324,0.0,0.18913598
0.91531616,0.0,0.17998488
0.8808718,0.0,0.25917092
0.70917606,0.0,0.11479435
0.92127866,0.0,0.0084026875
0.5921183,0.0,0.0659221
0.74613583,0.0,0.010261849
0.9662329,0.0,0.0019523005
0.78835565,0.0,0.018215751
0.6151408,0.0,0.14056718
0.7916348,0.0,0.20738633
0.8330472,0.0,0.0
0.5677417,0.0,0.027495094
0.56193256,0.0,0.3678831
0.64746577,0.0,0.50158113
0.6888053,0.0,0.4536179
0.3361182,0.0,0.21131207
0.53319204,0.0,0.3365589
0.48644432,0.0,0.19469441
0.88569593,0.0,0.912636
0.8553623,0.0,0.2468158
0.8407761,0.0,0.31103036
0.6518323,0.0,0.58511764
0.65715235,0.0,0.32698014
0.8792835,0.0,0.36393076
0.6932974,0.0,0.25777775
0.7236515,0.0,0.009619588
0.62732,0.0,0.00344513
0.43750116,0.0,0.0
0.33785796,0.0,0.0
0.9142555,0.0,0.008800227
0.6269804,0.0,0.0
0.45723006,0.0,0.25234646
0.3797618,0.0,0.26192802
0.5027657,0.0,0.5942645
0.87292284,0.0,0.5479368
0.85904086,0.0,0.0005380969
0.8533533,0.0,0.17895013
0.6846975,0.0,0.30633464
0.63526183,0.0,0.004553889
0.4163277,0.0,0.29770628
0.54122174,0.0,0.28559905
0.80657357,0.0,0.00036758807
0.6999539,0.0,0.0397131
0.7475919,0.0,0.43468362
0.6964127,0.0,0.24424048
0.6487028,0.0,0.5168245
0.7699077,0.0,0.17186263
0.8538817,0.0,0.035650726
0.8038532,0.0,0.26463726
0.8978873,0.0,0.016574223
0.62745357,0.0,0.0
0.33708665,0.0,0.013187303
0.8923525,0.0,0.00060069456
0.41632965,0.0,0.0
0.6669612,0.0,0.028747713
0.8390342,0.0,0.0038762954
0.8050412,0.0,0.18892756
0.44509038,0.0,0.3070697
0.4693198,0.0,0.023935271
0.87572193,0.0,0.09436835
0.9008657,0.0,0.5591828
0.4628559,0.0,0.33056808
0.55688024,0.0,0.42187852
0.6130624,0.0,0.6691725
0.75854325,0.0,0.21319838
0.48376757,0.0,0.38752434
0.6136413,0.0,0.13919199
0.741016,0.0,0.26040083
0.6065857,0.0,0.036299646
0.7748954,0.0,0.23621479
0.7846083,0.0,0.62160003
0.7795001,0.0,0.086011305
0.8229531,0.0,0.48199284
0.8373566,0.0,0.41541916
0.60094106,0.0,0.6592835
0.38856685,0.0,0.30130532
0.5851032,0.0,0.021039309
0.7035628,0.0,0.07931768
0.7860887,0.0,0.411622
0.5330431,0.0,0.02558034
0.39785376,0.0,0.0
0.2258471,0.0,0.39377514
0.50940084,0.0,0.20217629
0.76104295,0.0,0.0
0.29609957,0.0,0.22013515
0.4376106,0.0,0.5505091
0.34532166,0.0,0.5645199
0.5904161,0.0,0.56998914
0.46125168,0.0,0.07812072
0.56627834,0.0,0.17546675
0.5766283,0.0,0.0
0.67167455,0.0,0.018527692
0.83698475,0.0,0.0004890125
0.7862556,0.0,0.0
0.83499205,0.0,0.0
0.7260762,0.0,0.0019070443
0.8721236,0.0,0.015570088
0.8204278,0.0,0.36816132
0.9278007,0.0,0.35933733
0.664608,0.0,0.72069436
0.8299269,0.0,0.37976104
0.6740153,0.0,0.053897902
0.36843368,0.0,0.29597917
0.62791544,0.0,2.3365565e-05
0.6927981,0.0,0.38150185
0.95432484,0.0,0.2548461
0.55614316,0.0,0.42823777
0.45979083,0.0,0.5390775
0.48758015,0.0,0.0057103774
0.92918205,0.0,0.0
0.5107176,0.0,0.29785785
0.68735147,0.0,0.28476363
0.69337803,0.0,0.0011089594
0.8087624,0.0,0.04524959
0.8018468,0.0,0.3558212
0.5699348,0.0,0.17155324
0.61289227,0.0,0.00087444345
0.4808017,0.0,0.19763888
0.66003305,0.0,0.12627219
0.5888382,0.0,0.014961347
0.9514339,0.0,0.018770173
0.8720994,0.0,0.01876845
0.8604373,0.0,0.28692427
0.6128956,0.0,0.080910176
0.32934356,0.0,0.6851584
0.45533335,0.0,0.47501433
0.471313,0.0,0.9235179
0.43609726,0.0,0.55231744
0.43411493,0.0,0.19766718
0.62065804,0.0,0.6784935
0.6616287,0.0,0.22369711
0.7106075,0.0,0.352769
0.6110049,0.0,0.04264445
0.45359582,0.0,0.35678825
0.7345924,0.0,0.5728574
0.930857,0.0,0.015993135
0.20245664,0.0,0.26536262
0.5338619,0.0,0.0054488024
0.7232828,0.0,0.07306399
0.7295482,0.0,0.0
0.8789832,0.0,0.0
0.6695344,0.0,0.0003909551
0.8208669,0.0,0.0143750785
0.75967884,0.0,0.0
0.4958335,0.0,0.0576077
0.5448979,0.0,0.1641487
0.67442733,0.0,0.3366744
0.7482884,0.0,0.31633458
0.78985065,0.0,0.4264679
0.57513684,0.0,0.6492301
0.9132531,0.0,0.40543658
0.48872745,0.0,0.013668912
0.49389505,0.0,0.21367896
0.72024447,0.0,0.0017564263
0.43076822,0.0,0.12809123
0.37320685,0.0,0.20241886
0.5919591,0.0,0.0
0.8722692,0.0,0.0
0.3217934,0.0,0.36350068
0.48853773,0.0,0.19874562
0.47138813,0.0,0.005065138
0.646004,0.0,0.18062167
0.5914655,0.0,0.5272726
0.555739,0.0,0.21286549
0.45434213,0.0,0.25785258
0.32241592,0.0,0.29687363
0.38283294,0.0,0.6512537
0.7793173,0.0,0.8086644
0.8342089,0.0,0.391135
0.5962421,0.0,0.8857366
0.7557185,0.0,0.36246246
0.56830883,0.0,0.24278459
0.58475286,0.0,0.26760754
0.628619,0.0,0.023660604
0.3998759,0.0,0.095915616
0.7421841,0.0,0.017781405
0.4472558,0.0,0.03316316
0.9306574,0.0,0.030453399
0.6191764,0.0,0.010665747
0.52966195,0.0,0.037668686
0.3915919,0.0,0.33231473
0.42940632,0.0,0.0012015277
0.80656344,0.0,0.28193453
0.7492745,0.0,0.28228706
0.6751979,0.0,0.64752626
0.9111335,0.0,0.16205226
0.8292926,0.0,0.44285342
0.7922535,0.0,0.49199602
0.60091996,0.0,0.027057206
0.6351939,0.0,0.095869124
0.6092498,0.0,0.18085569
0.38601196,0.0,0.35532886
0.9253325,0.0,0.01581903
0.68862057,0.0,0.01970464
0.7546636,0.0,0.6136888
0.33079794,0.0,0.28014827
0.6689659,0.0,0.36241764
0.72468036,0.0,0.3098646
0.84156567,0.0,0.022829395
0.81600165,0.0,0.15663894
0.92297035,0.0,0.09830248
0.7718498,0.0,0.005572521
0.8607093,0.0,0.009580487
0.6569243,0.0,0.006681971
0.34969878,0.0,0.012218198
0.881216,0.0,0.0035421231
0.8314516,0.0,0.082581945
0.81765914,0.0,0.10567099
0.88553274,0.0,0.64057404
0.80608106,0.0,0.20106576
0.6032908,1.0,0.6713073
0.8041815,1.0,0.5951901
0.84763896,0.0,0.09628836
0.8707209,1.0,0.045856524
0.7394914,1.0,0.13472024
0.62482166,1.0,0.5350185
0.7141844,1.0,0.4966401
0.84327334,1.0,0.29017413
0.84149426,0.0,0.047317676
0.72565883,1.0,0.3777034
0.6502354,1.0,0.28067416
0.72543406,0.0,0.050809216
0.84355855,0.0,0.005439097
0.56931597,1.0,0.32990745
0.34800866,0.0,0.46418276
0.92354465,0.0,0.0007933766
0.65674406,0.0,0.028230764
0.71726483,0.0,0.5897575
0.5963242,0.0,0.33126426
0.86245763,0.0,0.14435484
0.5290428,0.0,0.66668105
0.8898937,0.0,0.6378711
0.518936,0.0,0.029084979
0.6396618,0.0,0.4565027
0.62244093,0.0,0.0
0.8770045,0.0,0.013563798
0.7490083,0.0,0.0056668026
0.72835726,0.0,0.0
0.70208466,0.0,0.007138909
0.656037,0.0,0.043454807
0.95929646,0.0,0.0
0.94632405,0.0,0.1513082
0.67107487,1.0,0.29768175
0.73435915,1.0,0.70796114
0.92520756,1.0,0.22804342
0.6807679,1.0,0.7470775
0.6726004,0.0,0.07258548
0.7221256,1.0,0.23728317
0.6890449,0.0,0.078419246
0.692333,1.0,0.4176469
0.7400094,1.0,0.09703073
0.75524884,1.0,0.5641213
0.55739826,1.0,0.47455683
0.78118277,0.0,0.0
0.7667298,1.0,0.4299514
0.7602641,1.0,0.5806416
0.7685052,1.0,0.2456918
0.90019244,0.0,0.06079829
0.8619394,0.0,0.036093727
0.49123776,0.0,0.3385737
0.53564155,1.0,0.22630073
0.8605316,0.0,0.0009500877
0.566913,0.0,0.091593646
0.5448996,0.0,0.58949155
0.85032177,0.0,0.25136515
0.6387718,0.0,0.61322093
0.6230365,0.0,0.10874945
0.9359004,0.0,0.035850372
0.81114846,0.0,0.023809118
0.853493,0.0,0.0
0.8471367,0.0,0.009200495
0.5455809,0.0,0.0
0.4323113,0.0,0.0
0.8249657,0.0,0.10761831
0.94661343,0.0,0.022717327
0.8571354,0.0,0.060394056
0.81108755,0.0,0.19872491
0.7629576,0.0,0.22742906
0.9335585,0.0,0.017370977
0.7231328,0.0,0.36522734
0.55607927,0.0,0.5216363
0.82907766,0.0,0.24123521
0.7275095,0.0,0.48934427
0.7957384,0.0,0.022790466
0.8022156,0.0,0.012326058
0.4112576,0.0,0.3013242
0.22280502,1.0,0.46361384
0.6596394,0.0,0.0
0.49762464,0.0,0.22606742
0.70828605,1.0,0.51665896
0.810965,1.0,0.14181358
0.9121565,0.0,0.0072923237
0.8966305,0.0,0.6776049
0.8246249,0.0,0.48859715
0.7202151,0.0,0.5989045
0.8503496,0.0,0.5740823
0.8807238,0.0,0.52913
0.80836904,0.0,0.6062444
0.64487463,0.0,0.2014336
0.79189914,0.0,0.35050917
0.7664476,0.0,0.13405861
0.84110695,0.0,0.12958089
0.7275299,0.0,0.2953322
0.80702937,0.0,0.4000681
0.85617924,0.0,0.5916346
0.7116114,0.0,0.18452147
0.45188174,0.0,0.059857093
0.7800855,0.0,0.35042998
0.75795317,0.0,0.3708703
0.64653736,0.0,0.0011887691
0.87747395,0.0,0.29284915
0.78020024,0.0,0.74457693
0.38678354,0.0,0.40409473
0.64823246,0.0,0.6914984
0.61478037,0.0,0.21763542
0.45898515,0.0,0.21510397
0.94158596,0.0,0.009549654
0.56436497,0.0,0.46017814
0.9442343,0.0,0.08383434
0.6628514,0.0,0.10483634
0.71890783,0.0,0.14250593
0.8244219,0.0,0.03336961
0.6186487,0.0,0.01775094
0.7971794,0.0,0.31193998
0.7105907,0.0,0.053712677
0.75385916,0.0,0.037051346
0.83460265,0.0,0.12730254
0.7754231,0.0,0.30692786
0.78132087,0.0,0.35755518
0.8836356,0.0,0.026688121
0.61527073,0.0,0.0027065484
0.49993056,0.0,0.43348476
0.7993131,0.0,0.15894584
0.50021386,0.0,0.0025960556
0.7141345,0.0,0.091038376
0.88841873,0.0,0.046677932
0.82581866,0.0,0.026999414
0.57192343,0.0,0.37737313
0.40364188,0.0,0.3074781
0.847501,0.0,0.6700887
0.9165469,0.0,0.21302167
0.7992282,0.0,0.42910945
0.59601796,0.0,0.7385982
0.65046835,0.0,0.059533324
0.63018745,0.0,0.7611014
0.5765832,0.0,0.34825155
0.72981423,0.0,0.511061
0.66906357,0.0,0.26852718
0.74604493,0.0,0.5314972
0.74163985,0.0,0.18391731
0.66167176,0.0,0.8283005
0.7188431,0.0,0.5155631
0.7964036,0.0,0.74125236
0.46489,0.0,0.30264
0.6305961,0.0,0.7980702
0.46630368,0.0,0.19878684
0.498158,0.0,0.32273778
0.699963,0.0,0.6693931
0.8110034,0.0,0.41191703
0.8555012,0.0,0.08009926
0.8774013,0.0,0.14483036
0.953823,0.0,0.0
0.8598457,0.0,0.23859324
0.618798,0.0,0.6139172
0.3296402,0.0,0.39396894
0.91636634,0.0,0.082494035
0.7025855,0.0,0.5283795
0.7833256,0.0,0.4000539
0.62894386,0.0,0.00197257
0.8147627,0.0,0.49453855
0.84223837,0.0,0.053403914
0.51650476,0.0,0.0007052687
0.5905413,0.0,0.42719457
0.6410063,0.0,0.17684084
0.8255283,0.0,0.07231738
0.8926733,0.0,0.024002267
0.94862163,1.0,0.078724004
0.9546111,1.0,0.0032119176
0.96169424,1.0,0.010325203
0.89107645,1.0,0.09485088
0.9125172,1.0,0.003314512
0.9565205,1.0,0.00556313
0.9635513,0.0,0.00035067223
0.8735718,1.0,0.00020295463
0.80627847,1.0,0.011703981
0.90217227,0.0,0.0
0.84548753,0.0,0.014037371
0.74057245,0.0,0.013485193
0.9074152,0.0,0.00024604658
0.8756573,0.0,0.0
0.9216812,0.0,0.048324503
0.9101846,0.0,0.0
0.8383609,0.0,0.00043211505
0.96969515,0.0,0.0029369046
0.94518834,0.0,0.0038874755
0.8548608,0.0,0.00028667014
0.54732347,0.0,0.0
0.8831858,0.0,0.0030734274
0.5256551,0.0,0.037345067
0.40151858,0.0,0.24874811
0.94884384,0.0,0.054051295
0.6997061,0.0,0.49541602
0.7923915,0.0,0.44194815
0.84013593,0.0,0.67682594
0.79947513,0.0,0.29370582
0.94102615,0.0,0.3305493
0.69166815,0.0,0.20807894
0.89432317,0.0,0.19443336
0.80451524,0.0,0.0028159996
0.9811443,0.0,0.00093748904
0.96240246,0.0,0.026542999
0.87720317,0.0,0.045824513
0.93107337,0.0,0.0
0.47533622,0.0,0.00057926733
0.6491052,0.0,0.03185917
0.9459583,0.0,0.087962545
0.92765653,0.0,0.09249283
0.9391746,0.0,0.093207695
0.95036787,0.0,0.39937386
0.6659046,0.0,0.71846926
0.8641172,0.0,0.4712699
0.6756863,0.0,0.008066797
0.9505872,1.0,0.18246457
0.8224029,1.0,0.45299602
0.88668954,0.0,0.12153459
0.93245155,1.0,0.0029352803
0.7877043,1.0,0.40459818
0.86125606,1.0,0.0036100307
0.93223,1.0,0.0
0.69061524,1.0,0.23751198
0.7104265,1.0,0.08185553
0.9397298,0.0,0.034005992
0.6080312,0.0,0.12511788
0.93303025,0.0,0.00033209403
0.8945726,0.0,0.0
0.57676005,0.0,0.20209883
0.74415475,0.0,0.005138807
0.91909736,0.0,0.0005737919
0.7246022,0.0,0.2818926
0.60000336,0.0,0.4483724
0.7570516,0.0,0.32642296
0.89669645,0.0,0.0
0.5817949,0.0,0.00039785545
0.8424003,0.0,0.0
0.9559334,0.0,0.055868465
0.9471115,0.0,0.0069990507
0.9498296,0.0,0.026390696
0.904583,0.0,0.3510509
0.92832345,0.0,0.3187348
0.9243464,0.0,0.5354202
0.9642864,0.0,0.23927757
0.8954789,0.0,0.64387864
0.69569045,0.0,0.43274754
0.9585197,0.0,0.11033195
0.95211023,0.0,0.0022073013
0.80537593,0.0,0.059961185
0.8785271,0.0,0.057477504
0.84647226,0.0,0.045422982
0.522755,0.0,0.37960178
0.6030378,0.0,0.12580204
0.83132774,0.0,0.33225197
0.8854016,0.0,0.1885741
0.94719374,1.0,0.031463563
0.57237834,1.0,0.2829164
0.94166267,1.0,0.045206092
0.9411884,1.0,0.09742516
0.6996876,0.0,0.53507656
0.86223805,0.0,0.79054976
0.8492702,1.0,0.53621656
0.7682522,0.0,0.5769941
0.575597,1.0,0.41492915
0.69800246,0.0,0.35478953
0.89781004,1.0,0.5392806
0.62803924,1.0,0.02806724
0.65625024,1.0,0.18485774
0.8950768,1.0,0.12021691
0.7368632,1.0,0.6007483
0.8225635,0.0,0.25255552
0.7526973,0.0,0.6831669
0.54883206,0.0,0.2450653
0.75683165,0.0,0.26623207
0.5644602,0.0,0.7120827
0.6635399,0.0,0.27099675
0.5344898,0.0,0.3264876
0.5967751,0.0,0.50854063
0.6364163,0.0,0.61455077
0.79299,0.0,0.08075112
0.7827774,0.0,0.3583396
0.89187413,0.0,0.76740235
0.81258523,0.0,0.8474193
0.9265088,0.0,0.27962527
0.7423993,0.0,0.62494564
0.73100233,0.0,0.34391913
0.71228117,0.0,0.50016844
0.81109726,0.0,0.023963679
0.6686822,0.0,0.5058957
0.74011236,0.0,0.5615435
0.9401972,0.0,0.06070927
0.551323,0.0,0.08088979
0.77673125,0.0,0.12145888
0.7012769,0.0,0.2975694
0.8598862,0.0,0.06890408
0.66334635,0.0,0.5563005
0.7650521,0.0,0.35094222
0.7091715,0.0,0.026759382
0.7569147,0.0,0.06129027
0.8305679,0.0,0.11387397
0.71728307,0.0,0.02291604
0.71790916,0.0,0.03871401
0.7268922,0.0,0.36126056
0.8962533,0.0,0.26447558
0.6693689,0.0,0.22252683
0.77822906,0.0,0.620949
0.7754435,0.0,0.061222948
0.73129207,0.0,0.0035658083
0.80927986,0.0,0.051034037
0.9406781,0.0,0.020770025
0.95298356,0.0,0.012625357
0.66253424,0.0,0.0
0.6684891,0.0,0.2838465
0.8531717,0.0,0.46929774
0.9148919,0.0,0.14527507
0.85378885,0.0,0.0
0.93613714,0.0,0.0
0.86990035,0.0,0.0014662753
0.50396127,0.0,0.00090127334
0.96044916,0.0,0.004226005
0.91623724,1.0,0.007281101
0.89541763,0.0,0.0026956047
0.7386928,0.0,0.07385915
0.8234701,1.0,0.0
0.90413743,0.0,0.18857701
0.75324184,0.0,0.008556338
0.90833646,0.0,0.0
0.7416736,0.0,0.00061964773
0.48172948,1.0,0.008261468
0.5749436,1.0,0.01552549
0.95612,0.0,0.00062638
0.7855639,1.0,0.35498592
0.83933765,0.0,0.29903552
0.8853969,0.0,0.059058122
0.88525957,0.0,0.0025037625
0.9274264,0.0,0.001064499
0.7603973,0.0,0.22765397
0.9234923,0.0,0.25067627
0.7300729,0.0,0.19821306
0.7975699,0.0,0.20201263
0.94223624,0.0,0.2351176
0.8113957,1.0,0.4883985
0.8266054,1.0,0.4751493
0.71880895,1.0,0.09298237
0.4766035,1.0,0.21363932
0.56831074,1.0,0.07095511
0.9401345,1.0,0.0
0.94351566,1.0,0.0073621455
0.8828004,0.0,0.01353488
0.9414118,0.0,0.0060528703
0.83972687,0.0,0.0016194232
0.66840297,0.0,0.0
0.91162854,0.0,0.0
0.94523,0.0,0.008378005
0.9624164,0.0,0.00083925383
0.74308825,0.0,0.5242823
0.87280005,0.0,0.28114066
0.88829666,0.0,0.7707261
0.87574106,0.0,0.6211284
0.7898375,0.0,0.093822554
0.73232776,0.0,0.29097182
0.96158653,0.0,0.10364899
0.9117886,0.0,0.0010204571
0.902882,0.0,0.0752596
0.8724683,0.0,0.0
0.9839373,0.0,0.014171448
0.9305841,0.0,0.005615447
0.9637556,0.0,0.022408703
0.937154,1.0,0.028149322
0.9341846,0.0,0.104588665
0.7533195,0.0,0.38191724
0.57196975,1.0,0.36448768
0.95496595,1.0,0.0018164624
0.9239953,0.0,0.16227998
0.8130165,0.0,0.29926196
0.53411764,0.0,0.5099384
0.92332196,0.0,0.0
0.9203792,0.0,0.07179372
0.9130982,0.0,0.005471935
0.7804527,0.0,0.1569075
0.8217761,0.0,0.0
0.81400585,0.0,0.06917197
0.8357259,0.0,0.06703763
0.8996372,0.0,0.33501688
0.68417037,0.0,0.5768114
0.9334128,0.0,0.2666337
0.9447792,0.0,0.12803169
0.94494337,0.0,0.13629696
0.9350339,0.0,0.20386517
0.84682,0.0,0.00039878045
0.8944707,0.0,0.03297033
0.9008292,0.0,0.33491832
0.65355843,1.0,0.24519244
0.8935254,0.0,0.007356581
0.7177385,0.0,0.055330325
0.96277845,0.0,0.0
0.7733369,0.0,2.5197303e-05
0.4285678,0.0,0.27008814
0.83558697,0.0,0.01420624
0.81441957,0.0,0.20442966
0.64866394,0.0,0.40451714
0.82680076,0.0,0.9385453
