gate_value,label,rsa
0.73003733,0.0,0.5841065
0.60146266,0.0,0.41989076
0.6156028,0.0,0.5804508
0.7881239,0.0,0.57983714
0.7551882,0.0,0.61183506
0.56583697,0.0,0.17861463
0.85345984,0.0,0.4081219
0.7845434,0.0,0.0
0.87773865,0.0,0.36582372
0.6004718,0.0,0.15718669
0.8621659,0.0,0.6478493
0.6368512,0.0,0.06072004
0.88468605,0.0,0.50787395
0.7973408,0.0,0.67343247
0.8069228,0.0,0.123701476
0.47406748,0.0,0.5407209
0.6578773,0.0,0.44515616
0.7420958,0.0,0.51334727
0.8571173,0.0,0.026819158
0.7936887,0.0,0.12642393
0.6819377,1.0,0.6137786
0.424707,0.0,0.29157278
0.83897614,0.0,0.008013342
0.57395864,0.0,0.41691536
0.7741195,0.0,0.51972413
0.47701678,0.0,0.49590415
0.66244423,0.0,0.3425881
0.39465618,0.0,0.10822179
0.7815242,0.0,0.0
0.6646534,0.0,0.26792422
0.7053673,0.0,0.0034687482
0.5214422,0.0,2.6742198e-05
0.7739334,0.0,0.18029067
0.54701066,0.0,0.2968384
0.76201755,0.0,0.007666524
0.66973865,0.0,0.0
0.5562185,0.0,0.47305176
0.68684703,0.0,0.5253599
0.7292284,0.0,0.0
0.7292567,0.0,0.3013342
0.5280514,0.0,0.47165558
0.82990825,0.0,0.36807013
0.77381516,0.0,0.5707029
0.738352,0.0,0.034574043
0.5886543,0.0,0.6075092
0.8378464,0.0,0.10582112
0.83621126,0.0,0.011145866
0.678571,0.0,0.40185848
0.7439899,0.0,0.13260764
0.659784,0.0,0.0
0.7442066,0.0,0.30158043
0.65357554,0.0,0.45355636
0.26973274,0.0,0.22646981
0.6461477,0.0,0.0
0.5386889,0.0,0.003331983
0.72070897,0.0,0.1337107
0.63890517,0.0,0.04292526
0.75061595,0.0,0.0
0.5016647,0.0,0.09318758
0.500377,0.0,0.55832213
0.8379782,0.0,0.09798124
0.6862478,0.0,0.6507586
0.7362198,0.0,0.38964215
0.5968087,0.0,0.0
0.5808774,0.0,0.11856888
0.5085896,0.0,0.54036343
0.80346483,0.0,0.22459982
0.85869116,1.0,0.14489788
0.7731038,1.0,0.4178856
0.5291043,1.0,0.5133283
0.6652811,1.0,0.5002072
0.7894182,1.0,0.10891471
0.5758283,0.0,0.041831158
0.68478006,1.0,0.3473992
0.8325641,1.0,0.13458663
0.75704265,0.0,0.0
0.6113675,0.0,0.49926838
0.7652919,1.0,0.6167193
0.3943895,0.0,0.101402186
0.8104835,1.0,0.482795
0.8423376,0.0,0.09535385
0.7809273,0.0,0.0
0.89016217,1.0,0.37698856
0.8977375,1.0,0.105674
0.5905228,1.0,0.69472253
0.89590746,1.0,0.6979241
0.7655851,0.0,0.6270534
0.8516296,0.0,0.15858519
0.7471956,0.0,0.29163745
0.8659332,0.0,0.2822713
0.5416351,0.0,0.570954
0.7706497,1.0,0.8451642
0.60938525,0.0,0.3189353
0.87841403,1.0,0.22558972
0.4673804,1.0,0.1680224
0.69059265,1.0,0.11576016
0.7515534,0.0,0.14285818
0.76404876,0.0,0.07126155
0.8048944,0.0,0.03583085
0.83660275,0.0,0.04793552
0.8148499,0.0,0.44781762
0.8416739,0.0,0.4819648
0.8097931,0.0,0.27743065
0.72450167,0.0,0.09954566
0.80129606,0.0,0.6597409
0.81204647,0.0,0.48129493
0.56709707,0.0,0.6470321
0.72407305,0.0,0.019184537
0.49901146,0.0,0.29250577
0.82308465,0.0,0.08002306
0.8821801,0.0,0.051032495
0.86444277,0.0,0.23524399
0.65264386,0.0,0.008110315
0.78186625,0.0,0.4006737
0.75788844,0.0,0.06197421
0.7209872,0.0,0.034729343
0.80211926,0.0,0.068576045
0.7708593,0.0,0.0
0.80017424,0.0,0.0
0.76067823,0.0,0.03766073
0.5762609,0.0,0.0
0.8012524,0.0,0.455711
0.5967005,0.0,0.233223
0.790516,0.0,0.096568756
0.5914018,0.0,0.16210988
0.79386544,0.0,0.39928794
0.37781867,0.0,0.20237668
0.68423,0.0,0.3702109
0.29571253,0.0,0.8197432
0.53294915,0.0,0.5412905
0.8514068,0.0,0.7661752
0.7086567,0.0,0.62833786
0.4210119,0.0,0.55405015
0.8072757,0.0,0.0593567
0.7165514,0.0,0.6366219
0.8584423,0.0,0.2313734
0.6020285,0.0,0.42655227
0.72179866,0.0,0.6416179
0.60926265,0.0,0.5671232
0.74527603,0.0,0.09774573
0.56527543,0.0,0.34526017
0.6378677,0.0,0.23192722
0.3952898,0.0,0.32660675
0.7241144,0.0,0.7003538
0.7547798,0.0,0.29125872
0.77014124,0.0,0.7545751
0.6838906,0.0,0.29554665
0.6726998,0.0,0.0020252557
0.7863071,0.0,0.07591198
0.82852167,0.0,0.35054496
0.70351917,0.0,0.18334855
0.70895356,0.0,0.0
0.63143796,0.0,0.18923485
0.5337353,0.0,0.45935816
0.69146866,0.0,0.34435531
0.705049,0.0,0.13813925
0.5353729,0.0,0.5870893
0.809438,0.0,0.6426582
0.25183275,0.0,0.34868065
0.82897735,0.0,0.16040553
0.6588227,0.0,0.08267473
0.6117754,0.0,0.25216022
0.5726031,0.0,0.12139657
0.7636861,0.0,0.0
0.656586,0.0,0.06481107
0.7080579,0.0,0.046598125
0.69870025,0.0,0.014283818
0.83408517,0.0,0.0
0.7439709,0.0,0.012992589
0.8435853,0.0,0.0
0.6044766,0.0,0.0070001744
0.69750327,0.0,0.010702265
0.39027157,0.0,0.24693255
0.69892484,0.0,0.4767704
0.67333704,0.0,0.31606397
0.55140704,0.0,0.42228028
0.77196735,0.0,0.66276973
0.61278665,0.0,0.21292292
0.58528805,0.0,0.22456834
0.7219957,0.0,0.32833117
0.8113885,0.0,0.0
0.7910415,0.0,0.0037752604
0.64368004,0.0,0.13434014
0.5906509,0.0,0.2522542
0.75151306,0.0,0.0
0.5410987,0.0,0.0
0.72075105,0.0,0.27921885
0.85298157,0.0,0.010838796
0.69652545,0.0,0.027228037
0.76786256,0.0,0.14732708
0.746412,0.0,0.10349274
0.716946,0.0,0.2551553
0.71518123,1.0,0.36799976
0.41237685,0.0,0.36090633
0.6109578,1.0,0.09780166
0.6355839,0.0,0.66797626
0.5228587,0.0,0.22802825
0.7128397,0.0,0.0
0.6333278,0.0,0.03155313
0.79659235,0.0,0.08578139
0.7785698,0.0,0.0
0.763046,0.0,0.0
0.6995951,0.0,0.51604307
0.61364686,0.0,0.3257875
0.66095424,0.0,0.0
0.6422431,0.0,0.106177144
0.8124297,0.0,0.608348
0.70103407,0.0,0.33042985
0.6220722,0.0,0.30773118
0.63687736,0.0,0.43569863
0.7858644,0.0,0.30379027
0.7521872,0.0,0.04956769
0.5658153,0.0,0.25212598
0.8137191,0.0,0.5138534
0.7368593,0.0,0.0010080109
0.7163255,0.0,0.025543222
0.4409446,0.0,0.06454741
0.5657986,0.0,0.16118667
0.7425347,0.0,0.020248836
0.5631688,0.0,0.0073070796
0.7027764,1.0,0.09731024
0.68510544,0.0,0.0035878194
0.89869636,0.0,0.04156121
0.84310824,1.0,0.07272521
0.63723737,1.0,0.30175552
0.681017,1.0,0.29431194
0.61648405,0.0,0.50907373
0.67954266,0.0,0.35303727
0.7240108,0.0,0.20159675
0.6831045,0.0,0.448987
0.744619,0.0,0.27726525
0.7568733,0.0,0.0021141963
0.75549185,0.0,0.016182465
0.77230835,0.0,0.29195142
0.5869755,0.0,0.106796086
0.7629479,0.0,0.00361682
0.58187467,0.0,0.28933728
0.71520334,0.0,0.17798238
0.68357986,0.0,0.023195373
0.7427483,0.0,0.0
0.5233469,0.0,0.42528227
0.7166753,0.0,0.23492384
0.80018544,0.0,0.100015335
0.56175315,0.0,0.75262076
0.64237744,0.0,0.5377344
0.57744306,0.0,0.10652124
0.6718328,0.0,0.30237308
0.68474066,0.0,0.5605606
0.7270718,0.0,0.19464831
0.8201787,0.0,0.4441494
0.6761028,0.0,0.895077
0.6033186,0.0,0.8169514
0.82285845,0.0,0.7283773
0.6003959,0.0,0.9012012
0.81321573,0.0,0.57827944
0.77376246,0.0,0.7981764
0.8082792,0.0,0.62553704
0.642069,0.0,0.4346902
0.6931382,0.0,0.30096698
0.79923815,0.0,0.61963123
0.6337178,0.0,0.17951551
0.77403486,0.0,0.12540886
0.6887052,0.0,0.40707383
0.7562698,0.0,0.38236707
0.63489926,0.0,0.0
0.7738765,0.0,0.1085597
0.703028,0.0,0.44247496
0.61217755,0.0,0.16518691
0.79157925,0.0,6.8039306e-05
0.66179293,0.0,0.1955192
0.67173356,0.0,0.26473886
0.62445855,0.0,0.03715836
0.7341744,0.0,0.29422995
0.6320668,0.0,0.5662545
0.7135857,0.0,0.4670032
0.6145906,0.0,0.37054735
0.7189271,0.0,0.60844177
0.7616752,0.0,0.6994773
0.6066399,0.0,0.4672444
0.2623936,0.0,0.3795512
0.6198597,0.0,0.23744322
0.52661777,0.0,0.13726442
0.6187698,0.0,0.16965337
0.61600906,0.0,0.017825387
0.6579875,0.0,0.11295094
0.6366367,0.0,0.030996786
0.34750834,0.0,0.0
0.65887594,0.0,0.033475697
0.6041373,0.0,0.0
0.53496987,1.0,0.012752018
0.68340385,0.0,0.0011188136
0.84409887,0.0,0.017213434
0.69259936,1.0,0.17916223
0.54764944,0.0,0.23888198
0.77345103,0.0,0.297351
0.337087,0.0,0.34498432
0.7884394,0.0,0.26877397
0.48430198,0.0,0.2639713
0.7838887,0.0,0.5479753
0.63414097,0.0,0.40799296
0.6323701,0.0,0.0
0.68603754,0.0,0.15057802
0.7960868,0.0,0.51836926
0.8191901,0.0,0.035862017
0.8777099,1.0,0.004991336
0.8153507,0.0,0.38084716
0.6957477,0.0,0.1721849
0.7385489,0.0,0.0
0.6540312,0.0,0.030259585
0.7262132,0.0,0.5240791
0.7320007,0.0,0.42313722
0.46337116,0.0,0.33289832
0.4657627,0.0,0.41762647
0.65419817,0.0,0.5093084
0.7227514,0.0,0.15176395
0.5171002,0.0,0.21180426
0.48612183,0.0,0.23848061
0.6900136,0.0,0.013144817
0.8567682,0.0,0.17326851
0.6972839,1.0,0.0648609
0.47133058,1.0,0.10216844
0.68215925,0.0,0.067678824
0.6787073,0.0,0.0
0.5675572,1.0,0.2721279
0.56582135,0.0,0.004728942
0.8451689,0.0,0.05660386
0.6757501,1.0,0.20273499
0.6067407,1.0,0.34475657
0.64624643,0.0,0.37444213
0.4513111,0.0,0.6983278
0.60723317,0.0,0.3271095
0.40681127,0.0,0.09380485
0.76677746,0.0,0.5081638
0.6651951,0.0,0.4144929
0.7077862,0.0,0.0
0.72700334,0.0,0.05964974
0.631189,0.0,0.46117857
0.7793615,0.0,0.019415947
0.84470683,1.0,0.018213691
0.7277545,0.0,0.3680859
0.56164783,0.0,0.24479459
0.7269155,0.0,0.0
0.7088359,0.0,0.06652815
0.84036624,0.0,0.5454278
0.6159766,0.0,0.24662721
0.43664205,0.0,0.132936
0.48587203,0.0,0.47338736
0.2542516,0.0,0.37803844
0.69447315,1.0,0.015587657
0.4534462,0.0,0.1154769
0.5191909,1.0,0.13910244
0.6955426,0.0,0.0
0.5980887,0.0,0.10875599
0.63922584,1.0,0.11981355
0.73143905,1.0,0.16512853
0.75474834,0.0,0.0090611745
0.6410373,0.0,0.0
0.46031654,1.0,0.31213748
0.6014338,0.0,0.0056550023
0.85311437,0.0,0.020194309
0.50657046,1.0,0.15534176
0.55603707,1.0,0.49301568
0.64192194,0.0,0.38187078
0.25271776,1.0,0.45812806
0.66513866,0.0,0.2639872
0.7215634,1.0,0.18623942
0.55320466,0.0,0.37553638
0.7256864,0.0,0.28829753
0.7708098,0.0,0.0
0.7317719,0.0,0.0006978974
0.83636194,0.0,0.2274488
0.77123225,0.0,0.06684231
0.7772213,0.0,0.0
0.78917915,0.0,0.0008959277
0.6044325,0.0,0.28725284
0.7234801,0.0,0.0
0.80032337,0.0,0.0
0.55762535,0.0,0.05265482
0.72512543,0.0,0.25217566
0.7162902,0.0,0.11455403
0.6932633,0.0,0.18556578
0.73168314,0.0,0.48799443
0.7958249,0.0,0.31228447
0.5699151,0.0,0.45121378
0.5405659,0.0,0.24946626
0.8000877,0.0,0.39372808
0.76203626,0.0,0.52279145
0.6914099,0.0,0.6364325
0.8080121,0.0,0.76217604
0.5436812,0.0,0.18594888
0.57787025,0.0,0.17718163
0.65096825,0.0,0.75309396
0.60855305,0.0,0.25212517
0.70073426,0.0,0.24620628
0.722738,0.0,0.4564569
0.45346186,1.0,0.49480596
0.5599357,0.0,0.033223365
0.8535642,0.0,0.01255166
0.4696382,1.0,0.41031918
0.6950204,1.0,0.13158014
0.7340087,0.0,0.0006647321
0.50191146,1.0,0.26102108
0.47443438,1.0,0.48887154
0.62624604,0.0,0.0
0.88456756,0.0,0.0005967848
0.7293367,1.0,0.3097824
0.4840041,1.0,0.36003318
0.83243406,0.0,0.26375565
0.44845486,1.0,0.44381216
0.7276293,1.0,0.21992113
0.70791024,1.0,0.5003911
0.74861896,0.0,0.5916982
0.7118808,0.0,0.005049561
0.5844163,1.0,0.18144503
0.55127513,0.0,0.49886596
0.8247015,0.0,0.10812624
0.75741464,0.0,0.004303011
0.77695054,1.0,0.4277617
0.7541031,0.0,0.5819527
0.66842484,0.0,0.35162595
0.8092479,0.0,0.26711354
0.8545145,0.0,0.013810182
0.68648523,0.0,0.2431694
0.75970155,0.0,0.34211767
0.76245177,0.0,0.0014511569
0.44162703,0.0,0.0055825305
0.69309753,0.0,0.54496485
0.75499463,0.0,0.3900378
0.8257154,0.0,0.05127255
0.24684899,0.0,0.6118898
0.71058065,0.0,0.14432846
0.5820003,0.0,0.72237813
0.76233095,0.0,0.45756343
0.6956683,1.0,0.84034467
0.67788005,0.0,0.5556134
0.63317657,1.0,0.54203427
0.59302795,0.0,0.53613484
0.6257449,0.0,0.6690655
0.5538795,1.0,0.6667337
0.7799892,1.0,0.79569906
0.7646731,0.0,0.29406205
0.68791705,0.0,0.6283288
0.6400921,1.0,0.4163894
0.62829125,0.0,0.97454953
0.6160769,0.0,0.7467324
0.5017818,0.0,0.45658776
0.6099387,0.0,0.06586456
0.7022247,0.0,0.053502243
0.7228887,0.0,0.68505234
0.35623345,0.0,0.6765375
0.713273,0.0,0.20766547
0.6410407,0.0,0.3552806
0.47100466,0.0,0.41618198
0.46824676,0.0,0.14582628
0.58281523,0.0,0.15284626
0.65424436,0.0,0.18578403
0.5908787,0.0,0.0
0.46251512,0.0,0.0077437325
0.6811315,0.0,0.09475785
0.64994603,0.0,0.05728497
0.46382052,0.0,0.05142621
0.49116436,0.0,0.030904211
0.7201044,0.0,0.3342532
0.7893556,0.0,0.00024187162
0.38360623,0.0,0.009384689
0.7347502,0.0,0.006060282
0.3822944,0.0,0.23053432
0.68993944,0.0,0.0007856999
0.5602253,0.0,0.006781643
0.6228504,0.0,0.19877253
0.61986095,0.0,0.19155641
0.63487023,0.0,0.008131143
0.4777695,0.0,0.14844087
0.7487072,0.0,0.59778845
0.7825332,0.0,0.34830955
0.68350047,0.0,0.25432363
0.4616266,0.0,0.39577726
0.8639757,0.0,0.6712337
0.52246416,0.0,0.4599005
0.7524934,0.0,0.15319847
0.7032859,0.0,0.014736617
0.38957566,0.0,0.0
0.6501333,0.0,0.027486451
0.44865623,0.0,0.0075627347
0.48491585,0.0,0.044550106
0.4797572,0.0,0.021609152
0.68912554,0.0,0.028540641
0.17692532,0.0,0.016043833
0.32272914,0.0,0.0057914536
0.5158505,0.0,0.0014360351
0.56386787,0.0,0.04121502
0.4265007,0.0,0.009749459
0.5763748,0.0,0.0045875725
0.35460106,0.0,0.0
0.45050207,0.0,0.013553587
0.6215697,0.0,0.00047373382
0.592775,0.0,0.019573571
0.6715673,0.0,0.14199774
0.44011182,0.0,0.0
0.768441,0.0,0.03622705
0.70349646,0.0,0.4902441
0.49507007,0.0,0.47331485
0.7440437,0.0,0.46834597
0.700295,0.0,0.016903123
0.75155634,0.0,0.07681033
0.495549,0.0,0.26363328
0.34909332,0.0,0.14559726
0.4338755,0.0,0.0
0.76607573,0.0,0.01478267
0.6419877,0.0,0.3207588
0.25977483,0.0,0.15643238
0.73923236,0.0,0.0
0.40485436,0.0,0.10312053
0.79586834,0.0,0.00021194106
0.67669755,0.0,0.35173488
0.8410876,0.0,0.2935205
0.7548112,0.0,0.0
0.807157,0.0,0.2452616
0.6238401,0.0,0.6292652
0.8038466,0.0,0.39705262
0.750139,0.0,0.11756678
0.8211938,0.0,0.79622096
0.73373824,0.0,0.5829986
0.7285146,0.0,0.057734918
0.81030065,0.0,0.42509153
0.55523276,0.0,0.41017115
0.807152,0.0,0.3468237
0.8154181,0.0,0.08856874
0.41717473,0.0,0.00021752756
0.5127149,0.0,0.044601597
0.5277577,0.0,0.31840456
0.33337995,0.0,0.041794688
0.78722423,0.0,4.137861e-05
0.4860602,0.0,0.3516911
0.4319593,0.0,0.584193
0.49987844,0.0,0.013331486
0.4540912,0.0,0.06835794
0.5124678,0.0,0.44526783
0.5135445,0.0,0.16971473
0.6231395,0.0,0.0036295194
0.7346978,0.0,0.18719472
0.52652997,0.0,0.34166664
0.61647207,0.0,0.81901246
0.63934094,0.0,0.1366638
0.7547698,0.0,0.68940747
0.34843567,0.0,0.28967318
0.7423468,0.0,0.06478369
0.73916566,0.0,0.18604775
0.71597123,0.0,0.042349562
0.35924137,0.0,0.31746763
0.54038227,0.0,0.21957994
0.48838896,0.0,0.012367414
0.5860603,0.0,0.053151026
0.7036023,0.0,0.084269956
0.43025535,0.0,0.0
0.5432447,0.0,0.008837644
0.40333092,0.0,0.0007133484
0.5844045,0.0,0.08415349
0.6894752,0.0,0.4707422
0.33734262,0.0,0.49194017
0.7386736,0.0,0.15792772
0.5797344,0.0,0.40849292
0.67805314,0.0,0.10557716
0.5846544,0.0,0.30344576
0.6311296,0.0,0.6079653
0.68036294,0.0,0.45028824
0.78851753,0.0,0.006834185
0.6014233,0.0,0.26732957
0.82596827,0.0,0.25436774
0.381853,0.0,0.26783088
0.5346324,0.0,0.0
0.56710035,0.0,0.39545116
0.8240388,0.0,0.3738451
0.61540544,0.0,0.16273576
0.8084053,0.0,0.026162194
0.7041869,0.0,0.38601926
0.7202121,0.0,0.056137107
0.7014683,0.0,0.30895677
0.73376876,0.0,0.019758904
0.67066795,0.0,0.24275532
0.57030314,0.0,0.5757673
0.67857355,0.0,0.031772595
0.66240287,0.0,0.12148147
0.8174353,0.0,0.02264677
0.7948686,0.0,0.50292045
0.7201185,0.0,0.29115003
0.6529989,0.0,0.6416562
0.7647004,0.0,0.4809416
0.6784518,0.0,0.10212332
0.5094334,0.0,0.13513337
0.81363374,0.0,0.36122462
0.59343886,0.0,0.62134725
0.6289715,0.0,0.038219046
0.7697931,0.0,0.064595245
0.5885433,0.0,0.39523974
0.75088614,0.0,0.40876737
0.40411663,0.0,0.00398887
0.4803828,0.0,0.2835883
0.6094258,0.0,0.7086462
0.49880534,0.0,0.18181224
0.4104948,0.0,0.0023758237
0.4773964,0.0,0.43841746
0.16929476,0.0,0.2441262
0.48900062,0.0,0.23778579
0.3820524,0.0,0.031534858
0.4710545,0.0,0.5542138
0.74179935,0.0,0.34397
0.3487177,0.0,0.006762
0.44721794,0.0,0.006804771
0.66706514,0.0,0.34951255
0.71631795,0.0,0.828771
0.6440921,0.0,0.109025694
0.7759612,0.0,0.46586514
0.6571414,0.0,0.49727282
0.6586707,0.0,0.5690876
0.8333799,0.0,0.03723856
0.528378,0.0,0.19897701
0.4693875,0.0,0.0
0.5931336,0.0,0.0
0.24240004,0.0,0.019515622
0.4897453,0.0,0.008384438
0.63016385,0.0,0.001002843
0.46752527,0.0,0.017254818
0.42546412,0.0,0.043420576
0.6520662,0.0,0.02615199
0.71963537,0.0,0.016063105
0.72365206,0.0,0.21185999
0.4492811,0.0,0.046977043
0.7724747,0.0,0.17079818
0.7852889,0.0,0.010959064
0.6546419,0.0,0.51698923
0.44567382,0.0,0.16070594
0.28470907,0.0,0.16162808
0.790156,0.0,0.015022436
0.51509833,0.0,0.08415245
0.60295457,1.0,0.38057816
0.46344158,1.0,0.5932993
0.4793939,1.0,0.19363227
0.61107147,1.0,0.19178161
0.5029882,1.0,0.2890354
0.42553115,1.0,0.538379
0.46753374,0.0,0.10810291
0.27966496,0.0,0.37217602
0.637949,0.0,0.0
0.28087184,1.0,0.3291862
0.5433588,0.0,0.18286936
0.43502113,0.0,0.30417845
0.76327646,0.0,0.5656447
0.51443344,0.0,0.69737345
0.746766,0.0,0.4039452
0.6946651,0.0,0.38331336
0.45021242,0.0,0.27702278
0.33006015,0.0,0.45686495
0.51671606,0.0,0.054376163
0.38411805,0.0,0.31122103
0.6220929,0.0,0.0
0.6498535,0.0,0.0
0.70454603,1.0,0.16479233
0.6968977,0.0,0.0
0.69736767,0.0,0.22077231
0.28879914,0.0,0.05314042
0.57644695,0.0,0.49190015
0.6692085,0.0,0.03390632
0.41397864,0.0,0.29227456
0.65612686,0.0,0.12760504
0.56085217,0.0,0.0917107
0.76322806,0.0,0.5460018
0.81626177,0.0,0.044793002
0.716573,0.0,0.68468064
0.78755933,0.0,0.55221695
0.5843667,0.0,0.03377689
0.43912277,0.0,0.33731776
0.7233623,0.0,0.023822142
0.5359573,1.0,0.25528196
0.46579513,0.0,0.005577006
0.59809154,0.0,0.016132774
0.37448502,0.0,0.03494439
0.70758504,0.0,0.015781878
0.42620555,0.0,0.2384697
0.7910273,0.0,0.0120405005
0.5352532,0.0,0.3075271
0.56570226,0.0,0.18159576
0.27359432,0.0,0.1983746
0.574232,0.0,5.2772924e-05
0.5161149,0.0,0.0061656334
0.4164359,0.0,0.0
0.3698208,0.0,0.007640665
0.48369667,0.0,0.0014279825
0.5685084,0.0,0.0059769736
0.6023295,0.0,0.021634672
0.59252423,0.0,0.015968693
0.8389073,1.0,0.4350194
0.68987805,1.0,0.5361511
0.4729005,0.0,0.25603005
0.8060533,0.0,0.54210556
0.18232471,0.0,0.105803505
0.49907416,0.0,0.09185832
0.5818994,0.0,0.6558835
0.7364605,0.0,0.31990603
0.5538051,0.0,0.0013372479
0.4972307,0.0,0.017828815
0.6369694,0.0,0.44944653
0.2593146,0.0,0.36657894
0.66388136,0.0,0.009582471
0.720173,0.0,0.266794
0.414789,0.0,0.09134451
0.4858178,0.0,0.50149953
0.5462816,0.0,0.08342486
0.5906543,0.0,0.060555883
0.72063327,0.0,0.14908572
0.6303311,0.0,0.34364152
0.45403928,0.0,0.011252669
0.43595162,0.0,0.3307698
0.5325104,0.0,0.63224614
0.7565511,0.0,0.39416215
0.49411818,0.0,0.11197474
0.78570557,1.0,0.3802868
0.42007455,0.0,0.46147838
0.6209564,1.0,0.36944357
0.56249756,0.0,0.22461802
0.3481079,0.0,0.082951985
0.5351602,1.0,0.17937414
0.50883216,0.0,0.00045902995
0.26390815,0.0,0.053181387
0.4971614,0.0,0.0011303534
0.5838871,0.0,0.0
0.56446755,0.0,0.27292794
0.6992339,0.0,0.0340093
0.55683583,0.0,0.4184644
0.50902724,0.0,0.0
0.4729148,0.0,0.4362299
0.7458546,0.0,0.15248041
0.48086527,0.0,0.41663963
0.5609649,0.0,0.12416675
0.5006734,0.0,0.29275447
0.631281,0.0,0.0
0.5511844,0.0,0.030219277
0.57885075,0.0,0.34536347
0.61090314,0.0,0.0
0.60875875,0.0,0.0
0.47218275,0.0,0.23219523
0.40870014,0.0,0.5918189
0.56457514,0.0,0.16271546
0.2719743,0.0,0.25866243
0.3451113,0.0,0.00057158316
0.3546481,0.0,0.5102262
0.5100529,0.0,0.29996222
0.6254822,0.0,0.010876201
0.8041955,0.0,0.103321254
0.77290225,0.0,0.3275711
0.71737033,0.0,0.35694122
0.5610575,0.0,0.61138266
0.48885608,0.0,0.1530204
0.6691066,0.0,0.31003946
0.65258765,0.0,0.04714718
0.62490404,0.0,0.45104715
0.29190645,0.0,0.19535956
0.77517146,0.0,0.0
0.61955,0.0,0.020452278
0.65524524,0.0,0.5609635
0.7201094,0.0,0.30418345
0.5479594,0.0,0.5067468
0.4038057,0.0,0.007272279
0.57813525,0.0,0.044929236
0.51857233,0.0,0.027795536
0.31537807,0.0,0.34124604
0.6324838,0.0,0.14389405
0.66731805,0.0,0.004920061
0.553814,0.0,0.05882007
0.6725949,0.0,0.022291416
0.41156328,0.0,0.0974301
0.24204512,0.0,0.10103301
0.5194463,0.0,0.08523402
0.51835686,0.0,0.0123675205
0.7125452,0.0,0.20018129
0.73821735,0.0,0.006748253
0.5058869,0.0,0.18097857
0.8339981,0.0,0.08423059
0.7621344,0.0,0.07328314
0.3870306,0.0,0.0
0.5995525,0.0,0.0017625793
0.393855,0.0,0.087138265
0.5456912,0.0,0.18202506
0.5849511,0.0,0.6315251
0.6125799,0.0,0.50588524
0.42347267,0.0,0.6624487
0.6089616,0.0,0.1903916
0.66402143,1.0,0.669716
0.5931365,1.0,0.6637891
0.15029214,1.0,0.6567706
0.8330314,1.0,0.33867785
0.67828083,1.0,0.24393666
0.5903613,1.0,0.3221661
0.70673156,1.0,0.8598034
0.6187485,1.0,0.57045776
0.8379954,1.0,0.20548277
0.49541414,1.0,0.62294567
0.6444661,1.0,0.3328796
0.20757905,1.0,0.50700194
0.63088495,0.0,0.20846933
0.5884028,0.0,0.10612309
0.4818322,0.0,0.0
0.3690911,0.0,0.1760939
0.4295866,1.0,0.20401482
0.5220555,0.0,0.0977684
0.8427378,0.0,0.0
0.57425517,0.0,0.0015013532
0.4829578,0.0,0.0
0.5921105,0.0,0.0006058722
0.5152352,0.0,0.0
0.7233299,0.0,0.090321824
0.6805105,0.0,0.00044453036
0.32061237,0.0,0.31679773
0.25868866,0.0,0.53797174
0.5998714,0.0,0.040865485
0.51280737,0.0,0.23198865
0.64159095,0.0,0.010530187
0.47293612,0.0,0.029665591
0.46519426,0.0,0.0010510918
0.74443567,0.0,0.018056333
0.59844816,0.0,0.0012095452
0.309795,0.0,0.0
0.73822707,0.0,0.034519333
0.6764111,0.0,0.0
0.6313869,0.0,0.07934428
0.5770689,0.0,0.08840895
0.56203234,0.0,0.071407326
0.58212364,0.0,0.52404314
0.41290843,0.0,0.36712268
0.7666987,0.0,0.37741596
0.70830005,0.0,1.0
0.72688955,0.0,0.47471568
0.7561005,0.0,0.43252975
0.507946,0.0,0.23567708
0.7841263,0.0,0.65874916
0.68596023,0.0,0.5884787
0.6897979,0.0,0.23382503
0.68268466,0.0,0.4578423
0.5587376,0.0,0.61549133
0.6660556,0.0,0.56233335
0.61132056,0.0,0.40052778
0.63043916,0.0,0.47150302
0.49655575,0.0,0.30066583
0.61250335,0.0,0.33555427
0.5769249,0.0,0.10301779
0.66789687,0.0,0.30356786
0.66960245,0.0,0.15556887
0.8054111,0.0,0.40382987
0.7267835,0.0,0.248979
0.59357816,0.0,0.0
0.5197354,0.0,0.37500185
0.4734818,0.0,0.5821192
0.8350291,0.0,0.02156088
0.6529559,0.0,0.3725288
0.8093534,1.0,0.6700771
0.65941906,1.0,0.26412308
0.6510579,0.0,0.0224741
0.70815694,0.0,0.42150518
0.6258013,0.0,0.40078324
0.7704533,0.0,0.0
0.64532393,0.0,0.0993501
0.4051799,0.0,0.68404216
0.6904288,0.0,0.15286653
0.55004233,0.0,0.40377778
0.76462287,0.0,0.26396298
0.26655263,0.0,0.0
0.6822478,0.0,0.1748053
0.456654,0.0,0.4629732
0.4137946,0.0,0.06739343
0.7449565,0.0,0.0
0.28026676,0.0,0.3300879
0.6888247,0.0,0.397836
0.843609,0.0,0.080901206
0.7448005,0.0,0.0077296426
0.5008467,0.0,0.5612377
0.30648184,1.0,0.481801
0.78642046,1.0,0.29387146
0.6370883,1.0,0.7199022
0.4449022,1.0,0.19781256
0.8367323,0.0,0.1096079
0.8030908,1.0,0.17780401
0.6894252,1.0,0.096449405
0.794516,0.0,0.0
0.72312206,0.0,0.14004196
0.80201995,0.0,0.0
0.7024318,0.0,0.10579865
0.7258486,0.0,0.23774412
0.56100196,0.0,0.20997542
0.77617115,0.0,0.0077141635
0.8338184,0.0,0.27499175
0.82000214,0.0,0.44205192
0.8084079,0.0,0.00441551
0.81615657,0.0,0.40221563
0.62990636,0.0,0.3647731
0.44658777,0.0,0.09174883
0.7236882,0.0,0.42792884
0.71074593,0.0,0.213762
0.46934432,0.0,0.68015486
0.76869804,0.0,0.36224747
0.7361856,0.0,0.42796034
0.658813,0.0,0.0865877
0.7592219,0.0,0.16146022
0.7539035,0.0,0.40507782
0.697247,0.0,0.22738956
0.5998365,0.0,0.0
0.48852038,0.0,0.49667856
0.7357927,0.0,0.47691426
0.5601457,0.0,0.039527267
0.5777874,0.0,0.12637304
0.7959968,0.0,0.2961602
0.77036554,0.0,0.20481223
0.84094346,0.0,0.061960656
0.4810478,0.0,0.008013614
0.634902,0.0,0.32242134
0.58464307,0.0,0.33522767
0.61982745,1.0,0.4254936
0.5058217,1.0,0.07909457
0.785153,1.0,0.70373577
0.79978323,0.0,0.31495318
0.75040454,1.0,0.33225858
0.5755972,1.0,0.056303825
0.83095676,1.0,0.43255892
0.5448766,1.0,0.13464548
0.70797575,1.0,0.36158437
0.7702467,1.0,0.5818695
0.71774864,1.0,0.50884515
0.70701545,0.0,0.072481975
0.49943498,1.0,0.1672929
0.8698299,0.0,0.27150244
0.58122295,0.0,0.5279639
0.49783245,0.0,0.027547605
0.7178129,0.0,0.3731139
0.63500845,0.0,0.55062735
0.71400744,0.0,0.3594536
0.63289446,0.0,0.075931154
0.695773,0.0,0.38998947
0.6265743,0.0,0.38010317
0.46201435,0.0,0.0933199
0.75509524,0.0,0.4973412
0.711475,0.0,0.34697247
0.48275197,0.0,0.35321885
0.69320023,0.0,0.074682765
0.83520854,0.0,0.011493536
0.85049593,0.0,0.38208842
0.7931798,0.0,0.57737815
0.6140426,0.0,0.012939101
0.72703564,0.0,0.051165625
0.6442774,0.0,0.34414604
0.4273821,1.0,0.4125791
0.6529742,0.0,0.0013445776
0.7401081,0.0,0.16679569
0.4758685,0.0,0.3034216
0.78363025,1.0,0.31178546
0.74909526,0.0,0.0032708577
0.8392866,1.0,0.30785102
0.5974687,1.0,0.5831508
0.63700706,1.0,0.3520483
0.6226694,1.0,0.02205759
0.7241734,0.0,0.07284744
0.7138352,0.0,0.3220855
0.4435825,1.0,0.34267202
0.7422181,0.0,0.0
0.6668545,1.0,0.18069977
0.40568623,1.0,0.6033206
0.40449405,0.0,0.108856775
0.76048094,0.0,0.73373026
0.60063577,0.0,0.39247867
0.8425107,0.0,0.027019538
0.79498035,0.0,0.44296378
0.6953323,0.0,0.3781378
0.57857287,0.0,0.12257793
0.7149794,0.0,0.11006981
0.6229501,0.0,0.368951
0.5817819,0.0,0.5375432
0.76451904,0.0,0.690258
0.73233926,0.0,1.0
0.5164288,0.0,0.7405213
0.53105694,0.0,0.29685947
0.5494049,0.0,0.43147236
0.4307675,0.0,0.4139587
0.81327164,0.0,0.61151075
0.6384241,0.0,0.21330808
0.5850669,0.0,0.25010803
0.5554693,0.0,0.12732172
0.43401575,0.0,0.58079493
0.64518225,0.0,0.5928386
0.6018144,0.0,0.10627803
0.5334729,0.0,0.24009342
0.66267246,0.0,0.6263242
0.71396804,0.0,0.14922595
0.61933756,0.0,0.0
0.8100045,0.0,0.294482
0.7120787,0.0,0.42288944
0.6609141,0.0,0.04146968
0.5582939,0.0,0.06647514
0.29556075,0.0,0.47532445
0.6153906,0.0,0.29384357
0.4823329,0.0,0.17232613
0.5496307,0.0,0.6825418
0.8483121,0.0,0.45744953
0.57262653,0.0,0.68647254
0.46777025,0.0,0.08666665
0.6605221,0.0,0.7849177
0.8524761,0.0,0.22175346
0.5400784,0.0,0.4678052
0.83167315,0.0,0.23175052
0.72120047,0.0,0.7037374
0.6516179,1.0,0.3523858
0.7536925,0.0,0.0761
0.3657467,0.0,0.24074209
0.76870805,1.0,0.47153464
0.6658252,1.0,0.21074098
0.8813262,1.0,0.0818073
0.5991528,1.0,0.5428311
0.84866923,1.0,0.0814731
0.72152746,1.0,0.7048293
0.76489943,1.0,0.48542443
0.51925826,0.0,0.5303386
0.72144175,0.0,0.16113302
0.7351352,0.0,0.01898541
0.46406972,0.0,0.41334128
0.80775714,0.0,0.7326552
0.67863166,0.0,0.35886788
0.48820534,0.0,0.57032603
0.54722315,0.0,0.66100734
0.32621676,0.0,0.22653465
0.69262576,0.0,0.11986688
0.8250643,0.0,0.02380006
0.777078,0.0,0.25446767
0.65981334,1.0,0.075063825
0.7366255,0.0,0.09337856
0.6861005,0.0,0.018505458
0.7047889,0.0,0.00014953256
0.33952135,0.0,0.38896248
0.7034468,0.0,0.18766433
0.5320606,0.0,0.5663449
0.16781783,0.0,0.8082019
0.67573994,0.0,0.3310718
0.43691486,0.0,0.8416503
0.7322395,1.0,0.5122751
0.5723453,1.0,0.14045389
0.3673937,1.0,0.19774629
0.77137774,1.0,0.37607193
0.73745126,0.0,0.25095448
0.817988,1.0,0.015620846
0.6055275,0.0,0.0
0.5584347,0.0,0.0
0.87675816,0.0,0.10064649
0.68939286,0.0,0.07756941
0.7443142,0.0,0.59540784
0.6726883,0.0,0.39850435
0.8346063,0.0,0.7149961
0.43927693,0.0,0.63731617
0.84299386,0.0,0.102807015
0.831407,0.0,0.06234869
0.7611407,0.0,0.026587129
0.7647214,0.0,0.1066318
0.63846177,0.0,0.0022319383
0.19513586,0.0,0.27865952
0.7020048,1.0,0.28833807
0.7408691,1.0,0.44839
0.79561114,1.0,0.122256234
0.8202277,1.0,0.510042
0.6539537,0.0,0.42779708
0.86786526,1.0,0.007903918
0.81802833,0.0,0.14990838
0.6060596,0.0,0.2927153
0.5693491,0.0,0.042112064
0.6965728,0.0,0.27387285
0.6988968,0.0,0.37981635
0.5610225,0.0,0.72537726
0.7427391,0.0,0.3960992
0.71011144,0.0,1.0
0.70896655,0.0,0.5353275
0.84991556,0.0,0.38324952
0.7283563,0.0,0.44901684
0.49488106,0.0,0.10551902
0.5939792,0.0,0.6452038
0.22113629,0.0,0.054535266
0.5531176,0.0,0.33768982
0.56627756,0.0,0.48117802
0.4152377,0.0,0.68261296
0.45239386,0.0,0.10435704
0.29132363,0.0,0.50092673
0.63861394,0.0,0.08586629
0.5665052,0.0,0.21716584
0.7848866,0.0,0.0
0.46173045,0.0,0.49438912
0.7109114,0.0,0.06222903
0.42673403,0.0,0.6576885
0.63837844,0.0,0.13248798
0.44535604,0.0,0.80548954
0.74348587,0.0,0.3786326
0.59814537,0.0,0.41795695
0.6197093,0.0,0.01690362
0.75157577,0.0,0.5994762
0.75376564,1.0,0.39593157
0.60122126,0.0,0.007913774
0.5481138,1.0,0.17136566
0.8678861,0.0,0.0
0.5110473,1.0,0.16650604
0.88022995,0.0,0.12192892
0.6727732,0.0,0.42825627
0.62979776,1.0,0.8978357
0.82429284,1.0,0.454001
0.3594718,1.0,0.29796952
0.5222692,0.0,0.0010141023
0.49306723,0.0,0.0
0.74595505,1.0,0.23533353
0.67007023,0.0,0.03346708
0.7669212,1.0,0.3570579
0.33006784,0.0,0.685494
0.41466826,0.0,0.73232806
0.7818127,1.0,0.41766113
0.67989105,0.0,0.26294753
0.6799511,1.0,0.57511264
0.60660535,0.0,0.07650758
0.72887385,1.0,0.27255532
0.5937204,1.0,0.66504216
0.61673224,0.0,0.45981467
0.76166594,0.0,0.13603827
0.6733849,0.0,0.41062877
0.5014799,0.0,0.57411647
0.76418775,0.0,0.42220953
0.54048663,0.0,0.058965124
0.42246976,0.0,0.5837476
0.5284361,0.0,0.060596604
0.7340252,0.0,0.27484265
0.6759785,0.0,0.5375962
0.47885025,0.0,0.5497188
0.57025665,0.0,0.252522
0.21834162,0.0,0.0
0.70204353,0.0,0.07523088
0.6891021,0.0,0.0
0.47908753,0.0,0.15123133
0.5324575,0.0,0.00064135937
0.3958668,0.0,0.34672672
0.33735606,0.0,0.30397362
0.42835537,0.0,0.019728312
0.6089807,0.0,0.31837684
0.78842354,0.0,0.5885045
0.70400345,0.0,0.49137974
0.8151745,0.0,0.051772203
0.63893604,0.0,0.34960687
0.49571377,0.0,0.15333788
0.73215187,0.0,0.25880858
0.8236834,0.0,0.0
0.7117232,0.0,0.16089194
0.47573712,0.0,0.0
0.55516016,1.0,0.3069134
0.6368364,0.0,0.067330085
0.71760124,1.0,0.6109186
0.33098876,0.0,0.37437087
0.37512538,1.0,0.11538508
0.7580087,0.0,0.80395746
0.84445167,1.0,0.6088014
0.6299473,1.0,0.26068473
0.60774946,0.0,0.09736703
0.7406224,0.0,0.3504192
0.6481297,0.0,0.032894693
0.7907677,0.0,0.3062043
0.75172776,0.0,0.0
0.51954305,0.0,0.36771226
0.716096,0.0,0.20619415
0.22071251,0.0,0.29191816
0.66268945,0.0,0.7612267
0.63009053,0.0,0.98852354
0.7525373,0.0,0.4600668
0.7922077,0.0,0.3133389
0.65829396,0.0,0.417662
0.51327336,0.0,0.024883138
0.71766305,0.0,0.3331595
0.6544127,0.0,0.35458463
0.4482847,0.0,0.09663953
0.65036356,0.0,0.0
0.5780119,0.0,0.3439729
0.6063648,0.0,0.40394467
0.7006742,0.0,0.0
0.5919433,0.0,0.12360801
0.583557,0.0,0.5509112
0.60223585,0.0,0.5558273
0.7556522,0.0,0.029784348
0.4903249,0.0,0.5863978
0.4089413,0.0,0.08677908
0.7375676,0.0,0.4167594
0.6011996,0.0,0.0009433978
0.26176667,0.0,0.0
0.45038384,0.0,0.0
0.5850207,0.0,0.018812349
0.7322899,0.0,0.0
0.48438755,0.0,0.06649278
0.76950794,0.0,0.16322103
0.58374935,0.0,0.11700425
0.42572957,0.0,0.62633973
0.78044784,0.0,0.4691279
0.23651662,0.0,0.19748224
0.78265154,0.0,0.46150708
0.7706384,0.0,0.40803525
0.7546787,0.0,0.16484639
0.634319,0.0,0.07408277
0.48990592,0.0,0.40036118
0.72198313,0.0,0.18844841
0.5388622,0.0,0.26334232
0.5090251,0.0,0.13291377
0.4813918,0.0,0.6378437
0.8103262,0.0,0.24721283
0.47293195,0.0,0.4623618
0.802951,0.0,0.0014202622
0.49917525,0.0,0.02743532
0.5452073,0.0,0.009987754
0.42680803,0.0,0.0009966722
0.7687308,1.0,0.07745558
0.55889684,0.0,0.00011384324
0.6225246,0.0,0.0005915062
0.7779299,0.0,0.0
0.42512727,0.0,0.0
0.46354115,0.0,0.0060458523
0.28714073,0.0,0.0
0.4460216,0.0,0.0
0.52678114,0.0,0.0
0.65962476,0.0,0.027199943
0.60493153,0.0,0.00017367833
0.5229096,0.0,0.0053764093
0.6111545,0.0,0.21670564
0.5578749,0.0,0.24883121
0.6639456,0.0,0.24129036
0.65851295,0.0,0.31530026
0.57884645,0.0,0.57325345
0.3004377,0.0,0.6270637
0.8185049,0.0,0.502269
0.7919063,0.0,0.038374342
0.47681367,0.0,0.4567881
0.5464071,0.0,0.162226
0.43552044,0.0,0.59056383
0.60943836,0.0,0.34538817
0.7842249,0.0,0.41042683
0.7716853,0.0,0.112718835
0.7042337,0.0,0.55339533
0.8046019,0.0,0.043534286
0.6331058,1.0,0.55243987
0.6015478,1.0,0.53491277
0.42378795,1.0,0.6549659
0.62023515,1.0,0.36112392
0.6624733,1.0,0.20577131
0.7252447,1.0,0.30615684
0.55854243,1.0,0.56464106
0.7633408,1.0,0.47823873
0.78110015,1.0,0.0459825
0.63477397,1.0,0.24910313
0.7621606,1.0,0.21523117
0.8055156,0.0,0.0
0.58467907,1.0,0.43328488
0.7039795,1.0,0.6557332
0.6212951,1.0,0.22789411
0.42361042,0.0,0.2856792
0.54059577,1.0,0.7875656
0.7756418,0.0,0.39921388
0.5972404,0.0,0.013433883
0.7752798,0.0,0.010172701
0.7429563,0.0,0.18891257
0.66659164,0.0,0.0
0.2487924,0.0,0.10827307
0.79729235,0.0,0.3795607
0.67347825,0.0,0.0
0.65416396,0.0,0.0
0.5767167,0.0,0.24980405
0.47398642,0.0,0.0279737
0.5325514,0.0,0.0
0.39084005,0.0,0.0
0.6467154,0.0,0.07697757
0.8359523,1.0,0.321015
0.8301525,1.0,0.106017984
0.7678726,0.0,0.0
0.78150105,1.0,0.07472225
0.6831449,0.0,0.012730518
0.75580204,0.0,0.0
0.6251819,0.0,0.0
0.7808359,0.0,0.10096266
0.7287134,0.0,0.15398085
0.6308252,0.0,0.0
0.70688695,0.0,0.0
0.58153456,0.0,0.47288728
0.7309162,0.0,0.18911964
0.6507362,0.0,0.12175759
0.18522015,0.0,0.48862684
0.21829948,0.0,0.06288131
0.3806602,0.0,0.07603056
0.53288746,0.0,0.6163971
0.11717575,0.0,0.18588135
0.31589743,0.0,0.0065038134
0.58674794,0.0,0.14377326
0.42936504,0.0,0.3968081
0.43018824,0.0,0.09762643
0.63496137,0.0,0.005803513
0.4306038,0.0,0.32766765
0.45827487,0.0,0.6669681
0.5803573,0.0,0.046732545
0.23617688,0.0,0.41955024
0.61754763,0.0,0.035651688
0.38577464,0.0,0.5736476
0.6567711,0.0,0.44142023
0.62621963,0.0,0.004225565
0.49902248,0.0,0.28127638
0.73789686,0.0,0.02202405
0.6749373,0.0,0.2726607
0.75580657,0.0,0.12649538
0.7560046,0.0,0.34586242
0.75470763,0.0,0.012565928
0.711866,1.0,0.24812394
0.7936647,1.0,0.4560473
0.791164,0.0,0.008477724
0.7394787,1.0,0.11337082
0.78099465,1.0,0.27972445
0.8056814,0.0,0.07372068
0.43463957,0.0,0.30301684
0.5460643,0.0,0.5685911
0.39057538,0.0,0.75132704
0.7387328,0.0,0.1546574
0.6293656,0.0,0.16692267
0.75897676,0.0,0.33317667
0.8292231,0.0,0.0030808502
0.816711,0.0,0.0047957227
0.7089846,0.0,0.0026793755
0.6003916,0.0,0.03564905
0.54780656,0.0,0.0
0.54263365,0.0,0.24144398
0.71519995,0.0,0.105200805
0.5083858,0.0,0.0013597116
0.470453,0.0,0.0
0.56725925,0.0,0.2769362
0.7533879,0.0,0.0044722143
0.59733343,0.0,0.011298133
0.58573765,0.0,0.23992863
0.48619747,0.0,0.18574412
0.7648439,0.0,0.0022779151
0.6342231,0.0,0.07579632
0.5866646,0.0,0.28019786
0.59219533,0.0,0.30087304
0.6475826,0.0,0.6944005
0.62023264,0.0,0.44056848
0.73001194,0.0,0.02335012
0.527525,0.0,0.31579763
0.5774337,0.0,0.42244655
0.5347629,0.0,0.7162987
0.83636856,0.0,0.041410092
0.6311958,0.0,0.11797847
0.5013261,0.0,0.6126012
0.6103161,0.0,0.23423555
0.5791605,0.0,3.7932765e-05
0.5673354,0.0,0.30507034
0.6652737,0.0,0.3756085
0.55211884,0.0,0.04899806
0.6569325,0.0,0.0027182852
0.595344,0.0,0.2565204
0.6135935,0.0,0.23909566
0.82119656,0.0,0.0049371757
0.6971209,1.0,0.48875406
0.7073873,1.0,0.4551816
0.6853182,0.0,0.07614828
0.45780465,0.0,0.0010927214
0.50596803,1.0,0.42576522
0.6194132,0.0,0.55627763
0.5798043,0.0,0.16761322
0.5936414,0.0,0.3725219
0.6273044,0.0,0.5521467
0.49894503,0.0,0.65850097
0.48368043,0.0,0.14564146
0.33985433,0.0,0.4230146
0.65244454,0.0,0.8356506
0.2334123,0.0,0.28152493
0.8246427,0.0,0.12875868
0.7984066,0.0,0.18297601
0.51287454,0.0,0.06061959
0.6042128,0.0,0.0
0.6710909,0.0,0.0015454063
0.70771813,0.0,0.0019277731
0.8603178,1.0,0.056466695
0.6621617,1.0,0.036599763
0.8069107,1.0,0.37569487
0.59828395,1.0,0.18873289
0.6441729,1.0,0.43608856
0.76091164,0.0,0.3676562
0.29199255,0.0,0.08550111
0.6625954,0.0,0.002458711
0.70284194,1.0,0.12448542
0.6773809,0.0,0.008731655
0.5426863,0.0,0.088169105
0.6583855,0.0,0.0
0.3779629,0.0,0.044877704
0.53882205,0.0,0.007790899
0.69758236,0.0,0.060353253
0.3336262,0.0,0.0
0.7974591,0.0,0.18162753
0.47633782,0.0,0.6914421
0.5704265,0.0,0.56147
0.73039895,0.0,0.5271449
0.589551,0.0,0.12688673
0.5908191,0.0,0.19736464
0.6940531,0.0,0.030462608
0.23823883,0.0,0.00076989376
0.6233723,0.0,0.04976491
0.50608575,0.0,0.0
0.36730823,0.0,0.018741315
0.64895296,0.0,0.0011533113
0.552301,0.0,0.0039549
0.3255479,0.0,0.06521563
0.4224282,0.0,0.29349738
0.6194613,0.0,0.024954563
0.6021662,0.0,0.78435427
0.7546729,0.0,0.1697914
0.7239368,0.0,0.34255597
0.6611198,1.0,0.4879494
0.5702627,0.0,0.40752885
0.6195545,0.0,0.41065666
0.6168757,0.0,0.071536265
0.67112815,1.0,0.28710654
0.6943628,0.0,0.506288
0.32262295,0.0,0.090103194
0.46054313,0.0,0.11755169
0.55954707,0.0,0.43304324
0.23716995,0.0,0.20659429
0.5131733,0.0,0.0
0.446343,0.0,0.16145703
0.53268117,0.0,0.28309268
0.5407059,0.0,0.0
0.7233771,0.0,0.004877698
0.6355194,0.0,0.19073322
0.5217876,0.0,0.4559768
0.82050776,0.0,0.22049896
0.76279867,0.0,0.055142798
0.6013965,0.0,0.70282143
0.5796835,0.0,0.34618214
0.73960465,0.0,0.7981514
0.76895744,0.0,0.34495905
0.6105749,0.0,0.18574262
0.81779104,0.0,0.16818118
0.58618325,0.0,0.0
0.62787753,0.0,0.011795723
0.671095,0.0,0.0
0.70062834,0.0,0.013809844
0.7249185,0.0,0.031132413
0.7884753,0.0,0.0
0.55409336,0.0,0.056409337
0.6465318,0.0,0.07989713
0.6414745,0.0,0.123459905
0.65039533,0.0,0.044646043
0.7500292,0.0,0.0
0.80159354,0.0,0.2092679
0.69538194,0.0,0.0011381994
0.61302567,0.0,0.011154644
0.64721787,0.0,0.0030406278
0.6406051,0.0,0.00010246551
0.82443446,0.0,0.13540235
0.6862425,0.0,0.41721806
0.774519,0.0,0.43829894
0.6791107,0.0,0.07515553
0.688364,0.0,0.3488017
0.43411958,0.0,0.2863064
0.59647506,0.0,0.329253
0.27855775,0.0,0.079758376
0.5029163,0.0,0.25853315
0.6790986,0.0,0.025675137
0.62925744,0.0,0.40376946
0.64920926,0.0,0.33115354
0.68321455,0.0,0.49275953
0.8761769,0.0,0.05221982
0.54318154,0.0,0.4619087
0.72764194,0.0,0.17116134
0.53189653,0.0,0.2656582
0.63412005,0.0,0.48309955
0.6290253,0.0,0.4480007
0.554907,0.0,0.42300135
0.67148197,0.0,0.71989614
0.3924973,0.0,0.120840766
0.82505566,0.0,0.19419606
0.634741,0.0,0.045638923
0.68051416,0.0,0.022605445
0.7346241,0.0,0.00032761492
0.6590268,0.0,0.25698408
0.49575338,0.0,0.025461918
0.72132194,0.0,0.32778537
0.8106228,0.0,0.24749653
0.4984267,0.0,0.0018017062
0.61655724,0.0,0.2196429
0.71321714,0.0,0.41451007
0.80836177,0.0,0.083112404
0.7845265,0.0,0.003369541
0.8257917,0.0,0.18942602
0.8442199,0.0,0.2271034
0.84774053,0.0,0.0
0.4630774,0.0,0.06376399
0.7595602,0.0,0.5223627
0.79207766,0.0,0.30502355
0.77975273,0.0,0.014724758
0.67809814,0.0,0.06968911
0.6322128,0.0,0.5499165
0.52136284,0.0,0.5191931
0.7559924,0.0,0.25760898
0.4200118,0.0,0.70803505
0.6942776,0.0,0.061715618
0.723204,0.0,0.37128896
0.46164104,0.0,0.08052694
0.5941241,0.0,0.29328182
0.63698834,0.0,0.2304773
0.5335627,0.0,0.018696262
0.6549147,0.0,0.049374327
0.3976849,0.0,0.0
0.6414807,0.0,0.005376591
0.39024514,0.0,0.0
0.50916636,0.0,0.0003015746
0.7380992,0.0,0.001431557
0.71738595,0.0,0.0
0.6661703,0.0,0.011247116
0.64342463,0.0,0.021525707
0.816235,0.0,0.0058232956
0.6566916,0.0,0.0
0.6900459,0.0,0.0
0.4853824,0.0,0.0024242834
0.62912995,0.0,0.0016419481
0.7847533,0.0,0.0
0.82127154,0.0,0.041880343
0.50236326,0.0,0.46787554
0.5743195,0.0,0.74005127
0.70841736,0.0,0.5004198
0.32338536,0.0,0.03615968
0.6286763,0.0,0.42400604
0.48184165,0.0,0.19848412
0.5567909,0.0,0.16672854
0.5347837,0.0,0.23608701
0.66144794,0.0,0.2439232
0.6872421,0.0,0.0
0.54347795,0.0,0.00038366584
0.65536684,0.0,0.0
0.7394206,0.0,0.037720084
0.63303214,0.0,0.039265845
0.8426148,0.0,0.006213536
0.5029774,0.0,0.034202483
0.77504456,0.0,0.0751055
0.6458889,0.0,0.0050243563
0.6400717,0.0,0.07749211
0.64943254,0.0,0.53248984
0.68630266,0.0,0.08045911
0.80321515,0.0,0.02795013
0.5464236,0.0,0.28688776
0.69287443,0.0,0.3413125
0.65379477,0.0,0.060613032
0.49426895,0.0,0.3806669
0.41243425,0.0,0.66364133
0.77987176,0.0,0.47715878
0.13662875,0.0,0.56984
0.5779563,0.0,0.10979277
0.38682374,0.0,0.3249099
0.48566157,0.0,0.4398112
0.57096773,0.0,0.24205256
0.6339427,0.0,0.008226388
0.38899407,0.0,0.0944918
0.5038564,0.0,0.26591784
0.55366236,0.0,0.19625501
0.59595305,0.0,0.026180157
0.29004762,0.0,0.03221179
0.60390866,0.0,0.003377744
0.5656776,0.0,0.11055809
0.3765802,0.0,0.040383168
0.5738902,0.0,0.008922337
0.56584144,0.0,0.010275487
0.7301549,0.0,0.0035039845
0.8466246,0.0,0.0
0.36413276,0.0,0.00016374433
0.24947296,0.0,0.0
0.67414016,0.0,0.0
0.8570809,0.0,0.008024763
0.71149117,0.0,0.0013419886
0.7194028,0.0,0.20200676
0.8603822,0.0,0.12011973
0.73723644,0.0,0.00080684025
0.8069688,0.0,0.01234863
0.80525696,0.0,0.32993537
0.68746245,0.0,0.44134894
0.7409838,0.0,0.25765648
0.65023917,0.0,0.7794976
0.22902623,0.0,0.3654419
0.78160816,0.0,0.021303462
0.7017683,0.0,0.12307253
0.7773244,0.0,0.35757795
0.57942545,0.0,0.26827508
0.79449356,0.0,0.0
0.5982144,0.0,0.4440483
0.66172457,0.0,0.6832427
0.46416897,0.0,0.20460233
0.7075518,0.0,0.3001925
0.7523408,0.0,0.003743442
0.65333724,0.0,0.04069258
0.8695345,0.0,0.014897584
0.5491083,0.0,0.0
0.5372029,0.0,0.018675508
0.572866,0.0,0.00091602164
0.67779315,0.0,0.0
0.5734427,0.0,0.0004433334
0.7620637,0.0,0.00056493626
0.58501065,0.0,0.0012817162
0.3436961,0.0,0.0032649983
0.8401631,0.0,0.069212325
0.87528545,0.0,0.20351079
0.62470245,0.0,0.039522078
0.7958457,0.0,0.0014744158
0.37948826,0.0,0.5425417
0.18215086,0.0,0.2053343
0.6281145,0.0,0.5294396
0.7692977,0.0,0.1710527
0.77089924,0.0,0.17578447
0.68205494,0.0,0.018589566
0.67641497,0.0,0.014243514
0.8325035,0.0,0.0009480129
0.667813,0.0,0.18685937
0.7985576,0.0,0.0008946027
0.7355326,0.0,0.0
0.5915963,0.0,0.0055233804
0.60197014,0.0,0.005248535
0.644851,0.0,0.00023318174
0.5710354,0.0,0.0056192577
0.5106944,0.0,0.0022668021
0.52342135,0.0,0.006499917
0.8029229,0.0,0.0039931354
0.64504135,0.0,0.060738355
0.47611168,0.0,0.0045623058
0.53384906,0.0,0.40330198
0.8651793,0.0,0.47021174
0.6490044,0.0,0.2866435
0.6364245,0.0,0.37020454
0.85682034,0.0,0.06703313
0.84399354,0.0,0.108527355
0.7535834,0.0,0.49942672
0.6571841,0.0,0.34584418
0.5868317,0.0,0.01677621
0.7876291,0.0,0.06841023
0.48409358,0.0,0.5887299
0.67704886,0.0,0.29115677
0.7667051,0.0,0.01195864
0.4634953,0.0,0.29543382
0.48024663,0.0,0.029097956
0.70343775,0.0,0.0779147
0.5558882,0.0,0.39984515
0.51733714,0.0,0.37774315
0.71637946,0.0,0.00048702257
0.649558,0.0,0.06745795
0.58557624,0.0,0.08742639
0.6502806,0.0,0.40731898
0.6626735,0.0,0.13931978
0.4982158,0.0,0.24456485
0.62905294,0.0,0.3513153
0.69851667,0.0,0.014306947
0.6430746,0.0,0.050213408
0.68445385,0.0,0.24196798
0.65091366,0.0,0.44074464
0.6961529,0.0,0.06665652
0.38268772,0.0,0.13796991
0.7261938,0.0,0.35647127
0.7579794,0.0,0.025752872
0.5384446,0.0,0.35782272
0.59263813,0.0,0.31695458
0.41552526,0.0,0.3841575
0.47021478,0.0,0.62639034
0.77155894,0.0,0.32613954
0.3074456,0.0,0.7421505
0.3521493,0.0,0.70045626
0.7536968,0.0,0.115308054
0.45518154,0.0,0.33456117
0.53770167,0.0,0.0096669085
0.57008415,0.0,0.15059789
0.59462357,0.0,0.003638375
0.6538108,0.0,0.0
0.41057593,0.0,0.0
0.572687,0.0,0.007648044
0.52502424,0.0,0.013446406
0.48280147,0.0,0.0
0.8052435,0.0,0.08608792
0.719737,0.0,0.067703
0.57176745,0.0,0.011045291
0.6675473,0.0,0.00477471
0.66767544,0.0,0.0
0.43663114,0.0,0.016665604
0.6697702,0.0,0.013476021
0.5432452,0.0,0.055054583
0.69145364,0.0,0.07435528
0.45327273,0.0,0.13291508
0.8612868,0.0,0.07599534
0.80836785,0.0,0.04905954
0.71860945,0.0,0.5447295
0.532462,0.0,0.51577854
0.35116962,0.0,0.35186672
0.7268389,0.0,0.3578635
0.6048771,0.0,0.08301217
0.8311673,0.0,0.0
0.6914991,0.0,0.009716045
0.6957024,0.0,0.04352726
0.57256067,0.0,0.0028938372
0.47959754,0.0,0.25422034
0.76771986,0.0,0.17242192
0.5504084,0.0,0.040030375
0.7538427,0.0,0.02441135
0.7856837,0.0,0.05236226
0.4168346,0.0,0.008627306
0.61582977,0.0,0.0
0.61470556,0.0,0.021448273
0.79108566,0.0,0.0009516249
0.7689764,0.0,0.06013597
0.23460723,0.0,0.08403689
0.7889653,0.0,0.66961527
0.7872238,0.0,0.5732601
0.7911306,0.0,0.23800272
0.7149312,0.0,0.21066417
0.75026065,0.0,0.416845
0.6563323,0.0,0.04674286
0.70255536,0.0,0.6308687
0.52451086,0.0,0.29000032
0.30014244,0.0,0.25049505
0.7088667,0.0,0.0076131513
0.49306455,0.0,0.0
0.6120213,0.0,0.025062567
0.6550144,0.0,0.0012150347
0.41931793,0.0,0.0022699216
0.67352664,0.0,0.008400709
0.8543948,0.0,0.049302753
0.33661762,0.0,0.0
0.5917247,0.0,0.34304792
0.7375188,0.0,0.42557532
0.45173958,0.0,0.012470886
0.6235769,0.0,0.23768236
0.69592583,0.0,0.25806797
0.7393279,0.0,0.033121523
0.84982866,0.0,0.078611195
0.62310725,0.0,0.0012649408
0.689472,0.0,0.005841117
0.6715105,0.0,0.0
0.47238213,0.0,0.0064228554
0.55296516,0.0,0.0
0.51624596,0.0,0.039282527
0.6020625,0.0,0.0057547404
0.19307081,0.0,0.07306887
0.7503918,0.0,0.010349051
0.43101415,0.0,0.16882434
0.73092026,0.0,0.12033805
0.45872045,0.0,0.0037969875
0.5717834,0.0,0.080492616
0.60566056,0.0,0.18788166
0.7772754,0.0,0.21881649
0.73712724,0.0,0.0016278399
0.6965282,0.0,0.20744443
0.7038519,0.0,0.2788196
0.5324253,0.0,0.54354393
0.66063803,0.0,0.4128391
0.4695339,0.0,0.591132
0.6608242,0.0,0.3849696
0.63995135,0.0,0.01405368
0.6443734,0.0,0.7176794
0.8300472,0.0,0.42157584
0.74202913,0.0,0.34310588
0.6240065,0.0,0.5683014
0.7881916,0.0,0.21580663
0.60094386,0.0,0.011635104
0.6465711,0.0,0.11695885
0.6808994,0.0,0.45709938
0.66015226,0.0,0.18276124
0.6848309,0.0,0.0
0.5666354,0.0,0.40893567
0.6126122,0.0,0.45210359
0.72922647,0.0,0.099209
0.70352554,1.0,0.71952426
0.6107513,1.0,0.41660088
0.78811985,0.0,0.068480305
0.55966973,0.0,0.3232699
0.38723996,0.0,0.55149776
0.67813736,0.0,0.013674185
0.5829728,0.0,0.1392339
0.60328805,0.0,0.013774184
0.617995,0.0,0.0073008514
0.63556457,0.0,0.0067507764
0.65826374,0.0,0.0
0.6993052,0.0,0.26181528
0.70578384,0.0,0.024644844
0.54332584,0.0,0.0018876302
0.6702254,0.0,0.054361783
0.45178497,0.0,0.0
0.73254645,0.0,0.04740986
0.76507723,0.0,0.22247201
0.6210077,0.0,0.24672876
0.7942577,0.0,0.124348156
0.6099089,0.0,0.07573021
0.6497646,0.0,0.14323056
0.6232326,0.0,0.10740174
0.68042296,0.0,0.0
0.60055864,0.0,0.15577118
0.5339366,0.0,0.32785308
0.5338533,0.0,0.2313474
0.48413533,0.0,0.30418634
0.5982993,0.0,0.2202437
0.21458717,0.0,0.40950876
0.48883203,0.0,0.53343385
0.5829392,0.0,0.52299017
0.6135821,0.0,0.91673416
0.28780803,0.0,0.5032958
0.83115023,0.0,0.15667512
0.6359856,0.0,0.3688616
0.48381048,0.0,0.3533714
0.4128204,0.0,0.10558689
0.71691275,0.0,0.086383075
0.7769294,0.0,0.15733816
0.46234244,0.0,0.01174043
0.7641948,0.0,0.086522885
0.82318467,0.0,0.021478543
0.76436156,0.0,0.0043815067
0.67106515,0.0,0.0139470855
0.796647,0.0,0.03851767
0.3597662,0.0,0.0037360005
0.4676811,0.0,0.020223381
0.75039107,0.0,0.0
0.84469604,0.0,0.010220336
0.6765232,0.0,0.058946528
0.6033763,0.0,0.010507263
0.76612407,0.0,0.10171311
0.76270795,0.0,0.054981504
0.584733,0.0,0.017283902
0.7533902,0.0,0.081941575
0.800524,0.0,0.37325844
0.66974413,0.0,0.060073722
0.69884104,0.0,4.9862316e-05
0.7793242,0.0,0.20207629
0.7240454,0.0,0.38087308
0.7469234,0.0,0.13410117
0.6791538,0.0,0.17153044
0.15244164,0.0,0.6153981
0.6306541,0.0,0.33812207
0.535013,1.0,0.4311824
0.6113208,0.0,0.07767634
0.2813561,1.0,0.6443846
0.42744622,0.0,0.2670536
0.5817537,0.0,0.0060328445
0.6207825,0.0,0.24656823
0.7076122,0.0,0.0077619995
0.7498775,0.0,0.00055011606
0.40769625,0.0,0.07612054
0.4550506,0.0,0.56477314
0.5694303,0.0,0.23212916
0.5215653,0.0,0.0
0.42639697,0.0,0.25965777
0.6755725,0.0,0.07728256
0.49763504,0.0,0.2541633
0.86313397,0.0,0.11320999
0.7314275,0.0,0.010160126
0.67693627,0.0,0.0060450723
0.56448215,0.0,0.2810887
0.87012815,0.0,0.039353322
0.72250533,0.0,0.0005905863
0.7681873,0.0,0.0
0.6493074,0.0,0.09371476
0.6962529,0.0,0.012558523
0.55505925,0.0,0.121556796
0.30859542,1.0,0.25981036
0.73627263,0.0,0.0918306
0.6734988,1.0,0.3332154
0.6618693,0.0,0.011420471
0.8133615,0.0,0.1358365
0.709846,0.0,0.06625792
0.72491753,0.0,0.060629487
0.64775217,0.0,0.48823565
0.74174815,0.0,0.34333858
0.61594534,0.0,0.3885218
0.76842743,0.0,0.2990303
0.53838676,0.0,0.023444643
0.63902324,0.0,0.10686476
0.41321695,0.0,0.019648414
0.5708376,0.0,0.06690529
0.56716377,0.0,0.007690022
0.67859685,0.0,0.013797614
0.6401136,0.0,0.0
0.8022574,0.0,0.0048175743
0.6714079,0.0,0.010605234
0.6332515,0.0,0.0
0.4636128,0.0,0.0
0.71401453,0.0,0.14202823
0.5963367,0.0,0.31279784
0.6891806,0.0,0.33131084
0.24786517,0.0,0.51423407
0.7129021,0.0,0.09483902
0.75952756,0.0,0.016071076
0.49951005,0.0,0.67806864
0.7757809,0.0,0.22915182
0.6818146,0.0,0.034409504
0.71187884,0.0,0.42778328
0.7736362,0.0,0.3432283
0.7836778,0.0,0.026888877
0.695202,0.0,0.31568596
0.6162569,0.0,0.6816207
0.7295257,0.0,0.2781291
0.68541116,0.0,0.5134333
0.67571187,0.0,0.49894154
0.6578363,0.0,0.43905622
0.80308175,0.0,0.35665125
0.67621404,0.0,0.3834436
0.8249142,0.0,0.29086643
0.8746476,0.0,0.020111915
0.49510723,0.0,0.5809776
0.7358275,1.0,0.31662652
0.28044346,1.0,0.44438457
0.6793579,1.0,0.6212292
0.6471369,1.0,0.6125664
0.82227284,1.0,0.43495017
0.8071029,1.0,0.6265778
0.76453346,1.0,0.34022957
0.7699232,1.0,0.16367099
0.69346035,1.0,0.4014817
0.79110676,1.0,0.6282815
0.63574624,0.0,0.1924936
0.7710373,0.0,0.035351127
0.6865201,0.0,0.46451256
0.4886503,0.0,0.15273131
0.7566859,0.0,0.007819972
0.8049402,0.0,0.31884697
0.69750106,0.0,0.5254605
0.60672927,0.0,0.021490995
0.67572355,0.0,0.018777976
0.5925765,0.0,0.60989827
0.59779966,0.0,0.5707214
0.65568644,0.0,0.013666765
0.68286526,0.0,0.30028743
0.4785286,0.0,0.5781477
0.7051878,0.0,0.6465354
0.7844225,0.0,0.32837212
0.74474025,0.0,0.7468575
0.7788004,0.0,0.6598165
0.71866643,0.0,0.16028383
0.6437753,0.0,0.3210754
0.67192566,0.0,0.00022235334
0.65351945,0.0,0.19211408
0.58102435,0.0,0.0017892272
0.5148521,0.0,0.35578656
0.20818256,0.0,0.37368354
0.63871545,0.0,0.0
0.59838563,0.0,0.09225969
0.6139912,0.0,0.06018789
0.5236372,0.0,0.1632073
0.80722964,0.0,0.27488643
0.32344833,0.0,0.49755153
0.45197868,0.0,0.5700326
0.33948594,0.0,0.7077677
0.74399924,0.0,0.3404362
0.6644487,0.0,0.86775494
0.7237328,0.0,0.61555463
0.73070294,0.0,0.37942922
0.7451714,0.0,0.47627258
0.5114629,0.0,0.46049467
0.5477323,0.0,0.045659576
0.57229453,0.0,6.881211e-05
0.69389963,0.0,0.19750686
0.1277654,0.0,0.4594297
0.68408376,0.0,0.0060296245
0.5157997,0.0,0.34519902
0.5885107,0.0,0.021048574
0.65548,0.0,0.28319415
0.5119827,0.0,0.00045970306
0.47486946,0.0,0.36186442
0.58934355,0.0,0.60754293
0.23133376,0.0,0.22561893
0.8104873,0.0,0.17203802
0.75640035,0.0,0.00078136654
0.7743279,0.0,0.0
0.3488871,0.0,0.0
0.7220079,0.0,0.0
0.7008388,0.0,0.010244152
0.48253602,0.0,0.098727114
0.25415114,1.0,0.4289578
0.5638674,1.0,0.7294594
0.37554786,0.0,0.41555735
0.7804529,0.0,0.013948122
0.63480675,0.0,0.093311384
0.78435874,0.0,0.06915912
0.64859563,0.0,0.23369661
0.69725347,0.0,0.08934549
0.6547902,0.0,0.00029485216
0.4942008,0.0,0.0
0.47255674,0.0,0.23215407
0.6011963,0.0,0.0154348165
0.6757897,0.0,0.0
0.57796913,0.0,0.0
0.15474853,0.0,0.12888849
0.6224606,0.0,0.46694344
0.74231213,0.0,0.1957744
0.57982475,0.0,0.63826907
0.6146407,0.0,0.19340123
0.77181935,0.0,0.29931113
0.7320296,0.0,0.3196015
0.6119777,0.0,0.26887423
0.8116321,0.0,0.24321315
0.81164706,0.0,0.0689565
0.6059808,0.0,0.18486942
0.73163706,0.0,0.023595357
0.75182766,0.0,0.45669627
0.5489263,0.0,0.40371737
0.7714795,0.0,0.43652692
0.7376699,0.0,0.6435932
0.6897344,0.0,0.32266584
0.79643565,0.0,0.4959078
0.5431212,0.0,0.21530291
0.6905507,0.0,0.62348646
0.7018306,0.0,0.36166772
0.778168,0.0,0.02373506
0.59034073,0.0,0.2677897
0.37304115,0.0,0.39852887
0.55934846,0.0,0.19725743
0.5284798,0.0,0.0020810696
0.21287726,0.0,0.021122908
0.5141513,0.0,0.08952482
0.24156277,0.0,0.016372463
0.48192918,0.0,0.3334406
0.34835225,0.0,0.38012034
0.68393916,1.0,0.33364606
0.41586083,0.0,0.049938142
0.7378701,0.0,0.095794156
0.34510517,0.0,0.54095435
0.5300415,0.0,0.52034575
0.40116948,0.0,0.19581601
0.57955265,0.0,0.54026365
0.45198762,0.0,0.12167484
0.52954453,1.0,0.6596174
0.6872324,1.0,0.38495988
0.53736603,0.0,0.00021461386
0.41071558,0.0,0.15922678
0.50806236,0.0,0.32135805
0.4893975,0.0,0.06885279
0.6281104,0.0,0.0
0.45196044,0.0,0.07318666
0.6614029,0.0,0.5537779
0.2723377,0.0,0.21463421
0.5432847,0.0,0.00024199404
0.5946134,0.0,0.33499604
0.65686166,0.0,0.6049328
0.8226051,0.0,0.24409789
0.48476556,0.0,0.16464278
0.45245716,0.0,0.5170529
0.7262834,0.0,0.7263181
0.6446743,0.0,0.48267052
0.7480738,0.0,0.44636056
0.4515419,0.0,0.16668041
0.7984692,0.0,0.36892143
0.7381101,0.0,0.42364952
0.6435926,0.0,0.097317725
0.59838206,0.0,0.0
0.7095956,0.0,0.38084617
0.7070033,0.0,0.5522761
0.5524312,0.0,0.03986427
0.6739958,0.0,0.0006590103
0.6851932,0.0,0.31916276
0.6431511,0.0,0.15173109
0.718828,0.0,0.009320033
0.19416462,0.0,0.5122715
0.71083295,0.0,0.0039121886
0.5822821,0.0,0.36234042
0.5744384,0.0,0.09132456
0.73389775,0.0,0.51056856
0.82608336,0.0,0.4161799
0.7697244,0.0,0.11162926
0.56424284,0.0,0.25703716
0.7289191,1.0,0.45147356
0.42987916,1.0,0.3626475
0.6903889,1.0,0.4192591
0.75083834,0.0,0.0061901542
0.7651995,1.0,0.67721593
0.5770439,1.0,0.63347775
0.83393,0.0,0.050362613
0.8645798,0.0,0.38955146
0.39013687,0.0,0.38496006
0.6652586,0.0,0.10905398
0.84076726,0.0,0.17775546
0.57161695,0.0,0.23819427
0.4679481,0.0,0.008361268
0.6791382,0.0,0.07179631
0.6179731,0.0,0.0007933204
0.50346583,0.0,0.027944569
0.41230235,0.0,0.0062976694
0.6130869,0.0,0.0004650013
0.47846106,0.0,0.13704385
0.62333155,0.0,0.15797244
0.58377475,0.0,0.03182186
0.7656095,0.0,0.010774108
0.52274513,0.0,0.09598554
0.47945118,0.0,0.44686103
0.601319,0.0,0.0076422975
0.78286856,0.0,0.27188843
0.51780987,0.0,0.0014801179
0.6802309,0.0,0.0
0.37950683,0.0,0.0
0.67690396,0.0,0.0046707764
0.7407413,0.0,0.06823573
0.7823515,0.0,0.0737369
0.57484144,0.0,0.038098235
0.3877165,0.0,0.08965242
0.4288515,1.0,0.28892908
0.18161297,1.0,0.68452406
0.7314375,1.0,0.08356031
0.77854085,1.0,0.51936114
0.5161433,1.0,0.7614347
0.7665533,0.0,0.552229
0.29148015,0.0,0.011011422
0.55332905,1.0,0.32984826
0.8485358,0.0,0.4832439
0.74484664,0.0,0.23478916
0.58209395,0.0,0.0036611487
0.640967,0.0,0.11183112
0.6474023,0.0,0.55263203
0.63267535,0.0,0.010129444
0.70630103,0.0,0.0034935488
0.7428731,0.0,0.27113193
0.6872861,0.0,0.22669594
0.6734844,0.0,0.013746891
0.67286414,0.0,0.21811166
0.7507865,0.0,0.7032404
0.711011,0.0,0.5414986
0.16653658,0.0,0.3692209
0.7245573,0.0,0.19925009
0.6199839,0.0,0.013495129
0.44209212,0.0,0.0
0.4405705,0.0,0.0
0.69100803,0.0,0.00061849004
0.56782883,0.0,0.007047006
0.4399884,0.0,0.015614807
0.7283961,1.0,0.47445965
0.62705505,0.0,0.29546347
0.40617013,0.0,0.09141068
0.613729,1.0,0.17680967
0.75968236,0.0,0.38243416
0.6091034,0.0,0.0064538396
0.5149643,0.0,0.0005955084
0.46655196,0.0,0.25783497
0.7024627,0.0,0.19242796
0.6622111,0.0,0.0121545745
0.7677101,0.0,0.3689184
0.6588575,0.0,0.105147816
0.67664534,0.0,0.0
0.65430087,0.0,0.0
0.5924433,0.0,0.035455
0.47151932,0.0,0.0
0.61833817,0.0,0.23958272
0.54280496,0.0,0.6891543
0.28208995,0.0,0.012941528
0.7833155,0.0,0.4183839
0.61083144,0.0,0.31207892
0.5499838,0.0,0.47975335
0.7188963,0.0,0.11860733
0.47517306,0.0,0.28696463
0.32415864,0.0,0.088207036
0.7460487,0.0,0.3519446
0.24248086,0.0,0.21267603
0.54357857,0.0,0.3293285
0.5414577,0.0,0.3606421
0.7457083,0.0,0.0123317465
0.5989104,0.0,5.1130995e-05
0.47828084,0.0,0.35529825
0.45291328,0.0,0.6144734
0.7991277,0.0,0.18131907
0.4909428,0.0,0.3896484
0.7362439,1.0,0.2528794
0.58102596,1.0,0.6685545
0.82459176,1.0,0.7261793
0.87055683,1.0,0.06692695
0.83940196,1.0,0.3368863
0.72622174,1.0,0.5776575
0.6802547,1.0,0.28824228
0.602366,0.0,0.028703418
0.67419416,1.0,0.27282873
0.76944435,1.0,0.19941111
0.8084503,0.0,0.01588393
0.7143147,0.0,0.225888
0.54850715,1.0,0.48814884
0.73901814,0.0,0.069275215
0.63245493,0.0,0.07131133
0.689359,0.0,0.36727974
0.76815355,0.0,0.5130713
0.42075443,0.0,0.37170523
0.83924425,0.0,0.20341587
0.6925436,0.0,0.39103955
0.6849399,0.0,0.0021563363
0.80260384,0.0,0.05982392
0.6679132,0.0,0.63409215
0.7272807,0.0,0.17373359
0.8456728,0.0,0.38138926
0.7546353,1.0,0.55888534
0.7582632,1.0,0.55445623
0.72844183,0.0,0.33932614
0.8283376,1.0,0.05505165
0.67771035,1.0,0.59857875
0.6840114,1.0,0.52586377
0.69789064,0.0,0.4839517
0.81144476,1.0,0.0882842
0.69946665,1.0,0.6531002
0.5259915,1.0,0.6966981
0.7903556,0.0,0.89954144
0.68704927,0.0,1.0
0.79574025,0.0,0.43994147
0.42948797,0.0,0.37144604
0.44810313,0.0,0.6065499
0.46111947,0.0,0.3750577
0.6449258,0.0,0.012995268
0.7936589,0.0,0.055486955
0.6147168,0.0,0.0012263058
0.67293483,0.0,0.00023238685
0.8564715,0.0,0.0002941125
0.7731983,0.0,0.0
0.8198453,0.0,2.5751215e-05
0.797141,0.0,0.0
0.6247968,1.0,0.17973678
0.6647082,0.0,0.0011636675
0.5299086,1.0,0.33381727
0.8125138,1.0,0.34903353
0.81598634,0.0,0.0
0.4210293,1.0,0.314073
0.3673106,1.0,0.7414633
0.5863432,0.0,0.06685297
0.55442315,0.0,0.06127135
0.42252988,0.0,0.48929882
0.70017946,0.0,0.14039555
0.6742288,0.0,0.0
0.77142173,0.0,0.075854085
0.3972854,0.0,0.30027267
0.83605075,0.0,0.029563827
0.6644604,0.0,0.0
0.78779715,0.0,0.2322766
0.70651066,0.0,0.30262113
0.5508072,0.0,0.0015807443
0.62177855,0.0,0.05272764
0.7495192,0.0,0.52839327
0.7493183,0.0,0.40610564
0.799473,0.0,0.056987163
0.5670699,0.0,0.5358562
0.6486367,0.0,0.3448608
0.61918396,0.0,0.6701483
0.6285209,0.0,0.4307473
0.47653654,0.0,0.051364824
0.7111729,0.0,0.33225062
0.6186501,0.0,0.0020056055
0.56883854,0.0,0.0
0.7827137,0.0,0.0
0.56310123,0.0,0.0
0.6582629,0.0,0.006118532
0.834843,0.0,0.00025328086
0.72322536,1.0,0.0137014985
0.58841264,1.0,0.30744863
0.7232919,1.0,0.44298145
0.6857716,0.0,0.17687294
0.73275006,0.0,0.34552684
0.3080287,0.0,0.32283697
0.46659318,0.0,0.26793826
0.6167237,0.0,0.03998375
0.25058952,0.0,0.51534176
0.7402361,0.0,0.18035533
0.55373514,0.0,0.111953646
0.6864186,0.0,0.18850169
0.76713413,0.0,0.39126632
0.7596318,0.0,0.22236434
0.79974127,0.0,0.49519637
0.7676241,0.0,0.5560791
0.5408989,0.0,0.039515924
0.7979713,0.0,0.40757152
0.87204355,0.0,0.43390527
0.72547984,0.0,0.021098265
0.8809738,0.0,0.108966164
0.85823315,0.0,0.42613524
0.80251545,0.0,0.15629958
0.8621166,0.0,0.00021459078
0.6601552,0.0,0.5315568
0.61912,1.0,0.62169284
0.7447117,0.0,0.16868699
0.56973225,1.0,0.58956057
0.6831158,1.0,0.12380066
0.44915527,1.0,0.6675379
0.44455463,1.0,0.40329456
0.71421117,1.0,0.47085944
0.7934291,1.0,0.10206165
0.7294065,1.0,0.22464456
0.50186485,0.0,0.0002979842
0.6606108,1.0,0.1438265
0.84301823,1.0,0.27107242
0.5668968,0.0,0.0
0.6933624,0.0,0.0
0.7458772,1.0,0.47575203
0.5411857,0.0,0.16963385
0.65425014,0.0,0.0
0.6741934,0.0,0.02934246
0.87023014,0.0,0.41556972
0.7350906,0.0,0.10111165
0.50595564,0.0,0.0
0.7466765,0.0,0.53458667
0.59658694,0.0,0.80126053
0.71522695,0.0,0.34431598
0.2531431,0.0,0.32978195
0.3266056,0.0,0.07755198
0.5948013,0.0,0.658884
0.5863997,0.0,0.80002296
0.6706393,0.0,0.15247469
0.30572176,0.0,0.11736186
0.6330673,0.0,0.037364364
0.46336767,0.0,0.015844349
0.50795174,0.0,0.0
0.51958084,0.0,0.00039830382
0.62807447,0.0,0.0
0.6784139,0.0,0.0
0.6976481,0.0,0.0
0.82772607,0.0,0.0
0.65807366,0.0,0.012785212
0.6305221,0.0,0.32748517
0.7785078,0.0,0.16972739
0.759897,1.0,0.5715401
0.4371317,1.0,0.6243355
0.72864056,1.0,0.5982107
0.84857124,1.0,0.07435182
0.66934115,0.0,0.2133536
0.82656944,0.0,0.44808426
0.8547429,1.0,0.3727382
0.7253219,0.0,0.0
0.76257634,0.0,0.24687295
0.8277567,0.0,0.5591889
0.7518019,0.0,0.07735668
0.7315263,0.0,0.0
0.6596596,0.0,0.59794766
0.687491,0.0,0.28055248
0.73256564,0.0,0.0
0.78353083,0.0,0.2872222
0.78585666,0.0,0.4679574
0.8098218,0.0,0.10714244
0.46560052,0.0,0.37872192
0.7009465,0.0,0.042498253
0.79985964,0.0,0.16995709
0.73963886,0.0,0.0
0.777978,0.0,0.014922568
0.8527949,0.0,0.0
0.7968953,0.0,0.0
0.51443094,0.0,0.019097283
0.7011906,0.0,0.0
0.79848397,0.0,0.34926388
0.5519959,0.0,0.55637413
0.80644065,0.0,0.18742123
0.8384902,0.0,0.39139867
0.6500081,0.0,0.3644178
0.80197686,0.0,0.42461756
0.76879436,0.0,0.054083705
0.76778704,0.0,0.0
0.7600877,0.0,0.1960692
0.46327844,0.0,0.45334256
0.5983601,0.0,0.00073206215
0.7382973,0.0,0.016948996
0.7224838,0.0,0.29617047
0.7434648,0.0,0.29144374
0.44277182,0.0,0.59201294
0.6707898,0.0,0.6314837
0.8289921,0.0,0.17270817
0.57320136,0.0,0.103556946
0.72785515,0.0,0.1447636
0.57699865,0.0,0.2312949
0.69949263,0.0,0.17546685
0.659468,0.0,0.5021547
0.56336534,0.0,0.44702828
0.5102158,0.0,0.6785138
0.8778655,0.0,0.59620714
0.71025026,0.0,0.3709575
0.70863324,0.0,0.026538463
0.70148736,0.0,0.118180215
0.7925052,0.0,0.55671483
0.5666873,0.0,0.1984208
0.73268235,0.0,0.0
0.7686793,0.0,0.1347187
0.6990044,0.0,0.40927833
0.7906103,0.0,0.20947234
0.7714866,0.0,0.004799722
0.7065942,0.0,0.40001515
0.5916441,0.0,0.705785
0.68521655,0.0,0.20733634
0.78850543,0.0,0.20218351
0.7853121,0.0,0.52515644
0.6012938,0.0,0.9624663
0.6503881,0.0,0.8089256
0.6023827,0.0,0.79119414
0.848315,0.0,0.52181286
0.46668965,0.0,0.5372826
0.6859084,0.0,0.27713892
0.8385975,0.0,0.44998133
0.70056957,0.0,0.43965134
0.80128974,0.0,0.160719
0.7769396,0.0,0.42981905
0.32993641,0.0,0.023962226
0.63979614,0.0,0.34508154
0.7055958,0.0,0.5318038
0.37187278,0.0,0.45832244
0.7042106,0.0,0.32220113
0.6943272,0.0,0.40448034
0.4520185,0.0,0.15239489
0.3935103,0.0,0.27658677
0.72167313,0.0,0.008953712
0.6507158,0.0,0.45450652
0.56247133,0.0,0.2133079
0.5808422,0.0,0.49251163
0.593279,0.0,0.8098321
0.79440004,0.0,0.5468054
0.52668804,0.0,0.6838916
0.56010175,0.0,0.65104806
0.5216466,0.0,0.6836459
0.80221415,0.0,0.6894206
0.6742013,0.0,0.44226024
0.54419595,0.0,0.43345827
0.73258424,1.0,0.15949132
0.7641865,1.0,0.047703467
0.56059664,0.0,0.05613373
0.8136722,1.0,0.08900481
0.85993594,0.0,0.0013777926
0.8193768,1.0,0.1310607
0.8739905,0.0,0.1317052
0.75243163,0.0,0.33212823
0.7092126,0.0,0.74422216
0.813836,0.0,0.5154368
0.6818196,1.0,0.75709003
0.8589075,1.0,0.5253368
0.5937854,1.0,0.5008694
0.5561099,0.0,0.2736102
0.6263498,0.0,0.0070038293
0.82517016,1.0,0.05351279
0.8303878,0.0,0.07551768
0.8228172,1.0,0.2880056
0.7494471,0.0,0.4450708
0.53150946,0.0,0.8012437
0.85354,1.0,0.47412145
0.75512683,0.0,0.6111903
0.87149733,0.0,0.3093853
0.8424935,0.0,0.34275252
0.84164673,0.0,0.39000753
0.8337901,0.0,0.38954303
0.8139926,0.0,0.5977303
0.8302492,0.0,0.46034533
0.88802207,0.0,0.21982348
0.7940314,0.0,0.034873303
0.79913247,0.0,0.19459295
0.6313329,0.0,0.0083217425
0.66296196,0.0,0.40068266
0.6039295,0.0,0.6517612
0.5295616,0.0,0.708087
0.33369458,0.0,0.12638797
0.7760261,0.0,0.17405787
0.7156162,0.0,0.0
0.4872753,0.0,0.2495956
0.5562016,0.0,0.0
0.5382922,0.0,0.32341853
0.63296884,0.0,0.63100284
0.4947224,0.0,0.019043893
0.6699337,0.0,0.49133584
0.8599269,0.0,0.46980664
0.68390995,0.0,0.7491086
0.77848655,0.0,0.241809
0.4794903,0.0,0.15196672
0.54988337,0.0,0.20034578
0.73882097,0.0,0.31210908
0.78833526,0.0,0.012154404
0.6047311,1.0,0.3145396
0.72043204,0.0,0.0
0.8694394,0.0,0.014178133
0.6437566,0.0,0.08279789
0.67846173,1.0,0.17718127
0.8672569,1.0,0.11600234
0.84605086,1.0,0.23669942
0.7277168,1.0,0.7792398
0.75729257,1.0,0.33084956
0.8348821,1.0,0.55007833
0.47413534,1.0,0.47846347
0.6701208,0.0,0.4643987
0.4298925,0.0,0.16966817
0.7508939,1.0,0.40389943
0.666748,0.0,0.2359074
0.68227106,0.0,0.21648611
0.7904734,0.0,0.024727518
0.709293,0.0,0.10649408
0.65589076,0.0,0.00018071233
0.7029451,0.0,0.23920013
0.49884206,0.0,0.14614147
0.5544446,0.0,0.33660543
0.5872403,0.0,0.7845317
0.55925095,0.0,1.0
0.6365352,0.0,0.6550317
0.42808378,0.0,0.68264794
0.7197335,0.0,0.14853807
0.725644,0.0,0.00011903637
0.69061136,0.0,0.5629487
0.75407743,0.0,0.4330095
0.76074404,0.0,0.06862725
0.4565692,0.0,0.41639924
0.6792458,0.0,0.12953115
0.5785577,0.0,0.36513853
0.7369174,0.0,0.27131054
0.7079916,0.0,0.18273422
0.7292705,0.0,0.13437858
0.5220331,0.0,0.28580278
0.6446841,0.0,0.021384876
0.5348906,0.0,0.506639
0.5039076,0.0,0.35026097
0.38435528,0.0,0.015787533
0.5358113,0.0,0.11749167
0.6493073,0.0,0.45759842
0.73978055,0.0,0.0034583278
0.5649529,0.0,0.023059199
0.6243057,0.0,0.35649335
0.6936035,0.0,0.213716
0.5197413,0.0,0.0
0.76670355,0.0,0.22733074
0.5681493,0.0,0.58735996
0.635242,0.0,0.33594397
0.7193961,0.0,0.16696185
0.21684632,0.0,0.5215868
0.3986428,0.0,0.78002983
0.51360404,0.0,0.1348709
0.5196325,0.0,0.012481228
0.61474323,0.0,0.32864422
0.39723468,0.0,0.28516537
0.32341924,0.0,0.2740009
0.37778035,0.0,0.4177942
0.31764802,0.0,0.13988493
0.102069244,0.0,0.18474054
0.45887774,0.0,0.3500578
0.6132536,0.0,0.04164115
0.35938385,0.0,0.3877582
0.756824,0.0,0.43416354
0.22523898,0.0,0.43487942
0.735479,0.0,0.24831234
0.6006963,0.0,0.23941967
0.6336155,0.0,0.0
0.7539062,0.0,0.13708156
0.45483902,0.0,9.5585085e-05
0.469233,0.0,0.0058791623
0.37497723,0.0,0.28479794
0.7623499,0.0,0.0
0.5535412,0.0,0.10296234
0.72438526,0.0,0.251281
0.33228165,0.0,0.35525116
0.36192787,0.0,0.60633004
0.71375686,0.0,0.6468388
0.55295295,0.0,0.7350701
0.6637362,0.0,0.19271669
0.60528713,0.0,0.25368646
0.38847363,0.0,0.0
0.40361413,0.0,0.0
0.49931502,0.0,0.0
0.3707616,0.0,0.0035688253
0.44794267,0.0,0.005641527
0.8585531,0.0,0.0
0.3323031,0.0,0.00038965628
0.69833845,0.0,0.015053507
0.8190771,1.0,0.013772575
0.6719229,0.0,0.0
0.72850186,1.0,0.099930696
0.8164973,1.0,0.020372668
0.6476802,0.0,0.112828925
0.55642515,0.0,0.015053259
0.56650144,0.0,0.0
0.29350477,0.0,0.0053144093
0.7316383,0.0,0.09836554
0.43769836,0.0,0.0
0.37640437,0.0,0.0
0.7540702,0.0,0.024145532
0.80612695,0.0,0.101070546
0.77883273,0.0,0.0018664243
0.6746992,0.0,0.0
0.86034024,0.0,0.101379596
0.75940144,0.0,0.22942203
0.768847,0.0,0.0038334236
0.83849066,0.0,0.109961696
0.85550296,0.0,0.45007485
0.67905015,0.0,0.12504728
0.6424595,0.0,0.24984059
0.36419252,0.0,0.47771278
0.6783268,0.0,0.6621802
0.8101164,0.0,0.28574666
0.68428034,0.0,0.6822861
0.713363,0.0,0.35924834
0.7679489,0.0,0.0032891133
0.8469861,0.0,0.17145947
0.39241305,0.0,0.38840422
0.4854104,0.0,0.0012337532
0.55408937,0.0,0.0
0.4864748,0.0,0.34429643
0.53551745,0.0,0.366093
0.66267353,0.0,0.014281696
0.6678468,0.0,0.03482257
0.6739436,0.0,0.0006642811
0.6804567,0.0,0.027031034
0.6694608,0.0,0.0041170046
0.47641027,0.0,2.770007e-05
0.41781163,0.0,0.017302074
0.786247,0.0,0.025203949
0.72999,0.0,0.005724852
0.8479954,0.0,0.0030168872
0.80246466,0.0,0.0
0.76782656,0.0,0.009646899
0.41661915,0.0,0.0
0.87942016,0.0,0.01987314
0.6763602,0.0,0.16334777
0.8614406,0.0,0.1611604
0.7623013,0.0,0.035105594
0.68370086,0.0,0.2999183
0.62601626,0.0,0.56989706
0.64122117,0.0,0.56017166
0.44715095,1.0,0.30187273
0.65530324,0.0,0.21558842
0.6851905,1.0,0.3794167
0.76924986,0.0,0.12063775
0.73251444,1.0,0.077608384
0.6906371,0.0,0.018483438
0.48635116,0.0,0.00074214395
0.6073745,0.0,0.13755575
0.49305922,0.0,0.06433887
0.6243173,0.0,0.5311617
0.68986565,0.0,0.038071573
0.46172312,0.0,0.56327736
0.21461275,0.0,0.9009068
0.66432947,0.0,0.2494789
0.40900448,0.0,0.9042013
0.814711,0.0,0.23529369
0.63059294,0.0,0.32829237
0.22850433,0.0,0.005386957
0.73559445,0.0,0.024404744
0.6758251,0.0,0.0
0.52819,0.0,0.0046760966
0.6937184,0.0,0.10835992
0.68079036,0.0,0.028358663
0.56843376,0.0,0.0
0.77503663,0.0,0.000472627
0.21593648,0.0,0.44875818
0.65532523,0.0,0.0787361
0.111449234,0.0,0.16787173
0.79367137,0.0,0.2035319
0.16961853,0.0,0.3566019
0.4098634,0.0,0.4907188
0.56867963,0.0,0.49657303
0.34846658,0.0,0.19895189
0.6459942,0.0,0.22486198
0.55804706,0.0,0.17128542
0.6863875,0.0,0.5676232
0.38706723,0.0,0.3840943
0.41677707,0.0,0.18447618
0.7482553,1.0,0.4210133
0.70754004,1.0,0.18474704
0.7166984,1.0,0.33083156
0.5525628,1.0,0.2262932
0.8059275,0.0,0.022840925
0.43128523,0.0,0.10644936
0.51309633,0.0,0.008253984
0.6983332,0.0,0.53275037
0.7221451,0.0,0.5109873
0.6015322,0.0,0.17720503
0.6279934,0.0,0.14284045
0.5559765,0.0,0.2244787
0.77670324,0.0,0.041168384
0.7297016,0.0,0.34930998
0.7579535,0.0,0.014801263
0.6185448,0.0,0.0051692794
0.7373745,0.0,0.35651806
0.44723395,0.0,0.043829445
0.48478708,0.0,0.00499363
0.76935583,0.0,0.05079943
0.7642454,0.0,0.34580994
0.86158156,0.0,0.106514275
0.7462089,0.0,0.066470616
0.71238214,0.0,0.60546774
0.601928,0.0,0.64694214
0.5849715,0.0,0.16975622
0.14261301,0.0,0.5790893
0.64372134,0.0,0.20826942
0.62624824,0.0,0.03620911
0.5850964,0.0,0.32113823
0.5348657,0.0,0.0
0.59582424,0.0,0.00032486167
0.70830077,0.0,0.0
0.5461438,0.0,0.0077351974
0.7677643,0.0,0.00027755552
0.8169511,1.0,0.035573866
0.50164455,1.0,0.027617149
0.66988677,1.0,0.26068047
0.5248239,1.0,0.2091998
0.7186253,0.0,0.092978016
0.67610794,1.0,0.076892786
0.50374085,0.0,0.00020364499
0.4143242,0.0,0.019387996
0.6738101,0.0,0.01332864
0.7209265,0.0,0.006416293
0.79621744,0.0,0.10027788
0.31273764,0.0,0.0
0.67736965,0.0,0.19588149
0.5789328,0.0,0.26528987
0.83410513,0.0,0.61948454
0.7806998,0.0,0.4593142
0.5540672,0.0,0.60320544
0.6947951,0.0,0.025092583
0.68070805,0.0,0.7235746
0.77019775,0.0,0.21532181
0.7203617,0.0,0.26197094
0.8327195,0.0,0.5351661
0.85123235,0.0,0.21463871
0.67410916,0.0,0.0
0.7480501,0.0,0.19655395
0.48955506,0.0,0.45837104
0.5262065,0.0,0.04021387
0.6674899,0.0,0.0
0.61049163,0.0,0.47260815
0.662557,0.0,0.37218186
0.55613446,0.0,0.0
0.8500979,0.0,0.08738569
0.81241095,0.0,0.49717498
0.69729483,0.0,0.21686132
0.7498858,0.0,0.0012442069
0.6529755,0.0,0.25258335
0.57955295,0.0,0.5680378
0.6752359,0.0,0.3900949
0.4066824,0.0,0.4060248
0.14846869,0.0,0.4089858
0.8010183,0.0,0.10487004
0.6108519,0.0,0.7103805
0.85092735,0.0,0.058880284
0.33837935,0.0,0.55564165
0.690315,0.0,0.28454438
0.27399617,0.0,0.061736543
0.64599496,0.0,0.066861875
0.556285,0.0,0.059094545
0.6673672,0.0,0.15425159
0.5687621,1.0,0.6895303
0.7052969,1.0,0.23610428
0.5802737,1.0,0.30021754
0.85710084,1.0,0.44591278
0.69479746,0.0,0.29912084
0.7632429,0.0,0.030498782
0.79031104,0.0,0.00039496893
0.57852834,0.0,0.0
0.81775016,0.0,0.014782471
0.7726773,0.0,0.015599044
0.5316868,0.0,0.013556862
0.78063595,0.0,0.004667864
0.8387749,0.0,0.04674095
0.64163095,0.0,0.0
0.75112826,0.0,0.0906434
0.8113888,0.0,0.44417608
0.6710548,0.0,0.39985234
0.2027678,0.0,0.57957315
0.5446778,0.0,0.03926243
0.654816,0.0,0.28757814
0.73313594,0.0,0.022234337
0.5033172,0.0,0.0
0.7702324,0.0,5.0241775e-05
0.7021873,0.0,0.061696563
0.84602726,0.0,0.0016144882
0.8029606,1.0,0.08783565
0.68123686,0.0,0.00082099455
0.5780279,0.0,0.10276218
0.71724516,0.0,0.09033023
0.77419007,1.0,0.57987404
0.5383032,1.0,0.36306536
0.6168361,1.0,0.71230316
0.7388799,0.0,0.34635463
0.41781121,0.0,0.06691706
0.8836604,1.0,0.14446162
0.67475253,0.0,0.49712604
0.8474128,0.0,0.016421415
0.45681792,0.0,0.26348552
0.5841398,0.0,0.2599855
0.6788427,0.0,0.580837
0.66678333,0.0,0.2030131
0.71136284,0.0,1.8224277e-05
0.72173125,0.0,0.23021008
0.66078275,0.0,0.21136114
0.8086272,0.0,0.0010771157
0.7746625,0.0,0.0
0.7757577,0.0,0.35921314
0.8313351,0.0,0.0014312799
0.79162693,0.0,0.00093780394
0.8143191,0.0,0.016134264
0.6466927,0.0,0.2596199
0.7674787,0.0,0.001655146
0.75600904,0.0,0.0
0.7770879,0.0,0.1509431
0.76492065,0.0,0.16175023
0.726024,0.0,0.00015908813
0.5912104,0.0,0.0
0.70606077,0.0,0.30130032
0.8048841,0.0,0.17446502
0.8890168,0.0,0.031332456
0.5690548,0.0,0.18753216
0.5418183,0.0,0.5045935
0.76429886,0.0,0.39508277
0.7776143,0.0,0.9883398
0.7644869,0.0,0.83666325
0.72516316,0.0,0.8646567
0.4667447,0.0,0.44173732
0.82869774,0.0,0.15872003
0.7907583,0.0,0.4746076
0.8055774,0.0,0.4941589
0.8387053,0.0,0.21596538
0.81154555,0.0,0.4777399
0.6569102,0.0,0.6949876
0.7766515,0.0,0.646188
0.42625847,0.0,0.3411824
0.780088,0.0,0.18929589
0.6887162,0.0,0.532953
0.6756473,0.0,0.28569055
0.7418235,1.0,0.29458526
0.8497052,1.0,0.71377
0.35558647,1.0,0.77096176
0.79573005,1.0,0.22003724
0.890153,1.0,0.57554305
0.61785924,1.0,0.47789863
0.8552972,1.0,0.22789827
0.86941457,1.0,0.39002192
0.8471196,1.0,0.45983705
0.71217996,1.0,0.48468813
0.78330195,1.0,0.52995396
0.804052,1.0,0.6223953
0.7805788,1.0,0.70238405
0.6448798,0.0,0.21234141
0.78495806,0.0,0.26664716
0.79364884,1.0,0.11216857
0.8428976,1.0,0.22532879
0.8152908,0.0,0.18201339
0.7570271,1.0,0.07453751
0.87565595,0.0,0.34507468
0.75363225,0.0,0.64441305
0.76319444,0.0,0.09643093
0.8188504,0.0,0.16914599
0.8094068,1.0,0.028973931
0.80519485,0.0,0.041317824
0.8348418,0.0,0.2161112
0.80553997,0.0,0.11097213
0.701595,0.0,0.48777178
0.6634705,0.0,0.7123038
0.73571616,0.0,0.34879503
0.76397157,1.0,0.60294425
0.8911408,1.0,0.46753046
0.8166547,1.0,0.38660514
0.7508713,1.0,0.32255265
0.75675267,1.0,0.31939536
0.82414323,1.0,0.3924925
0.5158403,1.0,0.4732734
0.8184961,1.0,0.439603
0.7641725,1.0,0.34931636
0.83401096,0.0,0.59625983
0.77659035,1.0,0.48687038
0.84839326,1.0,0.3587127
0.7791455,0.0,0.3261316
0.7430722,1.0,0.4620157
0.71105295,0.0,0.4436723
0.7744467,0.0,0.8126625
0.7231377,0.0,0.66800034
0.8513769,0.0,0.5134894
0.63425624,0.0,0.16506518
0.6333689,0.0,0.5797796
0.52711195,0.0,0.0
0.80954903,0.0,0.09006069
0.42939898,0.0,0.011111732
0.69834036,0.0,0.19827956
0.64355206,0.0,0.08644884
0.7659129,0.0,0.39086682
0.6266611,0.0,0.8289399
0.82268405,0.0,0.58402884
0.30715945,0.0,0.6371563
0.8771487,0.0,0.2610334
0.5817259,0.0,0.5660359
0.7818514,0.0,0.256316
0.5530354,0.0,0.45049268
0.63110805,0.0,0.0044642696
0.5946026,0.0,0.4057589
0.69693047,0.0,0.0
0.5635437,0.0,0.28420776
0.7463693,0.0,0.3411695
0.7430706,0.0,0.58704937
0.8911467,0.0,0.14069648
0.8085109,1.0,0.19903259
0.32385138,0.0,0.0
0.747411,0.0,0.0
0.6086129,0.0,0.22171827
0.4685104,0.0,0.0
0.6899948,0.0,0.0
0.8052141,0.0,0.2349456
0.6264958,0.0,0.5820364
0.8350743,0.0,0.3211434
0.22898433,0.0,0.60486543
0.77973413,0.0,0.2672913
0.6920721,0.0,0.6731884
0.5760831,0.0,0.08846967
0.43479308,0.0,0.2467178
0.8173488,0.0,0.392032
0.591196,0.0,0.5087932
0.855746,0.0,0.3254099
0.61558276,1.0,0.32190093
0.5603566,1.0,0.48588157
0.31900883,0.0,0.006403482
0.63464373,1.0,0.474383
0.89774805,1.0,0.19744189
0.6083202,1.0,0.0111708725
0.796964,0.0,0.2055245
0.81492656,0.0,0.039862573
0.6777933,0.0,0.001155411
0.589742,0.0,0.0007992741
0.7573584,0.0,0.23936611
0.6525217,0.0,0.2101118
0.5848633,0.0,0.52460617
0.59731543,0.0,0.3684437
0.34405315,0.0,0.3098546
0.8216365,0.0,0.43819353
0.68434256,0.0,0.17633773
0.72079307,1.0,0.29707178
0.55950195,0.0,0.079288416
0.7346697,1.0,0.6285775
0.6654612,1.0,0.39934027
0.50617117,1.0,0.11768259
0.56071144,1.0,0.5586439
0.5758445,1.0,0.27061793
0.57700676,1.0,0.047950484
0.62369984,1.0,0.3989484
0.66173583,1.0,0.6194848
0.72553337,1.0,0.5998393
0.60399365,1.0,0.20560959
0.47595787,0.0,0.34028375
0.48674533,0.0,0.671039
0.61922526,0.0,0.37516683
0.19375636,0.0,0.114673264
0.71705586,0.0,0.09360562
0.55619365,0.0,0.0016068312
0.5690214,0.0,0.00081583374
0.6017195,0.0,0.01835889
0.80435324,0.0,0.028486226
0.74816376,1.0,0.042568292
0.69952905,0.0,0.0
0.6441483,0.0,0.2194301
0.77065986,0.0,0.005798101
0.6355292,0.0,0.4007649
0.61264646,0.0,0.21333621
0.71241105,0.0,0.41635704
0.731378,0.0,0.010502776
0.71031654,0.0,0.24726498
0.69591975,0.0,0.0
0.63700193,0.0,0.15204906
0.7638864,0.0,0.043129686
0.55854315,0.0,0.3635031
0.7621204,0.0,0.12012817
0.6094801,1.0,0.2514665
0.73310494,0.0,0.64005136
0.6553207,0.0,0.23585239
0.63463086,0.0,0.20871799
0.44401667,1.0,0.8756471
0.56133664,0.0,0.6776049
0.4432869,0.0,0.48859715
0.68856037,0.0,0.5989045
0.5742126,0.0,0.5740823
0.60077953,0.0,0.52913
0.69364715,0.0,0.6062444
0.70426136,0.0,0.2014336
0.7700494,0.0,0.35050917
0.588513,0.0,0.13405861
0.6976097,0.0,0.12958089
0.53082347,0.0,0.2953322
0.6973282,0.0,0.4000681
0.77289504,0.0,0.5916346
0.7612644,0.0,0.18452147
0.655414,0.0,0.059857093
0.62444586,0.0,0.35042998
0.53729427,0.0,0.3708703
0.76442367,0.0,0.0011887691
0.7731251,0.0,0.29284915
0.69564295,0.0,0.74457693
0.453604,0.0,0.40409473
0.33238828,0.0,0.6914984
0.7185285,0.0,0.21763542
0.48185676,0.0,0.21510397
0.85651886,0.0,0.009549654
0.54889333,0.0,0.46017814
0.7485514,0.0,0.08383434
0.10280547,0.0,0.10483634
0.54890513,0.0,0.14250593
0.6436833,0.0,0.03336961
0.7589094,0.0,0.01775094
0.68396807,0.0,0.31193998
0.43529224,0.0,0.053712677
0.7703833,0.0,0.037051346
0.60955036,0.0,0.12730254
0.6541712,0.0,0.30692786
0.52984935,0.0,0.35755518
0.69473106,0.0,0.026688121
0.39088413,0.0,0.0027065484
0.526296,0.0,0.43348476
0.29654232,0.0,0.15894584
0.5610214,0.0,0.0025960556
0.51834726,0.0,0.091038376
0.19859704,0.0,0.046677932
0.67306393,0.0,0.026999414
0.6139812,0.0,0.37737313
0.5393517,0.0,0.3074781
0.3329724,0.0,0.6700887
0.5005864,0.0,0.21302167
0.6381126,0.0,0.42910945
0.6153938,0.0,0.7385982
0.5847018,0.0,0.059533324
0.50089777,0.0,0.7611014
0.48664892,0.0,0.34825155
0.35309786,0.0,0.511061
0.6451556,0.0,0.26852718
0.42480624,0.0,0.5314972
0.51242805,0.0,0.18391731
0.6595976,0.0,0.8283005
0.40799105,0.0,0.5155631
0.5207003,0.0,0.74125236
0.6730787,0.0,0.30264
0.52362156,0.0,0.7980702
0.46510878,0.0,0.19878684
0.33410984,0.0,0.32273778
0.6478712,0.0,0.6693931
0.67230964,0.0,0.41191703
0.7017363,0.0,0.08009926
0.7747455,0.0,0.14483036
0.49547684,0.0,0.0
0.54517514,0.0,0.23859324
0.8019648,0.0,0.6139172
0.479008,0.0,0.39396894
0.7427506,0.0,0.082494035
0.5902959,0.0,0.5283795
0.68525213,0.0,0.4000539
0.79593134,0.0,0.00197257
0.6439692,0.0,0.49453855
0.7375285,0.0,0.053403914
0.555271,0.0,0.0007052687
0.6814085,0.0,0.42719457
0.7422362,0.0,0.17684084
0.57968456,0.0,0.07231738
0.6012224,0.0,0.024002267
0.68081915,1.0,0.078724004
0.80414313,1.0,0.0032119176
0.2966758,1.0,0.010325203
0.673757,1.0,0.09485088
0.8124994,1.0,0.003314512
0.4813729,1.0,0.00556313
0.786454,0.0,0.00035067223
0.73175925,1.0,0.00020295463
0.84427243,1.0,0.011703981
0.48055366,0.0,0.0
0.69415134,0.0,0.014037371
0.33052215,0.0,0.013485193
0.64204454,0.0,0.00024604658
0.79937154,0.0,0.0
0.8344668,0.0,0.048324503
0.704997,0.0,0.0
0.48891842,0.0,0.00043211505
0.7962458,0.0,0.0029369046
0.7670757,0.0,0.0038874755
0.66457444,0.0,0.00028667014
0.54114074,0.0,0.0
0.887014,0.0,0.0030734274
0.7186273,0.0,0.037345067
0.39918926,0.0,0.24874811
0.459214,0.0,0.054051295
0.19660947,0.0,0.49541602
0.43401396,0.0,0.44194815
0.47423005,0.0,0.67682594
0.74871075,0.0,0.29370582
0.6432918,0.0,0.3305493
0.63976973,0.0,0.20807894
0.6341394,0.0,0.19443336
0.573153,0.0,0.0028159996
0.7307117,0.0,0.00093748904
0.60681844,0.0,0.026542999
0.63448334,0.0,0.045824513
0.7964832,0.0,0.0
0.53698075,0.0,0.00057926733
0.70557255,0.0,0.03185917
0.79959697,0.0,0.087962545
0.8663491,0.0,0.09249283
0.8706989,0.0,0.093207695
0.5235591,0.0,0.39937386
0.6632535,0.0,0.71846926
0.670633,0.0,0.4712699
0.8145636,0.0,0.008066797
0.36554614,1.0,0.18246457
0.6240777,1.0,0.45299602
0.34660473,0.0,0.12153459
0.8669927,1.0,0.0029352803
0.5573241,1.0,0.40459818
0.37362456,1.0,0.0036100307
0.5089607,1.0,0.0
0.74568796,1.0,0.23751198
0.40941665,1.0,0.08185553
0.5229397,0.0,0.034005992
0.57667434,0.0,0.12511788
0.5923677,0.0,0.00033209403
0.7441539,0.0,0.0
0.43478987,0.0,0.20209883
0.725365,0.0,0.005138807
0.82529604,0.0,0.0005737919
0.888406,0.0,0.2818926
0.5167133,0.0,0.4483724
0.5788812,0.0,0.32642296
0.4585144,0.0,0.0
0.41855237,0.0,0.00039785545
0.6986237,0.0,0.0
0.6443512,0.0,0.055868465
0.53422385,0.0,0.0069990507
0.5186023,0.0,0.026390696
0.63584244,0.0,0.3510509
0.7375536,0.0,0.3187348
0.5805361,0.0,0.5354202
0.63230133,0.0,0.23927757
0.5356645,0.0,0.64387864
0.74048406,0.0,0.43274754
0.46101677,0.0,0.11033195
0.834286,0.0,0.0022073013
0.5312241,0.0,0.059961185
0.32499188,0.0,0.057477504
0.7529511,0.0,0.045422982
0.7295646,0.0,0.37960178
0.48072562,0.0,0.12580204
0.5637116,0.0,0.33225197
0.6983508,0.0,0.1885741
0.8751546,1.0,0.031463563
0.71699023,1.0,0.2829164
0.8156667,1.0,0.045206092
0.79538256,1.0,0.09742516
0.8011874,0.0,0.53507656
0.5622665,0.0,0.79054976
0.6504122,1.0,0.53621656
0.80018836,0.0,0.5769941
0.7705258,1.0,0.41492915
0.48732874,0.0,0.35478953
0.6182401,1.0,0.5392806
0.770977,1.0,0.02806724
0.84770566,1.0,0.18485774
0.500711,1.0,0.12021691
0.6304784,1.0,0.6007483
0.5693688,0.0,0.25255552
0.73973566,0.0,0.6831669
0.73368835,0.0,0.2450653
0.566056,0.0,0.26623207
0.5868866,0.0,0.7120827
0.85749876,0.0,0.27099675
0.745984,0.0,0.3264876
0.6313484,0.0,0.50854063
0.60212183,0.0,0.61455077
0.87649703,0.0,0.08075112
0.66611403,0.0,0.3583396
0.7402114,0.0,0.76740235
0.3163925,0.0,0.8474193
0.7627411,0.0,0.27962527
0.68286407,0.0,0.62494564
0.73322964,0.0,0.34391913
0.8062546,0.0,0.50016844
0.77514696,0.0,0.023963679
0.6255613,0.0,0.5058957
0.66155475,0.0,0.5615435
0.77062905,0.0,0.06070927
0.7983379,0.0,0.08088979
0.79945326,0.0,0.12145888
0.79840255,0.0,0.2975694
0.4776961,0.0,0.06890408
0.72224003,0.0,0.5563005
0.59649116,0.0,0.35094222
0.6832814,0.0,0.026759382
0.7783291,0.0,0.06129027
0.515865,0.0,0.11387397
0.65857387,0.0,0.02291604
0.5519446,0.0,0.03871401
0.5601348,0.0,0.36126056
0.83815366,0.0,0.26447558
0.87866086,0.0,0.22252683
0.8040956,0.0,0.620949
0.73147154,0.0,0.061222948
0.5837391,0.0,0.0035658083
0.8015541,0.0,0.051034037
0.7528817,0.0,0.020770025
0.7846077,0.0,0.012625357
0.61078984,0.0,0.0
0.7316928,0.0,0.2838465
0.8447398,0.0,0.46929774
0.6604763,0.0,0.14527507
0.420252,0.0,0.0
0.6493186,0.0,0.0
0.64755523,0.0,0.0014662753
0.567224,0.0,0.00090127334
0.5953163,0.0,0.004226005
0.6507086,1.0,0.007281101
0.8338757,0.0,0.0026956047
0.77570456,0.0,0.07385915
0.7410083,1.0,0.0
0.7650361,0.0,0.18857701
0.61345714,0.0,0.008556338
0.66874385,0.0,0.0
0.82651573,0.0,0.00061964773
0.5165216,1.0,0.008261468
0.4287624,1.0,0.01552549
0.71494746,0.0,0.00062638
0.6333217,1.0,0.35498592
0.649625,0.0,0.29903552
0.5401023,0.0,0.059058122
0.71084875,0.0,0.0025037625
0.7598772,0.0,0.001064499
0.67710674,0.0,0.22765397
0.69961804,0.0,0.25067627
0.53678185,0.0,0.19821306
0.7912029,0.0,0.20201263
0.28671587,0.0,0.2351176
0.7603214,1.0,0.4883985
0.45749295,1.0,0.4751493
0.4950965,1.0,0.09298237
0.36193326,1.0,0.21363932
0.41678408,1.0,0.07095511
0.8543777,1.0,0.0
0.7240986,1.0,0.0073621455
0.7270008,0.0,0.01353488
0.6910344,0.0,0.0060528703
0.53152317,0.0,0.0016194232
0.707331,0.0,0.0
0.4434901,0.0,0.0
0.8078288,0.0,0.008378005
0.70920485,0.0,0.00083925383
0.79928887,0.0,0.5242823
0.83967215,0.0,0.28114066
0.3330262,0.0,0.7707261
0.26872942,0.0,0.6211284
0.85474575,0.0,0.093822554
0.39061767,0.0,0.29097182
0.75107896,0.0,0.10364899
0.855296,0.0,0.0010204571
0.53561616,0.0,0.0752596
0.67980546,0.0,0.0
0.74644643,0.0,0.014171448
0.76221746,0.0,0.005615447
0.80092627,0.0,0.022408703
0.78463674,1.0,0.028149322
0.301211,0.0,0.104588665
0.80449164,0.0,0.38191724
0.6698415,1.0,0.36448768
0.87220895,1.0,0.0018164624
0.59888315,0.0,0.16227998
0.73502356,0.0,0.29926196
0.5720268,0.0,0.5099384
0.67268443,0.0,0.0
0.87148774,0.0,0.07179372
0.8291076,0.0,0.005471935
0.66005003,0.0,0.1569075
0.66169363,0.0,0.0
0.55199206,0.0,0.06917197
0.8319681,0.0,0.06703763
0.4398523,0.0,0.33501688
0.8652656,0.0,0.5768114
0.63932943,0.0,0.2666337
0.84542155,0.0,0.12803169
0.9183951,0.0,0.13629696
0.5196597,0.0,0.20386517
0.74118036,0.0,0.00039878045
0.7852475,0.0,0.03297033
0.7932342,0.0,0.33491832
0.46591938,1.0,0.24519244
0.8005781,0.0,0.007356581
0.7291565,0.0,0.055330325
0.75341415,0.0,0.0
0.35853034,0.0,2.5197303e-05
0.6066164,0.0,0.27008814
0.5540818,0.0,0.01420624
0.55321753,0.0,0.20442966
0.8714818,0.0,0.40451714
0.76350194,0.0,0.9385453
0.574702,0.0,0.912636
0.29640982,0.0,0.2468158
0.32741833,0.0,0.31103036
0.62168324,0.0,0.58511764
0.74741054,0.0,0.32698014
0.31813258,0.0,0.36393076
0.5407475,0.0,0.25777775
0.65216166,0.0,0.009619588
0.7088735,0.0,0.00344513
0.5920145,0.0,0.0
0.6914562,0.0,0.0
0.8173189,0.0,0.008800227
0.5913405,0.0,0.0
0.65045285,0.0,0.25234646
0.73024786,0.0,0.26192802
0.70011634,0.0,0.5942645
0.6886927,0.0,0.5479368
0.81393296,0.0,0.0005380969
0.5170378,0.0,0.17895013
0.7672069,0.0,0.30633464
0.7010806,0.0,0.004553889
0.5164692,0.0,0.29770628
0.75494134,0.0,0.28559905
0.7308375,0.0,0.00036758807
0.75427574,0.0,0.0397131
0.7744455,0.0,0.43468362
0.76070017,0.0,0.24424048
0.25895587,0.0,0.5168245
0.7312721,0.0,0.17186263
0.78138334,0.0,0.035650726
0.8038516,0.0,0.26463726
0.35704553,0.0,0.016574223
0.6716356,0.0,0.0
0.5948521,0.0,0.013187303
0.5170598,0.0,0.00060069456
0.46000102,0.0,0.0
0.78248817,0.0,0.028747713
0.6005421,0.0,0.0038762954
0.8081942,0.0,0.18892756
0.61080724,0.0,0.3070697
0.7405816,0.0,0.023935271
0.34051132,0.0,0.09436835
0.6962848,0.0,0.5591828
0.4468046,0.0,0.33056808
0.6086409,0.0,0.42187852
0.8244032,0.0,0.6691725
0.66932714,0.0,0.21319838
0.61900175,0.0,0.38752434
0.76448655,0.0,0.13919199
0.66836494,0.0,0.26040083
0.7883754,0.0,0.036299646
0.75385314,0.0,0.23621479
0.61492467,0.0,0.62160003
0.81090754,0.0,0.086011305
0.75409615,0.0,0.48199284
0.7092247,0.0,0.41541916
0.6925153,0.0,0.6592835
0.743002,0.0,0.30130532
0.70495963,0.0,0.021039309
0.50257194,0.0,0.07931768
0.6295705,0.0,0.411622
0.6386055,0.0,0.02558034
0.563245,0.0,0.0
0.7218754,0.0,0.39377514
0.5558688,0.0,0.20217629
0.8167973,0.0,0.0
0.85277736,0.0,0.22013515
0.62524384,0.0,0.5505091
0.76532596,0.0,0.5645199
0.19039896,0.0,0.56998914
0.7261153,0.0,0.07812072
0.7113797,0.0,0.17546675
0.625881,0.0,0.0
0.6107336,0.0,0.018527692
0.578512,0.0,0.0004890125
0.5669912,0.0,0.0
0.62519616,0.0,0.0
0.39311844,0.0,0.0019070443
0.39761773,0.0,0.015570088
0.44767725,0.0,0.36816132
0.33363628,0.0,0.35933733
0.7674449,0.0,0.72069436
0.30253243,0.0,0.37976104
0.7407273,0.0,0.053897902
0.7678198,0.0,0.29597917
0.7240501,0.0,2.3365565e-05
0.48120654,0.0,0.38150185
0.81189287,0.0,0.2548461
0.54411155,0.0,0.42823777
0.7582933,0.0,0.5390775
0.8648277,0.0,0.0057103774
0.76273966,0.0,0.0
0.74862206,0.0,0.29785785
0.7564563,0.0,0.28476363
0.76942223,0.0,0.0011089594
0.75797015,0.0,0.04524959
0.74177206,0.0,0.3558212
0.83838767,0.0,0.17155324
0.6733196,0.0,0.00087444345
0.84458214,0.0,0.19763888
0.637663,0.0,0.12627219
0.8432019,0.0,0.014961347
0.87633497,0.0,0.018770173
0.83080596,0.0,0.01876845
0.6776171,0.0,0.28692427
0.47566688,0.0,0.080910176
0.81315905,0.0,0.6851584
0.7070101,0.0,0.47501433
0.70285517,0.0,0.9235179
0.71829605,0.0,0.55231744
0.853035,0.0,0.19766718
0.8360774,0.0,0.6784935
0.809914,0.0,0.22369711
0.7813305,0.0,0.352769
0.8524115,0.0,0.04264445
0.70054895,0.0,0.35678825
0.7630187,0.0,0.5728574
0.79282856,0.0,0.015993135
0.5957059,0.0,0.26536262
0.6198051,0.0,0.0054488024
0.76152474,0.0,0.07306399
0.55046546,0.0,0.0
0.7924693,0.0,0.0
0.76397246,0.0,0.0003909551
0.79575604,0.0,0.0143750785
0.62561744,0.0,0.0
0.7160824,0.0,0.0576077
0.58515584,0.0,0.1641487
0.6815061,0.0,0.3366744
0.27219936,0.0,0.31633458
0.8349976,0.0,0.4264679
0.5722266,0.0,0.6492301
0.5860229,0.0,0.40543658
0.7507891,0.0,0.013668912
0.5474313,0.0,0.21367896
0.7194311,0.0,0.0017564263
0.50972784,0.0,0.12809123
0.7699248,0.0,0.20241886
0.8470802,0.0,0.0
0.5911599,0.0,0.0
0.6067615,0.0,0.36350068
0.5337794,0.0,0.19874562
0.8458974,0.0,0.005065138
0.63081694,0.0,0.18062167
0.5208745,0.0,0.5272726
0.71361804,0.0,0.21286549
0.6690983,0.0,0.25785258
0.53872424,0.0,0.29687363
0.50017965,0.0,0.6512537
0.60458267,0.0,0.8086644
0.51566523,0.0,0.391135
0.79288757,0.0,0.8857366
0.48168367,0.0,0.36246246
0.80474436,0.0,0.24278459
0.6912664,0.0,0.26760754
0.80299133,0.0,0.023660604
0.69777894,0.0,0.095915616
0.60913396,0.0,0.017781405
0.46032372,0.0,0.03316316
0.73975044,0.0,0.030453399
0.50973547,0.0,0.010665747
0.4649961,0.0,0.037668686
0.43171963,0.0,0.33231473
0.6983659,0.0,0.0012015277
0.3243677,0.0,0.28193453
0.70802975,0.0,0.28228706
0.5805265,0.0,0.64752626
0.52028453,0.0,0.16205226
0.5185243,0.0,0.44285342
0.7096723,0.0,0.49199602
0.40232098,0.0,0.027057206
0.602285,0.0,0.095869124
0.32466933,0.0,0.18085569
0.4588361,0.0,0.35532886
0.76900375,0.0,0.01581903
0.5674392,0.0,0.01970464
0.6681247,0.0,0.6136888
0.721779,0.0,0.28014827
0.16402245,0.0,0.36241764
0.52225786,0.0,0.3098646
0.79507965,0.0,0.022829395
0.7201276,0.0,0.15663894
0.4304903,0.0,0.09830248
0.794911,0.0,0.005572521
0.52404267,0.0,0.009580487
0.46325278,0.0,0.006681971
0.23153685,0.0,0.012218198
0.7553143,0.0,0.0035421231
0.7268466,0.0,0.082581945
0.82649446,0.0,0.10567099
0.7007192,0.0,0.64057404
0.6635541,0.0,0.20106576
0.62865615,1.0,0.6713073
0.50011,1.0,0.5951901
0.69983816,0.0,0.09628836
0.8066336,1.0,0.045856524
0.7361793,1.0,0.13472024
0.3465921,1.0,0.5350185
0.6270379,1.0,0.4966401
0.36186504,1.0,0.29017413
0.7362515,0.0,0.047317676
0.7860999,1.0,0.3777034
0.4535482,1.0,0.28067416
0.76516074,0.0,0.050809216
0.76478726,0.0,0.005439097
0.7565044,1.0,0.32990745
0.6020839,0.0,0.46418276
0.7274197,0.0,0.0007933766
0.7727983,0.0,0.028230764
0.5777211,0.0,0.5897575
0.67425776,0.0,0.33126426
0.7294424,0.0,0.14435484
0.38606554,0.0,0.66668105
0.53764683,0.0,0.6378711
0.6844304,0.0,0.029084979
0.6895195,0.0,0.4565027
0.73169154,0.0,0.0
0.6265614,0.0,0.013563798
0.7284812,0.0,0.0056668026
0.25613764,0.0,0.0
0.6845055,0.0,0.007138909
0.69674736,0.0,0.043454807
0.7182635,0.0,0.0
0.74580765,0.0,0.1513082
0.69547987,1.0,0.29768175
0.7369212,1.0,0.70796114
0.74838847,1.0,0.22804342
0.689769,1.0,0.7470775
0.6766922,0.0,0.07258548
0.6994018,1.0,0.23728317
0.79773885,0.0,0.078419246
0.6667416,1.0,0.4176469
0.60621184,1.0,0.09703073
0.6024979,1.0,0.5641213
0.5032123,1.0,0.47455683
0.74926114,0.0,0.0
0.7126279,1.0,0.4299514
0.41800925,1.0,0.5806416
0.32153443,1.0,0.2456918
0.77338487,0.0,0.06079829
0.7144622,0.0,0.036093727
0.5506729,0.0,0.3385737
0.7660221,1.0,0.22630073
0.76888835,0.0,0.0009500877
0.650754,0.0,0.091593646
0.58102995,0.0,0.58949155
0.79651797,0.0,0.25136515
0.66383266,0.0,0.61322093
0.44006294,0.0,0.10874945
0.76763105,0.0,0.035850372
0.59614503,0.0,0.023809118
0.47769615,0.0,0.0
0.6101389,0.0,0.009200495
0.5039212,0.0,0.0
0.47015283,0.0,0.0
0.8596076,0.0,0.10761831
0.7644075,0.0,0.022717327
0.57776827,0.0,0.060394056
0.66914344,0.0,0.19872491
0.81024444,0.0,0.22742906
0.7417265,0.0,0.017370977
0.8058745,0.0,0.36522734
0.6857092,0.0,0.5216363
0.84311134,0.0,0.24123521
0.3783779,0.0,0.48934427
0.83277875,0.0,0.022790466
0.65212065,0.0,0.012326058
0.7196725,0.0,0.3013242
0.7132891,1.0,0.46361384
0.7937803,0.0,0.0
0.7395398,0.0,0.22606742
0.7404928,1.0,0.51665896
0.69818497,1.0,0.14181358
0.81850594,0.0,0.0072923237
0.7997083,0.0,1.0
0.4566906,0.0,0.76299274
0.85474646,0.0,0.49159017
0.7757802,0.0,0.59511065
0.79093415,0.0,0.6756217
0.78725904,0.0,0.7152031
0.76773405,0.0,0.56849104
0.7436353,1.0,0.58944017
0.7650863,1.0,0.26335615
0.7622073,0.0,0.26211172
0.8349354,1.0,0.3729111
0.7293748,0.0,0.41476968
0.82540876,1.0,0.6783576
0.77237874,0.0,0.113230586
0.67213666,1.0,0.6114179
0.8147752,0.0,0.35032958
0.8805928,0.0,0.0032129597
0.67211765,0.0,0.15599445
0.87871253,1.0,0.017768828
0.76065195,1.0,0.35350165
0.593263,1.0,0.29184225
0.7937594,0.0,0.015616362
0.6869409,0.0,0.14679298
0.59266335,0.0,0.10488795
0.79950774,0.0,0.0
0.5544315,0.0,0.19308197
0.6936763,0.0,0.040313642
0.82033855,0.0,0.064592466
0.8034276,0.0,0.63847613
0.86249393,0.0,0.39670753
0.7378293,0.0,0.3801352
0.76744497,0.0,0.7950873
0.8079369,0.0,0.60772866
0.7058891,0.0,0.25404912
0.65862775,0.0,0.2208333
0.7470295,0.0,0.36594212
0.80539876,0.0,0.48563895
0.6756316,0.0,0.0888674
0.80928266,0.0,0.06424854
0.8219774,0.0,0.15096489
0.664821,0.0,0.047562256
0.5468729,0.0,0.028762186
0.53449816,0.0,0.051072706
0.7377738,0.0,0.1677897
0.79453063,0.0,2.324152e-06
0.77136177,0.0,0.13287513
0.70496273,0.0,0.2737986
0.80121017,0.0,0.1135182
0.6156945,0.0,0.06932738
0.82068884,0.0,0.13878837
0.6117923,0.0,0.0
0.8173155,0.0,0.0
0.7812945,0.0,0.0
0.6296832,0.0,0.009915744
0.7978382,0.0,0.15650803
0.6606925,0.0,0.8571572
0.81969583,0.0,0.37160158
0.6446417,0.0,0.040819757
0.6935332,0.0,0.0
0.79236144,0.0,0.012678459
0.6328817,0.0,0.038700394
0.8045866,0.0,0.001567334
0.70152515,0.0,0.2968377
0.8267076,0.0,0.004772762
0.63191354,0.0,0.6586352
0.7369771,0.0,0.32185712
0.8076995,0.0,0.0
0.76233643,0.0,0.12660569
0.70587415,0.0,0.2848178
0.73134685,0.0,0.19998571
0.6841759,0.0,0.13995144
0.75089616,0.0,0.6265007
0.7152489,0.0,0.54488665
0.37148914,0.0,0.78126603
0.8192794,0.0,0.26722494
0.7664822,1.0,0.3293375
0.7294114,1.0,0.47513005
0.65364695,1.0,0.59388375
0.71156734,1.0,0.502581
0.6440511,0.0,0.37231416
0.71870965,0.0,0.28657427
0.77088714,0.0,0.603294
0.716024,0.0,0.33904052
0.81488955,0.0,0.22925647
0.74762726,0.0,0.699708
0.71735346,0.0,0.26020566
0.7831928,0.0,0.26941496
0.76812553,0.0,0.37154093
0.7457852,0.0,0.02228792
0.56243527,0.0,0.6002567
0.58121353,0.0,0.12961918
0.5176419,0.0,0.48773965
0.8451093,0.0,0.17580807
0.6438805,0.0,0.60563964
0.694587,0.0,0.06987617
0.7271864,0.0,0.08138792
0.59566224,0.0,0.05674076
0.696387,0.0,0.017311228
0.6515573,0.0,0.10042676
0.7354439,0.0,0.13506609
0.765896,0.0,0.0072176047
0.7495819,0.0,0.24925636
0.827113,0.0,0.19914341
0.82156825,0.0,0.069977045
0.8656308,0.0,0.16939536
0.8119338,0.0,0.021785302
0.7106151,0.0,0.0
0.6892109,0.0,0.0006657614
0.8178698,0.0,0.0
0.80710727,0.0,0.00068864075
0.8179809,0.0,0.0
0.7698684,0.0,0.19058834
0.8513069,0.0,0.0057235123
0.8038497,0.0,0.70120335
0.772453,0.0,0.635219
0.7726467,0.0,0.49806944
0.7041188,0.0,0.053298447
0.76361954,0.0,0.0
0.75936776,0.0,0.07126066
0.620394,0.0,0.0
0.81438446,0.0,0.0
0.8965214,0.0,0.0
0.90028006,0.0,0.0002537965
0.8130388,0.0,0.0045075943
0.80464125,0.0,0.0
0.5428375,0.0,0.08874305
0.86980546,0.0,0.028929112
0.86107224,0.0,0.07558357
0.9062811,0.0,0.32247314
0.76602346,0.0,0.112319075
0.79098815,0.0,0.7600538
0.76721674,0.0,0.7286447
0.77174556,0.0,0.23353876
0.750297,0.0,0.8192506
0.7661262,0.0,0.49820852
0.6443284,0.0,0.08712762
0.65837485,0.0,0.52435696
0.67865324,0.0,0.053252406
0.86866057,0.0,0.024348559
0.77891684,0.0,0.118131526
0.82322913,0.0,0.4053772
0.81881297,0.0,0.14359908
0.6468558,0.0,0.476877
0.7498332,0.0,0.07122047
0.70040095,0.0,0.6650303
0.7431483,0.0,0.32343686
0.63627464,0.0,0.46134326
0.6915123,0.0,0.62073296
0.6055724,0.0,0.23114708
0.5098636,0.0,0.0
0.67850626,0.0,0.088220246
0.7389409,0.0,0.015531555
0.6464011,0.0,0.16393712
0.6690434,0.0,0.036182314
0.73374724,0.0,0.018198667
0.59352124,0.0,0.26464197
0.82971567,0.0,0.07018574
0.7656244,0.0,0.0011723507
0.64188325,0.0,0.36417422
0.79630274,0.0,0.41075364
0.7201542,0.0,0.31808668
0.6357441,0.0,0.38046062
0.7930366,0.0,0.15382923
0.6265021,0.0,0.15218236
0.69542056,0.0,0.0
0.8059808,0.0,0.0
0.7460219,0.0,0.0073731234
0.7740885,0.0,0.0
0.6665776,0.0,0.043643147
0.6983727,0.0,0.39643344
0.775783,0.0,0.25398242
0.75627005,0.0,0.055867292
0.8194844,0.0,0.06702766
0.6111251,0.0,0.012297341
0.79611886,0.0,0.12470758
0.66082835,0.0,0.0015615107
0.82213384,0.0,0.0012023227
0.78067416,0.0,0.28211135
0.7674973,0.0,0.022615468
0.7418024,0.0,0.28553146
0.76550406,0.0,0.50085294
0.80769205,0.0,0.3696
0.7369886,0.0,0.2212052
0.7638787,0.0,0.5376116
0.7292104,0.0,0.42997342
0.8335808,0.0,0.37088546
0.7736887,0.0,0.12338421
0.86444026,0.0,0.4511081
0.7720956,0.0,0.1325768
0.52304804,0.0,0.52404684
0.56974876,0.0,0.31202862
0.73540616,0.0,0.70110744
0.7071905,0.0,0.1753733
0.55797285,0.0,0.24161854
0.7752068,0.0,0.016099654
0.79017985,0.0,0.068080254
0.48904628,0.0,0.0
0.57479316,0.0,0.0
0.7166901,0.0,0.060455814
0.790933,0.0,0.040289443
0.7129952,0.0,0.06782925
0.64122105,0.0,0.3164247
0.78392154,0.0,0.5593586
0.52383685,0.0,0.042593338
0.624197,0.0,0.6456032
0.8333048,0.0,0.18998525
0.57398874,0.0,0.0
0.7008545,0.0,0.0
0.7834911,0.0,0.0
0.47144693,0.0,0.0
0.6269674,0.0,0.1216517
0.63771385,0.0,0.29256052
0.80057216,0.0,0.46259972
0.74770683,0.0,0.002157384
0.84185386,0.0,0.15058184
0.52782553,0.0,0.0038435445
0.79171443,0.0,0.035238776
0.71784955,0.0,0.039086007
0.779928,0.0,0.0555431
0.7728738,0.0,0.24772868
0.7218004,0.0,0.20240124
0.69739044,0.0,0.56815714
0.7273452,0.0,0.08555294
0.8422714,0.0,0.4748786
0.7759243,0.0,0.44953546
0.74357116,0.0,0.4611429
0.7599243,0.0,0.3175399
0.75365293,0.0,0.4418453
0.6889275,0.0,0.0070614917
0.55675316,0.0,0.32090035
0.7665661,0.0,0.21738462
0.7478911,0.0,0.006677614
0.79051965,0.0,0.7231851
0.81219393,0.0,0.38656864
0.79550475,0.0,0.14534163
0.8342082,0.0,0.46378118
0.8356422,0.0,0.7553244
0.77809036,0.0,0.5948719
0.73717463,0.0,0.56942266
0.6067459,0.0,0.5008344
0.71200764,0.0,0.11151359
0.5362115,0.0,0.15385173
0.64052784,0.0,0.0
0.67464525,0.0,0.0039255195
0.51878417,0.0,0.024959061
0.4951256,0.0,0.014213197
0.6093898,0.0,0.11147921
0.7922682,0.0,0.05107238
0.5144397,0.0,0.045429446
0.39250135,0.0,0.18411362
0.6167222,0.0,0.5050432
0.75148183,0.0,0.24011755
0.7535462,0.0,0.098622516
0.88634634,0.0,0.0
0.67773837,0.0,0.001479376
0.6610846,0.0,0.0
0.71913564,0.0,0.0
0.7674135,0.0,0.011016261
0.7921793,0.0,0.04182663
0.7482307,0.0,0.12297561
0.7133638,0.0,0.14521834
0.781532,0.0,0.5928868
0.7440565,0.0,0.35499656
0.7939878,0.0,0.24827671
0.79562306,0.0,0.14680086
0.7830974,0.0,0.5884767
0.82634497,0.0,0.4203865
0.7869709,0.0,0.29762778
0.75800276,0.0,0.045537397
0.8165006,0.0,0.10921623
0.7913263,0.0,0.0027846426
0.7938285,0.0,0.0
0.5018363,0.0,0.025896482
0.7178295,0.0,0.009368441
0.5741913,0.0,0.24026777
0.7701139,0.0,0.028825859
0.6884734,0.0,0.24137768
0.8132963,0.0,0.39225546
0.7495745,0.0,0.8814403
0.776296,0.0,0.54334253
0.81135017,0.0,0.3149993
0.72945356,0.0,0.85501933
0.7063717,0.0,0.46478748
0.74290264,0.0,0.6602945
0.78950006,0.0,0.2928067
0.63866675,0.0,0.39848998
0.7831852,0.0,0.11630898
0.6465714,0.0,0.25658843
0.7155695,0.0,0.17678323
0.7875395,0.0,0.01739969
0.6968554,1.0,0.2800591
0.78940487,1.0,0.24288605
0.6287416,1.0,0.1400952
0.79231197,0.0,0.009400337
0.84049153,1.0,0.5507916
0.7898158,0.0,0.22439891
0.8614084,1.0,0.38473254
0.7814992,0.0,0.111428164
0.82694924,0.0,0.43413925
0.77154183,0.0,0.4152821
0.7387734,0.0,0.008084778
0.7382065,0.0,0.34775212
0.7434795,0.0,0.04912919
0.8213218,0.0,0.06177724
0.78937876,0.0,0.022809476
0.8604673,0.0,0.066326715
0.78160065,0.0,0.14960419
0.6881986,0.0,0.20669822
0.7891725,0.0,0.2171634
0.65370584,0.0,0.010920398
0.6717064,0.0,0.52634954
0.71742034,0.0,0.4746453
0.7636835,0.0,0.08134235
0.7410205,0.0,0.20272598
0.6838127,0.0,0.0
0.6421483,0.0,0.0031188536
0.6468231,0.0,0.0218725
0.7253917,0.0,0.0061804256
0.6800803,0.0,0.012419286
0.8417938,0.0,0.01624212
0.6910668,0.0,0.01722265
0.7329505,0.0,0.012681361
0.7721903,0.0,0.006893793
0.6834895,1.0,0.14974773
0.8335448,1.0,0.20242615
0.6941368,0.0,0.07546432
0.73729575,0.0,0.077451535
0.610532,0.0,0.0049162824
0.75353867,0.0,0.004864892
0.7899395,0.0,0.017043404
0.6112583,0.0,0.19661374
0.7039588,0.0,0.16456203
0.7638584,0.0,0.7617314
0.63230276,0.0,0.36862344
0.6732779,0.0,0.63277406
0.7428925,0.0,0.45980465
0.75703365,0.0,0.3326597
0.8481285,0.0,0.04003354
0.81791705,0.0,0.0875966
0.72162205,0.0,0.053485453
0.8184086,0.0,0.08072633
0.73241895,1.0,0.40006724
0.82586354,0.0,0.09493663
0.8101787,1.0,0.364663
0.83789694,1.0,0.5850756
0.8627988,1.0,0.7208512
0.8238908,0.0,0.07570701
0.7175656,1.0,0.40678686
0.7630566,0.0,0.0052758614
0.806625,1.0,0.36866516
0.69322515,1.0,0.062441356
0.7227764,1.0,0.17472139
0.7639124,1.0,0.5354448
0.8361408,1.0,0.13720568
0.77243876,1.0,0.7670382
0.74624705,0.0,0.6985943
0.77969706,1.0,0.6382262
0.8211113,1.0,0.4448368
0.74871004,1.0,0.3558992
0.6904009,0.0,0.008337647
0.81773365,0.0,0.022225056
0.5064522,0.0,0.0053617936
0.7138474,0.0,0.097353026
0.55091864,0.0,0.0
0.6943417,0.0,0.14469506
0.75989616,0.0,0.08785626
0.754173,0.0,0.07133798
0.77211165,0.0,0.0036816185
0.7600282,0.0,0.16063231
0.827805,0.0,0.046325676
0.6450642,0.0,0.049315877
0.62864816,0.0,0.389175
0.74315935,0.0,0.51459944
0.6581112,0.0,0.39352378
0.68279314,0.0,0.0055702496
0.5864803,0.0,0.3243325
0.6728182,0.0,0.21524267
0.6849109,0.0,0.33460367
0.6861809,0.0,0.82493585
0.7721246,0.0,0.6761866
0.7697744,0.0,0.4945935
0.80662787,0.0,0.39363807
0.68075347,0.0,0.18852891
0.4045045,0.0,0.6354024
0.61969966,0.0,0.2645561
0.7536628,0.0,0.06385076
0.64720124,0.0,0.04069147
0.4981226,0.0,0.0
0.516711,0.0,0.0022838353
0.47257996,0.0,0.0
0.7011121,0.0,0.011061277
0.5014921,0.0,0.010866173
0.44421878,0.0,0.0040751863
0.5423975,0.0,0.03311015
0.64886063,0.0,0.07618314
0.66094387,0.0,0.05838678
0.78595084,0.0,0.013159822
0.7724489,0.0,0.0
0.78896224,0.0,0.014254615
0.6677584,0.0,0.0057791886
0.8396007,1.0,0.04420161
0.7891538,0.0,0.012200441
0.7001707,0.0,0.0039389348
0.4657139,0.0,0.08252995
0.7574435,0.0,0.102273755
0.7100003,0.0,0.43722957
0.78425574,0.0,0.14567667
0.7134395,0.0,0.78237087
0.58564794,0.0,0.6891174
0.80468833,0.0,0.29823422
0.67045295,0.0,0.7537223
0.74743044,0.0,0.5724155
0.7030617,0.0,0.09880812
0.58204246,0.0,0.18696237
0.5055035,0.0,0.40297487
0.6708336,0.0,0.5109524
0.6332649,0.0,0.39347234
0.7528772,0.0,0.37024176
0.5949887,0.0,0.8493854
0.7831909,0.0,0.19579157
0.7283713,0.0,0.48928785
0.72122574,0.0,0.3403504
0.7753941,0.0,0.67998856
0.649529,0.0,0.49332097
0.8063075,0.0,0.13383193
0.7447203,0.0,0.12775484
0.7117832,0.0,0.44724026
0.69547224,0.0,0.22731258
0.7314446,0.0,0.6284042
0.662273,0.0,0.7396918
0.70613384,0.0,0.5063459
0.41900536,0.0,0.715514
0.70889664,0.0,0.6300619
0.79203385,0.0,1.0
0.6902024,0.0,0.5679186
0.5890063,0.0,0.114027575
0.74676687,0.0,0.86244816
0.7162811,0.0,0.32810304
0.70240235,0.0,0.1719101
0.6673589,0.0,0.5652577
0.81709397,0.0,0.92893285
0.8656731,0.0,0.317675
0.6693081,0.0,0.6770252
0.8744824,0.0,0.10897321
0.45317176,0.0,0.42956075
0.59998786,0.0,0.58765274
0.2647095,0.0,0.53899485
0.7778263,0.0,0.24872689
0.6186344,0.0,0.1936969
0.17343435,0.0,0.13752337
0.73339444,0.0,0.15402633
0.2941376,0.0,0.09532572
0.7665118,0.0,0.381429
0.8546919,0.0,0.13743412
0.87466866,0.0,0.04107702
0.73184866,0.0,0.06452044
0.57358444,0.0,0.29167876
0.5845904,0.0,0.51204777
0.45505136,1.0,0.4625786
0.7606611,0.0,0.25237396
0.73996156,1.0,0.43061015
0.7104474,0.0,0.09911079
0.55926335,1.0,0.3911022
0.69098127,0.0,0.0009920696
0.68828475,1.0,0.18052663
0.57054067,0.0,0.2130148
0.6210762,1.0,0.4210343
0.7074094,0.0,0.00952022
0.8244055,0.0,0.5303675
0.6760139,0.0,0.003321044
0.7935667,0.0,0.36329117
0.8367318,0.0,0.00034638456
0.82352674,0.0,0.17007025
0.84829265,0.0,0.10327244
0.4743341,0.0,0.2168791
0.7948492,0.0,0.6671845
0.7546742,0.0,0.29044977
0.48589888,0.0,0.6045981
0.7056569,0.0,0.7403727
0.55769503,0.0,0.21323003
0.6367013,0.0,0.18620154
0.7009426,0.0,0.50919205
0.8006789,0.0,0.04867146
0.73897076,0.0,0.4701788
0.45317635,0.0,0.5304652
0.877914,0.0,0.02957219
0.8000458,1.0,0.25137284
0.7470332,0.0,0.0012537548
0.80317056,1.0,0.40443778
0.82578516,0.0,0.0065226764
0.82275003,1.0,0.3306802
0.79690486,0.0,0.007481868
0.6728422,1.0,0.32314426
0.63529545,0.0,0.18176062
0.51480496,1.0,0.57638437
0.746591,1.0,0.5396993
0.6464851,0.0,0.018499002
0.7467846,1.0,0.13929941
0.8107097,0.0,0.014898232
0.841624,1.0,0.36372882
0.8459971,1.0,0.017587552
0.74842733,1.0,0.20220757
0.68308324,0.0,0.016486397
0.74718595,1.0,0.20698129
0.8813366,1.0,0.4838156
0.675706,0.0,0.0063372
0.57569647,0.0,0.19667682
0.78786653,0.0,0.23368026
0.76860154,0.0,0.37204972
0.7484629,0.0,0.0033720396
0.39221647,0.0,0.0
0.665869,0.0,0.06438955
0.61972433,0.0,0.025851302
0.74200505,0.0,0.0072570015
0.5085306,0.0,0.022343338
0.44657168,0.0,0.007064969
0.78038025,0.0,0.00035837467
0.58818114,0.0,0.01634956
0.46100792,0.0,0.072478496
0.6263307,0.0,0.0070801834
0.56726074,0.0,0.01814642
0.40307227,0.0,0.10313124
0.5022245,0.0,0.010672615
0.6100761,0.0,0.0
0.3965191,0.0,0.0
0.7868417,0.0,0.015570219
0.58508766,0.0,0.002749529
0.8359181,0.0,0.023419697
0.82813555,0.0,0.011882568
0.735797,1.0,0.35178834
0.78195655,0.0,0.3277053
0.6567803,0.0,0.29845878
0.60977536,0.0,0.63908446
0.4023188,0.0,0.5009139
0.7413213,0.0,0.1301909
0.69713145,0.0,0.44658062
0.7491843,0.0,0.05369515
0.4812379,0.0,0.0017609202
0.87884736,0.0,0.0064770193
0.7607812,0.0,0.0687526
0.7147458,0.0,0.10116778
0.81900686,0.0,0.01828621
0.34443057,0.0,5.527609e-05
0.7246456,0.0,0.02022046
0.7586003,0.0,0.18548393
0.8581993,0.0,0.029230105
0.8029111,0.0,0.33727527
0.88904876,0.0,0.02622168
0.5388128,0.0,0.4383916
0.77995646,0.0,0.029421814
0.37705052,0.0,0.20200814
0.75984335,0.0,0.0020355093
0.58747566,0.0,0.22670327
0.8779685,0.0,0.028388785
0.44131875,0.0,0.3896868
0.54319394,0.0,0.7842478
0.7473902,0.0,0.35666957
0.60768956,0.0,0.68866277
0.5424792,0.0,0.4909761
0.84113413,0.0,0.399745
0.6672056,0.0,0.009523678
0.7309815,0.0,0.25350484
0.6126613,0.0,0.008314704
0.6702177,0.0,0.44419906
0.7067314,0.0,0.030959768
0.6347389,0.0,0.3253654
0.86509293,0.0,0.008203055
0.72930837,0.0,0.47110397
0.31209353,0.0,0.011354909
0.6719497,0.0,0.3048292
0.8145788,0.0,0.2934766
0.8062711,0.0,0.75953585
0.8142854,0.0,0.6087553
0.5577277,0.0,0.4251496
0.8216946,1.0,0.25449923
0.7672994,0.0,0.013751008
0.5894402,0.0,0.19052984
0.54046446,0.0,0.019220319
0.78143466,0.0,0.35737503
0.86251765,0.0,0.032023404
0.73268074,0.0,0.3323677
0.7388907,0.0,0.02184758
0.76564837,0.0,0.42144278
0.53400743,0.0,0.1533257
0.79909396,0.0,0.16941379
0.70849586,0.0,0.010033336
0.5222643,0.0,0.14339328
0.8176282,0.0,0.5483036
0.5395936,0.0,0.06506565
0.56006736,0.0,0.38251856
0.6650013,0.0,0.44638675
0.25001696,0.0,0.4003604
0.81014925,0.0,0.04495879
0.7405297,0.0,0.4043179
0.6877013,0.0,0.09370165
0.7020202,0.0,0.40766767
0.70958585,0.0,0.056936633
0.5978563,0.0,0.4978463
0.6550969,0.0,0.5405132
0.8017671,0.0,0.1408449
0.87430096,0.0,0.44608045
0.7655661,0.0,0.059714545
0.7000092,0.0,0.34475008
0.88183564,0.0,0.046561
0.64305896,0.0,0.36642003
0.8039553,0.0,0.1628032
0.72725856,0.0,0.48286197
0.680067,0.0,0.62743837
0.702863,0.0,0.21585031
0.665018,0.0,0.297654
0.6956299,0.0,0.029664183
0.8225586,0.0,0.32214043
0.82076436,0.0,0.05205552
0.77858406,0.0,0.566232
0.8569522,0.0,0.1191563
0.8780682,0.0,0.47503158
0.8751903,0.0,0.09728589
0.67664695,0.0,0.49737018
0.89763355,0.0,0.040176414
0.786173,0.0,0.22353056
0.8320341,0.0,0.07904398
0.6868458,0.0,0.41773093
0.6092384,0.0,0.40475613
0.71963465,0.0,0.77832144
0.7143963,0.0,0.7443787
0.63745844,0.0,0.40090892
0.6926602,0.0,0.4739174
0.8145475,0.0,0.49263823
0.8208703,0.0,0.28208143
0.57984614,0.0,0.34856674
0.8098025,0.0,0.014463951
0.49904767,0.0,0.2982305
0.7294073,0.0,0.031318784
0.54507333,0.0,0.5289971
0.8009003,0.0,0.068884976
0.72211254,0.0,0.22941533
0.8401156,0.0,0.0048923604
0.78405875,0.0,0.33933273
0.89814615,0.0,0.06575886
0.73832935,0.0,0.50899583
0.7706805,0.0,0.36024603
0.73450315,0.0,0.93271124
0.64031196,0.0,1.0
0.71159935,0.0,0.7967524
0.58823013,0.0,0.21878585
0.5830663,0.0,0.29754642
0.7155736,0.0,0.5270314
0.8157291,0.0,0.2919188
0.6776511,0.0,0.05253527
0.5129311,0.0,0.13525626
0.64231604,0.0,0.014093515
0.6201548,0.0,0.28281808
0.7474219,0.0,0.025722802
0.62438977,0.0,0.32936463
0.68805766,0.0,0.33667386
0.80767626,0.0,0.04236736
0.8194493,1.0,0.47865695
0.8089322,1.0,0.056161437
0.70760334,1.0,0.53825504
0.8788451,0.0,0.087890364
0.7483,0.0,0.29737356
0.7349126,0.0,0.48484558
0.7735105,0.0,0.58723736
0.72270477,1.0,0.53669196
0.58637196,0.0,0.39964727
0.764839,1.0,0.15266289
0.77697045,0.0,0.0037773186
0.6185526,1.0,0.39321396
0.8539309,1.0,0.013415969
0.64095384,1.0,0.09897063
0.8061667,0.0,0.015917987
0.7737246,0.0,0.059101567
0.8050911,0.0,0.01829535
0.7686077,0.0,0.24901636
0.7808031,0.0,0.002914047
0.5871486,0.0,0.025493886
0.683876,0.0,0.2248652
0.6603873,0.0,0.57104135
0.71175295,0.0,0.75515544
0.6815936,0.0,0.3351077
0.68075085,0.0,0.48704132
0.58771884,0.0,0.7175872
0.2521256,0.0,0.66712147
0.8081473,0.0,0.1713507
0.7392792,0.0,0.32415932
0.50485265,0.0,0.05400343
0.58861846,0.0,0.6173236
0.54852736,0.0,0.35369426
0.6229226,0.0,0.10012408
0.474266,0.0,0.2937196
0.561613,0.0,0.53620356
0.52796423,1.0,0.454548
0.5848888,1.0,0.08171018
0.73072046,0.0,0.4584402
0.75449187,1.0,0.4728441
0.74276227,0.0,0.3921162
0.45188212,0.0,0.74901533
0.78132176,0.0,0.33962363
0.3853511,0.0,0.08466584
0.76571906,0.0,0.3617659
0.38024494,0.0,0.35517356
0.7687061,0.0,0.07264031
0.6110659,1.0,0.4994691
0.72090566,1.0,0.69919354
0.82318354,1.0,0.6860567
0.8551785,1.0,0.17685314
0.6935952,1.0,0.030435747
0.64113206,1.0,0.33542627
0.6844809,1.0,0.28469235
0.67408895,0.0,0.0016982147
0.71967137,0.0,0.021256763
0.57507473,1.0,0.44305423
0.8018214,1.0,0.36653978
0.37259197,0.0,0.09284389
0.84679186,0.0,0.5846172
0.6447954,0.0,0.28497854
0.33263448,0.0,0.25353476
0.85467327,0.0,0.34842283
0.7471591,0.0,0.3212993
0.45906556,0.0,0.36595997
0.37037936,0.0,0.27915865
0.82595974,0.0,0.6890768
0.62108094,0.0,0.40471864
0.6999152,0.0,0.41029245
0.84866965,0.0,0.08150885
0.6573884,0.0,0.12885727
0.7965413,0.0,0.19878276
0.6731321,0.0,0.21192636
0.72989863,0.0,0.22488365
0.58124703,0.0,0.16727073
0.27922934,0.0,0.0
0.69116616,0.0,0.27148038
0.88127375,0.0,0.00204221
0.6097525,0.0,0.41082466
0.33878127,0.0,0.5309975
0.7335649,0.0,0.1594205
0.43376702,0.0,0.32553762
0.5484162,0.0,0.0039828047
0.5581797,0.0,0.0910084
0.71872056,0.0,0.0
0.77254647,0.0,0.11958003
0.44585502,0.0,0.18928419
0.84099424,0.0,0.036294706
0.8670906,0.0,0.35908827
0.78684944,0.0,0.23572946
0.45598415,0.0,0.75189084
0.87930155,0.0,0.17562018
0.8012131,1.0,0.4751986
0.57438993,1.0,0.5554252
0.60770994,0.0,0.15798064
0.6039236,1.0,0.13412789
0.84024185,1.0,0.4836698
0.7746335,0.0,0.06446151
0.8218813,0.0,0.03539547
0.78152204,1.0,0.05560751
0.83086187,1.0,0.23216856
0.5552947,0.0,0.0
0.65457493,0.0,0.042023633
0.83424366,1.0,0.3499173
0.8252636,1.0,0.44607496
0.6560185,0.0,0.094691075
0.7969416,0.0,0.25403237
0.7734962,0.0,0.043890767
0.74419874,0.0,0.34732598
0.86177665,0.0,0.23367876
0.8142945,0.0,0.5292694
0.7309704,0.0,0.048527315
0.7277913,0.0,0.030737013
0.6080058,0.0,0.12861054
0.34521988,0.0,0.23285238
0.7941001,0.0,0.1392397
0.6267591,0.0,0.03268229
0.7731644,0.0,0.0
0.75533384,1.0,0.12911434
0.771636,1.0,0.048023887
0.7666484,1.0,0.30717835
0.82543135,0.0,0.3933667
0.7460092,0.0,0.37970167
0.68128836,0.0,0.6199132
0.42738235,0.0,0.59155214
0.75967574,0.0,0.62844074
0.64660716,0.0,0.6667543
0.7957149,0.0,0.19227937
0.74227506,0.0,0.2939644
0.6051423,0.0,0.03381784
0.8153588,0.0,0.082508534
0.68732613,0.0,0.04601169
0.6037643,0.0,0.010224432
0.5231321,0.0,0.091959916
0.74412096,0.0,0.2569198
0.82672846,0.0,0.19174816
0.74462146,0.0,0.16775952
0.7251902,0.0,0.57694507
0.47146103,0.0,0.29921567
0.27682665,0.0,0.14487629
0.8212418,0.0,0.08427587
0.6745583,0.0,0.0
0.5746665,0.0,0.18517345
0.71083987,0.0,0.3726433
0.61080664,0.0,0.12752569
0.6653761,0.0,0.0077600726
0.39672586,0.0,0.3602008
0.3169264,0.0,0.6436585
0.5110534,0.0,0.30705342
0.76009464,0.0,0.33741152
0.68244183,0.0,0.12751536
0.574317,0.0,0.48355156
0.73629254,0.0,0.20069863
0.59399563,0.0,0.3713383
0.64029634,0.0,0.13119395
0.23772737,0.0,0.00021020406
0.41562033,0.0,0.03268675
0.70543486,0.0,0.36234197
0.77782387,0.0,0.013131793
0.60221463,0.0,0.0
0.6974887,0.0,0.20015496
0.72809345,0.0,0.037922066
0.55522615,0.0,0.003424487
0.6398707,0.0,0.0
0.86030847,0.0,0.064227104
0.47831717,0.0,0.0
0.5480774,0.0,0.0
0.6270765,0.0,0.056010257
0.7745431,0.0,0.1563151
0.51897514,0.0,0.0
0.7369731,0.0,0.051989347
0.55583274,0.0,0.35525808
0.675989,0.0,0.28154343
0.63490075,0.0,0.3829774
0.53465706,0.0,0.8356601
0.41335696,0.0,0.56703854
0.72943527,0.0,0.79220796
0.5784112,0.0,0.4657495
0.44469726,0.0,0.1305806
0.7644273,0.0,0.058607332
0.6591642,0.0,0.15534885
0.48903522,0.0,0.02595644
0.562913,0.0,0.0
0.5443833,0.0,0.0
0.77808136,0.0,0.0021943857
0.6790896,0.0,0.09033594
0.83739555,0.0,0.06565459
0.67524093,0.0,0.012015699
0.6985603,0.0,0.11673266
0.43647546,0.0,0.0
0.667841,0.0,0.41747525
0.8676214,0.0,0.07604143
0.743214,0.0,0.0030809925
0.7717203,0.0,0.16780703
0.7915605,0.0,0.0
0.5790057,0.0,0.1811895
0.7195583,0.0,0.75333285
0.56009114,0.0,0.47773224
0.6021305,0.0,0.16747804
0.8928664,0.0,0.086687006
0.6854007,0.0,0.0
0.78950524,0.0,0.0022557494
0.49112445,0.0,3.500611e-05
0.3600296,0.0,0.068767674
0.8311993,0.0,0.095081665
0.794677,0.0,0.0
0.70350903,0.0,0.07381926
0.8163409,0.0,0.13072462
0.619217,0.0,0.0
0.76198924,0.0,0.0
0.5098414,0.0,0.14529727
0.872465,0.0,0.11348519
0.80863726,0.0,0.3257381
0.63219434,0.0,0.37270457
0.6223219,0.0,0.7086451
0.79978734,0.0,0.4940469
0.5177195,0.0,0.52734184
0.8182423,0.0,0.39587712
0.6017292,0.0,0.23019691
0.71237963,0.0,0.281841
0.6971676,0.0,0.2719087
0.7374593,0.0,0.3487543
0.67335904,0.0,0.19800301
0.517162,0.0,0.3825757
0.65022093,0.0,0.66231036
0.5944983,0.0,0.30779254
0.67267656,0.0,0.21212287
0.49889985,0.0,0.121382855
0.84126157,0.0,0.18539771
0.6757889,0.0,0.33587456
0.61919916,0.0,0.06752426
0.8092351,0.0,0.04729901
0.4993427,0.0,0.049905434
0.53747916,0.0,0.013102807
0.6820474,0.0,0.040398568
0.8511252,0.0,0.102203116
0.78393555,0.0,0.10700435
0.5611398,0.0,0.002452223
0.6958341,0.0,0.21547683
0.7436651,0.0,0.47312576
0.7515626,0.0,0.54599005
0.6073932,0.0,0.12917104
0.8050141,0.0,0.31617928
0.45234203,0.0,0.24343656
0.6539082,0.0,0.59890914
0.5843774,0.0,0.43668568
0.6902846,0.0,0.05841562
0.8108838,0.0,0.31911504
0.8337413,0.0,0.07017674
0.5188368,0.0,0.01830294
0.5377484,0.0,0.21047698
0.2882609,0.0,0.2820908
0.5469998,0.0,0.13622627
0.8148172,0.0,0.016917234
0.59237725,0.0,0.02121607
0.7744488,0.0,0.0
0.7514236,0.0,0.04543716
0.4785133,0.0,0.003740442
0.43752152,0.0,0.00085992826
0.55525523,0.0,0.0
0.70888317,0.0,0.0017561837
0.69782835,0.0,0.0009127098
0.90189505,0.0,0.015547879
0.8319767,0.0,0.0008837937
0.60494965,0.0,0.0
0.5560995,0.0,0.0
0.46149594,0.0,0.082988895
0.5748958,0.0,0.08323626
0.8409993,0.0,0.0
0.812604,0.0,0.18536167
0.8020821,0.0,0.2795888
0.4229559,0.0,0.70542336
0.53654695,0.0,0.6085917
0.78635633,0.0,0.45054027
0.6810723,0.0,0.3188173
0.64360505,0.0,0.16171654
0.77111536,0.0,0.546367
0.8080786,0.0,0.086028926
0.6339796,0.0,0.25620764
0.5196886,0.0,0.19503921
0.73410875,0.0,0.0
0.7915572,0.0,0.015647441
0.607729,0.0,0.3205362
0.66389835,0.0,0.4535248
0.61544335,0.0,0.35651055
0.7194116,0.0,0.08089225
0.55222005,0.0,0.5028266
0.76917607,0.0,0.6688345
0.763858,0.0,0.6739937
0.5395585,0.0,0.045212843
0.7910787,0.0,0.29728302
0.66555315,0.0,0.2246863
0.81165636,0.0,0.63287824
0.6466227,0.0,0.29652587
0.53186774,0.0,0.0022393838
0.64220786,0.0,0.3716581
0.79460233,0.0,0.47481155
0.7030212,0.0,0.06768268
0.71136814,0.0,0.014501842
0.62832355,0.0,0.16841826
0.81038535,0.0,0.49449784
0.4920911,0.0,0.39323345
0.1918482,0.0,0.70521295
0.5194149,0.0,0.32430616
0.72169244,0.0,0.18360268
0.78035873,0.0,0.06641565
0.6527764,0.0,0.5734036
0.6617999,0.0,0.21359272
0.5804416,0.0,0.1420533
0.642291,0.0,0.7153807
0.6375227,0.0,0.18996018
0.8517489,0.0,0.0025490026
0.7115587,0.0,0.4106633
0.7358766,0.0,0.43498456
0.88411653,0.0,0.2228311
0.7591734,0.0,0.34720516
0.75327516,0.0,0.015018965
0.5952407,0.0,8.958586e-05
0.61680406,0.0,0.34447592
0.5648054,0.0,0.19109459
0.4704578,0.0,0.0034412201
0.7898726,0.0,0.0041497983
0.7583493,0.0,0.46664533
0.5688608,0.0,0.016909465
0.53378344,0.0,0.0
0.7009901,0.0,0.37648696
0.8369716,0.0,0.15464658
0.8238306,0.0,0.0
0.87340593,0.0,0.0414121
0.7329352,0.0,0.33594143
0.70310843,0.0,0.5645481
0.61092764,0.0,0.4793618
0.4303684,0.0,0.077258974
0.7275836,0.0,0.5195328
0.7881802,0.0,0.40984502
0.844489,0.0,0.054785337
0.6795519,0.0,0.16963442
0.535362,0.0,0.47600406
0.39897874,0.0,0.03509574
0.47479898,0.0,0.35440296
0.5313698,0.0,0.3684281
0.5362359,0.0,0.00014011071
0.57592547,0.0,0.30199638
0.6349944,0.0,0.44822818
0.8143624,0.0,0.26171052
0.7370417,0.0,0.0014871791
0.6751338,0.0,0.24882574
0.6859788,0.0,0.41525504
0.7838953,0.0,0.02998421
0.769871,0.0,0.24002002
0.7458234,0.0,0.57843095
0.76067924,0.0,0.48356435
0.70073783,0.0,0.3166876
0.39478537,0.0,1.0
0.74111384,1.0,0.20600334
0.6623582,1.0,0.22684492
0.7714096,0.0,0.0046967333
0.77343595,1.0,0.12633601
0.7549129,0.0,0.010001079
0.832678,0.0,0.09706325
0.7831533,0.0,0.019472789
0.845736,0.0,0.25570217
0.60056096,0.0,0.3197104
0.6998308,0.0,0.55716777
0.6668539,0.0,0.40545925
0.6145689,0.0,0.0
0.8215369,0.0,0.26541898
0.7512956,0.0,0.036157694
0.7686786,0.0,0.0014402554
0.34454012,0.0,0.057071984
0.6765167,0.0,0.39476785
0.7657305,0.0,0.014297508
0.7395398,0.0,0.007150926
0.66422105,0.0,0.2647792
0.75925297,0.0,0.15333258
0.73631436,0.0,0.4742519
0.7149322,0.0,0.20941183
0.73155767,0.0,0.60725605
0.738168,1.0,0.6786499
0.8278187,1.0,0.6126836
0.8172095,1.0,0.34797502
0.8444929,1.0,0.3849994
0.8534891,1.0,0.096887805
0.7475845,1.0,0.49259683
0.8338003,0.0,0.13632976
0.46852434,0.0,0.5860283
0.75146246,0.0,0.63369584
0.59033555,0.0,0.088031776
0.8133098,1.0,0.36703795
0.79621315,0.0,0.0
0.76950574,1.0,0.2563769
0.76594555,0.0,0.025075046
0.811109,1.0,0.33838817
0.84005874,1.0,0.07545581
0.8017498,1.0,0.4866696
0.7340547,1.0,0.29263496
0.6610899,1.0,0.30930066
0.8356236,0.0,0.42383108
0.81032246,0.0,0.43414015
0.71889544,0.0,0.53214025
0.61142105,0.0,0.32867685
0.8028717,0.0,0.0
0.8703092,1.0,0.09840183
0.75057286,0.0,0.003464071
0.68267345,1.0,0.047147885
0.7744928,0.0,0.0015268996
0.6566757,1.0,0.33273736
0.6791021,1.0,0.06903557
0.70054644,1.0,0.3679026
0.7606262,1.0,0.46220836
0.75404125,1.0,0.81886023
0.68941367,0.0,0.4935987
0.8177773,0.0,0.14943781
0.7589682,0.0,0.0065135914
0.62252724,0.0,0.024717983
0.72610694,0.0,0.4327896
0.7047624,0.0,0.0
0.67440265,0.0,0.0
0.710014,0.0,0.28730348
0.5144791,1.0,0.45557883
0.74996144,0.0,0.043583278
0.8236173,0.0,0.0022116473
0.38382828,0.0,0.30327123
0.87365746,0.0,0.40562347
0.7320162,0.0,0.026245447
0.73210573,0.0,0.067363776
0.7882876,0.0,0.4555234
0.54079294,0.0,0.14236754
0.84386104,0.0,0.5758921
0.8298633,0.0,0.035566825
0.8371308,0.0,0.8046292
0.7900827,0.0,0.40750715
0.8172178,0.0,0.25407836
0.7718091,0.0,0.5434158
0.7017931,0.0,0.40732965
0.60832316,0.0,0.12934774
0.60492057,0.0,0.05755203
0.5626079,0.0,0.4756495
0.69863164,0.0,0.46053725
0.6985497,0.0,0.5310018
0.8143134,0.0,0.019462312
0.5695377,0.0,0.3504909
0.7745151,0.0,0.031118855
0.62780195,0.0,0.34774098
0.7574369,0.0,0.03913985
0.736303,1.0,0.3389697
0.7435251,0.0,0.0042305784
0.66810834,1.0,0.26335797
0.65808445,1.0,0.34393448
0.6249506,0.0,0.0
0.6766078,0.0,0.24500135
0.74853384,0.0,0.012146227
0.7277199,0.0,0.77860343
0.41314384,0.0,0.4960608
0.6723367,0.0,0.14108965
0.768721,0.0,0.29689148
0.55932516,0.0,0.509071
0.53303427,0.0,0.087948635
0.68729895,0.0,0.0
0.48714626,0.0,0.19986323
0.4202566,0.0,0.43075415
0.6790456,0.0,0.0
0.83579224,0.0,0.0
0.6572036,0.0,0.40280977
0.565847,0.0,0.3928231
0.8460141,0.0,0.14547835
0.24910924,0.0,0.5639647
0.86512744,0.0,0.03530915
0.68901503,0.0,0.63881946
0.7720135,0.0,0.092669815
0.7842236,0.0,0.38634402
0.7920098,0.0,0.098742425
0.7729374,0.0,0.45673358
0.32317513,0.0,0.40236732
0.7027532,1.0,0.48158938
0.75601166,1.0,0.51630384
0.71089756,1.0,0.3786694
0.8816777,0.0,0.040588424
0.84439963,0.0,0.07620005
0.80718744,0.0,0.0
0.7493763,0.0,0.24335413
0.7998504,0.0,0.019147312
0.527842,0.0,0.38465253
0.50007933,0.0,0.13217053
0.71264386,0.0,0.43565145
0.8010053,0.0,0.09793091
0.6695618,0.0,0.27704418
0.7650821,0.0,0.04839967
0.5813953,0.0,0.1796443
0.7101524,0.0,0.10155157
0.7793431,0.0,0.012307917
0.75414973,0.0,0.0001373348
0.40535071,0.0,0.0595771
0.7444995,0.0,0.028696422
0.73311186,0.0,0.0011150278
0.5772577,0.0,0.069972716
0.68917865,0.0,0.083382465
0.6539007,0.0,0.0
0.6339869,0.0,0.0027807988
0.5581449,0.0,0.29500738
0.7332271,0.0,0.2795008
0.7830209,0.0,0.027052393
0.7198282,0.0,0.5343169
0.7214242,0.0,0.7892976
0.7723648,0.0,0.4867813
0.7226311,0.0,0.49459863
0.7383279,0.0,0.12416414
0.85375315,0.0,0.66799796
0.72711027,0.0,0.47029015
0.76882046,0.0,0.12897865
0.5321092,0.0,0.043263517
0.79680645,0.0,0.55879027
0.44418293,0.0,0.68702745
0.7761713,0.0,0.06769889
0.7998391,0.0,0.12531821
0.68853694,0.0,0.612211
0.7453998,0.0,0.6121245
0.8070707,0.0,0.028048044
0.7886876,0.0,0.6600711
0.7886576,0.0,0.13182828
0.80209833,0.0,0.2921755
0.71669036,0.0,0.5885557
0.71120167,0.0,0.45675558
0.6423809,0.0,0.07707355
0.8716172,0.0,0.53483635
0.8292084,0.0,0.51006746
0.68553436,0.0,0.35174882
0.8049449,0.0,0.18698733
0.75651693,0.0,0.19780675
0.72338057,0.0,0.05328137
0.7133891,0.0,0.38898286
0.49942037,0.0,0.44440228
0.729326,0.0,0.1045941
0.3115729,0.0,0.45289108
0.74254286,0.0,0.0939498
0.7145366,0.0,0.110462405
0.70019555,0.0,0.65848756
0.21351726,0.0,0.5633915
0.79391927,0.0,0.20326638
0.8395488,0.0,0.3304316
0.6004542,0.0,0.06835405
0.5588535,0.0,0.110029265
0.7782528,0.0,0.010901788
0.36531535,0.0,0.0
0.8023808,0.0,0.07120828
0.6835183,0.0,0.070293896
0.69276345,0.0,0.38300294
0.820702,0.0,0.18092038
0.73811966,0.0,0.43481937
0.7630313,0.0,0.70759916
0.85016054,0.0,0.1289998
0.77586764,1.0,0.2969795
0.69205207,0.0,0.1557325
0.7620195,0.0,0.124935836
0.5180006,0.0,0.020614296
0.623308,0.0,0.0007554017
0.6506618,0.0,0.0062206513
0.7487154,0.0,0.026398815
0.60175544,0.0,0.03816754
0.78331375,0.0,0.01596119
0.6550723,0.0,0.17582181
0.6297486,0.0,0.018346386
0.56547874,0.0,0.34368116
0.4849587,0.0,0.50405794
0.4575542,0.0,0.33427423
0.7027929,0.0,0.17706203
0.6323913,0.0,0.349013
0.53402495,0.0,0.28966874
0.7436259,0.0,0.039309304
0.6531806,0.0,0.051688343
0.736055,0.0,0.004111069
0.2294512,0.0,0.04671131
0.60668665,0.0,0.0089992145
0.6544888,0.0,0.0078034136
0.5981818,0.0,0.0067766435
0.673527,0.0,0.052718613
0.50088733,0.0,0.033199195
0.44341794,1.0,0.33262473
0.7667222,0.0,0.005874748
0.28515506,0.0,0.0
0.5312237,1.0,0.16907276
0.71748066,0.0,0.0009232939
0.6262803,0.0,0.0022074385
0.4416539,0.0,0.0073453668
0.44907418,0.0,0.16195224
0.3070591,0.0,0.0
0.65965295,0.0,0.011140446
0.6624141,0.0,0.019001953
0.5883162,0.0,0.09166021
0.5403268,0.0,0.047735427
0.7143343,0.0,0.023429606
0.32086298,0.0,0.02120007
0.61350656,0.0,0.042585038
0.83797264,0.0,0.019591438
0.61876947,0.0,0.21142945
0.6670743,0.0,0.068437845
0.39681196,0.0,0.06420373
0.66381663,0.0,0.79300845
0.71692777,0.0,0.44814107
0.75642407,0.0,0.24137147
0.8139485,0.0,0.48414385
0.55226207,0.0,0.2398291
0.6985435,0.0,0.40254366
0.45273182,0.0,0.55490255
0.60532796,0.0,0.14381729
0.60606956,0.0,0.6732388
0.66756,0.0,0.29046506
0.5895874,0.0,0.008086688
0.8215107,0.0,0.04296073
0.7286062,0.0,0.010095772
0.78678524,0.0,0.20402086
0.23746173,0.0,0.2681704
0.67712593,0.0,0.0072633172
0.73311156,0.0,0.0039429995
0.6404072,0.0,0.04877083
0.6762461,0.0,0.0014873766
0.7847096,0.0,0.019424397
0.6776297,0.0,0.0
0.8226966,0.0,0.0
0.37350574,0.0,0.0104564885
0.667255,0.0,0.0073381457
0.71197766,0.0,0.00971208
0.20343451,0.0,0.299597
0.62985855,0.0,0.00035477598
0.26935032,0.0,0.106123984
0.8655309,0.0,0.021718426
0.67433494,0.0,0.015466524
0.67475235,0.0,0.23752995
0.6946117,0.0,0.13127181
0.3956174,1.0,0.6721433
0.7782144,1.0,0.60410553
0.7780056,1.0,0.40971282
0.32991055,1.0,0.45546874
0.74294686,0.0,0.07415257
0.7707819,1.0,0.2933507
0.65491426,0.0,0.24723504
0.7235804,0.0,0.0
0.67517173,0.0,0.43305743
0.6925514,0.0,0.28006712
0.7120828,0.0,0.008905997
0.3402832,0.0,0.0037031593
0.7171959,0.0,0.46223724
0.84236366,0.0,0.08031081
0.7187924,0.0,0.0658128
0.75621074,0.0,0.03584003
0.6862588,0.0,0.3430285
0.85963666,0.0,0.0034094802
0.74715894,0.0,0.036460623
0.86028105,0.0,0.2329828
0.48935696,0.0,0.24639186
0.76926327,0.0,0.004727354
0.8532382,0.0,0.010003578
0.73750603,0.0,0.36948758
0.63747776,0.0,0.53125226
0.87088984,0.0,0.17846948
0.65295166,0.0,0.3757144
0.6474288,0.0,0.3937122
0.723982,0.0,0.042871546
0.75886214,0.0,0.26954666
0.27069902,0.0,0.5968984
0.5723536,0.0,0.6409704
0.50241035,0.0,0.6245138
0.66696644,0.0,0.03746572
0.5366668,0.0,0.28026918
0.7635842,0.0,0.0109887365
0.6950602,0.0,0.0033425852
0.3964791,0.0,0.055083286
0.5137231,0.0,0.015019025
0.5149051,0.0,0.0
0.7742022,0.0,0.041133914
0.7318187,1.0,0.11049552
0.8466657,1.0,0.027233586
0.7575329,0.0,0.0
0.48331225,0.0,0.0
0.6473671,0.0,0.0
0.7970161,0.0,0.0
0.4092762,0.0,0.006805758
0.5760383,0.0,0.013287476
0.7412268,0.0,0.09894674
0.72640115,0.0,0.023886772
0.643716,0.0,0.0030523334
0.7229963,0.0,0.2449758
0.6314793,0.0,0.1539204
0.68544495,0.0,0.047577236
0.6614078,0.0,0.15045981
0.69099045,0.0,0.5304834
0.78957707,0.0,0.23085125
0.7092463,0.0,0.78732854
0.78168243,0.0,0.6618022
0.7257334,0.0,0.25543228
0.6538041,0.0,0.30241647
0.89898604,0.0,0.030939927
0.5795713,0.0,0.53765726
0.8472933,0.0,0.09708491
0.693797,0.0,0.20496619
0.4982052,0.0,0.0
0.66309935,0.0,0.011323904
0.3533017,0.0,0.025746042
0.43544647,0.0,0.01006381
0.48038492,0.0,0.01733486
0.8551188,0.0,0.004074127
0.33659402,0.0,0.0
0.81839055,1.0,0.0636363
0.68509614,0.0,0.00067667075
0.5767653,0.0,0.031322043
0.47171548,0.0,0.0
0.5856191,0.0,0.20000884
0.7427104,0.0,0.17966333
0.51617265,0.0,0.03048284
0.5225103,0.0,0.008891748
0.40198743,0.0,0.2259672
0.47052398,0.0,0.25114188
0.70467526,1.0,0.024052246
0.73046225,0.0,0.091966026
0.58715785,0.0,0.15346473
0.58303905,0.0,0.02377889
0.63866204,0.0,0.0025056237
0.70777005,0.0,0.14460595
0.3637581,0.0,0.3327524
0.5679114,0.0,0.4843497
0.32269838,0.0,0.08205635
0.5302806,0.0,0.5275429
0.7115001,0.0,0.25088382
0.64985615,0.0,0.6105872
0.55262613,0.0,0.41868174
0.52760977,0.0,0.14696962
0.6613183,0.0,0.02391394
0.7088885,0.0,0.5233065
0.7661248,0.0,0.54150856
0.6626419,0.0,0.68186533
0.79646087,0.0,0.17304145
0.6653937,0.0,0.05080322
0.81392294,0.0,0.40873173
0.509701,0.0,0.40640798
0.78052676,0.0,0.0015965106
0.83017427,0.0,0.5114618
0.65470624,0.0,0.58522165
0.5796559,0.0,0.12544721
0.617116,0.0,0.14094822
0.5152105,0.0,0.72336924
0.584895,1.0,0.58040905
0.82370406,0.0,0.00029652184
0.6804394,0.0,0.13741297
0.4117551,0.0,0.37680572
0.63601106,1.0,0.12759727
0.6746252,0.0,0.0
0.6987958,0.0,0.4044606
0.832707,0.0,0.27767754
0.87694687,0.0,0.0
0.79114866,0.0,0.089608304
0.7890763,0.0,0.62221164
0.7036935,0.0,0.41176602
0.29968,0.0,0.43154258
0.67941433,0.0,0.26268172
0.624469,1.0,0.39534304
0.64040095,1.0,0.7483451
0.7000008,0.0,0.09247582
0.7410205,0.0,0.0
0.7337484,1.0,0.1184076
0.5774018,1.0,0.3435035
0.78736377,0.0,0.0
0.7257279,1.0,0.00786387
0.50524163,1.0,0.47145352
0.75550395,1.0,0.28865656
0.8340898,0.0,0.0
0.4989573,1.0,0.14665218
0.4546397,1.0,0.4641312
0.78502345,0.0,0.13165565
0.72989213,0.0,0.003218778
0.55199444,1.0,0.13619328
0.608593,1.0,0.24721229
0.6806763,0.0,0.09052806
0.8982549,0.0,0.0
0.632821,1.0,0.46834528
0.55832964,1.0,0.70391333
0.8321995,0.0,0.3246824
0.32791921,0.0,0.09214066
0.79925257,0.0,0.27651572
0.7632678,0.0,0.002626126
0.80021065,1.0,0.11503274
0.85806817,1.0,0.23034246
0.7168127,0.0,0.0
0.63462466,0.0,0.030386629
0.6517399,0.0,0.33409888
0.7037376,0.0,0.35107827
0.7496502,0.0,0.5713615
0.86365706,1.0,0.114048935
0.78638893,0.0,0.62710667
0.57609516,0.0,0.7231788
0.5338367,0.0,0.8015168
0.6090045,1.0,0.6633167
0.58241576,1.0,0.4503372
0.6649234,1.0,0.21788995
0.8374209,0.0,0.051880915
0.6248654,0.0,0.56102777
0.68617594,0.0,0.3644333
0.59758717,0.0,0.18339813
0.73953646,0.0,0.41323167
0.57247293,0.0,0.16910744
0.5052431,0.0,0.023139805
0.6945472,0.0,0.12896211
0.71895146,0.0,0.3179666
0.8132679,0.0,0.0030480009
0.6558008,0.0,0.052665133
0.46731308,0.0,0.23090133
0.4941505,0.0,0.13656452
0.7322329,0.0,0.58940977
0.6534922,0.0,0.39206144
0.7720082,0.0,0.027025606
0.7790767,0.0,0.14932784
0.67026776,0.0,0.48666143
0.62051904,0.0,0.092983484
0.61982846,0.0,0.04479897
0.49435237,0.0,0.34936592
0.7179873,0.0,0.13439731
0.69302183,0.0,0.34785742
0.68750966,0.0,0.18515363
0.6839329,0.0,0.7065274
0.77697545,0.0,0.5840585
0.8227578,0.0,0.0043254914
0.67279863,1.0,0.4647102
0.60912794,0.0,0.24196579
0.7725611,0.0,0.33706757
0.6920805,1.0,0.18431728
0.6938844,1.0,0.6905966
0.80503917,1.0,0.33157593
0.6612012,0.0,0.03303987
0.5637647,1.0,0.26727888
0.49139684,1.0,0.38213548
0.39190188,1.0,0.18305275
0.87968254,0.0,0.0
0.67763513,1.0,0.20359093
0.49437654,1.0,0.47587222
0.6337443,1.0,0.21600796
0.18530245,0.0,0.002879122
0.76010716,0.0,5.0261347e-06
0.59175634,1.0,0.1420552
0.7570298,0.0,0.0
0.7213969,0.0,0.12607543
0.6327273,0.0,0.09061199
0.6528787,0.0,0.0942267
0.7434825,0.0,0.17254882
0.8733139,0.0,0.48069465
0.7187074,0.0,0.101288006
0.7690411,0.0,0.0061694924
0.87473017,0.0,0.16728663
0.67489296,0.0,0.44398275
0.7226595,0.0,0.016671324
0.76990855,0.0,0.0
0.44029123,0.0,0.35699007
0.7329921,0.0,0.49722466
0.30087182,0.0,0.4554999
0.5860061,0.0,0.050822917
0.70326614,0.0,0.10851677
0.27603307,0.0,0.012569681
0.6850885,0.0,0.0
0.5437909,0.0,0.0013686321
0.7608055,0.0,0.010095222
0.8443362,0.0,0.0
0.3808751,0.0,0.0
0.6967313,0.0,0.026305227
0.77827305,0.0,0.04735362
0.69538724,0.0,0.0
0.4878806,0.0,0.00257616
0.2835774,1.0,0.27226612
0.83596593,1.0,0.035717495
0.64736503,0.0,0.024279881
0.46816394,0.0,0.07769328
0.55068314,0.0,0.07531905
0.49460012,0.0,0.017464848
0.7172048,0.0,0.0018354306
0.8483833,0.0,0.31776017
0.67946434,0.0,0.11466902
0.60722,0.0,0.008683709
0.66697115,0.0,0.014424909
0.73363537,0.0,0.23481801
0.6821324,0.0,0.5813236
0.65255135,0.0,0.042731725
0.44191188,0.0,0.4859496
0.6757536,0.0,0.040546294
0.79980725,0.0,0.3716795
0.5905051,0.0,0.24629572
0.5536947,0.0,0.36722073
0.59822035,0.0,0.30371416
0.63153183,0.0,0.33001283
0.6940464,0.0,0.016071275
0.51711124,0.0,0.49617466
0.5913416,0.0,0.59180325
0.48937285,0.0,0.14500663
0.510608,0.0,0.3653416
0.7753564,0.0,0.52815914
0.80518717,0.0,0.6400009
0.4555675,0.0,0.5296003
0.8471613,0.0,0.03542396
0.66208375,0.0,0.44256383
0.8389959,0.0,0.0018303286
0.37097815,0.0,0.41027084
0.7336646,0.0,0.47988972
0.84044033,0.0,0.31874797
0.48341408,0.0,0.6088521
0.8566977,0.0,0.5424078
0.7051042,0.0,0.46297312
0.740464,0.0,0.014998105
0.48681775,0.0,0.0
0.8184962,0.0,0.22879581
0.7234863,0.0,0.03343606
0.72942406,0.0,0.07384787
0.6618698,0.0,0.20639338
0.8054474,0.0,0.19446446
0.64391476,0.0,0.495236
0.5119057,0.0,0.11513508
0.85476,0.0,0.00012969278
0.7323758,0.0,0.0
0.7557647,0.0,0.027677635
0.5370166,0.0,0.0
0.6498372,0.0,0.14509933
0.69197273,0.0,0.011071173
0.7815601,0.0,0.22115114
0.5886205,0.0,0.4299913
0.4981477,0.0,0.0
0.51786274,0.0,0.00022694569
0.8494112,0.0,0.03598961
0.64736,0.0,0.11675811
0.6610909,0.0,0.010375379
0.5527879,0.0,0.014716669
0.732301,0.0,0.26247552
0.68079126,0.0,0.16479596
0.8317697,0.0,0.18913598
0.67091674,0.0,0.17998488
0.84412366,0.0,0.25917092
0.77857125,0.0,0.11479435
0.6603733,0.0,0.0084026875
0.6100731,0.0,0.0659221
0.7864468,0.0,0.010261849
0.80011344,0.0,0.0019523005
0.74820065,0.0,0.018215751
0.648155,0.0,0.14056718
0.6701407,0.0,0.20738633
0.8682634,0.0,0.0
0.73997575,0.0,0.027495094
0.60731345,0.0,0.3678831
0.1820659,0.0,0.50158113
0.20135549,0.0,0.4536179
0.7483515,0.0,0.21131207
0.8072227,0.0,0.3365589
0.8028943,0.0,0.19469441
0.6090059,0.0,1.0
0.83880043,0.0,0.28553477
0.5965738,0.0,0.5177248
0.7701737,0.0,0.18767543
0.8319488,0.0,0.47727275
0.73265755,0.0,0.15450943
0.808629,1.0,0.33738598
0.72543514,1.0,0.62231165
0.6833149,1.0,0.7241093
0.53315216,0.0,0.059029788
0.64246905,0.0,0.33698434
0.39530933,1.0,0.36068106
0.7293664,1.0,0.20221826
0.77534026,0.0,0.050964814
0.8184128,0.0,0.6809854
0.8316172,1.0,0.5425843
0.8089481,1.0,0.21860395
0.36312956,0.0,0.29560986
0.75617546,0.0,0.026109593
0.86008114,0.0,0.4650046
0.85363716,0.0,0.41525912
0.78312325,0.0,0.5195224
0.68356156,0.0,0.2197796
0.52409786,0.0,0.003534628
0.6988766,0.0,0.4580926
0.6171283,0.0,0.4999324
0.64340377,0.0,0.157966
0.6050964,0.0,0.039972432
0.7253569,0.0,0.60368055
0.6291116,0.0,0.72524196
0.3426702,0.0,0.27854973
0.6345271,0.0,0.5666225
0.8220369,0.0,0.30082172
0.436508,0.0,0.072388
0.8386828,0.0,0.35160863
0.7700952,1.0,0.015981644
0.79691607,1.0,0.36854807
0.8276609,1.0,0.02084558
0.7765577,1.0,0.55927277
0.7754292,1.0,0.25807056
0.80486315,0.0,0.35470706
0.7340181,0.0,0.4784544
0.79589987,1.0,0.7807026
0.79163593,1.0,0.56900895
0.83784425,1.0,0.007614392
0.7330058,1.0,0.5223131
0.71553457,1.0,0.7950139
0.72650504,0.0,0.31914765
0.8617066,1.0,0.4748194
0.7377995,0.0,0.72086996
0.48309162,0.0,0.113232225
0.7491816,0.0,0.1018348
0.7686357,0.0,0.5553021
0.77568185,0.0,0.059557788
0.71552795,0.0,0.47975615
0.7876137,0.0,0.014608301
0.87416536,0.0,0.1159236
0.64226437,0.0,0.0
0.7159028,0.0,0.08497653
0.45439515,0.0,0.17456484
0.8149307,0.0,0.34230694
0.7119782,0.0,0.5287697
0.63204694,0.0,0.18117577
0.7397141,0.0,0.47488293
0.707454,0.0,0.0046632807
0.7678833,0.0,0.0
0.76112497,1.0,0.0
0.75146943,0.0,0.017158367
0.8232196,0.0,0.0032687932
0.7313848,0.0,0.42968127
0.71419823,0.0,0.5873241
0.85754526,0.0,0.14218149
0.50254834,0.0,0.050052714
0.7848696,0.0,0.13020773
0.6395154,0.0,0.0028623103
0.715603,1.0,0.17914736
0.69423294,1.0,0.18626752
0.40696087,0.0,0.007496588
0.77373004,0.0,0.00018315032
0.7641095,1.0,0.13892582
0.5859875,0.0,0.25904116
0.76460797,1.0,0.49813285
0.7824592,1.0,0.3248729
0.7554175,1.0,0.9239642
0.5353906,1.0,0.5061592
0.8392895,1.0,0.266818
0.8245885,1.0,0.8084576
0.7236242,1.0,0.20387958
0.7554256,1.0,0.12533318
0.72168833,1.0,0.7168482
0.7229259,1.0,0.5357363
0.7748699,0.0,0.05273094
0.59218967,0.0,0.49770385
0.77447987,0.0,0.30401576
0.50319195,0.0,0.53616357
0.7016989,0.0,0.7192304
0.8490849,0.0,1.0
0.63412243,0.0,1.0
0.6661421,0.0,0.66964483
0.5890044,0.0,0.47747198
0.6982407,0.0,0.5515007
0.49906537,0.0,0.4143425
0.7768542,0.0,0.3985587
0.73905015,0.0,0.45673934
0.81789786,0.0,0.43636796
0.7113429,0.0,0.6279837
0.7807341,0.0,0.47009367
0.7065105,0.0,0.335563
0.55284375,0.0,0.44040003
0.647718,0.0,0.6168521
0.6101607,0.0,0.16962625
0.76613754,0.0,0.20791826
0.6031328,0.0,0.4366172
0.74755734,0.0,0.36359066
0.62229705,0.0,0.0
0.52362955,0.0,0.17467812
0.72763973,0.0,0.59084934
0.7274447,0.0,0.35955587
0.8830563,0.0,0.0
0.87017626,0.0,0.28732732
0.81302416,0.0,0.65108764
0.6188426,0.0,0.2386597
0.79375315,0.0,0.1480152
0.7696529,0.0,0.32486358
0.7397129,0.0,0.5618586
0.5577172,0.0,0.0
0.57911277,0.0,0.0302437
0.75642806,0.0,0.46456796
0.6993568,0.0,0.16033633
0.7617533,0.0,0.00046234205
0.71087426,0.0,0.24870037
0.76473993,0.0,0.51248103
0.732234,0.0,0.21246253
0.34943694,0.0,0.64251596
0.76189363,0.0,0.11918092
0.62166035,0.0,0.10040918
0.34767342,0.0,0.52762836
0.47853988,0.0,0.45362994
0.7992189,0.0,0.30776024
0.65202844,0.0,0.3082516
0.7802548,0.0,0.28026006
0.6025221,0.0,0.23403166
0.45406345,0.0,0.0
0.5583256,0.0,0.0
0.50510204,0.0,0.4442416
0.75883657,0.0,0.093629874
0.7108071,0.0,0.0058585936
0.85017794,0.0,0.35705155
0.70148134,0.0,0.64598066
0.58341295,0.0,0.18154891
0.8014484,0.0,0.42999354
0.37898523,0.0,0.5505536
0.8394231,0.0,0.07968544
0.6314588,0.0,0.37725374
0.7139117,0.0,0.24901502
0.7742055,0.0,0.37025076
0.7564273,0.0,0.03601242
0.47737113,0.0,0.0075877905
0.4083214,0.0,0.0
0.76745206,0.0,0.31686482
0.790163,0.0,0.0040956708
0.704221,0.0,0.000905892
0.5707854,0.0,0.0072218473
0.8024105,0.0,0.322887
0.73590255,1.0,0.60090286
0.82087344,0.0,0.4529406
0.7372562,0.0,0.69747615
0.79735696,0.0,0.21830316
0.7134858,0.0,0.0
0.6209065,0.0,0.31893536
0.43520123,0.0,0.2945852
0.57724106,0.0,0.0
0.53400964,0.0,0.038226813
0.4549754,0.0,0.5186301
0.51951253,0.0,0.09460786
0.8040451,0.0,0.0002550048
0.66353095,0.0,0.009414068
0.5087141,0.0,0.2852728
0.66119766,0.0,0.21522847
0.80150414,0.0,0.009066601
0.71653306,0.0,0.45731008
0.8560734,0.0,0.019239496
0.7409841,0.0,0.4868759
0.48181638,0.0,0.6960274
0.8049919,0.0,0.2473059
0.5932879,0.0,0.19561785
0.6383692,0.0,0.0061419113
0.598181,0.0,0.003966386
0.6999184,0.0,0.38865405
0.64176315,0.0,0.0
0.5683761,0.0,0.0
0.77335066,0.0,0.1776398
0.7974971,0.0,0.28101566
0.8394141,0.0,0.0003086954
0.6054399,1.0,0.018097946
0.51627994,0.0,0.35004166
0.74449265,0.0,0.1193023
0.8759858,0.0,0.004184561
0.8138146,1.0,0.40958932
0.74962056,1.0,0.23545514
0.61614287,1.0,0.054219797
0.48995668,1.0,0.71244735
0.82536256,1.0,0.44873527
0.6794309,1.0,0.59160745
0.774057,1.0,0.4984808
0.6536985,0.0,0.20186749
0.4169347,1.0,0.16514957
0.75045574,1.0,0.21371162
0.71874756,0.0,0.18522933
0.6630246,0.0,0.00063363335
0.56489056,0.0,0.0
0.6900421,1.0,0.2947105
0.6371266,0.0,0.18677074
0.8720779,0.0,0.0
0.72497004,0.0,0.0
0.6611232,0.0,0.38590732
0.7483162,0.0,0.23262872
0.7358576,0.0,0.009310325
0.686828,0.0,0.114472784
0.7250112,0.0,0.72501975
0.7896431,0.0,0.099645115
0.77709913,0.0,0.7043876
0.2561893,0.0,0.6325336
0.5567888,0.0,0.4019481
0.75477314,0.0,0.04920655
0.46017802,0.0,0.48533693
0.8083419,0.0,0.30807617
0.7306017,0.0,0.21795493
0.72863376,1.0,0.5096769
0.6902046,0.0,0.022311613
0.66655594,0.0,0.0
0.6836142,1.0,0.19242461
0.4014994,1.0,0.39326108
0.60412604,0.0,0.0
0.6583595,0.0,0.0
0.6796816,1.0,0.18482633
0.7126893,1.0,0.09335375
0.63182116,0.0,0.0
0.60887265,1.0,0.13915567
0.6287006,1.0,0.48488566
0.79587215,0.0,0.012520695
0.70736456,1.0,0.11996396
0.6873554,1.0,0.3718537
0.6797602,1.0,0.11794567
0.77045715,0.0,0.03861851
0.87134415,1.0,0.25921935
0.6758783,1.0,0.29880896
0.5642612,1.0,0.7235463
0.38311115,1.0,0.6442571
0.75053185,1.0,0.19058971
0.49888575,1.0,0.7105768
0.70592743,1.0,0.6568738
0.6187209,0.0,0.35295346
0.58491206,1.0,0.13441922
0.21658906,0.0,0.32370514
0.6576034,0.0,0.21621743
0.5241005,0.0,0.6130795
0.31390187,1.0,0.54772437
0.83466387,0.0,0.009357936
0.53447545,0.0,0.11101033
0.5128806,0.0,0.41737053
0.47382537,1.0,0.4316483
0.6376256,1.0,0.022179065
0.4913905,1.0,0.38210386
0.40030226,1.0,0.52486223
0.65477455,1.0,0.23818044
0.7329588,0.0,0.10161804
0.60753304,0.0,0.48044893
0.40827963,0.0,0.8432988
0.5967191,0.0,0.29804432
0.71305275,0.0,0.42373073
0.7771867,0.0,0.13157758
0.65677154,0.0,0.39624146
0.7902572,0.0,0.41714168
0.79389966,0.0,0.5138955
0.7464694,0.0,0.15794311
0.6959069,0.0,0.0
0.6340313,0.0,0.42597252
0.652451,0.0,0.37961346
0.68319684,0.0,0.0026886435
0.8387365,0.0,0.0702145
0.73738986,0.0,0.30386955
0.6904976,0.0,0.21760356
0.6370659,0.0,0.0
0.7300053,0.0,0.37179568
0.58146626,0.0,0.6217543
0.6520384,0.0,0.4569485
0.58059585,0.0,0.40071267
0.6812831,1.0,0.066276364
0.7390312,1.0,0.60429496
0.6358495,1.0,0.36883023
0.53667843,1.0,0.32155
0.68347836,0.0,0.5072932
0.47517487,0.0,0.09298214
0.57859993,0.0,0.0
0.38356656,0.0,0.09027319
0.50856787,0.0,0.008375504
0.2469889,0.0,0.39653268
0.61752236,0.0,0.0
0.69004273,0.0,0.42460704
0.66766644,1.0,0.21368818
0.6491357,0.0,0.1224817
0.39672977,0.0,0.7927616
0.45736828,0.0,0.73412484
0.78733665,0.0,0.27818382
0.6798439,0.0,0.20963939
0.5917226,0.0,0.032474548
0.8476986,0.0,0.0058854865
0.79040277,0.0,0.07121507
0.40380812,0.0,0.0050227726
0.34642452,0.0,0.3939318
0.69372445,0.0,0.008127052
0.4219687,0.0,0.22403026
0.665513,0.0,0.73224616
0.22506787,0.0,0.8200751
0.637754,0.0,0.12460435
0.4853297,0.0,0.12586226
0.5319817,0.0,0.0064184177
0.60111153,0.0,0.00776132
0.585973,0.0,0.0026866214
0.5800917,0.0,0.011128532
0.74146605,0.0,0.0
0.41933182,0.0,0.08800763
0.47914997,0.0,0.028190976
0.5405069,0.0,0.18034911
0.6065391,0.0,0.06416977
0.5586915,0.0,0.00954234
0.7007516,0.0,0.011469441
0.51305574,0.0,0.029284777
0.72827536,0.0,0.21546942
0.5831877,0.0,0.29599914
0.63496995,0.0,0.6202716
0.4525536,0.0,0.77995104
0.24597172,0.0,0.77187985
0.33747587,0.0,0.27844197
0.40071926,0.0,0.59309536
0.28667006,0.0,0.49679244
0.43610343,0.0,0.10481466
0.28149816,0.0,0.7910273
0.39142665,0.0,0.0950362
0.229612,0.0,0.44276786
0.525075,0.0,0.12408576
0.4992122,0.0,0.5111218
0.6728272,0.0,0.13196011
0.4562694,0.0,0.66476715
0.6557426,0.0,0.22007807
0.6942696,0.0,0.019757409
0.3134405,0.0,0.5404273
0.2896373,0.0,0.39541867
0.62928367,0.0,0.061481506
0.24339442,0.0,0.21632391
0.45964754,0.0,0.42845595
0.60513145,0.0,0.25192276
0.5204301,0.0,0.5773381
0.5028751,0.0,0.11418938
0.38810477,0.0,0.5534724
0.26166567,0.0,0.8185822
0.6987048,0.0,0.18036467
0.6977257,0.0,0.61322796
0.7063625,0.0,0.37411296
0.55944103,0.0,0.5841532
0.6640162,0.0,0.72573787
0.70706916,0.0,0.6454973
0.73445237,0.0,0.8423085
0.64751095,0.0,0.71165115
0.53597,0.0,0.048132665
0.72388184,0.0,0.30850902
0.52567965,0.0,0.0
0.7623845,0.0,0.09310113
0.44310066,0.0,0.00035438736
0.7809888,0.0,0.17429918
0.49281082,0.0,0.0028020302
0.45084074,0.0,0.08940846
0.58922523,0.0,0.41072825
0.7328931,0.0,0.4044942
0.33560425,0.0,0.3091799
0.76287514,0.0,0.35484695
0.47919732,0.0,0.14192016
0.67356044,0.0,0.12041738
0.49152422,0.0,0.46067286
0.4229292,0.0,0.07020676
0.7817975,0.0,0.27402732
0.74875534,0.0,0.019609658
0.60763466,0.0,0.011975921
0.7022757,0.0,0.5517415
0.82392585,0.0,0.17228048
0.64638484,0.0,0.46888223
0.77731293,0.0,0.0030514565
0.7042662,0.0,0.3104629
0.83429205,0.0,0.108551085
0.39153603,0.0,0.2571949
0.79600155,0.0,0.07416196
0.75382125,0.0,0.014060996
0.76512885,0.0,0.55291444
0.4361974,0.0,0.2532153
0.77122897,0.0,0.18737759
0.71585065,0.0,0.6310641
0.7110252,0.0,0.48580602
0.77723867,0.0,0.5328052
0.80908394,0.0,0.3665363
0.65867996,0.0,0.5732587
0.6370889,0.0,0.12042722
0.41995248,0.0,0.37220648
0.64448035,0.0,0.009165302
0.36317766,0.0,0.2714864
0.6936468,0.0,0.030646134
0.5106051,0.0,0.12173461
0.72506326,0.0,0.016592301
0.51064545,0.0,9.765219e-05
0.74872375,0.0,0.1417113
0.5500673,0.0,0.065196656
0.6914629,0.0,0.30642405
0.80825937,0.0,0.5712484
0.62531686,0.0,0.6016732
0.5278409,0.0,0.008742858
0.44765773,0.0,0.21927069
0.44281185,0.0,0.516375
0.57340676,0.0,0.39374456
0.49570778,0.0,0.073994786
0.56030154,0.0,0.037892647
0.56801975,0.0,0.81992394
0.241198,0.0,0.5332755
0.7517426,0.0,0.042922053
0.86377037,0.0,0.17775533
0.41999924,0.0,0.0
0.67849827,0.0,0.0139817055
0.69808584,0.0,0.0
0.400047,0.0,0.0
0.69168127,0.0,0.0
0.50296104,0.0,0.0102708135
0.60707235,0.0,0.26205558
0.59699005,0.0,0.048778027
0.27089134,0.0,0.28372812
0.60722464,0.0,0.048986305
0.74107134,0.0,0.0
0.6383562,0.0,0.0071505373
0.52461624,0.0,0.0067051267
0.7001006,0.0,0.14569026
0.6952845,0.0,0.059977006
0.6372977,0.0,0.0008502454
0.74603426,0.0,0.1012566
0.7593243,0.0,0.5389928
0.7328456,0.0,0.36728546
0.5490415,0.0,0.20616403
0.15577973,0.0,0.7804621
0.4869815,0.0,0.216119
0.57779664,0.0,0.16239725
0.27660808,0.0,0.15707237
0.3056132,0.0,0.14795287
0.78764606,0.0,0.0039399522
0.4428842,0.0,0.059441715
0.5210554,0.0,0.0016870826
0.6623145,0.0,0.0
0.6066654,0.0,0.0014036401
0.23495348,0.0,0.0
0.8015054,1.0,0.43583858
0.26618582,1.0,0.40383708
0.35952812,1.0,0.46583083
0.4534075,1.0,0.4509703
0.2650778,0.0,0.020612897
0.46069884,0.0,0.07013211
0.6644385,0.0,0.00027685077
0.32776716,0.0,0.029509615
0.655756,0.0,0.0004119856
0.3367421,0.0,0.047855664
0.48812705,0.0,0.1659736
0.31305793,0.0,0.3369269
0.44404915,0.0,0.7468752
0.5365994,0.0,0.2034686
0.37780505,0.0,0.08471724
0.39211294,0.0,0.06590506
0.4643521,1.0,0.52323335
0.35733333,1.0,0.5045595
0.7385087,1.0,0.20094639
0.66781694,0.0,0.04624184
0.43253446,1.0,0.62884307
0.51352227,1.0,0.6411328
0.538897,0.0,0.0930522
0.26260325,1.0,0.22685711
0.49433547,0.0,0.20186749
0.7065063,0.0,0.0077767423
0.49488893,0.0,0.41623437
0.6222895,0.0,0.10994143
0.4945889,0.0,0.18363616
0.7192406,0.0,0.5861724
0.5945645,0.0,0.34830564
0.3100655,0.0,0.81136125
0.35406223,0.0,0.7584706
0.7439029,0.0,0.16687775
0.54407245,0.0,0.100875266
0.5822112,0.0,0.06697334
0.8035683,0.0,0.019356353
0.5345117,0.0,0.06484988
0.5777427,0.0,0.00021972154
0.5073907,0.0,0.012058233
0.50675714,0.0,0.009230581
0.27444983,0.0,0.36607674
0.6589913,0.0,0.14527197
0.47232154,0.0,0.0014320347
0.41330534,0.0,0.17020857
0.6723871,0.0,0.026556002
0.09771793,0.0,0.31950593
0.44674644,0.0,0.74924225
0.80635846,0.0,0.52817154
0.3413791,0.0,0.5261659
0.5948707,0.0,0.010042818
0.43456626,0.0,0.66017884
0.5806984,0.0,0.20790909
0.39015597,0.0,0.4588833
0.6786901,0.0,0.8104255
0.39252737,0.0,0.5606907
0.57148707,0.0,0.045727003
0.5644562,0.0,0.11555478
0.4965304,0.0,0.3695092
0.7108787,0.0,0.46079928
0.19435221,0.0,0.009410834
0.25774032,0.0,0.10497138
0.6349824,0.0,0.004868212
0.42093426,0.0,0.110004745
0.5285601,0.0,0.0
0.60402495,0.0,0.037980553
0.84060353,0.0,0.013783102
0.45441046,0.0,0.2000845
0.59882706,0.0,0.31253368
0.5281539,0.0,0.17145124
0.5786691,0.0,0.08369579
0.41954058,0.0,0.00573458
0.2889529,0.0,0.17820713
0.5446486,0.0,0.005996703
0.11084141,0.0,0.22748682
0.48520577,0.0,0.32315785
0.5909608,0.0,0.22265948
0.6341912,0.0,0.0
0.6573019,0.0,0.09846382
0.6283567,0.0,0.513183
0.32055527,0.0,0.2023318
0.6753397,0.0,0.00819363
0.40557852,0.0,0.044235263
0.58627754,0.0,0.36763236
0.49711013,0.0,0.19979818
0.7580963,0.0,0.0
0.69902736,0.0,0.18728136
0.40447134,0.0,0.6074569
0.47891247,0.0,0.29192042
0.3859297,0.0,0.026325835
0.37729025,0.0,0.6516358
0.46749735,0.0,0.7088964
0.7286835,0.0,0.5758287
0.50949955,0.0,0.5172402
0.365165,0.0,0.50286275
0.4403001,0.0,0.49139985
0.541285,0.0,0.24360509
0.5985236,0.0,0.6875799
0.51554424,0.0,0.3234474
0.4782784,0.0,0.27342972
0.28350943,0.0,0.70355946
0.370591,0.0,0.4622582
0.73595405,0.0,0.07368499
0.26720798,0.0,0.4279284
0.60956764,0.0,0.20044675
0.7188281,0.0,0.0035525754
0.7163148,0.0,0.047996297
0.6111626,0.0,0.045033935
0.6305358,0.0,0.1497333
0.40953353,0.0,0.7522684
0.4661367,0.0,0.31257355
0.58539355,0.0,0.06609303
0.14012489,0.0,0.40478653
0.5881033,1.0,0.57179135
0.49695674,1.0,0.41495323
0.6075054,1.0,0.6746646
0.3659392,1.0,0.113605715
0.3396029,1.0,0.21840523
0.6404703,1.0,0.13603616
0.52723324,0.0,0.20471875
0.45041093,0.0,0.061065093
0.4037345,0.0,0.0624505
0.26816303,1.0,0.31633222
0.61473656,0.0,0.0
0.34828353,1.0,0.1410495
0.5330468,0.0,0.009710941
0.23635991,0.0,0.107463315
0.6582093,0.0,0.02625127
0.50509095,0.0,0.21603575
0.55342066,0.0,0.6996416
0.2968251,1.0,0.7109033
0.7866046,1.0,0.25000072
0.65779805,1.0,0.39209142
0.77697974,0.0,0.00040810983
0.67384946,1.0,0.20274854
0.5763306,0.0,0.0075695775
0.66895133,1.0,0.10058506
0.37790784,0.0,0.013815578
0.67871356,1.0,0.27837348
0.56682265,0.0,0.004389952
0.62444925,0.0,0.0010398774
0.3420972,1.0,0.0450083
0.55763406,0.0,0.16745473
0.4692958,1.0,0.50920594
0.6375325,0.0,0.2910585
0.38136798,0.0,0.5465647
0.46199685,0.0,0.82439613
0.25565788,0.0,0.22189198
0.8069133,0.0,0.08267193
0.6953096,0.0,0.0
0.60057557,0.0,0.0
0.5987806,0.0,0.00016935113
0.2543314,0.0,0.0005508636
0.6778709,0.0,0.005624639
0.4128794,0.0,0.08347314
0.6594403,0.0,0.2084032
0.7035236,0.0,0.17089568
0.46586642,0.0,0.8390817
0.18844613,0.0,0.790747
0.5366398,0.0,1.0
0.52741456,0.0,0.7824427
0.4966824,0.0,0.17962989
0.6599584,0.0,0.0027977368
0.706445,0.0,0.010245366
0.3989576,0.0,0.12776448
0.5918024,0.0,0.0007591488
0.37616834,0.0,0.007370402
0.51097375,0.0,0.0013397892
0.73213303,1.0,0.056568626
0.5112622,0.0,0.0
0.38452563,0.0,0.0
0.71912605,1.0,0.024503984
0.5803272,1.0,0.07869515
0.7840267,0.0,0.01053306
0.4613122,0.0,0.0
0.5390626,0.0,0.002066568
0.40734208,0.0,0.012962373
0.67848593,0.0,0.0
0.7244988,0.0,0.02251254
0.47248125,0.0,0.069235116
0.6409937,0.0,0.47642532
0.5725827,0.0,0.5977897
0.42658,0.0,0.50997895
0.6144859,0.0,0.26079103
0.6996208,0.0,0.0
0.26176387,0.0,0.0
0.8246457,0.0,0.016850166
0.66762644,1.0,0.038927518
0.50823575,1.0,0.2879874
0.6315132,0.0,0.039080754
0.6310939,1.0,0.27199012
0.3280721,1.0,0.53868204
0.705311,1.0,0.5998645
0.79583055,1.0,0.2584903
0.29858154,1.0,0.13691631
0.6139056,0.0,0.0
0.50828457,1.0,0.30742368
0.39864367,1.0,0.61622936
0.6015857,0.0,0.23845118
0.7442547,0.0,0.72425926
0.7063753,0.0,0.7429013
0.7084535,0.0,0.73414886
0.5236772,0.0,0.22341824
0.76010317,0.0,0.23539567
0.4739954,1.0,0.49370843
0.8808185,1.0,0.07163702
0.6955523,1.0,0.7038829
0.51862276,0.0,0.032319423
0.38643277,0.0,0.31909776
0.68497276,1.0,0.40152866
0.68223894,1.0,0.06863344
0.8356449,0.0,0.010894694
0.7808004,1.0,0.45346206
0.66716385,1.0,0.28364184
0.6576916,0.0,0.030015118
0.7731522,0.0,0.14717908
0.7301834,1.0,0.49594977
0.7732742,0.0,0.21023272
0.8101202,0.0,0.016469026
0.73845804,0.0,0.50589114
0.7899331,0.0,0.5001984
0.7740822,0.0,0.46029982
0.19313613,0.0,0.0063545527
0.7683458,0.0,0.4129509
0.58867556,0.0,0.50156206
0.7628623,0.0,0.039808262
0.556457,0.0,0.13296276
0.47194228,0.0,0.7132138
0.6875923,0.0,0.24386832
0.7387813,0.0,0.039508678
0.26667747,0.0,0.27511337
0.4029703,0.0,0.011919457
0.56422913,0.0,0.14100526
0.8463411,0.0,0.05693885
0.6040156,0.0,0.076939456
0.7984576,0.0,0.088667095
0.5289098,0.0,0.3348089
0.64308923,0.0,0.015795087
0.65745306,0.0,0.39306116
0.6274419,0.0,0.44889697
0.38005447,0.0,0.121704705
0.57229006,0.0,0.54107535
0.6306072,0.0,0.685852
0.44639915,0.0,0.41838863
0.6459915,0.0,0.54705554
0.8231654,0.0,0.17348196
0.72289264,0.0,0.03347916
0.77847743,0.0,0.19784212
0.7777114,0.0,0.029942414
0.69509166,0.0,0.024386667
0.7438805,0.0,0.010966079
0.7089813,0.0,0.050266154
0.7571372,0.0,0.012639721
0.71977484,0.0,0.52803683
0.7920484,0.0,0.47972706
0.57439595,0.0,0.695559
0.7425401,0.0,0.612324
0.600286,0.0,0.11167998
0.8182907,0.0,0.26130432
0.7340584,0.0,0.06898299
0.73305273,0.0,0.20394395
0.64446354,0.0,0.47632807
0.5811709,0.0,0.38859582
0.81227803,0.0,0.2903634
0.702934,0.0,0.7950574
0.54913634,0.0,0.45446154
0.6695468,0.0,0.7448842
0.51825196,0.0,0.24296688
0.3519986,0.0,0.40350732
0.81957763,0.0,0.22997338
0.51150435,0.0,0.23840296
0.587463,0.0,0.07897294
0.6031219,0.0,0.20535591
0.6897604,0.0,0.046278395
0.6326408,0.0,0.12296504
0.632931,0.0,0.08738061
0.65983796,0.0,0.5605481
0.5569079,0.0,0.09859083
0.8677967,0.0,0.041042924
0.5572982,1.0,0.2904404
0.5250308,0.0,0.086431615
0.6761638,0.0,0.20505276
0.59757674,0.0,0.07929215
0.83621216,1.0,0.43523738
0.5343943,0.0,0.4955506
0.618151,1.0,0.64081264
0.654603,0.0,0.73887116
0.6162006,0.0,0.5833027
0.46235272,0.0,0.2661552
0.5019681,0.0,0.27984497
0.56373096,0.0,0.070728496
0.62115175,0.0,0.18685512
0.8226068,0.0,0.59215415
0.64772123,0.0,0.8223282
0.6559714,0.0,0.60630745
0.2848039,0.0,0.5160865
0.67938715,0.0,0.3780349
0.7506071,0.0,0.7393439
0.5124189,0.0,0.22813891
0.6042644,0.0,0.39669013
0.82715034,0.0,0.3436503
0.52220565,0.0,0.15724415
0.57934594,0.0,0.43537104
0.7059191,0.0,0.70526206
0.45344308,0.0,0.054740164
0.76305234,0.0,0.17263687
0.6075741,0.0,0.4855383
0.73714197,0.0,0.66451573
0.67016387,0.0,0.5147987
0.8406594,0.0,0.26358223
0.6721611,0.0,0.47705796
0.64409184,0.0,0.3095124
0.8273319,0.0,0.14250864
0.607323,0.0,0.18085021
0.6561132,1.0,0.3023291
0.73560447,1.0,0.5389831
0.7898943,1.0,0.5670399
0.51749164,1.0,0.78674024
0.6462491,1.0,0.58732605
0.7885919,1.0,0.7784932
0.7816624,1.0,0.7329214
0.77829087,1.0,1.0
