gate_value,label,rsa
0.41360626,0.0,0.9624663
0.47071555,0.0,0.8089256
0.5040291,0.0,0.79119414
0.5599217,0.0,0.52181286
0.5035177,0.0,0.5372826
0.5698166,0.0,0.27713892
0.67276084,0.0,0.44998133
0.7166383,0.0,0.43965134
0.60313785,0.0,0.160719
0.7874354,0.0,0.42981905
0.6957097,0.0,0.023962226
0.6300703,0.0,0.34508154
0.6104858,0.0,0.5318038
0.59420145,0.0,0.45832244
0.5645296,0.0,0.32220113
0.6169085,0.0,0.40448034
0.58400005,0.0,0.15239489
0.587588,0.0,0.27658677
0.7849329,0.0,0.008953712
0.7079194,0.0,0.45450652
0.55253613,0.0,0.2133079
0.5530738,0.0,0.49251163
0.5212133,0.0,0.8098321
0.6482184,0.0,0.5468054
0.43804696,0.0,0.6838916
0.548018,0.0,0.65104806
0.406237,0.0,0.6836459
0.6233701,0.0,0.6894206
0.6042922,0.0,0.44226024
0.529989,0.0,0.43345827
0.527486,1.0,0.15949132
0.6101107,1.0,0.047703467
0.46344507,0.0,0.05613373
0.5483289,1.0,0.08900481
0.8026766,0.0,0.0013777926
0.594113,1.0,0.1310607
0.5157225,0.0,0.1317052
0.4373595,0.0,0.33212823
0.3478835,0.0,0.74422216
0.6301234,0.0,0.5154368
0.4265548,1.0,0.75709003
0.46342716,1.0,0.5253368
0.3398035,1.0,0.5008694
0.6234197,0.0,0.2736102
0.77604264,0.0,0.0070038293
0.5602377,1.0,0.05351279
0.60804725,0.0,0.07551768
0.6475923,1.0,0.2880056
0.37900975,0.0,0.4450708
0.44129917,0.0,0.8012437
0.43745074,1.0,0.47412145
0.57177246,0.0,0.6111903
0.55188644,0.0,0.3093853
0.63900906,0.0,0.34275252
0.6332567,0.0,0.39000753
0.69786966,0.0,0.38954303
0.4080599,0.0,0.5977303
0.5052616,0.0,0.46034533
0.43185806,0.0,0.21982348
0.45974267,0.0,0.034873303
0.4132298,0.0,0.19459295
0.78624654,0.0,0.0083217425
0.7153454,0.0,0.40068266
0.56011844,0.0,0.6517612
0.53148216,0.0,0.708087
0.65834975,0.0,0.12638797
0.6219478,0.0,0.17405787
0.78676075,0.0,0.0
0.26145118,0.0,0.2495956
0.63852274,0.0,0.0
0.34472913,0.0,0.32341853
0.5252304,0.0,0.63100284
0.59497654,0.0,0.019043893
0.5776394,0.0,0.49133584
0.47138885,0.0,0.46980664
0.38608932,0.0,0.7491086
0.7614503,0.0,0.241809
0.53221816,0.0,0.15196672
0.79808474,0.0,0.20034578
0.55036426,0.0,0.31210908
0.723352,0.0,0.012154404
0.3394453,1.0,0.3145396
0.7750798,0.0,0.0
0.4928126,0.0,0.014178133
0.741203,0.0,0.08279789
0.58141893,1.0,0.17718127
0.70290864,1.0,0.11600234
0.50485814,1.0,0.23669942
0.4947523,1.0,0.7792398
0.6085853,1.0,0.33084956
0.47084266,1.0,0.55007833
0.41064286,1.0,0.47846347
0.54258347,0.0,0.4643987
0.6664402,0.0,0.16966817
0.65417564,1.0,0.40389943
0.49378806,0.0,0.2359074
0.54486835,0.0,0.21648611
0.5934472,0.0,0.024727518
0.4404214,0.0,0.10649408
0.7698516,0.0,0.00018071233
0.4382671,0.0,0.23920013
0.5790799,0.0,0.14614147
0.4051662,0.0,0.33660543
0.4894608,0.0,0.7845317
0.4072695,0.0,1.0
0.6436749,0.0,0.5679186
0.42816672,0.0,0.114027575
0.46914136,0.0,0.86244816
0.37654498,0.0,0.32810304
0.62773544,0.0,0.1719101
0.54613334,0.0,0.5652577
0.620848,0.0,0.92893285
0.6197954,0.0,0.317675
0.5929522,0.0,0.6770252
0.60084075,0.0,0.10897321
0.48400956,0.0,0.42956075
0.41532105,0.0,0.58765274
0.3324664,0.0,0.53899485
0.7382838,0.0,0.24872689
0.48681578,0.0,0.1936969
0.5570872,0.0,0.13752337
0.8092235,0.0,0.15402633
0.57745045,0.0,0.09532572
0.65711385,0.0,0.381429
0.66580176,0.0,0.13743412
0.6493105,0.0,0.04107702
0.74756676,0.0,0.06452044
0.4743841,0.0,0.29167876
0.6034882,0.0,0.51204777
0.69916975,1.0,0.4625786
0.52734405,0.0,0.25237396
0.68582153,1.0,0.43061015
0.7815632,0.0,0.09911079
0.7215853,1.0,0.3911022
0.8585304,0.0,0.0009920696
0.83311623,1.0,0.18052663
0.8214162,0.0,0.2130148
0.6517052,1.0,0.4210343
0.7604877,0.0,0.00952022
0.68455005,0.0,0.5303675
0.78323096,0.0,0.003321044
0.60707235,0.0,0.36329117
0.79947793,0.0,0.00034638456
0.7126275,0.0,0.17007025
0.8332606,0.0,0.10327244
0.69936824,0.0,0.2168791
0.47829384,0.0,0.6671845
0.5324232,0.0,0.29044977
0.32048708,0.0,0.6045981
0.47143632,0.0,0.7403727
0.44675758,0.0,0.21323003
0.6248957,0.0,0.18620154
0.72679585,0.0,0.50919205
0.7249738,0.0,0.04867146
0.6574563,0.0,0.4701788
0.6109456,0.0,0.5304652
0.79709125,0.0,0.02957219
0.8676529,1.0,0.25137284
0.79996425,0.0,0.0012537548
0.8216472,1.0,0.40443778
0.8465527,0.0,0.0065226764
0.8220705,1.0,0.3306802
0.8612609,0.0,0.007481868
0.79455686,1.0,0.32314426
0.8163437,0.0,0.18176062
0.7920379,1.0,0.57638437
0.6938838,1.0,0.5396993
0.7917679,0.0,0.018499002
0.7288325,1.0,0.13929941
0.77288955,0.0,0.014898232
0.77623355,1.0,0.36372882
0.8356087,1.0,0.017587552
0.7944596,1.0,0.20220757
0.7071693,0.0,0.016486397
0.75020236,1.0,0.20698129
0.7040778,1.0,0.4838156
0.7519769,0.0,0.0063372
0.6475877,0.0,0.19667682
0.7450366,0.0,0.23368026
0.6967098,0.0,0.37204972
0.80855346,0.0,0.0033720396
0.7922017,0.0,0.0
0.772794,0.0,0.06438955
0.75569063,0.0,0.025851302
0.80932754,0.0,0.0072570015
0.63517696,0.0,0.022343338
0.66726905,0.0,0.007064969
0.8089986,0.0,0.00035837467
0.66302717,0.0,0.01634956
0.6932405,0.0,0.072478496
0.7428997,0.0,0.0070801834
0.81767726,0.0,0.01814642
0.6947482,0.0,0.10313124
0.4572676,0.0,0.010672615
0.67952836,0.0,0.0
0.8023288,0.0,0.0
0.77337307,0.0,0.015570219
0.7074117,0.0,0.002749529
0.75167257,0.0,0.023419697
0.80176467,0.0,0.011882568
0.74814683,1.0,0.35178834
0.6630379,0.0,0.3277053
0.65933347,0.0,0.29845878
0.6015431,0.0,0.63908446
0.67827326,0.0,0.5009139
0.76196545,0.0,0.1301909
0.6359585,0.0,0.44658062
0.8249401,0.0,0.05369515
0.6513123,0.0,0.0017609202
0.8086991,0.0,0.0064770193
0.6223101,0.0,0.0687526
0.78833675,0.0,0.10116778
0.7743428,0.0,0.01828621
0.73797387,0.0,5.527609e-05
0.80777246,0.0,0.02022046
0.6302188,0.0,0.18548393
0.8038715,0.0,0.029230105
0.5747342,0.0,0.33727527
0.7481126,0.0,0.02622168
0.493296,0.0,0.4383916
0.8718407,0.0,0.029421814
0.56407726,0.0,0.20200814
0.8557708,0.0,0.0020355093
0.42788315,0.0,0.22670327
0.7261663,0.0,0.028388785
0.4833622,0.0,0.3896868
0.5606656,0.0,0.7842478
0.6401556,0.0,0.35666957
0.5443227,0.0,0.68866277
0.8161498,0.0,0.4909761
0.49767998,0.0,0.399745
0.8405784,0.0,0.009523678
0.6016813,0.0,0.25350484
0.7720109,0.0,0.008314704
0.54511,0.0,0.44419906
0.6301704,0.0,0.030959768
0.44305104,0.0,0.3253654
0.8229578,0.0,0.008203055
0.6384948,0.0,0.47110397
0.76791954,0.0,0.011354909
0.65901315,0.0,0.3048292
0.8561997,0.0,0.2934766
0.6814144,0.0,0.75953585
0.63845396,0.0,0.6087553
0.7251728,0.0,0.4251496
0.5766527,1.0,0.25449923
0.78044873,0.0,0.013751008
0.47409475,0.0,0.19052984
0.8518963,0.0,0.019220319
0.53174126,0.0,0.35737503
0.7410573,0.0,0.032023404
0.54309916,0.0,0.3323677
0.8037627,0.0,0.02184758
0.5636911,0.0,0.42144278
0.7351322,0.0,0.1533257
0.52543634,0.0,0.16941379
0.7107419,0.0,0.010033336
0.67202795,0.0,0.14339328
0.6250144,0.0,0.5483036
0.6629099,0.0,0.06506565
0.6531568,0.0,0.38251856
0.5523925,0.0,0.44638675
0.6502158,0.0,0.4003604
0.7071753,0.0,0.04495879
0.524415,0.0,0.4043179
0.75948125,0.0,0.09370165
0.58935726,0.0,0.40766767
0.8068874,0.0,0.056936633
0.6847456,0.0,0.4978463
0.6046142,0.0,0.5405132
0.7570947,0.0,0.1408449
0.6441299,0.0,0.44608045
0.86847854,0.0,0.059714545
0.6938708,0.0,0.34475008
0.85113084,0.0,0.046561
0.56312144,0.0,0.36642003
0.7720397,0.0,0.1628032
0.766676,0.0,0.48286197
0.5557169,0.0,0.62743837
0.653561,0.0,0.21585031
0.48883688,0.0,0.297654
0.87400746,0.0,0.029664183
0.6303807,0.0,0.32214043
0.7860475,0.0,0.05205552
0.6623464,0.0,0.566232
0.8308119,0.0,0.1191563
0.72299385,0.0,0.47503158
0.81051725,0.0,0.09728589
0.6569064,0.0,0.49737018
0.86708504,0.0,0.040176414
0.48004863,0.0,0.22353056
0.7748802,0.0,0.07904398
0.6463014,0.0,0.41773093
0.5235145,0.0,0.40475613
0.58404255,0.0,0.77832144
0.57224303,0.0,0.7443787
0.45047832,0.0,0.40090892
0.5632151,0.0,0.4739174
0.60252315,0.0,0.49263823
0.70841295,0.0,0.28208143
0.59060246,0.0,0.34856674
0.87276703,0.0,0.014463951
0.5455205,0.0,0.2982305
0.86061466,0.0,0.031318784
0.59945184,0.0,0.5289971
0.8007161,0.0,0.068884976
0.55228776,0.0,0.22941533
0.8713452,0.0,0.0048923604
0.6448632,0.0,0.33933273
0.8280462,0.0,0.06575886
0.69142205,0.0,0.50899583
0.78085035,0.0,0.36024603
0.69589305,0.0,0.93271124
0.68106943,0.0,1.0
0.73183554,0.0,0.7967524
0.68033564,0.0,0.21878585
0.57536,0.0,0.29754642
0.57806176,0.0,0.5270314
0.6126037,0.0,0.2919188
0.5819254,0.0,0.05253527
0.40399122,0.0,0.13525626
0.7105224,0.0,0.014093515
0.513281,0.0,0.28281808
0.7199087,0.0,0.025722802
0.68863744,0.0,0.32936463
0.5544419,0.0,0.33667386
0.78302574,0.0,0.04236736
0.69460773,1.0,0.47865695
0.8290669,1.0,0.056161437
0.77038157,1.0,0.53825504
0.745781,0.0,0.087890364
0.7791655,0.0,0.29737356
0.66589046,0.0,0.48484558
0.72674054,0.0,0.58723736
0.7410211,1.0,0.53669196
0.6759854,0.0,0.39964727
0.7789277,1.0,0.15266289
0.873177,0.0,0.0037773186
0.7633837,1.0,0.39321396
0.7848172,1.0,0.013415969
0.7698393,1.0,0.09897063
0.8691236,0.0,0.015917987
0.73635036,0.0,0.059101567
0.82566196,0.0,0.01829535
0.6757342,0.0,0.24901636
0.7429897,0.0,0.002914047
0.7133825,0.0,0.025493886
0.5423348,0.0,0.2248652
0.6534039,0.0,0.57104135
0.485791,0.0,0.75515544
0.40245155,0.0,0.7405213
0.5076188,0.0,0.29685947
0.42849582,0.0,0.43147236
0.5254356,0.0,0.4139587
0.4487492,0.0,0.61151075
0.767499,0.0,0.21330808
0.6416442,0.0,0.25010803
0.6171267,0.0,0.12732172
0.54914427,0.0,0.58079493
0.6841061,0.0,0.5928386
0.74516076,0.0,0.10627803
0.5278932,0.0,0.24009342
0.63942134,0.0,0.6263242
0.7073605,0.0,0.14922595
0.7783552,0.0,0.0
0.6644173,0.0,0.294482
0.7749097,0.0,0.42288944
0.7320605,0.0,0.04146968
0.5440924,0.0,0.06647514
0.52213836,0.0,0.47532445
0.75721604,0.0,0.29384357
0.69538265,0.0,0.17232613
0.6250508,0.0,0.6825418
0.5918086,0.0,0.45744953
0.6474563,0.0,0.68647254
0.6743117,0.0,0.08666665
0.517774,0.0,0.7849177
0.83420926,0.0,0.22175346
0.5990805,0.0,0.4678052
0.7634344,0.0,0.23175052
0.4844735,0.0,0.7037374
0.59172016,1.0,0.3523858
0.78325975,0.0,0.0761
0.7712844,0.0,0.24074209
0.7547657,1.0,0.47153464
0.8542833,1.0,0.21074098
0.7729222,1.0,0.0818073
0.6574468,1.0,0.5428311
0.8380863,1.0,0.0814731
0.6593041,1.0,0.7048293
0.7195855,1.0,0.48542443
0.59952706,0.0,0.5303386
0.7328441,0.0,0.16113302
0.7026267,0.0,0.01898541
0.61418235,0.0,0.41334128
0.5897709,0.0,0.7326552
0.7373142,0.0,0.35886788
0.57981795,0.0,0.57032603
0.6118344,0.0,0.66100734
0.7862186,0.0,0.22653465
0.7298291,0.0,0.11986688
0.73564166,0.0,0.02380006
0.676374,0.0,0.25446767
0.7667209,1.0,0.075063825
0.7667083,0.0,0.09337856
0.7396863,0.0,0.018505458
0.88807595,0.0,0.00014953256
0.7820659,0.0,0.38896248
0.78363323,0.0,0.18766433
0.63299644,0.0,0.5663449
0.7213128,0.0,0.8082019
0.5894662,0.0,0.3310718
0.60407466,0.0,0.8416503
0.80903864,1.0,0.5122751
0.6469829,1.0,0.14045389
0.8121088,1.0,0.19774629
0.60280854,1.0,0.37607193
0.77323246,0.0,0.25095448
0.7550003,1.0,0.015620846
0.81376946,0.0,0.0
0.8771184,0.0,0.0
0.682327,0.0,0.10064649
0.6490446,0.0,0.07756941
0.7153372,0.0,0.59540784
0.6636769,0.0,0.39850435
0.7466933,0.0,0.7149961
0.59236693,0.0,0.63731617
0.81607646,0.0,0.102807015
0.8123094,0.0,0.06234869
0.7403888,0.0,0.026587129
0.8103557,0.0,0.1066318
0.5971397,0.0,0.0022319383
0.5321254,0.0,0.27865952
0.86077493,1.0,0.28833807
0.61427647,1.0,0.44839
0.70385265,1.0,0.122256234
0.57226086,1.0,0.510042
0.58396167,0.0,0.42779708
0.7430048,1.0,0.007903918
0.74580437,0.0,0.14990838
0.51684815,0.0,0.2927153
0.62831527,0.0,0.042112064
0.7181153,0.0,0.27387285
0.53792727,0.0,0.37981635
0.4875962,0.0,0.72537726
0.605475,0.0,0.3960992
0.50071186,0.0,0.72425926
0.31488976,0.0,0.7429013
0.64106214,0.0,0.73414886
0.5025533,0.0,0.22341824
0.5741516,0.0,0.23539567
0.5406671,1.0,0.49370843
0.7682096,1.0,0.07163702
0.60231376,1.0,0.7038829
0.68352175,0.0,0.032319423
0.5428267,0.0,0.31909776
0.52953535,1.0,0.40152866
0.6652978,1.0,0.06863344
0.74188733,0.0,0.010894694
0.36776528,1.0,0.45346206
0.6184307,1.0,0.28364184
0.80415016,0.0,0.030015118
0.59753335,0.0,0.14717908
0.38178137,1.0,0.49594977
0.6751254,0.0,0.21023272
0.69917035,0.0,0.016469026
0.5440575,0.0,0.50589114
0.5016513,0.0,0.5001984
0.7234099,0.0,0.46029982
0.46612948,0.0,0.0063545527
0.580109,0.0,0.4129509
0.4153037,0.0,0.50156206
0.67170393,0.0,0.039808262
0.66400963,0.0,0.13296276
0.38297787,0.0,0.7132138
0.4805106,0.0,0.24386832
0.80629146,0.0,0.039508678
0.5814123,0.0,0.27511337
0.74146205,0.0,0.011919457
0.7045385,0.0,0.14100526
0.8405075,0.0,0.05693885
0.65568614,0.0,0.076939456
0.7768406,0.0,0.088667095
0.4948613,0.0,0.3348089
0.8335148,0.0,0.015795087
0.6053361,0.0,0.39306116
0.7188366,0.0,0.44889697
0.7387059,0.0,0.121704705
0.43719193,0.0,0.54107535
0.6183094,0.0,0.685852
0.61110187,0.0,0.41838863
0.54309845,0.0,0.54705554
0.7552544,0.0,0.17348196
0.8001514,0.0,0.03347916
0.6171268,0.0,0.19784212
0.7564191,0.0,0.029942414
0.6714132,0.0,0.024386667
0.8854803,0.0,0.010966079
0.8098402,0.0,0.050266154
0.8012061,0.0,0.012639721
0.74731314,0.0,0.52803683
0.74034554,0.0,0.47972706
0.7433755,0.0,0.695559
0.49377564,0.0,0.612324
0.79420483,0.0,0.11167998
0.5190587,0.0,0.26130432
0.7769038,0.0,0.06898299
0.71201104,0.0,0.20394395
0.40742704,0.0,0.47632807
0.48860973,0.0,0.38859582
0.4436664,0.0,0.2903634
0.57993335,0.0,0.7950574
0.55705595,0.0,0.45446154
0.47392613,0.0,0.7448842
0.60108626,0.0,0.24296688
0.5613285,0.0,0.40350732
0.8743895,0.0,0.22997338
0.532134,0.0,0.23840296
0.8267026,0.0,0.07897294
0.42988282,0.0,0.20535591
0.86022043,0.0,0.046278395
0.50812125,0.0,0.12296504
0.7300983,0.0,0.08738061
0.36061484,0.0,0.5605481
0.7329946,0.0,0.09859083
0.85072213,0.0,0.041042924
0.5765299,1.0,0.2904404
0.44145003,0.0,0.086431615
0.8732417,0.0,0.20505276
0.76673937,0.0,0.07929215
0.4968846,1.0,0.43523738
0.6360164,0.0,0.4955506
0.48074275,1.0,0.64081264
0.8125973,0.0,0.73887116
0.81100225,0.0,0.5833027
0.73847437,0.0,0.2661552
0.7870841,0.0,0.27984497
0.67569727,0.0,0.070728496
0.78912395,0.0,0.18685512
0.78536445,0.0,0.59215415
0.7581945,0.0,0.8223282
0.5911466,0.0,0.60630745
0.7684457,0.0,0.5160865
0.7609321,0.0,0.3780349
0.89291596,0.0,0.7393439
0.64472455,0.0,0.22813891
0.766128,0.0,0.39669013
0.5275488,0.0,0.3436503
0.65571123,0.0,0.15724415
0.6310081,0.0,0.43537104
0.75545883,0.0,0.70526206
0.68882114,0.0,0.054740164
0.7927608,0.0,0.17263687
0.8316792,0.0,0.4855383
0.79298145,0.0,0.66451573
0.6291187,0.0,0.5147987
0.8832184,0.0,0.26358223
0.67962813,0.0,0.47705796
0.62677026,0.0,0.3095124
0.8013017,0.0,0.14250864
0.6709312,0.0,0.18085021
0.6651633,1.0,0.3023291
0.7697716,1.0,0.5389831
0.7651174,1.0,0.5670399
0.6970691,1.0,0.78674024
0.6040848,1.0,0.58732605
0.6887728,1.0,0.7784932
0.6630927,1.0,0.7329214
0.5089714,1.0,1.0
0.52059567,0.0,0.5841065
0.50216764,0.0,0.41989076
0.59633815,0.0,0.5804508
0.6606202,0.0,0.57983714
0.60230714,0.0,0.61183506
0.66992444,0.0,0.17861463
0.5989182,0.0,0.4081219
0.7730952,0.0,0.0
0.4435022,0.0,0.36582372
0.65394735,0.0,0.15718669
0.4454011,0.0,0.6478493
0.7215983,0.0,0.06072004
0.5283963,0.0,0.50787395
0.6127699,0.0,0.67343247
0.6266663,0.0,0.123701476
0.48075372,0.0,0.5407209
0.4885705,0.0,0.44515616
0.5375461,0.0,0.51334727
0.70379543,0.0,0.026819158
0.56524324,0.0,0.12642393
0.72729963,1.0,0.6137786
0.49424005,0.0,0.29157278
0.65948105,0.0,0.008013342
0.60867786,0.0,0.41691536
0.43094423,0.0,0.51972413
0.6444051,0.0,0.49590415
0.55918247,0.0,0.3425881
0.55087036,0.0,0.10822179
0.46657875,0.0,0.0
0.5498844,0.0,0.26792422
0.677729,0.0,0.0034687482
0.6545779,0.0,2.6742198e-05
0.46467516,0.0,0.18029067
0.43312305,0.0,0.2968384
0.7116163,0.0,0.007666524
0.624785,0.0,0.0
0.55855155,0.0,0.47305176
0.47609434,0.0,0.5253599
0.74991584,0.0,0.0
0.49048075,0.0,0.3013342
0.5812145,0.0,0.47165558
0.36614725,0.0,0.36807013
0.4984008,0.0,0.5707029
0.5962658,0.0,0.034574043
0.5819539,0.0,0.6075092
0.6051126,0.0,0.10582112
0.4608643,0.0,0.011145866
0.47703376,0.0,0.40185848
0.5270442,0.0,0.13260764
0.6284303,0.0,0.0
0.47193506,0.0,0.30158043
0.34243757,0.0,0.45355636
0.31905875,0.0,0.22646981
0.50133353,0.0,0.0
0.5842959,0.0,0.003331983
0.3849603,0.0,0.1337107
0.39185178,0.0,0.04292526
0.59041107,0.0,0.0
0.4170006,0.0,0.09318758
0.3596399,0.0,0.55832213
0.6322762,0.0,0.09798124
0.4193244,0.0,0.6507586
0.42851913,0.0,0.38964215
0.64371806,0.0,0.0
0.65626353,0.0,0.11856888
0.3877301,0.0,0.54036343
0.5157812,0.0,0.22459982
0.5791568,1.0,0.14489788
0.44382113,1.0,0.4178856
0.42096642,1.0,0.5133283
0.492954,1.0,0.5002072
0.82463574,1.0,0.10891471
0.41499838,0.0,0.041831158
0.49915063,1.0,0.3473992
0.64916444,1.0,0.13458663
0.83172107,0.0,0.0
0.51985437,0.0,0.49926838
0.6779591,1.0,0.6167193
0.65239984,0.0,0.101402186
0.713916,1.0,0.482795
0.75683695,0.0,0.09535385
0.59869605,0.0,0.0
0.68033546,1.0,0.37698856
0.7744575,1.0,0.105674
0.47690454,1.0,0.69472253
0.6445595,1.0,0.6979241
0.5757135,0.0,0.6270534
0.7637744,0.0,0.15858519
0.62183297,0.0,0.29163745
0.6678374,0.0,0.2822713
0.61416876,0.0,0.570954
0.4115269,1.0,0.8451642
0.52282923,0.0,0.3189353
0.61974907,1.0,0.22558972
0.5046285,1.0,0.1680224
0.6089553,1.0,0.11576016
0.5278195,0.0,0.14285818
0.73380125,0.0,0.07126155
0.7571913,0.0,0.03583085
0.478943,0.0,0.04793552
0.6217954,0.0,0.44781762
0.4704964,0.0,0.4819648
0.43382794,0.0,0.27743065
0.65193826,0.0,0.09954566
0.40654662,0.0,0.6597409
0.46379602,0.0,0.48129493
0.6399599,0.0,0.6470321
0.71776867,0.0,0.019184537
0.6801831,0.0,0.29250577
0.6415413,0.0,0.08002306
0.67615086,0.0,0.051032495
0.6294325,0.0,0.23524399
0.5640877,0.0,0.008110315
0.5539049,0.0,0.4006737
0.8328422,0.0,0.06197421
0.7004579,0.0,0.034729343
0.7090203,0.0,0.068576045
0.6551516,0.0,0.0
0.86203897,0.0,0.0
0.79890007,0.0,0.03766073
0.59917897,0.0,0.0
0.45785022,0.0,0.455711
0.6971065,0.0,0.233223
0.71506864,0.0,0.096568756
0.55755866,0.0,0.16210988
0.7449412,0.0,0.39928794
0.5893505,0.0,0.20237668
0.559598,0.0,0.3702109
0.41215876,0.0,0.8197432
0.69338053,0.0,0.5412905
0.5830936,0.0,0.7661752
0.51865155,0.0,0.66800034
0.41914812,0.0,0.5134894
0.60909975,0.0,0.16506518
0.4520443,0.0,0.5797796
0.79329187,0.0,0.0
0.41343144,0.0,0.09006069
0.781936,0.0,0.011111732
0.3825389,0.0,0.19827956
0.7263046,0.0,0.08644884
0.45168066,0.0,0.39086682
0.5598462,0.0,0.8289399
0.6959718,0.0,0.58402884
0.5930078,0.0,0.6371563
0.6811477,0.0,0.2610334
0.43992326,0.0,0.5660359
0.523199,0.0,0.256316
0.5460688,0.0,0.45049268
0.73809445,0.0,0.0044642696
0.56332844,0.0,0.4057589
0.79612225,0.0,0.0
0.4750994,0.0,0.28420776
0.5471396,0.0,0.3411695
0.65370977,0.0,0.58704937
0.5936282,0.0,0.14069648
0.78472704,1.0,0.19903259
0.7369694,0.0,0.0
0.86809313,0.0,0.0
0.7599577,0.0,0.22171827
0.5265196,0.0,0.0
0.8493638,0.0,0.0
0.6132328,0.0,0.2349456
0.48190537,0.0,0.5820364
0.61087334,0.0,0.3211434
0.53511196,0.0,0.60486543
0.7964819,0.0,0.2672913
0.7153509,0.0,0.6731884
0.71199507,0.0,0.08846967
0.5126731,0.0,0.2467178
0.6272473,0.0,0.392032
0.6434839,0.0,0.5087932
0.8284719,0.0,0.3254099
0.50208515,1.0,0.32190093
0.6184738,1.0,0.48588157
0.68971497,0.0,0.006403482
0.6880394,1.0,0.474383
0.79603183,1.0,0.19744189
0.58084786,1.0,0.0111708725
0.6213443,0.0,0.2055245
0.80428314,0.0,0.039862573
0.46848762,0.0,0.001155411
0.7713736,0.0,0.0007992741
0.50314105,0.0,0.23936611
0.61702,0.0,0.2101118
0.51492786,0.0,0.52460617
0.3468111,0.0,0.3684437
0.5734162,0.0,0.3098546
0.3413836,0.0,0.43819353
0.7398173,0.0,0.17633773
0.5706627,1.0,0.29707178
0.74762857,0.0,0.079288416
0.5338998,1.0,0.6285775
0.7206272,1.0,0.39934027
0.7108875,1.0,0.11768259
0.5223174,1.0,0.5586439
0.6106561,1.0,0.27061793
0.6592246,1.0,0.047950484
0.5619936,1.0,0.3989484
0.4931608,1.0,0.6194848
0.5889141,1.0,0.5998393
0.54676384,1.0,0.20560959
0.35523677,0.0,0.34028375
0.27176663,0.0,0.671039
0.57121575,0.0,0.37516683
0.6129893,0.0,0.114673264
0.6336875,0.0,0.09360562
0.62141204,0.0,0.0016068312
0.69168615,0.0,0.00081583374
0.7768747,0.0,0.01835889
0.7739939,0.0,0.028486226
0.7894585,1.0,0.042568292
0.77120507,0.0,0.0
0.42975584,0.0,0.2194301
0.49877766,0.0,0.005798101
0.47861356,0.0,0.4007649
0.6290242,0.0,0.21333621
0.57997006,0.0,0.41635704
0.65873677,0.0,0.010502776
0.4991797,0.0,0.24726498
0.81670123,0.0,0.0
0.47313085,0.0,0.15204906
0.67575115,0.0,0.043129686
0.6840119,0.0,0.3635031
0.5902521,0.0,0.12012817
0.6233523,1.0,0.2514665
0.6029372,0.0,0.64005136
0.6399747,0.0,0.23585239
0.7357427,0.0,0.20871799
0.59146225,1.0,0.8756471
0.69549525,0.0,0.5072932
0.59228,0.0,0.09298214
0.76376194,0.0,0.0
0.6997107,0.0,0.09027319
0.6206312,0.0,0.008375504
0.45542184,0.0,0.39653268
0.77059853,0.0,0.0
0.61770374,0.0,0.42460704
0.39475125,1.0,0.21368818
0.7821963,0.0,0.1224817
0.6370579,0.0,0.7927616
0.6530192,0.0,0.73412484
0.7821413,0.0,0.27818382
0.54387903,0.0,0.20963939
0.72076434,0.0,0.032474548
0.7969545,0.0,0.0058854865
0.7639525,0.0,0.07121507
0.8465824,0.0,0.0050227726
0.57807034,0.0,0.3939318
0.8354517,0.0,0.008127052
0.66148424,0.0,0.22403026
0.79824406,0.0,0.73224616
0.59442234,0.0,0.8200751
0.73051333,0.0,0.12460435
0.698896,0.0,0.12586226
0.79112685,0.0,0.0064184177
0.7652818,0.0,0.00776132
0.79804796,0.0,0.0026866214
0.7799196,0.0,0.011128532
0.8350996,0.0,0.0
0.54724795,0.0,0.08800763
0.78036344,0.0,0.028190976
0.5682745,0.0,0.18034911
0.657873,0.0,0.06416977
0.6333306,0.0,0.00954234
0.8256775,0.0,0.011469441
0.54625344,0.0,0.029284777
0.7398559,0.0,0.21546942
0.63563764,0.0,0.29599914
0.6690237,0.0,0.6202716
0.5221425,0.0,0.77995104
0.51727027,0.0,0.77187985
0.54109,0.0,0.27844197
0.65320075,0.0,0.59309536
0.5114973,0.0,0.49679244
0.56187105,0.0,0.10481466
0.56051224,0.0,0.7910273
0.5624921,0.0,0.0950362
0.5410604,0.0,0.44276786
0.50573397,0.0,0.12408576
0.6632496,0.0,0.5111218
0.53171414,0.0,0.13196011
0.507675,0.0,0.66476715
0.5290475,0.0,0.22007807
0.8342358,0.0,0.019757409
0.7263348,0.0,0.5404273
0.71888345,0.0,0.39541867
0.78586805,0.0,0.061481506
0.6790349,0.0,0.21632391
0.73730433,0.0,0.42845595
0.8029589,0.0,0.25192276
0.7657585,0.0,0.5773381
0.78181255,0.0,0.11418938
0.7972926,0.0,0.5534724
0.7143329,0.0,0.8185822
0.6078459,0.0,0.18036467
0.7477965,0.0,0.61322796
0.70820427,0.0,0.37411296
0.63700527,0.0,0.5841532
0.57907885,0.0,0.72573787
0.69220746,0.0,0.6454973
0.7190367,0.0,0.8423085
0.66722757,0.0,0.71165115
0.65584326,0.0,0.048132665
0.7115018,0.0,0.30850902
0.7728259,0.0,0.0
0.8360181,0.0,0.09310113
0.7265692,0.0,0.00035438736
0.73789954,0.0,0.17429918
0.68967354,0.0,0.0028020302
0.7922072,0.0,0.08940846
0.79224944,0.0,0.41072825
0.78033894,0.0,0.4044942
0.65381616,0.0,0.3091799
0.70569587,0.0,0.35484695
0.58596474,0.0,0.14192016
0.7658303,0.0,0.12041738
0.64176655,0.0,0.46067286
0.7355114,0.0,0.07020676
0.70251226,0.0,0.27402732
0.821806,0.0,0.019609658
0.73447114,0.0,0.011975921
0.58511853,0.0,0.5517415
0.8130985,0.0,0.17228048
0.77751803,0.0,0.46888223
0.8066381,0.0,0.0030514565
0.7610671,0.0,0.3104629
0.82694924,0.0,0.108551085
0.610423,0.0,0.2571949
0.8147004,0.0,0.07416196
0.72728735,0.0,0.014060996
0.77451015,0.0,0.55291444
0.6801135,0.0,0.2532153
0.5310615,0.0,0.18737759
0.5970046,0.0,0.6310641
0.7062145,0.0,0.48580602
0.82109004,0.0,0.5328052
0.78097516,0.0,0.3665363
0.73259306,0.0,0.5732587
0.7888124,0.0,0.12042722
0.6429671,0.0,0.37220648
0.77925193,0.0,0.009165302
0.7173313,0.0,0.2714864
0.8405397,0.0,0.030646134
0.77770126,0.0,0.12173461
0.8126158,0.0,0.016592301
0.88401926,0.0,9.765219e-05
0.80087936,0.0,0.1417113
0.7768422,0.0,0.065196656
0.7494035,0.0,0.30642405
0.6676288,0.0,0.5712484
0.69158596,0.0,0.6016732
0.79100424,0.0,0.008742858
0.6710194,0.0,0.21927069
0.70245516,0.0,0.516375
0.71135646,0.0,0.39374456
0.6265329,0.0,0.073994786
0.63023746,0.0,0.037892647
0.5533885,0.0,0.81992394
0.6524865,0.0,0.5332755
0.7719883,0.0,0.042922053
0.64579713,0.0,0.17775533
0.79184073,0.0,0.0
0.8552571,0.0,0.0139817055
0.8551897,0.0,0.0
0.8326391,0.0,0.0
0.860882,0.0,0.0
0.7829269,0.0,0.0102708135
0.70685333,0.0,0.26205558
0.58817476,0.0,0.048778027
0.72692364,0.0,0.28372812
0.8354888,0.0,0.048986305
0.80932504,0.0,0.0
0.8281008,0.0,0.0071505373
0.78118956,0.0,0.0067051267
0.82937574,0.0,0.14569026
0.8091581,0.0,0.059977006
0.76783663,0.0,0.0008502454
0.8100541,0.0,0.1012566
0.76210606,0.0,0.5389928
0.76226795,0.0,0.36728546
0.61887395,0.0,0.20616403
0.53252035,0.0,0.7804621
0.76876414,0.0,0.216119
0.79825824,0.0,0.16239725
0.72300816,0.0,0.15707237
0.73787695,0.0,0.14795287
0.74404097,0.0,0.0039399522
0.7265329,0.0,0.059441715
0.8712744,0.0,0.0016870826
0.8039314,0.0,0.0
0.7962219,0.0,0.0014036401
0.66269386,0.0,0.0
0.6579608,1.0,0.43583858
0.6777263,1.0,0.40383708
0.7168753,1.0,0.46583083
0.6991966,1.0,0.4509703
0.7833877,0.0,0.020612897
0.779251,0.0,0.07013211
0.8653148,0.0,0.00027685077
0.7911548,0.0,0.029509615
0.7737128,0.0,0.0004119856
0.82732767,0.0,0.047855664
0.7087542,0.0,0.1659736
0.81115186,0.0,0.3369269
0.72662467,0.0,0.7468752
0.7570268,0.0,0.2034686
0.6928469,0.0,0.08471724
0.7174067,0.0,0.06590506
0.7252381,1.0,0.52323335
0.5550311,1.0,0.5045595
0.73810244,1.0,0.20094639
0.53875595,0.0,0.04624184
0.5470497,1.0,0.62884307
0.58291936,1.0,0.6411328
0.78041965,0.0,0.0930522
0.6195233,1.0,0.22685711
0.7511552,0.0,0.20186749
0.75430137,0.0,0.0077767423
0.68904424,0.0,0.41623437
0.76862776,0.0,0.10994143
0.7630788,0.0,0.18363616
0.6176405,0.0,0.5861724
0.64797133,0.0,0.34830564
0.5913387,0.0,0.81136125
0.5583008,0.0,0.7584706
0.66952485,0.0,0.16687775
0.7728312,0.0,0.100875266
0.8332977,0.0,0.06697334
0.8152886,0.0,0.019356353
0.7042796,0.0,0.06484988
0.88959926,0.0,0.00021972154
0.7292677,0.0,0.012058233
0.71525323,0.0,0.009230581
0.38024458,0.0,0.36607674
0.6988454,0.0,0.14527197
0.76194453,0.0,0.0014320347
0.7772133,0.0,0.17020857
0.8774685,0.0,0.026556002
0.66600823,0.0,0.31950593
0.533028,0.0,0.74924225
0.55972165,0.0,0.52817154
0.61317587,0.0,0.5261659
0.75249565,0.0,0.010042818
0.58148634,0.0,0.66017884
0.83023137,0.0,0.20790909
0.7491326,0.0,0.4588833
0.5932455,0.0,0.8104255
0.5851007,0.0,0.5606907
0.71768945,0.0,0.045727003
0.6873352,0.0,0.11555478
0.71814746,0.0,0.3695092
0.7361556,0.0,0.46079928
0.6616907,0.0,0.009410834
0.7598115,0.0,0.10497138
0.8920983,0.0,0.004868212
0.7473853,0.0,0.110004745
0.7586978,0.0,0.0
0.675033,0.0,0.037980553
0.7495769,0.0,0.013783102
0.44333863,0.0,0.2000845
0.83908206,0.0,0.31253368
0.7588489,0.0,0.17145124
0.79601604,0.0,0.08369579
0.6874077,0.0,0.00573458
0.8036551,0.0,0.17820713
0.8083794,0.0,0.005996703
0.441782,0.0,0.22748682
0.61488223,0.0,0.32315785
0.7063431,0.0,0.22265948
0.8927874,0.0,0.0
0.6583556,0.0,0.09846382
0.6447554,0.0,0.513183
0.6117042,0.0,0.2023318
0.8566374,0.0,0.00819363
0.71789086,0.0,0.044235263
0.41798097,0.0,0.36763236
0.66737425,0.0,0.19979818
0.6320262,0.0,0.0
0.54905146,0.0,0.18728136
0.36095023,0.0,0.6074569
0.5972031,0.0,0.29192042
0.65863526,0.0,0.026325835
0.54098785,0.0,0.6516358
0.5641322,0.0,0.7088964
0.58278733,0.0,0.5758287
0.6922294,0.0,0.5172402
0.53359187,0.0,0.50286275
0.55601954,0.0,0.49139985
0.5692569,0.0,0.24360509
0.567004,0.0,0.6875799
0.6085039,0.0,0.3234474
0.70269424,0.0,0.27342972
0.4333418,0.0,0.70355946
0.54507834,0.0,0.4622582
0.74353004,0.0,0.07368499
0.58123684,0.0,0.4279284
0.6275062,0.0,0.20044675
0.6750571,0.0,0.0035525754
0.6551818,0.0,0.047996297
0.60528785,0.0,0.045033935
0.52180237,0.0,0.1497333
0.45841938,0.0,0.7522684
0.60364765,0.0,0.31257355
0.7316834,0.0,0.06609303
0.6203,0.0,0.40478653
0.4464615,1.0,0.57179135
0.60012555,1.0,0.41495323
0.67841357,1.0,0.6746646
0.5958076,1.0,0.113605715
0.6933846,1.0,0.21840523
0.56991255,1.0,0.13603616
0.57155824,0.0,0.20471875
0.65614986,0.0,0.061065093
0.68205535,0.0,0.0624505
0.55837274,1.0,0.31633222
0.83684283,0.0,0.0
0.54562217,1.0,0.1410495
0.8079835,0.0,0.009710941
0.64494735,0.0,0.107463315
0.83104384,0.0,0.02625127
0.52833754,0.0,0.21603575
0.74961007,0.0,0.6996416
0.71135056,1.0,0.7109033
0.6108661,1.0,0.25000072
0.72109413,1.0,0.39209142
0.71272707,0.0,0.00040810983
0.48890042,1.0,0.20274854
0.8000865,0.0,0.0075695775
0.65913755,1.0,0.10058506
0.69816065,0.0,0.013815578
0.5741467,1.0,0.27837348
0.78573734,0.0,0.004389952
0.62990195,0.0,0.0010398774
0.7283473,1.0,0.0450083
0.817956,0.0,0.16745473
0.6187301,1.0,0.50920594
0.7680718,0.0,0.2910585
0.6173997,0.0,0.5465647
0.3775078,0.0,0.82439613
0.6933393,0.0,0.22189198
0.5876871,0.0,0.08267193
0.6521779,0.0,0.0
0.7187307,0.0,0.0
0.8261891,0.0,0.00016935113
0.71646273,0.0,0.0005508636
0.59644246,0.0,0.005624639
0.6627547,0.0,0.08347314
0.59487176,0.0,0.2084032
0.840505,0.0,0.17089568
0.47261456,0.0,0.8390817
0.6381379,0.0,0.790747
0.6578201,0.0,1.0
0.7155699,0.0,0.7824427
0.7226049,0.0,0.17962989
0.8088665,0.0,0.0027977368
0.8846933,0.0,0.010245366
0.7796734,0.0,0.12776448
0.900321,0.0,0.0007591488
0.7484107,0.0,0.007370402
0.833726,0.0,0.0013397892
0.80071294,1.0,0.056568626
0.6550881,0.0,0.0
0.66314274,0.0,0.0
0.8460566,1.0,0.024503984
0.86006486,1.0,0.07869515
0.84065914,0.0,0.01053306
0.86798924,0.0,0.0
0.8208728,0.0,0.002066568
0.66074646,0.0,0.012962373
0.66960716,0.0,0.0
0.8475829,0.0,0.02251254
0.7993108,0.0,0.069235116
0.685296,0.0,0.47642532
0.7107092,0.0,0.5977897
0.6075167,0.0,0.50997895
0.7360499,0.0,0.26079103
0.887999,0.0,0.0
0.6588248,0.0,0.0
0.66926277,0.0,0.016850166
0.69545573,1.0,0.038927518
0.5514135,1.0,0.2879874
0.73629403,0.0,0.039080754
0.6637383,1.0,0.27199012
0.31997716,1.0,0.53868204
0.66519123,1.0,0.5998645
0.5204631,1.0,0.2584903
0.7149285,1.0,0.13691631
0.47758615,0.0,0.0
0.71399057,1.0,0.30742368
0.7016016,1.0,0.61622936
0.66733265,0.0,0.23845118
0.43615073,0.0,1.0
0.61270124,0.0,0.5353275
0.5194415,0.0,0.38324952
0.5695494,0.0,0.44901684
0.5294019,0.0,0.10551902
0.8135842,0.0,0.6452038
0.68647265,0.0,0.054535266
0.6575352,0.0,0.33768982
0.5373237,0.0,0.48117802
0.64413035,0.0,0.68261296
0.7755084,0.0,0.10435704
0.547063,0.0,0.50092673
0.779262,0.0,0.08586629
0.47789645,0.0,0.21716584
0.73198116,0.0,0.0
0.5222487,0.0,0.49438912
0.64162785,0.0,0.06222903
0.52097905,0.0,0.6576885
0.57443,0.0,0.13248798
0.40963992,0.0,0.80548954
0.5099509,0.0,0.3786326
0.63054806,0.0,0.41795695
0.67125297,0.0,0.01690362
0.57026744,0.0,0.5994762
0.7157392,1.0,0.39593157
0.5391022,0.0,0.007913774
0.7268625,1.0,0.17136566
0.80644,0.0,0.0
0.6882565,1.0,0.16650604
0.6834359,0.0,0.12192892
0.65728194,0.0,0.42825627
0.49165985,1.0,0.8978357
0.8084271,1.0,0.454001
0.5323221,1.0,0.29796952
0.8094546,0.0,0.0010141023
0.7635784,0.0,0.0
0.8090897,1.0,0.23533353
0.53855795,0.0,0.03346708
0.68519074,1.0,0.3570579
0.42117354,0.0,0.685494
0.33585396,0.0,0.73232806
0.51396835,1.0,0.41766113
0.6699803,0.0,0.26294753
0.63713837,1.0,0.57511264
0.6774486,0.0,0.07650758
0.5374429,1.0,0.27255532
0.5825828,1.0,0.66504216
0.6318844,0.0,0.45981467
0.65625304,0.0,0.13603827
0.35569546,0.0,0.41062877
0.4983018,0.0,0.57411647
0.5504025,0.0,0.42220953
0.7399801,0.0,0.058965124
0.4678604,0.0,0.5837476
0.58552194,0.0,0.060596604
0.7695541,0.0,0.27484265
0.5854289,0.0,0.5375962
0.7365526,0.0,0.5497188
0.58442396,0.0,0.252522
0.7993399,0.0,0.0
0.48591167,0.0,0.07523088
0.7612045,0.0,0.0
0.40289068,0.0,0.15123133
0.7123285,0.0,0.00064135937
0.43143055,0.0,0.34672672
0.71019995,0.0,0.30397362
0.62219167,0.0,0.019728312
0.5068883,0.0,0.31837684
0.45893782,0.0,0.5885045
0.294967,0.0,0.49137974
0.82329607,0.0,0.051772203
0.6514082,0.0,0.34960687
0.82176244,0.0,0.15333788
0.65753627,0.0,0.25880858
0.7893426,0.0,0.0
0.5511315,0.0,0.16089194
0.7272962,0.0,0.0
0.6102526,1.0,0.3069134
0.6976159,0.0,0.067330085
0.6453152,1.0,0.6109186
0.38036978,0.0,0.37437087
0.7264676,1.0,0.11538508
0.60293245,0.0,0.80395746
0.7221266,1.0,0.6088014
0.5767214,1.0,0.26068473
0.59517336,0.0,0.09736703
0.43858865,0.0,0.3504192
0.63278645,0.0,0.032894693
0.6705506,0.0,0.3062043
0.82215726,0.0,0.0
0.5075247,0.0,0.36771226
0.66601807,0.0,0.20619415
0.45670885,0.0,0.29191816
0.4310325,0.0,0.7612267
0.32199875,0.0,0.98852354
0.40704894,0.0,0.3351077
0.3904716,0.0,0.48704132
0.41666958,0.0,0.7175872
0.53454524,0.0,0.66712147
0.41727102,0.0,0.1713507
0.44151452,0.0,0.32415932
0.62667775,0.0,0.05400343
0.41837418,0.0,0.6173236
0.51010495,0.0,0.35369426
0.59772485,0.0,0.10012408
0.52546614,0.0,0.2937196
0.5408188,0.0,0.53620356
0.56857157,1.0,0.454548
0.6424186,1.0,0.08171018
0.58870524,0.0,0.4584402
0.6682356,1.0,0.4728441
0.6613345,0.0,0.3921162
0.7954588,0.0,0.74901533
0.68667126,0.0,0.33962363
0.79701215,0.0,0.08466584
0.65729105,0.0,0.3617659
0.78135574,0.0,0.35517356
0.75161237,0.0,0.07264031
0.65620494,1.0,0.4994691
0.7124669,1.0,0.69919354
0.78169155,1.0,0.6860567
0.80348456,1.0,0.17685314
0.6962265,1.0,0.030435747
0.7758385,1.0,0.33542627
0.7242555,1.0,0.28469235
0.8245932,0.0,0.0016982147
0.77277356,0.0,0.021256763
0.58302784,1.0,0.44305423
0.40670595,1.0,0.36653978
0.5014313,0.0,0.09284389
0.5633376,0.0,0.5846172
0.66317457,0.0,0.28497854
0.33221892,0.0,0.25353476
0.6560596,0.0,0.34842283
0.48985305,0.0,0.3212993
0.58182776,0.0,0.36595997
0.79370224,0.0,0.27915865
0.6312346,0.0,0.6890768
0.77667344,0.0,0.40471864
0.5687916,0.0,0.41029245
0.75838274,0.0,0.08150885
0.74619836,0.0,0.12885727
0.69977725,0.0,0.19878276
0.63262993,0.0,0.21192636
0.75904757,0.0,0.22488365
0.49692625,0.0,0.16727073
0.73977894,0.0,0.0
0.49018046,0.0,0.27148038
0.74703544,0.0,0.00204221
0.6630362,0.0,0.41082466
0.4490184,0.0,0.5309975
0.59005475,0.0,0.1594205
0.44800007,0.0,0.32553762
0.66750497,0.0,0.0039828047
0.66398096,0.0,0.0910084
0.885507,0.0,0.0
0.54795223,0.0,0.11958003
0.42932004,0.0,0.18928419
0.79085255,0.0,0.036294706
0.5859276,0.0,0.35908827
0.6511016,0.0,0.23572946
0.46627903,0.0,0.75189084
0.7439401,0.0,0.17562018
0.6770903,1.0,0.4751986
0.5905689,1.0,0.5554252
0.60136294,0.0,0.15798064
0.7597657,1.0,0.13412789
0.6586172,1.0,0.4836698
0.7723776,0.0,0.06446151
0.83225274,0.0,0.03539547
0.84228915,1.0,0.05560751
0.681563,1.0,0.23216856
0.8562771,0.0,0.0
0.8103354,0.0,0.042023633
0.6518131,1.0,0.3499173
0.70804507,1.0,0.44607496
0.764495,0.0,0.094691075
0.7909657,0.0,0.25403237
0.83941096,0.0,0.043890767
0.6510898,0.0,0.34732598
0.6423845,0.0,0.23367876
0.75644934,0.0,0.5292694
0.73733324,0.0,0.048527315
0.8770811,0.0,0.030737013
0.80459696,0.0,0.12861054
0.60794926,0.0,0.23285238
0.7077646,0.0,0.1392397
0.6812215,0.0,0.03268229
0.85845387,0.0,0.0
0.8393131,1.0,0.12911434
0.8002295,1.0,0.048023887
0.69135135,1.0,0.30717835
0.5793514,0.0,0.3933667
0.68940645,0.0,0.37970167
0.7017456,0.0,0.6199132
0.66125417,0.0,0.59155214
0.46831116,0.0,0.62844074
0.8035347,0.0,0.6667543
0.70405084,0.0,0.19227937
0.7181064,0.0,0.2939644
0.76564276,0.0,0.03381784
0.78300375,0.0,0.082508534
0.731307,0.0,0.04601169
0.8676853,0.0,0.010224432
0.75339884,0.0,0.091959916
0.67507344,0.0,0.2569198
0.8021678,0.0,0.19174816
0.6571039,0.0,0.16775952
0.7393166,0.0,0.57694507
0.6293751,0.0,0.29921567
0.6900173,0.0,0.14487629
0.8391425,0.0,0.08427587
0.85480046,0.0,0.0
0.71626,0.0,0.18517345
0.8010882,0.0,0.3726433
0.72050154,0.0,0.12752569
0.6982078,0.0,0.0077600726
0.7473233,0.0,0.3602008
0.47886413,0.0,0.6436585
0.72344273,0.0,0.30705342
0.4707169,0.0,0.33741152
0.6228719,0.0,0.12751536
0.57327694,0.0,0.48355156
0.6434132,0.0,0.20069863
0.49992824,0.0,0.3713383
0.5315265,0.0,0.13119395
0.44438314,0.0,0.00021020406
0.5449107,0.0,0.03268675
0.54222333,0.0,0.36234197
0.8117446,0.0,0.013131793
0.72958827,0.0,0.0
0.6692991,0.0,0.20015496
0.46016616,0.0,0.037922066
0.57563025,0.0,0.003424487
0.59671813,0.0,0.0
0.72234356,0.0,0.064227104
0.723321,0.0,0.0
0.7944068,0.0,0.0
0.7011146,0.0,0.056010257
0.60954905,0.0,0.1563151
0.77997273,0.0,0.0
0.80981773,0.0,0.051989347
0.6830889,0.0,0.35525808
0.7023998,0.0,0.28154343
0.80021435,0.0,0.3829774
0.73749006,0.0,0.8356601
0.71022755,0.0,0.56703854
0.51221156,0.0,0.79220796
0.50252974,0.0,0.4657495
0.7965947,0.0,0.1305806
0.60485274,0.0,0.058607332
0.4983404,0.0,0.15534885
0.70772463,0.0,0.02595644
0.7906805,0.0,0.0
0.75956655,0.0,0.0
0.7658829,0.0,0.0021943857
0.5061467,0.0,0.09033594
0.84955657,0.0,0.06565459
0.8072629,0.0,0.012015699
0.5559884,0.0,0.11673266
0.7034779,0.0,0.0
0.46820447,0.0,0.41747525
0.8110331,0.0,0.07604143
0.7012961,0.0,0.0030809925
0.791154,0.0,0.16780703
0.80239683,0.0,0.0
0.6786724,0.0,0.1811895
0.64909554,0.0,0.75333285
0.6014353,0.0,0.47773224
0.755847,0.0,0.16747804
0.6616436,0.0,0.086687006
0.7040072,0.0,0.0
0.7356757,0.0,0.0022557494
0.7268166,0.0,3.500611e-05
0.7420347,0.0,0.068767674
0.7916259,0.0,0.095081665
0.7872702,0.0,0.0
0.7216165,0.0,0.07381926
0.7022326,0.0,0.13072462
0.81580144,0.0,0.0
0.7702327,0.0,0.0
0.595147,0.0,0.14529727
0.52229965,0.0,0.11348519
0.6771502,0.0,0.3257381
0.46066347,0.0,0.37270457
0.4581025,0.0,0.7086451
0.4184477,0.0,0.4940469
0.37232232,0.0,0.52734184
0.5474842,0.0,0.39587712
0.4789456,0.0,0.23019691
0.52468956,0.0,0.281841
0.46774566,0.0,0.2719087
0.49965942,0.0,0.3487543
0.47559655,0.0,0.19800301
0.4850946,0.0,0.3825757
0.3707581,0.0,0.66231036
0.5633237,0.0,0.30779254
0.64711386,0.0,0.21212287
0.79547316,0.0,0.121382855
0.73109543,0.0,0.18539771
0.7133406,0.0,0.33587456
0.62210566,0.0,0.06752426
0.81870157,0.0,0.04729901
0.7822512,0.0,0.049905434
0.83285326,0.0,0.013102807
0.74358696,0.0,0.040398568
0.7240617,0.0,0.102203116
0.8083838,0.0,0.10700435
0.682195,0.0,0.002452223
0.6589746,0.0,0.21547683
0.6840356,0.0,0.47312576
0.68544346,0.0,0.54599005
0.5782389,0.0,0.12917104
0.7809329,0.0,0.31617928
0.70395446,0.0,0.24343656
0.5650547,0.0,0.59890914
0.6389665,0.0,0.43668568
0.52052164,0.0,0.05841562
0.66030693,0.0,0.31911504
0.68141276,0.0,0.07017674
0.6505895,0.0,0.01830294
0.571493,0.0,0.21047698
0.5406617,0.0,0.2820908
0.84918416,0.0,0.13622627
0.8452275,0.0,0.016917234
0.83862,0.0,0.02121607
0.69813985,0.0,0.0
0.82318884,0.0,0.04543716
0.79789513,0.0,0.003740442
0.78728557,0.0,0.00085992826
0.7053205,0.0,0.0
0.7940012,0.0,0.0017561837
0.77397436,0.0,0.0009127098
0.74575293,0.0,0.015547879
0.68083715,0.0,0.0008837937
0.7401732,0.0,0.0
0.7715429,0.0,0.0
0.440894,0.0,0.082988895
0.5222802,0.0,0.08323626
0.73753166,0.0,0.0
0.6937728,0.0,0.18536167
0.62975436,0.0,0.2795888
0.65298975,0.0,0.70542336
0.60661876,0.0,0.6085917
0.68104774,0.0,0.45054027
0.64585245,0.0,0.3188173
0.61426896,0.0,0.16171654
0.7300396,0.0,0.546367
0.75984573,0.0,0.086028926
0.516544,0.0,0.25620764
0.46555477,0.0,0.19503921
0.5619791,0.0,0.0
0.47049913,0.0,0.015647441
0.45960325,0.0,0.3205362
0.5963333,0.0,0.4535248
0.42092612,0.0,0.35651055
0.7993656,0.0,0.08089225
0.51175076,0.0,0.5028266
0.4930154,0.0,0.6688345
0.7961839,0.0,0.6739937
0.71613437,0.0,0.045212843
0.69465405,0.0,0.29728302
0.8772273,0.0,0.2246863
0.68880135,0.0,0.63287824
0.45198655,0.0,0.29652587
0.8146496,0.0,0.0022393838
0.67754674,0.0,0.3716581
0.62290037,0.0,0.47481155
0.73019886,0.0,0.06768268
0.70956504,0.0,0.014501842
0.51344377,0.0,0.16841826
0.4502042,0.0,0.49449784
0.334091,0.0,0.39323345
0.57768095,0.0,0.70521295
0.7095465,0.0,0.32430616
0.77723575,0.0,0.18360268
0.6365791,0.0,0.06641565
0.50056267,0.0,0.5734036
0.6568675,0.0,0.21359272
0.577071,0.0,0.1420533
0.6144632,0.0,0.7153807
0.48097003,0.0,0.18996018
0.818852,0.0,0.0025490026
0.4660866,0.0,0.4106633
0.63350505,0.0,0.43498456
0.6745628,0.0,0.2228311
0.63939,0.0,0.34720516
0.78066814,0.0,0.015018965
0.8105939,0.0,8.958586e-05
0.64980036,0.0,0.34447592
0.5761295,0.0,0.19109459
0.85080206,0.0,0.0034412201
0.7555551,0.0,0.0041497983
0.48655674,0.0,0.46664533
0.85417634,0.0,0.016909465
0.75738204,0.0,0.0
0.5949964,0.0,0.37648696
0.7525603,0.0,0.15464658
0.89687765,0.0,0.0
0.8441472,0.0,0.0414121
0.7410674,0.0,0.33594143
0.66078585,0.0,0.5645481
0.57454985,0.0,0.4793618
0.7085229,0.0,0.077258974
0.58785635,0.0,0.5195328
0.5978352,0.0,0.40984502
0.83786255,0.0,0.054785337
0.8253526,0.0,0.16963442
0.7922879,0.0,0.47600406
0.84101725,0.0,0.03509574
0.7034905,0.0,0.35440296
0.4872727,0.0,0.3684281
0.8756832,0.0,0.00014011071
0.5431726,0.0,0.30199638
0.62802404,0.0,0.44822818
0.69709307,0.0,0.26171052
0.85319453,0.0,0.0014871791
0.5871269,0.0,0.24882574
0.5438442,0.0,0.41525504
0.7544906,0.0,0.02998421
0.44318193,0.0,0.24002002
0.5158063,0.0,0.57843095
0.4429949,0.0,0.48356435
0.59692115,0.0,0.3166876
0.5693078,0.0,1.0
0.5327735,0.0,0.16028383
0.42181852,0.0,0.3210754
0.84212726,0.0,0.00022235334
0.58778626,0.0,0.19211408
0.692628,0.0,0.0017892272
0.47303998,0.0,0.35578656
0.51107,0.0,0.37368354
0.6944563,0.0,0.0
0.5139112,0.0,0.09225969
0.5080573,0.0,0.06018789
0.5640076,0.0,0.1632073
0.7681191,0.0,0.27488643
0.6498489,0.0,0.49755153
0.46527827,0.0,0.5700326
0.6482212,0.0,0.7077677
0.5117202,0.0,0.3404362
0.61795926,0.0,0.86775494
0.769801,0.0,0.61555463
0.5432714,0.0,0.37942922
0.58904696,0.0,0.47627258
0.56235886,0.0,0.46049467
0.74381006,0.0,0.045659576
0.7077089,0.0,6.881211e-05
0.59852254,0.0,0.19750686
0.4365358,0.0,0.4594297
0.53354007,0.0,0.0060296245
0.6326028,0.0,0.34519902
0.77667123,0.0,0.021048574
0.6923552,0.0,0.28319415
0.66190165,0.0,0.00045970306
0.67091256,0.0,0.36186442
0.5058067,0.0,0.60754293
0.6147469,0.0,0.22561893
0.69882905,0.0,0.17203802
0.5997298,0.0,0.00078136654
0.5384736,0.0,0.0
0.7020741,0.0,0.0
0.8469938,0.0,0.0
0.8766966,0.0,0.010244152
0.7610844,0.0,0.098727114
0.52111655,1.0,0.4289578
0.62892365,1.0,0.7294594
0.7763569,0.0,0.41555735
0.7997654,0.0,0.013948122
0.80050546,0.0,0.093311384
0.5113899,0.0,0.06915912
0.64551497,0.0,0.23369661
0.73303837,0.0,0.08934549
0.75665426,0.0,0.00029485216
0.765081,0.0,0.0
0.5179681,0.0,0.23215407
0.7332772,0.0,0.0154348165
0.8081569,0.0,0.0
0.8026295,0.0,0.0
0.59323347,0.0,0.12888849
0.85547394,0.0,0.46694344
0.74978703,0.0,0.1957744
0.69046897,0.0,0.63826907
0.69537073,0.0,0.19340123
0.47297227,0.0,0.29931113
0.712508,0.0,0.3196015
0.7748659,0.0,0.26887423
0.6801417,0.0,0.24321315
0.81108886,0.0,0.0689565
0.7059099,0.0,0.18486942
0.7379823,0.0,0.023595357
0.7605366,0.0,0.45669627
0.6083555,0.0,0.40371737
0.76954883,0.0,0.43652692
0.646367,0.0,0.6435932
0.6646133,0.0,0.32266584
0.70769876,0.0,0.4959078
0.70196676,0.0,0.21530291
0.6534249,0.0,0.62348646
0.660138,0.0,0.36166772
0.73135054,0.0,0.02373506
0.72898585,0.0,0.2677897
0.6406124,0.0,0.39852887
0.5174482,0.0,0.19725743
0.7342749,0.0,0.0020810696
0.71930075,0.0,0.021122908
0.77913713,0.0,0.08952482
0.7172045,0.0,0.016372463
0.60291487,0.0,0.3334406
0.6857266,0.0,0.38012034
0.829801,1.0,0.33364606
0.69829035,0.0,0.049938142
0.8139869,0.0,0.095794156
0.77776885,0.0,0.54095435
0.7596413,0.0,0.52034575
0.71360886,0.0,0.19581601
0.6937382,0.0,0.54026365
0.733241,0.0,0.12167484
0.7722044,1.0,0.6596174
0.7536484,1.0,0.38495988
0.7749416,0.0,0.00021461386
0.556763,0.0,0.15922678
0.7502555,0.0,0.32135805
0.6524129,0.0,0.06885279
0.7990934,0.0,0.0
0.7255883,0.0,0.07318666
0.82084996,0.0,0.5537779
0.79158026,0.0,0.21463421
0.76307285,0.0,0.00024199404
0.696866,0.0,0.33499604
0.78753895,0.0,0.6049328
0.7829133,0.0,0.24409789
0.68999845,0.0,0.16464278
0.63144964,0.0,0.5170529
0.6160386,0.0,0.7263181
0.5039145,0.0,0.48267052
0.7396405,0.0,0.44636056
0.5288941,0.0,0.16668041
0.7231595,0.0,0.36892143
0.66835636,0.0,0.42364952
0.65319973,0.0,0.097317725
0.78929454,0.0,0.0
0.5729397,0.0,0.38084617
0.6581763,0.0,0.5522761
0.7800334,0.0,0.03986427
0.82781875,0.0,0.0006590103
0.66651833,0.0,0.31916276
0.7138894,0.0,0.15173109
0.7902036,0.0,0.009320033
0.6419527,0.0,0.5122715
0.75425977,0.0,0.0039121886
0.7799607,0.0,0.36234042
0.4053018,0.0,0.09132456
0.6350186,0.0,0.51056856
0.62388164,0.0,0.4161799
0.7283017,0.0,0.11162926
0.5262274,0.0,0.25703716
0.76714486,1.0,0.45147356
0.64062613,1.0,0.3626475
0.8033317,1.0,0.4192591
0.8192787,0.0,0.0061901542
0.78252107,1.0,0.67721593
0.7725482,1.0,0.63347775
0.8448766,0.0,0.050362613
0.81670237,0.0,0.38955146
0.6226826,0.0,0.38496006
0.7481875,0.0,0.10905398
0.7222711,0.0,0.17775546
0.7728371,0.0,0.23819427
0.7390218,0.0,0.008361268
0.6471247,0.0,0.07179631
0.8724269,0.0,0.0007933204
0.84588206,0.0,0.027944569
0.8710419,0.0,0.0062976694
0.7682596,0.0,0.0004650013
0.7393916,0.0,0.13704385
0.72922665,0.0,0.15797244
0.702509,0.0,0.03182186
0.88746595,0.0,0.010774108
0.74593246,0.0,0.09598554
0.73818076,0.0,0.44686103
0.64402187,0.0,0.0076422975
0.67788064,0.0,0.27188843
0.74250877,0.0,0.0014801179
0.7838508,0.0,0.0
0.75804883,0.0,0.0
0.8400252,0.0,0.0046707764
0.86350983,0.0,0.06823573
0.8523761,0.0,0.0737369
0.7690899,0.0,0.038098235
0.7182604,0.0,0.08965242
0.76014215,1.0,0.28892908
0.7802487,1.0,0.68452406
0.80974174,1.0,0.08356031
0.8568741,1.0,0.51936114
0.66142946,1.0,0.7614347
0.7340772,0.0,0.552229
0.71932656,0.0,0.011011422
0.67859775,1.0,0.32984826
0.62703097,0.0,0.4832439
0.7379106,0.0,0.23478916
0.84619343,0.0,0.0036611487
0.73616606,0.0,0.11183112
0.596131,0.0,0.55263203
0.58669645,0.0,0.010129444
0.78716,0.0,0.0034935488
0.65847296,0.0,0.27113193
0.49663252,0.0,0.22669594
0.7959214,0.0,0.013746891
0.56481117,0.0,0.21811166
0.5836512,0.0,0.7032404
0.67595935,0.0,0.5414986
0.6231771,0.0,0.3692209
0.436316,0.0,0.19925009
0.51384175,0.0,0.013495129
0.7527763,0.0,0.0
0.6925793,0.0,0.0
0.88050455,0.0,0.00061849004
0.8545657,0.0,0.007047006
0.73443264,0.0,0.015614807
0.6804334,1.0,0.47445965
0.76892585,0.0,0.29546347
0.79285824,0.0,0.09141068
0.75653315,1.0,0.17680967
0.5923155,0.0,0.38243416
0.84554076,0.0,0.0064538396
0.75937194,0.0,0.0005955084
0.7177793,0.0,0.25783497
0.6585229,0.0,0.19242796
0.6847323,0.0,0.0121545745
0.67063487,0.0,0.3689184
0.62994826,0.0,0.105147816
0.879382,0.0,0.0
0.78367066,0.0,0.0
0.7285489,0.0,0.035455
0.7615657,0.0,0.0
0.7468728,0.0,0.23958272
0.580081,0.0,0.6891543
0.5735444,0.0,0.012941528
0.6970437,0.0,0.4183839
0.4665892,0.0,0.31207892
0.6933821,0.0,0.47975335
0.65715045,0.0,0.11860733
0.69327956,0.0,0.28696463
0.8175388,0.0,0.088207036
0.6041842,0.0,0.3519446
0.4961407,0.0,0.21267603
0.5965004,0.0,0.3293285
0.6096139,0.0,0.3606421
0.69728583,0.0,0.0123317465
0.72462076,0.0,5.1130995e-05
0.5636848,0.0,0.35529825
0.4864142,0.0,0.6144734
0.71297944,0.0,0.18131907
0.7071916,0.0,0.3896484
0.7226958,1.0,0.2528794
0.6211512,1.0,0.6685545
0.783763,1.0,0.7261793
0.8289217,1.0,0.06692695
0.61202246,1.0,0.3368863
0.6950549,1.0,0.5776575
0.6426235,1.0,0.28824228
0.72205573,0.0,0.028703418
0.7412396,1.0,0.27282873
0.7243374,1.0,0.19941111
0.7929553,0.0,0.01588393
0.7019864,0.0,0.225888
0.53399575,1.0,0.48814884
0.62154174,0.0,0.069275215
0.6976658,0.0,0.07131133
0.762665,0.0,0.36727974
0.5335926,0.0,0.5130713
0.60845226,0.0,0.37170523
0.69651306,0.0,0.20341587
0.7513732,0.0,0.39103955
0.6722315,0.0,0.0021563363
0.69027793,0.0,0.05982392
0.6400896,0.0,0.63409215
0.8017572,0.0,0.17373359
0.6450616,0.0,0.38138926
0.71716183,1.0,0.55888534
0.68083066,1.0,0.55445623
0.5913775,0.0,0.33932614
0.77878803,1.0,0.05505165
0.6272952,1.0,0.59857875
0.6230772,1.0,0.52586377
0.6548502,0.0,0.4839517
0.71829104,1.0,0.0882842
0.59977216,1.0,0.6531002
0.60779905,1.0,0.6966981
0.59204155,0.0,0.89954144
0.5226506,0.0,0.6550317
0.4419997,0.0,0.68264794
0.5116723,0.0,0.14853807
0.43982974,0.0,0.00011903637
0.4986951,0.0,0.5629487
0.5009823,0.0,0.4330095
0.58581,0.0,0.06862725
0.64994264,0.0,0.41639924
0.7096858,0.0,0.12953115
0.67660636,0.0,0.36513853
0.6971909,0.0,0.27131054
0.78074294,0.0,0.18273422
0.7328485,0.0,0.13437858
0.7118339,0.0,0.28580278
0.69723135,0.0,0.021384876
0.48112428,0.0,0.506639
0.5695315,0.0,0.35026097
0.7317767,0.0,0.015787533
0.5334892,0.0,0.11749167
0.5301457,0.0,0.45759842
0.79836226,0.0,0.0034583278
0.7816122,0.0,0.023059199
0.5005313,0.0,0.35649335
0.55819744,0.0,0.213716
0.639045,0.0,0.0
0.5182991,0.0,0.22733074
0.4064506,0.0,0.58735996
0.5688642,0.0,0.33594397
0.6997229,0.0,0.16696185
0.4021346,0.0,0.5215868
0.43417293,0.0,0.78002983
0.7063128,0.0,0.1348709
0.8084524,0.0,0.012481228
0.40957025,0.0,0.32864422
0.43817866,0.0,0.28516537
0.45153344,0.0,0.2740009
0.5316194,0.0,0.4177942
0.70781755,0.0,0.13988493
0.74764615,0.0,0.18474054
0.7171843,0.0,0.3500578
0.574281,0.0,0.04164115
0.6058055,0.0,0.3877582
0.78512347,0.0,0.43416354
0.55081636,0.0,0.43487942
0.7227448,0.0,0.24831234
0.5410576,0.0,0.23941967
0.6788441,0.0,0.0
0.673075,0.0,0.13708156
0.81428444,0.0,9.5585085e-05
0.86629015,0.0,0.0058791623
0.3684476,0.0,0.28479794
0.8511867,0.0,0.0
0.68251014,0.0,0.10296234
0.670442,0.0,0.251281
0.5675749,0.0,0.35525116
0.54756904,0.0,0.60633004
0.45714626,0.0,0.6468388
0.5372377,0.0,0.7350701
0.6656392,0.0,0.19271669
0.6540532,0.0,0.25368646
0.62223095,0.0,0.0
0.7952272,0.0,0.0
0.5916871,0.0,0.0
0.6102932,0.0,0.0035688253
0.83783066,0.0,0.005641527
0.83657235,0.0,0.0
0.8895973,0.0,0.00038965628
0.71553516,0.0,0.015053507
0.83009475,1.0,0.013772575
0.6160506,0.0,0.0
0.7690468,1.0,0.099930696
0.7793845,1.0,0.020372668
0.7222369,0.0,0.112828925
0.8281768,0.0,0.015053259
0.58845156,0.0,0.0
0.6549889,0.0,0.0053144093
0.878642,0.0,0.09836554
0.82440567,0.0,0.0
0.79714733,0.0,0.0
0.8527301,0.0,0.024145532
0.79256976,0.0,0.101070546
0.79620725,0.0,0.0018664243
0.77940637,0.0,0.0
0.551823,0.0,0.101379596
0.4546468,0.0,0.22942203
0.8034195,0.0,0.0038334236
0.6654185,0.0,0.109961696
0.4424916,0.0,0.45007485
0.73398924,0.0,0.12504728
0.46776134,0.0,0.24984059
0.6449049,0.0,0.47771278
0.5500853,0.0,0.6621802
0.75638163,0.0,0.28574666
0.53017765,0.0,0.6822861
0.63361233,0.0,0.35924834
0.8445632,0.0,0.0032891133
0.5763654,0.0,0.17145947
0.512393,0.0,0.38840422
0.71489316,0.0,0.0012337532
0.797009,0.0,0.0
0.5351641,0.0,0.34429643
0.631298,0.0,0.366093
0.8482058,0.0,0.014281696
0.67071354,0.0,0.03482257
0.70833063,0.0,0.0006642811
0.7563513,0.0,0.027031034
0.83429736,0.0,0.0041170046
0.8054692,0.0,2.770007e-05
0.8116568,0.0,0.017302074
0.9065061,0.0,0.025203949
0.73196656,0.0,0.005724852
0.88058317,0.0,0.0030168872
0.8315957,0.0,0.0
0.8860957,0.0,0.009646899
0.83644783,0.0,0.0
0.8467432,0.0,0.01987314
0.60934246,0.0,0.16334777
0.80414534,0.0,0.1611604
0.73024315,0.0,0.035105594
0.7835028,0.0,0.2999183
0.7510995,0.0,0.56989706
0.7582599,0.0,0.56017166
0.81701416,1.0,0.30187273
0.7044154,0.0,0.21558842
0.8425794,1.0,0.3794167
0.85791135,0.0,0.12063775
0.74371,1.0,0.077608384
0.8164257,0.0,0.018483438
0.75346816,0.0,0.00074214395
0.66672903,0.0,0.13755575
0.55361295,0.0,0.06433887
0.380537,0.0,0.5311617
0.74641955,0.0,0.038071573
0.46367347,0.0,0.56327736
0.5705803,0.0,0.9009068
0.433391,0.0,0.2494789
0.5592319,0.0,0.9042013
0.7756728,0.0,0.23529369
0.6062199,0.0,0.32829237
0.64382154,0.0,0.005386957
0.6218821,0.0,0.024404744
0.81249297,0.0,0.0
0.7274418,0.0,0.0046760966
0.8635507,0.0,0.10835992
0.737738,0.0,0.028358663
0.80918545,0.0,0.0
0.6780596,0.0,0.000472627
0.7275719,0.0,0.44875818
0.7343419,0.0,0.0787361
0.6791859,0.0,0.16787173
0.7565691,0.0,0.2035319
0.5634181,0.0,0.3566019
0.6757147,0.0,0.4907188
0.51044947,0.0,0.49657303
0.7764986,0.0,0.19895189
0.79312134,0.0,0.22486198
0.6623373,0.0,0.17128542
0.7172178,0.0,0.5676232
0.715684,0.0,0.3840943
0.60473895,0.0,0.18447618
0.72209835,1.0,0.4210133
0.61727226,1.0,0.18474704
0.7253123,1.0,0.33083156
0.71793973,1.0,0.2262932
0.8257003,0.0,0.022840925
0.6602775,0.0,0.10644936
0.7285932,0.0,0.008253984
0.5494095,0.0,0.53275037
0.7026737,0.0,0.5109873
0.6025692,0.0,0.17720503
0.77105606,0.0,0.14284045
0.68978,0.0,0.2244787
0.77595776,0.0,0.041168384
0.5151544,0.0,0.34930998
0.7483115,0.0,0.014801263
0.7306354,0.0,0.0051692794
0.3893576,0.0,0.35651806
0.6464787,0.0,0.043829445
0.79589474,0.0,0.00499363
0.6394319,0.0,0.05079943
0.5085673,0.0,0.34580994
0.68795115,0.0,0.106514275
0.77553755,0.0,0.066470616
0.6636581,0.0,0.60546774
0.554877,0.0,0.64694214
0.56293756,0.0,0.16975622
0.5502829,0.0,0.5790893
0.6923074,0.0,0.20826942
0.5589576,0.0,0.03620911
0.6103713,0.0,0.32113823
0.7446733,0.0,0.0
0.60091716,0.0,0.00032486167
0.84336513,0.0,0.0
0.84072274,0.0,0.0077351974
0.8525034,0.0,0.00027755552
0.8266238,1.0,0.035573866
0.80989593,1.0,0.027617149
0.7135265,1.0,0.26068047
0.7023909,1.0,0.2091998
0.7481556,0.0,0.092978016
0.7618791,1.0,0.076892786
0.8310924,0.0,0.00020364499
0.86770433,0.0,0.019387996
0.82396305,0.0,0.01332864
0.846514,0.0,0.006416293
0.80929077,0.0,0.10027788
0.8420241,0.0,0.0
0.767504,0.0,0.19588149
0.7039945,0.0,0.26528987
0.6643036,0.0,0.61948454
0.7438938,0.0,0.4593142
0.7113615,0.0,0.60320544
0.7307557,0.0,0.025092583
0.74698967,0.0,0.7235746
0.87086755,0.0,0.21532181
0.50597596,0.0,0.26197094
0.6660365,0.0,0.5351661
0.66426426,0.0,0.21463871
0.8473665,0.0,0.0
0.69103366,0.0,0.19655395
0.33805257,0.0,0.45837104
0.69123256,0.0,0.04021387
0.6210077,0.0,0.0
0.58321524,0.0,0.47260815
0.49419266,0.0,0.37218186
0.6258069,0.0,0.0
0.67921156,0.0,0.08738569
0.44796228,0.0,0.49717498
0.73808545,0.0,0.21686132
0.6849155,0.0,0.0012442069
0.6916382,0.0,0.25258335
0.55119383,0.0,0.5680378
0.8281767,0.0,0.3900949
0.6210742,0.0,0.4060248
0.7416798,0.0,0.4089858
0.6108544,0.0,0.10487004
0.70003515,0.0,0.7103805
0.8129259,0.0,0.058880284
0.6005233,0.0,0.55564165
0.6143871,0.0,0.28454438
0.696359,0.0,0.061736543
0.65528053,0.0,0.066861875
0.6847479,0.0,0.059094545
0.7838314,0.0,0.15425159
0.694922,1.0,0.6895303
0.85109866,1.0,0.23610428
0.7955934,1.0,0.30021754
0.750871,1.0,0.44591278
0.68346524,0.0,0.29912084
0.84244,0.0,0.030498782
0.66342336,0.0,0.00039496893
0.7615111,0.0,0.0
0.8215836,0.0,0.014782471
0.7486345,0.0,0.015599044
0.5681393,0.0,0.013556862
0.83755255,0.0,0.004667864
0.7559349,0.0,0.04674095
0.64984965,0.0,0.0
0.64884347,0.0,0.0906434
0.7421686,0.0,0.44417608
0.6843706,0.0,0.39985234
0.6562594,0.0,0.57957315
0.70047987,0.0,0.03926243
0.58128035,0.0,0.28757814
0.7312071,0.0,0.022234337
0.7925882,0.0,0.0
0.7483364,0.0,5.0241775e-05
0.80869526,0.0,0.061696563
0.851496,0.0,0.0016144882
0.76045066,1.0,0.08783565
0.8752653,0.0,0.00082099455
0.69793713,0.0,0.10276218
0.88087106,0.0,0.09033023
0.7963319,1.0,0.57987404
0.8026334,1.0,0.36306536
0.66804034,1.0,0.71230316
0.76133263,0.0,0.34635463
0.7275895,0.0,0.06691706
0.7671238,1.0,0.14446162
0.76422197,0.0,0.49712604
0.82248014,0.0,0.016421415
0.61295646,0.0,0.26348552
0.4428279,0.0,0.2599855
0.50147516,0.0,0.580837
0.7491473,0.0,0.2030131
0.71893835,0.0,1.8224277e-05
0.56485695,0.0,0.23021008
0.81506306,0.0,0.21136114
0.8605239,0.0,0.0010771157
0.7879437,0.0,0.0
0.5784731,0.0,0.35921314
0.78842413,0.0,0.0014312799
0.80326754,0.0,0.00093780394
0.41195413,0.0,0.016134264
0.6357049,0.0,0.2596199
0.7759831,0.0,0.001655146
0.81155896,0.0,0.0
0.58431995,0.0,0.1509431
0.6828484,0.0,0.16175023
0.84233797,0.0,0.00015908813
0.6903399,0.0,0.0
0.65557444,0.0,0.30130032
0.67053515,0.0,0.17446502
0.6123931,0.0,0.031332456
0.5362124,0.0,0.18753216
0.6852133,0.0,0.5045935
0.60719556,0.0,0.39508277
0.5929698,0.0,0.9883398
0.5274366,0.0,0.7981514
0.6334332,0.0,0.34495905
0.5856348,0.0,0.18574262
0.736081,0.0,0.16818118
0.87443584,0.0,0.0
0.87335616,0.0,0.011795723
0.8513744,0.0,0.0
0.86599565,0.0,0.013809844
0.8595273,0.0,0.031132413
0.7349152,0.0,0.0
0.8040498,0.0,0.056409337
0.8203794,0.0,0.07989713
0.7744846,0.0,0.123459905
0.7517179,0.0,0.044646043
0.8474164,0.0,0.0
0.5808298,0.0,0.2092679
0.8330339,0.0,0.0011381994
0.81997675,0.0,0.011154644
0.85678613,0.0,0.0030406278
0.7602388,0.0,0.00010246551
0.8023726,0.0,0.13540235
0.44550127,0.0,0.41721806
0.8077829,0.0,0.43829894
0.77929235,0.0,0.07515553
0.66635257,0.0,0.3488017
0.42536053,0.0,0.2863064
0.6062239,0.0,0.329253
0.4572393,0.0,0.079758376
0.6262191,0.0,0.25853315
0.528348,0.0,0.025675137
0.73446155,0.0,0.40376946
0.5768757,0.0,0.33115354
0.6733625,0.0,0.49275953
0.8351016,0.0,0.05221982
0.6172764,0.0,0.4619087
0.7710703,0.0,0.17116134
0.6443653,0.0,0.2656582
0.65829957,0.0,0.48309955
0.6094754,0.0,0.4480007
0.5491479,0.0,0.42300135
0.5266403,0.0,0.71989614
0.7550479,0.0,0.120840766
0.7076583,0.0,0.19419606
0.77516913,0.0,0.045638923
0.6435855,0.0,0.022605445
0.7057956,0.0,0.00032761492
0.82340056,0.0,0.25698408
0.7397081,0.0,0.025461918
0.7773548,0.0,0.32778537
0.72041726,0.0,0.24749653
0.7420798,0.0,0.0018017062
0.45835617,0.0,0.2196429
0.47051466,0.0,0.41451007
0.5543188,0.0,0.083112404
0.74124676,0.0,0.003369541
0.40620974,0.0,0.18942602
0.42497262,0.0,0.2271034
0.5979368,0.0,0.0
0.8118476,0.0,0.06376399
0.69872785,0.0,0.5223627
0.58469963,0.0,0.30502355
0.8443501,0.0,0.014724758
0.6967508,0.0,0.06968911
0.68143386,0.0,0.5499165
0.57516396,0.0,0.5191931
0.65255994,0.0,0.25760898
0.6197109,0.0,0.70803505
0.63401675,0.0,0.061715618
0.61133397,0.0,0.37128896
0.38801816,0.0,0.08052694
0.4937911,0.0,0.29328182
0.45910838,0.0,0.2304773
0.6460835,0.0,0.018696262
0.6950521,0.0,0.049374327
0.71711946,0.0,0.0
0.7004207,0.0,0.005376591
0.70929503,0.0,0.0
0.70053726,0.0,0.0003015746
0.7297286,0.0,0.001431557
0.8908189,0.0,0.0
0.6420595,0.0,0.011247116
0.58627367,0.0,0.021525707
0.78062934,0.0,0.0058232956
0.77571297,0.0,0.0
0.7385829,0.0,0.0
0.6487883,0.0,0.0024242834
0.80132097,0.0,0.0016419481
0.7715382,0.0,0.0
0.72777057,0.0,0.041880343
0.42931512,0.0,0.46787554
0.6960966,0.0,0.74005127
0.649903,0.0,0.5004198
0.70815915,0.0,0.03615968
0.44459096,0.0,0.42400604
0.64066786,0.0,0.19848412
0.7331241,0.0,0.16672854
0.68685895,0.0,0.23608701
0.75114876,0.0,0.2439232
0.7263357,0.0,0.0
0.77177465,0.0,0.00038366584
0.8407156,0.0,0.0
0.7549521,0.0,0.037720084
0.67026633,0.0,0.039265845
0.8361223,0.0,0.006213536
0.7588557,0.0,0.034202483
0.72810984,0.0,0.0751055
0.7385891,0.0,0.0050243563
0.5314996,0.0,0.07749211
0.5302814,0.0,0.53248984
0.5980659,0.0,0.08045911
0.82413,0.0,0.02795013
0.517112,0.0,0.28688776
0.46609902,0.0,0.3413125
0.7417248,0.0,0.060613032
0.5796743,0.0,0.3806669
0.4779808,0.0,0.66364133
0.6006142,0.0,0.47715878
0.6169514,0.0,0.56984
0.8164371,0.0,0.10979277
0.60223764,0.0,0.3249099
0.7192464,0.0,0.4398112
0.41407531,0.0,0.24205256
0.7978925,0.0,0.008226388
0.59012526,0.0,0.0944918
0.52069116,0.0,0.26591784
0.8225755,0.0,0.19625501
0.69565135,0.0,0.026180157
0.74458593,0.0,0.03221179
0.7157476,0.0,0.003377744
0.74769944,0.0,0.11055809
0.6706096,0.0,0.040383168
0.8068997,0.0,0.008922337
0.6234596,0.0,0.010275487
0.7750477,0.0,0.0035039845
0.8506924,0.0,0.0
0.559164,0.0,0.00016374433
0.8010461,0.0,0.0
0.82388633,0.0,0.0
0.77214557,0.0,0.008024763
0.8057476,0.0,0.0013419886
0.50660306,0.0,0.20200676
0.727293,0.0,0.12011973
0.83841014,0.0,0.00080684025
0.8003116,0.0,0.01234863
0.7753086,0.0,0.32993537
0.7581431,0.0,0.44134894
0.75062406,0.0,0.25765648
0.56523055,0.0,0.7794976
0.7384902,0.0,0.3654419
0.5938235,0.0,0.021303462
0.58361727,0.0,0.12307253
0.5391125,0.0,0.35757795
0.47744828,0.0,0.26827508
0.74201506,0.0,0.0
0.53641933,0.0,0.4440483
0.47879028,0.0,0.6832427
0.581639,0.0,0.20460233
0.7147919,0.0,0.3001925
0.79062676,0.0,0.003743442
0.7847774,0.0,0.04069258
0.77073514,0.0,0.014897584
0.81867594,0.0,0.0
0.74341804,0.0,0.018675508
0.8556263,0.0,0.00091602164
0.8646348,0.0,0.0
0.7636413,0.0,0.0004433334
0.7687515,0.0,0.00056493626
0.84848154,0.0,0.0012817162
0.6453667,0.0,0.0032649983
0.7725317,0.0,0.069212325
0.6347319,0.0,0.20351079
0.7824883,0.0,0.039522078
0.79555017,0.0,0.0014744158
0.57580346,0.0,0.5425417
0.6434584,0.0,0.2053343
0.6161516,0.0,0.5294396
0.82188797,0.0,0.1710527
0.7318707,0.0,0.17578447
0.81550425,0.0,0.018589566
0.7748215,0.0,0.014243514
0.8852652,0.0,0.0009480129
0.76929104,0.0,0.18685937
0.7320515,0.0,0.0008946027
0.8897172,0.0,0.0
0.76432186,0.0,0.0055233804
0.75208175,0.0,0.005248535
0.75341064,0.0,0.00023318174
0.70944333,0.0,0.0056192577
0.6378639,0.0,0.0022668021
0.8152782,0.0,0.006499917
0.7614466,0.0,0.0039931354
0.73065424,0.0,0.060738355
0.714476,0.0,0.0045623058
0.7709858,0.0,0.40330198
0.7119823,0.0,0.47021174
0.712492,0.0,0.2866435
0.789342,0.0,0.37020454
0.83836865,0.0,0.06703313
0.8638348,0.0,0.108527355
0.7814709,0.0,0.49942672
0.40667668,0.0,0.34584418
0.8949396,0.0,0.01677621
0.74788266,0.0,0.06841023
0.37522438,0.0,0.5887299
0.6798727,0.0,0.29115677
0.77276796,0.0,0.01195864
0.5321001,0.0,0.29543382
0.78668016,0.0,0.029097956
0.7807192,0.0,0.0779147
0.44946453,0.0,0.39984515
0.5591483,0.0,0.37774315
0.83487153,0.0,0.00048702257
0.6584016,0.0,0.06745795
0.65106994,0.0,0.08742639
0.5705279,0.0,0.40731898
0.7381145,0.0,0.13931978
0.59951764,0.0,0.24456485
0.47142774,0.0,0.3513153
0.75009716,0.0,0.014306947
0.57699233,0.0,0.050213408
0.6870378,0.0,0.24196798
0.61686295,0.0,0.44074464
0.7416369,0.0,0.06665652
0.71938384,0.0,0.13796991
0.660252,0.0,0.35647127
0.6015803,0.0,0.025752872
0.48221475,0.0,0.35782272
0.6003563,0.0,0.31695458
0.72180307,0.0,0.3841575
0.60689795,0.0,0.62639034
0.52324355,0.0,0.32613954
0.5091216,0.0,0.7421505
0.7728592,0.0,0.70045626
0.5198873,0.0,0.115308054
0.56953675,0.0,0.33456117
0.6934558,0.0,0.0096669085
0.55388063,0.0,0.15059789
0.7670134,0.0,0.003638375
0.7941405,0.0,0.0
0.8508998,0.0,0.0
0.89459485,0.0,0.007648044
0.89824224,0.0,0.013446406
0.83590305,0.0,0.0
0.8581317,0.0,0.08608792
0.7333275,0.0,0.067703
0.7171022,0.0,0.011045291
0.8901956,0.0,0.00477471
0.77542883,0.0,0.0
0.8499032,0.0,0.016665604
0.79097134,0.0,0.013476021
0.7740892,0.0,0.055054583
0.84991765,0.0,0.07435528
0.7919137,0.0,0.13291508
0.8670397,0.0,0.07599534
0.70125204,0.0,0.04905954
0.58190376,0.0,0.5447295
0.5268639,0.0,0.51577854
0.671265,0.0,0.35186672
0.8277563,0.0,0.3578635
0.80610436,0.0,0.08301217
0.5491067,0.0,0.0
0.8342624,0.0,0.009716045
0.6824207,0.0,0.04352726
0.70731777,0.0,0.0028938372
0.70317924,0.0,0.25422034
0.6877592,0.0,0.17242192
0.68742436,0.0,0.040030375
0.87376326,0.0,0.02441135
0.59965,0.0,0.05236226
0.6569226,0.0,0.008627306
0.8213351,0.0,0.0
0.875697,0.0,0.021448273
0.8971379,0.0,0.0009516249
0.75180686,0.0,0.06013597
0.6969749,0.0,0.08403689
0.71221995,0.0,0.66961527
0.64105177,0.0,0.5732601
0.67411643,0.0,0.23800272
0.6339037,0.0,0.21066417
0.62383986,0.0,0.416845
0.6644626,0.0,0.04674286
0.6667397,0.0,0.6308687
0.59553313,0.0,0.29000032
0.6759188,0.0,0.25049505
0.74319345,0.0,0.0076131513
0.7587415,0.0,0.0
0.6424055,0.0,0.025062567
0.7538713,0.0,0.0012150347
0.6939777,0.0,0.0022699216
0.79562813,0.0,0.008400709
0.7467556,0.0,0.049302753
0.56691945,0.0,0.0
0.50181085,0.0,0.34304792
0.6014391,0.0,0.42557532
0.6468631,0.0,0.012470886
0.602758,0.0,0.23768236
0.7893492,0.0,0.25806797
0.8180569,0.0,0.033121523
0.82824934,0.0,0.078611195
0.84698313,0.0,0.0012649408
0.7629661,0.0,0.005841117
0.77479374,0.0,0.0
0.8141871,0.0,0.0064228554
0.62290823,0.0,0.0
0.7873607,0.0,0.039282527
0.59338516,0.0,0.0057547404
0.73982847,0.0,0.07306887
0.8228182,0.0,0.010349051
0.83998764,0.0,0.16882434
0.8723999,0.0,0.12033805
0.87316084,0.0,0.0037969875
0.85550916,0.0,0.080492616
0.6337236,0.0,0.18788166
0.80918825,0.0,0.21881649
0.85948545,0.0,0.0016278399
0.7924202,0.0,0.20744443
0.79285824,0.0,0.2788196
0.66925496,0.0,0.54354393
0.8491324,0.0,0.4128391
0.6688014,0.0,0.591132
0.8091382,0.0,0.3849696
0.7041695,0.0,0.01405368
0.5564725,0.0,0.7176794
0.7686664,0.0,0.42157584
0.75032216,0.0,0.34310588
0.6795507,0.0,0.5683014
0.80058914,0.0,0.21580663
0.6915083,0.0,0.011635104
0.60899657,0.0,0.11695885
0.6412491,0.0,0.45709938
0.7231049,0.0,0.18276124
0.58879364,0.0,0.0
0.47088757,0.0,0.40893567
0.67716426,0.0,0.45210359
0.60821205,0.0,0.099209
0.4404093,1.0,0.71952426
0.55848235,1.0,0.41660088
0.75225747,0.0,0.068480305
0.5788096,0.0,0.3232699
0.50286657,0.0,0.55149776
0.6312923,0.0,0.013674185
0.7297196,0.0,0.1392339
0.7774488,0.0,0.013774184
0.79761094,0.0,0.0073008514
0.74615806,0.0,0.0067507764
0.85601467,0.0,0.0
0.685061,0.0,0.26181528
0.6022637,0.0,0.024644844
0.7208458,0.0,0.0018876302
0.7127926,0.0,0.054361783
0.834017,0.0,0.0
0.7767863,0.0,0.04740986
0.67950284,0.0,0.22247201
0.66322976,0.0,0.24672876
0.79246247,0.0,0.124348156
0.7908484,0.0,0.07573021
0.6868634,0.0,0.14323056
0.72665,0.0,0.10740174
0.7887868,0.0,0.0
0.57066065,0.0,0.15577118
0.7522464,0.0,0.32785308
0.7698296,0.0,0.2313474
0.77058315,0.0,0.30418634
0.66112125,0.0,0.2202437
0.67947096,0.0,0.40950876
0.78680986,0.0,0.53343385
0.5966461,0.0,0.52299017
0.5795452,0.0,0.91673416
0.61873585,0.0,0.5032958
0.72628564,0.0,0.15667512
0.6533843,0.0,0.3688616
0.62062055,0.0,0.3533714
0.62050086,0.0,0.10558689
0.52884305,0.0,0.086383075
0.72356194,0.0,0.15733816
0.87705123,0.0,0.01174043
0.7405565,0.0,0.086522885
0.8763186,0.0,0.021478543
0.8446395,0.0,0.0043815067
0.86010367,0.0,0.0139470855
0.7751987,0.0,0.03851767
0.71901226,0.0,0.0037360005
0.85543126,0.0,0.020223381
0.8731286,0.0,0.0
0.85888165,0.0,0.010220336
0.6935326,0.0,0.058946528
0.83826834,0.0,0.010507263
0.7481941,0.0,0.10171311
0.8271929,0.0,0.054981504
0.9024856,0.0,0.017283902
0.85417515,0.0,0.081941575
0.7571881,0.0,0.37325844
0.787386,0.0,0.060073722
0.810225,0.0,4.9862316e-05
0.7833077,0.0,0.20207629
0.63026494,0.0,0.38087308
0.82647604,0.0,0.13410117
0.6198324,0.0,0.17153044
0.59124374,0.0,0.6153981
0.5572394,0.0,0.33812207
0.581162,1.0,0.4311824
0.8007441,0.0,0.07767634
0.42788777,1.0,0.6443846
0.71362454,0.0,0.2670536
0.7546755,0.0,0.0060328445
0.7035916,0.0,0.24656823
0.8690611,0.0,0.0077619995
0.8059494,0.0,0.00055011606
0.81482905,0.0,0.07612054
0.7516019,0.0,0.56477314
0.71508175,0.0,0.23212916
0.7198012,0.0,0.0
0.72941005,0.0,0.25965777
0.836177,0.0,0.07728256
0.69648314,0.0,0.2541633
0.70715344,0.0,0.11320999
0.8782525,0.0,0.010160126
0.84669405,0.0,0.0060450723
0.7288548,0.0,0.2810887
0.83778995,0.0,0.039353322
0.7975703,0.0,0.0005905863
0.5787082,0.0,0.0
0.8216193,0.0,0.09371476
0.86944366,0.0,0.012558523
0.72209275,0.0,0.121556796
0.7941629,1.0,0.25981036
0.52732795,0.0,0.0918306
0.512348,1.0,0.3332154
0.87245274,0.0,0.011420471
0.79012054,0.0,0.1358365
0.5958018,0.0,0.06625792
0.6059467,0.0,0.060629487
0.56052864,0.0,0.48823565
0.89387333,0.0,0.34333858
0.60688114,0.0,0.3885218
0.76313525,0.0,0.2990303
0.8698792,0.0,0.023444643
0.75302666,0.0,0.10686476
0.9033285,0.0,0.019648414
0.8683323,0.0,0.06690529
0.802753,0.0,0.007690022
0.8996935,0.0,0.013797614
0.8554548,0.0,0.0
0.8096068,0.0,0.0048175743
0.80998737,0.0,0.010605234
0.828594,0.0,0.0
0.78829163,0.0,0.0
0.8296059,0.0,0.14202823
0.8604281,0.0,0.31279784
0.830283,0.0,0.33131084
0.6458438,0.0,0.51423407
0.74645084,0.0,0.09483902
0.8277698,0.0,0.016071076
0.5450542,0.0,0.67806864
0.7111589,0.0,0.22915182
0.76288766,0.0,0.034409504
0.6766588,0.0,0.42778328
0.5340707,0.0,0.3432283
0.84494966,0.0,0.026888877
0.6425263,0.0,0.31568596
0.69637066,0.0,0.6816207
0.6563315,0.0,0.2781291
0.7514039,0.0,0.5134333
0.6833457,0.0,0.49894154
0.72068864,0.0,0.43905622
0.81504256,0.0,0.35665125
0.59005845,0.0,0.3834436
0.72765976,0.0,0.29086643
0.7434766,0.0,0.020111915
0.58409536,0.0,0.5809776
0.5008798,1.0,0.31662652
0.58623433,1.0,0.44438457
0.65354085,1.0,0.6212292
0.6592022,1.0,0.6125664
0.5979089,1.0,0.43495017
0.5143633,1.0,0.6265778
0.68601567,1.0,0.34022957
0.6930917,1.0,0.16367099
0.746278,1.0,0.4014817
0.6482585,1.0,0.6282815
0.6737243,0.0,0.1924936
0.7617556,0.0,0.035351127
0.52802235,0.0,0.46451256
0.8028434,0.0,0.15273131
0.6863763,0.0,0.007819972
0.5127958,0.0,0.31884697
0.5493186,0.0,0.5254605
0.70921284,0.0,0.021490995
0.80794626,0.0,0.018777976
0.4573677,0.0,0.60989827
0.6710946,0.0,0.5707214
0.748044,0.0,0.013666765
0.60807043,0.0,0.30028743
0.7090484,0.0,0.5781477
0.7089973,0.0,0.6465354
0.6296361,0.0,0.32837212
0.6792054,0.0,0.7468575
0.52472824,0.0,0.6598165
0.3538434,0.0,1.0
0.63780373,0.0,0.43994147
0.474095,0.0,0.37144604
0.54411256,0.0,0.6065499
0.5781032,0.0,0.3750577
0.7120082,0.0,0.012995268
0.8351069,0.0,0.055486955
0.8032985,0.0,0.0012263058
0.7140801,0.0,0.00023238685
0.6919363,0.0,0.0002941125
0.8277812,0.0,0.0
0.7983633,0.0,2.5751215e-05
0.8153353,0.0,0.0
0.4177816,1.0,0.17973678
0.61930156,0.0,0.0011636675
0.7235696,1.0,0.33381727
0.5235896,1.0,0.34903353
0.8114713,0.0,0.0
0.66625834,1.0,0.314073
0.45072514,1.0,0.7414633
0.6063049,0.0,0.06685297
0.634675,0.0,0.06127135
0.60093606,0.0,0.48929882
0.76063526,0.0,0.14039555
0.7969687,0.0,0.0
0.56770223,0.0,0.075854085
0.4892129,0.0,0.30027267
0.69065756,0.0,0.029563827
0.79410684,0.0,0.0
0.6148925,0.0,0.2322766
0.59626395,0.0,0.30262113
0.7370082,0.0,0.0015807443
0.818268,0.0,0.05272764
0.75672704,0.0,0.52839327
0.6842052,0.0,0.40610564
0.71131986,0.0,0.056987163
0.48066562,0.0,0.5358562
0.5770635,0.0,0.3448608
0.4401674,0.0,0.6701483
0.50921994,0.0,0.4307473
0.76175755,0.0,0.051364824
0.62922436,0.0,0.33225062
0.7478,0.0,0.0020056055
0.7657655,0.0,0.0
0.7537106,0.0,0.0
0.77522737,0.0,0.0
0.6977638,0.0,0.006118532
0.7360585,0.0,0.00025328086
0.6545835,1.0,0.0137014985
0.43853933,1.0,0.30744863
0.3572064,1.0,0.44298145
0.79673326,0.0,0.17687294
0.49479622,0.0,0.34552684
0.50579756,0.0,0.32283697
0.5815799,0.0,0.26793826
0.561395,0.0,0.03998375
0.4655645,0.0,0.51534176
0.6975601,0.0,0.18035533
0.6082894,0.0,0.111953646
0.5468247,0.0,0.18850169
0.67021906,0.0,0.39126632
0.6003466,0.0,0.22236434
0.59695375,0.0,0.49519637
0.3797036,0.0,0.5560791
0.77537763,0.0,0.039515924
0.48908308,0.0,0.40757152
0.44410628,0.0,0.43390527
0.6689358,0.0,0.021098265
0.6482087,0.0,0.108966164
0.63698995,0.0,0.42613524
0.6338829,0.0,0.15629958
0.73623794,0.0,0.00021459078
0.4851191,0.0,0.5315568
0.44059473,1.0,0.62169284
0.57817554,0.0,0.16868699
0.50120026,1.0,0.58956057
0.7433152,1.0,0.12380066
0.578232,1.0,0.6675379
0.7763555,1.0,0.40329456
0.77202237,1.0,0.47085944
0.7884553,1.0,0.10206165
0.82198906,1.0,0.22464456
0.8533264,0.0,0.0002979842
0.72192127,1.0,0.1438265
0.8182813,1.0,0.27107242
0.77244556,0.0,0.0
0.84344304,0.0,0.0
0.66093355,1.0,0.47575203
0.7619185,0.0,0.16963385
0.7482544,0.0,0.0
0.74883884,0.0,0.02934246
0.5097641,0.0,0.41556972
0.73592323,0.0,0.10111165
0.6916437,0.0,0.0
0.42167506,0.0,0.53458667
0.24143359,0.0,0.80126053
0.7093264,0.0,0.34431598
0.5631468,0.0,0.32978195
0.60112405,0.0,0.07755198
0.42254966,0.0,0.658884
0.5025673,0.0,0.80002296
0.5925369,0.0,0.15247469
0.5458909,0.0,0.11736186
0.61533827,0.0,0.037364364
0.7188767,0.0,0.015844349
0.84462875,0.0,0.0
0.81131953,0.0,0.00039830382
0.79463595,0.0,0.0
0.76490325,0.0,0.0
0.8010021,0.0,0.0
0.8488847,0.0,0.0
0.7179109,0.0,0.012785212
0.59207255,0.0,0.32748517
0.71025896,0.0,0.16972739
0.75549746,1.0,0.5715401
0.50903255,1.0,0.6243355
0.56411403,1.0,0.5982107
0.6878934,1.0,0.07435182
0.6904646,0.0,0.2133536
0.57297206,0.0,0.44808426
0.7147089,1.0,0.3727382
0.70347196,0.0,0.0
0.59107715,0.0,0.24687295
0.41103798,0.0,0.5591889
0.7352192,0.0,0.07735668
0.5976004,0.0,0.0
0.42904952,0.0,0.59794766
0.6315999,0.0,0.28055248
0.83626,0.0,0.0
0.5263023,0.0,0.2872222
0.3985093,0.0,0.4679574
0.6394166,0.0,0.10714244
0.6214772,0.0,0.37872192
0.78725207,0.0,0.042498253
0.5125625,0.0,0.16995709
0.870181,0.0,0.0
0.790244,0.0,0.014922568
0.8386486,0.0,0.0
0.84429896,0.0,0.0
0.7326573,0.0,0.019097283
0.8618432,0.0,0.0
0.5848922,0.0,0.34926388
0.80676085,0.0,0.55637413
0.5525836,0.0,0.18742123
0.7972126,0.0,0.39139867
0.57664007,0.0,0.3644178
0.6211357,0.0,0.42461756
0.68016285,0.0,0.054083705
0.8465089,0.0,0.0
0.48814103,0.0,0.1960692
0.5784316,0.0,0.45334256
0.8802901,0.0,0.00073206215
0.731952,0.0,0.016948996
0.7258596,0.0,0.29617047
0.6682215,0.0,0.29144374
0.39736158,0.0,0.59201294
0.41545466,0.0,0.6314837
0.5803279,0.0,0.17270817
0.5522277,0.0,0.103556946
0.73787916,0.0,0.1447636
0.5834649,0.0,0.2312949
0.8504017,0.0,0.17546685
0.5528631,0.0,0.5021547
0.83124775,0.0,0.44702828
0.7129003,0.0,0.6785138
0.7694493,0.0,0.59620714
0.5792934,0.0,0.3709575
0.798566,0.0,0.026538463
0.77651703,0.0,0.118180215
0.549225,0.0,0.55671483
0.7873328,0.0,0.1984208
0.80660504,0.0,0.0
0.6788164,0.0,0.1347187
0.7125247,0.0,0.40927833
0.4998501,0.0,0.20947234
0.7870032,0.0,0.004799722
0.7333734,0.0,0.40001515
0.667066,0.0,0.705785
0.74117965,0.0,0.20733634
0.6408337,0.0,0.20218351
0.7050561,0.0,0.52515644
0.5104065,0.0,0.62833786
0.6117713,0.0,0.55405015
0.65431374,0.0,0.0593567
0.62069744,0.0,0.6366219
0.7727255,0.0,0.2313734
0.6379315,0.0,0.42655227
0.70565,0.0,0.6416179
0.77418333,0.0,0.5671232
0.76677954,0.0,0.09774573
0.6694042,0.0,0.34526017
0.77664876,0.0,0.23192722
0.49501136,0.0,0.32660675
0.6006051,0.0,0.7003538
0.6093773,0.0,0.29125872
0.61182535,0.0,0.7545751
0.70875853,0.0,0.29554665
0.37366757,0.0,0.0020252557
0.65235883,0.0,0.07591198
0.62098306,0.0,0.35054496
0.78186786,0.0,0.18334855
0.71516234,0.0,0.0
0.7397235,0.0,0.18923485
0.5115347,0.0,0.45935816
0.6546534,0.0,0.34435531
0.57137376,0.0,0.13813925
0.4449024,0.0,0.5870893
0.57584345,0.0,0.6426582
0.65119874,0.0,0.34868065
0.8393098,0.0,0.16040553
0.6974863,0.0,0.08267473
0.66110283,0.0,0.25216022
0.6929594,0.0,0.12139657
0.81445974,0.0,0.0
0.5926648,0.0,0.06481107
0.7196719,0.0,0.046598125
0.6508507,0.0,0.014283818
0.74396926,0.0,0.0
0.69302535,0.0,0.012992589
0.79038924,0.0,0.0
0.82538265,0.0,0.0070001744
0.7758645,0.0,0.010702265
0.61842465,0.0,0.24693255
0.54756373,0.0,0.4767704
0.7338614,0.0,0.31606397
0.6867268,0.0,0.42228028
0.5722396,0.0,0.66276973
0.7425411,0.0,0.21292292
0.57393545,0.0,0.22456834
0.7145489,0.0,0.32833117
0.8446713,0.0,0.0
0.73184234,0.0,0.0037752604
0.5164887,0.0,0.13434014
0.65935457,0.0,0.2522542
0.7631609,0.0,0.0
0.7987585,0.0,0.0
0.7658975,0.0,0.27921885
0.829211,0.0,0.010838796
0.6090964,0.0,0.027228037
0.7810771,0.0,0.14732708
0.70289665,0.0,0.10349274
0.77976984,0.0,0.2551553
0.7832049,1.0,0.36799976
0.57668346,0.0,0.36090633
0.6960836,1.0,0.09780166
0.6416614,0.0,0.66797626
0.7080359,0.0,0.22802825
0.7878816,0.0,0.0
0.49560943,0.0,0.03155313
0.50212336,0.0,0.08578139
0.70612186,0.0,0.0
0.8000768,0.0,0.0
0.6004749,0.0,0.51604307
0.57211643,0.0,0.3257875
0.7459263,0.0,0.0
0.6390498,0.0,0.106177144
0.5658928,0.0,0.608348
0.70012957,0.0,0.33042985
0.46269354,0.0,0.30773118
0.7471828,0.0,0.43569863
0.6835548,0.0,0.30379027
0.6399538,0.0,0.04956769
0.45764714,0.0,0.25212598
0.7011771,0.0,0.5138534
0.7457249,0.0,0.0010080109
0.7642132,0.0,0.025543222
0.6656238,0.0,0.06454741
0.7695133,0.0,0.16118667
0.77877665,0.0,0.020248836
0.7970525,0.0,0.0073070796
0.83843833,1.0,0.09731024
0.78943783,0.0,0.0035878194
0.67597824,0.0,0.04156121
0.7290046,1.0,0.07272521
0.8492776,1.0,0.30175552
0.61475366,1.0,0.29431194
0.6453517,0.0,0.50907373
0.7227009,0.0,0.35303727
0.4882906,0.0,0.20159675
0.49250296,0.0,0.448987
0.5338405,0.0,0.27726525
0.76616263,0.0,0.0021141963
0.47761434,0.0,0.016182465
0.557028,0.0,0.29195142
0.67787564,0.0,0.106796086
0.7828274,0.0,0.00361682
0.47484618,0.0,0.28933728
0.57453597,0.0,0.17798238
0.72965837,0.0,0.023195373
0.7657494,0.0,0.0
0.5029599,0.0,0.42528227
0.48449844,0.0,0.23492384
0.6317941,0.0,0.100015335
0.6755795,0.0,0.75262076
0.6534666,0.0,0.5377344
0.69303226,0.0,0.10652124
0.5951393,0.0,0.30237308
0.6180212,0.0,0.5605606
0.7985834,0.0,0.19464831
0.7585884,0.0,0.4441494
0.5349743,0.0,0.895077
0.6168809,0.0,0.8169514
0.83472157,0.0,0.7283773
0.70783365,0.0,0.9012012
0.6537673,0.0,0.57827944
0.748199,0.0,0.7981764
0.7370739,0.0,0.62553704
0.57137775,0.0,0.4346902
0.58138263,0.0,0.30096698
0.5935357,0.0,0.61963123
0.6391392,0.0,0.17951551
0.6445305,0.0,0.12540886
0.6107511,0.0,0.40707383
0.5551063,0.0,0.38236707
0.5853298,0.0,0.0
0.41727012,0.0,0.1085597
0.50719374,0.0,0.44247496
0.6949343,0.0,0.16518691
0.7291382,0.0,6.8039306e-05
0.71587056,0.0,0.1955192
0.70248777,0.0,0.26473886
0.80684245,0.0,0.03715836
0.6809769,0.0,0.29422995
0.6385887,0.0,0.5662545
0.5416113,0.0,0.4670032
0.6064207,0.0,0.37054735
0.5891679,0.0,0.60844177
0.47901094,0.0,0.6994773
0.66103876,0.0,0.4672444
0.61362696,0.0,0.3795512
0.82800335,0.0,0.23744322
0.6770135,0.0,0.13726442
0.7826144,0.0,0.16965337
0.8434396,0.0,0.017825387
0.7244362,0.0,0.11295094
0.5505135,0.0,0.030996786
0.7579261,0.0,0.0
0.8660451,0.0,0.033475697
0.8243202,0.0,0.0
0.83264166,1.0,0.012752018
0.8331115,0.0,0.0011188136
0.65207916,0.0,0.017213434
0.75875485,1.0,0.17916223
0.7890082,0.0,0.23888198
0.68254554,0.0,0.297351
0.77677697,0.0,0.34498432
0.6828922,0.0,0.26877397
0.63847965,0.0,0.2639713
0.693094,0.0,0.5479753
0.7301178,0.0,0.40799296
0.8627974,0.0,0.0
0.5037234,0.0,0.15057802
0.77241987,0.0,0.51836926
0.78625226,0.0,0.035862017
0.8041529,1.0,0.004991336
0.620076,0.0,0.38084716
0.7596278,0.0,0.1721849
0.86923933,0.0,0.0
0.7659796,0.0,0.030259585
0.665378,0.0,0.5240791
0.74034256,0.0,0.42313722
0.68072903,0.0,0.33289832
0.7347625,0.0,0.41762647
0.7081219,0.0,0.5093084
0.8451492,0.0,0.15176395
0.69839007,0.0,0.21180426
0.84188247,0.0,0.23848061
0.8561944,0.0,0.013144817
0.76090324,0.0,0.17326851
0.80241543,1.0,0.0648609
0.5741952,1.0,0.10216844
0.7838553,0.0,0.067678824
0.8070659,0.0,0.0
0.77229506,1.0,0.2721279
0.78956217,0.0,0.004728942
0.8600418,0.0,0.05660386
0.83168066,1.0,0.20273499
0.8476706,1.0,0.34475657
0.61569387,0.0,0.37444213
0.7179963,0.0,0.6983278
0.5619895,0.0,0.3271095
0.71518755,0.0,0.09380485
0.6521747,0.0,0.5081638
0.75656784,0.0,0.4144929
0.8413255,0.0,0.0
0.5721243,0.0,0.05964974
0.619961,0.0,0.46117857
0.63203466,0.0,0.019415947
0.67716724,1.0,0.018213691
0.61501,0.0,0.3680859
0.5750743,0.0,0.24479459
0.86356544,0.0,0.0
0.7752762,0.0,0.06652815
0.67379993,0.0,0.5454278
0.7832348,0.0,0.24662721
0.5433486,0.0,0.132936
0.6752141,0.0,0.47338736
0.78534853,0.0,0.37803844
0.78667617,1.0,0.015587657
0.8591051,0.0,0.1154769
0.74213356,1.0,0.13910244
0.8376717,0.0,0.0
0.505429,0.0,0.10875599
0.64156336,1.0,0.11981355
0.7942662,1.0,0.16512853
0.69446445,0.0,0.0090611745
0.82430506,0.0,0.0
0.7779689,1.0,0.31213748
0.8159198,0.0,0.0056550023
0.8077207,0.0,0.020194309
0.64438534,1.0,0.15534176
0.85343933,1.0,0.49301568
0.75030583,0.0,0.38187078
0.741531,1.0,0.45812806
0.713488,0.0,0.2639872
0.67149574,1.0,0.18623942
0.54750437,0.0,0.37553638
0.71784014,0.0,0.28829753
0.8588919,0.0,0.0
0.796395,0.0,0.0006978974
0.6592764,0.0,0.2274488
0.67579573,0.0,0.06684231
0.77825457,0.0,0.0
0.7830981,0.0,0.0008959277
0.6605844,0.0,0.28725284
0.8580504,0.0,0.0
0.75491416,0.0,0.0
0.5362159,0.0,0.05265482
0.6917416,0.0,0.25217566
0.7028435,0.0,0.11455403
0.55236536,0.0,0.18556578
0.44350848,0.0,0.48799443
0.6711915,0.0,0.31228447
0.52938604,0.0,0.45121378
0.57433903,0.0,0.24946626
0.56358486,0.0,0.39372808
0.5923374,0.0,0.52279145
0.6442203,0.0,0.6364325
0.608244,0.0,0.76217604
0.77431935,0.0,0.18594888
0.69717425,0.0,0.17718163
0.65878934,0.0,0.75309396
0.71055984,0.0,0.25212517
0.72877145,0.0,0.24620628
0.72309303,0.0,0.4564569
0.66844773,1.0,0.49480596
0.7796188,0.0,0.033223365
0.8100644,0.0,0.01255166
0.6008664,1.0,0.41031918
0.6928854,1.0,0.13158014
0.87059885,0.0,0.0006647321
0.64552474,1.0,0.26102108
0.6799128,1.0,0.48887154
0.8394767,0.0,0.0
0.8117676,0.0,0.0005967848
0.7208866,1.0,0.3097824
0.7807004,1.0,0.36003318
0.62810016,0.0,0.26375565
0.6245794,1.0,0.44381216
0.4346682,1.0,0.21992113
0.38880458,1.0,0.5003911
0.6314644,0.0,0.5916982
0.6877872,0.0,0.005049561
0.5228164,1.0,0.18144503
0.6457429,0.0,0.49886596
0.762823,0.0,0.10812624
0.8100797,0.0,0.004303011
0.81192374,1.0,0.4277617
0.76396686,0.0,0.5819527
0.5672833,0.0,0.35162595
0.8128355,0.0,0.26711354
0.75870997,0.0,0.013810182
0.5697341,0.0,0.2431694
0.55287176,0.0,0.34211767
0.76515734,0.0,0.0014511569
0.59070474,0.0,0.0055825305
0.44284934,0.0,0.54496485
0.6137367,0.0,0.3900378
0.49387807,0.0,0.05127255
0.50745887,0.0,0.6118898
0.70913583,0.0,0.14432846
0.52343035,0.0,0.72237813
0.46968144,0.0,0.45756343
0.4963402,0.0,0.4600668
0.48584864,0.0,0.3133389
0.44002128,0.0,0.417662
0.43491954,0.0,0.024883138
0.59659326,0.0,0.3331595
0.5792343,0.0,0.35458463
0.5259174,0.0,0.09663953
0.6198101,0.0,0.0
0.48533002,0.0,0.3439729
0.6206428,0.0,0.40394467
0.60746276,0.0,0.0
0.5689968,0.0,0.12360801
0.4339687,0.0,0.5509112
0.52257895,0.0,0.5558273
0.75861394,0.0,0.029784348
0.6106981,0.0,0.5863978
0.7401027,0.0,0.08677908
0.6451651,0.0,0.4167594
0.834791,0.0,0.0009433978
0.70695513,0.0,0.0
0.86100304,0.0,0.0
0.6781512,0.0,0.018812349
0.64330024,0.0,0.0
0.57196593,0.0,0.06649278
0.6570754,0.0,0.16322103
0.58214355,0.0,0.11700425
0.6412649,0.0,0.62633973
0.671757,0.0,0.4691279
0.6160929,0.0,0.19748224
0.4795756,0.0,0.46150708
0.6064337,0.0,0.40803525
0.7366217,0.0,0.16484639
0.62519157,0.0,0.07408277
0.755197,0.0,0.40036118
0.73615843,0.0,0.18844841
0.7330902,0.0,0.26334232
0.58175147,0.0,0.13291377
0.7222753,0.0,0.6378437
0.67244124,0.0,0.24721283
0.6353846,0.0,0.4623618
0.71330124,0.0,0.0014202622
0.7834054,0.0,0.02743532
0.80694765,0.0,0.009987754
0.8051026,0.0,0.0009966722
0.718839,1.0,0.07745558
0.7312398,0.0,0.00011384324
0.5524204,0.0,0.0005915062
0.59085757,0.0,0.0
0.59823126,0.0,0.0
0.7371056,0.0,0.0060458523
0.49264213,0.0,0.0
0.85444564,0.0,0.0
0.73710066,0.0,0.0
0.6829774,0.0,0.027199943
0.82135713,0.0,0.00017367833
0.62095296,0.0,0.0053764093
0.6370376,0.0,0.21670564
0.6072577,0.0,0.24883121
0.8588311,0.0,0.24129036
0.7907256,0.0,0.31530026
0.7134054,0.0,0.57325345
0.66311973,0.0,0.6270637
0.7780682,0.0,0.502269
0.8159459,0.0,0.038374342
0.7377069,0.0,0.4567881
0.6320867,0.0,0.162226
0.5877302,0.0,0.59056383
0.58790874,0.0,0.34538817
0.6159654,0.0,0.41042683
0.7209348,0.0,0.112718835
0.49228066,0.0,0.55339533
0.7511338,0.0,0.043534286
0.5917422,1.0,0.55243987
0.47844535,1.0,0.53491277
0.34337804,1.0,0.6549659
0.7599554,1.0,0.36112392
0.7264415,1.0,0.20577131
0.66937476,1.0,0.30615684
0.5826411,1.0,0.56464106
0.60405034,1.0,0.47823873
0.71409404,1.0,0.0459825
0.6835044,1.0,0.24910313
0.88081795,1.0,0.21523117
0.84255236,0.0,0.0
0.4224778,1.0,0.43328488
0.5350718,1.0,0.6557332
0.72749853,1.0,0.22789411
0.66437954,0.0,0.2856792
0.7427263,1.0,0.7875656
0.74561465,0.0,0.39921388
0.7145044,0.0,0.013433883
0.82538784,0.0,0.010172701
0.70694566,0.0,0.18891257
0.88638055,0.0,0.0
0.47623938,0.0,0.10827307
0.7275303,0.0,0.3795607
0.79499984,0.0,0.0
0.7847384,0.0,0.0
0.5114564,0.0,0.24980405
0.7763401,0.0,0.0279737
0.8428357,0.0,0.0
0.7565933,0.0,0.0
0.78479284,0.0,0.07697757
0.8108832,1.0,0.321015
0.77176964,1.0,0.106017984
0.86420345,0.0,0.0
0.83618265,1.0,0.07472225
0.8045177,0.0,0.012730518
0.8344264,0.0,0.0
0.7182989,0.0,0.0
0.84133416,0.0,0.10096266
0.55214477,0.0,0.15398085
0.8382465,0.0,0.0
0.76079446,0.0,0.0
0.7206381,0.0,0.47288728
0.76066315,0.0,0.18911964
0.7863554,0.0,0.12175759
0.7834454,0.0,0.48862684
0.6119976,0.0,0.06288131
0.6489938,0.0,0.07603056
0.72485244,0.0,0.6163971
0.63888067,0.0,0.18588135
0.8297213,0.0,0.0065038134
0.5734038,0.0,0.14377326
0.5788802,0.0,0.3968081
0.5168245,0.0,0.09762643
0.75394666,0.0,0.005803513
0.72134876,0.0,0.32766765
0.48421577,0.0,0.6669681
0.6127038,0.0,0.046732545
0.66620487,0.0,0.41955024
0.89661646,0.0,0.035651688
0.57994413,0.0,0.5736476
0.83792067,0.0,0.44142023
0.7954282,0.0,0.004225565
0.80044323,0.0,0.28127638
0.8374959,0.0,0.02202405
0.84568244,0.0,0.2726607
0.78515136,0.0,0.12649538
0.7786517,0.0,0.34586242
0.82484657,0.0,0.012565928
0.7129035,1.0,0.24812394
0.7210273,1.0,0.4560473
0.84995586,0.0,0.008477724
0.8449071,1.0,0.11337082
0.5009244,1.0,0.27972445
0.87632346,0.0,0.07372068
0.7103073,0.0,0.30301684
0.41875276,0.0,0.5685911
0.62042713,0.0,0.75132704
0.8263016,0.0,0.1546574
0.6792253,0.0,0.16692267
0.6419187,0.0,0.33317667
0.8841622,0.0,0.0030808502
0.82552934,0.0,0.0047957227
0.7218572,0.0,0.0026793755
0.50825626,0.0,0.03564905
0.7198194,0.0,0.0
0.740939,0.0,0.24144398
0.5651083,0.0,0.105200805
0.73620266,0.0,0.0013597116
0.5497615,0.0,0.0
0.7932009,0.0,0.2769362
0.76708704,0.0,0.0044722143
0.7835514,0.0,0.011298133
0.38833854,0.0,0.23992863
0.60272694,0.0,0.18574412
0.85237,0.0,0.0022779151
0.7855167,0.0,0.07579632
0.51687425,0.0,0.28019786
0.5478918,0.0,0.30087304
0.58060116,0.0,0.6944005
0.5861443,0.0,0.44056848
0.8002549,0.0,0.02335012
0.58638567,0.0,0.31579763
0.6056525,0.0,0.42244655
0.44600034,0.0,0.7162987
0.7073716,0.0,0.041410092
0.6097254,0.0,0.11797847
0.48940215,0.0,0.6126012
0.5549784,0.0,0.23423555
0.8626174,0.0,3.7932765e-05
0.7051956,0.0,0.30507034
0.47874564,0.0,0.3756085
0.78645813,0.0,0.04899806
0.71487206,0.0,0.0027182852
0.7786464,0.0,0.2565204
0.7737443,0.0,0.23909566
0.8360875,0.0,0.0049371757
0.6746237,1.0,0.48875406
0.8682421,1.0,0.4551816
0.7906765,0.0,0.07614828
0.82202935,0.0,0.0010927214
0.84865737,1.0,0.42576522
0.8032635,0.0,0.55627763
0.8486947,0.0,0.16761322
0.7965409,0.0,0.3725219
0.6207979,0.0,0.5521467
0.79306537,0.0,0.65850097
0.66994905,0.0,0.14564146
0.56681293,0.0,0.4230146
0.45680946,0.0,0.8356506
0.56640095,0.0,0.28152493
0.71746254,0.0,0.12875868
0.6473159,0.0,0.18297601
0.7896739,0.0,0.06061959
0.8552198,0.0,0.0
0.8860219,0.0,0.0015454063
0.71176124,0.0,0.0019277731
0.8115783,1.0,0.056466695
0.86126256,1.0,0.036599763
0.81322426,1.0,0.37569487
0.73551816,1.0,0.18873289
0.710543,1.0,0.43608856
0.73547417,0.0,0.3676562
0.8376626,0.0,0.08550111
0.8988048,0.0,0.002458711
0.7530451,1.0,0.12448542
0.8524027,0.0,0.008731655
0.8834558,0.0,0.088169105
0.8985591,0.0,0.0
0.7704075,0.0,0.044877704
0.7937054,0.0,0.007790899
0.9038988,0.0,0.060353253
0.697675,0.0,0.0
0.4450725,0.0,0.18162753
0.4632258,0.0,0.6914421
0.4710313,0.0,0.56147
0.5479166,0.0,0.5271449
0.64666396,0.0,0.12688673
0.64392656,0.0,0.19736464
0.60780865,0.0,0.030462608
0.71313,0.0,0.00076989376
0.86348194,0.0,0.04976491
0.891608,0.0,0.0
0.73619074,0.0,0.018741315
0.76001525,0.0,0.0011533113
0.78296113,0.0,0.0039549
0.55113995,0.0,0.06521563
0.71068037,0.0,0.29349738
0.750272,0.0,0.024954563
0.77153313,0.0,0.78435427
0.79126817,0.0,0.1697914
0.6023145,0.0,0.34255597
0.7848547,1.0,0.4879494
0.643374,0.0,0.40752885
0.606074,0.0,0.41065666
0.56700087,0.0,0.071536265
0.8388864,1.0,0.28710654
0.5604807,0.0,0.506288
0.64865726,0.0,0.090103194
0.7653948,0.0,0.11755169
0.61321926,0.0,0.43304324
0.66972613,0.0,0.20659429
0.7550861,0.0,0.0
0.7728586,0.0,0.16145703
0.6392809,0.0,0.28309268
0.7241043,0.0,0.0
0.8839113,0.0,0.004877698
0.42848155,0.0,0.19073322
0.5807373,0.0,0.4559768
0.7231734,0.0,0.22049896
0.8266075,0.0,0.055142798
0.55171657,0.0,0.70282143
0.5017215,0.0,0.34618214
0.49989942,0.0,1.0
0.47312412,0.0,0.28553477
0.619363,0.0,0.5177248
0.5314517,0.0,0.18767543
0.42267358,0.0,0.47727275
0.52214754,0.0,0.15450943
0.70068944,1.0,0.33738598
0.33896208,1.0,0.62231165
0.4309629,1.0,0.7241093
0.7375887,0.0,0.059029788
0.51034856,0.0,0.33698434
0.33658716,1.0,0.36068106
0.591032,1.0,0.20221826
0.7666545,0.0,0.050964814
0.54001814,0.0,0.6809854
0.64521027,1.0,0.5425843
0.6137262,1.0,0.21860395
0.630707,0.0,0.29560986
0.6763065,0.0,0.026109593
0.5483582,0.0,0.4650046
0.7105091,0.0,0.41525912
0.50432295,0.0,0.5195224
0.5461408,0.0,0.2197796
0.54629457,0.0,0.003534628
0.43226594,0.0,0.4580926
0.5113357,0.0,0.4999324
0.50405633,0.0,0.157966
0.42936787,0.0,0.039972432
0.4410192,0.0,0.60368055
0.35513744,0.0,0.72524196
0.5974175,0.0,0.27854973
0.39137375,0.0,0.5666225
0.45601225,0.0,0.30082172
0.51527035,0.0,0.072388
0.5149714,0.0,0.35160863
0.675046,1.0,0.015981644
0.5916249,1.0,0.36854807
0.8484016,1.0,0.02084558
0.6818323,1.0,0.55927277
0.7074098,1.0,0.25807056
0.80415815,0.0,0.35470706
0.58195883,0.0,0.4784544
0.5498925,1.0,0.7807026
0.63994217,1.0,0.56900895
0.7208813,1.0,0.007614392
0.78776586,1.0,0.5223131
0.64541715,1.0,0.7950139
0.6975903,0.0,0.31914765
0.7162947,1.0,0.4748194
0.81967753,0.0,0.72086996
0.699239,0.0,0.113232225
0.64705104,0.0,0.1018348
0.85267353,0.0,0.5553021
0.84887,0.0,0.059557788
0.75654507,0.0,0.47975615
0.8545567,0.0,0.014608301
0.65277636,0.0,0.1159236
0.7812144,0.0,0.0
0.6470577,0.0,0.08497653
0.69633394,0.0,0.17456484
0.5919044,0.0,0.34230694
0.62688106,0.0,0.5287697
0.6338871,0.0,0.18117577
0.41732115,0.0,0.47488293
0.68347836,0.0,0.0046632807
0.7991433,0.0,0.0
0.7992218,1.0,0.0
0.6506196,0.0,0.017158367
0.82721084,0.0,0.0032687932
0.65637934,0.0,0.42968127
0.6044752,0.0,0.5873241
0.62810534,0.0,0.14218149
0.55266166,0.0,0.050052714
0.41182208,0.0,0.13020773
0.6457252,0.0,0.0028623103
0.61217004,1.0,0.17914736
0.65314907,1.0,0.18626752
0.70788544,0.0,0.007496588
0.7059821,0.0,0.00018315032
0.7122738,1.0,0.13892582
0.46543604,0.0,0.25904116
0.56299645,1.0,0.49813285
0.83512163,1.0,0.3248729
0.6845442,1.0,0.9239642
0.73510027,1.0,0.5061592
0.7782468,1.0,0.266818
0.7866564,1.0,0.8084576
0.7172922,1.0,0.20387958
0.848685,1.0,0.12533318
0.5231026,1.0,0.7168482
0.6466435,1.0,0.5357363
0.7125438,0.0,0.05273094
0.44032636,0.0,0.49770385
0.46017823,0.0,0.30401576
0.5439652,0.0,0.53616357
0.56212103,0.0,0.7192304
0.42559412,0.0,1.0
0.3655236,0.0,0.6776049
0.4476263,0.0,0.48859715
0.47940293,0.0,0.5989045
0.52277976,0.0,0.5740823
0.5459186,0.0,0.52913
0.57788765,0.0,0.6062444
0.69457114,0.0,0.2014336
0.5605061,0.0,0.35050917
0.6747471,0.0,0.13405861
0.7720891,0.0,0.12958089
0.576226,0.0,0.2953322
0.6772645,0.0,0.4000681
0.570946,0.0,0.5916346
0.7315561,0.0,0.18452147
0.6500883,0.0,0.059857093
0.55421793,0.0,0.35042998
0.49582168,0.0,0.3708703
0.8258911,0.0,0.0011887691
0.84171677,0.0,0.29284915
0.5734858,0.0,0.74457693
0.48135266,0.0,0.40409473
0.49785146,0.0,0.6914984
0.49058235,0.0,0.21763542
0.47791746,0.0,0.21510397
0.75237566,0.0,0.009549654
0.50885653,0.0,0.46017814
0.68282866,0.0,0.08383434
0.6144043,0.0,0.10483634
0.44745862,0.0,0.14250593
0.7738821,0.0,0.03336961
0.6179141,0.0,0.01775094
0.6106601,0.0,0.31193998
0.5519852,0.0,0.053712677
0.52977234,0.0,0.037051346
0.4917395,0.0,0.12730254
0.5013676,0.0,0.30692786
0.39291838,0.0,0.35755518
0.6431645,0.0,0.026688121
0.76494056,0.0,0.0027065484
0.6293252,0.0,0.43348476
0.6488668,0.0,0.15894584
0.8214741,0.0,0.0025960556
0.67376524,0.0,0.091038376
0.7505903,0.0,0.046677932
0.65620905,0.0,0.026999414
0.6910702,0.0,0.37737313
0.65196604,0.0,0.3074781
0.5279185,0.0,0.6700887
0.5309766,0.0,0.21302167
0.62624574,0.0,0.42910945
0.5437386,0.0,0.7385982
0.5168201,0.0,0.059533324
0.575318,0.0,0.7611014
0.4662119,0.0,0.34825155
0.54499686,0.0,0.511061
0.69229704,0.0,0.26852718
0.6852419,0.0,0.5314972
0.6955311,0.0,0.18391731
0.6129891,0.0,0.8283005
0.573415,0.0,0.5155631
0.5853,0.0,0.74125236
0.5989364,0.0,0.30264
0.4999789,0.0,0.7980702
0.700699,0.0,0.19878684
0.48732919,0.0,0.32273778
0.6057397,0.0,0.6693931
0.43358088,0.0,0.41191703
0.5348724,0.0,0.08009926
0.88048935,0.0,0.14483036
0.60244554,0.0,0.0
0.6139237,0.0,0.23859324
0.58790594,0.0,0.6139172
0.64099765,0.0,0.39396894
0.590343,0.0,0.082494035
0.580101,0.0,0.5283795
0.64355594,0.0,0.4000539
0.72205704,0.0,0.00197257
0.6902127,0.0,0.49453855
0.72805744,0.0,0.053403914
0.7921559,0.0,0.0007052687
0.7035902,0.0,0.42719457
0.6953902,0.0,0.17684084
0.84913146,0.0,0.07231738
0.6132167,0.0,0.024002267
0.8519124,1.0,0.078724004
0.8032713,1.0,0.0032119176
0.7648077,1.0,0.010325203
0.79126614,1.0,0.09485088
0.7877992,1.0,0.003314512
0.81445533,1.0,0.00556313
0.7988219,0.0,0.00035067223
0.7231508,1.0,0.00020295463
0.71473646,1.0,0.011703981
0.51612747,0.0,0.0
0.69687605,0.0,0.014037371
0.8062573,0.0,0.013485193
0.7132817,0.0,0.00024604658
0.7459824,0.0,0.0
0.8468836,0.0,0.048324503
0.86650753,0.0,0.0
0.82484335,0.0,0.00043211505
0.8315051,0.0,0.0029369046
0.9014992,0.0,0.0038874755
0.71973264,0.0,0.00028667014
0.72416234,0.0,0.0
0.8169564,0.0,0.0030734274
0.80413705,0.0,0.037345067
0.804847,0.0,0.24874811
0.74479526,0.0,0.054051295
0.6130033,0.0,0.49541602
0.61751264,0.0,0.44194815
0.47694284,0.0,0.67682594
0.81352913,0.0,0.29370582
0.63877356,0.0,0.3305493
0.68093985,0.0,0.20807894
0.77951616,0.0,0.19443336
0.77055377,0.0,0.0028159996
0.76921624,0.0,0.00093748904
0.73852575,0.0,0.026542999
0.6106164,0.0,0.045824513
0.8052917,0.0,0.0
0.69547015,0.0,0.00057926733
0.7757655,0.0,0.03185917
0.49920493,0.0,0.087962545
0.84875524,0.0,0.09249283
0.7639187,0.0,0.093207695
0.79179806,0.0,0.39937386
0.5130007,0.0,0.71846926
0.72339743,0.0,0.4712699
0.743725,0.0,0.008066797
0.79679173,1.0,0.18246457
0.83747244,1.0,0.45299602
0.81054515,0.0,0.12153459
0.8135079,1.0,0.0029352803
0.78641665,1.0,0.40459818
0.7497738,1.0,0.0036100307
0.8205599,1.0,0.0
0.73663753,1.0,0.23751198
0.6250867,1.0,0.08185553
0.740907,0.0,0.034005992
0.67983866,0.0,0.12511788
0.72756565,0.0,0.00033209403
0.7427047,0.0,0.0
0.5384448,0.0,0.20209883
0.6899655,0.0,0.005138807
0.70757073,0.0,0.0005737919
0.6407887,0.0,0.2818926
0.55355674,0.0,0.4483724
0.5113954,0.0,0.32642296
0.7076356,0.0,0.0
0.65695494,0.0,0.00039785545
0.8896574,0.0,0.0
0.70258015,0.0,0.055868465
0.7491675,0.0,0.0069990507
0.787701,0.0,0.026390696
0.72550136,0.0,0.3510509
0.6585164,0.0,0.3187348
0.7195999,0.0,0.5354202
0.6881655,0.0,0.23927757
0.6892678,0.0,0.64387864
0.7182641,0.0,0.43274754
0.790488,0.0,0.11033195
0.7936274,0.0,0.0022073013
0.753601,0.0,0.059961185
0.6124053,0.0,0.057477504
0.7248378,0.0,0.045422982
0.5441731,0.0,0.37960178
0.77730685,0.0,0.12580204
0.6190792,0.0,0.33225197
0.6374494,0.0,0.1885741
0.8254754,1.0,0.031463563
0.7021858,1.0,0.2829164
0.7693809,1.0,0.045206092
0.784012,1.0,0.09742516
0.793273,0.0,0.53507656
0.54845625,0.0,0.79054976
0.7148552,1.0,0.53621656
0.59594476,0.0,0.5769941
0.6395418,1.0,0.41492915
0.58953655,0.0,0.35478953
0.5091231,1.0,0.5392806
0.5235405,1.0,0.02806724
0.55143523,1.0,0.18485774
0.62371385,1.0,0.12021691
0.5077001,1.0,0.6007483
0.72516876,0.0,0.25255552
0.73007953,0.0,0.6831669
0.61255,0.0,0.2450653
0.6291904,0.0,0.26623207
0.5164897,0.0,0.7120827
0.631154,0.0,0.27099675
0.6756151,0.0,0.3264876
0.61756355,0.0,0.50854063
0.675788,0.0,0.61455077
0.7395014,0.0,0.08075112
0.70186853,0.0,0.3583396
0.6129893,0.0,0.76740235
0.5875734,0.0,0.8474193
0.70191944,0.0,0.27962527
0.5768611,0.0,0.62494564
0.66526115,0.0,0.34391913
0.6800862,0.0,0.50016844
0.70343035,0.0,0.023963679
0.5101647,0.0,0.5058957
0.6354002,0.0,0.5615435
0.8252623,0.0,0.06070927
0.66871935,0.0,0.08088979
0.7276707,0.0,0.12145888
0.6297691,0.0,0.2975694
0.70161253,0.0,0.06890408
0.6145243,0.0,0.5563005
0.547113,0.0,0.35094222
0.5989453,0.0,0.026759382
0.6022861,0.0,0.06129027
0.55266804,0.0,0.11387397
0.78911185,0.0,0.02291604
0.50007546,0.0,0.03871401
0.62274766,0.0,0.36126056
0.6446231,0.0,0.26447558
0.7889495,0.0,0.22252683
0.51954424,0.0,0.620949
0.67208976,0.0,0.061222948
0.80236137,0.0,0.0035658083
0.83270824,0.0,0.051034037
0.5324254,0.0,0.020770025
0.828208,0.0,0.012625357
0.581991,0.0,0.0
0.6004817,0.0,0.2838465
0.68861526,0.0,0.46929774
0.7806154,0.0,0.14527507
0.6918546,0.0,0.0
0.70876884,0.0,0.0
0.74988884,0.0,0.0014662753
0.6214527,0.0,0.00090127334
0.74684536,0.0,0.004226005
0.7655293,1.0,0.007281101
0.73914576,0.0,0.0026956047
0.5943381,0.0,0.07385915
0.8122165,1.0,0.0
0.6992778,0.0,0.18857701
0.6725734,0.0,0.008556338
0.82516044,0.0,0.0
0.7170493,0.0,0.00061964773
0.6766087,1.0,0.008261468
0.70066684,1.0,0.01552549
0.6746605,0.0,0.00062638
0.46689016,1.0,0.35498592
0.5651387,0.0,0.29903552
0.62395287,0.0,0.059058122
0.7334996,0.0,0.0025037625
0.8240469,0.0,0.001064499
0.69315344,0.0,0.22765397
0.5469475,0.0,0.25067627
0.7533006,0.0,0.19821306
0.6439591,0.0,0.20201263
0.7120791,0.0,0.2351176
0.6065972,1.0,0.4883985
0.5733755,1.0,0.4751493
0.6675418,1.0,0.09298237
0.70489115,1.0,0.21363932
0.8182331,1.0,0.07095511
0.6495435,1.0,0.0
0.7959116,1.0,0.0073621455
0.84094375,0.0,0.01353488
0.62981254,0.0,0.0060528703
0.78914165,0.0,0.0016194232
0.82648027,0.0,0.0
0.7580695,0.0,0.0
0.77427167,0.0,0.008378005
0.7647921,0.0,0.00083925383
0.8149193,0.0,0.5242823
0.7964667,0.0,0.28114066
0.5588138,0.0,0.7707261
0.596618,0.0,0.6211284
0.7260238,0.0,0.093822554
0.5442165,0.0,0.29097182
0.7209931,0.0,0.10364899
0.77786577,0.0,0.0010204571
0.69794124,0.0,0.0752596
0.90142685,0.0,0.0
0.67075145,0.0,0.014171448
0.818431,0.0,0.005615447
0.76344126,0.0,0.022408703
0.76327145,1.0,0.028149322
0.72844565,0.0,0.104588665
0.55274314,0.0,0.38191724
0.7239348,1.0,0.36448768
0.7765849,1.0,0.0018164624
0.78183717,0.0,0.16227998
0.75571626,0.0,0.29926196
0.6471436,0.0,0.5099384
0.7159966,0.0,0.0
0.8728401,0.0,0.07179372
0.7785912,0.0,0.005471935
0.5941852,0.0,0.1569075
0.87871933,0.0,0.0
0.6273266,0.0,0.06917197
0.6968321,0.0,0.06703763
0.5644383,0.0,0.33501688
0.6813464,0.0,0.5768114
0.85394365,0.0,0.2666337
0.8146505,0.0,0.12803169
0.82826847,0.0,0.13629696
0.7995911,0.0,0.20386517
0.70328987,0.0,0.00039878045
0.74726284,0.0,0.03297033
0.6269853,0.0,0.33491832
0.68474203,1.0,0.24519244
0.83339405,0.0,0.007356581
0.8268035,0.0,0.055330325
0.77444667,0.0,0.0
0.8020203,0.0,2.5197303e-05
0.6129291,0.0,0.27008814
0.72991514,0.0,0.01420624
0.6537089,0.0,0.20442966
0.64457047,0.0,0.40451714
0.7789767,0.0,0.9385453
0.42057303,0.0,1.0
0.45125633,0.0,0.66964483
0.39240646,0.0,0.47747198
0.43139675,0.0,0.5515007
0.45814723,0.0,0.4143425
0.36600178,0.0,0.3985587
0.41809267,0.0,0.45673934
0.50131065,0.0,0.43636796
0.5660827,0.0,0.6279837
0.45726725,0.0,0.47009367
0.5506051,0.0,0.335563
0.49158362,0.0,0.44040003
0.54398865,0.0,0.6168521
0.35424268,0.0,0.16962625
0.7205425,0.0,0.20791826
0.6610925,0.0,0.4366172
0.61871654,0.0,0.36359066
0.81243765,0.0,0.0
0.5293742,0.0,0.17467812
0.5231551,0.0,0.59084934
0.44254407,0.0,0.35955587
0.61148864,0.0,0.0
0.80030745,0.0,0.28732732
0.59033674,0.0,0.65108764
0.57931286,0.0,0.2386597
0.63280237,0.0,0.1480152
0.51567656,0.0,0.32486358
0.5668223,0.0,0.5618586
0.7015884,0.0,0.0
0.4256503,0.0,0.0302437
0.369,0.0,0.46456796
0.43134713,0.0,0.16033633
0.69559056,0.0,0.00046234205
0.35585248,0.0,0.24870037
0.36676967,0.0,0.51248103
0.43040964,0.0,0.21246253
0.45812067,0.0,0.64251596
0.5127782,0.0,0.11918092
0.65677136,0.0,0.10040918
0.47004476,0.0,0.52762836
0.48727927,0.0,0.45362994
0.5496661,0.0,0.30776024
0.44823325,0.0,0.3082516
0.46135455,0.0,0.28026006
0.43659386,0.0,0.23403166
0.6315711,0.0,0.0
0.58978415,0.0,0.0
0.26917437,0.0,0.4442416
0.5591131,0.0,0.093629874
0.62038124,0.0,0.0058585936
0.533996,0.0,0.35705155
0.35598433,0.0,0.64598066
0.7318776,0.0,0.18154891
0.464907,0.0,0.42999354
0.67466944,0.0,0.5505536
0.5798685,0.0,0.07968544
0.7302754,0.0,0.37725374
0.48371863,0.0,0.24901502
0.60625005,0.0,0.37025076
0.7357183,0.0,0.03601242
0.46852005,0.0,0.0075877905
0.70618856,0.0,0.0
0.6938367,0.0,0.31686482
0.683308,0.0,0.0040956708
0.67385423,0.0,0.000905892
0.6971797,0.0,0.0072218473
0.6662444,0.0,0.322887
0.6010191,1.0,0.60090286
0.6229039,0.0,0.4529406
0.55853087,0.0,0.69747615
0.6459092,0.0,0.21830316
0.7865474,0.0,0.0
0.7061182,0.0,0.31893536
0.429596,0.0,0.2945852
0.7786812,0.0,0.0
0.64221966,0.0,0.038226813
0.53444034,0.0,0.5186301
0.6571706,0.0,0.09460786
0.57362187,0.0,0.0002550048
0.615485,0.0,0.009414068
0.656539,0.0,0.2852728
0.7312426,0.0,0.21522847
0.53497654,0.0,0.009066601
0.5903533,0.0,0.45731008
0.6862782,0.0,0.019239496
0.34928724,0.0,0.4868759
0.5947477,0.0,0.6960274
0.701254,0.0,0.2473059
0.48815432,0.0,0.19561785
0.5683978,0.0,0.0061419113
0.66402143,0.0,0.003966386
0.6084646,0.0,0.38865405
0.67287916,0.0,0.0
0.74055403,0.0,0.0
0.6920411,0.0,0.1776398
0.40312856,0.0,0.28101566
0.55662936,0.0,0.0003086954
0.7249053,1.0,0.018097946
0.35804164,0.0,0.35004166
0.634119,0.0,0.1193023
0.7070119,0.0,0.004184561
0.7349569,1.0,0.40958932
0.6416893,1.0,0.23545514
0.70329916,1.0,0.054219797
0.7169757,1.0,0.71244735
0.7491525,1.0,0.44873527
0.6682705,1.0,0.59160745
0.7258085,1.0,0.4984808
0.58037704,0.0,0.20186749
0.68354154,1.0,0.16514957
0.8285784,1.0,0.21371162
0.62682855,0.0,0.18522933
0.80908215,0.0,0.00063363335
0.8034333,0.0,0.0
0.46239153,1.0,0.2947105
0.6006846,0.0,0.18677074
0.6740498,0.0,0.0
0.64912647,0.0,0.0
0.37192336,0.0,0.38590732
0.6055548,0.0,0.23262872
0.6651626,0.0,0.009310325
0.5832466,0.0,0.114472784
0.49358433,0.0,0.72501975
0.763496,0.0,0.099645115
0.7575043,0.0,0.7043876
0.5854668,0.0,0.6325336
0.45959708,0.0,0.4019481
0.6474892,0.0,0.04920655
0.30748814,0.0,0.48533693
0.65699047,0.0,0.30807617
0.6486877,0.0,0.21795493
0.84298444,1.0,0.5096769
0.6434681,0.0,0.022311613
0.7117115,0.0,0.0
0.64136547,1.0,0.19242461
0.77066183,1.0,0.39326108
0.77906996,0.0,0.0
0.7841273,0.0,0.0
0.6533009,1.0,0.18482633
0.6483364,1.0,0.09335375
0.6657419,0.0,0.0
0.8171718,1.0,0.13915567
0.7825074,1.0,0.48488566
0.75488234,0.0,0.012520695
0.77209276,1.0,0.11996396
0.7078345,1.0,0.3718537
0.742138,1.0,0.11794567
0.6902761,0.0,0.03861851
0.6316675,1.0,0.25921935
0.64551955,1.0,0.29880896
0.4998546,1.0,0.7235463
0.5898226,1.0,0.6442571
0.6691767,1.0,0.19058971
0.54246074,1.0,0.7105768
0.62460595,1.0,0.6568738
0.54964256,0.0,0.35295346
0.8592758,1.0,0.13441922
0.6333197,0.0,0.32370514
0.5037966,0.0,0.21621743
0.4565563,0.0,0.6130795
0.3029522,1.0,0.54772437
0.6073373,0.0,0.009357936
0.6198332,0.0,0.11101033
0.60176104,0.0,0.41737053
0.8099173,1.0,0.4316483
0.882947,1.0,0.022179065
0.6015963,1.0,0.38210386
0.7011468,1.0,0.52486223
0.6933645,1.0,0.23818044
0.8668906,0.0,0.10161804
0.6924781,0.0,0.48044893
0.7070809,0.0,0.8432988
0.6658243,0.0,0.29804432
0.7833586,0.0,0.42373073
0.75669587,0.0,0.13157758
0.69875485,0.0,0.39624146
0.5756115,0.0,0.41714168
0.64258224,0.0,0.5138955
0.7575379,0.0,0.15794311
0.74413216,0.0,0.0
0.6038982,0.0,0.42597252
0.4672532,0.0,0.37961346
0.8522048,0.0,0.0026886435
0.6495805,0.0,0.0702145
0.6217484,0.0,0.30386955
0.74269867,0.0,0.21760356
0.7117547,0.0,0.0
0.51271915,0.0,0.37179568
0.4515102,0.0,0.6217543
0.6834019,0.0,0.4569485
0.41140592,0.0,0.40071267
0.7473534,1.0,0.066276364
0.5427167,1.0,0.60429496
0.6172497,1.0,0.36883023
0.38321266,1.0,0.32155
0.69999033,0.0,0.83666325
0.6765722,0.0,0.8646567
0.7034128,0.0,0.44173732
0.62415564,0.0,0.15872003
0.54919684,0.0,0.4746076
0.56736255,0.0,0.4941589
0.76094174,0.0,0.21596538
0.5613856,0.0,0.4777399
0.49474037,0.0,0.6949876
0.6933114,0.0,0.646188
0.655077,0.0,0.3411824
0.76725405,0.0,0.18929589
0.66365445,0.0,0.532953
0.4586724,0.0,0.28569055
0.75182265,1.0,0.29458526
0.5543455,1.0,0.71377
0.5793088,1.0,0.77096176
0.694529,1.0,0.22003724
0.6661543,1.0,0.57554305
0.5914402,1.0,0.47789863
0.78239876,1.0,0.22789827
0.55332714,1.0,0.39002192
0.77063054,1.0,0.45983705
0.6683952,1.0,0.48468813
0.59391713,1.0,0.52995396
0.7224065,1.0,0.6223953
0.608595,1.0,0.70238405
0.5665863,0.0,0.21234141
0.7094266,0.0,0.26664716
0.799962,1.0,0.11216857
0.71382403,1.0,0.22532879
0.70147127,0.0,0.18201339
0.7579197,1.0,0.07453751
0.7284821,0.0,0.34507468
0.6485294,0.0,0.64441305
0.73419625,0.0,0.09643093
0.7528568,0.0,0.16914599
0.68303686,1.0,0.028973931
0.6992338,0.0,0.041317824
0.581989,0.0,0.2161112
0.7717308,0.0,0.11097213
0.6223925,0.0,0.48777178
0.6670561,0.0,0.7123038
0.5416195,0.0,0.34879503
0.6482519,1.0,0.60294425
0.5491606,1.0,0.46753046
0.7290463,1.0,0.38660514
0.6447783,1.0,0.32255265
0.7950484,1.0,0.31939536
0.74600154,1.0,0.3924925
0.74317545,1.0,0.4732734
0.7051457,1.0,0.439603
0.69239694,1.0,0.34931636
0.6599522,0.0,0.59625983
0.6865596,1.0,0.48687038
0.695369,1.0,0.3587127
0.6758757,0.0,0.3261316
0.68767434,1.0,0.4620157
0.55375195,0.0,0.4436723
0.42960104,0.0,0.8126625
0.4466961,0.0,0.51006746
0.6934962,0.0,0.35174882
0.515475,0.0,0.18698733
0.7400668,0.0,0.19780675
0.7046877,0.0,0.05328137
0.45855254,0.0,0.38898286
0.56815875,0.0,0.44440228
0.69389474,0.0,0.1045941
0.66903585,0.0,0.45289108
0.68408406,0.0,0.0939498
0.7716476,0.0,0.110462405
0.68838537,0.0,0.65848756
0.48868203,0.0,0.5633915
0.76522446,0.0,0.20326638
0.59455615,0.0,0.3304316
0.58478355,0.0,0.06835405
0.5910848,0.0,0.110029265
0.5604292,0.0,0.010901788
0.6512433,0.0,0.0
0.73893696,0.0,0.07120828
0.7251806,0.0,0.070293896
0.7566669,0.0,0.38300294
0.7143783,0.0,0.18092038
0.5669863,0.0,0.43481937
0.6752434,0.0,0.70759916
0.73413485,0.0,0.1289998
0.8187578,1.0,0.2969795
0.796245,0.0,0.1557325
0.71457154,0.0,0.124935836
0.7293436,0.0,0.020614296
0.5933253,0.0,0.0007554017
0.56823075,0.0,0.0062206513
0.81031,0.0,0.026398815
0.5381902,0.0,0.03816754
0.7542162,0.0,0.01596119
0.63383657,0.0,0.17582181
0.6559766,0.0,0.018346386
0.6526184,0.0,0.34368116
0.47045845,0.0,0.50405794
0.5027144,0.0,0.33427423
0.4938786,0.0,0.17706203
0.6515195,0.0,0.349013
0.5483677,0.0,0.28966874
0.79670316,0.0,0.039309304
0.5845432,0.0,0.051688343
0.7267902,0.0,0.004111069
0.88222766,0.0,0.04671131
0.69447744,0.0,0.0089992145
0.69117314,0.0,0.0078034136
0.7131931,0.0,0.0067766435
0.817079,0.0,0.052718613
0.75973433,0.0,0.033199195
0.76561266,1.0,0.33262473
0.75357497,0.0,0.005874748
0.77242106,0.0,0.0
0.71204925,1.0,0.16907276
0.7439642,0.0,0.0009232939
0.5165039,0.0,0.0022074385
0.65506476,0.0,0.0073453668
0.5015695,0.0,0.16195224
0.751392,0.0,0.0
0.84870714,0.0,0.011140446
0.78550947,0.0,0.019001953
0.81039345,0.0,0.09166021
0.71796584,0.0,0.047735427
0.83579946,0.0,0.023429606
0.6426079,0.0,0.02120007
0.72290355,0.0,0.042585038
0.81449705,0.0,0.019591438
0.649934,0.0,0.21142945
0.69879586,0.0,0.068437845
0.6708709,0.0,0.06420373
0.39793763,0.0,0.79300845
0.7178709,0.0,0.44814107
0.6684385,0.0,0.24137147
0.5066407,0.0,0.48414385
0.5711659,0.0,0.2398291
0.57139426,0.0,0.40254366
0.3555736,0.0,0.55490255
0.793368,0.0,0.14381729
0.491085,0.0,0.6732388
0.6055638,0.0,0.29046506
0.6921953,0.0,0.008086688
0.7972838,0.0,0.04296073
0.82427555,0.0,0.010095772
0.8247804,0.0,0.20402086
0.6193034,0.0,0.2681704
0.7537055,0.0,0.0072633172
0.68697107,0.0,0.0039429995
0.8370379,0.0,0.04877083
0.8099861,0.0,0.0014873766
0.69183576,0.0,0.019424397
0.83717495,0.0,0.0
0.82127494,0.0,0.0
0.61452156,0.0,0.0104564885
0.7737543,0.0,0.0073381457
0.73748636,0.0,0.00971208
0.73045486,0.0,0.299597
0.7588788,0.0,0.00035477598
0.73496485,0.0,0.106123984
0.7269504,0.0,0.021718426
0.5583667,0.0,0.015466524
0.4210637,0.0,0.23752995
0.34100118,0.0,0.13127181
0.49663383,1.0,0.6721433
0.5104535,1.0,0.60410553
0.6108197,1.0,0.40971282
0.5849434,1.0,0.45546874
0.77091724,0.0,0.07415257
0.85831153,1.0,0.2933507
0.80983096,0.0,0.24723504
0.54433495,0.0,0.0
0.7933119,0.0,0.43305743
0.7534133,0.0,0.28006712
0.82223755,0.0,0.008905997
0.75222635,0.0,0.0037031593
0.68277586,0.0,0.46223724
0.8584459,0.0,0.08031081
0.9163012,0.0,0.0658128
0.451694,0.0,0.03584003
0.5528889,0.0,0.3430285
0.7566261,0.0,0.0034094802
0.8214986,0.0,0.036460623
0.5829933,0.0,0.2329828
0.5291169,0.0,0.24639186
0.6217869,0.0,0.004727354
0.6561093,0.0,0.010003578
0.59825414,0.0,0.36948758
0.6061992,0.0,0.53125226
0.70179236,0.0,0.17846948
0.588428,0.0,0.3757144
0.5911493,0.0,0.3937122
0.7150045,0.0,0.042871546
0.69719005,0.0,0.26954666
0.5812926,0.0,0.5968984
0.48058406,0.0,0.6409704
0.6466119,0.0,0.6245138
0.6502347,0.0,0.03746572
0.47193548,0.0,0.28026918
0.44457808,0.0,0.0109887365
0.49346036,0.0,0.0033425852
0.83283234,0.0,0.055083286
0.7789629,0.0,0.015019025
0.7869845,0.0,0.0
0.68006754,0.0,0.041133914
0.6972606,1.0,0.11049552
0.85573226,1.0,0.027233586
0.7526055,0.0,0.0
0.7049162,0.0,0.0
0.61044824,0.0,0.0
0.8412189,0.0,0.0
0.6223467,0.0,0.006805758
0.73764896,0.0,0.013287476
0.82361335,0.0,0.09894674
0.87843484,0.0,0.023886772
0.7779351,0.0,0.0030523334
0.44194376,0.0,0.2449758
0.64006543,0.0,0.1539204
0.7097018,0.0,0.047577236
0.5398027,0.0,0.15045981
0.37924471,0.0,0.5304834
0.39327413,0.0,0.23085125
0.34624523,0.0,0.78732854
0.6463608,0.0,0.6618022
0.46562678,0.0,0.25543228
0.49444422,0.0,0.30241647
0.69340795,0.0,0.030939927
0.56433177,0.0,0.53765726
0.6616286,0.0,0.09708491
0.3527177,0.0,0.20496619
0.41946915,0.0,0.0
0.7566477,0.0,0.011323904
0.76166195,0.0,0.025746042
0.86499596,0.0,0.01006381
0.8170955,0.0,0.01733486
0.8617391,0.0,0.004074127
0.7347225,0.0,0.0
0.87198323,1.0,0.0636363
0.87868774,0.0,0.00067667075
0.8607026,0.0,0.031322043
0.6028591,0.0,0.0
0.62128127,0.0,0.20000884
0.74826545,0.0,0.17966333
0.7748783,0.0,0.03048284
0.6893041,0.0,0.008891748
0.44990575,0.0,0.2259672
0.6266933,0.0,0.25114188
0.7516785,1.0,0.024052246
0.5642759,0.0,0.091966026
0.5375686,0.0,0.15346473
0.8070147,0.0,0.02377889
0.7891266,0.0,0.0025056237
0.66014296,0.0,0.14460595
0.6025828,0.0,0.3327524
0.49632892,0.0,0.4843497
0.46951255,0.0,0.08205635
0.45760643,0.0,0.5275429
0.5667681,0.0,0.25088382
0.44930843,0.0,0.6105872
0.34224606,0.0,0.41868174
0.451633,0.0,0.14696962
0.70189667,0.0,0.02391394
0.5772466,0.0,0.5233065
0.28469428,0.0,0.54150856
0.44050837,0.0,0.68186533
0.71304595,0.0,0.17304145
0.4415352,0.0,0.05080322
0.3732254,0.0,0.40873173
0.5784572,0.0,0.40640798
0.83029616,0.0,0.0015965106
0.6531293,0.0,0.5114618
0.5739781,0.0,0.58522165
0.75490946,0.0,0.12544721
0.80693614,0.0,0.14094822
0.51662254,0.0,0.72336924
0.583841,1.0,0.58040905
0.769405,0.0,0.00029652184
0.6992567,0.0,0.13741297
0.40631676,0.0,0.37680572
0.7908437,1.0,0.12759727
0.7950871,0.0,0.0
0.5447973,0.0,0.4044606
0.48449463,0.0,0.27767754
0.68315333,0.0,0.0
0.73286146,0.0,0.089608304
0.4297192,0.0,0.62221164
0.4573574,0.0,0.41176602
0.45349136,0.0,0.43154258
0.47713163,0.0,0.26268172
0.5732175,1.0,0.39534304
0.40619448,1.0,0.7483451
0.4555256,0.0,0.09247582
0.74742335,0.0,0.0
0.79520726,1.0,0.1184076
0.689528,1.0,0.3435035
0.81259024,0.0,0.0
0.74718106,1.0,0.00786387
0.5366076,1.0,0.47145352
0.6894996,1.0,0.28865656
0.7739388,0.0,0.0
0.8133845,1.0,0.14665218
0.5799252,1.0,0.4641312
0.75312084,0.0,0.13165565
0.77114826,0.0,0.003218778
0.8233006,1.0,0.13619328
0.7254417,1.0,0.24721229
0.81754065,0.0,0.09052806
0.77003336,0.0,0.0
0.7002184,1.0,0.46834528
0.4776129,1.0,0.70391333
0.68598634,0.0,0.3246824
0.6685797,0.0,0.09214066
0.69679904,0.0,0.27651572
0.7831129,0.0,0.002626126
0.7220497,1.0,0.11503274
0.72820884,1.0,0.23034246
0.86851716,0.0,0.0
0.7825555,0.0,0.030386629
0.7004647,0.0,0.33409888
0.54980797,0.0,0.35107827
0.59391534,0.0,0.5713615
0.6482084,1.0,0.114048935
0.6526838,0.0,0.62710667
0.47465456,0.0,0.7231788
0.54917985,0.0,0.8015168
0.44376478,1.0,0.6633167
0.6493062,1.0,0.4503372
0.5870773,1.0,0.21788995
0.62257177,0.0,0.051880915
0.66140777,0.0,0.56102777
0.7233841,0.0,0.3644333
0.7920054,0.0,0.18339813
0.55061394,0.0,0.41323167
0.7499154,0.0,0.16910744
0.61523354,0.0,0.023139805
0.6383684,0.0,0.12896211
0.568744,0.0,0.3179666
0.5724027,0.0,0.0030480009
0.6884579,0.0,0.052665133
0.79658043,0.0,0.23090133
0.5275283,0.0,0.13656452
0.4919152,0.0,0.58940977
0.51291496,0.0,0.39206144
0.8372654,0.0,0.027025606
0.71993136,0.0,0.14932784
0.36959392,0.0,0.48666143
0.5879244,0.0,0.092983484
0.6755977,0.0,0.04479897
0.5985837,0.0,0.34936592
0.4890254,0.0,0.13439731
0.52437043,0.0,0.34785742
0.5998281,0.0,0.18515363
0.61319166,0.0,0.7065274
0.5570932,0.0,0.5840585
0.44346195,0.0,0.0043254914
0.6041334,1.0,0.4647102
0.64736897,0.0,0.24196579
0.73849815,0.0,0.33706757
0.734948,1.0,0.18431728
0.71847653,1.0,0.6905966
0.7243993,1.0,0.33157593
0.73302525,0.0,0.03303987
0.78548664,1.0,0.26727888
0.72444075,1.0,0.38213548
0.61855227,1.0,0.18305275
0.68737006,0.0,0.0
0.8085162,1.0,0.20359093
0.6825428,1.0,0.47587222
0.74135077,1.0,0.21600796
0.6940256,0.0,0.002879122
0.80127096,0.0,5.0261347e-06
0.76997536,1.0,0.1420552
0.8455969,0.0,0.0
0.6895631,0.0,0.12607543
0.8520272,0.0,0.09061199
0.67049295,0.0,0.0942267
0.4385042,0.0,0.17254882
0.644517,0.0,0.48069465
0.780092,0.0,0.101288006
0.88499117,0.0,0.0061694924
0.50357383,0.0,0.16728663
0.54190826,0.0,0.44398275
0.7904468,0.0,0.016671324
0.82294744,0.0,0.0
0.52250385,0.0,0.35699007
0.49936977,0.0,0.49722466
0.56629604,0.0,0.4554999
0.51642066,0.0,0.050822917
0.5276302,0.0,0.10851677
0.54765993,0.0,0.012569681
0.63105094,0.0,0.0
0.7774249,0.0,0.0013686321
0.7278477,0.0,0.010095222
0.81801593,0.0,0.0
0.7777186,0.0,0.0
0.82618797,0.0,0.026305227
0.8316727,0.0,0.04735362
0.8747529,0.0,0.0
0.6437761,0.0,0.00257616
0.7242692,1.0,0.27226612
0.87677747,1.0,0.035717495
0.8854044,0.0,0.024279881
0.6825504,0.0,0.07769328
0.8069457,0.0,0.07531905
0.8146568,0.0,0.017464848
0.86729497,0.0,0.0018354306
0.5386241,0.0,0.31776017
0.6442355,0.0,0.11466902
0.6857492,0.0,0.008683709
0.7021124,0.0,0.014424909
0.42979473,0.0,0.23481801
0.5083556,0.0,0.5813236
0.58523625,0.0,0.042731725
0.50058347,0.0,0.4859496
0.59449357,0.0,0.040546294
0.42360464,0.0,0.3716795
0.6269035,0.0,0.24629572
0.4848541,0.0,0.36722073
0.3950426,0.0,0.30371416
0.5184229,0.0,0.33001283
0.52530366,0.0,0.016071275
0.5284635,0.0,0.49617466
0.5963019,0.0,0.59180325
0.4302153,0.0,0.14500663
0.38050586,0.0,0.3653416
0.64018637,0.0,0.52815914
0.70487386,0.0,0.6400009
0.45658097,0.0,0.5296003
0.8537494,0.0,0.03542396
0.58087754,0.0,0.44256383
0.8101231,0.0,0.0018303286
0.40011624,0.0,0.41027084
0.535895,0.0,0.47988972
0.59280205,0.0,0.31874797
0.45078957,0.0,0.6088521
0.64555883,0.0,0.5424078
0.7300066,0.0,0.46297312
0.86352646,0.0,0.014998105
0.75366515,0.0,0.0
0.70926845,0.0,0.22879581
0.7328034,0.0,0.03343606
0.5484845,0.0,0.07384787
0.5809848,0.0,0.20639338
0.7533515,0.0,0.19446446
0.4521764,0.0,0.495236
0.48420537,0.0,0.11513508
0.7208717,0.0,0.00012969278
0.5891464,0.0,0.0
0.66159356,0.0,0.027677635
0.7502099,0.0,0.0
0.6009737,0.0,0.14509933
0.7638159,0.0,0.011071173
0.51637864,0.0,0.22115114
0.49383354,0.0,0.4299913
0.71144164,0.0,0.0
0.6076989,0.0,0.00022694569
0.74297667,0.0,0.03598961
0.7867489,0.0,0.11675811
0.8131251,0.0,0.010375379
0.81457,0.0,0.014716669
0.71436286,0.0,0.26247552
0.8360336,0.0,0.16479596
0.80856097,0.0,0.18913598
0.62168044,0.0,0.17998488
0.66880083,0.0,0.25917092
0.7513345,0.0,0.11479435
0.78491664,0.0,0.0084026875
0.5777465,0.0,0.0659221
0.58776647,0.0,0.010261849
0.797123,0.0,0.0019523005
0.69830745,0.0,0.018215751
0.52549005,0.0,0.14056718
0.61340797,0.0,0.20738633
0.7024598,0.0,0.0
0.50492686,0.0,0.027495094
0.47566482,0.0,0.3678831
0.44537738,0.0,0.50158113
0.44917744,0.0,0.4536179
0.6578172,0.0,0.21131207
0.5496996,0.0,0.3365589
0.6449702,0.0,0.19469441
0.4824555,0.0,0.912636
0.4541403,0.0,0.2468158
0.4122188,0.0,0.31103036
0.42095435,0.0,0.58511764
0.5564801,0.0,0.32698014
0.64899987,0.0,0.36393076
0.53716576,0.0,0.25777775
0.7433546,0.0,0.009619588
0.61483675,0.0,0.00344513
0.66232353,0.0,0.0
0.76042354,0.0,0.0
0.74871063,0.0,0.008800227
0.76805097,0.0,0.0
0.6807754,0.0,0.25234646
0.7620254,0.0,0.26192802
0.69661665,0.0,0.5942645
0.73604107,0.0,0.5479368
0.7805434,0.0,0.0005380969
0.73588175,0.0,0.17895013
0.6272166,0.0,0.30633464
0.689525,0.0,0.004553889
0.46121043,0.0,0.29770628
0.5710806,0.0,0.28559905
0.8628887,0.0,0.00036758807
0.5244392,0.0,0.0397131
0.6299634,0.0,0.43468362
0.6018293,0.0,0.24424048
0.55537283,0.0,0.5168245
0.6721816,0.0,0.17186263
0.70724696,0.0,0.035650726
0.5635891,0.0,0.26463726
0.77151865,0.0,0.016574223
0.8248529,0.0,0.0
0.67600286,0.0,0.013187303
0.77492714,0.0,0.00060069456
0.6773333,0.0,0.0
0.77748185,0.0,0.028747713
0.80055827,0.0,0.0038762954
0.817299,0.0,0.18892756
0.7125517,0.0,0.3070697
0.6210412,0.0,0.023935271
0.642465,0.0,0.09436835
0.66157955,0.0,0.5591828
0.46519983,0.0,0.33056808
0.64185536,0.0,0.42187852
0.6301335,0.0,0.6691725
0.65278375,0.0,0.21319838
0.5510263,0.0,0.38752434
0.75376725,0.0,0.13919199
0.64428675,0.0,0.26040083
0.79950935,0.0,0.036299646
0.6039628,0.0,0.23621479
0.77338594,0.0,0.62160003
0.4083888,0.0,0.086011305
0.76863366,0.0,0.48199284
0.8016527,0.0,0.41541916
0.45825785,0.0,0.6592835
0.5010423,0.0,0.30130532
0.8001789,0.0,0.021039309
0.6514137,0.0,0.07931768
0.48228046,0.0,0.411622
0.77659583,0.0,0.02558034
0.64093417,0.0,0.0
0.48082408,0.0,0.39377514
0.49749136,0.0,0.20217629
0.7510958,0.0,0.0
0.51641536,0.0,0.22013515
0.36301935,0.0,0.5505091
0.501749,0.0,0.5645199
0.64613265,0.0,0.56998914
0.5741021,0.0,0.07812072
0.42666373,0.0,0.17546675
0.5339447,0.0,0.0
0.6336835,0.0,0.018527692
0.70454365,0.0,0.0004890125
0.7161707,0.0,0.0
0.76937515,0.0,0.0
0.8025659,0.0,0.0019070443
0.72613484,0.0,0.015570088
0.6256967,0.0,0.36816132
0.7274502,0.0,0.35933733
0.6112704,0.0,0.72069436
0.6590487,0.0,0.37976104
0.75286144,0.0,0.053897902
0.70246214,0.0,0.29597917
0.7816689,0.0,2.3365565e-05
0.7334772,0.0,0.38150185
0.8026827,0.0,0.2548461
0.50927347,0.0,0.42823777
0.6137866,0.0,0.5390775
0.6814236,0.0,0.0057103774
0.7816726,0.0,0.0
0.6708,0.0,0.29785785
0.7160865,0.0,0.28476363
0.85172915,0.0,0.0011089594
0.63008165,0.0,0.04524959
0.68626237,0.0,0.3558212
0.3945644,0.0,0.17155324
0.8742544,0.0,0.00087444345
0.7608816,0.0,0.19763888
0.5366,0.0,0.12627219
0.6319705,0.0,0.014961347
0.75141096,0.0,0.018770173
0.71367776,0.0,0.01876845
0.6665406,0.0,0.28692427
0.5799379,0.0,0.080910176
0.43591046,0.0,0.6851584
0.39746994,0.0,0.47501433
0.41780746,0.0,0.9235179
0.4206121,0.0,0.55231744
0.6535781,0.0,0.19766718
0.718845,0.0,0.6784935
0.5772479,0.0,0.22369711
0.59282905,0.0,0.352769
0.7005559,0.0,0.04264445
0.61326176,0.0,0.35678825
0.5202673,0.0,0.5728574
0.7254985,0.0,0.015993135
0.64808786,0.0,0.26536262
0.7704859,0.0,0.0054488024
0.8250934,0.0,0.07306399
0.78454864,0.0,0.0
0.6314451,0.0,0.0
0.87525815,0.0,0.0003909551
0.8205502,0.0,0.0143750785
0.86477196,0.0,0.0
0.7807742,0.0,0.0576077
0.7160539,0.0,0.1641487
0.526912,0.0,0.3366744
0.70478517,0.0,0.31633458
0.59276354,0.0,0.4264679
0.7454318,0.0,0.6492301
0.73017424,0.0,0.40543658
0.62021554,0.0,0.013668912
0.68209934,0.0,0.21367896
0.79695475,0.0,0.0017564263
0.51654416,0.0,0.12809123
0.62143433,0.0,0.20241886
0.8315233,0.0,0.0
0.7561699,0.0,0.0
0.5584852,0.0,0.36350068
0.65308064,0.0,0.19874562
0.8428888,0.0,0.005065138
0.7336777,0.0,0.18062167
0.466051,0.0,0.5272726
0.5081833,0.0,0.21286549
0.55698156,0.0,0.25785258
0.58157104,0.0,0.29687363
0.58658886,0.0,0.6512537
0.55618733,0.0,0.8086644
0.5946138,0.0,0.391135
0.5465158,0.0,0.8857366
0.5521419,0.0,0.36246246
0.5302408,0.0,0.24278459
0.6215992,0.0,0.26760754
0.77501106,0.0,0.023660604
0.5724007,0.0,0.095915616
0.7626146,0.0,0.017781405
0.6515966,0.0,0.03316316
0.8342367,0.0,0.030453399
0.6357398,0.0,0.010665747
0.77903336,0.0,0.037668686
0.6817474,0.0,0.33231473
0.7099735,0.0,0.0012015277
0.7778462,0.0,0.28193453
0.75499856,0.0,0.28228706
0.74376494,0.0,0.64752626
0.7520101,0.0,0.16205226
0.74992627,0.0,0.44285342
0.81938815,0.0,0.49199602
0.8193846,0.0,0.027057206
0.84674466,0.0,0.095869124
0.7405581,0.0,0.18085569
0.57147807,0.0,0.35532886
0.8406461,0.0,0.01581903
0.6713159,0.0,0.01970464
0.6326859,0.0,0.6136888
0.5132048,0.0,0.28014827
0.7069244,0.0,0.36241764
0.65739495,0.0,0.3098646
0.75842184,0.0,0.022829395
0.60466653,0.0,0.15663894
0.65215445,0.0,0.09830248
0.83433145,0.0,0.005572521
0.5383936,0.0,0.009580487
0.66022,0.0,0.006681971
0.56371844,0.0,0.012218198
0.6040883,0.0,0.0035421231
0.61573595,0.0,0.082581945
0.767075,0.0,0.10567099
0.79229426,0.0,0.64057404
0.65702647,0.0,0.20106576
0.60492903,1.0,0.6713073
0.7899212,1.0,0.5951901
0.7819739,0.0,0.09628836
0.80727214,1.0,0.045856524
0.77771986,1.0,0.13472024
0.6669031,1.0,0.5350185
0.75012195,1.0,0.4966401
0.7387817,1.0,0.29017413
0.75341594,0.0,0.047317676
0.5782644,1.0,0.3777034
0.5654936,1.0,0.28067416
0.7174472,0.0,0.050809216
0.6416045,0.0,0.005439097
0.51938576,1.0,0.32990745
0.4130671,0.0,0.46418276
0.8213926,0.0,0.0007933766
0.41148633,0.0,0.028230764
0.4998365,0.0,0.5897575
0.6349702,0.0,0.33126426
0.5991184,0.0,0.14435484
0.5154402,0.0,0.66668105
0.6095688,0.0,0.6378711
0.3882335,0.0,0.029084979
0.521125,0.0,0.4565027
0.674853,0.0,0.0
0.7770319,0.0,0.013563798
0.6965922,0.0,0.0056668026
0.75870657,0.0,0.0
0.82749224,0.0,0.007138909
0.60134614,0.0,0.043454807
0.7333072,0.0,0.0
0.8142942,0.0,0.1513082
0.7756145,1.0,0.29768175
0.61808854,1.0,0.70796114
0.7991131,1.0,0.22804342
0.6682611,1.0,0.7470775
0.7742212,0.0,0.07258548
0.8039893,1.0,0.23728317
0.83681095,0.0,0.078419246
0.69954,1.0,0.4176469
0.7385684,1.0,0.09703073
0.6725327,1.0,0.5641213
0.5993744,1.0,0.47455683
0.8256265,0.0,0.0
0.7304376,1.0,0.4299514
0.56981564,1.0,0.5806416
0.7045747,1.0,0.2456918
0.8358352,0.0,0.06079829
0.71908754,0.0,0.036093727
0.6464468,0.0,0.3385737
0.63633597,1.0,0.22630073
0.8244983,0.0,0.0009500877
0.644022,0.0,0.091593646
0.45890993,0.0,0.58949155
0.6601957,0.0,0.25136515
0.7157859,0.0,0.61322093
0.7362122,0.0,0.10874945
0.5914906,0.0,0.035850372
0.5057845,0.0,0.023809118
0.66760695,0.0,0.0
0.84085876,0.0,0.009200495
0.8492434,0.0,0.0
0.83584857,0.0,0.0
0.7928218,0.0,0.10761831
0.8639297,0.0,0.022717327
0.65271956,0.0,0.060394056
0.81722695,0.0,0.19872491
0.841018,0.0,0.22742906
0.8450914,0.0,0.017370977
0.6849273,0.0,0.36522734
0.6721546,0.0,0.5216363
0.8066312,0.0,0.24123521
0.6233233,0.0,0.48934427
0.80527055,0.0,0.022790466
0.59395766,0.0,0.012326058
0.60089487,0.0,0.3013242
0.8021905,1.0,0.46361384
0.8136483,0.0,0.0
0.6079208,0.0,0.22606742
0.75286955,1.0,0.51665896
0.80673593,1.0,0.14181358
0.7157223,0.0,0.0072923237
0.43912488,0.0,1.0
0.37333056,0.0,0.76299274
0.5035722,0.0,0.49159017
0.42446265,0.0,0.59511065
0.512345,0.0,0.6756217
0.5121831,0.0,0.7152031
0.49440995,0.0,0.56849104
0.57773286,1.0,0.58944017
0.5281042,1.0,0.26335615
0.61830825,0.0,0.26211172
0.6392753,1.0,0.3729111
0.5670235,0.0,0.41476968
0.6100682,1.0,0.6783576
0.71201915,0.0,0.113230586
0.4942108,1.0,0.6114179
0.7373938,0.0,0.35032958
0.7017042,0.0,0.0032129597
0.45032948,0.0,0.15599445
0.7400433,1.0,0.017768828
0.61677647,1.0,0.35350165
0.4815498,1.0,0.29184225
0.7073428,0.0,0.015616362
0.57547355,0.0,0.14679298
0.7003905,0.0,0.10488795
0.6382615,0.0,0.0
0.5309708,0.0,0.19308197
0.65727925,0.0,0.040313642
0.7318991,0.0,0.064592466
0.6644567,0.0,0.63847613
0.64112866,0.0,0.39670753
0.6085872,0.0,0.3801352
0.52454746,0.0,0.7950873
0.59656954,0.0,0.60772866
0.5977787,0.0,0.25404912
0.60370773,0.0,0.2208333
0.59083414,0.0,0.36594212
0.6272393,0.0,0.48563895
0.61436385,0.0,0.0888674
0.7043431,0.0,0.06424854
0.6249868,0.0,0.15096489
0.7106117,0.0,0.047562256
0.7871912,0.0,0.028762186
0.5341986,0.0,0.051072706
0.79403394,0.0,0.1677897
0.75356525,0.0,2.324152e-06
0.81828815,0.0,0.13287513
0.64745,0.0,0.2737986
0.7275855,0.0,0.1135182
0.6307627,0.0,0.06932738
0.7858701,0.0,0.13878837
0.7883291,0.0,0.0
0.7573646,0.0,0.0
0.77037936,0.0,0.0
0.68055344,0.0,0.009915744
0.7318693,0.0,0.15650803
0.6272357,0.0,0.8571572
0.3614528,0.0,0.37160158
0.5957684,0.0,0.040819757
0.5930153,0.0,0.0
0.470282,0.0,0.012678459
0.67424166,0.0,0.038700394
0.6944198,0.0,0.001567334
0.60058343,0.0,0.2968377
0.70604867,0.0,0.004772762
0.487541,0.0,0.6586352
0.52682257,0.0,0.32185712
0.688644,0.0,0.0
0.62772274,0.0,0.12660569
0.53998995,0.0,0.2848178
0.668703,0.0,0.19998571
0.48229888,0.0,0.13995144
0.43170837,0.0,0.6265007
0.45647758,0.0,0.54488665
0.4876322,0.0,0.78126603
0.52553797,0.0,0.26722494
0.5063325,1.0,0.3293375
0.5009952,1.0,0.47513005
0.4125106,1.0,0.59388375
0.42023814,1.0,0.502581
0.5759326,0.0,0.37231416
0.6352087,0.0,0.28657427
0.6464315,0.0,0.603294
0.48778895,0.0,0.33904052
0.73458815,0.0,0.22925647
0.58507013,0.0,0.699708
0.70651466,0.0,0.26020566
0.6803318,0.0,0.26941496
0.67173386,0.0,0.37154093
0.70197636,0.0,0.02228792
0.5299836,0.0,0.6002567
0.5778211,0.0,0.12961918
0.61296433,0.0,0.48773965
0.6730124,0.0,0.17580807
0.5942031,0.0,0.60563964
0.7277679,0.0,0.06987617
0.58925885,0.0,0.08138792
0.56622684,0.0,0.05674076
0.77636576,0.0,0.017311228
0.7202426,0.0,0.10042676
0.7742814,0.0,0.13506609
0.6357729,0.0,0.0072176047
0.57198226,0.0,0.24925636
0.8522136,0.0,0.19914341
0.80264443,0.0,0.069977045
0.73628896,0.0,0.16939536
0.83890903,0.0,0.021785302
0.8556974,0.0,0.0
0.66069263,0.0,0.0006657614
0.80837023,0.0,0.0
0.6571032,0.0,0.00068864075
0.7471256,0.0,0.0
0.7545599,0.0,0.19058834
0.7610826,0.0,0.0057235123
0.57952297,0.0,0.70120335
0.4567346,0.0,0.635219
0.5706712,0.0,0.49806944
0.5772689,0.0,0.053298447
0.5108346,0.0,0.0
0.7438129,0.0,0.07126066
0.8426946,0.0,0.0
0.8010051,0.0,0.0
0.6785344,0.0,0.0
0.7819881,0.0,0.0002537965
0.7482103,0.0,0.0045075943
0.79416174,0.0,0.0
0.5052186,0.0,0.08874305
0.7183766,0.0,0.028929112
0.7051035,0.0,0.07558357
0.6313767,0.0,0.32247314
0.6460976,0.0,0.112319075
0.5657702,0.0,0.7600538
0.6271787,0.0,0.7286447
0.5442243,0.0,0.23353876
0.4759481,0.0,0.8192506
0.59893745,0.0,0.49820852
0.6006866,0.0,0.08712762
0.6149679,0.0,0.52435696
0.5949437,0.0,0.053252406
0.756913,0.0,0.024348559
0.78417534,0.0,0.118131526
0.7535651,0.0,0.4053772
0.51630217,0.0,0.14359908
0.55433446,0.0,0.476877
0.72074085,0.0,0.07122047
0.60489047,0.0,0.6650303
0.5258814,0.0,0.32343686
0.49646634,0.0,0.46134326
0.584625,0.0,0.62073296
0.63414145,0.0,0.23114708
0.6366752,0.0,0.0
0.5765774,0.0,0.088220246
0.5967772,0.0,0.015531555
0.56160337,0.0,0.16393712
0.8095429,0.0,0.036182314
0.73702276,0.0,0.018198667
0.44512248,0.0,0.26464197
0.7538984,0.0,0.07018574
0.7384056,0.0,0.0011723507
0.5517055,0.0,0.36417422
0.6214647,0.0,0.41075364
0.6610739,0.0,0.31808668
0.68323344,0.0,0.38046062
0.48937422,0.0,0.15382923
0.7376916,0.0,0.15218236
0.78304935,0.0,0.0
0.7073652,0.0,0.0
0.7996069,0.0,0.0073731234
0.54086095,0.0,0.0
0.8183265,0.0,0.043643147
0.6212674,0.0,0.39643344
0.68759054,0.0,0.25398242
0.687749,0.0,0.055867292
0.6851776,0.0,0.06702766
0.81459236,0.0,0.012297341
0.5762536,0.0,0.12470758
0.78392416,0.0,0.0015615107
0.7885298,0.0,0.0012023227
0.5862543,0.0,0.28211135
0.8126493,0.0,0.022615468
0.6087642,0.0,0.28553146
0.5690679,0.0,0.50085294
0.47057715,0.0,0.3696
0.72176236,0.0,0.2212052
0.57095444,0.0,0.5376116
0.6440568,0.0,0.42997342
0.4251821,0.0,0.37088546
0.6724941,0.0,0.12338421
0.5776488,0.0,0.4511081
0.6294808,0.0,0.1325768
0.41982412,0.0,0.52404684
0.33919397,0.0,0.31202862
0.45248634,0.0,0.70110744
0.49236456,0.0,0.1753733
0.4394125,0.0,0.24161854
0.78009254,0.0,0.016099654
0.5211707,0.0,0.068080254
0.475545,0.0,0.0
0.6816485,0.0,0.0
0.65385944,0.0,0.060455814
0.69804204,0.0,0.040289443
0.6045035,0.0,0.06782925
0.54980683,0.0,0.3164247
0.6577187,0.0,0.5593586
0.70924586,0.0,0.042593338
0.5203154,0.0,0.6456032
0.7324836,0.0,0.18998525
0.78657556,0.0,0.0
0.83010256,0.0,0.0
0.8129562,0.0,0.0
0.658798,0.0,0.0
0.6236398,0.0,0.1216517
0.4515219,0.0,0.29256052
0.56034106,0.0,0.46259972
0.66719747,0.0,0.002157384
0.5810312,0.0,0.15058184
0.8482456,0.0,0.0038435445
0.6549831,0.0,0.035238776
0.7037263,0.0,0.039086007
0.752905,0.0,0.0555431
0.5114221,0.0,0.24772868
0.4832713,0.0,0.20240124
0.61835486,0.0,0.56815714
0.6871097,0.0,0.08555294
0.5781695,0.0,0.4748786
0.4489969,0.0,0.44953546
0.36153105,0.0,0.4611429
0.42342988,0.0,0.3175399
0.51616776,0.0,0.4418453
0.6061712,0.0,0.0070614917
0.49431705,0.0,0.32090035
0.53630865,0.0,0.21738462
0.4098279,0.0,0.006677614
0.5078259,0.0,0.7231851
0.6987956,0.0,0.38656864
0.6895409,0.0,0.14534163
0.655835,0.0,0.46378118
0.46223542,0.0,0.7553244
0.51279473,0.0,0.5948719
0.41383436,0.0,0.56942266
0.4266451,0.0,0.5008344
0.5597586,0.0,0.11151359
0.40619895,0.0,0.15385173
0.7370959,0.0,0.0
0.5857152,0.0,0.0039255195
0.67181885,0.0,0.024959061
0.6732928,0.0,0.014213197
0.6374548,0.0,0.11147921
0.67871207,0.0,0.05107238
0.56072986,0.0,0.045429446
0.64276445,0.0,0.18411362
0.6538084,0.0,0.5050432
0.5655459,0.0,0.24011755
0.7129718,0.0,0.098622516
0.79474425,0.0,0.0
0.82038265,0.0,0.001479376
0.8254734,0.0,0.0
0.77880514,0.0,0.0
0.72211653,0.0,0.011016261
0.69527435,0.0,0.04182663
0.553359,0.0,0.12297561
0.49057415,0.0,0.14521834
0.4837098,0.0,0.5928868
0.578352,0.0,0.35499656
0.43418342,0.0,0.24827671
0.53651726,0.0,0.14680086
0.53349483,0.0,0.5884767
0.5576131,0.0,0.4203865
0.5000811,0.0,0.29762778
0.6977323,0.0,0.045537397
0.852649,0.0,0.10921623
0.8623469,0.0,0.0027846426
0.85328454,0.0,0.0
0.7585634,0.0,0.025896482
0.7939031,0.0,0.009368441
0.69698906,0.0,0.24026777
0.6216212,0.0,0.028825859
0.57481647,0.0,0.24137768
0.6593934,0.0,0.39225546
0.51729226,0.0,0.8814403
0.5127562,0.0,0.54334253
0.53062886,0.0,0.3149993
0.4577813,0.0,0.85501933
0.41133922,0.0,0.46478748
0.5581756,0.0,0.6602945
0.6961522,0.0,0.2928067
0.56188995,0.0,0.39848998
0.6046993,0.0,0.11630898
0.502998,0.0,0.25658843
0.72850233,0.0,0.17678323
0.65607756,0.0,0.01739969
0.6680774,1.0,0.2800591
0.77490187,1.0,0.24288605
0.7009803,1.0,0.1400952
0.79494745,0.0,0.009400337
0.7202376,1.0,0.5507916
0.8120442,0.0,0.22439891
0.6830477,1.0,0.38473254
0.6590915,0.0,0.111428164
0.6001553,0.0,0.43413925
0.6926085,0.0,0.4152821
0.65894485,0.0,0.008084778
0.6099937,0.0,0.34775212
0.6616182,0.0,0.04912919
0.7509496,0.0,0.06177724
0.8021521,0.0,0.022809476
0.749601,0.0,0.066326715
0.75118434,0.0,0.14960419
0.54943246,0.0,0.20669822
0.44190675,0.0,0.2171634
0.5807244,0.0,0.010920398
0.63768923,0.0,0.52634954
0.6066058,0.0,0.4746453
0.7261018,0.0,0.08134235
0.6242275,0.0,0.20272598
0.8509876,0.0,0.0
0.8206369,0.0,0.0031188536
0.78704107,0.0,0.0218725
0.82019,0.0,0.0061804256
0.7649176,0.0,0.012419286
0.6377423,0.0,0.01624212
0.66416943,0.0,0.01722265
0.67581475,0.0,0.012681361
0.5994095,0.0,0.006893793
0.59898514,1.0,0.14974773
0.7457063,1.0,0.20242615
0.7827963,0.0,0.07546432
0.67884123,0.0,0.077451535
0.6995274,0.0,0.0049162824
0.7652029,0.0,0.004864892
0.61180866,0.0,0.017043404
0.43858087,0.0,0.19661374
0.536962,0.0,0.16456203
0.38992462,0.0,0.7617314
0.38149202,0.0,0.36862344
0.4421078,0.0,0.63277406
0.5193565,0.0,0.45980465
0.62566906,0.0,0.3326597
0.6958401,0.0,0.04003354
0.62777704,0.0,0.0875966
0.5874393,0.0,0.053485453
0.49726045,0.0,0.08072633
0.6016892,1.0,0.40006724
0.6252808,0.0,0.09493663
0.7355488,1.0,0.364663
0.8351283,1.0,0.5850756
0.6058709,1.0,0.7208512
0.61627424,0.0,0.07570701
0.67458224,1.0,0.40678686
0.74297506,0.0,0.0052758614
0.7853781,1.0,0.36866516
0.7429647,1.0,0.062441356
0.66089696,1.0,0.17472139
0.75762737,1.0,0.5354448
0.7447601,1.0,0.13720568
0.7558609,1.0,0.7670382
0.626414,0.0,0.6985943
0.57998407,1.0,0.6382262
0.69604725,1.0,0.4448368
0.7741964,1.0,0.3558992
0.78318703,0.0,0.008337647
0.6834929,0.0,0.022225056
0.81473154,0.0,0.0053617936
0.83195245,0.0,0.097353026
0.813115,0.0,0.0
0.8315047,0.0,0.14469506
0.6946851,0.0,0.08785626
0.8181123,0.0,0.07133798
0.7667099,0.0,0.0036816185
0.75281185,0.0,0.16063231
0.7789834,0.0,0.046325676
0.64419854,0.0,0.049315877
0.5899119,0.0,0.389175
0.5640281,0.0,0.51459944
0.6039039,0.0,0.39352378
0.66628337,0.0,0.0055702496
0.4395631,0.0,0.3243325
0.6373761,0.0,0.21524267
0.60791886,0.0,0.33460367
0.56196177,0.0,0.82493585
0.590629,0.0,0.6761866
0.58411074,0.0,0.4945935
0.529533,0.0,0.39363807
0.7436771,0.0,0.18852891
0.33377784,0.0,0.6354024
0.6588458,0.0,0.2645561
0.7729757,0.0,0.06385076
0.6317754,0.0,0.04069147
0.65927225,0.0,0.0
0.8276074,0.0,0.0022838353
0.7146894,0.0,0.0
0.8069725,0.0,0.011061277
0.6178204,0.0,0.010866173
0.68968976,0.0,0.0040751863
0.53197074,0.0,0.03311015
0.624304,0.0,0.07618314
0.7032218,0.0,0.05838678
0.57214075,0.0,0.013159822
0.74597234,0.0,0.0
0.64081883,0.0,0.014254615
0.52906185,0.0,0.0057791886
0.7222682,1.0,0.04420161
0.502403,0.0,0.012200441
0.7858552,0.0,0.0039389348
0.56821847,0.0,0.08252995
0.7147469,0.0,0.102273755
0.47013545,0.0,0.43722957
0.61377263,0.0,0.14567667
0.49332726,0.0,0.78237087
0.6126548,0.0,0.6891174
0.70114636,0.0,0.29823422
0.54211104,0.0,0.7537223
0.5573602,0.0,0.5724155
0.7158025,0.0,0.09880812
0.65223104,0.0,0.18696237
0.66556364,0.0,0.40297487
0.5897239,0.0,0.5109524
0.6403055,0.0,0.39347234
0.62466145,0.0,0.37024176
0.5212183,0.0,0.8493854
0.68572587,0.0,0.19579157
0.5891101,0.0,0.48928785
0.66310394,0.0,0.3403504
0.5744325,0.0,0.67998856
0.65906817,0.0,0.49332097
0.5228716,0.0,0.13383193
0.566607,0.0,0.12775484
0.48174626,0.0,0.44724026
0.5145944,0.0,0.22731258
0.48474953,0.0,0.6284042
0.47735184,0.0,0.7396918
0.48169672,0.0,0.5063459
0.479829,0.0,0.715514
0.38342002,0.0,0.6300619
0.38834256,0.0,1.0
0.580839,0.0,1.0
0.53566575,0.0,0.47471568
0.6629134,0.0,0.43252975
0.5270634,0.0,0.23567708
0.43984556,0.0,0.65874916
0.4646519,0.0,0.5884787
0.4431661,0.0,0.23382503
0.51928896,0.0,0.4578423
0.40191486,0.0,0.61549133
0.46004224,0.0,0.56233335
0.31723318,0.0,0.40052778
0.4744237,0.0,0.47150302
0.6728651,0.0,0.30066583
0.51184165,0.0,0.33555427
0.65260845,0.0,0.10301779
0.680766,0.0,0.30356786
0.5383233,0.0,0.15556887
0.641785,0.0,0.40382987
0.53065985,0.0,0.248979
0.59102297,0.0,0.0
0.3859699,0.0,0.37500185
0.4820876,0.0,0.5821192
0.64915967,0.0,0.02156088
0.38676208,0.0,0.3725288
0.56684405,1.0,0.6700771
0.67038596,1.0,0.26412308
0.42964315,0.0,0.0224741
0.6042159,0.0,0.42150518
0.6511081,0.0,0.40078324
0.7803797,0.0,0.0
0.7880369,0.0,0.0993501
0.6002268,0.0,0.68404216
0.70990586,0.0,0.15286653
0.46089232,0.0,0.40377778
0.72504926,0.0,0.26396298
0.7473312,0.0,0.0
0.72082174,0.0,0.1748053
0.70945543,0.0,0.4629732
0.714272,0.0,0.06739343
0.3829774,0.0,0.0
0.4870885,0.0,0.3300879
0.61164635,0.0,0.397836
0.5811765,0.0,0.080901206
0.724493,0.0,0.0077296426
0.64348274,0.0,0.5612377
0.5431175,1.0,0.481801
0.619701,1.0,0.29387146
0.6740801,1.0,0.7199022
0.6047669,1.0,0.19781256
0.5971704,0.0,0.1096079
0.78619295,1.0,0.17780401
0.84366274,1.0,0.096449405
0.7150947,0.0,0.0
0.72193485,0.0,0.14004196
0.6919219,0.0,0.0
0.7843156,0.0,0.10579865
0.6381195,0.0,0.23774412
0.6804541,0.0,0.20997542
0.83830994,0.0,0.0077141635
0.73372436,0.0,0.27499175
0.6513003,0.0,0.44205192
0.71576,0.0,0.00441551
0.6070002,0.0,0.40221563
0.5613103,0.0,0.3647731
0.5183446,0.0,0.09174883
0.7224296,0.0,0.42792884
0.6230717,0.0,0.213762
0.5533403,0.0,0.68015486
0.6722624,0.0,0.36224747
0.6214038,0.0,0.42796034
0.7672864,0.0,0.0865877
0.6803266,0.0,0.16146022
0.5013026,0.0,0.40507782
0.58815217,0.0,0.22738956
0.73262864,0.0,0.0
0.65808445,0.0,0.49667856
0.5748024,0.0,0.47691426
0.6468568,0.0,0.039527267
0.5755352,0.0,0.12637304
0.4843769,0.0,0.2961602
0.64493734,0.0,0.20481223
0.7583511,0.0,0.061960656
0.77154994,0.0,0.008013614
0.6891989,0.0,0.32242134
0.6742546,0.0,0.33522767
0.74623305,1.0,0.4254936
0.73112255,1.0,0.07909457
0.7622752,1.0,0.70373577
0.7237437,0.0,0.31495318
0.7641511,1.0,0.33225858
0.71167547,1.0,0.056303825
0.83562803,1.0,0.43255892
0.7053974,1.0,0.13464548
0.84162176,1.0,0.36158437
0.7275186,1.0,0.5818695
0.65214014,1.0,0.50884515
0.7811268,0.0,0.072481975
0.66443104,1.0,0.1672929
0.722238,0.0,0.27150244
0.741076,0.0,0.5279639
0.7171576,0.0,0.027547605
0.6961711,0.0,0.3731139
0.51348954,0.0,0.55062735
0.83467823,0.0,0.3594536
0.7582965,0.0,0.075931154
0.7426759,0.0,0.38998947
0.6517157,0.0,0.38010317
0.62157196,0.0,0.0933199
0.6683377,0.0,0.4973412
0.55205446,0.0,0.34697247
0.6063733,0.0,0.35321885
0.7324243,0.0,0.074682765
0.7257673,0.0,0.011493536
0.58917564,0.0,0.38208842
0.689861,0.0,0.57737815
0.7348068,0.0,0.012939101
0.72090846,0.0,0.051165625
0.5806475,0.0,0.34414604
0.6806247,1.0,0.4125791
0.82541,0.0,0.0013445776
0.75794244,0.0,0.16679569
0.566938,0.0,0.3034216
0.8122984,1.0,0.31178546
0.85118026,0.0,0.0032708577
0.74720436,1.0,0.30785102
0.66863614,1.0,0.5831508
0.84606946,1.0,0.3520483
0.7588765,1.0,0.02205759
0.6717833,0.0,0.07284744
0.6647817,0.0,0.3220855
0.69525135,1.0,0.34267202
0.6991706,0.0,0.0
0.69501966,1.0,0.18069977
0.6195089,1.0,0.6033206
0.3709457,0.0,0.108856775
0.57203,0.0,0.73373026
0.5566099,0.0,0.39247867
0.5967137,0.0,0.027019538
0.3853554,0.0,0.44296378
0.57647437,0.0,0.3781378
0.5817295,0.0,0.12257793
0.5985197,0.0,0.11006981
0.4398943,0.0,0.368951
0.46189305,0.0,0.5375432
0.5728625,0.0,0.690258
0.503794,0.0,1.0
0.58188653,1.0,0.20600334
0.36215794,1.0,0.22684492
0.8295691,0.0,0.0046967333
0.46541417,1.0,0.12633601
0.784003,0.0,0.010001079
0.4908519,0.0,0.09706325
0.7042652,0.0,0.019472789
0.5743185,0.0,0.25570217
0.6783108,0.0,0.3197104
0.72897106,0.0,0.55716777
0.75795174,0.0,0.40545925
0.7466113,0.0,0.0
0.6096011,0.0,0.26541898
0.765982,0.0,0.036157694
0.7660983,0.0,0.0014402554
0.6371888,0.0,0.057071984
0.6343933,0.0,0.39476785
0.72428507,0.0,0.014297508
0.75837994,0.0,0.007150926
0.5123988,0.0,0.2647792
0.68788457,0.0,0.15333258
0.62049407,0.0,0.4742519
0.70293665,0.0,0.20941183
0.6682846,0.0,0.60725605
0.7112256,1.0,0.6786499
0.6571226,1.0,0.6126836
0.8072349,1.0,0.34797502
0.5842041,1.0,0.3849994
0.78707886,1.0,0.096887805
0.6125969,1.0,0.49259683
0.8342809,0.0,0.13632976
0.61662966,0.0,0.5860283
0.5433996,0.0,0.63369584
0.8074403,0.0,0.088031776
0.6262606,1.0,0.36703795
0.8399989,0.0,0.0
0.5779856,1.0,0.2563769
0.7829905,0.0,0.025075046
0.78705895,1.0,0.33838817
0.7387032,1.0,0.07545581
0.7305926,1.0,0.4866696
0.6824737,1.0,0.29263496
0.72896975,1.0,0.30930066
0.6980999,0.0,0.42383108
0.6107503,0.0,0.43414015
0.6587682,0.0,0.53214025
0.5777928,0.0,0.32867685
0.75602144,0.0,0.0
0.6372693,1.0,0.09840183
0.816016,0.0,0.003464071
0.71556884,1.0,0.047147885
0.81458,0.0,0.0015268996
0.8008905,1.0,0.33273736
0.7655262,1.0,0.06903557
0.68144596,1.0,0.3679026
0.6927799,1.0,0.46220836
0.7538376,1.0,0.81886023
0.5888245,0.0,0.4935987
0.7409266,0.0,0.14943781
0.8195189,0.0,0.0065135914
0.5805788,0.0,0.024717983
0.71489686,0.0,0.4327896
0.7383597,0.0,0.0
0.7325595,0.0,0.0
0.6990305,0.0,0.28730348
0.56774247,1.0,0.45557883
0.7149073,0.0,0.043583278
0.7435237,0.0,0.0022116473
0.7122818,0.0,0.30327123
0.563908,0.0,0.40562347
0.73441076,0.0,0.026245447
0.75390965,0.0,0.067363776
0.5804636,0.0,0.4555234
0.70784086,0.0,0.14236754
0.45199817,0.0,0.5758921
0.69473726,0.0,0.035566825
0.55185974,0.0,0.8046292
0.71336424,0.0,0.40750715
0.68243164,0.0,0.25407836
0.7344335,0.0,0.5434158
0.62467664,0.0,0.40732965
0.7582009,0.0,0.12934774
0.6602617,0.0,0.05755203
0.63286555,0.0,0.4756495
0.65928316,0.0,0.46053725
0.674079,0.0,0.5310018
0.8629168,0.0,0.019462312
0.5760998,0.0,0.3504909
0.86239,0.0,0.031118855
0.5756426,0.0,0.34774098
0.8664547,0.0,0.03913985
0.5754171,1.0,0.3389697
0.7928672,0.0,0.0042305784
0.6850607,1.0,0.26335797
0.8029768,1.0,0.34393448
0.670626,0.0,0.0
0.66662896,0.0,0.24500135
0.74330163,0.0,0.012146227
0.509239,0.0,0.77860343
0.7615513,0.0,0.4960608
0.6759878,0.0,0.14108965
0.6028783,0.0,0.29689148
0.5090489,0.0,0.509071
0.6013364,0.0,0.087948635
0.807662,0.0,0.0
0.6550392,0.0,0.19986323
0.51970017,0.0,0.43075415
0.7723798,0.0,0.0
0.7963054,0.0,0.0
0.642006,0.0,0.40280977
0.60170794,0.0,0.3928231
0.808782,0.0,0.14547835
0.6321604,0.0,0.5639647
0.6822458,0.0,0.03530915
0.43315846,0.0,0.63881946
0.7968314,0.0,0.092669815
0.63270515,0.0,0.38634402
0.700369,0.0,0.098742425
0.70674974,0.0,0.45673358
0.72385967,0.0,0.40236732
0.6455568,1.0,0.48158938
0.71978396,1.0,0.51630384
0.62435514,1.0,0.3786694
0.8520299,0.0,0.040588424
0.5003825,0.0,0.07620005
0.8483173,0.0,0.0
0.47972745,0.0,0.24335413
0.6759076,0.0,0.019147312
0.5218325,0.0,0.38465253
0.54224837,0.0,0.13217053
0.60707945,0.0,0.43565145
0.78342575,0.0,0.09793091
0.64664125,0.0,0.27704418
0.76619947,0.0,0.04839967
0.60982496,0.0,0.1796443
0.71580595,0.0,0.10155157
0.82322836,0.0,0.012307917
0.82847506,0.0,0.0001373348
0.5101325,0.0,0.0595771
0.5803567,0.0,0.028696422
0.70884603,0.0,0.0011150278
0.6144438,0.0,0.069972716
0.6569736,0.0,0.083382465
0.85537964,0.0,0.0
0.64851415,0.0,0.0027807988
0.6120633,0.0,0.29500738
0.73918396,0.0,0.2795008
0.7232721,0.0,0.027052393
0.7309184,0.0,0.5343169
0.5572204,0.0,0.7892976
0.69584745,0.0,0.4867813
0.66406304,0.0,0.49459863
0.7954025,0.0,0.12416414
0.751972,0.0,0.66799796
0.63515687,0.0,0.47029015
0.59125364,0.0,0.12897865
0.71944714,0.0,0.043263517
0.6126089,0.0,0.55879027
0.7453197,0.0,0.68702745
0.69628376,0.0,0.06769889
0.6908032,0.0,0.12531821
0.6465682,0.0,0.612211
0.7581803,0.0,0.6121245
0.48347265,0.0,0.028048044
0.6515119,0.0,0.6600711
0.6294847,0.0,0.13182828
0.6453464,0.0,0.2921755
0.6474528,0.0,0.5885557
0.643302,0.0,0.45675558
0.57165927,0.0,0.07707355
0.56170017,0.0,0.53483635
0.5674493,1.0,0.84034467
0.42742208,0.0,0.5556134
0.58080804,1.0,0.54203427
0.4202482,0.0,0.53613484
0.38185245,0.0,0.6690655
0.4952896,1.0,0.6667337
0.71449584,1.0,0.79569906
0.48251465,0.0,0.29406205
0.4690591,0.0,0.6283288
0.42496485,1.0,0.4163894
0.47190553,0.0,0.97454953
0.61075485,0.0,0.7467324
0.3673573,0.0,0.45658776
0.64833903,0.0,0.06586456
0.6618939,0.0,0.053502243
0.45704573,0.0,0.68505234
0.5565192,0.0,0.6765375
0.5652351,0.0,0.20766547
0.5164723,0.0,0.3552806
0.61950964,0.0,0.41618198
0.7681297,0.0,0.14582628
0.66811603,0.0,0.15284626
0.68183094,0.0,0.18578403
0.8083289,0.0,0.0
0.7739397,0.0,0.0077437325
0.6999881,0.0,0.09475785
0.84268516,0.0,0.05728497
0.79637694,0.0,0.05142621
0.73251384,0.0,0.030904211
0.5983828,0.0,0.3342532
0.675638,0.0,0.00024187162
0.6590571,0.0,0.009384689
0.7651604,0.0,0.006060282
0.3663471,0.0,0.23053432
0.7475611,0.0,0.0007856999
0.57730466,0.0,0.006781643
0.6617663,0.0,0.19877253
0.7715599,0.0,0.19155641
0.8234342,0.0,0.008131143
0.5153155,0.0,0.14844087
0.6212549,0.0,0.59778845
0.68733597,0.0,0.34830955
0.6636975,0.0,0.25432363
0.56769997,0.0,0.39577726
0.6449009,0.0,0.6712337
0.55802745,0.0,0.4599005
0.65548354,0.0,0.15319847
0.8203854,0.0,0.014736617
0.6879244,0.0,0.0
0.77822375,0.0,0.027486451
0.79881245,0.0,0.0075627347
0.7303197,0.0,0.044550106
0.7800755,0.0,0.021609152
0.78223866,0.0,0.028540641
0.7088661,0.0,0.016043833
0.7781758,0.0,0.0057914536
0.72090936,0.0,0.0014360351
0.8074575,0.0,0.04121502
0.8737379,0.0,0.009749459
0.8107506,0.0,0.0045875725
0.85048264,0.0,0.0
0.83664244,0.0,0.013553587
0.8765395,0.0,0.00047373382
0.74269164,0.0,0.019573571
0.7059645,0.0,0.14199774
0.80398446,0.0,0.0
0.85441387,0.0,0.03622705
0.6960079,0.0,0.4902441
0.7709754,0.0,0.47331485
0.6668458,0.0,0.46834597
0.716675,0.0,0.016903123
0.64532095,0.0,0.07681033
0.5785377,0.0,0.26363328
0.53331083,0.0,0.14559726
0.8190867,0.0,0.0
0.7640181,0.0,0.01478267
0.46203992,0.0,0.3207588
0.3995012,0.0,0.15643238
0.76164764,0.0,0.0
0.6622975,0.0,0.10312053
0.81000155,0.0,0.00021194106
0.5321118,0.0,0.35173488
0.6916156,0.0,0.2935205
0.6997459,0.0,0.0
0.7301365,0.0,0.2452616
0.6290318,0.0,0.6292652
0.6594846,0.0,0.39705262
0.57587504,0.0,0.11756678
0.7104997,0.0,0.79622096
0.67913264,0.0,0.5829986
0.8077458,0.0,0.057734918
0.76175517,0.0,0.42509153
0.83978885,0.0,0.41017115
0.7680633,0.0,0.3468237
0.79026794,0.0,0.08856874
0.84486175,0.0,0.00021752756
0.8187433,0.0,0.044601597
0.6212743,0.0,0.31840456
0.7855808,0.0,0.041794688
0.80476207,0.0,4.137861e-05
0.63176334,0.0,0.3516911
0.6057735,0.0,0.584193
0.8337383,0.0,0.013331486
0.7541245,0.0,0.06835794
0.7083642,0.0,0.44526783
0.7293721,0.0,0.16971473
0.8288664,0.0,0.0036295194
0.8144529,0.0,0.18719472
0.7333633,0.0,0.34166664
0.7535867,0.0,0.81901246
0.8580855,0.0,0.1366638
0.80186075,0.0,0.68940747
0.7535172,0.0,0.28967318
0.7331701,0.0,0.06478369
0.70684165,0.0,0.18604775
0.833571,0.0,0.042349562
0.75324583,0.0,0.31746763
0.8082242,0.0,0.21957994
0.87533635,0.0,0.012367414
0.69942397,0.0,0.053151026
0.8084779,0.0,0.084269956
0.84921306,0.0,0.0
0.6879021,0.0,0.008837644
0.7866784,0.0,0.0007133484
0.5934106,0.0,0.08415349
0.43341675,0.0,0.4707422
0.47856522,0.0,0.49194017
0.7720594,0.0,0.15792772
0.58982825,0.0,0.40849292
0.7786776,0.0,0.10557716
0.6691927,0.0,0.30344576
0.5571502,0.0,0.6079653
0.6299751,0.0,0.45028824
0.7599284,0.0,0.006834185
0.59162956,0.0,0.26732957
0.5129274,0.0,0.25436774
0.5128228,0.0,0.26783088
0.8422047,0.0,0.0
0.54489934,0.0,0.39545116
0.37469375,0.0,0.3738451
0.72619283,0.0,0.16273576
0.6310007,0.0,0.026162194
0.69428146,0.0,0.38601926
0.7576523,0.0,0.056137107
0.67436236,0.0,0.30895677
0.67895806,0.0,0.019758904
0.59876645,0.0,0.24275532
0.5020973,0.0,0.5757673
0.8170868,0.0,0.031772595
0.79223704,0.0,0.12148147
0.6540622,0.0,0.02264677
0.6356151,0.0,0.50292045
0.71636355,0.0,0.29115003
0.6010727,0.0,0.6416562
0.57240987,0.0,0.4809416
0.54018325,0.0,0.10212332
0.58516,0.0,0.13513337
0.44952753,0.0,0.36122462
0.37913796,0.0,0.62134725
0.725526,0.0,0.038219046
0.7828346,0.0,0.064595245
0.44590533,0.0,0.39523974
0.5274747,0.0,0.40876737
0.6205864,0.0,0.00398887
0.55621994,0.0,0.2835883
0.4409149,0.0,0.7086462
0.7102313,0.0,0.18181224
0.68746096,0.0,0.0023758237
0.5668197,0.0,0.43841746
0.54966193,0.0,0.2441262
0.7645108,0.0,0.23778579
0.6803054,0.0,0.031534858
0.48312303,0.0,0.5542138
0.67827153,0.0,0.34397
0.79919744,0.0,0.006762
0.7741729,0.0,0.006804771
0.63039565,0.0,0.34951255
0.6636683,0.0,0.828771
0.68220013,0.0,0.109025694
0.77888685,0.0,0.46586514
0.7068098,0.0,0.49727282
0.7217983,0.0,0.5690876
0.72314745,0.0,0.03723856
0.685592,0.0,0.19897701
0.8615605,0.0,0.0
0.83671415,0.0,0.0
0.8126749,0.0,0.019515622
0.81842947,0.0,0.008384438
0.83113164,0.0,0.001002843
0.7541914,0.0,0.017254818
0.85194635,0.0,0.043420576
0.81581795,0.0,0.02615199
0.70736694,0.0,0.016063105
0.60003483,0.0,0.21185999
0.7472093,0.0,0.046977043
0.6779735,0.0,0.17079818
0.78393525,0.0,0.010959064
0.7693537,0.0,0.51698923
0.5260743,0.0,0.16070594
0.43715987,0.0,0.16162808
0.69523036,0.0,0.015022436
0.7311737,0.0,0.08415245
0.68695337,1.0,0.38057816
0.6179662,1.0,0.5932993
0.8302186,1.0,0.19363227
0.6399618,1.0,0.19178161
0.59366643,1.0,0.2890354
0.61246985,1.0,0.538379
0.5841145,0.0,0.10810291
0.44767424,0.0,0.37217602
0.666195,0.0,0.0
0.6951781,1.0,0.3291862
0.8163822,0.0,0.18286936
0.65160793,0.0,0.30417845
0.61367023,0.0,0.5656447
0.54271203,0.0,0.69737345
0.6734868,0.0,0.4039452
0.72136605,0.0,0.38331336
0.67164433,0.0,0.27702278
0.4280598,0.0,0.45686495
0.6852173,0.0,0.054376163
0.43241316,0.0,0.31122103
0.78079545,0.0,0.0
0.84937143,0.0,0.0
0.6747413,1.0,0.16479233
0.7388317,0.0,0.0
0.44202372,0.0,0.22077231
0.7311162,0.0,0.05314042
0.7060017,0.0,0.49190015
0.6764396,0.0,0.03390632
0.6907519,0.0,0.29227456
0.79832983,0.0,0.12760504
0.6396686,0.0,0.0917107
0.5993828,0.0,0.5460018
0.7124186,0.0,0.044793002
0.45764944,0.0,0.68468064
0.6037039,0.0,0.55221695
0.762512,0.0,0.03377689
0.55634266,0.0,0.33731776
0.78515804,0.0,0.023822142
0.6884384,1.0,0.25528196
0.71814865,0.0,0.005577006
0.7798336,0.0,0.016132774
0.46919972,0.0,0.03494439
0.7068394,0.0,0.015781878
0.69402075,0.0,0.2384697
0.76379764,0.0,0.0120405005
0.75722724,0.0,0.3075271
0.791406,0.0,0.18159576
0.68682814,0.0,0.1983746
0.85692966,0.0,5.2772924e-05
0.6788034,0.0,0.0061656334
0.7838422,0.0,0.0
0.83345807,0.0,0.007640665
0.7915346,0.0,0.0014279825
0.79224735,0.0,0.0059769736
0.5961048,0.0,0.021634672
0.7004838,0.0,0.015968693
0.7121006,1.0,0.4350194
0.5596236,1.0,0.5361511
0.76562804,0.0,0.25603005
0.6519934,0.0,0.54210556
0.6464512,0.0,0.105803505
0.5487076,0.0,0.09185832
0.46666086,0.0,0.6558835
0.4817139,0.0,0.31990603
0.7579647,0.0,0.0013372479
0.62550217,0.0,0.017828815
0.5239223,0.0,0.44944653
0.40931684,0.0,0.36657894
0.7990956,0.0,0.009582471
0.72666353,0.0,0.266794
0.5699296,0.0,0.09134451
0.5137283,0.0,0.50149953
0.6089449,0.0,0.08342486
0.8249115,0.0,0.060555883
0.5963791,0.0,0.14908572
0.4699735,0.0,0.34364152
0.5125123,0.0,0.011252669
0.36966598,0.0,0.3307698
0.4675906,0.0,0.63224614
0.65791744,0.0,0.39416215
0.7533875,0.0,0.11197474
0.62709045,1.0,0.3802868
0.52116096,0.0,0.46147838
0.59905493,1.0,0.36944357
0.42525876,0.0,0.22461802
0.47046632,0.0,0.082951985
0.5320042,1.0,0.17937414
0.80382013,0.0,0.00045902995
0.6884773,0.0,0.053181387
0.6846641,0.0,0.0011303534
0.7088838,0.0,0.0
0.6531545,0.0,0.27292794
0.7868488,0.0,0.0340093
0.43217766,0.0,0.4184644
0.72877866,0.0,0.0
0.53681475,0.0,0.4362299
0.65568817,0.0,0.15248041
0.39847592,0.0,0.41663963
0.5909308,0.0,0.12416675
0.51637083,0.0,0.29275447
0.8089839,0.0,0.0
0.4609221,0.0,0.030219277
0.39059672,0.0,0.34536347
0.5155285,0.0,0.0
0.7666955,0.0,0.0
0.40408927,0.0,0.23219523
0.56855637,0.0,0.5918189
0.75497013,0.0,0.16271546
0.6625512,0.0,0.25866243
0.77530044,0.0,0.00057158316
0.56430036,0.0,0.5102262
0.6438926,0.0,0.29996222
0.7694339,0.0,0.010876201
0.7043533,0.0,0.103321254
0.7358807,0.0,0.3275711
0.58887964,0.0,0.35694122
0.50863034,0.0,0.61138266
0.7110325,0.0,0.1530204
0.814702,0.0,0.31003946
0.8602093,0.0,0.04714718
0.5672967,0.0,0.45104715
0.7808733,0.0,0.19535956
0.7730315,0.0,0.0
0.63774586,0.0,0.020452278
0.53296006,0.0,0.5609635
0.6167611,0.0,0.30418345
0.675878,0.0,0.5067468
0.66744006,0.0,0.007272279
0.60753644,0.0,0.044929236
0.57891047,0.0,0.027795536
0.57346344,0.0,0.34124604
0.7086071,0.0,0.14389405
0.8169008,0.0,0.004920061
0.4482345,0.0,0.05882007
0.750335,0.0,0.022291416
0.35747445,0.0,0.0974301
0.7219871,0.0,0.10103301
0.48121482,0.0,0.08523402
0.7298737,0.0,0.0123675205
0.4272165,0.0,0.20018129
0.8643645,0.0,0.006748253
0.6261323,0.0,0.18097857
0.6957924,0.0,0.08423059
0.52747273,0.0,0.07328314
0.75322294,0.0,0.0
0.7541441,0.0,0.0017625793
0.4026546,0.0,0.087138265
0.7475067,0.0,0.18202506
0.61945176,0.0,0.6315251
0.6841418,0.0,0.50588524
0.7607654,0.0,0.6624487
0.724364,0.0,0.1903916
0.5699932,1.0,0.669716
0.7902718,1.0,0.6637891
0.72310984,1.0,0.6567706
0.8374166,1.0,0.33867785
0.77347964,1.0,0.24393666
0.69512314,1.0,0.3221661
0.7917196,1.0,0.8598034
0.7228675,1.0,0.57045776
0.6821502,1.0,0.20548277
0.66485757,1.0,0.62294567
0.7026756,1.0,0.3328796
0.66633517,1.0,0.50700194
0.71221364,0.0,0.20846933
0.3630531,0.0,0.10612309
0.8235912,0.0,0.0
0.8310745,0.0,0.1760939
0.53560406,1.0,0.20401482
0.6507192,0.0,0.0977684
0.773144,0.0,0.0
0.83904135,0.0,0.0015013532
0.790782,0.0,0.0
0.8025142,0.0,0.0006058722
0.7616318,0.0,0.0
0.7166707,0.0,0.090321824
0.55706143,0.0,0.00044453036
0.444072,0.0,0.31679773
0.58229464,0.0,0.53797174
0.7099007,0.0,0.040865485
0.7105319,0.0,0.23198865
0.713692,0.0,0.010530187
0.6493798,0.0,0.029665591
0.79571664,0.0,0.0010510918
0.73054343,0.0,0.018056333
0.8212637,0.0,0.0012095452
0.68869305,0.0,0.0
0.42321303,0.0,0.034519333
0.8031147,0.0,0.0
0.8288518,0.0,0.07934428
0.6817285,0.0,0.08840895
0.7112876,0.0,0.071407326
0.5331981,0.0,0.52404314
0.5942635,0.0,0.36712268
0.5529879,0.0,0.37741596
